word,collocation,collocationPinyin,collocationMeaning,sentenceChinese,sentencePinyin,sentenceMeaning,source
一下,等一下,děng yīxià,đợi một lát,请等一下。,Qǐng děng yīxià.,Xin hãy đợi một lát.,hsk_1.json
一下,看一下,kàn yīxià,xem một chút,我来看一下。,Wǒ lái kàn yīxià.,Để tôi xem một chút.,hsk_1.json
一下,看一下,kàn yīxià,xem một chút,我看一下。,wǒ kàn yī xià,Để tôi xem một chút.,hsk_2.json
一下,看一下,kàn yīxià,xem một chút,看一下,kàn yī xià,Xem một chút,new_hsk_1.json
一定,一定要,yī dìng yào,nhất định phải,七郎暗暗下定决心一定要杀死“夕”，果然他做到了。,qī láng àn àn xià dìng jué xīn yī dìng yào shā sǐ xī guǒ rán tā zuò dào le,"Thất Lang âm thầm quyết tâm nhất định phải giết chết “Tịch”, quả nhiên anh ấy đã làm được.",hsk_4.json
一定,一定要,yī dìng yào,nhất định phải,作为一名老师，一定要对学生负责。,zuò wèi yī míng lǎo shī yī dìng yào duì xué shēng fù zé,"Với tư cách là một giáo viên, nhất định phải có trách nhiệm với học sinh.",hsk_5.json
一样,一样,yīyàng,giống nhau,我们一样,Wǒmen yīyàng,Chúng tôi giống nhau,hsk_1.json
一样,一样,yīyàng,giống nhau,这两个一样,Zhè liǎng gè yīyàng,Hai cái này giống nhau,hsk_1.json
一样,一样,yīyàng,giống nhau,一样吗？,Yīyàng ma?,Giống nhau không?,hsk_1.json
一样,我们一样,wǒmen yīyàng,chúng tôi giống nhau,我们一样,Wǒmen yīyàng,Chúng tôi giống nhau,hsk_1.json
一样,这两个一样,zhè liǎng gè yīyàng,hai cái này giống nhau,这两个一样,Zhè liǎng gè yīyàng,Hai cái này giống nhau,hsk_1.json
一直,一直,yī zhí,thẳng,一直往前走,yī zhí wǎng qián zǒu,Đi thẳng về phía trước,hsk_1.json
一直,一直,yī zhí,thẳng,一直在学习,yī zhí zài xué xí,Luôn luôn học tập,hsk_1.json
一直,一直,yī zhí,thẳng,我早就复习好了。那也不能一直玩儿吧。,wǒ zǎo jiù fù xí hǎo le nà yě bù néng yī zhí wán ér ba,Tôi đã ôn tập xong từ lâu rồi. Vậy cũng không thể chơi suốt được.,hsk_3.json
一般,一般,yī bān,thông thường,一般情况,yī bān qíng kuàng,Tình huống thông thường,hsk_1.json
一般,一般,yī bān,thông thường,一般来说，熊猫每天要睡很多次觉。,yī bān lái shuō xióng māo měi tiān yào shuì hěn duō cì jué,"Thông thường mà nói, gấu trúc mỗi ngày phải ngủ rất nhiều lần.",new_hsk_3.json
一般,一般,yī bān,thông thường,一般来说，学习外语需要多练习。,yī bān lái shuō xué xí wài yǔ xū yào duō liàn xí,"Thông thường, học ngoại ngữ cần phải luyện tập nhiều.",new_hsk_3.json
一起,一起,yīqǐ,chung với nhau,我们一起去,Wǒmen yīqǐ qù,Chúng tôi đi cùng nhau,hsk_1.json
一起,一起,yīqǐ,chung với nhau,和你一起学习,hé nǐ yīqǐ xuéxí,học cùng bạn,hsk_1.json
一起,一起,yīqǐ,chung với nhau,住在一起,zhù zài yīqǐ,sống cùng nhau,hsk_1.json
一起,一起吃饭,yīqǐ chīfàn,ăn cùng nhau,一起吃饭,yīqǐ chīfàn,ăn cùng nhau,hsk_1.json
一起,住在一起,zhù zài yīqǐ,sống cùng nhau,住在一起,zhù zài yīqǐ,sống cùng nhau,hsk_1.json
上升,水平上升,shuǐpíng shàngshēng,trình độ tăng lên,这几年，他的汉语水平上升很快。,"Zhè jǐ nián, tā de Hànyǔ shuǐpíng shàngshēng hěn kuài.","Những năm gần đây, trình độ tiếng Trung của anh ấy tăng lên rất nhanh.",hsk_3.json
上午,上午好,shàngwǔ hǎo,chào buổi sáng,上午好,Shàngwǔ hǎo,Chào buổi sáng,hsk_1.json
上午,今天上午,jīntiān shàngwǔ,sáng hôm nay,今天上午,Jīntiān shàngwǔ,sáng hôm nay,hsk_1.json
上午,上午,shàngwǔ,buổi sáng,我上午去上班,Wǒ shàngwǔ qù shàngbān,Sáng tôi đi làm,hsk_1.json
上午,上午,shàngwǔ,buổi sáng,上午好,Shàngwǔ hǎo,Chào buổi sáng,hsk_1.json
上午,上午,shàngwǔ,buổi sáng,今天上午,Jīntiān shàngwǔ,sáng hôm nay,hsk_1.json
上去,跑上去,pǎo shàngqu,chạy lên,请跑上去。,Qǐng pǎo shàngqu.,Làm ơn chạy lên trên.,hsk_2.json
上去,走上去,zǒu shàngqu,đi lên,他走上去了。,Tā zǒu shàngqu le.,Anh ấy đã đi lên rồi.,hsk_2.json
上去,走上去,zǒu shàngqu,đi lên,楼不高，我们走上去吧。,lóu bù gāo wǒ men zǒu shàng qù ba,"Lầu không cao, chúng ta đi bộ lên đi.",new_hsk_2.json
上学,去上学,qù shàngxué,đi đi học,孩子们都去上学了。,Háizimen dōu qù shàngxué le.,Các đứa trẻ đều đi học rồi.,hsk_1.json
上来,跑上来,pǎo shànglái,chạy lên đây,他从楼下跑上来了。,Tā cóng lóu xià pǎo shànglái le.,Anh ấy chạy lên đây từ dưới tầng.,hsk_2.json
上来,跑上来,pǎo shànglái,chạy lên đây,她经常跑上来找我玩儿。,tā jīng cháng pǎo shàng lái zhǎo wǒ wán ér,Cô ấy thường xuyên chạy lên đây tìm tôi chơi.,new_hsk_2.json
上次,上次,shàng cì,lần trước,上次我们在哪里见面？,Shàngcì wǒmen zài nǎli jiànmiàn?,Lần trước chúng ta gặp nhau ở đâu?,hsk_1.json
上次,上次,shàng cì,lần trước,上次你说什么？,Shàngcì nǐ shuō shénme?,Lần trước bạn nói gì?,hsk_1.json
上次,上次,shàng cì,lần trước,我上次去过中国。,Wǒ shàngcì qùguo Zhōngguó.,Lần trước tôi đã đến Trung Quốc.,hsk_1.json
上班,去上班,qù shàngbān,đi làm,因为我生病了，今天没去上班。,yīn wèi wǒ shēng bìng le jīn tiān méi qù shàng bān,Vì tôi bị bệnh nên hôm nay không đi làm.,new_hsk_2.json
上班,去上班,qù shàngbān,đi làm,爸爸很快地吃完早饭，就去上班了。,bà bà hěn kuài dì chī wán zǎo fàn jiù qù shàng bān le,Bố ăn xong bữa sáng rất nhanh rồi đi làm luôn.,new_hsk_2.json
上网,上网聊天,shàngwǎng liáotiān,trò chuyện trên mạng,他喜欢上网聊天,Tā xǐhuān shàngwǎng liáotiān,Anh ấy thích lên mạng trò chuyện,hsk_1.json
上述,上述问题,shàngshù wèntí,vấn đề nêu trên,上述问题,shàngshù wèntí,Vấn đề nêu trên,hsk_3.json
上述,上述内容,shàngshù nèiróng,nội dung nêu trên,上述内容,shàngshù nèiróng,Nội dung nêu trên,hsk_3.json
上述,根据上述,gēnjù shàngshù,theo nêu trên,根据上述,Gēnjù shàngshù,Theo nêu trên,hsk_3.json
下午,下午好,xiàwǔ hǎo,chào buổi chiều,下午好,Xiàwǔ hǎo,Chào buổi chiều,hsk_1.json
下午,今天下午,jīntiān xiàwǔ,chiều hôm nay,今天下午,Jīntiān xiàwǔ,chiều hôm nay,hsk_1.json
下午,下午,xiàwǔ,buổi chiều,我下午去学校,Wǒ xiàwǔ qù xuéxiào,Chiều tôi đến trường,hsk_1.json
下午,下午,xiàwǔ,buổi chiều,下午好,Xiàwǔ hǎo,Chào buổi chiều,hsk_1.json
下午,下午,xiàwǔ,buổi chiều,今天下午,Jīntiān xiàwǔ,chiều hôm nay,hsk_1.json
下去,走下去,zǒu xiàqu,đi xuống,请走下去。,Qǐng zǒu xiàqu.,Làm ơn đi xuống.,hsk_2.json
下去,走下去,zǒu xiàqu,đi xuống,电梯坏了，看来咱们只能走下去了。,diàn tī huài le kàn lái zán men zhǐ néng zǒu xià qù le,"Thang máy hỏng rồi, xem ra chúng ta chỉ có thể đi bộ xuống thôi.",new_hsk_3.json
下去,跑下去,pǎo xiàqu,chạy xuống,他跑下去了。,Tā pǎo xiàqu le.,Anh ấy đã chạy xuống rồi.,hsk_2.json
下来,走下来,zǒu xiàlái,đi xuống đây,他从楼上走下来了。,Tā cóng lóu shàng zǒu xiàlái le.,Anh ấy đi xuống đây từ trên tầng.,hsk_2.json
下次,下次再,xiàcì zài,lần sau nữa,下次再见。,Xiàcì zàijiàn.,Hẹn gặp lại lần sau.,hsk_1.json
下次,下次再,xiàcì zài,lần sau nữa,下次再来吧。,Xiàcì zài lái ba.,Lần sau hãy đến lại nhé.,hsk_1.json
下车,下车,xià chē,xuống xe,我们在哪里下车？,Wǒmen zài nǎli xiàchē?,Chúng tôi xuống xe ở đâu?,hsk_1.json
下车,下车,xià chē,xuống xe,下一站下车。,Xià yí zhàn xiàchē.,Xuống xe ở trạm tiếp theo.,hsk_1.json
下车,下车,xià chē,xuống xe,请小心下车。,Qǐng xiǎoxīn xiàchē.,Xin vui lòng xuống xe cẩn thận.,hsk_1.json
不停,不停地,bùtíng de,không ngừng,雨不停地下着。,Yǔ bùtíng de xiàzhe.,Mưa không ngừng rơi.,hsk_1.json
不停,不停地,bùtíng de,không ngừng,他不停地说话。,Tā bùtíng de shuōhuà.,Anh ấy nói chuyện không ngừng.,hsk_1.json
不停,不停地,bùtíng de,không ngừng,孩子们不停地笑。,Háizimen bùtíng de xiào.,Bọn trẻ不停地 cười.,hsk_1.json
不同,不同,bù tóng,khác nhau,我们有很多不同,wǒ men yǒu hěn duō bù tóng,Chúng tôi có nhiều khác biệt,hsk_1.json
不同,不同,bù tóng,khác nhau,不同的文化,bù tóng de wén huà,Văn hóa khác nhau,hsk_1.json
不同,不同,bù tóng,khác nhau,他们的性格虽然不同，但是兴趣爱好差不多。,tā men de xìng gé suī rán bù tóng dàn shì xīng qù ài hǎo chà bù duō,"Tuy tính cách của họ khác nhau, nhưng sở thích thì gần giống nhau.",hsk_4.json
不够,钱不够,qián bù gòu,thiếu tiền,钱不够,qián bù gòu,Tiền không đủ,hsk_2.json
不够,时间不够,shí jiān bù gòu,thiếu thời gian,时间不够,shí jiān bù gòu,Thời gian không đủ,hsk_2.json
不够,时间不够,shí jiān bù gòu,thiếu thời gian,一来路远，二来时间不够。,yī lái lù yuǎn èr lái shí jiān bù gòu,"Một là đường xa, hai là thời gian không đủ.",hsk_5.json
不够,还不够,hái bù gòu,vẫn chưa đủ,还不够,hái bù gòu,Vẫn chưa đủ,hsk_2.json
不大,不大不小,bù dà bù xiǎo,vừa phải,不大不小的房间正好。,Bù dà bù xiǎo de fángjiān zhènghǎo.,Căn phòng không lớn không nhỏ vừa phải.,hsk_1.json
不安,感到不安,gǎndào bù'ān,cảm thấy bất an,请不要为此感到不安。,Qǐng bùyào wèi cǐ gǎndào bù'ān.,Xin đừng vì việc này mà cảm thấy bất an.,hsk_3.json
不安,感到不安,gǎndào bù'ān,cảm thấy bất an,他对未来的工作感到不安。,Tā duì wèilái de gōngzuò gǎndào bù'ān.,Anh ấy lo âu về công việc trong tương lai.,hsk_3.json
不少,不少人,bù shǎo rén,nhiều người,不少人,bù shǎo rén,Không ít người/nhiều người,hsk_2.json
不少,不少钱,bù shǎo qián,không ít tiền,花了不少钱,huā le bù shǎo qián,Tiêu không ít tiền,hsk_2.json
不少,不少钱,bù shǎo qián,không ít tiền,今天买的东西太多了。再说，这个月家里已经花了不少钱了。,jīn tiān mǎi de dōng xī tài duō le zài shuō zhè gè yuè jiā lǐ yǐ jīng huā le bù shǎo qián le,"Hôm nay mua quá nhiều đồ rồi. Hơn nữa, tháng này trong nhà đã tiêu không ít tiền rồi.",hsk_4.json
不屑,不屑一顾,bù xiè yī gù,không thèm liếc mắt,他对这种小事不屑一顾。,Tā duì zhè zhǒng xiǎoshì bù xiè yī gù.,Anh ta coi việc nhỏ nhặt này không đáng liếc mắt tới.,hsk_3.json
不屑,不屑于,bù xiè yú,không thèm làm,他们不屑于使用这种手段。,Tāmen bù xiè yú shǐyòng zhè zhǒng shǒuduàn.,Họ coi việc dùng thủ đoạn đó là hạ thấp bản thân.,hsk_3.json
不断,不断发展,bùduàn fāzhǎn,liên tục phát triển,科技在不断发展。,Kējì zài bùduàn fāzhǎn.,Khoa học công nghệ liên tục phát triển.,hsk_3.json
不满,感到不满,gǎn dào bù mǎn,cảm thấy bất mãn,大家都感到不满。,dà jiā dōu gǎn dào bù mǎn。,Mọi người đều cảm thấy bất mãn.,hsk_2.json
不用,不用谢,bùyòng xiè,không cần cảm ơn,不用谢,Bùyòng xiè,Không cần cảm ơn/Đừng khách sáo,hsk_1.json
不用,不用了,bùyòngle,không cần đâu,不用了,Bùyòngle,Không cần đâu/Được rồi (từ chối đề nghị),hsk_1.json
不见,关于不见,guānyú 不见,về biến mất,关于不见,Guānyú 不见,Về biến mất,hsk_3.json
专业,很专业,hěn zhuānyè,rất chuyên nghiệp,她是一个很专业的医生。,Tā shì yīgè hěn zhuānyè de yīshēng.,Cô ấy là một bác sĩ rất chuyên nghiệp.,hsk_1.json
专业,很专业,hěn zhuānyè,rất chuyên nghiệp,他在这个领域很专业。,Tā zài zhège lǐngyù hěn zhuānyè.,Anh ấy rất chuyên môn trong lĩnh vực này.,hsk_1.json
专业,专业人员,zhuānyè rényuán,nhân viên chuyên môn,我们需要专业人员的帮助。,Wǒmen xūyào zhuānyè rényuán de bāngzhù.,Chúng tôi cần sự giúp đỡ của nhân viên chuyên môn.,hsk_1.json
专家,请专家,qǐng zhuānjiā,mời chuyên gia,请专家来解决问题。,Qǐng zhuānjiā lái jiějué wèntí.,Mời chuyên gia đến giải quyết vấn đề.,hsk_3.json
专门,专门研究,zhuānmén yánjiū,nghiên cứu chuyên sâu,他是专门研究中国历史的专家。,Tā shì zhuānmén yánjiū Zhōngguó lìshǐ de zhuānjiā.,Anh ấy là chuyên gia nghiên cứu lịch sử Trung Quốc.,hsk_2.json
世界,世界各地,shìjiè gèdì,khắp nơi trên thế giới,我想去世界各地旅游。,Wǒ xiǎng qù shìjiè gèdì lǚyóu.,Tôi muốn du lịch khắp thế giới.,hsk_2.json
东北,东北,Dōng běi,Đông Bắc,东北地区,Dōng běi dì qū,Vùng Đông Bắc,hsk_1.json
东北,东北,Dōng běi,Đông Bắc,向东北方向,xiàng Dōng běi fāng xiàng,Hướng Đông Bắc,hsk_1.json
东方,东方,dōng fāng,phương Đông,东方文化,dōng fāng wén huà,Văn hóa phương Đông,hsk_2.json
东西,买东西,mǎi dōngxi,mua đồ,他去商店买东西。,tā qù shāng diàn mǎi dōng xī,Anh ấy đi cửa hàng mua đồ.,hsk_1.json
东西,买东西,mǎi dōngxi,mua đồ,我去超市买东西。,wǒ qù chāo shì mǎi dōng xī,Tôi đi siêu thị mua đồ.,new_hsk_1.json
东西,吃东西,chī dōngxi,ăn đồ ăn,吃东西,chī dōngxi,ăn đồ ăn,hsk_1.json
东西,东西,dōngxi,đồ,买很多东西,Mǎi hěn duō dōngxi,Mua nhiều đồ,hsk_1.json
东西,东西,dōngxi,đồ,这是什么东西？,Zhè shì shénme dōngxi?,Đây là cái gì?,hsk_1.json
东西,东西,dōngxi,đồ,吃东西,chī dōngxi,ăn đồ ăn,hsk_1.json
东边,东边有,dōngbiān yǒu,phía đông có,东边有海,Dōngbiān yǒu hǎi,Phía đông có biển,hsk_1.json
个人,每个人,měi gè rén,mỗi người,每个人都有自己的梦想。,Měi gè rén dōu yǒu zìjǐ de mèngxiǎng.,Mỗi người đều có ước mơ của riêng mình.,hsk_3.json
个人,每个人,měi gè rén,mỗi người,每个人都有自己特别感兴趣的东西，因此，作家爱写小说，画家爱画画儿。,měi gè rén dōu yǒu zì jǐ tè bié gǎn xīng qù de dōng xī yīn cǐ zuò jiā ài xiě xiǎo shuō huà jiā ài huà huà ér,"Mỗi người đều có thứ mình đặc biệt hứng thú, vì vậy nhà văn thích viết tiểu thuyết, họa sĩ thích vẽ tranh.",hsk_4.json
个子,个子高,gè zi gāo,cao lớn,他个子高高的。,tā gè zi gāo gāo de,Anh ấy có dáng người cao cao.,hsk_3.json
个子,个子矮,gè zi ǎi,thấp bé,个子矮,gè zi ǎi,chiều cao thấp,hsk_1.json
中午,中午好,zhōngwǔ hǎo,chào buổi trưa,中午好,Zhōngwǔ hǎo,Chào buổi trưa,hsk_1.json
中午,今天中午,jīntiān zhōngwǔ,trưa hôm nay,今天中午,Jīntiān zhōngwǔ,trưa hôm nay,hsk_1.json
中午,中午吃,zhōngwǔ chī,ăn trưa,我中午吃饭,Wǒ zhōngwǔ chīfàn,Tôi ăn trưa,hsk_1.json
中午,中午吃,zhōngwǔ chī,ăn trưa,中午吃什么？,Zhōngwǔ chī shé me?,Trưa ăn gì?,hsk_1.json
中午,在中午,zài zhōngwǔ,vào buổi trưa,在中午见面,zài zhōngwǔ jiànmiàn,gặp nhau vào buổi trưa,hsk_1.json
中国,中国人,Zhōngguórén,người Trung Quốc,我们是中国人,Wǒmen shì Zhōngguórén,Chúng tôi là người Trung Quốc,hsk_1.json
中国,中国人,Zhōngguórén,người Trung Quốc,我是中国人。你呢？,wǒ shì zhōng guó rén nǐ ne,Tôi là người Trung Quốc. Còn bạn?,hsk_1.json
中国,中国人,Zhōngguórén,người Trung Quốc,我们都是中国人。,wǒ men dōu shì zhōng guó rén,Chúng tôi đều là người Trung Quốc.,hsk_1.json
中国,中国菜,Zhōngguó cài,món Trung Quốc,中国菜很好吃,Zhōngguó cài hěn hǎochī,Món Trung Quốc rất ngon,hsk_1.json
中国,中国菜,Zhōngguó cài,món Trung Quốc,我不会做中国菜。,wǒ bù huì zuò zhōng guó cài,Tôi không biết nấu món ăn Trung Quốc.,hsk_1.json
中国,中国菜,Zhōngguó cài,món Trung Quốc,中国菜很好吃。,zhōng guó cài hěn hǎo chī,Món ăn Trung Quốc rất ngon.,hsk_1.json
中国,中国文化,Zhōngguó wénhuà,văn hóa Trung Quốc,我最近看了一些关于中国文化的电影。,wǒ zuì jìn kàn le yī xiē guān yú zhōng guó wén huà de diàn yǐng,Gần đây tôi có xem một vài bộ phim về văn hóa Trung Quốc.,hsk_3.json
中学,在中学,zài zhōngxué,ở trung học,他在中学读书。,Tā zài zhōngxué dúshū.,Anh ấy học trung học.,hsk_1.json
中年,中年人,zhōng nián rén,người trung niên,他已经是中年人了,tā yǐ jīng shì zhōng nián rén le,Anh ấy đã là người trung niên,hsk_2.json
中心,市中心,shì zhōng xīn,trung tâm thành phố,市中心,shì zhōng xīn,trung tâm thành phố,hsk_1.json
中文,学中文,xué Zhōngwén,học tiếng Trung,我学中文,Wǒ xué Zhōngwén,Tôi học tiếng Trung,hsk_1.json
中文,学中文,xué Zhōngwén,học tiếng Trung,现在学中文的学生很多。,xiàn zài xué zhōng wén de xué shēng hěn duō,Bây giờ học sinh học tiếng Trung rất nhiều.,new_hsk_2.json
中文,说中文,shuō Zhōngwén,nói tiếng Trung,说中文,shuō Zhōngwén,nói tiếng Trung,hsk_1.json
中文,说中文,shuō Zhōngwén,nói tiếng Trung,王老师让我们说中文。,wáng lǎo shī ràng wǒ men shuō zhōng wén,Thầy Vương bảo chúng tôi nói tiếng Trung.,new_hsk_2.json
中文,说中文,shuō Zhōngwén,nói tiếng Trung,你们班谁说中文说得最好？,nǐ men bān shuí shuō zhōng wén shuō dé zuì hǎo,Trong lớp các bạn ai nói tiếng Trung tốt nhất?,new_hsk_2.json
中文,中文,Zhōngwén,tiếng Trung,我学中文,Wǒ xué Zhōngwén,Tôi học tiếng Trung,hsk_1.json
中文,中文,Zhōngwén,tiếng Trung,中文很难,Zhōngwén hěn nán,Tiếng Trung rất khó,hsk_1.json
中文,中文,Zhōngwén,tiếng Trung,说中文,shuō Zhōngwén,nói tiếng Trung,hsk_1.json
中级,中级水平,zhōng jí shuǐ píng,trình độ trung cấp,达到中级水平,dá dào zhōng jí shuǐ píng,Đạt trình độ trung cấp,hsk_2.json
中级,中级课程,zhōng jí kè chéng,khóa học trung cấp,这是中级课程,zhè shì zhōng jí kè chéng,Đây là khóa học trung cấp,hsk_2.json
中餐,吃中餐,chī zhōng cān,ăn món Trung Hoa,我喜欢吃中餐,wǒ xǐ huan chī zhōng cān,Tôi thích ăn món Trung Quốc,hsk_2.json
丰满,身材丰满,shēncái fēngmǎn,vóc người đầy đặn,身材丰满,shēncái fēngmǎn,Vóc người đầy đặn,hsk_3.json
丰满,羽翼丰满,yǔyì fēngmǎn,đã trưởng thành,羽翼丰满,yǔyì fēngmǎn,Cánh cồ đủ đầy (đã trưởng thành),hsk_3.json
主任,办公室主任,bàngōngshì zhǔrèn,trưởng ban văn phòng,办公室主任正在开会。,Bàngōngshì zhǔrèn zhèngzài kāihuì.,Trưởng ban văn phòng đang họp.,hsk_3.json
主意,好主意,hǎo zhǔyì,ý kiến hay,我有个好主意。,Wǒ yǒu gè hǎo zhǔyì.,Tôi có một ý kiến hay.,hsk_1.json
主持,主持人,zhǔchírén,người dẫn chương trình,他是这个电视节目的主持人。,Tā shì zhège diànshì jiémù de zhǔchírén.,Anh ấy là người dẫn chương trình TV này.,hsk_3.json
主要,主要原因,zhǔ yào yuán yīn,nguyên nhân chính,这是主要原因,zhè shì zhǔ yào yuán yīn,Đây là nguyên nhân chính,hsk_2.json
举行,举行会议,jǔ xíng huì yì,tổ chức cuộc họp,我们在学校举行会议,wǒ men zài xué xiào jǔ xíng huì yì,Chúng tôi tổ chức cuộc họp ở trường,hsk_2.json
乐观,很乐观,hěn lèguān,rất lạc quan,他对未来很乐观。,Tā duì wèilái hěn lèguān.,Anh ấy rất lạc quan về tương lai.,hsk_3.json
乐观,保持乐观,bǎochí lèguān,giữ thái độ lạc quan,我们应该保持乐观的态度。,Wǒmen yīnggāi bǎochí lèguān de tàidu.,Chúng ta nên giữ thái độ lạc quan.,hsk_3.json
也许,也许,yě xǔ,có lẽ,也许明天会好,yě xǔ míng tiān huì hǎo,Có lẽ ngày mai sẽ tốt lên,hsk_1.json
也许,也许,yě xǔ,có lẽ,也许是这样的,yě xǔ shì zhè yàng de,Có lẽ là như vậy,hsk_1.json
也许,也许,yě xǔ,có lẽ,换一个角度考虑，也许正好就能发现问题的关键，从而找到解决问题的答案。,huàn yī gè jiǎo dù kǎo lǜ yě xǔ zhèng hǎo jiù néng fā xiàn wèn tí de guān jiàn cóng ér zhǎo dào jiě jué wèn tí de dá àn,"Đổi một góc độ để suy nghĩ, có lẽ vừa hay có thể phát hiện mấu chốt của vấn đề, từ đó tìm ra đáp án giải quyết vấn đề.",hsk_4.json
书包,新书包,xīn shūbāo,cặp sách mới,我买了一个新书包。,Wǒ mǎile yīgè xīn shūbāo.,Tôi mua một cặp sách mới.,hsk_1.json
书包,书包里,shūbāo lǐ,trong cặp sách,我每天书包里都放着雨伞，就今天没带。,wǒ měi tiān shū bāo lǐ dōu fàng zhe yǔ sǎn jiù jīn tiān méi dài,"Ngày nào tôi cũng để ô trong cặp, chỉ có hôm nay là không mang.",new_hsk_3.json
了解,了解,liǎo jiě,hiểu rõ,这个了解很好。,zhè ge liǎo jiě hěn hǎo。,hiểu rõ này rất tốt.,hsk_2.json
了解,了解,liǎo jiě,hiểu rõ,我喜欢这个了解。,wǒ xǐ huan zhè ge liǎo jiě。,Tôi thích hiểu rõ này.,hsk_2.json
了解,了解,liǎo jiě,hiểu rõ,我认识他很多年，因此，很了解他的性格。,wǒ rèn shí tā hěn duō nián yīn cǐ hěn le jiě tā de xìng gé,"Tôi quen anh ấy nhiều năm rồi, vì vậy rất hiểu tính cách của anh ấy.",hsk_4.json
事业,教育事业,jiàoyù shìyè,sự nghiệp giáo dục,我们要为教育事业贡献力量。,Wǒmen yào wèi jiàoyù shìyè gòngxiàn lìliàng.,Chúng ta cần đóng góp sức lực cho sự nghiệp giáo dục.,hsk_3.json
事先,事先,shì xiān,trước,这个事先很好。,zhè ge shì xiān hěn hǎo。,trước này rất tốt.,hsk_3.json
事先,事先,shì xiān,trước,我喜欢这个事先。,wǒ xǐ huan zhè ge shì xiān。,Tôi thích trước này.,hsk_3.json
事情,处理事情,chǔ lǐ shì qing,xử lý việc,处理事情要有耐心。,chǔ lǐ shì qing yào yǒu nài xīn。,Xử lý việc phải có kiên nhẫn.,hsk_2.json
互相,互相帮助,hùxiāng bāngzhù,giúp đỡ lẫn nhau,我们应该互相帮助，互相学习。,"Wǒmen yīnggāi hùxiāng bāngzhù, hùxiāng xuéxí.","Chúng ta nên giúp đỡ lẫn nhau, học hỏi lẫn nhau.",hsk_2.json
京剧,看京剧,kàn jīngjù,xem Kinh kịch,奶奶很喜欢看京剧。,Nǎinai hěn xǐhuan kàn jīngjù.,Bà nội rất thích xem Kinh kịch.,hsk_2.json
亲密,亲密,qīn mì,thân thiết,这个亲密很好。,zhè ge qīn mì hěn hǎo。,thân thiết này rất tốt.,hsk_2.json
亲密,亲密,qīn mì,thân thiết,我喜欢这个亲密。,wǒ xǐ huan zhè ge qīn mì。,Tôi thích thân thiết này.,hsk_2.json
亲戚,走亲戚,zǒu qīnqi,thăm họ hàng,走亲戚,zǒu qīnqi,Thăm họ hàng,hsk_1.json
亲近,亲近自然,qīnjìn zìrán,gần gũi với thiên nhiên,孩子们很亲近自然，喜欢在户外玩耍。,"Háizimen hěn qīnjìn zìrán, xǐhuān zài hùwài wánshuǎ.","Bọn trẻ rất gần gũi với thiên nhiên, thích vui chơi ngoài trời.",hsk_3.json
人员,工作人员,gōngzuò rényuán,nhân viên làm việc,我们公司需要招聘更多工作人员。,Wǒmen gōngsī xūyào zhāopìn gèng duō gōngzuò rényuán.,Công ty chúng tôi cần tuyển dụng thêm nhân viên.,hsk_3.json
人家,人家,rénjiā,người ta,人家都已经去了,Rénjiā dōu yǐjīng qù le,Người ta đã đi rồi,hsk_2.json
人家,人家,rénjiā,người ta,人家不知道,Rénjiā bù zhīdào,Họ không biết,hsk_2.json
人家,人家,rénjiā,người ta,看人家,kàn rénjiā,nhìn người ta,hsk_2.json
人家,看人家,kàn rénjiā,nhìn người khác,看人家,kàn rénjiā,nhìn người ta,hsk_2.json
什么,为什么,wèishénme,tại sao,不管做什么事情，首先应该明白为什么要做，其次要知道怎么做。,bù guǎn zuò shén me shì qíng shǒu xiān yīng gāi míng bái wèi shén me yào zuò qí cì yào zhī dào zěn me zuò,"Bất kể làm việc gì, trước hết nên hiểu vì sao phải làm, tiếp theo phải biết làm như thế nào.",hsk_4.json
仅仅,不仅仅,bù jǐn jǐn,không chỉ,他不仅仅是个医生。,tā bù jǐn jǐn shì gè yī shēng。,Anh ấy không chỉ là một bác sĩ.,hsk_3.json
仅仅,不仅仅,bù jǐn jǐn,không chỉ,不仅仅是我，大家都这么想。,bù jǐn jǐn shì wǒ， dà jiā dōu zhè me xiǎng。,"Không chỉ tôi, mà ai cũng nghĩ vậy.",hsk_3.json
今天,今天下午,jīntiān xiàwǔ,chiều hôm nay,今天下午,jīntiān xiàwǔ,chiều hôm nay,hsk_1.json
今天,今天晚上,jīntiān wǎnshang,tối hôm nay,今天晚上吃米饭或者面条都可以。,jīn tiān wǎn shàng chī mǐ fàn huò zhě miàn tiáo dōu kě yǐ,Tối nay ăn cơm hoặc mì đều được.,hsk_3.json
今年,今年,jīnnián,năm nay,我今年二十岁,Wǒ jīnnián èrshí suì,Năm nay tôi 20 tuổi,hsk_1.json
今年,今年,jīnnián,năm nay,今年你有什么计划？,Jīnnián nǐ yǒu shé me jìhuà?,Năm nay bạn có kế hoạch gì?,hsk_1.json
今年,今年,jīnnián,năm nay,今年是龙年,Jīnnián shì lóngnián,Năm nay là năm Long,hsk_1.json
今年,今年夏天,jīnnián xiàtiān,mùa hè năm nay,今年夏天,jīnnián xiàtiān,mùa hè năm nay,hsk_1.json
今年,今年夏天,jīnnián xiàtiān,mùa hè năm nay,今年夏天热极了。,jīn nián xià tiān rè jí le,Mùa hè năm nay nóng vô cùng.,new_hsk_3.json
今年,今年夏天,jīnnián xiàtiān,mùa hè năm nay,今年夏天只下了两次雨。,jīn nián xià tiān zhǐ xià le liǎng cì yǔ,Mùa hè năm nay chỉ mưa có hai lần.,new_hsk_3.json
介绍,介绍一下,jièshǎo yīxià,giới thiệu một chút,让我介绍一下,Ràng wǒ jièshǎo yīxià,Để tôi giới thiệu một chút,hsk_1.json
介绍,介绍一下,jièshǎo yīxià,giới thiệu một chút,请介绍一下你自己,Qǐng jièshǎo yīxià nǐ zìjǐ,Hãy giới thiệu về bản thân bạn,hsk_1.json
仍然,仍然没有,réngrán méiyǒu,vẫn chưa,问题仍然没有解决。,Wèntí réngrán méiyǒu jiějué.,Vấn đề vẫn chưa được giải quyết.,hsk_2.json
从前,从前有,cóngqián yǒu,ngày xưa có,从前有一个美丽的村庄。,Cóngqián yǒu yīgè měilì de cūnzhuāng.,Ngày xưa có một ngôi làng đẹp.,hsk_2.json
以外,以外,yǐ wài,bên ngoài,这周以外,zhè zhōu yǐ wài,Ngoài tuần này,hsk_2.json
以外,以外,yǐ wài,bên ngoài,中国以外,Zhōng guó yǐ wài,Ngoài Trung Quốc,hsk_2.json
以外,以外,yǐ wài,bên ngoài,除了我以外，大家都听懂了。,chú le wǒ yǐ wài dà jiā dōu tīng dǒng le,"Ngoài tôi ra, mọi người đều đã nghe hiểu.",hsk_3.json
价值,有价值,yǒu jià zhí,có giá trị,这本书很有价值。,zhè běn shū hěn yǒu jià zhí。,Quyển sách này rất có giá trị.,hsk_3.json
任何,没有任何,méiyǒu rènhé,không có bất kỳ,没有任何困难能阻止我们。,Méiyǒu rènhé kùnnan néng zǔzhǐ wǒmen.,Không có khó khăn nào có thể ngăn cản chúng ta.,hsk_2.json
任何,没有任何,méiyǒu rènhé,không có bất kỳ,他对这个消息没有任何反应。,tā duì zhè gè xiāo xī méi yǒu rèn hé fǎn yīng,Anh ấy không có bất kỳ phản ứng nào với tin này.,hsk_5.json
优点,很多优点,hěnduō yōudiǎn,nhiều ưu điểm,这个人有很多优点。,Zhège rén yǒu hěnduō yōudiǎn.,Người này có rất nhiều ưu điểm.,hsk_3.json
优质,优质产品,yōuzhì chǎnpǐn,sản phẩm chất lượng cao,这家工厂生产优质产品,Zhè jiā gōngchǎng shēngchǎn yōuzhì chǎnpǐn,Nhà máy này sản xuất sản phẩm chất lượng cao,hsk_3.json
优质,优质服务,yōuzhì fúwù,dịch vụ chất lượng cao,消费者越来越重视优质服务,Xiāofèizhě yuè lái yuè zhòngshì yōuzhì fúwù,Người tiêu dùng ngày càng coi trọng dịch vụ chất lượng cao,hsk_3.json
优质,优质教育,yōuzhì jiàoyù,giáo dục chất lượng cao,优质教育资源分配不均是个社会问题,Yōuzhì jiàoyù zīyuán fēnpèi bùjūn shì gè shèhuì wèntí,Phân bổ không đồng đều nguồn lực giáo dục chất lượng cao là vấn đề xã hội,hsk_3.json
优质,优质内容,yōuzhì nèiróng,nội dung chất lượng cao,优质内容是吸引读者的关键,Yōuzhì nèiróng shì xīyǐn dúzhě de guānjiàn,Nội dung chất lượng cao là chìa khóa thu hút độc giả,hsk_3.json
会员,会员卡,huìyuánkǎ,thẻ hội viên,请出示您的会员卡。,Qǐng chūshì nín de huìyuánkǎ.,Làm ơn xuất trình thẻ hội viên của bạn.,hsk_3.json
传媒,传媒行业,chuánméi hángyè,ngành truyền thông,传媒行业受到了互联网的巨大冲击,Chuánméi hángyè shòudào le hùliánwǎng de jùdà chōngjī,Ngành truyền thông chịu tác động lớn từ internet,hsk_3.json
传媒,传媒公司,chuánméi gōngsī,công ty truyền thông,这家传媒公司旗下有多家报纸和电视台,Zhè jiā chuánméi gōngsī qíxià yǒu duō jiā bàozhǐ hé diànshìtái,Tập đoàn truyền thông này sở hữu nhiều tờ báo và đài truyền hình,hsk_3.json
传媒,新传媒,xīn chuánméi,truyền thông mới (kỹ thuật số),新传媒改变了人们获取信息的方式,Xīn chuánméi gǎibiàn le rénmen huòqǔ xìnxī de fāngshì,Truyền thông mới đã thay đổi cách mọi người tiếp cận thông tin,hsk_3.json
似乎,似乎不太,sìhū bù tài,hình như không quá,他似乎不太高兴。,Tā sìhū bù tài gāoxìng.,Anh ấy dường như không quá vui.,hsk_2.json
似乎,似乎不太,sìhū bù tài,hình như không quá,他似乎不太同意这个计划。,tā shì hū bù tài tóng yì zhè gè jì huà,Anh ấy dường như không đồng ý lắm với kế hoạch này.,hsk_5.json
体会,体会到,tǐhuì dào,cảm nhận được,通过这次旅行，我体会到了中国文化的重要性。,"Tōngguò zhè cì lǚxíng, wǒ tǐhuì dào le Zhōngguó wénhuà de zhòngyàoxìng.","Thông qua chuyến đi này, tôi đã cảm nhận được sự quan trọng của văn hóa Trung Quốc.",hsk_3.json
体会,体会到,tǐhuì dào,cảm nhận được,你能体会到父母的心情吗？,Nǐ néng tǐhuì dào fùmǔ de xīnqíng ma?,Bạn có thể thấu hiểu tâm tình của cha mẹ không?,hsk_3.json
体育,体育课,tǐ yù kè,lớp thể dục,我们上体育课,wǒ men shàng tǐ yù kè,Chúng tôi có lớp thể dục,hsk_2.json
佛教,信仰佛教,xìnyǎng Fójiào,theo đạo Phật,他信仰佛教，每天早上打坐。,"Tā xìnyǎng Fójiào, měitiān zǎoshang dǎzuò.","Anh ấy theo Phật giáo, mỗi sáng ngồi thiền.",hsk_3.json
佛教,佛教文化,Fójiào wénhuà,văn hóa Phật giáo,佛教文化对越南影响深远。,Fójiào wénhuà duì Yuènán yǐngxiǎng shēnyuǎn.,Văn hóa Phật giáo ảnh hưởng sâu rộng đến Việt Nam.,hsk_3.json
佛教,佛教圣地,Fójiào shèngdì,thánh địa Phật giáo,这座寺庙是佛教圣地。,Zhè zuò sìmiào shì Fójiào shèngdì.,Ngôi chùa này là thánh địa Phật giáo.,hsk_3.json
作品,艺术作品,yì shù zuò pǐn,tác phẩm nghệ thuật,这个展览展示了很多艺术作品。,zhè ge zhǎn lǎn zhǎn shì le hěn duō yì shù zuò pǐn。,Triển lãm này trưng bày nhiều tác phẩm nghệ thuật.,hsk_3.json
作文,作文,zuò wén,bài văn,作文比赛,zuò wén bǐ sài,Cuộc thi viết văn,hsk_1.json
作用,发挥作用,fā huī zuò yòng,phát huy tác dụng,发挥作用。,fā huī zuò yòng。,Phát huy tác dụng.,hsk_2.json
你们,你们好,nǐmen hǎo,chào các bạn,你们好！,Nǐmen hǎo!,Chào các bạn!,hsk_1.json
例子,例子,lì zi,ví dụ,举个例子,jǔ gè lì zi,Lấy một ví dụ,hsk_2.json
例子,例子,lì zi,ví dụ,很多例子,hěn duō lì zi,Nhiều ví dụ,hsk_2.json
便宜,很便宜,hěn pián yi,rất rẻ,这家店的东西很便宜。,zhè jiā diàn de dōng xi hěn pián yi。,Đồ vật ở cửa hàng này rất rẻ.,hsk_1.json
便宜,很便宜,hěn pián yi,rất rẻ,他们卖的电影票也很便宜。,tā men mài de diàn yǐng piào yě hěn biàn yí,Vé xem phim họ bán cũng rất rẻ.,new_hsk_2.json
保佑,神灵保佑,shénlíng bǎoyòu,thần linh phù hộ,老人在庙里祈求神灵保佑全家。,Lǎorén zài miào lǐ qíqiú shénlíng bǎoyòu quánjiā.,Người già ở chùa cầu xin thần linh phù hộ cho cả gia đình.,hsk_3.json
保存,保存好,bǎocún hǎo,giữ gìn tốt,请保存好您的证件。,Qǐng bǎocún hǎo nín de zhèngjiàn.,Xin hãy giữ gìn giấy tờ của bạn.,hsk_3.json
保护,保护环境,bǎo hù huán jìng,bảo vệ môi trường,我们要保护环境。,wǒ men yào bǎo hù huán jìng。,Chúng tôi phải bảo vệ môi trường.,hsk_3.json
保证,我保证,wǒ bǎozhèng,tôi bảo đảm,我保证完成任务。,Wǒ bǎozhèng wánchéng rènwu.,Tôi bảo đảm hoàn thành nhiệm vụ.,hsk_3.json
保证,向你保证,xiàng nǐ bǎozhèng,bảo đảm với bạn,我们向你保证不会再发生。,Wǒmen xiàng nǐ bǎozhèng bùhuì zài fāshēng.,Chúng tôi bảo đảm với bạn sẽ không còn xảy ra nữa.,hsk_3.json
信心,有信心,yǒu xìn xīn,có tự tin,我对这次考试很有信心。,wǒ duì zhè cì kǎo shì hěn yǒu xìn xīn。,Tôi rất tự tin vào kỳ thi lần này.,hsk_2.json
假期,假期,jià qī,thời gian nghỉ,在假期里,zài jià qī lǐ,Trong kỳ nghỉ,hsk_1.json
做客,去朋友家做客,qù péngyǒu jiā zuòkè,đến nhà bạn chơi,我们去朋友家做客。,Wǒmen qù péngyǒu jiā zuòkè.,Chúng tôi đến nhà bạn làm khách.,hsk_1.json
健康,身体健康,shēn tǐ jiàn kāng,cơ thể khỏe mạnh,多运动有利于身体健康。,duō yùn dòng yǒu lì yú shēn tǐ jiàn kāng,Vận động nhiều có lợi cho sức khỏe.,hsk_5.json
健康,很健康,hěn jiàn kāng,rất khỏe mạnh,身体很健康,shēn tǐ hěn jiàn kāng,Cơ thể rất khỏe mạnh,hsk_2.json
健美,健美操,jiànměicāo,thể dục nhịp điệu,健美操对保持体型很有帮助。,Jiànměicāo duì bǎochí tǐxíng hěn yǒu bāngzhù.,Thể dục nhịp điệu rất có ích để duy trì vóc dáng.,hsk_3.json
健美,健美比赛,jiànměi bǐsài,cuộc thi thể hình,他参加了全国健美比赛。,Tā cānjiā le quánguó jiànměi bǐsài.,Anh ta tham gia cuộc thi thể hình toàn quốc.,hsk_3.json
偶尔,偶尔去,ǒu ěr qù,thỉnh thoảng đi,我偶尔去电影院看电影,Wǒ ǒu'ěr qù diànyǐngyuàn kàn diànyǐng,Tôi thỉnh thoảng đi rạp chiếu phim xem phim,hsk_2.json
偷懒,不能偷懒,bù néng tōulǎn,không được lười biếng,上班时间不能偷懒。,Shàngbān shíjiān bù néng tōulǎn.,Trong giờ làm việc không được lười biếng.,hsk_1.json
偷懒,不能偷懒,bù néng tōulǎn,không được lười biếng,学习上不能偷懒，要努力坚持。,"Xuéxí shàng bù néng tōulǎn, yào nǔlì jiānchí.","Trong việc học không được lười biếng, phải nỗ lực kiên trì.",hsk_1.json
像样,像样的工作,xiàngyàng de gōngzuò,công việc đàng hoàng,他终于找到了一份像样的工作。,Tā zhōngyú zhǎodào le yī fèn xiàngyàng de gōngzuò.,Anh ta cuối cùng đã tìm được một công việc đàng hoàng.,hsk_3.json
像样,不够像样,bùgòu xiàngyàng,chưa đàng hoàng,这份工作做得不够像样。,Zhè fèn gōngzuò zuò de bùgòu xiàngyàng.,Công việc này làm không đủ đàng hoàng.,hsk_3.json
儒家,儒家思想,rú jiā sī xiǎng,tư tưởng Nho giáo,儒家思想影响了中国几千年,Rú jiā sī xiǎng yǐng xiǎng le Zhōng guó jǐ qiān nián,Tư tưởng Nho giáo đã ảnh hưởng Trung Quốc hàng ngàn năm,hsk_3.json
儿子,我儿子,wǒ érzi,con trai tôi,我儿子今年五岁。,Wǒ érzi jīnnián wǔ suì.,Con trai tôi năm nay năm tuổi.,hsk_1.json
儿子,我儿子,wǒ érzi,con trai tôi,我儿子在医院工作。,wǒ ér zi zài yī yuàn gōng zuò,Con trai tôi làm việc ở bệnh viện.,hsk_1.json
儿子,我儿子,wǒ érzi,con trai tôi,我儿子对打篮球不感兴趣。,wǒ ér zi duì dǎ lán qiú bù gǎn xīng qù,Con trai tôi không có hứng thú với bóng rổ.,hsk_3.json
充满,充满活力,chōng mǎn huó lì,đầy năng lượng,这也是其充满活力的奥秘所在。,zhè yě shì qí chōng mǎn huó lì de ào mì suǒ zài,Đây cũng chính là nơi chứa đựng bí mật tràn đầy sức sống của nó.,hsk_6.json
光临,欢迎光临,huānyíng guānglín,chào mừng quý khách,欢迎光临本店！,Huānyíng guānglín běn diàn!,Chào mừng quý khách đến với cửa hàng chúng tôi!,hsk_2.json
光环,褪去光环,tùn qù guānghuán,mất vẻ hào nhoáng,褪去光环,Tùn qù guānghuán,Mất đi vẻ hào nhoáng,hsk_3.json
光盘,光盘行动,guāng pán xíng dòng,chiến dịch ăn không bỏ thừa,光盘行动,guāngpán xíngdòng,chiến dịch ăn không bỏ thừa thức ăn,hsk_1.json
克服,克服困难,kè fú kùn nan,khắc phục khó khăn,我们要克服困难。,wǒ men yào kè fú kùn nan。,Chúng ta phải khắc phục khó khăn.,hsk_3.json
全能,全能选手,quánnéng xuǎnshǒu,vận động viên toàn năng,他是全能选手,Tā shì quánnéng xuǎnshǒu,Anh ấy là vận động viên toàn năng,hsk_3.json
全能,全能型人才,quánnéng xíng rényuán,người đa năng,全能型人才,quánnéng xíng rényuán,người có khả năng toàn diện,hsk_3.json
公共,公共场所,gōnggòng chǎngsuǒ,nơi công cộng,公共场所不能吸烟。,Gōnggòng chǎngsuǒ bùnéng xīyān.,Không được hút thuốc ở nơi công cộng.,hsk_3.json
公民,好公民,hǎo gōngmín,công dân tốt,好公民应该遵守法律。,Hǎo gōngmín yīnggāi zūnshǒu fǎlǜ.,Công dân tốt nên tuân thủ pháp luật.,hsk_3.json
公民,中国公民,Zhōngguó gōngmín,công dân Trung Quốc,他是中国公民。,Tā shì Zhōngguó gōngmín.,Anh ấy là công dân Trung Quốc.,hsk_3.json
关于,关于这件事,guānyú zhè jiàn shì,về việc này,关于这件事，我们还没有决定呢。,guān yú zhè jiàn shì wǒ men hái méi yǒu jué dìng ne,"Về việc này, chúng tôi vẫn chưa quyết định.",hsk_3.json
关机,关机,guān jī,tắt máy,手机关机了,shǒu jī guān jī le,Điện thoại đã tắt máy,hsk_2.json
关机,关机,guān jī,tắt máy,请关机,qǐng guān jī,Vui lòng tắt máy,hsk_2.json
关系,有关系,yǒu guānxì,có quan hệ,这件事跟我不有关系。,Zhè jiàn shì gēn wǒ méiyǒu guānxì.,Việc này không liên quan đến tôi.,hsk_1.json
关系,没关系,méi guānxì,không sao,打不好没关系。,dǎ bù hǎo méi guān xì,Đánh không tốt cũng không sao.,new_hsk_3.json
兴趣,感兴趣,gǎn xìngqù,thích,我对音乐很感兴趣,Wǒ duì yīnyuè hěn gǎn xìngqù,Tôi rất thích âm nhạc,hsk_3.json
兴趣,感兴趣,gǎn xìngqù,thích,他们对电影感兴趣。,tā men duì diàn yǐng gǎn xīng qù,Họ có hứng thú với phim ảnh.,hsk_3.json
兴趣,感兴趣,gǎn xìngqù,thích,我儿子对打篮球不感兴趣。,wǒ ér zi duì dǎ lán qiú bù gǎn xīng qù,Con trai tôi không có hứng thú với bóng rổ.,hsk_3.json
兴趣,兴趣爱好,xìngqù àihào,sở thích và yêu thích,他们的性格虽然不同，但是兴趣爱好差不多。,tā men de xìng gé suī rán bù tóng dàn shì xīng qù ài hǎo chà bù duō,"Tuy tính cách của họ khác nhau, nhưng sở thích thì gần giống nhau.",hsk_4.json
其他,其他人,qí tā rén,người khác,其他人,qí tā rén,những người khác,hsk_2.json
再说,关于再说,guānyú 再说,về hơn nữa,关于再说,Guānyú 再说,Về hơn nữa,hsk_2.json
写作,写作能力,xiě zuò néng lì,khả năng viết,老师教我们如何提高写作能力。,lǎo shī jiāo wǒ men rú hé tí gāo xiě zuò néng lì。,Thầy giáo dạy chúng tôi cách nâng cao khả năng viết.,hsk_3.json
准备,准备好,zhǔn bèi hǎo,đã chuẩn bị xong,饭准备好了。,fàn zhǔn bèi hǎo le。,Cơm đã chuẩn bị xong rồi.,hsk_1.json
准备,准备好,zhǔn bèi hǎo,đã chuẩn bị xong,这回材料都按照银行的要求准备好了吧？,zhè huí cái liào dōu àn zhào yín xíng de yào qiú zhǔn bèi hǎo le ba,Lần này tài liệu đều đã chuẩn bị theo yêu cầu của ngân hàng rồi chứ?,hsk_4.json
准时,准时到达,zhǔn shí dào dá,đến đúng giờ,他总是准时到达。,Tā zǒngshì zhǔnshí dàodá.,Anh ấy luôn luôn đến đúng giờ.,hsk_2.json
凉水,喝凉水,hē liángshuǐ,uống nước lạnh,夏天喝凉水很舒服。,Xiàtiān hē liángshuǐ hěn shūfu.,Mùa hè uống nước lạnh rất thoải mái.,hsk_3.json
凉水,一杯凉水,yībēi liángshuǐ,một cốc nước lạnh,请给我一杯凉水。,Qǐng gěi wǒ yībēi liángshuǐ.,Làm ơn cho tôi một cốc nước lạnh.,hsk_3.json
几乎,几乎,jī hū,hầu như,这个几乎很好。,zhè ge jī hū hěn hǎo。,hầu như này rất tốt.,hsk_2.json
几乎,几乎,jī hū,hầu như,我喜欢这个几乎。,wǒ xǐ huan zhè ge jī hū。,Tôi thích hầu như này.,hsk_2.json
出口,出口商品,chū kǒu shāng pǐn,hàng xuất khẩu,中国向很多国家出口商品。,Zhōng guó xiàng hěn duō guó jiā chū kǒu shāng pǐn。,Trung Quốc xuất khẩu hàng hóa đến nhiều quốc gia.,hsk_2.json
出来,走出来,zǒu chūlái,bước ra,他从房间里走出来了。,tā cóng fáng jiān lǐ zǒu chū lái le,Anh ấy đi từ trong phòng ra.,hsk_3.json
出租,房子出租,fáng zi chū zū,nhà cho thuê,这房子出租,zhè fáng zi chū zū,Nhà này cho thuê,hsk_2.json
出租,出租车,chū zū chē,xe taxi,我们是坐出租车来的。,wǒ men shì zuò chū zū chē lái de,Chúng tôi đến bằng taxi.,hsk_1.json
出租,出租车,chū zū chē,xe taxi,我们坐出租车去西安饭店。,wǒ men zuò chū zū chē qù xī ān fàn diàn,Chúng tôi đi taxi đến nhà hàng Tây An.,new_hsk_1.json
分之,分之,fēn zhī,phân số,这个分之很好。,zhè ge fēn zhī hěn hǎo。,phân số này rất tốt.,hsk_2.json
分之,分之,fēn zhī,phân số,我喜欢这个分之。,wǒ xǐ huan zhè ge fēn zhī。,Tôi thích phân số này.,hsk_2.json
分数,考试分数,kǎo shì fēn shù,điểm thi,这次考试分数很高,zhè cì kǎo shì fēn shù hěn gāo,Lần thi này điểm rất cao,hsk_2.json
分配,合理分配,hélǐ fēnpèi,phân bố hợp lý,我们需要合理分配时间。,Wǒmen xūyào hélǐ fēnpèi shíjiān.,Chúng ta cần phân bố thời gian hợp lý.,hsk_3.json
分钟,五分钟,wǔ fēnzhōng,năm phút,还有五分钟,Hái yǒu wǔ fēnzhōng,Còn năm phút nữa,hsk_1.json
分钟,十分钟,shí fēnzhōng,mười phút,我等了十分钟,Wǒ děng le shí fēnzhōng,Tôi đã đợi mười phút,hsk_1.json
分钟,十分钟,shí fēnzhōng,mười phút,十分钟前他来了。,shí fēn zhōng qián tā lái le,Anh ấy đã đến 10 phút trước.,hsk_1.json
分钟,十分钟,shí fēnzhōng,mười phút,四十分钟后回来。,sì shí fēn zhōng hòu huí lái,40 phút sau sẽ quay lại.,hsk_1.json
别人,帮别人,bāng bié rén,giúp người khác,帮别人一把,Bāng bié rén yī bǎ,Giúp người khác một tay,hsk_1.json
到处,到处,dào chù,mọi nơi,到处都是花,dào chù dōu shì huā,Khắp nơi đều là hoa,hsk_2.json
到处,到处,dào chù,mọi nơi,我到处找你,wǒ dào chù zhǎo nǐ,Tôi tìm bạn khắp nơi,hsk_2.json
到底,坚持到底,jiānchí dàodǐ,kiên trì đến cùng,我们要坚持到底。,Wǒmen yào jiānchí dàodǐ.,Chúng ta cần kiên trì đến cùng.,hsk_3.json
刺激,刺激,cìjī,kích thích,这部电影很刺激,Zhè bù diànyǐng hěn cìjī,Bộ phim này rất kích thích,hsk_3.json
刺激,刺激,cìjī,kích thích,不要刺激他,Bùyào cìjī tā,Đừng kích thích anh ấy,hsk_3.json
刺激,刺激,cìjī,kích thích,咖啡能刺激大脑,Kāfēi néng cìjī dànǎo,Cà phê có thể kích thích não bộ,hsk_3.json
前后,春节前后,Chūnjié qiánhòu,khoảng dịp Tết Nguyên Đán,春节前后我很忙。,Chūnjié qiánhòu wǒ hěn máng.,Tôi rất bận khoảng dịp Tết Nguyên Đán.,hsk_3.json
前天,前天,qiántiān,ngày hôm kia,我前天去了上海,Wǒ qiántiān qùle Shànghǎi,Ngày hôm kia tôi đã đi Thượng Hải,hsk_1.json
前天,前天,qiántiān,ngày hôm kia,前天是星期几？,Qiántiān shì xīngqī jǐ?,Ngày hôm kia là thứ mấy?,hsk_1.json
前天,前天,qiántiān,ngày hôm kia,我前天见过他,Wǒ qiántiān jiàngu tā,Ngày hôm kia tôi đã gặp anh ấy,hsk_1.json
前天,大前天,dàqiántiān,ngày kia nữa,大前天,dàqiántiān,ngày kia nữa (3 ngày trước),hsk_1.json
前天,前天晚上,qiántiān wǎnshang,tối ngày hôm kia,前天晚上,qiántiān wǎnshang,tối ngày hôm kia,hsk_1.json
办法,想办法,xiǎng bàn fǎ,tìm cách,与其抱怨，不如想办法解决。,yǔ qí bào yuàn bù rú xiǎng bàn fǎ jiě jué,"Thay vì than phiền, chi bằng nghĩ cách giải quyết.",hsk_5.json
办法,没办法,méi bàn fǎ,không có cách,我没办法了。,wǒ méi bàn fǎ le。,Tôi không còn cách nào.,hsk_1.json
办法,没办法,méi bàn fǎ,không có cách,看来我没办法解决这个问题。,kàn lái wǒ méi bàn fǎ jiě jué zhè gè wèn tí,Xem ra tôi không có cách nào giải quyết vấn đề này.,new_hsk_3.json
加快,加快速度,jiākuài sùdù,đẩy nhanh tốc độ,我们要加快速度。,Wǒmen yào jiākuài sùdù.,Chúng ta cần đẩy nhanh tốc độ.,hsk_3.json
加快,加快发展,jiākuài fāzhǎn,đẩy nhanh phát triển,中国经济正在加快发展。,Zhōngguó jīngjì zhèngzài jiākuài fāzhǎn.,Kinh tế Trung Quốc đang đẩy nhanh phát triển.,hsk_3.json
动人,非常动人,fēicháng dòngrén,rất cảm động,她的歌声非常动人，让听众都哭了。,"Tā de gēshēng fēicháng dòngrén, rǎng tīngzhòng dōu kū le.","Giọng hát của cô ấy rất cảm động, khiến khán giả đều khóc.",hsk_3.json
动作,舞蹈动作,wǔdǎo dòngzuò,động tác khiêu vũ,他的舞蹈动作很美,Tā de wǔdǎo dòngzuò hěn měi,Động tác nhảy của anh ấy rất đẹp,hsk_1.json
动物,动物园,dòng wù yuán,sở thú,动物园,dòng wù yuán,Sở thú,hsk_2.json
努力,努力,nǔ lì,nỗ lực,我会努力学习的,wǒ huì nǔ lì xué xí de,Tôi sẽ cố gắng học tập,hsk_1.json
努力,努力,nǔ lì,nỗ lực,他很努力工作,tā hěn nǔ lì gōng zuò,Anh ấy làm việc rất chăm chỉ,hsk_1.json
努力,努力,nǔ lì,nỗ lực,只要你努力学习，就会有进步。,zhǐ yào nǐ nǔ lì xué xí jiù huì yǒu jìn bù,Chỉ cần bạn nỗ lực học tập thì sẽ có tiến bộ.,hsk_3.json
努力,努力工作,nǔ lì gōng zuò,làm việc chăm chỉ,他很努力工作,tā hěn nǔ lì gōng zuò,Anh ấy làm việc rất chăm chỉ,hsk_1.json
包子,吃包子,chī bāozi,ăn bánh bao,我吃包子,Wǒ chī bāozi,Tôi ăn bánh bao,hsk_1.json
包子,一个包子,yī gè bāozi,một cái bánh bao,一个包子,yī gè bāozi,một cái bánh bao,hsk_1.json
包子,包子,bāozi,bánh bao,我吃包子,Wǒ chī bāozi,Tôi ăn bánh bao,hsk_1.json
包子,包子,bāozi,bánh bao,包子很好吃,Bāozi hěn hǎochī,Bánh bao rất ngon,hsk_1.json
包子,包子,bāozi,bánh bao,一个包子,yī gè bāozi,một cái bánh bao,hsk_1.json
化妆,化妆品,huàzhuāngpǐn,mỹ phẩm,化妆包里有很多化妆品,Huàzhuāng bāo lǐ yǒu hěnduō huàzhuāngpǐn,Trong túi trang điểm có nhiều mỹ phẩm,hsk_3.json
化妆,化妆包,huàzhuāngbāo,túi đựng đồ trang điểm,化妆包里有很多化妆品,Huàzhuāng bāo lǐ yǒu hěnduō huàzhuāngpǐn,Trong túi trang điểm có nhiều mỹ phẩm,hsk_3.json
北京,北京人,Běijīngrén,người Bắc Kinh,"王老师是北京人, 李文也是北京人。",wáng lǎo shī shì běi jīng rén lǐ wén yě shì běi jīng rén,"Thầy Vương là người Bắc Kinh, Lý Văn cũng là người Bắc Kinh.",new_hsk_1.json
北京,去北京,qù Běijīng,đi Bắc Kinh,我想去北京旅游,Wǒ xiǎng qù Běijīng lǚyóu,Tôi muốn đi du lịch Bắc Kinh,hsk_1.json
北京,去北京,qù Běijīng,đi Bắc Kinh,九月去北京旅游最好。,jiǔ yuè qù běi jīng lǚ yóu zuì hǎo,Đi du lịch Bắc Kinh vào tháng 9 là tốt nhất.,hsk_2.json
北京,去北京,qù Běijīng,đi Bắc Kinh,你第一次去北京，还是找个人接你吧。,nǐ dì yī cì qù běi jīng hái shì zhǎo gè rén jiē nǐ ba,"Lần đầu bạn đến Bắc Kinh, hay là tìm người đón bạn đi.",new_hsk_2.json
北边,北边有,běibiān yǒu,phía bắc có,北边有山,Běibiān yǒu shān,Phía bắc có núi,hsk_1.json
北边,北边有,běibiān yǒu,phía bắc có,北边有风,Běibiān yǒu fēng,Phía bắc có gió,hsk_1.json
医生,看医生,kàn yīshēng,đi khám bác sĩ,我去看医生,Wǒ qù kàn yīshēng,Tôi đi khám bác sĩ,hsk_1.json
午睡,午睡时间,wǔ shuì shí jiān,giờ ngủ trưa,午睡时间到了。,wǔ shuì shí jiān dào le。,Đến giờ ngủ trưa rồi.,hsk_2.json
午餐,吃午餐,chī wǔ cān,ăn trưa,我们在公司吃午餐,wǒ men zài gōng sī chī wǔ cān,Chúng tôi ăn trưa ở công ty,hsk_2.json
午饭,吃午饭,chī wǔfàn,ăn cơm trưa,我吃午饭。,Wǒ chī wǔfàn.,Tôi ăn cơm trưa.,hsk_1.json
半天,等了半天,děng le bàntiān,đợi mãi,等了半天，车总算来了。,děng le bàn tiān chē zǒng suàn lái le,"Đợi cả buổi, xe cuối cùng cũng đến.",hsk_5.json
半天,想了半天,xiǎng le bàntiān,nghĩ mãi,你想了半天也想不出来,Nǐ xiǎng le bàntiān yě xiǎng bù chūlái,Bạn nghĩ mãi cũng không nghĩ ra,hsk_1.json
半年,这半年,zhè bànnián,nửa năm này,这半年很忙,Zhè bànnián hěn máng,Nửa năm này rất bận,hsk_1.json
半年,学了半年,xuéle bànnián,học nửa năm rồi,我学了半年中文,Wǒ xuéle bànnián Zhōngwén,Tôi đã học tiếng Trung 6 tháng,hsk_1.json
华人,海外华人,hǎiwài Huárén,người Hoa ở nước ngoài,海外华人也庆祝春节。,Hǎiwài Huárén yě qìngzhù Chūnjié.,Người Hoa ở nước ngoài cũng ăn mừng Tết Nguyên Đán.,hsk_3.json
华人,新加坡华人,Xīnjiāpō Huárén,người Hoa Singapore,她是新加坡华人。,Tā shì Xīnjiāpō Huárén.,Cô ấy là người Hoa Singapore.,hsk_3.json
南边,南边有,nánbiān yǒu,phía nam có,南边有河,Nánbiān yǒu hé,Phía nam có sông,hsk_1.json
卧铺,卧铺票,wòpù piào,vé giường nằm,我买了一张卧铺票,Wǒ mǎile yī zhāng wòpù piào,Tôi đã mua một vé giường nằm,hsk_1.json
卫生,环境卫生,huánjìng wèishēng,vệ sinh môi trường,请保持环境卫生。,Qǐng bǎochí huánjìng wèishēng.,Xin hãy giữ vệ sinh môi trường.,hsk_3.json
卫生,个人卫生,gèrén wèishēng,vệ sinh cá nhân,要注意个人卫生。,Yào zhùyì gèrén wèishēng.,Cần chú ý vệ sinh cá nhân.,hsk_3.json
卫生,很卫生,hěn wèishēng,rất sạch sẽ,这家餐厅很卫生。,Zhè jiā cāntīng hěn wèishēng.,Nhà hàng này rất sạch sẽ.,hsk_3.json
危及,危及健康,wēijí jiànkāng,gây nguy hại cho sức khoẻ,不良习惯会危及健康,Bùliáng xíguàn huì wēijí jiànkāng,Thói quen xấu sẽ gây nguy hại cho sức khoẻ,hsk_3.json
危机,危机处理,wēijī chǔlǐ,xử lý khủng hoảng,危机处理需要冷静和果断。,Wēijī chǔlǐ xūyào lěngjìng hé guǒduàn.,Xử lý khủng hoảng cần bình tĩnh và quyết đoán.,hsk_3.json
历史,历史上,lìshǐ shàng,trong lịch sử,这是历史上的重要事件。,Zhè shì lìshǐ shàng de zhòngyào shìjiàn.,Đây là sự kiện quan trọng trong lịch sử.,hsk_1.json
厉害,厉害,lì hai,ngầu,他真厉害，什么都会。,"Tā zhēn lìhai, shénme dōu huì.","Anh ấy thật lợi hại, gì cũng biết.",hsk_2.json
厉害,厉害,lì hai,ngầu,台风很厉害。,Táifēng hěn lìhai.,Siêu bão rất ghê gớm.,hsk_2.json
厉害,厉害,lì hai,ngầu,你太厉害了！,Nǐ tài lìhai le!,Bạn quá đỉnh!,hsk_2.json
压力,工作压力,gōngzuò yālì,áp lực công việc,工作压力太大，我需要休息一下。,"Gōngzuò yālì tài dà, wǒ xūyào xiūxi yīxià.","Áp lực công việc quá lớn, tôi cần nghỉ ngơi một chút.",hsk_3.json
原来,原来,yuán lái,thì ra,原来是他,yuán lái shì tā,Thì ra là anh ấy,hsk_2.json
原来,原来,yuán lái,thì ra,原来的计划,yuán lái de jì huà,Kế hoạch ban đầu,hsk_2.json
原来,原来,yuán lái,thì ra,后来才发现，原来我认错人了，我以为他是我同学。,hòu lái cái fā xiàn yuán lái wǒ rèn cuò rén le wǒ yǐ wèi tā shì wǒ tóng xué,"Sau đó mới phát hiện ra hóa ra tôi nhận nhầm người, tôi cứ tưởng anh ấy là bạn học của tôi.",hsk_4.json
去年,去年夏天,qùnián xiàtiān,mùa hè năm ngoái,去年夏天,qùnián xiàtiān,mùa hè năm ngoái,hsk_1.json
去年,去年,qùnián,năm ngoái,我去年去了中国,Wǒ qùnián qùle Zhōngguó,Năm ngoái tôi đã đi Trung Quốc,hsk_1.json
去年,去年,qùnián,năm ngoái,去年你做了什么？,Qùnián nǐ zuòle shé me?,Năm ngoái bạn đã làm gì?,hsk_1.json
去年,去年,qùnián,năm ngoái,去年夏天,qùnián xiàtiān,mùa hè năm ngoái,hsk_1.json
反抗,武装反抗,wǔzhuāng fǎnkàng,vũ trang nổi dậy,武装反抗,wǔzhuāng fǎnkàng,vũ trang nổi dậy,hsk_3.json
反抗,遭到反抗,zāodào fǎnkàng,bị chống đối,遭到反抗,zāodào fǎnkàng,bị chống đối,hsk_3.json
反省,反省自己,fǎn xǐng zì jǐ,tự soi chiếu mình,你应该反省自己的错误,Nǐ yīng gāi fǎn xǐng zì jǐ de cuò wù,Bạn nên tự phản tỉnh về lỗi của mình,hsk_3.json
发展,经济发展,jīngjì fāzhǎn,phát triển kinh tế,"对今天的中国而言, 经济发展必须坚持走可持续发展的道路。",duì jīn tiān de zhōng guó ér yán jīng jì fā zhǎn bì xū jiān chí zǒu kě chí xù fā zhǎn de dào lù,"Đối với Trung Quốc ngày nay, phát triển kinh tế phải kiên trì đi theo con đường phát triển bền vững.",hsk_6.json
发挥,充分发挥,chōngfèn fāhuī,phát huy triệt để,他充分发挥了自己的才能。,Tā chōngfèn fāhuī le zìjǐ de cáinéng.,Anh ấy đã phát huy toàn bộ năng lực của mình.,hsk_3.json
发现,重大发现,zhòng dà fā xiàn,phát hiện lớn,或许重大发现就在你眼前。,huò xǔ zhòng dà fā xiàn jiù zài nǐ yǎn qián,Có lẽ phát hiện trọng đại đang ở ngay trước mắt bạn.,hsk_5.json
发达,发达国家,fādá guójiā,nước phát triển,这是一个发达国家。,Zhè shì yīgè fādá guójiā.,Đây là một nước phát triển.,hsk_2.json
变为,变为现实,biànwéi xiànshí,biến thành hiện thực,梦想变为现实需要努力。,Mèngxiǎng biànwéi xiànshí xūyào nǔlì.,Để mơ ước biến thành hiện thực cần nỗ lực.,hsk_3.json
另外,另外的,lìngwài de,khác,这件衣服颜色不太好，你试试另外的那件吧。,zhè jiàn yī fú yán sè bù tài hǎo nǐ shì shì lìng wài de nà jiàn ba,"Màu của bộ quần áo này không đẹp lắm, bạn thử bộ khác kia đi.",hsk_4.json
只能,只能走,zhǐ néng zǒu,chỉ có thể đi,电梯坏了，看来咱们只能走下去了。,diàn tī huài le kàn lái zán men zhǐ néng zǒu xià qù le,"Thang máy hỏng rồi, xem ra chúng ta chỉ có thể đi bộ xuống thôi.",new_hsk_3.json
只要,只要你,zhǐ yào nǐ,miễn là bạn,只要你来就好,zhǐ yào nǐ lái jiù hǎo,Miễn là bạn đến là tốt,hsk_2.json
只要,只要你,zhǐ yào nǐ,miễn là bạn,只要你努力学习，就会有进步。,zhǐ yào nǐ nǔ lì xué xí jiù huì yǒu jìn bù,Chỉ cần bạn nỗ lực học tập thì sẽ có tiến bộ.,hsk_3.json
只要,只要你,zhǐ yào nǐ,miễn là bạn,只要你愿意，公司的门时刻为你开着。,zhǐ yào nǐ yuàn yì gōng sī de mén shí kè wèi nǐ kāi zhe,"Chỉ cần bạn sẵn lòng, cánh cửa công ty luôn mở rộng đón bạn.",hsk_5.json
可能,可能,kě néng,có thể,明天可能下雨,míng tiān kě néng xià yǔ,Ngày mai có thể mưa,hsk_1.json
可能,可能,kě néng,có thể,这不可能,zhè bù kě néng,Điều này không thể,hsk_1.json
可能,可能,kě néng,có thể,他可能早就知道这件事情了。,tā kě néng zǎo jiù zhī dào zhè jiàn shì qíng le,Anh ấy có lẽ đã biết chuyện này từ lâu rồi.,hsk_2.json
叶子,叶子,yè zi,lá,这个叶子很好。,zhè ge yè zi hěn hǎo。,lá này rất tốt.,hsk_3.json
叶子,叶子,yè zi,lá,我喜欢这个叶子。,wǒ xǐ huan zhè ge yè zi。,Tôi thích lá này.,hsk_3.json
司机,出租车司机,chū zū chē sī jī,tài xế taxi,他是出租车司机,tā shì chū zū chē sī jī,Anh ấy là tài xế taxi,hsk_2.json
合作,合作伙伴,hézuò huǒbàn,đối tác hợp tác,建立合作伙伴关系，从而扭转了过去单打独斗的局面。,jiàn lì hé zuò huǒ bàn guān xì cóng ér niǔ zhuǎn le guò qù dān dǎ dú dòu de jú miàn,"Thiết lập quan hệ đối tác hợp tác, từ đó xoay chuyển cục diện trước đây chỉ đơn độc chiến đấu.",hsk_4.json
吉祥,吉祥物,jíxiángwù,linh vật,吉祥物让大家感到幸运,Jíxiángwù ràng dàjiā gǎndào xìngyùn,Linh vật may mắn khiến mọi người cảm thấy hên,hsk_3.json
吉祥,吉祥如意,jíxiáng rúyì,cát tường như ý (câu chúc mừng),祝你新年吉祥如意,Zhù nǐ xīnnián jíxiáng rúyì,Chúc bạn năm mới cát tường như ý,hsk_3.json
同样,同样,tóng yàng,giống hệt,我们有同样的问题,wǒ men yǒu tóng yàng de wèn tí,Chúng tôi có vấn đề tương tự,hsk_2.json
同样,同样,tóng yàng,giống hệt,同样的方法,tóng yàng de fāng fǎ,Phương pháp giống nhau,hsk_2.json
同样,同样,tóng yàng,giống hệt,请不要重复同样的错误。,qǐng bù yào zhòng fù tóng yàng de cuò wù,Xin đừng lặp lại cùng một lỗi.,hsk_5.json
名人,名人,míng rén,người nổi tiếng,这个名人很好。,zhè ge míng rén hěn hǎo。,người nổi tiếng này rất tốt.,hsk_3.json
名人,名人,míng rén,người nổi tiếng,我喜欢这个名人。,wǒ xǐ huan zhè ge míng rén。,Tôi thích người nổi tiếng này.,hsk_3.json
名单,名单上,míng dān shàng,trên danh sách,请把你的名字写在名单上,qǐng bǎ nǐ de míng zi xiě zài míng dān shàng,Mời bạn viết tên của bạn vào danh sách,hsk_2.json
名字,什么名字,shénme míngzi,tên gì,你叫什么名字？,Nǐ jiào shénme míngzi?,Bạn tên gì?,hsk_1.json
名字,我的名字,wǒ de míngzi,tên của tôi,我的名字是李明,Wǒ de míngzi shì Lǐ Míng,Tên tôi là Lý Minh,hsk_1.json
后天,后天,hòutiān,ngày mốt,我后天去北京,Wǒ hòutiān qù Běijīng,Ngày mốt tôi đi Bắc Kinh,hsk_1.json
后天,后天,hòutiān,ngày mốt,后天是星期几？,Hòutiān shì xīngqī jǐ?,Ngày mốt là thứ mấy?,hsk_1.json
后天,后天,hòutiān,ngày mốt,我们在后天见面,Wǒmen zài hòutiān jiànmiàn,Ngày mốt chúng ta gặp nhau,hsk_1.json
后天,大后天,dàhòutiān,ngày kia nữa,大后天,dàhòutiān,ngày kia nữa (3 ngày sau),hsk_1.json
后天,后天见,hòutiān jiàn,hẹn gặp ngày mốt,我们在后天见面,Wǒmen zài hòutiān jiànmiàn,Ngày mốt chúng ta gặp nhau,hsk_1.json
后来,后来,hòu lái,sau này,后来他来了,hòu lái tā lái le,Sau đó anh ấy đến,hsk_2.json
后来,后来,hòu lái,sau này,后来怎么样,hòu lái zěn me yàng,Sau đó thế nào,hsk_2.json
后来,后来,hòu lái,sau này,后来才发现，原来我认错人了，我以为他是我同学。,hòu lái cái fā xiàn yuán lái wǒ rèn cuò rén le wǒ yǐ wèi tā shì wǒ tóng xué,"Sau đó mới phát hiện ra hóa ra tôi nhận nhầm người, tôi cứ tưởng anh ấy là bạn học của tôi.",hsk_4.json
后面,往后面,wǎng hòumiàn,về phía sau,请往后面走。,Qǐng wǎng hòumiàn zǒu.,Vui lòng đi về phía sau.,hsk_1.json
听写,做听写,zuò tīngxiě,làm bài nghe viết,老师让我们做听写,Lǎoshī ràng wǒmen zuò tīngxiě,Thầy giáo cho chúng tôi làm bài nghe viết,hsk_1.json
听写,听写考试,tīngxiě kǎoshì,thi nghe viết,明天有听写考试,Míngtiān yǒu tīngxiě kǎoshì,Ngày mai có thi nghe viết,hsk_1.json
听见,听见声音,tīng jiàn shēng yīn,nghe thấy tiếng động,我听见声音了,Wǒ tīng jiàn shēng yīn le,Tôi nghe thấy tiếng rồi,hsk_1.json
听讲,认真听讲,rèn zhēn tīng jiǎng,chăm chú nghe giảng,上课要认真听讲,shàng kè yào rèn zhēn tīng jiǎng,Học phải chăm chú nghe giảng,hsk_2.json
听话,不听话,bù tīnghuà,không ngoan,不听话,bù tīnghuà,"Không ngoan, không vâng lời",hsk_3.json
听话,听话照做,tīnghuà zhàozuò,vâng lời và làm theo,听话照做,tīnghuà zhàozuò,Vâng lời và làm theo,hsk_3.json
听说,我听说,wǒ tīngshuō,tôi nghe nói,我听说他是中国人。,Wǒ tīngshuō tā shì Zhōngguó rén.,Tôi nghe nói anh ấy là người Trung Quốc.,hsk_1.json
启发,深受启发,shēnshòu qǐfā,được truyền cảm hứng sâu sắc,深受启发,shēnshòu qǐfā,được truyền cảm hứng sâu sắc,hsk_2.json
告诉,告诉我,gàosu wǒ,báo cho tôi biết,请告诉我,Qǐng gàosu wǒ,Xin hãy cho tôi biết,hsk_1.json
告诉,告诉我,gàosu wǒ,báo cho tôi biết,他告诉我了,Tā gàosu wǒ le,Anh ấy đã báo cho tôi biết,hsk_1.json
告诉,告诉我,gàosu wǒ,báo cho tôi biết,你怎么不告诉我？,nǐ zěn me bù gào sù wǒ,Sao bạn không nói với tôi?,hsk_5.json
告诉,告诉你,gàosu nǐ,báo cho bạn biết,我告诉你一个秘密,Wǒ gàosu nǐ yī gè mìmì,Tôi báo cho bạn một bí mật,hsk_1.json
告诉,告诉你,gàosu nǐ,báo cho bạn biết,告诉你好消息,Gàosu nǐ hǎo xiāoxi,Báo cho bạn tin tốt,hsk_1.json
告诉,告诉你,gàosu nǐ,báo cho bạn biết,让我想想再告诉你。,ràng wǒ xiǎng xiǎng zài gào sù nǐ,Để mình suy nghĩ rồi sẽ nói cho bạn biết.,hsk_2.json
告诉,请告诉,qǐng gàosu,xin hãy báo cho,请告诉我,Qǐng gàosu wǒ,Xin hãy cho tôi biết,hsk_1.json
周围,房子周围,fángzi zhōuwéi,xung quanh nhà,房子周围有很多树。,Fángzi zhōuwéi yǒu hěnduō shù.,Xung quanh nhà có nhiều cây.,hsk_2.json
咖啡,喝咖啡,hē kāfēi,uống cà phê,我每天早上都喝咖啡。,Wǒ měitiān zǎoshang dōu hē kāfēi.,Tôi uống cà phê mỗi buổi sáng.,hsk_1.json
咖啡,咖啡店,kāfēidiàn,quán cà phê,这家咖啡店很好。,Zhè jiā kāfēidiàn hěn hǎo.,Quán cà phê này rất tốt.,hsk_1.json
咖啡,咖啡店,kāfēidiàn,quán cà phê,我偶尔会去那家咖啡店。,wǒ ǒu ěr huì qù nà jiā kā fēi diàn,Thỉnh thoảng tôi sẽ đến quán cà phê đó.,hsk_5.json
咖啡,咖啡店,kāfēidiàn,quán cà phê,咖啡店离这儿有点儿远。,kā fēi diàn lí zhè ér yǒu diǎn ér yuǎn,Quán cà phê cách đây hơi xa một chút.,new_hsk_2.json
咖啡,一杯咖啡,yībēi kāfēi,một cốc cà phê,请给我一杯咖啡。,Qǐng gěi wǒ yībēi kāfēi.,Làm ơn cho tôi một cốc cà phê.,hsk_1.json
咖啡,一杯咖啡,yībēi kāfēi,một cốc cà phê,刚才我喝了一杯咖啡。,gāng cái wǒ hē le yī bēi kā fēi,Lúc nãy tôi đã uống một ly cà phê.,hsk_3.json
咖啡,一杯咖啡,yībēi kāfēi,một cốc cà phê,爸爸手里拿着一杯咖啡。,bà bà shǒu lǐ ná zhe yī bēi kā fēi,Trong tay bố đang cầm một ly cà phê.,new_hsk_2.json
哈哈,哈哈大笑,hāhā dàxiào,cười lớn,他听了我的笑话，哈哈大笑起来。,"Tā tīng le wǒ de xiàohua, hāhā dàxiào qǐlái.","Anh ấy nghe tôi kể chuyện cười, rồi cười lớn ha ha.",hsk_3.json
哥哥,我哥哥,wǒ gēge,anh trai tôi,我哥哥比我大五岁。,Wǒ gēge bǐ wǒ dà wǔ suì.,Anh trai tôi lớn hơn tôi năm tuổi.,hsk_1.json
哥哥,我哥哥,wǒ gēge,anh trai tôi,这是我哥哥。,Zhè shì wǒ gēge.,Đây là anh trai tôi.,hsk_1.json
哥哥,我哥哥,wǒ gēge,anh trai tôi,我哥哥不想休息。,wǒ gē gē bù xiǎng xiū xī,Anh trai tôi không muốn nghỉ ngơi.,new_hsk_1.json
哪里,在哪里,zài nǎlǐ,ở đâu,你住在哪里？,Nǐ zhù zài nǎlǐ?,Bạn sống ở đâu?,hsk_1.json
哪里,在哪里,zài nǎlǐ,ở đâu,洗手间在哪里？,Xǐshǒujiān zài nǎlǐ?,Nhà vệ sinh ở đâu?,hsk_1.json
唯一,唯一的选择,wéiyī de xuǎnzé,lựa chọn duy nhất,这是我唯一的选择,Zhè shì wǒ wéiyī de xuǎnzé,Đây là lựa chọn duy nhất của tôi,hsk_2.json
唾液,唾液样本,tuòyè yàngběn,mẫu nước bọt,医生采集了唾液样本,Yīshēng cǎijí le tuòyè yàngběn,Bác sĩ thu thập mẫu nước bọt,hsk_3.json
商业,商业区,shāng yè qū,khu thương mại,他在商业区工作。,tā zài shāng yè qū gōng zuò。,Anh ấy làm việc ở khu thương mại.,hsk_3.json
商品,商品质量,shāng pǐn zhì liàng,chất lượng hàng hóa,这家商店的商品质量很好。,zhè jiā shāng diàn de shāng pǐn zhì liàng hěn hǎo。,Hàng hóa của cửa hàng này có chất lượng rất tốt.,hsk_3.json
商店,去商店,qù shāngdiàn,đi cửa hàng,去商店,qù shāngdiàn,đi cửa hàng,hsk_1.json
商店,去商店,qù shāngdiàn,đi cửa hàng,他去商店买东西。,tā qù shāng diàn mǎi dōng xī,Anh ấy đi cửa hàng mua đồ.,hsk_1.json
商店,去商店,qù shāngdiàn,đi cửa hàng,我去商店了。,wǒ qù shāng diàn le,Tôi đã đi cửa hàng rồi.,hsk_1.json
商店,商店,shāngdiàn,cửa hàng,去商店,qù shāngdiàn,đi cửa hàng,hsk_1.json
商店,商店,shāngdiàn,cửa hàng,商店很大,Shāngdiàn hěn dà,Cửa hàng rất lớn,hsk_1.json
商店,商店,shāngdiàn,cửa hàng,在商店买东西,zài shāngdiàn mǎi dōngxi,mua đồ ở cửa hàng,hsk_1.json
商量,商量一下,shāng liang yī xià,thương lượng một chút,我们需要商量一下,wǒ men xū yào shāng liang yī xià,Chúng ta cần thương lượng một chút,hsk_2.json
啤酒,喝啤酒,hē píjiǔ,uống bia,夏天喝啤酒很舒服。,Xiàtiān hē píjiǔ hěn shūfu.,Mùa hè uống bia rất thoải mái.,hsk_1.json
啤酒,一杯啤酒,yībēi píjiǔ,một cốc bia,我要一杯啤酒。,Wǒ yào yībēi píjiǔ.,Tôi muốn một cốc bia.,hsk_1.json
啤酒,啤酒厂,píjiǔchǎng,nhà máy bia,这家啤酒厂的啤酒很好喝。,Zhè jiā píjiǔchǎng de píjiǔ hěn hǎohē.,Bia của nhà máy bia này rất ngon.,hsk_1.json
喜欢,很喜欢,hěn xǐhuān,rất thích,我很喜欢这首歌,Wǒ hěn xǐhuān zhè shǒu gē,Tôi rất thích bài hát này,hsk_1.json
喜欢,很喜欢,hěn xǐhuān,rất thích,虽然汉字很难，但是我很喜欢写汉字。,suī rán hàn zì hěn nán dàn shì wǒ hěn xǐ huān xiě hàn zì,Tuy chữ Hán rất khó nhưng tôi rất thích viết chữ Hán.,hsk_2.json
嗜好,不良嗜好,bùliáng shìhào,thói quen xấu,不良嗜好,Bùliáng shìhào,"Thói quen xấu (hút thuốc, rượu chè...)",hsk_3.json
嗜好,个人嗜好,gèrén shìhào,sở thích cá nhân,个人嗜好,Gèrén shìhào,Sở thích cá nhân,hsk_3.json
四季,四季如春,sìjì rú chūn,bốn mùa như xuân,这里四季如春,Zhèlǐ sìjì rú chūn,Nơi này bốn mùa như mùa xuân,hsk_3.json
四季,四季分明,sìjì fēnmíng,bốn mùa rõ rệt,四季分明,Sìjì fēnmíng,Bốn mùa rõ rệt,hsk_3.json
回答,回答问题,huídá wèntí,trả lời câu hỏi,请回答问题,Qǐng huídá wèntí,Xin hãy trả lời câu hỏi,hsk_1.json
回答,回答,huídá,trả lời,请回答问题,Qǐng huídá wèntí,Xin hãy trả lời câu hỏi,hsk_1.json
回答,回答,huídá,trả lời,我回答老师的问题,Wǒ huídá lǎoshī de wèntí,Tôi trả lời câu hỏi của thầy,hsk_1.json
回答,回答,huídá,trả lời,不知道怎么回答,Bù zhīdào zěnme huídá,Không biết trả lời thế nào,hsk_1.json
回答,请回答,qǐng huídá,xin trả lời,请回答问题,Qǐng huídá wèntí,Xin hãy trả lời câu hỏi,hsk_1.json
回答,请回答,qǐng huídá,xin trả lời,请回答,Qǐng huídá,Xin trả lời,hsk_1.json
园林,苏州园林,Sūzhōu yuánlín,Vườn cảnh Tô Châu,苏州园林是中国最著名的园林之一,Sūzhōu yuánlín shì Zhōngguó zuì zhùmíng de yuánlín zhī yī,Vườn cảnh Tô Châu là một trong những vườn lâm nổi tiếng nhất Trung Quốc,hsk_3.json
园林,园林设计,yuánlín shèjì,thiết kế vườn lâm,园林设计是一门艺术,Yuánlín shèjì shì yī mén yìshù,Thiết kế vườn lâm là một môn nghệ thuật,hsk_3.json
困惑,感到困惑,gǎn dào kùn huò,cảm thấy bối rối,他对未来感到困惑,Tā duì wèi lái gǎn dào kùn huò,Anh ấy cảm thấy lúng túng về tương lai,hsk_3.json
困难,遇到困难,yùdào kùnnán,gặp khó khăn,尽管遇到困难，他也没有放弃。,"Jǐnguǎn yùdào kùnnán, tā yě méiyǒu fàngqì.","Tuy gặp khó khăn, anh ấy vẫn không bỏ cuộc.",hsk_3.json
国外,去国外,qù guówài,đi nước ngoài,很多中国学生去国外留学,Hěnduō Zhōngguó xuésheng qù guówài liúxué,Nhiều sinh viên Trung Quốc đi du học ở nước ngoài,hsk_1.json
国外,在国外,zài guówài,ở nước ngoài,我朋友在国外工作,Wǒ péngyǒu zài guówài gōngzuò,Bạn tôi làm việc ở nước ngoài,hsk_1.json
国宝,国宝大熊猫,guóbǎo dàxióngmāo,gấu trúc lớn,国宝大熊猫,Guóbǎo dàxióngmāo,gấu trúc lớn — bảo vật quốc gia,hsk_3.json
国宝,国宝级,guóbǎo jí,cấp bảo vật quốc gia,他是国宝级演员,Tā shì guóbǎo jí yǎnyuán,Anh ấy là diễn viên cấp bảo vật quốc gia,hsk_3.json
国宝,保护国宝,bǎohù guóbǎo,bảo vệ bảo vật,保护国宝,Bǎohù guóbǎo,bảo vệ bảo vật quốc gia,hsk_3.json
国庆,国庆节,guóqìngjié,ngày Quốc khánh,十月一日是中国的国庆节。,Shí yuè yī rì shì Zhōngguó de guóqìngjié.,Mùng một tháng mười là ngày Quốc khánh của Trung Quốc.,hsk_3.json
地图,看地图,kàn dì tú,xem bản đồ,请看地图,Qǐng kàn dì tú,Làm ơn xem bản đồ,hsk_1.json
地址,地址,dì zhǐ,địa chỉ,这个地址很好。,zhè ge dì zhǐ hěn hǎo。,địa chỉ này rất tốt.,hsk_2.json
地址,地址,dì zhǐ,địa chỉ,我喜欢这个地址。,wǒ xǐ huan zhè ge dì zhǐ。,Tôi thích địa chỉ này.,hsk_2.json
地址,地址,dì zhǐ,địa chỉ,况且你又不知道地址。,kuàng qiě nǐ yòu bù zhī dào dì zhǐ,Hơn nữa bạn lại không biết địa chỉ.,hsk_6.json
地方,什么地方,shénme dìfāng,nơi nào,这是什么地方？,Zhè shì shénme dìfāng?,Đây là nơi nào?,hsk_1.json
地方,什么地方,shénme dìfāng,nơi nào,去什么地方？,Qù shénme dìfāng?,Đi đâu?,hsk_1.json
地方,这个地方,zhège dìfāng,nơi này,我喜欢这个地方,Wǒ xǐhuan zhège dìfāng,Tôi thích nơi này,hsk_1.json
地方,这个地方,zhège dìfāng,nơi này,这个地方很大,Zhège dìfāng hěn dà,Nơi này rất lớn,hsk_1.json
地方,这个地方,zhège dìfāng,nơi này,这个地方既安静，交通也方便。,zhè gè dì fāng jì ān jìng jiāo tōng yě fāng biàn,"Nơi này vừa yên tĩnh, giao thông cũng thuận tiện.",hsk_4.json
地铁,坐地铁,zuò dì tiě,đi tàu điện ngầm,坐地铁,zuò dì tiě,Đi tàu điện ngầm,hsk_1.json
地铁,地铁站,dì tiě zhàn,ga tàu điện ngầm,地铁站在哪里,dì tiě zhàn zài nǎ lǐ,Ga tàu điện ngầm ở đâu,hsk_1.json
场所,公共场所,gōnggòng chǎngsuǒ,nơi công cộng,这是一个公共场所。,Zhè shì yī gè gōnggòng chǎngsuǒ.,Đây là một nơi công cộng.,hsk_3.json
坏事,做坏事,zuò huàishì,làm việc xấu,不要做坏事,Bùyào zuò huàishì,Đừng làm việc xấu,hsk_2.json
坐下,坐下,zuò xià,ngồi xuống,请坐下,Qǐng zuò xià,Xin hãy ngồi xuống,hsk_1.json
坐下,坐下,zuò xià,ngồi xuống,我坐下了,Wǒ zuò xià le,Tôi đã ngồi xuống rồi,hsk_1.json
坐下,坐下,zuò xià,ngồi xuống,坐下休息,Zuò xià xiūxi,ngồi xuống nghỉ ngơi,hsk_1.json
坚决,坚决反对,jiān jué fǎn duì,kiên quyết phản đối,我们坚决反对这种行为。,wǒ men jiān jué fǎn duì zhè zhǒng xíng wéi。,Chúng ta kiên quyết phản đối hành vi này.,hsk_3.json
坚强,坚强的意志,jiān qiáng de yì zhì,ý chí kiên cường,我们需要坚强的意志。,wǒ men xū yào jiān qiáng de yì zhì。,Chúng ta cần ý chí kiên cường.,hsk_3.json
城市,大城市,dà chéngshì,thành phố lớn,大城市生活很方便。,Dà chéngshì shēnghuó hěn fāngbiàn.,Cuộc sống ở thành phố lớn rất tiện lợi.,hsk_3.json
城市,大城市,dà chéngshì,thành phố lớn,和中国其他大城市相比。,hé zhōng guó qí tā dà chéng shì xiāng bǐ,So với các thành phố lớn khác của Trung Quốc.,hsk_6.json
基本,基本完成,jī běn wán chéng,hoàn thành cơ bản,我们基本完成了任务。,wǒ men jī běn wán chéng le rèn wu。,Chúng ta cơ bản đã hoàn thành nhiệm vụ.,hsk_2.json
基础,打好基础,dǎ hǎo jī chǔ,nắm vững nền tảng,学习外语需要打好基础。,xué xí wài yǔ xū yào dǎ hǎo jī chǔ。,Học ngoại ngữ cần phải nắm vững nền tảng.,hsk_1.json
境界,精神境界,jīngshén jìngjiè,cảnh giới tinh thần,修身养性可以提升人的精神境界。,Xiūshēn yǎngxìng kěyǐ tíshēng rén de jīngshén jìngjiè.,Tu thân dưỡng tính có thể nâng cao cảnh giới tinh thần của người.,hsk_3.json
境界,高境界,gāo jìngjiè,cảnh giới cao,他进入了冥想的最高境界。,Tā jìnrù le míngxiǎng de zuìgāo jìngjiè.,Ông ấy đã đạt đến cảnh giới thiền định cao nhất.,hsk_3.json
外交,外交部,wàijiāobù,Bộ Ngoại giao,他在外交部工作。,Tā zài wàijiāobù gōngzuò.,Anh ấy làm việc ở Bộ Ngoại giao.,hsk_3.json
外交,外交关系,wàijiāo guānxì,quan hệ ngoại giao,两国外交关系很好。,Liǎng guó wàijiāo guānxì hěn hǎo.,Quan hệ ngoại giao giữa hai nước rất tốt.,hsk_3.json
外卖,点外卖,diǎn wài mài,đặt đồ ăn mang về,我想点外卖,wǒ xiǎng diǎn wài mài,Tôi muốn đặt đồ ăn mang về,hsk_2.json
外号,外号,wài hào,biệt danh,他有一个外号,Tā yǒu yī ge wài hào,Hắn có một biệt danh,hsk_2.json
外号,外号,wài hào,biệt danh,同学们给他起了外号,Tóng xué men gěi tā qǐ le wài hào,Bạn bè đặt cho hắn biệt danh,hsk_2.json
外号,外号,wài hào,biệt danh,这个外号很贴切,Zhè ge wài hào hěn tiē qiè,Biệt danh này rất phù hợp,hsk_2.json
外国,外国朋友,wàiguó péngyǒu,bạn nước ngoài,这个外国朋友很友善,Zhège wàiguó péngyǒu hěn yǒushàn,Người bạn nước ngoài này rất thân thiện,hsk_1.json
外国,外国学生,wàiguó xuéshēng,sinh viên nước ngoài,我们学校有很多外国学生,Wǒmen xuéxiào yǒu hěnduō wàiguó xuéshēng,Trường chúng tôi có rất nhiều sinh viên nước ngoài,hsk_1.json
外文,外文书,wài wén shū,sách ngoại ngữ,他能看懂外文书。,tā néng kàn dǒng wài wén shū。,Anh ấy có thể đọc được sách ngoại ngữ.,hsk_3.json
外衣,穿外衣,chuān wàiyī,mặc áo khoác ngoài,天气变冷了，记得穿外衣,"Tiānqì biàn lěng le, jìde chuān wàiyī","Trời trở lạnh rồi, nhớ mặc áo khoác ngoài",hsk_2.json
外边,去外边,qù wàibiān,ra bên ngoài,请去外边等我,Qǐng qù wàibiān děng wǒ,Xin hãy ra bên ngoài đợi tôi,hsk_1.json
多久,等多久,děng duō jiǔ,đợi bao lâu,我们要等多久？,wǒ men yào děng duō jiǔ？,Chúng ta phải đợi bao lâu?,hsk_2.json
多久,要多久,yào duō jiǔ,mất bao lâu,你需要多久才能完成？,nǐ xū yào duō jiǔ cái néng wán chéng？,Bạn cần bao lâu mới hoàn thành được?,hsk_2.json
多久,要多久,yào duō jiǔ,mất bao lâu,从这里到火车站要多久？,cóng zhè li dào huǒ chē zhàn yào duō jiǔ？,Từ đây đến ga xe lửa bao lâu?,hsk_2.json
多少,多少钱,duōshǎo qián,bao nhiêu tiền,你有多少钱？,Nǐ yǒu duōshǎo qián?,Bạn có bao nhiêu tiền?,hsk_1.json
多少,多少钱,duōshǎo qián,bao nhiêu tiền,多少钱？,Duōshǎo qián?,Bao nhiêu tiền?,hsk_1.json
多少,多少钱,duōshǎo qián,bao nhiêu tiền,这个杯子多少钱？,zhè gè bēi zi duō shǎo qián,Cái ly này bao nhiêu tiền?,hsk_1.json
多少,多少人,duōshǎo rén,bao nhiêu người,多少人？,Duōshǎo rén?,Bao nhiêu người?,hsk_1.json
多少,多少,duōshǎo,bao nhiêu,你有多少钱？,Nǐ yǒu duōshǎo qián?,Bạn có bao nhiêu tiền?,hsk_1.json
多少,多少,duōshǎo,bao nhiêu,多少人？,Duōshǎo rén?,Bao nhiêu người?,hsk_1.json
多少,多少,duōshǎo,bao nhiêu,多少钱？,Duōshǎo qián?,Bao nhiêu tiền?,hsk_1.json
大声,大声说话,dà shēng shuō huà,nói to,不要大声说话,bù yào dà shēng shuō huà,Đừng nói to tiếng,hsk_2.json
大大,大大,dà dà,rất lớn,大大增加,dà dà zēng jiā,Tăng lên rất nhiều,hsk_2.json
大大,大大,dà dà,rất lớn,我再给她买个大大的生日蛋糕。,wǒ zài gěi tā mǎi gè dà dà de shēng rì dàn gāo,Tôi mua thêm cho cô ấy một cái bánh sinh nhật thật to.,new_hsk_2.json
大家,大家好,dà jiā hǎo,chào mọi người,大家好,dà jiā hǎo,Chào mọi người,hsk_1.json
大小,大小,dà xiǎo,lớn nhỏ,这个箱子大小合适,zhè ge xiāng zi dà xiǎo hé shì,Cái thùng này kích thước vừa đúng,hsk_2.json
大小,大小,dà xiǎo,lớn nhỏ,不管大小,bù guǎn dà xiǎo,Bất kể kích thước lớn nhỏ,hsk_2.json
大巴,坐大巴,zuò dàbā,đi xe buýt,我们坐大巴去机场,Wǒmen zuò dàbā qù jīchǎng,Chúng tôi đi xe buýt ra sân bay,hsk_1.json
大衣,穿大衣,chuān dà yī,mặc áo khoác,冬天穿大衣,dōng tiān chuān dà yī,Mùa đông mặc áo khoác dài,hsk_2.json
大量,大量资金,dà liàng zī jīn,số vốn lớn,需要大量资金,xū yào dà liàng zī jīn,Cần số vốn lớn,hsk_2.json
大量,大量生产,dà liàng shēng chǎn,sản xuất quy mô lớn,大量生产,dà liàng shēng chǎn,Sản xuất với số lượng lớn,hsk_2.json
大门,大门口,dà mén kǒu,cửa cổng chính,他站在大门口等我,tā zhàn zài dà mén kǒu děng wǒ,Anh ấy đứng ở cổng chính chờ tôi,hsk_2.json
天气,天气预报,tiānqì yùbào,dự báo thời tiết,天气预报说有雨,Tiānqì yùbào shuō yǒu yǔ,Dự báo thời tiết nói có mưa,hsk_1.json
天生,天生丽质,tiānshēng lìzhì,nhan sắc trời cho,天生丽质，不需要过多打扮。,"Tiānshēng lìzhì, bù xūyào guòduō dǎbàn.","Nhan sắc trời cho, không cần trang điểm quá nhiều.",hsk_3.json
夫人,夫人,fū ren,phu nhân,王夫人,Wáng fūren,Phu nhân Vương,hsk_2.json
夫人,夫人,fū ren,phu nhân,总统夫人,zǒngtǒng fūren,vợ tổng thống,hsk_2.json
夫人,夫人,fū ren,phu nhân,李先生和他的夫人,Lǐ xiānsheng hé tā de fūren,ông Lý và vợ ông ấy,hsk_2.json
失去,失去信心,shī qù xìn xīn,mất lòng tin,不要失去信心。,bù yào shī qù xìn xīn。,Đừng mất lòng tin.,hsk_2.json
奔跑,自由奔跑,zìyóu bēnpǎo,tự do phi chạy,马在草原上自由奔跑,Mǎ zài cǎoyuán shàng zìyóu bēnpǎo,Ngựa tự do phi nước đại trên thảo nguyên,hsk_3.json
奢侈,奢侈品,shēchǐ pǐn,hàng xa xỉ,她喜欢买奢侈品。,Tā xǐhuān mǎi shēchǐ pǐn.,Cô ấy thích mua đồ xa xỉ.,hsk_3.json
女儿,女儿,nǚ'ér,con gái,这是我女儿,Zhè shì wǒ nǚ'ér,Đây là con gái tôi,hsk_1.json
女儿,女儿,nǚ'ér,con gái,女儿很漂亮,Nǚ'ér hěn piàoliang,Con gái rất xinh,hsk_1.json
女儿,女儿,nǚ'ér,con gái,有一个女儿,Yǒu yī gè nǚ'ér,Có một con gái,hsk_1.json
女士,女士,nǚ shì,quý bà,这个女士很好。,zhè ge nǚ shì hěn hǎo。,quý bà này rất tốt.,hsk_1.json
女士,女士,nǚ shì,quý bà,我喜欢这个女士。,wǒ xǐ huan zhè ge nǚ shì。,Tôi thích quý bà này.,hsk_1.json
奶奶,奶奶家,nǎinai jiā,nhà bà nội,去奶奶家,qù nǎinai jiā,đến nhà bà nội,hsk_1.json
好久,好久不见,hǎo jiǔ bù jiàn,đã lâu không gặp,好久不见！,hǎo jiǔ bù jiàn！,Đã lâu không gặp!,hsk_2.json
好久,好久没有,hǎo jiǔ méi yǒu,đã lâu không có,好久没有吃到这么好吃的菜了。,hǎo jiǔ méi yǒu chī dào zhè me hǎo chī de cài le。,Đã lâu không được ăn món ăn ngon như vậy.,hsk_2.json
好事,一件好事,yī jiàn hǎo shì,một việc tốt,他做了一件好事。,tā zuò le yī jiàn hǎo shì。,Anh ấy làm một việc tốt.,hsk_2.json
好像,好像,hǎo xiàng,dường như,好像下雨了,hǎo xiàng xià yǔ le,Hình như trời mưa rồi,hsk_1.json
好像,好像,hǎo xiàng,dường như,他好像不高兴,tā hǎo xiàng bù gāo xìng,Anh ấy dường như không vui,hsk_1.json
好像,好像,hǎo xiàng,dường như,我好像在哪儿看到过这个箱子。,wǒ hǎo xiàng zài nǎ ér kàn dào guò zhè gè xiāng zi,Tôi hình như đã thấy cái vali này ở đâu đó rồi.,new_hsk_3.json
好吃,很好吃,hěn hǎochī,rất ngon,这个菜很好吃。,Zhège cài hěn hǎochī.,Món này rất ngon.,hsk_1.json
好吃,很好吃,hěn hǎochī,rất ngon,中国菜很好吃。,Zhōngguó cài hěn hǎochī.,Món Trung Quốc rất ngon.,hsk_1.json
好吃,很好吃,hěn hǎochī,rất ngon,这个苹果很好吃。,zhè gè píng guǒ hěn hǎo chī,Quả táo này rất ngon.,new_hsk_1.json
好处,有好处,yǒu hǎo chù,có lợi,这对身体有好处,zhè duì shēn tǐ yǒu hǎo chù,Điều này có lợi cho sức khỏe,hsk_2.json
好多,好多人,hǎo duō rén,nhiều người,好多人,hǎo duō rén,Nhiều người,hsk_2.json
好多,好多东西,hǎo duō dōng xi,nhiều đồ,我们吃了好多东西,wǒ men chī le hǎo duō dōng xi,Chúng tôi ăn nhiều đồ,hsk_2.json
好奇,很好奇,hěn hàoqí,rất tò mò,孩子对世界很好奇。,Háizi duì shìjiè hěn hàoqí.,Trẻ em rất tò mò về thế giới.,hsk_3.json
好奇,很好奇,hěn hàoqí,rất tò mò,我很好奇这个故事。,Wǒ hěn hàoqí zhège gùshi.,Tôi rất tò mò về câu chuyện này.,hsk_3.json
好看,很好看,hěn hǎokàn,rất đẹp,这本书很好看。,Zhè běn shū hěn hǎokàn.,Quyển sách này rất hay.,hsk_1.json
好看,很好看,hěn hǎokàn,rất đẹp,她今天很好看。,Tā jīntiān hěn hǎokàn.,Hôm nay cô ấy rất đẹp.,hsk_1.json
好看,很好看,hěn hǎokàn,rất đẹp,那件衣服很好看，还是买那件吧。,nà jiàn yī fú hěn hǎo kàn hái shì mǎi nà jiàn ba,"Bộ quần áo kia rất đẹp, hay là mua bộ đó đi.",new_hsk_2.json
如何,如何做,rúhé zuò,làm như thế nào,你知道如何做这道菜吗？,Nǐ zhīdào rúhé zuò zhè dào cài ma?,Bạn có biết cách làm món này không?,hsk_3.json
妈妈,我妈妈,wǒ māma,mẹ tôi,我妈妈是老师。,Wǒ māma shì lǎoshī.,Mẹ tôi là giáo viên.,hsk_1.json
妈妈,我妈妈,wǒ māma,mẹ tôi,这是给我妈妈的礼物。,Zhè shì gěi wǒ māma de lǐwù.,Đây là quà cho mẹ tôi.,hsk_1.json
妈妈,我妈妈,wǒ māma,mẹ tôi,我妈妈在家。,wǒ mā mā zài jiā,Mẹ tôi ở nhà.,hsk_1.json
妨害,妨害健康,fánghài jiànkāng,Gây hại sức khỏe,妨害健康,fánghài jiànkāng,Gây hại sức khỏe,hsk_3.json
妨害,妨害公共秩序,fánghài gōnggòng zhìxù,Gây hại trật tự công cộng,妨害公共秩序,fánghài gōnggòng zhìxù,Gây hại trật tự công cộng,hsk_3.json
妨害,妨害交通,fánghài jiāotōng,Cản trở giao thông,妨害交通,fánghài jiāotōng,Cản trở giao thông,hsk_3.json
妹妹,妹妹,mèimei,em gái,这是我妹妹,Zhè shì wǒ mèimei,Đây là em gái tôi,hsk_1.json
妹妹,妹妹,mèimei,em gái,妹妹很小,Mèimei hěn xiǎo,Em gái còn nhỏ,hsk_1.json
妹妹,妹妹,mèimei,em gái,我和妹妹一起玩,Wǒ hé mèimei yīqǐ wán,Tôi chơi cùng em gái,hsk_1.json
姐姐,姐姐,jiějie,chị gái,这是我姐姐,Zhè shì wǒ jiějie,Đây là chị gái tôi,hsk_1.json
姐姐,姐姐,jiějie,chị gái,姐姐很漂亮,Jiějie hěn piàoliang,Chị gái rất xinh đẹp,hsk_1.json
姐姐,姐姐,jiějie,chị gái,我和姐姐住,Wǒ hé jiějie zhù,Tôi sống cùng chị gái,hsk_1.json
媒体,社交媒体,shèjiāo méitǐ,mạng xã hội,社交媒体很重要。,Shèjiāo méitǐ hěn zhòngyào.,Mạng xã hội rất quan trọng.,hsk_3.json
字典,字典,zì diǎn,tự điển,查字典,chá zì diǎn,Tra từ điển,hsk_2.json
季节,季节,jì jié,mùa,这个季节很好。,zhè ge jì jié hěn hǎo。,mùa này rất tốt.,hsk_1.json
季节,季节,jì jié,mùa,我喜欢这个季节。,wǒ xǐ huan zhè ge jì jié。,Tôi thích mùa này.,hsk_1.json
学习,学习中文,xuéxí Zhōngwén,học tiếng Trung,我在学习中文,Wǒ zài xuéxí Zhōngwén,Tôi đang học tiếng Trung,hsk_1.json
学习,努力学习,nǔlì xuéxí,chăm chỉ học,努力学习,nǔlì xuéxí,chăm chỉ học,hsk_1.json
学习,努力学习,nǔlì xuéxí,chăm chỉ học,只要你努力学习，就会有进步。,zhǐ yào nǐ nǔ lì xué xí jiù huì yǒu jìn bù,Chỉ cần bạn nỗ lực học tập thì sẽ có tiến bộ.,hsk_3.json
学习,努力学习,nǔlì xuéxí,chăm chỉ học,只有努力学习，才能考好。,zhǐ yǒu nǔ lì xué xí cái néng kǎo hǎo,Chỉ có nỗ lực học tập mới có thể thi tốt.,hsk_3.json
学习,喜欢学习,xǐhuan xuéxí,thích học,喜欢学习,xǐhuan xuéxí,thích học,hsk_1.json
学期,学期,xué qī,học kỳ,这个学期,zhè ge xué qī,Học kỳ này,hsk_1.json
学期,学期,xué qī,học kỳ,上学期,shàng xué qī,Học kỳ đầu,hsk_1.json
学生,我是学生,wǒ shì xuéshēng,tôi là học sinh,我是学生,Wǒ shì xuéshēng,Tôi là học sinh,hsk_1.json
学生,我是学生,wǒ shì xuéshēng,tôi là học sinh,我不是老师，我是学生。你呢？,wǒ bù shì lǎo shī wǒ shì xué shēng nǐ ne,"Tôi không phải là giáo viên, tôi là học sinh. Còn bạn?",hsk_1.json
学生,我是学生,wǒ shì xuéshēng,tôi là học sinh,我是学生。,wǒ shì xué shēng,Tôi là học sinh.,new_hsk_1.json
学生,好学生,hǎo xuéshēng,học sinh giỏi,好学生,hǎo xuéshēng,học sinh giỏi,hsk_1.json
孩子,女孩子,nǚ háizi,đứa bé gái,那个女孩子斯文着呢。,nà gè nǚ hái zi sī wén zhe ne,Cô bé đó nhã nhặn lắm.,hsk_6.json
它们,它们的,tā men de,của chúng,这些书是它们的,zhè xiē shū shì tā men de,Những cuốn sách này là của chúng,hsk_1.json
安全,很安全,hěn ān quán,rất an toàn,这里很安全。,zhè li hěn ān quán。,Ở đây rất an toàn.,hsk_2.json
安全,注意安全,zhù yì ān quán,chú ý an toàn,请注意安全。,qǐng zhù yì ān quán。,Vui lòng chú ý an toàn.,hsk_2.json
安装,安装空调,ānzhuāng kōngtiáo,lắp điều hòa,请帮我安装空调。,Qǐng bāng wǒ ānzhuāng kōngtiáo.,Làm ơn giúp tôi lắp điều hòa.,hsk_3.json
安静,很安静,hěn ān jìng,rất yên tĩnh,图书馆里很安静。,tú shū guǎn lǐ hěn ān jìng。,Trong thư viện rất yên tĩnh.,hsk_2.json
安静,保持安静,bǎo chí ān jìng,giữ yên tĩnh,请保持安静。,qǐng bǎo chí ān jìng。,Vui lòng giữ yên tĩnh.,hsk_2.json
完全,完全,wán quán,hoàn toàn,我完全同意,wǒ wán quán tóng yì,Tôi hoàn toàn đồng ý,hsk_2.json
完全,完全,wán quán,hoàn toàn,完全正确,wán quán zhèng què,Hoàn toàn đúng,hsk_2.json
完全,完全,wán quán,hoàn toàn,大家的意见完全一致。,dà jiā de yì jiàn wán quán yī zhì,Ý kiến của mọi người hoàn toàn thống nhất.,hsk_5.json
宏观,宏观经济,hóngguān jīngjì,kinh tế vĩ mô,宏观经济政策影响所有人,Hóngguān jīngjì zhèngcè yǐngxiǎng suǒyǒu rén,Chính sách kinh tế vĩ mô ảnh hưởng đến mọi người,hsk_3.json
宏观,宏观调控,hóngguān tiáokòng,điều tiết vĩ mô,宏观调控是政府的重要职能,Hóngguān tiáokòng shì zhèngfǔ de zhòngyào zhínéng,Điều tiết vĩ mô là chức năng quan trọng của chính phủ,hsk_3.json
宏观,宏观角度,hóngguān jiǎodù,góc độ vĩ mô,我们需要从宏观角度分析这个问题,Wǒmen xūyào cóng hóngguān jiǎodù fēnxī zhège wèntí,Chúng ta cần phân tích vấn đề này từ góc độ vĩ mô,hsk_3.json
实现,实现目标,shí xiàn mù biāo,đạt được mục tiêu,我们需要实现目标,wǒ men xū yào shí xiàn mù biāo,Chúng ta cần đạt được mục tiêu,hsk_2.json
实行,开始实行,kāi shǐ shí xíng,bắt đầu thực hiện,这个计划已经开始实行。,zhè ge jì huà yǐ jīng kāi shǐ shí xíng。,Kế hoạch này đã bắt đầu được thực hiện.,hsk_2.json
实际,从实际出发,cóng shí jì chū fā,xuất phát từ thực tế,我们要从实际出发。,wǒ men yào cóng shí jì chū fā。,Chúng ta phải xuất phát từ thực tế.,hsk_2.json
家人,我和家人,wǒ hé jiārén,tôi và gia đình,我和家人住在一起,Wǒ hé jiārén zhù zài yīqǐ,Tôi sống cùng gia đình,hsk_1.json
家伙,这家伙,zhè jiāhuo,tên này,这家伙竟然敢这样说话！,Zhè jiāhuo jìngrán gǎn zhèyàng shuōhuà!,Gã này dám nói vậy!,hsk_3.json
家伙,那家伙,nà jiāhuo,tên đó,那家伙真让人头疼。,Nà jiāhuo zhēn ràng rén tóuténg.,Cái thằng đó thật khiến người ta nhức đầu.,hsk_3.json
家教,有家教,yǒu jiājiào,có nề nếp gia giáo,这孩子很有家教，见人打招呼,"Zhè háizi hěn yǒu jiājiào, jiàn rén dǎ zhāohu","Đứa trẻ này rất có nề nếp gia giáo, gặp ai cũng chào hỏi",hsk_2.json
家教,有家教,yǒu jiājiào,có nề nếp gia giáo,没有家教的孩子在社会上很吃亏,Méiyǒu jiājiào de háizi zài shèhuì shàng hěn chīkuī,Trẻ thiếu nề nếp gia đình dễ thiệt thòi ngoài xã hội,hsk_2.json
家里,在家里,zài jiālǐ,ở trong nhà,我在家里,Wǒ zài jiālǐ,Tôi đang ở trong nhà,hsk_1.json
家里,在家里,zài jiālǐ,ở trong nhà,不妨在家里放点儿白噪音。,bù fáng zài jiā lǐ fàng diǎn ér bái zào yīn,Đừng ngại để một chút tiếng ồn trắng trong nhà.,hsk_6.json
家长,家长会,jiā zhǎng huì,họp phụ huynh,明天开家长会,míng tiān kāi jiā zhǎng huì,Ngày mai họp phụ huynh,hsk_2.json
容易,很容易,hěn róng yì,rất dễ,这个问题很容易回答。,zhè ge wèn tí hěn róng yì huí dá。,Câu hỏi này rất dễ trả lời.,hsk_1.json
容易,很容易,hěn róng yì,rất dễ,这道题很容易。,zhè dào tí hěn róng yì,Câu này rất dễ.,hsk_5.json
小区,小区环境,xiǎoqū huánjìng,môi trường khu chung cư,这个小区环境挺好的。,zhè gè xiǎo qū huán jìng tǐng hǎo de,Môi trường của khu dân cư này rất tốt.,new_hsk_3.json
小声,小声说,xiǎo shēng shuō,nói nhỏ,请小声说话,qǐng xiǎo shēng shuō huà,Vui lòng nói nhỏ,hsk_2.json
小心,小心一点,xiǎo xīn yī diǎn,cẩn thận chút,小心一点,xiǎo xīn yī diǎn,Cẩn thận một chút,hsk_2.json
小时,一个小时,yīgè xiǎoshí,một tiếng,还有一个小时,Hái yǒu yīgè xiǎoshí,Còn một tiếng nữa,hsk_1.json
小时,一个小时,yīgè xiǎoshí,một tiếng,冬天比夏天早关门一个小时。,dōng tiān bǐ xià tiān zǎo guān mén yī gè xiǎo shí,Mùa đông đóng cửa sớm hơn mùa hè một tiếng đồng hồ.,new_hsk_3.json
小时,半个小时,bàn gè xiǎoshí,nửa tiếng,都等她半个小时了！,dōu děng tā bàn gè xiǎo shí le,Đã đợi cô ấy nửa giờ đồng hồ rồi!,hsk_2.json
小时,几个小时,jǐ gè xiǎoshí,mấy tiếng,从北京到上海要坐几个小时的飞机？,cóng běi jīng dào shàng hǎi yào zuò jǐ gè xiǎo shí de fēi jī,Từ Bắc Kinh đến Thượng Hải đi máy bay mất mấy tiếng?,hsk_2.json
小说,小说,xiǎo shuō,tiểu thuyết,写小说,xiě xiǎo shuō,Viết tiểu thuyết,hsk_2.json
小说,小说,xiǎo shuō,tiểu thuyết,每个人都有自己特别感兴趣的东西，因此，作家爱写小说，画家爱画画儿。,měi gè rén dōu yǒu zì jǐ tè bié gǎn xīng qù de dōng xī yīn cǐ zuò jiā ài xiě xiǎo shuō huà jiā ài huà huà ér,"Mỗi người đều có thứ mình đặc biệt hứng thú, vì vậy nhà văn thích viết tiểu thuyết, họa sĩ thích vẽ tranh.",hsk_4.json
就是,就是,jiù shì,chính là,有人觉得有房子和汽车就是幸福，有人却认为找到真正的爱情才是幸福。,yǒu rén jué dé yǒu fáng zi hé qì chē jiù shì xìng fú yǒu rén què rèn wèi zhǎo dào zhēn zhèng de ài qíng cái shì xìng fú,"Có người cho rằng có nhà và xe là hạnh phúc, nhưng có người lại cho rằng tìm được tình yêu đích thực mới là hạnh phúc.",hsk_4.json
就是,就是,jiù shì,chính là,"我不畏惧付出和失败, 勇于承担责任, 这就是成长。",wǒ bù wèi jù fù chū hé shī bài yǒng yú chéng dān zé rèn zhè jiù shì chéng zhǎng,"Tôi không sợ sự hy sinh hay thất bại, dũng cảm gánh vác trách nhiệm, đó chính là trưởng thành.",hsk_6.json
就是,就是,jiù shì,chính là,你们就是她的学生吧？,nǐ men jiù shì tā de xué shēng ba,Các bạn chính là học sinh của cô ấy phải không?,new_hsk_2.json
就要,就要,jiù yào,sắp,就要下雨了,jiù yào xià yǔ le,Sắp mưa rồi,hsk_2.json
就要,就要,jiù yào,sắp,就要出发,jiù yào chū fā,Sắp xuất phát,hsk_2.json
就要,就要,jiù yào,sắp,新年就要到了。,xīn nián jiù yào dào le,Năm mới sắp đến rồi.,hsk_2.json
尽情,尽情享受,jìnqíng xiǎngshòu,tận hưởng thỏa thích,大家尽情享受派对吧！,Dàjiā jìnqíng xiǎngshòu pàiduì ba!,Mọi người hãy thỏa sức tận hưởng bữa tiệc nào!,hsk_3.json
尽情,尽情歌唱,jìnqíng gēchàng,ca hát hết mình,她在舞台上尽情歌唱。,Tā zài wǔtái shàng jìnqíng gēchàng.,Cô ấy hết mình ca hát trên sân khấu.,hsk_3.json
尾巴,尾巴,wěi ba,đuôi,这个尾巴很好。,zhè ge wěi ba hěn hǎo。,đuôi này rất tốt.,hsk_2.json
尾巴,尾巴,wěi ba,đuôi,我喜欢这个尾巴。,wǒ xǐ huan zhè ge wěi ba。,Tôi thích đuôi này.,hsk_2.json
局限,局限于,júxiàn yú,bị giới hạn ở,他的思维不应局限于传统观念。,Tā de sīwéi bù yīng júxiàn yú chuántǒng guānniàn.,Tư duy của anh ấy không nên bị giới hạn trong quan niệm truyền thống.,hsk_3.json
局限,局限于,júxiàn yú,bị giới hạn ở,艺术创作不能局限于一种风格。,Yìshù chuàngzuò bù néng júxiàn yú yī zhǒng fēnggé.,Sáng tạo nghệ thuật không thể bị giới hạn ở một phong cách.,hsk_3.json
屏幕,大屏幕,dà píngmù,màn hình lớn,电影院的大屏幕给人震撼的感觉,Diànyǐngyuàn de dà píngmù gěi rén zhènhàn de gǎnjué,Màn hình lớn của rạp chiếu phim mang lại cảm giác choáng ngợp,hsk_3.json
屏幕,屏幕分辨率,píngmù fēnbiànlǜ,độ phân giải màn hình,这款手机的屏幕分辨率非常高,Zhè kuǎn shǒujī de píngmù fēnbiànlǜ fēicháng gāo,Màn hình của chiếc điện thoại này có độ phân giải rất cao,hsk_3.json
崇拜,盲目崇拜,mángmù chóngbài,sùng bái mù quáng,盲目崇拜偶像是不理智的,Mángmù chóngbài ǒuxiàng shì bù lǐzhì de,Cuồng thần tượng một cách mù quáng là thiếu lý trí,hsk_3.json
崭新,崭新的,zhǎnxīn de,mới tinh (đuôi tính từ),一辆崭新的汽车,Yī liàng zhǎnxīn de qìchē,Một chiếc xe hơi mới tinh,hsk_3.json
崭新,崭新的,zhǎnxīn de,mới tinh (đuôi tính từ),崭新的一年,Zhǎnxīn de yī nián,Một năm hoàn toàn mới,hsk_3.json
崭新,崭新的,zhǎnxīn de,mới tinh (đuôi tính từ),穿上一件崭新的衣服,Chuān shàng yī jiàn zhǎnxīn de yīfú,Mặc một bộ quần áo mới tinh,hsk_3.json
工业,工业发展,gōngyè fāzhǎn,phát triển công nghiệp,中国工业发展很快。,Zhōngguó gōngyè fāzhǎn hěn kuài.,Công nghiệp Trung Quốc phát triển rất nhanh.,hsk_3.json
工人,建筑工人,jiànzhù gōngrén,công nhân xây dựng,建筑工人很多,Jiànzhù gōngrén hěn duō,Công nhân xây dựng rất nhiều,hsk_1.json
工人,工厂工人,gōngchǎng gōngrén,công nhân nhà máy,他是工厂工人,Tā shì gōngchǎng gōngrén,Anh ấy là công nhân nhà máy,hsk_1.json
工作,找工作,zhǎo gōngzuò,tìm việc,找工作不容易,Zhǎo gōngzuò bù róngyì,Tìm việc không dễ,hsk_1.json
工资,发工资,fā gōngzī,trả lương,公司每个月五号发工资。,Gōngsī měi gè yuè wǔ hào fā gōngzī.,Công ty trả lương ngày mùng năm hàng tháng.,hsk_3.json
左右,左右手,zuǒyòushǒu,tay trái và tay phải,我的左右手都受伤了。,Wǒde zuǒyòu shǒu dōu shòushāng le.,Cả tay trái và tay phải của tôi đều bị thương.,hsk_2.json
左右,一百元左右,yībǎi yuán zuǒyòu,khoảng một trăm tệ,价格在一百元左右。,Jiàgé zài yībǎi yuán zuǒyòu.,Giá khoảng một trăm tệ.,hsk_2.json
差异,文化差异,wénhuà chāyì,sự khác biệt văn hóa,文化差异影响人们的思维方式,Wénhuà chāyì yǐngxiǎng rénmen de sīwéi fāngshì,Sự khác biệt văn hóa ảnh hưởng đến cách tư duy của mọi người,hsk_3.json
差异,个体差异,gètǐ chāyì,sự khác biệt cá thể,个体差异在教育中很重要,Gètǐ chāyì zài jiàoyù zhōng hěn zhòngyào,Sự khác biệt cá nhân rất quan trọng trong giáo dục,hsk_3.json
带来,带来,dài lái,mang đến,带来了快乐,dài lái le kuài lè,Mang đến niềm vui,hsk_2.json
带领,带领团队,dàilǐng tuánduì,dẫn dắt đội nhóm,他带领团队赢得了比赛。,Tā dàilǐng tuánduì yíng dé le bǐsài.,Anh ấy đã dẫn dắt đội nhóm giành chiến thắng.,hsk_3.json
帮忙,请帮忙,qǐng bāngmáng,xin hãy giúp đỡ,请帮忙,Qǐng bāngmáng,Xin hãy giúp đỡ,hsk_1.json
帮忙,很帮忙,hěn bāngmáng,rất hay giúp đỡ,他们很帮忙,Tāmen hěn bāngmáng,Họ rất hay giúp đỡ,hsk_1.json
常常,常常去,chángcháng qù,thường đi,我常常去那里,Wǒ chángcháng qù nàli,Tôi thường đi đó,hsk_1.json
常常,常常去,chángcháng qù,thường đi,他常常去图书馆看书。,tā cháng cháng qù tú shū guǎn kàn shū,Anh ấy thường xuyên đến thư viện đọc sách.,hsk_5.json
常用,常用词,cháng yòng cí,từ thường dùng,这是常用词,zhè shì cháng yòng cí,Đây là từ thường dùng,hsk_2.json
常见,常见问题,cháng jiàn wèn tí,vấn đề thường gặp,这是常见问题,zhè shì cháng jiàn wèn tí,Đây là vấn đề thường gặp,hsk_2.json
常见,很常见,hěn cháng jiàn,rất phổ biến,很常见,hěn cháng jiàn,Rất phổ biến,hsk_2.json
干净,很干净,hěn gānjìng,rất sạch,这个房间很干净。,Zhège fángjiān hěn gānjìng.,Căn phòng này rất sạch sẽ.,hsk_1.json
干净,保持干净,bǎochí gānjìng,giữ gìn sạch sẽ,请保持干净。,Qǐng bǎochí gānjìng.,Hãy giữ gìn vệ sinh.,hsk_1.json
平时,平时,píng shí,thường ngày,平时很忙,píng shí hěn máng,Thường ngày rất bận,hsk_1.json
平时,平时,píng shí,thường ngày,跟平时一样,gēn píng shí yī yàng,Giống như mọi khi,hsk_1.json
年级,年级,nián jí,năm học,我上二年级,wǒ shàng èr nián jí,Tôi học lớp hai,hsk_2.json
年级,年级,nián jí,năm học,不同年级,bù tóng nián jí,Các lớp khác nhau,hsk_2.json
年级,年级,nián jí,năm học,那个又高又漂亮的女孩儿是二年级的。,nà gè yòu gāo yòu piāo liàng de nǚ hái ér shì èr nián jí de,Cô gái vừa cao vừa xinh đó là sinh viên năm hai.,hsk_3.json
年纪,年纪大,niánjì dà,lớn tuổi,他年纪大了，需要休息。,"Tā niánjì dà le, xūyào xiūxi.","Ông ấy đã lớn tuổi, cần nghỉ ngơi.",hsk_1.json
年轻,年轻人,nián qīng rén,người trẻ,调查显示，只有37%的人愿意回到没有手机的时代，其中大部分是年轻人。,diào chá xiǎn shì zhǐ yǒu de rén yuàn yì huí dào méi yǒu shǒu jī de shí dài qí zhōng dà bù fēn shì nián qīng rén,"Khảo sát cho thấy chỉ có 37% người sẵn lòng quay lại thời đại không có điện thoại, trong đó phần lớn là người trẻ.",hsk_4.json
年轻,年轻人,nián qīng rén,người trẻ,李文是那个穿着黑衣服的短头发的年轻人吗？,lǐ wén shì nà gè chuān zhe hēi yī fú de duǎn tóu fā de nián qīng rén ma,Lý Văn có phải là chàng thanh niên tóc ngắn mặc áo đen kia không?,new_hsk_3.json
度假,度假,dùjià,nghỉ mát,我们去海边度假,Wǒmen qù hǎibiān dùjià,Chúng tôi đi biển nghỉ mát,hsk_3.json
度假,度假,dùjià,nghỉ mát,度假村,Dùjiàcūn,Khu nghỉ dưỡng,hsk_3.json
度假,度假,dùjià,nghỉ mát,带薪度假,Dàixīn dùjià,Nghỉ phép có lương,hsk_3.json
建成,建成通车,jiànchéng tōngchē,xây xong và thông xe,这座大桥今年已经建成通车了。,Zhè zuò dàqiáo jīnnián yǐjīng jiànchéng tōngchē le.,Cây cầu lớn này năm nay đã xây xong và thông xe rồi.,hsk_3.json
建设,基础设施建设,jīchǔ shèshī jiànshè,xây dựng cơ sở hạ tầng,国家正在大力发展基础设施建设。,Guójiā zhèngzài dàlì fāzhǎn jīchǔ shèshī jiànshè.,Nhà nước đang phát triển mạnh mẽ xây dựng cơ sở hạ tầng.,hsk_3.json
建设,城市建设,chéngshì jiànshè,xây dựng đô thị,城市建设越来越现代化。,Chéngshì jiànshè yuè lái yuè xiàndàihuà.,Xây dựng đô thị ngày càng hiện đại.,hsk_3.json
开学,开学,kāi xué,khai giảng,九月一号开学,jiǔ yuè yī hào kāi xué,Mùng một tháng chín khai giảng,hsk_2.json
开学,开学,kāi xué,khai giảng,开学了,kāi xué le,Đã khai giảng,hsk_2.json
开学,开学,kāi xué,khai giảng,开学已经三个多星期了。,kāi xué yǐ jīng sān gè duō xīng qī le,Khai giảng đã được hơn ba tuần rồi.,new_hsk_3.json
开张,开张大吉,kāizhāng dàjí,khai trương đại lợi,恭喜开张大吉,Gōngxǐ kāizhāng dàjí,Chúc mừng khai trương đại lợi,hsk_2.json
开心,很开心,hěn kāi xīn,rất vui,我今天很开心。,wǒ jīn tiān hěn kāi xīn。,Hôm nay tôi rất vui.,hsk_2.json
开心,很开心,hěn kāi xīn,rất vui,看到你我就很开心。,kàn dào nǐ wǒ jiù hěn kāi xīn。,Thấy bạn tôi đã rất vui.,hsk_2.json
开花,开花,kāi huā,nở hoa,这个开花很好。,zhè ge kāi huā hěn hǎo。,nở hoa này rất tốt.,hsk_3.json
开花,开花,kāi huā,nở hoa,我喜欢这个开花。,wǒ xǐ huan zhè ge kāi huā。,Tôi thích nở hoa này.,hsk_3.json
开车,开车去,kāichē qù,lái xe đến,我们开车去机场。,Wǒmen kāichē qù jīchǎng.,Chúng tôi lái xe ra sân bay.,hsk_1.json
开车,会开车,huì kāichē,biết lái xe,他会开车。,Tā huì kāichē.,Anh ấy biết lái xe.,hsk_1.json
弊端,消除弊端,xiāochú bìduān,loại bỏ tệ nạn,改革的目的是消除弊端。,Gǎigé de mùdì shì xiāochú bìduān.,Mục đích của cải cách là loại bỏ những tệ nạn.,hsk_3.json
弟弟,弟弟,dìdi,em trai,这是我弟弟,Zhè shì wǒ dìdi,Đây là em trai tôi,hsk_1.json
弟弟,弟弟,dìdi,em trai,弟弟在玩,Dìdi zài wán,Em trai đang chơi,hsk_1.json
弟弟,弟弟,dìdi,em trai,弟弟很小,Dìdi hěn xiǎo,Em trai còn nhỏ,hsk_1.json
弹性,弹性,tánxìng,tính đàn hồi,这个材料有很好的弹性,Zhège cáiliào yǒu hěn hǎo de tánxìng,Chất liệu này có độ đàn hồi rất tốt,hsk_3.json
弹性,弹性,tánxìng,tính đàn hồi,工作时间有弹性,Gōngzuò shíjiān yǒu tánxìng,Thời gian làm việc linh hoạt,hsk_3.json
弹性,弹性,tánxìng,tính đàn hồi,缺乏弹性,Quēfá tánxìng,Thiếu linh hoạt,hsk_3.json
当初,当初的决定,dāngchū de juédìng,quyết định lúc đầu,当初的决定是对的。,Dāngchū de juédìng shì duì de.,Quyết định lúc đầu là đúng.,hsk_3.json
当初,当初我们,dāngchū wǒmen,chúng ta lúc đó,当初我们应该更努力。,Dāngchū wǒmen yīnggāi gèng nǔlì.,Lúc đó chúng ta nên nỗ lực hơn.,hsk_3.json
当时,当时的,dāng shí de,của lúc đó,当时的情况很紧急。,dāng shí de qíng kuàng hěn jǐn jí。,Tình hình lúc đó rất khẩn cấp.,hsk_2.json
当然,理所当然,lǐsuǒdāngrán,đương nhiên,"鉴于白噪音有这样的功效, 它理所当然地成了医生的好帮手。",jiàn yú bái zào yīn yǒu zhè yàng de gōng xiào tā lǐ suǒ dāng rán dì chéng le yī shēng de hǎo bāng shǒu,"Xét thấy tiếng ồn trắng có công hiệu như vậy, nó đương nhiên trở thành trợ thủ đắc lực của bác sĩ.",hsk_6.json
影响,影响,yǐng xiǎng,ảnh hưởng,对我影响很大,duì wǒ yǐng xiǎng hěn dà,Ảnh hưởng lớn đến tôi,hsk_2.json
影响,影响,yǐng xiǎng,ảnh hưởng,受到影响,shòu dào yǐng xiǎng,Bị ảnh hưởng,hsk_2.json
影响,影响,yǐng xiǎng,ảnh hưởng,结婚前，我们要清楚自己想要的是什么，而不要被别人对幸福的看法影响。,jié hūn qián wǒ men yào qīng chǔ zì jǐ xiǎng yào de shì shén me ér bù yào bèi bié rén duì xìng fú de kàn fǎ yǐng xiǎng,"Trước khi kết hôn, chúng ta cần hiểu rõ bản thân muốn gì, chứ không nên bị quan điểm của người khác về hạnh phúc ảnh hưởng.",hsk_4.json
往往,往往去,wǎngwǎng qù,thường đi,周末他往往去图书馆。,Zhōumò tā wǎngwǎng qù túshūguǎn.,Cuối tuần anh ấy thường đi thư viện.,hsk_3.json
往往,往往喜欢,wǎngwǎng xǐhuān,thường thích,年轻人往往喜欢新鲜事物。,Niánqīngrén wǎngwǎng xǐhuān xīnxiān shìwù.,Người trẻ thường thích cái mới.,hsk_3.json
征服,征服,zhēng fú,chinh phục,这个征服很好。,zhè ge zhēng fú hěn hǎo。,chinh phục này rất tốt.,hsk_3.json
征服,征服,zhēng fú,chinh phục,我喜欢这个征服。,wǒ xǐ huan zhè ge zhēng fú。,Tôi thích chinh phục này.,hsk_3.json
心意,一点心意,yīdiǎn xīnyì,một chút tấm lòng,这份礼物代表我的一点心意,Zhè fèn lǐwù dàibiǎo wǒ de yīdiǎn xīnyì,Món quà này thể hiện một chút tấm lòng của tôi.,hsk_1.json
志愿,志愿者,zhìyuànzhě,tình nguyện viên,她是一名志愿者。,Tā shì yīmíng zhìyuànzhě.,Cô ấy là một tình nguyện viên.,hsk_3.json
忘记,别忘记,bié wàng jì,đừng quên,别忘记给我打电话,Bié wàng jì gěi wǒ dǎ diàn huà,Đừng quên gọi cho tôi,hsk_1.json
忘记,忘记了,wàng jì le,đã quên,我忘记了他的名字,Wǒ wàng jì le tā de míng zi,Tôi quên tên anh ấy rồi,hsk_1.json
忘记,不会忘记,bú huì wàng jì,sẽ không quên,永远不会忘记,Yǒng yuǎn bú huì wàng jì,Không bao giờ quên,hsk_1.json
快乐,生日快乐,shēng rì kuài lè,chúc mừng sinh nhật,祝你们生日快乐！,zhù nǐ men shēng rì kuài lè！,Chúc các bạn sinh nhật vui vẻ!,hsk_1.json
快乐,快乐的时光,kuài lè de shí guāng,thời gian vui vẻ,童年是快乐的时光。,tóng nián shì kuài lè de shí guāng。,Thời thơ ấu là khoảng thời gian hạnh phúc.,hsk_1.json
快餐,快餐店,kuài cān diàn,quán thức ăn nhanh,快餐店很多,kuài cān diàn hěn duō,Quán thức ăn nhanh rất nhiều,hsk_2.json
忽然,忽然想起,hū rán xiǎng qǐ,bỗng nhiên nhớ ra,他忽然想起了一件重要的事。,tā hū rán xiǎng qǐ le yī jiàn zhòng yào de shì,Anh ấy bỗng nhớ ra một việc quan trọng.,hsk_5.json
忽视,忽视,hū shì,bỏ qua,这个忽视很好。,zhè ge hū shì hěn hǎo。,bỏ qua này rất tốt.,hsk_3.json
忽视,忽视,hū shì,bỏ qua,我喜欢这个忽视。,wǒ xǐ huan zhè ge hū shì。,Tôi thích bỏ qua này.,hsk_3.json
忽视,忽视,hū shì,bỏ qua,我们不能忽视这个问题。,wǒ men bù néng hū shì zhè gè wèn tí,Chúng ta không thể bỏ qua vấn đề này.,hsk_5.json
怀孕,怀孕期间,huáiyùn qījiān,thai kỳ,怀孕期间,huáiyùn qījiān,Trong thời gian mang thai,hsk_3.json
怀念,怀念,huái niàn,nhớ,这个怀念很好。,zhè ge huái niàn hěn hǎo。,nhớ này rất tốt.,hsk_2.json
怀念,怀念,huái niàn,nhớ,我喜欢这个怀念。,wǒ xǐ huan zhè ge huái niàn。,Tôi thích nhớ này.,hsk_2.json
怀念,怀念,huái niàn,nhớ,我很怀念小时候的生活。,wǒ hěn huái niàn xiǎo shí hòu de shēng huó,Tôi rất hoài niệm cuộc sống thời thơ ấu.,hsk_5.json
怎么,怎么去,zěnme qù,đi thế nào,你怎么去？,Nǐ zěnme qù?,Bạn đi thế nào?,hsk_1.json
怎么,怎么去,zěnme qù,đi thế nào,我不知道怎么去,Wǒ bù zhīdào zěnme qù,Tôi không biết đi thế nào,hsk_1.json
怎么,怎么去,zěnme qù,đi thế nào,你怎么去学校？,nǐ zěn me qù xué xiào,Bạn đi đến trường bằng cách nào?,hsk_1.json
怎么,怎么了,zěnme le,có chuyện gì,怎么了？,Zěnme le?,Có chuyện gì?,hsk_1.json
怎么,怎么,zěnme,thế nào,你怎么去？,Nǐ zěnme qù?,Bạn đi thế nào?,hsk_1.json
怎么,怎么,zěnme,thế nào,这是怎么做的？,Zhè shì zěnme zuò de?,Đây làm như thế nào?,hsk_1.json
怎么,怎么,zěnme,thế nào,我不知道怎么去,Wǒ bù zhīdào zěnme qù,Tôi không biết đi thế nào,hsk_1.json
怎样,怎样做,zěn yàng zuò,làm như thế nào,该怎样做,gāi zěn yàng zuò,Nên làm như thế nào,hsk_2.json
性别,性别歧视,xìngbié qíshì,phân biệt giới tính,性别歧视是一个严重的社会问题。,Xìngbié qíshì shì yī gè yánzhòng de shèhuì wèntí.,Phân biệt giới tính là một vấn đề xã hội nghiêm trọng.,hsk_3.json
恭敬,恭敬的态度,gōngjìng de tàidù,thái độ cung kính,对待长辈要保持恭敬的态度。,Duìdài zhǎngbèi yào bǎochí gōngjìng de tàidù.,Đối với bậc trên cần giữ thái độ cung kính.,hsk_3.json
惊讶,感到惊讶,gǎndào jīngyà,cảm thấy ngạc nhiên,我对她的决定感到惊讶。,Wǒ duì tā de juédìng gǎndào jīngyà.,Tôi cảm thấy ngạc nhiên trước quyết định của cô ấy.,hsk_2.json
惊讶,令人惊讶,lìng rén jīngyà,khiến người ta ngạc nhiên,令人惊讶的是，他竟然通过了考试。,"Lìng rén jīngyà de shì, tā jìngrán tōngguò le kǎoshì.",Điều đáng ngạc nhiên là anh ta thực sự đã vượt qua kỳ thi.,hsk_2.json
惊讶,惊讶不已,jīngyà bùyǐ,không ngừng sửng sốt,他的进步让老师惊讶不已。,Tā de jìnbù ràng lǎoshī jīngyà bùyǐ.,Sự tiến bộ của anh ấy khiến giáo viên không khỏi sửng sốt.,hsk_2.json
惦记,一直惦记,yīzhí diànjì,luôn canh cánh nhớ,妈妈一直惦记着在外地工作的儿子,Māma yīzhí diànjì zhe zài wàidì gōngzuò de érzi,Mẹ luôn canh cánh nhớ đến đứa con đang làm việc xa nhà,hsk_3.json
惦记,一直惦记,yīzhí diànjì,luôn canh cánh nhớ,她一直惦记着要去看望老朋友,Tā yīzhí diànjì zhe yào qù kànwàng lǎo péngyǒu,Cô ấy luôn nhớ và muốn đi thăm người bạn cũ,hsk_3.json
惦记,惦记着,diànjì zhe,đang canh cánh nhớ đến,妈妈一直惦记着在外地工作的儿子,Māma yīzhí diànjì zhe zài wàidì gōngzuò de érzi,Mẹ luôn canh cánh nhớ đến đứa con đang làm việc xa nhà,hsk_3.json
惦记,惦记着,diànjì zhe,đang canh cánh nhớ đến,她一直惦记着要去看望老朋友,Tā yīzhí diànjì zhe yào qù kànwàng lǎo péngyǒu,Cô ấy luôn nhớ và muốn đi thăm người bạn cũ,hsk_3.json
想念,想念家乡,xiǎngniàn jiāxiāng,nhớ quê hương,她想念家乡的朋友,Tā xiǎngniàn jiāxiāng de péngyǒu,Cô ấy nhớ bạn bè ở quê hương,hsk_1.json
想法,好想法,hǎo xiǎng fǎ,ý tưởng tốt,我有一个好想法,wǒ yǒu yī gè hǎo xiǎng fǎ,Tôi có một ý tưởng tốt,hsk_2.json
意义,有意义,yǒu yìyì,có ý nghĩa,学习汉语对以后的工作很有意义。,Xuéxí Hànyǔ duì yǐhòu de gōngzuò hěn yǒu yìyì.,Việc học tiếng Trung rất có ý nghĩa cho công việc sau này.,hsk_3.json
意志,意志,yì zhì,ý chí,他意志很坚强。,Tā yìzhì hěn jiānqiáng.,Ý chí của anh ấy rất kiên cường.,hsk_3.json
意志,意志,yì zhì,ý chí,成功需要坚强的意志。,Chénggōng xūyào jiānqiáng de yìzhì.,Thành công cần ý chí kiên cường.,hsk_3.json
意志,意志,yì zhì,ý chí,不要失去意志。,Bùyào shīqù yìzhì.,Đừng mất ý chí.,hsk_3.json
意思,有意思,yǒu yì si,thú vị,很有意思的故事。,hěn yǒu yì si de gù shi。,Câu chuyện rất thú vị.,hsk_2.json
意思,有意思,yǒu yì si,thú vị,他觉得踢足球比打篮球有意思。,tā jué dé tī zú qiú bǐ dǎ lán qiú yǒu yì sī,Anh ấy thấy đá bóng thú vị hơn chơi bóng rổ.,new_hsk_2.json
意思,有意思,yǒu yì si,thú vị,我看网上说这个电影比那个爱情片更有意思。,wǒ kàn wǎng shàng shuō zhè gè diàn yǐng bǐ nà gè ài qíng piàn gèng yǒu yì sī,Tôi thấy trên mạng nói bộ phim này thú vị hơn bộ phim tình cảm kia.,new_hsk_2.json
意思,什么意思,shén me yì si,ý nghĩa gì,这个词是什么意思？,zhè ge cí shì shén me yì si？,Từ này có ý nghĩa gì?,hsk_2.json
意思,意思是,yì si shì,ý nghĩa là,“明”字，左边的“日”意思是太阳，而右边的“月”意思是月亮。,míng zì zuǒ biān de rì yì sī shì tài yáng ér yòu biān de yuè yì sī shì yuè liàng,"Chữ “明”, bên trái là “日” nghĩa là mặt trời, còn bên phải là “月” nghĩa là mặt trăng.",hsk_4.json
感情,感情很好,gǎnqíng hěn hǎo,tình cảm rất tốt,他们之间的感情很好。,Tāmen zhījiān de gǎnqíng hěn hǎo.,Tình cảm giữa họ rất tốt.,hsk_3.json
愿意,很愿意,hěn yuànyì,rất sẵn lòng,我很愿意帮助你。,Wǒ hěn yuànyì bāngzhù nǐ.,Tôi rất sẵn lòng giúp đỡ bạn.,hsk_2.json
愿意,愿意帮助,yuànyì bāngzhù,sẵn lòng giúp đỡ,我很愿意帮助你。,Wǒ hěn yuànyì bāngzhù nǐ.,Tôi rất sẵn lòng giúp đỡ bạn.,hsk_2.json
慢慢,慢慢来,mànman lái,từ từ thôi,别着急，慢慢来。,"Bié zháojí, mànman lái.","Đừng vội, từ từ thôi.",hsk_3.json
成员,家庭成员,jiātíng chéngyuán,thành viên gia đình,我们家庭成员不多。,Wǒmen jiātíng chéngyuán bù duō.,Thành viên gia đình chúng tôi không nhiều.,hsk_3.json
成绩,成绩,chéng jì,kết quả học tập,考试成绩很好,kǎo shì chéng jì hěn hǎo,Điểm thi rất tốt,hsk_2.json
成绩,成绩,chéng jì,kết quả học tập,取得了好成绩,qǔ dé le hǎo chéng jì,Đạt được thành tích tốt,hsk_2.json
成绩,成绩,chéng jì,kết quả học tập,他的成绩已经接近满分。,tā de chéng jì yǐ jīng jiē jìn mǎn fēn,Thành tích của anh ấy đã gần đạt điểm tuyệt đối.,hsk_5.json
房间,房间,fángjiān,phòng,这是我的房间,Zhè shì wǒ de fángjiān,Đây là phòng của tôi,hsk_1.json
房间,房间,fángjiān,phòng,房间很大,Fángjiān hěn dà,Phòng rất lớn,hsk_1.json
房间,房间,fángjiān,phòng,有几个房间？,Yǒu jǐ gè fángjiān?,Có bao nhiêu phòng?,hsk_1.json
所有,所有人,suǒ yǒu rén,tất cả mọi người,所有人,suǒ yǒu rén,Tất cả mọi người,hsk_2.json
所有,所有的,suǒ yǒu de,tất cả,所有的书,suǒ yǒu de shū,Tất cả các sách,hsk_2.json
所有,所有的,suǒ yǒu de,tất cả,所有的一切,suǒ yǒu de yī qiè,"Mọi thứ, tất cả mọi thứ",hsk_2.json
手指,手指受伤,shǒuzhǐ shòushāng,ngón tay bị thương,我的手指受伤了。,Wǒde shǒuzhǐ shòushāng le.,Ngón tay của tôi bị thương.,hsk_3.json
手机,手机号,shǒujīhào,số điện thoại,请给我你的手机号,Qǐng gěi wǒ nǐ de shǒujīhào,Làm ơn cho tôi số điện thoại của bạn,hsk_1.json
手表,新手表,xīn shǒu biǎo,đồng hồ mới,我有一块新手表,wǒ yǒu yī kuài xīn shǒu biǎo,Tôi có một chiếc đồng hồ đeo tay mới,hsk_2.json
扑克,扑克牌,pūkèpái,bài tây,扑克牌,pūkèpái,bài tây,hsk_3.json
扑克,玩扑克,wán pūkè,chơi bài tây,玩扑克,Wán pūkè,Chơi bài tây,hsk_3.json
打扫,打扫,dǎ sǎo,quét dọn,这个打扫很好。,zhè ge dǎ sǎo hěn hǎo。,quét dọn này rất tốt.,hsk_3.json
打扫,打扫,dǎ sǎo,quét dọn,我喜欢这个打扫。,wǒ xǐ huan zhè ge dǎ sǎo。,Tôi thích quét dọn này.,hsk_3.json
打破,打破纪录,dǎ pò jì lù,phá kỷ lục,屡次打破纪录。,lǚ cì dǎ pò jì lù,Nhiều lần phá kỷ lục.,hsk_6.json
找出,找出,zhǎo chū,tìm ra,找出问题,zhǎo chū wèn tí,Tìm ra vấn đề,hsk_2.json
找到,找到了,zhǎo dào le,đã tìm thấy,我找到了,Wǒ zhǎo dào le,Tôi đã tìm thấy rồi,hsk_1.json
找到,找到了,zhǎo dào le,đã tìm thấy,终于找到了,Zhōngyú zhǎo dào le,Cuối cùng cũng tìm thấy,hsk_1.json
找到,找到了,zhǎo dào le,đã tìm thấy,你找到了吗,Nǐ zhǎo dào le ma,Bạn đã tìm thấy chưa,hsk_1.json
把握,把握机会,bǎ wò jī huì,nắm bắt cơ hội,我们要把握机会。,wǒ men yào bǎ wò jī huì。,Chúng ta phải nắm bắt cơ hội.,hsk_3.json
把握,有把握,yǒu bǎ wò,có sự chắc chắn,我对这件事没有把握。,wǒ duì zhè jiàn shì méi yǒu bǎ wò。,Tôi không chắc chắn về việc này.,hsk_3.json
抑制,抑制不住,yìzhì bù zhù,không thể kìm hãm,抑制不住的喜悦,Yìzhì bù zhù de xǐyuè,Niềm vui không thể kìm hãm được,hsk_3.json
抑制,抑制通货膨胀,yìzhì tōnghuò péngzhàng,kiềm chế lạm phát,抑制通货膨胀,Yìzhì tōnghuò péngzhàng,Kiềm chế lạm phát,hsk_3.json
抑制,抑制情绪,yìzhì qíngxù,kìm hãm cảm xúc,努力抑制情绪,Nǔlì yìzhì qíngxù,Cố gắng kìm hãm cảm xúc,hsk_3.json
报告,工作报告,gōngzuò bàogào,báo cáo công việc,经理让我做一个工作报告。,Jīnglǐ ràng wǒ zuò yíge gōngzuò bàogào.,Giám đốc bảo tôi làm một báo cáo công việc.,hsk_1.json
报纸,看报纸,kàn bào zhǐ,đọc báo,我每天早上都看报纸。,wǒ měi tiān zǎo shang dōu kàn bào zhǐ。,Tôi mỗi sáng đều đọc báo.,hsk_2.json
报纸,看报纸,kàn bào zhǐ,đọc báo,我丈夫喜欢一边吃早饭一边看报纸。,wǒ zhàng fū xǐ huān yī biān chī zǎo fàn yī biān kàn bào zhǐ,Chồng tôi thích vừa ăn sáng vừa đọc báo.,hsk_3.json
报道,新闻报道,xīnwén bàodào,bản tin,这是关于环保的新闻报道。,Zhè shì guānyú huánbǎo de xīnwén bàodào.,Đây là bản tin về bảo vệ môi trường.,hsk_2.json
抱怨,抱怨,bào yuàn,phàn nàn,不要总是抱怨。,Bùyào zǒngshì bàoyuàn.,Đừng luôn phàn nàn.,hsk_3.json
抱怨,抱怨,bào yuàn,phàn nàn,他抱怨工作太累。,Tā bàoyuàn gōngzuò tài lèi.,Anh ấy than vãn việc quá mệt.,hsk_3.json
抱怨,抱怨,bào yuàn,phàn nàn,她抱怨这件事不公平。,Tā bàoyuàn zhè jiàn shì bù gōngpíng.,Cô ấy phàn nàn việc này không công bằng.,hsk_3.json
担心,很担心,hěn dān xīn,rất lo lắng,我很担心他的健康。,Wǒ hěn dānxīn tā de jiànkāng.,Tôi rất lo lắng cho sức khỏe của anh ấy.,hsk_1.json
拍照,拍照,pāi zhào,chụp ảnh,这个拍照很好。,zhè ge pāi zhào hěn hǎo。,chụp ảnh này rất tốt.,hsk_3.json
拍照,拍照,pāi zhào,chụp ảnh,我喜欢这个拍照。,wǒ xǐ huan zhè ge pāi zhào。,Tôi thích chụp ảnh này.,hsk_3.json
拿出,拿出手机,ná chū shǒu jī,lấy điện thoại ra,他拿出手机看时间。,tā ná chū shǒu jī kàn shí jiān。,Anh ấy lấy điện thoại ra xem giờ.,hsk_2.json
持续,持续发展,chí xù fā zhǎn,phát triển bền vững,"对今天的中国而言, 经济发展必须坚持走可持续发展的道路。",duì jīn tiān de zhōng guó ér yán jīng jì fā zhǎn bì xū jiān chí zǒu kě chí xù fā zhǎn de dào lù,"Đối với Trung Quốc ngày nay, phát triển kinh tế phải kiên trì đi theo con đường phát triển bền vững.",hsk_6.json
挨打,挨打骂,ái dǎ mà,bị đánh mắng,挨打骂,ái dǎ mà,bị đánh mắng,hsk_2.json
挨打,经常挨打,jīngcháng áidǎ,thường xuyên bị đánh,孩子经常挨打,Háizi jīngcháng áidǎ,Đứa trẻ thường xuyên bị đánh,hsk_2.json
挺好,挺好的,tǐng hǎo de,khá tốt,挺好的,tǐng hǎo de,"Khá lắm, tốt lắm",hsk_2.json
挺好,挺好的,tǐng hǎo de,khá tốt,这个小区环境挺好的。,zhè gè xiǎo qū huán jìng tǐng hǎo de,Môi trường của khu dân cư này rất tốt.,new_hsk_3.json
排名,排名第一,pái míng dì yī,xếp hạng nhất,他在班级排名第一。,tā zài bān jí pái míng dì yī。,Anh ấy xếp hạng nhất trong lớp.,hsk_3.json
排球,打排球,dǎ pái qiú,chơi bóng chuyền,我们打排球吧,wǒ men dǎ pái qiú ba,Chúng tôi chơi bóng chuyền nhé,hsk_2.json
排队,排队,pái duì,xếp hàng,请在这里排队,qǐng zài zhè li pái duì,Vui lòng xếp hàng ở đây,hsk_1.json
排队,排队,pái duì,xếp hàng,别挤，大家排队上车。,bié jǐ dà jiā pái duì shàng chē,"Đừng chen lấn, mọi người xếp hàng lên xe.",hsk_5.json
接到,接到客人,jiē dào kè rén,tiếp đón khách,请接到客人,qǐng jiē dào kè rén,Vui lòng tiếp đón khách,hsk_2.json
接着,接着说,jiē zhe shuō,nói tiếp,他接着说,tā jiē zhe shuō,Anh ấy nói tiếp,hsk_2.json
推开,推开窗户,tuīkāi chuānghù,đẩy mở cửa sổ,他推开窗户，让新鲜空气进来。,"Tā tuīkāi chuānghù, ràng xīnxiān kōngqì jìnlái.",Anh ấy đẩy cửa sổ ra để không khí trong lành vào.,hsk_3.json
提倡,提倡节约,tích hàn jiéyuē,chủ trương tiết kiệm,政府提倡节约用水,Zhèngfǔ tíchhàn jiéyuē yòngshuǐ,Chính phủ chủ trương tiết kiệm nước,hsk_3.json
提前,提前完成,tíqián wánchéng,hoàn thành trước thời hạn,我们提前完成了任务。,Wǒmen tíqián wánchéngle rènwu.,Chúng tôi hoàn thành nhiệm vụ trước thời hạn.,hsk_3.json
提前,提前告诉,tíqián gàosu,cho biết trước,请提前告诉我。,Qǐng tíqián gàosu wǒ.,Xin hãy cho tôi biết trước.,hsk_3.json
提高,提高,tí gāo,nâng cao,提高水平,tí gāo shuǐ píng,Nâng cao trình độ,hsk_2.json
提高,提高,tí gāo,nâng cao,需要提高,xū yào tí gāo,Cần nâng cao,hsk_2.json
提高,提高,tí gāo,nâng cao,务必要提高警惕了。,wù bì yào tí gāo jǐng tì le,Nhất định phải nâng cao cảnh giác.,hsk_6.json
撞击,强烈撞击,qiáng liè zhuàng jī,va chạm mạnh,强烈撞击造成损坏,Qiáng liè zhuàng jī zào chéng sǔn huài,Va chạm mạnh gây ra thiệt hại,hsk_3.json
改变,改变,gǎi biàn,thay đổi,世界在改变,shì jiè zài gǎi biàn,Thế giới đang thay đổi,hsk_2.json
改变,改变,gǎi biàn,thay đổi,改变主意,gǎi biàn zhǔ yì,Đổi ý,hsk_2.json
改变,改变,gǎi biàn,thay đổi,你刚答应我的事，转眼就改变主意了，难道你想反悔吗？,nǐ gāng dá yīng wǒ de shì zhuǎn yǎn jiù gǎi biàn zhǔ yì le nán dào nǐ xiǎng fǎn huǐ ma,"Việc bạn vừa hứa với tôi, chớp mắt đã đổi ý rồi, lẽ nào bạn muốn nuốt lời sao?",hsk_4.json
放下,放下,fàng xià,đặt xuống,放下书包,fàng xià shū bāo,Đặt cặp sách xuống,hsk_2.json
放下,放下,fàng xià,đặt xuống,放下手机,fàng xià shǒu jī,Đặt điện thoại xuống,hsk_2.json
放到,放到桌子上,fàng dào zhuō zi shàng,để lên bàn,老师把作业本放到桌子上了。,lǎo shī bǎ zuò yè běn fàng dào zhuō zi shàng le,Thầy giáo đã để vở bài tập lên bàn rồi.,new_hsk_3.json
放学,放学后,fàngxué hòu,sau khi tan học,放学后你去哪里？,Fàngxué hòu nǐ qù nǎlǐ?,Tan học con đi đâu?,hsk_1.json
放学,放学回家,fàngxué huíjiā,tan học về nhà,放学回家,fàngxué huíjiā,tan học về nhà,hsk_1.json
放学,放学了,fàngxué le,đã tan học rồi,我们放学了,Wǒmen fàngxué le,Chúng tôi đã tan học rồi,hsk_1.json
放心,请放心,qǐng fàng xīn,vui lòng an tâm,请放心，我会照顾好自己。,qǐng fàng xīn， wǒ huì zhào gù hǎo zì jǐ。,"Vui lòng an tâm, tôi sẽ chăm sóc tốt bản thân.",hsk_1.json
政府,政府,zhèng fǔ,chính phủ,这个政府很好。,zhè ge zhèng fǔ hěn hǎo。,chính phủ này rất tốt.,hsk_2.json
政府,政府,zhèng fǔ,chính phủ,我喜欢这个政府。,wǒ xǐ huan zhè ge zhèng fǔ。,Tôi thích chính phủ này.,hsk_2.json
政治,政治,zhèng zhì,chính trị,这个政治很好。,zhè ge zhèng zhì hěn hǎo。,chính trị này rất tốt.,hsk_2.json
政治,政治,zhèng zhì,chính trị,我喜欢这个政治。,wǒ xǐ huan zhè ge zhèng zhì。,Tôi thích chính trị này.,hsk_2.json
故意,不是故意的,bù shì gù yì de,không cố ý,我不是故意的,wǒ bù shì gù yì de,Tôi không cố ý,hsk_2.json
教堂,去教堂,qù jiàotáng,đi nhà thờ,每周日他都去教堂做礼拜,Měi zhōurì tā dōu qù jiàotáng zuò lǐbài,Mỗi Chủ Nhật anh ấy đều đi nhà thờ lễ,hsk_3.json
教室,教室,jiào shì,phòng học,我们在教室上课,wǒ men zài jiào shì shàng kè,Chúng tôi học trong lớp học,hsk_1.json
教室,教室,jiào shì,phòng học,教室很大,jiào shì hěn dà,Lớp học rất lớn,hsk_1.json
教室,教室,jiào shì,phòng học,教室里有很多学生。,jiào shì lǐ yǒu hěn duō xué shēng,Trong lớp học có rất nhiều học sinh.,hsk_1.json
教练,足球教练,zú qiú jiào liàn,huấn luyện viên bóng đá,他是一名足球教练。,tā shì yī míng zú qiú jiào liàn。,Anh ấy là một huấn luyện viên bóng đá.,hsk_3.json
整理,整理房间,zhěnglǐ fángjiān,dọn phòng,我正在整理房间。,Wǒ zhèngzài zhěnglǐ fángjiān.,Tôi đang dọn dẹp phòng.,hsk_3.json
断裂,发生断裂,fāshēng duànliè,xảy ra đứt gãy,钢缆因超重而发生断裂。,Gānglǎn yīn chāozhòng ér fāshēng duànliè.,Cáp thép bị đứt do quá tải.,hsk_3.json
新年,新年快乐,xīnnián kuàilè,chúc mừng năm mới,新年快乐,Xīnnián kuàilè,Chúc mừng năm mới,hsk_1.json
新年,新年好,xīnnián hǎo,năm mới tốt lành,新年好,Xīnnián hǎo,Năm mới tốt lành,hsk_1.json
新年,新年礼物,xīnnián lǐwù,quà năm mới,新年礼物,xīnnián lǐwù,quà năm mới,hsk_1.json
新闻,看新闻,kàn xīn wén,xem tin tức,我每天都看新闻,wǒ měi tiān dōu kàn xīn wén,Tôi mỗi ngày đều xem tin tức,hsk_2.json
新闻,看新闻,kàn xīn wén,xem tin tức,你在哪里看新闻,nǐ zài nǎ lǐ kàn xīn wén,Bạn xem tin tức ở đâu,hsk_2.json
方便,很方便,hěn fāng biàn,rất tiện,很方便,hěn fāng biàn,Rất thuận tiện,hsk_2.json
方便,很方便,hěn fāng biàn,rất tiện,交通很方便,jiāo tōng hěn fāng biàn,Giao thông rất thuận tiện,hsk_2.json
方便,不方便,bù fāng biàn,không tiện,不方便的时候,bù fāng biàn de shí hou,Khi không tiện,hsk_2.json
方法,好方法,hǎo fāng fǎ,phương pháp tốt,这是一个好方法。,zhè shì yī gè hǎo fāng fǎ。,Đây là một phương pháp tốt.,hsk_1.json
方面,这方面,zhè fāng miàn,về phương diện này,这方面我不太懂。,zhè fāng miàn wǒ bù tài dǒng。,Về phương diện này tôi không hiểu lắm.,hsk_1.json
方面,另一方面,lìng yī fāng miàn,một phương diện khác,这是另一方面的问题。,zhè shì lìng yī fāng miàn de wèn tí。,Đây là vấn đề ở phương diện khác.,hsk_1.json
旅游,去旅游,qù lǚ yóu,đi du lịch,如果你有钱的话，就去旅游。,rú guǒ nǐ yǒu qián de huà jiù qù lǚ yóu,Nếu bạn có tiền thì hãy đi du lịch.,hsk_3.json
旅游,去旅游,qù lǚ yóu,đi du lịch,只要我有时间，就一定跟你去旅游。,zhǐ yào wǒ yǒu shí jiān jiù yī dìng gēn nǐ qù lǚ yóu,"Chỉ cần tôi có thời gian, nhất định sẽ đi du lịch cùng bạn.",hsk_3.json
旅游,去旅游,qù lǚ yóu,đi du lịch,考完试以后，咱们一起去旅游吧。,kǎo wán shì yǐ hòu zán men yī qǐ qù lǚ yóu ba,"Sau khi thi xong, chúng mình cùng đi du lịch nhé.",new_hsk_3.json
旅行,去旅行,qù lǚ xíng,đi du lịch,我们去旅行吧,wǒ men qù lǚ xíng ba,Chúng ta hãy đi du lịch nào,hsk_1.json
旗帜,旗帜鲜明,qízhì fēnmíng,thái độ rõ ràng,旗帜鲜明的观点很重要,Qízhì fēnmíng de guāndiǎn hěn zhòngyào,Thái độ旗帜 rõ ràng rất quan trọng,hsk_3.json
旗帜,举旗帜,jǔ qízhì,giương cao biểu tượng,高举旗帜前进,Gāojǔ qízhì qiánjìn,Giương cao cờ tiến lên,hsk_3.json
日期,截止日期,jiézhǐ rìqī,hạn chót,截止日期是什么时候？,Jiézhǐ rìqī shì shé me shíhou?,Hạn chót là khi nào?,hsk_1.json
日期,出生日期,chūshēng rìqī,ngày sinh,请告诉我你的出生日期,Qǐng gàosu wǒ nǐ de chūshēng rìqī,Mời cho tôi biết ngày sinh của bạn,hsk_1.json
日期,过期日期,guòqī rìqī,ngày hết hạn,过期日期,guòqī rìqī,ngày hết hạn,hsk_1.json
日记,写日记,xiě rìjì,viết nhật ký,我每天睡觉前都写日记。,Wǒ měitiān shuìjiào qián dōu xiě rìjì.,Tôi đều viết nhật ký trước khi đi ngủ mỗi ngày.,hsk_2.json
日语,日语翻译,Rìyǔ fānyì,dịch thuật tiếng Nhật,她大学专业是日语翻译。,Tā dàxué zhuānyè shì Rìyǔ fānyì.,Chuyên ngành đại học của cô ấy là dịch thuật tiếng Nhật.,hsk_1.json
早上,早上好,zǎoshang hǎo,chào buổi sáng,早上好！,Zǎoshang hǎo!,Chào buổi sáng!,hsk_1.json
早就,早就知道,zǎo jiù zhī dào,đã biết từ lâu,我早就知道了。,wǒ zǎo jiù zhī dào le。,Tôi đã biết từ lâu rồi.,hsk_2.json
早就,早就知道,zǎo jiù zhī dào,đã biết từ lâu,他可能早就知道这件事情了。,tā kě néng zǎo jiù zhī dào zhè jiàn shì qíng le,Anh ấy có lẽ đã biết chuyện này từ lâu rồi.,hsk_2.json
早就,早就想,zǎo jiù xiǎng,đã muốn từ lâu,这事我早就想告诉你了。,zhè shì wǒ zǎo jiù xiǎng gào su nǐ le。,Việc này tôi đã muốn nói cho bạn biết từ lâu.,hsk_2.json
早就,早就想,zǎo jiù xiǎng,đã muốn từ lâu,我早就想好了。,wǒ zǎo jiù xiǎng hǎo le,Tôi đã nghĩ xong từ lâu rồi.,hsk_3.json
早已,早已知道,zǎoyǐ zhīdào,đã biết từ lâu,我早已知道了。,Wǒ zǎoyǐ zhīdào le.,Tôi đã biết từ lâu rồi.,hsk_3.json
早餐,吃早餐,chī zǎo cān,ăn sáng,我吃早餐了,wǒ chī zǎo cān le,Tôi đã ăn sáng rồi,hsk_2.json
时候,什么时候,shénme shíhou,khi nào,你什么时候来,Nǐ shénme shíhou lái,Bạn đến khi nào,hsk_1.json
时候,什么时候,shénme shíhou,khi nào,我们什么时候去看电影？今天还是明天？,wǒ men shén me shí hòu qù kàn diàn yǐng jīn tiān hái shì míng tiān,Khi nào chúng ta đi xem phim? Hôm nay hay là ngày mai?,new_hsk_2.json
时候,小时候,xiǎoshíhou,lúc nhỏ,我小时候喜欢游泳,Wǒ xiǎoshíhou xǐhuān yóuyǒng,Lúc nhỏ tôi thích bơi lội,hsk_1.json
时候,小时候,xiǎoshíhou,lúc nhỏ,我很怀念小时候的生活。,wǒ hěn huái niàn xiǎo shí hòu de shēng huó,Tôi rất hoài niệm cuộc sống thời thơ ấu.,hsk_5.json
时间,没有时间,méiyǒu shíjiān,không có thời gian,我没有时间,Wǒ méiyǒu shíjiān,Tôi không có thời gian,hsk_1.json
明天,明天见,míngtiān jiàn,hẹn gặp ngày mai,明天见,Míngtiān jiàn,Hẹn gặp ngày mai,hsk_1.json
明天,明天早上,míngtiān zǎoshang,sáng ngày mai,明天早上,míngtiān zǎoshang,sáng ngày mai,hsk_1.json
明天,明天下午,míngtiān xiàwǔ,chiều ngày mai,明天下午,míngtiān xiàwǔ,chiều ngày mai,hsk_1.json
明年,明年,míngnián,năm sau,明年我去中国,Míngnián wǒ qù Zhōngguó,Năm sau tôi đi Trung Quốc,hsk_1.json
明年,明年,míngnián,năm sau,你明年有什么计划？,Nǐ míngnián yǒu shé me jìhuà?,Năm sau bạn có kế hoạch gì?,hsk_1.json
明年,明年,míngnián,năm sau,明年是龙年,Míngnián shì lóngnián,Năm sau là năm Long,hsk_1.json
明年,明年见,míngnián jiàn,hẹn gặp năm sau,我们在明年见面,Wǒmen zài míngnián jiànmiàn,Năm sau chúng ta gặp nhau,hsk_1.json
明星,电影明星,diàn yǐng míng xīng,ngôi sao điện ảnh,他是电影明星,tā shì diàn yǐng míng xīng,Anh ấy là ngôi sao điện ảnh,hsk_2.json
明显,很明显,hěn míngxiǎn,rất rõ ràng,这个进步很明显。,Zhège jìnbù hěn míngxiǎn.,Sự tiến bộ này rất rõ ràng.,hsk_3.json
星期,星期几,xīngqī jǐ,thứ mấy,今天星期几？,Jīntiān xīngqī jǐ?,Hôm nay thứ mấy?,hsk_1.json
星期,星期天,xīngqītiān,chủ nhật,星期天,xīngqītiān,chủ nhật,hsk_1.json
星期,下星期,xià xīngqī,tuần sau,我下星期去,Wǒ xià xīngqī qù,Tuần sau tôi đi,hsk_1.json
星期,下星期,xià xīngqī,tuần sau,我们下星期就要考试了。,wǒ men xià xīng qī jiù yào kǎo shì le,Tuần sau chúng tôi phải thi rồi.,new_hsk_2.json
晚上,晚上好,wǎnshang hǎo,chào buổi tối,晚上好,Wǎnshang hǎo,Chào buổi tối,hsk_1.json
晚上,今天晚上,jīntiān wǎnshang,tối hôm nay,今天晚上,Jīntiān wǎnshang,tối hôm nay,hsk_1.json
晚上,今天晚上,jīntiān wǎnshang,tối hôm nay,今天晚上吃米饭或者面条都可以。,jīn tiān wǎn shàng chī mǐ fàn huò zhě miàn tiáo dōu kě yǐ,Tối nay ăn cơm hoặc mì đều được.,hsk_3.json
晚上,晚上吃什么,wǎnshang chī shé me,tối ăn gì,晚上吃什么？,Wǎnshang chī shé me?,Tối ăn gì?,hsk_1.json
晚上,每天晚上,měitiān wǎnshang,mỗi tối,每天晚上,Měitiān wǎnshang,mỗi tối,hsk_1.json
晚上,每天晚上,měitiān wǎnshang,mỗi tối,你每天晚上吃了饭就睡觉，也不出去走走，能不胖吗？,nǐ měi tiān wǎn shàng chī le fàn jiù shuì jué yě bù chū qù zǒu zǒu néng bù pàng ma,"Tối nào bạn ăn xong cũng ngủ, lại không ra ngoài đi dạo, chẳng lẽ không béo sao?",hsk_3.json
晚会,新年晚会,xīn nián wǎn huì,dạ tiệc năm mới,新年晚会很热闹,xīn nián wǎn huì hěn rè nao,Dạ tiệc năm mới rất náo nhiệt,hsk_1.json
晚会,参加晚会,cān jiā wǎn huì,tham gia dạ tiệc,我们参加晚会,wǒ men cān jiā wǎn huì,Chúng tôi tham gia dạ tiệc,hsk_1.json
晚饭,吃晚饭,chī wǎnfàn,ăn bữa tối,我们晚上一起吃晚饭。,Wǒmen wǎnshang yīqǐ chī wǎnfàn.,Chúng tôi cùng nhau ăn bữa tối vào buổi tối.,hsk_1.json
晴天,大晴天,dà qíng tiān,ngày nắng đẹp,大晴天。,dà qíng tiān,Trời nắng rực rỡ.,hsk_6.json
最后,最后,zuìhòu,cuối cùng,我最后到了,Wǒ zuìhòu dào le,Tôi đến cuối cùng,hsk_1.json
最后,最后,zuìhòu,cuối cùng,最后吃什么？,Zuìhòu chī shénme?,Cuối cùng ăn cái gì?,hsk_1.json
最后,最后,zuìhòu,cuối cùng,最后我们赢了,Zuìhòu wǒmen yíng le,Cuối cùng chúng tôi thắng,hsk_1.json
最好,最好,zuì hǎo,tốt nhất,今天天气最好,Jīntiān tiānqì zuì hǎo,Hôm nay thời tiết tốt nhất,hsk_1.json
最好,最好,zuì hǎo,tốt nhất,最好吃什么？,Zuì hǎo chī shénme?,Tốt nhất là ăn gì?,hsk_1.json
最好,最好,zuì hǎo,tốt nhất,你最好去,Nǐ zuì hǎo qù,Bạn tốt nhất nên đi,hsk_1.json
最好,最好的,zuì hǎo de,tốt nhất (kính ngữ),他失去了最好的朋友。,tā shī qù le zuì hǎo de péng yǒu,Anh ấy đã mất đi người bạn tốt nhất.,hsk_5.json
有些,有些人,yǒuxiē rén,một số người,有些人喜欢吃辣。,Yǒuxiē rén xǐhuan chī là.,Một số người thích ăn cay.,hsk_1.json
有关,有关部门,yǒuguān bùmén,các cơ quan liên quan (thuật ngữ hành chính),有关部门已经介入调查此案。,Yǒuguān bùmén yǐjīng jièrù diàochá cǐ àn.,Các cơ quan liên quan đã vào cuộc điều tra vụ án này.,hsk_3.json
有关,有关资料,yǒuguān zīliào,tài liệu liên quan,请查阅有关资料，准备报告。,"Qǐng cháyuè yǒuguān zīliào, zhǔnbèi bàogào.","Vui lòng tra cứu tài liệu liên quan, chuẩn bị báo cáo.",hsk_3.json
有名,很有名,hěn yǒumíng,rất nổi tiếng,北京烤鸭很有名。,Běijīng kǎoyā hěn yǒumíng.,Vịt quay Bắc Kinh rất nổi tiếng.,hsk_1.json
有名,很有名,hěn yǒumíng,rất nổi tiếng,他是很有名的医生。,Tā shì hěn yǒumíng de yīshēng.,Anh ấy là bác sĩ rất nổi tiếng.,hsk_1.json
有名,很有名,hěn yǒumíng,rất nổi tiếng,这个城市很有名。,Zhège chéngshì hěn yǒumíng.,Thành phố này rất nổi tiếng.,hsk_1.json
有用,很有用,hěn yǒuyòng,rất hữu ích,这本书很有用。,Zhè běn shū hěn yǒuyòng.,Quyển sách này rất hữu ích.,hsk_1.json
有用,很有用,hěn yǒuyòng,rất hữu ích,中文在旅游时很有用。,Zhōngwén zài lǚyóu shí hěn yǒuyòng.,Tiếng Trung rất hữu ích khi đi du lịch.,hsk_1.json
有的,有的人,yǒude rén,một số người,有的人喜欢喝茶。,Yǒude rén xǐhuan hē chá.,Một số người thích uống trà.,hsk_1.json
朋友,好朋友,hǎo péng you,bạn tốt,他是我的好朋友,Tā shì wǒ de hǎo péng you,Anh ấy là bạn tốt của tôi,hsk_1.json
朋友,好朋友,hǎo péng you,bạn tốt,从那天起，我们就变成了好朋友。,cóng nà tiān qǐ wǒ men jiù biàn chéng le hǎo péng yǒu,"Từ ngày đó, chúng tôi đã trở thành bạn thân của nhau.",new_hsk_3.json
朋友,男朋友,nán péng you,bạn trai,她不是有男朋友了吗？,tā bù shì yǒu nán péng yǒu le ma,Chẳng phải cô ấy đã có bạn trai rồi sao?,hsk_2.json
本事,真本事,zhēn běn shì,năng lực thật,"没有真本事,很难找到好工作。","méi yǒu zhēn běn shì, hěn nán zhǎo dào hǎo gōng zuò。",Không có năng lực thật thì rất khó tìm được việc tốt.,hsk_3.json
机场,去机场,qù jīchǎng,đi sân bay,我们去机场送朋友。,Wǒmen qù jīchǎng sòng péngyǒu.,Chúng tôi ra sân bay tiễn bạn.,hsk_1.json
机场,国际机场,guójì jīchǎng,sân bay quốc tế,国际机场很大。,Guójì jīchǎng hěn dà.,Sân bay quốc tế rất lớn.,hsk_1.json
杂志,时尚杂志,shíshàng zázhì,tạp chí thời trang,我喜欢看时尚杂志。,Wǒ xǐhuan kàn shíshàng zázhì.,Tôi thích đọc tạp chí thời trang.,hsk_1.json
来到,来到中国,láidào Zhōngguó,đến Trung Quốc,自从来到中国，我认识了很多朋友。,zì cóng lái dào zhōng guó wǒ rèn shí le hěn duō péng yǒu,"Kể từ khi đến Trung Quốc, tôi đã quen rất nhiều bạn.",hsk_5.json
来往,关于来往,guānyú 来往,về liên lạc,关于来往,Guānyú 来往,Về liên lạc,hsk_3.json
来源,消息来源,xiāoxi láiyuán,nguồn tin,这个消息来源可靠,Zhège xiāoxi láiyuán kěkào,Nguồn tin này đáng tin cậy,hsk_3.json
来源,收入来源,shōurù láiyuán,nguồn thu nhập,这部电影的收入来源多样,Zhè bù diànyǐng de shōurù láiyuán duōyàng,Nguồn thu nhập của bộ phim này đa dạng,hsk_3.json
杯子,杯子,bēizi,cốc,我要这个杯子,Wǒ yào zhège bēizi,Tôi muốn cái cốc này,hsk_1.json
杯子,杯子,bēizi,cốc,这是你的杯子,Zhè shì nǐ de bēizi,Đây là cốc của bạn,hsk_1.json
杯子,杯子,bēizi,cốc,杯子很干净,Bēizi hěn gānjìng,Cốc rất sạch,hsk_1.json
极其,极其,jí qí,rất,这个极其很好。,zhè ge jí qí hěn hǎo。,rất này rất tốt.,hsk_3.json
极其,极其,jí qí,rất,我喜欢这个极其。,wǒ xǐ huan zhè ge jí qí。,Tôi thích rất này.,hsk_3.json
柱子,柱子,zhù zi,cột,支撑柱子,zhīchēng zhùzi,cột chống đỡ,hsk_2.json
柱子,柱子,zhù zi,cột,这根柱子,zhè gēn zhùzi,cột này,hsk_2.json
柱子,柱子,zhù zi,cột,柱子很粗,zhùzi hěn cū,cột rất to,hsk_2.json
核桃,核桃树,hétao shù,cây óc chó,核桃树在北方很常见。,Hétao shù zài běifāng hěn cháng jiàn.,Cây óc chó rất phổ biến ở miền Bắc Trung Quốc.,hsk_2.json
梯子,梯子,tīzi,cái thang,拿来梯子,Nálái tīzi,Mang cái thang đây,hsk_3.json
梯子,梯子,tīzi,cái thang,爬梯子,Pá tīzi,Leo thang,hsk_3.json
梯子,梯子,tīzi,cái thang,梯子断了,Tīzi duàn le,Thang gãy,hsk_3.json
欢迎,欢迎来到,huān yíng lái dào,hoan nghênh đến,欢迎来到中国！,huān yíng lái dào Zhōng guó！,Hoan nghênh đến Trung Quốc!,hsk_1.json
欲望,物质欲望,wùzhì yùwàng,khao khát vật chất,物质欲望,wùzhì yùwàng,khao khát vật chất,hsk_3.json
歌曲,中文歌曲,Zhōngwén gēqǔ,bài hát tiếng Trung,她唱了一首中文歌曲,Tā chàngle yí shǒu Zhōngwén gēqǔ,Cô ấy đã hát một bài hát tiếng Trung,hsk_1.json
歌曲,中文歌曲,Zhōngwén gēqǔ,bài hát tiếng Trung,你能推荐一些好听的中文歌曲吗？,Nǐ néng tuījiàn yìxiē hǎotīng de Zhōngwén gēqǔ ma?,Bạn có thể recommend một số bài hát tiếng Trung hay không?,hsk_1.json
歌词,歌词翻译,gēcí fānyì,dịch lời bài hát,歌词翻译成越南语很难,Gēcí fānyì chéng Yuènányǔ hěn nán,Dịch lời bài hát sang tiếng Việt rất khó,hsk_1.json
正在,正在看,zhèngzài kàn,đang xem,我正在看电视。,wǒ zhèng zài kàn diàn shì,Tôi đang xem tivi.,new_hsk_1.json
正好,正好,zhèng hǎo,vừa đúng,时间正好,shí jiān zhèng hǎo,Thời gian vừa đúng,hsk_2.json
正好,正好,zhèng hǎo,vừa đúng,我正好有空,wǒ zhèng hǎo yǒu kōng,Tôi vừa rảnh,hsk_2.json
正好,正好,zhèng hǎo,vừa đúng,这场雨下得正好，及时缓解了土地的干旱问题。,zhè chǎng yǔ xià dé zhèng hǎo jí shí huǎn jiě le tǔ dì de gàn hàn wèn tí,"Trận mưa này rơi thật đúng lúc, kịp thời làm giảm tình trạng khô hạn của đất.",hsk_4.json
正确,正确的方法,zhèng què de fāng fǎ,phương pháp đúng,这是正确的方法,zhè shì zhèng què de fāng fǎ,Đây là phương pháp đúng đắn,hsk_2.json
武器,核武器,hé wǔqì,vũ khí hạt nhân,核武器是威胁世界和平的武器。,Hé wǔqì shì wēixié shìjiè hépíng de wǔqì.,Vũ khí hạt nhân là vũ khí đe dọa hòa bình thế giới.,hsk_3.json
母亲,母亲节,Mǔqīnjié,Ngày của Mẹ,母亲节快到了。,Mǔqīnjié kuài dào le.,Ngày của Mẹ sắp đến rồi.,hsk_2.json
毕业,大学毕业,dàxué bìyè,tốt nghiệp đại học,我今年大学毕业。,Wǒ jīnnián dàxué bìyè.,Tôi tốt nghiệp đại học năm nay.,hsk_1.json
毛病,大毛病,dà máobìng,khuyết điểm lớn,他的最大毛病是不守时。,Tā de zuì dà máobìng shì bù shǒushí.,Khuyết điểm lớn nhất của anh ấy là không đúng giờ.,hsk_1.json
水平,水平,shuǐ píng,mức,英语水平很高,Yīng yǔ shuǐ píng hěn gāo,Trình độ tiếng Anh rất cao,hsk_2.json
水平,水平,shuǐ píng,mức,达到这个水平,dá dào zhè ge shuǐ píng,Đạt đến trình độ này,hsk_2.json
水平,水平,shuǐ píng,mức,学生们的汉语水平一天一天地提高了。,xué shēng men de hàn yǔ shuǐ píng yī tiān yī tiān dì tí gāo le,Trình độ tiếng Trung của học sinh tiến bộ lên từng ngày.,new_hsk_3.json
水果,吃水果,chī shuǐguǒ,ăn trái cây,我喜欢吃水果,Wǒ xǐhuan chī shuǐguǒ,Tôi thích ăn trái cây,hsk_1.json
永远,永远记住,yǒng yuǎn jì zhù,mãi mãi nhớ,我们要永远记住这一天。,wǒ men yào yǒng yuǎn jì zhù zhè yī tiān。,Chúng ta phải mãi mãi nhớ ngày này.,hsk_2.json
汉字,写汉字,xiě Hànzi,viết chữ Hán,我会写汉字。,Wǒ huì xiě Hànzi.,Tôi biết viết chữ Hán.,hsk_1.json
汉字,写汉字,xiě Hànzi,viết chữ Hán,他会写汉字。,tā huì xiě hàn zì,Anh ấy biết viết chữ Hán.,hsk_1.json
汉字,写汉字,xiě Hànzi,viết chữ Hán,虽然汉字很难，但是我很喜欢写汉字。,suī rán hàn zì hěn nán dàn shì wǒ hěn xǐ huān xiě hàn zì,Tuy chữ Hán rất khó nhưng tôi rất thích viết chữ Hán.,hsk_2.json
汉语,学习汉语,xuéxí Hànyǔ,học tiếng Trung,我在学习汉语,Wǒ zài xuéxí Hànyǔ,Tôi đang học tiếng Trung,hsk_1.json
汉语,说汉语,shuō Hànyǔ,nói tiếng Trung,你会说汉语吗？,Nǐ huì shuō Hànyǔ ma?,Bạn có biết nói tiếng Trung không?,hsk_1.json
汉语,说汉语,shuō Hànyǔ,nói tiếng Trung,我会说汉语。,wǒ huì shuō hàn yǔ,Tôi biết nói tiếng Trung.,hsk_1.json
汉语,说汉语,shuō Hànyǔ,nói tiếng Trung,老师鼓励我们多说汉语。,lǎo shī gǔ lì wǒ men duō shuō hàn yǔ,Giáo viên khuyến khích chúng tôi nói tiếng Trung nhiều hơn.,hsk_5.json
汉语,汉语老师,Hànyǔ lǎoshī,giáo viên tiếng Trung,你的汉语老师是谁？,nǐ de hàn yǔ lǎo shī shì shuí,Giáo viên tiếng Trung của bạn là ai?,hsk_1.json
汉语,汉语老师,Hànyǔ lǎoshī,giáo viên tiếng Trung,她是我的汉语老师。,tā shì wǒ de hàn yǔ lǎo shī,Cô ấy là giáo viên tiếng Trung của tôi.,hsk_1.json
汉语,汉语老师,Hànyǔ lǎoshī,giáo viên tiếng Trung,我的汉语老师三十三岁。,wǒ de hàn yǔ lǎo shī sān shí sān suì,Giáo viên tiếng Trung của tôi 33 tuổi.,hsk_1.json
沙子,沙子,shāzi,cát (hạt),沙滩上的沙子很细。,Shātān shàng de shāzi hěn xì.,Cát trên bãi biển rất mịn.,hsk_3.json
沙子,沙子,shāzi,cát (hạt),孩子们在沙子里玩。,Háizimen zài shāzi lǐ wán.,Đứa trẻ chơi trong cát.,hsk_3.json
洗澡,洗澡,xǐ zǎo,tắm rửa,我每天晚上洗澡,wǒ měi tiān wǎn shang xǐ zǎo,Tôi tắm mỗi tối,hsk_2.json
洗澡,洗澡,xǐ zǎo,tắm rửa,去洗澡,qù xǐ zǎo,Đi tắm,hsk_2.json
活泼,活泼开朗,huópō kāilǎng,hoạt bát vui vẻ,她活泼开朗，很受欢迎,"Tā huópō kāilǎng, hěn shòu huānyíng","Cô ấy hoạt bát vui vẻ, rất được yêu mến",hsk_3.json
流利,流利,liú lì,trôi chảy,他说得很流利,tā shuō děi hěn liú lì,Anh ấy nói rất lưu loát,hsk_2.json
流利,流利,liú lì,trôi chảy,流利的汉语,liú lì de hàn yǔ,Tiếng Trung lưu loát,hsk_2.json
流行,很流行,hěn liú xíng,rất phổ biến,这首歌很流行,zhè shǒu gē hěn liú xíng,Bài hát này rất phổ biến,hsk_1.json
浪费,浪费时间,làng fèi shí jiān,lãng phí thời gian,浪费时间是不好的。,làng fèi shí jiān shì bù hǎo de。,Lãng phí thời gian là không tốt.,hsk_2.json
海关,海关检查,hǎiguān jiǎnchá,kiểm tra hải quan,我们要经过海关检查。,Wǒmen yào jīngguò hǎiguān jiǎnchá.,Chúng tôi phải trải qua kiểm tra hải quan.,hsk_3.json
海边,去海边,qù hǎi biān,đi biển,我们去海边玩,wǒ men qù hǎi biān wán,Chúng tôi đi biển chơi,hsk_2.json
消息,好消息,hǎo xiāo xi,tin tốt,这是个好消息！。,zhè shì gè hǎo xiāo xi！。,Đây là một tin tốt lành!,hsk_2.json
深入,深入研究,shēn rù yán jiū,nghiên cứu sâu,他深入研究了这个问题。,tā shēn rù yán jiū le zhè ge wèn tí。,Anh ấy đã nghiên cứu kỹ lưỡng vấn đề này.,hsk_3.json
清楚,说清楚,shuō qīng chu,nói rõ,说清楚,shuō qīng chu,Nói cho rõ ràng,hsk_2.json
渐渐,渐渐,jiàn jiàn,dần dần,这个渐渐很好。,zhè ge jiàn jiàn hěn hǎo。,dần dần này rất tốt.,hsk_2.json
渐渐,渐渐,jiàn jiàn,dần dần,我喜欢这个渐渐。,wǒ xǐ huan zhè ge jiàn jiàn。,Tôi thích dần dần này.,hsk_2.json
源头,污染源头,wūrǎn yuántóu,Nguồn ô nhiễm,污染源头,wūrǎn yuántóu,Nguồn ô nhiễm,hsk_3.json
源头,找到源头,zhǎodào yuántóu,Tìm được nguồn,找到源头,zhǎodào yuántóu,Tìm được nguồn,hsk_3.json
源头,从源头抓起,cóng yuántóu zhuāqǐ,Bắt từ nguồn,从源头抓起,cóng yuántóu zhuāqǐ,Bắt từ nguồn,hsk_3.json
满意,很满意,hěn mǎn yì,rất hài lòng,我对这个结果很满意。,wǒ duì zhè ge jié guǒ hěn mǎn yì。,Tôi rất hài lòng với kết quả này.,hsk_2.json
演员,电影演员,diànyǐng yǎnyuán,diễn viên điện ảnh,他想当电影演员。,Tā xiǎng dāng diànyǐng yǎnyuán.,Anh ấy muốn làm diễn viên điện ảnh.,hsk_2.json
潇洒,潇洒地,xiāosǎ de,một cách phóng khoáng,潇洒地离开,xiāosǎ de líkāi,Rời đi một cách phóng khoáng,hsk_3.json
潇洒,潇洒的生活,xiāosǎ de shēnghuó,cuộc sống tự do,潇洒的生活,xiāosǎ de shēnghuó,Cuộc sống tự do,hsk_3.json
潇洒,很潇洒,hěn xiāosǎ,rất phóng khoáng,他很潇洒,Tā hěn xiāosǎ,Hắn rất phóng khoáng,hsk_3.json
火车,火车站,huǒchēzhàn,ga tàu,在火车站,zài huǒchēzhàn,ở ga tàu,hsk_1.json
火车,坐火车,zuò huǒchē,đi tàu hỏa,坐火车去北京,Zuò huǒchē qù Běijīng,Đi tàu hỏa đến Bắc Kinh,hsk_1.json
火车,坐火车,zuò huǒchē,đi tàu hỏa,坐飞机比坐火车快得多。,zuò fēi jī bǐ zuò huǒ chē kuài dé duō,Đi máy bay nhanh hơn đi tàu hỏa rất nhiều.,new_hsk_2.json
火锅,吃火锅,chī huǒguō,ăn lẩu,朋友们一起去吃火锅,Péngyǒumen yīqǐ qù chī huǒguō,Nhóm bạn cùng nhau đi ăn lẩu,hsk_2.json
火锅,吃火锅,chī huǒguō,ăn lẩu,冬天吃火锅最舒服了,Dōngtiān chī huǒguō zuì shūfu le,Ăn lẩu vào mùa đông là thích nhất,hsk_2.json
火锅,四川火锅,Sìchuān huǒguō,lẩu Tứ Xuyên,四川火锅非常辣,Sìchuān huǒguō fēicháng là,Lẩu Tứ Xuyên rất cay,hsk_2.json
灭绝,濒临灭绝,bīnlín mièjué,sắp tuyệt chủng,我们应该保护濒临灭绝的动物,Wǒmen yīnggāi bǎohù bīnlín mièjué de dòngwù,Chúng ta nên bảo vệ các loài động vật có nguy cơ tuyệt chủng,hsk_3.json
灵通,消息灵通,xiāoxi língtōng,nắm tin tức nhanh nhạy,她在这个行业消息灵通,Tā zài zhège hángyè xiāoxi língtōng,Cô ấy rất nắm tin tức trong ngành này,hsk_3.json
灵通,消息灵通,xiāoxi língtōng,nắm tin tức nhanh nhạy,消息灵通的人往往更有竞争优势,Xiāoxi língtōng de rén wǎngwǎng gèng yǒu jìngzhēng yōushì,Người nắm tin nhanh nhạy thường có lợi thế cạnh tranh hơn,hsk_3.json
炸药,关于炸药,guānyú 炸药,về thuốc nổ,关于炸药,Guānyú 炸药,Về thuốc nổ,hsk_3.json
点头,点头同意,diǎn tóu tóng yì,gật đầu đồng ý,老师点头同意,lǎo shī diǎn tóu tóng yì,Thầy giáo gật đầu đồng ý,hsk_2.json
热烈,热烈欢迎,rè liè huān yíng,nồng nhiệt chào đón,大家热烈欢迎新来的同事。,dà jiā rè liè huān yíng xīn lái de tóng shì。,Mọi người nồng nhiệt chào đón đồng nghiệp mới.,hsk_3.json
热闹,热闹,rè nao,nhộn nhịp,这个热闹很好。,zhè ge rè nao hěn hǎo。,nhộn nhịp này rất tốt.,hsk_1.json
热闹,热闹,rè nao,nhộn nhịp,我喜欢这个热闹。,wǒ xǐ huan zhè ge rè nao。,Tôi thích nhộn nhịp này.,hsk_1.json
然后,然后呢,rán hòu ne,sau đó thì,然后呢,rán hòu ne,Sau đó thì sao,hsk_1.json
熬夜,经常熬夜,jīngcháng áoyè,thường xuyên thức khuya,经常熬夜对健康有害,Jīngcháng áoyè duì jiànkāng yǒuhài,Thường xuyên thức khuya có hại cho sức khoẻ,hsk_1.json
熬夜,熬夜加班,áoyè jiābān,thức khuya làm thêm giờ,熬夜加班是常有的事,Áoyè jiābān shì cháng yǒu de shì,Thức khuya làm thêm giờ là chuyện thường xuyên,hsk_1.json
爱好,兴趣爱好,xìngqù àihào,sở thích và yêu thích,他们的性格虽然不同，但是兴趣爱好差不多。,tā men de xìng gé suī rán bù tóng dàn shì xīng qù ài hǎo chà bù duō,"Tuy tính cách của họ khác nhau, nhưng sở thích thì gần giống nhau.",hsk_4.json
爱心,有爱心,yǒu àixīn,có lòng nhân ái,她很有爱心，经常帮助别人。,"Tā hěn yǒu àixīn, jīngcháng bāngzhù biérén.","Cô ấy rất có lòng nhân ái, thường xuyên giúp đỡ người khác.",hsk_3.json
父亲,父亲节,Fùqīnjié,Ngày của Cha,父亲节快到了。,Fùqīnjié kuài dào le.,Ngày của Cha sắp đến.,hsk_2.json
爷爷,爷爷,yéye,ông nội,这是我爷爷,Zhè shì wǒ yéye,Đây là ông nội tôi,hsk_1.json
爷爷,爷爷,yéye,ông nội,爷爷很老了,Yéye hěn lǎo le,Ông nội đã rất già,hsk_1.json
爷爷,爷爷,yéye,ông nội,和爷爷住,hé yéye zhù,sống cùng ông nội,hsk_1.json
爸爸,爸爸,bàba,bố,这是我爸爸,Zhè shì wǒ bàba,Đây là bố tôi,hsk_1.json
爸爸,爸爸,bàba,bố,爸爸在工作,Bàba zài gōngzuò,Bố đang làm việc,hsk_1.json
爸爸,爸爸,bàba,bố,我爱我爸爸,Wǒ ài wǒ bàba,Tôi yêu bố tôi,hsk_1.json
牙齿,牙齿健康,yáchǐ jiànkāng,sức khoẻ răng miệng,保持牙齿健康很重要,Bǎochí yáchǐ jiànkāng hěn zhòngyào,Giữ gìn răng miệng khoẻ mạnh rất quan trọng,hsk_2.json
牙齿,刷牙齿,shuā yáchǐ,đánh răng,他每天都认真刷牙齿,Tā měitiān dōu rènzhēn shuā yáchǐ,Anh ấy mỗi ngày đều đánh răng cẩn thận,hsk_2.json
牙齿,牙齿洁白,yáchǐ jiébái,răng trắng sáng,她的牙齿洁白整齐,Tā de yáchǐ jiébái zhěngqí,Răng của cô ấy trắng đều và đẹp,hsk_2.json
牛奶,喝牛奶,hē niúnǎi,uống sữa,我每天早上都喝牛奶。,Wǒ měitiān zǎoshang dōu hē niúnǎi.,Tôi uống sữa mỗi buổi sáng.,hsk_1.json
牛奶,喝牛奶,hē niúnǎi,uống sữa,小朋友喜欢喝牛奶。,Xiǎopéngyǒu xǐhuān hē niúnǎi.,Trẻ em thích uống sữa.,hsk_1.json
物质,物质条件,wùzhì tiáojiàn,điều kiện vật chất,物质条件很重要,wùzhì tiáojiàn hěn zhòngyào,điều kiện vật chất rất quan trọng,hsk_3.json
状况,健康状况,jiàn kāng zhuàng kuàng,tình trạng sức khỏe,她的健康状况不太好。,tā de jiàn kāng zhuàng kuàng bù tài hǎo。,Tình trạng sức khỏe của cô ấy không quá tốt.,hsk_3.json
状况,经济状况,jīng jì zhuàng kuàng,tình hình kinh tế,请介绍一下目前的经济状况。,qǐng jiè shào yī xià mù qián de jīng jì zhuàng kuàng。,Hãy giới thiệu về tình hình kinh tế hiện tại.,hsk_3.json
状态,精神状态,jīng shén zhuàng tài,trạng thái tinh thần,他的精神状态很好。,tā de jīng shén zhuàng tài hěn hǎo。,Tinh thần của anh ấy rất tốt.,hsk_3.json
犹豫,毫不犹豫,háobù yóuyù,không hề do dự,他毫不犹豫地答应了,Tā háobù yóuyù de dāyìng le,Anh ta không chút do dự mà đồng ý luôn,hsk_2.json
犹豫,犹豫了一下,yóuyù le yīxià,do dự một chút,他犹豫了一下才回答,Tā yóuyù le yīxià cái huídá,Anh ta do dự một lúc rồi mới trả lời,hsk_2.json
现代,现代社会,xiàndài shèhuì,xã hội hiện đại,即使在现代社会里，故事仍然是人们生活中不可缺少的一部分。,jí shǐ zài xiàn dài shè huì lǐ gù shì réng rán shì rén men shēng huó zhōng bù kě quē shǎo de yī bù fēn,"Cho dù trong xã hội hiện đại, câu chuyện vẫn là một phần không thể thiếu trong cuộc sống của con người.",hsk_4.json
现在,现在,xiànzài,bây giờ,我现在很忙,Wǒ xiànzài hěn máng,Tôi bây giờ rất bận,hsk_1.json
现在,现在,xiànzài,bây giờ,现在几点？,Xiànzài jǐ diǎn?,Bây giờ mấy giờ?,hsk_1.json
现在,现在,xiànzài,bây giờ,我现在去,Wǒ xiànzài qù,Tôi đi ngay bây giờ,hsk_1.json
现在,现在开始,xiànzài kāishǐ,bắt đầu ngay,现在开始,xiànzài kāishǐ,bắt đầu từ bây giờ,hsk_1.json
现在,就是现在,jiùshì xiànzài,chính là bây giờ,就是现在,jiùshì xiànzài,chính là bây giờ,hsk_1.json
现实,面对现实,miàn duì xiàn shí,đối mặt với thực tế,我们要面对现实。,wǒ men yào miàn duì xiàn shí。,Chúng ta phải đối mặt với thực tế.,hsk_3.json
现象,自然现象,zì rán xiàn xiàng,hiện tượng tự nhiên,科学家们正在研究这个自然现象。,kē xué jiā men zhèng zài yán jiū zhè ge zì rán xiàn xiàng。,Các nhà khoa học đang nghiên cứu hiện tượng tự nhiên này.,hsk_3.json
现金,现金支付,xiàn jīn zhī fù,thanh toán tiền mặt,可以用现金支付吗？,kě yǐ yòng xiàn jīn zhī fù ma？,Có thể thanh toán bằng tiền mặt không?,hsk_3.json
球迷,足球迷,zúqiúmí,fan hâm mộ bóng đá,我爸爸是一个足球迷。,Wǒ bàba shì yīgè zúqiúmí.,Bố tôi là một fan hâm mộ bóng đá.,hsk_3.json
理发,理发店,lǐfàdiàn,tiệm cắt tóc,附近有一家理发店。,Fùjìn yǒu yì jiā lǐfàdiàn.,Gần đây có một tiệm cắt tóc.,hsk_3.json
生日,生日快乐,shēngrì kuàilè,chúc mừng sinh nhật,祝你生日快乐,Zhù nǐ shēngrì kuàilè,Chúc mừng sinh nhật bạn,hsk_1.json
生日,生日蛋糕,shēngrì dàngāo,bánh kem sinh nhật,生日蛋糕,shēngrì dàngāo,bánh kem sinh nhật,hsk_1.json
生日,生日蛋糕,shēngrì dàngāo,bánh kem sinh nhật,我再给她买个大大的生日蛋糕。,wǒ zài gěi tā mǎi gè dà dà de shēng rì dàn gāo,Tôi mua thêm cho cô ấy một cái bánh sinh nhật thật to.,new_hsk_2.json
生气,别生气,bié shēngqì,đừng giận,别生气,Bié shēngqì,Đừng giận,hsk_1.json
生病,生病住院,shēngbìng zhùyuàn,ốm nhập viện,我妈妈生病住院,Wǒ māma shēngbìng zhùyuàn,Mẹ tôi bị ốm nhập viện,hsk_1.json
生病,生病住院,shēngbìng zhùyuàn,ốm nhập viện,小林本来负责这次招聘，但他突然生病住院了。,xiǎo lín běn lái fù zé zhè cì zhāo pìn dàn tā tū rán shēng bìng zhù yuàn le,"Tiểu Lâm vốn phụ trách đợt tuyển dụng lần này, nhưng anh ấy đột nhiên bị bệnh phải nhập viện.",hsk_4.json
田径,田径运动,tiánjìng yùndòng,thể thao điền kinh,她从小就喜欢田径运动,Tā cóng xiǎo jiù xǐhuān tiánjìng yùndòng,Cô ấy đã thích các môn điền kinh từ nhỏ,hsk_3.json
田径,田径比赛,tiánjìng bǐsài,thi đấu điền kinh,这次田径比赛吸引了大批观众,Zhècì tiánjìng bǐsài xīyǐnle dàpī guānzhòng,Cuộc thi điền kinh lần này thu hút rất đông khán giả,hsk_3.json
田径,田径队,tiánjìng duì,đội điền kinh,他参加了学校的田径队,Tā cānjiāle xuéxiào de tiánjìng duì,Anh ấy tham gia đội điền kinh của trường,hsk_3.json
电影,看电影,kàn diànyǐng,xem phim,下午五点他们去看电影。,xià wǔ wǔ diǎn tā men qù kàn diàn yǐng,Họ đi xem phim lúc 5 giờ chiều.,hsk_1.json
电影,看电影,kàn diànyǐng,xem phim,我们下午去看电影，好吗？,wǒ men xià wǔ qù kàn diàn yǐng hǎo ma,Chiều nay chúng ta đi xem phim được không?,hsk_2.json
电影,看电影,kàn diànyǐng,xem phim,我不想去看电影。那我也不去了。,wǒ bù xiǎng qù kàn diàn yǐng nà wǒ yě bù qù le,Tôi không muốn đi xem phim. Vậy tôi cũng không đi nữa.,hsk_3.json
电影,一部电影,yī bù diànyǐng,một bộ phim,我看了一部电影,Wǒ kànle yī bù diànyǐng,Tôi đã xem một bộ phim,hsk_1.json
电影,电影院,diànyǐngyuàn,rạp chiếu phim,电影院放映新电影,Diànyǐngyuàn fàngyìng xīn diànyǐng,Rạp phim đang chiếu phim mới,hsk_1.json
电影,电影院,diànyǐngyuàn,rạp chiếu phim,学校前边有一家电影院。,xué xiào qián biān yǒu yī jiā diàn yǐng yuàn,Phía trước trường học có một rạp chiếu phim.,new_hsk_1.json
电梯,电梯坏了,diàn tī huài le,thang máy hỏng,电梯坏了，我们得走楼梯。,diàn tī huài le， wǒ men děi zǒu lóu tī。,"Thang máy hỏng rồi, chúng ta phải đi cầu thang.",hsk_3.json
电梯,电梯坏了,diàn tī huài le,thang máy hỏng,电梯坏了，看来咱们只能走下去了。,diàn tī huài le kàn lái zán men zhǐ néng zǒu xià qù le,"Thang máy hỏng rồi, xem ra chúng ta chỉ có thể đi bộ xuống thôi.",new_hsk_3.json
电脑,笔记本电脑,bǐjìběn diànnǎo,máy tính xách tay,我们用会议室的电脑还是自己的笔记本电脑？,wǒ men yòng huì yì shì de diàn nǎo hái shì zì jǐ de bǐ jì běn diàn nǎo,Chúng ta dùng máy tính của phòng họp hay máy tính xách tay của mình?,new_hsk_3.json
电视,看电视,kàn diànshì,xem TV,我看电视,Wǒ kàn diànshì,Tôi xem TV,hsk_1.json
电视,看电视,kàn diànshì,xem TV,我不常看电视,Wǒ bù cháng kàn diànshì,Tôi không thường xem TV,hsk_1.json
电视,看电视,kàn diànshì,xem TV,不要看电视了。,bù yào kàn diàn shì le,Đừng xem tivi nữa.,hsk_2.json
电视,电视节目,diànshì jiémù,chương trình TV,电视节目很有趣,Diànshì jiémù hěn yǒuqù,Chương trình TV rất thú vị,hsk_1.json
电话,打电话,dǎ diànhuà,gọi điện,请给我打电话,Qǐng gěi wǒ dǎ diànhuà,Hãy gọi điện thoại cho tôi,hsk_1.json
电话,打电话,dǎ diànhuà,gọi điện,你下午打电话吧。,nǐ xià wǔ dǎ diàn huà ba,Buổi chiều bạn gọi điện nhé.,hsk_1.json
电话,打电话,dǎ diànhuà,gọi điện,你可以打电话问一下。,nǐ kě yǐ dǎ diàn huà wèn yī xià,Bạn có thể gọi điện hỏi một chút.,new_hsk_1.json
电话,接电话,jiē diànhuà,nghe điện,接电话,Jiē diànhuà,nghe điện thoại,hsk_1.json
电话,电话号码,diànhuà hàomǎ,số điện thoại,我的电话号码,Wǒ de diànhuà hàomǎ,Số điện thoại của tôi,hsk_1.json
电话,电话号码,diànhuà hàomǎ,số điện thoại,你的电话号码是多少？,nǐ de diàn huà hào mǎ shì duō shǎo,Số điện thoại của bạn là bao nhiêu?,hsk_1.json
男人,好男人,hǎo nán rén,đàn ông tốt,好男人应该有责任感,Hǎo nán rén yīng gāi yǒu zé rèn gǎn,Đàn ông tốt nên có trách nhiệm,hsk_1.json
男生,男生宿舍,nánshēng sùshè,ký túc xá nam,男生宿舍,nánshēng sùshè,ký túc xá nam,hsk_1.json
留下,留下,liú xià,để lại,请留下你的名字,qǐng liú xià nǐ de míng zi,Vui lòng để lại tên của bạn,hsk_2.json
留下,留下,liú xià,để lại,他选择留下,tā xuǎn zé liú xià,Anh ấy chọn ở lại,hsk_2.json
留学,留学生,liú xué shēng,du học sinh,留学生活很充实。,liú xué shēng huó hěn chōng shí。,Cuộc sống du học rất trọn vẹn.,hsk_3.json
留念,签名留念,qiānmíng liúniàn,ký tên lưu niệm,请在这里签名留念,Qǐng zài zhèlǐ qiānmíng liúniàn,Xin hãy ký tên vào đây để lưu niệm,hsk_2.json
白天,白天,báitiān,ban ngày,我白天工作,Wǒ báitiān gōngzuò,Tôi làm việc ban ngày,hsk_1.json
白天,白天,báitiān,ban ngày,白天很长,Báitiān hěn cháng,Ban ngày rất dài,hsk_1.json
白天,白天,báitiān,ban ngày,白天和晚上,Báitiān hé wǎnshang,Ban ngày và buổi tối,hsk_1.json
白天,白天和晚上,báitiān hé wǎnshang,ban ngày và buổi tối,白天和晚上,Báitiān hé wǎnshang,Ban ngày và buổi tối,hsk_1.json
白天,大白天,dàbáitiān,ban ngày ban mặt,大白天,dàbáitiān,ban ngày ban mặt (nhấn mạnh),hsk_1.json
白菜,吃白菜,chī báicài,ăn cải thảo,我喜欢吃白菜。,Wǒ xǐhuān chī báicài.,Tôi thích ăn cải thảo.,hsk_3.json
白菜,白菜汤,báicài tāng,canh cải thảo,妈妈做了一道白菜汤。,Māma zuòle yīdào báicài tāng.,Mẹ làm một món canh cải thảo.,hsk_3.json
的确,的确,dí què,thật vậy,这个的确很好。,zhè ge dí què hěn hǎo。,thật vậy này rất tốt.,hsk_3.json
的确,的确,dí què,thật vậy,我喜欢这个的确。,wǒ xǐ huan zhè ge dí què。,Tôi thích thật vậy này.,hsk_3.json
的确,的确,dí què,thật vậy,他的中文的确进步很快。,tā de zhōng wén de què jìn bù hěn kuài,Tiếng Trung của anh ấy quả thực tiến bộ rất nhanh.,hsk_5.json
的话,的话,de huà,nếu như,如果不去的话,rú guǒ bù qù de huà,Nếu không đi,hsk_1.json
的话,的话,de huà,nếu như,明天下雨的话,míng tiān xià yǔ de huà,Nếu ngày mai mưa,hsk_1.json
的话,的话,de huà,nếu như,如果你有钱的话，就去旅游。,rú guǒ nǐ yǒu qián de huà jiù qù lǚ yóu,Nếu bạn có tiền thì hãy đi du lịch.,hsk_3.json
皱纹,消除皱纹,xiāochú zhòuwén,xóa nếp nhăn,这款面霜号称能消除皱纹。,Zhè kuǎn miànshuāng hàochēng néng xiāochú zhòuwén.,Loại kem dưỡng này được quảng cáo có thể xóa nếp nhăn.,hsk_2.json
目前,目前的情况,mùqián de qíngkuàng,tình hình hiện tại,目前的情况怎么样?,Mùqián de qíngkuàng zěnmeyàng?,Tình hình hiện tại thế nào?,hsk_3.json
目前,目前在,mùqián zài,hiện đang ở,我目前在学习中文。,Wǒ mùqián zài xuéxí Zhōngwén.,Hiện tại tôi đang học tiếng Trung.,hsk_3.json
目的,达到目的,dá dào mù dì,đạt mục đích,达到目的。,dá dào mù dì。,Đạt được mục đích.,hsk_2.json
直接,直接找,zhí jiē zhǎo,trực tiếp tìm,你可以直接找我。,nǐ kě yǐ zhí jiē zhǎo wǒ。,Bạn có thể trực tiếp tìm tôi.,hsk_2.json
相互,相互理解,xiānghù lǐjiě,thấu hiểu lẫn nhau,我们应该相互理解，相互尊重。,"Wǒmen yīnggāi xiānghù lǐjiě, xiānghù zūnzhòng.","Chúng ta nên thấu hiểu lẫn nhau, tôn trọng lẫn nhau.",hsk_3.json
相反,相反,xiāngfǎn,ngược lại,情况恰恰相反,Qíngkuàng qiàqià xiāngfǎn,Tình hình lại hoàn toàn ngược lại,hsk_3.json
相反,相反,xiāngfǎn,ngược lại,我的想法相反,Wǒ de xiǎngfǎ xiāngfǎn,Suy nghĩ của tôi trái ngược,hsk_3.json
相反,相反,xiāngfǎn,ngược lại,"相反,我认为","xiāngfǎn, wǒ rènwéi","Ngược lại, tôi nghĩ rằng",hsk_3.json
相反,恰恰相反,qiàqià xiāngfǎn,hoàn toàn ngược lại,情况恰恰相反,Qíngkuàng qiàqià xiāngfǎn,Tình hình lại hoàn toàn ngược lại,hsk_3.json
相反,想法相反,xiǎngfǎ xiāngfǎn,ý kiến trái ngược,我的想法相反,Wǒ de xiǎngfǎ xiāngfǎn,Suy nghĩ của tôi trái ngược,hsk_3.json
相处,相处,xiāng chǔ,hoà thuận,这个相处很好。,zhè ge xiāng chǔ hěn hǎo。,hoà thuận này rất tốt.,hsk_2.json
相处,相处,xiāng chǔ,hoà thuận,我喜欢这个相处。,wǒ xǐ huan zhè ge xiāng chǔ。,Tôi thích hoà thuận này.,hsk_2.json
相片,相片,xiàng piàn,ảnh,这个相片很好。,zhè ge xiàng piàn hěn hǎo。,ảnh này rất tốt.,hsk_2.json
相片,相片,xiàng piàn,ảnh,我喜欢这个相片。,wǒ xǐ huan zhè ge xiàng piàn。,Tôi thích ảnh này.,hsk_2.json
相遇,意外相遇,yìwài xiāngyù,gặp nhau một cách tình cờ,他们两个意外相遇,Tāmen liǎng gè yìwài xiāngyù,Hai người họ gặp nhau một cách tình cờ,hsk_2.json
看病,去看病,qù kànbìng,đi khám bác sĩ,我去看病,Wǒ qù kànbìng,Tôi đi khám bác sĩ,hsk_1.json
看重,看重诚信,kànzhòng chéngxìn,coi trọng sự trung thực,这家企业看重诚信和能力。,Zhè jiā qǐyè kànzhòng chéngxìn hé nénglì.,Doanh nghiệp này coi trọng sự trung thực và năng lực.,hsk_2.json
真实,真实情况,zhēn shí qíng kuàng,tình huống thực tế,这份报告反映了真实情况。,zhè fèn bào gào fǎn yìng le zhēn shí qíng kuàng,Bản báo cáo này phản ánh tình hình thực tế.,hsk_5.json
真正,真正的,zhēn zhèng de,thực sự là,有人觉得有房子和汽车就是幸福，有人却认为找到真正的爱情才是幸福。,yǒu rén jué dé yǒu fáng zi hé qì chē jiù shì xìng fú yǒu rén què rèn wèi zhǎo dào zhēn zhèng de ài qíng cái shì xìng fú,"Có người cho rằng có nhà và xe là hạnh phúc, nhưng có người lại cho rằng tìm được tình yêu đích thực mới là hạnh phúc.",hsk_4.json
睡觉,去睡觉,qù shuìjiào,đi ngủ,去睡觉吧,Qù shuìjiào ba,Đi ngủ đi,hsk_1.json
睡觉,在睡觉,zài shuìjiào,đang ngủ,他在睡觉,Tā zài shuìjiào,Anh ấy đang ngủ,hsk_1.json
睡觉,在睡觉,zài shuìjiào,đang ngủ,我在睡觉呢。,wǒ zài shuì jué ne,Tôi đang ngủ.,hsk_1.json
睡觉,在睡觉,zài shuìjiào,đang ngủ,八点了，他还在睡觉。,bā diǎn le tā hái zài shuì jué,8 giờ rồi mà anh ấy vẫn còn đang ngủ.,hsk_2.json
睡觉,睡觉了,shuìjiào le,đi ngủ rồi,我要睡觉了,Wǒ yào shuìjiào le,Tôi muốn đi ngủ rồi,hsk_1.json
知道,不知道,bù zhīdào,không biết,我不知道,Wǒ bù zhīdào,Tôi không biết,hsk_1.json
知道,不知道,bù zhīdào,không biết,我根本不知道这件事。,wǒ gēn běn bù zhī dào zhè jiàn shì,Tôi hoàn toàn không biết chuyện này.,hsk_5.json
知道,不知道,bù zhīdào,không biết,况且你又不知道地址。,kuàng qiě nǐ yòu bù zhī dào dì zhǐ,Hơn nữa bạn lại không biết địa chỉ.,hsk_6.json
知道,我知道,wǒ zhīdào,tôi biết,我知道了,Wǒ zhīdào le,Tôi đã biết rồi,hsk_1.json
知道,我知道,wǒ zhīdào,tôi biết,我知道这个,Wǒ zhīdào zhège,Tôi biết cái này,hsk_1.json
知道,我知道,wǒ zhīdào,tôi biết,这件事我知道。,zhè jiàn shì wǒ zhī dào,Chuyện này tôi biết.,new_hsk_2.json
知道,你知道吗,nǐ zhīdào ma,bạn có biết không,你知道吗？,Nǐ zhīdào ma?,Bạn có biết không?,hsk_1.json
石头,一块石头,yí kuài shítou,một hòn đá,他捡起一块石头扔进水里。,Tā jiǎnqǐ yí kuài shítou rēng jìn shuǐ lǐ.,Anh ấy nhặt một hòn đá ném xuống nước.,hsk_3.json
破除,破除垄断,pòchú lǒngduàn,phá vỡ độc quyền,这项政策旨在破除垄断。,Zhè xiàng zhèngcè zhǐ zài pòchú lǒngduàn.,Chính sách này nhằm phá vỡ sự độc quyền.,hsk_3.json
确实,确实可靠,què shí kě kào,thực sự đáng tin,这个消息确实可靠。,zhè ge xiāo xi què shí kě kào。,Tin tức này thực sự đáng tin cậy.,hsk_1.json
碰到,碰到,pèng dào,tình cờ gặp,我在街上碰到他,wǒ zài jiē shàng pèng dào tā,Tôi gặp anh ấy trên phố,hsk_2.json
碰到,碰到,pèng dào,tình cờ gặp,碰到困难,pèng dào kùn nan,Gặp khó khăn,hsk_2.json
碰到,碰到,pèng dào,tình cờ gặp,没想到居然在这儿碰到你！,méi xiǎng dào jū rán zài zhè ér pèng dào nǐ,Không ngờ lại gặp được bạn ở đây!,hsk_5.json
礼物,生日礼物,shēng rì lǐ wù,quà sinh nhật,生日礼物,shēng rì lǐ wù,Quà sinh nhật,hsk_1.json
社会,现代社会,xiàn dài shè huì,xã hội hiện đại,即使在现代社会里，故事仍然是人们生活中不可缺少的一部分。,jí shǐ zài xiàn dài shè huì lǐ gù shì réng rán shì rén men shēng huó zhōng bù kě quē shǎo de yī bù fēn,"Cho dù trong xã hội hiện đại, câu chuyện vẫn là một phần không thể thiếu trong cuộc sống của con người.",hsk_4.json
祈祷,默默祈祷,mòmò qídǎo,lặng lẽ cầu nguyện,默默祈祷,mòmò qídǎo,lặng lẽ cầu nguyện,hsk_3.json
祭祀,祭祀祖先,jìsì zǔxiān,cúng tổ tiên,清明节祭祀祖先,Qīngmíngjié jìsì zǔxiān,Ngày Tết Thanh Minh cúng tổ tiên,hsk_3.json
祭祀,祭祀仪式,jìsì yíshì,lễ tế,举行祭祀仪式,Jǔxíng jìsì yíshì,Thực hiện lễ tế,hsk_3.json
离婚,离婚手续,líhūn shǒuxù,thủ tục ly hôn,办理离婚手续需要时间。,Bànlǐ líhūn shǒuxù xūyào shíjiān.,Thủ tục ly hôn cần thời gian.,hsk_3.json
离开,离开家,lí kāi jiā,rời nhà,她舍不得离开家乡。,tā shě bù dé lí kāi jiā xiāng,Cô ấy không nỡ rời xa quê hương.,hsk_5.json
离开,离开家,lí kāi jiā,rời nhà,对我来说，生活也很重要，我不愿意为工作或学习离开家人。,duì wǒ lái shuō shēng huó yě hěn zhòng yào wǒ bù yuàn yì wèi gōng zuò huò xué xí lí kāi jiā rén,"Đối với tôi, cuộc sống cũng rất quan trọng, tôi không muốn rời xa gia đình vì công việc hay học tập.",new_hsk_3.json
积极,积极参加,jī jí cān jiā,tích cực tham gia,我们要积极参加活动。,wǒ men yào jī jí cān jiā huó dòng。,Chúng ta cần tích cực tham gia hoạt động.,hsk_2.json
称为,被称为,bèi chēng wéi,được gọi là,他被称为伟大的作家。,tā bèi chēng wéi wěi dà de zuò jiā。,Ông ấy được gọi là một nhà văn vĩ đại.,hsk_3.json
移植,器官移植,qìguān yízhí,cấy ghép cơ quan,器官移植可以挽救很多生命,Qìguān yízhí kěyǐ wǎnjiù hěnduō shēngmìng,Cấy ghép cơ quan có thể cứu mạng nhiều người,hsk_3.json
移植,移植手术,yízhí shǒushù,phẫu thuật cấy ghép,医生为患者进行了心脏移植手术,Yīshēng wèi huànzhě jìnxíng le xīnzàng yízhí shǒushù,Bác sĩ phẫu thuật cấy ghép tim cho bệnh nhân,hsk_3.json
移植,软件移植,ruǎnjiàn yízhí,port phần mềm,这个软件移植到手机上很容易,Zhège ruǎnjiàn yízhí dào shǒujī shàng hěn róngyì,Phần mềm này port sang điện thoại rất dễ,hsk_3.json
空气,新鲜空气,xīn xiān kōng qì,không khí trong lành,我们需要新鲜空气,wǒ men xū yào xīn xiān kōng qì,Chúng ta cần không khí trong lành,hsk_1.json
空洞,空洞无物,kōngdòng wúwù,rỗng tuếch không có gì,避免写出空洞无物的文章。,Bìmiǎn xiě chū kōngdòng wúwù de wénzhāng.,"Tránh viết những bài văn rỗng tuếch, thiếu nội dung.",hsk_3.json
空调,开空调,kāi kōngtiáo,bật điều hòa,夏天需要开空调。,Xiàtiān xūyào kāi kōngtiáo.,Mùa hè cần bật điều hòa.,hsk_1.json
空难,空难调查,kōngnàn diàochá,điều tra tai nạn hàng không,空难调查工作已经展开,Kōngnàn diàochá gōngzuò yǐjīng zhǎnkāi,Công tác điều tra tai nạn hàng không đã được triển khai,hsk_3.json
空难,空难幸存者,kōngnàn xìngcúnzhě,người sống sót sau tai nạn máy bay,空难幸存者讲述了惊心动魄的经历,Kōngnàn xìngcúnzhě jiǎngshù le jīngxīn dòngpò de jīnglì,Người sống sót sau tai nạn máy bay kể lại trải nghiệm đáng sợ,hsk_3.json
穿过,穿过人群,chuānguò rénqún,luồn qua đám đông,他穿过人群走到台上。,Tā chuānguò rénqún zǒu dào tái shàng.,Anh ấy luồn qua đám đông tiến lên sân khấu.,hsk_2.json
竟然,竟然,jìng rán,không ngờ,这个竟然很好。,zhè ge jìng rán hěn hǎo。,không ngờ này rất tốt.,hsk_2.json
竟然,竟然,jìng rán,không ngờ,我喜欢这个竟然。,wǒ xǐ huan zhè ge jìng rán。,Tôi thích không ngờ này.,hsk_2.json
竟然,竟然,jìng rán,không ngờ,本来很怕打针的她这次竟然没哭。,běn lái hěn pà dǎ zhēn de tā zhè cì jìng rán méi kū,"Cô ấy vốn rất sợ tiêm, vậy mà lần này lại không khóc.",hsk_4.json
童年,童年,tóng nián,thời thơ ấu,这个童年很好。,zhè ge tóng nián hěn hǎo。,thời thơ ấu này rất tốt.,hsk_3.json
童年,童年,tóng nián,thời thơ ấu,我喜欢这个童年。,wǒ xǐ huan zhè ge tóng nián。,Tôi thích thời thơ ấu này.,hsk_3.json
竹子,竹子,zhú zi,cây tre,院子里种了很多竹子。,Yuànzi lǐ zhòng le hěnduō zhúzi.,Trong sân trồng nhiều tre.,hsk_2.json
竹子,竹子,zhú zi,cây tre,竹子是中国传统文化的一部分。,Zhúzi shì Zhōngguó chuántǒng wénhuà de yī bùfèn.,Tre trúc là một phần văn hóa truyền thống Trung Quốc.,hsk_2.json
竹子,竹子,zhú zi,cây tre,熊猫喜欢吃竹子。,Xióngmāo xǐhuān chī zhúzi.,Gấu trúc thích ăn tre.,hsk_2.json
笑话,讲笑话,jiǎng xiào hua,kể chuyện cười,我们经常一起讲笑话,wǒ men jīng cháng yī qǐ jiǎng xiào hua,Chúng tôi thường cùng nhau kể chuyện cười,hsk_2.json
笔记,笔记,bǐ jì,ghi chép,做笔记,zuò bǐ jì,Ghi chép,hsk_2.json
笔记,笔记,bǐ jì,ghi chép,课堂笔记,kè táng bǐ jì,Ghi chép trong lớp,hsk_2.json
笔记,笔记,bǐ jì,ghi chép,我们用会议室的电脑还是自己的笔记本电脑？,wǒ men yòng huì yì shì de diàn nǎo hái shì zì jǐ de bǐ jì běn diàn nǎo,Chúng ta dùng máy tính của phòng họp hay máy tính xách tay của mình?,new_hsk_3.json
第一,得第一,děi dì yī,đạt hạng nhất,祝你得第一名！,Zhù nǐ dé dì-yī míng!,Chúc bạn đạt hạng nhất!,hsk_3.json
等于,等于,děng yú,bằng với,一加一等于二,yī jiā yī děng yú èr,Một cộng một bằng hai,hsk_2.json
等于,等于,děng yú,bằng với,这不等于放弃,zhè bù děng yú fàng qì,Điều này không có nghĩa là bỏ cuộc,hsk_2.json
简单,很简单,hěn jiǎn dān,rất đơn giản,这个问题很简单。,zhè ge wèn tí hěn jiǎn dān。,Vấn đề này rất đơn giản.,hsk_1.json
简单,很简单,hěn jiǎn dān,rất đơn giản,即使是很简单的事情，也要认真去做。,jí shǐ shì hěn jiǎn dān de shì qíng yě yào rèn zhēn qù zuò,Cho dù là việc rất đơn giản thì cũng phải làm nghiêm túc.,hsk_4.json
简直,简直不敢相信,jiǎn zhí bù gǎn xiāng xìn,giản trọc không dám tin,我简直不敢相信我的眼睛。,wǒ jiǎn zhí bù gǎn xiāng xìn wǒ de yǎn jing。,Tôi简直 không thể tin vào mắt mình.,hsk_3.json
算了,关于算了,guānyú 算了,về bỏ qua,关于算了,Guānyú 算了,Về bỏ qua,hsk_2.json
箱子,箱子,xiāng zi,Hộp,箱子里装满了书。,Xiāngzi lǐ zhuāng mǎn le shū.,Trong hộp chứa đầy sách.,hsk_2.json
箱子,箱子,xiāng zi,Hộp,我好像在哪儿看到过这个箱子。,wǒ hǎo xiàng zài nǎ ér kàn dào guò zhè gè xiāng zi,Tôi hình như đã thấy cái vali này ở đâu đó rồi.,new_hsk_3.json
篮球,打篮球,dǎ lánqiú,chơi bóng rổ,他喜欢打篮球,tā xǐ huan dǎ lánqiú,Anh ấy thích chơi bóng rổ,hsk_2.json
篮球,打篮球,dǎ lánqiú,chơi bóng rổ,昨天你们怎么都没去打篮球？,zuó tiān nǐ men zěn me dōu méi qù dǎ lán qiú,Hôm qua sao các anh đều không đi chơi bóng rổ?,hsk_2.json
篮球,打篮球,dǎ lánqiú,chơi bóng rổ,我儿子对打篮球不感兴趣。,wǒ ér zi duì dǎ lán qiú bù gǎn xīng qù,Con trai tôi không có hứng thú với bóng rổ.,hsk_3.json
簇拥,被粉丝簇拥,bèi fěnsī cùyōng,bị fan vây quanh,被粉丝簇拥,bèi fěnsī cùyōng,bị fan vây quanh,hsk_3.json
簇拥,人群簇拥,rénqún cùyōng,đám đông vây quanh,人群簇拥,rénqún cùyōng,đám đông vây quanh,hsk_3.json
簇拥,簇拥着,cùyōngzhe,vây quanh,记者簇拥着他,jìzhě cùyōngzhe tā,nhà báo vây quanh anh,hsk_3.json
米饭,吃米饭,chī mǐfàn,ăn cơm,我吃米饭,Wǒ chī mǐfàn,Tôi ăn cơm,hsk_1.json
米饭,吃米饭,chī mǐfàn,ăn cơm,我要吃米饭。,wǒ yào chī mǐ fàn,Tôi muốn ăn cơm.,hsk_2.json
米饭,吃米饭,chī mǐfàn,ăn cơm,今天晚上吃米饭或者面条都可以。,jīn tiān wǎn shàng chī mǐ fàn huò zhě miàn tiáo dōu kě yǐ,Tối nay ăn cơm hoặc mì đều được.,hsk_3.json
米饭,一碗米饭,yī wǎn mǐfàn,một bát cơm,要一碗米饭,Yào yī wǎn mǐfàn,Cho một bát cơm,hsk_1.json
米饭,米饭,mǐfàn,cơm,我吃米饭,Wǒ chī mǐfàn,Tôi ăn cơm,hsk_1.json
米饭,米饭,mǐfàn,cơm,米饭很好吃,Mǐfàn hěn hǎochī,Cơm rất ngon,hsk_1.json
米饭,米饭,mǐfàn,cơm,要一碗米饭,Yào yī wǎn mǐfàn,Cho một bát cơm,hsk_1.json
精彩,非常精彩,fēi cháng jīng cǎi,rất tuyệt vời,昨天的比赛非常精彩。,zuó tiān de bǐ sài fēi cháng jīng cǎi。,Trận đấu hôm qua rất tuyệt vời.,hsk_2.json
精神,团队精神,tuán duì jīng shén,tinh thần đồng đội,团队合作需要团队精神。,tuán duì hé zuò xū yào tuán duì jīng shén。,Hợp tác nhóm cần tinh thần đồng đội.,hsk_2.json
糟糕,真糟糕,zhēn zāogāo,thật tệ,今天的天气真糟糕,Jīntiān de tiānqì zhēn zāogāo,Thời tiết hôm nay thật tệ,hsk_1.json
纠纷,关于纠纷,guānyú 纠纷,về tranh chấp,关于纠纷,Guānyú 纠纷,Về tranh chấp,hsk_3.json
红茶,喝红茶,hē hóngchá,uống trà đỏ,我喜欢喝红茶。,Wǒ xǐhuān hē hóngchá.,Tôi thích uống trà đỏ.,hsk_3.json
纪录,打破纪录,dǎ pò jì lù,phá kỷ lục,屡次打破纪录。,lǚ cì dǎ pò jì lù,Nhiều lần phá kỷ lục.,hsk_6.json
组长,当组长,dāng zǔ zhǎng,làm nhóm trưởng,我想当组长,wǒ xiǎng dāng zǔ zhǎng,Tôi muốn làm nhóm trưởng,hsk_2.json
细腻,皮肤细腻,pífū xìnì,da mịn màng,她的皮肤细腻光滑。,Tā de pífū xìnì guānghuá.,Da cô ấy mịn màng và láng mượt.,hsk_3.json
细腻,感情细腻,gǎnqíng xìnì,cảm xúc tinh tế,他的感情细腻，善解人意。,"Tā de gǎnqíng xìnì, shàn jiě rén yì.","Anh ấy có cảm xúc tinh tế, biết thấu hiểu người khác.",hsk_3.json
经常,经常去,jīng cháng qù,thường xuyên đi,我经常去图书馆。,wǒ jīng cháng qù tú shū guǎn。,Tôi thường xuyên đi thư viện.,hsk_2.json
缺乏,缺乏经验,quē fá jīng yàn,thiếu kinh nghiệm,很多年轻人缺乏经验。,hěn duō nián qīng rén quē fá jīng yàn。,Rất nhiều người trẻ thiếu kinh nghiệm.,hsk_3.json
缺乏,缺乏信心,quē fá xìn xīn,thiếu lòng tin,我们不能缺乏信心。,wǒ men bù néng quē fá xìn xīn。,Chúng ta không thể thiếu lòng tin.,hsk_3.json
缺席,缺席审判,quēxí shěnpàn,xét xử vắng mặt,被告缺席，法院决定缺席审判。,"Bèigào quēxí, fǎyuàn juédìng quēxí shěnpàn.","Bị cáo vắng mặt, tòa án quyết định xét xử vắng mặt.",hsk_3.json
缺席,无故缺席,wúgù quēxí,vắng mặt không lý do,请假需要提前申请，不能无故缺席。,"Qǐngjià xūyào tíqián shēnqǐng, bù néng wúgù quēxí.","Xin phép vắng mặt cần đăng ký trước, không thể vắng không lý do.",hsk_3.json
网上,网上聊天,wǎngshàng liáotiān,trò chuyện trên mạng,我们在网上聊天,Wǒmen zài wǎngshàng liáotiān,Chúng ta trò chuyện trên mạng,hsk_1.json
网友,见网友,jiàn wǎng yǒu,gặp bạn online (offline),第一次见网友,Dì yī cì jiàn wǎng yǒu,Lần đầu gặp bạn onine,hsk_1.json
网球,打网球,dǎ wǎng qiú,chơi quần vợt,他喜欢打网球,tā xǐ huan dǎ wǎng qiú,Anh ấy thích chơi quần vợt,hsk_2.json
网球,网球拍,wǎng qiú pāi,vợt quần vợt,这个网球拍很贵,zhè ge wǎng qiú pāi hěn guì,Cây vợt này rất đắt,hsk_2.json
羊肉,吃羊肉,chī yáng ròu,ăn thịt cừu,我不喜欢吃羊肉。,Wǒ bù xǐhuān chī yángròu.,Tôi không thích ăn thịt cừu.,hsk_3.json
羊肉,吃羊肉,chī yáng ròu,ăn thịt cừu,这个星期我天天都吃羊肉。,zhè gè xīng qī wǒ tiān tiān dōu chī yáng ròu,Tuần này ngày nào tôi cũng ăn thịt cừu.,hsk_2.json
美术,美术学院,měishù xuéyuàn,trường đại học mỹ thuật,她在美术学院学习。,Tā zài měishù xuéyuàn xuéxí.,Cô ấy học tại trường đại học mỹ thuật.,hsk_2.json
老人,尊敬老人,zūn jìng lǎo rén,kính trọng người già,我们应该尊敬老人,Wǒ men yīng gāi zūn jìng lǎo rén,Chúng ta nên kính trọng người già,hsk_1.json
老家,老家,lǎo jiā,Quê hương,春节回老家。,Chūnjié huí lǎojiā.,Tết về quê.,hsk_2.json
老师,中文老师,Zhōngwén lǎoshī,giáo viên tiếng Trung,她是我的中文老师。,Tā shì wǒ de Zhōngwén lǎoshī.,Cô ấy là giáo viên tiếng Trung của tôi.,hsk_1.json
老年,老年人,lǎo nián rén,người cao tuổi,老年人需要照顾,lǎo nián rén xū yào zhào gù,Người cao tuổi cần được chăm sóc,hsk_2.json
考虑,考虑一下,kǎolǜ yīxià,cân nhắc một chút,让我考虑一下。,Ràng wǒ kǎolǜ yīxià.,Để tôi cân nhắc một chút.,hsk_1.json
考试,准备考试,zhǔnbèi kǎoshì,ôn thi,我在准备考试,Wǒ zài zhǔnbèi kǎoshì,Tôi đang ôn thi,hsk_1.json
考试,准备考试,zhǔnbèi kǎoshì,ôn thi,妈妈，是您准备考试还是我准备考试？,mā mā shì nín zhǔn bèi kǎo shì hái shì wǒ zhǔn bèi kǎo shì,"Mẹ ơi, là mẹ chuẩn bị thi hay con chuẩn bị thi vậy?",new_hsk_2.json
考试,参加考试,cānjiā kǎoshì,thi,参加考试,cānjiā kǎoshì,thi/đợ thi,hsk_1.json
考试,考试,kǎoshì,thi,明天有考试,Míngtiān yǒu kǎoshì,Ngày mai có thi,hsk_1.json
考试,考试,kǎoshì,thi,我在准备考试,Wǒ zài zhǔnbèi kǎoshì,Tôi đang ôn thi,hsk_1.json
考试,考试,kǎoshì,thi,考试很难,Kǎoshì hěn nán,Bài thi rất khó,hsk_1.json
联欢,联欢晚会,liánhuān wǎnhuì,đêm liên hoan,学校举办了一场联欢晚会，气氛非常热烈。,"Xuéxiào jǔbàn le yī chǎng liánhuān wǎnhuì, qìfēn fēicháng rèliè.","Trường tổ chức một buổi liên hoan tối, không khí vô cùng sôi nổi.",hsk_1.json
联欢,联欢晚会,liánhuān wǎnhuì,đêm liên hoan,春节联欢晚会是中国最重要的电视节目之一。,Chūnjié liánhuān wǎnhuì shì Zhōngguó zuì zhòngyào de diànshì jiémù zhī yī.,Gala liên hoan Tết Nguyên Đán là một trong những chương trình truyền hình quan trọng nhất Trung Quốc.,hsk_1.json
联欢,联欢活动,liánhuān huódòng,hoạt động liên hoan,同学们在毕业前举行了一次联欢活动。,Tóngxuémen zài bìyè qián jǔxíng le yī cì liánhuān huódòng.,Các bạn học tổ chức một buổi liên hoan trước khi tốt nghiệp.,hsk_1.json
聚会,聚会,jù huì,tụ họp,这个聚会很好。,zhè ge jù huì hěn hǎo。,tụ họp; bữa tiệc này rất tốt.,hsk_1.json
聚会,聚会,jù huì,tụ họp,我喜欢这个聚会。,wǒ xǐ huan zhè ge jù huì。,Tôi thích tụ họp; bữa tiệc này.,hsk_1.json
背后,背后说,bèihòu shuō,nói sau lưng,不要在别人背后说坏话。,Bùyào zài biérén bèihòu shuō huàihuà.,Đừng nói xấu người khác sau lưng họ.,hsk_3.json
脂肪,脂肪含量,zhīfáng hánliàng,hàm lượng chất béo,这种食物脂肪含量很高,Zhè zhǒng shíwù zhīfáng hánliàng hěn gāo,Loại thực phẩm này có hàm lượng chất béo rất cao,hsk_3.json
自己,我自己,wǒ zì jǐ,tôi chính mình,我自己来,wǒ zì jǐ lái,Tôi tự làm,hsk_1.json
自己,你自己,nǐ zì jǐ,bạn chính mình,晚饭你自己选，或者吃中国菜，或者吃日本菜。,wǎn fàn nǐ zì jǐ xuǎn huò zhě chī zhōng guó cài huò zhě chī rì běn cài,"Bữa tối bạn tự chọn đi, hoặc là ăn món Trung Quốc, hoặc là ăn món Nhật.",new_hsk_3.json
舞台,舞台设计,wǔtái shèjì,thiết kế sân khấu,这个舞台设计得很漂亮。,Zhège wǔtái shèjì de hěn piàoliang.,Sân khấu này được thiết kế rất đẹp.,hsk_3.json
舞蹈,舞蹈表演,wǔdǎo biǎoyǎn,biểu diễn múa,舞蹈表演令观众惊叹,Wǔdǎo biǎoyǎn lìng guānzhòng jīngtàn,Màn trình diễn múa khiến khán giả kinh ngạc,hsk_3.json
舞蹈,民族舞蹈,mínzú wǔdǎo,múa dân tộc,民族舞蹈展现了各地文化,Mínzú wǔdǎo zhǎnxiànle gèdì wénhuà,Múa dân tộc thể hiện văn hóa của từng vùng,hsk_3.json
艺术,表演艺术,biǎoyǎn yìshù,nghệ thuật biểu diễn,她对音乐和表演艺术很有兴趣。,Tā duì yīnyuè hé biǎoyǎn yìshù hěn yǒu xìngqù.,Cô ấy rất thích âm nhạc và nghệ thuật biểu diễn.,hsk_2.json
节目,电视节目,diàn shì jié mù,chương trình truyền hình,我们看电视节目,wǒ men kàn diàn shì jié mù,Chúng tôi xem chương trình truyền hình,hsk_1.json
节约,节约用水,jié yuē yòng shuǐ,tiết kiệm nước,我们要节约用水。,wǒ men yào jié yuē yòng shuǐ。,Chúng ta phải tiết kiệm nước.,hsk_3.json
花园,花园,huā yuán,vườn hoa,我喜欢在花园里喝茶,wǒ xǐ huan zài huā yuán lǐ hē chá,Tôi thích uống trà trong vườn hoa,hsk_2.json
花园,花园,huā yuán,vườn hoa,花园里有很多花,huā yuán lǐ yǒu hěn duō huā,Trong vườn hoa có nhiều hoa,hsk_2.json
苍蝇,打苍蝇,dǎ cāngying,đập ruồi,他用苍蝇拍打苍蝇,Tā yòng cāngying pāi dǎ cāngying,Anh ấy dùng vợt đập ruồi để đánh ruồi,hsk_2.json
苍蝇,苍蝇拍,cāngying pāi,vợt đập ruồi,他用苍蝇拍打苍蝇,Tā yòng cāngying pāi dǎ cāngying,Anh ấy dùng vợt đập ruồi để đánh ruồi,hsk_2.json
苍蝇,一只苍蝇,yī zhī cāngying,một con ruồi,厨房里飞来了一只苍蝇,Chúfáng lǐ fēiláile yī zhī cāngying,Một con ruồi bay vào nhà bếp,hsk_2.json
苦恼,令人苦恼,lìngrén kǔnǎo,gây phiền muộn,令人苦恼的问题,Lìngrén kǔnǎo de wèntí,Vấn đề gây phiền muộn,hsk_2.json
英文,英文,Yīng wén,tiếng Anh,我学英文,wǒ xué Yīng wén,Tôi học tiếng Anh,hsk_1.json
英文,英文,Yīng wén,tiếng Anh,英文书,Yīng wén shū,Sách tiếng Anh,hsk_1.json
英语,说英语,shuō Yīng yǔ,nói tiếng Anh,除了汉语以外，我还会说英语。,chú le hàn yǔ yǐ wài wǒ hái huì shuō yīng yǔ,"Ngoài tiếng Trung ra, tôi còn biết nói tiếng Anh.",hsk_3.json
苹果,吃苹果,chī píngguǒ,ăn táo,我喜欢吃苹果。,Wǒ xǐhuān chī píngguǒ.,Tôi thích ăn táo.,hsk_1.json
苹果,一个苹果,yīgè píngguǒ,một quả táo,我一个苹果也不想吃。,wǒ yī gè píng guǒ yě bù xiǎng chī,Một quả táo tôi cũng không muốn ăn.,hsk_3.json
苹果,一个苹果,yīgè píngguǒ,một quả táo,白家月给安妮一个苹果。,bái jiā yuè gěi ān nī yī gè píng guǒ,Bạch Gia Nguyệt cho Annie một quả táo.,new_hsk_1.json
范畴,范畴之内,fànchóu zhī nèi,trong phạm trù,这个问题不在我们讨论的范畴之内。,Zhège wèntí bù zài wǒmen tǎolùn de fànchóu zhī nèi.,Vấn đề này nằm ngoài phạm trù thảo luận của chúng tôi.,hsk_3.json
范畴,哲学范畴,zhéxué fànchóu,phạm trù triết học,哲学范畴包括时间、空间和因果关系。,"Zhéxué fànchóu bāokuò shíjiān, kōngjiān hé yīnguǒ guānxi.","Phạm trù triết học bao gồm thời gian, không gian và quan hệ nhân quả.",hsk_3.json
药水,眼药水,yǎn yào shuǐ,thuốc nhỏ mắt,这是眼药水,zhè shì yǎn yào shuǐ,Đây là thuốc nhỏ mắt,hsk_2.json
莲子,莲子粥,liánzǐ zhōu,cháo hạt sen,莲子粥很好喝,Liánzǐ zhōu hěn hǎohē,Cháo hạt sen rất ngon,hsk_2.json
菩萨,观音菩萨,Guānyīn Púsà,Quan Âm Bồ Tát,观音菩萨,Guānyīn Púsà,Quan Âm Bồ Tát,hsk_3.json
菩萨,菩萨心肠,Púsà xīncháng,lòng từ bi,菩萨心肠,Púsà xīncháng,Lòng từ bi như Bồ Tát,hsk_3.json
菩萨,拜菩萨,bài Púsà,lạy Bồ Tát,拜菩萨,bài Púsà,Lạy Bồ Tát,hsk_3.json
营养,有营养,yǒu yíngyǎng,có dinh dưỡng,蔬菜很有营养。,Shūcài hěn yǒu yíngyǎng.,Rau rất giàu dinh dưỡng.,hsk_2.json
蚊子,蚊子咬,wénzi yǎo,muỗi đốt,蚊子咬了我,wénzi yǎo le wǒ,Muỗi đã đốt tôi,hsk_2.json
蛋糕,吃蛋糕,chī dàn gāo,ăn bánh,咱们一边吃蛋糕，一边聊天儿吧。,zán men yī biān chī dàn gāo yī biān liáo tiān ér ba,Chúng mình vừa ăn bánh ngọt vừa trò chuyện đi.,new_hsk_3.json
血液,血液循环,xuèyè xúnhuán,tuần hoàn máu,血液循环不好,Xuèyè xúnhuán bù hǎo,Tuần hoàn máu không tốt,hsk_3.json
血液,血液检查,xuèyè jiǎnchá,xét nghiệm máu,血液检查结果出来了,Xuèyè jiǎnchá jiéguǒ chūlái le,Kết quả xét nghiệm máu đã có,hsk_3.json
衣服,新衣服,xīn yī fu,quần áo mới,我买了很多新衣服,Wǒ mǎi le hěn duō xīn yī fu,Tôi mua được rất nhiều quần áo mới,hsk_1.json
衣服,穿衣服,chuān yī fu,mặc quần áo,穿衣服要注意场合,Chuān yī fu yào zhù yì chǎng hé,Mặc quần áo cần chú ý hoàn cảnh,hsk_1.json
表扬,受到表扬,shòudào biǎoyáng,được khen ngợi,他因为做好事而受到表扬。,Tā yīnwèi zuò hǎoshì ér shòudào biǎoyáng.,Anh ấy được khen ngợi vì đã làm việc tốt.,hsk_2.json
表示,表示感谢,biǎo shì gǎn xiè,bày tỏ cảm ơn,他表示感谢。,tā biǎo shì gǎn xiè。,Anh ấy bày tỏ lòng biết ơn.,hsk_2.json
表面,表面现象,biǎo miàn xiàn xiàng,hiện tượng bên ngoài,这只是表面现象。,zhè zhǐ shì biǎo miàn xiàn xiàng。,Đây chỉ là hiện tượng bề mặt.,hsk_3.json
被子,晒被子,shài bèizi,phơi chăn,妈妈正在晒被子。,Māma zhèngzài shài bèizi.,Mẹ đang phơi chăn.,hsk_3.json
西北,西北,xī běi,Tây Bắc,西北地区,xī běi dì qū,Vùng tây bắc,hsk_2.json
西北,西北,xī běi,Tây Bắc,向西北方向,xiàng xī běi fāng xiàng,Hướng tây bắc,hsk_2.json
西南,西南,xī nán,Tây Nam,西南地区,xī nán dì qū,Vùng Tây Nam,hsk_2.json
西南,西南,xī nán,Tây Nam,向西南方向,xiàng xī nán fāng xiàng,Hướng Tây Nam,hsk_2.json
西方,西方国家,xī fāng guó jiā,các nước phương Tây,在西方国家,zài xī fāng guó jiā,Ở các nước phương Tây,hsk_2.json
西瓜,吃西瓜,chī xī guā,ăn dưa hấu,夏天吃西瓜很解渴。,Xiàtiān chī xīguā hěn jiěkě.,Mùa hè ăn dưa hấu rất giải khát.,hsk_3.json
西边,西边,xībian,bên tây,太阳在西边落下,Tàiyáng zài xībiān luò xià,Mặt trời lặn ở phía tây,hsk_1.json
西边,西边,xībian,bên tây,我家在西边,Wǒ jiā zài xībiān,Nhà tôi ở phía tây,hsk_1.json
西边,西边,xībian,bên tây,向西边走,xiàng xībiān zǒu,đi về phía tây,hsk_1.json
西餐,吃西餐,chī xī cān,ăn món Tây,我想吃西餐,wǒ xiǎng chī xī cān,Tôi muốn ăn món Tây,hsk_2.json
要命,热得要命,rè de yàomìng,nóng kinh khủng,天气热得要命，出门都不想,"Tiānqì rè de yàomìng, chūmén dōu bù xiǎng","Trời nóng kinh khủng, không muốn ra ngoài chút nào",hsk_3.json
见闻,见闻广博,jiànwén guǎngbó,vốn hiểu biết rộng rãi,他的见闻广博，知道很多奇闻异事。,"Tā de jiànwén guǎngbó, zhīdào hěnduō qíwén yìshì.","Vốn hiểu biết của anh ấy rộng rãi, biết nhiều chuyện lạ kỳ.",hsk_3.json
见面,第一次见面,dì yī cì jiànmiàn,lần đầu gặp mặt,第一次见面,Dì yī cì jiànmiàn,lần đầu gặp mặt,hsk_1.json
观察,仔细观察,zǐ xì guān chá,quan sát kỹ,请你仔细观察一下。,qǐng nǐ zǐ xì guān chá yī xià。,Hãy quan sát kỹ một chút.,hsk_3.json
视频,视频通话,shìpín tōnghuà,cuộc gọi video,视频通话很方便,shìpín tōnghuà hěn fāngbiàn,cuộc gọi video rất tiện,hsk_3.json
觉得,我觉得,wǒ juéde,tôi cảm thấy,我觉得今天很冷。,Wǒ juéde jīntiān hěn lěng.,Tôi cảm thấy hôm nay rất lạnh.,hsk_1.json
觉得,我觉得,wǒ juéde,tôi cảm thấy,我觉得这是一个好主意。,Wǒ juéde zhè shì yīgè hǎo zhǔyì.,Tôi nghĩ đây là một ý kiến hay.,hsk_1.json
觉得,我觉得,wǒ juéde,tôi cảm thấy,我觉得听和说还可以，读和写不好。,wǒ jué dé tīng hé shuō hái kě yǐ dú hé xiě bù hǎo,"Mình thấy nghe và nói cũng tạm được, đọc và viết thì không tốt.",hsk_2.json
计划,按照计划,àn zhào jì huà,theo kế hoạch,我们今年的工作都已经按照计划完成了。,wǒ men jīn nián de gōng zuò dōu yǐ jīng àn zhào jì huà wán chéng le,Công việc năm nay của chúng tôi đều đã hoàn thành theo kế hoạch.,hsk_4.json
认得,不认得,bù rènde,không nhận biết,我不认得这个人。,Wǒ bù rènde zhège rén.,Tôi không nhận biết người này.,hsk_3.json
认真,认真听,rènzhēn tīng,lắng nghe nghiêm túc,要认真听讲,Yào rènzhēn tīngjiǎng,Phải nghe giảng nghiêm túc,hsk_1.json
认识,很高兴认识你,hěn gāoxìng rènshi nǐ,rất vui được biết bạn,很高兴认识你,Hěn gāoxìng rènshi nǐ,Rất vui được biết bạn,hsk_1.json
认识,不认识,bù rènshi,không biết,我不认识这个人,Wǒ bù rènshi zhège rén,Tôi không biết người này,hsk_1.json
认识,不认识,bù rènshi,không biết,你可能不认识她。,nǐ kě néng bù rèn shí tā,Có lẽ anh không biết cô ấy.,hsk_2.json
记住,记住了,jì zhù le,đã nhớ,这个字我记住了。,Zhège zì wǒ jì zhù le.,Chữ này tôi đã nhớ rồi.,hsk_1.json
记录,记录下来,jì lù xià lái,ghi lại,请把会议内容记录下来。,qǐng bǎ huì yì nèi róng jì lù xià lái。,Hãy ghi lại nội dung cuộc họp.,hsk_3.json
记得,不记得,bú jì de,không nhớ,我不记得了,Wǒ bú jì de le,Tôi không nhớ rồi,hsk_1.json
记得,还记得,hái jì de,còn nhớ,虽然你忘了，但是我还记得。,suī rán nǐ wàng le dàn shì wǒ hái jì dé,Mặc dù bạn đã quên nhưng tôi vẫn còn nhớ.,new_hsk_2.json
设施,公共设施,gōnggòng shèshī,cơ sở công cộng,我们需要改善公共设施,Wǒmen xūyào gǎishàn gōnggòng shèshī,Chúng ta cần cải thiện cơ sở công cộng,hsk_3.json
设施,体育设施,tǐyù shèshī,cơ sở thể thao,学校有很多体育设施,Xuéxiào yǒu hěn duō tǐyù shèshī,Trường học có nhiều cơ sở thể thao,hsk_3.json
证明,事实证明,shì shí zhèng míng,sự thật chứng minh,事实证明了他是正确的。,shì shí zhèng míng le tā shì zhèng què de。,Sự thật đã chứng minh anh ấy đúng.,hsk_3.json
诞生,诞生,dàn shēng,sinh ra,新中国诞生了,Xīn Zhōngguó dànshēng le,Trung Quốc mới đã ra đời,hsk_3.json
诞生,诞生,dàn shēng,sinh ra,他是诞生在北京,tā shì dànshēng zài Běijīng,Ông ấy sinh ra ở Bắc Kinh,hsk_3.json
诞生,诞生,dàn shēng,sinh ra,这个品牌诞生于1990年,zhège pǐnpái dànshēng yú 1990 nián,Thương hiệu này ra đời năm 1990,hsk_3.json
语言,语言,yǔ yán,ngôn ngữ,学习语言,xué xí yǔ yán,Học ngôn ngữ,hsk_2.json
语言,语言,yǔ yán,ngôn ngữ,汉语语言,hàn yǔ yǔ yán,Ngôn ngữ tiếng Trung,hsk_2.json
诱发,诱发疾病,yòu fā jí bìng,khởi phát bệnh,疲劳诱发疾病,Pí láo yòu fā jí bìng,Mệt mỏi khởi phát bệnh tật,hsk_3.json
说话,会说话,huì shuōhuà,biết cách nói chuyện khéo léo,会说话的人既容易交到朋友，也容易获得成功。,huì shuō huà de rén jì róng yì jiāo dào péng yǒu yě róng yì huò dé chéng gōng,"Người biết ăn nói vừa dễ kết bạn, vừa dễ đạt được thành công.",hsk_4.json
请进,请进来,qǐng jìnlái,mời vào đây,请进来吧,Qǐng jìnlái ba,Mời vào đi,hsk_1.json
读者,年轻读者,nián qīng dú zhě,độc giả trẻ,这本书深受年轻读者的喜爱。,zhè běn shū shēn shòu nián qīng dú zhě de xǐ ài。,Cuốn sách này được bạn trẻ đọc giả yêu thích.,hsk_3.json
课堂,课堂,kè táng,phòng học,课堂上要保持安静,kè táng shàng yào bǎo chí ān jìng,Trong lớp cần giữ yên lặng,hsk_2.json
课堂,课堂,kè táng,phòng học,喜欢在课堂发言,xǐ huan zài kè táng fā yán,Thích phát biểu trong lớp,hsk_2.json
谦逊,谦逊的态度,qiānxùn de tàidu,thái độ khiêm tốn,我们应该保持谦逊的态度,Wǒmen yīnggāi bǎochí qiānxùn de tàidu,Chúng ta nên giữ thái độ khiêm tốn,hsk_3.json
谦逊,保持谦逊,bǎochí qiānxùn,giữ khiêm cung,我们应该保持谦逊的态度,Wǒmen yīnggāi bǎochí qiānxùn de tàidu,Chúng ta nên giữ thái độ khiêm tốn,hsk_3.json
谦逊,保持谦逊,bǎochí qiānxùn,giữ khiêm cung,即使成功，也要保持谦逊,"Jíshǐ chénggōng, yě yào bǎochí qiānxùn",Dù thành công cũng phải giữ khiêm cung,hsk_3.json
资格,有资格,yǒu zīgé,có đủ điều kiện,他有资格参加这个比赛。,Tā yǒu zīgé cānjiā zhège bǐsài.,Anh ấy đủ điều kiện tham gia cuộc thi này.,hsk_3.json
走路,走路去,zǒulù qù,đi bộ đến,我走路去学校。,Wǒ zǒulù qù xuéxiào.,Tôi đi bộ đến trường.,hsk_1.json
起床,该起床了,gāi qǐchuáng le,đến lúc thức dậy rồi,该起床了,Gāi qǐchuáng le,Đến lúc phải thức dậy rồi,hsk_1.json
起床,还没起床,hái méi qǐchuáng,vẫn chưa thức dậy,还没起床,Hái méi qǐchuáng,vẫn chưa thức dậy,hsk_1.json
起来,站起来,zhàn qǐ lái,đứng dậy,请站起来,Qǐng zhàn qǐ lái,Làm ơn đứng lên,hsk_1.json
起来,站起来,zhàn qǐ lái,đứng dậy,一听到老师叫他的名字，他就站起来了。,yī tīng dào lǎo shī jiào tā de míng zì tā jiù zhàn qǐ lái le,"Vừa nghe thấy thầy giáo gọi tên mình, anh ấy liền đứng dậy.",new_hsk_2.json
起来,起来吧,qǐ lái ba,dậy đi,"天亮了,起来吧","Tiān liàng le, qǐ lái ba","Trời sáng rồi, dậy đi",hsk_1.json
超过,超过,chāo guò,vượt quá,人数超过一百,rén shù chāo guò yī bǎi,Số người vượt quá một trăm,hsk_2.json
趣味,充满趣味,chōngmǎn qùwèi,đầy thú vị,这本书充满趣味，让人爱不释手。,"Zhè běn shū chōngmǎn qùwèi, ràng rén ài bù shì shǒu.","Cuốn sách này đầy thú vị, khiến người ta không nỡ đặt xuống.",hsk_3.json
趣味,充满趣味,chōngmǎn qùwèi,đầy thú vị,学习可以变得充满趣味。,Xuéxí kěyǐ biàn de chōngmǎn qùwèi.,Việc học có thể trở nên đầy thú vị.,hsk_3.json
趣味,有趣味,yǒu qùwèi,có thú vị,他的演讲很有趣味，听众听得津津有味。,"Tā de yǎnjiǎng hěn yǒu qùwèi, tīngzhòng tīng de jīnjīn yǒu wèi.","Bài phát biểu của anh ấy rất thú vị, khán giả nghe rất say mê.",hsk_3.json
足球,踢足球,tī zúqiú,chơi bóng đá,我喜欢踢足球。,Wǒ xǐhuān tī zúqiú.,Tôi thích chơi bóng đá.,hsk_1.json
足球,踢足球,tī zúqiú,chơi bóng đá,我十一岁的时候开始踢足球。,wǒ shí yī suì de shí hòu kāi shǐ tī zú qiú,Lúc 11 tuổi tôi bắt đầu đá bóng.,hsk_2.json
足球,踢足球,tī zúqiú,chơi bóng đá,他觉得踢足球比打篮球有意思。,tā jué dé tī zú qiú bǐ dǎ lán qiú yǒu yì sī,Anh ấy thấy đá bóng thú vị hơn chơi bóng rổ.,new_hsk_2.json
路上,在路上,zài lùshàng,trên đường đi,我们在路上吃饭。,Wǒmen zài lùshàng chīfàn.,Chúng tôi ăn trên đường.,hsk_1.json
路边,路边,lù biān,lề đường,在路边等车,zài lù biān děng chē,Chờ xe ở lề đường,hsk_2.json
路边,路边,lù biān,lề đường,路边有花,lù biān yǒu huā,Lề đường có hoa,hsk_2.json
跳高,跳高纪录,tiàogāo jìlù,kỷ lục nhảy cao,他打破了学校的跳高纪录。,tā dǎ pò le xué xiào de tiào gāo jì lù,Anh ấy đã phá kỷ lục nhảy cao của trường.,hsk_5.json
身上,身上有,shēnshang yǒu,có trên người,你身上有手机吗？,Nǐ shēnshang yǒu shǒujī ma?,Bạn có mang điện thoại trên người không?,hsk_1.json
身体,身体健康,shēn tǐ jiàn kāng,sức khỏe tốt,要注意身体健康,Yào zhù yì shēn tǐ jiàn kāng,Cần chú ý đến sức khỏe cơ thể,hsk_1.json
身体,身体健康,shēn tǐ jiàn kāng,sức khỏe tốt,多运动有利于身体健康。,duō yùn dòng yǒu lì yú shēn tǐ jiàn kāng,Vận động nhiều có lợi cho sức khỏe.,hsk_5.json
身体,锻炼身体,duàn liàn shēn tǐ,tập thể dục,锻炼身体很重要,Duàn liàn shēn tǐ hěn zhòng yào,Tập thể dục rất quan trọng,hsk_1.json
身体,锻炼身体,duàn liàn shēn tǐ,tập thể dục,只有每天锻炼身体，才会越来越健康。,zhǐ yǒu měi tiān duàn liàn shēn tǐ cái huì yuè lái yuè jiàn kāng,Chỉ có tập thể dục mỗi ngày mới có thể ngày càng khỏe mạnh.,new_hsk_3.json
身边,身边,shēn biān,bên người,我身边没有钱,wǒ shēn biān méi yǒu qián,Tôi không có tiền bên người,hsk_2.json
身边,身边,shēn biān,bên người,在你身边,zài nǐ shēn biān,Bên cạnh bạn,hsk_2.json
车上,在车上,zài chēshàng,trên xe,不要在车上吃东西。,Búyào zài chēshàng chī dōngxi.,Đừng ăn uống trên xe.,hsk_1.json
车上,在车上,zài chēshàng,trên xe,我把包放在车上。,Wǒ bǎ bāo fàng zài chēshàng.,Tôi để cái cặp trên xe.,hsk_1.json
车站,火车站,huǒchēzhàn,ga tàu,火车站很大,Huǒchēzhàn hěn dà,Ga tàu rất lớn,hsk_1.json
车站,汽车站,qìchēzhàn,trạm xe ô tô,公共汽车站,Gōnggòng qìchēzhàn,Trạm xe buýt,hsk_1.json
车站,公共汽车站,gōnggòng qìchēzhàn,trạm xe buýt,公共汽车站,Gōnggòng qìchēzhàn,Trạm xe buýt,hsk_1.json
转身,转身,zhuǎn shēn,Quay người,他转身走了。,Tā zhuǎnshēn zǒu le.,Anh ấy quay người đi rồi.,hsk_2.json
转身,转身,zhuǎn shēn,Quay người,随即转身离去。,suí jí zhuǎn shēn lí qù,Ngay lập tức quay người rời đi.,hsk_6.json
过去,过去的事情,guò qù de shì qing,việc quá khứ,过去的事情就让它过去吧。,guò qù de shì qing jiù ràng tā guò qù ba。,Việc quá khứ cứ để nó qua đi.,hsk_2.json
过去,走过去,zǒu guò qù,đi qua,他走过去了。,tā zǒu guò qù le。,Anh ấy đã đi qua.,hsk_2.json
过去,走过去,zǒu guò qù,đi qua,请你走过去看看。,qǐng nǐ zǒu guò qù kàn kàn,Bạn hãy đi qua đó xem thử.,hsk_3.json
过去,走过去,zǒu guò qù,đi qua,与其在这儿等公交车，不如我们走过去吧，反正也没多远。,yǔ qí zài zhè ér děng gōng jiāo chē bù rú wǒ men zǒu guò qù ba fǎn zhèng yě méi duō yuǎn,"Thay vì đứng đây chờ xe buýt, chi bằng chúng ta đi bộ qua đó đi, dù sao cũng không xa lắm.",hsk_4.json
过年,回家过年,huí jiā guò nián,về nhà đón Tết,我们回家过年,wǒ men huí jiā guò nián,Chúng tôi về nhà đón Tết,hsk_2.json
过来,走过来,zǒu guò lái,đi tới,他向我走过来了。,tā xiàng wǒ zǒu guò lái le。,Anh ấy đi về phía tôi rồi.,hsk_2.json
过来,过来一下,guò lai yī xià,qua đây một chút,请过来一下。,qǐng guò lai yī xià。,Làm ơn qua đây một chút.,hsk_2.json
运动,做运动,zuò yùn dòng,tập thể dục,每天做运动很重要,měi tiān zuò yùn dòng hěn zhòng yào,Mỗi ngày tập thể dục rất quan trọng,hsk_2.json
运动,运动会,yùn dòng huì,đại hội thể thao,听说为了准备运动会，你们几个男生每天都练球。,tīng shuō wèi le zhǔn bèi yùn dòng huì nǐ men jǐ gè nán shēng měi tiān dōu liàn qiú,"Nghe nói để chuẩn bị cho đại hội thể thao, mấy bạn nam các cậu ngày nào cũng luyện bóng.",new_hsk_3.json
运输,交通运输,jiāotōng yùnshū,giao thông vận tải,交通运输很重要。,Jiāotōng yùnshū hěn zhòngyào.,Giao thông vận tải rất quan trọng.,hsk_3.json
这样,这样的,zhè yàng de,như thế này,"鉴于白噪音有这样的功效, 它理所当然地成了医生的好帮手。",jiàn yú bái zào yīn yǒu zhè yàng de gōng xiào tā lǐ suǒ dāng rán dì chéng le yī shēng de hǎo bāng shǒu,"Xét thấy tiếng ồn trắng có công hiệu như vậy, nó đương nhiên trở thành trợ thủ đắc lực của bác sĩ.",hsk_6.json
这里,在这里,zài zhèlǐ,ở đây,我住在这里。,Wǒ zhù zài zhèlǐ.,Tôi sống ở đây.,hsk_1.json
进展,最新进展,zuìxīn jìnzhǎn,diễn tiến mới nhất,请告诉我事情的最新进展。,Qǐng gàosù wǒ shìqing de zuìxīn jìnzhǎn.,Vui lòng cho tôi biết diễn tiến mới nhất của sự việc.,hsk_3.json
进行,正在进行,zhèng zài jìn xíng,đang tiến hành,会议正在进行,huì yì zhèng zài jìn xíng,Hội nghị đang tiến hành,hsk_2.json
进行,进行调查,jìn xíng diào chá,tiến hành điều tra,我们进行调查,wǒ men jìn xíng diào chá,Chúng tôi tiến hành điều tra,hsk_2.json
追求,追求,zhuī qiú,theo đuổi,这个追求很好。,zhè ge zhuī qiú hěn hǎo。,theo đuổi này rất tốt.,hsk_2.json
追求,追求,zhuī qiú,theo đuổi,我喜欢这个追求。,wǒ xǐ huan zhè ge zhuī qiú。,Tôi thích theo đuổi này.,hsk_2.json
追求,追求,zhuī qiú,theo đuổi,生活上不要过于追求享受。,shēng huó shàng bù yào guò yú zhuī qiú xiǎng shòu,Về mặt cuộc sống đừng quá theo đuổi sự hưởng thụ.,hsk_6.json
适量,适量运动,shìliàng yùndòng,vận động vừa phải,适量运动,shìliàng yùndòng,Vận động vừa phải,hsk_2.json
适量,适量饮酒,shìliàng yǐnjiǔ,uống rượu vừa phải,适量饮酒,shìliàng yǐnjiǔ,Uống rượu vừa phải,hsk_2.json
选择,选择,xuǎn zé,chọn,这个选择很好。,zhè ge xuǎn zé hěn hǎo。,chọn; lựa chọn này rất tốt.,hsk_2.json
选择,选择,xuǎn zé,chọn,我喜欢这个选择。,wǒ xǐ huan zhè ge xuǎn zé。,Tôi thích chọn; lựa chọn này.,hsk_2.json
选择,选择,xuǎn zé,chọn,只有想清楚自己真正喜欢什么，才能做出最合适的选择。,zhǐ yǒu xiǎng qīng chǔ zì jǐ zhēn zhèng xǐ huān shén me cái néng zuò chū zuì hé shì de xuǎn zé,Chỉ khi nghĩ thông suốt bản thân thực sự thích cái gì thì mới có thể đưa ra lựa chọn phù hợp nhất.,new_hsk_3.json
途径,正规途径,zhèngguī tújìng,con đường chính thống,通过正规途径解决问题更为可靠。,Tōngguò zhèngguī tújìng jiějué wèntí gèng wéi kěkào.,Giải quyết vấn đề qua con đường chính thống thì đáng tin cậy hơn.,hsk_3.json
通过,通过,tōng guò,thông qua,通过考试,tōng guò kǎo shì,Đỗ thi,hsk_2.json
通过,通过,tōng guò,thông qua,通过学习,tōng guò xué xí,Thông qua học tập,hsk_2.json
通过,通过,tōng guò,thông qua,我通过了那家公司的面试。,wǒ tōng guò le nà jiā gōng sī de miàn shì,Tôi đã vượt qua buổi phỏng vấn của công ty đó.,hsk_4.json
速度,速度限制,sùdù xiànzhì,giới hạn tốc độ,注意速度限制。,Zhùyì sùdù xiànzhì.,Chú ý giới hạn tốc độ.,hsk_3.json
遇到,遇到,yù dào,gặp phải,这个遇到很好。,zhè ge yù dào hěn hǎo。,gặp phải này rất tốt.,hsk_2.json
遇到,遇到,yù dào,gặp phải,我喜欢这个遇到。,wǒ xǐ huan zhè ge yù dào。,Tôi thích gặp phải này.,hsk_2.json
遇到,遇到,yù dào,gặp phải,在学习上，遇到什么问题都可以问我。,zài xué xí shàng yù dào shén me wèn tí dōu kě yǐ wèn wǒ,"Trong học tập, gặp vấn đề gì bạn cũng có thể hỏi tôi.",new_hsk_3.json
道理,有道理,yǒu dào li,có lý lẽ,他说的话很有道理,tā shuō de huà hěn yǒu dào li,Lời anh ấy nói rất có lý,hsk_2.json
道理,有道理,yǒu dào li,có lý lẽ,你的担心不是没有道理的，今天李阳果然没有通过面试。,nǐ de dān xīn bù shì méi yǒu dào lǐ de jīn tiān lǐ yáng guǒ rán méi yǒu tōng guò miàn shì,"Sự lo lắng của bạn không phải là không có lý, hôm nay Lý Dương quả nhiên đã không vượt qua phỏng vấn.",hsk_4.json
那么,那么,nà me,vậy thì,那么，我们走吧,nà me， wǒ men zǒu ba,Vậy thì chúng ta đi thôi,hsk_1.json
那么,那么,nà me,vậy thì,没那么简单,méi nà me jiǎn dān,Không đơn giản như vậy,hsk_1.json
那么,那么,nà me,vậy thì,你穿得那么少，会感冒的。,nǐ chuān dé nà me shǎo huì gǎn mào de,Bạn mặc ít như vậy sẽ bị cảm đấy.,hsk_3.json
那样,那样,nà yàng,như vậy,为什么是那样,wèi shén me shì nà yàng,Tại sao lại là như vậy,hsk_2.json
那样,那样,nà yàng,như vậy,像那样做,xiàng nà yàng zuò,Làm như vậy,hsk_2.json
那里,在那里,zài nàli,ở đó,我住在那里。,Wǒ zhù zài nàli.,Tôi sống ở đó.,hsk_1.json
邮局,邮局寄信,yóujú jì xìn,gửi thư ở bưu điện,我去邮局寄信。,Wǒ qù yóujú jì xìn.,Tôi đi bưu điện gửi thư.,hsk_1.json
部分,大部分,dà bù fen,đa số,大部分学生,dà bù fen xué shēng,Đa số học sinh,hsk_1.json
部分,大部分,dà bù fen,đa số,调查显示，只有37%的人愿意回到没有手机的时代，其中大部分是年轻人。,diào chá xiǎn shì zhǐ yǒu de rén yuàn yì huí dào méi yǒu shǒu jī de shí dài qí zhōng dà bù fēn shì nián qīng rén,"Khảo sát cho thấy chỉ có 37% người sẵn lòng quay lại thời đại không có điện thoại, trong đó phần lớn là người trẻ.",hsk_4.json
部分,一部分,yī bù fen,một phần,这是问题的一部分,zhè shì wèn tí de yī bù fen,Đây là một phần của vấn đề,hsk_1.json
部分,一部分,yī bù fen,một phần,一部分人同意,yī bù fen rén tóng yì,Một bộ phận người đồng ý,hsk_1.json
部分,一部分,yī bù fen,một phần,即使在现代社会里，故事仍然是人们生活中不可缺少的一部分。,jí shǐ zài xiàn dài shè huì lǐ gù shì réng rán shì rén men shēng huó zhōng bù kě quē shǎo de yī bù fēn,"Cho dù trong xã hội hiện đại, câu chuyện vẫn là một phần không thể thiếu trong cuộc sống của con người.",hsk_4.json
部长,教育部长,jiàoyù bùzhǎng,Bộ trưởng Giáo dục,教育部长来我们学校参观了。,Jiàoyùbùzhǎng lái wǒmen xuéxiào cānguān le.,Bộ trưởng Giáo dục đã đến thăm trường chúng tôi.,hsk_3.json
酒吧,酒吧,jiǔ bā,quán bar,这个酒吧很好。,zhè ge jiǔ bā hěn hǎo。,quán bar này rất tốt.,hsk_1.json
酒吧,酒吧,jiǔ bā,quán bar,我喜欢这个酒吧。,wǒ xǐ huan zhè ge jiǔ bā。,Tôi thích quán bar này.,hsk_1.json
酒水,酒水费,jiǔshuǐ fèi,tiền đồ uống,婚宴上的酒水费用很贵,Hūnyàn shàng de jiǔshuǐ fèiyòng hěn guì,Chi phí đồ uống trong tiệc cưới rất đắt,hsk_2.json
酒水,免费酒水,miǎnfèi jiǔshuǐ,đồ uống miễn phí,这家餐厅提供免费酒水,Zhè jiā cāntīng tígōng miǎnfèi jiǔshuǐ,Nhà hàng này cung cấp đồ uống miễn phí,hsk_2.json
采取,采取行动,cǎi qǔ xíng dòng,hành động,我们需要采取行动。,wǒ men xū yào cǎi qǔ xíng dòng。,Chúng ta cần hành động.,hsk_3.json
采访,现场采访,xiànchǎng cǎifǎng,phỏng vấn tại hiện trường,这篇报道是现场采访的。,Zhè piān bàodào shì xiànchǎng cǎifǎng de.,Bài báo cáo này được phỏng vấn tại hiện trường.,hsk_3.json
里面,房间里面,fángjiān lǐmiàn,trong phòng,房间里面有三个人。,Fángjiān lǐmiàn yǒu sān gè rén.,Trong phòng có ba người.,hsk_2.json
里面,房间里面,fángjiān lǐmiàn,trong phòng,房间里面热得很。,fáng jiān lǐ miàn rè dé hěn,Trong phòng nóng vô cùng.,new_hsk_3.json
里面,书包里面,shūbāo lǐmiàn,trong cặp sách,请把书放进书包里面。,Qǐng bǎ shū fàngjìn shūbāo lǐmiàn.,Xin hãy cho sách vào trong cặp sách.,hsk_2.json
重复,重复,chóng fù,lặp lại,不要重复,bù yào chóng fù,Đừng lặp lại,hsk_2.json
重复,重复,chóng fù,lặp lại,重复一遍,chóng fù yī biàn,Lặp lại lần nữa,hsk_2.json
重复,重复,chóng fù,lặp lại,请不要重复同样的错误。,qǐng bù yào zhòng fù tóng yàng de cuò wù,Xin đừng lặp lại cùng một lỗi.,hsk_5.json
重新,重新开始,chóng xīn kāi shǐ,bắt đầu lại,请重新开始,qǐng chóng xīn kāi shǐ,Vui lòng bắt đầu lại,hsk_1.json
重点,重点内容,zhòng diǎn nèi róng,nội dung trọng điểm,这是今天的重点内容。,zhè shì jīn tiān de zhòng diǎn nèi róng。,Đây là nội dung trọng điểm hôm nay.,hsk_2.json
重点,抓住重点,zhuā zhù zhòng diǎn,nắm bắt trọng điểm,要抓住重点。,yào zhuā zhù zhòng diǎn。,Phải nắm bắt trọng điểm.,hsk_2.json
重要,很重要,hěn zhòngyào,rất quan trọng,这件事很重要,Zhè jiàn shì hěn zhòngyào,Việc này rất quan trọng,hsk_1.json
重要,很重要,hěn zhòngyào,rất quan trọng,学习很重要,Xuéxí hěn zhòngyào,Việc học rất quan trọng,hsk_1.json
重要,很重要,hěn zhòngyào,rất quan trọng,健康很重要,Zhòngyào de shì,Sức khỏe rất quan trọng,hsk_1.json
钱包,钱包里,qiánbāo lǐ,trong ví,钱包里没钱了,Qiánbāo lǐ méiqián le,Trong ví không còn tiền,hsk_1.json
钱包,新钱包,xīn qiánbāo,ví mới,买一个新钱包,Mǎi yī gè xīn qiánbāo,Mua một cái ví mới,hsk_1.json
银行,中国银行,Zhōngguó Yínháng,Ngân hàng Trung Quốc,中国银行很近，走路几分钟就能到。,zhōng guó yín xíng hěn jìn zǒu lù jǐ fēn zhōng jiù néng dào,"Ngân hàng Trung Quốc rất gần, đi bộ vài phút là đến ngay.",new_hsk_3.json
长江,长江流域,Cháng Jiāng liúyù,lưu vực Trường Giang,长江流域是重要的农业区。,Cháng Jiāng liúyù shì zhòngyào de nóngyè qū.,Lưu vực Trường Giang là vùng nông nghiệp quan trọng.,hsk_2.json
门口,在门口,zài ménkǒu,ở cửa,在门口等你,zài ménkǒu děng nǐ,đợi bạn ở cửa,hsk_1.json
门口,门口,ménkǒu,cửa,在门口等你,zài ménkǒu děng nǐ,đợi bạn ở cửa,hsk_1.json
门口,门口,ménkǒu,cửa,门口有人,Ménkǒu yǒu rén,Có người ở cửa,hsk_1.json
门口,门口,ménkǒu,cửa,从门口进来,cóng ménkǒu jìnlái,vào từ cửa,hsk_1.json
门票,买门票,mǎi mén piào,mua vé vào cửa,买门票多少钱,Mǎi mén piào duō shǎo qián,Mua vé vào cửa bao nhiêu tiền,hsk_1.json
门票,买门票,mǎi mén piào,mua vé vào cửa,你先去买门票，再来这里找我。,nǐ xiān qù mǎi mén piào zài lái zhè lǐ zhǎo wǒ,"Bạn đi mua vé trước đi, rồi quay lại đây tìm tôi.",new_hsk_3.json
问题,解决问题,jiě jué wèn tí,giải quyết vấn đề,换一个角度考虑，也许正好就能发现问题的关键，从而找到解决问题的答案。,huàn yī gè jiǎo dù kǎo lǜ yě xǔ zhèng hǎo jiù néng fā xiàn wèn tí de guān jiàn cóng ér zhǎo dào jiě jué wèn tí de dá àn,"Đổi một góc độ để suy nghĩ, có lẽ vừa hay có thể phát hiện mấu chốt của vấn đề, từ đó tìm ra đáp án giải quyết vấn đề.",hsk_4.json
阿姨,阿姨,ā yí,dì,这个阿姨很好。,zhè ge ā yí hěn hǎo。,dì này rất tốt.,hsk_3.json
阿姨,阿姨,ā yí,dì,我喜欢这个阿姨。,wǒ xǐ huan zhè ge ā yí。,Tôi thích dì này.,hsk_3.json
陆续,陆续,lùxù,lần lượt,学生们陆续走进教室,Xuéshengmen lùxù zǒujìn jiàoshì,Học sinh lần lượt đi vào lớp học,hsk_3.json
陆续,陆续,lùxù,lần lượt,客人陆续到了,Kèren lùxù dào le,Khách lần lượt đã đến,hsk_3.json
陆续,陆续,lùxù,lần lượt,我们陆续收到了消息,Wǒmen lùxù shōudào le xiāoxi,Chúng tôi lần lượt nhận được tin,hsk_3.json
限于,限于时间,xiànyú shíjiān,giới hạn thời gian,限于时间,Xiànyú shíjiān,Bị giới hạn thời gian,hsk_3.json
限于,限于条件,xiànyú tiáojiàn,giới hạn điều kiện,限于条件,Xiànyú tiáojiàn,Bị giới hạn điều kiện,hsk_3.json
限于,限于篇幅,xiànyú piānfú,giới hạn số trang,限于篇幅,Xiànyú piānfú,Bị giới hạn số trang/bài viết,hsk_3.json
院子,院子里,yuàn zi lǐ,trong sân,我们在院子里吃饭,wǒ men zài yuàn zi lǐ chī fàn,Chúng tôi ăn cơm trong sân,hsk_2.json
院长,医院院长,yī yuàn yuàn zhǎng,giám đốc bệnh viện,医院院长来了,yī yuàn yuàn zhǎng lái le,Giám đốc bệnh viện đến rồi,hsk_2.json
院长,学院院长,xué yuàn yuàn zhǎng,viện trưởng học viện,他是学院院长,tā shì xué yuàn yuàn zhǎng,Anh ấy là viện trưởng học viện,hsk_2.json
随便,随便,suí biàn,tùy tiện,随便吃,suí biàn chī,Ăn tùy ý,hsk_1.json
随便,随便,suí biàn,tùy tiện,他只是随便应付了一下。,tā zhǐ shì suí biàn yīng fù le yī xià,Anh ấy chỉ đối phó qua loa một chút.,hsk_5.json
随时,随时准备,suí shí zhǔn bèi,sẵn sàng bất kỳ lúc nào,我随时准备出发。,wǒ suí shí zhǔn bèi chū fā。,Tôi bất kỳ lúc nào cũng sẵn sàng xuất phát.,hsk_2.json
隔壁,隔壁房间,gébì fángjiān,phòng kế bên,我住在隔壁房间,Wǒ zhù zài gébì fángjiān,Tôi ở trong phòng kế bên,hsk_2.json
难免,难免的,nánmiǎn de,không tránh khỏi,人都会犯错，这是难免的。,"Rén dōu huì fàncuò, zhè shì nánmiǎn de.","Ai cũng sẽ mắc sai lầm, điều này là không thể tránh khỏi.",hsk_3.json
难听,很难听,hěn nántīng,rất khó nghe,他说的话很难听。,Tā shuō de huà hěn nántīng.,Anh ấy nói chuyện rất khó ưa.,hsk_2.json
难度,难度很大,nán dù hěn dà,rất khó khăn,这次考试的难度很大。,zhè cì kǎo shì de nán dù hěn dà。,Độ khó của kỳ thi này rất lớn.,hsk_3.json
难题,遇到难题,yù dào nán tí,gặp vấn đề khó,遇到难题不要放弃。,yù dào nán tí bù yào fàng qì。,Gặp vấn đề khó đừng bỏ cuộc.,hsk_2.json
集体,集体活动,jítǐ huódòng,hoạt động tập thể,这是一个集体活动。,Zhè shì yīgè jítǐ huódòng.,Đây là một hoạt động tập thể.,hsk_3.json
零下,温度零下,wēn dù líng xià,nhiệt độ dưới không,温度零下,wēn dù líng xià,Nhiệt độ dưới không,hsk_1.json
非常,非常好,fēicháng hǎo,rất tốt,这本书非常好。,Zhè běn shū fēicháng hǎo.,Quyển sách này rất hay.,hsk_1.json
非常,非常好,fēicháng hǎo,rất tốt,今天天气非常好。,Jīntiān tiānqì fēicháng hǎo.,Hôm nay thời tiết rất tốt.,hsk_1.json
非常,非常好,fēicháng hǎo,rất tốt,这些照片张张都非常好看。,zhè xiē zhào piàn zhāng zhāng dōu fēi cháng hǎo kàn,Những bức ảnh này tấm nào cũng đều rất đẹp.,new_hsk_3.json
面临,面临,miàn lín,đối mặt với,这个面临很好。,zhè ge miàn lín hěn hǎo。,đối mặt với này rất tốt.,hsk_3.json
面临,面临,miàn lín,đối mặt với,我喜欢这个面临。,wǒ xǐ huan zhè ge miàn lín。,Tôi thích đối mặt với này.,hsk_3.json
面前,面前,miàn qián,trước mặt,在我面前,zài wǒ miàn qián,Trước mặt tôi,hsk_2.json
面前,面前,miàn qián,trước mặt,摆在面前,bǎi zài miàn qián,Đặt trước mặt,hsk_2.json
面包,吃面包,chī miànbāo,ăn bánh mì,我吃面包,Wǒ chī miànbāo,Tôi ăn bánh mì,hsk_1.json
面包,买面包,mǎi miànbāo,mua bánh mì,买面包,Mǎi miànbāo,Mua bánh mì,hsk_1.json
面包,面包,miànbāo,bánh mì,我吃面包,Wǒ chī miànbāo,Tôi ăn bánh mì,hsk_1.json
面包,面包,miànbāo,bánh mì,买面包,Mǎi miànbāo,Mua bánh mì,hsk_1.json
面包,面包,miànbāo,bánh mì,面包很好吃,Miànbāo hěn hǎochī,Bánh mì rất ngon,hsk_1.json
面对,面对困难,miàn duì kùn nan,đối mặt khó khăn,对年轻的我们来说，面对困难是件快乐的事情。,duì nián qīng de wǒ men lái shuō miàn duì kùn nán shì jiàn kuài lè de shì qíng,"Đối với những người trẻ như chúng tôi mà nói, đối mặt với khó khăn là một việc vui vẻ.",hsk_4.json
面条,吃面条,chī miàntiáo,ăn mì,我吃面条,Wǒ chī miàntiáo,Tôi ăn mì,hsk_1.json
面条,一碗面条,yī wǎn miàntiáo,một bát mì,一碗面条,yī wǎn miàntiáo,một bát mì,hsk_1.json
面条,面条,miàntiáo,mì,我吃面条,Wǒ chī miàntiáo,Tôi ăn mì,hsk_1.json
面条,面条,miàntiáo,mì,面条很好吃,Miàntiáo hěn hǎochī,Mì rất ngon,hsk_1.json
面条,面条,miàntiáo,mì,一碗面条,yī wǎn miàntiáo,một bát mì,hsk_1.json
音乐,听音乐,tīng yīn yuè,nghe nhạc,我喜欢听音乐,wǒ xǐ huan tīng yīn yuè,Tôi thích nghe nhạc,hsk_1.json
音乐,听音乐,tīng yīn yuè,nghe nhạc,我喜欢一边跑步，一边听音乐。,wǒ xǐ huān yī biān pǎo bù yī biān tīng yīn lè,Tôi thích vừa chạy bộ vừa nghe nhạc.,new_hsk_3.json
音节,音节,yīn jié,âm tiết,这个音节怎么读,zhè ge yīn jié zěn me dú,Âm tiết này đọc như thế nào,hsk_2.json
音节,音节,yīn jié,âm tiết,两个音节,liǎng gè yīn jié,Hai âm tiết,hsk_2.json
项目,新项目,xīn xiàngmù,dự án mới,我们在做一个新项目。,Wǒmen zài zuò yī gè xīn xiàngmù.,Chúng tôi đang làm một dự án mới.,hsk_3.json
顺序,按顺序,àn shùnxù,theo thứ tự,请按顺序排队。,Qǐng àn shùnxù páiduì.,Vui lòng xếp hàng theo thứ tự.,hsk_2.json
预报,天气预报,tiānqì yùbào,dự báo thời tiết,天气预报说明天会下雨。,Tiānqì yùbào shuō míngtiān huì xiàyǔ.,Dự báo thời tiết nói ngày mai sẽ mưa.,hsk_3.json
预报,地震预报,dìzhèn yùbào,dự báo động đất,请关注最新的地震预报。,Qǐng guānzhù zuìxīn de dìzhèn yùbào.,Vui lòng theo dõi bản dự báo động đất mới nhất.,hsk_3.json
预防,预防感冒,yùfáng gǎnmào,phòng ngừa cảm lạnh,我们要预防感冒。,Wǒmen yào yùfáng gǎnmào.,Chúng ta cần phòng ngừa cảm lạnh.,hsk_3.json
风景,风景,fēng jǐng,phong cảnh,这个风景很好。,zhè ge fēng jǐng hěn hǎo。,phong cảnh này rất tốt.,hsk_1.json
风景,风景,fēng jǐng,phong cảnh,我喜欢这个风景。,wǒ xǐ huan zhè ge fēng jǐng。,Tôi thích phong cảnh này.,hsk_1.json
飞机,坐飞机,zuò fēijī,đi máy bay,坐飞机去,Zuò fēijī qù,Đi máy bay,hsk_1.json
飞机,坐飞机,zuò fēijī,đi máy bay,我坐飞机一个半小时就到北京了。,wǒ zuò fēi jī yī gè bàn xiǎo shí jiù dào běi jīng le,Tôi đi máy bay chỉ mất một tiếng rưỡi là đến Bắc Kinh.,hsk_2.json
飞机,坐飞机,zuò fēijī,đi máy bay,坐飞机比坐火车快得多。,zuò fēi jī bǐ zuò huǒ chē kuài dé duō,Đi máy bay nhanh hơn đi tàu hỏa rất nhiều.,new_hsk_2.json
饮料,冷饮料,lěng yǐnliào,đồ uống lạnh,夏天喝冷饮料很解渴,Xiàtiān hē lěng yǐnliào hěn jiěkě,Mùa hè uống đồ uống lạnh rất giải khát,hsk_3.json
饺子,包饺子,bāo jiǎo zi,gói sủi cảo,妈妈包饺子,mā ma bāo jiǎo zi,Mẹ gói sủi cảo,hsk_1.json
饺子,包饺子,bāo jiǎo zi,gói sủi cảo,我刚刚看视频学会了包饺子。,wǒ gāng gāng kàn shì pín xué huì le bāo jiǎo zi,Tôi vừa mới xem video và học được cách gói sủi cảo.,new_hsk_3.json
香蕉,一把香蕉,yī bǎ xiāngjiāo,một chuối chuối,妈妈给我买了一把香蕉。,Māma gěi wǒ mǎi le yī bǎ xiāngjiāo.,Mẹ mua cho tôi một chuối chuối.,hsk_2.json
马上,马上,mǎshàng,ngay lập tức,我马上来,Wǒ mǎshàng lái,Tôi đến ngay,hsk_1.json
马上,马上,mǎshàng,ngay lập tức,马上就走,Mǎshàng jiù zǒu,Đi ngay lập tức,hsk_1.json
马上,马上,mǎshàng,ngay lập tức,马上开始,Mǎshàng kāishǐ,Bắt đầu ngay,hsk_1.json
马上,马上来,mǎshàng lái,đến ngay,我马上来,Wǒ mǎshàng lái,Tôi đến ngay,hsk_1.json
马路,过马路,guò mǎlù,qua đường,小心过马路。,Xiǎoxīn guò mǎlù.,Cẩn thận khi qua đường.,hsk_1.json
高中,高中,gāo zhōng,trung học phổ thông,他在上高中,tā zài shàng gāo zhōng,Anh ấy đang học phổ thông,hsk_2.json
高中,高中,gāo zhōng,trung học phổ thông,高中毕业,gāo zhōng bì yè,Tốt nghiệp phổ thông,hsk_2.json
高兴,很高兴,hěn gāoxìng,rất vui,我很高兴,Wǒ hěn gāoxìng,Tôi rất vui,hsk_1.json
高兴,很高兴,hěn gāoxìng,rất vui,见到你很高兴,Jiàn dào nǐ hěn gāoxìng,Rất vui được gặp bạn,hsk_1.json
高兴,很高兴,hěn gāoxìng,rất vui,他很高兴,Tā hěn gāoxìng,Anh ấy rất vui,hsk_1.json
高兴,高兴,gāoxìng,vui,我很高兴,Wǒ hěn gāoxìng,Tôi rất vui,hsk_1.json
高兴,高兴,gāoxìng,vui,见到你很高兴,Jiàn dào nǐ hěn gāoxìng,Rất vui được gặp bạn,hsk_1.json
高兴,高兴,gāoxìng,vui,他很高兴,Tā hěn gāoxìng,Anh ấy rất vui,hsk_1.json
高级,高级,gāo jí,cao cấp,高级餐厅,gāo jí cān tīng,Nhà hàng cao cấp,hsk_2.json
高级,高级,gāo jí,cao cấp,高级技术,gāo jí jì shù,Kỹ thuật cao cấp,hsk_2.json
高速,高速公路,gāosù gōnglù,đường cao tốc,高速公路很快。,Gāosù gōnglù hěn kuài.,Đường cao tốc rất nhanh.,hsk_3.json
鸡蛋,炒鸡蛋,chǎo jīdàn,trứng chiên,炒鸡蛋,chǎo jīdàn,trứng chiên,hsk_1.json
鸡蛋,煮鸡蛋,zhǔ jīdàn,trứng luộc,煮鸡蛋,zhǔ jīdàn,trứng luộc,hsk_1.json
鸡蛋,吃鸡蛋,chī jīdàn,ăn trứng,我要吃鸡蛋,Wǒ yào chī jīdàn,Tôi muốn ăn trứng,hsk_1.json
麻将,打麻将,dǎ májiàng,chơi mạt chược,打麻将,dǎ májiàng,Chơi mạt chược,hsk_3.json
麻将,麻将牌,májiàngpái,bài mạt chược,麻将牌,májiàngpái,Bài mạt chược,hsk_3.json
麻将,麻将桌,májiàngzhuō,bàn mạt chược,麻将桌,májiàngzhuō,Bàn mạt chược,hsk_3.json
麻烦,很麻烦,hěn má fan,rất phiền phức,这件事很麻烦。,zhè jiàn shì hěn má fan。,Việc này rất phiền phức.,hsk_1.json
黑客,黑客攻击,hēikè gōngjī,tấn công hacker,防范黑客攻击是网络安全的重要课题。,Fángfàn hēikè gōngjī shì wǎngluò ānquán de zhòngyào kètí.,Phòng chống tấn công hacker là chủ đề quan trọng của an ninh mạng.,hsk_3.json
黑客,黑客入侵,hēikè rùqīn,hacker xâm nhập,黑客入侵了公司的服务器。,Hēikè rùqīnle gōngsī de fúwùqì.,Hacker đã xâm nhập máy chủ của công ty.,hsk_3.json
黑客,道德黑客,dàodé hēikè,ethical hacker (hacker mũ trắng),他是一名道德黑客，帮助企业测试安全性。,"Tā shì yī míng dàodé hēikè, bāngzhù qǐyè cèshì ānquánxìng.","Anh ấy là một ethical hacker, giúp doanh nghiệp kiểm tra bảo mật.",hsk_3.json
黑板,黑板,hēi bǎn,bảng đen,看黑板,kàn hēi bǎn,Nhìn bảng đen,hsk_2.json
黑板,黑板,hēi bǎn,bảng đen,在黑板上写字,zài hēi bǎn shàng xiě zì,Viết lên bảng đen,hsk_2.json
一下子,一下子就,yīxiàzi jiù,ngay lập tức thì,他一下子就跑过来了,Tā yīxiàzi jiù pǎo guòlái le,Anh ấy chạy tới ngay lập tức,hsk_2.json
一下子,一下子就,yīxiàzi jiù,ngay lập tức thì,一下子就完成了,Yīxiàzi jiù wánchéng le,Hoàn thành ngay lập tức trong chốc lát,hsk_2.json
一下子,一下子来了,yīxiàzi lái le,đột nhiên đến,一下子来了很多人,Yīxiàzi lái le hěnduō rén,Đột nhiên có rất nhiều người đến,hsk_2.json
一部分,一部分人,yī bù fen rén,một bộ phận người,只有一部分人来,zhǐ yǒu yī bù fen rén lái,Chỉ có một bộ phận người đến,hsk_2.json
交响乐,交响乐演奏,jiāoxiǎngyuè yǎnzòu,diễn nhạc giao hưởng,交响乐演奏会,Jiāoxiǎngyuè yǎnzòuhuì,Buổi diễn nhạc giao hưởng,hsk_3.json
什么样,什么样的人,shén me yàng de rén,người như thế nào,那是什么样的人,nà shì shén me yàng de rén,Đó là người như thế nào,hsk_2.json
出租车,坐出租车,zuò chū zū chē,đi taxi,我们是坐出租车来的。,wǒ men shì zuò chū zū chē lái de,Chúng tôi đến bằng taxi.,hsk_1.json
出租车,坐出租车,zuò chū zū chē,đi taxi,我们坐出租车去西安饭店。,wǒ men zuò chū zū chē qù xī ān fàn diàn,Chúng tôi đi taxi đến nhà hàng Tây An.,new_hsk_1.json
动物园,去动物园,qù dòng wù yuán,đi sở thú,孩子们喜欢去动物园,hái zi men xǐ huan qù dòng wù yuán,Trẻ em thích đi sở thú,hsk_2.json
发脾气,爱发脾气,ài fā píqì,hay nổi giận,他一遇到挫折就爱发脾气,Tā yī yùdào cuòzhé jiù ài fā píqì,Anh ấy hễ gặp thất bại là hay nổi giận,hsk_2.json
基督教,基督教文化,Jīdūjiào wénhuà,văn hóa Cơ Đốc giáo,基督教文化对西方文明影响深远。,Jīdūjiào wénhuà duì xīfāng wénmíng yǐngxiǎng shēnyuǎn.,Văn hóa Cơ Đốc giáo có ảnh hưởng sâu sắc đến văn minh phương Tây.,hsk_3.json
大多数,大多数人,dà duō shù rén,đại đa số người,大多数人都同意,dà duō shù rén dōu tóng yì,Đại đa số mọi người đều đồng ý,hsk_2.json
实验室,化学实验室,huà xué shí yàn shì,phòng thí nghiệm hóa học,学生们在化学实验室里做实验。,xué shēng men zài huà xué shí yàn shì lǐ zuò shí yàn。,Học sinh đang làm thí nghiệm trong phòng thí nghiệm hóa học.,hsk_3.json
差不多,差不多,chà bu duō,gần giống,时间差不多,shí jiān chà bu duō,Thời gian gần giống nhau,hsk_1.json
差不多,差不多,chà bu duō,gần giống,差不多行了,chà bu duō xíng le,Gần được rồi,hsk_1.json
差不多,差不多,chà bu duō,gần giống,这里的房子比学校里边的大差不多一倍。,zhè lǐ de fáng zi bǐ xué xiào lǐ biān de dà chà bù duō yī bèi,Nhà ở đây lớn hơn nhà trong trường gần gấp đôi.,hsk_4.json
开玩笑,别开玩笑,bié kāiwánxiào,đừng đùa,"别开玩笑,我是认真的","Bié kāiwánxiào, wǒ shì rènzhēn de","Đừng đùa, tôi nói nghiệt đấy",hsk_1.json
忍不住,让人忍不住,ràng rén rěnbuzhù,khiến người không kìm được,让人忍不住笑,ràng rén rěnbuzhù xiào,khiến người không kìm được cười,hsk_2.json
志愿者,招募志愿者,zhāomù zhìyuànzhě,tuyển tình nguyện viên,我们正在招募志愿者。,Wǒmen zhèngzài zhāomù zhìyuànzhě.,Chúng tôi đang tuyển tình nguyện viên.,hsk_3.json
怎么样,身体怎么样,shēn tǐ zěn me yàng,sức khỏe thế nào,你身体怎么样？还好。,nǐ shēn tǐ zěn me yàng hái hǎo,Sức khỏe bạn thế nào? Cũng tạm.,hsk_2.json
恨不得,恨不得马上,hèn bu dé mǎshàng,chỉ muốn ngay lập tức,我恨不得马上飞回家。,Wǒ hèn bu dé mǎshàng fēi huí jiā.,Tôi chỉ ước gì có thể bay về nhà ngay lập tức.,hsk_3.json
感兴趣,很感兴趣,hěn gǎn xìng qù,rất quan tâm đến,我对中国文化很感兴趣。,Wǒ duì Zhōngguó wénhuà hěn gǎn xìngqù.,Tôi rất thích thú với văn hóa Trung Quốc.,hsk_1.json
感兴趣,不感兴趣,bù gǎn xìng qù,không quan tâm đến,他对运动不感兴趣。,Tā duì yùndòng bù gǎn xìngqù.,Anh ấy không thích thú với thể thao.,hsk_1.json
感兴趣,不感兴趣,bù gǎn xìng qù,không quan tâm đến,我儿子对打篮球不感兴趣。,wǒ ér zi duì dǎ lán qiú bù gǎn xīng qù,Con trai tôi không có hứng thú với bóng rổ.,hsk_3.json
打官司,打官司,dǎ guānsi,đi kiện,他们为了房子打官司,Tāmen wèile fángzi dǎ guānsi,Họ kiện nhau vì ngôi nhà,hsk_3.json
打官司,打官司,dǎ guānsi,đi kiện,我不愿意和他打官司,Wǒ bù yuànyì hé tā dǎ guānsi,Tôi không muốn kiện anh ta,hsk_3.json
打官司,打官司,dǎ guānsi,đi kiện,这场打官司已经打了三年,Zhè jiàn guānsi dǎle sānnián,Vụ kiện này đã kéo dài 3 năm,hsk_3.json
收音机,听收音机,tīng shōu yīn jī,nghe radio,爷爷喜欢听收音机。,yé ye xǐ huan tīng shōu yīn jī。,Ông thích nghe máy thu thanh.,hsk_3.json
星期天,每个星期天,měi gè xīngqītiān,mỗi Chủ nhật,每个星期天我都去运动,Měi gè xīngqītiān wǒ dōu qù yùndòng,Mỗi Chủ nhật tôi đều đi tập thể dục,hsk_1.json
星期日,这个星期日,zhège xīngqīrì,Chủ nhật này,这个星期日你有空吗?,Zhège xīngqīrì nǐ yǒukòng ma?,Chủ nhật này bạn rảnh không?,hsk_1.json
是不是,是不是,shìbu shì,có phải không,你是不是中国人？,Nǐ shìbu shì Zhōngguó rén?,Bạn có phải người Trung Quốc không?,hsk_1.json
是不是,是不是,shìbu shì,có phải không,这是不是你的书？,Zhè shìbu shì nǐ de shū?,Cái này có phải sách của bạn không?,hsk_1.json
是不是,是不是,shìbu shì,có phải không,他是不是不知道？,Tā shìbu shì bù zhīdào?,Liệu anh ấy có không biết không?,hsk_1.json
普通话,普通话,pǔ tōng huà,tiếng phổ thông,我说普通话,wǒ shuō pǔ tōng huà,Tôi nói tiếng phổ thông,hsk_2.json
普通话,普通话,pǔ tōng huà,tiếng phổ thông,普通话很重要,pǔ tōng huà hěn zhòng yào,Tiếng phổ thông rất quan trọng,hsk_2.json
有意思,很有意思,hěn yǒu yì si,rất thú vị,这本书很有意思,zhè běn shū hěn yǒu yì si,Quyển sách này rất thú vị,hsk_1.json
有意思,很有意思,hěn yǒu yì si,rất thú vị,这个故事很有意思,zhè ge gù shi hěn yǒu yì si,Câu chuyện này rất hay,hsk_1.json
有意思,很有意思,hěn yǒu yì si,rất thú vị,对她来说，学习汉语很有意思。,duì tā lái shuō xué xí hàn yǔ hěn yǒu yì sī,"Đối với cô ấy, học tiếng Trung rất thú vị.",new_hsk_3.json
没意思,真没意思,zhēn méi yìsi,thật chán,这部电影真没意思,Zhè bù diànyǐng zhēn méi yìsi,Bộ phim này thật chán,hsk_1.json
洗手间,洗手间在哪里,xǐshǒujiān zài nǎli,nhà vệ sinh ở đâu,请问，洗手间在哪里？,"Qǐngwèn, xǐshǒujiān zài nǎli?","Xin hỏi, nhà vệ sinh ở đâu?",hsk_1.json
洗衣机,新洗衣机,xīn xǐ yī jī,máy giặt mới,我买了一台新洗衣机。,wǒ mǎi le yī tái xīn xǐ yī jī。,Tôi mua một cái máy giặt mới.,hsk_2.json
火车站,去火车站,qù huǒchēzhàn,đi ga xe lửa,我们去火车站接朋友。,Wǒmen qù huǒchēzhàn jiē péngyǒu.,Chúng tôi đi ga xe lửa đón bạn.,hsk_1.json
电视机,电视机前,diànshìjī qián,trước TV,我们在电视机前吃饭。,Wǒmen zài diànshìjī qián chīfàn.,Chúng tôi ăn cơm trước TV.,hsk_1.json
目的地,旅游目的地,lǚyóu mùdìdì,điểm đến du lịch,这座城市已成为热门旅游目的地。,Zhè zuò chéngshì yǐ chénggwéi rèmén lǚyóu mùdìdì.,Thành phố này đã trở thành điểm đến du lịch nổi tiếng.,hsk_2.json
目的地,抵达目的地,dǐdá mùdìdì,đến nơi,飞机安全抵达目的地。,Fēijī ānquán dǐdá mùdìdì.,Máy bay đã đến đích an toàn.,hsk_2.json
笔记本,笔记本电脑,bǐ jì běn diàn nǎo,máy tính xách tay,我们用会议室的电脑还是自己的笔记本电脑？,wǒ men yòng huì yì shì de diàn nǎo hái shì zì jǐ de bǐ jì běn diàn nǎo,Chúng ta dùng máy tính của phòng họp hay máy tính xách tay của mình?,new_hsk_3.json
老太太,老太太,lǎotàitai,bà cụ,那位老太太每天早上都去公园散步。,Nà wèi lǎotàitai měi tiān zǎoshang dōu qù gōngyuán sànbù.,Bà cụ đó mỗi sáng đều đi dạo ở công viên.,hsk_3.json
老太太,老太太,lǎotàitai,bà cụ,我们家的老太太今年八十岁了，身体还很健康。,"Wǒmen jiā de lǎotàitai jīnnián bāshí suì le, shēntǐ hái hěn jiànkāng.","Bà cụ nhà chúng tôi nay tám mươi tuổi, sức khỏe còn rất tốt.",hsk_3.json
老太太,老太太,lǎotàitai,bà cụ,老太太坐在门口，看着孩子们玩耍。,"Lǎotàitai zuò zài ménkǒu, kànzhe háizimen wánshuǎ.","Bà cụ ngồi ở cửa, nhìn trẻ con chơi đùa.",hsk_3.json
老百姓,为老百姓服务,wèi lǎobǎixìng fúwù,phục vụ người dân,我们要为老百姓服务。,Wǒmen yào wèi lǎobǎixìng fúwù.,Chúng ta phải phục vụ người dân.,hsk_3.json
老百姓,老百姓的生活,lǎobǎixìng de shēnghuó,cuộc sống người dân,老百姓的生活越来越好了。,Lǎobǎixìng de shēnghuó yuè lái yuè hǎo le.,Cuộc sống người dân ngày càng tốt hơn.,hsk_3.json
联合国,联合国总部,Liánhéguó zǒngbù,trụ sở Liên Hợp Quốc,联合国总部在纽约。,Liánhéguó zǒngbù zài Niǔyuē.,Trụ sở Liên Hợp Quốc ở New York.,hsk_3.json
自行车,骑自行车,qí zì xíng chē,đạp xe,我骑自行车上班,wǒ qí zì xíng chē shàng bān,Tôi đạp xe đi làm,hsk_1.json
自行车,骑自行车,qí zì xíng chē,đạp xe,这个房子离公司也不远，你可以坐公共汽车，甚至可以骑自行车上班。,zhè gè fáng zi lí gōng sī yě bù yuǎn nǐ kě yǐ zuò gōng gòng qì chē shèn zhì kě yǐ qí zì xíng chē shàng bān,"Căn nhà này cách công ty cũng không xa, bạn có thể đi xe buýt, thậm chí có thể đạp xe đi làm.",hsk_4.json
蛋白质,植物蛋白质,zhíwù dànbáizhì,protein thực vật,植物蛋白质和动物蛋白质各有优缺点。,Zhíwù dànbáizhì hé dòngwù dànbáizhì gè yǒu yōuquēdiǎn.,Protein thực vật và protein động vật đều có ưu nhược điểm riêng.,hsk_3.json
蛋白质,动物蛋白质,dòngwù dànbáizhì,protein động vật,植物蛋白质和动物蛋白质各有优缺点。,Zhíwù dànbáizhì hé dòngwù dànbáizhì gè yǒu yōuquēdiǎn.,Protein thực vật và protein động vật đều có ưu nhược điểm riêng.,hsk_3.json
蛋白质,富含蛋白质,fùhán dànbáizhì,giàu protein,这种食物富含蛋白质，适合健身人士。,"Zhè zhǒng shíwù fùhán dànbáizhì, shìhé jiànshēn rénshì.","Loại thực phẩm này giàu protein, phù hợp cho người tập gym.",hsk_3.json
越来越,越来越,yuè lái yuè,càng ngày càng,天气越来越冷,tiān qì yuè lái yuè lěng,Thời tiết càng ngày càng lạnh,hsk_2.json
越来越,越来越,yuè lái yuè,càng ngày càng,越来越好,yuè lái yuè hǎo,Càng ngày càng tốt,hsk_2.json
越来越,越来越,yuè lái yuè,càng ngày càng,我认识的汉字越来越多。,wǒ rèn shí de hàn zì yuè lái yuè duō,Chữ Hán mà tôi biết ngày càng nhiều.,hsk_3.json
身份证,身份证号码,shēnfènzhèng hàomǎ,số chứng minh thư,身份证号码是多少?,Shēnfènzhèng hàomǎ shì duōshǎo?,Số chứng minh thư là bao nhiêu?,hsk_3.json
身份证,用身份证,yòng shēnfènzhèng,dùng chứng minh thư,我用身份证办了银行卡。,Wǒ yòng shēnfènzhèng bànle yínhángkǎ.,Tôi dùng chứng minh thư để làm thẻ ngân hàng.,hsk_3.json
运动会,运动会,yùn dòng huì,đại hội thể thao,这个运动会很好。,zhè ge yùn dòng huì hěn hǎo。,đại hội thể thao này rất tốt.,hsk_3.json
运动会,运动会,yùn dòng huì,đại hội thể thao,我喜欢这个运动会。,wǒ xǐ huan zhè ge yùn dòng huì。,Tôi thích đại hội thể thao này.,hsk_3.json
运动会,运动会,yùn dòng huì,đại hội thể thao,听说为了准备运动会，你们几个男生每天都练球。,tīng shuō wèi le zhǔn bèi yùn dòng huì nǐ men jǐ gè nán shēng měi tiān dōu liàn qiú,"Nghe nói để chuẩn bị cho đại hội thể thao, mấy bạn nam các cậu ngày nào cũng luyện bóng.",new_hsk_3.json
运动员,运动员,yùn dòng yuán,vận động viên,这个运动员很好。,zhè ge yùn dòng yuán hěn hǎo。,vận động viên này rất tốt.,hsk_3.json
运动员,运动员,yùn dòng yuán,vận động viên,我喜欢这个运动员。,wǒ xǐ huan zhè ge yùn dòng yuán。,Tôi thích vận động viên này.,hsk_3.json
进一步,进一步了解,jìnyībù liǎojiě,tìm hiểu thêm,让我进一步了解一下情况。,Ràng wǒ jìnyībù liǎojiě yīxià qíngkuàng.,Để tôi tìm hiểu thêm một chút về tình hình.,hsk_3.json
音乐会,听音乐会,tīng yīn yuè huì,nghe hòa nhạc,我们去听音乐会,wǒ men qù tīng yīn yuè huì,Chúng tôi đi nghe hòa nhạc,hsk_1.json
一成不变,思维一成不变,sīwéi yī chéng bù biàn,tư duy cứng nhắc,他的思维一成不变，很难接受新事物,"Tā de sīwéi yī chéng bù biàn, hěn nán jiēshòu xīn shìwù","Tư duy anh ấy cứng nhắc, rất khó tiếp nhận điều mới",hsk_3.json
一成不变,不能一成不变,bù néng yī chéng bù biàn,không thể cứng nhắc không đổi,时代在变化，不能一成不变,"Shídài zài biànhuà, bù néng yī chéng bù biàn","Thời đại đang thay đổi, không thể cứng nhắc không đổi mới",hsk_3.json
一成不变,不能一成不变,bù néng yī chéng bù biàn,không thể cứng nhắc không đổi,教学方法不能一成不变,Jiāoxué fāngfǎ bù néng yī chéng bù biàn,Phương pháp dạy học không thể giữ mãi một kiểu,hsk_3.json
不约而同,不约而同地,bùyuēértóng de,một cách đồng loạt,不约而同地到达,bùyuēértóng de dàodá,Đến đồng loạt,hsk_3.json
中华民族,中华民族文化,Zhōnghuá mínzú wénhuà,văn hóa dân tộc Trung Hoa,中华民族文化博大精深。,Zhōnghuá mínzú wénhuà bódàjīngshēn.,Văn hóa dân tộc Trung Hoa bao la và sâu sắc.,hsk_3.json
似曾相识,似曾相识的感觉,sìcéng xiāngshí de gǎnjué,cảm giác như đã từng quen,有一种似曾相识的感觉,Yǒu yī zhǒng sìcéng xiāngshí de gǎnjué,Có một cảm giác như đã từng quen,hsk_3.json
公共汽车,坐公共汽车,zuò gōng gòng qì chē,ngồi xe buýt,我每天坐公共汽车上班,wǒ měi tiān zuò gōng gòng qì chē shàng bān,Tôi hàng ngày ngồi xe buýt đi làm,hsk_1.json
公共汽车,坐公共汽车,zuò gōng gòng qì chē,ngồi xe buýt,这个房子离公司也不远，你可以坐公共汽车，甚至可以骑自行车上班。,zhè gè fáng zi lí gōng sī yě bù yuǎn nǐ kě yǐ zuò gōng gòng qì chē shèn zhì kě yǐ qí zì xíng chē shàng bān,"Căn nhà này cách công ty cũng không xa, bạn có thể đi xe buýt, thậm chí có thể đạp xe đi làm.",hsk_4.json
公共汽车,公共汽车站,gōng gòng qì chē zhàn,trạm xe buýt,公共汽车站在前面,gōng gòng qì chē zhàn zài qián miàn,Trạm xe buýt ở phía trước,hsk_1.json
大惊小怪,动不动就大惊小怪,dòngbudòng jiù dà jīng xiǎo guài,cứ một tí là làm to chuyện,她动不动就大惊小怪，让人受不了,"Tā dòngbudòng jiù dà jīng xiǎo guài, ràng rén shòubuliǎo","Cô ấy cứ động một tí là làm to chuyện, thật không chịu được",hsk_3.json
大惊小怪,别大惊小怪,bié dà jīng xiǎo guài,đừng làm to chuyện,别大惊小怪，这只是个误会,"Bié dà jīng xiǎo guài, zhè zhǐshì ge wùhuì","Đừng làm to chuyện, đây chỉ là hiểu lầm thôi",hsk_3.json
天长地久,友谊天长地久,yǒuyì tiānchángdìjiǔ,tình bạn vĩnh cửu,他们的友谊天长地久,Tāmen de yǒuyì tiānchángdìjiǔ,Tình bạn của họ muôn đời,hsk_3.json
天长地久,爱情天长地久,àiqíng tiānchángdìjiǔ,tình yêu muôn đời,祝愿你们的爱情天长地久,Zhùyuàn nǐmen de àiqíng tiānchángdìjiǔ,Chúc tình yêu của các bạn vĩnh cửu,hsk_3.json
理所当然,视为理所当然,shì wéi lǐsuǒdāngrán,xem là điều đương nhiên,不要把别人的帮助视为理所当然,Bùyào bǎ biérén de bāngzhù shì wéi lǐsuǒdāngrán,Đừng xem sự giúp đỡ của người khác là điều hiển nhiên,hsk_3.json
理所当然,理所当然地,lǐsuǒdāngrán de,một cách đương nhiên,他理所当然地获得了这份工作,Tā lǐsuǒdāngrán de huòdé le zhè fèn gōngzuò,Anh ấy đương nhiên đã nhận được công việc này,hsk_3.json
理所当然,理所当然地,lǐsuǒdāngrán de,một cách đương nhiên,"鉴于白噪音有这样的功效, 它理所当然地成了医生的好帮手。",jiàn yú bái zào yīn yǒu zhè yàng de gōng xiào tā lǐ suǒ dāng rán dì chéng le yī shēng de hǎo bāng shǒu,"Xét thấy tiếng ồn trắng có công hiệu như vậy, nó đương nhiên trở thành trợ thủ đắc lực của bác sĩ.",hsk_6.json
知识分子,尊重知识分子,zūnzhòng zhīshífènzǐ,tôn trọng trí thức,尊重知识分子,Zūnzhòng zhīshífènzǐ,Tôn trọng trí thức,hsk_3.json
知识分子,知识分子出身,zhīshífènzǐ chūshēn,xuất thân từ trí thức,他是知识分子出身,Tā shì zhīshífènzǐ chūshēn,Anh ấy xuất thân từ trí thức,hsk_3.json
空{儿},有空{儿},yǒu kòngr,có thời gian rảnh,周末我有空{儿}，我们去公园吧。,"Zhōumò wǒ yǒu kòngr, wǒmen qù gōngyuán ba.","Cuối tuần tôi có thời gian rảnh, chúng ta đi công viên đi.",hsk_3.json
空{儿},有空{儿},yǒu kòngr,có thời gian rảnh,你现在有空{儿}吗？我想跟你谈谈。,Nǐ xiànzài yǒu kòngr ma? Wǒ xiǎng gēn nǐ tántan.,Bây giờ cậu có rảnh không? Tôi muốn nói chuyện với cậu.,hsk_3.json
空{儿},有空{儿},yǒu kòngr,có thời gian rảnh,等我有空{儿}再帮你解决这个问题。,Děng wǒ yǒu kòngr zài bāng nǐ jiějué zhège wèntí.,Để khi nào tôi rảnh thì giúp cậu giải quyết vấn đề này.,hsk_3.json
莫名其妙,莫名其妙地,mòmíngqímiào de,một cách không rõ nguyên do,他莫名其妙地笑了起来,Tā mòmíngqímiào de xiào le qǐlái,Anh ấy bỗng dưng cười không rõ nguyên do,hsk_3.json
莫名其妙,莫名其妙地,mòmíngqímiào de,một cách không rõ nguyên do,我莫名其妙地感到难过,Wǒ mòmíngqímiào de gǎndào nánguò,Tôi cảm thấy buồn mà không biết tại sao,hsk_3.json
莫名其妙,莫名其妙地,mòmíngqímiào de,một cách không rõ nguyên do,她被老板莫名其妙地批评了一顿,Tā bèi lǎobǎn mòmíngqímiào de pīpíngle yī dùn,Cô ấy bị sếp phê bình một trận mà không biết lý do,hsk_3.json
这{儿},这{儿},zhèr,ở đây,我这{儿}有好吃的。,Wǒ zhèr yǒu hǎochī de.,Ở đây tôi có đồ ăn ngon.,hsk_1.json
这{儿},这{儿},zhèr,ở đây,你坐在这{儿}等我。,Nǐ zuò zài zhèr děng wǒ.,Bạn ngồi ở đây đợi tôi.,hsk_1.json
这{儿},这{儿},zhèr,ở đây,这{儿}很漂亮。,Zhèr hěn piàoliang.,Nơi này rất đẹp.,hsk_1.json
好玩{儿},很好玩{儿},hěn hǎowánr,rất vui,这个游戏很好玩{儿}。,Zhège yóuxì hěn hǎowánr.,Trò chơi này rất vui.,hsk_1.json
好玩{儿},好玩{儿}的地方,hǎowánr de dìfang,nơi thú vị,北京有很多好玩{儿}的地方。,Běijīng yǒu hěnduō hǎowánr de dìfang.,Bắc Kinh có nhiều nơi thú vị.,hsk_1.json
聊天{儿},关于聊天{儿},guānyú 聊天{儿},về trò chuyện,关于聊天{儿},Guānyú 聊天{儿},Về trò chuyện,hsk_3.json
