sourceWord,targetWord,relationType,pinyin,meaningVi,evidence,source,reviewStatus
一下,以下,homophone,yǐ xià,dưới đây,exact normalized pinyin match in local HSK data,hsk_2.json,reviewed-local
一下,一会儿,same-short-meaning-candidate,yī huìr ,một lát,exact normalized Vietnamese short meaning: một lát,hsk_1.json,needs-review
一下,一会{儿},same-short-meaning-candidate,yī huìr ,một lát,exact normalized Vietnamese short meaning: một lát,hsk_1.json,needs-review
一切,所有,same-short-meaning-candidate,suǒ yǒu,tất cả,exact normalized Vietnamese short meaning: tất cả,hsk_2.json,needs-review
一定,千万,same-short-meaning-candidate,qiān wàn,nhất định,exact normalized Vietnamese short meaning: nhất định,hsk_2.json,needs-review
一生,医生,homophone,yī shēng,bác sĩ,exact normalized pinyin match in local HSK data,hsk_1.json,reviewed-local
一生,野生,homophone,yě shēng,hoang dã,exact normalized pinyin match in local HSK data,hsk_3.json,reviewed-local
一般,普通,same-short-meaning-candidate,pǔ tōng,thông thường,exact normalized Vietnamese short meaning: thông thường,hsk_2.json,needs-review
一起,一块儿,same-short-meaning-candidate,yī kuàir ,Cùng nhau,exact normalized Vietnamese short meaning: cùng nhau,hsk_2.json,needs-review
一起,一齐,same-short-meaning-candidate,yī qí,cùng nhau,exact normalized Vietnamese short meaning: cùng nhau,hsk_2.json,needs-review
一齐,一起,same-short-meaning-candidate,yī qǐ,cùng nhau,exact normalized Vietnamese short meaning: cùng nhau,hsk_1.json,needs-review
一齐,一块儿,same-short-meaning-candidate,yī kuàir ,Cùng nhau,exact normalized Vietnamese short meaning: cùng nhau,hsk_2.json,needs-review
上午,早上,same-short-meaning-candidate,zǎo shang,buổi sáng,exact normalized Vietnamese short meaning: buổi sáng,hsk_1.json,needs-review
上学,上课,same-short-meaning-candidate,shàng kè,đi học,exact normalized Vietnamese short meaning: đi học,hsk_1.json,needs-review
上课,上学,same-short-meaning-candidate,shàng xué,đi học,exact normalized Vietnamese short meaning: đi học,hsk_1.json,needs-review
上边,上面,same-short-meaning-candidate,shàng miàn,bên trên,exact normalized Vietnamese short meaning: bên trên,hsk_2.json,needs-review
上面,上边,same-short-meaning-candidate,shàng biān,bên trên,exact normalized Vietnamese short meaning: bên trên,hsk_1.json,needs-review
下去,下来,same-short-meaning-candidate,xià lái,đi xuống,exact normalized Vietnamese short meaning: đi xuống,hsk_2.json,needs-review
下来,下去,same-short-meaning-candidate,xià qu,đi xuống,exact normalized Vietnamese short meaning: đi xuống,hsk_2.json,needs-review
下边,下面,same-short-meaning-candidate,xià miàn,bên dưới,exact normalized Vietnamese short meaning: bên dưới,hsk_1.json,needs-review
下边,底下,same-short-meaning-candidate,dǐ xia,bên dưới,exact normalized Vietnamese short meaning: bên dưới,hsk_3.json,needs-review
下面,下边,same-short-meaning-candidate,xià biān,bên dưới,exact normalized Vietnamese short meaning: bên dưới,hsk_1.json,needs-review
下面,底下,same-short-meaning-candidate,dǐ xia,bên dưới,exact normalized Vietnamese short meaning: bên dưới,hsk_3.json,needs-review
不仅,不但,same-short-meaning-candidate,bù dàn,không chỉ,exact normalized Vietnamese short meaning: không chỉ,hsk_2.json,needs-review
不仅,不光,same-short-meaning-candidate,bù guāng,không chỉ,exact normalized Vietnamese short meaning: không chỉ,hsk_3.json,needs-review
不但,不光,same-short-meaning-candidate,bù guāng,không chỉ,exact normalized Vietnamese short meaning: không chỉ,hsk_3.json,needs-review
不但,不仅,same-short-meaning-candidate,bù jǐn,không chỉ,exact normalized Vietnamese short meaning: không chỉ,hsk_3.json,needs-review
不光,不但,same-short-meaning-candidate,bù dàn,không chỉ,exact normalized Vietnamese short meaning: không chỉ,hsk_2.json,needs-review
不光,不仅,same-short-meaning-candidate,bù jǐn,không chỉ,exact normalized Vietnamese short meaning: không chỉ,hsk_3.json,needs-review
不必,不一定,same-short-meaning-candidate,bù yī dìng,không nhất thiết,exact normalized Vietnamese short meaning: không nhất thiết,hsk_2.json,needs-review
不断,连续,same-short-meaning-candidate,lián xù,liên tục,exact normalized Vietnamese short meaning: liên tục,hsk_3.json,needs-review
不要,没有,same-short-meaning-candidate,méi yǒu,không,exact normalized Vietnamese short meaning: không,hsk_1.json,needs-review
不见,消失,same-short-meaning-candidate,xiāo shī,biến mất,exact normalized Vietnamese short meaning: biến mất,hsk_3.json,needs-review
不过,可是,same-short-meaning-candidate,kě shì,nhưng,exact normalized Vietnamese short meaning: nhưng,hsk_1.json,needs-review
不过,但是,same-short-meaning-candidate,dàn shì,nhưng,exact normalized Vietnamese short meaning: nhưng,hsk_2.json,needs-review
个子,身高,same-short-meaning-candidate,shēn gāo,chiều cao,exact normalized Vietnamese short meaning: chiều cao,hsk_3.json,needs-review
中学,初中,same-short-meaning-candidate,chū zhōng,trường trung học cơ sở,exact normalized Vietnamese short meaning: trường trung học cơ sở,hsk_1.json,needs-review
中文,汉语,same-short-meaning-candidate,hàn yǔ,tiếng Trung,exact normalized Vietnamese short meaning: tiếng Trung,hsk_1.json,needs-review
中间,当中,same-short-meaning-candidate,dāng zhōng,giữa,exact normalized Vietnamese short meaning: giữa,hsk_3.json,needs-review
丰富,充实,same-short-meaning-candidate,chōng shí,phong phú,exact normalized Vietnamese short meaning: phong phú,hsk_3.json,needs-review
主导,指导,homophone,zhǐ dǎo,hướng dẫn,exact normalized pinyin match in local HSK data,hsk_3.json,reviewed-local
主导,带动,same-short-meaning-candidate,dài dòng,dẫn dắt,exact normalized Vietnamese short meaning: dẫn dắt,hsk_2.json,needs-review
主导,带领,same-short-meaning-candidate,dài lǐng,dẫn dắt,exact normalized Vietnamese short meaning: dẫn dắt,hsk_3.json,needs-review
主张,看法,same-short-meaning-candidate,kàn fǎ,quan điểm,exact normalized Vietnamese short meaning: quan điểm,hsk_2.json,needs-review
主张,观点,same-short-meaning-candidate,guān diǎn,quan điểm,exact normalized Vietnamese short meaning: quan điểm,hsk_2.json,needs-review
主持,支持,homophone,zhī chí,hỗ trợ,exact normalized pinyin match in local HSK data,hsk_3.json,reviewed-local
主要,只要,homophone,zhǐ yào,miễn là,exact normalized pinyin match in local HSK data,hsk_2.json,reviewed-local
举办,组织,same-short-meaning-candidate,zǔ zhī,tổ chức,exact normalized Vietnamese short meaning: tổ chức,hsk_2.json,needs-review
举办,举行,same-short-meaning-candidate,jǔ xíng,tổ chức,exact normalized Vietnamese short meaning: tổ chức,hsk_2.json,needs-review
举动,行为,same-short-meaning-candidate,xíng wéi,hành động,exact normalized Vietnamese short meaning: hành động,hsk_2.json,needs-review
举行,组织,same-short-meaning-candidate,zǔ zhī,tổ chức,exact normalized Vietnamese short meaning: tổ chức,hsk_2.json,needs-review
举行,举办,same-short-meaning-candidate,jǔ bàn,tổ chức,exact normalized Vietnamese short meaning: tổ chức,hsk_2.json,needs-review
乌鸦,五一,homophone,wǔ yī,Mùng 1 tháng 5 (Ngày Quốc tế Lao động),exact normalized pinyin match in local HSK data,hsk_2.json,reviewed-local
习惯,嗜好,same-short-meaning-candidate,shì hào,thói quen,exact normalized Vietnamese short meaning: thói quen,hsk_3.json,needs-review
书架,暑假,homophone,shǔ jià,kỳ nghỉ hè,exact normalized pinyin match in local HSK data,hsk_2.json,reviewed-local
事实,实话,same-short-meaning-candidate,shí huà,sự thật,exact normalized Vietnamese short meaning: sự thật,hsk_2.json,needs-review
于是,然后,same-short-meaning-candidate,rán hòu,sau đó,exact normalized Vietnamese short meaning: sau đó,hsk_1.json,needs-review
互相,相互,same-short-meaning-candidate,xiāng hù,lẫn nhau,exact normalized Vietnamese short meaning: lẫn nhau,hsk_3.json,needs-review
五一,乌鸦,homophone,wū yā,Quạ,exact normalized pinyin match in local HSK data,hsk_3.json,reviewed-local
交涉,谈判,same-short-meaning-candidate,tán pàn,đàm phán,exact normalized Vietnamese short meaning: đàm phán,hsk_3.json,needs-review
产生,生产,same-short-meaning-candidate,shēng chǎn,sản xuất,exact normalized Vietnamese short meaning: sản xuất,hsk_3.json,needs-review
产生,制造,same-short-meaning-candidate,zhì zào,sản xuất,exact normalized Vietnamese short meaning: sản xuất,hsk_3.json,needs-review
亲切,友好,same-short-meaning-candidate,yǒu hǎo,thân thiện,exact normalized Vietnamese short meaning: thân thiện,hsk_2.json,needs-review
人们,大家,same-short-meaning-candidate,dà jiā,mọi người,exact normalized Vietnamese short meaning: Mọi người,hsk_1.json,needs-review
人员,员工,same-short-meaning-candidate,yuán gōng,nhân viên,exact normalized Vietnamese short meaning: nhân viên,hsk_3.json,needs-review
人生,生活,same-short-meaning-candidate,shēng huó,cuộc sống,exact normalized Vietnamese short meaning: cuộc sống,hsk_1.json,needs-review
人生,日子,same-short-meaning-candidate,rì zi,cuộc sống,exact normalized Vietnamese short meaning: cuộc sống,hsk_2.json,needs-review
人生,生命,same-short-meaning-candidate,shēng mìng,cuộc sống,exact normalized Vietnamese short meaning: cuộc sống,hsk_3.json,needs-review
从事,参加,same-short-meaning-candidate,cān jiā,tham gia,exact normalized Vietnamese short meaning: tham gia,hsk_1.json,needs-review
从来,老是,same-short-meaning-candidate,lǎo shì,luôn luôn,exact normalized Vietnamese short meaning: luôn luôn,hsk_2.json,needs-review
从来,总是,same-short-meaning-candidate,zǒng shì,luôn luôn,exact normalized Vietnamese short meaning: luôn luôn,hsk_2.json,needs-review
从来,时刻,same-short-meaning-candidate,shí kè,luôn luôn,exact normalized Vietnamese short meaning: luôn luôn,hsk_3.json,needs-review
仔细,小心,same-short-meaning-candidate,xiǎo xīn,cẩn thận,exact normalized Vietnamese short meaning: cẩn thận,hsk_2.json,needs-review
仔细,好好,same-short-meaning-candidate,hǎo hào,cẩn thận,exact normalized Vietnamese short meaning: cẩn thận,hsk_3.json,needs-review
他们,她们,homophone,tā men,họ (nữ),exact normalized pinyin match in local HSK data,hsk_1.json,reviewed-local
他们,它们,homophone,tā men,chúng,exact normalized pinyin match in local HSK data,hsk_1.json,reviewed-local
以下,一下,homophone,yī xià,một lát,exact normalized pinyin match in local HSK data,hsk_1.json,reviewed-local
以为,认为,same-short-meaning-candidate,rèn wéi,nghĩ rằng,exact normalized Vietnamese short meaning: nghĩ rằng,hsk_2.json,needs-review
以后,后来,same-short-meaning-candidate,hòu lái,sau này,exact normalized Vietnamese short meaning: sau này,hsk_2.json,needs-review
以外,外边,same-short-meaning-candidate,wài biān,bên ngoài,exact normalized Vietnamese short meaning: bên ngoài,hsk_1.json,needs-review
以外,外面,same-short-meaning-candidate,wài miàn,bên ngoài,exact normalized Vietnamese short meaning: bên ngoài,hsk_2.json,needs-review
价值,价值观,same-short-meaning-candidate,jià zhí guān,giá trị,exact normalized Vietnamese short meaning: giá trị,hsk_3.json,needs-review
价格,价钱,same-short-meaning-candidate,jià qian,giá,exact normalized Vietnamese short meaning: giá,hsk_2.json,needs-review
价钱,价格,same-short-meaning-candidate,jià gé,giá,exact normalized Vietnamese short meaning: giá,hsk_3.json,needs-review
仿佛,好像,same-short-meaning-candidate,hǎo xiàng,dường như,exact normalized Vietnamese short meaning: dường như,hsk_1.json,needs-review
仿佛,看来,same-short-meaning-candidate,kàn lái,dường như,exact normalized Vietnamese short meaning: dường như,hsk_2.json,needs-review
休假,放假,same-short-meaning-candidate,fàng jià,nghỉ phép,exact normalized Vietnamese short meaning: nghỉ phép,hsk_1.json,needs-review
优点,长处,same-short-meaning-candidate,cháng chu,ưu điểm,exact normalized Vietnamese short meaning: ưu điểm,hsk_3.json,needs-review
会员,成员,same-short-meaning-candidate,chéng yuán,thành viên,exact normalized Vietnamese short meaning: thành viên,hsk_3.json,needs-review
传来,来到,same-short-meaning-candidate,lái dào,đến,exact normalized Vietnamese short meaning: đến,hsk_1.json,needs-review
传来,直到,same-short-meaning-candidate,zhí dào,đến,exact normalized Vietnamese short meaning: đến,hsk_3.json,needs-review
但是,可是,same-short-meaning-candidate,kě shì,nhưng,exact normalized Vietnamese short meaning: nhưng,hsk_1.json,needs-review
但是,不过,same-short-meaning-candidate,bù guò,nhưng,exact normalized Vietnamese short meaning: nhưng,hsk_1.json,needs-review
体会,明白,same-short-meaning-candidate,míng bai,hiểu,exact normalized Vietnamese short meaning: hiểu,hsk_1.json,needs-review
体会,懂得,same-short-meaning-candidate,dǒng dé,hiểu,exact normalized Vietnamese short meaning: hiểu,hsk_2.json,needs-review
体会,领悟,same-short-meaning-candidate,lǐng wù,hiểu,exact normalized Vietnamese short meaning: hiểu,hsk_3.json,needs-review
体会,理解,same-short-meaning-candidate,lǐ jiě,hiểu,exact normalized Vietnamese short meaning: hiểu,hsk_3.json,needs-review
体系,制度,same-short-meaning-candidate,zhì dù,hệ thống,exact normalized Vietnamese short meaning: hệ thống,hsk_2.json,needs-review
体验,经历,same-short-meaning-candidate,jīng lì,trải nghiệm,exact normalized Vietnamese short meaning: trải nghiệm,hsk_2.json,needs-review
作业,功课,same-short-meaning-candidate,gōng kè,bài tập,exact normalized Vietnamese short meaning: bài tập,hsk_1.json,needs-review
使用,利用,same-short-meaning-candidate,lì yòng,sử dụng,exact normalized Vietnamese short meaning: sử dụng,hsk_2.json,needs-review
使用,采用,same-short-meaning-candidate,cǎi yòng,sử dụng,exact normalized Vietnamese short meaning: sử dụng,hsk_3.json,needs-review
例如,比如,same-short-meaning-candidate,bǐ rú,ví dụ,exact normalized Vietnamese short meaning: ví dụ,hsk_1.json,needs-review
例如,例子,same-short-meaning-candidate,lì zi,ví dụ,exact normalized Vietnamese short meaning: ví dụ,hsk_2.json,needs-review
例如,比方说,same-short-meaning-candidate,bǐ fang shuō,Ví dụ,exact normalized Vietnamese short meaning: ví dụ,hsk_3.json,needs-review
例子,比如,same-short-meaning-candidate,bǐ rú,ví dụ,exact normalized Vietnamese short meaning: ví dụ,hsk_1.json,needs-review
例子,例如,same-short-meaning-candidate,lì rú,ví dụ,exact normalized Vietnamese short meaning: ví dụ,hsk_2.json,needs-review
例子,比方说,same-short-meaning-candidate,bǐ fang shuō,Ví dụ,exact normalized Vietnamese short meaning: ví dụ,hsk_3.json,needs-review
保安,保护,same-short-meaning-candidate,bǎo hù,bảo vệ,exact normalized Vietnamese short meaning: bảo vệ,hsk_3.json,needs-review
保护,保安,same-short-meaning-candidate,bǎo'ān,bảo vệ,exact normalized Vietnamese short meaning: bảo vệ,hsk_3.json,needs-review
信任,相信,same-short-meaning-candidate,xiāng xìn,tin tưởng,exact normalized Vietnamese short meaning: tin tưởng,hsk_2.json,needs-review
停止,站住,same-short-meaning-candidate,zhàn zhu,dừng lại,exact normalized Vietnamese short meaning: dừng lại,hsk_2.json,needs-review
储量,车辆,homophone,chē liàng,xe cộ,exact normalized pinyin match in local HSK data,hsk_2.json,reviewed-local
像样,相当,same-short-meaning-candidate,xiāng dāng,khá,exact normalized Vietnamese short meaning: khá,hsk_3.json,needs-review
充实,丰富,same-short-meaning-candidate,fēng fù,phong phú,exact normalized Vietnamese short meaning: phong phú,hsk_2.json,needs-review
入口,门口,same-short-meaning-candidate,mén kǒu,lối vào,exact normalized Vietnamese short meaning: lối vào,hsk_1.json,needs-review
全体,整整,same-short-meaning-candidate,zhěng zhěng,toàn bộ,exact normalized Vietnamese short meaning: toàn bộ,hsk_1.json,needs-review
全体,全部,same-short-meaning-candidate,quán bù,toàn bộ,exact normalized Vietnamese short meaning: toàn bộ,hsk_1.json,needs-review
全体,整个,same-short-meaning-candidate,zhěng gè,toàn bộ,exact normalized Vietnamese short meaning: toàn bộ,hsk_3.json,needs-review
全部,整整,same-short-meaning-candidate,zhěng zhěng,toàn bộ,exact normalized Vietnamese short meaning: toàn bộ,hsk_1.json,needs-review
全部,全体,same-short-meaning-candidate,quán tǐ,toàn bộ,exact normalized Vietnamese short meaning: toàn bộ,hsk_2.json,needs-review
全部,整个,same-short-meaning-candidate,zhěng gè,toàn bộ,exact normalized Vietnamese short meaning: toàn bộ,hsk_3.json,needs-review
全都,完全,same-short-meaning-candidate,wán quán,hoàn toàn,exact normalized Vietnamese short meaning: hoàn toàn,hsk_2.json,needs-review
全都,根本,same-short-meaning-candidate,gēn běn,hoàn toàn,exact normalized Vietnamese short meaning: hoàn toàn,hsk_3.json,needs-review
公共,共同,same-short-meaning-candidate,gòng tóng,chung,exact normalized Vietnamese short meaning: chung,hsk_2.json,needs-review
公布,宣布,same-short-meaning-candidate,xuān bù,công bố,exact normalized Vietnamese short meaning: công bố,hsk_3.json,needs-review
公平,公道,same-short-meaning-candidate,gōng dao,công bằng,exact normalized Vietnamese short meaning: công bằng,hsk_2.json,needs-review
公斤,千克,same-short-meaning-candidate,qiān kè,kilôgam,exact normalized Vietnamese short meaning: kilôgam,hsk_2.json,needs-review
公路,高速公路,same-short-meaning-candidate,gāo sù gōng lù,đường cao tốc,exact normalized Vietnamese short meaning: đường cao tốc,hsk_3.json,needs-review
公道,公平,same-short-meaning-candidate,gōng píng,công bằng,exact normalized Vietnamese short meaning: công bằng,hsk_2.json,needs-review
共同,公共,same-short-meaning-candidate,gōng gòng,chung,exact normalized Vietnamese short meaning: chung,hsk_3.json,needs-review
关注,注意,same-short-meaning-candidate,zhù yì,chú ý,exact normalized Vietnamese short meaning: chú ý,hsk_2.json,needs-review
关系,有关,same-short-meaning-candidate,yǒu guān,liên quan đến,exact normalized Vietnamese short meaning: liên quan đến,hsk_3.json,needs-review
兴趣,爱好,same-short-meaning-candidate,ài hào,sở thích,exact normalized Vietnamese short meaning: sở thích,hsk_1.json,needs-review
兴趣,趣味,same-short-meaning-candidate,qù wèi,sở thích,exact normalized Vietnamese short meaning: sở thích,hsk_3.json,needs-review
其他,别的,same-short-meaning-candidate,bié de,khác,exact normalized Vietnamese short meaning: khác,hsk_1.json,needs-review
决心,狠心,same-short-meaning-candidate,hěn xīn,quyết tâm,exact normalized Vietnamese short meaning: quyết tâm,hsk_2.json,needs-review
决心,坚决,same-short-meaning-candidate,jiān jué,quyết tâm,exact normalized Vietnamese short meaning: quyết tâm,hsk_3.json,needs-review
准时,真实,homophone,zhēn shí,thật,exact normalized pinyin match in local HSK data,hsk_3.json,reviewed-local
准时,正点,same-short-meaning-candidate,zhèng diǎn,Đúng giờ,exact normalized Vietnamese short meaning: đúng giờ,hsk_2.json,needs-review
准确,就是,same-short-meaning-candidate,jiù shì,chính xác,exact normalized Vietnamese short meaning: chính xác,hsk_1.json,needs-review
准确,恰恰,same-short-meaning-candidate,qià qià,chính xác,exact normalized Vietnamese short meaning: chính xác,hsk_3.json,needs-review
出去,出来,same-short-meaning-candidate,chū lai,ra ngoài,exact normalized Vietnamese short meaning: ra ngoài,hsk_1.json,needs-review
出来,出去,same-short-meaning-candidate,chū qu,ra ngoài,exact normalized Vietnamese short meaning: ra ngoài,hsk_1.json,needs-review
出生,诞生,same-short-meaning-candidate,dàn shēng,sinh ra,exact normalized Vietnamese short meaning: sinh ra,hsk_3.json,needs-review
分之,分数,same-short-meaning-candidate,fēn shù,phân số,exact normalized Vietnamese short meaning: phân số,hsk_2.json,needs-review
分别,差别,same-short-meaning-candidate,chā bié,sự khác biệt,exact normalized Vietnamese short meaning: sự khác biệt,hsk_2.json,needs-review
分别,差异,same-short-meaning-candidate,chā yì,sự khác biệt,exact normalized Vietnamese short meaning: sự khác biệt,hsk_3.json,needs-review
分数,分之,same-short-meaning-candidate,fēn zhī,phân số,exact normalized Vietnamese short meaning: phân số,hsk_2.json,needs-review
初中,中学,same-short-meaning-candidate,zhōng xué,trường trung học cơ sở,exact normalized Vietnamese short meaning: trường trung học cơ sở,hsk_1.json,needs-review
初步,原来,same-short-meaning-candidate,yuán lái,ban đầu,exact normalized Vietnamese short meaning: ban đầu,hsk_2.json,needs-review
初步,当初,same-short-meaning-candidate,dāng chū,ban đầu,exact normalized Vietnamese short meaning: ban đầu,hsk_3.json,needs-review
利用,使用,same-short-meaning-candidate,shǐ yòng,sử dụng,exact normalized Vietnamese short meaning: sử dụng,hsk_2.json,needs-review
利用,采用,same-short-meaning-candidate,cǎi yòng,sử dụng,exact normalized Vietnamese short meaning: sử dụng,hsk_3.json,needs-review
别的,其他,same-short-meaning-candidate,qí tā,khác,exact normalized Vietnamese short meaning: khác,hsk_2.json,needs-review
到处,各地,same-short-meaning-candidate,gè dì,khắp nơi,exact normalized Vietnamese short meaning: khắp nơi,hsk_3.json,needs-review
到底,最后,same-short-meaning-candidate,zuì hòu,cuối cùng,exact normalized Vietnamese short meaning: cuối cùng,hsk_1.json,needs-review
到底,终于,same-short-meaning-candidate,zhōng yú,cuối cùng,exact normalized Vietnamese short meaning: cuối cùng,hsk_1.json,needs-review
制定,制订,homophone,zhì dìng,lập,exact normalized pinyin match in local HSK data,hsk_2.json,reviewed-local
制定,建成,same-short-meaning-candidate,jiàn chéng,thiết lập,exact normalized Vietnamese short meaning: thiết lập,hsk_3.json,needs-review
制定,设立,same-short-meaning-candidate,shè lì,thiết lập,exact normalized Vietnamese short meaning: thiết lập,hsk_3.json,needs-review
制度,体系,same-short-meaning-candidate,tǐ xì,hệ thống,exact normalized Vietnamese short meaning: hệ thống,hsk_3.json,needs-review
制订,制定,homophone,zhì dìng,thiết lập,exact normalized pinyin match in local HSK data,hsk_3.json,reviewed-local
制造,产生,same-short-meaning-candidate,chǎn shēng,sản xuất,exact normalized Vietnamese short meaning: sản xuất,hsk_2.json,needs-review
制造,生产,same-short-meaning-candidate,shēng chǎn,sản xuất,exact normalized Vietnamese short meaning: sản xuất,hsk_3.json,needs-review
前边,前面,same-short-meaning-candidate,qián miàn,phía trước,exact normalized Vietnamese short meaning: phía trước,hsk_1.json,needs-review
前面,前边,same-short-meaning-candidate,qián bian,phía trước,exact normalized Vietnamese short meaning: phía trước,hsk_1.json,needs-review
办法,方式,same-short-meaning-candidate,fāng shì,cách,exact normalized Vietnamese short meaning: cách,hsk_2.json,needs-review
功夫,工夫,homophone,gōng fu,thời gian rảnh rỗi,exact normalized pinyin match in local HSK data,hsk_3.json,reviewed-local
功课,作业,same-short-meaning-candidate,zuò yè,bài tập,exact normalized Vietnamese short meaning: bài tập,hsk_1.json,needs-review
动人,感动,same-short-meaning-candidate,gǎn dòng,cảm động,exact normalized Vietnamese short meaning: cảm động,hsk_2.json,needs-review
勤劳,认真,same-short-meaning-candidate,rèn zhēn,chăm chỉ,exact normalized Vietnamese short meaning: chăm chỉ,hsk_1.json,needs-review
勤劳,用功,same-short-meaning-candidate,yòng gōng,chăm chỉ,exact normalized Vietnamese short meaning: chăm chỉ,hsk_1.json,needs-review
北方,北边,same-short-meaning-candidate,běi biān,phía bắc,exact normalized Vietnamese short meaning: phía bắc,hsk_1.json,needs-review
北边,北方,same-short-meaning-candidate,běi fāng,phía bắc,exact normalized Vietnamese short meaning: phía bắc,hsk_1.json,needs-review
医生,一生,homophone,yī shēng,cả đời,exact normalized pinyin match in local HSK data,hsk_2.json,reviewed-local
医生,野生,homophone,yě shēng,hoang dã,exact normalized pinyin match in local HSK data,hsk_3.json,reviewed-local
医生,大夫,same-short-meaning-candidate,dài fu,bác sĩ,exact normalized Vietnamese short meaning: bác sĩ,hsk_3.json,needs-review
十分,极其,same-short-meaning-candidate,jí qí,rất,exact normalized Vietnamese short meaning: rất,hsk_3.json,needs-review
千万,一定,same-short-meaning-candidate,yī dìng,nhất định,exact normalized Vietnamese short meaning: nhất định,hsk_1.json,needs-review
千克,公斤,same-short-meaning-candidate,gōng jīn,kilôgam,exact normalized Vietnamese short meaning: kilôgam,hsk_2.json,needs-review
午餐,午饭,same-short-meaning-candidate,wǔ fàn,bữa trưa,exact normalized Vietnamese short meaning: bữa trưa,hsk_1.json,needs-review
午饭,午餐,same-short-meaning-candidate,wǔ cān,bữa trưa,exact normalized Vietnamese short meaning: bữa trưa,hsk_2.json,needs-review
危害,妨害,same-short-meaning-candidate,fáng hài,gây hại,exact normalized Vietnamese short meaning: gây hại,hsk_3.json,needs-review
原来,当初,same-short-meaning-candidate,dāng chū,ban đầu,exact normalized Vietnamese short meaning: ban đầu,hsk_3.json,needs-review
原来,初步,same-short-meaning-candidate,chū bù,ban đầu,exact normalized Vietnamese short meaning: ban đầu,hsk_3.json,needs-review
参加,从事,same-short-meaning-candidate,cóng shì,tham gia,exact normalized Vietnamese short meaning: tham gia,hsk_3.json,needs-review
及格,合格,same-short-meaning-candidate,hé gé,đạt yêu cầu,exact normalized Vietnamese short meaning: đạt yêu cầu,hsk_3.json,needs-review
友好,亲切,same-short-meaning-candidate,qīn qiè,thân thiện,exact normalized Vietnamese short meaning: thân thiện,hsk_3.json,needs-review
发展,发达,same-short-meaning-candidate,fā dá,phát triển,exact normalized Vietnamese short meaning: phát triển,hsk_2.json,needs-review
发展,开展,same-short-meaning-candidate,kāi zhǎn,phát triển,exact normalized Vietnamese short meaning: phát triển,hsk_3.json,needs-review
发展,开发,same-short-meaning-candidate,kāi fā,phát triển,exact normalized Vietnamese short meaning: phát triển,hsk_3.json,needs-review
发展,生长,same-short-meaning-candidate,shēng zhǎng,phát triển,exact normalized Vietnamese short meaning: phát triển,hsk_3.json,needs-review
发达,发展,same-short-meaning-candidate,fā zhǎn,phát triển,exact normalized Vietnamese short meaning: phát triển,hsk_2.json,needs-review
发达,开展,same-short-meaning-candidate,kāi zhǎn,phát triển,exact normalized Vietnamese short meaning: phát triển,hsk_3.json,needs-review
发达,开发,same-short-meaning-candidate,kāi fā,phát triển,exact normalized Vietnamese short meaning: phát triển,hsk_3.json,needs-review
发达,生长,same-short-meaning-candidate,shēng zhǎng,phát triển,exact normalized Vietnamese short meaning: phát triển,hsk_3.json,needs-review
发送,送给,same-short-meaning-candidate,sòng gěi,gửi,exact normalized Vietnamese short meaning: gửi,hsk_2.json,needs-review
发音,读音,same-short-meaning-candidate,dú yīn,phát âm,exact normalized Vietnamese short meaning: Phát âm,hsk_2.json,needs-review
叔叔,失手,homophone,shī shǒu,lỡ tay,exact normalized pinyin match in local HSK data,hsk_3.json,reviewed-local
取得,实现,same-short-meaning-candidate,shí xiàn,đạt được,exact normalized Vietnamese short meaning: đạt được,hsk_2.json,needs-review
取得,得出,same-short-meaning-candidate,dé chū,đạt được,exact normalized Vietnamese short meaning: đạt được,hsk_2.json,needs-review
取得,达到,same-short-meaning-candidate,dá dào,đạt được,exact normalized Vietnamese short meaning: đạt được,hsk_3.json,needs-review
受到,收到,same-short-meaning-candidate,shōu dào,nhận được,exact normalized Vietnamese short meaning: nhận được,hsk_2.json,needs-review
受到,接到,same-short-meaning-candidate,jiē dào,nhận được,exact normalized Vietnamese short meaning: nhận được,hsk_2.json,needs-review
变化,改变,same-short-meaning-candidate,gǎi biàn,thay đổi,exact normalized Vietnamese short meaning: thay đổi,hsk_2.json,needs-review
变化,转变,same-short-meaning-candidate,zhuǎn biàn,thay đổi,exact normalized Vietnamese short meaning: thay đổi,hsk_3.json,needs-review
变成,成为,same-short-meaning-candidate,chéng wéi,trở thành,exact normalized Vietnamese short meaning: trở thành,hsk_2.json,needs-review
另外,而且,same-short-meaning-candidate,ér qiě,ngoài ra,exact normalized Vietnamese short meaning: ngoài ra,hsk_2.json,needs-review
另外,除了,same-short-meaning-candidate,chú le,ngoài ra,exact normalized Vietnamese short meaning: ngoài ra,hsk_2.json,needs-review
只有,唯一,same-short-meaning-candidate,wéi yī,chỉ có,exact normalized Vietnamese short meaning: chỉ có,hsk_2.json,needs-review
只要,主要,homophone,zhǔ yào,chính,exact normalized pinyin match in local HSK data,hsk_2.json,reviewed-local
可以,可能,same-short-meaning-candidate,kě néng,có thể,exact normalized Vietnamese short meaning: có thể,hsk_1.json,needs-review
可以,能够,same-short-meaning-candidate,néng gòu,có thể,exact normalized Vietnamese short meaning: có thể,hsk_2.json,needs-review
可是,不过,same-short-meaning-candidate,bù guò,nhưng,exact normalized Vietnamese short meaning: nhưng,hsk_1.json,needs-review
可是,但是,same-short-meaning-candidate,dàn shì,nhưng,exact normalized Vietnamese short meaning: nhưng,hsk_2.json,needs-review
可能,可以,same-short-meaning-candidate,kě yǐ,có thể,exact normalized Vietnamese short meaning: có thể,hsk_1.json,needs-review
可能,能够,same-short-meaning-candidate,néng gòu,có thể,exact normalized Vietnamese short meaning: có thể,hsk_2.json,needs-review
可见,清楚,same-short-meaning-candidate,qīng chu,rõ ràng,exact normalized Vietnamese short meaning: rõ ràng,hsk_2.json,needs-review
可见,显然,same-short-meaning-candidate,xiǎn rán,rõ ràng,exact normalized Vietnamese short meaning: rõ ràng,hsk_3.json,needs-review
可见,显而易见,same-short-meaning-candidate,xiǎn ér yì jiàn,rõ ràng,exact normalized Vietnamese short meaning: rõ ràng,hsk_3.json,needs-review
可见,明显,same-short-meaning-candidate,míng xiǎn,rõ ràng,exact normalized Vietnamese short meaning: rõ ràng,hsk_3.json,needs-review
各地,到处,same-short-meaning-candidate,dào chù,khắp nơi,exact normalized Vietnamese short meaning: khắp nơi,hsk_2.json,needs-review
合格,及格,same-short-meaning-candidate,jí gé,đạt yêu cầu,exact normalized Vietnamese short meaning: đạt yêu cầu,hsk_2.json,needs-review
合适,符合,same-short-meaning-candidate,fú hé,phù hợp,exact normalized Vietnamese short meaning: phù hợp,hsk_3.json,needs-review
合适,适合,same-short-meaning-candidate,shì hé,phù hợp,exact normalized Vietnamese short meaning: phù hợp,hsk_3.json,needs-review
合适,适用,same-short-meaning-candidate,shì yòng,phù hợp,exact normalized Vietnamese short meaning: phù hợp,hsk_3.json,needs-review
吉祥,幸运,same-short-meaning-candidate,xìng yùn,may mắn,exact normalized Vietnamese short meaning: may mắn,hsk_3.json,needs-review
同样,相似,same-short-meaning-candidate,xiāng sì,tương tự,exact normalized Vietnamese short meaning: tương tự,hsk_3.json,needs-review
同样,类似,same-short-meaning-candidate,lèi sì,tương tự,exact normalized Vietnamese short meaning: tương tự,hsk_3.json,needs-review
名字,名称,same-short-meaning-candidate,míng chēng,tên,exact normalized Vietnamese short meaning: tên,hsk_2.json,needs-review
名称,名字,same-short-meaning-candidate,míng zi,tên,exact normalized Vietnamese short meaning: tên,hsk_1.json,needs-review
后来,以后,same-short-meaning-candidate,yǐ hòu,sau này,exact normalized Vietnamese short meaning: sau này,hsk_1.json,needs-review
听众,观众,same-short-meaning-candidate,guān zhòng,khán giả,exact normalized Vietnamese short meaning: khán giả,hsk_3.json,needs-review
启事,通知,same-short-meaning-candidate,tōng zhī,thông báo,exact normalized Vietnamese short meaning: thông báo,hsk_2.json,needs-review
告诉,报纸,same-short-meaning-candidate,bào zhǐ,báo,exact normalized Vietnamese short meaning: báo,hsk_2.json,needs-review
员工,人员,same-short-meaning-candidate,rén yuán,nhân viên,exact normalized Vietnamese short meaning: nhân viên,hsk_3.json,needs-review
周年,纪念,same-short-meaning-candidate,jì niàn,kỷ niệm,exact normalized Vietnamese short meaning: kỷ niệm,hsk_3.json,needs-review
哪儿,哪{儿},homophone,nǎr ,Ở đâu?,exact normalized pinyin match in local HSK data,hsk_1.json,reviewed-local
哪儿,哪{儿},same-short-meaning-candidate,nǎr ,Ở đâu?,exact normalized Vietnamese short meaning: ở đâu,hsk_1.json,needs-review
哪儿,哪里,same-short-meaning-candidate,nǎ lǐ,ở đâu,exact normalized Vietnamese short meaning: ở đâu,hsk_1.json,needs-review
哪里,哪儿,same-short-meaning-candidate,nǎr,ở đâu,exact normalized Vietnamese short meaning: ở đâu,hsk_1.json,needs-review
哪里,哪{儿},same-short-meaning-candidate,nǎr ,Ở đâu?,exact normalized Vietnamese short meaning: ở đâu,hsk_1.json,needs-review
唯一,只有,same-short-meaning-candidate,zhǐ yǒu,chỉ có,exact normalized Vietnamese short meaning: chỉ có,hsk_3.json,needs-review
唱歌,演唱,same-short-meaning-candidate,yǎn chàng,hát,exact normalized Vietnamese short meaning: hát,hsk_3.json,needs-review
商场,购物中心,same-short-meaning-candidate,gòu wù zhōng xīn,trung tâm mua sắm,exact normalized Vietnamese short meaning: trung tâm mua sắm,hsk_1.json,needs-review
嗜好,习惯,same-short-meaning-candidate,xí guàn,thói quen,exact normalized Vietnamese short meaning: thói quen,hsk_1.json,needs-review
回忆,想起,same-short-meaning-candidate,xiǎng qǐ,nhớ lại,exact normalized Vietnamese short meaning: nhớ lại,hsk_2.json,needs-review
回忆,惦记,same-short-meaning-candidate,diàn jì,nhớ lại,exact normalized Vietnamese short meaning: nhớ lại,hsk_3.json,needs-review
回来,转身,same-short-meaning-candidate,zhuǎn shēn,quay lại,exact normalized Vietnamese short meaning: quay lại,hsk_2.json,needs-review
回答,答应,same-short-meaning-candidate,dā ying,trả lời,exact normalized Vietnamese short meaning: trả lời,hsk_2.json,needs-review
因为,由于,same-short-meaning-candidate,yóu yú,bởi vì,exact normalized Vietnamese short meaning: bởi vì,hsk_3.json,needs-review
团体,小组,same-short-meaning-candidate,xiǎo zǔ,nhóm,exact normalized Vietnamese short meaning: nhóm,hsk_2.json,needs-review
团体,圈子,same-short-meaning-candidate,quān zi,nhóm,exact normalized Vietnamese short meaning: nhóm,hsk_3.json,needs-review
困惑,莫名其妙,same-short-meaning-candidate,mò míng qí miào,bối rối,exact normalized Vietnamese short meaning: bối rối,hsk_3.json,needs-review
国外,外国,same-short-meaning-candidate,wài guó,nước ngoài,exact normalized Vietnamese short meaning: nước ngoài,hsk_1.json,needs-review
图片,形象,same-short-meaning-candidate,xíng xiàng,hình ảnh,exact normalized Vietnamese short meaning: hình ảnh,hsk_3.json,needs-review
图画,画儿,same-short-meaning-candidate,huàr ,bức tranh,exact normalized Vietnamese short meaning: bức tranh,hsk_2.json,needs-review
圈子,小组,same-short-meaning-candidate,xiǎo zǔ,nhóm,exact normalized Vietnamese short meaning: nhóm,hsk_2.json,needs-review
圈子,团体,same-short-meaning-candidate,tuán tǐ,nhóm,exact normalized Vietnamese short meaning: nhóm,hsk_3.json,needs-review
在家,家里,same-short-meaning-candidate,jiā li,ở nhà,exact normalized Vietnamese short meaning: ở nhà,hsk_1.json,needs-review
地方,场所,same-short-meaning-candidate,chǎng suǒ,nơi,exact normalized Vietnamese short meaning: nơi,hsk_3.json,needs-review
场所,地方,same-short-meaning-candidate,dì fang,nơi,exact normalized Vietnamese short meaning: nơi,hsk_1.json,needs-review
坚决,决心,same-short-meaning-candidate,jué xīn,quyết tâm,exact normalized Vietnamese short meaning: quyết tâm,hsk_2.json,needs-review
坚决,狠心,same-short-meaning-candidate,hěn xīn,quyết tâm,exact normalized Vietnamese short meaning: quyết tâm,hsk_2.json,needs-review
坚强,强烈,same-short-meaning-candidate,qiáng liè,mạnh mẽ,exact normalized Vietnamese short meaning: mạnh mẽ,hsk_3.json,needs-review
坚强,强大,same-short-meaning-candidate,qiáng dà,mạnh mẽ,exact normalized Vietnamese short meaning: mạnh mẽ,hsk_3.json,needs-review
堵车,打车,homophone,dǎ chē,đón xe,exact normalized pinyin match in local HSK data,hsk_1.json,reviewed-local
境界,状态,same-short-meaning-candidate,zhuàng tài,trạng thái,exact normalized Vietnamese short meaning: trạng thái,hsk_3.json,needs-review
增加,提高,same-short-meaning-candidate,tí gāo,tăng,exact normalized Vietnamese short meaning: tăng,hsk_2.json,needs-review
处理,安排,same-short-meaning-candidate,ān pái,sắp xếp,exact normalized Vietnamese short meaning: sắp xếp,hsk_1.json,needs-review
处理,整理,same-short-meaning-candidate,zhěng lǐ,sắp xếp,exact normalized Vietnamese short meaning: sắp xếp,hsk_3.json,needs-review
外国,国外,same-short-meaning-candidate,guó wài,nước ngoài,exact normalized Vietnamese short meaning: nước ngoài,hsk_1.json,needs-review
外文,外语,same-short-meaning-candidate,wài yǔ,ngoại ngữ,exact normalized Vietnamese short meaning: ngoại ngữ,hsk_1.json,needs-review
外衣,外语,homophone,wài yǔ,ngoại ngữ,exact normalized pinyin match in local HSK data,hsk_1.json,reviewed-local
外语,外衣,homophone,wài yī,áo khoác,exact normalized pinyin match in local HSK data,hsk_2.json,reviewed-local
外语,外文,same-short-meaning-candidate,wài wén,ngoại ngữ,exact normalized Vietnamese short meaning: ngoại ngữ,hsk_3.json,needs-review
外边,外面,same-short-meaning-candidate,wài miàn,bên ngoài,exact normalized Vietnamese short meaning: bên ngoài,hsk_2.json,needs-review
外边,以外,same-short-meaning-candidate,yǐ wài,bên ngoài,exact normalized Vietnamese short meaning: bên ngoài,hsk_2.json,needs-review
外面,外边,same-short-meaning-candidate,wài biān,bên ngoài,exact normalized Vietnamese short meaning: bên ngoài,hsk_1.json,needs-review
外面,以外,same-short-meaning-candidate,yǐ wài,bên ngoài,exact normalized Vietnamese short meaning: bên ngoài,hsk_2.json,needs-review
大夫,医生,same-short-meaning-candidate,yī shēng,bác sĩ,exact normalized Vietnamese short meaning: bác sĩ,hsk_1.json,needs-review
大家,人们,same-short-meaning-candidate,rén men,Mọi người,exact normalized Vietnamese short meaning: mọi người,hsk_2.json,needs-review
大巴,公共汽车,same-short-meaning-candidate,gōng gòng qì chē,xe buýt,exact normalized Vietnamese short meaning: xe buýt,hsk_1.json,needs-review
大巴,公交车,same-short-meaning-candidate,gōng jiāo chē,xe buýt,exact normalized Vietnamese short meaning: xe buýt,hsk_2.json,needs-review
大概,左右,same-short-meaning-candidate,zuǒ yòu,khoảng,exact normalized Vietnamese short meaning: khoảng,hsk_2.json,needs-review
大概,大约,same-short-meaning-candidate,dà yuē,khoảng,exact normalized Vietnamese short meaning: khoảng,hsk_3.json,needs-review
大约,大概,same-short-meaning-candidate,dà gài,khoảng,exact normalized Vietnamese short meaning: khoảng,hsk_1.json,needs-review
大约,左右,same-short-meaning-candidate,zuǒ yòu,khoảng,exact normalized Vietnamese short meaning: khoảng,hsk_2.json,needs-review
夫妻,爱人,same-short-meaning-candidate,ài rén,vợ chồng,exact normalized Vietnamese short meaning: vợ chồng,hsk_2.json,needs-review
失手,叔叔,homophone,shū shu,chú,exact normalized pinyin match in local HSK data,hsk_3.json,reviewed-local
头儿,老板,same-short-meaning-candidate,lǎo bǎn,ông chủ,exact normalized Vietnamese short meaning: Ông chủ,hsk_3.json,needs-review
女人,女子,same-short-meaning-candidate,nǚ zǐ,phụ nữ,exact normalized Vietnamese short meaning: phụ nữ,hsk_3.json,needs-review
女儿,女孩{儿},same-short-meaning-candidate,nǚ háir ,con gái,exact normalized Vietnamese short meaning: con gái,hsk_1.json,needs-review
女子,女人,same-short-meaning-candidate,nǚ rén,phụ nữ,exact normalized Vietnamese short meaning: phụ nữ,hsk_1.json,needs-review
她们,他们,homophone,tā men,họ,exact normalized pinyin match in local HSK data,hsk_1.json,reviewed-local
她们,它们,homophone,tā men,chúng,exact normalized pinyin match in local HSK data,hsk_1.json,reviewed-local
好像,看来,same-short-meaning-candidate,kàn lái,dường như,exact normalized Vietnamese short meaning: dường như,hsk_2.json,needs-review
好像,仿佛,same-short-meaning-candidate,fǎng fú,dường như,exact normalized Vietnamese short meaning: dường như,hsk_3.json,needs-review
好好,小心,same-short-meaning-candidate,xiǎo xīn,cẩn thận,exact normalized Vietnamese short meaning: cẩn thận,hsk_2.json,needs-review
好好,仔细,same-short-meaning-candidate,zǐ xì,cẩn thận,exact normalized Vietnamese short meaning: cẩn thận,hsk_2.json,needs-review
好看,漂亮,same-short-meaning-candidate,piào liang,đẹp,exact normalized Vietnamese short meaning: đẹp,hsk_1.json,needs-review
好看,美丽,same-short-meaning-candidate,měi lì,đẹp,exact normalized Vietnamese short meaning: đẹp,hsk_2.json,needs-review
如何,怎样,same-short-meaning-candidate,zěn yàng,như thế nào?,exact normalized Vietnamese short meaning: Như thế nào?,hsk_2.json,needs-review
如果,的话,same-short-meaning-candidate,de huà,nếu,exact normalized Vietnamese short meaning: nếu,hsk_1.json,needs-review
如果,要是,same-short-meaning-candidate,yào shi,nếu,exact normalized Vietnamese short meaning: nếu,hsk_2.json,needs-review
妈妈,母亲,same-short-meaning-candidate,mǔ qīn,mẹ,exact normalized Vietnamese short meaning: mẹ,hsk_2.json,needs-review
妨害,危害,same-short-meaning-candidate,wēi hài,gây hại,exact normalized Vietnamese short meaning: gây hại,hsk_3.json,needs-review
妻子,老婆,same-short-meaning-candidate,lǎo po,vợ,exact normalized Vietnamese short meaning: vợ,hsk_2.json,needs-review
字典,词典,same-short-meaning-candidate,cí diǎn,từ điển,exact normalized Vietnamese short meaning: từ điển,hsk_1.json,needs-review
孩子,小孩,same-short-meaning-candidate,xiǎo hái,trẻ em,exact normalized Vietnamese short meaning: trẻ em,hsk_1.json,needs-review
它们,他们,homophone,tā men,họ,exact normalized pinyin match in local HSK data,hsk_1.json,reviewed-local
它们,她们,homophone,tā men,họ (nữ),exact normalized pinyin match in local HSK data,hsk_1.json,reviewed-local
安排,处理,same-short-meaning-candidate,chǔ lǐ,sắp xếp,exact normalized Vietnamese short meaning: sắp xếp,hsk_3.json,needs-review
安排,整理,same-short-meaning-candidate,zhěng lǐ,sắp xếp,exact normalized Vietnamese short meaning: sắp xếp,hsk_3.json,needs-review
完全,全都,same-short-meaning-candidate,quán dōu,hoàn toàn,exact normalized Vietnamese short meaning: hoàn toàn,hsk_2.json,needs-review
完全,根本,same-short-meaning-candidate,gēn běn,hoàn toàn,exact normalized Vietnamese short meaning: hoàn toàn,hsk_3.json,needs-review
实在,确实,same-short-meaning-candidate,què shí,thực sự,exact normalized Vietnamese short meaning: thực sự,hsk_1.json,needs-review
实在,真正,same-short-meaning-candidate,zhēn zhèng,thực sự,exact normalized Vietnamese short meaning: thực sự,hsk_2.json,needs-review
实惠,有用,same-short-meaning-candidate,yǒu yòng,hữu ích,exact normalized Vietnamese short meaning: hữu ích,hsk_1.json,needs-review
实现,取得,same-short-meaning-candidate,qǔ dé,đạt được,exact normalized Vietnamese short meaning: đạt được,hsk_2.json,needs-review
实现,得出,same-short-meaning-candidate,dé chū,đạt được,exact normalized Vietnamese short meaning: đạt được,hsk_2.json,needs-review
实现,达到,same-short-meaning-candidate,dá dào,đạt được,exact normalized Vietnamese short meaning: đạt được,hsk_3.json,needs-review
实行,采取,same-short-meaning-candidate,cǎi qǔ,thực hiện,exact normalized Vietnamese short meaning: thực hiện,hsk_3.json,needs-review
实话,事实,same-short-meaning-candidate,shì shí,sự thật,exact normalized Vietnamese short meaning: sự thật,hsk_3.json,needs-review
实际,现实,same-short-meaning-candidate,xiàn shí,thực tế,exact normalized Vietnamese short meaning: thực tế,hsk_3.json,needs-review
实际,实际上,same-short-meaning-candidate,shí jì shàng,thực tế,exact normalized Vietnamese short meaning: thực tế,hsk_3.json,needs-review
客人,顾客,same-short-meaning-candidate,gù kè,khách hàng,exact normalized Vietnamese short meaning: khách hàng,hsk_2.json,needs-review
宣布,公布,same-short-meaning-candidate,gōng bù,công bố,exact normalized Vietnamese short meaning: công bố,hsk_3.json,needs-review
家乡,老家,same-short-meaning-candidate,lǎo jiā,quê hương,exact normalized Vietnamese short meaning: quê hương,hsk_2.json,needs-review
家乡,故乡,same-short-meaning-candidate,gù xiāng,quê hương,exact normalized Vietnamese short meaning: quê hương,hsk_3.json,needs-review
家人,家属,same-short-meaning-candidate,jiā shǔ,thành viên gia đình,exact normalized Vietnamese short meaning: thành viên gia đình,hsk_3.json,needs-review
家属,家人,same-short-meaning-candidate,jiā rén,thành viên gia đình,exact normalized Vietnamese short meaning: thành viên gia đình,hsk_1.json,needs-review
家庭,家族,same-short-meaning-candidate,jiā zú,gia đình,exact normalized Vietnamese short meaning: gia đình,hsk_3.json,needs-review
家族,家庭,same-short-meaning-candidate,jiā tíng,gia đình,exact normalized Vietnamese short meaning: gia đình,hsk_2.json,needs-review
家里,在家,same-short-meaning-candidate,zài jiā,ở nhà,exact normalized Vietnamese short meaning: ở nhà,hsk_1.json,needs-review
宾馆,酒店,same-short-meaning-candidate,jiǔ diàn,khách sạn,exact normalized Vietnamese short meaning: khách sạn,hsk_2.json,needs-review
宾馆,旅馆,same-short-meaning-candidate,lǚ guǎn,khách sạn,exact normalized Vietnamese short meaning: khách sạn,hsk_3.json,needs-review
将来,未来,same-short-meaning-candidate,wèi lái,tương lai,exact normalized Vietnamese short meaning: tương lai,hsk_2.json,needs-review
小孩,孩子,same-short-meaning-candidate,hái zi,trẻ em,exact normalized Vietnamese short meaning: trẻ em,hsk_1.json,needs-review
小心,仔细,same-short-meaning-candidate,zǐ xì,cẩn thận,exact normalized Vietnamese short meaning: cẩn thận,hsk_2.json,needs-review
小心,好好,same-short-meaning-candidate,hǎo hào,cẩn thận,exact normalized Vietnamese short meaning: cẩn thận,hsk_3.json,needs-review
小时,点钟,same-short-meaning-candidate,diǎn zhōng,Giờ,exact normalized Vietnamese short meaning: giờ,hsk_1.json,needs-review
小时,钟头,same-short-meaning-candidate,zhōng tóu,giờ,exact normalized Vietnamese short meaning: giờ,hsk_1.json,needs-review
小组,圈子,same-short-meaning-candidate,quān zi,nhóm,exact normalized Vietnamese short meaning: nhóm,hsk_3.json,needs-review
小组,团体,same-short-meaning-candidate,tuán tǐ,nhóm,exact normalized Vietnamese short meaning: nhóm,hsk_3.json,needs-review
就是,准确,same-short-meaning-candidate,zhǔn què,chính xác,exact normalized Vietnamese short meaning: chính xác,hsk_2.json,needs-review
就是,恰恰,same-short-meaning-candidate,qià qià,chính xác,exact normalized Vietnamese short meaning: chính xác,hsk_3.json,needs-review
就要,快要,same-short-meaning-candidate,kuài yào,sắp,exact normalized Vietnamese short meaning: sắp,hsk_1.json,needs-review
居然,意外,same-short-meaning-candidate,yì wài,bất ngờ,exact normalized Vietnamese short meaning: bất ngờ,hsk_3.json,needs-review
屋子,房子,same-short-meaning-candidate,fáng zi,nhà,exact normalized Vietnamese short meaning: nhà,hsk_1.json,needs-review
展现,展示,same-short-meaning-candidate,zhǎn shì,trưng bày,exact normalized Vietnamese short meaning: trưng bày,hsk_3.json,needs-review
展示,展现,same-short-meaning-candidate,zhǎn xiàn,trưng bày,exact normalized Vietnamese short meaning: trưng bày,hsk_3.json,needs-review
工夫,功夫,homophone,gōng fu,kung fu,exact normalized pinyin match in local HSK data,hsk_3.json,reviewed-local
左右,大概,same-short-meaning-candidate,dà gài,khoảng,exact normalized Vietnamese short meaning: khoảng,hsk_1.json,needs-review
左右,大约,same-short-meaning-candidate,dà yuē,khoảng,exact normalized Vietnamese short meaning: khoảng,hsk_3.json,needs-review
巨大,庞大,same-short-meaning-candidate,páng dà,khổng lồ,exact normalized Vietnamese short meaning: khổng lồ,hsk_3.json,needs-review
差别,分别,same-short-meaning-candidate,fēn bié,sự khác biệt,exact normalized Vietnamese short meaning: sự khác biệt,hsk_2.json,needs-review
差别,差异,same-short-meaning-candidate,chā yì,sự khác biệt,exact normalized Vietnamese short meaning: sự khác biệt,hsk_3.json,needs-review
差异,差别,same-short-meaning-candidate,chā bié,sự khác biệt,exact normalized Vietnamese short meaning: sự khác biệt,hsk_2.json,needs-review
差异,分别,same-short-meaning-candidate,fēn bié,sự khác biệt,exact normalized Vietnamese short meaning: sự khác biệt,hsk_2.json,needs-review
师傅,舒服,homophone,shū fu,thoải mái,exact normalized pinyin match in local HSK data,hsk_1.json,reviewed-local
带动,主导,same-short-meaning-candidate,zhǔ dǎo,dẫn dắt,exact normalized Vietnamese short meaning: dẫn dắt,hsk_3.json,needs-review
带动,带领,same-short-meaning-candidate,dài lǐng,dẫn dắt,exact normalized Vietnamese short meaning: dẫn dắt,hsk_3.json,needs-review
带领,带动,same-short-meaning-candidate,dài dòng,dẫn dắt,exact normalized Vietnamese short meaning: dẫn dắt,hsk_2.json,needs-review
带领,主导,same-short-meaning-candidate,zhǔ dǎo,dẫn dắt,exact normalized Vietnamese short meaning: dẫn dắt,hsk_3.json,needs-review
帮助,帮忙,same-short-meaning-candidate,bāng máng,giúp đỡ,exact normalized Vietnamese short meaning: giúp đỡ,hsk_1.json,needs-review
帮忙,帮助,same-short-meaning-candidate,bāng zhù,giúp đỡ,exact normalized Vietnamese short meaning: giúp đỡ,hsk_1.json,needs-review
常常,经常,same-short-meaning-candidate,jīng cháng,thường xuyên,exact normalized Vietnamese short meaning: thường xuyên,hsk_2.json,needs-review
常常,往往,same-short-meaning-candidate,wǎng wǎng,thường xuyên,exact normalized Vietnamese short meaning: thường xuyên,hsk_3.json,needs-review
常常,频繁,same-short-meaning-candidate,pín fán,thường xuyên,exact normalized Vietnamese short meaning: thường xuyên,hsk_3.json,needs-review
常见,流行,same-short-meaning-candidate,liú xíng,phổ biến,exact normalized Vietnamese short meaning: phổ biến,hsk_1.json,needs-review
常见,普及,same-short-meaning-candidate,pǔ jí,phổ biến,exact normalized Vietnamese short meaning: phổ biến,hsk_3.json,needs-review
干吗,干什么,same-short-meaning-candidate,gàn shén me,làm gì?,exact normalized Vietnamese short meaning: Làm gì?,hsk_1.json,needs-review
干脆,简单,same-short-meaning-candidate,jiǎn dān,đơn giản,exact normalized Vietnamese short meaning: đơn giản,hsk_1.json,needs-review
平常,正常,same-short-meaning-candidate,zhèng cháng,bình thường,exact normalized Vietnamese short meaning: bình thường,hsk_2.json,needs-review
年级,班级,same-short-meaning-candidate,bān jí,lớp,exact normalized Vietnamese short meaning: lớp,hsk_3.json,needs-review
幸运,吉祥,same-short-meaning-candidate,jí xiáng,may mắn,exact normalized Vietnamese short meaning: may mắn,hsk_3.json,needs-review
广播,播出,same-short-meaning-candidate,bō chū,phát sóng,exact normalized Vietnamese short meaning: phát sóng,hsk_3.json,needs-review
广播,播放,same-short-meaning-candidate,bō fàng,phát sóng,exact normalized Vietnamese short meaning: phát sóng,hsk_3.json,needs-review
应当,应该,same-short-meaning-candidate,yīng gāi,nên,exact normalized Vietnamese short meaning: nên,hsk_1.json,needs-review
应该,应当,same-short-meaning-candidate,yīng dāng,nên,exact normalized Vietnamese short meaning: nên,hsk_3.json,needs-review
底下,下面,same-short-meaning-candidate,xià miàn,bên dưới,exact normalized Vietnamese short meaning: bên dưới,hsk_1.json,needs-review
底下,下边,same-short-meaning-candidate,xià biān,bên dưới,exact normalized Vietnamese short meaning: bên dưới,hsk_1.json,needs-review
庞大,巨大,same-short-meaning-candidate,jù dà,khổng lồ,exact normalized Vietnamese short meaning: khổng lồ,hsk_3.json,needs-review
延伸,延长,same-short-meaning-candidate,yán cháng,kéo dài,exact normalized Vietnamese short meaning: kéo dài,hsk_2.json,needs-review
延伸,延续,same-short-meaning-candidate,yán xù,kéo dài,exact normalized Vietnamese short meaning: kéo dài,hsk_3.json,needs-review
延续,延伸,same-short-meaning-candidate,yán shēn,kéo dài,exact normalized Vietnamese short meaning: kéo dài,hsk_2.json,needs-review
延续,延长,same-short-meaning-candidate,yán cháng,kéo dài,exact normalized Vietnamese short meaning: kéo dài,hsk_2.json,needs-review
延长,延伸,same-short-meaning-candidate,yán shēn,kéo dài,exact normalized Vietnamese short meaning: kéo dài,hsk_2.json,needs-review
延长,延续,same-short-meaning-candidate,yán xù,kéo dài,exact normalized Vietnamese short meaning: kéo dài,hsk_3.json,needs-review
建成,制定,same-short-meaning-candidate,zhì dìng,thiết lập,exact normalized Vietnamese short meaning: thiết lập,hsk_3.json,needs-review
建成,设立,same-short-meaning-candidate,shè lì,thiết lập,exact normalized Vietnamese short meaning: thiết lập,hsk_3.json,needs-review
建立,建设,same-short-meaning-candidate,jiàn shè,xây dựng,exact normalized Vietnamese short meaning: xây dựng,hsk_3.json,needs-review
建设,建立,same-short-meaning-candidate,jiàn lì,xây dựng,exact normalized Vietnamese short meaning: xây dựng,hsk_3.json,needs-review
开发,发达,same-short-meaning-candidate,fā dá,phát triển,exact normalized Vietnamese short meaning: phát triển,hsk_2.json,needs-review
开发,发展,same-short-meaning-candidate,fā zhǎn,phát triển,exact normalized Vietnamese short meaning: phát triển,hsk_2.json,needs-review
开发,开展,same-short-meaning-candidate,kāi zhǎn,phát triển,exact normalized Vietnamese short meaning: phát triển,hsk_3.json,needs-review
开发,生长,same-short-meaning-candidate,shēng zhǎng,phát triển,exact normalized Vietnamese short meaning: phát triển,hsk_3.json,needs-review
开展,发达,same-short-meaning-candidate,fā dá,phát triển,exact normalized Vietnamese short meaning: phát triển,hsk_2.json,needs-review
开展,发展,same-short-meaning-candidate,fā zhǎn,phát triển,exact normalized Vietnamese short meaning: phát triển,hsk_2.json,needs-review
开展,开发,same-short-meaning-candidate,kāi fā,phát triển,exact normalized Vietnamese short meaning: phát triển,hsk_3.json,needs-review
开展,生长,same-short-meaning-candidate,shēng zhǎng,phát triển,exact normalized Vietnamese short meaning: phát triển,hsk_3.json,needs-review
开心,快乐,same-short-meaning-candidate,kuài lè,vui vẻ,exact normalized Vietnamese short meaning: vui vẻ,hsk_1.json,needs-review
开心,愉快,same-short-meaning-candidate,yú kuài,vui vẻ,exact normalized Vietnamese short meaning: vui vẻ,hsk_2.json,needs-review
开心,欢乐,same-short-meaning-candidate,huān lè,vui vẻ,exact normalized Vietnamese short meaning: vui vẻ,hsk_3.json,needs-review
开放,打开,same-short-meaning-candidate,dǎ kāi,mở,exact normalized Vietnamese short meaning: mở,hsk_1.json,needs-review
强大,强烈,same-short-meaning-candidate,qiáng liè,mạnh mẽ,exact normalized Vietnamese short meaning: mạnh mẽ,hsk_3.json,needs-review
强大,坚强,same-short-meaning-candidate,jiān qiáng,mạnh mẽ,exact normalized Vietnamese short meaning: mạnh mẽ,hsk_3.json,needs-review
强烈,坚强,same-short-meaning-candidate,jiān qiáng,mạnh mẽ,exact normalized Vietnamese short meaning: mạnh mẽ,hsk_3.json,needs-review
强烈,强大,same-short-meaning-candidate,qiáng dà,mạnh mẽ,exact normalized Vietnamese short meaning: mạnh mẽ,hsk_3.json,needs-review
当中,中间,same-short-meaning-candidate,zhōng jiān,giữa,exact normalized Vietnamese short meaning: giữa,hsk_1.json,needs-review
当初,原来,same-short-meaning-candidate,yuán lái,ban đầu,exact normalized Vietnamese short meaning: ban đầu,hsk_2.json,needs-review
当初,初步,same-short-meaning-candidate,chū bù,ban đầu,exact normalized Vietnamese short meaning: ban đầu,hsk_3.json,needs-review
当时,那时候,same-short-meaning-candidate,nà shí hòu,lúc đó,exact normalized Vietnamese short meaning: lúc đó,hsk_2.json,needs-review
形象,图片,same-short-meaning-candidate,tú piàn,hình ảnh,exact normalized Vietnamese short meaning: hình ảnh,hsk_2.json,needs-review
影片,电影,same-short-meaning-candidate,diàn yǐng,phim,exact normalized Vietnamese short meaning: phim,hsk_1.json,needs-review
往往,常常,same-short-meaning-candidate,cháng cháng,thường xuyên,exact normalized Vietnamese short meaning: thường xuyên,hsk_1.json,needs-review
往往,经常,same-short-meaning-candidate,jīng cháng,thường xuyên,exact normalized Vietnamese short meaning: thường xuyên,hsk_2.json,needs-review
往往,频繁,same-short-meaning-candidate,pín fán,thường xuyên,exact normalized Vietnamese short meaning: thường xuyên,hsk_3.json,needs-review
得出,实现,same-short-meaning-candidate,shí xiàn,đạt được,exact normalized Vietnamese short meaning: đạt được,hsk_2.json,needs-review
得出,取得,same-short-meaning-candidate,qǔ dé,đạt được,exact normalized Vietnamese short meaning: đạt được,hsk_2.json,needs-review
得出,达到,same-short-meaning-candidate,dá dào,đạt được,exact normalized Vietnamese short meaning: đạt được,hsk_3.json,needs-review
快乐,开心,same-short-meaning-candidate,kāi xīn,vui vẻ,exact normalized Vietnamese short meaning: vui vẻ,hsk_2.json,needs-review
快乐,愉快,same-short-meaning-candidate,yú kuài,vui vẻ,exact normalized Vietnamese short meaning: vui vẻ,hsk_2.json,needs-review
快乐,欢乐,same-short-meaning-candidate,huān lè,vui vẻ,exact normalized Vietnamese short meaning: vui vẻ,hsk_3.json,needs-review
快要,就要,same-short-meaning-candidate,jiù yào,sắp,exact normalized Vietnamese short meaning: sắp,hsk_2.json,needs-review
快速,赶紧,same-short-meaning-candidate,gǎn jǐn,nhanh chóng,exact normalized Vietnamese short meaning: nhanh chóng,hsk_3.json,needs-review
忽然,突然,same-short-meaning-candidate,tū rán,đột nhiên,exact normalized Vietnamese short meaning: đột nhiên,hsk_2.json,needs-review
忽略,算了,same-short-meaning-candidate,suàn le,bỏ qua,exact normalized Vietnamese short meaning: bỏ qua,hsk_2.json,needs-review
忽略,忽视,same-short-meaning-candidate,hū shì,bỏ qua,exact normalized Vietnamese short meaning: bỏ qua,hsk_3.json,needs-review
忽视,算了,same-short-meaning-candidate,suàn le,bỏ qua,exact normalized Vietnamese short meaning: bỏ qua,hsk_2.json,needs-review
忽视,忽略,same-short-meaning-candidate,hū lüè,bỏ qua,exact normalized Vietnamese short meaning: bỏ qua,hsk_3.json,needs-review
怀念,记得,same-short-meaning-candidate,jì de,nhớ,exact normalized Vietnamese short meaning: nhớ,hsk_1.json,needs-review
怀念,想念,same-short-meaning-candidate,xiǎng niàn,nhớ,exact normalized Vietnamese short meaning: nhớ,hsk_1.json,needs-review
怎样,如何,same-short-meaning-candidate,rú hé,Như thế nào?,exact normalized Vietnamese short meaning: như thế nào?,hsk_3.json,needs-review
急忙,连忙,same-short-meaning-candidate,lián máng,vội vàng,exact normalized Vietnamese short meaning: vội vàng,hsk_3.json,needs-review
急忙,赶到,same-short-meaning-candidate,gǎn dào,vội vàng,exact normalized Vietnamese short meaning: vội vàng,hsk_3.json,needs-review
总是,老是,same-short-meaning-candidate,lǎo shì,luôn luôn,exact normalized Vietnamese short meaning: luôn luôn,hsk_2.json,needs-review
总是,从来,same-short-meaning-candidate,cóng lái,luôn luôn,exact normalized Vietnamese short meaning: luôn luôn,hsk_2.json,needs-review
总是,时刻,same-short-meaning-candidate,shí kè,luôn luôn,exact normalized Vietnamese short meaning: luôn luôn,hsk_3.json,needs-review
恰恰,就是,same-short-meaning-candidate,jiù shì,chính xác,exact normalized Vietnamese short meaning: chính xác,hsk_1.json,needs-review
恰恰,准确,same-short-meaning-candidate,zhǔn què,chính xác,exact normalized Vietnamese short meaning: chính xác,hsk_2.json,needs-review
悲伤,难过,same-short-meaning-candidate,nán guò,buồn,exact normalized Vietnamese short meaning: buồn,hsk_2.json,needs-review
情况,状况,same-short-meaning-candidate,zhuàng kuàng,tình hình,exact normalized Vietnamese short meaning: tình hình,hsk_3.json,needs-review
惦记,回忆,same-short-meaning-candidate,huí yì,nhớ lại,exact normalized Vietnamese short meaning: nhớ lại,hsk_2.json,needs-review
惦记,想起,same-short-meaning-candidate,xiǎng qǐ,nhớ lại,exact normalized Vietnamese short meaning: nhớ lại,hsk_2.json,needs-review
想念,记得,same-short-meaning-candidate,jì de,nhớ,exact normalized Vietnamese short meaning: nhớ,hsk_1.json,needs-review
想念,怀念,same-short-meaning-candidate,huái niàn,nhớ,exact normalized Vietnamese short meaning: nhớ,hsk_2.json,needs-review
想起,回忆,same-short-meaning-candidate,huí yì,nhớ lại,exact normalized Vietnamese short meaning: nhớ lại,hsk_2.json,needs-review
想起,惦记,same-short-meaning-candidate,diàn jì,nhớ lại,exact normalized Vietnamese short meaning: nhớ lại,hsk_3.json,needs-review
愉快,快乐,same-short-meaning-candidate,kuài lè,vui vẻ,exact normalized Vietnamese short meaning: vui vẻ,hsk_1.json,needs-review
愉快,开心,same-short-meaning-candidate,kāi xīn,vui vẻ,exact normalized Vietnamese short meaning: vui vẻ,hsk_2.json,needs-review
愉快,欢乐,same-short-meaning-candidate,huān lè,vui vẻ,exact normalized Vietnamese short meaning: vui vẻ,hsk_3.json,needs-review
意义,意思,same-short-meaning-candidate,yì si,ý nghĩa,exact normalized Vietnamese short meaning: ý nghĩa,hsk_2.json,needs-review
意外,居然,same-short-meaning-candidate,jū rán,bất ngờ,exact normalized Vietnamese short meaning: bất ngờ,hsk_3.json,needs-review
意志,抑制,homophone,yì zhì,ức chế,exact normalized pinyin match in local HSK data,hsk_3.json,reviewed-local
意思,意义,same-short-meaning-candidate,yì yì,ý nghĩa,exact normalized Vietnamese short meaning: ý nghĩa,hsk_3.json,needs-review
意见,抱怨,same-short-meaning-candidate,bào yuàn,phàn nàn,exact normalized Vietnamese short meaning: phàn nàn,hsk_3.json,needs-review
感到,赶到,homophone,gǎn dào,vội vàng,exact normalized pinyin match in local HSK data,hsk_3.json,reviewed-local
感到,觉得,same-short-meaning-candidate,jué de,cảm thấy,exact normalized Vietnamese short meaning: cảm thấy,hsk_1.json,needs-review
感动,动人,same-short-meaning-candidate,dòng rén,cảm động,exact normalized Vietnamese short meaning: cảm động,hsk_3.json,needs-review
感谢,谢谢,same-short-meaning-candidate,xiè xie,cảm ơn,exact normalized Vietnamese short meaning: cảm ơn,hsk_1.json,needs-review
愿望,恨不得,same-short-meaning-candidate,hèn bu de,mong muốn,exact normalized Vietnamese short meaning: mong muốn,hsk_3.json,needs-review
懂得,明白,same-short-meaning-candidate,míng bai,hiểu,exact normalized Vietnamese short meaning: hiểu,hsk_1.json,needs-review
懂得,领悟,same-short-meaning-candidate,lǐng wù,hiểu,exact normalized Vietnamese short meaning: hiểu,hsk_3.json,needs-review
懂得,理解,same-short-meaning-candidate,lǐ jiě,hiểu,exact normalized Vietnamese short meaning: hiểu,hsk_3.json,needs-review
懂得,体会,same-short-meaning-candidate,tǐ huì,hiểu,exact normalized Vietnamese short meaning: hiểu,hsk_3.json,needs-review
成为,变成,same-short-meaning-candidate,biàn chéng,trở thành,exact normalized Vietnamese short meaning: trở thành,hsk_2.json,needs-review
成员,会员,same-short-meaning-candidate,huì yuán,thành viên,exact normalized Vietnamese short meaning: thành viên,hsk_3.json,needs-review
成熟,长大,same-short-meaning-candidate,zhǎng dà,trưởng thành,exact normalized Vietnamese short meaning: trưởng thành,hsk_2.json,needs-review
成熟,成长,same-short-meaning-candidate,chéng zhǎng,trưởng thành,exact normalized Vietnamese short meaning: trưởng thành,hsk_3.json,needs-review
成长,长大,same-short-meaning-candidate,zhǎng dà,trưởng thành,exact normalized Vietnamese short meaning: trưởng thành,hsk_2.json,needs-review
成长,成熟,same-short-meaning-candidate,chéng shú,trưởng thành,exact normalized Vietnamese short meaning: trưởng thành,hsk_3.json,needs-review
房子,屋子,same-short-meaning-candidate,wū zi,nhà,exact normalized Vietnamese short meaning: nhà,hsk_2.json,needs-review
所有,一切,same-short-meaning-candidate,yī qiè,tất cả,exact normalized Vietnamese short meaning: tất cả,hsk_2.json,needs-review
才能,能力,same-short-meaning-candidate,néng lì,khả năng,exact normalized Vietnamese short meaning: khả năng,hsk_2.json,needs-review
才能,本领,same-short-meaning-candidate,běn lǐng,khả năng,exact normalized Vietnamese short meaning: khả năng,hsk_3.json,needs-review
才能,本事,same-short-meaning-candidate,běn shì,khả năng,exact normalized Vietnamese short meaning: khả năng,hsk_3.json,needs-review
打听,问好,same-short-meaning-candidate,wèn hǎo,Hỏi thăm,exact normalized Vietnamese short meaning: hỏi thăm,hsk_2.json,needs-review
打开,开放,same-short-meaning-candidate,kāi fàng,mở,exact normalized Vietnamese short meaning: mở,hsk_3.json,needs-review
打算,计划,same-short-meaning-candidate,jì huà,kế hoạch,exact normalized Vietnamese short meaning: kế hoạch,hsk_1.json,needs-review
打车,堵车,homophone,dǔ chē,kẹt xe,exact normalized pinyin match in local HSK data,hsk_1.json,reviewed-local
抑制,意志,homophone,yì zhì,ý chí,exact normalized pinyin match in local HSK data,hsk_3.json,reviewed-local
报到,报道,homophone,bào dào,báo cáo,exact normalized pinyin match in local HSK data,hsk_2.json,reviewed-local
报到,报名,same-short-meaning-candidate,bào míng,đăng ký,exact normalized Vietnamese short meaning: đăng ký,hsk_1.json,needs-review
报名,报到,same-short-meaning-candidate,bào dào,đăng ký,exact normalized Vietnamese short meaning: đăng ký,hsk_3.json,needs-review
报告,报道,same-short-meaning-candidate,bào dào,báo cáo,exact normalized Vietnamese short meaning: báo cáo,hsk_2.json,needs-review
报纸,告诉,same-short-meaning-candidate,gào su,báo,exact normalized Vietnamese short meaning: báo,hsk_1.json,needs-review
报道,报到,homophone,bào dào,đăng ký,exact normalized pinyin match in local HSK data,hsk_3.json,reviewed-local
报道,报告,same-short-meaning-candidate,bào gào,báo cáo,exact normalized Vietnamese short meaning: báo cáo,hsk_1.json,needs-review
抱怨,意见,same-short-meaning-candidate,yì jiàn,phàn nàn,exact normalized Vietnamese short meaning: phàn nàn,hsk_1.json,needs-review
担心,着急,same-short-meaning-candidate,zháo jí,lo lắng,exact normalized Vietnamese short meaning: lo lắng,hsk_1.json,needs-review
担心,操心,same-short-meaning-candidate,cāo xīn,lo lắng,exact normalized Vietnamese short meaning: lo lắng,hsk_3.json,needs-review
拍照,照相,same-short-meaning-candidate,zhào xiàng,chụp ảnh,exact normalized Vietnamese short meaning: chụp ảnh,hsk_2.json,needs-review
持续,继续,same-short-meaning-candidate,jì xù,tiếp tục,exact normalized Vietnamese short meaning: tiếp tục,hsk_1.json,needs-review
持续,接着,same-short-meaning-candidate,jiē zhe,tiếp tục,exact normalized Vietnamese short meaning: tiếp tục,hsk_2.json,needs-review
持续,进一步,same-short-meaning-candidate,jìn yī bù,tiếp tục,exact normalized Vietnamese short meaning: tiếp tục,hsk_3.json,needs-review
指导,主导,homophone,zhǔ dǎo,dẫn dắt,exact normalized pinyin match in local HSK data,hsk_3.json,reviewed-local
指导,辅导,same-short-meaning-candidate,fǔ dǎo,hướng dẫn,exact normalized Vietnamese short meaning: hướng dẫn,hsk_2.json,needs-review
接到,街道,homophone,jiē dào,đường phố,exact normalized pinyin match in local HSK data,hsk_2.json,reviewed-local
接到,收到,same-short-meaning-candidate,shōu dào,nhận được,exact normalized Vietnamese short meaning: nhận được,hsk_2.json,needs-review
接到,受到,same-short-meaning-candidate,shòu dào,nhận được,exact normalized Vietnamese short meaning: nhận được,hsk_2.json,needs-review
接着,继续,same-short-meaning-candidate,jì xù,tiếp tục,exact normalized Vietnamese short meaning: tiếp tục,hsk_1.json,needs-review
接着,进一步,same-short-meaning-candidate,jìn yī bù,tiếp tục,exact normalized Vietnamese short meaning: tiếp tục,hsk_3.json,needs-review
接着,持续,same-short-meaning-candidate,chí xù,tiếp tục,exact normalized Vietnamese short meaning: tiếp tục,hsk_3.json,needs-review
推进,进行,same-short-meaning-candidate,jìn xíng,tiến hành,exact normalized Vietnamese short meaning: tiến hành,hsk_2.json,needs-review
提高,增加,same-short-meaning-candidate,zēng jiā,tăng,exact normalized Vietnamese short meaning: tăng,hsk_2.json,needs-review
播出,广播,same-short-meaning-candidate,guǎng bō,phát sóng,exact normalized Vietnamese short meaning: phát sóng,hsk_2.json,needs-review
播出,播放,same-short-meaning-candidate,bō fàng,phát sóng,exact normalized Vietnamese short meaning: phát sóng,hsk_3.json,needs-review
播放,广播,same-short-meaning-candidate,guǎng bō,phát sóng,exact normalized Vietnamese short meaning: phát sóng,hsk_2.json,needs-review
播放,播出,same-short-meaning-candidate,bō chū,phát sóng,exact normalized Vietnamese short meaning: phát sóng,hsk_3.json,needs-review
操心,着急,same-short-meaning-candidate,zháo jí,lo lắng,exact normalized Vietnamese short meaning: lo lắng,hsk_1.json,needs-review
操心,担心,same-short-meaning-candidate,dān xīn,lo lắng,exact normalized Vietnamese short meaning: lo lắng,hsk_1.json,needs-review
支持,主持,homophone,zhǔ chí,dẫn chương trình,exact normalized pinyin match in local HSK data,hsk_3.json,reviewed-local
收到,接到,same-short-meaning-candidate,jiē dào,nhận được,exact normalized Vietnamese short meaning: nhận được,hsk_2.json,needs-review
收到,受到,same-short-meaning-candidate,shòu dào,nhận được,exact normalized Vietnamese short meaning: nhận được,hsk_2.json,needs-review
收看,观看,same-short-meaning-candidate,guān kàn,xem,exact normalized Vietnamese short meaning: xem,hsk_3.json,needs-review
改变,变化,same-short-meaning-candidate,biàn huà,thay đổi,exact normalized Vietnamese short meaning: thay đổi,hsk_2.json,needs-review
改变,转变,same-short-meaning-candidate,zhuǎn biàn,thay đổi,exact normalized Vietnamese short meaning: thay đổi,hsk_3.json,needs-review
放假,休假,same-short-meaning-candidate,xiū jià,nghỉ phép,exact normalized Vietnamese short meaning: nghỉ phép,hsk_2.json,needs-review
故乡,老家,same-short-meaning-candidate,lǎo jiā,quê hương,exact normalized Vietnamese short meaning: quê hương,hsk_2.json,needs-review
故乡,家乡,same-short-meaning-candidate,jiā xiāng,quê hương,exact normalized Vietnamese short meaning: quê hương,hsk_3.json,needs-review
效果,有效,same-short-meaning-candidate,yǒu xiào,hiệu quả,exact normalized Vietnamese short meaning: hiệu quả,hsk_3.json,needs-review
教室,课堂,same-short-meaning-candidate,kè táng,lớp học,exact normalized Vietnamese short meaning: lớp học,hsk_2.json,needs-review
教师,老师,same-short-meaning-candidate,lǎo shī,giáo viên,exact normalized Vietnamese short meaning: giáo viên,hsk_1.json,needs-review
整个,整整,same-short-meaning-candidate,zhěng zhěng,toàn bộ,exact normalized Vietnamese short meaning: toàn bộ,hsk_1.json,needs-review
整个,全部,same-short-meaning-candidate,quán bù,toàn bộ,exact normalized Vietnamese short meaning: toàn bộ,hsk_1.json,needs-review
整个,全体,same-short-meaning-candidate,quán tǐ,toàn bộ,exact normalized Vietnamese short meaning: toàn bộ,hsk_2.json,needs-review
整整,全部,same-short-meaning-candidate,quán bù,toàn bộ,exact normalized Vietnamese short meaning: toàn bộ,hsk_1.json,needs-review
整整,全体,same-short-meaning-candidate,quán tǐ,toàn bộ,exact normalized Vietnamese short meaning: toàn bộ,hsk_2.json,needs-review
整整,整个,same-short-meaning-candidate,zhěng gè,toàn bộ,exact normalized Vietnamese short meaning: toàn bộ,hsk_3.json,needs-review
整理,安排,same-short-meaning-candidate,ān pái,sắp xếp,exact normalized Vietnamese short meaning: sắp xếp,hsk_1.json,needs-review
整理,处理,same-short-meaning-candidate,chǔ lǐ,sắp xếp,exact normalized Vietnamese short meaning: sắp xếp,hsk_3.json,needs-review
新闻,消息,same-short-meaning-candidate,xiāo xi,tin tức,exact normalized Vietnamese short meaning: tin tức,hsk_2.json,needs-review
方式,办法,same-short-meaning-candidate,bàn fǎ,cách,exact normalized Vietnamese short meaning: cách,hsk_1.json,needs-review
旁边,隔壁,same-short-meaning-candidate,gé bì,bên cạnh,exact normalized Vietnamese short meaning: bên cạnh,hsk_2.json,needs-review
旁边,身边,same-short-meaning-candidate,shēn biān,bên cạnh,exact normalized Vietnamese short meaning: bên cạnh,hsk_2.json,needs-review
旅游,理由,homophone,lǐ yóu,lý do,exact normalized pinyin match in local HSK data,hsk_3.json,reviewed-local
旅游,旅行,same-short-meaning-candidate,lǚ xíng,du lịch,exact normalized Vietnamese short meaning: du lịch,hsk_1.json,needs-review
旅行,旅游,same-short-meaning-candidate,lǚ yóu,du lịch,exact normalized Vietnamese short meaning: du lịch,hsk_2.json,needs-review
旅馆,酒店,same-short-meaning-candidate,jiǔ diàn,khách sạn,exact normalized Vietnamese short meaning: khách sạn,hsk_2.json,needs-review
旅馆,宾馆,same-short-meaning-candidate,bīn guǎn,khách sạn,exact normalized Vietnamese short meaning: khách sạn,hsk_2.json,needs-review
日子,生活,same-short-meaning-candidate,shēng huó,cuộc sống,exact normalized Vietnamese short meaning: cuộc sống,hsk_1.json,needs-review
日子,人生,same-short-meaning-candidate,rén shēng,cuộc sống,exact normalized Vietnamese short meaning: cuộc sống,hsk_2.json,needs-review
日子,生命,same-short-meaning-candidate,shēng mìng,cuộc sống,exact normalized Vietnamese short meaning: cuộc sống,hsk_3.json,needs-review
早上,上午,same-short-meaning-candidate,shàng wǔ,buổi sáng,exact normalized Vietnamese short meaning: buổi sáng,hsk_1.json,needs-review
早晨,清晨,same-short-meaning-candidate,qīng chén,sáng sớm,exact normalized Vietnamese short meaning: sáng sớm,hsk_2.json,needs-review
早餐,早饭,same-short-meaning-candidate,zǎo fàn,bữa sáng,exact normalized Vietnamese short meaning: bữa sáng,hsk_1.json,needs-review
早饭,早餐,same-short-meaning-candidate,zǎo cān,bữa sáng,exact normalized Vietnamese short meaning: bữa sáng,hsk_2.json,needs-review
时候,时间,same-short-meaning-candidate,shí jiān,thời gian,exact normalized Vietnamese short meaning: thời gian,hsk_1.json,needs-review
时刻,老是,same-short-meaning-candidate,lǎo shì,luôn luôn,exact normalized Vietnamese short meaning: luôn luôn,hsk_2.json,needs-review
时刻,总是,same-short-meaning-candidate,zǒng shì,luôn luôn,exact normalized Vietnamese short meaning: luôn luôn,hsk_2.json,needs-review
时刻,从来,same-short-meaning-candidate,cóng lái,luôn luôn,exact normalized Vietnamese short meaning: luôn luôn,hsk_2.json,needs-review
时间,时候,same-short-meaning-candidate,shí hou,thời gian,exact normalized Vietnamese short meaning: thời gian,hsk_1.json,needs-review
明星,星星,same-short-meaning-candidate,xīng xing,ngôi sao,exact normalized Vietnamese short meaning: ngôi sao,hsk_2.json,needs-review
明显,清楚,same-short-meaning-candidate,qīng chu,rõ ràng,exact normalized Vietnamese short meaning: rõ ràng,hsk_2.json,needs-review
明显,显然,same-short-meaning-candidate,xiǎn rán,rõ ràng,exact normalized Vietnamese short meaning: rõ ràng,hsk_3.json,needs-review
明显,可见,same-short-meaning-candidate,kě jiàn,rõ ràng,exact normalized Vietnamese short meaning: rõ ràng,hsk_3.json,needs-review
明显,显而易见,same-short-meaning-candidate,xiǎn ér yì jiàn,rõ ràng,exact normalized Vietnamese short meaning: rõ ràng,hsk_3.json,needs-review
明白,懂得,same-short-meaning-candidate,dǒng dé,hiểu,exact normalized Vietnamese short meaning: hiểu,hsk_2.json,needs-review
明白,领悟,same-short-meaning-candidate,lǐng wù,hiểu,exact normalized Vietnamese short meaning: hiểu,hsk_3.json,needs-review
明白,理解,same-short-meaning-candidate,lǐ jiě,hiểu,exact normalized Vietnamese short meaning: hiểu,hsk_3.json,needs-review
明白,体会,same-short-meaning-candidate,tǐ huì,hiểu,exact normalized Vietnamese short meaning: hiểu,hsk_3.json,needs-review
星星,明星,same-short-meaning-candidate,míng xīng,ngôi sao,exact normalized Vietnamese short meaning: ngôi sao,hsk_2.json,needs-review
显然,清楚,same-short-meaning-candidate,qīng chu,rõ ràng,exact normalized Vietnamese short meaning: rõ ràng,hsk_2.json,needs-review
显然,可见,same-short-meaning-candidate,kě jiàn,rõ ràng,exact normalized Vietnamese short meaning: rõ ràng,hsk_3.json,needs-review
显然,显而易见,same-short-meaning-candidate,xiǎn ér yì jiàn,rõ ràng,exact normalized Vietnamese short meaning: rõ ràng,hsk_3.json,needs-review
显然,明显,same-short-meaning-candidate,míng xiǎn,rõ ràng,exact normalized Vietnamese short meaning: rõ ràng,hsk_3.json,needs-review
晚餐,晚饭,same-short-meaning-candidate,wǎn fàn,bữa tối,exact normalized Vietnamese short meaning: bữa tối,hsk_1.json,needs-review
晚饭,晚餐,same-short-meaning-candidate,wǎn cān,bữa tối,exact normalized Vietnamese short meaning: bữa tối,hsk_2.json,needs-review
普及,流行,same-short-meaning-candidate,liú xíng,phổ biến,exact normalized Vietnamese short meaning: phổ biến,hsk_1.json,needs-review
普及,常见,same-short-meaning-candidate,cháng jiàn,phổ biến,exact normalized Vietnamese short meaning: phổ biến,hsk_2.json,needs-review
普通,一般,same-short-meaning-candidate,yī bān,thông thường,exact normalized Vietnamese short meaning: thông thường,hsk_1.json,needs-review
景点,经典,homophone,jīng diǎn,kinh điển,exact normalized pinyin match in local HSK data,hsk_3.json,reviewed-local
景色,风景,same-short-meaning-candidate,fēng jǐng,phong cảnh,exact normalized Vietnamese short meaning: phong cảnh,hsk_1.json,needs-review
暑假,书架,homophone,shū jià,giá sách,exact normalized pinyin match in local HSK data,hsk_3.json,reviewed-local
暖和,温暖,same-short-meaning-candidate,wēn nuǎn,ấm áp,exact normalized Vietnamese short meaning: ấm áp,hsk_2.json,needs-review
最后,终于,same-short-meaning-candidate,zhōng yú,cuối cùng,exact normalized Vietnamese short meaning: cuối cùng,hsk_1.json,needs-review
最后,到底,same-short-meaning-candidate,dào dǐ,cuối cùng,exact normalized Vietnamese short meaning: cuối cùng,hsk_3.json,needs-review
最近,附近,same-short-meaning-candidate,fù jìn,gần đây,exact normalized Vietnamese short meaning: gần đây,hsk_2.json,needs-review
最近,近期,same-short-meaning-candidate,jìn qī,gần đây,exact normalized Vietnamese short meaning: gần đây,hsk_3.json,needs-review
有些,有的,same-short-meaning-candidate,yǒu de,một số,exact normalized Vietnamese short meaning: một số,hsk_1.json,needs-review
有关,关系,same-short-meaning-candidate,guān xi,liên quan đến,exact normalized Vietnamese short meaning: liên quan đến,hsk_1.json,needs-review
有效,效果,same-short-meaning-candidate,xiào guǒ,hiệu quả,exact normalized Vietnamese short meaning: hiệu quả,hsk_1.json,needs-review
有时,有时候,same-short-meaning-candidate,yǒu shí hou,đôi khi,exact normalized Vietnamese short meaning: Đôi khi,hsk_1.json,needs-review
有用,实惠,same-short-meaning-candidate,shí huì,hữu ích,exact normalized Vietnamese short meaning: hữu ích,hsk_2.json,needs-review
有的,有些,same-short-meaning-candidate,yǒu xiē,một số,exact normalized Vietnamese short meaning: một số,hsk_1.json,needs-review
未来,将来,same-short-meaning-candidate,jiāng lái,tương lai,exact normalized Vietnamese short meaning: tương lai,hsk_2.json,needs-review
本事,能力,same-short-meaning-candidate,néng lì,khả năng,exact normalized Vietnamese short meaning: khả năng,hsk_2.json,needs-review
本事,才能,same-short-meaning-candidate,cái néng,khả năng,exact normalized Vietnamese short meaning: khả năng,hsk_3.json,needs-review
本事,本领,same-short-meaning-candidate,běn lǐng,khả năng,exact normalized Vietnamese short meaning: khả năng,hsk_3.json,needs-review
本领,能力,same-short-meaning-candidate,néng lì,khả năng,exact normalized Vietnamese short meaning: khả năng,hsk_2.json,needs-review
本领,才能,same-short-meaning-candidate,cái néng,khả năng,exact normalized Vietnamese short meaning: khả năng,hsk_3.json,needs-review
本领,本事,same-short-meaning-candidate,běn shì,khả năng,exact normalized Vietnamese short meaning: khả năng,hsk_3.json,needs-review
来到,直到,same-short-meaning-candidate,zhí dào,đến,exact normalized Vietnamese short meaning: đến,hsk_3.json,needs-review
来到,传来,same-short-meaning-candidate,chuán lái,đến,exact normalized Vietnamese short meaning: đến,hsk_3.json,needs-review
来往,联系,same-short-meaning-candidate,lián xì,liên lạc,exact normalized Vietnamese short meaning: liên lạc,hsk_2.json,needs-review
来往,打交道,same-short-meaning-candidate,dǎ jiāo dao,liên lạc,exact normalized Vietnamese short meaning: liên lạc,hsk_3.json,needs-review
来源,源头,same-short-meaning-candidate,yuán tóu,nguồn gốc,exact normalized Vietnamese short meaning: nguồn gốc,hsk_3.json,needs-review
极了,非常,same-short-meaning-candidate,fēi cháng,cực kỳ,exact normalized Vietnamese short meaning: cực kỳ,hsk_1.json,needs-review
极了,要命,same-short-meaning-candidate,yào mìng,cực kỳ,exact normalized Vietnamese short meaning: cực kỳ,hsk_3.json,needs-review
极其,十分,same-short-meaning-candidate,shí fēn,rất,exact normalized Vietnamese short meaning: rất,hsk_2.json,needs-review
标准,规范,same-short-meaning-candidate,guī fàn,tiêu chuẩn,exact normalized Vietnamese short meaning: tiêu chuẩn,hsk_3.json,needs-review
标题,题目,same-short-meaning-candidate,tí mù,tiêu đề,exact normalized Vietnamese short meaning: tiêu đề,hsk_3.json,needs-review
校长,院长,same-short-meaning-candidate,yuàn zhǎng,hiệu trưởng,exact normalized Vietnamese short meaning: hiệu trưởng,hsk_2.json,needs-review
根本,完全,same-short-meaning-candidate,wán quán,hoàn toàn,exact normalized Vietnamese short meaning: hoàn toàn,hsk_2.json,needs-review
根本,全都,same-short-meaning-candidate,quán dōu,hoàn toàn,exact normalized Vietnamese short meaning: hoàn toàn,hsk_2.json,needs-review
欢乐,快乐,same-short-meaning-candidate,kuài lè,vui vẻ,exact normalized Vietnamese short meaning: vui vẻ,hsk_1.json,needs-review
欢乐,开心,same-short-meaning-candidate,kāi xīn,vui vẻ,exact normalized Vietnamese short meaning: vui vẻ,hsk_2.json,needs-review
欢乐,愉快,same-short-meaning-candidate,yú kuài,vui vẻ,exact normalized Vietnamese short meaning: vui vẻ,hsk_2.json,needs-review
欣赏,羡慕,same-short-meaning-candidate,xiàn mù,ngưỡng mộ,exact normalized Vietnamese short meaning: ngưỡng mộ,hsk_2.json,needs-review
正常,平常,same-short-meaning-candidate,píng cháng,bình thường,exact normalized Vietnamese short meaning: bình thường,hsk_2.json,needs-review
正式,正是,homophone,zhèng shì,chính xác là,exact normalized pinyin match in local HSK data,hsk_2.json,reviewed-local
正是,正式,homophone,zhèng shì,chính thức,exact normalized pinyin match in local HSK data,hsk_3.json,reviewed-local
正点,准时,same-short-meaning-candidate,zhǔn shí,đúng giờ,exact normalized Vietnamese short meaning: Đúng giờ,hsk_2.json,needs-review
母亲,妈妈,same-short-meaning-candidate,mā ma,mẹ,exact normalized Vietnamese short meaning: mẹ,hsk_1.json,needs-review
比如,例子,same-short-meaning-candidate,lì zi,ví dụ,exact normalized Vietnamese short meaning: ví dụ,hsk_2.json,needs-review
比如,例如,same-short-meaning-candidate,lì rú,ví dụ,exact normalized Vietnamese short meaning: ví dụ,hsk_2.json,needs-review
比如,比方说,same-short-meaning-candidate,bǐ fang shuō,Ví dụ,exact normalized Vietnamese short meaning: ví dụ,hsk_3.json,needs-review
毛病,缺点,same-short-meaning-candidate,quē diǎn,khuyết điểm,exact normalized Vietnamese short meaning: khuyết điểm,hsk_3.json,needs-review
气氛,空气,same-short-meaning-candidate,kōng qì,không khí,exact normalized Vietnamese short meaning: không khí,hsk_1.json,needs-review
水平,程度,same-short-meaning-candidate,chéng dù,mức độ,exact normalized Vietnamese short meaning: mức độ,hsk_2.json,needs-review
汉语,中文,same-short-meaning-candidate,zhōng wén,tiếng Trung,exact normalized Vietnamese short meaning: tiếng Trung,hsk_1.json,needs-review
没事,没关系,same-short-meaning-candidate,méi guān xi,không sao,exact normalized Vietnamese short meaning: không sao,hsk_1.json,needs-review
没有,不要,same-short-meaning-candidate,bù yào,không,exact normalized Vietnamese short meaning: không,hsk_1.json,needs-review
注意,关注,same-short-meaning-candidate,guān zhù,chú ý,exact normalized Vietnamese short meaning: chú ý,hsk_3.json,needs-review
流行,常见,same-short-meaning-candidate,cháng jiàn,phổ biến,exact normalized Vietnamese short meaning: phổ biến,hsk_2.json,needs-review
流行,普及,same-short-meaning-candidate,pǔ jí,phổ biến,exact normalized Vietnamese short meaning: phổ biến,hsk_3.json,needs-review
海滨,黑板,homophone,hēi bǎn,bảng đen,exact normalized pinyin match in local HSK data,hsk_2.json,reviewed-local
海滨,海边,same-short-meaning-candidate,hǎi biān,bờ biển,exact normalized Vietnamese short meaning: bờ biển,hsk_2.json,needs-review
海边,海滨,same-short-meaning-candidate,hǎi bīn,bờ biển,exact normalized Vietnamese short meaning: bờ biển,hsk_3.json,needs-review
消失,不见,same-short-meaning-candidate,bù jiàn,biến mất,exact normalized Vietnamese short meaning: biến mất,hsk_3.json,needs-review
消息,新闻,same-short-meaning-candidate,xīn wén,tin tức,exact normalized Vietnamese short meaning: tin tức,hsk_2.json,needs-review
清晨,早晨,same-short-meaning-candidate,zǎo chén,sáng sớm,exact normalized Vietnamese short meaning: sáng sớm,hsk_2.json,needs-review
清楚,显然,same-short-meaning-candidate,xiǎn rán,rõ ràng,exact normalized Vietnamese short meaning: rõ ràng,hsk_3.json,needs-review
清楚,可见,same-short-meaning-candidate,kě jiàn,rõ ràng,exact normalized Vietnamese short meaning: rõ ràng,hsk_3.json,needs-review
清楚,显而易见,same-short-meaning-candidate,xiǎn ér yì jiàn,rõ ràng,exact normalized Vietnamese short meaning: rõ ràng,hsk_3.json,needs-review
清楚,明显,same-short-meaning-candidate,míng xiǎn,rõ ràng,exact normalized Vietnamese short meaning: rõ ràng,hsk_3.json,needs-review
温暖,暖和,same-short-meaning-candidate,nuǎn huo,ấm áp,exact normalized Vietnamese short meaning: ấm áp,hsk_3.json,needs-review
源头,来源,same-short-meaning-candidate,lái yuán,nguồn gốc,exact normalized Vietnamese short meaning: nguồn gốc,hsk_3.json,needs-review
漂亮,好看,same-short-meaning-candidate,hǎo kàn,đẹp,exact normalized Vietnamese short meaning: đẹp,hsk_1.json,needs-review
漂亮,美丽,same-short-meaning-candidate,měi lì,đẹp,exact normalized Vietnamese short meaning: đẹp,hsk_2.json,needs-review
演出,表演,same-short-meaning-candidate,biǎo yǎn,biểu diễn,exact normalized Vietnamese short meaning: biểu diễn,hsk_1.json,needs-review
演出,演奏,same-short-meaning-candidate,yǎn zòu,biểu diễn,exact normalized Vietnamese short meaning: biểu diễn,hsk_3.json,needs-review
演唱,唱歌,same-short-meaning-candidate,chàng gē,hát,exact normalized Vietnamese short meaning: hát,hsk_1.json,needs-review
演奏,表演,same-short-meaning-candidate,biǎo yǎn,biểu diễn,exact normalized Vietnamese short meaning: biểu diễn,hsk_1.json,needs-review
演奏,演出,same-short-meaning-candidate,yǎn chū,biểu diễn,exact normalized Vietnamese short meaning: biểu diễn,hsk_2.json,needs-review
点钟,小时,same-short-meaning-candidate,xiǎo shí,giờ,exact normalized Vietnamese short meaning: Giờ,hsk_1.json,needs-review
点钟,钟头,same-short-meaning-candidate,zhōng tóu,giờ,exact normalized Vietnamese short meaning: Giờ,hsk_1.json,needs-review
然后,于是,same-short-meaning-candidate,yú shì,sau đó,exact normalized Vietnamese short meaning: sau đó,hsk_2.json,needs-review
照相,拍照,same-short-meaning-candidate,pāi zhào,chụp ảnh,exact normalized Vietnamese short meaning: chụp ảnh,hsk_3.json,needs-review
爱人,夫妻,same-short-meaning-candidate,fū qī,vợ chồng,exact normalized Vietnamese short meaning: vợ chồng,hsk_3.json,needs-review
爱好,趣味,same-short-meaning-candidate,qù wèi,sở thích,exact normalized Vietnamese short meaning: sở thích,hsk_3.json,needs-review
爱好,兴趣,same-short-meaning-candidate,xìng qù,sở thích,exact normalized Vietnamese short meaning: sở thích,hsk_3.json,needs-review
片刻,瞬间,same-short-meaning-candidate,shùn jiān,khoảnh khắc,exact normalized Vietnamese short meaning: khoảnh khắc,hsk_3.json,needs-review
状况,情况,same-short-meaning-candidate,qíng kuàng,tình hình,exact normalized Vietnamese short meaning: tình hình,hsk_2.json,needs-review
状态,境界,same-short-meaning-candidate,jìng jiè,trạng thái,exact normalized Vietnamese short meaning: trạng thái,hsk_3.json,needs-review
狠心,决心,same-short-meaning-candidate,jué xīn,quyết tâm,exact normalized Vietnamese short meaning: quyết tâm,hsk_2.json,needs-review
狠心,坚决,same-short-meaning-candidate,jiān jué,quyết tâm,exact normalized Vietnamese short meaning: quyết tâm,hsk_3.json,needs-review
玩儿,玩{儿},homophone,wánr ,Chơi,exact normalized pinyin match in local HSK data,hsk_1.json,reviewed-local
玩儿,玩{儿},same-short-meaning-candidate,wánr ,Chơi,exact normalized Vietnamese short meaning: chơi,hsk_1.json,needs-review
玩具,玩意儿,same-short-meaning-candidate,wán yìr ,đồ chơi,exact normalized Vietnamese short meaning: đồ chơi,hsk_3.json,needs-review
现实,实际,same-short-meaning-candidate,shí jì,thực tế,exact normalized Vietnamese short meaning: thực tế,hsk_2.json,needs-review
现实,实际上,same-short-meaning-candidate,shí jì shàng,thực tế,exact normalized Vietnamese short meaning: thực tế,hsk_3.json,needs-review
班级,年级,same-short-meaning-candidate,nián jí,lớp,exact normalized Vietnamese short meaning: lớp,hsk_2.json,needs-review
理由,旅游,homophone,lǚ yóu,du lịch,exact normalized pinyin match in local HSK data,hsk_2.json,reviewed-local
理解,明白,same-short-meaning-candidate,míng bai,hiểu,exact normalized Vietnamese short meaning: hiểu,hsk_1.json,needs-review
理解,懂得,same-short-meaning-candidate,dǒng dé,hiểu,exact normalized Vietnamese short meaning: hiểu,hsk_2.json,needs-review
理解,领悟,same-short-meaning-candidate,lǐng wù,hiểu,exact normalized Vietnamese short meaning: hiểu,hsk_3.json,needs-review
理解,体会,same-short-meaning-candidate,tǐ huì,hiểu,exact normalized Vietnamese short meaning: hiểu,hsk_3.json,needs-review
生产,产生,same-short-meaning-candidate,chǎn shēng,sản xuất,exact normalized Vietnamese short meaning: sản xuất,hsk_2.json,needs-review
生产,制造,same-short-meaning-candidate,zhì zào,sản xuất,exact normalized Vietnamese short meaning: sản xuất,hsk_3.json,needs-review
生命,生活,same-short-meaning-candidate,shēng huó,cuộc sống,exact normalized Vietnamese short meaning: cuộc sống,hsk_1.json,needs-review
生命,人生,same-short-meaning-candidate,rén shēng,cuộc sống,exact normalized Vietnamese short meaning: cuộc sống,hsk_2.json,needs-review
生命,日子,same-short-meaning-candidate,rì zi,cuộc sống,exact normalized Vietnamese short meaning: cuộc sống,hsk_2.json,needs-review
生气,发脾气,same-short-meaning-candidate,fā pí qì,nổi giận,exact normalized Vietnamese short meaning: nổi giận,hsk_2.json,needs-review
生活,人生,same-short-meaning-candidate,rén shēng,cuộc sống,exact normalized Vietnamese short meaning: cuộc sống,hsk_2.json,needs-review
生活,日子,same-short-meaning-candidate,rì zi,cuộc sống,exact normalized Vietnamese short meaning: cuộc sống,hsk_2.json,needs-review
生活,生命,same-short-meaning-candidate,shēng mìng,cuộc sống,exact normalized Vietnamese short meaning: cuộc sống,hsk_3.json,needs-review
生长,发达,same-short-meaning-candidate,fā dá,phát triển,exact normalized Vietnamese short meaning: phát triển,hsk_2.json,needs-review
生长,发展,same-short-meaning-candidate,fā zhǎn,phát triển,exact normalized Vietnamese short meaning: phát triển,hsk_2.json,needs-review
生长,开展,same-short-meaning-candidate,kāi zhǎn,phát triển,exact normalized Vietnamese short meaning: phát triển,hsk_3.json,needs-review
生长,开发,same-short-meaning-candidate,kāi fā,phát triển,exact normalized Vietnamese short meaning: phát triển,hsk_3.json,needs-review
用功,认真,same-short-meaning-candidate,rèn zhēn,chăm chỉ,exact normalized Vietnamese short meaning: chăm chỉ,hsk_1.json,needs-review
用功,勤劳,same-short-meaning-candidate,qín láo,chăm chỉ,exact normalized Vietnamese short meaning: chăm chỉ,hsk_2.json,needs-review
由于,因为,same-short-meaning-candidate,yīn wèi,bởi vì,exact normalized Vietnamese short meaning: bởi vì,hsk_2.json,needs-review
电影,影片,same-short-meaning-candidate,yǐng piàn,phim,exact normalized Vietnamese short meaning: phim,hsk_2.json,needs-review
电脑,计算机,same-short-meaning-candidate,jì suàn jī,máy tính,exact normalized Vietnamese short meaning: máy tính,hsk_2.json,needs-review
电视,电视机,same-short-meaning-candidate,diàn shì jī,TV,exact normalized Vietnamese short meaning: TV,hsk_1.json,needs-review
画儿,画{儿},homophone,huàr ,tranh,exact normalized pinyin match in local HSK data,hsk_2.json,reviewed-local
画儿,图画,same-short-meaning-candidate,tú huà,bức tranh,exact normalized Vietnamese short meaning: bức tranh,hsk_3.json,needs-review
的话,如果,same-short-meaning-candidate,rú guǒ,nếu,exact normalized Vietnamese short meaning: nếu,hsk_1.json,needs-review
的话,要是,same-short-meaning-candidate,yào shi,nếu,exact normalized Vietnamese short meaning: nếu,hsk_2.json,needs-review
直到,来到,same-short-meaning-candidate,lái dào,đến,exact normalized Vietnamese short meaning: đến,hsk_1.json,needs-review
直到,传来,same-short-meaning-candidate,chuán lái,đến,exact normalized Vietnamese short meaning: đến,hsk_3.json,needs-review
相互,互相,same-short-meaning-candidate,hù xiāng,lẫn nhau,exact normalized Vietnamese short meaning: lẫn nhau,hsk_2.json,needs-review
相似,同样,same-short-meaning-candidate,tóng yàng,tương tự,exact normalized Vietnamese short meaning: tương tự,hsk_2.json,needs-review
相似,类似,same-short-meaning-candidate,lèi sì,tương tự,exact normalized Vietnamese short meaning: tương tự,hsk_3.json,needs-review
相信,信任,same-short-meaning-candidate,xìn rèn,tin tưởng,exact normalized Vietnamese short meaning: tin tưởng,hsk_3.json,needs-review
相当,像样,same-short-meaning-candidate,xiàng yàng,khá,exact normalized Vietnamese short meaning: khá,hsk_3.json,needs-review
相机,照相机,same-short-meaning-candidate,zhào xiàng jī,máy ảnh,exact normalized Vietnamese short meaning: máy ảnh,hsk_3.json,needs-review
相比,比一比,same-short-meaning-candidate,bǐ yī bǐ,so sánh,exact normalized Vietnamese short meaning: so sánh,hsk_3.json,needs-review
看来,好像,same-short-meaning-candidate,hǎo xiàng,dường như,exact normalized Vietnamese short meaning: dường như,hsk_1.json,needs-review
看来,仿佛,same-short-meaning-candidate,fǎng fú,dường như,exact normalized Vietnamese short meaning: dường như,hsk_3.json,needs-review
看法,观点,same-short-meaning-candidate,guān diǎn,quan điểm,exact normalized Vietnamese short meaning: quan điểm,hsk_2.json,needs-review
看法,主张,same-short-meaning-candidate,zhǔ zhāng,quan điểm,exact normalized Vietnamese short meaning: quan điểm,hsk_3.json,needs-review
真实,准时,homophone,zhǔn shí,đúng giờ,exact normalized pinyin match in local HSK data,hsk_2.json,reviewed-local
真实,真的,same-short-meaning-candidate,zhēn de,thật,exact normalized Vietnamese short meaning: thật,hsk_1.json,needs-review
真正,确实,same-short-meaning-candidate,què shí,thực sự,exact normalized Vietnamese short meaning: thực sự,hsk_1.json,needs-review
真正,实在,same-short-meaning-candidate,shí zài,thực sự,exact normalized Vietnamese short meaning: thực sự,hsk_2.json,needs-review
真的,真实,same-short-meaning-candidate,zhēn shí,thật,exact normalized Vietnamese short meaning: thật,hsk_3.json,needs-review
着急,担心,same-short-meaning-candidate,dān xīn,lo lắng,exact normalized Vietnamese short meaning: lo lắng,hsk_1.json,needs-review
着急,操心,same-short-meaning-candidate,cāo xīn,lo lắng,exact normalized Vietnamese short meaning: lo lắng,hsk_3.json,needs-review
瞬间,片刻,same-short-meaning-candidate,piàn kè,khoảnh khắc,exact normalized Vietnamese short meaning: khoảnh khắc,hsk_3.json,needs-review
知识,见闻,same-short-meaning-candidate,jiàn wén,kiến thức,exact normalized Vietnamese short meaning: kiến thức,hsk_3.json,needs-review
知道,认识,same-short-meaning-candidate,rèn shi,biết,exact normalized Vietnamese short meaning: biết,hsk_1.json,needs-review
确实,真正,same-short-meaning-candidate,zhēn zhèng,thực sự,exact normalized Vietnamese short meaning: thực sự,hsk_2.json,needs-review
确实,实在,same-short-meaning-candidate,shí zài,thực sự,exact normalized Vietnamese short meaning: thực sự,hsk_2.json,needs-review
秩序,顺序,same-short-meaning-candidate,shùn xù,trật tự,exact normalized Vietnamese short meaning: trật tự,hsk_2.json,needs-review
程度,水平,same-short-meaning-candidate,shuǐ píng,mức độ,exact normalized Vietnamese short meaning: mức độ,hsk_2.json,needs-review
空儿,空{儿},homophone,kòngr ,Thời gian rỗi,exact normalized pinyin match in local HSK data,hsk_3.json,reviewed-local
空气,气氛,same-short-meaning-candidate,qì fēn,không khí,exact normalized Vietnamese short meaning: không khí,hsk_3.json,needs-review
突然,忽然,same-short-meaning-candidate,hū rán,đột nhiên,exact normalized Vietnamese short meaning: đột nhiên,hsk_2.json,needs-review
立刻,马上,same-short-meaning-candidate,mǎ shàng,ngay lập tức,exact normalized Vietnamese short meaning: ngay lập tức,hsk_1.json,needs-review
立刻,赶快,same-short-meaning-candidate,gǎn kuài,ngay lập tức,exact normalized Vietnamese short meaning: ngay lập tức,hsk_3.json,needs-review
站住,停止,same-short-meaning-candidate,tíng zhǐ,dừng lại,exact normalized Vietnamese short meaning: dừng lại,hsk_2.json,needs-review
符合,合适,same-short-meaning-candidate,hé shì,phù hợp,exact normalized Vietnamese short meaning: phù hợp,hsk_2.json,needs-review
符合,适合,same-short-meaning-candidate,shì hé,phù hợp,exact normalized Vietnamese short meaning: phù hợp,hsk_3.json,needs-review
符合,适用,same-short-meaning-candidate,shì yòng,phù hợp,exact normalized Vietnamese short meaning: phù hợp,hsk_3.json,needs-review
答应,回答,same-short-meaning-candidate,huí dá,trả lời,exact normalized Vietnamese short meaning: trả lời,hsk_1.json,needs-review
简单,干脆,same-short-meaning-candidate,gān cuì,đơn giản,exact normalized Vietnamese short meaning: đơn giản,hsk_3.json,needs-review
算了,忽略,same-short-meaning-candidate,hū lüè,bỏ qua,exact normalized Vietnamese short meaning: bỏ qua,hsk_3.json,needs-review
算了,忽视,same-short-meaning-candidate,hū shì,bỏ qua,exact normalized Vietnamese short meaning: bỏ qua,hsk_3.json,needs-review
管理,经营,same-short-meaning-candidate,jīng yíng,quản lý,exact normalized Vietnamese short meaning: quản lý,hsk_3.json,needs-review
类似,同样,same-short-meaning-candidate,tóng yàng,tương tự,exact normalized Vietnamese short meaning: tương tự,hsk_2.json,needs-review
类似,相似,same-short-meaning-candidate,xiāng sì,tương tự,exact normalized Vietnamese short meaning: tương tự,hsk_3.json,needs-review
精彩,了不起,same-short-meaning-candidate,liǎo bu qǐ,tuyệt vời,exact normalized Vietnamese short meaning: tuyệt vời,hsk_2.json,needs-review
精彩,好样儿的,same-short-meaning-candidate,hǎo yàngr  de,Tuyệt vời,exact normalized Vietnamese short meaning: tuyệt vời,hsk_3.json,needs-review
纪录,记录,homophone,jì lù,ghi lại,exact normalized pinyin match in local HSK data,hsk_3.json,reviewed-local
纪念,周年,same-short-meaning-candidate,zhōu nián,kỷ niệm,exact normalized Vietnamese short meaning: kỷ niệm,hsk_2.json,needs-review
组合,结合,same-short-meaning-candidate,jié hé,kết hợp,exact normalized Vietnamese short meaning: kết hợp,hsk_3.json,needs-review
组织,举办,same-short-meaning-candidate,jǔ bàn,tổ chức,exact normalized Vietnamese short meaning: tổ chức,hsk_2.json,needs-review
组织,举行,same-short-meaning-candidate,jǔ xíng,tổ chức,exact normalized Vietnamese short meaning: tổ chức,hsk_2.json,needs-review
终于,最后,same-short-meaning-candidate,zuì hòu,cuối cùng,exact normalized Vietnamese short meaning: cuối cùng,hsk_1.json,needs-review
终于,到底,same-short-meaning-candidate,dào dǐ,cuối cùng,exact normalized Vietnamese short meaning: cuối cùng,hsk_3.json,needs-review
经典,景点,homophone,jǐng diǎn,điểm tham quan,exact normalized pinyin match in local HSK data,hsk_3.json,reviewed-local
经历,体验,same-short-meaning-candidate,tǐ yàn,trải nghiệm,exact normalized Vietnamese short meaning: trải nghiệm,hsk_3.json,needs-review
经常,常常,same-short-meaning-candidate,cháng cháng,thường xuyên,exact normalized Vietnamese short meaning: thường xuyên,hsk_1.json,needs-review
经常,往往,same-short-meaning-candidate,wǎng wǎng,thường xuyên,exact normalized Vietnamese short meaning: thường xuyên,hsk_3.json,needs-review
经常,频繁,same-short-meaning-candidate,pín fán,thường xuyên,exact normalized Vietnamese short meaning: thường xuyên,hsk_3.json,needs-review
经营,管理,same-short-meaning-candidate,guǎn lǐ,quản lý,exact normalized Vietnamese short meaning: quản lý,hsk_3.json,needs-review
经过,走过,same-short-meaning-candidate,zǒu guò,đi qua,exact normalized Vietnamese short meaning: đi qua,hsk_2.json,needs-review
结合,组合,same-short-meaning-candidate,zǔ hé,kết hợp,exact normalized Vietnamese short meaning: kết hợp,hsk_3.json,needs-review
继续,接着,same-short-meaning-candidate,jiē zhe,tiếp tục,exact normalized Vietnamese short meaning: tiếp tục,hsk_2.json,needs-review
继续,进一步,same-short-meaning-candidate,jìn yī bù,tiếp tục,exact normalized Vietnamese short meaning: tiếp tục,hsk_3.json,needs-review
继续,持续,same-short-meaning-candidate,chí xù,tiếp tục,exact normalized Vietnamese short meaning: tiếp tục,hsk_3.json,needs-review
缺乏,缺少,same-short-meaning-candidate,quē shǎo,thiếu,exact normalized Vietnamese short meaning: thiếu,hsk_3.json,needs-review
缺少,缺乏,same-short-meaning-candidate,quē fá,thiếu,exact normalized Vietnamese short meaning: thiếu,hsk_3.json,needs-review
缺点,毛病,same-short-meaning-candidate,máo bing,khuyết điểm,exact normalized Vietnamese short meaning: khuyết điểm,hsk_1.json,needs-review
美丽,好看,same-short-meaning-candidate,hǎo kàn,đẹp,exact normalized Vietnamese short meaning: đẹp,hsk_1.json,needs-review
美丽,漂亮,same-short-meaning-candidate,piào liang,đẹp,exact normalized Vietnamese short meaning: đẹp,hsk_1.json,needs-review
美术,艺术,same-short-meaning-candidate,yì shù,nghệ thuật,exact normalized Vietnamese short meaning: nghệ thuật,hsk_2.json,needs-review
羡慕,欣赏,same-short-meaning-candidate,xīn shǎng,ngưỡng mộ,exact normalized Vietnamese short meaning: ngưỡng mộ,hsk_3.json,needs-review
老婆,妻子,same-short-meaning-candidate,qī zi,vợ,exact normalized Vietnamese short meaning: vợ,hsk_2.json,needs-review
老家,家乡,same-short-meaning-candidate,jiā xiāng,quê hương,exact normalized Vietnamese short meaning: quê hương,hsk_3.json,needs-review
老家,故乡,same-short-meaning-candidate,gù xiāng,quê hương,exact normalized Vietnamese short meaning: quê hương,hsk_3.json,needs-review
老师,教师,same-short-meaning-candidate,jiào shī,giáo viên,exact normalized Vietnamese short meaning: giáo viên,hsk_2.json,needs-review
老是,总是,same-short-meaning-candidate,zǒng shì,luôn luôn,exact normalized Vietnamese short meaning: luôn luôn,hsk_2.json,needs-review
老是,从来,same-short-meaning-candidate,cóng lái,luôn luôn,exact normalized Vietnamese short meaning: luôn luôn,hsk_2.json,needs-review
老是,时刻,same-short-meaning-candidate,shí kè,luôn luôn,exact normalized Vietnamese short meaning: luôn luôn,hsk_3.json,needs-review
老板,头儿,same-short-meaning-candidate,tóur ,Ông chủ,exact normalized Vietnamese short meaning: ông chủ,hsk_2.json,needs-review
考验,试验,same-short-meaning-candidate,shì yàn,thử nghiệm,exact normalized Vietnamese short meaning: thử nghiệm,hsk_3.json,needs-review
而且,另外,same-short-meaning-candidate,lìng wài,ngoài ra,exact normalized Vietnamese short meaning: ngoài ra,hsk_1.json,needs-review
而且,除了,same-short-meaning-candidate,chú le,ngoài ra,exact normalized Vietnamese short meaning: ngoài ra,hsk_2.json,needs-review
联系,打交道,same-short-meaning-candidate,dǎ jiāo dao,liên lạc,exact normalized Vietnamese short meaning: liên lạc,hsk_3.json,needs-review
联系,来往,same-short-meaning-candidate,lái wang,liên lạc,exact normalized Vietnamese short meaning: liên lạc,hsk_3.json,needs-review
能力,才能,same-short-meaning-candidate,cái néng,khả năng,exact normalized Vietnamese short meaning: khả năng,hsk_3.json,needs-review
能力,本领,same-short-meaning-candidate,běn lǐng,khả năng,exact normalized Vietnamese short meaning: khả năng,hsk_3.json,needs-review
能力,本事,same-short-meaning-candidate,běn shì,khả năng,exact normalized Vietnamese short meaning: khả năng,hsk_3.json,needs-review
能够,可以,same-short-meaning-candidate,kě yǐ,có thể,exact normalized Vietnamese short meaning: có thể,hsk_1.json,needs-review
能够,可能,same-short-meaning-candidate,kě néng,có thể,exact normalized Vietnamese short meaning: có thể,hsk_1.json,needs-review
自己,自身,same-short-meaning-candidate,zì shēn,bản thân,exact normalized Vietnamese short meaning: bản thân,hsk_3.json,needs-review
自豪,骄傲,same-short-meaning-candidate,jiāo'ào,tự hào,exact normalized Vietnamese short meaning: tự hào,hsk_2.json,needs-review
自身,自己,same-short-meaning-candidate,zì jǐ,bản thân,exact normalized Vietnamese short meaning: bản thân,hsk_1.json,needs-review
舒服,师傅,homophone,shī fu,thầy,exact normalized pinyin match in local HSK data,hsk_1.json,reviewed-local
舞蹈,跳舞,same-short-meaning-candidate,tiào wǔ,nhảy múa,exact normalized Vietnamese short meaning: nhảy múa,hsk_1.json,needs-review
色彩,颜色,same-short-meaning-candidate,yán sè,màu sắc,exact normalized Vietnamese short meaning: màu sắc,hsk_1.json,needs-review
艺术,美术,same-short-meaning-candidate,měi shù,nghệ thuật,exact normalized Vietnamese short meaning: nghệ thuật,hsk_2.json,needs-review
英文,英语,same-short-meaning-candidate,Yīng yǔ,tiếng Anh,exact normalized Vietnamese short meaning: tiếng Anh,hsk_2.json,needs-review
英语,英文,same-short-meaning-candidate,Yīng wén,tiếng Anh,exact normalized Vietnamese short meaning: tiếng Anh,hsk_1.json,needs-review
行为,举动,same-short-meaning-candidate,jǔ dòng,hành động,exact normalized Vietnamese short meaning: hành động,hsk_3.json,needs-review
街道,接到,homophone,jiē dào,nhận được,exact normalized pinyin match in local HSK data,hsk_2.json,reviewed-local
表演,演出,same-short-meaning-candidate,yǎn chū,biểu diễn,exact normalized Vietnamese short meaning: biểu diễn,hsk_2.json,needs-review
表演,演奏,same-short-meaning-candidate,yǎn zòu,biểu diễn,exact normalized Vietnamese short meaning: biểu diễn,hsk_3.json,needs-review
衬衣,衬衫,same-short-meaning-candidate,chèn shān,áo sơ mi,exact normalized Vietnamese short meaning: áo sơ mi,hsk_2.json,needs-review
衬衫,衬衣,same-short-meaning-candidate,chèn yī,áo sơ mi,exact normalized Vietnamese short meaning: áo sơ mi,hsk_3.json,needs-review
西方,西边,same-short-meaning-candidate,xī biān,phía tây,exact normalized Vietnamese short meaning: phía tây,hsk_1.json,needs-review
西边,西方,same-short-meaning-candidate,xī fāng,phía tây,exact normalized Vietnamese short meaning: phía tây,hsk_2.json,needs-review
要命,非常,same-short-meaning-candidate,fēi cháng,cực kỳ,exact normalized Vietnamese short meaning: cực kỳ,hsk_1.json,needs-review
要命,极了,same-short-meaning-candidate,jí le,cực kỳ,exact normalized Vietnamese short meaning: cực kỳ,hsk_1.json,needs-review
要是,钥匙,homophone,yào shi,chìa khóa,exact normalized pinyin match in local HSK data,hsk_1.json,reviewed-local
要是,如果,same-short-meaning-candidate,rú guǒ,nếu,exact normalized Vietnamese short meaning: nếu,hsk_1.json,needs-review
要是,的话,same-short-meaning-candidate,de huà,nếu,exact normalized Vietnamese short meaning: nếu,hsk_1.json,needs-review
要求,请求,same-short-meaning-candidate,qǐng qiú,yêu cầu,exact normalized Vietnamese short meaning: yêu cầu,hsk_2.json,needs-review
见到,见面,same-short-meaning-candidate,jiàn miàn,gặp,exact normalized Vietnamese short meaning: gặp,hsk_1.json,needs-review
见到,遇见,same-short-meaning-candidate,yù jiàn,gặp,exact normalized Vietnamese short meaning: gặp,hsk_3.json,needs-review
见闻,知识,same-short-meaning-candidate,zhī shi,kiến thức,exact normalized Vietnamese short meaning: kiến thức,hsk_1.json,needs-review
见面,见到,same-short-meaning-candidate,jiàn dào,gặp,exact normalized Vietnamese short meaning: gặp,hsk_2.json,needs-review
见面,遇见,same-short-meaning-candidate,yù jiàn,gặp,exact normalized Vietnamese short meaning: gặp,hsk_3.json,needs-review
观众,听众,same-short-meaning-candidate,tīng zhòng,khán giả,exact normalized Vietnamese short meaning: khán giả,hsk_3.json,needs-review
观点,看法,same-short-meaning-candidate,kàn fǎ,quan điểm,exact normalized Vietnamese short meaning: quan điểm,hsk_2.json,needs-review
观点,主张,same-short-meaning-candidate,zhǔ zhāng,quan điểm,exact normalized Vietnamese short meaning: quan điểm,hsk_3.json,needs-review
观看,收看,same-short-meaning-candidate,shōu kàn,xem,exact normalized Vietnamese short meaning: xem,hsk_3.json,needs-review
规范,标准,same-short-meaning-candidate,biāo zhǔn,tiêu chuẩn,exact normalized Vietnamese short meaning: tiêu chuẩn,hsk_1.json,needs-review
觉得,感到,same-short-meaning-candidate,gǎn dào,cảm thấy,exact normalized Vietnamese short meaning: cảm thấy,hsk_2.json,needs-review
计划,打算,same-short-meaning-candidate,dǎ suàn,kế hoạch,exact normalized Vietnamese short meaning: kế hoạch,hsk_1.json,needs-review
认为,以为,same-short-meaning-candidate,yǐ wéi,nghĩ rằng,exact normalized Vietnamese short meaning: nghĩ rằng,hsk_2.json,needs-review
认真,用功,same-short-meaning-candidate,yòng gōng,chăm chỉ,exact normalized Vietnamese short meaning: chăm chỉ,hsk_1.json,needs-review
认真,勤劳,same-short-meaning-candidate,qín láo,chăm chỉ,exact normalized Vietnamese short meaning: chăm chỉ,hsk_2.json,needs-review
认识,知道,same-short-meaning-candidate,zhī dào,biết,exact normalized Vietnamese short meaning: biết,hsk_1.json,needs-review
记录,纪录,homophone,jì lù,kỷ lục,exact normalized pinyin match in local HSK data,hsk_3.json,reviewed-local
记得,想念,same-short-meaning-candidate,xiǎng niàn,nhớ,exact normalized Vietnamese short meaning: nhớ,hsk_1.json,needs-review
记得,怀念,same-short-meaning-candidate,huái niàn,nhớ,exact normalized Vietnamese short meaning: nhớ,hsk_2.json,needs-review
讲话,说话,same-short-meaning-candidate,shuō huà,nói chuyện,exact normalized Vietnamese short meaning: nói chuyện,hsk_1.json,needs-review
设立,制定,same-short-meaning-candidate,zhì dìng,thiết lập,exact normalized Vietnamese short meaning: thiết lập,hsk_3.json,needs-review
设立,建成,same-short-meaning-candidate,jiàn chéng,thiết lập,exact normalized Vietnamese short meaning: thiết lập,hsk_3.json,needs-review
词典,字典,same-short-meaning-candidate,zì diǎn,từ điển,exact normalized Vietnamese short meaning: từ điển,hsk_2.json,needs-review
试验,考验,same-short-meaning-candidate,kǎo yàn,thử nghiệm,exact normalized Vietnamese short meaning: thử nghiệm,hsk_3.json,needs-review
诞生,出生,same-short-meaning-candidate,chū shēng,sinh ra,exact normalized Vietnamese short meaning: sinh ra,hsk_2.json,needs-review
诱发,造成,same-short-meaning-candidate,zào chéng,gây ra,exact normalized Vietnamese short meaning: gây ra,hsk_3.json,needs-review
说话,讲话,same-short-meaning-candidate,jiǎng huà,nói chuyện,exact normalized Vietnamese short meaning: nói chuyện,hsk_2.json,needs-review
请求,要求,same-short-meaning-candidate,yāo qiú,yêu cầu,exact normalized Vietnamese short meaning: yêu cầu,hsk_2.json,needs-review
读音,发音,same-short-meaning-candidate,fā yīn,Phát âm,exact normalized Vietnamese short meaning: phát âm,hsk_1.json,needs-review
课堂,教室,same-short-meaning-candidate,jiào shì,lớp học,exact normalized Vietnamese short meaning: lớp học,hsk_1.json,needs-review
谈判,交涉,same-short-meaning-candidate,jiāo shè,đàm phán,exact normalized Vietnamese short meaning: đàm phán,hsk_3.json,needs-review
谢谢,感谢,same-short-meaning-candidate,gǎn xiè,cảm ơn,exact normalized Vietnamese short meaning: cảm ơn,hsk_2.json,needs-review
谦虚,谦逊,same-short-meaning-candidate,qiān xùn,khiêm tốn,exact normalized Vietnamese short meaning: khiêm tốn,hsk_3.json,needs-review
谦逊,谦虚,same-short-meaning-candidate,qiān xū,khiêm tốn,exact normalized Vietnamese short meaning: khiêm tốn,hsk_1.json,needs-review
走过,经过,same-short-meaning-candidate,jīng guò,đi qua,exact normalized Vietnamese short meaning: đi qua,hsk_2.json,needs-review
走进,进去,same-short-meaning-candidate,jìn qù,đi vào,exact normalized Vietnamese short meaning: đi vào,hsk_1.json,needs-review
赶到,感到,homophone,gǎn dào,cảm thấy,exact normalized pinyin match in local HSK data,hsk_2.json,reviewed-local
赶到,急忙,same-short-meaning-candidate,jí máng,vội vàng,exact normalized Vietnamese short meaning: vội vàng,hsk_2.json,needs-review
赶到,连忙,same-short-meaning-candidate,lián máng,vội vàng,exact normalized Vietnamese short meaning: vội vàng,hsk_3.json,needs-review
赶快,马上,same-short-meaning-candidate,mǎ shàng,ngay lập tức,exact normalized Vietnamese short meaning: ngay lập tức,hsk_1.json,needs-review
赶快,立刻,same-short-meaning-candidate,lì kè,ngay lập tức,exact normalized Vietnamese short meaning: ngay lập tức,hsk_2.json,needs-review
赶紧,快速,same-short-meaning-candidate,kuài sù,nhanh chóng,exact normalized Vietnamese short meaning: nhanh chóng,hsk_3.json,needs-review
超越,超过,same-short-meaning-candidate,chāo guò,vượt qua,exact normalized Vietnamese short meaning: vượt qua,hsk_2.json,needs-review
超过,超越,same-short-meaning-candidate,chāo yuè,vượt qua,exact normalized Vietnamese short meaning: vượt qua,hsk_3.json,needs-review
趣味,爱好,same-short-meaning-candidate,ài hào,sở thích,exact normalized Vietnamese short meaning: sở thích,hsk_1.json,needs-review
趣味,兴趣,same-short-meaning-candidate,xìng qù,sở thích,exact normalized Vietnamese short meaning: sở thích,hsk_3.json,needs-review
跳舞,舞蹈,same-short-meaning-candidate,wǔ dǎo,nhảy múa,exact normalized Vietnamese short meaning: nhảy múa,hsk_3.json,needs-review
身边,旁边,same-short-meaning-candidate,páng biān,bên cạnh,exact normalized Vietnamese short meaning: bên cạnh,hsk_1.json,needs-review
身边,隔壁,same-short-meaning-candidate,gé bì,bên cạnh,exact normalized Vietnamese short meaning: bên cạnh,hsk_2.json,needs-review
身高,个子,same-short-meaning-candidate,gè zi,chiều cao,exact normalized Vietnamese short meaning: chiều cao,hsk_1.json,needs-review
车辆,储量,homophone,chǔ liàng,Trữ lượng,exact normalized pinyin match in local HSK data,hsk_3.json,reviewed-local
转变,改变,same-short-meaning-candidate,gǎi biàn,thay đổi,exact normalized Vietnamese short meaning: thay đổi,hsk_2.json,needs-review
转变,变化,same-short-meaning-candidate,biàn huà,thay đổi,exact normalized Vietnamese short meaning: thay đổi,hsk_2.json,needs-review
转身,回来,same-short-meaning-candidate,huí lai,quay lại,exact normalized Vietnamese short meaning: quay lại,hsk_1.json,needs-review
辅导,指导,same-short-meaning-candidate,zhǐ dǎo,hướng dẫn,exact normalized Vietnamese short meaning: hướng dẫn,hsk_3.json,needs-review
达到,实现,same-short-meaning-candidate,shí xiàn,đạt được,exact normalized Vietnamese short meaning: đạt được,hsk_2.json,needs-review
达到,取得,same-short-meaning-candidate,qǔ dé,đạt được,exact normalized Vietnamese short meaning: đạt được,hsk_2.json,needs-review
达到,得出,same-short-meaning-candidate,dé chū,đạt được,exact normalized Vietnamese short meaning: đạt được,hsk_2.json,needs-review
运动,锻炼,same-short-meaning-candidate,duàn liàn,tập thể dục,exact normalized Vietnamese short meaning: tập thể dục,hsk_1.json,needs-review
近期,最近,same-short-meaning-candidate,zuì jìn,gần đây,exact normalized Vietnamese short meaning: gần đây,hsk_2.json,needs-review
近期,附近,same-short-meaning-candidate,fù jìn,gần đây,exact normalized Vietnamese short meaning: gần đây,hsk_2.json,needs-review
这儿,这{儿},homophone,zhèr ,ở đây,exact normalized pinyin match in local HSK data,hsk_1.json,reviewed-local
这儿,这边,same-short-meaning-candidate,zhè biān,ở đây,exact normalized Vietnamese short meaning: ở đây,hsk_1.json,needs-review
这儿,这里,same-short-meaning-candidate,zhè li,ở đây,exact normalized Vietnamese short meaning: ở đây,hsk_1.json,needs-review
这儿,这{儿},same-short-meaning-candidate,zhèr ,ở đây,exact normalized Vietnamese short meaning: ở đây,hsk_1.json,needs-review
这边,这儿,same-short-meaning-candidate,zhèr,ở đây,exact normalized Vietnamese short meaning: ở đây,hsk_1.json,needs-review
这边,这里,same-short-meaning-candidate,zhè li,ở đây,exact normalized Vietnamese short meaning: ở đây,hsk_1.json,needs-review
这边,这{儿},same-short-meaning-candidate,zhèr ,ở đây,exact normalized Vietnamese short meaning: ở đây,hsk_1.json,needs-review
这里,这儿,same-short-meaning-candidate,zhèr,ở đây,exact normalized Vietnamese short meaning: ở đây,hsk_1.json,needs-review
这里,这边,same-short-meaning-candidate,zhè biān,ở đây,exact normalized Vietnamese short meaning: ở đây,hsk_1.json,needs-review
这里,这{儿},same-short-meaning-candidate,zhèr ,ở đây,exact normalized Vietnamese short meaning: ở đây,hsk_1.json,needs-review
进入,进来,same-short-meaning-candidate,jìn lái,vào,exact normalized Vietnamese short meaning: vào,hsk_1.json,needs-review
进去,走进,same-short-meaning-candidate,zǒu jìn,đi vào,exact normalized Vietnamese short meaning: đi vào,hsk_2.json,needs-review
进来,进入,same-short-meaning-candidate,jìn rù,vào,exact normalized Vietnamese short meaning: vào,hsk_2.json,needs-review
进行,推进,same-short-meaning-candidate,tuī jìn,tiến hành,exact normalized Vietnamese short meaning: tiến hành,hsk_3.json,needs-review
连忙,急忙,same-short-meaning-candidate,jí máng,vội vàng,exact normalized Vietnamese short meaning: vội vàng,hsk_2.json,needs-review
连忙,赶到,same-short-meaning-candidate,gǎn dào,vội vàng,exact normalized Vietnamese short meaning: vội vàng,hsk_3.json,needs-review
连续,不断,same-short-meaning-candidate,bù duàn,liên tục,exact normalized Vietnamese short meaning: liên tục,hsk_3.json,needs-review
送给,发送,same-short-meaning-candidate,fā sòng,gửi,exact normalized Vietnamese short meaning: gửi,hsk_3.json,needs-review
适合,合适,same-short-meaning-candidate,hé shì,phù hợp,exact normalized Vietnamese short meaning: phù hợp,hsk_2.json,needs-review
适合,符合,same-short-meaning-candidate,fú hé,phù hợp,exact normalized Vietnamese short meaning: phù hợp,hsk_3.json,needs-review
适合,适用,same-short-meaning-candidate,shì yòng,phù hợp,exact normalized Vietnamese short meaning: phù hợp,hsk_3.json,needs-review
适用,合适,same-short-meaning-candidate,hé shì,phù hợp,exact normalized Vietnamese short meaning: phù hợp,hsk_2.json,needs-review
适用,符合,same-short-meaning-candidate,fú hé,phù hợp,exact normalized Vietnamese short meaning: phù hợp,hsk_3.json,needs-review
适用,适合,same-short-meaning-candidate,shì hé,phù hợp,exact normalized Vietnamese short meaning: phù hợp,hsk_3.json,needs-review
选手,运动员,same-short-meaning-candidate,yùn dòng yuán,vận động viên,exact normalized Vietnamese short meaning: vận động viên,hsk_3.json,needs-review
通知,启事,same-short-meaning-candidate,qǐ shì,thông báo,exact normalized Vietnamese short meaning: thông báo,hsk_2.json,needs-review
造成,诱发,same-short-meaning-candidate,yòu fā,gây ra,exact normalized Vietnamese short meaning: gây ra,hsk_3.json,needs-review
遇见,见面,same-short-meaning-candidate,jiàn miàn,gặp,exact normalized Vietnamese short meaning: gặp,hsk_1.json,needs-review
遇见,见到,same-short-meaning-candidate,jiàn dào,gặp,exact normalized Vietnamese short meaning: gặp,hsk_2.json,needs-review
道路,马路,same-short-meaning-candidate,mǎ lù,đường,exact normalized Vietnamese short meaning: đường,hsk_1.json,needs-review
那儿,那{儿},homophone,nàr ,ở đó,exact normalized pinyin match in local HSK data,hsk_1.json,reviewed-local
那儿,那边,same-short-meaning-candidate,nà biān,ở đó,exact normalized Vietnamese short meaning: ở đó,hsk_1.json,needs-review
那儿,那{儿},same-short-meaning-candidate,nàr ,ở đó,exact normalized Vietnamese short meaning: ở đó,hsk_1.json,needs-review
那儿,那里,same-short-meaning-candidate,nà li,ở đó,exact normalized Vietnamese short meaning: ở đó,hsk_1.json,needs-review
那边,那儿,same-short-meaning-candidate,nàr,ở đó,exact normalized Vietnamese short meaning: ở đó,hsk_1.json,needs-review
那边,那{儿},same-short-meaning-candidate,nàr ,ở đó,exact normalized Vietnamese short meaning: ở đó,hsk_1.json,needs-review
那边,那里,same-short-meaning-candidate,nà li,ở đó,exact normalized Vietnamese short meaning: ở đó,hsk_1.json,needs-review
那里,那儿,same-short-meaning-candidate,nàr,ở đó,exact normalized Vietnamese short meaning: ở đó,hsk_1.json,needs-review
那里,那边,same-short-meaning-candidate,nà biān,ở đó,exact normalized Vietnamese short meaning: ở đó,hsk_1.json,needs-review
那里,那{儿},same-short-meaning-candidate,nàr ,ở đó,exact normalized Vietnamese short meaning: ở đó,hsk_1.json,needs-review
酒店,宾馆,same-short-meaning-candidate,bīn guǎn,khách sạn,exact normalized Vietnamese short meaning: khách sạn,hsk_2.json,needs-review
酒店,旅馆,same-short-meaning-candidate,lǚ guǎn,khách sạn,exact normalized Vietnamese short meaning: khách sạn,hsk_3.json,needs-review
采取,实行,same-short-meaning-candidate,shí xíng,thực hiện,exact normalized Vietnamese short meaning: thực hiện,hsk_2.json,needs-review
采用,利用,same-short-meaning-candidate,lì yòng,sử dụng,exact normalized Vietnamese short meaning: sử dụng,hsk_2.json,needs-review
采用,使用,same-short-meaning-candidate,shǐ yòng,sử dụng,exact normalized Vietnamese short meaning: sử dụng,hsk_2.json,needs-review
里头,里边,same-short-meaning-candidate,lǐ biān,bên trong,exact normalized Vietnamese short meaning: bên trong,hsk_1.json,needs-review
里头,里面,same-short-meaning-candidate,lǐ miàn,bên trong,exact normalized Vietnamese short meaning: bên trong,hsk_2.json,needs-review
里边,里面,same-short-meaning-candidate,lǐ miàn,bên trong,exact normalized Vietnamese short meaning: bên trong,hsk_2.json,needs-review
里边,里头,same-short-meaning-candidate,lǐ tou,bên trong,exact normalized Vietnamese short meaning: bên trong,hsk_2.json,needs-review
里面,里边,same-short-meaning-candidate,lǐ biān,bên trong,exact normalized Vietnamese short meaning: bên trong,hsk_1.json,needs-review
里面,里头,same-short-meaning-candidate,lǐ tou,bên trong,exact normalized Vietnamese short meaning: bên trong,hsk_2.json,needs-review
重大,重要,same-short-meaning-candidate,zhòng yào,quan trọng,exact normalized Vietnamese short meaning: quan trọng,hsk_1.json,needs-review
重要,重大,same-short-meaning-candidate,zhòng dà,quan trọng,exact normalized Vietnamese short meaning: quan trọng,hsk_3.json,needs-review
野生,医生,homophone,yī shēng,bác sĩ,exact normalized pinyin match in local HSK data,hsk_1.json,reviewed-local
野生,一生,homophone,yī shēng,cả đời,exact normalized pinyin match in local HSK data,hsk_2.json,reviewed-local
钟头,小时,same-short-meaning-candidate,xiǎo shí,giờ,exact normalized Vietnamese short meaning: giờ,hsk_1.json,needs-review
钟头,点钟,same-short-meaning-candidate,diǎn zhōng,Giờ,exact normalized Vietnamese short meaning: giờ,hsk_1.json,needs-review
钥匙,要是,homophone,yào shi,nếu,exact normalized pinyin match in local HSK data,hsk_2.json,reviewed-local
锻炼,运动,same-short-meaning-candidate,yùn dòng,tập thể dục,exact normalized Vietnamese short meaning: tập thể dục,hsk_2.json,needs-review
长处,优点,same-short-meaning-candidate,yōu diǎn,ưu điểm,exact normalized Vietnamese short meaning: ưu điểm,hsk_3.json,needs-review
长大,成长,same-short-meaning-candidate,chéng zhǎng,trưởng thành,exact normalized Vietnamese short meaning: trưởng thành,hsk_3.json,needs-review
长大,成熟,same-short-meaning-candidate,chéng shú,trưởng thành,exact normalized Vietnamese short meaning: trưởng thành,hsk_3.json,needs-review
门口,入口,same-short-meaning-candidate,rù kǒu,lối vào,exact normalized Vietnamese short meaning: lối vào,hsk_2.json,needs-review
问好,打听,same-short-meaning-candidate,dǎ ting,hỏi thăm,exact normalized Vietnamese short meaning: Hỏi thăm,hsk_3.json,needs-review
附近,最近,same-short-meaning-candidate,zuì jìn,gần đây,exact normalized Vietnamese short meaning: gần đây,hsk_2.json,needs-review
附近,近期,same-short-meaning-candidate,jìn qī,gần đây,exact normalized Vietnamese short meaning: gần đây,hsk_3.json,needs-review
院长,校长,same-short-meaning-candidate,xiào zhǎng,hiệu trưởng,exact normalized Vietnamese short meaning: hiệu trưởng,hsk_2.json,needs-review
除了,另外,same-short-meaning-candidate,lìng wài,ngoài ra,exact normalized Vietnamese short meaning: ngoài ra,hsk_1.json,needs-review
除了,而且,same-short-meaning-candidate,ér qiě,ngoài ra,exact normalized Vietnamese short meaning: ngoài ra,hsk_2.json,needs-review
隔壁,旁边,same-short-meaning-candidate,páng biān,bên cạnh,exact normalized Vietnamese short meaning: bên cạnh,hsk_1.json,needs-review
隔壁,身边,same-short-meaning-candidate,shēn biān,bên cạnh,exact normalized Vietnamese short meaning: bên cạnh,hsk_2.json,needs-review
难过,悲伤,same-short-meaning-candidate,bēi shāng,buồn,exact normalized Vietnamese short meaning: buồn,hsk_3.json,needs-review
非常,极了,same-short-meaning-candidate,jí le,cực kỳ,exact normalized Vietnamese short meaning: cực kỳ,hsk_1.json,needs-review
非常,要命,same-short-meaning-candidate,yào mìng,cực kỳ,exact normalized Vietnamese short meaning: cực kỳ,hsk_3.json,needs-review
顺序,秩序,same-short-meaning-candidate,zhì xù,trật tự,exact normalized Vietnamese short meaning: trật tự,hsk_3.json,needs-review
顾客,客人,same-short-meaning-candidate,kè rén,khách hàng,exact normalized Vietnamese short meaning: khách hàng,hsk_1.json,needs-review
领悟,明白,same-short-meaning-candidate,míng bai,hiểu,exact normalized Vietnamese short meaning: hiểu,hsk_1.json,needs-review
领悟,懂得,same-short-meaning-candidate,dǒng dé,hiểu,exact normalized Vietnamese short meaning: hiểu,hsk_2.json,needs-review
领悟,理解,same-short-meaning-candidate,lǐ jiě,hiểu,exact normalized Vietnamese short meaning: hiểu,hsk_3.json,needs-review
领悟,体会,same-short-meaning-candidate,tǐ huì,hiểu,exact normalized Vietnamese short meaning: hiểu,hsk_3.json,needs-review
频繁,常常,same-short-meaning-candidate,cháng cháng,thường xuyên,exact normalized Vietnamese short meaning: thường xuyên,hsk_1.json,needs-review
频繁,经常,same-short-meaning-candidate,jīng cháng,thường xuyên,exact normalized Vietnamese short meaning: thường xuyên,hsk_2.json,needs-review
频繁,往往,same-short-meaning-candidate,wǎng wǎng,thường xuyên,exact normalized Vietnamese short meaning: thường xuyên,hsk_3.json,needs-review
题目,标题,same-short-meaning-candidate,biāo tí,tiêu đề,exact normalized Vietnamese short meaning: tiêu đề,hsk_3.json,needs-review
颜色,色彩,same-short-meaning-candidate,sè cǎi,màu sắc,exact normalized Vietnamese short meaning: màu sắc,hsk_3.json,needs-review
风景,景色,same-short-meaning-candidate,jǐng sè,phong cảnh,exact normalized Vietnamese short meaning: phong cảnh,hsk_3.json,needs-review
饭店,饭馆,same-short-meaning-candidate,fàn guǎn,nhà hàng,exact normalized Vietnamese short meaning: nhà hàng,hsk_1.json,needs-review
饭馆,饭店,same-short-meaning-candidate,fàn diàn,nhà hàng,exact normalized Vietnamese short meaning: nhà hàng,hsk_1.json,needs-review
马上,立刻,same-short-meaning-candidate,lì kè,ngay lập tức,exact normalized Vietnamese short meaning: ngay lập tức,hsk_2.json,needs-review
马上,赶快,same-short-meaning-candidate,gǎn kuài,ngay lập tức,exact normalized Vietnamese short meaning: ngay lập tức,hsk_3.json,needs-review
马路,道路,same-short-meaning-candidate,dào lù,đường,exact normalized Vietnamese short meaning: đường,hsk_2.json,needs-review
骄傲,自豪,same-short-meaning-candidate,zì háo,tự hào,exact normalized Vietnamese short meaning: tự hào,hsk_3.json,needs-review
黑板,海滨,homophone,hǎi bīn,bờ biển,exact normalized pinyin match in local HSK data,hsk_3.json,reviewed-local
一会儿,一会{儿},homophone,yī huìr ,một lát,exact normalized pinyin match in local HSK data,hsk_1.json,reviewed-local
一会儿,一下,same-short-meaning-candidate,yī xià,một lát,exact normalized Vietnamese short meaning: một lát,hsk_1.json,needs-review
一会儿,一会{儿},same-short-meaning-candidate,yī huìr ,một lát,exact normalized Vietnamese short meaning: một lát,hsk_1.json,needs-review
一块儿,一起,same-short-meaning-candidate,yī qǐ,cùng nhau,exact normalized Vietnamese short meaning: Cùng nhau,hsk_1.json,needs-review
一块儿,一齐,same-short-meaning-candidate,yī qí,cùng nhau,exact normalized Vietnamese short meaning: Cùng nhau,hsk_2.json,needs-review
一点儿,一点{儿},same-short-meaning-candidate,yī diǎnr ,một chút,exact normalized Vietnamese short meaning: một chút,hsk_1.json,needs-review
一点儿,一点点,same-short-meaning-candidate,yī diǎn diǎn,một chút,exact normalized Vietnamese short meaning: một chút,hsk_2.json,needs-review
一点儿,有点{儿},same-short-meaning-candidate,yǒu diǎnr ,một chút,exact normalized Vietnamese short meaning: một chút,hsk_2.json,needs-review
一点儿,有一点{儿},same-short-meaning-candidate,yǒu yī diǎnr ,một chút,exact normalized Vietnamese short meaning: một chút,hsk_2.json,needs-review
一点点,一点{儿},same-short-meaning-candidate,yī diǎnr ,một chút,exact normalized Vietnamese short meaning: một chút,hsk_1.json,needs-review
一点点,一点儿,same-short-meaning-candidate,yì diǎnr,một chút,exact normalized Vietnamese short meaning: một chút,hsk_1.json,needs-review
一点点,有点{儿},same-short-meaning-candidate,yǒu diǎnr ,một chút,exact normalized Vietnamese short meaning: một chút,hsk_2.json,needs-review
一点点,有一点{儿},same-short-meaning-candidate,yǒu yī diǎnr ,một chút,exact normalized Vietnamese short meaning: một chút,hsk_2.json,needs-review
不一定,不必,same-short-meaning-candidate,bù bì,không nhất thiết,exact normalized Vietnamese short meaning: không nhất thiết,hsk_3.json,needs-review
了不起,精彩,same-short-meaning-candidate,jīng cǎi,tuyệt vời,exact normalized Vietnamese short meaning: tuyệt vời,hsk_2.json,needs-review
了不起,好样儿的,same-short-meaning-candidate,hǎo yàngr  de,Tuyệt vời,exact normalized Vietnamese short meaning: tuyệt vời,hsk_3.json,needs-review
价值观,价值,same-short-meaning-candidate,jià zhí,giá trị,exact normalized Vietnamese short meaning: giá trị,hsk_3.json,needs-review
体育场,体育馆,same-short-meaning-candidate,tǐ yù guǎn,sân vận động,exact normalized Vietnamese short meaning: sân vận động,hsk_2.json,needs-review
体育馆,体育场,same-short-meaning-candidate,tǐ yù chǎng,sân vận động,exact normalized Vietnamese short meaning: sân vận động,hsk_2.json,needs-review
公交车,公共汽车,same-short-meaning-candidate,gōng gòng qì chē,xe buýt,exact normalized Vietnamese short meaning: xe buýt,hsk_1.json,needs-review
公交车,大巴,same-short-meaning-candidate,dà bā,xe buýt,exact normalized Vietnamese short meaning: xe buýt,hsk_1.json,needs-review
卫生间,洗手间,same-short-meaning-candidate,xǐ shǒu jiān,nhà vệ sinh,exact normalized Vietnamese short meaning: nhà vệ sinh,hsk_1.json,needs-review
发脾气,生气,same-short-meaning-candidate,shēng qì,nổi giận,exact normalized Vietnamese short meaning: nổi giận,hsk_1.json,needs-review
好玩儿,好玩{儿},homophone,hǎo wánr ,vui,exact normalized pinyin match in local HSK data,hsk_1.json,reviewed-local
好玩儿,好玩{儿},same-short-meaning-candidate,hǎo wánr ,vui,exact normalized Vietnamese short meaning: vui,hsk_1.json,needs-review
实际上,实际,same-short-meaning-candidate,shí jì,thực tế,exact normalized Vietnamese short meaning: thực tế,hsk_2.json,needs-review
实际上,现实,same-short-meaning-candidate,xiàn shí,thực tế,exact normalized Vietnamese short meaning: thực tế,hsk_3.json,needs-review
干什么,干吗,same-short-meaning-candidate,gàn mā,Làm gì?,exact normalized Vietnamese short meaning: làm gì?,hsk_3.json,needs-review
恨不得,愿望,same-short-meaning-candidate,yuàn wàng,mong muốn,exact normalized Vietnamese short meaning: mong muốn,hsk_2.json,needs-review
打交道,联系,same-short-meaning-candidate,lián xì,liên lạc,exact normalized Vietnamese short meaning: liên lạc,hsk_2.json,needs-review
打交道,来往,same-short-meaning-candidate,lái wang,liên lạc,exact normalized Vietnamese short meaning: liên lạc,hsk_3.json,needs-review
星期天,星期日,same-short-meaning-candidate,xīng qī rì,Chủ nhật,exact normalized Vietnamese short meaning: Chủ nhật,hsk_1.json,needs-review
星期日,星期天,same-short-meaning-candidate,xīng qī tiān,Chủ nhật,exact normalized Vietnamese short meaning: Chủ nhật,hsk_1.json,needs-review
有时候,有时,same-short-meaning-candidate,yǒu shí,Đôi khi,exact normalized Vietnamese short meaning: đôi khi,hsk_2.json,needs-review
有点儿,有点{儿},homophone,yǒu diǎnr ,một chút,exact normalized pinyin match in local HSK data,hsk_2.json,reviewed-local
比一比,相比,same-short-meaning-candidate,xiāng bǐ,so sánh,exact normalized Vietnamese short meaning: so sánh,hsk_3.json,needs-review
比方说,比如,same-short-meaning-candidate,bǐ rú,ví dụ,exact normalized Vietnamese short meaning: Ví dụ,hsk_1.json,needs-review
比方说,例子,same-short-meaning-candidate,lì zi,ví dụ,exact normalized Vietnamese short meaning: Ví dụ,hsk_2.json,needs-review
比方说,例如,same-short-meaning-candidate,lì rú,ví dụ,exact normalized Vietnamese short meaning: Ví dụ,hsk_2.json,needs-review
没关系,没事,same-short-meaning-candidate,méi shì,không sao,exact normalized Vietnamese short meaning: không sao,hsk_1.json,needs-review
洗手间,卫生间,same-short-meaning-candidate,wèi shēng jiān,nhà vệ sinh,exact normalized Vietnamese short meaning: nhà vệ sinh,hsk_1.json,needs-review
演唱会,音乐会,same-short-meaning-candidate,yīn yuè huì,buổi hòa nhạc,exact normalized Vietnamese short meaning: buổi hòa nhạc,hsk_1.json,needs-review
照相机,相机,same-short-meaning-candidate,xiàng jī,máy ảnh,exact normalized Vietnamese short meaning: máy ảnh,hsk_2.json,needs-review
玩意儿,玩具,same-short-meaning-candidate,wán jù,đồ chơi,exact normalized Vietnamese short meaning: đồ chơi,hsk_3.json,needs-review
电视剧,连续剧,same-short-meaning-candidate,lián xù jù,phim truyền hình,exact normalized Vietnamese short meaning: phim truyền hình,hsk_3.json,needs-review
电视机,电视,same-short-meaning-candidate,diàn shì,TV,exact normalized Vietnamese short meaning: TV,hsk_1.json,needs-review
聊天儿,聊天{儿},homophone,liáo tiānr ,trò chuyện,exact normalized pinyin match in local HSK data,hsk_3.json,reviewed-local
聊天儿,聊天{儿},same-short-meaning-candidate,liáo tiānr ,trò chuyện,exact normalized Vietnamese short meaning: Trò chuyện,hsk_3.json,needs-review
计算机,电脑,same-short-meaning-candidate,diàn nǎo,máy tính,exact normalized Vietnamese short meaning: máy tính,hsk_1.json,needs-review
运动员,选手,same-short-meaning-candidate,xuǎn shǒu,vận động viên,exact normalized Vietnamese short meaning: vận động viên,hsk_3.json,needs-review
进一步,继续,same-short-meaning-candidate,jì xù,tiếp tục,exact normalized Vietnamese short meaning: tiếp tục,hsk_1.json,needs-review
进一步,接着,same-short-meaning-candidate,jiē zhe,tiếp tục,exact normalized Vietnamese short meaning: tiếp tục,hsk_2.json,needs-review
进一步,持续,same-short-meaning-candidate,chí xù,tiếp tục,exact normalized Vietnamese short meaning: tiếp tục,hsk_3.json,needs-review
连续剧,电视剧,same-short-meaning-candidate,diàn shì jù,phim truyền hình,exact normalized Vietnamese short meaning: phim truyền hình,hsk_1.json,needs-review
那时候,当时,same-short-meaning-candidate,dāng shí,lúc đó,exact normalized Vietnamese short meaning: lúc đó,hsk_2.json,needs-review
音乐会,演唱会,same-short-meaning-candidate,yǎn chàng huì,buổi hòa nhạc,exact normalized Vietnamese short meaning: buổi hòa nhạc,hsk_3.json,needs-review
一路平安,一路顺风,same-short-meaning-candidate,yī lù shùn fēng,thượng lộ bình an,exact normalized Vietnamese short meaning: Thượng lộ bình an,hsk_2.json,needs-review
一路顺风,一路平安,same-short-meaning-candidate,yī lù píng'ān,Thượng lộ bình an,exact normalized Vietnamese short meaning: thượng lộ bình an,hsk_2.json,needs-review
公共汽车,大巴,same-short-meaning-candidate,dà bā,xe buýt,exact normalized Vietnamese short meaning: xe buýt,hsk_1.json,needs-review
公共汽车,公交车,same-short-meaning-candidate,gōng jiāo chē,xe buýt,exact normalized Vietnamese short meaning: xe buýt,hsk_2.json,needs-review
哪{儿},哪儿,homophone,nǎr,ở đâu,exact normalized pinyin match in local HSK data,hsk_1.json,reviewed-local
哪{儿},哪儿,same-short-meaning-candidate,nǎr,ở đâu,exact normalized Vietnamese short meaning: Ở đâu?,hsk_1.json,needs-review
哪{儿},哪里,same-short-meaning-candidate,nǎ lǐ,ở đâu,exact normalized Vietnamese short meaning: Ở đâu?,hsk_1.json,needs-review
好样儿的,精彩,same-short-meaning-candidate,jīng cǎi,tuyệt vời,exact normalized Vietnamese short meaning: Tuyệt vời,hsk_2.json,needs-review
好样儿的,了不起,same-short-meaning-candidate,liǎo bu qǐ,tuyệt vời,exact normalized Vietnamese short meaning: Tuyệt vời,hsk_2.json,needs-review
显而易见,清楚,same-short-meaning-candidate,qīng chu,rõ ràng,exact normalized Vietnamese short meaning: rõ ràng,hsk_2.json,needs-review
显而易见,显然,same-short-meaning-candidate,xiǎn rán,rõ ràng,exact normalized Vietnamese short meaning: rõ ràng,hsk_3.json,needs-review
显而易见,可见,same-short-meaning-candidate,kě jiàn,rõ ràng,exact normalized Vietnamese short meaning: rõ ràng,hsk_3.json,needs-review
显而易见,明显,same-short-meaning-candidate,míng xiǎn,rõ ràng,exact normalized Vietnamese short meaning: rõ ràng,hsk_3.json,needs-review
玩{儿},玩儿,homophone,wánr ,chơi,exact normalized pinyin match in local HSK data,hsk_1.json,reviewed-local
玩{儿},玩儿,same-short-meaning-candidate,wánr ,chơi,exact normalized Vietnamese short meaning: Chơi,hsk_1.json,needs-review
画{儿},画儿,homophone,huàr ,bức tranh,exact normalized pinyin match in local HSK data,hsk_2.json,reviewed-local
空{儿},空儿,homophone,kòngr ,thời gian rảnh,exact normalized pinyin match in local HSK data,hsk_1.json,reviewed-local
莫名其妙,困惑,same-short-meaning-candidate,kùn huò,bối rối,exact normalized Vietnamese short meaning: bối rối,hsk_3.json,needs-review
购物中心,商场,same-short-meaning-candidate,shāng chǎng,trung tâm mua sắm,exact normalized Vietnamese short meaning: trung tâm mua sắm,hsk_1.json,needs-review
这{儿},这儿,homophone,zhèr,ở đây,exact normalized pinyin match in local HSK data,hsk_1.json,reviewed-local
这{儿},这儿,same-short-meaning-candidate,zhèr,ở đây,exact normalized Vietnamese short meaning: ở đây,hsk_1.json,needs-review
这{儿},这边,same-short-meaning-candidate,zhè biān,ở đây,exact normalized Vietnamese short meaning: ở đây,hsk_1.json,needs-review
这{儿},这里,same-short-meaning-candidate,zhè li,ở đây,exact normalized Vietnamese short meaning: ở đây,hsk_1.json,needs-review
那{儿},那儿,homophone,nàr,ở đó,exact normalized pinyin match in local HSK data,hsk_1.json,reviewed-local
那{儿},那儿,same-short-meaning-candidate,nàr,ở đó,exact normalized Vietnamese short meaning: ở đó,hsk_1.json,needs-review
那{儿},那边,same-short-meaning-candidate,nà biān,ở đó,exact normalized Vietnamese short meaning: ở đó,hsk_1.json,needs-review
那{儿},那里,same-short-meaning-candidate,nà li,ở đó,exact normalized Vietnamese short meaning: ở đó,hsk_1.json,needs-review
高速公路,公路,same-short-meaning-candidate,gōng lù,đường cao tốc,exact normalized Vietnamese short meaning: đường cao tốc,hsk_2.json,needs-review
一会{儿},一会儿,homophone,yī huìr ,một lát,exact normalized pinyin match in local HSK data,hsk_1.json,reviewed-local
一会{儿},一下,same-short-meaning-candidate,yī xià,một lát,exact normalized Vietnamese short meaning: một lát,hsk_1.json,needs-review
一会{儿},一会儿,same-short-meaning-candidate,yī huìr ,một lát,exact normalized Vietnamese short meaning: một lát,hsk_1.json,needs-review
一点{儿},一点儿,same-short-meaning-candidate,yì diǎnr,một chút,exact normalized Vietnamese short meaning: một chút,hsk_1.json,needs-review
一点{儿},一点点,same-short-meaning-candidate,yī diǎn diǎn,một chút,exact normalized Vietnamese short meaning: một chút,hsk_2.json,needs-review
一点{儿},有点{儿},same-short-meaning-candidate,yǒu diǎnr ,một chút,exact normalized Vietnamese short meaning: một chút,hsk_2.json,needs-review
一点{儿},有一点{儿},same-short-meaning-candidate,yǒu yī diǎnr ,một chút,exact normalized Vietnamese short meaning: một chút,hsk_2.json,needs-review
女孩{儿},女儿,same-short-meaning-candidate,nǚ'ér,con gái,exact normalized Vietnamese short meaning: con gái,hsk_1.json,needs-review
好玩{儿},好玩儿,homophone,hǎo wánr,vui,exact normalized pinyin match in local HSK data,hsk_1.json,reviewed-local
好玩{儿},好玩儿,same-short-meaning-candidate,hǎo wánr,vui,exact normalized Vietnamese short meaning: vui,hsk_1.json,needs-review
有点{儿},有点儿,homophone,yǒu diǎnr,hơi,exact normalized pinyin match in local HSK data,hsk_1.json,reviewed-local
有点{儿},一点{儿},same-short-meaning-candidate,yī diǎnr ,một chút,exact normalized Vietnamese short meaning: một chút,hsk_1.json,needs-review
有点{儿},一点儿,same-short-meaning-candidate,yì diǎnr,một chút,exact normalized Vietnamese short meaning: một chút,hsk_1.json,needs-review
有点{儿},一点点,same-short-meaning-candidate,yī diǎn diǎn,một chút,exact normalized Vietnamese short meaning: một chút,hsk_2.json,needs-review
有点{儿},有一点{儿},same-short-meaning-candidate,yǒu yī diǎnr ,một chút,exact normalized Vietnamese short meaning: một chút,hsk_2.json,needs-review
聊天{儿},聊天儿,homophone,liáo tiānr ,Trò chuyện,exact normalized pinyin match in local HSK data,hsk_1.json,reviewed-local
聊天{儿},聊天儿,same-short-meaning-candidate,liáo tiānr ,Trò chuyện,exact normalized Vietnamese short meaning: trò chuyện,hsk_1.json,needs-review
有一点{儿},一点{儿},same-short-meaning-candidate,yī diǎnr ,một chút,exact normalized Vietnamese short meaning: một chút,hsk_1.json,needs-review
有一点{儿},一点儿,same-short-meaning-candidate,yì diǎnr,một chút,exact normalized Vietnamese short meaning: một chút,hsk_1.json,needs-review
有一点{儿},一点点,same-short-meaning-candidate,yī diǎn diǎn,một chút,exact normalized Vietnamese short meaning: một chút,hsk_2.json,needs-review
有一点{儿},有点{儿},same-short-meaning-candidate,yǒu diǎnr ,một chút,exact normalized Vietnamese short meaning: một chút,hsk_2.json,needs-review
