word,hsk,charCount,pinyin,meaningShortVi,meaningFullVi,compounds,collocations,collocationsWithSentences,linkedCollocationSentences,sentences,grammar,reviewedRelations,candidateRelations,oldStatus,newStatus
T恤,2,2,<tì>xù,áo phông,"áo phông, áo thun",0,0,0,0,2,1,0,0,PASS,PASS
一下,1,2,yī xià,một lát,một lát; một chút,2,2,2,4,12,9,1,2,PASS,PASS
一些,1,2,yì xiē,một vài,"một ít, một số",0,0,0,0,6,5,0,0,PASS,PASS
一共,1,2,yī gòng,tổng cộng,tổng cộng,0,2,0,0,2,1,0,0,PASS,PASS
一切,2,2,yī qiè,tất cả,tất cả; mọi thứ; toàn bộ,0,2,0,0,2,1,0,1,PASS,PASS
一半,1,2,yī bàn,một nửa,một nửa,0,0,0,0,3,1,0,0,PASS,PASS
一定,1,2,yī dìng,nhất định,nhất định,1,2,1,2,10,8,0,1,PASS,PASS
一带,3,2,yī dài,khu vực lân cận,"Khu vực lân cận, vùng, dải đất",0,0,0,0,3,1,0,0,PASS,PASS
一样,1,2,yī yàng,giống nhau,giống nhau,1,3,3,5,9,8,0,0,PASS,PASS
一生,2,2,yī shēng,cả đời,cả đời,0,1,0,0,2,1,2,0,PASS,PASS
一直,1,2,yī zhí,thẳng,thẳng,0,1,1,3,4,6,0,0,PASS,PASS
一般,1,2,yī bān,thông thường,thông thường,1,1,1,3,3,3,0,1,PASS,PASS
一起,1,2,yī qǐ,cùng nhau,chung với nhau,0,3,3,5,10,7,0,2,PASS,PASS
一边,1,2,yī biān,một bên,một bên; một phía; vừa... vừa... (làm đồng thời hai việc),0,3,0,0,8,4,0,0,PASS,PASS
一齐,2,2,yī qí,cùng nhau,"đồng loạt, đồng thời, một lúc (tất cả cùng hành động vào một thời điểm)",0,2,0,0,4,1,0,2,PASS,PASS
万幸,2,2,wàn xìng,May mắn thay,"May mắn thay, may mắn tột cùng, thật may mắn.",0,0,0,0,2,1,0,0,PASS,PASS
丈夫,2,2,zhàng fu,chồng,chồng,0,0,0,0,1,2,0,0,PASS,PASS
上升,3,2,shàng shēng,tăng lên,"tăng lên, đi lên",0,2,1,1,3,2,0,0,PASS,PASS
上午,1,2,shàng wǔ,buổi sáng,buổi sáng,0,4,3,5,9,4,0,1,PASS,PASS
上去,2,2,shàng qu,lên,"lên trên, đi lên",1,2,2,3,5,5,0,0,PASS,PASS
上周,2,2,shàng zhōu,tuần trước,tuần trước,0,2,0,0,2,1,0,0,PASS,PASS
上学,1,2,shàng xué,đi học,đi học,0,2,1,1,3,1,0,1,PASS,PASS
上来,2,2,shàng lái,đi lên,"lên đây, đến đây",0,2,1,2,3,2,0,0,PASS,PASS
上次,1,2,shàng cì,lần trước,lần trước,0,1,1,3,4,2,0,0,PASS,PASS
上班,1,2,shàng bān,đi làm,"đi làm, bắt đầu ca làm việc",0,2,1,2,8,4,0,0,PASS,PASS
上网,1,2,shàng wǎng,lướt web,"lướt web, lên mạng (sử dụng Internet)",0,4,1,1,4,1,0,0,PASS,PASS
上衣,3,2,shàng yī,áo ngoài,áo; áo trên; áo ngoài,0,2,0,0,2,1,0,0,PASS,PASS
上课,1,2,shàng kè,đi học,"vào lớp, lên lớp",0,1,0,0,8,7,0,1,PASS,PASS
上车,1,2,shàng chē,lên xe,lên xe,0,2,0,0,4,2,0,0,PASS,PASS
上边,1,2,shàng biān,bên trên,"bên trên, phía trên",0,2,0,0,2,1,0,1,PASS,PASS
上述,3,2,shàng shù,nêu trên,"nêu trên, đã nêu ở trên (dùng trong văn viết để refer lại nội dung trước)",0,3,3,3,4,1,0,0,PASS,PASS
上面,2,2,shàng miàn,bên trên,"bên trên; phía trên; cấp trên; nói trên, ở trên",0,1,0,0,3,2,0,1,PASS,PASS
下午,1,2,xià wǔ,buổi chiều,buổi chiều,0,4,3,5,11,7,0,0,PASS,PASS
下去,2,2,xià qu,đi xuống,"xuống, đi xuống",0,2,2,3,7,7,0,1,PASS,PASS
下周,2,2,xià zhōu,tuần tới,tuần tới,0,1,0,0,2,2,0,0,PASS,PASS
下来,2,2,xià lái,đi xuống,"xuống đây, xuống",1,2,1,1,8,8,0,1,PASS,PASS
下棋,2,2,xià qí,chơi cờ,chơi cờ,0,0,0,0,0,1,0,0,PASS,PASS
下次,1,2,xià cì,lần sau,lần sau,0,2,1,2,3,1,0,0,PASS,PASS
下班,1,2,xià bān,tan làm,"tan làm, kết thúc ca làm việc",0,2,0,0,7,3,0,0,PASS,PASS
下课,1,2,xià kè,kết thúc lớp học,"tan học, tan lớp",0,0,0,0,6,4,0,0,PASS,PASS
下车,1,2,xià chē,xuống xe,xuống xe,0,1,1,3,3,1,0,0,PASS,PASS
下边,1,2,xià biān,bên dưới,bên dưới,0,2,0,0,4,2,0,2,PASS,PASS
下雨,1,2,xià yǔ,mưa rơi,"trời mưa, mưa rơi",0,0,0,0,13,10,0,0,PASS,PASS
下雪,2,2,xià xuě,tuyết rơi,hạ tuyết,0,2,0,0,5,3,0,0,PASS,PASS
下面,1,2,xià miàn,bên dưới,"bên dưới, phía dưới; phần dưới, cấp dưới",0,1,0,0,4,3,0,2,PASS,PASS
不久,2,2,bù jiǔ,sắp tới,sắp tới,0,2,0,0,2,1,0,0,PASS,PASS
不仅,3,2,bù jǐn,không chỉ,"không chỉ, không những; không những... mà còn",1,2,0,0,5,3,0,2,PASS,PASS
不但,2,2,bù dàn,không chỉ,không chỉ,0,1,0,0,3,2,0,2,PASS,PASS
不停,1,2,bù tíng,không ngừng,"không ngừng, không ngớt, liên tục",0,3,1,3,3,1,0,0,PASS,PASS
不光,3,2,bù guāng,không chỉ,không chỉ là; không những,0,2,0,0,2,1,0,2,PASS,PASS
不同,1,2,bù tóng,khác biệt,khác biệt,0,1,1,3,3,2,0,0,PASS,PASS
不够,2,2,bù gòu,không đủ,bất cú,0,3,3,4,4,2,0,0,PASS,PASS
不大,1,2,bù dà,không lớn,"không lớn, hơi nhỏ",0,2,1,1,3,2,0,0,PASS,PASS
不太,1,2,bù tài,không quá,bất thái,0,2,0,0,6,6,0,0,PASS,PASS
不如,2,2,bù rú,không bằng,không bằng,0,2,0,0,7,6,0,0,PASS,PASS
不妥,3,2,bù tuǒ,Không ổn,"Không ổn, không thỏa đáng, không phù hợp",0,0,0,0,2,1,0,0,PASS,PASS
不安,3,2,bù'ān,bất an,"Bất an, lo âu, không yên tâm",0,3,1,2,3,1,0,0,PASS,PASS
不对,1,2,bù duì,sai,"không đúng, sai",0,2,0,0,2,1,0,0,PASS,PASS
不少,2,2,bù shǎo,không ít,bất thiểu,0,3,2,3,8,6,0,0,PASS,PASS
不屈,3,2,bù qū,Bất khuất,"Bất khuất, không chịu khuất phục",0,0,0,0,2,1,0,0,PASS,PASS
不屑,3,2,bù xiè,không đáng,"Bất tiết — khinh thường, không thèm, coi là không xứng đáng để quan tâm. Thể hiện thái độ khinh bỉ hoặc tự cao.",0,3,2,2,4,1,0,0,PASS,PASS
不必,3,2,bù bì,không nhất thiết,"không cần, không nhất thiết",0,0,0,0,0,1,0,1,PASS,PASS
不断,3,2,bù duàn,liên tục,"Liên tục, không ngừng",0,3,1,1,3,1,0,1,PASS,PASS
不满,2,2,bù mǎn,bất mãn,bất mãn,0,2,1,1,3,1,0,0,PASS,PASS
不用,1,2,bù yòng,không cần,không cần; không phải; không dùng,1,3,2,2,5,1,0,0,PASS,PASS
不管,2,2,bù guǎn,bất kể,"bất kể, dù cho, không quản",0,2,0,0,5,4,0,0,PASS,PASS
不行,2,2,bù xíng,không được,không được,0,2,0,0,1,1,0,0,PASS,PASS
不要,1,2,bù yào,không,không,1,2,0,0,12,10,0,1,PASS,PASS
不见,3,2,bù jiàn,biến mất,biến mất,1,1,1,1,3,1,0,1,PASS,PASS
不论,3,2,bù lùn,không kể,"không kể, bất kể; không nói đến",0,2,0,0,2,1,0,0,PASS,PASS
不过,1,2,bù guò,nhưng,bất quá,0,2,0,0,4,4,0,2,PASS,PASS
不错,1,2,bù cuò,khá tốt,khá tốt; không tồi,0,1,0,0,5,4,0,0,PASS,PASS
专业,1,2,zhuān yè,chuyên nghiệp,"Chuyên nghiệp, chuyên môn",0,3,2,3,4,2,0,0,PASS,PASS
专家,3,2,zhuān jiā,chuyên gia,Chuyên gia,0,3,1,1,3,1,0,0,PASS,PASS
专门,2,2,zhuān mén,chuyên môn,chuyên môn; chuyên biệt; đặc biệt,0,2,1,1,2,1,0,0,PASS,PASS
专题,3,2,zhuān tí,chủ đề đặc biệt,chủ đề đặc biệt,0,2,0,0,2,1,0,0,PASS,PASS
世界,2,2,shì jiè,thế giới,thế giới,1,2,1,1,3,2,0,0,PASS,PASS
东北,1,2,Dōng běi,Đông Bắc,Đông Bắc,0,1,1,2,2,1,0,0,PASS,PASS
东南,1,2,dōng nán,đông nam,đông nam,1,2,0,0,1,1,0,0,PASS,PASS
东方,2,2,dōng fāng,phương đông,phương đông,0,1,1,1,1,1,0,0,PASS,PASS
东西,1,2,dōng xi,đồ,"đồ đạc, vật",0,3,3,6,10,7,0,0,PASS,PASS
东边,1,2,dōng biān,phía đông,"phía đông, bên đông",0,3,1,1,4,1,0,0,PASS,PASS
东部,3,2,dōng bù,phần phía đông,"khu vực phía đông, vùng phía đông",0,2,0,0,2,1,0,0,PASS,PASS
严肃,2,2,yán sù,nghiêm túc,"nghiêm túc, trang trọng, nghiêm khắc",0,0,0,0,4,2,0,0,PASS,PASS
个人,3,2,gè rén,cá nhân,cá nhân; từng người; mỗi người,0,2,1,2,12,10,0,0,PASS,PASS
个子,1,2,gè zi,chiều cao,chiều cao,0,2,2,2,4,3,0,1,PASS,PASS
个性,3,2,gè xìng,cá tính,"cá tính, tính cách riêng; đặc trưng riêng",0,2,0,0,2,1,0,0,PASS,PASS
中介,2,2,zhōng jiè,đại lý,trung + giới (đại lý),0,0,0,0,3,1,0,0,PASS,PASS
中医,2,2,zhōng yī,y học cổ truyền Trung Quốc,y học cổ truyền Trung Hoa,0,0,0,0,2,1,0,0,PASS,PASS
中午,1,2,zhōng wǔ,buổi trưa,buổi trưa,0,4,4,5,6,2,0,0,PASS,PASS
中和,3,2,zhōng hé,trung hòa,trung hòa,0,0,0,0,2,1,0,0,PASS,PASS
中国,1,2,Zhōng guó,Trung Quốc,Trung Quốc (nước Trung Hoa),1,4,3,7,20,10,0,0,PASS,PASS
中学,1,2,zhōng xué,trường trung học cơ sở,trung học,2,2,1,1,2,1,0,1,PASS,PASS
中年,2,2,zhōng nián,trung niên,trung niên,0,2,1,1,2,1,0,0,PASS,PASS
中心,1,2,zhōng xīn,trung tâm,trung tâm,1,2,1,1,2,1,0,0,PASS,PASS
中指,2,2,zhōng zhǐ,ngón giữa,ngón giữa,0,0,0,0,2,1,0,0,PASS,PASS
中文,1,2,zhōng wén,tiếng Trung,tiếng Trung (chữ viết),0,3,3,8,14,10,0,1,PASS,PASS
中级,2,2,zhōng jí,trung cấp,trung cấp,0,2,2,2,3,1,0,0,PASS,PASS
中部,3,2,zhōng bù,phần trung tâm,"khu vực trung tâm, phần giữa",0,1,0,0,2,1,0,0,PASS,PASS
中间,1,2,zhōng jiān,giữa,"ở giữa, trung gian",0,3,0,0,3,1,0,1,PASS,PASS
中餐,2,2,zhōng cān,ẩm thực Trung Quốc,trung xan,0,1,1,1,2,1,0,0,PASS,PASS
丰富,2,2,fēng fù,phong phú,phong phú; dồi dào; nhiều,0,2,0,0,2,1,0,1,PASS,PASS
丰满,3,2,fēng mǎn,đầy đặn,"đầy đặn, mập mạp, sung sức",0,3,2,2,3,1,0,0,PASS,PASS
丰盛,3,2,fēng shèng,thịnh soạn,"thịnh soạn, phong phú, dồi dào (về bữa ăn hoặc lễ vật)",0,3,0,0,4,1,0,0,PASS,PASS
为了,2,2,wèi le,để,Để - chỉ mục đích hoặc lý do của một hành động.,0,3,0,0,7,5,0,0,PASS,PASS
主人,2,2,zhǔ rén,chủ nhân,chủ nhân,0,1,0,0,2,1,0,0,PASS,PASS
主任,3,2,zhǔ rèn,trưởng ban,"trưởng ban, người phụ trách",1,2,1,1,2,1,0,0,PASS,PASS
主动,3,2,zhǔ dòng,chủ động,"Chủ động, tích cực",0,2,0,0,3,1,0,0,PASS,PASS
主导,3,2,zhǔ dǎo,dẫn dắt,"Đóng vai trò chính, chi phối, định hướng; dẫn dắt",0,0,0,0,3,1,1,2,PASS,PASS
主张,3,2,zhǔ zhāng,quan điểm,"chủ trương, quan điểm",0,0,0,0,0,1,0,2,PASS,PASS
主意,1,2,zhǔ yì,ý kiến,"chủ ý, ý kiến, kế hoạch; ý tưởng hoặc quyết định mà một người đã nghĩ ra",0,2,1,1,3,2,0,0,PASS,PASS
主持,3,2,zhǔ chí,dẫn chương trình,"chủ trì, dẫn chương trình; quản lý",1,2,1,1,2,1,1,0,PASS,PASS
主要,2,2,zhǔ yào,chính,chính,0,2,1,1,2,1,1,0,PASS,PASS
举办,2,2,jǔ bàn,tổ chức,"Tổ chức (hoạt động, sự kiện)",0,2,0,0,2,1,0,2,PASS,PASS
举动,3,2,jǔ dòng,hành động,"cử chỉ, hành động (cụ thể, có thể quan sát được — thường chỉ hành vi của người)",0,2,0,0,4,1,0,1,PASS,PASS
举手,2,2,jǔ shǒu,giơ tay,cử thủ,0,2,0,0,2,1,0,0,PASS,PASS
举行,2,2,jǔ xíng,tổ chức,tổ chức,0,1,1,1,2,1,0,2,PASS,PASS
乌鸦,3,2,wū yā,Quạ,Quạ,0,0,0,0,2,1,1,0,PASS,PASS
乌龟,2,2,wū guī,rùa,rùa,0,0,0,0,2,1,0,0,PASS,PASS
乐观,3,2,lè guān,lạc quan,Lạc quan,0,3,2,2,3,1,0,0,PASS,PASS
乐队,3,2,yuè duì,ban nhạc,Ban nhạc,0,2,0,0,2,1,0,0,PASS,PASS
乔木,3,2,qiáo mù,cây thân gỗ,"cây thân gỗ, cây to",0,0,0,0,2,1,0,0,PASS,PASS
也许,1,2,yě xǔ,có lẽ,có lẽ,0,1,1,3,3,2,0,0,PASS,PASS
习惯,1,2,xí guàn,thói quen,thói quen,0,1,0,0,3,2,0,1,PASS,PASS
书包,1,2,shū bāo,cặp sách,cặp sách,0,2,2,2,5,3,0,0,PASS,PASS
书店,1,2,shū diàn,hiệu sách,hiệu sách,0,2,0,0,4,2,0,0,PASS,PASS
书架,3,2,shū jià,giá sách,giá sách,0,0,0,0,0,1,1,0,PASS,PASS
了解,2,2,liǎo jiě,hiểu rõ,hiểu rõ,0,1,1,3,5,4,0,0,PASS,PASS
争取,3,2,zhēng qǔ,phấn đấu,phấn đấu,0,2,0,0,2,1,0,0,PASS,PASS
事业,3,2,shì yè,sự nghiệp,"Sự nghiệp, công việc kinh doanh hoặc sự nghiệp cá nhân",0,2,1,1,2,1,0,0,PASS,PASS
事先,3,2,shì xiān,trước,trước,0,1,1,2,2,1,0,0,PASS,PASS
事实,3,2,shì shí,sự thật,sự thật,1,1,0,0,1,1,0,1,PASS,PASS
事情,2,2,shì qing,việc,việc,0,3,1,1,9,7,0,0,PASS,PASS
事故,3,2,shì gù,tai nạn,"tai nạn, sự cố",0,2,0,0,1,2,0,0,PASS,PASS
于是,2,2,yú shì,sau đó,"sau đó, vì vậy, do đó",0,2,0,0,2,1,0,1,PASS,PASS
互相,2,2,hù xiāng,lẫn nhau,"Lẫn nhau, qua lại",0,4,1,1,4,2,0,1,PASS,PASS
互补,3,2,hù bǔ,bổ sung cho nhau,"bổ sung cho nhau, hỗ trợ nhau",0,0,0,0,1,1,0,0,PASS,PASS
五一,2,2,wǔ yī,Mùng 1 tháng 5 (Ngày Quốc tế Lao động),Mùng 1 tháng 5 (Ngày Quốc tế Lao động).,0,0,0,0,2,1,1,0,PASS,PASS
五十,1,2,wǔ shí,năm mươi,năm mươi,0,0,0,0,4,3,0,0,PASS,PASS
亚洲,2,2,Yà zhōu,châu Á,châu Á,0,0,0,0,3,1,0,0,PASS,PASS
交往,3,2,jiāo wǎng,giao lưu,giao lưu; qua lại; có mối quan hệ xã hội,0,1,0,0,2,1,0,0,PASS,PASS
交易,3,2,jiāo yì,giao dịch,"giao dịch, mua bán, trao đổi",0,1,0,0,1,1,0,0,PASS,PASS
交流,2,2,jiāo liú,trao đổi,"trao đổi, giao lưu",0,0,0,0,0,1,0,0,PASS,PASS
交涉,3,2,jiāo shè,đàm phán,Giao thiệp — đàm phán; thương lượng.,0,0,0,0,3,1,0,1,PASS,PASS
交给,2,2,jiāo gěi,bàn giao,bàn giao,0,0,0,0,2,1,0,0,PASS,PASS
交警,3,2,jiāo jǐng,cảnh sát giao thông,cảnh sát giao thông,0,2,0,0,2,1,0,0,PASS,PASS
交费,3,2,jiāo fèi,nộp phí,"nộp phí, thanh toán phí",0,0,0,0,1,1,0,0,PASS,PASS
交通,2,2,jiāo tōng,giao thông,giao thông,0,3,0,0,4,3,0,0,PASS,PASS
产生,2,2,chǎn shēng,sản xuất,"sinh ra, sản sinh, tạo ra",0,2,0,0,1,2,0,2,PASS,PASS
享受,2,2,xiǎng shòu,tận hưởng,tận hưởng,0,2,0,0,5,2,0,0,PASS,PASS
京剧,2,2,jīng jù,Kinh kịch,"Kinh kịch; một loại hình nghệ thuật sân khấu truyền thống của Trung Hoa với đặc điểm là hát, nói, diễn, múa kết hợp",0,2,1,1,2,1,0,0,PASS,PASS
亲人,3,2,qīn rén,thành viên trong gia đình,"Người thân, người ruột thịt",0,3,0,0,3,1,0,0,PASS,PASS
亲切,3,2,qīn qiè,thân thiện,Thân thiện,0,0,0,0,3,1,0,1,PASS,PASS
亲密,2,2,qīn mì,thân thiết,thân thiết,0,1,1,2,2,2,0,0,PASS,PASS
亲戚,1,2,qīn qi,họ hàng,"họ hàng, thân thích",0,3,1,1,3,1,0,0,PASS,PASS
亲热,2,2,qīn rè,yêu thương,"Thân nhiệt — thân mật, âu yếm, nồng nhiệt trong cách cư xử; thường chỉ sự gần gũi thể hiện ra ngoài.",0,3,0,0,4,1,0,0,PASS,PASS
亲自,3,2,qīn zì,đích thân,Đích thân,0,0,0,0,5,3,0,0,PASS,PASS
亲近,3,2,qīn jìn,gần gũi,"Thân cận — gần gũi, thân thiết; cảm giác hoặc hành động tiếp cận, làm thân với ai đó.",0,3,1,1,4,1,0,0,PASS,PASS
人们,2,2,rén men,Mọi người,"Mọi người, người ta",0,0,0,0,3,2,0,1,PASS,PASS
人口,2,2,rén kǒu,dân số,dân số,0,2,0,0,2,1,0,0,PASS,PASS
人员,3,2,rén yuán,nhân viên,"Nhân viên, nhân sự, người làm việc trong một tổ chức",0,2,1,1,2,1,0,1,PASS,PASS
人家,2,2,rén jiā,người ta,"người ta, họ",0,2,2,4,4,1,0,0,PASS,PASS
人工,3,2,rén gōng,nhân lực,nhân tạo,0,2,0,0,2,1,0,0,PASS,PASS
人才,3,2,rén cái,người tài năng,nhân tài,0,2,0,0,2,1,0,0,PASS,PASS
人数,2,2,rén shù,số lượng người,số lượng người,0,0,0,0,1,1,0,0,PASS,PASS
人民,3,2,rén mín,nhân dân,Nhân dân,1,0,0,0,3,1,0,0,PASS,PASS
人生,2,2,rén shēng,cuộc sống,"Cuộc đời, cuộc sống",0,3,0,0,4,2,0,3,PASS,PASS
人类,3,2,rén lèi,nhân loại,"Nhân loại, loài người",1,4,0,0,3,1,0,0,PASS,PASS
人群,3,2,rén qún,đám đông,"Đám đông, nhóm người",0,2,0,0,3,1,0,0,PASS,PASS
什么,1,2,shén me,gì?,gì,5,2,1,1,20,10,0,0,PASS,PASS
仅仅,3,2,jǐn jǐn,chỉ,"chỉ là, đơn thuần, thôi",1,1,1,2,3,1,0,0,PASS,PASS
今后,2,2,jīn hòu,từ nay,từ nay,0,1,0,0,2,1,0,0,PASS,PASS
今天,1,2,jīn tiān,hôm nay,hôm nay; ngày hôm nay,0,4,2,2,20,10,0,0,PASS,PASS
今年,1,2,jīn nián,năm nay,năm nay,0,2,2,6,14,9,0,0,PASS,PASS
介绍,1,2,jiè shào,giới thiệu,giới thiệu,0,3,1,2,7,3,0,0,PASS,PASS
仍然,2,2,réng rán,vẫn,vẫn còn; vẫn là,0,2,1,1,3,2,0,0,PASS,PASS
从事,3,2,cóng shì,tham gia,"Tham gia, làm việc trong lĩnh vực",0,2,0,0,2,1,0,1,PASS,PASS
从前,2,2,cóng qián,ngày xưa,"Ngày xưa, trước đây",0,3,1,1,3,1,0,0,PASS,PASS
从小,2,2,cóng xiǎo,từ nhỏ,từ nhỏ,0,2,0,0,2,1,0,0,PASS,PASS
从来,2,2,cóng lái,luôn luôn,"Luôn luôn, từ trước đến nay, chưa bao giờ",0,4,0,0,7,4,0,3,PASS,PASS
仔细,2,2,zǐ xì,cẩn thận,"Cẩn thận, tỉ mỉ, kỹ lưỡng; chú ý từng chi tiết",0,0,0,0,3,1,0,2,PASS,PASS
他们,1,2,tā men,họ,họ (ngôi thứ 3 số nhiều),0,0,0,0,15,10,2,0,PASS,PASS
代表,3,2,dài biǎo,đại biểu,Đại biểu,1,0,0,0,4,2,0,0,PASS,PASS
以上,2,2,yǐ shàng,chỉ định trên,dĩ thượng,0,2,0,0,3,2,0,0,PASS,PASS
以下,2,2,yǐ xià,dưới đây,dĩ hạ,0,2,0,0,2,1,1,0,PASS,PASS
以为,2,2,yǐ wéi,nghĩ rằng,nghĩ rằng,0,0,0,0,6,4,0,1,PASS,PASS
以前,2,2,yǐ qián,trước đây,trước đây,0,2,0,0,4,5,0,0,PASS,PASS
以后,1,2,yǐ hòu,sau này,sau này,0,1,0,0,7,9,0,1,PASS,PASS
以外,2,2,yǐ wài,bên ngoài,bên ngoài,0,1,1,3,6,4,0,2,PASS,PASS
以来,3,2,yǐ lái,từ khi,Từ khi,0,0,0,0,3,1,0,0,PASS,PASS
价值,3,2,jià zhí,giá trị,"giá trị, ý nghĩa",1,2,1,1,2,2,0,1,PASS,PASS
价格,3,2,jià gé,giá,"giá cả, giá cả hàng hóa",0,2,0,0,1,1,0,1,PASS,PASS
价钱,2,2,jià qian,giá,giá cả,0,2,0,0,2,1,0,1,PASS,PASS
任何,2,2,rèn hé,bất kỳ,bất kỳ; bất cứ; nào,0,2,1,2,5,4,0,0,PASS,PASS
任务,3,2,rèn wu,nhiệm vụ,"Nhiệm vụ, công việc được giao",0,2,0,0,2,2,0,0,PASS,PASS
仿佛,3,2,fǎng fú,dường như,dường như,0,2,0,0,4,1,0,2,PASS,PASS
休假,2,2,xiū jià,nghỉ phép,nghỉ phép,0,1,0,0,1,1,0,1,PASS,PASS
休息,1,2,xiū xi,nghỉ ngơi,"nghỉ ngơi, tạm dừng hoạt động để lấy lại sức",0,3,0,0,16,10,0,0,PASS,PASS
休闲,3,2,xiū xián,giải trí,"thư giãn, nghỉ ngơi, giải trí",0,0,0,0,3,1,0,0,PASS,PASS
优势,3,2,yōu shì,vị trí ưu thế,"ưu thế, lợi thế; điểm mạnh",0,1,0,0,1,1,0,0,PASS,PASS
优点,3,2,yōu diǎn,ưu điểm,"ưu điểm, điểm tốt",0,2,1,1,2,1,0,1,PASS,PASS
优美,3,2,yōu měi,duyên dáng,u mỹ - duyên dáng,0,2,0,0,2,1,0,0,PASS,PASS
优质,3,2,yōu zhì,chất lượng cao,"chất lượng cao, ưu chất — có chất lượng vượt trội, xuất sắc",0,4,4,4,4,1,0,0,PASS,PASS
会员,3,2,huì yuán,thành viên,"hội viên, thành viên",1,2,1,1,2,1,0,1,PASS,PASS
会议,3,2,huì yì,hội nghị,"Hội nghị, cuộc họp",0,2,0,0,8,6,0,0,PASS,PASS
会话,2,2,huì huà,Hội thoại,"Hội thoại, đối thoại",0,0,0,0,2,1,0,0,PASS,PASS
伟大,3,2,wěi dà,vĩ đại,"vĩ đại, vĩ đại; to lớn, phi thường",0,2,0,0,1,2,0,0,PASS,PASS
传媒,3,2,chuán méi,truyền thông,"truyền thông, phương tiện truyền thông (báo chí, truyền hình, mạng xã hội); ngành truyền thông đại chúng",0,4,3,3,4,1,0,0,PASS,PASS
传授,3,2,chuán shòu,truyền thụ,Nghĩa của 传授,0,0,0,0,3,1,0,0,PASS,PASS
传播,3,2,chuán bò,truyền bá,truyền bá,0,2,0,0,1,1,0,0,PASS,PASS
传来,3,2,chuán lái,đến,"đến, truyền đến; vang lên, phát ra",0,1,0,0,1,1,0,2,PASS,PASS
传说,3,2,chuán shuō,truyền thuyết,truyền thuyết; câu chuyện truyền miệng; đồn đại,0,2,0,0,3,2,0,0,PASS,PASS
伤口,2,2,shāng kǒu,vết thương,vết thương,0,0,0,0,0,1,0,0,PASS,PASS
伤心,3,2,shāng xīn,đau lòng,"Buồn, đau lòng",0,1,0,0,3,1,0,0,PASS,PASS
伦理,3,2,lún lǐ,nguyên tắc đạo đức,nguyên tắc đạo đức,0,0,0,0,0,1,0,0,PASS,PASS
似乎,2,2,sì hū,hình như,"hình như, dường như, có vẻ",0,2,1,2,3,2,0,0,PASS,PASS
似的,2,2,shì de,giống như,"giống như, tựa như, dường như",0,2,0,0,2,2,0,0,PASS,PASS
但是,2,2,dàn shì,nhưng,đãn thị,0,1,0,0,9,10,0,2,PASS,PASS
住房,2,2,zhù fáng,nhà ở,nhà ở,0,1,0,0,2,1,0,0,PASS,PASS
住院,2,2,zhù yuàn,nằm viện,nằm viện,0,1,0,0,3,2,0,0,PASS,PASS
体会,3,2,tǐ huì,hiểu,"trải nghiệm, cảm nhận, thấu hiểu; nắm bắt một vấn đề thông qua trải nghiệm cá nhân",0,2,1,2,2,1,0,4,PASS,PASS
体现,3,2,tǐ xiàn,hiện thân,"hiện thân, thể hiện",0,2,0,0,3,2,0,0,PASS,PASS
体系,3,2,tǐ xì,hệ thống,Nghĩa của 体系,0,0,0,0,3,1,0,1,PASS,PASS
体育,2,2,tǐ yù,thể thao,thể thao,3,2,1,1,3,1,0,0,PASS,PASS
体验,3,2,tǐ yàn,trải nghiệm,trải nghiệm,0,2,0,0,2,1,0,1,PASS,PASS
佛教,3,2,fó jiào,Phật giáo,"Phật giáo — tôn giáo bắt nguồn từ Ấn Độ, do Đức Phật Thích Ca Mâu Ni sáng lập",0,4,3,3,4,1,0,0,PASS,PASS
作业,1,2,zuò yè,bài tập,tác nghiệp,0,1,0,0,7,7,0,1,PASS,PASS
作为,2,2,zuò wéi,như,"làm, hành động, với tư cách là",0,2,0,0,3,3,0,0,PASS,PASS
作品,3,2,zuò pǐn,tác phẩm,"tác phẩm, sản phẩm sáng tạo",0,2,1,1,1,1,0,0,PASS,PASS
作家,2,2,zuò jiā,nhà văn,nhà văn,0,1,0,0,3,2,0,0,PASS,PASS
作文,1,2,zuò wén,bài văn,bài văn,0,1,1,1,1,1,0,0,PASS,PASS
作用,2,2,zuò yòng,tác dụng,tác dụng,0,3,1,1,4,2,0,0,PASS,PASS
作者,3,2,zuò zhě,tác giả,tác giả,0,2,0,0,1,1,0,0,PASS,PASS
你们,1,2,nǐ men,các bạn,các bạn (ngôi thứ 2 số nhiều),0,3,1,1,14,10,0,0,PASS,PASS
你好,1,2,nǐ hǎo,xin chào,xin chào,0,0,0,0,1,3,0,0,PASS,PASS
佩服,3,2,pèi fú,khâm phục,khâm phục,0,2,0,0,4,1,0,0,PASS,PASS
使用,2,2,shǐ yòng,sử dụng,sử dụng,0,2,0,0,2,1,0,2,PASS,PASS
例如,2,2,lì rú,ví dụ,lê như,0,1,0,0,1,1,0,3,PASS,PASS
例子,2,2,lì zi,ví dụ,ví dụ,0,1,1,2,2,1,0,3,PASS,PASS
侵犯,3,2,qīn fàn,xâm phạm,"xâm phạm, vi phạm (quyền lợi, lãnh thổ, riêng tư); xâm-phạm trong Hán-Việt",0,4,0,0,4,1,0,0,PASS,PASS
便宜,1,2,pián yi,rẻ,rẻ,0,2,1,2,7,5,0,0,PASS,PASS
俗话,3,2,sú huà,tục ngữ,Nghĩa của 俗话,0,0,0,0,3,1,0,0,PASS,PASS
保佑,3,2,bǎo yòu,ban phước và bảo vệ,"Phù hộ và che chở; ban phước bảo vệ. Hán-Việt: bảo hựu — thường dùng trong ngữ cảnh tín ngưỡng, cầu nguyện.",0,3,1,1,4,1,0,0,PASS,PASS
保存,3,2,bǎo cún,lưu trữ,"Lưu trữ, bảo tồn",0,3,1,1,3,1,0,0,PASS,PASS
保安,3,2,bǎo'ān,bảo vệ,"Bảo vệ, an ninh",0,3,0,0,3,1,0,1,PASS,PASS
保护,3,2,bǎo hù,bảo vệ,bảo vệ,0,2,1,1,2,1,0,1,PASS,PASS
保持,3,2,bǎo chí,duy trì,"Duy trì, giữ gìn",0,2,0,0,3,1,0,0,PASS,PASS
保洁,2,2,bǎo jié,giữ gìn vệ sinh,"giữ gìn vệ sinh, làm sạch",0,0,0,0,2,1,0,0,PASS,PASS
保留,3,2,bǎo liú,giữ lại,"Giữ lại, bảo lưu",0,1,0,0,3,1,0,0,PASS,PASS
保证,3,2,bǎo zhèng,bảo đảm,"Bảo đảm, bảo chứng",0,3,2,2,3,1,0,0,PASS,PASS
保险,3,2,bǎo xiǎn,bảo hiểm,"Bảo hiểm; chắc chắn, an toàn",0,2,0,0,3,1,0,0,PASS,PASS
信任,3,2,xìn rèn,tin tưởng,"Tin tưởng, tin cậy",0,2,0,0,3,1,0,1,PASS,PASS
信号,2,2,xìn hào,tín hiệu,tín hiệu,0,3,0,0,3,1,0,0,PASS,PASS
信封,3,2,xìn fēng,phong bì,phong bì,0,2,0,0,2,1,0,0,PASS,PASS
信心,2,2,xìn xīn,tự tin,tự tin,0,3,1,1,2,2,0,0,PASS,PASS
信息,2,2,xìn xī,thông tin,thông tin,0,2,0,0,3,1,0,0,PASS,PASS
修剪,3,2,xiū jiǎn,cắt tỉa,"cắt tỉa, sửa sang",0,0,0,0,2,1,0,0,PASS,PASS
修改,3,2,xiū gǎi,sửa đổi,"sửa đổi, hiệu đính; thay đổi nội dung, hình thức hoặc chi tiết của một văn bản, kế hoạch hoặc vật thể",0,2,0,0,2,1,0,0,PASS,PASS
倒霉,1,2,dǎo méi,vận rủi,vận rủi; không may,0,2,0,0,4,1,0,0,PASS,PASS
值得,3,2,zhí dé,đáng giá,đáng giá; đáng làm; xứng đáng,0,2,0,0,2,1,0,0,PASS,PASS
假期,1,2,jià qī,kỳ nghỉ,kỳ nghỉ,0,1,1,1,1,1,0,0,PASS,PASS
假若,3,2,jiǎ ruò,nếu như,"nếu như, giả sử",0,0,0,0,2,1,0,0,PASS,PASS
偏偏,3,2,piān piān,trái lý,Nghĩa của 偏偏,0,0,0,0,4,2,0,0,PASS,PASS
偏爱,3,2,piān ài,thiên vị,"thiên vị, yêu thích đặc biệt",0,0,0,0,2,1,0,0,PASS,PASS
做到,2,2,zuò dào,làm được,tác đáo,0,0,0,0,3,2,0,0,PASS,PASS
做客,1,2,zuò kè,làm khách,"Làm khách, đến chơi",0,3,1,1,4,2,0,0,PASS,PASS
做梦,1,2,zuò mèng,có một giấc mơ,có một giấc mơ,0,0,0,0,0,1,0,0,PASS,PASS
做法,2,2,zuò fǎ,cách nấu,tác pháp,0,2,0,0,2,1,0,0,PASS,PASS
做饭,1,2,zuò fàn,nấu ăn,tác phạn,0,2,0,0,7,5,0,0,PASS,PASS
停止,2,2,tíng zhǐ,dừng lại,dừng lại; ngừng; đình chỉ,0,2,0,0,1,1,0,1,PASS,PASS
停车,2,2,tíng chē,dừng xe,"dừng xe, đỗ xe",1,1,0,0,1,1,0,0,PASS,PASS
健康,2,2,jiàn kāng,khỏe mạnh,khỏe mạnh,0,2,2,2,5,4,0,0,PASS,PASS
健美,3,2,jiàn měi,khỏe đẹp,"Khỏe đẹp, thể hình cân đối; thể dục thể hình (môn thể thao). Hán-Việt: kiện mỹ.",0,4,2,2,4,1,0,0,PASS,PASS
偶像,3,2,ǒu xiàng,thần tượng,"thần tượng, người mẫu",0,0,0,0,2,1,0,0,PASS,PASS
偶尔,2,2,ǒu ěr,thỉnh thoảng,"thỉnh thoảng, đôi khi, ngẫu nhiên",0,4,1,1,3,2,0,0,PASS,PASS
偷懒,1,2,tōu lǎn,lười biếng,"Lười biếng, trốn tránh việc làm; cố ý làm ít để nghỉ ngơi. Hán-Việt: thâu lãn.",0,3,1,2,4,1,0,0,PASS,PASS
储量,3,2,chǔ liàng,Trữ lượng,Trữ lượng,0,0,0,0,2,1,1,0,PASS,PASS
像样,3,2,xiàng yàng,khá,"Đàng hoàng, ra hồn, tử tế — đạt mức chấp nhận được về chất lượng hoặc diện mạo. Sửa existingMeaning: 「khá」 quá hẹp; nghĩa đầy đủ là 「trông được, ra dáng」.",0,3,2,2,5,2,0,1,PASS,PASS
儒家,3,2,rú jiā,Nho giáo,"Nho giáo, nhà Nho (hệ tư tưởng của Khổng Tử)",0,2,1,1,3,1,0,0,PASS,PASS
儿子,1,2,ér zi,con trai,con trai,0,2,1,3,6,4,0,0,PASS,PASS
充实,3,2,chōng shí,phong phú,"phong phú, đầy đủ",0,0,0,0,3,1,0,1,PASS,PASS
充满,3,2,chōng mǎn,lấp đầy,"lấp đầy, đầy đặn",0,2,1,1,4,3,0,0,PASS,PASS
先生,1,2,xiān sheng,ông,"ông, ngài",0,2,0,0,5,1,0,0,PASS,PASS
先进,3,2,xiān jìn,tiên tiến,"tiên tiến, hiện đại; vượt trội hơn so với trình độ chung của thời đại",0,2,0,0,2,1,0,0,PASS,PASS
光临,2,2,guāng lín,có mặt,"có mặt, đến thăm (lịch sự, trang trọng)",0,2,1,1,2,1,0,0,PASS,PASS
光明,3,2,guāng míng,ánh sáng,"ánh sáng, sáng sủa; đầy triển vọng; công khai",0,1,0,0,1,1,0,0,PASS,PASS
光环,3,2,guāng huán,vòng ánh sáng,"vòng hào quang, vẻ hào nhoáng",0,3,1,1,3,1,0,0,PASS,PASS
光盘,1,2,guāng pán,đĩa CD,"Đĩa CD, đĩa quang; ăn sạch thức ăn",0,3,1,1,3,1,0,0,PASS,PASS
克服,3,2,kè fú,khắc phục,khắc phục,0,2,1,1,1,1,0,0,PASS,PASS
免贵,2,2,miǎn guì,không dám (lời đáp lịch sự khi được hỏi quý danh),không dám (lời đáp lịch sự khi được hỏi quý danh),0,0,0,0,2,1,0,0,PASS,PASS
免费,2,2,miǎn fèi,miễn phí,"miễn phí, không mất tiền",0,0,0,0,1,1,0,0,PASS,PASS
入口,2,2,rù kǒu,lối vào,lối vào,0,2,0,0,3,1,0,1,PASS,PASS
全体,2,2,quán tǐ,toàn bộ,toàn thể,0,2,0,0,2,1,0,3,PASS,PASS
全国,2,2,quán guó,toàn quốc,toàn quốc,0,2,0,0,2,1,0,0,PASS,PASS
全场,3,2,quán chǎng,mọi người có mặt,"toàn trường, tất cả mọi người có mặt",0,1,0,0,0,1,0,0,PASS,PASS
全家,2,2,quán jiā,cả nhà,cả nhà,0,2,0,0,2,1,0,0,PASS,PASS
全局,3,2,quán jú,tình hình tổng thể,Nghĩa của 全局,0,0,0,0,3,1,0,0,PASS,PASS
全年,2,2,quán nián,cả năm,"cả năm, quanh năm",0,1,0,0,1,1,0,0,PASS,PASS
全球,3,2,quán qiú,toàn cầu,"toàn cầu, toàn thế giới",0,2,0,0,2,1,0,0,PASS,PASS
全能,3,2,quán néng,toàn năng,"toàn năng, giỏi mọi việc, có khả năng làm tất cả",0,3,2,2,4,1,0,0,PASS,PASS
全身,2,2,quán shēn,toàn thân,toàn thân,0,1,0,0,1,1,0,0,PASS,PASS
全部,1,2,quán bù,toàn bộ,Nghĩa của 全部,0,0,0,0,3,2,0,3,PASS,PASS
全都,2,2,quán dōu,hoàn toàn,hoàn toàn,0,0,0,0,2,1,0,2,PASS,PASS
全面,3,2,quán miàn,toàn diện,"toàn diện, toàn vẹn; trọn vẹn, đầy đủ",0,2,0,0,1,1,0,0,PASS,PASS
公共,3,2,gōng gòng,chung,"chung, công cộng",1,2,1,1,2,2,0,1,PASS,PASS
公司,1,2,gōng sī,công ty,công ty,0,2,0,0,7,6,0,0,PASS,PASS
公园,2,2,gōng yuán,công viên,công viên,0,2,0,0,2,1,0,0,PASS,PASS
公寓,2,2,gōng yù,căn hộ,căn hộ,0,2,0,0,4,1,0,0,PASS,PASS
公布,3,2,gōng bù,công bố,công bố,0,2,0,0,1,1,0,1,PASS,PASS
公平,2,2,gōng píng,công bằng,công bằng,0,1,0,0,4,3,0,1,PASS,PASS
公开,3,2,gōng kāi,công khai,công khai,0,1,0,0,0,1,0,0,PASS,PASS
公斤,2,2,gōng jīn,kilôgam,công cân,0,2,0,0,2,1,0,1,PASS,PASS
公民,3,2,gōng mín,công dân,Công dân,0,3,2,2,3,1,0,0,PASS,PASS
公路,2,2,gōng lù,đường cao tốc,đường bộ,1,2,0,0,2,1,0,1,PASS,PASS
公道,2,2,gōng dao,công bằng,Nghĩa của 公道,0,0,0,0,3,1,0,1,PASS,PASS
公里,2,2,gōng lǐ,kilômét,công lý,1,2,0,0,2,1,0,0,PASS,PASS
共同,2,2,gòng tóng,chung,"chung, cùng nhau",0,2,0,0,3,2,0,1,PASS,PASS
共有,3,2,gòng yǒu,có tất cả,"chung có, collectively have",0,1,0,0,0,1,0,0,PASS,PASS
关上,1,2,guān shàng,đóng,đóng lại,0,2,0,0,4,1,0,0,PASS,PASS
关于,3,2,guān yú,về,"về, liên quan đến",0,2,1,1,7,4,0,0,PASS,PASS
关心,2,2,guān xīn,quan tâm,quan tâm,0,2,0,0,2,1,0,0,PASS,PASS
关机,2,2,guān jī,tắt máy,tắt máy,0,1,1,2,2,1,0,0,PASS,PASS
关注,3,2,guān zhù,chú ý,"chú ý, quan tâm, theo dõi",0,2,0,0,1,1,0,1,PASS,PASS
关系,1,2,guān xi,liên quan đến,"Quan hệ, mối quan hệ",1,3,2,2,6,4,0,1,PASS,PASS
关门,1,2,guān mén,đóng cửa (cửa hàng,"đóng cửa (cửa hàng, doanh nghiệp), đóng cửa ra vào",0,0,0,0,2,2,0,0,PASS,PASS
兴奋,3,2,xīng fèn,hưng phấn,"hưng phấn, phấn khích, vui mừng tột độ",0,0,0,0,3,1,0,0,PASS,PASS
兴盛,3,2,xīng shèng,Hưng thịnh,"Hưng thịnh, phồn vinh",0,0,0,0,2,1,0,0,PASS,PASS
兴趣,3,2,xìng qù,sở thích,"Sở thích là điều mà ai đó thích làm, quan tâm hoặc muốn tìm hiểu thêm.",1,3,2,4,8,6,0,2,PASS,PASS
其中,2,2,qí zhōng,trong số đó,trong số đó,0,0,0,0,6,4,0,0,PASS,PASS
其他,2,2,qí tā,khác,khác,0,2,1,1,3,2,0,1,PASS,PASS
其实,2,2,qí shí,thực ra,kỳ thực; thực ra; trên thực tế,1,1,0,0,2,1,0,0,PASS,PASS
其次,3,2,qí cì,kế tiếp,kế tiếp; thứ hai; tiếp theo,0,2,0,0,4,2,0,0,PASS,PASS
具体,3,2,jù tǐ,cụ thể,"cụ thể, chi tiết; có chi tiết rõ ràng, không trừu tượng",0,2,0,0,2,1,0,0,PASS,PASS
具有,3,2,jù yǒu,có,"có, sở hữu",0,2,0,0,1,1,0,0,PASS,PASS
典型,3,2,diǎn xíng,điển hình,"điển hình, tiêu biểu; mẫu mực",0,2,0,0,2,1,0,0,PASS,PASS
养活,3,2,yǎng huo,nuôi dưỡng,nuôi dưỡng,0,0,0,0,0,1,0,0,PASS,PASS
内容,2,2,nèi róng,nội dung,nội dung,0,2,0,0,2,2,0,0,PASS,PASS
内心,3,2,nèi xīn,nội tâm,"trong lòng, nội tâm",0,3,0,0,1,1,0,0,PASS,PASS
再版,3,2,zài bǎn,tái bản,"tái bản, in lại",0,0,0,0,2,1,0,0,PASS,PASS
再见,1,2,zài jiàn,Tạm biệt,"tạm biệt, chào gặp lại",0,0,0,0,5,1,0,0,PASS,PASS
再说,2,2,zài shuō,hơn nữa,hơn nữa,0,1,1,1,6,3,0,0,PASS,PASS
冒险,2,2,mào xiǎn,phiêu lưu,phiêu lưu,0,2,0,0,4,1,0,0,PASS,PASS
写作,3,2,xiě zuò,viết,"viết lách, sáng tác",0,2,1,1,3,3,0,0,PASS,PASS
农业,3,2,nóng yè,nông nghiệp,nông nghiệp,0,2,0,0,2,1,0,0,PASS,PASS
农村,2,2,nóng cūn,vùng nông thôn,vùng nông thôn,0,2,0,0,2,1,0,0,PASS,PASS
农民,2,2,nóng mín,nông dân,Nông dân,0,0,0,0,3,1,0,0,PASS,PASS
冬天,1,2,dōng tiān,mùa đông,đông thiên,0,1,0,0,4,2,0,0,PASS,PASS
冰水,2,2,bīng shuǐ,nước đá,nước đá; nước lạnh,0,0,0,0,0,1,0,0,PASS,PASS
冰箱,2,2,bīng xiāng,tủ lạnh,tủ lạnh,0,2,0,0,2,1,0,0,PASS,PASS
冲突,3,2,chōng tū,xung đột,"xung đột — va chạm, mâu thuẫn dẫn đến tranh chấp; có thể là xung đột vũ trang, xung đột lợi ích, hoặc xung đột quan điểm.",0,4,0,0,4,1,0,0,PASS,PASS
决定,1,2,jué dìng,quyết định,"quyết định, quyết đoán",0,0,0,0,4,5,0,0,PASS,PASS
决心,2,2,jué xīn,quyết tâm,"quyết tâm, ý chí",0,0,0,0,1,2,0,2,PASS,PASS
决赛,3,2,jué sài,chung kết,Chung kết,1,2,0,0,2,1,0,0,PASS,PASS
冷落,3,2,lěng luò,lạnh nhạt,"Đối xử lạnh nhạt, thờ ơ với người khác; hoặc (nơi chốn) vắng vẻ, đìu hiu. Hán-Việt: 「lãnh lạc」— lãnh (lạnh) + lạc (rơi rụng, hiu quạnh).",0,3,0,0,4,1,0,0,PASS,PASS
准备,1,2,zhǔn bèi,chuẩn bị,"chuẩn bị, dự định, sắp sửa",0,4,1,2,7,7,0,0,PASS,PASS
准时,2,2,zhǔn shí,đúng giờ,đúng giờ,0,2,1,1,2,1,1,1,PASS,PASS
准确,2,2,zhǔn què,chính xác,chính xác,0,3,0,0,2,1,0,2,PASS,PASS
凉快,2,2,liáng kuai,mát mẻ,lương khoái,0,2,0,0,3,1,0,0,PASS,PASS
凉水,3,2,liáng shuǐ,nước lạnh,Nước lạnh,0,3,2,2,3,1,0,0,PASS,PASS
几乎,2,2,jī hū,hầu như,hầu như,0,1,1,2,2,1,0,0,PASS,PASS
凡是,3,2,fán shì,mọi thứ,mọi thứ,0,2,0,0,4,1,0,0,PASS,PASS
出卖,3,2,chū mài,bán ra,Nghĩa của 出卖,0,0,0,0,3,1,0,0,PASS,PASS
出去,1,2,chū qu,ra ngoài,đi ra ngoài,0,2,0,0,4,4,0,1,PASS,PASS
出发,1,2,chū fā,khởi hành,"khởi hành, xuất phát",0,2,0,0,4,3,0,0,PASS,PASS
出口,2,2,chū kǒu,lối ra,"xuất khẩu, cửa ra",0,3,1,1,2,1,0,0,PASS,PASS
出国,2,2,chū guó,ra nước ngoài,ra nước ngoài,0,2,0,0,2,1,0,0,PASS,PASS
出来,1,2,chū lai,ra ngoài,ra ngoài,0,2,1,1,8,7,0,1,PASS,PASS
出现,2,2,chū xiàn,xuất hiện,xuất hiện,0,3,0,0,3,2,0,0,PASS,PASS
出生,2,2,chū shēng,sinh ra,sinh ra,0,2,0,0,2,1,0,1,PASS,PASS
出租,2,2,chū zū,cho thuê,cho thuê,1,2,2,3,3,3,0,0,PASS,PASS
出门,2,2,chū mén,ra khỏi nhà,ra khỏi nhà,0,3,0,0,4,2,0,0,PASS,PASS
出院,2,2,chū yuàn,xuất viện,xuất viện,0,2,0,0,3,1,0,0,PASS,PASS
分之,2,2,fēn zhī,phân số,phân số,1,1,1,2,2,1,0,1,PASS,PASS
分别,2,2,fēn bié,sự khác biệt,"phân biệt, sự khác biệt; chia tay",0,2,0,0,2,1,0,2,PASS,PASS
分开,2,2,fēn kāi,chia ra,phân khai,0,1,0,0,2,2,0,0,PASS,PASS
分数,2,2,fēn shù,phân số,phân số,0,1,1,1,2,1,0,1,PASS,PASS
分泌,3,2,fēn mì,tiết ra,Nghĩa của 分泌,0,0,0,0,3,1,0,0,PASS,PASS
分组,3,2,fēn zǔ,chia thành các nhóm,"chia nhóm, phân nhóm",0,1,0,0,2,1,0,0,PASS,PASS
分配,3,2,fēn pèi,phân phối,"phân chia, phân phối",0,2,1,1,2,1,0,0,PASS,PASS
分钟,1,2,fēn zhōng,phút,phút,0,3,2,4,9,9,0,0,PASS,PASS
划船,3,2,huá chuán,chèo thuyền,chèo thuyền,0,2,0,0,2,1,0,0,PASS,PASS
刚刚,2,2,gāng gāng,vừa mới,vừa mới,0,2,0,0,3,2,0,0,PASS,PASS
刚才,1,2,gāng cái,vừa rồi,vừa rồi,0,3,0,0,6,5,0,0,PASS,PASS
创业,3,2,chuàng yè,khởi nghiệp,khởi nghiệp; bắt đầu sự nghiệp; lập nghiệp,0,2,0,0,2,1,0,0,PASS,PASS
创作,3,2,chuàng zuò,sáng tác,sáng tác,0,2,0,0,2,1,0,0,PASS,PASS
创新,3,2,chuàng xīn,sáng tạo,"sáng tạo, đổi mới",0,2,0,0,2,1,0,0,PASS,PASS
创造,3,2,chuàng zào,tạo ra,"tạo ra, kiến tạo",0,2,0,0,2,1,0,0,PASS,PASS
初中,1,2,chū zhōng,trường trung học cơ sở,"trường trung học cơ sở, cấp 2",0,2,0,0,2,1,0,1,PASS,PASS
初步,3,2,chū bù,ban đầu,"ban đầu, sơ bộ",0,1,0,0,2,1,0,2,PASS,PASS
初级,3,2,chū jí,sơ cấp,sơ cấp,1,2,0,0,2,1,0,0,PASS,PASS
判断,3,2,pàn duàn,phán đoán,"phán đoán, đánh giá",0,0,0,0,0,1,0,0,PASS,PASS
利用,2,2,lì yòng,sử dụng,"tận dụng, sử dụng",0,0,0,0,1,1,0,2,PASS,PASS
别人,1,2,bié rén,người khác,"người khác, người ngoài",0,3,1,1,9,6,0,0,PASS,PASS
别扭,3,2,biè niu,không thoải mái,Nghĩa của 别扭,0,0,0,0,3,1,0,0,PASS,PASS
别提,1,2,bié tí,Đừng nhắc tới (thường dùng để diễn tả sự không hài lòng,"Đừng nhắc tới (thường dùng để diễn tả sự không hài lòng, khó chịu, hoặc quá mức không cần nói thêm)",0,0,0,0,4,2,0,0,PASS,PASS
别的,1,2,bié de,khác,khác,0,2,0,0,5,3,0,1,PASS,PASS
刮风,3,2,guā fēng,gió thổi,gió thổi,0,0,0,0,1,1,0,0,PASS,PASS
到处,2,2,dào chù,khắp nơi,khắp nơi,0,1,1,2,2,1,0,1,PASS,PASS
到底,3,2,dào dǐ,cuối cùng,cuối cùng; cùng cực; rốt cuộc,1,2,1,1,4,2,0,2,PASS,PASS
到达,3,2,dào dá,đến nơi,"đến nơi, tới nơi; đạt được, đạt tới",0,2,0,0,2,1,0,0,PASS,PASS
制作,3,2,zhì zuò,chế tạo,chế tạo,0,1,0,0,2,1,0,0,PASS,PASS
制定,3,2,zhì dìng,thiết lập,thiết lập,0,2,0,0,1,1,1,2,PASS,PASS
制度,2,2,zhì dù,hệ thống,"Chế độ, hệ thống quy định",0,0,0,0,3,1,0,1,PASS,PASS
制订,2,2,zhì dìng,lập,"soạn thảo, lập ra (kế hoạch, quy định)",0,0,0,0,1,1,1,0,PASS,PASS
制造,3,2,zhì zào,sản xuất,"sản xuất, chế tạo, làm ra",0,1,0,0,1,1,0,2,PASS,PASS
刷牙,3,2,shuā yá,đánh răng,đánh răng,0,0,0,0,2,1,0,0,PASS,PASS
刺激,3,2,cì jī,kích thích,kích thích,0,3,1,3,4,1,0,0,PASS,PASS
前后,3,2,qián hòu,trước và sau,"Trước và sau, xung quanh",0,3,1,1,3,1,0,0,PASS,PASS
前天,1,2,qián tiān,ngày hôm kia,ngày hôm kia (2 ngày trước),0,3,3,5,5,1,0,0,PASS,PASS
前年,2,2,qián nián,năm trước nữa,năm trước nữa,0,2,0,0,2,1,0,0,PASS,PASS
前往,3,2,qián wǎng,rời đi,đi tới; hướng về phía; đến một nơi,0,2,0,0,2,1,0,0,PASS,PASS
前边,1,2,qián bian,phía trước,phía trước,0,2,0,0,4,2,0,1,PASS,PASS
前进,3,2,qián jìn,tiến lên,"tiến lên, đi về phía trước",0,0,0,0,2,1,0,0,PASS,PASS
前面,1,2,qián miàn,phía trước,"phía trước; phần đầu, phần trước; tương lai",0,1,0,0,3,2,0,1,PASS,PASS
剧场,3,2,jù chǎng,rạp hát,"Rạp hát, nhà hát",0,2,0,0,2,1,0,0,PASS,PASS
力量,3,2,lì liang,sức mạnh,"Sức mạnh, sức lực",0,3,0,0,3,1,0,0,PASS,PASS
劝酒,1,2,quàn jiǔ,Mời rượu,"Mời rượu, ép rượu (theo nghĩa tích cực là mời khách nhiệt tình)",0,0,0,0,2,1,0,0,PASS,PASS
办法,1,2,bàn fǎ,cách,cách,0,3,2,3,6,4,0,1,PASS,PASS
办理,3,2,bàn lǐ,xử lý,"Xử lý, làm thủ tục",0,2,0,0,2,1,0,0,PASS,PASS
功夫,3,2,gōng fu,kung fu,"công phu, thời gian và sức lực bỏ ra; võ thuật Trung Hoa, hoặc chỉ sự khéo léo đạt được qua luyện tập chăm chỉ",0,2,0,0,2,1,1,0,PASS,PASS
功能,3,2,gōng néng,chức năng,"chức năng; công năng, công dụng",0,2,0,0,0,1,0,0,PASS,PASS
功课,1,2,gōng kè,bài tập,"bài tập, môn học",0,2,0,0,1,1,0,1,PASS,PASS
加工,3,2,jiā gōng,gia công,"Gia công, chế biến",0,2,0,0,2,1,0,0,PASS,PASS
加强,3,2,jiā qiáng,tăng cường,"tăng cường, làm mạnh hơn",0,2,0,0,2,1,0,0,PASS,PASS
加快,3,2,jiā kuài,đẩy nhanh,"đẩy nhanh, tăng tốc",0,2,2,2,2,1,0,0,PASS,PASS
加油,2,2,jiā yóu,Cố lên!,cố lên,1,2,0,0,3,1,0,0,PASS,PASS
动人,3,2,dòng rén,cảm động,"Cảm động, lay động, xúc động",0,4,1,1,3,1,0,1,PASS,PASS
动作,1,2,dòng zuò,chuyển động,"hành động, cử chỉ, động tác",0,3,1,1,5,1,0,0,PASS,PASS
动力,3,2,dòng lì,năng lượng,"động lực, sức mạnh thúc đẩy; năng lượng, công suất",0,1,0,0,3,2,0,0,PASS,PASS
动摇,3,2,dòng yáo,lung lay,"dao động, lung lay, thay đổi quan điểm",0,2,0,0,3,1,0,0,PASS,PASS
动物,2,2,dòng wù,động vật,động vật,1,3,1,1,4,2,0,0,PASS,PASS
努力,1,2,nǔ lì,cố gắng,cố gắng,0,2,2,4,9,8,0,0,PASS,PASS
劲儿,1,2,jìnr ,Sức lực,"Sức lực, khí lực; hứng thú, tinh thần",1,0,0,0,2,1,0,0,PASS,PASS
劳驾,2,2,láo jià,làm ơn,làm ơn,0,2,0,0,4,1,0,0,PASS,PASS
勤劳,2,2,qín láo,chăm chỉ,chăm chỉ,0,2,0,0,4,1,0,2,PASS,PASS
勺子,3,2,sháo zi,muỗng,muỗng,0,2,0,0,4,1,0,0,PASS,PASS
包子,1,2,bāo zi,bánh bao,bánh bao,0,3,3,5,4,1,0,0,PASS,PASS
化妆,3,2,huà zhuāng,trang điểm,trang điểm (làm đẹp cho khuôn mặt bằng mỹ phẩm),1,3,2,2,5,1,0,0,PASS,PASS
化学,2,2,huà xué,hóa học,hóa học,0,2,0,0,4,1,0,0,PASS,PASS
北京,1,2,Běi jīng,Bắc Kinh,Bắc Kinh (thủ đô Trung Quốc),0,4,2,4,18,10,0,0,PASS,PASS
北方,1,2,běi fāng,phía bắc,phía Bắc,0,2,0,0,2,1,0,1,PASS,PASS
北边,1,2,běi biān,phía bắc,"phía bắc, bên bắc",0,3,1,2,4,1,0,1,PASS,PASS
北部,3,2,běi bù,phần phía bắc,"khu vực phía bắc, vùng phía bắc",0,2,0,0,2,1,0,0,PASS,PASS
匮乏,3,2,kuì fá,thiếu thốn,"thiếu thốn, khan hiếm",0,0,0,0,2,1,0,0,PASS,PASS
区别,3,2,qū bié,phân biệt,"sự khác biệt, sự khác nhau; phân biệt, phân loại",0,2,0,0,2,1,0,0,PASS,PASS
医生,1,2,yī shēng,bác sĩ,bác sĩ (người hành nghề y),0,2,1,1,7,3,2,1,PASS,PASS
医院,1,2,yī yuàn,bệnh viện,bệnh viện,0,0,0,0,10,7,0,0,PASS,PASS
十一,2,2,shí yī,Mùng 1 tháng 10 (Quốc khánh Trung Quốc),Mùng 1 tháng 10 (Quốc khánh Trung Quốc).,0,0,0,0,4,3,0,0,PASS,PASS
十分,2,2,shí fēn,rất,thập phân,0,2,0,0,9,9,0,1,PASS,PASS
千万,2,2,qiān wàn,nhất định,"thiên vạn (mười triệu), nhất định phải",0,3,0,0,3,1,0,1,PASS,PASS
千克,2,2,qiān kè,kilôgam,thiên khắc,0,2,0,0,2,1,0,1,PASS,PASS
午睡,2,2,wǔ shuì,ngủ trưa,ngủ trưa,0,3,1,1,3,1,0,0,PASS,PASS
午餐,2,2,wǔ cān,bữa trưa,ngọ xan,0,2,1,1,2,1,0,1,PASS,PASS
午饭,1,2,wǔ fàn,bữa trưa,cơm trưa,0,2,1,1,2,1,0,1,PASS,PASS
半夜,2,2,bàn yè,nửa đêm,nửa đêm,0,2,0,0,2,1,0,0,PASS,PASS
半天,1,2,bàn tiān,một thời gian dài,"một thời gian dài (nghĩa bóng), nửa ngày (nghĩa đen)",0,2,2,2,6,2,0,0,PASS,PASS
半年,1,2,bàn nián,nửa năm,nửa năm; sáu tháng,0,3,2,2,5,1,0,0,PASS,PASS
华人,3,2,Huá rén,người Hoa,"Người Hoa, người Trung Quốc",0,3,2,2,3,1,0,0,PASS,PASS
华侨,3,2,huá qiáo,người Hoa ở nước ngoài,Nghĩa của 华侨,0,0,0,0,3,1,0,0,PASS,PASS
单位,2,2,dān wèi,đơn vị,đơn vị,0,2,0,0,2,1,0,0,PASS,PASS
单元,3,2,dān yuán,đơn vị dân cư,"đơn vị, phần, mục",0,0,0,0,0,1,0,0,PASS,PASS
单纯,3,2,dān chún,thuần khiết,thiện + thuần (thuần khiết),0,0,0,0,3,1,0,0,PASS,PASS
单薄,3,2,dān bó,mỏng,mỏng manh (vật lý/hoàn cảnh),0,3,0,0,4,1,0,0,PASS,PASS
南方,1,2,nán fāng,miền Nam,miền Nam,0,2,0,0,2,1,0,0,PASS,PASS
南边,1,2,nán biān,phía nam,"phía nam, bên nam",0,3,1,1,4,1,0,0,PASS,PASS
南部,3,2,nán bù,phần phía nam,"khu vực phía nam, vùng phía nam",0,2,0,0,2,1,0,0,PASS,PASS
卧铺,1,2,wò pù,giường nằm (trên tàu),giường nằm (trên tàu hoả hoặc xe buýt đường dài); vé giường nằm,0,2,1,1,4,1,0,0,PASS,PASS
卫生,3,2,wèi shēng,vệ sinh,"Vệ sinh, sạch sẽ",1,3,3,3,3,1,0,0,PASS,PASS
印度,2,2,Yìn dù,Ấn Độ,Ấn Độ,0,0,0,0,2,1,0,0,PASS,PASS
印象,2,2,yìn xiàng,ấn tượng,Ấn tượng,0,3,0,0,3,1,0,0,PASS,PASS
危及,3,2,wēi jí,gây nguy hiểm,"nguy cập — đe doạ đến, gây nguy hiểm cho; tác động tiêu cực trực tiếp đến đối tượng khác.",0,3,1,1,4,1,0,0,PASS,PASS
危害,3,2,wēi hài,gây hại,"gây hại, tổn hại",0,1,0,0,1,1,0,1,PASS,PASS
危机,3,2,wēi jī,khủng hoảng,"khủng hoảng, tình huống nguy hiểm và cấp bách (nguy cơ — nguy + cơ)",0,4,1,1,4,1,0,0,PASS,PASS
危险,2,2,wēi xiǎn,nguy hiểm,nguy hiểm,0,1,0,0,2,1,0,0,PASS,PASS
历史,1,2,lì shǐ,lịch sử,lịch sử; quá khứ,0,2,1,1,3,2,0,0,PASS,PASS
厉害,2,2,lì hai,ngầu,"ngầu, lợi hại, ghê gớm",0,1,1,3,3,1,0,0,PASS,PASS
压力,3,2,yā lì,áp lực,Áp lực,0,2,1,1,2,1,0,0,PASS,PASS
厘米,2,2,lí mǐ,xentimét,"xentimét, đơn vị đo chiều dài bằng 1/100 mét",0,0,0,0,3,1,0,0,PASS,PASS
原因,2,2,yuán yīn,nguyên nhân,nguyên nhân,0,3,0,0,3,1,0,0,PASS,PASS
原始,3,2,yuán shǐ,nguyên thủy,"nguyên thủy, ban đầu, sơ khai",0,0,0,0,3,1,0,0,PASS,PASS
原料,2,2,yuán liào,nguyên liệu,"nguyên liệu, vật liệu gốc",0,0,0,0,3,1,0,0,PASS,PASS
原来,2,2,yuán lái,ban đầu,ban đầu; trước đây,0,1,1,3,6,5,0,2,PASS,PASS
厨师,2,2,chú shī,đầu bếp,đầu bếp,0,0,0,0,0,1,0,0,PASS,PASS
厨房,2,2,chú fáng,nhà bếp,Nhà bếp là căn phòng dùng để nấu nướng và chuẩn bị thức ăn.,0,2,0,0,3,1,0,0,PASS,PASS
去世,2,2,qù shì,qua đời,qua đời,0,2,0,0,4,1,0,0,PASS,PASS
去年,1,2,qù nián,năm ngoái,năm ngoái,0,3,2,4,5,1,0,0,PASS,PASS
参加,1,2,cān jiā,tham gia,tham gia,0,2,0,0,5,3,0,1,PASS,PASS
参观,2,2,cān guān,tham quan,tham quan,0,1,0,0,2,1,0,0,PASS,PASS
及时,3,2,jí shí,kịp thời,Kịp thời,0,0,0,0,4,2,0,0,PASS,PASS
及格,2,2,jí gé,đạt yêu cầu,"đạt yêu cầu, qua môn, đủ điều kiện",0,0,0,0,3,1,0,1,PASS,PASS
友好,2,2,yǒu hǎo,thân thiện,"thân thiện, hòa bình",0,2,0,0,2,1,0,1,PASS,PASS
双方,3,2,shuāng fāng,hai bên,"Hai bên, cả hai phía",0,2,0,0,2,1,0,0,PASS,PASS
反复,3,2,fǎn fù,lặp đi lặp lại,lặp đi lặp lại; nhiều lần; thay đổi liên tục,0,2,0,0,3,2,0,0,PASS,PASS
反对,3,2,fǎn duì,phản đối,phản đối,0,2,0,0,2,1,0,0,PASS,PASS
反应,2,2,fǎn yìng,phản ứng,phản ứng,0,2,0,0,2,2,0,0,PASS,PASS
反抗,3,2,fǎn kàng,nổi dậy,"nổi dậy, chống đối (chống lại bằng hành động)",0,3,2,2,4,1,0,0,PASS,PASS
反正,2,2,fǎn zhèng,dù sao,"Dù sao, anyways, anyway",0,3,0,0,5,3,0,0,PASS,PASS
反省,3,2,fǎn xǐng,tự phản tỉnh,"tự phản tỉnh, soi chiếu bản thân; tự rà soát lỗi sai",0,3,1,1,4,1,0,0,PASS,PASS
反驳,3,2,fǎn bó,phản bác,Nghĩa của 反驳,0,0,0,0,3,1,0,0,PASS,PASS
发出,3,2,fā chū,phát ra,"phát ra, gửi đi",0,1,0,0,2,1,0,0,PASS,PASS
发动,3,2,fā dòng,khởi động,"khởi động, phát động",0,1,0,0,2,1,0,0,PASS,PASS
发展,2,2,fā zhǎn,phát triển,phát triển,0,2,1,1,3,2,0,4,PASS,PASS
发挥,3,2,fā huī,phát huy,"phát huy, phát tác, bộc lộ",0,3,1,1,3,1,0,0,PASS,PASS
发明,3,2,fā míng,phát minh,phát minh,0,2,0,0,0,1,0,0,PASS,PASS
发毛,3,2,fā máo,nổi da gà,"nổi da gà, sởn gai ốc; lo lắng, hoang mang",0,0,0,0,2,1,0,0,PASS,PASS
发烧,1,2,fā shāo,sốt,"sốt, bị sốt",0,1,0,0,4,2,0,0,PASS,PASS
发现,2,2,fā xiàn,phát hiện,phát hiện,0,3,1,1,10,9,0,0,PASS,PASS
发生,2,2,fā shēng,xảy ra,"xảy ra, diễn ra",0,2,0,0,2,1,0,0,PASS,PASS
发表,3,2,fā biǎo,xuất bản,xuất bản; công bố; phát biểu (ý kiến),0,2,0,0,3,2,0,0,PASS,PASS
发言,3,2,fā yán,phát biểu,"phát biểu, lên tiếng",1,0,0,0,1,2,0,0,PASS,PASS
发财,3,2,fā cái,phát tài,Nghĩa của 发财,0,0,0,0,3,1,0,0,PASS,PASS
发达,2,2,fā dá,phát triển,"phát đạt, thịnh vượng, tiến bộ",0,2,1,1,2,1,0,4,PASS,PASS
发送,3,2,fā sòng,gửi,"gửi, phát ra",0,2,0,0,2,1,0,1,PASS,PASS
发音,1,2,fā yīn,Phát âm,Phát âm,0,0,0,0,2,1,0,1,PASS,PASS
叔叔,3,2,shū shu,chú,chú,0,0,0,0,0,1,1,0,PASS,PASS
取得,2,2,qǔ dé,đạt được,thủ đắc,0,2,0,0,2,1,0,3,PASS,PASS
取消,3,2,qǔ xiāo,hủy bỏ,hủy bỏ,0,2,0,0,1,1,0,0,PASS,PASS
受伤,3,2,shòu shāng,bị thương,"Bị thương, bị tổn thương",0,0,0,0,3,1,0,0,PASS,PASS
受到,2,2,shòu dào,nhận được,thụ đáo,0,2,0,0,2,1,0,2,PASS,PASS
受罪,2,2,shòu zuì,chịu đựng,Nghĩa của 受罪,0,0,0,0,3,1,0,0,PASS,PASS
变为,3,2,biàn wéi,biến thành,"biến thành, chuyển thành",0,2,1,1,2,1,0,0,PASS,PASS
变化,2,2,biàn huà,thay đổi,"thay đổi, biến đổi",0,2,0,0,4,3,0,2,PASS,PASS
变成,2,2,biàn chéng,trở thành,biến thành,0,2,0,0,3,2,0,1,PASS,PASS
口语,1,2,kǒu yǔ,ngôn ngữ nói,"tiếng nói, khẩu ngữ; ngôn ngữ nói",0,2,0,0,2,1,0,0,PASS,PASS
古代,1,2,gǔ dài,cổ đại,"Thời cổ đại, xưa",0,4,0,0,3,1,0,0,PASS,PASS
古典,3,2,gǔ diǎn,cổ điển,cổ điển,0,2,0,0,4,1,0,0,PASS,PASS
古老,2,2,gǔ lǎo,cổ xưa,"cổ xưa, cổ kính, rất cũ; đã tồn tại từ lâu",1,0,0,0,3,1,0,0,PASS,PASS
句子,2,2,jù zi,câu,câu,0,0,0,0,2,1,0,0,PASS,PASS
另外,1,2,lìng wài,ngoài ra,ngoài ra; thêm nữa; riêng khác,0,2,1,1,4,2,0,2,PASS,PASS
只好,1,2,zhǐ hǎo,đành phải,Đành phải,0,0,0,0,3,1,0,0,PASS,PASS
只是,3,2,zhǐ shì,chỉ là,Chỉ là; chỉ là vậy thôi,0,2,0,0,5,4,0,0,PASS,PASS
只有,3,2,zhǐ yǒu,chỉ có,chỉ có; chỉ là,0,2,0,0,7,7,0,1,PASS,PASS
只能,2,2,zhǐ néng,chỉ có thể,chỉ có thể,0,2,1,1,3,2,0,0,PASS,PASS
只要,2,2,zhǐ yào,miễn là,miễn là,0,2,1,3,8,6,1,0,PASS,PASS
叫作,2,2,jiào zuò,gọi là,gọi là,0,2,0,0,2,1,0,0,PASS,PASS
可乐,3,2,kě lè,cola,"Nước ngọt có ga, Coca-Cola",0,0,0,0,3,1,0,0,PASS,PASS
可以,1,2,kě yǐ,có thể,có thể,1,2,0,0,16,10,0,2,PASS,PASS
可口,2,2,kě kǒu,ngon,Nghĩa của 可口,0,0,0,0,3,1,0,0,PASS,PASS
可怕,2,2,kě pà,đáng sợ,đáng sợ,0,2,0,0,2,1,0,0,PASS,PASS
可是,1,2,kě shì,nhưng,khả thị,0,2,0,0,2,7,0,2,PASS,PASS
可爱,2,2,kě'ài,đáng yêu,đáng yêu,0,0,0,0,3,2,0,0,PASS,PASS
可能,1,2,kě néng,có thể,có thể,0,2,1,3,6,5,0,2,PASS,PASS
可见,3,2,kě jiàn,rõ ràng,có thể thấy được; rõ ràng là,0,1,0,0,1,1,0,4,PASS,PASS
可靠,3,2,kě kào,đáng tin cậy,"Đáng tin cậy, vững chắc",0,1,0,0,3,1,0,0,PASS,PASS
台词,2,2,tái cí,Lời thoại (trong kịch,"Lời thoại (trong kịch, phim)",0,0,0,0,2,1,0,0,PASS,PASS
右边,1,2,yòu biān,bên phải,bên phải,0,1,0,0,5,3,0,0,PASS,PASS
叶子,3,2,yè zi,lá,lá,0,1,1,2,2,1,0,0,PASS,PASS
号码,1,2,hào mǎ,Số,Số,0,2,0,0,3,2,0,0,PASS,PASS
司机,2,2,sī jī,tài xế,tài xế,0,2,1,1,3,2,0,0,PASS,PASS
叹气,2,2,tàn qì,thở dài,"thở dài, thở dài não nuột (biểu hiện sự buồn bã, lo lắng hoặc bất lực)",0,1,0,0,4,1,0,0,PASS,PASS
吃饭,1,2,chī fàn,ăn cơm,"ăn cơm, ăn uống",0,1,0,0,8,10,0,0,PASS,PASS
各位,3,2,gè wèi,các vị,"mỗi vị, các vị, mọi người",0,0,0,0,0,1,0,0,PASS,PASS
各地,3,2,gè dì,khắp nơi,"mỗi nơi, khắp mọi nơi",0,2,0,0,2,1,0,1,PASS,PASS
各种,3,2,gè zhǒng,các loại,"mọi loại, các loại; đủ mọi loại",1,0,0,0,2,1,0,0,PASS,PASS
各自,3,2,gè zì,mỗi người,"mỗi người, mỗi bên; riêng, từng người một",0,1,0,0,1,1,0,0,PASS,PASS
合作,3,2,hé zuò,hợp tác,"hợp tác, cộng tác",0,2,1,1,3,3,0,0,PASS,PASS
合影,2,2,hé yǐng,ảnh nhóm,ảnh nhóm,0,2,0,0,4,1,0,0,PASS,PASS
合格,3,2,hé gé,đạt yêu cầu,"đạt chuẩn, đủ điều kiện, hợp quy; đạt yêu cầu",0,2,0,0,2,1,0,1,PASS,PASS
合法,3,2,hé fǎ,hợp pháp,"hợp pháp, đúng luật; được pháp luật công nhận",0,2,0,0,2,1,0,0,PASS,PASS
合理,3,2,hé lǐ,hợp lý,"hợp lý, hợp lý, đúng đắn; phù hợp với lý lẽ hoặc lẽ thường",0,2,0,0,2,1,0,0,PASS,PASS
合适,2,2,hé shì,phù hợp,phù hợp,0,3,0,0,3,2,0,3,PASS,PASS
吉凶,3,2,jí xiōng,tốt lành hay tai họa,"tốt lành hay tai họa, họa phúc",0,0,0,0,2,1,0,0,PASS,PASS
吉祥,3,2,jí xiáng,may mắn,"may mắn, tốt lành, cát tường (吉 cát + 祥 tường)",0,3,2,2,4,1,0,1,PASS,PASS
吊床,3,2,diào chuáng,võng,võng,0,0,0,0,2,1,0,0,PASS,PASS
同事,2,2,tóng shì,đồng nghiệp,đồng nghiệp,0,2,0,0,2,1,0,0,PASS,PASS
同学,1,2,tóng xué,bạn học,bạn học,0,2,0,0,7,5,0,0,PASS,PASS
同屋,1,2,tóng wū,bạn cùng phòng,bạn cùng phòng,0,0,0,0,2,1,0,0,PASS,PASS
同意,1,2,tóng yì,đồng ý,"đồng ý, tán thành; có cùng ý kiến hoặc quan điểm với người khác",0,2,0,0,4,3,0,0,PASS,PASS
同时,2,2,tóng shí,đồng thời,đồng thời,0,2,0,0,2,1,0,0,PASS,PASS
同样,2,2,tóng yàng,tương tự,tương tự; giống nhau,0,1,1,3,3,2,0,2,PASS,PASS
名人,3,2,míng rén,người nổi tiếng,người nổi tiếng,0,1,1,2,2,1,0,0,PASS,PASS
名单,2,2,míng dān,danh sách tên,danh sách,0,2,1,1,2,1,0,0,PASS,PASS
名字,1,2,míng zi,tên,"tên (cá nhân, đồ vật)",0,3,2,2,9,6,0,1,PASS,PASS
名称,2,2,míng chēng,tên,tên gọi,0,2,0,0,2,1,0,1,PASS,PASS
后天,1,2,hòu tiān,ngày mốt,"ngày mốt (ngày kia, 2 ngày sau)",0,3,3,5,6,2,0,0,PASS,PASS
后年,3,2,hòu nián,năm sau nữa,"Năm sau nữa, năm kia",0,0,0,0,3,1,0,0,PASS,PASS
后悔,2,2,hòu huǐ,hối hận,hối hận,0,0,0,0,0,0,0,0,PARTIAL,BLOCKED-NO-SUPPORTING-EVIDENCE
后来,2,2,hòu lái,sau này,sau này,0,1,1,3,3,2,0,1,PASS,PASS
后果,3,2,hòu guǒ,hậu quả,hậu quả,0,0,0,0,0,1,0,0,PASS,PASS
后边,1,2,hòu biān,đằng sau,"đằng sau, phía sau",0,2,0,0,4,2,0,0,PASS,PASS
后面,1,2,hòu miàn,phía sau,"Phía sau, sau; sau này",0,2,1,1,4,2,0,0,PASS,PASS
否定,3,2,fǒu dìng,phủ định,phủ định; bác bỏ; khẳng định là sai,0,2,0,0,2,1,0,0,PASS,PASS
否认,3,2,fǒu rèn,phủ nhận,phủ nhận; chối từ; không công nhận,0,2,0,0,2,1,0,0,PASS,PASS
听众,3,2,tīng zhòng,khán giả,"thính giả; người nghe radio, podcast hoặc bài nói",0,2,0,0,2,1,0,1,PASS,PASS
听写,1,2,tīng xiě,nghe viết,"đánh vần nghe, kiểm tra nghe viết",0,2,2,2,5,2,0,0,PASS,PASS
听到,1,2,tīng dào,nghe,"nghe thấy, nghe được",0,0,0,0,5,2,0,0,PASS,PASS
听力,2,2,tīng lì,nghe hiểu,"nghe hiểu, kỹ năng nghe",0,2,0,0,2,1,0,0,PASS,PASS
听见,1,2,tīng jiàn,nghe thấy,nghe thấy,0,2,1,1,4,1,0,0,PASS,PASS
听讲,2,2,tīng jiǎng,nghe giảng,thính giảng,0,2,1,1,2,1,0,0,PASS,PASS
听话,3,2,tīng huà,vâng lời,"vâng lời, ngoan ngoãn",0,3,2,2,4,1,0,0,PASS,PASS
听说,1,2,tīng shuō,nghe nói,"Nghe nói, đồn là; được biết",0,3,1,1,6,4,0,0,PASS,PASS
启事,2,2,qǐ shì,thông báo,thông báo,0,0,0,0,0,0,0,1,PARTIAL,BLOCKED-NO-SUPPORTING-EVIDENCE
启发,2,2,qǐ fā,truyền cảm hứng,"truyền cảm hứng; khơi gợi, gợi mở",0,3,1,1,3,1,0,0,PASS,PASS
吵架,2,2,chǎo jià,cãi nhau,cãi nhau; cãi vã; tranh cãi gay gắt,0,2,0,0,2,1,0,0,PASS,PASS
呈现,3,2,chéng xiàn,hiện ra,Nghĩa của 呈现,0,0,0,0,3,1,0,0,PASS,PASS
告别,3,2,gào bié,chia tay,tạm biệt; chia tay; từ biệt,0,2,0,0,2,1,0,0,PASS,PASS
告诉,1,2,gào su,báo,"báo cho, nói cho ai biết",0,4,3,7,9,7,0,1,PASS,PASS
员工,3,2,yuán gōng,nhân viên,"nhân viên, người lao động trong công ty; cán bộ công nhân viên",0,2,0,0,2,1,0,1,PASS,PASS
周到,2,2,zhōu dào,chu đáo,chu đáo,0,2,0,0,4,1,0,0,PASS,PASS
周围,2,2,zhōu wéi,xung quanh,Xung quanh,0,3,1,1,3,1,0,0,PASS,PASS
周年,2,2,zhōu nián,kỷ niệm,kỷ niệm,0,2,0,0,2,1,0,1,PASS,PASS
周末,1,2,zhōu mò,cuối tuần,cuối tuần,0,2,0,0,3,2,0,0,PASS,PASS
味精,2,2,wèi jīng,mì chính,"bột ngọt, mì chính",0,0,0,0,1,1,0,0,PASS,PASS
味道,1,2,wèi dao,hương vị,vị đạo,0,2,0,0,2,1,0,0,PASS,PASS
命脉,3,2,mìng mài,huyết mạch,"huyết mạch, mạch sống, yếu tố cốt lõi",0,0,0,0,2,1,0,0,PASS,PASS
命运,3,2,mìng yùn,số phận,"Số phận, định mệnh",0,4,0,0,3,1,0,0,PASS,PASS
和平,3,2,hé píng,hòa bình,hòa bình; hòa thuận,0,0,0,0,1,1,0,0,PASS,PASS
咖啡,1,2,kā fēi,cà phê,Cà phê,0,3,3,7,9,7,0,0,PASS,PASS
咱们,1,2,zán men,chúng ta,chúng ta,0,1,0,0,7,6,0,0,PASS,PASS
咳嗽,1,2,ké sou,ho,Nghĩa của 咳嗽,0,0,0,0,3,1,0,0,PASS,PASS
哈哈,3,2,hā hā,ha-ha,Ha ha (tiếng cười),0,3,1,1,3,1,0,0,PASS,PASS
哎呀,1,2,āi yā,thán từ 'ai ya',ôi chao; tiếng than thán hoặc ngạc nhiên,0,3,0,0,5,1,0,0,PASS,PASS
哥哥,1,2,gē ge,anh trai,anh trai,0,2,1,3,7,5,0,0,PASS,PASS
哪个,1,2,nǎ ge,cái nào,cái nào,0,0,0,0,5,6,0,0,PASS,PASS
哪些,1,2,nǎ xiē,Những cái nào?,"những nào, cái nào",0,0,0,0,3,1,0,0,PASS,PASS
哪儿,1,2,nǎr,ở đâu,ở đâu,0,0,0,0,8,10,1,2,PASS,PASS
哪里,1,2,nǎ lǐ,ở đâu,"ở đâu, nơi nào (đại từ hỏi vị trí)",0,2,1,2,3,4,0,2,PASS,PASS
哲学,2,2,zhé xué,triết học,triết học,1,2,0,0,4,1,0,0,PASS,PASS
唤醒,3,2,huàn xǐng,đánh thức,"đánh thức, gọi dậy",0,0,0,0,2,1,0,0,PASS,PASS
唯一,2,2,wéi yī,chỉ có,"duy nhất, chỉ một",0,3,1,1,5,1,0,1,PASS,PASS
唱歌,1,2,chàng gē,hát,hát (hoạt động hát bài hát),0,3,0,0,9,7,0,1,PASS,PASS
唾液,3,2,tuò yè,nước bọt,"Thoá-dịch — nước bọt, nước miếng (dịch tiết từ tuyến nước bọt trong miệng). Đây là thuật ngữ y học/sinh học chính thức.",0,3,1,1,4,1,0,0,PASS,PASS
商业,3,2,shāng yè,thương mại,"thương mại, hoạt động buôn bán",0,2,1,1,2,1,0,0,PASS,PASS
商人,2,2,shāng rén,thương nhân,thương nhân,0,2,0,0,1,1,0,0,PASS,PASS
商品,3,2,shāng pǐn,hàng hoá,"hàng hóa, sản phẩm dùng để buôn bán",0,2,1,1,1,1,0,0,PASS,PASS
商场,1,2,shāng chǎng,trung tâm mua sắm,"cửa hàng, trung tâm thương mại",0,2,0,0,2,1,0,1,PASS,PASS
商店,1,2,shāng diàn,cửa hàng,cửa hàng,0,2,2,6,8,5,0,0,PASS,PASS
商量,2,2,shāng liang,thương lượng,thương lượng,0,3,1,1,3,1,0,0,PASS,PASS
啤酒,1,2,pí jiǔ,bia,Bia,0,3,3,3,3,1,0,0,PASS,PASS
喜欢,1,2,xǐ huan,thích,"thích (cảm xúc hướng towards, yêu thích)",0,3,1,2,20,10,0,0,PASS,PASS
喜爱,3,2,xǐ ài,yêu thích,yêu thích; ưa thích,0,0,0,0,0,1,0,0,PASS,PASS
喧嚣,3,2,xuān xiāo,ồn ào,"ồn ào, huyên náo",0,0,0,0,2,1,0,0,PASS,PASS
嗜好,3,2,shì hào,thói quen,"sở thích, thói quen (thường mang tính ham thích mạnh)",0,3,2,2,5,1,0,1,PASS,PASS
器官,3,2,qì guān,cơ quan,khí + quan (cơ quan),0,0,0,0,3,1,0,0,PASS,PASS
四季,3,2,sì jì,bốn mùa,bốn mùa,0,2,2,2,5,2,0,0,PASS,PASS
四肢,2,2,sì zhī,tứ chi,Nghĩa của 四肢,0,0,0,0,3,1,0,0,PASS,PASS
回到,1,2,huí dào,trở lại,trở lại đến,0,0,0,0,4,2,0,0,PASS,PASS
回去,1,2,huí qù,trở về,"trở về, quay lại, về",0,0,0,0,2,1,0,0,PASS,PASS
回国,2,2,huí guó,về nước,về nước,0,2,0,0,4,3,0,0,PASS,PASS
回家,1,2,huí jiā,trở về nhà,về nhà,0,0,0,0,7,8,0,0,PASS,PASS
回忆,2,2,huí yì,nhớ lại,"hồi tưởng, nhớ lại, kỷ niệm",0,3,0,0,5,1,0,2,PASS,PASS
回来,1,2,huí lai,quay lại,"quay lại, trở về",0,1,0,0,5,3,0,1,PASS,PASS
回答,1,2,huí dá,trả lời,trả lời,0,3,3,6,4,1,0,1,PASS,PASS
因为,2,2,yīn wèi,bởi vì,nhân vi,0,2,0,0,6,6,0,1,PASS,PASS
团体,3,2,tuán tǐ,nhóm,"nhóm, tổ chức, tập thể",0,1,0,0,0,1,0,2,PASS,PASS
团圆,2,2,tuán yuán,đoàn tụ,Nghĩa của 团圆,0,0,0,0,3,1,0,0,PASS,PASS
团结,3,2,tuán jié,đoàn kết,đoàn kết,0,2,0,0,2,1,0,0,PASS,PASS
园林,3,2,yuán lín,vườn,"viên lâm — vườn cảnh, công viên kiểu truyền thống; chỉ loại vườn được thiết kế nghệ thuật theo phong cách Trung Hoa cổ điển, khác với vườn bình thường",0,3,2,2,4,1,0,0,PASS,PASS
困惑,3,2,kùn huò,bối rối,"bối rối, khó hiểu; lúng túng, không biết phải làm gì",0,3,1,1,4,1,0,1,PASS,PASS
困难,3,2,kùn nan,khó khăn,"Khó khăn, gian nan",0,2,1,1,4,3,0,0,PASS,PASS
国内,3,2,guó nèi,trong nước,trong nước,0,2,0,0,2,1,0,0,PASS,PASS
国外,1,2,guó wài,nước ngoài,"nước ngoài, ở nước ngoài",0,3,2,2,3,1,0,1,PASS,PASS
国宝,3,2,guó bǎo,bảo vật quốc gia,bảo vật quốc gia,0,4,3,3,5,1,0,0,PASS,PASS
国家,1,2,guó jiā,quốc gia,"quốc gia, nhà nước",0,3,0,0,4,2,0,0,PASS,PASS
国庆,3,2,guó qìng,Ngày Quốc khánh,"Quốc khánh, ngày lễ kỷ niệm thành lập nước; ngày nghỉ lễ để chúc mừng ngày thành lập quốc gia",0,2,1,1,2,1,0,0,PASS,PASS
国际,1,2,guó jì,quốc tế,quốc tế,0,2,0,0,2,1,0,0,PASS,PASS
图片,2,2,tú piàn,hình ảnh,hình ảnh,0,3,0,0,2,1,0,1,PASS,PASS
图画,3,2,tú huà,bức tranh,"bức tranh, hình vẽ",0,0,0,0,1,2,0,1,PASS,PASS
圈子,3,2,quān zi,nhóm,nhóm,0,0,0,0,0,1,0,2,PASS,PASS
土豆,2,2,tǔ dòu,khoai tây,khoai tây,0,2,0,0,4,1,0,0,PASS,PASS
圣火,3,2,shèng huǒ,Ngọn lửa thiêng,"Ngọn lửa thiêng, ngọn lửa thần thánh",0,0,0,0,2,1,0,0,PASS,PASS
圣经,3,2,shèng jīng,Kinh Thánh,Kinh Thánh,0,0,0,0,2,1,0,0,PASS,PASS
在家,1,2,zài jiā,ở nhà,"ở nhà (chỉ trạng thái có mặt tại nhà, dùng cho người)",0,3,0,0,9,7,0,1,PASS,PASS
地上,1,2,dì shàng,mặt đất,"mặt đất, dưới đất",0,2,0,0,3,1,0,0,PASS,PASS
地区,2,2,dì qū,khu vực,"khu vực, vùng",0,2,0,0,2,1,0,0,PASS,PASS
地图,1,2,dì tú,bản đồ,bản đồ,0,3,1,1,5,2,0,0,PASS,PASS
地址,2,2,dì zhǐ,địa chỉ,địa chỉ,0,1,1,3,3,2,0,0,PASS,PASS
地方,1,2,dì fang,nơi,"nơi, chỗ",0,3,2,5,5,3,0,1,PASS,PASS
地点,1,2,dì diǎn,địa điểm,địa điểm,0,2,0,0,2,1,0,0,PASS,PASS
地球,2,2,Dì qiú,trái đất,trái đất,0,2,0,0,2,1,0,0,PASS,PASS
地道,2,2,dì dao,đích thực,đích thực,0,2,0,0,4,1,0,0,PASS,PASS
地铁,1,2,dì tiě,tàu điện ngầm,địa thiết,1,3,2,2,4,2,0,0,PASS,PASS
场合,3,2,chǎng hé,dịp,"dịp, hoàn cảnh, trường hợp",0,2,0,0,1,1,0,0,PASS,PASS
场所,3,2,chǎng suǒ,nơi,nơi chốn; địa điểm; không gian dành cho mục đích nào đó,0,2,1,1,2,1,0,1,PASS,PASS
场面,3,2,chǎng miàn,cảnh,cảnh; khung cảnh; hoàn cảnh; quy mô; không khí,0,0,0,0,2,1,0,0,PASS,PASS
均匀,2,2,jūn yún,đều,"đều, phân bố đều",0,2,0,0,4,1,0,0,PASS,PASS
坏事,2,2,huài shì,ác,"việc xấu, tai họa; (động từ) làm hỏng",0,3,1,1,3,1,0,0,PASS,PASS
坏人,2,2,huài rén,người xấu,người xấu,0,2,0,0,3,2,0,0,PASS,PASS
坏处,2,2,huài chu,điều xấu,điều xấu; điểm hại,0,0,0,0,1,1,0,0,PASS,PASS
坐下,1,2,zuò xià,ngồi xuống,ngồi xuống,0,1,1,3,5,1,0,0,PASS,PASS
块儿,2,2,kuàir ,miếng,"miếng, cục, mẩu",1,0,0,0,2,1,0,0,PASS,PASS
坚决,3,2,jiān jué,quyết tâm,"quyết tâm, dứt khoát; kiên quyết",0,2,1,1,1,1,0,2,PASS,PASS
坚强,3,2,jiān qiáng,mạnh mẽ,"mạnh mẽ, kiên cường; vững vàng",0,2,1,1,1,1,0,2,PASS,PASS
坚持,2,2,jiān chí,kiên trì,"kiên trì, kiên quyết",0,1,0,0,7,7,0,0,PASS,PASS
坟墓,3,2,fén mù,mộ,Nghĩa của 坟墓,0,0,0,0,3,1,0,0,PASS,PASS
城市,3,2,chéng shì,thành phố,thành phố,0,2,1,2,3,2,0,0,PASS,PASS
基本,2,2,jī běn,cơ bản,"cơ bản; căn bản, về cơ bản",1,1,1,1,2,1,0,0,PASS,PASS
基础,1,2,jī chǔ,nền tảng,"nền tảng, cơ sở; cơ bản",0,2,1,1,2,1,0,0,PASS,PASS
堵车,1,2,dǔ chē,kẹt xe,đổ + xa (kẹt xe),0,0,0,0,3,1,1,0,PASS,PASS
境界,3,2,jìng jiè,trạng thái,"cảnh giới — trình độ, mức độ tinh thần hoặc nghệ thuật đạt được; cũng có nghĩa ranh giới, lĩnh vực",0,3,2,2,4,1,0,1,PASS,PASS
增加,2,2,zēng jiā,tăng,tăng thêm,0,2,0,0,2,1,0,1,PASS,PASS
增长,3,2,zēng zhǎng,tăng trưởng,"tăng trưởng; gia tăng về số lượng, kích thước hoặc mức độ",0,2,0,0,2,1,0,0,PASS,PASS
墨镜,2,2,mò jìng,Kính râm,"Kính râm, kính mát",0,0,0,0,2,1,0,0,PASS,PASS
壮观,2,2,zhuàng guān,cảnh tượng hùng vĩ,"tráng quan — cảnh tượng hùng vĩ, ngoạn mục, tráng lệ",0,4,0,0,4,1,0,0,PASS,PASS
声明,3,2,shēng míng,tuyên bố,"tuyên bố, tuyên bố; thông báo",0,2,0,0,2,1,0,0,PASS,PASS
声调,1,2,shēng diào,âm điệu,âm điệu,0,2,0,0,4,1,0,0,PASS,PASS
声音,2,2,shēng yīn,âm thanh,âm thanh,0,2,0,0,4,2,0,0,PASS,PASS
处理,3,2,chǔ lǐ,sắp xếp,"xử lý, giải quyết công việc",0,0,0,0,1,2,0,2,PASS,PASS
复习,1,2,fù xí,ôn tập,ôn tập,0,0,0,0,5,4,0,0,PASS,PASS
复印,3,2,fù yìn,sao chép,sao chép; photocopy; in lại bản sao,0,2,0,0,2,1,0,0,PASS,PASS
复杂,2,2,fù zá,phức tạp,phức tạp; rắc rối; cầu kỳ,0,2,0,0,2,1,0,0,PASS,PASS
夏天,1,2,xià tiān,mùa hè,hạ thiên,0,1,0,0,7,5,0,0,PASS,PASS
外交,3,2,wài jiāo,ngoại giao,ngoại giao,1,2,2,2,2,1,0,0,PASS,PASS
外人,3,2,wài rén,người ngoài,"người ngoài, người lạ",0,0,0,0,2,1,0,0,PASS,PASS
外卖,2,2,wài mài,đồ ăn mang về,ngoại mại,0,2,1,1,2,1,0,0,PASS,PASS
外号,2,2,wài hào,biệt danh,"biệt danh, tên hiệu",0,2,1,3,3,1,0,0,PASS,PASS
外国,1,2,wài guó,nước ngoài,"nước ngoài, nước khác",0,4,2,2,4,1,0,1,PASS,PASS
外地,2,2,wài dì,nơi khác,nơi khác,0,2,0,0,2,1,0,0,PASS,PASS
外文,3,2,wài wén,ngoại ngữ,"ngoại ngữ, tiếng nước ngoài",0,2,1,1,1,1,0,1,PASS,PASS
外衣,2,2,wài yī,áo khoác,áo khoác ngoài; lớp vỏ bên ngoài (nghĩa bóng),0,3,1,1,4,1,1,0,PASS,PASS
外语,1,2,wài yǔ,ngoại ngữ,ngoại ngữ,0,2,0,0,5,3,1,1,PASS,PASS
外边,1,2,wài biān,bên ngoài,bên ngoài,0,2,1,1,4,2,0,2,PASS,PASS
外面,2,2,wài miàn,bên ngoài,"bên ngoài, ngoài trời; nước ngoài",0,1,0,0,4,3,0,2,PASS,PASS
多久,2,2,duō jiǔ,bao lâu?,bao lâu,0,3,2,3,3,1,0,0,PASS,PASS
多么,2,2,duō me,đến mức nào,đa ma,0,2,0,0,2,1,0,0,PASS,PASS
多云,2,2,duō yún,nhiều mây,đa vân,0,2,0,0,3,1,0,0,PASS,PASS
多大,1,2,duō dà,bao nhiêu tuổi,bao nhiêu tuổi; lớn cỡ nào,0,0,0,0,4,4,0,0,PASS,PASS
多少,1,2,duō shao,bao nhiêu,bao nhiêu,0,3,3,7,10,7,0,0,PASS,PASS
夜里,1,2,yè li,vào ban đêm,vào ban đêm,0,2,0,0,2,1,0,0,PASS,PASS
大人,2,2,dà ren,người lớn,người lớn,0,2,0,0,1,1,0,0,PASS,PASS
大厦,3,2,dà shà,tòa nhà lớn,Đại hạ — tòa nhà lớn; tòa nhà cao tầng.,0,0,0,0,3,1,0,0,PASS,PASS
大声,2,2,dà shēng,to tiếng,"động lớn, to tiếng",0,2,1,1,3,1,0,0,PASS,PASS
大大,2,2,dà dà,rất nhiều,rất nhiều,0,2,1,2,2,3,0,0,PASS,PASS
大夫,3,2,dài fu,bác sĩ,bác sĩ,0,2,0,0,2,1,0,1,PASS,PASS
大学,1,2,dà xué,đại học,"đại học, trường đại học",1,0,0,0,5,3,0,0,PASS,PASS
大家,1,2,dà jiā,mọi người,mọi người,0,2,1,1,10,9,0,1,PASS,PASS
大小,2,2,dà xiǎo,kích thước,kích thước,0,2,1,2,2,1,0,0,PASS,PASS
大巴,1,2,dà bā,xe buýt,"xe buýt, xe khách",0,3,1,1,4,1,0,2,PASS,PASS
大概,1,2,dà gài,khoảng,"Khoảng, chừng, đại khái, có lẽ",0,4,0,0,4,2,0,2,PASS,PASS
大海,2,2,dà hǎi,biển,đại hải,0,2,0,0,3,1,0,0,PASS,PASS
大约,3,2,dà yuē,khoảng,"Khoảng,chừng",0,0,0,0,3,1,0,2,PASS,PASS
大衣,2,2,dà yī,áo khoác dài,áo khoác dài,0,2,1,1,2,1,0,0,PASS,PASS
大量,2,2,dà liàng,lượng lớn,đại lượng,0,3,2,2,2,1,0,0,PASS,PASS
大门,2,2,dà mén,cổng chính,"cổng chính, đại môn",0,2,1,1,3,1,0,0,PASS,PASS
天上,2,2,tiān shàng,trên trời,trên trời,0,2,0,0,2,2,0,0,PASS,PASS
天气,1,2,tiān qì,thời tiết,thời tiết,0,3,1,1,19,10,0,0,PASS,PASS
天生,3,2,tiān shēng,thiên bẩm,"thiên sinh — bẩm sinh, có từ khi sinh ra (tài năng, tính cách, đặc điểm tự nhiên)",0,3,1,1,4,1,0,0,PASS,PASS
天空,3,2,tiān kōng,bầu trời,bầu trời,0,2,0,0,3,2,0,0,PASS,PASS
太太,2,2,tài tai,bà,"bà, vợ",1,0,0,0,1,1,0,0,PASS,PASS
太阳,2,2,tài yáng,mặt trời,mặt trời,1,2,0,0,3,3,0,0,PASS,PASS
夫人,2,2,fū ren,phu nhân,"Vợ (trang trọng), phu nhân",0,1,1,3,3,1,0,0,PASS,PASS
夫妻,3,2,fū qī,vợ chồng,phu + thê (vợ chồng),0,0,0,0,3,1,0,1,PASS,PASS
失去,2,2,shī qù,mất,"mất mát, không còn nữa",0,2,1,1,3,2,0,0,PASS,PASS
失手,3,2,shī shǒu,lỡ tay,"lỡ tay, sơ suất; thất bại",0,0,0,0,2,1,1,0,PASS,PASS
失望,2,2,shī wàng,thất vọng,thất + vọng (thất vọng),0,0,0,0,3,1,0,0,PASS,PASS
失败,2,2,shī bài,thất bại,thất bại,0,2,0,0,5,4,0,0,PASS,PASS
头儿,2,2,tóur ,Ông chủ,"Ông chủ, thủ trưởng, người đứng đầu",0,0,0,0,2,1,0,1,PASS,PASS
头发,1,2,tóu fa,tóc,tóc,0,1,0,0,4,3,0,0,PASS,PASS
头疼,1,2,tóu téng,đau đầu,"đầu đông — đau đầu; (nghĩa bóng) gây khó chịu, rắc rối, nhức đầu",0,3,0,0,4,1,0,0,PASS,PASS
头脑,3,2,tóu nǎo,bộ não,"Bộ não, tư duy",0,0,0,0,3,1,0,0,PASS,PASS
奇怪,2,2,qí guài,lạ lùng,"Lạ thường, kỳ lạ",0,0,0,0,3,1,0,0,PASS,PASS
奇迹,2,2,qíjì,phép lạ,phép lạ,0,2,0,0,4,1,0,0,PASS,PASS
奔跑,3,2,bēn pǎo,chạy,"chạy nhanh, chạy bộ — chạy với tốc độ cao, hành động chạy mạnh mẽ",0,4,1,1,4,1,0,0,PASS,PASS
奢侈,3,2,shē chǐ,xa hoa,"xa xỉ, hoang phí, tiêu xài quá mức; dùng để chỉ lối sống phung phí tiền của",0,3,1,1,4,1,0,0,PASS,PASS
女人,1,2,nǚ rén,phụ nữ,"phụ nữ, người phụ nữ",0,3,0,0,4,1,0,1,PASS,PASS
女儿,1,2,nǚ'ér,con gái,con gái,0,2,1,3,12,9,0,1,PASS,PASS
女士,1,2,nǚ shì,quý bà,quý bà,0,1,1,2,2,1,0,0,PASS,PASS
女子,3,2,nǚ zǐ,phụ nữ,Phụ nữ,0,0,0,0,3,1,0,1,PASS,PASS
女生,1,2,nǚ shēng,nữ sinh,"học sinh nữ, nữ sinh",0,0,0,0,2,1,0,0,PASS,PASS
奶奶,1,2,nǎi nai,bà nội,bà nội,0,2,1,1,4,1,0,0,PASS,PASS
奶茶,2,2,nǎi chá,trà sữa,trà sữa,0,0,0,0,0,1,0,0,PASS,PASS
她们,1,2,tā men,họ (nữ),"các cô ấy, các chị ấy",0,2,0,0,2,1,2,0,PASS,PASS
好不,2,2,hǎo bù,thật là,"thật là, rất là (biểu thị sự ngạc nhiên, cảm thán)",1,0,0,0,3,2,0,0,PASS,PASS
好久,2,2,hǎo jiǔ,đã lâu,đã lâu,0,3,2,2,3,1,0,0,PASS,PASS
好事,2,2,hǎo shì,lòng tốt,việc tốt,0,2,1,1,3,2,0,0,PASS,PASS
好人,2,2,hǎo rén,người tốt,người tốt,0,2,0,0,2,1,0,0,PASS,PASS
好像,1,2,hǎo xiàng,dường như,dường như; hình như,0,1,1,3,3,3,0,2,PASS,PASS
好吃,1,2,hǎo chī,ngon (về đồ ăn),ngon,0,2,1,3,9,8,0,0,PASS,PASS
好听,1,2,hǎo tīng,dễ nghe,"nghe hay, hay (về âm thanh)",0,0,0,0,6,4,0,0,PASS,PASS
好喝,2,2,hǎo hē,ngon (đồ uống),ngon (đồ uống),0,0,0,0,1,2,0,0,PASS,PASS
好处,2,2,hǎo chù,lợi ích,lợi ích; điểm tốt,0,1,1,1,2,2,0,0,PASS,PASS
好多,2,2,hǎo duō,nhiều lắm,hảo đa,0,3,2,2,4,2,0,0,PASS,PASS
好奇,3,2,hào qí,tò mò,"Tò mò, hiếu kỳ",0,3,1,2,3,1,0,0,PASS,PASS
好好,3,2,hǎo hào,cẩn thận,"Cẩn thận, thật tốt",1,0,0,0,3,1,0,2,PASS,PASS
好看,1,2,hǎo kàn,đẹp,"đẹp, hay",0,2,1,3,9,8,0,2,PASS,PASS
如何,3,2,rú hé,Như thế nào?,như thế nào; bằng cách nào,0,2,1,1,3,2,0,1,PASS,PASS
如果,1,2,rú guǒ,nếu,như quả,0,2,0,0,6,4,0,2,PASS,PASS
妈妈,1,2,mā ma,mẹ,mẹ,0,2,1,3,16,10,0,1,PASS,PASS
妨害,3,2,fáng hài,gây hại,gây hại,0,3,3,3,3,1,0,1,PASS,PASS
妹妹,1,2,mèi mei,em gái,em gái,0,2,1,3,5,2,0,0,PASS,PASS
妻子,2,2,qī zi,vợ,vợ,0,2,0,0,3,2,0,1,PASS,PASS
始终,3,2,shǐ zhōng,từ đầu đến cuối,"Luôn luôn, từ đầu đến cuối",0,2,0,0,3,1,0,0,PASS,PASS
姐姐,1,2,jiě jie,chị gái,chị gái,0,2,1,3,8,5,0,0,PASS,PASS
姑娘,2,2,gū niang,cô gái,"Cô gái, thiếu nữ; (vùng phương Bắc) con gái",0,4,0,0,3,1,0,0,PASS,PASS
姓名,2,2,xìng míng,họ tên,họ tên,0,1,0,0,2,1,0,0,PASS,PASS
威胁,3,2,wēi xié,đe dọa,"đe dọa, uy hiếp",0,0,0,0,4,1,0,0,PASS,PASS
婴儿,3,2,yīng'ér,trẻ sơ sinh,"trẻ sơ sinh, trẻ nhỏ",0,2,0,0,4,1,0,0,PASS,PASS
媒体,3,2,méi tǐ,truyền thông đại chúng,"phương tiện truyền thông; báo chí, truyền thông",1,2,1,1,2,1,0,0,PASS,PASS
子女,3,2,zǐ nǚ,con trai và con gái,Con cái,0,0,0,0,3,1,0,0,PASS,PASS
字典,2,2,zì diǎn,từ điển,từ điển,0,1,1,1,1,1,0,1,PASS,PASS
存在,3,2,cún zài,tồn tại,tồn tại,0,2,0,0,1,1,0,0,PASS,PASS
季节,1,2,jì jié,mùa,mùa,0,1,1,2,2,1,0,0,PASS,PASS
学习,1,2,xué xí,học,"học, học tập",0,3,3,5,20,10,0,0,PASS,PASS
学期,1,2,xué qī,học kỳ,học kỳ,0,1,1,2,2,1,0,0,PASS,PASS
学校,1,2,xué xiào,trường học,"Trường học, nơi dạy và học; trường (như tổ chức giáo dục)",0,0,0,0,20,10,0,0,PASS,PASS
学生,1,2,xué shēng,sinh viên,học sinh,5,3,2,4,20,10,0,0,PASS,PASS
学费,3,2,xué fèi,học phí,học phí,0,1,0,0,2,1,0,0,PASS,PASS
学院,1,2,xué yuàn,học viện,"học viện, khoa",0,2,0,0,3,1,0,0,PASS,PASS
孩子,1,2,hái zi,trẻ em,"đứa trẻ, trẻ em",1,3,1,1,7,4,0,1,PASS,PASS
宁静,2,2,níng jìng,yên bình,"yên bình, tĩnh lặng, không ồn ào",0,2,0,0,2,1,0,0,PASS,PASS
它们,1,2,tā men,chúng,chúng,0,2,1,1,2,1,2,0,PASS,PASS
安全,2,2,ān quán,an toàn,an toàn,0,3,2,2,4,2,0,0,PASS,PASS
安排,1,2,ān pái,sắp xếp,"sắp xếp, bố trí, an bài",0,0,0,0,1,2,0,2,PASS,PASS
安装,3,2,ān zhuāng,cài đặt,"lắp đặt, cài đặt",0,2,1,1,2,1,0,0,PASS,PASS
安静,2,2,ān jìng,yên tĩnh,yên tĩnh,0,3,2,2,4,2,0,0,PASS,PASS
完全,2,2,wán quán,hoàn toàn,hoàn toàn,0,1,1,3,3,2,0,2,PASS,PASS
完善,3,2,wán shàn,hoàn thiện,"hoàn thiện, đầy đủ, làm cho tốt hơn",0,2,0,0,2,1,0,0,PASS,PASS
完成,2,2,wán chéng,hoàn thành,hoàn thành,0,2,0,0,4,3,0,0,PASS,PASS
完整,3,2,wán zhěng,hoàn chỉnh,"hoàn chỉnh, nguyên vẹn",0,2,0,0,2,1,0,0,PASS,PASS
完美,3,2,wán měi,hoàn hảo,"hoàn hảo, tuyệt vời",0,2,0,0,2,1,0,0,PASS,PASS
宏观,3,2,hóng guān,vĩ mô,"Hoành quan (vĩ mô) — góc nhìn tổng thể, ở tầm rộng và bao quát; đối lập với vi mô (微观). Thường dùng trong kinh tế và khoa học.",0,3,3,3,4,1,0,0,PASS,PASS
定期,3,2,dìng qī,định kỳ,Định kỳ,0,0,0,0,3,1,0,0,PASS,PASS
实习,2,2,shí xí,thực tập,thực tập,0,2,0,0,2,1,0,0,PASS,PASS
实力,3,2,shí lì,sức mạnh thực tế,sức mạnh thực tế; thực lực,0,1,0,0,2,2,0,0,PASS,PASS
实在,2,2,shí zài,thực sự,thực sự,0,2,0,0,2,2,0,2,PASS,PASS
实惠,2,2,shí huì,hữu ích,"hữu ích, lợi ích thực tế; giá cả phải chăng",0,0,0,0,4,1,0,1,PASS,PASS
实现,2,2,shí xiàn,đạt được,thực hiện,0,1,1,1,1,1,0,3,PASS,PASS
实行,2,2,shí xíng,thực hiện,"thực hiện, thi hành",0,1,1,1,1,1,0,1,PASS,PASS
实话,2,2,shí huà,sự thật,sự thật,1,2,0,0,4,1,0,1,PASS,PASS
实际,2,2,shí jì,thực tế,thực tế,1,3,1,1,4,2,0,2,PASS,PASS
实验,2,2,shí yàn,thí nghiệm,"thí nghiệm, làm thí nghiệm",1,2,0,0,1,1,0,0,PASS,PASS
客人,1,2,kè rén,khách hàng,khách hàng,0,1,0,0,4,3,0,1,PASS,PASS
客气,1,2,kè qi,lịch sự,"lịch sự, khách sáo, xa lạ",2,1,0,0,4,2,0,0,PASS,PASS
客观,3,2,kè guān,khách quan,"khách quan; công minh, không thiên vị",0,2,0,0,1,1,0,0,PASS,PASS
宣布,3,2,xuān bù,công bố,công bố,0,2,0,0,1,1,0,1,PASS,PASS
宰杀,3,2,zǎi shā,giết mổ,giết mổ,0,0,0,0,2,1,0,0,PASS,PASS
害怕,3,2,hài pà,sợ hãi,sợ,0,2,0,0,2,1,0,0,PASS,PASS
宴会,2,2,yàn huì,tiệc,tiệc,0,2,0,0,4,1,0,0,PASS,PASS
家乡,3,2,jiā xiāng,quê hương,quê hương,0,2,0,0,4,3,0,2,PASS,PASS
家人,1,2,jiā rén,thành viên gia đình,"người nhà, thành viên gia đình",0,2,1,1,5,2,0,1,PASS,PASS
家伙,3,2,jiā huo,gia súc,"gã, thằng cha, tên (chỉ người — thường thân mật hoặc coi thường); cũng có nghĩa là công cụ, vũ khí (khẩu ngữ)",0,3,2,2,4,1,0,0,PASS,PASS
家具,3,2,jiā jù,đồ nội thất,đồ nội thất,0,0,0,0,0,1,0,0,PASS,PASS
家属,3,2,jiā shǔ,thành viên gia đình,"Gia đình, người nhà",0,1,0,0,3,1,0,1,PASS,PASS
家庭,2,2,jiā tíng,gia đình,gia đình,0,2,0,0,2,1,0,1,PASS,PASS
家教,2,2,jiā jiào,gia sư,"Gia giáo — có hai nghĩa chính: (1) gia sư, người dạy kèm tại nhà; (2) nề nếp gia đình, cách dạy dỗ của cha mẹ. Ngữ cảnh quyết định nghĩa nào.",0,3,1,2,4,1,0,0,PASS,PASS
家族,3,2,jiā zú,gia đình,gia tộc; dòng họ; họ hàng (nhóm người cùng họ),0,0,0,0,1,1,0,1,PASS,PASS
家里,1,2,jiā li,ở nhà,"ở nhà, trong nhà (chỉ vị trí trong ngôi nhà)",0,3,1,2,7,4,0,1,PASS,PASS
家长,2,2,jiā zhǎng,phụ huynh,phụ huynh,0,2,1,1,2,1,0,0,PASS,PASS
容器,3,2,róng qì,đồ chứa,"Dung khí — đồ chứa, vật dụng để đựng. Chỉ bất kỳ vật có thể chứa đựng thứ khác bên trong, từ bình, hộp đến thùng chứa.",0,3,0,0,4,1,0,0,PASS,PASS
容易,1,2,róng yì,dễ,"dễ, dễ dàng; dễ bị",2,2,1,2,4,3,0,0,PASS,PASS
容许,3,2,róng xǔ,cho phép,cho phép,0,0,0,0,3,1,0,0,PASS,PASS
宾馆,2,2,bīn guǎn,khách sạn,"khách sạn, nhà nghỉ",0,0,0,0,4,2,0,2,PASS,PASS
宿舍,1,2,sù shè,ký túc xá,ký túc xá,0,4,0,0,3,1,0,0,PASS,PASS
寒假,2,2,hán jià,kỳ nghỉ đông,"kỳ nghỉ đông, nghỉ đông",0,0,0,0,3,1,0,0,PASS,PASS
寒舍,3,2,hán shè,Nhà tôi,"Nhà tôi, nhà rách (cách nói khiêm tốn)",0,0,0,0,2,1,0,0,PASS,PASS
对了,1,2,duì le,À phải rồi,"À phải rồi, đúng rồi (dùng để chuyển chủ đề hoặc nhớ ra điều gì đó)",0,0,0,0,2,1,0,0,PASS,PASS
对待,3,2,duì dài,đối xử,"Đối xử, ứng xử",0,2,0,0,3,1,0,0,PASS,PASS
对手,2,2,duì shǒu,đối thủ,"Đối thủ, người cạnh tranh; người có khả năng tương xứng",0,4,0,0,5,3,0,0,PASS,PASS
对方,3,2,duì fāng,bên kia,"Bên kia, đối phương",0,0,0,0,3,1,0,0,PASS,PASS
对话,2,2,duì huà,đối thoại,"đối thoại, hội thoại",0,3,0,0,3,1,0,0,PASS,PASS
对象,3,2,duì xiàng,đối tượng,"Đối tượng, người yêu",0,0,0,0,3,1,0,0,PASS,PASS
对面,1,2,duì miàn,đối diện,đối diện,1,2,0,0,2,1,0,0,PASS,PASS
导演,3,2,dǎo yǎn,đạo diễn,đạo diễn,0,2,0,0,2,1,0,0,PASS,PASS
射门,2,2,shè mén,Sút bóng (vào gôn),"Sút bóng (vào gôn), dứt điểm",0,0,0,0,2,1,0,0,PASS,PASS
将来,2,2,jiāng lái,tương lai,Tương lai,0,0,0,0,3,1,0,1,PASS,PASS
将近,3,2,jiāng jìn,gần,gần; sắp; khoảng chừng,0,2,0,0,2,1,0,0,PASS,PASS
小区,2,2,xiǎo qū,khu dân cư,"khu dân cư, khu chung cư",0,2,1,1,5,3,0,0,PASS,PASS
小声,2,2,xiǎo shēng,thì thầm,thì thầm,0,2,1,1,2,1,0,0,PASS,PASS
小姐,1,2,xiǎo jiě,cô,"cô, tiểu thư",0,3,0,0,6,2,0,0,PASS,PASS
小学,1,2,xiǎo xué,trường tiểu học,"tiểu học, trường tiểu học",2,1,0,0,3,1,0,0,PASS,PASS
小孩,1,2,xiǎo hái,trẻ em,đứa trẻ,1,2,0,0,2,1,0,1,PASS,PASS
小心,2,2,xiǎo xīn,cẩn thận,tiểu tâm,1,3,1,1,3,1,0,2,PASS,PASS
小时,1,2,xiǎo shí,giờ,giờ,1,3,3,4,11,10,0,2,PASS,PASS
小组,2,2,xiǎo zǔ,nhóm,nhóm,0,2,0,0,3,1,0,2,PASS,PASS
小说,2,2,xiǎo shuō,tiểu thuyết,tiểu thuyết; câu chuyện,0,1,1,2,2,2,0,0,PASS,PASS
少数,2,2,shǎo shù,thiểu số,thiểu số,0,2,0,0,2,1,0,0,PASS,PASS
就业,3,2,jiù yè,việc làm,việc làm; có việc làm; tìm được việc,0,2,0,0,2,1,0,0,PASS,PASS
就是,1,2,jiù shì,chính xác,"chính là, đúng là",2,1,1,3,4,8,0,2,PASS,PASS
就要,2,2,jiù yào,sắp,sắp,0,1,1,3,4,3,0,1,PASS,PASS
尽情,3,2,jìn qíng,thỏa thích,"Tận tình — làm hết lòng, thỏa sức, không kìm nén cảm xúc hay ham muốn.",0,3,2,2,4,1,0,0,PASS,PASS
尽量,3,2,jǐn liàng,cố gắng hết sức,"Cố gắng hết sức, càng nhiều càng tốt",0,1,0,0,4,3,0,0,PASS,PASS
尾巴,2,2,wěi ba,đuôi,đuôi,0,1,1,2,2,1,0,0,PASS,PASS
局限,3,2,jú xiàn,hạn chế,"Cục hạn — bị giới hạn trong một phạm vi nhất định, không vượt ra ngoài được; mang nghĩa bị ràng buộc hoặc thu hẹp.",0,3,1,2,4,1,0,0,PASS,PASS
居民,2,2,jū mín,cư dân,cư dân (người sinh sống tại một địa phương),0,3,0,0,4,1,0,0,PASS,PASS
居然,3,2,jū rán,bất ngờ,"bất ngờ thay, không ngờ rằng — phó từ biểu thị sự ngạc nhiên, thường khi kết quả vượt quá (tích cực hoặc tiêu cực) kỳ vọng.",0,3,0,0,5,3,0,1,PASS,PASS
屋子,2,2,wū zi,nhà,"phòng, căn phòng",0,0,0,0,0,1,0,1,PASS,PASS
屏幕,3,2,píng mù,màn hình,"màn hình (TV, máy tính, điện thoại); bề mặt hiển thị hình ảnh điện tử",0,4,2,2,4,1,0,0,PASS,PASS
展开,3,2,zhǎn kāi,mở ra,"mở ra, trải ra; triển khai, phát triển; mở (cánh tay, cánh quạt)",0,2,0,0,2,1,0,0,PASS,PASS
展现,3,2,zhǎn xiàn,trưng bày,"trưng bày, bày ra; thể hiện, biểu hiện",0,3,0,0,3,1,0,1,PASS,PASS
展示,3,2,zhǎn shì,trưng bày,"trưng bày, thể hiện, trình diễn",0,3,0,0,2,1,0,1,PASS,PASS
展览,1,2,zhǎn lǎn,triển lãm,triển lãm,0,2,0,0,4,1,0,0,PASS,PASS
属于,3,2,shǔ yú,thuộc về,thuộc về; trực thuộc,0,2,0,0,2,1,0,0,PASS,PASS
屠场,3,2,tú chǎng,Lò mổ,"Lò mổ, lò sát sinh",0,0,0,0,2,1,0,0,PASS,PASS
山峰,2,2,shān fēng,đỉnh núi,"đỉnh núi, chóp núi (sơn-phong trong Hán-Việt)",0,4,0,0,4,1,0,0,PASS,PASS
崇拜,3,2,chóng bài,sùng bái,"sùng bái, tôn sùng (ngưỡng mộ và kính trọng sâu sắc đến mức thần thánh hóa)",0,3,1,1,4,1,0,0,PASS,PASS
崭新,3,2,zhǎn xīn,mới tinh,"mới tinh, hoàn toàn mới",0,2,1,3,3,1,0,0,PASS,PASS
工业,3,2,gōng yè,công nghiệp,công nghiệp,0,2,1,1,2,1,0,0,PASS,PASS
工人,1,2,gōng rén,công nhân,công nhân (người làm công),0,3,2,2,5,1,0,0,PASS,PASS
工作,1,2,gōng zuò,công việc,"công việc, làm việc",1,4,1,1,19,10,0,0,PASS,PASS
工具,3,2,gōng jù,công cụ,"công cụ, dụng cụ",0,0,0,0,0,1,0,0,PASS,PASS
工厂,2,2,gōng chǎng,nhà máy,nhà máy; xí nghiệp sản xuất; xưởng,0,2,0,0,2,1,0,0,PASS,PASS
工夫,3,2,gōng fu,thời gian rảnh rỗi,"thời gian, sức lực; kỹ xảo",0,2,0,0,2,1,1,0,PASS,PASS
工资,3,2,gōng zī,lương,"Lương, tiền lương",0,2,1,1,2,1,0,0,PASS,PASS
左右,2,2,zuǒ yòu,khoảng,"Trái phải, khoảng, xung quanh",0,3,2,2,5,2,0,2,PASS,PASS
左边,1,2,zuǒ biān,bên trái,bên trái,0,1,0,0,6,4,0,0,PASS,PASS
巨大,3,2,jù dà,khổng lồ,"khổng lồ, to lớn",0,0,0,0,2,1,0,1,PASS,PASS
差别,2,2,chā bié,sự khác biệt,"sự khác biệt, sự chênh lệch; điểm khác nhau giữa các vật, người hoặc tình huống",0,0,0,0,3,1,0,2,PASS,PASS
差异,3,2,chā yì,sự khác biệt,"sự khác biệt, sự sai lệch (sai dị)",0,3,2,2,4,1,0,2,PASS,PASS
已经,1,2,yǐ jīng,đã,dĩ kinh,0,2,0,0,13,9,0,0,PASS,PASS
巴掌,2,2,bā zhang,lòng bàn tay,lòng bàn tay; cái tát,0,0,0,0,2,1,0,0,PASS,PASS
市场,3,2,shì chǎng,chợ,"chợ, thị trường",0,2,0,0,3,2,0,0,PASS,PASS
市长,2,2,shì zhǎng,thị trưởng,thị trưởng,0,2,0,0,2,1,0,0,PASS,PASS
师傅,1,2,shī fu,thầy,"Thầy, người thầy; người có nghề nghiệp giỏi, công nhân lành nghề; xưng hô lịch sự với người lạ lớn tuổi",0,0,0,0,3,1,1,0,PASS,PASS
希望,1,2,xī wàng,hy vọng,"Hy vọng, mong muốn",0,3,0,0,3,2,0,0,PASS,PASS
希腊,3,2,Xī là,Hy Lạp,Hy Lạp,0,0,0,0,2,1,0,0,PASS,PASS
带动,2,2,dài dòng,dẫn dắt,"dẫn dắt, thúc đẩy, kéo theo",0,2,0,0,2,1,0,2,PASS,PASS
带来,2,2,dài lái,mang đến,mang đến,0,1,1,1,1,1,0,0,PASS,PASS
带领,3,2,dài lǐng,dẫn dắt,"Dẫn dắt, chỉ đường, dẫn theo",0,2,1,1,2,1,0,2,PASS,PASS
帮助,1,2,bāng zhù,giúp đỡ,"giúp đỡ, tương trợ",0,3,0,0,5,4,0,1,PASS,PASS
帮忙,1,2,bāng máng,giúp đỡ,giúp đỡ,0,2,2,2,7,4,0,1,PASS,PASS
常常,1,2,cháng cháng,thường xuyên,"thường xuyên, hay; nhiều lần",0,3,1,2,7,4,0,3,PASS,PASS
常用,2,2,cháng yòng,thường dùng,thường dụng,0,3,1,1,3,1,0,0,PASS,PASS
常见,2,2,cháng jiàn,phổ biến,thường kiến,0,3,2,2,3,1,0,2,PASS,PASS
帽子,3,2,mào zi,mũ,mũ,0,0,0,0,2,1,0,0,PASS,PASS
干净,1,2,gān jìng,sạch sẽ,sạch sẽ,0,2,2,2,5,3,0,0,PASS,PASS
干吗,3,2,gàn mā,Làm gì?,"làm gì, tại sao",0,0,0,0,0,1,0,1,PASS,PASS
干杯,2,2,gān bēi,cạn ly,cạn ly,0,2,0,0,3,1,0,0,PASS,PASS
干活,2,2,gàn huó,làm việc,làm việc,1,1,0,0,2,1,0,0,PASS,PASS
干脆,3,2,gān cuì,đơn giản,"đơn giản, trực tiếp",0,2,0,0,5,2,0,1,PASS,PASS
平安,2,2,píng'ān,bình an,bình an,1,1,0,0,2,1,0,0,PASS,PASS
平常,2,2,píng cháng,bình thường,bình thường,0,1,0,0,2,1,0,1,PASS,PASS
平时,1,2,píng shí,thường ngày,thường ngày,0,1,1,2,2,1,0,0,PASS,PASS
平等,2,2,píng děng,bình đẳng,bình đẳng,0,2,0,0,3,2,0,0,PASS,PASS
年代,3,2,nián dài,thời kỳ,"Thời kỳ, thập niên",0,0,0,0,3,1,0,0,PASS,PASS
年初,3,2,nián chū,đầu năm,Đầu năm,0,0,0,0,3,1,0,0,PASS,PASS
年底,3,2,nián dǐ,cuối năm,Cuối năm,0,0,0,0,3,1,0,0,PASS,PASS
年级,2,2,nián jí,lớp,lớp,0,1,1,3,3,2,0,1,PASS,PASS
年纪,1,2,nián jì,tuổi tác,"Tuổi tác, số tuổi",1,2,1,1,3,1,0,0,PASS,PASS
年轻,2,2,nián qīng,trẻ,trẻ,0,2,1,2,7,6,0,0,PASS,PASS
并且,3,2,bìng qiě,và,"và, hơn nữa, ngoài ra",0,0,0,0,0,1,0,0,PASS,PASS
幸福,1,2,xìng fú,hạnh phúc,Hạnh phúc,0,1,0,0,6,4,0,0,PASS,PASS
幸运,3,2,xìng yùn,may mắn,"may mắn; hạnh phúc, may mắn",0,1,0,0,2,1,0,1,PASS,PASS
幽默,3,2,yōu mò,hài hước,hài hước,0,0,0,0,0,0,0,0,PARTIAL,BLOCKED-NO-SUPPORTING-EVIDENCE
广告,2,2,guǎng gào,quảng cáo,"Quảng cáo, thông cáo; tuyên truyền",1,3,0,0,3,1,0,0,PASS,PASS
广场,2,2,guǎng chǎng,quảng trường,quảng trường,0,1,0,0,1,1,0,0,PASS,PASS
广大,3,2,guǎng dà,rộng lớn,"rộng lớn, bao la; đông đảo",0,1,0,0,1,1,0,0,PASS,PASS
广播,2,2,guǎng bō,phát sóng,"phát thanh, phát sóng",0,2,0,0,2,1,0,2,PASS,PASS
庆祝,3,2,qìng zhù,ăn mừng,"Ăn mừng, kỷ niệm",0,2,0,0,2,1,0,0,PASS,PASS
应当,3,2,yīng dāng,nên,"nên, phải; xứng đáng",0,1,0,0,2,1,0,1,PASS,PASS
应用,3,2,yìng yòng,ứng dụng,"áp dụng, sử dụng; ứng dụng",0,2,0,0,2,1,0,0,PASS,PASS
应该,1,2,yīng gāi,nên,nên,0,2,0,0,8,8,0,1,PASS,PASS
底下,3,2,dǐ xia,bên dưới,"bên dưới, phía dưới; dưới đáy",0,2,0,0,2,1,0,2,PASS,PASS
庞大,3,2,páng dà,khổng lồ,"khổng lồ, đồ sộ, to lớn (bàng đại); thường dùng cho tổ chức, số liệu, cơ thể sinh vật lớn",0,3,0,0,4,1,0,1,PASS,PASS
度假,3,2,dù jià,đi nghỉ mát,"đi nghỉ mát, nghỉ phép",0,1,1,3,3,1,0,0,PASS,PASS
座位,2,2,zuò wèi,chỗ ngồi,chỗ ngồi,0,1,0,0,2,1,0,0,PASS,PASS
延伸,2,2,yán shēn,kéo dài,"kéo dài, vươn dài; mở rộng, phát triển",0,0,0,0,3,1,0,2,PASS,PASS
延续,3,2,yán xù,kéo dài,"kéo dài, tiếp diễn, duy trì",0,0,0,0,1,1,0,2,PASS,PASS
延长,2,2,yán cháng,kéo dài,"kéo dài thời gian hoặc khoảng cách, làm dài thêm",0,0,0,0,3,1,0,2,PASS,PASS
建成,3,2,jiàn chéng,thiết lập,"Xây dựng hoàn thành, xây xong",0,2,1,1,2,1,0,2,PASS,PASS
建立,3,2,jiàn lì,xây dựng,"Xây dựng, thành lập, thiết lập",0,2,0,0,3,2,0,1,PASS,PASS
建议,3,2,jiàn yì,đề nghị,đề nghị; khuyên; kiến nghị; gợi ý,0,2,0,0,2,1,0,0,PASS,PASS
建设,3,2,jiàn shè,xây dựng,"Xây dựng, phát triển",0,2,2,2,2,1,0,1,PASS,PASS
开业,3,2,kāi yè,khai trương,khai trương; bắt đầu kinh doanh; mở cửa buôn bán,0,2,0,0,2,1,0,0,PASS,PASS
开会,1,2,kāi huì,họp,"họp, họp hành",0,2,0,0,5,2,0,0,PASS,PASS
开发,3,2,kāi fā,phát triển,"phát triển, khai phá; khai thác, xây dựng và mở rộng một lĩnh vực hoặc tài nguyên",0,2,0,0,2,1,0,4,PASS,PASS
开始,1,2,kāi shǐ,bắt đầu,"bắt đầu, khởi đầu; điểm khởi đầu của một hành động, sự kiện hoặc quá trình",0,2,0,0,4,4,0,0,PASS,PASS
开学,2,2,kāi xué,khai giảng,khai giảng,0,1,1,3,3,2,0,0,PASS,PASS
开展,3,2,kāi zhǎn,phát triển,"triển khai, phát triển",0,2,0,0,2,1,0,4,PASS,PASS
开张,2,2,kāi zhāng,mở cửa kinh doanh,"mở cửa kinh doanh, khai trương",0,2,1,1,3,1,0,0,PASS,PASS
开心,2,2,kāi xīn,vui vẻ,vui vẻ,0,2,1,2,3,1,0,3,PASS,PASS
开放,3,2,kāi fàng,mở,"mở cửa, khai mở; cho phép tiếp cận hoặc không còn bị hạn chế",0,2,0,0,1,1,0,1,PASS,PASS
开机,2,2,kāi jī,bật nguồn,bật nguồn,0,1,0,0,2,1,0,0,PASS,PASS
开端,3,2,kāi duān,Khởi đầu,"Khởi đầu, sự bắt đầu",0,0,0,0,2,1,0,0,PASS,PASS
开花,3,2,kāi huā,nở hoa,nở hoa,0,1,1,2,2,1,0,0,PASS,PASS
开车,1,2,kāi chē,lái xe ô tô,lái xe,0,2,2,2,4,2,0,0,PASS,PASS
开锅,2,2,kāi guō,sôi (nồi nước,"sôi (nồi nước, cháo)",0,0,0,0,2,1,0,0,PASS,PASS
开门,1,2,kāi mén,mở cửa (cửa hàng,"mở cửa (cửa hàng, doanh nghiệp), mở cửa ra vào",0,0,0,0,1,2,0,0,PASS,PASS
弊端,3,2,bì duān,tham nhũng,"tệ nạn, mặt trái, nhược điểm nghiêm trọng; khuyết tật trong hệ thống hoặc cách làm",0,3,1,1,4,1,0,0,PASS,PASS
弟弟,1,2,dì di,em trai,em trai,0,2,1,3,10,8,0,0,PASS,PASS
弹性,3,2,tán xìng,tính đàn hồi,tính đàn hồi; sự linh hoạt,0,1,1,3,3,1,0,0,PASS,PASS
强大,3,2,qiáng dà,mạnh mẽ,mạnh mẽ; to lớn; hùng mạnh,0,2,0,0,2,1,0,2,PASS,PASS
强烈,3,2,qiáng liè,mạnh mẽ,"mạnh mẽ, kịch liệt, dữ dội; gay gắt",0,2,0,0,2,1,0,2,PASS,PASS
强调,3,2,qiáng diào,nhấn mạnh,nhấn mạnh; nhấn; đề cao; đặc biệt lưu ý,0,2,0,0,2,1,0,0,PASS,PASS
当中,3,2,dāng zhōng,giữa,ở giữa; trong số; trong thời gian,0,2,0,0,2,1,0,1,PASS,PASS
当初,3,2,dāng chū,ban đầu,"Vào lúc đó, lúc đầu, trước đây",0,3,2,2,3,1,0,2,PASS,PASS
当地,3,2,dāng dì,địa phương,"tại chỗ, địa phương",0,2,0,0,2,1,0,0,PASS,PASS
当时,2,2,dāng shí,lúc đó,lúc đó,0,2,1,1,3,1,0,1,PASS,PASS
当然,1,2,dāng rán,tất nhiên,"Tất nhiên, đương nhiên",1,1,1,1,5,4,0,0,PASS,PASS
当真,3,2,dàng zhēn,cho là thật,"nghiêm túc, coi là thật; thật sao",0,0,0,0,1,1,0,0,PASS,PASS
录音,3,2,lù yīn,ghi âm,ghi âm,1,1,0,0,1,1,0,0,PASS,PASS
形式,3,2,xíng shì,hình thức,hình thức; dạng thức; phương thức,0,1,0,0,2,1,0,0,PASS,PASS
形成,3,2,xíng chéng,hình thành,"hình thành, thành hình; quá trình phát triển và trở thành một trạng thái, cấu trúc hoặc kết quả nhất định",0,2,0,0,2,1,0,0,PASS,PASS
形象,3,2,xíng xiàng,hình ảnh,"hình ảnh; hình tượng; dáng vẻ, diện mạo",0,1,0,0,1,1,0,1,PASS,PASS
彩色,3,2,cǎi sè,nhiều màu,có màu sắc; màu rực rỡ,0,2,0,0,2,1,0,0,PASS,PASS
影响,2,2,yǐng xiǎng,ảnh hưởng,ảnh hưởng,0,1,1,3,4,3,0,0,PASS,PASS
影片,2,2,yǐng piàn,phim,phim,0,2,0,0,2,1,0,1,PASS,PASS
影视,3,2,yǐng shì,phim và truyền hình,phim và truyền hình,0,1,0,0,0,1,0,0,PASS,PASS
往往,3,2,wǎng wǎng,thường xuyên,"Thường xuyên, thường",0,3,2,2,3,1,0,3,PASS,PASS
征服,3,2,zhēng fú,chinh phục,chinh phục,0,1,1,2,2,1,0,0,PASS,PASS
得出,2,2,dé chū,đạt được,đạt được,0,2,0,0,2,1,0,3,PASS,PASS
得分,3,2,dé fēn,nhận điểm,"điểm số; ghi bàn, ghi điểm; nhận được điểm",0,2,0,0,2,1,0,0,PASS,PASS
得到,1,2,dé dào,nhận,nhận được,0,2,0,0,3,1,0,0,PASS,PASS
心中,2,2,xīn zhōng,trong lòng,trong lòng,0,2,0,0,1,1,0,0,PASS,PASS
心情,2,2,xīn qíng,tâm trạng,tâm trạng,0,2,0,0,2,1,0,0,PASS,PASS
心意,1,2,xīn yì,ý định,"Tâm ý — tấm lòng, tình cảm chân thành muốn thể hiện; ý định hoặc nguyện vọng xuất phát từ lòng.",0,3,1,1,4,1,0,0,PASS,PASS
心里,2,2,xīn li,trong tâm trí,trong tâm trí,0,2,0,0,3,2,0,0,PASS,PASS
必然,3,2,bì rán,tất yếu,tất nhiên; tất yếu; chắc chắn,0,2,0,0,2,1,0,0,PASS,PASS
必要,3,2,bì yào,cần thiết,"cần thiết, tất yếu; cần phải",0,2,0,0,2,2,0,0,PASS,PASS
必须,2,2,bì xū,phải,phải,0,2,0,0,4,3,0,0,PASS,PASS
志愿,3,2,zhì yuàn,nguyện vọng,"Nguyện vọng, tâm nguyện, tự nguyện",1,3,1,1,3,1,0,0,PASS,PASS
忘记,1,2,wàng jì,quên,quên,0,3,3,3,4,1,0,0,PASS,PASS
忙碌,2,2,máng lù,bận rộn,"bận rộn, bề bộn",0,3,0,0,3,1,0,0,PASS,PASS
快乐,1,2,kuài lè,vui vẻ,vui vẻ,0,3,2,2,6,4,0,3,PASS,PASS
快要,1,2,kuài yào,sắp,sắp,0,2,0,0,4,3,0,1,PASS,PASS
快速,3,2,kuài sù,nhanh chóng,"nhanh chóng, mau lẹ; ở tốc độ cao",0,2,0,0,2,1,0,1,PASS,PASS
快餐,2,2,kuài cān,thức ăn nhanh,khái xan,0,1,1,1,2,1,0,0,PASS,PASS
忽然,2,2,hū rán,đột nhiên,hốt nhiên,0,2,1,1,3,3,0,1,PASS,PASS
忽略,3,2,hū lüè,bỏ qua,bỏ qua,0,0,0,0,0,1,0,2,PASS,PASS
忽视,3,2,hū shì,bỏ qua,bỏ qua,0,1,1,3,3,2,0,2,PASS,PASS
怀孕,3,2,huái yùn,mang thai,mang thai,0,3,1,1,3,1,0,0,PASS,PASS
怀念,2,2,huái niàn,nhớ,nhớ,0,1,1,3,3,2,0,2,PASS,PASS
怀疑,2,2,huái yí,nghi ngờ,nghi ngờ,0,0,0,0,0,1,0,0,PASS,PASS
态度,2,2,tài du,thái độ,thái độ,0,3,0,0,3,1,0,0,PASS,PASS
怎么,1,2,zěn me,Sao? Tại sao?,"thế nào, như thế nào",5,3,3,7,20,10,0,0,PASS,PASS
怎样,2,2,zěn yàng,như thế nào?,như thế nào,0,2,1,1,2,1,0,1,PASS,PASS
思想,3,2,sī xiǎng,tư tưởng,"tư tưởng, suy nghĩ",0,0,0,0,0,1,0,0,PASS,PASS
急忙,2,2,jí máng,vội vàng,"Vội vàng, hối hả, gấp gáp",0,2,0,0,3,1,0,2,PASS,PASS
性别,3,2,xìng bié,giới tính,Giới tính (nam/nữ); tính biệt lập,0,2,1,1,3,1,0,0,PASS,PASS
性格,2,2,xìng gé,tính cách,"tính cách, tính tình",0,2,0,0,6,5,0,0,PASS,PASS
总是,2,2,zǒng shì,luôn luôn,Luôn luôn,0,0,0,0,4,3,0,3,PASS,PASS
总结,3,2,zǒng jié,tóm tắt,"tóm tắt, tổng kết; hệ thống lại những gì đã diễn ra hoặc đã học để rút ra điểm chính",0,2,0,0,2,1,0,0,PASS,PASS
恐怕,3,2,kǒng pà,e rằng,"E rằng, có lẽ",0,0,0,0,3,1,0,0,PASS,PASS
恐怖,3,2,kǒng bù,kinh dị,kinh dị,0,2,0,0,4,1,0,0,PASS,PASS
恭敬,3,2,gōng jìng,cung kính,"Cung kính (cung-kính): thái độ tôn trọng và lễ phép sâu sắc, thể hiện bằng cả lời nói lẫn hành động.",0,2,1,1,4,1,0,0,PASS,PASS
恰恰,3,2,qià qià,chính xác,"chính xác, vừa đúng",0,0,0,0,4,1,0,2,PASS,PASS
恶劣,3,2,è liè,ghê tởm,tồi tệ,0,0,0,0,3,1,0,0,PASS,PASS
悄悄,2,2,qiāo qiāo,lặng lẽ,lặng lẽ,0,2,0,0,4,1,0,0,PASS,PASS
悲伤,3,2,bēi shāng,buồn,"buồn bã, đau buồn",0,3,0,0,5,1,0,1,PASS,PASS
情况,2,2,qíng kuàng,tình hình,tình hình,0,2,0,0,5,4,0,1,PASS,PASS
情感,3,2,qíng gǎn,tình cảm,"Tình cảm, cảm xúc",0,1,0,0,3,1,0,0,PASS,PASS
惊呼,3,2,jīng hū,kinh ngạc kêu lên,"kinh ngạc kêu lên, thốt lên",0,0,0,0,2,1,0,0,PASS,PASS
惊讶,2,2,jīng yà,ngạc nhiên,"ngạc nhiên, sửng sốt (cảm xúc khi gặp điều bất ngờ, không ngờ tới)",0,4,3,3,4,1,0,0,PASS,PASS
惦记,3,2,diàn jì,nhớ lại,"nhớ nhung, canh cánh trong lòng (luôn nghĩ đến ai/điều gì với tình cảm lo lắng hoặc quan tâm)",0,3,2,4,4,1,0,2,PASS,PASS
惨痛,3,2,cǎn tòng,đau đớn,"đau đớn, bi thảm",0,3,0,0,4,1,0,0,PASS,PASS
想到,2,2,xiǎng dào,nghĩ đến,nghĩ đến,1,2,0,0,3,3,0,0,PASS,PASS
想念,1,2,xiǎng niàn,nhớ,"nhớ, hoài niệm",0,2,1,1,5,2,0,2,PASS,PASS
想法,2,2,xiǎng fǎ,ý tưởng,ý tưởng,0,2,1,1,2,1,0,0,PASS,PASS
想起,2,2,xiǎng qǐ,nhớ lại,nhớ lại,0,2,0,0,4,3,0,2,PASS,PASS
愉快,2,2,yú kuài,vui vẻ,"vui vẻ, dễ chịu, hạnh phúc (du-khoái: tâm trạng vui tươi)",0,3,0,0,4,1,0,3,PASS,PASS
意义,3,2,yì yì,ý nghĩa,"ý nghĩa, giá trị, tầm quan trọng; sự đáng để thực hiện hoặc lưu ý",1,2,1,1,2,1,0,1,PASS,PASS
意味,3,2,yì wèi,Có nghĩa là,"Có nghĩa là, ý nghĩa, hàm ý",1,0,0,0,2,1,0,0,PASS,PASS
意外,3,2,yì wài,bất ngờ,"bất ngờ, ngoài dự kiến",0,1,0,0,1,1,0,1,PASS,PASS
意志,3,2,yì zhì,ý chí,ý chí,0,1,1,3,3,1,1,0,PASS,PASS
意思,2,2,yì si,ý nghĩa,ý nghĩa,3,3,3,5,8,7,0,1,PASS,PASS
意见,1,2,yì jiàn,phàn nàn,ý kiến,1,2,0,0,4,2,0,1,PASS,PASS
感冒,1,2,gǎn mào,cảm,"Cảm lạnh, cảm cúm",0,2,0,0,4,2,0,0,PASS,PASS
感到,2,2,gǎn dào,cảm thấy,cảm thấy,0,3,0,0,2,1,1,1,PASS,PASS
感动,2,2,gǎn dòng,cảm động,cảm động,0,1,0,0,3,2,0,1,PASS,PASS
感受,3,2,gǎn shòu,cảm nhận,"Cảm nhận, cảm giác; cảm nghĩ",0,1,0,0,3,1,0,0,PASS,PASS
感情,3,2,gǎn qíng,cảm xúc,"Tình cảm, cảm xúc",0,3,1,1,3,1,0,0,PASS,PASS
感觉,2,2,gǎn jué,cảm giác,cảm giác,0,3,0,0,3,1,0,0,PASS,PASS
感谢,2,2,gǎn xiè,cảm ơn,cảm ơn,0,2,0,0,3,1,0,1,PASS,PASS
愤怒,3,2,fèn nù,phẫn nộ,phẫn nộ,0,2,0,0,4,1,0,0,PASS,PASS
愿意,2,2,yuàn yì,sẵn lòng,"Sẵn lòng, nguyện ý; mong muốn, ước gì",0,3,2,2,6,4,0,0,PASS,PASS
愿望,2,2,yuàn wàng,mong muốn,"Ước mơ, nguyện vọng",0,1,0,0,3,1,0,1,PASS,PASS
慈悲,3,2,cí bēi,Từ bi,Từ bi,0,0,0,0,2,1,0,0,PASS,PASS
慢慢,3,2,màn màn,chậm,"Từ từ, chậm rãi",0,2,1,1,4,3,0,0,PASS,PASS
懂得,2,2,dǒng dé,hiểu,"hiểu, thấu hiểu",0,3,0,0,2,1,0,4,PASS,PASS
成为,2,2,chéng wéi,trở thành,thành vi,0,1,0,0,2,1,0,1,PASS,PASS
成功,2,2,chéng gōng,thành công,thành công,0,1,0,0,6,6,0,0,PASS,PASS
成员,3,2,chéng yuán,thành viên,thành viên,0,2,1,1,2,1,0,1,PASS,PASS
成就,3,2,chéng jiù,thành tựu,thành tựu,0,2,0,0,2,1,0,0,PASS,PASS
成果,3,2,chéng guǒ,thành quả,thành quả,0,1,0,0,1,1,0,0,PASS,PASS
成熟,3,2,chéng shú,trưởng thành,"trưởng thành, chín muồi",0,2,0,0,2,1,0,2,PASS,PASS
成立,3,2,chéng lì,thành lập,thành lập,0,2,0,0,1,1,0,0,PASS,PASS
成绩,2,2,chéng jì,thành tích,thành tích; điểm số,1,2,1,3,4,3,0,0,PASS,PASS
成长,3,2,chéng zhǎng,trưởng thành,"lớn lên, trưởng thành",0,2,0,0,3,2,0,2,PASS,PASS
我们,1,2,wǒ men,chúng tôi,"chúng tôi, chúng ta",0,2,0,0,20,10,0,0,PASS,PASS
戒烟,2,2,jiè yān,bỏ thuốc lá,bỏ thuốc lá,0,2,0,0,4,1,0,0,PASS,PASS
或者,2,2,huò zhě,hoặc,hoặc giả,0,2,0,0,6,5,0,0,PASS,PASS
房东,2,2,fáng dōng,chủ nhà,chủ nhà,0,0,0,0,0,1,0,0,PASS,PASS
房子,1,2,fáng zi,nhà,"nhà, ngôi nhà",0,2,0,0,7,6,0,1,PASS,PASS
房屋,3,2,fáng wū,ngôi nhà,"ngôi nhà, nhà cửa",0,0,0,0,0,1,0,0,PASS,PASS
房租,2,2,fáng zū,tiền thuê nhà,tiền thuê nhà,0,0,0,0,0,1,0,0,PASS,PASS
房间,1,2,fáng jiān,phòng,phòng (nhà),0,3,1,3,11,8,0,0,PASS,PASS
所以,1,2,suǒ yǐ,vì vậy,sở dĩ,0,1,0,0,5,4,0,0,PASS,PASS
所有,2,2,suǒ yǒu,tất cả,sở hữu,0,2,2,3,3,1,0,1,PASS,PASS
所谓,3,2,suǒ wèi,cái gọi là,cái gọi là,1,2,0,0,4,1,0,0,PASS,PASS
所长,3,2,suǒ zhǎng,trưởng phòng,"trưởng sở, viện trưởng",0,2,0,0,2,1,0,0,PASS,PASS
扇子,2,2,shàn zi,quạt giấy,quạt giấy,0,2,0,0,4,1,0,0,PASS,PASS
手势,3,2,shǒu shì,cử chỉ,"cử chỉ tay, ngôn ngữ cơ thể bằng tay",0,4,0,0,4,1,0,0,PASS,PASS
手指,3,2,shǒu zhǐ,ngón tay,Ngón tay,0,3,1,1,3,1,0,0,PASS,PASS
手机,1,2,shǒu jī,điện thoại di động,"điện thoại di động, điện thoại cầm tay",0,4,1,1,10,7,0,0,PASS,PASS
手续,2,2,shǒu xù,thủ tục,thủ tục; quy trình; các bước cần thiết,1,2,0,0,2,1,0,0,PASS,PASS
手表,2,2,shǒu biǎo,đồng hồ đeo tay,đồng hồ đeo tay,0,2,1,1,3,2,0,0,PASS,PASS
才能,3,2,cái néng,khả năng,tài năng; khả năng; đẳng ra mới,0,2,0,0,5,4,0,3,PASS,PASS
扎啤,2,2,zhā pí,Bia tươi,"Bia tươi, bia hơi",0,0,0,0,2,1,0,0,PASS,PASS
扑克,3,2,pū kè,bài poker,bài tây; bài poker,0,2,2,2,3,1,0,0,PASS,PASS
打包,3,2,dǎ bāo,đóng gói đồ ăn mang về,đóng gói đồ ăn mang về,0,0,0,0,0,0,0,0,PARTIAL,BLOCKED-NO-SUPPORTING-EVIDENCE
打印,2,2,dǎ yìn,in,in ấn,1,2,0,0,1,1,0,0,PASS,PASS
打听,3,2,dǎ ting,hỏi thăm,hỏi thăm,0,2,0,0,2,1,0,1,PASS,PASS
打嗝,3,2,dǎ gé,Nấc (chứng nấc cụt),Nấc (chứng nấc cụt),0,0,0,0,2,1,0,0,PASS,PASS
打工,2,2,dǎ gōng,làm thêm,làm thêm,0,2,0,0,1,1,0,0,PASS,PASS
打开,1,2,dǎ kāi,mở,mở ra,0,2,0,0,5,2,0,1,PASS,PASS
打扫,3,2,dǎ sǎo,quét dọn,quét dọn,0,1,1,2,2,2,0,0,PASS,PASS
打架,3,2,dǎ jià,đánh nhau,đánh nhau,0,0,0,0,0,0,0,0,PARTIAL,BLOCKED-NO-SUPPORTING-EVIDENCE
打球,1,2,dǎ qiú,chơi bóng,chơi bóng (thể thao dùng bóng),0,0,0,0,3,2,0,0,PASS,PASS
打破,3,2,dǎ pò,phá vỡ,"phá vỡ, đập vỡ; vượt qua, phá vỡ (kỷ lục, quy tắc)",0,1,1,1,4,3,0,0,PASS,PASS
打算,1,2,dǎ suàn,kế hoạch,kế hoạch,0,2,0,0,2,1,0,1,PASS,PASS
打车,1,2,dǎ chē,đón xe,"bắt taxi, đi taxi",0,0,0,0,4,2,1,0,PASS,PASS
打针,1,2,dǎ zhēn,tiêm,tiêm,0,2,0,0,3,2,0,0,PASS,PASS
扫帚,3,2,sào zhou,Chổi,Chổi,0,0,0,0,2,1,0,0,PASS,PASS
扮演,3,2,bàn yǎn,đóng vai,đóng vai,0,0,0,0,0,0,0,0,PARTIAL,BLOCKED-NO-SUPPORTING-EVIDENCE
批准,1,2,pī zhǔn,phê duyệt,"phê duyệt, cho phép chính thức; cấp quyền hoặc chấp thuận một yêu cầu, đề xuất",0,2,0,0,2,1,0,0,PASS,PASS
批评,2,2,pī píng,phê bình,phê bình; chỉ trích; nhận xét,0,2,0,0,2,1,0,0,PASS,PASS
找出,2,2,zhǎo chū,tìm ra,tìm ra,0,1,1,1,1,1,0,0,PASS,PASS
找到,1,2,zhǎo dào,tìm thấy,"tìm thấy, tìm được",0,1,1,3,6,3,0,0,PASS,PASS
承认,2,2,chéng rèn,thừa nhận,"thừa nhận, công nhận",0,2,0,0,2,1,0,0,PASS,PASS
技术,3,2,jì shù,công nghệ,"kỹ thuật, công nghệ, tay nghề",0,2,0,0,2,1,0,0,PASS,PASS
把握,3,2,bǎ wò,nắm bắt,"nắm bắt, nắm vững; sự chắc chắn",0,2,2,2,2,1,0,0,PASS,PASS
抑制,3,2,yì zhì,ức chế,"ức chế, kìm hãm, ngăn chặn",0,3,3,3,4,1,1,0,PASS,PASS
抓住,3,2,zhuā zhù,bắt giữ,"nắm bắt, bắt giữ",0,2,0,0,1,1,0,0,PASS,PASS
抓紧,1,2,zhuā jǐn,nắm chắc,nắm chắc; tranh thủ,0,0,0,0,0,1,0,0,PASS,PASS
护照,2,2,hù zhào,hộ chiếu,hộ chiếu,0,0,0,0,2,1,0,0,PASS,PASS
报到,3,2,bào dào,đăng ký,"đăng ký, check-in, đến nơi báo danh",0,2,0,0,2,1,1,1,PASS,PASS
报名,1,2,bào míng,đăng ký,đăng ký,0,1,0,0,2,1,0,1,PASS,PASS
报告,1,2,bào gào,báo cáo,báo cáo,0,2,1,1,3,2,0,1,PASS,PASS
报纸,2,2,bào zhǐ,báo,báo,0,2,1,2,4,3,0,1,PASS,PASS
报道,2,2,bào dào,báo cáo,"báo cáo, đưa tin",0,2,1,1,2,1,1,1,PASS,PASS
抱怨,3,2,bào yuàn,phàn nàn,"phàn nàn, than vãn",0,1,1,3,4,2,0,1,PASS,PASS
抽屉,3,2,chōu ti,ngăn kéo,ngăn kéo,0,2,0,0,4,1,0,0,PASS,PASS
抽空,2,2,chōu kòng,Bớt chút thời gian,"Bớt chút thời gian, tranh thủ thời gian",0,0,0,0,2,1,0,0,PASS,PASS
担心,1,2,dān xīn,lo lắng,lo lắng,0,2,1,1,4,3,0,2,PASS,PASS
拍照,3,2,pāi zhào,chụp ảnh,chụp ảnh,0,1,1,2,2,1,0,1,PASS,PASS
拙作,3,2,zhuō zuò,Tác phẩm dở tệ (cách nói khiêm tốn của tác phẩm của mình),Tác phẩm dở tệ (cách nói khiêm tốn của tác phẩm của mình),0,0,0,0,2,1,0,0,PASS,PASS
拳击,3,2,quán jī,quyền anh,"quyền anh, đấm bốc",0,0,0,0,2,1,0,0,PASS,PASS
拼写,3,2,pīn xiě,đánh vần,"đánh vần, chính tả",0,0,0,0,2,1,0,0,PASS,PASS
拼命,3,2,pīn mìng,liều mạng,Nghĩa của 拼命,0,0,0,0,3,1,0,0,PASS,PASS
拿出,2,2,ná chū,lấy ra,lấy ra,0,2,1,1,3,1,0,0,PASS,PASS
持续,3,2,chí xù,tiếp tục,"tiếp tục, liên tục",0,2,1,1,3,2,0,3,PASS,PASS
指出,3,2,zhǐ chū,chỉ ra,"chỉ ra, chỉ rõ; nêu ra một vấn đề, lỗi sai hoặc sự thật để người khác biết",0,2,0,0,2,1,0,0,PASS,PASS
指导,3,2,zhǐ dǎo,hướng dẫn,hướng dẫn; chỉ dẫn; chỉ đạo; dẫn dắt,0,2,0,0,2,1,1,1,PASS,PASS
按照,3,2,àn zhào,theo,"theo, theo như; tuân theo",0,2,0,0,4,2,0,0,PASS,PASS
挑战,3,2,tiǎo zhàn,thách thức,thách thức; thách đấu,0,2,0,0,4,1,0,0,PASS,PASS
挥舞,3,2,huī wǔ,vung vẩy,"vung vẩy, phất, múa",0,0,0,0,2,1,0,0,PASS,PASS
挨打,2,2,āi dǎ,bị đánh,bị đánh,0,3,2,2,4,1,0,0,PASS,PASS
挺好,2,2,tǐng hǎo,rất tốt,"khá tốt, khá lắm",0,2,1,2,6,3,0,0,PASS,PASS
损耗,3,2,sǔn hào,Hao hụt,"Hao hụt, tổn hao",0,0,0,0,2,1,0,0,PASS,PASS
据说,2,2,jù shuō,nghe nói là,nghe nói; tin đồn; theo như,0,1,0,0,2,1,0,0,PASS,PASS
排名,3,2,pái míng,xếp hạng,xếp hạng,0,3,1,1,3,1,0,0,PASS,PASS
排球,2,2,pái qiú,bóng chuyền,bóng chuyền,0,2,1,1,2,1,0,0,PASS,PASS
排队,1,2,pái duì,xếp hàng,xếp hàng,0,1,1,2,2,2,0,0,PASS,PASS
接到,2,2,jiē dào,nhận được,tiếp đáo,0,2,1,1,2,1,1,2,PASS,PASS
接受,2,2,jiē shòu,chấp nhận,"tiếp nhận, chấp nhận",0,2,0,0,2,2,0,0,PASS,PASS
接待,3,2,jiē dài,tiếp nhận,Tiếp đón,0,0,0,0,3,1,0,0,PASS,PASS
接着,2,2,jiē zhe,tiếp tục,tiếp trước,0,2,1,1,2,1,0,3,PASS,PASS
接近,3,2,jiē jìn,tiếp cận,"tiếp cận, lại gần; gần bằng, sắp đến",0,2,0,0,3,2,0,0,PASS,PASS
控制,2,2,kòng zhì,kiểm soát,"kiểm soát, khống chế — làm chủ hoặc điều tiết một đối tượng, cảm xúc, hay quá trình theo ý muốn",0,3,0,0,4,1,0,0,PASS,PASS
推动,3,2,tuī dòng,thúc đẩy,"thúc đẩy; làm cho di chuyển; cổ vũ, động viên",0,2,0,0,2,1,0,0,PASS,PASS
推广,3,2,tuī guǎng,quảng bá,quảng bá,0,1,0,0,0,1,0,0,PASS,PASS
推开,3,2,tuī kāi,đẩy ra,"đẩy mở ra; mở (cửa, cửa sổ) bằng cách đẩy",0,2,1,1,2,1,0,0,PASS,PASS
推进,3,2,tuī jìn,tiến hành,"thúc đẩy; làm tiến lên; đẩy mạnh (một việc, kế hoạch)",0,2,0,0,1,1,0,1,PASS,PASS
提倡,3,2,tí chàng,đề xướng,"đề xướng, cổ vũ, chủ trương",0,3,1,1,5,1,0,0,PASS,PASS
提出,2,2,tí chū,đưa ra,đề xuất,0,1,0,0,2,1,0,0,PASS,PASS
提到,2,2,tí dào,nhắc đến,nhắc đến,0,2,0,0,2,1,0,0,PASS,PASS
提前,3,2,tí qián,trước thời hạn,"Trước thời hạn, sớm hơn dự kiến",0,3,2,2,3,2,0,0,PASS,PASS
提问,3,2,tí wèn,đặt câu hỏi,"đặt câu hỏi, hỏi; đưa ra câu hỏi để được giải đáp",0,1,0,0,2,1,0,0,PASS,PASS
提高,2,2,tí gāo,tăng,tăng; nâng cao,0,1,1,3,5,4,0,1,PASS,PASS
握手,2,2,wò shǒu,bắt tay,Bắt tay,0,1,0,0,3,1,0,0,PASS,PASS
搅拌,2,2,jiǎo bàn,khuấy,Nghĩa của 搅拌,0,0,0,0,3,1,0,0,PASS,PASS
搬家,2,2,bān jiā,chuyển nhà,chuyển nhà; dọn đến nơi ở mới,0,1,0,0,2,1,0,0,PASS,PASS
搭话,3,2,dā huà,bắt chuyện,"bắt chuyện, nói chuyện (xen vào)",0,0,0,0,2,1,0,0,PASS,PASS
撞击,3,2,zhuàng jī,đánh,"va chạm, đập vào (xảy ra va đập mạnh)",0,2,1,1,3,1,0,0,PASS,PASS
播出,3,2,bō chū,phát sóng,"phát sóng, chiếu",0,1,0,0,2,1,0,2,PASS,PASS
播放,3,2,bō fàng,phát sóng,"phát sóng, phát; phát thanh, phát hình hoặc phát âm thanh, hình ảnh ra ngoài",0,2,0,0,2,1,0,2,PASS,PASS
操场,2,2,cāo chǎng,sân thể thao,"sân thể thao, sân vận động, sân chơi",0,2,0,0,2,1,0,0,PASS,PASS
操心,3,2,cāo xīn,lo lắng,lo lắng,0,2,0,0,4,1,0,2,PASS,PASS
支付,3,2,zhī fù,trả tiền,"trả tiền, thanh toán",0,2,0,0,2,1,0,0,PASS,PASS
支持,3,2,zhī chí,hỗ trợ,Hỗ trợ,0,0,0,0,3,2,1,0,PASS,PASS
收下,1,2,shōu xià,nhận lấy,"nhận lấy, nhận cho",0,0,0,0,2,1,0,0,PASS,PASS
收入,2,2,shōu rù,thu nhập,thu nhập,0,1,0,0,4,3,0,0,PASS,PASS
收到,2,2,shōu dào,nhận được,nhận được,0,2,0,0,2,1,0,2,PASS,PASS
收听,3,2,shōu tīng,nghe đài phát thanh,"nghe đài phát thanh, nghe",0,1,0,0,2,1,0,0,PASS,PASS
收拾,1,2,shōu shi,dọn dẹp,dọn dẹp,0,0,0,0,0,0,0,0,PARTIAL,BLOCKED-NO-SUPPORTING-EVIDENCE
收看,3,2,shōu kàn,xem,xem,0,2,0,0,2,1,0,1,PASS,PASS
收费,3,2,shōu fèi,thu phí,thu phí,0,1,0,0,1,1,0,0,PASS,PASS
改变,2,2,gǎi biàn,thay đổi,thay đổi,0,1,1,3,4,3,0,2,PASS,PASS
改进,3,2,gǎi jìn,cải tiến,"cải tiến; sửa đổi để tốt hơn, tiến bộ hơn",0,2,0,0,2,1,0,0,PASS,PASS
改造,3,2,gǎi zào,cải tạo,"cải tạo, sửa đổi; thay đổi cấu trúc, hình thức hoặc tính chất của một vật để tốt hơn hoặc phù hợp hơn",0,2,0,0,2,1,0,0,PASS,PASS
放下,2,2,fàng xià,đặt xuống,đặt xuống,0,1,1,2,2,1,0,0,PASS,PASS
放假,1,2,fàng jià,nghỉ phép,nghỉ phép,0,1,0,0,3,1,0,1,PASS,PASS
放到,3,2,fàng dào,đặt trên,"đặt vào, để lên",0,2,1,1,3,2,0,0,PASS,PASS
放学,1,2,fàng xué,tan học,tan học (kết thúc học),0,3,3,3,4,1,0,0,PASS,PASS
放弃,2,2,fàng qì,từ bỏ,từ bỏ,0,0,0,0,1,1,0,0,PARTIAL,PASS
放心,1,2,fàng xīn,an tâm,an tâm,0,3,1,1,3,1,0,0,PASS,PASS
放松,1,2,fàng sōng,thư giãn,phóng + tùng (thư giãn),0,0,0,0,3,1,0,0,PASS,PASS
政客,3,2,zhèng kè,Chính khách,Chính khách,0,0,0,0,2,1,0,0,PASS,PASS
政府,2,2,zhèng fǔ,chính phủ,chính phủ,0,1,1,2,2,1,0,0,PASS,PASS
政治,2,2,zhèng zhì,chính trị,chính trị,0,1,1,2,2,1,0,0,PASS,PASS
故乡,3,2,gù xiāng,quê hương,quê hương,0,2,0,0,2,1,0,2,PASS,PASS
故事,1,2,gù shi,câu chuyện,câu chuyện,0,2,0,0,3,3,0,0,PASS,PASS
故意,2,2,gù yì,cố ý,cố ý,0,2,1,1,2,1,0,0,PASS,PASS
效果,1,2,xiào guǒ,hiệu quả,hiệu quả,0,0,0,0,0,1,0,1,PASS,PASS
教养,3,2,jiào yǎng,nuôi nấng,Nghĩa của 教养,0,0,0,0,3,1,0,0,PASS,PASS
教堂,3,2,jiào táng,nhà thờ,nhà thờ (Thiên Chúa giáo hoặc Tin Lành); giáo-đường trong Hán-Việt,0,4,1,1,4,1,0,0,PASS,PASS
教学,1,2,jiào xué,dạy học,dạy học; giảng dạy,1,0,0,0,3,2,0,0,PASS,PASS
教室,1,2,jiào shì,lớp học,lớp học,0,1,1,3,12,10,0,1,PASS,PASS
教师,2,2,jiào shī,giáo viên,giáo viên,0,1,0,0,2,1,0,1,PASS,PASS
教授,1,2,jiào shòu,giáo sư,"giáo sư; giáo, giảng dạy",0,3,0,0,3,1,0,0,PASS,PASS
教材,3,2,jiào cái,tài liệu giảng dạy,"giáo trình, tài liệu giảng dạy",0,1,0,0,2,1,0,0,PASS,PASS
教练,3,2,jiào liàn,huấn luyện viên,huấn luyện viên,0,1,1,1,1,1,0,0,PASS,PASS
教育,2,2,jiào yù,giáo dục,giáo dục,1,2,0,0,3,2,0,0,PASS,PASS
散文,3,2,sǎn wén,tản văn,"tản văn; văn bản xuôi, không vần; thể loại văn học tự do",0,0,0,0,3,1,0,0,PASS,PASS
散步,1,2,sàn bù,đi dạo,"đi dạo, tản bộ",0,2,0,0,2,1,0,0,PASS,PASS
数字,2,2,shù zì,chữ số,chữ số,0,0,0,0,2,1,0,0,PASS,PASS
数学,2,2,shù xué,toán học,"Toán học là ngành khoa học nghiên cứu về số, cấu trúc, không gian và biến đổi thông qua lý luận và logic hình thức.",0,4,0,0,4,2,0,0,PASS,PASS
数量,3,2,shù liàng,số lượng,"số lượng, số lượng vật phẩm",0,0,0,0,0,1,0,0,PASS,PASS
整个,3,2,zhěng gè,toàn bộ,"toàn bộ, cả một",0,2,0,0,2,1,0,3,PASS,PASS
整体,3,2,zhěng tǐ,toàn thể,"toàn thể, toàn bộ",0,2,0,0,2,1,0,0,PASS,PASS
整天,1,2,zhěng tiān,cả ngày,"Cả ngày, suốt ngày",0,1,0,0,3,1,0,0,PASS,PASS
整整,1,2,zhěng zhěng,toàn bộ,"trọn vẹn, nguyên; trọn, cả (thời gian)",0,2,0,0,2,1,0,3,PASS,PASS
整理,3,2,zhěng lǐ,sắp xếp,"sắp xếp, chỉnh đốn",0,2,1,1,2,1,0,2,PASS,PASS
整齐,3,2,zhěng qí,gọn gàng,"gọn gàng, chỉnh tề",0,2,0,0,2,1,0,0,PASS,PASS
文件,3,2,wén jiàn,tài liệu,"Tài liệu, văn kiện, văn bản",0,2,0,0,3,2,0,0,PASS,PASS
文化,2,2,wén huà,văn hóa,"văn hóa; giáo dục, trình độ",0,2,0,0,4,3,0,0,PASS,PASS
文字,3,2,wén zì,chữ viết,chữ viết,0,2,0,0,0,1,0,0,PASS,PASS
文学,1,2,wén xué,văn học,văn học,1,2,0,0,1,2,0,0,PASS,PASS
文明,3,2,wén míng,nền văn minh,nền văn minh,0,2,0,0,0,1,0,0,PASS,PASS
文章,3,2,wén zhāng,bài báo,"bài báo, bài viết, văn chương",0,2,0,0,2,2,0,0,PASS,PASS
料酒,2,2,liào jiǔ,rượu nấu ăn,rượu nấu ăn,0,0,0,0,2,1,0,0,PASS,PASS
断裂,3,2,duàn liè,gãy,"Đoạn liệt — gãy vỡ, nứt đứt hoàn toàn. Dùng cho vật thể cứng (xương, cầu, cáp) lẫn quan hệ trừu tượng (liên kết xã hội, mạch văn hóa).",0,4,1,1,4,1,0,0,PASS,PASS
新年,1,2,xīn nián,Năm mới,năm mới; Tết,0,4,3,3,6,2,0,0,PASS,PASS
新闻,2,2,xīn wén,tin tức,tin tức,0,3,1,2,3,1,0,1,PASS,PASS
新鲜,1,2,xīn xiān,tươi,tươi,0,0,0,0,1,2,0,0,PASS,PASS
方便,2,2,fāng biàn,thuận tiện,phương tiện,1,3,2,3,5,4,0,0,PASS,PASS
方向,2,2,fāng xiàng,hướng,hướng,0,2,0,0,2,1,0,0,PASS,PASS
方式,2,2,fāng shì,cách,"phương thức, cách thức",0,0,0,0,0,1,0,1,PASS,PASS
方法,1,2,fāng fǎ,phương pháp,phương pháp,0,3,1,1,4,2,0,0,PASS,PASS
方面,1,2,fāng miàn,phương diện,phương diện,3,3,2,2,2,1,0,0,PASS,PASS
旁边,1,2,páng biān,bên cạnh,bên cạnh,0,2,0,0,3,1,0,2,PASS,PASS
旅客,2,2,lǚ kè,hành khách,hành khách,0,1,0,0,2,1,0,0,PASS,PASS
旅游,2,2,lǚ yóu,du lịch,du lịch,0,2,1,3,8,7,1,1,PASS,PASS
旅行,1,2,lǚ xíng,du lịch,du lịch,1,2,1,1,2,1,0,1,PASS,PASS
旅馆,3,2,lǚ guǎn,khách sạn,"nhà trọ, khách sạn (cỡ vừa)",0,2,0,0,2,1,0,2,PASS,PASS
旗帜,3,2,qí zhì,cờ,"cờ (biểu tượng, biểu tượng)",0,2,2,2,5,1,0,0,PASS,PASS
无为,3,2,wú wéi,vô vi (thuận theo tự nhiên),vô vi (thuận theo tự nhiên),0,0,0,0,2,1,0,0,PASS,PASS
无聊,1,2,wú liáo,nhàm chán,"chán nản, tẻ nhạt, không có việc gì làm",0,3,0,0,3,1,0,0,PASS,PASS
日子,2,2,rì zi,cuộc sống,cuộc sống,0,2,0,0,2,1,0,3,PASS,PASS
日常,3,2,rì cháng,hàng ngày,Hàng ngày,0,0,0,0,3,1,0,0,PASS,PASS
日报,2,2,rì bào,báo hàng ngày,báo ngày,0,2,0,0,3,1,0,0,PASS,PASS
日期,1,2,rì qī,ngày,ngày (trên lịch); ngày tháng,0,4,3,3,5,1,0,0,PASS,PASS
日本,1,2,Rì běn,Nhật Bản,Nhật Bản,0,0,0,0,3,2,0,0,PASS,PASS
日记,2,2,rì jì,nhật ký,"nhật ký, ghi chép hàng ngày",0,2,1,1,2,1,0,0,PASS,PASS
日语,1,2,Rì yǔ,tiếng Nhật,tiếng Nhật; ngôn ngữ Nhật Bản,0,3,1,1,4,1,0,0,PASS,PASS
早上,1,2,zǎo shang,buổi sáng,buổi sáng (thời điểm từ khi thức dậy đến trưa),0,2,1,1,5,1,0,1,PASS,PASS
早就,2,2,zǎo jiù,từ lâu,từ lâu,0,3,2,4,6,4,0,0,PASS,PASS
早已,3,2,zǎo yǐ,đã sớm,"Đã sớm, đã từ lâu",0,3,1,1,3,1,0,0,PASS,PASS
早晨,2,2,zǎo chén,sáng sớm,sáng sớm,0,1,0,0,2,1,0,1,PASS,PASS
早餐,2,2,zǎo cān,bữa sáng,tảo xan,0,2,1,1,2,1,0,1,PASS,PASS
早饭,1,2,zǎo fàn,bữa sáng,bữa sáng,0,0,0,0,6,4,0,1,PASS,PASS
时代,3,2,shí dài,thời đại,"Thời đại, thời kỳ",0,2,0,0,4,2,0,0,PASS,PASS
时候,1,2,shí hou,thời gian,"lúc, thời điểm",4,3,2,4,7,4,0,1,PASS,PASS
时刻,3,2,shí kè,luôn luôn,"Thời điểm, lúc; luôn lúc nào",0,2,0,0,4,2,0,3,PASS,PASS
时间,1,2,shí jiān,thời gian,thời gian,0,3,1,1,11,10,0,1,PASS,PASS
明天,1,2,míng tiān,ngày mai,ngày mai,0,4,3,3,20,10,0,0,PASS,PASS
明年,1,2,míng nián,năm sau,năm sau,0,3,2,4,5,2,0,0,PASS,PASS
明星,2,2,míng xīng,ngôi sao,ngôi sao,0,2,1,1,3,1,0,1,PASS,PASS
明显,3,2,míng xiǎn,rõ ràng,"rõ ràng, hiển nhiên; dễ thấy, không thể phủ nhận được",0,2,1,1,2,1,0,4,PASS,PASS
明智,3,2,míng zhì,khôn ngoan,"khôn ngoan, sáng suốt",0,0,0,0,3,1,0,0,PASS,PASS
明白,1,2,míng bai,hiểu,"hiểu, rõ ràng",0,4,0,0,8,5,0,4,PASS,PASS
明确,3,2,míng què,rõ ràng và dứt khoát,"rõ ràng, xác định; dứt khoát, không còn nghi ngờ gì nữa",0,2,0,0,2,1,0,0,PASS,PASS
星星,2,2,xīng xing,ngôi sao,tinh tinh,0,1,0,0,3,1,0,1,PASS,PASS
星期,1,2,xīng qī,Tuần,tuần; thứ (trong tuần),8,4,3,4,16,10,0,0,PASS,PASS
春天,1,2,chūn tiān,mùa xuân,xuân thiên,0,1,0,0,3,1,0,0,PASS,PASS
春节,1,2,Chūn jié,Tết Nguyên Đán,Tết Nguyên Đán,0,2,0,0,4,2,0,0,PASS,PASS
昨天,1,2,zuó tiān,hôm qua,hôm qua (ngày trước ngày hôm nay),0,4,0,0,18,10,0,0,PASS,PASS
显得,3,2,xiǎn de,có vẻ,"có vẻ, trông",0,0,0,0,1,2,0,0,PASS,PASS
显然,3,2,xiǎn rán,rõ ràng,hien nhien,0,2,0,0,3,1,0,4,PASS,PASS
显示,3,2,xiǎn shì,hiển thị,hiển thị,0,1,0,0,3,3,0,0,PASS,PASS
晕眩,3,2,yūn xuàn,choáng váng,"choáng váng, chóng mặt",0,0,0,0,2,1,0,0,PASS,PASS
晚上,1,2,wǎn shang,buổi tối,"buổi tối, tối; buổi tối",0,4,4,6,11,7,0,0,PASS,PASS
晚会,1,2,wǎn huì,dạ tiệc,dạ tiệc,0,2,2,2,5,3,0,0,PASS,PASS
晚安,1,2,wǎn'ān,chúc ngủ ngon,chúc ngủ ngon,0,2,0,0,1,1,0,0,PASS,PASS
晚报,2,2,wǎn bào,báo chiều,báo chiều,0,3,0,0,2,1,0,0,PASS,PASS
晚点,2,2,wǎn diǎn,muộn,"trễ, chậm chuyến (xe/tàu máy bay)",0,0,0,0,1,1,0,0,PASS,PASS
晚餐,2,2,wǎn cān,bữa tối,bữa tối,0,3,0,0,3,1,0,1,PASS,PASS
晚饭,1,2,wǎn fàn,bữa tối,bữa tối,0,2,1,1,4,2,0,1,PASS,PASS
晦气,3,2,huì qì,Xui xẻo,"Xui xẻo, đen đủi; vận rủi",0,0,0,0,2,1,0,0,PASS,PASS
普及,3,2,pǔ jí,phổ biến,phổ biến,0,2,0,0,2,1,0,2,PASS,PASS
普通,2,2,pǔ tōng,thông thường,thông thường,1,1,0,0,2,1,0,1,PASS,PASS
景点,3,2,jǐng diǎn,điểm tham quan,"điểm tham quan, thắng cảnh",0,0,0,0,4,1,1,0,PASS,PASS
景色,3,2,jǐng sè,phong cảnh,"phong cảnh, cảnh sắc",0,2,0,0,1,1,0,1,PASS,PASS
晴天,1,2,qíng tiān,trời nắng,tình thiên,0,1,1,1,5,3,0,0,PASS,PASS
暂时,2,2,zàn shí,tạm thời,tạm thời,0,0,0,0,0,0,0,0,PARTIAL,BLOCKED-NO-SUPPORTING-EVIDENCE
暑假,2,2,shǔ jià,kỳ nghỉ hè,kỳ nghỉ hè,1,0,0,0,0,1,1,0,PASS,PASS
暖和,3,2,nuǎn huo,ấm áp,"ấm áp, ấm; dễ chịu",0,2,0,0,2,1,0,1,PASS,PASS
暗示,3,2,àn shì,ám chỉ,"ám chỉ, gợi ý (không nói trực tiếp)",0,2,0,0,2,1,0,0,PASS,PASS
更加,3,2,gèng jiā,càng hơn,"Càng hơn, càng thêm, thêm nữa",0,4,0,0,3,1,0,0,PASS,PASS
曾经,2,2,céng jīng,đã từng,Đã từng,0,0,0,0,3,1,0,0,PASS,PASS
最后,1,2,zuì hòu,cuối cùng,cuối cùng,0,2,1,3,4,2,0,2,PASS,PASS
最好,1,2,zuì hǎo,tốt nhất,tốt nhất,0,2,2,4,8,4,0,0,PASS,PASS
最近,2,2,zuì jìn,gần đây,gần đây,0,3,0,0,6,4,0,2,PASS,PASS
月亮,2,2,yuè liàng,mặt trăng,mặt trăng,0,1,0,0,2,2,0,0,PASS,PASS
月份,2,2,yuè fèn,tháng trong lịch,tháng,0,2,0,0,1,1,0,0,PASS,PASS
有些,1,2,yǒu xiē,một số,một số,0,2,1,1,4,2,0,1,PASS,PASS
有人,2,2,yǒu rén,ai đó,ai đó,0,2,0,0,3,2,0,0,PASS,PASS
有关,3,2,yǒu guān,liên quan đến,hữu quan — liên quan đến; có liên quan; thuộc về vấn đề nào đó,0,4,2,2,5,2,0,1,PASS,PASS
有利,3,2,yǒu lì,có lợi,"có lợi, thuận lợi; hữu ích",0,2,0,0,3,2,0,0,PASS,PASS
有名,1,2,yǒu míng,nổi tiếng,nổi tiếng,0,2,1,3,3,1,0,0,PASS,PASS
有效,3,2,yǒu xiào,hiệu quả,"hiệu quả, có hiệu lực",0,2,0,0,1,1,0,1,PASS,PASS
有时,2,2,yǒu shí,Đôi khi,"Đôi khi, có lúc",1,0,0,0,4,4,0,1,PASS,PASS
有用,1,2,yǒu yòng,hữu ích,"hữu ích, có ích",0,2,1,2,3,1,0,1,PASS,PASS
有的,1,2,yǒu de,một số,một số,1,2,1,1,3,1,0,1,PASS,PASS
朋友,1,2,péng you,bạn,"bạn bè, bạn",5,5,2,3,18,10,0,0,PASS,PASS
服务,2,2,fú wù,phục vụ,"phục vụ, dịch vụ",2,0,0,0,2,1,0,0,PASS,PASS
服装,3,2,fú zhuāng,trang phục,"trang phục, quần áo",0,0,0,0,0,1,0,0,PASS,PASS
木头,3,2,mù tou,gỗ,gỗ,0,2,0,0,2,1,0,0,PASS,PASS
未来,2,2,wèi lái,tương lai,tương lai,0,0,0,0,3,1,0,1,PASS,PASS
本事,3,2,běn shì,khả năng,"khả năng, tài năng, bản lĩnh; thủ đoạn",0,2,1,1,2,1,0,3,PASS,PASS
本子,1,2,běn zi,vở bài tập,"cuốn vở, vở",0,0,0,0,5,3,0,0,PASS,PASS
本来,2,2,běn lái,nguyên bản,ban đầu; nguyên gốc; theo lẽ thường,0,2,0,0,5,4,0,0,PASS,PASS
本能,3,2,běn néng,bản năng,Nghĩa của 本能,0,0,0,0,3,1,0,0,PASS,PASS
本领,3,2,běn lǐng,khả năng,"kỹ năng, tài năng",0,2,0,0,2,1,0,3,PASS,PASS
机会,2,2,jī huì,cơ hội,cơ hội,0,3,0,0,6,4,0,0,PASS,PASS
机器,3,2,jī qì,máy móc,"máy móc, cỗ máy",1,0,0,0,0,1,0,0,PASS,PASS
机场,1,2,jī chǎng,sân bay,sân bay,0,2,2,2,4,2,0,0,PASS,PASS
机票,1,2,jī piào,vé máy bay,vé máy bay,0,2,0,0,3,1,0,0,PASS,PASS
杂志,1,2,zá zhì,tạp chí,"tạp chí; ấn phẩm định kỳ chứa nhiều bài viết, hình ảnh về các chủ đề khác nhau",0,2,1,1,2,1,0,0,PASS,PASS
条件,2,2,tiáo jiàn,điều kiện,điều kiện,0,2,0,0,3,1,0,0,PASS,PASS
来世,3,2,lái shì,kiếp sau,"kiếp sau, đời sau",0,0,0,0,2,1,0,0,PASS,PASS
来到,1,2,lái dào,đến,"đến với, đến nơi",0,2,1,1,3,2,0,2,PASS,PASS
来往,3,2,lái wang,liên lạc,liên lạc,0,1,1,1,3,1,0,2,PASS,PASS
来源,3,2,lái yuán,nguồn gốc,"nguồn gốc, xuất xứ",0,3,2,2,4,1,0,1,PASS,PASS
来自,2,2,lái zì,đến từ,đến từ,0,2,0,0,3,1,0,0,PASS,PASS
杯子,1,2,bēi zi,cốc,"cốc, ly (đồ uống)",0,1,1,3,11,8,0,0,PASS,PASS
松柏,3,2,sōng bǎi,tùng bách (cây tùng và cây bách),tùng bách (cây tùng và cây bách),0,0,0,0,2,1,0,0,PASS,PASS
极了,1,2,jí le,cực kỳ,cực kỳ; vô cùng; lắm,0,2,0,0,6,3,0,2,PASS,PASS
极其,3,2,jí qí,rất,rất,0,1,1,2,2,1,0,1,PASS,PASS
构词,3,2,gòu cí,Cấu tạo từ,"Cấu tạo từ, tạo từ",0,0,0,0,2,1,0,0,PASS,PASS
果汁,1,2,guǒ zhī,nước ép trái cây,Nước ép trái cây,0,0,0,0,3,1,0,0,PASS,PASS
果然,3,2,guǒ rán,quả nhiên,"Quả nhiên, đúng như dự kiến",0,0,0,0,5,2,0,0,PASS,PASS
柔韧,3,2,róu rèn,Mềm dẻo và dai,"Mềm dẻo và dai, bền bỉ",0,0,0,0,2,1,0,0,PASS,PASS
柱子,2,2,zhù zi,cột,"cột, trụ",0,1,1,3,4,1,0,0,PASS,PASS
标准,1,2,biāo zhǔn,tiêu chuẩn,"tiêu chuẩn, chuẩn mực; mức độ",0,2,0,0,2,1,0,1,PASS,PASS
标题,3,2,biāo tí,tiêu đề,tiêu đề,0,1,0,0,2,1,0,1,PASS,PASS
校园,1,2,xiào yuán,khuôn viên trường,hiệu viên,0,2,0,0,2,1,0,0,PASS,PASS
校长,2,2,xiào zhǎng,hiệu trưởng,hiệu trưởng,0,2,0,0,4,3,0,1,PASS,PASS
样子,2,2,yàng zi,hình dạng,hình dáng,0,2,0,0,3,1,0,0,PASS,PASS
核桃,2,2,hé tao,quả óc chó,"Hạch đào — quả óc chó (walnut); loại hạt cứng có nhân béo bổ, phổ biến trong ẩm thực và y học cổ truyền Trung Hoa.",0,4,1,1,4,1,0,0,PASS,PASS
根据,3,2,gēn jù,dựa trên,"dựa vào, theo, căn cứ vào",0,2,0,0,4,2,0,0,PASS,PASS
根本,3,2,gēn běn,hoàn toàn,"Hoàn toàn, căn bản",0,0,0,0,4,3,0,2,PASS,PASS
根源,3,2,gēn yuán,gốc rễ,Nghĩa của 根源,0,0,0,0,3,1,0,0,PASS,PASS
桌子,1,2,zhuō zi,bàn,cái bàn,0,1,0,0,13,10,0,0,PASS,PASS
桥牌,3,2,qiáo pái,Bài Bridge,Bài Bridge,0,0,0,0,2,1,0,0,PASS,PASS
梯子,3,2,tī zi,cái thang,cái thang; bậc thang,0,1,1,3,3,1,0,0,PASS,PASS
检查,2,2,jiǎn chá,kiểm tra,kiểm tra,0,2,0,0,4,3,0,0,PASS,PASS
检票,3,2,jiǎn piào,soát vé,soát vé,0,0,0,0,0,1,0,0,PASS,PASS
椅子,1,2,yǐ zi,ghế,ghế,0,3,0,0,5,3,0,0,PASS,PASS
楼上,1,2,lóu shàng,tầng trên,"trên nhà, tầng trên",0,2,0,0,2,1,0,0,PASS,PASS
楼下,1,2,lóu xià,tầng dưới,"dưới nhà, tầng dưới",0,2,0,0,4,3,0,0,PASS,PASS
楼梯,3,2,lóu tī,cầu thang,lâu + thê (cầu thang),0,0,0,0,3,1,0,0,PASS,PASS
概念,3,2,gài niàn,khái niệm,"khái niệm, định nghĩa cơ bản; ý niệm hoặc tư tưởng trừu tượng về một vấn đề",0,2,0,0,2,1,0,0,PASS,PASS
模式,3,2,mó shì,mô hình,mô hình; khuôn mẫu; cách thức; kiểu,0,0,0,0,2,1,0,0,PASS,PASS
模范,3,2,mó fàn,mẫu mực,"Mẫu mực, gương mẫu, tấm gương; người hoặc việc làm tốt để người khác noi theo",0,0,0,0,3,1,0,0,PASS,PASS
橘子,2,2,jú zi,quýt,"quýt, cam",0,2,0,0,3,1,0,0,PASS,PASS
欢乐,3,2,huān lè,vui vẻ,Vui vẻ,0,0,0,0,3,1,0,3,PASS,PASS
欢迎,1,2,huān yíng,hoan nghênh,hoan nghênh,0,3,1,1,3,2,0,0,PASS,PASS
欣赏,3,2,xīn shǎng,ngưỡng mộ,ngưỡng mộ,0,2,0,0,4,1,0,1,PASS,PASS
欧洲,2,2,Ōu zhōu,Châu Âu,Nghĩa của 欧洲,0,0,0,0,3,1,0,0,PASS,PASS
欧美,1,2,ōu měi,Âu Mỹ (Châu Âu và Châu Mỹ),Âu Mỹ (Châu Âu và Châu Mỹ),0,0,0,0,2,1,0,0,PASS,PASS
欲望,3,2,yù wàng,khao khát,"khao khát, mong muốn mạnh mẽ",0,3,1,1,5,1,0,0,PASS,PASS
欺侮,3,2,qī wǔ,Bắt nạt,"Bắt nạt, ức hiếp, lấn át",0,0,0,0,2,1,0,0,PASS,PASS
歌喉,3,2,gē hóu,giọng hát (hay),"giọng hát (hay), tiếng hát",0,0,0,0,2,1,0,0,PASS,PASS
歌声,3,2,gē shēng,âm thanh của bài hát,"Âm thanh của bài hát, tiếng hát",0,2,0,0,2,1,0,0,PASS,PASS
歌手,3,2,gē shǒu,ca sĩ,Ca sĩ,0,2,0,0,2,1,0,0,PASS,PASS
歌曲,1,2,gē qǔ,bài hát,"bài hát, khúc nhạc",0,3,1,2,5,1,0,0,PASS,PASS
歌词,1,2,gē cí,lời bài hát,"lời bài hát, ca từ (ca-từ: lời trong bài ca)",0,2,1,1,4,1,0,0,PASS,PASS
歌迷,3,2,gē mí,người hâm mộ ca sĩ,"Người hâm mộ ca sĩ, fan nhạc",0,2,0,0,2,1,0,0,PASS,PASS
正在,1,2,zhèng zài,đang,đang (thì tiếp diễn lúc nói),0,2,1,1,8,6,0,0,PASS,PASS
正好,2,2,zhèng hǎo,vừa đúng,vừa đúng,0,1,1,3,5,3,0,0,PASS,PASS
正常,2,2,zhèng cháng,bình thường,bình thường,0,2,0,0,2,1,0,1,PASS,PASS
正式,3,2,zhèng shì,chính thức,Chính thức,0,2,0,0,3,2,1,0,PASS,PASS
正是,2,2,zhèng shì,chính xác là,chính xác là,0,1,0,0,2,1,1,0,PASS,PASS
正点,2,2,zhèng diǎn,Đúng giờ,"Đúng giờ, đúng kế hoạch",0,0,0,0,2,1,0,1,PASS,PASS
正确,2,2,zhèng què,đúng,"chính xác, đúng đắn",0,2,1,1,2,1,0,0,PASS,PASS
武器,3,2,wǔ qì,vũ khí,Vũ khí,0,2,1,1,3,1,0,0,PASS,PASS
武术,3,2,wǔ shù,wushu,"võ thuật, kỹ năng chiến đấu bằng tay không hoặc vũ khí truyền thống của Trung Hoa",0,2,0,0,2,1,0,0,PASS,PASS
残疾,3,2,cán jí,khuyết tật,khuyết tật,1,2,0,0,4,1,0,0,PASS,PASS
母亲,2,2,mǔ qīn,mẹ,Mẹ (ngôn ngữ trang trọng),0,3,1,1,3,1,0,1,PASS,PASS
母校,2,2,mǔ xiào,Trường cũ,"Trường cũ, trường mẹ, alma mater",0,0,0,0,2,1,0,0,PASS,PASS
比例,3,2,bǐ lì,tỷ lệ,"tỷ lệ, tỉ số; sự cân đối",0,2,0,0,2,1,0,0,PASS,PASS
比如,1,2,bǐ rú,ví dụ,tỷ như,1,2,0,0,2,1,0,3,PASS,PASS
比赛,1,2,bǐ sài,thi đấu,"Thi đấu, cuộc thi, trận đấu",0,2,0,0,8,7,0,0,PASS,PASS
比较,1,2,bǐ jiào,tương đối,"So sánh, tương đối",0,0,0,0,5,3,0,0,PASS,PASS
毕业,1,2,bì yè,tốt nghiệp,"tốt nghiệp, ra trường",1,3,1,1,4,2,0,0,PASS,PASS
毕竟,3,2,bì jìng,sau tất cả,"sau tất cả, cho đến cuối cùng; thực ra là",0,0,0,0,4,1,0,0,PASS,PASS
毛病,1,2,máo bing,khuyết điểm,khuyết điểm; tật xấu; trục trặc,0,2,1,1,2,1,0,1,PASS,PASS
毛衣,1,2,máo yī,áo len,áo len,0,0,0,0,0,1,0,0,PASS,PASS
毫无,3,2,háo wú,hoàn toàn không,Nghĩa của 毫无,0,0,0,0,4,2,0,0,PASS,PASS
民族,2,2,mín zú,dân tộc,Dân tộc,1,0,0,0,3,1,0,0,PASS,PASS
民歌,1,2,mín gē,dân ca,dân ca,0,0,0,0,0,1,0,0,PASS,PASS
民间,3,2,mín jiān,dân gian,Dân gian,0,0,0,0,3,1,0,0,PASS,PASS
气候,3,2,qì hòu,khí hậu,khí hậu,0,2,0,0,2,1,0,0,PASS,PASS
气氛,3,2,qì fēn,không khí,không khí,0,2,0,0,5,2,0,1,PASS,PASS
气温,2,2,qì wēn,nhiệt độ không khí,khí ôn,0,2,0,0,2,1,0,0,PASS,PASS
水平,2,2,shuǐ píng,mức độ,mức độ; tiêu chuẩn,0,1,1,3,3,2,0,1,PASS,PASS
水果,1,2,shuǐ guǒ,trái cây,"trái cây, hoa quả",0,3,1,1,7,4,0,0,PASS,PASS
永远,2,2,yǒng yuǎn,mãi mãi,mãi mãi,0,3,1,1,4,2,0,0,PASS,PASS
汉字,1,2,hàn zì,chữ Hán,chữ Hán,0,2,1,3,9,9,0,0,PASS,PASS
汉语,1,2,hàn yǔ,tiếng Trung,tiếng Trung (ngôn ngữ),0,3,3,7,20,10,0,1,PASS,PASS
汽车,1,2,qì chē,xe ô tô,xe ô tô,1,2,0,0,4,3,0,0,PASS,PASS
沙发,3,2,shā fā,ghế sofa,ghế sofa,0,0,0,0,0,1,0,0,PASS,PASS
沙子,3,2,shā zi,cát,cát,0,1,1,2,2,1,0,0,PASS,PASS
沙滩,3,2,shā tān,bãi cát,bãi cát,0,2,0,0,4,1,0,0,PASS,PASS
沙锅,3,2,shā guō,Nồi đất,"Nồi đất, nồi gốm",0,0,0,0,2,1,0,0,PASS,PASS
沟通,2,2,gōu tōng,giao tiếp,"Giao tiếp, trao đổi, liên lạc; kết nối thông tin giữa người với người",0,0,0,0,3,1,0,0,PASS,PASS
没事,1,2,méi shì,không sao,"không sao, không có gì",1,0,0,0,0,1,0,1,PASS,PASS
没有,1,2,méi yǒu,không,"không có, chưa",1,3,0,0,17,10,0,1,PASS,PASS
没用,3,2,méi yòng,vô dụng,"vô dụng, không có ích; không tác dụng",0,1,0,0,2,1,0,0,PASS,PASS
没落,3,2,mò luò,suy tàn,"suy tàn, xuống dốc, không còn thịnh vượng",0,2,0,0,4,1,0,0,PASS,PASS
沮丧,3,2,jǔ sàng,nản lòng,Nghĩa của 沮丧,0,0,0,0,3,1,0,0,PASS,PASS
河北,2,2,Hé běi,Hà Bắc (tỉnh ở Trung Quốc),Hà Bắc (tỉnh ở Trung Quốc).,0,0,0,0,2,1,0,0,PASS,PASS
河流,2,2,hé liú,Sông,"Sông, dòng sông",0,0,0,0,2,1,0,0,PASS,PASS
油漆,3,2,yóu qī,sơn,Nghĩa của 油漆,0,0,0,0,3,1,0,0,PASS,PASS
沾边,3,2,zhān biān,Có liên quan,"Có liên quan, dính dáng",0,0,0,0,1,1,0,0,PASS,PASS
法则,3,2,fǎ zé,Quy tắc,"Quy tắc, pháp tắc, định luật",0,0,0,0,2,1,0,0,PASS,PASS
法国,1,2,Fǎ guó,nước Pháp,nước Pháp,0,0,0,0,0,1,0,0,PASS,PASS
注意,2,2,zhù yì,chú ý,"Chú ý, để ý, quan tâm",0,2,0,0,3,2,0,1,PASS,PASS
泰国,1,2,Tài guó,nước Thái Lan,nước Thái Lan,0,0,0,0,1,2,0,0,PASS,PASS
洁白,2,2,jié bái,Trắng tinh,"Trắng tinh, trắng muốt, trong trắng.",0,0,0,0,2,1,0,0,PASS,PASS
洗澡,2,2,xǐ zǎo,tắm,tắm,0,1,1,2,2,1,0,0,PASS,PASS
活力,3,2,huó lì,sức sống,"sức sống, năng lượng, sinh lực",0,0,0,0,2,2,0,0,PASS,PASS
活动,2,2,huó dòng,hoạt động,hoạt động,0,2,0,0,4,3,0,0,PASS,PASS
活泼,3,2,huó pō,sôi nổi,"hoạt bát, sôi nổi, linh hoạt — thường dùng để tả người (đặc biệt trẻ em) vui vẻ, năng động, không ngại ngùng; cũng dùng tả văn phong hoặc phong cách sinh động",0,3,1,1,4,1,0,0,PASS,PASS
流利,2,2,liú lì,lưu loát,lưu loát; trôi chảy,0,1,1,2,2,1,0,0,PASS,PASS
流行,1,2,liú xíng,phổ biến,phổ biến,0,2,1,1,2,1,0,2,PASS,PASS
浪漫,3,2,làng màn,lãng mạn,lãng mạn,0,0,0,0,1,1,0,0,PARTIAL,PASS
浪费,2,2,làng fèi,lãng phí,lãng phí,0,2,1,1,2,1,0,0,PASS,PASS
海关,3,2,hǎi guān,hải quan,hải quan,0,2,1,1,2,1,0,0,PASS,PASS
海滨,3,2,hǎi bīn,bờ biển,Nghĩa của 海滨,0,0,0,0,3,1,1,1,PASS,PASS
海边,2,2,hǎi biān,bờ biển,hải biên,0,2,1,1,3,1,0,1,PASS,PASS
海鸥,2,2,hǎi ōu,Chim hải âu,Chim hải âu,0,0,0,0,2,1,0,0,PASS,PASS
消失,3,2,xiāo shī,biến mất,"biến mất, tan biến",0,1,0,0,2,1,0,1,PASS,PASS
消息,2,2,xiāo xi,tin tức,tin tức,0,2,1,1,4,3,0,1,PASS,PASS
消灭,3,2,xiāo miè,tiêu diệt,"tiêu diệt, diệt trừ",0,0,0,0,4,1,0,0,PASS,PASS
消费,3,2,xiāo fèi,Tiêu thụ,"tiêu dùng, tiêu thụ",0,2,0,0,1,1,0,0,PASS,PASS
液体,3,2,yè tǐ,chất lỏng,chất lỏng,0,2,0,0,4,1,0,0,PASS,PASS
淀粉,2,2,diàn fěn,tinh bột,tinh bột,0,0,0,0,3,1,0,0,PASS,PASS
淡水,3,2,dàn shuǐ,nước ngọt,Nghĩa của 淡水,0,0,0,0,3,1,0,0,PASS,PASS
深入,3,2,shēn rù,đi sâu vào,"đi sâu vào, thấu đáo",0,2,1,1,1,1,0,0,PASS,PASS
深刻,2,2,shēn kè,sâu sắc,"sâu sắc, thấm thía; tác động mạnh mẽ đến tâm trí hoặc cảm xúc",0,2,0,0,2,1,0,0,PASS,PASS
深夜,2,2,shēn yè,đêm khuya,"Đêm khuya — khoảng thời gian muộn trong đêm, thường sau nửa đêm, khi mọi người đã ngủ.",0,3,0,0,4,1,0,0,PASS,PASS
清晨,2,2,qīng chén,sáng sớm,sáng sớm,0,0,0,0,0,0,0,1,PARTIAL,BLOCKED-NO-SUPPORTING-EVIDENCE
清楚,2,2,qīng chu,rõ ràng,"thanh sở, rõ ràng",0,3,1,1,6,5,0,4,PASS,PASS
清闲,3,2,qīng xián,nhàn hạ,"nhàn hạ, rảnh rỗi",0,0,0,0,2,1,0,0,PASS,PASS
渐渐,2,2,jiàn jiàn,dần dần,dần dần,0,1,1,2,2,1,0,0,PASS,PASS
温和,3,2,wēn hé,dịu dàng,dịu dàng; ôn hòa; nhẹ nhàng,0,0,0,0,2,1,0,0,PASS,PASS
温度,2,2,wēn dù,nhiệt độ,nhiệt độ,0,1,0,0,1,1,0,0,PASS,PASS
温暖,2,2,wēn nuǎn,ấm áp,"ấm áp; ấm áp, tình cảm; nhân hậu",0,2,0,0,2,2,0,1,PASS,PASS
游客,3,2,yóu kè,Du khách,Du khách; khách du lịch,0,0,0,0,3,2,0,0,PASS,PASS
游戏,2,2,yóu xì,trò chơi,trò chơi,1,2,0,0,2,1,0,0,PASS,PASS
游泳,1,2,yóu yǒng,bơi lội,bơi lội,1,2,0,0,6,5,0,0,PASS,PASS
游览,2,2,yóu lǎn,đi tham quan,đi tham quan,0,2,0,0,4,1,0,0,PASS,PASS
源头,3,2,yuán tóu,nguồn gốc,nguồn gốc,0,3,3,3,3,1,0,1,PASS,PASS
溪流,3,2,xī liú,suối,"suối, dòng suối",0,0,0,0,2,1,0,0,PASS,PASS
滑冰,3,2,huá bīng,trượt băng,trượt băng,0,2,0,0,4,1,0,0,PASS,PASS
满意,2,2,mǎn yì,hài lòng,hài lòng,0,2,1,1,3,2,0,0,PASS,PASS
满足,3,2,mǎn zú,thỏa mãn,"Thỏa mãn, hài lòng",0,2,0,0,3,1,0,0,PASS,PASS
漂亮,1,2,piào liang,đẹp,phiếu lượng,0,2,0,0,5,8,0,2,PASS,PASS
演出,2,2,yǎn chū,biểu diễn,"biểu diễn; trình diễn nghệ thuật trước công chúng như kịch, múa, nhạc",0,2,0,0,2,1,0,2,PASS,PASS
演员,2,2,yǎn yuán,diễn viên,diễn viên,0,2,1,1,2,1,0,0,PASS,PASS
演唱,3,2,yǎn chàng,hát,"Hát, biểu diễn âm nhạc",1,2,0,0,2,1,0,1,PASS,PASS
演奏,3,2,yǎn zòu,biểu diễn,"biểu diễn nhạc cụ, trình tấu (chơi nhạc trước khán giả)",0,4,0,0,4,1,0,2,PASS,PASS
漫画,3,2,màn huà,truyện tranh,truyện tranh,0,0,0,0,0,0,0,0,PARTIAL,BLOCKED-NO-SUPPORTING-EVIDENCE
潇洒,3,2,xiāo sǎ,thanh thoát,"pha ke, tự do, ung dung, phóng khoáng (thái độ sống hoặc phong thái)",0,3,3,3,4,1,0,0,PASS,PASS
火车,1,2,huǒ chē,tàu hỏa,"tàu hỏa, tàu lửa",1,2,2,3,6,3,0,0,PASS,PASS
火锅,2,2,huǒ guō,lẩu,"Hoả oa — lẩu; món ăn nấu tại bàn với nồi nước dùng sôi, nhúng các nguyên liệu tươi.",0,3,2,3,4,1,0,0,PASS,PASS
灭绝,3,2,miè jué,tuyệt chủng,"Diệt tuyệt — tuyệt chủng, diệt vong hoàn toàn; xóa sổ không còn sót lại.",0,3,1,1,4,1,0,0,PASS,PASS
灵通,3,2,líng tōng,thông thạo,"Linh thông — thông tin nhanh nhạy, nắm bắt tin tức tốt; (cũ) linh nghiệm, thông suốt.",0,3,1,2,4,1,0,0,PASS,PASS
灵魂,3,2,líng hún,linh hồn,"linh hồn; tinh thần, cốt lõi",0,2,0,0,3,1,0,0,PASS,PASS
灿烂,2,2,càn làn,rực rỡ,Nghĩa của 灿烂,0,0,0,0,3,1,0,0,PASS,PASS
炉灶,3,2,lú zào,bếp,"bếp lò, cái bếp",0,0,0,0,3,1,0,0,PASS,PASS
炸药,3,2,zhà yào,thuốc nổ,thuốc nổ,0,1,1,1,3,1,0,0,PASS,PASS
点头,2,2,diǎn tóu,gật đầu,gật đầu,0,1,1,1,2,1,0,0,PASS,PASS
点心,2,2,diǎn xīn,món tráng miệng,món tráng miệng,0,2,0,0,4,1,0,0,PASS,PASS
点缀,3,2,diǎn zhuì,trang trí,Nghĩa của 点缀,0,0,0,0,3,1,0,0,PASS,PASS
点钟,1,2,diǎn zhōng,Giờ,"Giờ, giờ đồng hồ (thường dùng sau số)",0,0,0,0,2,1,0,2,PASS,PASS
烙饼,2,2,lào bǐng,Bánh rán,"Bánh rán, bánh dẹt áp chảo (một loại bánh mì dẹt của Trung Quốc).",0,0,0,0,2,1,0,0,PASS,PASS
热情,1,2,rè qíng,nhiệt tình,nhiệt tình,0,1,0,0,4,3,0,0,PASS,PASS
热烈,3,2,rè liè,nồng nhiệt,"nồng nhiệt, sôi nổi; nhiệt tình",0,2,1,1,2,2,0,0,PASS,PASS
热爱,3,2,rè'ài,yêu tha thiết,"Yêu tha thiết, yêu mến",0,3,0,0,3,1,0,0,PASS,PASS
热闹,1,2,rè nao,nhộn nhịp,nhộn nhịp,0,1,1,2,2,1,0,0,PASS,PASS
然后,1,2,rán hòu,sau đó,sau đó,0,2,1,1,5,4,0,1,PASS,PASS
照片,1,2,zhào piàn,bức ảnh,bức ảnh,0,2,0,0,4,3,0,0,PASS,PASS
照相,2,2,zhào xiàng,chụp ảnh,chụp ảnh,1,1,0,0,3,1,0,1,PASS,PASS
照顾,2,2,zhào gù,chăm sóc,chăm sóc,0,3,0,0,3,2,0,0,PASS,PASS
熊猫,2,2,xióng māo,gấu trúc,gấu trúc,1,2,0,0,3,2,0,0,PASS,PASS
熟人,3,2,shú rén,người quen,Người quen,0,0,0,0,3,1,0,0,PASS,PASS
熟悉,1,2,shú xī,quen thuộc,quen thuộc,0,3,0,0,2,1,0,0,PASS,PASS
熬夜,1,2,áo yè,thức khuya,"Ngao dạ (熬夜, áo yè) — thức khuya, thức đêm để làm việc hoặc giải trí. Hàm ý chịu đựng sự mệt mỏi để không đi ngủ.",0,4,2,2,4,1,0,0,PASS,PASS
燃烧,3,2,rán shāo,đốt cháy,"đốt cháy, cháy bùng lên",0,0,0,0,3,1,0,0,PASS,PASS
爪牙,3,2,zhǎo yá,Tay sai,"Tay sai, đồng bọn (mang nghĩa xấu)",0,0,0,0,2,1,0,0,PASS,PASS
爬山,2,2,pá shān,leo núi,leo núi,0,1,0,0,4,3,0,0,PASS,PASS
爱人,2,2,ài rén,vợ chồng,vợ chồng,0,1,0,0,2,1,0,1,PASS,PASS
爱好,1,2,ài hào,sở thích,sở thích (điều mình thích và thường làm),0,3,1,1,5,2,0,2,PASS,PASS
爱心,3,2,ài xīn,lòng nhân ái,"Lòng nhân ái, sự cảm thông, yêu thương",0,3,1,1,3,1,0,0,PASS,PASS
爱情,2,2,ài qíng,tình yêu,tình yêu,1,1,0,0,4,4,0,0,PASS,PASS
父亲,2,2,fù qīn,cha,"Bố, cha, người cha",0,1,1,1,4,2,0,0,PASS,PASS
父母,2,2,fù mǔ,cha mẹ,"Bố mẹ, cha mẹ",0,1,0,0,6,4,0,0,PASS,PASS
爷爷,1,2,yé ye,ông nội,ông nội,0,2,1,3,4,1,0,0,PASS,PASS
爸爸,1,2,bà ba,bố,"bố, cha",0,2,1,3,11,8,0,0,PASS,PASS
片刻,3,2,piàn kè,khoảnh khắc,Nghĩa của 片刻,0,0,0,0,3,1,0,1,PASS,PASS
牌子,2,2,pái zi,bảng hiệu,"bảng hiệu, biển; thẻ bài; thương hiệu",0,0,0,0,2,1,0,0,PASS,PASS
牙齿,2,2,yá chǐ,răng,"Nha xỉ (牙齿, yá chǐ) — răng, bộ răng. Cách nói đầy đủ và trang trọng hơn, bao gồm cả răng hàm (牙) và răng nói chung (齿).",0,4,3,3,4,1,0,0,PASS,PASS
牛奶,1,2,niú nǎi,sữa,Sữa (bò),0,3,1,2,3,1,0,0,PASS,PASS
牛排,2,2,niú pái,Bít tết,"Bít tết, sườn bò",0,0,0,0,2,1,0,0,PASS,PASS
物理,2,2,wù lǐ,vật lý,vật lý,0,0,0,0,3,1,0,0,PASS,PASS
物种,3,2,wù zhǒng,loài,"loài, chủng loại",0,0,0,0,2,1,0,0,PASS,PASS
物质,3,2,wù zhì,vật chất,vật chất; chất; vật phẩm,1,3,1,1,3,1,0,0,PASS,PASS
特别,2,2,tè bié,đặc biệt,đặc biệt,0,0,0,0,6,5,0,0,PASS,PASS
特点,2,2,tè diǎn,đặc điểm,đặc điểm,0,0,0,0,2,1,0,0,PASS,PASS
特色,3,2,tè sè,đặc sắc,đặc sắc; đặc điểm; nét riêng,0,2,0,0,2,1,0,0,PASS,PASS
犬子,3,2,quǎn zǐ,Con trai tôi (cách nói khiêm tốn),Con trai tôi (cách nói khiêm tốn),0,0,0,0,2,1,0,0,PASS,PASS
状况,3,2,zhuàng kuàng,tình hình,"tình hình, tình trạng",0,2,2,2,2,1,0,1,PASS,PASS
状态,3,2,zhuàng tài,trạng thái,trạng thái,0,2,1,1,1,1,0,1,PASS,PASS
犹豫,2,2,yóu yù,do dự,"do dự, chần chừ — trạng thái không quyết đoán, lưỡng lự chưa dám hành động hoặc chọn lựa",0,3,2,2,4,1,0,0,PASS,PASS
狠心,2,2,hěn xīn,quyết tâm,Nghĩa của 狠心,0,0,0,0,3,1,0,2,PASS,PASS
独奏,3,2,dú zòu,độc tấu,độc tấu,0,0,0,0,2,1,0,0,PASS,PASS
猪排,2,2,zhū pái,Sườn heo,"Sườn heo, cốt lết heo",0,0,0,0,2,1,0,0,PASS,PASS
猴子,3,2,hóu zi,khỉ,khỉ,0,2,0,0,2,1,0,0,PASS,PASS
玩儿,1,2,wánr ,chơi,"chơi, đi chơi, chơi đùa",1,0,0,0,5,4,1,1,PASS,PASS
玩具,3,2,wán jù,đồ chơi,đồ chơi,0,0,0,0,0,1,0,1,PASS,PASS
玩笑,2,2,wán xiào,Chuyện đùa,"Chuyện đùa, trò đùa; đùa giỡn, bông đùa.",1,0,0,0,3,2,0,0,PASS,PASS
环保,3,2,huán bǎo,bảo vệ môi trường,bảo vệ môi trường,0,2,0,0,2,1,0,0,PASS,PASS
环境,2,2,huán jìng,môi trường,môi trường,0,2,0,0,3,2,0,0,PASS,PASS
现代,1,2,xiàn dài,hiện đại,Hiện đại,1,2,1,1,4,2,0,0,PASS,PASS
现在,1,2,xiàn zài,bây giờ,"bây giờ, hiện tại; ngay bây giờ",0,3,3,5,20,10,0,0,PASS,PASS
现场,3,2,xiàn chǎng,hiện trường,"hiện trường, tại chỗ",0,2,0,0,2,1,0,0,PASS,PASS
现实,3,2,xiàn shí,thực tế,thực tế,0,2,1,1,2,1,0,2,PASS,PASS
现象,3,2,xiàn xiàng,hiện tượng,hiện tượng,0,2,1,1,3,2,0,0,PASS,PASS
现金,3,2,xiàn jīn,tiền mặt,tiền mặt,0,2,1,1,2,1,0,0,PASS,PASS
班会,2,2,bān huì,Buổi họp lớp,"Buổi họp lớp, sinh hoạt lớp.",0,0,0,0,2,1,0,0,PASS,PASS
班级,3,2,bān jí,lớp,"lớp, lớp học",0,2,0,0,0,1,0,1,PASS,PASS
班长,2,2,bān zhǎng,lớp trưởng,lớp trưởng,0,0,0,0,2,1,0,0,PASS,PASS
球场,2,2,qiú chǎng,sân bóng,sân bóng,0,2,0,0,2,1,0,0,PASS,PASS
球迷,3,2,qiú mí,người hâm mộ bóng đá,fan hâm mộ bóng đá; người rất thích xem và theo dõi bóng đá,0,2,1,1,2,1,0,0,PASS,PASS
球队,2,2,qiú duì,đội bóng,đội bóng,0,3,0,0,1,1,0,0,PASS,PASS
理发,3,2,lǐ fà,cắt tóc,cắt tóc; làm tóc,0,2,1,1,1,1,0,0,PASS,PASS
理想,2,2,lǐ xiǎng,lý tưởng,lý tưởng,0,2,0,0,2,1,0,0,PASS,PASS
理由,3,2,lǐ yóu,lý do,"lý do, nguyên do",0,0,0,0,0,1,1,0,PASS,PASS
理解,3,2,lǐ jiě,hiểu,"hiểu, thấu hiểu",0,0,0,0,1,2,0,4,PASS,PASS
理论,3,2,lǐ lùn,lý thuyết,lý thuyết,0,0,0,0,0,1,0,0,PASS,PASS
瓶子,2,2,píng zi,chai,"chai, bình",0,2,0,0,2,1,0,0,PASS,PASS
生产,3,2,shēng chǎn,sản xuất,"sản xuất, làm ra hàng hóa",1,2,0,0,2,1,0,2,PASS,PASS
生动,3,2,shēng dòng,sống động,"sống động, sinh động; đầy sức sống",0,2,0,0,2,1,0,0,PASS,PASS
生命,3,2,shēng mìng,cuộc sống,"Cuộc sống, sinh mệnh; mạng sống",0,4,0,0,3,1,0,3,PASS,PASS
生存,3,2,shēng cún,sống,"tồn tại, sinh tồn",0,2,0,0,2,1,0,0,PASS,PASS
生意,2,2,shēng yi,kinh doanh,"kinh doanh, việc làm ăn",0,2,0,0,2,1,0,0,PASS,PASS
生日,1,2,shēng rì,sinh nhật,"sinh nhật, ngày sinh",0,4,2,3,8,4,0,0,PASS,PASS
生气,1,2,shēng qì,nổi giận,"tức giận, nổi giận (phổ biến); sinh khí (ít dùng)",0,3,1,1,7,3,0,1,PASS,PASS
生活,1,2,shēng huó,cuộc sống,cuộc sống,1,2,0,0,9,7,0,3,PASS,PASS
生理,3,2,shēng lǐ,sinh lý,sinh lý,0,0,0,0,0,1,0,0,PASS,PASS
生病,1,2,shēng bìng,bị ốm,"bị ốm, mắc bệnh",0,3,1,2,10,6,0,0,PASS,PASS
生词,1,2,shēng cí,từ mới,từ mới,0,0,0,0,3,2,0,0,PASS,PASS
生长,3,2,shēng zhǎng,phát triển,"sinh trưởng, phát triển; quá trình sinh sống và lớn lên của sinh vật hoặc thực vật",0,2,0,0,2,1,0,4,PASS,PASS
用功,1,2,yòng gōng,chăm chỉ,Dục công — chăm chỉ; cần cù; cố gắng học.,0,0,0,0,3,1,0,2,PASS,PASS
田径,3,2,tián jìng,điền kinh,"điền kinh (thể thao điền kinh: chạy, nhảy, ném)",0,4,3,3,4,1,0,0,PASS,PASS
田野,3,2,tián yě,cánh đồng,cánh đồng,0,2,0,0,4,1,0,0,PASS,PASS
由于,3,2,yóu yú,bởi vì,bởi vì; do đó; bởi,0,2,0,0,2,1,0,1,PASS,PASS
电台,3,2,diàn tái,đài phát thanh,đài phát thanh,0,0,0,0,0,1,0,0,PASS,PASS
电影,1,2,diàn yǐng,phim,"phim, phim ảnh (chương trình điện ảnh)",1,4,3,6,20,10,0,1,PASS,PASS
电梯,3,2,diàn tī,thang máy,thê - thang máy,0,3,1,2,3,2,0,0,PASS,PASS
电脑,1,2,diàn nǎo,máy tính,máy tính (điện não),0,4,1,1,11,7,0,1,PASS,PASS
电视,1,2,diàn shì,TV,"TV, truyền hình (chương trình hoặc thiết bị)",3,4,2,4,8,6,0,1,PASS,PASS
电话,1,2,diàn huà,điện thoại,điện thoại,1,3,3,6,13,9,0,0,PASS,PASS
男人,1,2,nán rén,đàn ông,"đàn ông, người nam",0,3,1,1,4,1,0,0,PASS,PASS
男子,3,2,nán zi,người đàn ông,"Người đàn ông, nam giới",0,4,0,0,3,1,0,0,PASS,PASS
男生,1,2,nán shēng,nam sinh,học sinh nam,0,1,1,1,5,2,0,0,PASS,PASS
画儿,2,2,huàr ,bức tranh,"bức tranh, bức vẽ",0,0,0,0,3,2,1,1,PASS,PASS
画家,2,2,huà jiā,họa sĩ,họa sĩ,0,1,0,0,2,2,0,0,PASS,PASS
画笔,2,2,huà bǐ,Cọ vẽ,"Cọ vẽ, bút vẽ",0,0,0,0,3,2,0,0,PASS,PASS
留下,2,2,liú xià,để lại,để lại; ở lại,0,1,1,2,2,1,0,0,PASS,PASS
留学,3,2,liú xué,du học,du học,1,2,1,1,2,1,0,0,PASS,PASS
留念,2,2,liú niàn,giữ làm kỷ niệm,lưu niệm — giữ lại làm kỷ niệm; lưu lại để nhớ,0,3,1,1,4,1,0,0,PASS,PASS
疯狂,3,2,fēng kuáng,điên rồ,"điên rồ, điên cuồng, cuồng nhiệt",0,0,0,0,4,2,0,0,PASS,PASS
病人,1,2,bìng rén,bệnh nhân,"bệnh nhân, người bệnh",0,3,0,0,4,1,0,0,PASS,PASS
痛快,2,2,tòng kuai,vui sướng,thống + khoái (vui sướng),0,0,0,0,3,1,0,0,PASS,PASS
痛苦,3,2,tòng kǔ,đau khổ,đau đớn,0,3,0,0,2,1,0,0,PASS,PASS
白天,1,2,bái tiān,ban ngày,ban ngày; ngày,0,3,3,5,5,1,0,0,PASS,PASS
白糖,2,2,bái táng,đường trắng,đường trắng,0,0,0,0,2,1,0,0,PASS,PASS
白色,2,2,bái sè,màu trắng,màu trắng,0,2,0,0,3,2,0,0,PASS,PASS
白菜,3,2,bái cài,cải thảo,"Cải thảo, cải bắp",0,3,2,2,3,1,0,0,PASS,PASS
白酒,1,2,bái jiǔ,rượu trắng,"rượu trắng, rượu mạnh của Trung Quốc, rượu chưng cất",0,0,0,0,3,1,0,0,PASS,PASS
的确,3,2,dí què,thật vậy,thật vậy,0,1,1,3,3,2,0,0,PASS,PASS
的话,1,2,de huà,nếu,nếu,0,1,1,3,7,8,0,2,PASS,PASS
皮包,3,2,pí bāo,túi xách da,túi xách da; ví da,0,2,0,0,2,1,0,0,PASS,PASS
皮鞋,3,2,pí xié,giày da,giày da,0,2,0,0,4,1,0,0,PASS,PASS
皱纹,2,2,zhòu wén,nếp nhăn,"Trứu văn (trứu-văn): nếp nhăn trên da người, thường ở mặt và tay; biểu tượng của tuổi tác.",0,2,1,1,4,1,0,0,PASS,PASS
盘子,3,2,pán zi,đĩa,"đĩa, mâm",0,0,0,0,1,1,0,0,PASS,PASS
盘问,3,2,pán wèn,Tra hỏi,"Tra hỏi, thẩm vấn, gặng hỏi",0,0,0,0,2,1,0,0,PASS,PASS
目前,3,2,mù qián,hiện tại,"Hiện tại, bây giờ",0,2,2,2,4,2,0,0,PASS,PASS
目标,3,2,mù biāo,mục tiêu,"mục tiêu, đích đến",0,2,0,0,3,3,0,0,PASS,PASS
目的,2,2,mù dì,mục đích,mục đích,1,2,1,1,3,1,0,0,PASS,PASS
直到,3,2,zhí dào,đến,cho đến khi; mãi cho đến,0,2,0,0,1,1,0,2,PASS,PASS
直接,2,2,zhí jiē,trực tiếp,trực tiếp,0,3,1,1,3,1,0,0,PASS,PASS
直播,3,2,zhí bō,phát sóng trực tiếp,phát sóng trực tiếp,0,2,0,0,1,1,0,0,PASS,PASS
相互,3,2,xiāng hù,lẫn nhau,"Lẫn nhau, qua lại",0,4,1,1,3,1,0,1,PASS,PASS
相似,3,2,xiāng sì,tương tự,"tương tự, giống nhau",0,1,0,0,1,1,0,2,PASS,PASS
相信,2,2,xiāng xìn,tin tưởng,tin tưởng,0,1,0,0,5,4,0,1,PASS,PASS
相关,3,2,xiāng guān,liên quan,"liên quan, có mối liên hệ",0,1,0,0,0,1,0,0,PASS,PASS
相反,3,2,xiāng fǎn,ngược lại,ngược lại,0,3,3,5,4,1,0,0,PASS,PASS
相同,2,2,xiāng tóng,giống hệt,giống nhau,0,2,0,0,2,1,0,0,PASS,PASS
相处,2,2,xiāng chǔ,hoà thuận,hoà thuận,0,1,1,2,2,1,0,0,PASS,PASS
相当,3,2,xiāng dāng,khá,"xứng đáng, tương xứng; khá, lắm; tương đương với",0,2,0,0,2,1,0,1,PASS,PASS
相机,2,2,xiàng jī,máy ảnh,máy ảnh,1,0,0,0,2,1,0,1,PASS,PASS
相比,3,2,xiāng bǐ,so sánh,"so sánh; so với, đối với",0,2,0,0,3,3,0,1,PASS,PASS
相片,2,2,xiàng piàn,ảnh,ảnh,0,1,1,2,2,1,0,0,PASS,PASS
相遇,2,2,xiāng yù,gặp nhau,"gặp nhau, chạm trán; đối diện",0,3,1,1,5,1,0,0,PASS,PASS
看到,1,2,kàn dào,nhìn thấy,"nhìn thấy, nhìn được",0,0,0,0,6,3,0,0,PASS,PASS
看来,2,2,kàn lái,dường như,"dường như, có vẻ, trông có vẻ",0,1,0,0,7,4,0,2,PASS,PASS
看法,2,2,kàn fǎ,quan điểm,"quan điểm, cách nhìn",0,3,0,0,5,3,0,2,PASS,PASS
看病,1,2,kàn bìng,đi khám bác sĩ,"khám bệnh, đi khám bác sĩ (cho bệnh nhân)",0,3,1,1,5,1,0,0,PASS,PASS
看见,1,2,kàn jiàn,thấy,"thấy, trông thấy",0,1,0,0,4,2,0,0,PASS,PASS
看重,2,2,kàn zhòng,xem trọng,"Khán trọng — coi trọng, xem ai/cái gì là quan trọng, đánh giá cao. Thường dùng để chỉ sự tôn trọng hoặc đặt kỳ vọng vào người khác.",0,4,1,1,4,1,0,0,PASS,PASS
真实,3,2,zhēn shí,thật,"thật, thực tế",0,2,1,1,3,2,1,1,PASS,PASS
真正,2,2,zhēn zhèng,thực sự,"thực sự, đích thực",0,3,1,1,3,3,0,2,PASS,PASS
真的,1,2,zhēn de,thật,"thật, thật sự",0,0,0,0,5,3,0,1,PASS,PASS
眼前,3,2,yǎn qián,trước mắt,"ngay trước mắt, tại chỗ; sắp xảy ra, gần đến",0,2,0,0,3,2,0,0,PASS,PASS
眼圈,2,2,yǎn quān,Vòng mắt,"Vòng mắt, vành mắt",0,0,0,0,2,1,0,0,PASS,PASS
眼泪,2,2,yǎn lèi,nước mắt,nước mắt,0,0,0,0,0,1,0,0,PASS,PASS
眼睛,1,2,yǎn jing,mắt,mắt,0,2,0,0,3,3,0,0,PASS,PASS
眼镜,3,2,yǎn jìng,kính mắt,kính (mắt),0,0,0,0,1,2,0,0,PASS,PASS
着急,1,2,zháo jí,lo lắng,"lo lắng, sốt ruột, nôn nóng",0,0,0,0,4,2,0,2,PASS,PASS
睡着,3,2,shuì zháo,ngủ thiếp đi,"ngủ rồi, đã ngủ",0,0,0,0,3,1,0,0,PASS,PASS
睡觉,1,2,shuì jiào,đi ngủ,"đi ngủ, ngủ",0,4,3,5,12,9,0,0,PASS,PASS
瞎子,3,2,xiā zi,Người mù,Người mù,0,0,0,0,2,1,0,0,PASS,PASS
瞬间,3,2,shùn jiān,khoảnh khắc,"Thuấn gian — khoảnh khắc chớp mắt, một tích tắc cực ngắn. Dùng để nhấn mạnh tốc độ và sự thoáng qua.",0,4,0,0,4,1,0,1,PASS,PASS
知识,1,2,zhī shi,kiến thức,kiến thức,1,2,0,0,4,2,0,1,PASS,PASS
知道,1,2,zhī dào,biết,biết,0,3,3,7,10,10,0,1,PASS,PASS
短信,2,2,duǎn xìn,tin nhắn SMS,tin nhắn,0,2,0,0,3,1,0,0,PASS,PASS
短处,3,2,duǎn chu,thiếu sót,"nhược điểm, điểm yếu",0,2,0,0,2,1,0,0,PASS,PASS
短期,3,2,duǎn qī,ngắn hạn,Ngắn hạn,0,1,0,0,3,1,0,0,PASS,PASS
短裤,3,2,duǎn kù,quần short,quần đùi; quần short,0,2,0,0,3,2,0,0,PASS,PASS
石头,3,2,shí tou,đá,đá,0,2,1,1,2,1,0,0,PASS,PASS
石油,3,2,shí yóu,dầu,"dầu mỏ, dầu khoáng",0,2,0,0,2,1,0,0,PASS,PASS
研究,2,2,yán jiū,nghiên cứu,nghiên cứu,1,0,0,0,3,1,0,0,PASS,PASS
破坏,3,2,pò huài,phá hủy,phá hoại,0,1,0,0,0,1,0,0,PASS,PASS
破除,3,2,pò chú,phá bỏ,"Phá trừ — phá bỏ hoàn toàn, loại trừ triệt để (mê tín, hủ tục, rào cản). Nhấn mạnh việc xóa bỏ cái cũ lỗi thời hoặc tiêu cực.",0,4,1,1,4,1,0,0,PASS,PASS
硬座,1,2,yìng zuò,Ghế cứng (trên tàu,"Ghế cứng (trên tàu, xe)",0,0,0,0,2,1,0,0,PASS,PASS
确保,3,2,què bǎo,đảm bảo,"Đảm bảo, cam kết",0,1,0,0,3,1,0,0,PASS,PASS
确定,3,2,què dìng,xác định,"Xác định, chắc chắn; quyết định",0,2,0,0,3,1,0,0,PASS,PASS
确实,1,2,què shí,thực sự,"thực sự, quả thực, chính xác",0,1,1,1,2,2,0,2,PASS,PASS
碰到,2,2,pèng dào,va phải,vấp phải; gặp,0,1,1,3,3,2,0,0,PASS,PASS
碰见,2,2,pèng jiàn,gặp bất ngờ,gặp bất ngờ,0,2,0,0,2,1,0,0,PASS,PASS
碱性,3,2,jiǎn xìng,tính kiềm,"tính kiềm, có tính kiềm",0,0,0,0,2,1,0,0,PASS,PASS
礁石,3,2,jiāo shí,đá ngầm,"đá ngầm, rạn san hô",0,0,0,0,4,1,0,0,PASS,PASS
礼仪,3,2,lǐ yí,nghi lễ,nghi lễ,0,0,0,0,0,1,0,0,PASS,PASS
礼物,1,2,lǐ wù,quà tặng,quà tặng,0,2,1,1,5,3,0,0,PASS,PASS
社交,3,2,shè jiāo,giao tiếp xã hội,"giao tiếp xã hội, xã giao",0,0,0,0,1,1,0,0,PASS,PASS
社会,2,2,shè huì,xã hội,xã hội,0,2,1,1,2,2,0,0,PASS,PASS
祈求,3,2,qí qiú,Cầu xin,"Cầu xin, cầu khẩn",0,0,0,0,2,1,0,0,PASS,PASS
祈祷,3,2,qí dǎo,cầu nguyện,"cầu nguyện, khấn nguyện",0,3,1,1,3,1,0,0,PASS,PASS
祖国,2,2,zǔ guó,tổ quốc,tổ quốc,0,2,0,0,4,1,0,0,PASS,PASS
祝贺,2,2,zhù hè,chúc mừng,"chúc mừng, chúc tụng",0,0,0,0,3,1,0,0,PASS,PASS
神情,3,2,shén qíng,vẻ mặt,"vẻ mặt, thần sắc; biểu cảm trên khuôn mặt",0,0,0,0,4,1,0,0,PASS,PASS
票价,3,2,piào jià,giá vé,giá vé,0,1,0,0,2,1,0,0,PASS,PASS
祭祀,3,2,jì sì,tế lễ,"tế lễ, cúng bái",0,2,2,2,3,1,0,0,PASS,PASS
离婚,3,2,lí hūn,ly hôn,Ly hôn,0,1,1,1,3,1,0,0,PASS,PASS
离开,2,2,lí kāi,rời khỏi,rời khỏi,0,3,1,2,5,4,0,0,PASS,PASS
秋天,1,2,qiū tiān,mùa thu,thu thiên,0,1,0,0,3,1,0,0,PASS,PASS
种子,3,2,zhǒng zi,hạt giống,Hạt giống,0,0,0,0,3,1,0,0,PASS,PASS
种类,2,2,zhǒng lèi,loại,"loại, chủng loại",0,0,0,0,3,1,0,0,PASS,PASS
科学,2,2,kē xué,khoa học,khoa học,0,2,0,0,2,1,0,0,PASS,PASS
科技,3,2,kē jì,khoa học và công nghệ,khoa học và công nghệ,1,2,0,0,2,1,0,0,PASS,PASS
秘书,3,2,mì shū,thư ký,"thư ký, người phụ trợ",0,0,0,0,3,1,0,0,PASS,PASS
秩序,3,2,zhì xù,trật tự,trật tự,0,2,0,0,4,1,0,1,PASS,PASS
积极,2,2,jī jí,tích cực,"tích cực, chủ động; hăng hái",0,2,1,1,2,1,0,0,PASS,PASS
称为,3,2,chēng wéi,được gọi là,"được gọi là, được coi là",0,1,1,1,2,1,0,0,PASS,PASS
移植,3,2,yí zhí,cấy ghép,"cấy ghép, di chuyển",0,4,3,3,4,1,0,0,PASS,PASS
稀饭,2,2,xī fàn,Cháo loãng,Cháo loãng,0,0,0,0,2,1,0,0,PASS,PASS
程度,2,2,chéng dù,mức độ,mức độ; trình độ,0,2,0,0,1,1,0,1,PASS,PASS
稍等,2,2,shāo děng,Đợi chút,"Đợi chút, chờ một lát",0,0,0,0,2,1,0,0,PASS,PASS
空儿,1,2,kòngr ,thời gian rảnh,"thời gian rảnh, lúc rảnh",0,0,0,0,2,1,1,0,PASS,PASS
空前,3,2,kōng qián,chưa từng có,"chưa từng có, vượt mức",1,0,0,0,1,1,0,0,PASS,PASS
空气,1,2,kōng qì,không khí,không khí,0,1,1,1,2,1,0,1,PASS,PASS
空洞,3,2,kōng dòng,trống rỗng,"Không động (không-động): trống rỗng, thiếu nội dung thực chất; hoặc hang rỗng, lỗ hổng trong vật thể.",0,3,1,1,4,1,0,0,PASS,PASS
空调,1,2,kōng tiáo,máy điều hòa,máy điều hòa không khí; điều chỉnh nhiệt độ,0,2,1,1,2,1,0,0,PASS,PASS
空难,3,2,kōng nàn,tai nạn hàng không,tai nạn máy bay; thảm họa hàng không,0,4,2,2,4,1,0,0,PASS,PASS
穿过,2,2,chuān guò,xuyên qua,"Xuyên quá — đi xuyên qua, vượt qua từ bên này sang bên kia.",0,4,1,1,5,2,0,0,PASS,PASS
突出,3,2,tū chū,nổi bật,"nổi bật, nổi trội",0,2,0,0,2,1,0,0,PASS,PASS
突然,2,2,tū rán,đột nhiên,Đột nhiên,0,0,0,0,5,3,0,1,PASS,PASS
窗户,2,2,chuāng hu,cửa sổ,cửa sổ,0,2,0,0,3,2,0,0,PASS,PASS
立刻,2,2,lì kè,ngay lập tức,Ngay lập tức,0,0,0,0,5,4,0,2,PASS,PASS
站住,2,2,zhàn zhu,dừng lại,dừng lại,0,2,0,0,2,1,0,1,PASS,PASS
竟然,2,2,jìng rán,không ngờ,không ngờ,0,1,1,3,4,2,0,0,PASS,PASS
童年,3,2,tóng nián,thời thơ ấu,thời thơ ấu,0,1,1,2,2,1,0,0,PASS,PASS
端倪,3,2,duān ní,Manh mối,"Manh mối, dấu hiệu, khởi đầu",0,0,0,0,2,1,0,0,PASS,PASS
竹子,2,2,zhú zi,tre,"cây tre, trúc",0,1,1,3,3,1,0,0,PASS,PASS
笑话,2,2,xiào hua,trò cười,"trò cười, truyện cười",1,3,1,1,3,1,0,0,PASS,PASS
笔记,2,2,bǐ jì,ghi chép,ghi chép,1,1,1,3,3,2,0,0,PASS,PASS
符合,3,2,fú hé,phù hợp,"phù hợp, đúng với",0,0,0,0,0,1,0,3,PASS,PASS
第一,2,2,dì yī,đầu tiên,đầu tiên; thứ nhất,0,2,1,1,10,8,0,0,PASS,PASS
等于,2,2,děng yú,bằng,bằng,0,1,1,2,2,1,0,0,PASS,PASS
等到,2,2,děng dào,chờ cho đến,đẳng đáo,0,2,0,0,2,1,0,0,PASS,PASS
等待,3,2,děng dài,chờ đợi,chờ đợi,0,2,0,0,1,1,0,0,PASS,PASS
答应,2,2,dā ying,trả lời,đồng ý,0,2,0,0,2,2,0,1,PASS,PASS
筷子,2,2,kuài zi,đũa,đũa,0,2,0,0,2,1,0,0,PASS,PASS
简化,3,2,jiǎn huà,đơn giản hóa,"đơn giản hóa, giản lược; làm cho trở nên đơn giản, bớt phức tạp hơn",1,3,0,0,4,1,0,0,PASS,PASS
简单,1,2,jiǎn dān,đơn giản,"đơn giản, giản dị; dễ dàng",0,2,1,2,2,3,0,1,PASS,PASS
简直,3,2,jiǎn zhí,đơn giản là,"giản trọc (thực sự,简直 không thể tin được)",0,3,1,1,4,2,0,0,PASS,PASS
算了,2,2,suàn le,bỏ qua,bỏ qua,0,1,1,1,3,1,0,2,PASS,PASS
算盘,3,2,suàn pán,bàn tính,bàn tính,0,0,0,0,0,1,0,0,PASS,PASS
管理,3,2,guǎn lǐ,quản lý,"quản lý; điều hành, giám sát và chịu trách nhiệm về một tổ chức, dự án hoặc nhóm người",0,2,0,0,2,1,0,1,PASS,PASS
箱子,2,2,xiāng zi,hộp,"Hộp, vali. 箱 (ương) = cái rương/hộp + 子 (tử) = hậu tố. Vật đựng đồ có nắp.",0,1,1,2,2,2,0,0,PASS,PASS
篮球,2,2,lán qiú,bóng rổ,bóng rổ,1,2,1,3,9,7,0,0,PASS,PASS
簇拥,3,2,cù yōng,đám đông xung quanh,"vây quanh, xúm lại",0,4,3,3,4,1,0,0,PASS,PASS
米饭,1,2,mǐ fàn,cơm,cơm (gạo),0,3,3,7,7,4,0,0,PASS,PASS
类似,3,2,lèi sì,tương tự,"tương tự, giống nhau; gần giống",0,2,0,0,2,1,0,2,PASS,PASS
粉色,2,2,fěn sè,màu hồng,"Phấn sắc (phấn-sắc): màu hồng, màu phấn — sắc hồng nhạt như bột phấn; thường gắn với sự nữ tính và dịu dàng.",0,3,0,0,4,1,0,0,PASS,PASS
精彩,2,2,jīng cǎi,tuyệt vời,"tuyệt vời, xuất sắc; rực rỡ",0,2,1,1,2,1,0,2,PASS,PASS
精神,2,2,jīng shén,tinh thần,tinh thần,0,2,1,1,3,2,0,0,PASS,PASS
糊涂,2,2,hú tu,ngu ngốc,ngu ngốc,0,2,0,0,4,1,0,0,PASS,PASS
糟糕,1,2,zāo gāo,quá tệ,"tệ quá, thật xui, hỏng rồi — thán từ/tính từ biểu thị sự bực bội, hối tiếc khi gặp chuyện xấu; tương đương 'ôi thôi', 'chết rồi' trong tiếng Việt.",0,4,1,1,4,1,0,0,PASS,PASS
紧张,1,2,jǐn zhāng,căng thẳng,căng thẳng,0,2,0,0,5,4,0,0,PASS,PASS
纠纷,3,2,jiū fēn,tranh chấp,tranh chấp,0,1,1,1,3,1,0,0,PASS,PASS
红火,3,2,hóng huo,sôi động,"sôi nổi, phồn vinh, đang phát triển tốt",0,2,0,0,3,1,0,0,PASS,PASS
红色,2,2,hóng sè,màu đỏ,màu đỏ,0,2,0,0,4,3,0,0,PASS,PASS
红茶,3,2,hóng chá,trà đỏ (phân loại theo Trung Quốc),"Trà đỏ, trà hồng trà",0,2,1,1,3,1,0,0,PASS,PASS
红酒,3,2,hóng jiǔ,rượu vang đỏ,Rượu vang đỏ,0,2,0,0,3,1,0,0,PASS,PASS
纪录,3,2,jì lù,kỷ lục,kỷ lục,0,2,1,1,3,3,1,0,PASS,PASS
纪念,3,2,jì niàn,kỷ niệm,Kỷ niệm,0,0,0,0,3,1,0,1,PASS,PASS
练习,2,2,liàn xí,luyện tập,luyện tập,0,3,0,0,4,3,0,0,PASS,PASS
组合,3,2,zǔ hé,kết hợp,"kết hợp, tổ hợp",0,2,0,0,2,1,0,1,PASS,PASS
组成,2,2,zǔ chéng,cấu thành,cấu thành; tạo thành,0,1,0,0,0,1,0,0,PASS,PASS
组织,2,2,zǔ zhī,tổ chức,tổ chức,0,0,0,0,0,0,0,2,PARTIAL,BLOCKED-NO-SUPPORTING-EVIDENCE
组长,2,2,zǔ zhǎng,nhóm trưởng,nhóm trưởng,0,2,1,1,3,1,0,0,PASS,PASS
细微,3,2,xì wēi,tí hon,"nhỏ, tinh tế, tỉ mỉ",0,0,0,0,1,1,0,0,PASS,PASS
细腻,3,2,xì nì,mịn màng,"Tế nhị — mịn màng, tinh tế; dùng để tả cảm xúc, văn phong, da dẻ hay đồ vật có kết cấu mịn và sâu sắc.",0,4,2,2,4,1,0,0,PASS,PASS
终于,1,2,zhōng yú,cuối cùng,"Cuối cùng, rốt cuộc",0,2,0,0,6,6,0,2,PASS,PASS
经典,3,2,jīng diǎn,kinh điển,"kinh điển; mẫu mực, tiêu biểu; tác phẩm xuất sắc",0,2,0,0,2,1,1,0,PASS,PASS
经历,2,2,jīng lì,trải nghiệm,"trải nghiệm, kinh nghiệm",0,2,0,0,0,1,0,1,PASS,PASS
经常,2,2,jīng cháng,thường xuyên,thường xuyên,0,3,1,1,4,2,0,3,PASS,PASS
经济,2,2,jīng jì,kinh tế,"kinh tế; điều kiện tài chính, tình hình tiền bạc",0,2,0,0,4,3,0,0,PASS,PASS
经理,2,2,jīng lǐ,giám đốc,giám đốc,1,1,0,0,5,4,0,0,PASS,PASS
经营,3,2,jīng yíng,quản lý,"quản lý, kinh doanh, điều hành công việc buôn bán",0,2,0,0,1,1,0,1,PASS,PASS
经过,2,2,jīng guò,đi qua,đi qua,0,2,0,0,5,4,0,1,PASS,PASS
经验,2,2,jīng yàn,kinh nghiệm,kinh nghiệm,0,2,0,0,2,2,0,0,PASS,PASS
结合,3,2,jié hé,kết hợp,kết hợp,0,1,0,0,1,1,0,1,PASS,PASS
结婚,3,2,jié hūn,kết hôn,"Kết hôn, lấy vợ/chồng",0,3,0,0,4,2,0,0,PASS,PASS
结实,3,2,jiē shi,bền,Bền chắc,0,0,0,0,3,1,0,0,PASS,PASS
结束,2,2,jié shù,kết thúc,kết thúc,0,2,0,0,2,1,0,0,PASS,PASS
结果,2,2,jié guǒ,kết quả,kết quả,0,2,0,0,2,1,0,0,PASS,PASS
结论,2,2,jié lùn,kết luận,kết luận,0,0,0,0,0,1,0,0,PASS,PASS
绝对,3,2,jué duì,tuyệt đối,"tuyệt đối, hoàn toàn",0,0,0,0,0,1,0,0,PASS,PASS
继续,1,2,jì xù,tiếp tục,tiếp tục,0,2,0,0,2,1,0,3,PASS,PASS
绿色,2,2,lǜ sè,màu xanh lá cây,màu xanh lá,0,3,0,0,4,2,0,0,PASS,PASS
绿茶,3,2,lǜ chá,trà xanh,Trà xanh,0,0,0,0,3,1,0,0,PASS,PASS
缺乏,3,2,quē fá,thiếu,thiếu,0,3,2,2,3,2,0,1,PASS,PASS
缺少,3,2,quē shǎo,thiếu,thiếu; thiếu hụt,0,2,0,0,3,2,0,1,PASS,PASS
缺席,3,2,quē xí,vắng mặt,"khuyết tịch — vắng mặt tại một sự kiện, buổi họp, phiên tòa mà đáng lẽ phải có mặt",0,3,2,2,4,1,0,0,PASS,PASS
缺点,3,2,quē diǎn,khuyết điểm,khuyết điểm; điểm yếu; nhược điểm,0,2,0,0,2,1,0,1,PASS,PASS
缺课,2,2,quē kè,Bỏ học,"Bỏ học, nghỉ học, vắng mặt trong giờ học.",0,0,0,0,2,1,0,0,PASS,PASS
网上,1,2,wǎng shàng,trực tuyến,"trên mạng, trực tuyến (trên Internet)",0,4,1,1,5,2,0,0,PASS,PASS
网友,1,2,wǎng yǒu,bạn bè trên Internet,"bạn trên mạng, bạn online",0,3,1,1,4,1,0,0,PASS,PASS
网球,2,2,wǎng qiú,quần vợt,quần vợt,0,2,2,2,3,1,0,0,PASS,PASS
网站,2,2,wǎng zhàn,trang web,trang web,0,1,0,0,2,1,0,0,PASS,PASS
网络,3,2,wǎng luò,mạng,"võng lạc (mạng lưới, mạng Internet)",0,2,0,0,1,1,0,0,PASS,PASS
罗马,2,2,Luó mǎ,Roma (thủ đô của Ý),Roma (thủ đô của Ý).,0,0,0,0,2,1,0,0,PASS,PASS
羊排,2,2,yáng pái,Sườn cừu,Sườn cừu,0,0,0,0,2,1,0,0,PASS,PASS
羊肉,2,2,yáng ròu,thịt cừu,thịt cừu,0,2,1,2,3,2,0,0,PASS,PASS
美丽,2,2,měi lì,đẹp,"đẹp, xinh đẹp; lộng lẫy",0,1,0,0,3,3,0,2,PASS,PASS
美元,3,2,měi yuán,Đô la Mỹ,"đô la Mỹ, USD",0,1,0,0,1,1,0,0,PASS,PASS
美好,3,2,měi hǎo,tốt đẹp,"tốt đẹp, tuyệt vời; tươi sáng",0,2,0,0,2,1,0,0,PASS,PASS
美术,2,2,měi shù,nghệ thuật,"mỹ thuật; nghệ thuật tạo hình như hội họa, điêu khắc, kiến trúc, thiết kế",1,2,1,1,2,1,0,1,PASS,PASS
美食,3,2,měi shí,ẩm thực ngon,"Đặc sản, món ngon, ẩm thực",0,2,0,0,3,1,0,0,PASS,PASS
羡慕,2,2,xiàn mù,ngưỡng mộ,"ngưỡng mộ, ghê tị, thèm muốn",0,2,0,0,3,1,0,1,PASS,PASS
翻译,1,2,fān yì,dịch giả,"phiên dịch, dịch thuật",0,2,0,0,2,1,0,0,PASS,PASS
老人,1,2,lǎo rén,người già,"người già, người lớn tuổi",0,2,1,1,4,1,0,0,PASS,PASS
老婆,2,2,lǎo po,vợ,lão + bà (vợ),0,0,0,0,3,1,0,1,PASS,PASS
老家,2,2,lǎo jiā,quê hương,"Quê hương, nơi gốc. 老 (lão) = già/cũ + 家 (gia) = nhà. Nơi sinh ra và lớn lên.",0,1,1,1,1,1,0,2,PASS,PASS
老师,1,2,lǎo shī,giáo viên,giáo viên,0,2,1,1,20,10,0,1,PASS,PASS
老年,2,2,lǎo nián,tuổi già,tuổi già,0,2,1,1,3,1,0,0,PASS,PASS
老是,2,2,lǎo shì,luôn luôn,lão thị,0,2,0,0,2,1,0,3,PASS,PASS
老板,3,2,lǎo bǎn,ông chủ,"ông chủ, người chủ",0,2,0,0,2,1,0,1,PASS,PASS
老虎,3,2,lǎohǔ,con hổ,"con hổ, hổ",0,0,0,0,3,1,0,0,PASS,PASS
考上,1,2,kǎo shàng,Thi đỗ,"Thi đỗ, đậu (kỳ thi)",0,0,0,0,2,1,0,0,PASS,PASS
考生,2,2,kǎo shēng,thí sinh,thí sinh,0,0,0,0,2,1,0,0,PASS,PASS
考虑,1,2,kǎo lǜ,xem xét,"cân nhắc, suy nghĩ, xem xét",0,2,1,1,3,2,0,0,PASS,PASS
考试,1,2,kǎo shì,thi,"thi, kỳ thi",0,3,3,6,7,4,0,0,PASS,PASS
考验,3,2,kǎo yàn,thử nghiệm,thử thách,0,1,0,0,2,1,0,1,PASS,PASS
而且,2,2,ér qiě,ngoài ra,nhị thả,0,2,0,0,5,4,0,2,PASS,PASS
耐心,2,2,nài xīn,kiên nhẫn,"kiên nhẫn, sự kiên nhẫn; nhẫn nại",0,0,0,0,3,1,0,0,PASS,PASS
耳朵,1,2,ěr duo,tai,tai (cơ quan thính giác); quai (cái quai cầm),0,2,0,0,5,2,0,0,PASS,PASS
耳机,3,2,ěr jī,tai nghe,tai nghe,0,2,0,0,2,1,0,0,PASS,PASS
职业,3,2,zhí yè,nghề nghiệp,"Nghề nghiệp, công việc chuyên môn",0,2,0,0,3,1,0,0,PASS,PASS
职工,3,2,zhí gōng,nhân viên và công nhân,"nhân viên, công nhân",0,2,0,0,2,1,0,0,PASS,PASS
联欢,1,2,lián huān,tổ chức cuộc gặp thân mật,"liên hoan, gặp gỡ vui vẻ chung vui (thường là sự kiện tập thể)",1,3,2,3,4,1,0,0,PASS,PASS
联系,2,2,lián xì,liên lạc,"Liên lạc, liên hệ",0,2,0,0,3,2,0,2,PASS,PASS
聚会,1,2,jù huì,tụ họp,tụ họp; bữa tiệc,0,1,1,2,2,1,0,0,PASS,PASS
聚餐,2,2,jù cān,Ăn liên hoan,"Ăn liên hoan, tụ tập ăn uống, bữa ăn tập thể.",0,0,0,0,2,1,0,0,PASS,PASS
聪明,3,2,cōng ming,thông minh,"Thông minh - có trí tuệ tốt, hiểu nhanh, học giỏi.",0,3,0,0,4,2,0,0,PASS,PASS
肌肉,3,2,jī ròu,cơ bắp,cơ bắp,0,0,0,0,0,0,0,0,PARTIAL,BLOCKED-NO-SUPPORTING-EVIDENCE
肚子,2,2,dù zi,bụng,bụng,0,2,0,0,2,1,0,0,PASS,PASS
肠道,3,2,cháng dào,Đường ruột,Đường ruột,0,0,0,0,2,1,0,0,PASS,PASS
背后,3,2,bèi hòu,ở phía sau,"Phía sau, sau lưng; (nghĩa bóng) bí mật",0,4,1,1,3,1,0,0,PASS,PASS
背景,3,2,bèi jǐng,nền,"bối cảnh, hoàn cảnh; nền (ảnh, vẽ)",0,2,0,0,2,1,0,0,PASS,PASS
胜利,2,2,shèng lì,chiến thắng,"chiến thắng, thắng lợi",0,2,0,0,1,1,0,0,PASS,PASS
能力,2,2,néng lì,khả năng,khả năng; năng lực; tài năng,0,2,0,0,2,1,0,3,PASS,PASS
能够,2,2,néng gòu,có thể,có thể,0,2,0,0,2,1,0,2,PASS,PASS
脂肪,3,2,zhī fáng,chất béo,chi phương (chất béo — thuật ngữ y học và dinh dưỡng); bao gồm cả mỡ động vật và dầu thực vật,0,3,1,1,4,1,0,0,PASS,PASS
脸色,1,2,liǎn sè,sắc mặt,"màu mặt; sắc diện; vẻ mặt, biểu hiện cảm xúc trên gương mặt",0,0,0,0,3,1,0,0,PASS,PASS
自主,3,2,zì zhǔ,tự hành,"t chủ động, tự quyết định; độc lập",0,1,0,0,0,1,0,0,PASS,PASS
自从,3,2,zì cóng,từ,từ lúc; kể từ,0,2,0,0,3,2,0,0,PASS,PASS
自动,3,2,zì dòng,tự động,tự động; hoạt động một mình không cần người tác động,0,2,0,0,2,1,0,0,PASS,PASS
自己,1,2,zì jǐ,bản thân,bản thân,0,2,2,2,12,10,0,1,PASS,PASS
自然,3,2,zì rán,tự nhiên,tự nhiên; đương nhiên,1,2,0,0,2,1,0,0,PASS,PASS
自豪,3,2,zì háo,tự hào,tự hào,0,2,0,0,4,1,0,1,PASS,PASS
自身,3,2,zì shēn,bản thân,"bản thân, chính mình",0,1,0,0,2,1,0,1,PASS,PASS
至今,3,2,zhì jīn,cho đến nay,Cho đến nay,0,0,0,0,3,1,0,0,PASS,PASS
至少,3,2,zhì shǎo,ít nhất,Ít nhất,0,0,0,0,3,1,0,0,PASS,PASS
舒服,1,2,shū fu,thoải mái,thoải mái,0,2,0,0,5,3,1,0,PASS,PASS
舞台,3,2,wǔ tái,sân khấu,Sân khấu,0,2,1,1,2,1,0,0,PASS,PASS
舞蹈,3,2,wǔ dǎo,nhảy múa,"nhảy múa; điệu múa, vũ điệu (vũ đạo)",0,3,2,2,4,1,0,1,PASS,PASS
航班,2,2,háng bān,chuyến bay,"chuyến bay, chuyến bay định kỳ",0,3,0,0,3,1,0,0,PASS,PASS
色彩,3,2,sè cǎi,màu sắc,màu sắc,0,0,0,0,2,1,0,1,PASS,PASS
艺术,2,2,yì shù,nghệ thuật,Nghệ thuật,0,2,1,1,2,1,0,1,PASS,PASS
节奏,3,2,jié zòu,nhịp điệu,Tiết tấu — nhịp điệu; nhịp; tiết tấu.,0,0,0,0,3,1,0,0,PASS,PASS
节日,2,2,jié rì,lễ hội,lễ hội,0,1,0,0,3,2,0,0,PASS,PASS
节目,1,2,jié mù,chương trình,chương trình,0,2,1,1,4,2,0,0,PASS,PASS
节约,3,2,jié yuē,tiết kiệm,tiết kiệm,0,2,1,1,2,1,0,0,PASS,PASS
花园,2,2,huā yuán,vườn hoa,vườn hoa,0,2,1,2,2,1,0,0,PASS,PASS
花生,3,2,huā shēng,đậu phộng,đậu phộng,0,2,0,0,4,1,0,0,PASS,PASS
苍蝇,2,2,cāng yíng,ruồi,"Con ruồi — loài côn trùng hai cánh, màu xám xanh, thường đậu vào thức ăn và mang mầm bệnh. Hán-Việt: thương dăng.",0,4,3,3,4,1,0,0,PASS,PASS
苦恼,2,2,kǔ nǎo,phiền muộn,"phiền muộn, đau khổ trong lòng",0,2,1,1,3,1,0,0,PASS,PASS
英文,1,2,Yīng wén,tiếng Anh,tiếng Anh,0,1,1,2,2,1,0,1,PASS,PASS
英语,2,2,Yīng yǔ,tiếng Anh,tiếng Anh,0,2,1,1,4,3,0,1,PASS,PASS
苹果,1,2,píng guǒ,táo,Quả táo,0,3,2,3,10,10,0,0,PASS,PASS
茂密,3,2,mào mì,dày đặc,"Mậu mật — rậm rạp, um tùm; chỉ cây cối tươi tốt che kín dày đặc không thấy ánh sáng lọt qua.",0,4,0,0,4,1,0,0,PASS,PASS
范围,3,2,fàn wéi,phạm vi,"phạm vi, giới hạn; khu vực",0,1,0,0,0,1,0,0,PASS,PASS
范畴,3,2,fàn chóu,thể loại,"Phạm trù — lĩnh vực, phạm vi thuộc về một loại nhất định; dùng trong triết học và ngôn ngữ học để chỉ nhóm khái niệm cùng loại.",0,4,2,2,4,1,0,0,PASS,PASS
茫然,3,2,máng rán,bỡ ngỡ,"bỡ ngỡ, mông lung, không biết gì",0,2,0,0,4,1,0,0,PASS,PASS
草原,2,2,cǎo yuán,thảo nguyên,"Thảo nguyên, đồng cỏ",0,0,0,0,3,2,0,0,PASS,PASS
草地,2,2,cǎo dì,bãi cỏ,bãi cỏ,0,2,0,0,2,1,0,0,PASS,PASS
荒岛,3,2,huāng dǎo,đảo hoang,đảo hoang,0,0,0,0,2,1,0,0,PASS,PASS
荔枝,3,2,lì zhī,Vải (quả vải),Vải (quả vải),0,0,0,0,2,1,0,0,PASS,PASS
荣誉,3,2,róng yù,vinh dự,vinh dự,0,2,0,0,4,1,0,0,PASS,PASS
药店,2,2,yào diàn,hiệu thuốc,hiệu thuốc,0,2,0,0,2,1,0,0,PASS,PASS
药水,2,2,yào shuǐ,thuốc nước,thuốc nước,0,2,1,1,2,1,0,0,PASS,PASS
药片,2,2,yào piàn,viên thuốc,viên thuốc,0,2,0,0,1,1,0,0,PASS,PASS
莲子,2,2,lián zǐ,hạt sen,hạt sen,0,2,1,1,3,1,0,0,PASS,PASS
菜单,2,2,cài dān,thực đơn,thực đơn,0,2,0,0,2,1,0,0,PASS,PASS
菜系,2,2,cài xì,Trường phái ẩm thực,"Trường phái ẩm thực, phong cách nấu ăn",0,0,0,0,2,1,0,0,PASS,PASS
菜肴,3,2,cài yáo,Món ăn,"Món ăn, thức ăn",0,0,0,0,2,1,0,0,PASS,PASS
菩萨,3,2,pú sà,Bồ Tát,"Bồ Tát (vị giác ngộ trong Phật giáo, từ bi hỉ xả)",0,3,3,3,4,1,0,0,PASS,PASS
营养,2,2,yíng yǎng,dinh dưỡng,Dinh dưỡng,0,3,1,1,3,1,0,0,PASS,PASS
落后,3,2,luò hòu,tụt hậu,"tụt hậu, lạc hậu; đi sau; thua kém",0,1,0,0,1,1,0,0,PASS,PASS
蓝色,2,2,lán sè,màu xanh,lam sắc,0,2,0,0,2,1,0,0,PASS,PASS
虽然,2,2,suī rán,mặc dù,mặc dù,0,1,0,0,9,7,0,0,PASS,PASS
蚊子,2,2,wén zi,muỗi,"muỗi, con muỗi",0,1,1,1,4,1,0,0,PASS,PASS
蛋糕,1,2,dàn gāo,bánh,bánh,0,2,1,1,5,4,0,0,PASS,PASS
蜡烛,2,2,là zhú,nến,nến,0,2,0,0,4,1,0,0,PASS,PASS
血液,3,2,xuè yè,máu,"máu, huyết dịch (chất lỏng lưu thông trong cơ thể)",0,3,2,2,4,1,0,0,PASS,PASS
行为,2,2,xíng wéi,hành động,"hành vi, hành động",0,0,0,0,2,1,0,1,PASS,PASS
行人,2,2,xíng rén,người đi bộ,người đi bộ,0,2,0,0,2,1,0,0,PASS,PASS
行李,1,2,xíng li,hành lý,hành lý; hành trang; đồ đạc,1,2,0,0,2,1,0,0,PASS,PASS
街道,2,2,jiē dào,đường phố,đường phố,0,2,0,0,2,1,1,0,PASS,PASS
衣服,1,2,yī fu,quần áo,quần áo,0,4,2,2,17,10,0,0,PASS,PASS
衣架,3,2,yī jià,móc treo quần áo,"móc treo quần áo, giá treo áo",0,0,0,0,0,1,0,0,PASS,PASS
补充,3,2,bǔ chōng,bổ sung,"bổ sung, bù đắp",0,1,0,0,2,1,0,0,PASS,PASS
表扬,2,2,biǎo yáng,khen ngợi,"khen ngợi, biểu dương",0,2,1,1,2,1,0,0,PASS,PASS
表明,3,2,biǎo míng,bày tỏ,bày tỏ; làm rõ; tuyên bố; cho thấy rõ,0,2,0,0,2,1,0,0,PASS,PASS
表格,3,2,biǎo gé,mẫu đơn,"bảng biểu, biểu mẫu, mẫu đơn",0,2,0,0,2,1,0,0,PASS,PASS
表演,1,2,biǎo yǎn,biểu diễn,Biểu diễn,0,2,0,0,2,1,0,2,PASS,PASS
表现,3,2,biǎo xiàn,hành vi,thể hiện; biểu hiện; thể hiện ra bên ngoài,0,2,0,0,3,2,0,0,PASS,PASS
表示,2,2,biǎo shì,biểu hiện,biểu hiện,0,3,1,1,2,1,0,0,PASS,PASS
表达,3,2,biǎo dá,biểu đạt,"biểu đạt, trình bày; làm cho ý nghĩ, tình cảm hoặc quan điểm được thể hiện ra bên ngoài bằng lời viết, lời nói hoặc hành động",0,2,0,0,2,2,0,0,PASS,PASS
表面,3,2,biǎo miàn,bề mặt,"bề mặt, mặt ngoài; bên ngoài, hời hợt",1,2,1,1,2,1,0,0,PASS,PASS
衬衣,3,2,chèn yī,áo sơ mi,áo sơ mi,0,0,0,0,0,1,0,1,PASS,PASS
衬衫,2,2,chèn shān,áo sơ mi,áo sơ mi,0,0,0,0,0,1,0,1,PASS,PASS
衰落,3,2,shuāi luò,Suy thoái,"Suy thoái, suy tàn, sa sút",0,0,0,0,2,1,0,0,PASS,PASS
被子,3,2,bèi zi,chăn bông,chăn bông; chăn,0,2,1,1,2,1,0,0,PASS,PASS
裙子,3,2,qún zi,váy,váy (váy phụ nữ),0,0,0,0,1,2,0,0,PASS,PASS
裤子,2,2,kù zi,quần,quần,0,2,0,0,4,2,0,0,PASS,PASS
褐色,2,2,hè sè,màu nâu,màu nâu,0,0,0,0,2,1,0,0,PASS,PASS
西北,2,2,xī běi,tây bắc,tây bắc,0,1,1,2,2,1,0,0,PASS,PASS
西医,2,2,xī yī,y học phương Tây,y học phương Tây,0,0,0,0,2,1,0,0,PASS,PASS
西南,2,2,xī nán,Tây Nam,Tây Nam,0,1,1,2,2,1,0,0,PASS,PASS
西安,1,2,Xī'ān,Tây An (thành phố),Tây An (thành phố),0,0,0,0,1,2,0,0,PASS,PASS
西山,2,2,Xī shān,Tây Sơn (tên địa danh),Tây Sơn (tên địa danh),0,0,0,0,2,1,0,0,PASS,PASS
西方,2,2,xī fāng,phía tây,phương Tây,0,2,1,1,1,1,0,1,PASS,PASS
西瓜,2,2,xī guā,dưa hấu,dưa hấu,0,2,1,1,3,2,0,0,PASS,PASS
西边,1,2,xī biān,phía tây,phía tây,0,1,1,3,5,1,0,1,PASS,PASS
西部,3,2,xī bù,phần phía tây,"khu vực phía tây, vùng phía tây",0,2,0,0,2,1,0,0,PASS,PASS
西餐,2,2,xī cān,ẩm thực phương Tây,tây xan,0,1,1,1,1,1,0,0,PASS,PASS
要命,3,2,yào mìng,cực kỳ,"yêu mệnh — (1) cực kỳ, ghê gớm (dùng nhấn mạnh); (2) tính mạng, nguy hiểm đến tính mạng",0,3,1,1,5,2,0,2,PASS,PASS
要是,2,2,yào shi,nếu,nếu; nếu như,0,2,0,0,2,2,1,2,PASS,PASS
要求,2,2,yāo qiú,yêu cầu,yêu cầu,0,2,0,0,5,4,0,1,PASS,PASS
见到,2,2,jiàn dào,gặp,kiến đáo,0,2,0,0,2,1,0,2,PASS,PASS
见过,2,2,jiàn guò,đã gặp,kiện quá,0,2,0,0,2,1,0,0,PASS,PASS
见闻,3,2,jiàn wén,kiến thức,"kiến văn — những điều đã thấy và nghe, kinh nghiệm thực tế thu thập được; vốn hiểu biết qua trải nghiệm",0,4,1,1,4,1,0,1,PASS,PASS
见面,1,2,jiàn miàn,gặp,"gặp mặt, gặp nhau (trực tiếp)",0,4,1,1,2,1,0,2,PASS,PASS
观众,3,2,guān zhòng,khán giả,"khán giả; người đến xem biểu diễn, trận đấu hoặc sự kiện giải trí",0,2,0,0,2,1,0,1,PASS,PASS
观察,3,2,guān chá,quan sát,quan sát,0,2,1,1,2,1,0,0,PASS,PASS
观点,2,2,guān diǎn,quan điểm,quan điểm,0,3,0,0,3,1,0,2,PASS,PASS
观看,3,2,guān kàn,xem,"xem, quan sát",0,2,0,0,2,1,0,1,PASS,PASS
规定,3,2,guī dìng,quy định,Quy định,0,0,0,0,3,1,0,0,PASS,PASS
规范,3,2,guī fàn,tiêu chuẩn,"Quy chuẩn, quy tắc; chuẩn hóa",0,2,0,0,3,1,0,1,PASS,PASS
视频,3,2,shì pín,video,"video, hình ảnh động",0,3,1,1,4,2,0,0,PASS,PASS
觉得,1,2,jué de,cảm thấy,"Cảm thấy, nghĩ, cho rằng",0,3,1,3,12,9,0,1,PASS,PASS
角度,2,2,jiǎo dù,góc độ,góc độ,0,2,0,0,3,2,0,0,PASS,PASS
解决,1,2,jiě jué,giải quyết,"giải quyết, xử lý vấn đề",0,0,0,0,5,7,0,0,PASS,PASS
解开,3,2,jiě kāi,tháo gỡ,"tháo gỡ, giải quyết",0,1,0,0,0,1,0,0,PASS,PASS
警告,3,2,jǐng gào,cảnh báo,cảnh báo,0,0,0,0,0,0,0,0,PARTIAL,BLOCKED-NO-SUPPORTING-EVIDENCE
警察,3,2,jǐng chá,cảnh sát,cảnh sát,0,2,0,0,3,2,0,0,PASS,PASS
计划,1,2,jì huà,kế hoạch,kế hoạch,0,2,1,1,6,5,0,1,PASS,PASS
计算,3,2,jì suàn,tính toán,"tính toán, tính toán số liệu",1,1,0,0,2,1,0,0,PASS,PASS
认为,2,2,rèn wéi,nghĩ rằng,"cho rằng, nhận định",0,2,0,0,5,4,0,1,PASS,PASS
认出,3,2,rèn chū,nhận ra,"nhận ra, nhận diện",0,0,0,0,0,1,0,0,PASS,PASS
认可,3,2,rèn kě,chấp thuận,"chấp thuận, công nhận",0,0,0,0,0,1,0,0,PASS,PASS
认得,3,2,rèn de,nhận biết,"Nhận biết, nhận ra",0,3,1,1,3,1,0,0,PASS,PASS
认真,1,2,rèn zhēn,chăm chỉ,"nghiêm túc, kỹ càng, có trách nhiệm",0,3,1,1,7,3,0,2,PASS,PASS
认识,1,2,rèn shi,biết,"biết, nhận ra, quen biết",0,3,2,3,11,8,0,1,PASS,PASS
讨论,2,2,tǎo lùn,thảo luận,thảo luận,0,2,0,0,2,3,0,0,PASS,PASS
训练,3,2,xùn liàn,huấn luyện,"huấn luyện, luyện tập",0,1,0,0,1,1,0,0,PASS,PASS
记住,1,2,jì zhù,nhớ kỹ,"ghi nhớ, nhớ kỹ (kết quả của hành động 记)",0,1,1,1,2,1,0,0,PASS,PASS
记录,3,2,jì lù,ghi lại,ghi lại,0,2,1,1,2,2,1,0,PASS,PASS
记得,1,2,jì de,nhớ,"nhớ, không quên",0,3,2,2,6,3,0,2,PASS,PASS
记者,3,2,jì zhě,phóng viên,"phóng viên, nhà báo",0,2,0,0,2,1,0,0,PASS,PASS
讲座,1,2,jiǎng zuò,bài giảng,"bài giảng, buổi giảng",0,0,0,0,2,1,0,0,PASS,PASS
讲话,2,2,jiǎng huà,nói chuyện,nói chuyện,0,2,0,0,2,1,0,1,PASS,PASS
许多,2,2,xǔ duō,nhiều,nhiều,0,2,0,0,2,1,0,0,PASS,PASS
设备,3,2,shè bèi,thiết bị,"thiết bị, cơ sở vật chất",0,0,0,0,0,1,0,0,PASS,PASS
设施,3,2,shè shī,công trình,"cơ sở vật chất, công trình, tiện ích",0,3,2,2,4,1,0,0,PASS,PASS
设立,3,2,shè lì,thiết lập,thiết lập; thành lập; kiến tạo; đặt ra,0,2,0,0,2,1,0,2,PASS,PASS
设计,3,2,shè jì,thiết kế,"thiết kế, phác thảo; tạo ra bản vẽ, kế hoạch hoặc ý tưởng cho một sản phẩm, công trình hoặc hoạt động",1,2,0,0,2,1,0,0,PASS,PASS
访问,3,2,fǎng wèn,thăm,"thăm hỏi, viếng thăm, truy cập",0,2,0,0,2,1,0,0,PASS,PASS
证件,3,2,zhèng jiàn,giấy tờ tùy thân,"Giấy tờ, văn bằng, chứng minh",0,1,0,0,3,1,0,0,PASS,PASS
证据,3,2,zhèng jù,bằng chứng,Bằng chứng,0,0,0,0,3,1,0,0,PASS,PASS
证明,3,2,zhèng míng,chứng chỉ,"chứng minh, chứng thực, bằng chứng",0,2,1,1,2,1,0,0,PASS,PASS
评价,3,2,píng jià,đánh giá,"đánh giá, nhận xét",0,0,0,0,0,1,0,0,PASS,PASS
词典,1,2,cí diǎn,từ điển,từ điển,0,1,0,0,3,2,0,1,PASS,PASS
词汇,2,2,cí huì,từ vựng,"từ vựng, vốn từ",0,2,0,0,2,1,0,0,PASS,PASS
词语,2,2,cí yǔ,từ ngữ,từ ngữ,0,0,0,0,1,1,0,0,PASS,PASS
试题,3,2,shì tí,câu hỏi kiểm tra,"đề bài kiểm tra, câu hỏi thi",0,1,0,0,2,1,0,0,PASS,PASS
试验,3,2,shì yàn,thử nghiệm,"thử nghiệm, thử",0,1,0,0,2,2,0,1,PASS,PASS
话剧,3,2,huà jù,kịch nói,"kịch nói là một hình thức nghệ thuật sân khấu kết hợp giữa đối thoại và diễn xuất, không có nhạc hay bài hát như ca kịch hay nhạc kịch",0,2,0,0,2,1,0,0,PASS,PASS
话题,2,2,huà tí,chủ đề,chủ đề; đề tài; câu chuyện được bàn luận,0,2,0,0,2,1,0,0,PASS,PASS
诞生,3,2,dàn shēng,sinh ra,"sinh ra, xuất hiện, khai sinh",0,1,1,3,4,1,0,1,PASS,PASS
语法,1,2,yǔ fǎ,ngữ pháp,"ngữ pháp, quy tắc ngôn ngữ",0,2,0,0,2,1,0,0,PASS,PASS
语言,2,2,yǔ yán,ngôn ngữ,ngôn ngữ,0,1,1,2,2,1,0,0,PASS,PASS
诱发,3,2,yòu fā,gây ra,"khởi phát, gợi ra (gây ra điều gì)",0,2,1,1,3,1,0,1,PASS,PASS
说明,2,2,shuō míng,giải thích,giải thích,1,1,0,0,2,1,0,0,PASS,PASS
说话,1,2,shuō huà,nói chuyện,"nói chuyện, phát biểu (hoạt động dùng lời nói)",0,4,1,1,6,3,0,1,PASS,PASS
请假,1,2,qǐng jià,xin nghỉ phép,xin nghỉ phép,1,1,0,0,5,1,0,0,PASS,PASS
请坐,1,2,qǐng zuò,mời ngồi,mời ngồi,0,0,0,0,6,2,0,0,PASS,PASS
请客,1,2,qǐng kè,mời,mời,0,1,0,0,1,1,0,0,PASS,PASS
请教,3,2,qǐng jiào,hỏi ý kiến,thỉnh giáo; hỏi xin lời khuyên; xin chỉ giáo,0,2,0,0,2,1,0,0,PASS,PASS
请求,2,2,qǐng qiú,yêu cầu,yêu cầu,0,2,0,0,2,1,0,1,PASS,PASS
请进,1,2,qǐng jìn,mời vào,mời vào,0,1,1,1,5,1,0,0,PASS,PASS
请问,1,2,qǐng wèn,xin hỏi,"xin hỏi, cho tôi hỏi",0,2,0,0,5,2,0,0,PASS,PASS
读书,1,2,dú shū,học tập,"đọc sách, đi học",0,0,0,0,5,3,0,0,PASS,PASS
读者,3,2,dú zhě,độc giả,độc giả,0,2,1,1,1,1,0,0,PASS,PASS
读音,2,2,dú yīn,phát âm,phát âm,0,0,0,0,2,1,0,1,PASS,PASS
课余,2,2,kè yú,Ngoài giờ học,"Ngoài giờ học, giờ giải lao.",0,0,0,0,2,1,0,0,PASS,PASS
课堂,2,2,kè táng,lớp học,lớp học,0,1,1,2,2,1,0,1,PASS,PASS
课文,1,2,kè wén,bài khoá,bài học (trong sách giáo khoa),0,0,0,0,3,1,0,0,PASS,PASS
课本,1,2,kè běn,sách giáo khoa,sách giáo khoa,0,2,0,0,2,1,0,0,PASS,PASS
课程,3,2,kè chéng,chương trình học,"chương trình học, khóa học, môn học",0,2,0,0,2,1,0,0,PASS,PASS
调整,3,2,tiáo zhěng,điều chỉnh,điều chỉnh; chỉnh sửa; sắp xếp lại cho phù hợp,0,2,0,0,2,1,0,0,PASS,PASS
调查,3,2,diào chá,khảo sát,điều tra,0,1,0,0,2,2,0,0,PASS,PASS
谈判,3,2,tán pàn,đàm phán,đàm phán; thương thuyết; thương lượng,0,2,0,0,2,1,0,1,PASS,PASS
谈吐,3,2,tán tǔ,Lời nói,"Lời nói, cách nói chuyện, phong cách giao tiếp",0,0,0,0,2,1,0,0,PASS,PASS
谈话,2,2,tán huà,cuộc nói chuyện,nói chuyện; cuộc trò chuyện; buổi trao đổi,0,2,0,0,2,1,0,0,PASS,PASS
谐音,3,2,xié yīn,từ đồng âm,"từ đồng âm, hài âm",0,0,0,0,2,1,0,0,PASS,PASS
谢谢,1,2,xiè xie,cảm ơn,cảm ơn,0,0,0,0,5,1,0,1,PASS,PASS
谦虚,1,2,qiān xū,khiêm tốn,khiêm tốn,0,2,0,0,4,1,0,1,PASS,PASS
谦逊,3,2,qiān xùn,khiêm tốn,"khiêm cung, khiêm tốn",0,4,2,3,4,1,0,1,PASS,PASS
象征,3,2,xiàng zhēng,biểu tượng,biểu tượng; tượng trưng,0,3,0,0,3,1,0,0,PASS,PASS
负责,2,2,fù zé,chịu trách nhiệm,"chịu trách nhiệm,负责",0,2,0,0,5,4,0,0,PASS,PASS
责任,3,2,zé rèn,trách nhiệm,"Trách nhiệm, nghĩa vụ",0,2,0,0,4,3,0,0,PASS,PASS
质量,1,2,zhì liàng,chất lượng,"chất lượng, phẩm chất",0,3,0,0,3,1,0,0,PASS,PASS
购物,1,2,gòu wù,mua sắm,mua sắm,1,1,0,0,1,1,0,0,PASS,PASS
贵姓,2,2,guì xìng,quý danh (hỏi họ của người khác một cách lịch sự),quý danh (hỏi họ của người khác một cách lịch sự),0,0,0,0,2,1,0,0,PASS,PASS
费用,3,2,fèi yòng,chi phí,chi phí,0,0,0,0,2,1,0,0,PASS,PASS
贺卡,1,2,hè kǎ,thiệp chúc mừng,thiệp chúc mừng;卡片 chúc phúc,0,0,0,0,3,1,0,0,PASS,PASS
资格,3,2,zī gé,trình độ chuyên môn,"Trình độ chuyên môn, điều kiện, đủ tư cách",0,2,1,1,2,1,0,0,PASS,PASS
资金,3,2,zī jīn,quỹ,"nguồn vốn, quỹ",0,1,0,0,1,1,0,0,PASS,PASS
赚钱,3,2,zhuàn qián,kiếm tiền,kiếm tiền,0,0,0,0,4,2,0,0,PASS,PASS
赛马,3,2,sài mǎ,đua ngựa,đua ngựa,0,0,0,0,2,1,0,0,PASS,PASS
赞美,3,2,zàn měi,ca ngợi,ca ngợi,0,2,0,0,4,1,0,0,PASS,PASS
走开,2,2,zǒu kāi,tránh ra,tẩu khai,0,2,0,0,2,1,0,0,PASS,PASS
走散,2,2,zǒu sàn,Đi lạc,"Đi lạc, thất lạc, tản ra",0,0,0,0,2,1,0,0,PASS,PASS
走路,1,2,zǒu lù,đi bộ,"đi bộ, đi đường",0,2,1,1,4,3,0,0,PASS,PASS
走过,2,2,zǒu guò,đi qua,"đi qua, đi ngang qua",0,2,0,0,5,4,0,1,PASS,PASS
走进,2,2,zǒu jìn,đi vào,đi vào,0,2,0,0,3,3,0,1,PASS,PASS
赶到,3,2,gǎn dào,vội vàng,"vội vàng đến nơi; kịp đến, đuổi kịp đến",0,1,0,0,1,1,1,2,PASS,PASS
赶快,3,2,gǎn kuài,ngay lập tức,"Nhanh lên, nhanh chóng",0,0,0,0,4,2,0,2,PASS,PASS
赶紧,3,2,gǎn jǐn,nhanh chóng,nhanh chóng; vội vàng; nhanh lên,0,2,0,0,2,1,0,1,PASS,PASS
起床,1,2,qǐ chuáng,thức dậy,"thức dậy, rời giường",0,4,2,2,9,5,0,0,PASS,PASS
起来,1,2,qǐ lái,đứng lên,"đứng lên, dậy (phương hướng); bắt đầu (trợ từ động từ)",1,3,2,3,10,8,0,0,PASS,PASS
起飞,2,2,qǐ fēi,cất cánh,cất cánh,0,2,0,0,2,1,0,0,PASS,PASS
超市,1,2,chāo shì,siêu thị,siêu thị,0,2,0,0,5,4,0,0,PASS,PASS
超级,3,2,chāo jí,siêu,"siêu cấp, siêu hạng; vô cùng, hết sức",0,2,0,0,2,1,0,0,PASS,PASS
超越,3,2,chāo yuè,vượt qua,vượt qua,0,0,0,0,0,0,0,1,PARTIAL,BLOCKED-NO-SUPPORTING-EVIDENCE
超过,2,2,chāo guò,vượt qua,vượt qua,0,1,1,1,1,1,0,1,PASS,PASS
趣味,3,2,qù wèi,sở thích,"Thú vị — sự thú vị, hứng thú, vẻ hấp dẫn của sự vật; cũng chỉ sở thích, thị hiếu cá nhân. Nhấn mạnh chất hấp dẫn, lý thú hơn là 兴趣 (hứng thú thuần túy).",0,3,2,3,4,1,0,2,PASS,PASS
足够,3,2,zú gòu,đủ,"đủ, đầy đủ",0,2,0,0,2,1,0,0,PASS,PASS
足球,1,2,zú qiú,bóng đá,Bóng đá,1,2,1,3,8,7,0,0,PASS,PASS
跑步,1,2,pǎo bù,chạy bộ,chạy bộ,0,2,0,0,4,3,0,0,PASS,PASS
路上,1,2,lù shàng,trên đường,trên đường,1,2,1,1,3,1,0,0,PASS,PASS
路口,1,2,lù kǒu,ngã tư,"ngã tư, ngã ba",0,2,0,0,3,1,0,0,PASS,PASS
路线,3,2,lù xiàn,tuyến đường,"tuyến đường; lộ trình, hướng đi",0,2,0,0,2,1,0,0,PASS,PASS
路边,2,2,lù biān,lề đường,lề đường,0,1,1,2,2,1,0,0,PASS,PASS
跳舞,1,2,tiào wǔ,nhảy múa,"nhảy múa, khiêu vũ; di chuyển cơ thể theo nhịp điệu âm nhạc",0,2,0,0,3,2,0,1,PASS,PASS
跳远,3,2,tiào yuǎn,nhảy xa,nhảy xa,0,2,0,0,2,1,0,0,PASS,PASS
跳高,3,2,tiào gāo,nhảy cao,nhảy cao; môn thể thao nhảy cao,0,2,1,1,3,2,0,0,PASS,PASS
身上,1,2,shēn shàng,trên tay,trên người,0,2,1,1,4,2,0,0,PASS,PASS
身体,1,2,shēn tǐ,cơ thể,"cơ thể, thân thể",0,3,2,4,11,8,0,0,PASS,PASS
身边,2,2,shēn biān,bên cạnh,bên cạnh,0,1,1,2,2,1,0,2,PASS,PASS
身高,3,2,shēn gāo,chiều cao,chiều cao,0,0,0,0,1,1,0,1,PASS,PASS
车上,1,2,chē shang,trên xe,trên xe,0,1,1,2,4,2,0,0,PASS,PASS
车棚,1,2,chē péng,nhà để xe (đạp,"nhà để xe (đạp, máy), mái che xe",0,0,0,0,2,1,0,0,PASS,PASS
车票,1,2,chē piào,vé xe,vé xe,0,0,0,0,3,1,0,0,PASS,PASS
车站,1,2,chē zhàn,trạm xe buýt,trạm xe (buýt/tàu),1,3,3,3,5,2,0,0,PASS,PASS
车辆,2,2,chē liàng,xe cộ,xa lượng,0,2,0,0,3,1,1,0,PASS,PASS
转变,3,2,zhuǎn biàn,thay đổi,"thay đổi, chuyển đổi, chuyển biến",0,2,0,0,2,1,0,2,PASS,PASS
转身,2,2,zhuǎn shēn,quay lại,"Quay người, ngoái lại. 转 (chuyển) = quay/vong + 身 (thân) = người. Đổi hướng cơ thể.",0,1,1,2,2,2,0,1,PASS,PASS
轮胎,1,2,lún tāi,lốp xe,"lốp xe, săm xe",0,0,0,0,3,1,0,0,PASS,PASS
辅导,2,2,fǔ dǎo,hướng dẫn,hướng dẫn,0,2,0,0,4,1,0,1,PASS,PASS
输入,3,2,shū rù,nhập,"nhập, đưa vào",0,1,0,0,0,1,0,0,PASS,PASS
辛苦,2,2,xīn kǔ,vất vả,"Vất vả, khó nhọc, cần cù",0,0,0,0,3,1,0,0,PASS,PASS
辣椒,2,2,là jiāo,ớt,ớt (loại rau quả cay),0,2,0,0,4,1,0,0,PASS,PASS
达到,3,2,dá dào,đạt được,"đạt được, đến",0,2,0,0,1,1,0,3,PASS,PASS
迅速,2,2,xùn sù,nhanh,"nhanh chóng, mau lẹ",0,2,0,0,2,1,0,0,PASS,PASS
过去,2,2,guò qù,trong quá khứ,trong quá khứ,0,3,2,4,10,8,0,0,PASS,PASS
过年,2,2,guò nián,đón Tết,đón Tết,0,2,1,1,2,1,0,0,PASS,PASS
过来,2,2,guò lai,đến đây,đến đây,0,3,2,2,8,7,0,0,PASS,PASS
过程,3,2,guò chéng,quá trình,"quá trình, tiến trình",0,0,0,0,0,1,0,0,PASS,PASS
过节,3,2,guò jié,ăn mừng lễ hội,"Quá tiết (quá-tiết): đón mừng ngày lễ, ăn tết. Dùng rộng cho mọi dịp lễ tết trong năm.",0,3,0,0,4,1,0,0,PASS,PASS
迎接,3,2,yíng jiē,đón tiếp,"Đón tiếp, chào đón; đón đối mặt",0,1,0,0,3,1,0,0,PASS,PASS
运动,2,2,yùn dòng,tập thể dục,"vận động, thể thao",2,3,2,2,7,6,0,1,PASS,PASS
运输,3,2,yùn shū,vận chuyển,"vận chuyển, chuyên chở; giao thông vận tải",0,2,1,1,2,1,0,0,PASS,PASS
近期,3,2,jìn qī,gần đây,"Gần đây, gần đây này, thời gian gần",0,4,0,0,3,1,0,2,PASS,PASS
近视,2,2,jìn shì,cận thị,cận thị,0,0,0,0,0,1,0,0,PASS,PASS
还是,1,2,hái shi,hoặc (trong câu hỏi),Hoặc (trong câu hỏi lựa chọn) - dùng để hỏi người nghe chọn một trong hai phương án.,0,1,0,0,16,10,0,0,PASS,PASS
还有,1,2,hái yǒu,còn có,"còn có, ngoài ra, hơn nữa (dùng để bổ sung thêm)",0,2,0,0,6,4,0,0,PASS,PASS
这个,1,2,zhè ge,cái này,cái này,0,0,0,0,20,10,0,0,PASS,PASS
这么,1,2,zhè me,như thế,nhêmmã,0,2,0,0,9,8,0,0,PASS,PASS
这些,1,2,zhè xiē,những cái này,"những, những này (từ chỉ số nhiều)",0,0,0,0,9,6,0,0,PASS,PASS
这儿,1,2,zhèr,ở đây,ở đây,0,0,0,0,9,10,1,3,PASS,PASS
这样,1,2,zhè yàng,như vậy,như vậy,0,2,1,1,3,2,0,0,PASS,PASS
这边,1,2,zhè biān,ở đây,"bên này, phía này",0,2,0,0,2,1,0,3,PASS,PASS
这里,1,2,zhè li,ở đây,"ở đây, chỗ này",0,2,1,1,8,6,0,3,PASS,PASS
进入,2,2,jìn rù,vào,"vào, đi vào",0,2,0,0,1,1,0,1,PASS,PASS
进去,1,2,jìn qù,đi vào,vào bên trong,0,0,0,0,4,4,0,1,PASS,PASS
进展,3,2,jìn zhǎn,tiến triển,"tiến triển, diễn tiến",0,2,1,1,2,1,0,0,PASS,PASS
进来,1,2,jìn lái,vào,"vào trong, đi vào",0,2,0,0,2,3,0,1,PASS,PASS
进步,2,2,jìn bù,tiến bộ,tiến bộ,0,2,0,0,4,3,0,0,PASS,PASS
进行,2,2,jìn xíng,tiến hành,tiến hành,0,2,2,2,3,2,0,1,PASS,PASS
进门,2,2,jìn mén,Vào cửa,"Vào cửa, bước vào nhà",0,0,0,0,2,1,0,0,PASS,PASS
连忙,3,2,lián máng,vội vàng,"Vội vàng, ngay lập tức",0,0,0,0,3,1,0,2,PASS,PASS
连续,3,2,lián xù,liên tục,liên tục,1,2,0,0,2,1,0,1,PASS,PASS
迟到,1,2,chí dào,đến muộn,đến muộn,0,0,0,0,6,5,0,0,PASS,PASS
迪厅,1,2,dí tīng,sàn nhảy,"sàn nhảy, vũ trường, quán bar nhảy",0,0,0,0,2,1,0,0,PASS,PASS
迷信,3,2,mí xìn,mê tín,mê tín,0,0,0,0,0,0,0,0,PARTIAL,BLOCKED-NO-SUPPORTING-EVIDENCE
追求,2,2,zhuī qiú,theo đuổi,theo đuổi,0,1,1,3,3,2,0,0,PASS,PASS
退休,2,2,tuì xiū,nghỉ hưu,Nghỉ hưu,0,2,0,0,2,1,0,0,PASS,PASS
退出,3,2,tuì chū,rút lui,"rút lui, thoát ra, bỏ cuộc",0,2,0,0,2,1,0,0,PASS,PASS
送到,2,2,sòng dào,gửi đến,gửi đến,0,1,0,0,1,2,0,0,PASS,PASS
送给,2,2,sòng gěi,gửi,"tặng, đưa cho",0,2,0,0,3,2,0,1,PASS,PASS
适合,3,2,shì hé,phù hợp,"phù hợp, thích hợp; vừa vặn",0,2,0,0,2,1,0,3,PASS,PASS
适应,3,2,shì yìng,thích nghi,"thích nghi, thích ứng; quen, quen với",0,2,0,0,2,1,0,0,PASS,PASS
适用,3,2,shì yòng,phù hợp,"phù hợp, có thể áp dụng",0,0,0,0,1,1,0,3,PASS,PASS
适量,2,2,shì liàng,lượng thích hợp,"phù hợp lượng, vừa đủ, vừa phải (không quá nhiều không quá ít)",0,3,2,2,4,1,0,0,PASS,PASS
逃避,3,2,táo bì,trốn tránh,trốn tránh,0,2,0,0,4,1,0,0,PASS,PASS
选手,3,2,xuǎn shǒu,vận động viên,"vận động viên, người được chọn",0,2,0,0,2,1,0,1,PASS,PASS
选择,2,2,xuǎn zé,chọn,chọn; lựa chọn,0,1,1,3,3,3,0,0,PASS,PASS
透亮,3,2,tòu liang,sáng trong,"sáng trong, trong suốt; sáng trưng, trong vắt",0,0,0,0,2,1,0,0,PASS,PASS
途径,3,2,tú jìng,con đường,"con đường, phương thức, kênh tiếp cận (cách thức để đạt đến mục đích)",0,3,1,1,4,1,0,0,PASS,PASS
通信,3,2,tōng xìn,thư từ,thông tin liên lạc; thư từ; liên lạc,0,2,0,0,2,1,0,0,PASS,PASS
通常,3,2,tōng cháng,thường thì,"thường thì, thông thường; đại thể",0,2,0,0,3,2,0,0,PASS,PASS
通知,2,2,tōng zhī,thông báo,thông báo,1,2,0,0,2,1,0,1,PASS,PASS
通过,2,2,tōng guò,thông qua,thông qua,0,1,1,3,5,3,0,0,PASS,PASS
逛街,3,2,guàng jiē,đi dạo phố,"đi dạo phố, đi mua sắm",0,0,0,0,2,1,0,0,PASS,PASS
速冻,1,2,sù dòng,Đông lạnh nhanh,"Đông lạnh nhanh, cấp đông",0,0,0,0,2,1,0,0,PASS,PASS
速度,3,2,sù dù,tốc độ,tốc độ; vận tốc; tốc độ di chuyển,0,2,1,1,2,1,0,0,PASS,PASS
造成,3,2,zào chéng,gây ra,"gây ra, tạo thành",0,1,0,0,1,2,0,1,PASS,PASS
遇到,2,2,yù dào,gặp phải,gặp phải,0,1,1,3,3,2,0,0,PASS,PASS
遇见,3,2,yù jiàn,gặp,gặp; bắt gặp,0,0,0,0,1,2,0,2,PASS,PASS
道教,3,2,dào jiào,Đạo giáo,"Đạo giáo — tôn giáo và triết học bản địa Trung Quốc, lấy 'Đạo' làm nền tảng, do Lão Tử sáng lập",0,4,0,0,4,1,0,0,PASS,PASS
道理,2,2,dào li,lý lẽ,"lý lẽ, đạo lý",0,3,1,2,4,3,0,0,PASS,PASS
道路,2,2,dào lù,đường,con đường,0,1,0,0,2,2,0,1,PASS,PASS
遗憾,2,2,yí hàn,hối tiếc,hối tiếc,0,2,0,0,4,1,0,0,PASS,PASS
遥远,3,2,yáo yuǎn,xa xôi,"dao viễn — xa xôi, cách một khoảng cách lớn (không gian hoặc thời gian); cảm giác xa cách, khó tiếp cận",0,3,0,0,4,1,0,0,PASS,PASS
那个,1,2,nà ge,cái đó,"cái đó, cái kia",0,0,0,0,11,10,0,0,PASS,PASS
那么,1,2,nà me,vậy thì,vậy thì; như vậy,0,1,1,3,4,3,0,0,PASS,PASS
那些,1,2,nà xiē,những cái đó,"những, những kia (chỉ số nhiều)",0,0,0,0,5,3,0,0,PASS,PASS
那儿,1,2,nàr,ở đó,"ở đó, ở kia",0,0,0,0,2,5,1,3,PASS,PASS
那样,2,2,nà yàng,loại đó,loại đó,0,1,1,2,2,1,0,0,PASS,PASS
那边,1,2,nà biān,ở đó,"bên kia, phía đó",0,0,0,0,3,1,0,3,PASS,PASS
那里,1,2,nà li,ở đó,"ở đó, chỗ đó",0,1,1,1,3,1,0,3,PASS,PASS
邮件,3,2,yóu jiàn,thư tín,"Thư tín, thư điện tử (email)",1,2,0,0,2,1,0,0,PASS,PASS
邮局,1,2,yóu jú,bưu điện,"bưu điện, bưu cục",0,2,1,1,2,1,0,0,PASS,PASS
邮票,1,2,yóu piào,tem,"tem, tem thư",0,2,0,0,1,1,0,0,PASS,PASS
邮箱,3,2,yóu xiāng,hộp thư,hộp thư,0,0,0,0,0,1,0,0,PASS,PASS
邻居,3,2,lín jū,hàng xóm,hàng xóm,0,0,0,0,2,1,0,0,PASS,PASS
郊区,2,2,jiāo qū,ngoại ô,ngoại ô,0,2,0,0,4,1,0,0,PASS,PASS
部分,1,2,bù fen,phần,"bộ phận, phần",2,3,2,5,5,3,0,0,PASS,PASS
部长,3,2,bù zhǎng,bộ trưởng,bộ trưởng,0,2,1,1,2,1,0,0,PASS,PASS
配合,3,2,pèi hé,phối hợp,"phối hợp, hợp tác, đồng bộ; yểm trợ",0,2,0,0,2,1,0,0,PASS,PASS
酒吧,1,2,jiǔ bā,quán bar,quán bar,0,1,1,2,2,1,0,0,PASS,PASS
酒店,2,2,jiǔ diàn,khách sạn,khách sạn,0,1,0,0,2,1,0,2,PASS,PASS
酒水,2,2,jiǔ shuǐ,đồ uống có cồn,đồ uống (tổng hợp cả có cồn và không cồn); nước giải khát trong bữa tiệc hoặc nhà hàng,0,4,2,2,4,1,0,0,PASS,PASS
酱油,2,2,jiàng yóu,nước tương,nước tương,0,0,0,0,4,1,0,0,PASS,PASS
酸性,3,2,suān xìng,tính axit,"tính axit, có tính axit",0,0,0,0,2,1,0,0,PASS,PASS
采取,3,2,cǎi qǔ,thực hiện,"thực hiện, áp dụng, tuyển chọn",0,1,1,1,2,1,0,1,PASS,PASS
采用,3,2,cǎi yòng,sử dụng,"sử dụng, áp dụng",0,1,0,0,2,1,0,2,PASS,PASS
采访,3,2,cǎi fǎng,phỏng vấn,"phỏng vấn, đến để hỏi thông tin, thu thập tin tức",0,3,1,1,3,1,0,0,PASS,PASS
里头,2,2,lǐ tou,bên trong,bên trong,0,2,0,0,2,1,0,2,PASS,PASS
里边,1,2,lǐ biān,bên trong,bên trong,0,2,0,0,4,2,0,2,PASS,PASS
里面,2,2,lǐ miàn,bên trong,Bên trong,0,3,2,3,4,2,0,2,PASS,PASS
重复,2,2,chóng fù,lặp lại,lặp lại,0,1,1,3,3,2,0,0,PASS,PASS
重大,3,2,zhòng dà,quan trọng,"quan trọng, to lớn, hệ trọng",0,2,0,0,3,2,0,1,PASS,PASS
重新,1,2,chóng xīn,lại lần nữa,lại lần nữa,0,2,1,1,2,1,0,0,PASS,PASS
重点,2,2,zhòng diǎn,trọng điểm,trọng điểm,0,3,2,2,3,2,0,0,PASS,PASS
重病,2,2,zhòng bìng,Bệnh nặng,"Bệnh nặng, bệnh hiểm nghèo.",0,0,0,0,2,1,0,0,PASS,PASS
重要,1,2,zhòng yào,quan trọng,quan trọng,0,2,1,3,9,6,0,1,PASS,PASS
重视,2,2,zhòng shì,coi trọng,coi trọng,0,2,0,0,2,1,0,0,PASS,PASS
野生,3,2,yě shēng,hoang dã,hoang dã,0,0,0,0,0,1,2,0,PASS,PASS
金牌,3,2,jīn pái,huy chương vàng,huy chương vàng,0,0,0,0,1,1,0,0,PASS,PASS
钉子,2,2,dīng zi,đinh,đinh,0,2,0,0,3,1,0,0,PASS,PASS
钟头,1,2,zhōng tóu,giờ,giờ đồng hồ (đơn vị thời gian); khẩu ngữ của 小时,0,3,0,0,4,1,0,2,PASS,PASS
钢琴,3,2,gāng qín,đàn piano,đàn piano,1,0,0,0,0,0,0,0,PARTIAL,PASS
钥匙,1,2,yào shi,chìa khóa,chìa khóa,0,2,0,0,2,1,1,0,PASS,PASS
钱包,1,2,qián bāo,ví,"ví tiền, cái ví",0,3,2,2,5,1,0,0,PASS,PASS
铁路,3,2,tiě lù,đường sắt,đường sắt,0,2,0,0,2,1,0,0,PASS,PASS
铅笔,2,2,qiān bǐ,bút chì,bút chì,0,2,0,0,3,2,0,0,PASS,PASS
银牌,3,2,yín pái,huy chương bạc,huy chương bạc,0,0,0,0,1,1,0,0,PASS,PASS
银行,1,2,yín háng,ngân hàng,"Ngân hàng là tổ chức tài chính cung cấp các dịch vụ như gửi tiết kiệm, cho vay, chuyển tiền và các giao dịch tài chính khác.",1,3,1,1,7,5,0,0,PASS,PASS
锋利,3,2,fēng lì,sắc bén,"Phong lợi — sắc bén, nhọn (dao, kiếm); cũng dùng nghĩa bóng: lập luận sắc sảo, lời nói cay độc. 锋 (phong — mũi nhọn) + 利 (lợi — sắc, bén).",0,4,0,0,4,1,0,0,PASS,PASS
错误,3,2,cuò wù,sai lầm,"sai lầm, lỗi; sai, nhầm",0,1,0,0,2,2,0,0,PASS,PASS
错过,2,2,cuò guò,bỏ lỡ,bỏ lỡ,0,0,0,0,1,2,0,0,PASS,PASS
锻炼,1,2,duàn liàn,tập thể dục,tập thể dục,0,2,0,0,4,3,0,1,PASS,PASS
长城,2,2,Cháng chéng,Vạn Lý Trường Thành,Vạn Lý Trường Thành,0,2,0,0,2,1,0,0,PASS,PASS
长处,3,2,cháng chu,ưu điểm,"ưu điểm, điểm mạnh",0,2,0,0,2,1,0,1,PASS,PASS
长大,2,2,zhǎng dà,trưởng thành,trưởng thành,0,2,0,0,2,1,0,2,PASS,PASS
长期,3,2,cháng qī,dài hạn,Dài hạn,0,0,0,0,3,1,0,0,PASS,PASS
长江,2,2,Cháng jiāng,Trường Giang,"Trường Giang — con sông dài nhất Trung Quốc (khoảng 6.300 km), bắt nguồn từ Tây Tạng, đổ ra biển Đông tại Thượng Hải. Tên Hán-Việt: Trường Giang (長江).",0,4,1,1,5,1,0,0,PASS,PASS
门口,1,2,mén kǒu,lối vào,"lối vào, cửa",0,2,2,4,4,1,0,1,PASS,PASS
门票,1,2,mén piào,vé vào cửa,"vé vào cửa, vé tham quan",0,3,1,2,5,2,0,0,PASS,PASS
问好,2,2,wèn hǎo,Hỏi thăm,"Hỏi thăm, gửi lời hỏi thăm",0,0,0,0,3,2,0,1,PASS,PASS
问路,2,2,wèn lù,hỏi đường,hỏi đường,0,1,0,0,1,1,0,0,PASS,PASS
问题,1,2,wèn tí,câu hỏi,"vấn đề, câu hỏi",1,3,1,1,16,10,0,0,PASS,PASS
闹钟,1,2,nào zhōng,đồng hồ báo thức,náo + chung (đồng hồ báo thức),0,0,0,0,3,1,0,0,PASS,PASS
阅读,1,2,yuè dú,đọc,đọc; xem xét; trải qua,0,2,0,0,2,1,0,0,PASS,PASS
队员,3,2,duì yuán,thành viên đội,"đội viên, thành viên đội",0,2,0,0,2,1,0,0,PASS,PASS
队长,2,2,duì zhǎng,đội trưởng,đội trưởng,0,2,0,0,3,1,0,0,PASS,PASS
防止,3,2,fáng zhǐ,ngăn ngừa,Ngăn ngừa,0,0,0,0,3,1,0,0,PASS,PASS
阳光,2,2,yáng guāng,ánh nắng,ánh nắng,0,1,0,0,3,2,0,0,PASS,PASS
阴天,2,2,yīn tiān,trời âm u,âm thiên,0,2,0,0,4,2,0,0,PASS,PASS
阿姨,3,2,ā yí,dì,dì,0,1,1,2,2,1,0,0,PASS,PASS
附近,2,2,fù jìn,gần đây,"gần đây, ở gần, lân cận",0,3,0,0,5,3,0,2,PASS,PASS
陆续,3,2,lù xù,lần lượt,"lần lượt, nối tiếp nhau",0,2,1,3,4,1,0,0,PASS,PASS
陌生,2,2,mò shēng,lạ,"xa lạ, không quen",0,2,0,0,6,3,0,0,PASS,PASS
限于,3,2,xiàn yú,bị giới hạn,"bị giới hạn trong, chỉ được...",0,3,3,3,5,1,0,0,PASS,PASS
院子,2,2,yuàn zi,sân,sân,0,1,1,1,2,1,0,0,PASS,PASS
院长,2,2,yuàn zhǎng,hiệu trưởng,"hiệu trưởng, viện trưởng",0,2,2,2,2,1,0,1,PASS,PASS
除了,2,2,chú le,ngoài ra,"ngoài ra, trừ ra",0,2,0,0,6,4,0,2,PASS,PASS
除非,3,2,chú fēi,chỉ khi,"trừ khi, chỉ khi — biểu thị điều kiện duy nhất để một sự việc có thể xảy ra hoặc không xảy ra",0,3,0,0,5,2,0,0,PASS,PASS
随便,1,2,suí biàn,tùy ý,tùy ý,0,1,1,2,2,2,0,0,PASS,PASS
随时,2,2,suí shí,bất kỳ lúc nào,bất kỳ lúc nào,0,3,1,1,3,1,0,0,PASS,PASS
隐患,3,2,yǐn huàn,nguy cơ tiềm ẩn,"nguy cơ tiềm ẩn, rủi ro",0,0,0,0,1,1,0,0,PASS,PASS
隐私,3,2,yǐn sī,sự riêng tư,sự riêng tư,0,0,0,0,0,1,0,0,PASS,PASS
隔壁,2,2,gé bì,bên cạnh,"cách vách, kế bên, nhà hàng xóm",0,3,1,1,5,1,0,2,PASS,PASS
难以,3,2,nán yǐ,khó,khó; khó có thể; khó mà,0,0,0,0,3,2,0,0,PASS,PASS
难免,3,2,nán miǎn,khó tránh,"không tránh khỏi, khó tránh",0,2,1,1,3,2,0,0,PASS,PASS
难受,2,2,nán shòu,khó chịu,khó chịu,0,3,0,0,3,1,0,0,PASS,PASS
难吃,2,2,nán chī,Khó ăn,"Khó ăn, dở (món ăn)",0,0,0,0,2,1,0,0,PASS,PASS
难听,2,2,nán tīng,khó nghe,Khó nghe; xấu nghiệp (âm thanh); nói khó ưa,0,3,1,1,3,1,0,0,PASS,PASS
难度,3,2,nán dù,mức độ khó khăn,mức độ khó khăn; độ khó,0,2,1,1,2,1,0,0,PASS,PASS
难得,2,2,nán dé,hiếm,"hiếm có, khó có được, quý giá",0,0,0,0,3,1,0,0,PASS,PASS
难忘,2,2,nán wàng,không thể quên,không thể quên,0,0,0,0,0,1,0,0,PASS,PASS
难看,2,2,nán kàn,xấu xí,"xấu, khó coi",0,3,0,0,2,1,0,0,PASS,PASS
难过,2,2,nán guò,buồn,buồn,0,2,0,0,3,2,0,1,PASS,PASS
难道,2,2,nán dào,chẳng lẽ,"chẳng lẽ, lẽ nào",0,0,0,0,2,2,0,0,PASS,PASS
难题,2,2,nán tí,vấn đề khó,vấn đề khó,0,2,1,1,3,1,0,0,PASS,PASS
雄伟,2,2,xióng wěi,hùng vĩ,hùng vĩ,0,2,0,0,4,1,0,0,PASS,PASS
雄壮,3,2,xióng zhuàng,hùng tráng,"hùng tráng, hùng dũng",0,0,0,0,2,1,0,0,PASS,PASS
集中,3,2,jí zhōng,tập trung,tập trung,0,2,0,0,1,1,0,0,PASS,PASS
集体,3,2,jí tǐ,tập thể,"Tập thể, cộng đồng",0,2,1,1,3,1,0,0,PASS,PASS
雨伞,3,2,yǔ sǎn,ô,"cái ô, ô",0,0,0,0,4,2,0,0,PASS,PASS
雨衣,3,2,yǔ yī,áo mưa,áo mưa (vũ y — vũ + y),0,4,0,0,4,1,0,0,PASS,PASS
雪亮,3,2,xuě liàng,Sáng như tuyết,"Sáng như tuyết, rất sáng, rõ ràng",0,0,0,0,2,1,0,0,PASS,PASS
零下,1,2,líng xià,dưới không,linh hạ,0,2,1,1,3,1,0,0,PASS,PASS
零钱,1,2,líng qián,tiền lẻ,tiền lẻ,0,2,0,0,4,1,0,0,PASS,PASS
需求,3,2,xū qiú,nhu cầu,nhu cầu,0,1,0,0,1,1,0,0,PASS,PASS
需要,1,2,xū yào,cần,"cần, cần thiết",0,2,0,0,8,7,0,0,PASS,PASS
青年,2,2,qīng nián,thanh niên,thanh niên,0,1,0,0,2,1,0,0,PASS,PASS
非常,1,2,fēi cháng,cực kỳ,"cực kỳ, rất",0,2,1,3,6,10,0,2,PASS,PASS
面临,3,2,miàn lín,đối mặt với,đối mặt với,0,1,1,2,2,1,0,0,PASS,PASS
面前,2,2,miàn qián,trước mặt,trước mặt,0,2,1,2,2,1,0,0,PASS,PASS
面包,1,2,miàn bāo,bánh mì,bánh mì,0,3,3,5,6,4,0,0,PASS,PASS
面子,1,2,miàn zi,thể diện,thể diện,0,0,0,0,0,0,0,0,PARTIAL,BLOCKED-NO-SUPPORTING-EVIDENCE
面对,3,2,miàn duì,đối mặt,"đối mặt, đối diện",1,2,1,1,2,2,0,0,PASS,PASS
面条,1,2,miàn tiáo,mì,mì (sợi),1,3,3,5,5,2,0,0,PASS,PASS
面积,2,2,miàn jī,diện tích,diện tích; bề mặt,0,2,0,0,2,1,0,0,PASS,PASS
面食,1,2,miàn shí,Món ăn làm từ bột mì,"Món ăn làm từ bột mì, thực phẩm bột mì",0,0,0,0,2,1,0,0,PASS,PASS
鞭炮,3,2,biān pào,pháo,pháo,0,2,0,0,4,1,0,0,PASS,PASS
音乐,1,2,yīn yuè,âm nhạc,âm nhạc,1,2,1,2,4,3,0,0,PASS,PASS
音节,2,2,yīn jié,âm tiết,âm tiết,0,1,1,2,2,1,0,0,PASS,PASS
项目,3,2,xiàng mù,mục,"dự án, hạng mục, mục",0,3,1,1,3,1,0,0,PASS,PASS
顺便,3,2,shùn biàn,tiện thể,"thuận tiện — nhân tiện, tiện thể; làm gì đó trong lúc đang làm việc khác",0,3,0,0,4,1,0,0,PASS,PASS
顺利,1,2,shùn lì,suôn sẻ,suôn sẻ,0,2,0,0,2,1,0,0,PASS,PASS
顺序,2,2,shùn xù,trật tự,"thứ tự, trình tự",0,3,1,1,3,1,0,1,PASS,PASS
顽皮,2,2,wán pí,nghịch ngợm,nghịch ngợm,0,0,0,0,0,1,0,0,PASS,PASS
顾客,2,2,gù kè,khách hàng,khách hàng,0,2,0,0,1,1,0,1,PASS,PASS
预习,3,2,yù xí,chuẩn bị trước,"chuẩn bị bài, ôn bài trước",0,2,0,0,1,1,0,0,PASS,PASS
预兆,3,2,yù zhào,điềm,"Điềm báo trước, dấu hiệu báo hiệu — hiện tượng hoặc sự kiện gợi lên điều sắp xảy ra (tốt hoặc xấu).",0,4,0,0,4,1,0,0,PASS,PASS
预报,3,2,yù bào,dự báo,dự báo,0,2,2,2,2,1,0,0,PASS,PASS
预言,3,2,yù yán,tiên đoán,"lời tiên tri, dự ngôn; lời đoán trước về sự việc sẽ xảy ra trong tương lai",0,3,0,0,4,1,0,0,PASS,PASS
预计,3,2,yù jì,dự đoán,"dự tính, dự kiến trước",0,2,0,0,2,1,0,0,PASS,PASS
预防,3,2,yù fáng,phòng ngừa,Phòng ngừa,0,3,1,1,3,1,0,0,PASS,PASS
领先,3,2,lǐng xiān,dẫn đầu,"dẫn đầu, đi trước",0,1,0,0,2,1,0,0,PASS,PASS
领导,3,2,lǐng dǎo,lãnh đạo,"Lãnh đạo, người đứng đầu; dẫn dắt, chỉ đạo",0,2,0,0,2,1,0,0,PASS,PASS
领悟,3,2,lǐng wù,hiểu,"Lĩnh ngộ — chợt hiểu ra, bừng sáng nhận thức; khoảnh khắc tâm trí thấu suốt điều trước đó chưa hiểu, thường sau suy nghĩ lâu hoặc trải nghiệm.",0,3,0,0,4,1,0,4,PASS,PASS
领教,3,2,lǐng jiào,lĩnh giáo,"lĩnh giáo, được trải nghiệm (điều không hay)",0,0,0,0,2,1,0,0,PASS,PASS
频繁,3,2,pín fán,thường xuyên,thường xuyên,0,0,0,0,0,0,0,3,PARTIAL,BLOCKED-NO-SUPPORTING-EVIDENCE
题目,3,2,tí mù,tiêu đề,"tiêu đề, chủ đề, đề bài",0,2,0,0,2,1,0,1,PASS,PASS
颜色,1,2,yán sè,màu sắc,màu sắc,0,0,0,0,2,2,0,1,PASS,PASS
风景,1,2,fēng jǐng,phong cảnh,phong cảnh,0,1,1,2,2,1,0,1,PASS,PASS
风格,3,2,fēng gé,phong cách,"phong cách; gu, văn phong; tính cách",0,2,0,0,2,1,0,0,PASS,PASS
风险,3,2,fēng xiǎn,rủi ro,rủi ro,0,2,0,0,0,1,0,0,PASS,PASS
飞机,1,2,fēi jī,máy bay,máy bay,0,1,1,3,7,4,0,0,PASS,PASS
飞行,3,2,fēi xíng,bay,"bay, phi hành; chuyến bay",1,2,0,0,2,1,0,0,PASS,PASS
食品,1,2,shí pǐn,thực phẩm,"Thực phẩm, đồ ăn",0,2,0,0,3,1,0,0,PASS,PASS
食堂,1,2,shí táng,nhà ăn,"canteen, nhà ăn, căng tin",0,0,0,0,1,1,0,0,PASS,PASS
食指,2,2,shí zhǐ,ngón trỏ,ngón trỏ,0,0,0,0,2,1,0,0,PASS,PASS
食物,2,2,shí wù,thức ăn,thức ăn,0,0,0,0,3,1,0,0,PASS,PASS
餐厅,2,2,cān tīng,quán ăn,quán ăn,1,2,0,0,4,1,0,0,PASS,PASS
饭店,1,2,fàn diàn,nhà hàng,"nhà hàng, khách sạn",0,2,0,0,3,2,0,1,PASS,PASS
饭盒,3,2,fàn hé,Hộp cơm,Hộp cơm,0,0,0,0,2,1,0,0,PASS,PASS
饭馆,1,2,fàn guǎn,nhà hàng,phạn quán,0,1,0,0,5,4,0,1,PASS,PASS
饮料,3,2,yǐn liào,đồ uống,"đồ uống — các loại thức uống (nước ngọt, nước trái cây, trà, v.v.); bao gồm cả đồ uống có cồn và không cồn, nhưng thường hiểu là đồ uống không cồn.",0,5,1,1,5,2,0,0,PASS,PASS
饺子,1,2,jiǎo zi,há cảo,cảo tử,0,2,1,2,5,5,0,0,PASS,PASS
馅儿,1,2,xiànr ,Nhân (bánh,"Nhân (bánh, há cảo...)",0,0,0,0,2,1,0,0,PASS,PASS
馒头,2,2,mán tou,bánh bao hấp,"bánh mì hấp, bánh bao",0,0,0,0,3,1,0,0,PASS,PASS
首先,3,2,shǒu xiān,trước hết,"trước hết, trước tiên",0,2,0,0,5,3,0,0,PASS,PASS
首都,3,2,shǒu dū,thủ đô,"thủ đô, capital city",0,2,0,0,2,1,0,0,PASS,PASS
香蕉,2,2,xiāng jiāo,chuối,Chuối,0,4,1,1,3,2,0,0,PASS,PASS
马上,1,2,mǎ shàng,ngay lập tức,"ngay lập tức, ngay",0,2,2,4,4,3,0,2,PASS,PASS
马路,1,2,mǎ lù,đường,đường phố,0,2,1,1,3,1,0,1,PASS,PASS
马鞭,3,2,mǎ biān,roi ngựa,roi ngựa,0,0,0,0,2,1,0,0,PASS,PASS
骄傲,2,2,jiāo'ào,tự hào,tự hào,0,0,0,0,0,1,0,1,PASS,PASS
高中,2,2,gāo zhōng,trường trung học phổ thông,trường trung học phổ thông,0,1,1,2,2,1,0,0,PASS,PASS
高兴,1,2,gāo xìng,vui mừng,"vui, vui vẻ",0,2,2,6,13,10,0,0,PASS,PASS
高尚,3,2,gāo shàng,cao quý,cao quý,0,0,0,0,3,1,0,0,PASS,PASS
高级,2,2,gāo jí,cao cấp,cao cấp,0,1,1,2,2,1,0,0,PASS,PASS
高速,3,2,gāo sù,cao tốc,"cao tốc, tốc độ cao; đường cao tốc",1,2,1,1,2,1,0,0,PASS,PASS
高铁,3,2,gāo tiě,đường sắt cao tốc,"tàu cao tốc, đường sắt cao tốc",0,0,0,0,0,1,0,0,PASS,PASS
魅力,3,2,mèi lì,sức hấp dẫn,sức hấp dẫn,0,2,0,0,4,1,0,0,PASS,PASS
鸡蛋,1,2,jī dàn,trứng gà,trứng gà,1,3,3,3,4,1,0,0,PASS,PASS
鸭蛋,2,2,yā dàn,Trứng vịt,Trứng vịt,0,0,0,0,2,1,0,0,PASS,PASS
麻将,3,2,má jiàng,mạt chược,mạt chược (trò chơi bài của Trung Quốc),0,3,3,3,4,1,0,0,PASS,PASS
麻烦,1,2,má fan,phiền phức,"phiền phức, rắc rối; gây phiền; điều phiền toái",0,2,1,1,2,1,0,0,PASS,PASS
黄河,2,2,Huáng hé,Sông Hoàng Hà,Sông Hoàng Hà.,0,0,0,0,3,2,0,0,PASS,PASS
黄色,2,2,huáng sè,màu vàng,hoàng sắc,0,2,0,0,2,1,0,0,PASS,PASS
黑客,3,2,hēi kè,hacker,"Hắc khách — hacker, kẻ xâm nhập hệ thống máy tính trái phép. Có thể chỉ cả hacker mũ đen (phá hoại) lẫn hacker mũ trắng (bảo mật).",0,3,3,3,4,1,0,0,PASS,PASS
黑板,2,2,hēi bǎn,bảng đen,bảng đen,0,1,1,2,2,1,1,0,PASS,PASS
黑色,2,2,hēi sè,màu đen,hắc sắc,0,1,0,0,3,2,0,0,PASS,PASS
鼓励,2,2,gǔ lì,khuyến khích,"khuyến khích, động viên, cổ vũ",0,0,0,0,4,2,0,0,PASS,PASS
鼻子,1,2,bí zi,mũi,mũi (cơ quan khứu giác); lỗ (phần có lỗ lộ ra ngoài của vật dụng),1,2,0,0,4,1,0,0,PASS,PASS
一下子,2,3,yī xià zi,bất thình lình,"bất thình lình, đột ngột, lúc nào đó, một lúc",0,4,2,3,5,1,0,0,PASS,PASS
一会儿,1,3,yī huìr ,một lát,"một lát, một chốc, một lúc",0,0,0,0,9,6,1,2,PASS,PASS
一块儿,2,3,yī kuàir ,Cùng nhau,"Cùng nhau, cùng một chỗ",0,0,0,0,2,1,0,2,PASS,PASS
一方面,3,3,yī fāng miàn,một mặt,một mặt; một khía cạnh; xét về một phương diện,1,2,0,0,2,1,0,0,PASS,PASS
一点儿,1,3,yì diǎnr,một chút,"một chút, một ít",0,0,0,0,7,10,0,4,PASS,PASS
一点点,2,3,yī diǎn diǎn,một chút,"một chút, một xíu",0,2,0,0,2,1,0,4,PASS,PASS
一部分,2,3,yī bù fen,một phần,một bộ phần,0,1,1,1,4,2,0,0,PASS,PASS
上年纪,3,3,shàng nián ji,có tuổi,"có tuổi, lớn tuổi",0,0,0,0,0,1,0,0,PASS,PASS
不一定,2,3,bù yī dìng,không nhất thiết,không nhất thiết,0,2,0,0,2,1,0,1,PASS,PASS
不客气,1,3,bù kè qi,không có chi,"không có chi, đừng khách sáo",0,0,0,0,5,1,0,0,PASS,PASS
不尽然,3,3,bù jìn rán,không hẳn là vậy,"không hẳn là vậy, chưa chắc đã vậy",0,0,0,0,2,1,0,0,PASS,PASS
不得不,3,3,bù dé bù,không còn lựa chọn nào khác,"không thể không, buộc phải",0,0,0,0,0,2,0,0,PASS,PASS
不用谢,1,3,bú yòng xiè,không có gì (đáp lại lời cảm ơn),không có gì (đáp lại lời cảm ơn),0,0,0,0,2,1,0,0,PASS,PASS
不由得,3,3,bù yóu de,không thể không,"không thể không,不由自主",0,0,0,0,4,2,0,0,PASS,PASS
世界杯,3,3,Shì jiè bēi,Cúp thế giới,"World Cup; giải đấu thể thao quy mô toàn cầu, thường chỉ Giải vô địch bóng đá thế giới",0,2,0,0,2,1,0,0,PASS,PASS
中国人,1,3,zhōng guó rén,người Trung Quốc,"Người Trung Quốc, người nước Trung Hoa",0,0,0,0,8,7,0,0,PASS,PASS
中学生,1,3,zhōng xué shēng,học sinh trung học,học sinh trung học,0,0,0,0,3,1,0,0,PASS,PASS
中小学,2,3,zhōng xiǎo xué,trường tiểu học và trung học cơ sở,trường tiểu học và trung học cơ sở,0,0,0,0,2,1,0,0,PASS,PASS
中药铺,3,3,zhōng yào pù,Tiệm thuốc Bắc,"Tiệm thuốc Bắc, hiệu thuốc Đông y",0,0,0,0,2,1,0,0,PASS,PASS
为什么,1,3,wèi shén me,tại sao,tại sao,0,2,0,0,4,4,0,0,PASS,PASS
了不起,2,3,liǎo bu qǐ,tuyệt vời,tuyệt vời,0,0,0,0,0,1,0,2,PASS,PASS
事实上,3,3,shì shí shàng,trên thực tế,trên thực tế; thực ra là,0,2,0,0,2,1,0,0,PASS,PASS
互联网,3,3,hù lián wǎng,Internet,"Internet, mạng lưới toàn cầu; kết nối mạng",0,0,0,0,1,1,0,0,PASS,PASS
交响乐,3,3,jiāo xiǎng yuè,giao hưởng,nhạc giao hưởng,0,2,1,1,3,1,0,0,PASS,PASS
交朋友,2,3,jiāo péng yǒu,kết bạn,kết bạn,0,0,0,0,1,1,0,0,PASS,PASS
人民币,3,3,rén mín bì,nhân dân tệ,đồng tiền Nhân dân tệ (tiền Trung Quốc),0,0,0,0,2,1,0,0,PASS,PASS
人类学,3,3,rén lèi xué,Nhân chủng học,Nhân chủng học,0,0,0,0,2,1,0,0,PASS,PASS
什么样,2,3,shén me yàng,loại gì?,loại gì,0,2,1,1,3,2,0,0,PASS,PASS
代表团,3,3,dài biǎo tuán,phái đoàn,"phái đoàn, đoàn đại biểu",0,2,0,0,2,1,0,0,PASS,PASS
价值观,3,3,jià zhí guān,giá trị,giá trị,0,0,0,0,0,1,0,1,PASS,PASS
伊斯兰,3,3,Yī sī lán,Hồi giáo,Hồi giáo,0,0,0,0,2,1,0,0,PASS,PASS
体育场,2,3,tǐ yù chǎng,sân vận động,sân vận động,0,1,0,0,1,1,0,1,PASS,PASS
体育迷,3,3,tǐ yù mí,người hâm mộ thể thao,"người hâm mộ thể thao, fan thể thao",0,0,0,0,2,1,0,0,PASS,PASS
体育馆,2,3,tǐ yù guǎn,sân vận động,nhà thi đấu,0,2,0,0,2,1,0,1,PASS,PASS
俄罗斯,1,3,É luó sī,Nga,Nga,1,0,0,0,2,1,0,0,PASS,PASS
信用卡,2,3,xìn yòng kǎ,thẻ tín dụng,thẻ tín dụng,0,1,0,0,0,1,0,0,PASS,PASS
停车场,2,3,tíng chē chǎng,bãi đậu xe,bãi đậu xe,0,1,0,0,2,1,0,0,PASS,PASS
充电宝,3,3,chōng diàn bǎo,sạc dự phòng,sạc dự phòng,0,0,0,0,0,1,0,0,PASS,PASS
公交车,2,3,gōng jiāo chē,xe buýt,xe buýt,0,2,0,0,3,2,0,2,PASS,PASS
公务员,3,3,gōng wù yuán,công chức,"công chức, nhân viên nhà nước",0,2,0,0,2,1,0,0,PASS,PASS
冰淇淋,1,3,bīng qí lín,Kem,Kem,0,0,0,0,2,1,0,0,PASS,PASS
出乱子,3,3,chū luàn zi,xảy ra chuyện lộn xộn,"xảy ra chuyện lộn xộn, gây rắc rối",0,0,0,0,2,1,0,0,PASS,PASS
出租车,1,3,chū zū chē,taxi,taxi,0,2,1,2,4,3,0,0,PASS,PASS
出远门,3,3,chū yuǎn mén,Đi xa,"Đi xa, đi xa nhà",0,0,0,0,2,1,0,0,PASS,PASS
别客气,1,3,bié kè qi,Đừng khách sáo,"Đừng khách sáo, đừng ngại",0,0,0,0,2,1,0,0,PASS,PASS
办公室,2,3,bàn gōng shì,văn phòng,văn phòng,0,2,0,0,4,3,0,0,PASS,PASS
动物园,2,3,dòng wù yuán,sở thú,sở thú,0,2,1,1,2,1,0,0,PASS,PASS
十字架,3,3,shí zì jià,thập tự giá,"thập tự giá, thánh giá",0,0,0,0,2,1,0,0,PASS,PASS
卫生间,1,3,wèi shēng jiān,nhà vệ sinh,"nhà vệ sinh, toilet; phòng tắm",0,2,0,0,2,1,0,1,PASS,PASS
双胞胎,2,3,shuāng bāo tāi,sinh đôi,Nghĩa của 双胞胎,0,0,0,0,3,1,0,0,PASS,PASS
发脾气,2,3,fā pí qì,nổi giận,"phát tỳ khí — nổi giận, bùng phát cơn giận; thường chỉ sự bộc phát cảm xúc ra bên ngoài không kiềm được.",0,3,1,1,4,1,0,1,PASS,PASS
同义词,3,3,tóng yì cí,Từ đồng nghĩa,Từ đồng nghĩa,0,0,0,0,2,1,0,0,PASS,PASS
吹口哨,3,3,chuī kǒu shào,huýt sáo,huýt sáo,0,0,0,0,2,1,0,0,PASS,PASS
哈尔滨,1,3,Hā ěr bīn,Cáp Nhĩ Tân (thành phố ở Trung Quốc),Cáp Nhĩ Tân (thành phố ở Trung Quốc),0,0,0,0,2,1,0,0,PASS,PASS
哲学家,2,3,zhé xué jiā,Nhà triết học,Nhà triết học.,0,0,0,0,2,1,0,0,PASS,PASS
售货员,1,3,shòu huò yuán,nhân viên bán hàng,nhân viên bán hàng,0,0,0,0,2,1,0,0,PASS,PASS
图书馆,1,3,tú shū guǎn,thư viện,thư viện,0,2,0,0,6,5,0,0,PASS,PASS
圣诞节,1,3,Shèng dàn jié,Giáng sinh,Giáng sinh,0,0,0,0,0,1,0,0,PASS,PASS
地铁站,2,3,dì tiě zhàn,ga tàu điện ngầm,địa thiết trạm,0,2,0,0,3,1,0,0,PASS,PASS
基本上,3,3,jī běn shang,về cơ bản,về cơ bản; căn bản; nói chung là,0,2,0,0,2,1,0,0,PASS,PASS
基督徒,3,3,jī dū tú,tín đồ Cơ Đốc giáo,"tín đồ Cơ Đốc giáo, tín đồ Thiên Chúa giáo",0,0,0,0,2,1,0,0,PASS,PASS
基督教,3,3,jī dū jiào,Cơ Đốc giáo,Cơ Đốc giáo; Kitô giáo (tôn giáo dựa trên giáo lý của Chúa Giê-su),0,3,1,1,4,1,0,0,PASS,PASS
大使馆,3,3,dà shǐ guǎn,đại sứ quán,Đại sứ quán,0,2,0,0,2,1,0,0,PASS,PASS
大多数,2,3,dà duō shù,đại đa số,đại đa số,1,2,1,1,3,1,0,0,PASS,PASS
大学生,1,3,dà xué shēng,sinh viên đại học,sinh viên,0,2,0,0,2,1,0,0,PASS,PASS
大熊猫,3,3,dà xióng māo,Gấu trúc lớn,Gấu trúc lớn,0,0,0,0,0,0,0,0,PARTIAL,BLOCKED-NO-SUPPORTING-EVIDENCE
大理石,3,3,dà lǐ shí,đá cẩm thạch,"đá cẩm thạch, đá hoa cương",0,0,0,0,2,1,0,0,PASS,PASS
大自然,2,3,dà zì rán,thiên nhiên,đại tự nhiên,0,1,0,0,3,1,0,0,PASS,PASS
大部分,1,3,dà bù fen,phần lớn,"phần lớn, đại đa số",0,2,0,0,3,2,0,0,PASS,PASS
太极拳,1,3,tài jí quán,Thái Cực Quyền,Thái Cực Quyền,0,2,0,0,4,1,0,0,PASS,PASS
奥运会,3,3,Ào yùn huì,Thế vận hội,Thế vận hội Olympic,0,2,0,0,3,1,0,0,PASS,PASS
女朋友,1,3,nǚ péng you,bạn gái,bạn gái,0,3,0,0,4,1,0,0,PASS,PASS
好好儿,1,3,hǎo hāor ,tử tế,"tử tế, cẩn thận, cho tốt, đàng hoàng",0,0,0,0,2,1,0,0,PASS,PASS
好玩儿,1,3,hǎo wánr,vui,"vui, thú vị",0,0,0,0,0,1,1,1,PASS,PASS
学生证,2,3,xué shēng zhèng,Thẻ học sinh,Thẻ học sinh/sinh viên,0,0,0,0,2,1,0,0,PASS,PASS
实际上,3,3,shí jì shàng,thực tế,"thực tế, trên thực tế",0,0,0,0,0,1,0,2,PASS,PASS
实验室,3,3,shí yàn shì,phòng thí nghiệm,phòng thí nghiệm,0,2,1,1,2,1,0,0,PASS,PASS
室内乐,3,3,shì nèi yuè,nhạc thính phòng,nhạc thính phòng,0,0,0,0,2,1,0,0,PASS,PASS
家常菜,2,3,jiā cháng cài,món ăn gia đình,"món ăn gia đình, món ăn thường ngày",0,0,0,0,2,1,0,0,PASS,PASS
对不起,1,3,duì bu qǐ,tôi xin lỗi,xin lỗi,0,0,0,0,6,2,0,0,PASS,PASS
小儿科,3,3,xiǎo ér kē,Chuyện vặt,"Chuyện vặt, chuyện trẻ con; khoa nhi (nghĩa đen)",0,0,0,0,2,1,0,0,PASS,PASS
小学生,1,3,xiǎo xué shēng,học sinh tiểu học,học sinh tiểu học,0,2,0,0,2,1,0,0,PASS,PASS
小孩儿,2,3,xiǎo háir,trẻ con,trẻ con; đứa trẻ,0,0,0,0,0,1,0,0,PASS,PASS
小提琴,3,3,xiǎo tí qín,vĩ cầm,"Tiểu đề cầm — đàn violin (vĩ cầm); nhạc cụ dây được kéo bằng cung, thuộc bộ dây trong dàn nhạc giao hưởng. 小 (nhỏ) để phân biệt với 大提琴 (cello — đại đề cầm).",0,3,0,0,4,1,0,0,PASS,PASS
小时候,2,3,xiǎo shí hou,Hồi nhỏ,hồi nhỏ,0,2,0,0,3,2,0,0,PASS,PASS
小朋友,1,3,xiǎo péng you,bé trai hoặc bé gái,"bé, đứa trẻ (xưng hô thân mật)",0,0,0,0,4,2,0,0,PASS,PASS
工作日,3,3,gōng zuò rì,ngày làm việc,ngày làm việc,0,0,0,0,0,0,0,0,PARTIAL,BLOCKED-NO-SUPPORTING-EVIDENCE
工程师,3,3,gōng chéng shī,kỹ sư,kỹ sư,0,2,0,0,2,1,0,0,PASS,PASS
巧克力,1,3,qiǎo kè lì,sô cô la,sô cô la,0,0,0,0,0,1,0,0,PASS,PASS
差不多,1,3,chà bu duō,gần như,gần như; hầu như,0,1,1,3,5,4,0,0,PASS,PASS
干什么,1,3,gàn shén me,làm gì?,làm gì,0,2,0,0,3,1,0,1,PASS,PASS
幼儿园,2,3,yòu'ér yuán,nhà trẻ,"nhà trẻ, mầm non",0,3,0,0,4,1,0,0,PASS,PASS
广告栏,2,3,guǎng gào lán,Bảng quảng cáo,"Bảng quảng cáo, cột quảng cáo",0,0,0,0,2,1,0,0,PASS,PASS
康乃馨,3,3,kāng nǎi xīn,hoa cẩm chướng,hoa cẩm chướng,0,0,0,0,2,1,0,0,PASS,PASS
开玩笑,1,3,kāi wán xiào,đùa cợt,"đùa cợt, nói đùa",0,3,1,1,4,1,0,0,PASS,PASS
德国人,2,3,dé guó rén,Người Đức,Người Đức,0,0,0,0,2,1,0,0,PASS,PASS
心脏病,3,3,xīn zàng bìng,bệnh tim,bệnh tim,0,0,0,0,0,1,0,0,PASS,PASS
忍不住,2,3,rěn bu zhù,không thể chịu nổi,không thể chịu nổi; không kìm lòng được,0,3,1,1,3,1,0,0,PASS,PASS
志愿者,3,3,zhì yuàn zhě,tình nguyện viên,Tình nguyện viên,0,3,1,1,3,1,0,0,PASS,PASS
怎么了,2,3,zěn me le,bị làm sao,bị làm sao; sao thế,0,0,0,0,0,1,0,0,PASS,PASS
怎么办,2,3,zěn me bàn,làm thế nào?,làm thế nào,0,2,0,0,2,1,0,0,PASS,PASS
怎么样,1,3,zěn me yàng,Thế nào?,Thế nào,1,2,1,1,10,8,0,0,PASS,PASS
恨不得,3,3,hèn bu de,mong muốn,"ước ao đến mức bực bội vì không làm được — 'giá mà có thể', 'chỉ muốn', diễn đạt mong muốn cháy bỏng kèm sự tiếc nuối hoặc bất lực",0,2,1,1,4,1,0,1,PASS,PASS
感兴趣,1,3,gǎn xìng qù,quan tâm đến,quan tâm đến,0,2,2,3,5,4,0,0,PASS,PASS
成绩单,2,3,chéng jì dān,Bảng điểm,"Bảng điểm, phiếu báo kết quả học tập.",0,0,0,0,2,1,0,0,PASS,PASS
打交道,3,3,dǎ jiāo dao,liên lạc,"liên lạc, giao thiệp",0,2,0,0,4,1,0,2,PASS,PASS
打哈欠,3,3,dǎ hā qian,Ngáp,Ngáp,0,0,0,0,2,1,0,0,PASS,PASS
打喷嚏,3,3,dǎ pēn tì,hắt hơi,hắt hơi,0,2,0,0,4,1,0,0,PASS,PASS
打官司,3,3,dǎ guān sī,kiện,"kiện (đổ lỗi, kiện tụng)",0,1,1,3,4,1,0,0,PASS,PASS
打招呼,3,3,dǎ zhāo hu,chào hỏi,chào hỏi,0,2,0,0,4,1,0,0,PASS,PASS
打电话,1,3,dǎ diàn huà,gọi điện thoại,"gọi điện thoại, gọi vào số máy",0,3,0,0,9,6,0,0,PASS,PASS
打篮球,2,3,dǎ lánqiú,chơi bóng rổ,chơi bóng rổ,0,0,0,0,8,6,0,0,PASS,PASS
接下来,2,3,jiē xià lái,tiếp theo,tiếp hạ lai,0,2,0,0,2,1,0,0,PASS,PASS
推销员,2,3,tuī xiāo yuán,Nhân viên tiếp thị,"Nhân viên tiếp thị, nhân viên bán hàng, người bán dạo.",0,0,0,0,2,1,0,0,PASS,PASS
收音机,3,3,shōu yīn jī,máy thu thanh,"máy thu thanh, radio",0,2,1,1,1,1,0,0,PASS,PASS
教学楼,1,3,jiào xué lóu,tòa nhà dạy học,tòa nhà giảng đường,0,0,0,0,3,1,0,0,PASS,PASS
敬老院,2,3,jìng lǎo yuàn,viện dưỡng lão,viện dưỡng lão,0,0,0,0,2,1,0,0,PASS,PASS
新加坡,3,3,Xīn jiā pō,Singapore,Singapore,0,0,0,0,2,1,0,0,PASS,PASS
方便面,2,3,fāng biàn miàn,mì ăn liền,phương tiện diện,0,1,0,0,1,1,0,0,PASS,PASS
旅行社,2,3,lǚ xíng shè,công ty du lịch,công ty du lịch,0,2,0,0,2,1,0,0,PASS,PASS
明信片,1,3,míng xìn piàn,bưu thiếp,bưu thiếp,0,2,0,0,4,1,0,0,PASS,PASS
星期一,1,3,xīng qī yī,thứ Hai,thứ Hai,0,0,0,0,1,3,0,0,PASS,PASS
星期三,1,3,xīng qī sān,thứ Tư,thứ Tư,0,0,0,0,5,4,0,0,PASS,PASS
星期二,1,3,xīng qī èr,thứ Ba,thứ Ba,0,0,0,0,0,1,0,0,PASS,PASS
星期五,1,3,xīng qī wǔ,thứ Sáu,thứ Sáu,0,0,0,0,1,3,0,0,PASS,PASS
星期六,1,3,xīng qī liù,thứ Bảy,thứ Bảy,0,0,0,0,1,2,0,0,PASS,PASS
星期四,1,3,xīng qī sì,thứ Năm,thứ Năm,0,0,0,0,1,2,0,0,PASS,PASS
星期天,1,3,xīng qī tiān,Chủ nhật,Chủ nhật (ngày nghỉ cuối tuần),0,3,1,1,4,1,0,1,PASS,PASS
星期日,1,3,xīng qī rì,Chủ nhật,Chủ nhật (ngày thứ bảy trong tuần),0,3,1,1,4,1,0,1,PASS,PASS
是不是,1,3,shì bu shì,có phải không?,có phải không?; phải không?; liệu có,0,2,1,3,7,2,0,0,PASS,PASS
普通话,2,3,pǔ tōng huà,tiếng phổ thông,tiếng phổ thông,0,1,1,2,2,1,0,0,PASS,PASS
曼哈顿,3,3,màn hā dùn,Manhattan (một quận của New York),Manhattan (một quận của New York),0,0,0,0,2,1,0,0,PASS,PASS
有味儿,2,3,yǒu wèir ,Có mùi vị (thơm ngon),"Có mùi vị (thơm ngon), có hương vị",0,0,0,0,2,1,0,0,PASS,PASS
有意义,3,3,yǒu yì yì,Có ý nghĩa,Có ý nghĩa,0,0,0,0,2,1,0,0,PASS,PASS
有意思,1,3,yǒu yì si,thú vị,"thú vị, hay",0,2,1,3,6,5,0,0,PASS,PASS
有时候,1,3,yǒu shí hou,đôi khi,"đôi khi, thỉnh thoảng, có lúc",0,2,0,0,5,1,0,1,PASS,PASS
有点儿,1,3,yǒu diǎnr,hơi,"hơi, có chút",0,0,0,0,8,8,1,0,PASS,PASS
有的是,3,3,yǒu de shì,có nhiều hơn đủ,có rất nhiều; ẩn dư; còn nhiều lắm,0,2,0,0,2,1,0,0,PASS,PASS
服务台,3,3,fú wù tái,quầy lễ tân,quầy lễ tân; quầy phục vụ,0,0,0,0,0,1,0,0,PASS,PASS
服务员,1,3,fúwùyuán,nhân viên phục vụ,"nhân viên phục vụ, phục vụ viên",0,0,0,0,3,1,0,0,PASS,PASS
来不及,2,3,lái bu jí,không đủ thời gian,không kịp,0,0,0,0,5,2,0,0,PASS,PASS
比一比,3,3,bǐ yī bǐ,so sánh,"so sánh, so sánh (vếng)",0,0,0,0,3,1,0,1,PASS,PASS
比如说,2,3,bǐ rú shuō,ví dụ như,tỷ như thuyết,0,2,0,0,2,1,0,0,PASS,PASS
比方说,3,3,bǐ fang shuō,Ví dụ,"Ví dụ, chẳng hạn",0,0,0,0,2,1,0,3,PASS,PASS
没什么,1,3,méi shén me,không có gì,"không có gì đặc biệt, không sao",0,3,0,0,5,1,0,0,PASS,PASS
没关系,1,3,méi guān xi,không sao,"không sao, không có gì",0,1,0,0,6,2,0,1,PASS,PASS
没意思,1,3,méi yì si,chán,"chán, không thú vị",0,2,1,1,5,2,0,0,PASS,PASS
没意见,1,3,méi yì jiàn,Không có ý kiến gì,"Không có ý kiến gì, đồng ý",0,0,0,0,2,1,0,0,PASS,PASS
没问题,1,3,méi wèn tí,không vấn đề gì,"không vấn đề gì, được thôi",0,0,0,0,2,1,0,0,PASS,PASS
洗手间,1,3,xǐ shǒu jiān,nhà vệ sinh,nhà vệ sinh,0,2,1,1,3,1,0,1,PASS,PASS
洗衣机,2,3,xǐ yī jī,máy giặt,máy giặt,0,2,1,1,3,1,0,0,PASS,PASS
滚雪球,3,3,gǔn xuě qiú,lăn cầu tuyết (ý nói sự việc ngày càng lớn,"lăn cầu tuyết (ý nói sự việc ngày càng lớn, tích tụ dần)",0,0,0,0,2,1,0,0,PASS,PASS
演唱会,3,3,yǎn chàng huì,buổi hòa nhạc,"Buổi hòa nhạc, buổi biểu diễn nhạc",0,2,0,0,2,1,0,1,PASS,PASS
火车站,1,3,huǒ chē zhàn,ga xe lửa,"ga xe lửa, nhà ga; nơi tàu hỏa dừng và đón trả khách",0,2,1,1,3,1,0,0,PASS,PASS
照相机,3,3,zhào xiàng jī,máy ảnh,"Máy ảnh là thiết bị dùng để chụp ảnh, ghi lại hình ảnh vật thể qua ống kính.",0,2,0,0,3,1,0,1,PASS,PASS
爱情片,2,3,ài qíng piàn,phim tình cảm,phim tình cảm,0,0,0,0,1,2,0,0,PASS,PASS
牛仔裤,2,3,niú zǎi kù,quần jean,quần jean,0,2,0,0,4,1,0,0,PASS,PASS
玩意儿,3,3,wán yìr ,đồ chơi,"đồ chơi, thứ hay ho",0,0,0,0,2,1,0,1,PASS,PASS
玫瑰花,3,3,méiguīhuā,hoa hồng,"bông hồng, hoa hồng",0,0,0,0,3,1,0,0,PASS,PASS
班主任,2,3,bān zhǔ rèn,giáo viên chủ nhiệm,giáo viên chủ nhiệm,0,2,0,0,4,1,0,0,PASS,PASS
生产力,3,3,shēng chǎn lì,Sức sản xuất,"Sức sản xuất, năng suất lao động",0,0,0,0,2,1,0,0,PASS,PASS
电子书,3,3,diàn zǐ shū,sách điện tử,sách điện tử,0,0,0,0,0,1,0,0,PASS,PASS
电影院,1,3,diàn yǐng yuàn,rạp chiếu phim,"rạp chiếu phim, rạp phim",0,3,0,0,5,2,0,0,PASS,PASS
电视剧,1,3,diàn shì jù,phim truyền hình,Phim truyền hình,0,1,0,0,2,1,0,1,PASS,PASS
电视台,3,3,diàn shì tái,đài truyền hình,đài truyền hình,0,0,0,0,0,1,0,0,PASS,PASS
电视机,1,3,diàn shì jī,TV,TV,0,2,1,1,3,1,0,1,PASS,PASS
男孩儿,2,3,nán háir,bé trai,bé trai; con trai,0,0,0,0,0,1,0,0,PASS,PASS
男孩子,1,3,nán hái zi,cậu bé,"cậu bé, đứa con trai",0,3,0,0,4,1,0,0,PASS,PASS
男朋友,1,3,nán péng you,bạn trai,bạn trai (người yêu nam),0,2,0,0,3,2,0,0,PASS,PASS
留学生,1,3,liú xué shēng,du học sinh,du học sinh,0,0,0,0,2,1,0,0,PASS,PASS
畜牧业,3,3,xù mù yè,Chăn nuôi,Chăn nuôi,0,0,0,0,2,1,0,0,PASS,PASS
疗养院,3,3,liáo yǎng yuàn,viện điều dưỡng,"viện điều dưỡng, nhà an dưỡng",0,0,0,0,2,1,0,0,PASS,PASS
白日梦,3,3,bái rì mèng,giấc mơ ban ngày,"giấc mơ ban ngày, mơ mộng hão huyền",0,0,0,0,2,1,0,0,PASS,PASS
目的地,2,3,mù dì dì,điểm đến,"Mục đích địa — điểm đến, nơi cần đến. Dùng trong du lịch, giao thông, và nghĩa bóng (mục tiêu cuối cùng).",0,4,2,2,4,1,0,0,PASS,PASS
看上去,3,3,kàn shàng qu,trông giống,"trông có vẻ, nhìn qua thì thấy; đánh giá dựa trên ấn tượng bên ngoài",0,2,0,0,3,3,0,0,PASS,PASS
看起来,1,3,kàn qǐ lái,trông như thể,"trông có vẻ, hình như",0,0,0,0,1,3,0,0,PASS,PASS
睡懒觉,1,3,shuì lǎn jiào,ngủ nướng,"ngủ nướng, ngủ dậy muộn",0,0,0,0,2,1,0,0,PASS,PASS
矿泉水,3,3,kuàng quán shuǐ,nước khoáng,nước khoáng,0,0,0,0,0,1,0,0,PASS,PASS
矿物质,3,3,kuàng wù zhì,khoáng chất,"khoáng chất, chất khoáng",0,0,0,0,2,1,0,0,PASS,PASS
研究生,1,3,yán jiū shēng,học viên cao học,nghiên cứu sinh,0,0,0,0,3,1,0,0,PASS,PASS
笔记本,2,3,bǐ jì běn,máy tính xách tay,sổ tay,0,2,1,1,4,2,0,0,PASS,PASS
简化字,2,3,jiǎn huà zì,Chữ giản thể,Chữ giản thể,0,0,0,0,2,1,0,0,PASS,PASS
红绿灯,3,3,hóng lǜ dēng,đèn giao thông,đèn giao thông,0,0,0,0,0,1,0,0,PASS,PASS
纳闷儿,3,3,nà mènr ,băn khoăn,"băn khoăn, thắc mắc, khó hiểu",0,0,0,0,2,1,0,0,PASS,PASS
维生素,2,3,wéi shēng sù,vitamin,Duy sinh tố — vitamin; chất dinh dưỡng thiết yếu cho cơ thể.,0,0,0,0,3,1,0,0,PASS,PASS
美术馆,1,3,měi shù guǎn,Bảo tàng mỹ thuật,"Bảo tàng mỹ thuật, phòng trưng bày nghệ thuật",0,0,0,0,2,1,0,0,PASS,PASS
羽毛球,3,3,yǔ máo qiú,cầu lông,cầu lông,0,0,0,0,0,0,0,0,PARTIAL,BLOCKED-NO-SUPPORTING-EVIDENCE
老太太,3,3,lǎo tài tai,bà cụ,"Bà cụ, bà già; (vùng phương Bắc) vợ, bà",0,3,1,3,3,1,0,0,PASS,PASS
老朋友,2,3,lǎo péng you,bạn cũ,bạn cũ,0,1,0,0,2,1,0,0,PASS,PASS
老百姓,3,3,lǎo bǎi xìng,người dân,"Người dân, dân thường",0,3,2,2,3,1,0,0,PASS,PASS
聊天儿,1,3,liáo tiānr ,Trò chuyện,"Trò chuyện, tán gẫu",0,0,0,0,3,3,1,1,PASS,PASS
联合国,3,3,Lián hé guó,Liên Hợp Quốc,Liên Hợp Quốc,0,3,1,1,3,1,0,0,PASS,PASS
联欢会,1,3,lián huān huì,Buổi liên hoan,"Buổi liên hoan, tiệc mừng",0,0,0,0,2,1,0,0,PASS,PASS
能不能,3,3,néng bu néng,có thể hay không,có được không; có thể không,0,2,0,0,3,2,0,0,PASS,PASS
自行车,1,3,zì xíng chē,xe đạp,xe đạp,0,2,1,2,4,3,0,0,PASS,PASS
葡萄酒,1,3,pú tao jiǔ,rượu nho,rượu nho,0,0,0,0,0,0,0,0,PARTIAL,BLOCKED-NO-SUPPORTING-EVIDENCE
蛋白质,3,3,dàn bái zhì,protein,"protein, chất đạm (đại phân tử sinh học cấu tạo từ axit amin, thiết yếu cho cơ thể)",0,4,3,3,4,1,0,0,PASS,PASS
行李箱,3,3,xíng li xiāng,vali,"Vali hay cốp xe là hộp đựng đồ dùng khi đi du lịch hoặc đi xa, thường có bánh xe để kéo đi.",0,1,0,0,3,1,0,0,PASS,PASS
西红柿,2,3,xī hóng shì,cà chua,cà chua,1,2,0,0,2,1,0,0,PASS,PASS
计算机,2,3,jì suàn jī,máy tính,máy tính,0,2,0,0,2,1,0,1,PASS,PASS
请假条,1,3,qǐng jià tiáo,Giấy xin nghỉ phép,Giấy xin nghỉ phép,0,0,0,0,2,1,0,0,PASS,PASS
赶不上,2,3,gǎn bu shàng,không theo kịp,"không theo kịp, không đuổi kịp; không đủ thời gian để bắt kịp (xe, người, tiến độ…)",0,3,0,0,4,1,0,0,PASS,PASS
超声波,3,3,chāo shēng bō,sóng siêu âm,"sóng siêu âm, siêu âm",0,0,0,0,2,1,0,0,PASS,PASS
越来越,2,3,yuè lái yuè,càng ngày càng,càng ngày càng,0,1,1,3,7,4,0,0,PASS,PASS
踢足球,2,3,tī zúqiú,chơi bóng đá,chơi bóng đá,0,0,0,0,7,5,0,0,PASS,PASS
身份证,3,3,shēn fèn zhèng,chứng minh thư,"Chứng minh thư, giấy tờ tùy thân",0,3,2,2,3,1,0,0,PASS,PASS
过山车,3,3,guò shān chē,tàu lượn siêu tốc,"tàu lượn siêu tốc, tàu lượn",0,0,0,0,2,1,0,0,PASS,PASS
运动会,3,3,yùn dòng huì,đại hội thể thao,đại hội thể thao,0,1,1,3,3,2,0,0,PASS,PASS
运动员,3,3,yùn dòng yuán,vận động viên,vận động viên,0,1,1,2,2,1,0,1,PASS,PASS
还可以,1,3,hái kě yǐ,tạm được,"tạm được, cũng được, vẫn được",0,0,0,0,4,3,0,0,PASS,PASS
这时候,2,3,zhè shí hòu,lúc này,lúc này,0,1,0,0,2,1,0,0,PASS,PASS
进一步,3,3,jìn yī bù,tiếp tục,"hơn nữa, tiếp tục, thêm một bước nữa",0,2,1,1,2,1,0,3,PASS,PASS
连续剧,3,3,lián xù jù,phim truyền hình,"phim truyền hình, phim bộ; phim hoặc kịch được phát sóng thành nhiều tập liên tiếp",0,2,0,0,2,1,0,1,PASS,PASS
那时候,2,3,nà shí hòu,lúc đó,lúc đó,0,2,0,0,2,1,0,1,PASS,PASS
银行卡,2,3,yín háng kǎ,thẻ ngân hàng,thẻ ngân hàng,0,1,0,0,2,1,0,0,PASS,PASS
阿拉伯,3,3,ā lā bó,Ả Rập,Ả Rập,0,0,0,0,2,1,0,0,PASS,PASS
青少年,2,3,qīng shào nián,thanh thiếu niên,thanh thiếu niên,0,2,0,0,2,1,0,0,PASS,PASS
面条儿,1,3,miàn tiáor,mì sợi,mì sợi,0,0,0,0,0,1,0,0,PASS,PASS
音乐会,1,3,yīn yuè huì,buổi hòa nhạc,buổi hòa nhạc,0,1,1,1,4,2,0,1,PASS,PASS
高尔夫,3,3,gāo ěr fū,Gôn (golf),Gôn (golf),0,0,0,0,2,1,0,0,PASS,PASS
高血压,3,3,gāo xuè yā,huyết áp cao,"huyết áp cao, tăng huyết áp (ghép: 高=cao, 血=máu, 压=áp lực → áp lực máu cao)",0,1,0,0,3,1,0,0,PASS,PASS
麦当劳,1,3,Mài dāng láo,McDonald's,McDonald's,0,0,0,0,2,1,0,0,PASS,PASS
黄金周,2,3,huáng jīn zhōu,Tuần lễ vàng (kỳ nghỉ dài 7 ngày ở Trung Quốc,"Tuần lễ vàng (kỳ nghỉ dài 7 ngày ở Trung Quốc, thường là Quốc khánh hoặc Quốc tế Lao động).",0,0,0,0,2,1,0,0,PASS,PASS
一成不变,3,4,yī chéng bù biàn,vĩnh viễn,"Nhất thành bất biến — cứng nhắc, không thay đổi dù hoàn cảnh biến chuyển; existingMeaning 「vĩnh viễn」 quá hẹp, từ này thiên về nghĩa phê phán sự thiếu linh hoạt.",0,3,2,3,4,1,0,0,PASS,PASS
一路平安,2,4,yī lù píng'ān,Thượng lộ bình an,chúc đường đi bình an,0,2,0,0,2,1,0,1,PASS,PASS
一路顺风,2,4,yī lù shùn fēng,thượng lộ bình an,chúc đường đi thuận lợi,0,2,0,0,2,1,0,1,PASS,PASS
三三两两,2,4,sān san liǎng liǎng,Lác đác vài ba (người,"Lác đác vài ba (người/vật), rải rác từng tốp nhỏ.",0,0,0,0,2,1,0,0,PASS,PASS
不好意思,1,4,bù hǎo yì si,xấu hổ,xấu hổ / xin lỗi,0,2,0,0,2,1,0,0,PASS,PASS
不约而同,3,4,bù yuē ér tóng,đồng tình mà không cần thảo luận trước,"trùng hợp, đồng loạt (làm việc gì giống nhau không hẹn trước)",0,2,1,1,4,1,0,0,PASS,PASS
与日俱增,3,4,yǔ rì jù zēng,tăng theo từng ngày,"tăng theo từng ngày, ngày càng nhiều",0,0,0,0,2,1,0,0,PASS,PASS
中华民族,3,4,Zhōng huá mín zú,dân tộc Trung Quốc,"Dân tộc Trung Hoa, dân tộc Trung Quốc",0,2,1,1,3,1,0,0,PASS,PASS
久而久之,3,4,jiǔ ér jiǔ zhī,lâu dần,"lâu dần, dần dà",0,0,0,0,2,1,0,0,PASS,PASS
五光十色,3,4,wǔ guāng shí sè,muôn màu muôn vẻ,"muôn màu muôn vẻ, sặc sỡ, rực rỡ",0,0,0,0,2,1,0,0,PASS,PASS
众所周知,3,4,zhòng suǒ zhōu zhī,mọi người đều biết,Nghĩa của 众所周知,0,0,0,0,3,1,0,0,PASS,PASS
似曾相识,3,4,sì céng xiāng shí,đã gặp trước đây,"đã gặp trước đây, quen thuộc",0,1,1,1,4,1,0,0,PASS,PASS
傻里傻气,3,4,shǎ li shǎ qì,Ngây ngô,"Ngây ngô, khờ khạo, ngớ ngẩn",0,0,0,0,2,1,0,0,PASS,PASS
公共汽车,1,4,gōng gòng qì chē,xe buýt,xe buýt,0,2,2,3,3,2,0,2,PASS,PASS
动脉硬化,3,4,dòng mài yìng huà,xơ vữa động mạch,"xơ vữa động mạch, xơ cứng động mạch",0,0,0,0,2,1,0,0,PASS,PASS
千方百计,3,4,qiān fāng bǎi jì,bằng mọi cách,"mọi cách, mọi thủ đoạn",0,0,0,0,3,1,0,0,PASS,PASS
卡拉OK,1,4,kǎ lā <OK>,Karaoke (KTV),Karaoke (KTV),0,0,0,0,2,1,0,0,PASS,PASS
另一方面,3,4,lìng yī fāng miàn,mặt khác,mặt khác; một khía cạnh khác; bên cạnh đó,0,2,0,0,2,1,0,0,PASS,PASS
名胜古迹,2,4,míng shèng gǔ jì,danh lam thắng cảnh và di tích lịch sử,danh lam thắng cảnh và di tích lịch sử,0,2,0,0,4,1,0,0,PASS,PASS
哪{儿},1,4,nǎr ,Ở đâu?,"Ở đâu, nơi nào; (hỏi vị trí)",0,0,0,0,0,1,1,2,PASS,PASS
啼笑皆非,3,4,tí xiào jiē fēi,dở khóc dở cười,"dở khóc dở cười, không biết nên khóc hay nên cười",0,0,0,0,2,1,0,0,PASS,PASS
喜出望外,3,4,xǐ chū wàng wài,vui mừng khôn xiết,"Hỷ-xuất-vọng-ngoại — vui mừng bất ngờ vượt ngoài mong đợi; bất ngờ gặp điều tốt đẹp vượt quá kỳ vọng. Đúng hơn 'mừng khôn xiết vì nằm ngoài dự tính', không chỉ là 'vui mừng lớn'.",0,3,0,0,4,1,0,0,PASS,PASS
大吉大利,3,4,dà jí dà lì,đại cát đại lợi,"đại cát đại lợi, rất may mắn và thuận lợi",0,0,0,0,2,1,0,0,PASS,PASS
大惊小怪,3,4,dà jīng xiǎo guài,làm to chuyện,"đại kinh tiểu quái — làm to chuyện, phản ứng thái quá với điều bình thường; hay giật mình vì chuyện nhỏ",0,3,2,2,4,1,0,0,PASS,PASS
天人合一,3,4,tiān rén hé yī,thiên nhân hợp nhất (con người và trời đất hòa hợp),thiên nhân hợp nhất (con người và trời đất hòa hợp),0,0,0,0,2,1,0,0,PASS,PASS
天长地久,3,4,tiān cháng dì jiǔ,vĩnh cửu,"muôn đời, vĩnh cửu (thành ngữ)",0,2,2,2,3,1,0,0,PASS,PASS
好样儿的,3,4,hǎo yàngr  de,Tuyệt vời,"Tuyệt vời, xuất sắc, đáng khen",0,0,0,0,2,1,0,2,PASS,PASS
如日中天,3,4,rú rì zhōng tiān,Như mặt trời giữa trưa,"Như mặt trời giữa trưa, đang ở đỉnh cao, thời kỳ hoàng kim",0,0,0,0,2,1,0,0,PASS,PASS
少之又少,3,4,shǎo zhī yòu shǎo,cực kỳ ít,"cực kỳ ít, hiếm hoi",0,0,0,0,2,1,0,0,PASS,PASS
平方公里,2,4,píng fāng gōng lǐ,Kilômét vuông (km²),Kilômét vuông (km²),0,0,0,0,2,1,0,0,PASS,PASS
强弩之末,3,4,qiáng nǔ zhī mò,Tên nỏ mạnh hết đà,"Tên nỏ mạnh hết đà, sức mạnh đã cạn, yếu ớt khi kết thúc",0,0,0,0,2,1,0,0,PASS,PASS
文艺复兴,3,4,wén yì fù xīng,Phục hưng văn hóa,"Phục hưng văn hóa, thời kỳ Phục hưng",0,0,0,0,2,1,0,0,PASS,PASS
新陈代谢,3,4,xīn chén dài xiè,trao đổi chất,Nghĩa của 新陈代谢,0,0,0,0,3,1,0,0,PASS,PASS
早睡早起,1,4,zǎo shuì zǎo qǐ,Ngủ sớm dậy sớm,Ngủ sớm dậy sớm,0,0,0,0,2,1,0,0,PASS,PASS
显而易见,3,4,xiǎn ér yì jiàn,rõ ràng,"rõ ràng, hiển nhiên, dễ thấy, không thể chối cãi",0,2,0,0,4,1,0,4,PASS,PASS
永世长存,3,4,yǒng shì cháng cún,Muôn đời tồn tại,"Muôn đời tồn tại, vĩnh viễn trường tồn",0,0,0,0,2,1,0,0,PASS,PASS
玩{儿},1,4,wánr ,Chơi,"chơi, giải trí (儿 là hậu khuynh Bắc Kinh, thêm 'r' vào cuối)",1,0,0,0,0,1,1,1,PASS,PASS
理所当然,3,4,lǐ suǒ dāng rán,lẽ dĩ nhiên,"Lý sở đương nhiên (理所当然, lǐ suǒ dāng rán) — lẽ đương nhiên, điều hiển nhiên tự nhiên phải như vậy. Dùng khi một điều được xem là dĩ nhiên, không cần nghi ngờ.",0,3,2,3,5,2,0,0,PASS,PASS
生态平衡,3,4,shēng tài píng héng,Cân bằng sinh thái,Cân bằng sinh thái,0,0,0,0,2,1,0,0,PASS,PASS
电子邮件,3,4,diàn zǐ yóu jiàn,email,"Email, thư điện tử",0,2,0,0,2,1,0,0,PASS,PASS
画{儿},2,4,huàr ,tranh,"tranh, bức tranh",0,0,0,0,0,1,1,0,PASS,PASS
白俄罗斯,1,4,Bái é luó sī,Belarus,Belarus,0,0,0,0,2,1,0,0,PASS,PASS
目瞪口呆,3,4,mù dèng kǒu dāi,ngạc nhiên đến mức há hốc miệng,ngạc nhiên đến mức há hốc miệng,0,3,0,0,3,1,0,0,PASS,PASS
知识分子,3,4,zhī shì fèn zǐ,trí thức,"trí thức, người có trình độ học vấn cao",0,3,2,2,4,1,0,0,PASS,PASS
空{儿},3,4,kòngr ,Thời gian rỗi,"Thời gian rảnh, thời gian rỗi",0,4,1,3,3,1,1,0,PASS,PASS
简而言之,3,4,jiǎn ér yán zhī,nói tóm lại,"nói tóm lại, nói một cách đơn giản",0,0,0,0,2,1,0,0,PASS,PASS
结结巴巴,3,4,jiē jie bā bā,lắp bắp,"lắp bắp, cà lăm",0,0,0,0,2,1,0,0,PASS,PASS
自讨苦吃,3,4,zì tǎo kǔ chī,tự chuốc lấy phiền phức,"tự chuốc lấy phiền phức, tự tìm khổ",0,0,0,0,2,1,0,0,PASS,PASS
莫名其妙,3,4,mò míng qí miào,bối rối,"không thể giải thích được, không rõ nguyên do (một cách khó hiểu hoặc vô lý)",0,3,1,3,4,1,0,1,PASS,PASS
购物中心,1,4,gòu wù zhōng xīn,trung tâm mua sắm,trung tâm mua sắm,0,0,0,0,2,1,0,1,PASS,PASS
费尽心机,3,4,fèi jìn xīn jī,hao hết tâm tư,"hao hết tâm tư, dốc hết tâm cơ",0,0,0,0,2,1,0,0,PASS,PASS
这{儿},1,4,zhèr ,ở đây,"Ở đây, nơi này; chỗ này (phương ngữ Bắc Kinh với erhua 儿化)",0,3,1,3,3,1,1,3,PASS,PASS
道听途说,3,4,dào tīng tú shuō,Nghe nói lung tung,"Nghe nói lung tung, nghe lỏm đường sá, tin đồn",0,0,0,0,2,1,0,0,PASS,PASS
那{儿},1,4,nàr ,ở đó,"ở đó, chỗ đó; đại từ chỉ nơi ở xa người nói",0,0,0,0,3,1,1,3,PASS,PASS
闷闷不乐,3,4,mèn mèn bù lè,buồn rầu,"buồn rầu, u sầu, rầu rĩ không vui",0,0,0,0,2,1,0,0,PASS,PASS
马来西亚,3,4,Mǎ lái xī yà,Malaysia,Malaysia,0,0,0,0,2,1,0,0,PASS,PASS
高速公路,3,4,gāo sù gōng lù,đường cao tốc,đường cao tốc; xa lộ,0,0,0,0,2,1,0,1,PASS,PASS
一下{儿},1,5,yī xiàr ,một lúc,"một chút, một lúc; dùng sau động từ để chỉ thời gian ngắn hoặc một lần",0,0,0,0,0,1,0,0,PASS,PASS
一会{儿},1,5,yī huìr ,một lát,"một lát, một chút; trong chốc lát",1,0,0,0,0,1,1,2,PASS,PASS
一点{儿},1,5,yī diǎnr ,một chút,"một chút, một ít; dùng để chỉ số lượng nhỏ hoặc khoảng thời gian ngắn",1,0,0,0,3,1,0,4,PASS,PASS
女孩{儿},1,5,nǚ háir ,con gái,"con gái, cô bé",0,0,0,0,0,1,0,1,PASS,PASS
好玩{儿},1,5,hǎo wánr ,vui,"Vui, thú vị; thích chơi (phương ngữ Bắc Kinh với erhua 儿化)",0,3,2,2,3,1,1,1,PASS,PASS
小话{儿},2,5,xiǎo huàr ,tin nhắn riêng tư,"tin nhắn riêng tư, nói chuyện riêng",0,0,0,0,0,1,0,0,PASS,PASS
快点{儿},2,5,kuài diǎnr ,nhanh lên!,khoái điếm nhĩ,0,0,0,0,0,1,0,0,PASS,PASS
有点{儿},2,5,yǒu diǎnr ,một chút,một chút,0,0,0,0,0,1,1,4,PASS,PASS
没事{儿},1,5,méi shìr ,không sao đâu,"không sao đâu, không có gì",0,0,0,0,0,1,0,0,PASS,PASS
老头{儿},3,5,lǎo tóur ,ông già,"Ông già, người đàn ông lớn tuổi",0,3,0,0,3,1,0,0,PASS,PASS
聊天{儿},3,5,liáo tiānr ,trò chuyện,trò chuyện,0,1,1,1,3,1,1,1,PASS,PASS
那会{儿},2,5,nà huìr ,tại thời điểm đó,tại thời điểm đó,0,0,0,0,0,1,0,0,PASS,PASS
不一会{儿},2,6,bù yī huìr ,trong chốc lát,trong chốc lát,0,0,0,0,0,1,0,0,PASS,PASS
有一点{儿},2,6,yǒu yī diǎnr ,một chút,một chút,0,0,0,0,0,1,0,4,PASS,PASS
