char,tier,pinyin,hanViet,meaningVi,radicalStatus,radical,radicalName,resolutionType,relatedCount,sentenceCount,hsk,source
㐄,C,kuà,,"thành phần trong chữ Hán, hình ảnh phản chiếu của 夂[zhi3]",not-resolved,,,not-resolved,0,0,7,chars/3404.json
㐅,C,wǔ,,biến thể cổ của 五[wu3],not-resolved,,,not-resolved,0,0,7,chars/3405.json
㐆,C,yǐn,,thành phần trong chữ Hán 殷[yin1],not-resolved,,,not-resolved,0,0,7,chars/3406.json
㐌,B,tā,,biến thể của 它[ta1],resolved,人,Bộ Nhân,record-radical,0,0,7,chars/340C.json
㐖,C,xié,,dùng trong 㐖毒[Xie2 du2],not-resolved,,,not-resolved,0,0,7,chars/3416.json
㐜,C,chóu,,biến thể của 仇[chou2],not-resolved,,,not-resolved,0,0,7,chars/341C.json
㐡,C,nuò,,biến thể cổ của 懦[nuo4],not-resolved,,,not-resolved,0,0,7,chars/3421.json
㐤,C,qiú,,biến thể cổ của 求[qiu2],not-resolved,,,not-resolved,0,0,7,chars/3424.json
㐫,C,xiōng,,biến thể cũ của 凶[xiong1],not-resolved,,,not-resolved,0,0,7,chars/342B.json
㐬,C,liú,,,not-resolved,,,not-resolved,0,0,,chars/342C.json
㐭,C,lǐn,,,not-resolved,,,not-resolved,0,0,,chars/342D.json
㐰,C,xìn,,biến thể cũ của 信[xin4],not-resolved,,,not-resolved,0,0,7,chars/3430.json
㐱,C,zhěn,,,resolved,彡,Bộ Sam,record-radical,0,0,,chars/3431.json
㐷,C,mà,Má,biến thể của 罵|骂[ma4],not-resolved,,,not-resolved,0,0,7,chars/3437.json
㐺,C,zhòng,,biến thể cũ của 眾|众[zhong4],not-resolved,,,not-resolved,0,0,7,chars/343A.json
㑇,C,zhòu,,(cũ) đẹp; thông minh,not-resolved,,,not-resolved,0,0,7,chars/3447.json
㑩,B,luó,,thông minh; lanh lợi,resolved,人,Bộ Nhân,record-radical,0,0,7,chars/3469.json
㒳,C,liǎng,,biến thể cũ của 兩|两[liang3],not-resolved,,,not-resolved,0,0,7,chars/34B3.json
㒸,B,suì,,biến thể cổ của 遂[sui4],resolved,八,Bộ Bát,record-radical,0,0,7,chars/34B8.json
㒼,C,mán,,,not-resolved,,,not-resolved,0,0,7,chars/34BC.json
㓞,C,qià,,,resolved,刀,Bộ Đao,record-radical,0,0,,chars/34DE.json
㔾,C,jié,,"bộ ""tiết"" trong chữ Hán (bộ Khang Hy số 26)",not-resolved,,,not-resolved,0,0,7,chars/353E.json
㕡,C,hé,,,not-resolved,,,not-resolved,0,0,,chars/3561.json
㕥,C,shēn,,biến thể cũ của 呻[shen1],not-resolved,,,not-resolved,0,0,7,chars/3565.json
㕯,C,nè,,biến thể cũ của 訥|讷[ne4],not-resolved,,,not-resolved,0,0,7,chars/356F.json
㕻,C,pǒu,,biến thể của 咅[pou3]; cũng đọc là [tou4],not-resolved,,,not-resolved,0,0,7,chars/357B.json
㖊,C,xún,,"sải nước (1,83 mét) (cũ)",not-resolved,,,not-resolved,0,0,7,chars/358A.json
㖞,C,wāi,Oa,méo (miệng); lệch,not-resolved,,,not-resolved,0,0,7,chars/359E.json
㗂,C,shěng,,biến thể của 省[sheng3]; kiệm lời,not-resolved,,,not-resolved,0,0,7,chars/35C2.json
㗎,C,jià,,,not-resolved,,,not-resolved,0,0,7,chars/35CE.json
㚔,C,niè,,,not-resolved,,,not-resolved,0,0,7,chars/3694.json
㚻,C,jī,,dùng trong 㚻姦|㚻奸[ji1 jian1],not-resolved,,,not-resolved,0,0,7,chars/36BB.json
㛀,C,chú,,phụ nữ mang thai (cổ),not-resolved,,,not-resolved,0,0,7,chars/36C0.json
㛂,C,nuǒ,,duyên dáng; mảnh mai và nhỏ nhắn,not-resolved,,,not-resolved,0,0,7,chars/36C2.json
㝄,C,chún,,biến thể cũ của 純|纯[chun2],not-resolved,,,not-resolved,0,0,7,chars/3744.json
㝇,C,chún,,biến thể cũ của 鶉|鹑[chun2],not-resolved,,,not-resolved,0,0,7,chars/3747.json
㝉,B,zhù,Trữ,lưu trữ; đứng,resolved,宀,Bộ Miên,record-radical,0,0,7,chars/3749.json
㝵,B,ài,,biến thể của 礙|碍[ai4],resolved,貝,Bộ Bối,record-radical,0,0,7,chars/3775.json
㞎,C,bǎ,,(tiếng địa phương) ị; (tiếng địa phương) đi ị,not-resolved,,,not-resolved,0,0,7,chars/378E.json
㞗,C,qiú,,(tiếng địa phương) dương vật; cu,not-resolved,,,not-resolved,0,0,7,chars/3797.json
㞙,C,niào,,biến thể cũ của 尿[niao4],not-resolved,,,not-resolved,0,0,7,chars/3799.json
㟥,C,cēn,,không đồng đều; không uniform,not-resolved,,,not-resolved,0,0,7,chars/37E5.json
㡭,C,jì,,,not-resolved,,,not-resolved,0,0,,chars/386D.json
㡿,C,chì,,,not-resolved,,,not-resolved,0,0,7,chars/387F.json
㢆,C,chán,,,not-resolved,,,not-resolved,0,0,,chars/3886.json
㢟,C,chān,,,not-resolved,,,not-resolved,0,0,,chars/389F.json
㢲,C,xùn,,biến thể của 巽[xun4],not-resolved,,,not-resolved,0,0,7,chars/38B2.json
㢴,C,xī,,biến thể cũ của 西[xi1],not-resolved,,,not-resolved,0,0,7,chars/38B4.json
㣎,C,mù,,,not-resolved,,,not-resolved,0,0,,chars/38CE.json
㤅,C,ài,,biến thể cổ của 愛|爱[ai4],not-resolved,,,not-resolved,0,0,7,chars/3905.json
㤽,C,chóu,,dùng trong 懤懤|㤽㤽[chou2 chou2],not-resolved,,,not-resolved,0,0,7,chars/393D.json
㥁,C,dé,,biến thể của 德[de2],not-resolved,,,not-resolved,0,0,7,chars/3941.json
㥏,C,tiǎn,,xấu hổ,not-resolved,,,not-resolved,0,0,7,chars/394F.json
㥯,B,yǐn,,cẩn thận,resolved,心,Bộ Tâm,record-radical,0,0,7,chars/396F.json
㦂,C,cháng,,biến thể cũ của 常[chang2],not-resolved,,,not-resolved,0,0,7,chars/3982.json
㧑,C,huī,Vày,tách ra; chỉ đạo,not-resolved,,,not-resolved,0,0,7,chars/39D1.json
㧜,C,liè,,,not-resolved,,,not-resolved,0,0,,chars/39DC.json
㧯,C,lǎo,,giỏ đan tròn đáy; (phương ngữ) nhấc,not-resolved,,,not-resolved,0,0,7,chars/39EF.json
㧰,C,lüè,,(cổ) đánh; giã,not-resolved,,,not-resolved,0,0,7,chars/39F0.json
㨃,C,duǐ,,biến thể của 懟|怼[dui3],not-resolved,,,not-resolved,0,0,7,chars/3A03.json
㨫,C,lǎn,Giam,biến thể của 擥[lan3],not-resolved,,,not-resolved,0,0,7,chars/3A2B.json
㩐,C,dèn,,biến thể của 扽[den4],not-resolved,,,not-resolved,0,0,7,chars/3A50.json
㪃,C,hé,,đánh; đập,not-resolved,,,not-resolved,0,0,7,chars/3A83.json
㪋,C,hàn,,biến thể của 捍[han4],not-resolved,,,not-resolved,0,0,7,chars/3A8B.json
㫃,C,yǎn,,,not-resolved,,,not-resolved,0,0,7,chars/3AC3.json
㫺,C,xī,,biến thể cũ của 昔[xi1],not-resolved,,,not-resolved,0,0,7,chars/3AFA.json
㬎,C,xiǎn,,biến thể cũ của 顯|显[xian3],not-resolved,,,not-resolved,0,0,7,chars/3B0E.json
㮎,C,bēi,,biến thể của 杯[bei1],not-resolved,,,not-resolved,0,0,7,chars/3B8E.json
㮚,C,lì,,biến thể cũ của 栗[li4],not-resolved,,,not-resolved,0,0,7,chars/3B9A.json
㮸,C,sòng,,biến thể của 送[song4],not-resolved,,,not-resolved,0,0,7,chars/3BB8.json
㯳,C,qíng,,biến thể của 檠[qing2],not-resolved,,,not-resolved,0,0,7,chars/3BF3.json
㱩,C,dú,,sảy thai; chết lưu,not-resolved,,,not-resolved,0,0,7,chars/3C69.json
㱮,C,kuì,,hoại tử; lở loét (biến thể cũ của 潰|溃[hui4]),not-resolved,,,not-resolved,0,0,7,chars/3C6E.json
㱾,C,gāi,,một loại đồ trang sức bằng kim loại hoặc ngọc thời xưa đeo để xua đuổi tà ma,not-resolved,,,not-resolved,0,0,7,chars/3C7E.json
㲈,C,sháo,,biến thể của 韶[shao2],not-resolved,,,not-resolved,0,0,7,chars/3C88.json
㲋,C,chuò,,tên cổ cho một loài động vật giống thỏ nhưng to hơn,not-resolved,,,not-resolved,0,0,7,chars/3C8B.json
㲱,C,liè,,biến thể cũ của 鬣[lie4],not-resolved,,,not-resolved,0,0,7,chars/3CB1.json
㲾,C,yǔ,,biến thể cũ của 雨[yu3],not-resolved,,,not-resolved,0,0,7,chars/3CBE.json
㳂,C,yán,,biến thể của 沿[yan2],not-resolved,,,not-resolved,0,0,7,chars/3CC2.json
㳮,C,niào,,biến thể cũ của 尿[niao4],not-resolved,,,not-resolved,0,0,7,chars/3CEE.json
㴋,C,xiāo,,tiếng mưa và gió,not-resolved,,,not-resolved,0,0,7,chars/3D0B.json
㵪,C,xián,,biến thể của 涎[xian2],not-resolved,,,not-resolved,0,0,7,chars/3D6A.json
㵮,C,chún,,nước trong,not-resolved,,,not-resolved,0,0,7,chars/3D6E.json
㶉,C,xī,,dùng trong 鸂鶒|㶉鶒[xi1 chi4],not-resolved,,,not-resolved,0,0,7,chars/3D89.json
㶶,C,nóng,Nóng,(tiếng địa phương) làm cháy; làm khét,not-resolved,,,not-resolved,0,0,7,chars/3DB6.json
㶸,C,xié,,"(nghĩa chính xác chưa rõ, liên quan đến sắt); biến thể của 協|协[xie2]",not-resolved,,,not-resolved,0,0,7,chars/3DB8.json
㷖,C,zhào,,biến thể cũ của 照[zhao4],not-resolved,,,not-resolved,0,0,7,chars/3DD6.json
㷭,C,fēng,,biến thể cũ của 烽[feng1],not-resolved,,,not-resolved,0,0,7,chars/3DED.json
㹠,C,tún,,biến thể cũ của 豚[tun2],not-resolved,,,not-resolved,0,0,7,chars/3E60.json
㹢,C,jiā,,"dùng để phiên âm ""okapi"" 㺢㹢狓[huo4jia1pi2]",not-resolved,,,not-resolved,0,0,7,chars/3E62.json
㹴,C,gěng,,chó sục; cũng đọc là [geng3],not-resolved,,,not-resolved,0,0,7,chars/3E74.json
㺍,C,biān,,biến thể cũ của 猵[bian1],not-resolved,,,not-resolved,0,0,7,chars/3E8D.json
㺢,C,huò,,"dùng để phiên âm ""okapi"" 㺢㹢狓[huo4jia1pi2]",not-resolved,,,not-resolved,0,0,7,chars/3EA2.json
㺵,C,jiǔ,,ngọc đen (biến thể của 玖[jiu3]),not-resolved,,,not-resolved,0,0,7,chars/3EB5.json
㻅,C,huì,,đồ trang sức ngọc trong đường may của mũ,not-resolved,,,not-resolved,0,0,7,chars/3EC5.json
㻽,C,xuán,,biến thể của 璿|璇[xuan2]; cũng đọc là [sui4],not-resolved,,,not-resolved,0,0,7,chars/3EFD.json
㼌,C,yǔ,,,not-resolved,,,not-resolved,0,0,,chars/3F0C.json
㽮,C,xīng,,biến thể cũ của 星[xing1],not-resolved,,,not-resolved,0,0,7,chars/3F6E.json
㿝,C,xiāng,,biến thể cũ của 香[xiang1],not-resolved,,,not-resolved,0,0,7,chars/3FDD.json
㿽,C,xī,,,resolved,皿,Bộ Mãnh,record-radical,0,0,,chars/3FFD.json
䁖,B,lōu,,liếc nhìn,resolved,目,Bộ Mục,record-radical,0,0,7,chars/4056.json
䂖,C,shí,,biến thể của 石[shi2],not-resolved,,,not-resolved,0,0,7,chars/4096.json
䂲,C,fǎ,,biến thể của 砝[fa3],not-resolved,,,not-resolved,0,0,7,chars/40B2.json
䂶,C,jié,,biến thể của 蜐[jie2],not-resolved,,,not-resolved,0,0,7,chars/40B6.json
䃉,C,mín,,biến thể cũ của 珉[min2],not-resolved,,,not-resolved,0,0,7,chars/40C9.json
䅟,C,shān,,panicum frumentaceum,not-resolved,,,not-resolved,0,0,7,chars/415F.json
䅵,C,zhuó,,trấu; cám,not-resolved,,,not-resolved,0,0,7,chars/4175.json
䇂,C,qiān,,,not-resolved,,,not-resolved,0,0,7,chars/41C2.json
䇲,C,cè,,biến thể của 筴|策[ce4],not-resolved,,,not-resolved,0,0,7,chars/41F2.json
䉤,C,sǒu,,giỏ để ráo gạo,not-resolved,,,not-resolved,0,0,7,chars/4264.json
䌷,C,chóu,Dò,lụa,not-resolved,,,not-resolved,0,0,7,chars/4337.json
䌸,C,zhuàn,,trói lại,not-resolved,,,not-resolved,0,0,7,chars/4338.json
䌹,C,jiǒng,,loại áo đơn sắc không có lót,not-resolved,,,not-resolved,0,0,7,chars/4339.json
䌽,B,cǎi,,biến thể của 彩[cai3],resolved,糸,Bộ Mịch,record-radical,0,0,7,chars/433D.json
䍁,C,suì,Choại,tua rua,not-resolved,,,not-resolved,0,0,7,chars/4341.json
䍃,B,yáo,,(cổ) bình; lọ,resolved,缶,"Bộ Phẫu, Phữu",record-radical,0,0,7,chars/4343.json
䍹,C,shān,,biến thể của 羶[shan1],not-resolved,,,not-resolved,0,0,7,chars/4379.json
䒗,C,qì,,biến thể cũ của 芞[qi4],not-resolved,,,not-resolved,0,0,7,chars/4497.json
䓕,B,wěi,,(cổ) loại cỏ,resolved,艸,Bộ Thảo,record-radical,0,0,7,chars/44D5.json
䓖,B,qióng,,xem 芎藭|芎䓖[xiong1 qiong2],resolved,艸,Bộ Thảo,record-radical,0,0,7,chars/44D6.json
䔢,C,huá,,biến thể cũ của 華|华[hua2],not-resolved,,,not-resolved,0,0,7,chars/4522.json
䕭,B,qián,,biến thể của 蕁|荨[qian2],resolved,艸,Bộ Thảo,record-radical,0,0,7,chars/456D.json
䖒,C,xī,,,not-resolved,,,not-resolved,0,0,7,chars/4592.json
䖟,C,méng,,biến thể cũ của 虻[meng2],not-resolved,,,not-resolved,0,0,7,chars/459F.json
䖸,C,é,,biến thể của 蛾[e2],not-resolved,,,not-resolved,0,0,7,chars/45B8.json
䗈,C,méng,,biến thể cũ của 虻[meng2],not-resolved,,,not-resolved,0,0,7,chars/45C8.json
䗖,B,dì,Giải,cầu vồng,resolved,虫,Bộ Trùng,record-radical,0,0,7,chars/45D6.json
䗥,C,zōng,,dùng trong 螉䗥[weng1 zong1],not-resolved,,,not-resolved,0,0,7,chars/45E5.json
䗪,C,zhè,,con gián đất Trung Quốc (Eupolyphaga sinensis),not-resolved,,,not-resolved,0,0,7,chars/45EA.json
䗶,C,là,,biến thể cũ của 蠟|蜡[la4],not-resolved,,,not-resolved,0,0,7,chars/45F6.json
䙓,C,bǎi,,vạt áo ở dưới của trang phục,not-resolved,,,not-resolved,0,0,7,chars/4653.json
䙴,C,qiān,,,not-resolved,,,not-resolved,0,0,,chars/4674.json
䛟,C,jiá,,biến thể của 唊[jia2],not-resolved,,,not-resolved,0,0,7,chars/46DF.json
䜌,C,luán,,,not-resolved,,,not-resolved,0,0,7,chars/470C.json
䜣,B,xīn,,vui mừng; vui sướng,resolved,言,Bộ Ngôn,record-radical,0,0,7,chars/4723.json
䜩,B,yàn,,biến thể của 宴[yan4],resolved,言,Bộ Ngôn,record-radical,0,0,7,chars/4729.json
䝓,C,liè,,biến thể cũ của 鬣[lie4],not-resolved,,,not-resolved,0,0,7,chars/4753.json
䝙,C,chū,,(cổ) động vật giống hổ,not-resolved,,,not-resolved,0,0,7,chars/4759.json
䞓,C,chēng,,biến thể cũ của 赬|赪[cheng1],not-resolved,,,not-resolved,0,0,7,chars/4793.json
䟆,C,bì,,biến thể cũ của 蹕|跸[bi4],not-resolved,,,not-resolved,0,0,7,chars/47C6.json
䟖,C,zhǐ,,biến thể sai của 趾[zhi3],not-resolved,,,not-resolved,0,0,7,chars/47D6.json
䠀,B,chǎng,,ngồi xổm; ngồi,resolved,足,Bộ Túc,record-radical,0,0,7,chars/4800.json
䠞,C,cù,,biến thể của 蹙[cu4],not-resolved,,,not-resolved,0,0,7,chars/481E.json
䤈,C,xī,,biến thể cũ của 醯[xi1],not-resolved,,,not-resolved,0,0,7,chars/4908.json
䥯,C,bà,,cái cày,not-resolved,,,not-resolved,0,0,7,chars/496F.json
䦆,C,jué,,cuốc chim; cái cuốc,not-resolved,,,not-resolved,0,0,7,chars/4986.json
䦉,C,sì,,biến thể của 肆[si4],not-resolved,,,not-resolved,0,0,7,chars/4989.json
䦕,C,pēng,,biến thể của 閛[peng1],not-resolved,,,not-resolved,0,0,7,chars/4995.json
䧹,C,yīng,,,resolved,爿,Bộ,record-radical,0,0,7,chars/49F9.json
䩄,B,miǎn,,biến thể của 靦|腼[mian3],resolved,面,Bộ Diện,record-radical,0,0,7,chars/4A44.json
䩦,C,tiáo,,biến thể của 鞗[tiao2],not-resolved,,,not-resolved,0,0,7,chars/4A66.json
䫏,C,qī,,biến thể của 魌[qi1],not-resolved,,,not-resolved,0,0,7,chars/4ACF.json
䬠,C,fēi,,biến thể cũ của 霏[fei1],not-resolved,,,not-resolved,0,0,7,chars/4B20.json
䬪,C,bó,,biến thể của 餺|馎[bo2],not-resolved,,,not-resolved,0,0,7,chars/4B2A.json
䯄,C,guā,,ngựa lang,not-resolved,,,not-resolved,0,0,7,chars/4BC4.json
䯝,C,suǐ,,biến thể của 髓; tủy,not-resolved,,,not-resolved,0,0,7,chars/4BDD.json
䲔,C,jīng,,biến thể cũ của 鯨|鲸[jing1],not-resolved,,,not-resolved,0,0,7,chars/4C94.json
䲟,C,yìn,,cá ép (Echeneis naucrates),not-resolved,,,not-resolved,0,0,7,chars/4C9F.json
䲠,B,chūn,,xem 鰆魚|䲠鱼[chun1 yu2],resolved,魚,Bộ Ngư,record-radical,0,0,7,chars/4CA0.json
䳗,C,é,,biến thể của 鵝|鹅[e2],not-resolved,,,not-resolved,0,0,7,chars/4CD7.json
䴓,C,shī,,chim trèo cây (chim thuộc chi Sitta),not-resolved,,,not-resolved,0,0,7,chars/4D13.json
䴔,C,jiāo,,một loại chim nước,not-resolved,,,not-resolved,0,0,7,chars/4D14.json
䴕,C,liè,,chim gõ kiến,not-resolved,,,not-resolved,0,0,7,chars/4D15.json
䴘,B,tī,,dùng trong 鷿鷈|䴙䴘[pi4 ti1],resolved,鳥,Bộ Điểu,record-radical,0,0,7,chars/4D18.json
䴙,B,pì,,dùng trong 鷿鷈|䴙䴘[pi4 ti1],resolved,鳥,Bộ Điểu,record-radical,0,0,7,chars/4D19.json
䵹,C,zhī,,biến thể cũ của 蜘[zhi1],not-resolved,,,not-resolved,0,0,7,chars/4D79.json
䶑,C,tì,,biến thể của 嚏[ti4],not-resolved,,,not-resolved,0,0,7,chars/4D91.json
䶮,C,yǎn,,cao và sáng,not-resolved,,,not-resolved,0,0,7,chars/4DAE.json
一,A,yī,Nhất,một,resolved,一,Bộ Nhất,self-radical,20,10,1,chars/4E00.json
丁,C,dīng,Đinh,thứ tư,not-resolved,,,not-resolved,8,8,6,chars/4E01.json
丂,C,kǎo,,"thành tố ""hơi thở"" hoặc ""tiếng thở dài"" trong chữ Hán",not-resolved,,,not-resolved,0,0,7,chars/4E02.json
七,C,qī,Thất,bảy,not-resolved,,,not-resolved,9,10,1,chars/4E03.json
丄,C,shàng,,biến thể cũ của 上[shang4],not-resolved,,,not-resolved,0,0,7,chars/4E04.json
丅,C,xià,,biến thể cũ của 下[xia4],not-resolved,,,not-resolved,0,0,7,chars/4E05.json
丆,C,xx,,"một trong các ký tự được dùng trong kwukyel (phát âm ""myeon""), một hệ thống chữ viết cổ của Hàn Quốc",not-resolved,,,not-resolved,0,0,7,chars/4E06.json
万,C,wàn,Vạn,Mười ngàn,not-resolved,,,not-resolved,19,10,3,chars/4E07.json
丈,A,zhàng,Trượng,"đơn vị đo chiều dài, bằng mười thước Trung Quốc (3,3 m); đo lường",resolved,十,Bộ Thập,record-radical,6,2,2,chars/4E08.json
三,C,sān,Tam,ba,not-resolved,,,not-resolved,16,10,1,chars/4E09.json
上,C,shàng,Thượng,trên,not-resolved,,,not-resolved,20,10,1,chars/4E0A.json
下,C,xià,Hạ,sau,not-resolved,,,not-resolved,20,10,1,chars/4E0B.json
丌,C,Jī,,họ [Ji1],not-resolved,,,not-resolved,0,0,7,chars/4E0C.json
不,C,bù,Bất,không,not-resolved,,,not-resolved,20,10,1,chars/4E0D.json
与,C,yǔ,Dữ,"và, với",not-resolved,,,not-resolved,9,10,4,chars/4E0E.json
丏,C,miǎn,,ẩn khỏi tầm nhìn; chướng ngại để chắn tên,not-resolved,,,not-resolved,0,0,7,chars/4E0F.json
丐,C,gài,Cái,ăn xin; người ăn xin,not-resolved,,,not-resolved,2,3,6,chars/4E10.json
丑,C,Chǒu,Sửu,họ [Chou3],not-resolved,,,not-resolved,6,10,5,chars/4E11.json
丒,C,chǒu,,biến thể của 醜|丑[chou3],not-resolved,,,not-resolved,0,0,7,chars/4E12.json
专,C,zhuān,Chuyên,"cho một người, dịp, mục đích cụ thể; tập trung vào một việc",not-resolved,,,not-resolved,18,10,4,chars/4E13.json
且,C,qiě,Thả,thậm chí,not-resolved,,,not-resolved,7,9,3,chars/4E14.json
丕,C,pī,Vậy,to lớn,not-resolved,,,not-resolved,1,0,7,chars/4E15.json
世,C,Shì,Thế,họ [Shi4],not-resolved,,,not-resolved,20,10,3,chars/4E16.json
丗,C,shì,,biến thể cổ của 世[shi4],not-resolved,,,not-resolved,0,0,7,chars/4E17.json
丘,C,Qiū,Khâu,họ [Qiu1],not-resolved,,,not-resolved,6,2,6,chars/4E18.json
丙,C,bǐng,Bính,thứ ba,not-resolved,,,not-resolved,6,4,6,chars/4E19.json
业,C,yè,Nghiệp,ngành công nghiệp,not-resolved,,,not-resolved,20,10,3,chars/4E1A.json
丛,A,cóng,,"bụi, cụm",resolved,一,Bộ Nhất,record-radical,6,7,6,chars/4E1B.json
东,C,dōng,Hốc / Đông,đông,not-resolved,,,not-resolved,15,10,3,chars/4E1C.json
丝,A,sī,Tơ,sợi,resolved,糸,Bộ Mịch,record-radical,8,10,5,chars/4E1D.json
丞,B,chéng,Thừa,phó,resolved,一,Bộ Nhất,record-radical,1,0,7,chars/4E1E.json
丠,C,qiū,,biến thể cũ của 丘[qiu1],not-resolved,,,not-resolved,0,0,7,chars/4E20.json
両,C,liǎng,,biến thể tiếng Nhật của 兩|两[liang3],not-resolved,,,not-resolved,0,0,7,chars/4E21.json
丢,A,diū,Điêu,"đánh rơi, mất",resolved,一,Bộ Nhất,record-radical,7,10,4,chars/4E22.json
丣,C,yǒu,,biến thể cũ của 酉[you3],not-resolved,,,not-resolved,0,0,7,chars/4E23.json
两,C,liǎng,Lưỡng,hai,not-resolved,,,not-resolved,15,10,2,chars/4E24.json
严,C,yán,Nghiêm,nghiêm khắc,not-resolved,,,not-resolved,10,10,4,chars/4E25.json
丧,C,sāng,Tang,đồ tang; đám tang,not-resolved,,,not-resolved,7,10,6,chars/4E27.json
丨,B,shù,,Bộ cổn,resolved,丨,"Bộ Thụ, Cổn",self-radical,0,0,7,chars/4E28.json
丩,C,jiū,,biến thể cổ của 糾|纠[jiu1],not-resolved,,,not-resolved,0,0,7,chars/4E29.json
个,C,gè,Cá,"miếng, đơn vị (một từ để đo)",not-resolved,,,not-resolved,18,10,1,chars/4E2A.json
丫,C,yā,A,nhánh; rẽ,not-resolved,,,not-resolved,6,5,7,chars/4E2B.json
丬,C,qiáng,,"bộ ""mảnh gỗ"" trong chữ Hán (bộ Khang Hy số 90), hình ảnh phản chiếu của 片 [pian4]",not-resolved,,,not-resolved,0,0,7,chars/4E2C.json
中,C,zhōng,Trung,trong,not-resolved,,,not-resolved,20,10,1,chars/4E2D.json
丮,C,jǐ,,bắt,not-resolved,,,not-resolved,0,0,7,chars/4E2E.json
丰,C,fēng,Phong,sum suê; đẫy đà,not-resolved,,,not-resolved,8,10,4,chars/4E30.json
丱,C,guàn,,hai búi tóc; trẻ tuổi,not-resolved,,,not-resolved,0,0,7,chars/4E31.json
串,C,chuàn,Xuyến,chuỗi,not-resolved,,,not-resolved,6,8,6,chars/4E32.json
丳,C,chǎn,,xiên,not-resolved,,,not-resolved,0,0,7,chars/4E33.json
临,C,lín,,sắp,not-resolved,,,not-resolved,10,10,5,chars/4E34.json
丵,C,zhuó,,"cỏ dày; thành phần ""rậm rạp"" trong chữ Hán",not-resolved,,,not-resolved,0,0,7,chars/4E35.json
丶,B,zhǔ,,"Phàm cái gì cần có phân biệt, sự gì cần biết nên chăng, lòng đã có định, thì đánh dấu chữ ""chủ"" để nhớ lấy",resolved,丶,Bộ Chủ,self-radical,0,0,7,chars/4E36.json
丷,C,bā,,"thành phần ""tám"" trong chữ Hán; biến thể cổ của 八[ba1]",not-resolved,,,not-resolved,0,0,7,chars/4E37.json
丸,C,wán,Hoàn,viên thuốc,not-resolved,,,not-resolved,6,3,6,chars/4E38.json
丹,C,dān,Đam,đỏ; viên thuốc,not-resolved,,,not-resolved,7,4,7,chars/4E39.json
为,A,wèi,,cho,resolved,又,Bộ Hựu,record-radical,20,10,3,chars/4E3A.json
主,C,zhǔ,Chúa,"quản lý, chịu trách nhiệm",not-resolved,,,not-resolved,20,10,3,chars/4E3B.json
丼,C,dòng,,"(Đài Loan) bát cơm hấp với thức ăn ở trên (từ mượn từ tiếng Nhật ""donburi"")",not-resolved,,,not-resolved,0,0,7,chars/4E3C.json
丽,C,Lí,Lệ,Hàn Quốc,not-resolved,,,not-resolved,11,10,4,chars/4E3D.json
举,A,jǔ,,"trích dẫn, liệt kê",resolved,手,Bộ Thủ,record-radical,20,10,4,chars/4E3E.json
丿,B,piě,Phết,"Ta gọi là cái phẩy, là một nét phẩy của chữ",resolved,丿,"Bộ Phách, Phiệt",self-radical,0,0,7,chars/4E3F.json
乀,C,fú,,kéo dãn,not-resolved,,,not-resolved,0,0,7,chars/4E40.json
乂,C,yì,Nghệ,điều chỉnh; quản lý,not-resolved,,,not-resolved,0,0,7,chars/4E42.json
乃,C,nǎi,Nải,không gì khác hơn,not-resolved,,,not-resolved,6,2,7,chars/4E43.json
久,C,jiǔ,Cửu,"lâu, đã lâu",not-resolved,,,not-resolved,16,10,3,chars/4E45.json
乆,C,jiǔ,,biến thể cổ của 久[jiu3],not-resolved,,,not-resolved,0,0,7,chars/4E46.json
乇,C,tuō,,biến thể cổ của 托[tuo1],not-resolved,,,not-resolved,0,0,7,chars/4E47.json
么,C,má,,trợ từ cảm thán cuối câu,not-resolved,,,not-resolved,17,10,1,chars/4E48.json
义,A,Yì,Nghĩa,"họ [Yi4]; (Đài Loan) viết tắt của 義大利|义大利[Yi4da4li4], Ý",resolved,羊,Bộ Dương,record-radical,20,10,5,chars/4E49.json
乊,C,xx,,"một trong các ký tự được dùng trong kwukyel (phát âm ""ho""), một hệ thống chữ viết cổ của Hàn Quốc",not-resolved,,,not-resolved,0,0,7,chars/4E4A.json
之,C,zhī,Chi,của,not-resolved,,,not-resolved,20,10,4,chars/4E4B.json
乌,C,Wū,Ô,viết tắt của Ukraine 烏克蘭|乌克兰[Wu1ke4lan2]; họ [Wu1],not-resolved,,,not-resolved,6,10,6,chars/4E4C.json
乍,C,zhà,Chạ,lúc đầu; đột nhiên,not-resolved,,,not-resolved,6,1,7,chars/4E4D.json
乎,C,hū,Hồ,(trợ từ cổ điển tương tự 於|于[yu2]) trong; tại,not-resolved,,,not-resolved,9,10,3,chars/4E4E.json
乏,C,fá,Phạp,"Mệt mỏi, thiếu thốn, không đủ",not-resolved,,,not-resolved,6,10,5,chars/4E4F.json
乐,A,lè,Lạc,vui vẻ,resolved,幺,Bộ Yêu,record-radical,20,10,2,chars/4E50.json
乑,C,zhòng,,đứng cạnh nhau; biến thể của 眾|众[zhong4],not-resolved,,,not-resolved,0,0,7,chars/4E51.json
乒,C,pīng,,(từ tượng thanh) ping; bing,not-resolved,,,not-resolved,4,4,4,chars/4E52.json
乓,C,pāng,,(từ tượng thanh) băng,not-resolved,,,not-resolved,4,4,4,chars/4E53.json
乔,A,Qiáo,,họ [Qiao2],resolved,大,Bộ Đại,record-radical,7,6,7,chars/4E54.json
乕,C,hǔ,,biến thể cổ của 虎[hu3],not-resolved,,,not-resolved,0,0,7,chars/4E55.json
乖,C,guāi,Quai,ngoan,not-resolved,,,not-resolved,6,10,5,chars/4E56.json
乗,C,chéng,,biến thể tiếng Nhật của 乘[cheng2],not-resolved,,,not-resolved,0,0,7,chars/4E57.json
乘,A,chéng,Thặng,đi,resolved,人,Bộ Nhân,record-radical,8,10,6,chars/4E58.json
乙,A,yǐ,Ất,hai,resolved,乙,Bộ Ất,self-radical,6,5,5,chars/4E59.json
乚,C,yà,,thành phần trong chữ Hán; biến thể cổ của 毫[hao2],not-resolved,,,not-resolved,0,0,7,chars/4E5A.json
乛,C,zhé,,biến thể của 乙[zhe2],not-resolved,,,not-resolved,0,0,7,chars/4E5B.json
乜,C,miē,,họ [Nie4],not-resolved,,,not-resolved,1,0,7,chars/4E5C.json
九,C,jiǔ,Cửu,chín,not-resolved,,,not-resolved,6,8,1,chars/4E5D.json
乞,C,qǐ,Khất,ăn xin,not-resolved,,,not-resolved,7,6,6,chars/4E5E.json
也,C,yě,Dã,cũng,not-resolved,,,not-resolved,6,10,2,chars/4E5F.json
习,A,Xí,Tập,họ [Xi2],resolved,羽,Bộ Vũ,record-radical,11,10,1,chars/4E60.json
乡,A,xiāng,,nông thôn; quê hương,resolved,卩,Bộ Tiết,record-radical,10,10,5,chars/4E61.json
乢,C,gài,,biến thể cổ của 蓋|盖[gai4]; biến thể cổ của 丐[gai4],not-resolved,,,not-resolved,0,0,7,chars/4E62.json
乣,C,jiǔ,,biến thể cổ của 糺[jiu3],not-resolved,,,not-resolved,0,0,7,chars/4E63.json
乤,C,xx,,"chữ đầu tiên trong địa danh 乤浦 ""Halpho"" (quốc tự Hàn Quốc)",not-resolved,,,not-resolved,0,0,7,chars/4E64.json
乥,C,xx,,"một trong những chữ được dùng trong ""kwukyel"" (phát âm ""hol""), một hệ thống chữ viết cổ của Hàn Quốc",not-resolved,,,not-resolved,0,0,7,chars/4E65.json
书,A,shū,Thư,sách,resolved,聿,Bộ Duật,record-radical,20,10,1,chars/4E66.json
乧,C,xx,,"chữ Hán cổ của Hàn Quốc phát âm là dul, gồm bộ âm 斗 du và 乙 ul",not-resolved,,,not-resolved,0,0,7,chars/4E67.json
乨,C,shǐ,,biến thể cổ của 始[shi3],not-resolved,,,not-resolved,0,0,7,chars/4E68.json
乩,C,jī,,bói,not-resolved,,,not-resolved,1,0,7,chars/4E69.json
乪,C,nāng,,chỗ uốn của sông (Quảng Đông),not-resolved,,,not-resolved,0,0,7,chars/4E6A.json
乫,C,xx,,"phiên âm ""gal"" dùng trong địa danh (chữ Hán Hàn Quốc)",not-resolved,,,not-resolved,0,0,7,chars/4E6B.json
乭,C,shí,,"đá; phiên âm ""dol"" dùng trong tên (chữ Hán Hàn Quốc)",not-resolved,,,not-resolved,0,0,7,chars/4E6D.json
买,A,mǎi,Mãi,mua,resolved,网,Bộ Võng,record-radical,6,10,1,chars/4E70.json
乱,A,luàn,Loạn,bừa bãi,resolved,舌,Bộ Thiệt,record-radical,15,10,4,chars/4E71.json
乳,C,rǔ,Vú,vú; sữa,not-resolved,,,not-resolved,9,5,6,chars/4E73.json
乴,C,xué,,nắm bắt,not-resolved,,,not-resolved,0,0,7,chars/4E74.json
乵,C,yǎn,,biến thể cổ của 進|进[jin4],not-resolved,,,not-resolved,0,0,7,chars/4E75.json
乶,B,Fǔ,,"(phiên âm ""pol"", dùng trong địa danh Hàn Quốc)",resolved,乙,Bộ Ất,record-radical,0,0,7,chars/4E76.json
乷,C,xx,,"phiên âm ""sal"" (gugja Hàn Quốc)",not-resolved,,,not-resolved,0,0,7,chars/4E77.json
乸,C,nǎ,,hậu tố chỉ giống cái (Quảng Đông); hậu tố chỉ giống nữ,not-resolved,,,not-resolved,0,0,7,chars/4E78.json
乺,C,xx,,"phiên âm ""sol"" dùng trong địa danh (chữ Hàn Quốc)",not-resolved,,,not-resolved,0,0,7,chars/4E7A.json
乼,C,xx,,dây thừng (chữ Hàn Quốc),not-resolved,,,not-resolved,0,0,7,chars/4E7C.json
乾,C,qián,Kiền,biến thể cũ của 乾[qian2],not-resolved,,,not-resolved,6,1,7,chars/4E7E.json
乿,C,luàn,,biến thể cổ của 亂|乱[luan4],not-resolved,,,not-resolved,0,0,7,chars/4E7F.json
亀,C,guī,,biến thể cũ của 龜|龟[gui1],not-resolved,,,not-resolved,0,0,7,chars/4E80.json
亃,C,lín,,"con vật huyền thoại, được cho là có thân màu vàng và đuôi trắng",not-resolved,,,not-resolved,0,0,7,chars/4E83.json
亄,C,yì,,tham lam; keo kiệt,not-resolved,,,not-resolved,0,0,7,chars/4E84.json
亅,B,shù,,Tức là cái nét xổ có móc,resolved,亅,Bộ Quyết,self-radical,0,0,7,chars/4E85.json
了,C,le,Liễu,"trợ từ ""le""",not-resolved,,,not-resolved,20,10,1,chars/4E86.json
亇,C,gè,,biến thể của 個|个[ge4],not-resolved,,,not-resolved,0,0,7,chars/4E87.json
予,C,yǔ,Nhừ,"cho, ban cho, cấp cho",not-resolved,,,not-resolved,6,10,6,chars/4E88.json
争,A,zhēng,Tranh,tranh đấu,resolved,又,Bộ Hựu,record-radical,19,10,4,chars/4E89.json
亊,C,shì,,biến thể của 事[shi4],not-resolved,,,not-resolved,0,0,7,chars/4E8A.json
事,C,shì,Sự,việc,not-resolved,,,not-resolved,20,10,2,chars/4E8B.json
二,A,èr,Nhì,hai,resolved,二,Bộ Nhị,self-radical,14,10,1,chars/4E8C.json
亍,C,chù,Sục,bước chân phải (dùng trong 彳亍[chi4 chu4]),not-resolved,,,not-resolved,0,0,7,chars/4E8D.json
于,C,yú,Vu,ở,not-resolved,,,not-resolved,20,10,3,chars/4E8E.json
亏,C,kuī,Khuya,lỗ (tiền); bị thiếu hụt; bị thiếu,not-resolved,,,not-resolved,6,10,5,chars/4E8F.json
亐,C,yú,,biến thể cổ của 于[Yu2],not-resolved,,,not-resolved,0,0,7,chars/4E90.json
云,C,yún,Vân,mây,not-resolved,,,not-resolved,6,10,4,chars/4E91.json
互,C,hù,Hỗ,lẫn nhau,not-resolved,,,not-resolved,8,10,4,chars/4E92.json
亓,C,Qí,,họ [Qi2],not-resolved,,,not-resolved,0,0,7,chars/4E93.json
五,C,wǔ,Ngũ,năm,not-resolved,,,not-resolved,12,10,1,chars/4E94.json
井,C,jǐng,Tỉnh,cái giếng,not-resolved,,,not-resolved,6,1,6,chars/4E95.json
亖,C,sì,,biến thể cũ của 四[si4],not-resolved,,,not-resolved,0,0,7,chars/4E96.json
亘,C,gèn,Cẳng,kéo dài suốt qua; chạy xuyên suốt,not-resolved,,,not-resolved,4,0,7,chars/4E98.json
亚,C,Yà,,châu Á; người châu Á,not-resolved,,,not-resolved,10,10,4,chars/4E9A.json
些,C,xiē,Ta,một vài,not-resolved,,,not-resolved,6,10,1,chars/4E9B.json
亜,C,yà,,biến thể Nhật Bản của 亞|亚,not-resolved,,,not-resolved,0,0,7,chars/4E9C.json
亝,C,qí,,biến thể cũ của 齊|齐[qi2],not-resolved,,,not-resolved,0,0,7,chars/4E9D.json
亟,B,jí,Cấc,khẩn cấp,resolved,口,Bộ Khẩu,record-radical,2,0,7,chars/4E9F.json
亠,B,tóu,,Không có ý nghĩa riêng,resolved,亠,Bộ Đầu,self-radical,0,0,7,chars/4EA0.json
亡,C,wáng,Vong,chết; mất,not-resolved,,,not-resolved,8,10,6,chars/4EA1.json
亢,C,Kàng,Cang,"họ [Kang4]; Khang, một trong 28 chòm sao",not-resolved,,,not-resolved,6,0,7,chars/4EA2.json
交,C,jiāo,Giao,giao,not-resolved,,,not-resolved,20,10,4,chars/4EA4.json
亥,C,hài,Hợi,"địa chi thứ 12: 9-11 giờ tối, tháng 10 âm lịch (7 tháng Mười Một-6 tháng Mười Hai), năm Hợi; phương vị la bàn cổ Trung Quốc: 330°",not-resolved,,,not-resolved,6,0,7,chars/4EA5.json
亦,A,yì,,cũng,resolved,大,Bộ Đại,record-radical,6,3,6,chars/4EA6.json
产,A,chǎn,,sản xuất,resolved,生,Bộ Sinh,record-radical,20,10,5,chars/4EA7.json
亨,C,hēng,Hanh,thịnh vượng; henry (đơn vị cảm kháng),not-resolved,,,not-resolved,6,0,7,chars/4EA8.json
亩,B,mǔ,,mẫu (đơn vị diện tích = 1/15 ha),resolved,田,Bộ Điền,record-radical,4,0,7,chars/4EA9.json
亪,C,xx,,"một trong những chữ được dùng trong kwukyel (phát âm ""ye""), một hệ thống chữ viết cổ của Hàn Quốc",not-resolved,,,not-resolved,0,0,7,chars/4EAA.json
享,C,xiǎng,Hưởng,tận hưởng,not-resolved,,,not-resolved,6,10,5,chars/4EAB.json
京,C,Jīng,Kinh,họ [Jing1]; dân tộc Jing,not-resolved,,,not-resolved,7,10,1,chars/4EAC.json
亭,C,tíng,Đình,đình; quầy,not-resolved,,,not-resolved,7,3,6,chars/4EAD.json
亮,A,liàng,,sáng; phát sáng,resolved,人,Bộ Nhân,record-radical,14,10,5,chars/4EAE.json
亲,A,qīn,Thân,liên quan đến huyết thống,resolved,辛,Bộ Tân,record-radical,20,10,4,chars/4EB2.json
亳,C,Bó,,tên của quận ở An Huy; thủ đô của nhà Ân,not-resolved,,,not-resolved,2,0,7,chars/4EB3.json
亵,C,xiè,,tục tĩu; thiếu tôn trọng,not-resolved,,,not-resolved,4,0,7,chars/4EB5.json
亶,C,Dǎn,,họ [Dan3],not-resolved,,,not-resolved,0,0,7,chars/4EB6.json
亸,C,duǒ,,rủ xuống,not-resolved,,,not-resolved,0,0,7,chars/4EB8.json
亹,C,mén,,đèo núi; hẻm núi (cổ),not-resolved,,,not-resolved,0,0,7,chars/4EB9.json
人,A,rén,Nhân,người,resolved,人,Bộ Nhân,self-radical,20,10,1,chars/4EBA.json
亻,B,rén,,"Người, hành vi, quan hệ.",resolved,人,Bộ Nhân,radical-variant,0,0,7,chars/4EBB.json
亼,C,jí,,biến thể của 集[ji2],not-resolved,,,not-resolved,0,0,7,chars/4EBC.json
亽,C,jí,,biến thể thời cổ của 亼[ji2],not-resolved,,,not-resolved,0,0,7,chars/4EBD.json
亿,A,yì,Ức,một trăm triệu,resolved,人,Bộ Nhân,record-radical,5,8,5,chars/4EBF.json
什,A,shén,Thập,gì,resolved,人,Bộ Nhân,record-radical,7,10,1,chars/4EC0.json
仁,C,rén,Nhân,"nhân (lòng nhân ái, lòng thương người)",not-resolved,,,not-resolved,9,10,6,chars/4EC1.json
仂,B,lè,,dư ra; một phần mười,resolved,力,Bộ Lực,record-radical,0,0,7,chars/4EC2.json
仃,B,dīng,Đừng,một mình,resolved,人,Bộ Nhân,record-radical,3,0,7,chars/4EC3.json
仄,C,zè,Trắc,nghiêng; hẹp,not-resolved,,,not-resolved,2,0,7,chars/4EC4.json
仅,A,jǐn,,chỉ,resolved,人,Bộ Nhân,record-radical,7,10,4,chars/4EC5.json
仆,A,pū,Bọc,ngã sấp; ngã nhào,resolved,人,Bộ Nhân,record-radical,6,3,7,chars/4EC6.json
仇,A,chóu,Cừu,kẻ thù,resolved,人,Bộ Nhân,record-radical,6,10,6,chars/4EC7.json
仈,C,Bā,,họ [Ba1],not-resolved,,,not-resolved,0,0,7,chars/4EC8.json
仉,C,Zhǎng,Kẻ,họ [Zhang3],not-resolved,,,not-resolved,0,0,7,chars/4EC9.json
今,C,jīn,Kim,bây giờ; thời gian hiện tại,not-resolved,,,not-resolved,12,10,1,chars/4ECA.json
介,A,jiè,Giới,giới thiệu; nằm giữa,resolved,人,Bộ Nhân,record-radical,8,10,2,chars/4ECB.json
仌,C,bīng,,biến thể cũ của 冰[bing1],not-resolved,,,not-resolved,0,0,7,chars/4ECC.json
仍,C,réng,Nhưng,vẫn,not-resolved,,,not-resolved,3,10,4,chars/4ECD.json
从,C,cóng,Tòng,từ,not-resolved,,,not-resolved,20,10,2,chars/4ECE.json
仏,C,fó,,biến thể tiếng Nhật của 佛,not-resolved,,,not-resolved,0,0,7,chars/4ECF.json
仑,C,lún,Lỏn,sắp xếp,not-resolved,,,not-resolved,6,2,7,chars/4ED1.json
仒,C,xx,,"một trong những chữ được dùng trong kwukyel (phiên âm ""eo"" hoặc ""sya""), một hệ thống chữ viết cổ của Hàn Quốc",not-resolved,,,not-resolved,0,0,7,chars/4ED2.json
仓,C,cāng,,kho; thương khố,not-resolved,,,not-resolved,6,10,6,chars/4ED3.json
仔,A,zǎi,Tử,biến thể của 崽[zai3]; (tiếng địa phương) (hình thức kết hợp) chàng trai,resolved,人,Bộ Nhân,record-radical,6,10,4,chars/4ED4.json
仕,A,shì,Sĩ,làm quan; quan viên,resolved,人,Bộ Nhân,record-radical,4,1,7,chars/4ED5.json
他,A,tā,Tha,anh ấy,resolved,人,Bộ Nhân,record-radical,6,10,1,chars/4ED6.json
仗,A,zhàng,Trượng,"Dựa vào, cậy vào; trận (chiến)",resolved,人,Bộ Nhân,record-radical,6,4,6,chars/4ED7.json
付,A,fù,Phó,trả,resolved,人,Bộ Nhân,record-radical,8,10,4,chars/4ED8.json
仙,A,xiān,Tiên,tiên,resolved,人,Bộ Nhân,record-radical,8,10,6,chars/4ED9.json
仚,C,xiān,,biến thể cũ của 仙[xian1],not-resolved,,,not-resolved,0,0,7,chars/4EDA.json
仞,C,rèn,,(đơn vị đo lường),not-resolved,,,not-resolved,0,0,7,chars/4EDE.json
仟,B,qiān,,nghìn (chữ số tránh gian lận của ngân hàng),resolved,人,Bộ Nhân,record-radical,0,0,7,chars/4EDF.json
仡,C,Gē,,"dùng trong 仡佬族[Ge1 lao3 zu2], dân tộc Gelao hoặc Klau ở Quý Châu; phát âm ở Đài Loan: [qi4]",not-resolved,,,not-resolved,3,0,7,chars/4EE1.json
代,A,dài,Đại,thay mặt,resolved,人,Bộ Nhân,record-radical,20,10,5,chars/4EE3.json
令,A,lìng,Lệnh,mệnh lệnh,resolved,口,Bộ Khẩu,record-radical,9,10,5,chars/4EE4.json
以,C,yǐ,,"vì, cho, bởi",not-resolved,,,not-resolved,20,10,4,chars/4EE5.json
仨,C,sā,,ba (cách nói khẩu ngữ của 三個|三个),not-resolved,,,not-resolved,0,0,7,chars/4EE8.json
仪,C,yí,Nghi,thiết bị; nghi thức,not-resolved,,,not-resolved,6,10,6,chars/4EEA.json
仫,B,mù,,"dùng trong 仫佬族[Mu4 lao3 zu2], dân tộc Mulao của Quảng Tây",resolved,人,Bộ Nhân,record-radical,3,0,7,chars/4EEB.json
们,A,men,Món,một hậu tố chỉ số nhiều,resolved,人,Bộ Nhân,record-radical,7,10,1,chars/4EEC.json
仮,C,jiǎ,,biến thể tiếng Nhật của 假[jia3],not-resolved,,,not-resolved,0,0,7,chars/4EEE.json
仰,C,yǎng,Ngưỡng,ngẩng mặt lên,not-resolved,,,not-resolved,8,10,6,chars/4EF0.json
仲,C,Zhòng,,họ [Zhong4],not-resolved,,,not-resolved,6,6,7,chars/4EF2.json
仳,B,pǐ,,chia lìa,resolved,人,Bộ Nhân,record-radical,0,0,7,chars/4EF3.json
仵,B,Wǔ,,họ [Wu3],resolved,人,Bộ Nhân,record-radical,1,0,7,chars/4EF5.json
件,A,jiàn,Kiện,"cái, chiếc",resolved,人,Bộ Nhân,record-radical,18,10,2,chars/4EF6.json
价,A,jià,Giá,giá trị; giá,resolved,人,Bộ Nhân,record-radical,20,10,4,chars/4EF7.json
任,A,rèn,Nhậm,phục vụ trong một vị trí,resolved,人,Bộ Nhân,record-radical,20,10,4,chars/4EFB.json
份,A,fèn,Phần,phần,resolved,人,Bộ Nhân,record-radical,7,10,4,chars/4EFD.json
仿,A,fǎng,Phảng,bắt chước,resolved,人,Bộ Nhân,record-radical,7,10,5,chars/4EFF.json
伀,C,zhōng,,bồn chồn; kích động,not-resolved,,,not-resolved,0,0,7,chars/4F00.json
企,A,qǐ,Xí,(hình thức ràng buộc) nhón chân và nhìn; mong chờ; trông đợi; viết tắt của 企業|企业[qi3 ye4],resolved,人,Bộ Nhân,record-radical,7,10,5,chars/4F01.json
伄,B,diào,,dùng trong 伄儅[diao4 dang1],resolved,人,Bộ Nhân,record-radical,0,0,7,chars/4F04.json
伇,C,yì,,biến thể cũ của 役[yi4],not-resolved,,,not-resolved,0,0,7,chars/4F07.json
伈,C,xǐn,,lo lắng; sợ hãi,not-resolved,,,not-resolved,0,0,7,chars/4F08.json
伉,B,kàng,,vợ chồng; to cao,resolved,人,Bộ Nhân,record-radical,2,0,7,chars/4F09.json
伊,A,Yī,Y,"họ [Yi1]; viết tắt của 伊拉克[Yi1la1ke4], Iraq",resolved,人,Bộ Nhân,record-radical,7,7,7,chars/4F0A.json
伋,C,jí,,không thực,not-resolved,,,not-resolved,0,0,7,chars/4F0B.json
伍,C,Wǔ,Ngũ,họ [Wu3],not-resolved,,,not-resolved,6,10,6,chars/4F0D.json
伎,C,jì,Kĩ,nghệ thuật; tài năng,not-resolved,,,not-resolved,4,0,7,chars/4F0E.json
伏,C,Fú,Phục,họ [Fu2],not-resolved,,,not-resolved,6,10,6,chars/4F0F.json
伐,C,fá,Phạt,chặt; hạ xuống,not-resolved,,,not-resolved,7,3,6,chars/4F10.json
休,A,Xiū,Hưu,họ [Xiu1],resolved,人,Bộ Nhân,record-radical,11,10,2,chars/4F11.json
伕,C,fū,,biến thể của 夫[fu1],not-resolved,,,not-resolved,0,0,7,chars/4F15.json
众,A,Zhòng,Chúng,"viết tắt của 眾議院|众议院[Zhong4 yi4 yuan4], Hạ nghị viện",resolved,人,Bộ Nhân,record-radical,13,10,4,chars/4F17.json
优,A,yōu,,tuyệt vời,resolved,人,Bộ Nhân,record-radical,13,10,4,chars/4F18.json
伙,A,huǒ,,bạn,resolved,人,Bộ Nhân,record-radical,11,10,4,chars/4F19.json
会,C,huì,Hội,có thể,not-resolved,,,not-resolved,20,10,1,chars/4F1A.json
伛,C,yǔ,,gù lưng,not-resolved,,,not-resolved,0,0,7,chars/4F1B.json
伜,C,cuì,,biến thể của 倅[cui4],not-resolved,,,not-resolved,0,0,7,chars/4F1C.json
伝,C,chuán,,biến thể tiếng Nhật của 傳|传,not-resolved,,,not-resolved,0,0,7,chars/4F1D.json
伞,C,sǎn,Tàn,cái ô,not-resolved,,,not-resolved,6,10,3,chars/4F1E.json
伟,A,wěi,Vĩ,to; lớn,resolved,人,Bộ Nhân,record-radical,6,10,5,chars/4F1F.json
传,A,chuán,Truyền,truyền,resolved,人,Bộ Nhân,record-radical,20,10,4,chars/4F20.json
伢,B,yá,,(phương ngữ) trẻ con,resolved,人,Bộ Nhân,record-radical,2,0,7,chars/4F22.json
伣,C,qiàn,,(cổ) như; là,not-resolved,,,not-resolved,0,0,7,chars/4F23.json
伤,A,shāng,Thương,vết thương,resolved,人,Bộ Nhân,record-radical,15,10,4,chars/4F24.json
伥,B,chāng,Trành,"(hình thức kết hợp) quỷ của người bị hổ ăn thịt, giúp hổ ăn thịt người khác",resolved,人,Bộ Nhân,record-radical,1,0,7,chars/4F25.json
伦,A,lún,Luân,mối quan hệ giữa người với người; trật tự,resolved,人,Bộ Nhân,record-radical,7,5,6,chars/4F26.json
伧,C,cāng,,kẻ hèn; mộc mạc,not-resolved,,,not-resolved,1,0,7,chars/4F27.json
伩,C,xìn,Nho,biến thể của 信[xin4] (ban đầu có nghĩa là một phần của đợt giản thể hóa thứ hai của chữ Hán),not-resolved,,,not-resolved,0,0,7,chars/4F29.json
伪,A,wěi,Nguỵ,giả; giả mạo,resolved,人,Bộ Nhân,record-radical,6,10,6,chars/4F2A.json
伫,C,zhù,,,not-resolved,,,not-resolved,0,0,,chars/4F2B.json
伯,A,bà,Bá,biến thể của 霸[ba4],resolved,人,Bộ Nhân,record-radical,10,10,6,chars/4F2F.json
估,A,gū,,ước lượng,resolved,人,Bộ Nhân,record-radical,6,10,4,chars/4F30.json
伱,C,nǐ,,biến thể cổ của 你[ni3],not-resolved,,,not-resolved,0,0,7,chars/4F31.json
伲,B,nǐ,Ni,biến thể của 你[ni3],resolved,人,Bộ Nhân,record-radical,0,0,7,chars/4F32.json
伴,A,bàn,Bạn,bạn đồng hành; đồng chí; cộng sự; đồng hành,resolved,人,Bộ Nhân,record-radical,11,10,5,chars/4F34.json
伶,B,líng,Rành,(cũ) diễn viên nam; diễn viên nữ; (hình thức không có nghĩa),resolved,人,Bộ Nhân,record-radical,6,0,6,chars/4F36.json
伸,C,shēn,,duỗi ra,not-resolved,,,not-resolved,8,10,5,chars/4F38.json
伹,C,qū,,vụng về và ngốc nghếch; chậm chạp,not-resolved,,,not-resolved,0,0,7,chars/4F39.json
伺,A,cì,,dùng trong 伺候[ci4hou5],resolved,人,Bộ Nhân,record-radical,6,3,6,chars/4F3A.json
伻,C,bēng,,gây ra,not-resolved,,,not-resolved,0,0,7,chars/4F3B.json
似,A,shì,Tự,dùng trong 似的[shi4de5],resolved,人,Bộ Nhân,record-radical,10,10,5,chars/4F3C.json
伽,A,jiā,Già,"truyền thống dùng làm phiên âm cho ""ga""; cũng đọc là [ga1]",resolved,人,Bộ Nhân,record-radical,6,1,7,chars/4F3D.json
伾,C,pī,,nhiều; mạnh mẽ,not-resolved,,,not-resolved,0,0,7,chars/4F3E.json
佃,C,diàn,Điền,nông dân,not-resolved,,,not-resolved,3,0,7,chars/4F43.json
但,A,dàn,,nhưng,resolved,人,Bộ Nhân,record-radical,6,10,2,chars/4F46.json
佉,B,Qū,,họ [Qu1],resolved,人,Bộ Nhân,record-radical,0,0,7,chars/4F49.json
佌,C,cǐ,,nhỏ nhặt; đáng thương,not-resolved,,,not-resolved,0,0,7,chars/4F4C.json
位,A,wèi,Vị,vị (từ để chỉ người kính trọng),resolved,人,Bộ Nhân,record-radical,20,10,3,chars/4F4D.json
低,A,dī,Đây,thấp,resolved,人,Bộ Nhân,record-radical,15,10,4,chars/4F4E.json
住,A,zhù,Trú,"Sống, cư trú",resolved,人,Bộ Nhân,record-radical,15,10,1,chars/4F4F.json
佐,A,zuǒ,Tá,hỗ trợ; trợ lý,resolved,人,Bộ Nhân,record-radical,6,3,7,chars/4F50.json
佑,A,yòu,,(hình thức kết hợp) phù hộ; bảo vệ,resolved,人,Bộ Nhân,record-radical,4,5,7,chars/4F51.json
体,A,tǐ,Thể,cơ thể; hình thức,resolved,人,Bộ Nhân,record-radical,20,10,2,chars/4F53.json
何,A,Hé,,họ [He2],resolved,人,Bộ Nhân,record-radical,12,10,4,chars/4F55.json
佗,C,tuó,,mang trên lưng,not-resolved,,,not-resolved,1,0,7,chars/4F57.json
佘,B,Shé,,họ [She2],resolved,人,Bộ Nhân,record-radical,0,0,7,chars/4F58.json
余,C,yú,Dư,dư thừa,not-resolved,,,not-resolved,7,10,5,chars/4F59.json
佚,C,Yì,Dật,họ [Yi4],not-resolved,,,not-resolved,2,0,7,chars/4F5A.json
佛,A,fó,Phật,Phật,resolved,人,Bộ Nhân,record-radical,7,10,5,chars/4F5B.json
作,A,zuō,Tác,(hình thức kết hợp) công nhân; (hình thức kết hợp) xưởng,resolved,人,Bộ Nhân,record-radical,20,10,1,chars/4F5C.json
佝,C,gōu,,dùng trong 佝僂|佝偻[gou1 lou2],not-resolved,,,not-resolved,2,0,7,chars/4F5D.json
佞,C,nìng,Nịnh,tâng bốc; xu nịnh,not-resolved,,,not-resolved,3,2,7,chars/4F5E.json
佟,B,Tóng,,họ [Tong2],resolved,人,Bộ Nhân,record-radical,1,0,7,chars/4F5F.json
你,A,nǐ,Nể,bạn,resolved,人,Bộ Nhân,record-radical,6,10,1,chars/4F60.json
佡,C,xiān,,"biến thể của 仙, bất tử; nhẹ (như lông)",not-resolved,,,not-resolved,0,0,7,chars/4F61.json
佢,C,qú,,"(Quảng Đông) anh ấy, cô ấy, nó",not-resolved,,,not-resolved,0,0,7,chars/4F62.json
佣,C,yòng,,tiền hoa hồng (cho người môi giới); phí môi giới,not-resolved,,,not-resolved,7,8,6,chars/4F63.json
佤,B,wǎ,,"nhóm dân tộc Wa, Kawa hoặc Va của Myanmar, nam Trung Quốc và Đông Nam Á",resolved,人,Bộ Nhân,record-radical,6,0,7,chars/4F64.json
佥,C,qiān,,tất cả,not-resolved,,,not-resolved,0,0,7,chars/4F65.json
佧,B,kǎ,,tên gọi cổ cho một nhóm dân tộc ở Trung Quốc,resolved,人,Bộ Nhân,record-radical,1,0,7,chars/4F67.json
佩,C,pèi,,"kính trọng; đeo (thắt lưng,...)",not-resolved,,,not-resolved,6,10,5,chars/4F69.json
佪,C,huái,,do dự; di chuyển qua lại,not-resolved,,,not-resolved,0,0,7,chars/4F6A.json
佫,C,Hè,,họ [He4],not-resolved,,,not-resolved,0,0,7,chars/4F6B.json
佬,C,lǎo,,nam; đàn ông (tiếng Quảng Đông),not-resolved,,,not-resolved,6,0,7,chars/4F6C.json
佯,B,yáng,,giả vờ; giả bộ,resolved,人,Bộ Nhân,record-radical,4,0,7,chars/4F6F.json
佰,C,bǎi,,một trăm (chữ số phòng chống gian lận của ngân hàng),not-resolved,,,not-resolved,1,0,7,chars/4F70.json
佱,C,fǎ,,biến thể cũ của 法[fa3],not-resolved,,,not-resolved,0,0,7,chars/4F71.json
佳,A,jiā,Giai,"tốt đẹp, tuyệt vời",resolved,人,Bộ Nhân,record-radical,7,10,6,chars/4F73.json
佴,C,èr,,trợ lý,not-resolved,,,not-resolved,0,0,7,chars/4F74.json
佶,B,jí,,khó phát âm,resolved,人,Bộ Nhân,record-radical,0,0,7,chars/4F76.json
佷,C,hěn,,hành động trái ngược,not-resolved,,,not-resolved,0,0,7,chars/4F77.json
佸,C,huó,,gặp gỡ,not-resolved,,,not-resolved,0,0,7,chars/4F78.json
佹,C,guǐ,,(văn học) ngang ngược; vô lý; (văn học) kỳ quặc; bí ẩn,not-resolved,,,not-resolved,0,0,7,chars/4F79.json
佺,C,quán,,tiên,not-resolved,,,not-resolved,0,0,7,chars/4F7A.json
佻,C,tiāo,Điêu,nông nổi; không vững,not-resolved,,,not-resolved,1,0,7,chars/4F7B.json
佼,B,jiǎo,,đẹp trai,resolved,人,Bộ Nhân,record-radical,1,0,7,chars/4F7C.json
佽,B,Cì,,họ [Ci4],resolved,人,Bộ Nhân,record-radical,0,0,7,chars/4F7D.json
佾,C,yì,,hàng vũ công trong lễ tế,not-resolved,,,not-resolved,0,0,7,chars/4F7E.json
使,A,shǐ,Sứ,khiến,resolved,人,Bộ Nhân,record-radical,17,10,4,chars/4F7F.json
侀,C,xíng,,hình dạng; điều luật,not-resolved,,,not-resolved,0,0,7,chars/4F80.json
侁,C,shēn,,đám đông lớn,not-resolved,,,not-resolved,0,0,7,chars/4F81.json
侂,C,tuō,,giao phó; uỷ thác,not-resolved,,,not-resolved,0,0,7,chars/4F82.json
侃,C,kǎn,,ngay thẳng và trung thực; vui vẻ,not-resolved,,,not-resolved,4,6,6,chars/4F83.json
侄,A,zhí,,biến thể của 姪|侄[zhi2],resolved,人,Bộ Nhân,record-radical,6,2,6,chars/4F84.json
侅,C,gāi,Hời,đưa cho; chuẩn bị để bao gồm trong,not-resolved,,,not-resolved,0,0,7,chars/4F85.json
侇,C,yí,,(cũ) loại; hạng,not-resolved,,,not-resolved,0,0,7,chars/4F87.json
侈,C,chǐ,Xỉ,xa hoa; lãng phí,not-resolved,,,not-resolved,5,5,6,chars/4F88.json
侉,B,kuǎ,,giọng nước ngoài,resolved,人,Bộ Nhân,record-radical,0,0,7,chars/4F89.json
例,A,lì,Lề,ví dụ; tiền lệ,resolved,人,Bộ Nhân,record-radical,14,10,4,chars/4F8B.json
侌,C,yīn,,biến thể cũ của 陰|阴[yin1],not-resolved,,,not-resolved,0,0,7,chars/4F8C.json
侍,A,shì,,phục vụ; chăm sóc,resolved,人,Bộ Nhân,record-radical,7,3,7,chars/4F8D.json
侏,B,zhū,,người lùn,resolved,人,Bộ Nhân,record-radical,2,0,7,chars/4F8F.json
侐,C,xù,,tĩnh; lặng,not-resolved,,,not-resolved,0,0,7,chars/4F90.json
侑,B,yòu,,(văn học) mời ai đó (ăn hoặc uống),resolved,人,Bộ Nhân,record-radical,0,0,7,chars/4F91.json
侔,B,móu,Mầu,tương tự; sánh được,resolved,人,Bộ Nhân,record-radical,0,0,7,chars/4F94.json
侗,B,Dòng,,dân tộc Đồng (còn gọi là người Kam),resolved,人,Bộ Nhân,record-radical,6,0,7,chars/4F97.json
侘,C,chà,Sá,khoác lác; chán nản,not-resolved,,,not-resolved,0,0,7,chars/4F98.json
侚,C,xùn,,(văn học) nhanh; biến thể của 殉[xun4],not-resolved,,,not-resolved,0,0,7,chars/4F9A.json
供,A,gōng,Cung,cung cấp,resolved,人,Bộ Nhân,record-radical,10,10,4,chars/4F9B.json
侜,C,zhōu,,che giấu; che đậy,not-resolved,,,not-resolved,0,0,7,chars/4F9C.json
依,A,yī,Y,dựa theo,resolved,人,Bộ Nhân,record-radical,10,10,5,chars/4F9D.json
侠,A,xiá,Hiệp,hiệp sĩ; dũng cảm và hào hiệp,resolved,人,Bộ Nhân,record-radical,6,1,6,chars/4FA0.json
価,C,jià,,biến thể Nhật Bản của 價|价,not-resolved,,,not-resolved,0,0,7,chars/4FA1.json
侢,C,dài,,biến thể cũ của 戴[dai4],not-resolved,,,not-resolved,0,0,7,chars/4FA2.json
侣,A,lǚ,Lứa,bạn đồng hành,resolved,人,Bộ Nhân,record-radical,4,9,6,chars/4FA3.json
侥,B,jiǎo,Nghẹo,do may mắn,resolved,人,Bộ Nhân,record-radical,1,0,6,chars/4FA5.json
侦,A,zhēn,Trinh,do thám; phát hiện,resolved,人,Bộ Nhân,record-radical,6,9,6,chars/4FA6.json
侧,A,cè,Trắc,bên cạnh,resolved,人,Bộ Nhân,record-radical,7,10,6,chars/4FA7.json
侨,A,qiáo,Quều,người di cư; cư trú ở nước ngoài,resolved,人,Bộ Nhân,record-radical,6,3,6,chars/4FA8.json
侩,C,kuài,Cúi,người môi giới,not-resolved,,,not-resolved,1,0,7,chars/4FA9.json
侪,B,chái,,một nhóm; một công ty,resolved,人,Bộ Nhân,record-radical,0,0,7,chars/4FAA.json
侬,B,nóng,Nùng,bạn (phương ngữ Ngô); tôi (văn học),resolved,人,Bộ Nhân,record-radical,0,0,7,chars/4FAC.json
侮,C,wǔ,,lăng mạ; chế nhạo,not-resolved,,,not-resolved,6,7,6,chars/4FAE.json
侯,B,Hóu,Hậu,họ [Hou2],resolved,人,Bộ Nhân,record-radical,6,0,7,chars/4FAF.json
侵,C,qīn,Xâm,xâm lược; xâm phạm,not-resolved,,,not-resolved,7,10,6,chars/4FB5.json
侽,C,nán,,biến thể cũ của 男[nan2],not-resolved,,,not-resolved,0,0,7,chars/4FBD.json
便,A,biàn,Tiện,tiện lợi,resolved,人,Bộ Nhân,record-radical,17,10,5,chars/4FBF.json
促,C,cù,Xúc,(hình thức kết hợp) thời gian ngắn; vội vàng; nhanh chóng; (hình thức kết hợp) thúc giục; thúc đẩy,not-resolved,,,not-resolved,9,10,5,chars/4FC3.json
俄,A,E,,Nga; tiếng Nga,resolved,人,Bộ Nhân,record-radical,7,9,7,chars/4FC4.json
俅,C,qiú,,mũ trang trí,not-resolved,,,not-resolved,0,0,7,chars/4FC5.json
俉,B,wú,,dùng trong 逢俉[feng2wu2],resolved,人,Bộ Nhân,record-radical,0,0,7,chars/4FC9.json
俊,A,jùn,Tuấn,đẹp,resolved,人,Bộ Nhân,record-radical,6,8,5,chars/4FCA.json
俎,C,zǔ,,giá để đồ cúng,not-resolved,,,not-resolved,3,0,7,chars/4FCE.json
俏,C,qiào,,ưa nhìn; quyến rũ,not-resolved,,,not-resolved,6,3,7,chars/4FCF.json
俐,B,lì,Lợi,thông minh,resolved,人,Bộ Nhân,record-radical,5,0,6,chars/4FD0.json
俑,A,yǒng,Dõng,tượng gỗ chôn theo người chết,resolved,人,Bộ Nhân,record-radical,4,1,7,chars/4FD1.json
俗,A,sú,Tục,phong tục,resolved,人,Bộ Nhân,record-radical,15,10,5,chars/4FD7.json
俘,A,fú,,bắt làm tù binh; tù binh chiến tranh,resolved,人,Bộ Nhân,record-radical,5,7,6,chars/4FD8.json
俚,B,Lǐ,Lái,tên gọi cũ của dân tộc 黎[Li2],resolved,人,Bộ Nhân,record-radical,1,0,7,chars/4FDA.json
俛,C,miǎn,,khuyên bảo,not-resolved,,,not-resolved,0,0,7,chars/4FDB.json
俜,C,pīng,,gửi; để cho đi,not-resolved,,,not-resolved,0,0,7,chars/4FDC.json
保,A,bǎo,Bảo,bảo quản,resolved,人,Bộ Nhân,record-radical,20,10,4,chars/4FDD.json
俞,C,Yú,,họ [Yu2],not-resolved,,,not-resolved,3,0,7,chars/4FDE.json
俟,C,qí,,dùng trong 万俟[Mo4 qi2],not-resolved,,,not-resolved,1,0,7,chars/4FDF.json
信,A,xìn,Tín,thư,resolved,人,Bộ Nhân,record-radical,20,10,3,chars/4FE1.json
俣,B,yǔ,,to lớn,resolved,人,Bộ Nhân,record-radical,1,0,7,chars/4FE3.json
俤,C,dì,,biến thể của 弟[di4],not-resolved,,,not-resolved,0,0,7,chars/4FE4.json
俦,C,chóu,,đồng chí; bạn bè,not-resolved,,,not-resolved,0,0,7,chars/4FE6.json
俨,B,yǎn,Nghiễm,uy nghiêm; trang trọng,resolved,人,Bộ Nhân,record-radical,1,0,7,chars/4FE8.json
俩,A,liǎ,,hai,resolved,人,Bộ Nhân,record-radical,3,10,4,chars/4FE9.json
俪,B,lì,,vợ chồng,resolved,人,Bộ Nhân,record-radical,3,0,7,chars/4FEA.json
俭,A,jiǎn,Kiệm,(hình thức kết hợp) tiết kiệm; tằn tiện,resolved,人,Bộ Nhân,record-radical,6,8,6,chars/4FED.json
修,A,xiū,Tu,sửa chữa,resolved,彡,Bộ Sam,record-radical,18,10,4,chars/4FEE.json
俯,A,fǔ,,biến thể của 俯[fu3],resolved,人,Bộ Nhân,record-radical,7,5,6,chars/4FEF.json
俱,A,jù,Câu,(văn học) tất cả; cả hai; hoàn toàn; không ngoại lệ; (văn học) cùng nhau,resolved,人,Bộ Nhân,record-radical,8,10,5,chars/4FF1.json
俳,B,pái,,không nghiêm túc; chương trình tạp kỹ,resolved,人,Bộ Nhân,record-radical,1,0,7,chars/4FF3.json
俴,C,jiàn,,ngắn; nông,not-resolved,,,not-resolved,0,0,7,chars/4FF4.json
俵,C,biǎo,,phân phát; phát âm Đài Loan [biao3],not-resolved,,,not-resolved,0,0,7,chars/4FF5.json
俶,C,chù,,bắt đầu,not-resolved,,,not-resolved,0,0,7,chars/4FF6.json
俷,C,fèi,,(văn học) vi phạm (đạo đức),not-resolved,,,not-resolved,0,0,7,chars/4FF7.json
俸,C,fèng,Bổng,(dạng kết hợp) lương; trợ cấp,not-resolved,,,not-resolved,6,0,7,chars/4FF8.json
俺,B,ǎn,Em,tôi (phương ngữ miền Bắc),resolved,人,Bộ Nhân,record-radical,0,0,7,chars/4FFA.json
俾,C,bǐ,,gây ra; cho phép,not-resolved,,,not-resolved,5,0,7,chars/4FFE.json
倂,C,bìng,Tính,biến thể của 併|并[bing4],not-resolved,,,not-resolved,0,0,7,chars/5002.json
倃,C,jiù,,nói xấu; phỉ báng,not-resolved,,,not-resolved,0,0,7,chars/5003.json
倅,C,cuì,,phụ; trợ,not-resolved,,,not-resolved,0,0,7,chars/5005.json
倌,B,guān,,người chăm sóc động vật; người chăn gia súc,resolved,人,Bộ Nhân,record-radical,2,0,7,chars/500C.json
倍,C,bèi,Bội,"lần, bội số",not-resolved,,,not-resolved,6,9,4,chars/500D.json
倏,B,shū,,đột ngột; bất chợt,resolved,犬,Bộ Khuyển,record-radical,3,0,7,chars/500F.json
倒,A,dǎo,Đảo,"ngã, đổ; lộn ngược",resolved,人,Bộ Nhân,record-radical,15,10,4,chars/5012.json
倓,C,tán,,yên tĩnh; bình yên,not-resolved,,,not-resolved,0,0,7,chars/5013.json
倔,C,juè,,bướng bỉnh,not-resolved,,,not-resolved,1,0,6,chars/5014.json
倘,A,tǎng,Thẳng,"Nếu, giả sử, nếu như",resolved,人,Bộ Nhân,record-radical,4,5,6,chars/5018.json
候,A,hòu,Hầu,đợi; hỏi thăm,resolved,人,Bộ Nhân,record-radical,16,10,1,chars/5019.json
倚,B,yǐ,Ỷ,dựa vào,resolved,人,Bộ Nhân,record-radical,6,0,7,chars/501A.json
倜,C,tì,,năng động; cao quý,not-resolved,,,not-resolved,1,0,7,chars/501C.json
倝,C,gàn,,bình minh (cổ đại),not-resolved,,,not-resolved,0,0,7,chars/501D.json
倞,C,jìng,,mạnh mẽ; quyền lực,not-resolved,,,not-resolved,0,0,7,chars/501E.json
借,A,jiè,Tá,"vay, mượn",resolved,人,Bộ Nhân,record-radical,8,10,3,chars/501F.json
倡,C,chàng,Xướng,khởi xướng; kích động,not-resolved,,,not-resolved,6,10,5,chars/5021.json
倢,C,jié,,đẹp trai,not-resolved,,,not-resolved,0,0,7,chars/5022.json
値,C,zhí,Trị,biến thể của 值[zhi2],not-resolved,,,not-resolved,0,0,7,chars/5024.json
倥,B,kōng,,ngu dốt; không có suy nghĩ,resolved,人,Bộ Nhân,record-radical,1,0,7,chars/5025.json
倦,C,juàn,Quyện,mệt mỏi,not-resolved,,,not-resolved,6,10,6,chars/5026.json
倨,B,jù,,(văn học) ngạo mạn; kiêu căng,resolved,人,Bộ Nhân,record-radical,2,0,7,chars/5028.json
倩,C,qiàn,Thiến,xinh đẹp; thu hút,not-resolved,,,not-resolved,4,0,7,chars/5029.json
倪,C,Ní,Nghê,họ [Ni2],not-resolved,,,not-resolved,5,2,7,chars/502A.json
倬,B,zhuō,Xấc,dễ thấy; lớn,resolved,人,Bộ Nhân,record-radical,0,0,7,chars/502C.json
倭,B,wō,Oải,lùn; người Nhật (miệt thị) (cũ),resolved,人,Bộ Nhân,record-radical,3,0,7,chars/502D.json
倮,B,luǒ,,biến thể của 裸[luo3],resolved,人,Bộ Nhân,record-radical,0,0,7,chars/502E.json
倵,C,wǔ,,(dùng trong tên riêng),not-resolved,,,not-resolved,0,0,7,chars/5035.json
倶,C,jù,,biến thể của 俱[ju4]; biến thể của 具[ju4],not-resolved,,,not-resolved,0,0,7,chars/5036.json
倷,C,nǎi,,mày (tiếng địa phương),not-resolved,,,not-resolved,0,0,7,chars/5037.json
倹,C,jiǎn,,biến thể tiếng Nhật của 儉|俭[jian3],not-resolved,,,not-resolved,0,0,7,chars/5039.json
债,C,zhài,Trái,nợ,not-resolved,,,not-resolved,6,10,6,chars/503A.json
倻,B,yē,,"dùng để biểu thị âm ""ya"" trong tên Hàn Quốc",resolved,人,Bộ Nhân,record-radical,0,0,7,chars/503B.json
值,A,zhí,,"giá, giá trị",resolved,人,Bộ Nhân,record-radical,10,10,4,chars/503C.json
倽,C,shá,,biến thể cũ của 啥[sha2],not-resolved,,,not-resolved,0,0,7,chars/503D.json
倾,A,qīng,Khuynh,lật đổ; sụp đổ,resolved,人,Bộ Nhân,record-radical,9,10,6,chars/503E.json
偁,C,chēng,,biến thể của 稱|称[cheng1],not-resolved,,,not-resolved,0,0,7,chars/5041.json
偃,B,Yǎn,Ễnh,họ [Yan3],resolved,人,Bộ Nhân,record-radical,3,0,7,chars/5043.json
假,A,jiǎ,,giả; giả mạo; giả vờ,resolved,人,Bộ Nhân,record-radical,20,10,4,chars/5047.json
偈,C,jì,Kệ,thánh ca Phật giáo; kệ,not-resolved,,,not-resolved,0,0,7,chars/5048.json
偌,B,ruò,,quá; vậy,resolved,人,Bộ Nhân,record-radical,1,0,7,chars/504C.json
偎,C,wēi,,âu yếm,not-resolved,,,not-resolved,2,1,7,chars/504E.json
偏,A,piān,Thiên,nghiêng,resolved,人,Bộ Nhân,record-radical,10,10,6,chars/504F.json
偓,C,wò,,bị gò bó,not-resolved,,,not-resolved,0,0,7,chars/5053.json
偕,A,xié,,cùng với,resolved,人,Bộ Nhân,record-radical,4,1,7,chars/5055.json
做,C,zuò,,làm,not-resolved,,,not-resolved,15,10,1,chars/505A.json
停,A,tíng,Đình,dừng; đậu xe,resolved,人,Bộ Nhân,record-radical,14,10,4,chars/505C.json
偝,C,bèi,,không vâng lời; đứng quay lưng vào nhau,not-resolved,,,not-resolved,0,0,7,chars/505D.json
偟,C,huáng,,(văn học) thời gian rảnh rỗi; nhàn hạ; bối rối; lo lắng (biến thể của 惶[huang2]),not-resolved,,,not-resolved,0,0,7,chars/505F.json
偢,C,chǒu,,nhìn chằm chằm,not-resolved,,,not-resolved,0,0,7,chars/5062.json
健,A,jiàn,Kiện,khỏe mạnh; làm cho cường tráng,resolved,人,Bộ Nhân,record-radical,8,10,3,chars/5065.json
偨,C,cī,Thày,không đồng đều,not-resolved,,,not-resolved,0,0,7,chars/5068.json
偩,C,fù,,dựa vào; giống như,not-resolved,,,not-resolved,0,0,7,chars/5069.json
偫,C,zhì,,chờ đợi; đặt ở,not-resolved,,,not-resolved,0,0,7,chars/506B.json
偬,C,zǒng,,bận rộn; vội vã,not-resolved,,,not-resolved,1,0,7,chars/506C.json
偭,C,miǎn,,vi phạm,not-resolved,,,not-resolved,0,0,7,chars/506D.json
偯,C,yǐ,,khóc nức nở,not-resolved,,,not-resolved,0,0,7,chars/506F.json
偰,C,xiè,,hợp đồng (biến thể của 契[qi4]),not-resolved,,,not-resolved,0,0,7,chars/5070.json
偱,C,xún,,kể,not-resolved,,,not-resolved,0,0,7,chars/5071.json
偲,C,sī,,(văn học) uyên bác; học rộng; (văn học) tài hoa; tài năng xuất chúng,not-resolved,,,not-resolved,0,0,7,chars/5072.json
偶,A,ǒu,Ngẫu,tình cờ; hình ảnh,resolved,人,Bộ Nhân,record-radical,8,10,4,chars/5076.json
偷,A,tōu,,ăn cắp,resolved,人,Bộ Nhân,record-radical,8,10,5,chars/5077.json
偸,C,tōu,,biến thể của 偷[tou1],not-resolved,,,not-resolved,0,0,7,chars/5078.json
偻,B,lóu,Lũ,gù lưng,resolved,人,Bộ Nhân,record-radical,2,0,7,chars/507B.json
偾,B,fèn,,xúi giục; phá hoại,resolved,人,Bộ Nhân,record-radical,0,0,7,chars/507E.json
偿,A,cháng,,hoàn trả; bồi thường,resolved,人,Bộ Nhân,record-radical,7,10,5,chars/507F.json
傀,B,guī,,to lớn; kỳ lạ; ngoại lai,resolved,人,Bộ Nhân,record-radical,2,0,7,chars/5080.json
傅,C,Fù,Phó,họ [Fu4],not-resolved,,,not-resolved,5,5,4,chars/5085.json
傈,B,Lì,,dùng trong 傈僳[Lợi Tố],resolved,人,Bộ Nhân,record-radical,4,0,7,chars/5088.json
傍,C,bàng,Bàng,gần; cặp kè,not-resolved,,,not-resolved,6,5,5,chars/508D.json
傎,C,diān,,đảo lộn; sai lầm,not-resolved,,,not-resolved,0,0,7,chars/508E.json
傒,C,xī,,(cũ) người Giang Tây 江西[Jiang1 xi1]; đợi,not-resolved,,,not-resolved,0,0,7,chars/5092.json
傓,C,shān,,biến thể cũ của 煽[shan1],not-resolved,,,not-resolved,0,0,7,chars/5093.json
傔,C,qiàn,,người hầu,not-resolved,,,not-resolved,0,0,7,chars/5094.json
傕,B,Jué,,họ [Jue2],resolved,人,Bộ Nhân,record-radical,0,0,7,chars/5095.json
傜,C,yáo,,bộ lạc Dao,not-resolved,,,not-resolved,0,0,7,chars/509C.json
傞,C,suō,,không đồng đều; không vững (khi nhảy),not-resolved,,,not-resolved,0,0,7,chars/509E.json
傣,B,Dǎi,,nhóm dân tộc Dai (người Thái gốc Trung Quốc),resolved,人,Bộ Nhân,record-radical,6,0,7,chars/50A3.json
傤,C,zài,,tải; hàng hóa,not-resolved,,,not-resolved,0,0,7,chars/50A4.json
傥,B,tǎng,,nếu; không ngờ,resolved,人,Bộ Nhân,record-radical,1,0,7,chars/50A5.json
傧,C,bīn,,phù rể; tiếp đãi,not-resolved,,,not-resolved,3,0,7,chars/50A7.json
储,A,Chǔ,,họ [Chu3]; tiếng Đài Loan [Chu2],resolved,人,Bộ Nhân,record-radical,7,10,6,chars/50A8.json
傩,B,nuó,,trừ tà,resolved,人,Bộ Nhân,record-radical,1,0,7,chars/50A9.json
催,A,cuī,Thòi,"thúc giục, thúc đẩy",resolved,人,Bộ Nhân,record-radical,6,10,5,chars/50AC.json
傮,C,zāo,,"hoàn thành, đi xung quanh",not-resolved,,,not-resolved,0,0,7,chars/50AE.json
傲,A,ào,Ngạo,tự hào,resolved,人,Bộ Nhân,record-radical,6,10,4,chars/50B2.json
傺,B,chì,,giam giữ; cản trở,resolved,人,Bộ Nhân,record-radical,0,0,7,chars/50BA.json
傻,A,shǎ,,ngu ngốc,resolved,人,Bộ Nhân,record-radical,7,10,5,chars/50BB.json
傿,B,Yān,,tên của một vị tiên; tên địa danh cổ,resolved,人,Bộ Nhân,record-radical,0,0,7,chars/50BF.json
僃,C,bèi,,biến thể cũ của 備|备[bei4],not-resolved,,,not-resolved,0,0,7,chars/50C3.json
僄,C,piào,Xỉu,nhẹ; thoăn thoắt,not-resolved,,,not-resolved,0,0,7,chars/50C4.json
僇,C,lù,,khinh miệt; xúc phạm,not-resolved,,,not-resolved,0,0,7,chars/50C7.json
働,C,xx,,(chữ quốc tự Nhật Bản) lao động; làm việc,not-resolved,,,not-resolved,0,0,7,chars/50CD.json
僎,C,zhuàn,,thu thập,not-resolved,,,not-resolved,0,0,7,chars/50CE.json
像,A,xiàng,Tượng,giống như,resolved,人,Bộ Nhân,record-radical,14,10,3,chars/50CF.json
僔,C,zǔn,,tập hợp; chen chúc,not-resolved,,,not-resolved,0,0,7,chars/50D4.json
僖,C,Xī,,họ [Xi1],not-resolved,,,not-resolved,1,0,7,chars/50D6.json
僚,A,Liáo,Liêu,họ [Liao2],resolved,人,Bộ Nhân,record-radical,6,9,7,chars/50DA.json
僜,C,Dèng,,dân tộc Đặng ở Tây Tạng,not-resolved,,,not-resolved,0,0,7,chars/50DC.json
僝,C,chán,,chửi rủa; lăng mạ,not-resolved,,,not-resolved,0,0,7,chars/50DD.json
僣,C,jiàn,,vượt quyền; chiếm đoạt quyền lực,not-resolved,,,not-resolved,0,0,7,chars/50E3.json
僦,B,jiù,,(văn học) thuê; mướn,resolved,人,Bộ Nhân,record-radical,0,0,7,chars/50E6.json
僧,A,sēng,Tăng,(hình thức kết hợp) nhà sư (viết tắt của 僧伽[seng1 qie2]),resolved,人,Bộ Nhân,record-radical,6,8,7,chars/50E7.json
僩,C,xiàn,,can đảm; anh dũng,not-resolved,,,not-resolved,0,0,7,chars/50E9.json
僬,B,Jiāo,,dùng trong 僬僥|僬侥[jiao1 yao2]; dùng trong 僬僬[jiao1 jiao1],resolved,人,Bộ Nhân,record-radical,0,0,7,chars/50EC.json
僭,B,jiàn,Tiếm,(hình thức ràng buộc) vượt quyền,resolved,人,Bộ Nhân,record-radical,2,0,7,chars/50ED.json
僮,C,Zhuàng,Đồng,"biến thể cũ của 壯|壮, dân tộc Choang ở Quảng Tây",not-resolved,,,not-resolved,2,0,7,chars/50EE.json
僯,C,lǐn,,xấu hổ,not-resolved,,,not-resolved,0,0,7,chars/50EF.json
僰,C,Bó,,tên một dân tộc,not-resolved,,,not-resolved,0,0,7,chars/50F0.json
僳,B,Sù,,dân tộc Lisu ở Vân Nam,resolved,人,Bộ Nhân,record-radical,4,0,7,chars/50F3.json
僴,C,xiàn,,biến thể cũ của 僩[xian4],not-resolved,,,not-resolved,0,0,7,chars/50F4.json
僵,A,jiāng,,bế tắc,resolved,人,Bộ Nhân,record-radical,6,10,6,chars/50F5.json
僻,A,pì,,(hình thức kết hợp) hẻo lánh; xa xôi,resolved,人,Bộ Nhân,record-radical,7,8,6,chars/50FB.json
僾,C,ài,,không rõ; mơ hồ,not-resolved,,,not-resolved,0,0,7,chars/50FE.json
僿,C,sài,,"nhỏ bé, vụn vặt; thiếu chân thành",not-resolved,,,not-resolved,0,0,7,chars/50FF.json
儃,C,chán,,thiếu quyết đoán; lưỡng lự,not-resolved,,,not-resolved,0,0,7,chars/5103.json
儅,B,dāng,,dừng lại,resolved,人,Bộ Nhân,record-radical,0,0,7,chars/5105.json
儆,B,jǐng,,cảnh báo; khuyên răn,resolved,人,Bộ Nhân,record-radical,5,0,7,chars/5106.json
儇,B,xuān,,(văn học) tài tình; (văn học) phù phiếm,resolved,人,Bộ Nhân,record-radical,1,0,7,chars/5107.json
儊,C,chù,,thô ráp và gồ ghề,not-resolved,,,not-resolved,0,0,7,chars/510A.json
儋,B,dān,,mang; vác,resolved,人,Bộ Nhân,record-radical,3,0,7,chars/510B.json
儌,C,jiǎo,,bằng may mắn,not-resolved,,,not-resolved,0,0,7,chars/510C.json
儍,C,shǎ,,biến thể của 傻[sha3],not-resolved,,,not-resolved,0,0,7,chars/510D.json
儒,A,rú,Nho,học giả; người theo Nho giáo,resolved,人,Bộ Nhân,record-radical,6,10,6,chars/5112.json
儓,C,tái,,người hầu,not-resolved,,,not-resolved,0,0,7,chars/5113.json
儜,C,níng,,yếu mệt; mệt mỏi,not-resolved,,,not-resolved,0,0,7,chars/511C.json
儞,C,nǐ,,biến thể cũ của 你[ni3],not-resolved,,,not-resolved,0,0,7,chars/511E.json
儡,B,lěi,,làm bị thương; rối,resolved,人,Bộ Nhân,record-radical,2,0,7,chars/5121.json
儤,C,bào,,trực đêm,not-resolved,,,not-resolved,0,0,7,chars/5124.json
儦,C,biāo,,đi qua đi lại,not-resolved,,,not-resolved,0,0,7,chars/5126.json
儩,C,sì,,kết thúc; hoàn thành,not-resolved,,,not-resolved,0,0,7,chars/5129.json
儭,C,chèn,,hỗ trợ; bố thí,not-resolved,,,not-resolved,0,0,7,chars/512D.json
儱,C,lǒng,,thô lỗ; man rợ,not-resolved,,,not-resolved,0,0,7,chars/5131.json
儳,C,chàn,Sàm,không đều; trộn lẫn,not-resolved,,,not-resolved,0,0,7,chars/5133.json
儹,C,zǎn,,"tích luỹ, dự trữ, tích trữ",not-resolved,,,not-resolved,0,0,7,chars/5139.json
儽,C,lěi,,"lười; mệt mỏi, kiệt sức",not-resolved,,,not-resolved,0,0,7,chars/513D.json
儿,A,rén,,"biến thể của 人[ren2]; bộ ""nhân"" trong chữ Hán (bộ Khang Hy số 10), xuất hiện trong 兒, 兀, 兄, v.v.",resolved,儿,Bộ Nhi,self-radical,20,10,1,chars/513F.json
兀,C,Wù,Ngột,họ [Wu4],not-resolved,,,not-resolved,5,2,7,chars/5140.json
允,C,yǔn,,công bằng; công chính,not-resolved,,,not-resolved,6,10,4,chars/5141.json
元,C,yuán,Nguyên,nhân dân tệ,not-resolved,,,not-resolved,13,10,3,chars/5143.json
兄,A,xiōng,Huynh,anh trai,resolved,口,Bộ Khẩu,record-radical,6,8,5,chars/5144.json
充,A,chōng,Sung,đổ đầy,resolved,子,"Bộ Tử, Tý",record-radical,13,10,5,chars/5145.json
兆,C,Zhào,Triệu,họ [Zhao4],not-resolved,,,not-resolved,6,8,6,chars/5146.json
先,A,xiān,Tiên,trước,resolved,止,Bộ Chỉ,record-radical,15,10,3,chars/5148.json
光,A,guāng,Quang,ánh sáng,resolved,火,Bộ Hỏa,record-radical,20,10,4,chars/5149.json
克,C,kè,Khắc,gam,not-resolved,,,not-resolved,15,10,5,chars/514B.json
免,C,miǎn,Miễn,miễn,not-resolved,,,not-resolved,17,10,4,chars/514D.json
児,C,ér,,biến thể tiếng Nhật của 兒|儿[er2],not-resolved,,,not-resolved,0,0,7,chars/5150.json
兑,A,Duì,Đoài,họ [Dui4],resolved,八,Bộ Bát,record-radical,6,10,5,chars/5151.json
兔,C,tù,Thỏ,biến thể của 兔[tu4],not-resolved,,,not-resolved,6,9,5,chars/5154.json
兕,C,sì,,"động vật được nhắc đến trong văn bản cổ, giống trâu (một số nói là tê giác hoặc tê giác cái)",not-resolved,,,not-resolved,0,0,7,chars/5155.json
兖,C,Yǎn,,dùng trong 兗州|兖州[Yan3 zhou1],not-resolved,,,not-resolved,2,0,7,chars/5156.json
兘,C,shǐ,,biến thể cũ của 始[shi3],not-resolved,,,not-resolved,0,0,7,chars/5158.json
兙,C,shí kè,,đềca (cũ) (tương đương một chữ của 十克[shi2 ke4]),not-resolved,,,not-resolved,0,0,7,chars/5159.json
党,A,dǎng,,đảng,resolved,儿,Bộ Nhi,record-radical,7,10,6,chars/515A.json
兛,C,qiān kè,,kilôgam (cũ) (tương đương một chữ của 千克[qian1 ke4]),not-resolved,,,not-resolved,0,0,7,chars/515B.json
兜,C,dōu,Đâu,di chuyển xung quanh,not-resolved,,,not-resolved,6,3,6,chars/515C.json
兝,C,fēn kè,,đề-xi-gram (cũ) (chữ đơn tương đương với 分克[fen1 ke4]),not-resolved,,,not-resolved,0,0,7,chars/515D.json
兞,C,háo kè,,mi-li-gram (cũ) (chữ đơn tương đương với 毫克[hao2 ke4]),not-resolved,,,not-resolved,0,0,7,chars/515E.json
兟,C,shēn,,tiến lên,not-resolved,,,not-resolved,0,0,7,chars/515F.json
兡,C,bǎi kè,,héc-tô-gam (cũ) (chữ đơn tương đương với 百克[bai3 ke4]),not-resolved,,,not-resolved,0,0,7,chars/5161.json
兢,C,jīng,Cạnh,lo sợ; e ngại,not-resolved,,,not-resolved,4,3,6,chars/5162.json
兣,C,lí kè,,xentigam (cũ) (chữ đơn tương đương với 釐克|厘克[li2 ke4]),not-resolved,,,not-resolved,0,0,7,chars/5163.json
入,A,rù,Nhập,đi vào,resolved,入,Bộ Nhập,self-radical,20,10,4,chars/5165.json
全,A,quán,Toàn,toàn bộ,resolved,入,Bộ Nhập,record-radical,20,10,4,chars/5168.json
兪,C,yú,,biến thể của 俞[yu2],not-resolved,,,not-resolved,0,0,7,chars/516A.json
八,A,bā,Bát,tám,resolved,八,Bộ Bát,self-radical,12,10,1,chars/516B.json
公,C,gōng,Công,đực,not-resolved,,,not-resolved,20,10,2,chars/516C.json
六,C,liù,Lục,sáu,not-resolved,,,not-resolved,6,10,1,chars/516D.json
兮,B,xī,Hề,"(trợ từ trong tiếng Trung cổ, tương tự như 啊)",resolved,八,Bộ Bát,record-radical,2,0,7,chars/516E.json
兰,A,Lán,,"họ [Lan2]; viết tắt của Lan Châu 蘭州|兰州[Lan2zhou1], Cam Túc",resolved,艸,Bộ Thảo,record-radical,8,8,7,chars/5170.json
共,C,gòng,Cộng,cùng nhau,not-resolved,,,not-resolved,17,10,2,chars/5171.json
兲,C,tiān,,biến thể của 天[tian1],not-resolved,,,not-resolved,0,0,7,chars/5172.json
关,A,guān,Quan,đóng,resolved,門,Bộ Môn,record-radical,20,10,3,chars/5173.json
兴,C,Xīng,Hưng,họ [Xing1],not-resolved,,,not-resolved,18,10,1,chars/5174.json
兵,A,bīng,Binh,lính,resolved,斤,Bộ Cân,record-radical,7,10,5,chars/5175.json
其,C,qí,Kì,của anh ấy; của cô ấy,not-resolved,,,not-resolved,19,10,3,chars/5176.json
具,A,jù,Cụ,"lượng từ cho xác chết, quan tài, bộ xương; có, đầy đủ (ít dùng)",resolved,鼎,Bộ Đỉnh,record-radical,12,10,4,chars/5177.json
典,C,diǎn,Điển,kinh điển; pháp luật,not-resolved,,,not-resolved,10,10,3,chars/5178.json
兹,C,zī,,này,not-resolved,,,not-resolved,6,0,7,chars/5179.json
养,C,yǎng,Dưỡng,nuôi dưỡng,not-resolved,,,not-resolved,20,10,4,chars/517B.json
兼,A,jiān,Kiêm,kiêm nhiệm,resolved,禾,Bộ Hòa,record-radical,7,10,5,chars/517C.json
兽,C,shòu,Thú,quái thú; động vật,not-resolved,,,not-resolved,8,10,6,chars/517D.json
冀,C,Jì,,tên gọi tắt của Hà Bắc 河北[He2bei3]; họ [Ji4],not-resolved,,,not-resolved,6,0,7,chars/5180.json
冁,C,chǎn,,mỉm cười,not-resolved,,,not-resolved,0,0,7,chars/5181.json
冂,B,gōng,,"Ðất ở xa ngoài bờ cõi tường thành, tượng trưng hình bao tường thành.Miền ở ngoài rừng",resolved,冂,Bộ Quynh,self-radical,0,0,7,chars/5182.json
冃,C,mào,,biến thể cũ của 帽[mao4]; mũ,not-resolved,,,not-resolved,0,0,7,chars/5183.json
内,A,nèi,Nội,bên trong,resolved,入,Bộ Nhập,record-radical,20,10,4,chars/5185.json
円,C,yuán,,đồng yên (tiền tệ Nhật Bản); biến thể tiếng Nhật của 圓|圆,not-resolved,,,not-resolved,0,0,7,chars/5186.json
冇,C,mǎo,,không có (tiếng Quảng Đông) (tương đương trong tiếng Quan Thoại: 沒有|没有[mei2 you3]),not-resolved,,,not-resolved,0,0,7,chars/5187.json
冈,A,gāng,,rặng; đồi,resolved,山,Bộ Sơn,record-radical,7,4,7,chars/5188.json
冉,C,rǎn,Nhiễm,biến thể của 冉[ran3],not-resolved,,,not-resolved,1,0,7,chars/5189.json
冋,C,jiōng,,biến thể cổ của 坰[jiong1],not-resolved,,,not-resolved,0,0,7,chars/518B.json
册,C,cè,Sách,tập sách,not-resolved,,,not-resolved,7,10,5,chars/518C.json
再,A,zài,Tái,lại,resolved,二,Bộ Nhị,record-radical,10,10,2,chars/518D.json
冎,C,guǎ,,,not-resolved,,,not-resolved,0,0,7,chars/518E.json
冏,C,jiǒng,,"cây đay (Abutilon avicennae), thực vật họ đay; sáng sủa",not-resolved,,,not-resolved,0,0,7,chars/518F.json
冑,C,zhòu,,biến thể của 胄[zhou4],not-resolved,,,not-resolved,0,0,7,chars/5191.json
冒,C,mào,Mạo,xuất hiện,not-resolved,,,not-resolved,6,10,3,chars/5192.json
冓,C,gòu,,phòng trong của cung điện; mười tỷ,not-resolved,,,not-resolved,0,0,7,chars/5193.json
冔,C,xǔ,,mũ của triều đại Ân,not-resolved,,,not-resolved,0,0,7,chars/5194.json
冕,C,miǎn,Miện,vương miện dạng tấm ngang với đồ trang trí treo; miện hoàng gia,not-resolved,,,not-resolved,6,0,7,chars/5195.json
冖,B,mì,,trùm khăn lên đâu,resolved,冖,Bộ Mật,self-radical,0,0,7,chars/5196.json
冗,C,rǒng,Nhũng,không cần thiết; thừa,not-resolved,,,not-resolved,6,3,7,chars/5197.json
冘,C,yín,Đem,tiến lên; tiến tới,not-resolved,,,not-resolved,0,0,7,chars/5198.json
写,A,xiě,Tả,viết,resolved,冖,Bộ Mật,record-radical,14,10,1,chars/5199.json
军,A,jūn,Quân,(hình thức kết hợp) quân đội; quân sự,resolved,冖,Bộ Mật,record-radical,15,10,5,chars/519B.json
农,A,Nóng,Nông,họ [Nong2],resolved,辰,"Bộ Thần, Thìn",record-radical,9,10,5,chars/519C.json
冝,C,yí,,,not-resolved,,,not-resolved,0,0,,chars/519D.json
冞,C,mí,,sâu,not-resolved,,,not-resolved,0,0,7,chars/519E.json
冠,C,Guàn,Quán,họ [Guan4],not-resolved,,,not-resolved,6,10,5,chars/51A0.json
冡,C,méng,Trũng,biến thể cũ của 蒙[meng2],not-resolved,,,not-resolved,0,0,7,chars/51A1.json
冢,B,zhǒng,,gò đất; gò chôn cất,resolved,冖,Bộ Mật,record-radical,3,0,7,chars/51A2.json
冣,B,jù,,biến thể cũ của 聚[ju4],resolved,冖,Bộ Mật,record-radical,0,0,7,chars/51A3.json
冤,C,yuān,Oan,"xui xẻo, mất mát",not-resolved,,,not-resolved,6,3,6,chars/51A4.json
冥,C,míng,Minh,biến thể cũ của 冥[ming2],not-resolved,,,not-resolved,6,4,7,chars/51A5.json
冧,C,lín,,(tiếng Quảng Đông) đổ; ngã,not-resolved,,,not-resolved,0,0,7,chars/51A7.json
冫,B,bīng,,"băng tuyết, nước đá",resolved,冫,Bộ Băng,self-radical,0,0,7,chars/51AB.json
冬,A,dōng,Đông,mùa đông,resolved,夂,Bộ Tuy,record-radical,6,10,3,chars/51AC.json
冯,B,Féng,,họ [Feng2],resolved,馬,Bộ Mã,record-radical,6,0,7,chars/51AF.json
冰,A,bīng,Băng,"băng, đá",resolved,水,Bộ Thủy,record-radical,12,10,3,chars/51B0.json
冱,B,hù,,đông cứng; bị đóng băng,resolved,冫,Bộ Băng,record-radical,0,0,7,chars/51B1.json
冲,A,chōng,Khem / Trong,lao tới,resolved,冫,Bộ Băng,record-radical,9,10,5,chars/51B2.json
决,A,jué,Quyết,"Quyết (không), nhất định (không)",resolved,冫,Bộ Băng,record-radical,15,10,3,chars/51B3.json
况,A,kuàng,Huống,hơn nữa; tình hình,resolved,冫,Bộ Băng,record-radical,7,10,4,chars/51B5.json
冶,C,yě,Dã,nấu chảy; đúc,not-resolved,,,not-resolved,6,0,7,chars/51B6.json
冷,A,lěng,Lạnh,lạnh,resolved,冫,Bộ Băng,record-radical,20,10,1,chars/51B7.json
冻,A,dòng,Đông,đông lạnh,resolved,冫,Bộ Băng,record-radical,7,10,5,chars/51BB.json
冼,C,Xiǎn,,họ [Xian3],not-resolved,,,not-resolved,1,0,7,chars/51BC.json
冽,B,liè,Rét,lạnh và khắc nghiệt,resolved,冫,Bộ Băng,record-radical,3,0,7,chars/51BD.json
净,A,jìng,,làm sạch,resolved,冫,Bộ Băng,record-radical,8,10,3,chars/51C0.json
凃,C,tú,,biến thể cũ của 涂[tu2],not-resolved,,,not-resolved,0,0,7,chars/51C3.json
凄,A,qī,,lạnh thấu xương; băng giá,resolved,冫,Bộ Băng,record-radical,6,3,6,chars/51C4.json
凅,C,gù,,khô cạn; khô kiệt,not-resolved,,,not-resolved,0,0,7,chars/51C5.json
准,A,zhǔn,Chốn,chính xác,resolved,冫,Bộ Băng,record-radical,13,10,2,chars/51C6.json
凇,B,sōng,,băng tuyết đọng,resolved,冫,Bộ Băng,record-radical,2,0,7,chars/51C7.json
凉,A,liáng,Lương,mát,resolved,冫,Bộ Băng,record-radical,10,10,4,chars/51C9.json
凊,C,jìng,,(văn học) lạnh; mát,not-resolved,,,not-resolved,0,0,7,chars/51CA.json
凋,B,diāo,,héo úa,resolved,冫,Bộ Băng,record-radical,5,0,7,chars/51CB.json
凌,A,Líng,Lăng,họ [Ling2],resolved,冫,Bộ Băng,record-radical,7,9,5,chars/51CC.json
减,A,jiǎn,Giảm,giảm,resolved,冫,Bộ Băng,record-radical,9,10,4,chars/51CF.json
凑,A,còu,,tập hợp,resolved,冫,Bộ Băng,record-radical,6,9,6,chars/51D1.json
凓,C,lì,,lạnh; băng giá,not-resolved,,,not-resolved,0,0,7,chars/51D3.json
凔,C,cāng,,lạnh,not-resolved,,,not-resolved,0,0,7,chars/51D4.json
凛,A,lǐn,Lẫm,lạnh; rùng mình vì lạnh,resolved,冫,Bộ Băng,record-radical,5,5,7,chars/51DB.json
凝,A,níng,Ngưng,đông lại; tập trung chú ý,resolved,冫,Bộ Băng,record-radical,7,10,6,chars/51DD.json
凞,C,xī,,sáng rực; lộng lẫy,not-resolved,,,not-resolved,0,0,7,chars/51DE.json
凟,C,dú,,biến thể của 瀆|渎[du2],not-resolved,,,not-resolved,0,0,7,chars/51DF.json
几,A,jǐ,Kỉ,bao nhiêu,resolved,几,Bộ Kỷ,self-radical,8,10,1,chars/51E0.json
凡,C,fán,Phàm,mọi,not-resolved,,,not-resolved,6,10,6,chars/51E1.json
凤,A,Fèng,Phượng,họ [Feng4],resolved,又,Bộ Hựu,record-radical,6,4,7,chars/51E4.json
凥,C,jū,,biến thể cũ của 居[ju1],not-resolved,,,not-resolved,0,0,7,chars/51E5.json
処,B,chǔ,,biến thể cũ của 處|处[chu3],resolved,夂,Bộ Tuy,record-radical,0,0,7,chars/51E6.json
凫,B,fú,,vịt mallard; Anas platyrhyncha,resolved,鳥,Bộ Điểu,record-radical,1,0,7,chars/51EB.json
凭,C,píng,Bằng,dựa vào,not-resolved,,,not-resolved,8,10,5,chars/51ED.json
凮,C,fēng,,biến thể cũ của 風|风[feng1],not-resolved,,,not-resolved,0,0,7,chars/51EE.json
凯,A,Kǎi,Khải,họ [Kai3],resolved,几,Bộ Kỷ,record-radical,7,5,7,chars/51EF.json
凰,A,huáng,,phượng hoàng,resolved,几,Bộ Kỷ,record-radical,3,4,7,chars/51F0.json
凳,A,dèng,,ghế dài; đôn,resolved,几,Bộ Kỷ,record-radical,6,4,7,chars/51F3.json
凵,B,kăn,,Há miệng,resolved,凵,Bộ Khảm,self-radical,0,0,7,chars/51F5.json
凶,C,xiōng,Hung,dữ dội,not-resolved,,,not-resolved,8,10,6,chars/51F6.json
凸,C,tū,,lồi,not-resolved,,,not-resolved,6,6,6,chars/51F8.json
凹,C,āo,,lõm,not-resolved,,,not-resolved,7,5,6,chars/51F9.json
出,A,chū,Xuất,ra ngoài,resolved,止,Bộ Chỉ,record-radical,20,10,2,chars/51FA.json
击,C,jī,,"đánh, đập, tấn công",not-resolved,,,not-resolved,13,10,5,chars/51FB.json
凼,C,dàng,,vũng; hố,not-resolved,,,not-resolved,0,0,7,chars/51FC.json
函,C,hán,Hòm,phong bì; hộp,not-resolved,,,not-resolved,7,10,7,chars/51FD.json
凿,C,záo,Tạc,đục,not-resolved,,,not-resolved,6,5,7,chars/51FF.json
刀,A,dāo,Đao,dao,resolved,刀,Bộ Đao,self-radical,8,10,4,chars/5200.json
刁,C,Diāo,Điêu,họ [Diao1],not-resolved,,,not-resolved,5,6,7,chars/5201.json
刂,B,dāo,,con dao.,resolved,刀,Bộ Đao,radical-variant,0,0,7,chars/5202.json
刃,C,rèn,Nhẫn,cạnh của lưỡi dao,not-resolved,,,not-resolved,6,0,7,chars/5203.json
刅,C,chuāng,,,resolved,刀,Bộ Đao,record-radical,0,0,,chars/5205.json
分,A,fēn,Phân,sự khác biệt; phân biệt,resolved,八,Bộ Bát,record-radical,20,10,3,chars/5206.json
切,A,qiē,Thiết,cắt,resolved,刀,Bộ Đao,record-radical,15,10,5,chars/5207.json
刈,B,yì,,gặt,resolved,刀,Bộ Đao,record-radical,0,0,7,chars/5208.json
刊,A,kān,San,in; xuất bản,resolved,刀,Bộ Đao,record-radical,6,10,6,chars/520A.json
刌,C,cǔn,Thổn,(văn học) cắt đứt; chia cắt,not-resolved,,,not-resolved,0,0,7,chars/520C.json
刍,C,chú,So,cắt cỏ; khô,not-resolved,,,not-resolved,2,0,7,chars/520D.json
刎,B,wěn,Vẫn,cắt ngang (cổ họng),resolved,刀,Bộ Đao,record-radical,1,0,7,chars/520E.json
刑,A,Xíng,Hình,họ [Xing2],resolved,刀,Bộ Đao,record-radical,6,10,6,chars/5211.json
划,A,huá,,chèo,resolved,刀,Bộ Đao,record-radical,9,10,5,chars/5212.json
刓,C,wán,,gọt giũa,not-resolved,,,not-resolved,0,0,7,chars/5213.json
刖,B,yuè,,cắt cụt một hoặc cả hai chân (hình phạt trong thời Trung Hoa cổ đại) (một trong năm hình phạt tàn khốc 五刑[wu3 xing2]),resolved,刀,Bộ Đao,record-radical,0,0,7,chars/5216.json
列,A,liè,Liệt,hàng,resolved,刀,Bộ Đao,record-radical,11,10,4,chars/5217.json
刘,B,Liú,,họ [Liu2],resolved,刀,Bộ Đao,record-radical,6,0,7,chars/5218.json
则,A,zé,Tắc,thay vào đó,resolved,鼎,Bộ Đỉnh,record-radical,7,10,5,chars/5219.json
刚,A,gāng,,vừa mới,resolved,刀,Bộ Đao,record-radical,7,10,4,chars/521A.json
创,A,chuàng,,khởi xướng,resolved,刀,Bộ Đao,record-radical,14,10,5,chars/521B.json
刜,C,fú,,chặt; đánh,not-resolved,,,not-resolved,0,0,7,chars/521C.json
初,A,chū,Sơ,bắt đầu,resolved,衣,Bộ Y,record-radical,15,10,5,chars/521D.json
刞,C,qù,,biến thể cũ của 耝[qu4],not-resolved,,,not-resolved,0,0,7,chars/521E.json
删,C,shān,San,xóa bỏ,not-resolved,,,not-resolved,6,5,5,chars/5220.json
刡,C,mǐn,,cạo; gọt,not-resolved,,,not-resolved,0,0,7,chars/5221.json
判,A,pàn,Phán,quyết định,resolved,刀,Bộ Đao,record-radical,9,10,4,chars/5224.json
刨,B,páo,Bào,bào,resolved,刀,Bộ Đao,record-radical,6,0,7,chars/5228.json
利,A,lì,Lợi,lợi ích,resolved,禾,Bộ Hòa,record-radical,20,10,4,chars/5229.json
别,C,bié,Biết,đừng,not-resolved,,,not-resolved,20,10,2,chars/522B.json
刬,C,chǎn,,biến thể của 鏟|铲[chan3],not-resolved,,,not-resolved,0,0,7,chars/522C.json
刭,B,jǐng,,cắt cổ,resolved,刀,Bộ Đao,record-radical,0,0,7,chars/522D.json
刮,A,guā,,cạo,resolved,刀,Bộ Đao,record-radical,6,4,3,chars/522E.json
到,A,dào,Đáo,đến,resolved,至,Bộ Chí,record-radical,20,10,2,chars/5230.json
刱,C,chuàng,,biến thể của 創|创[chuang1],not-resolved,,,not-resolved,0,0,7,chars/5231.json
刲,C,kuī,,mổ xẻ và làm sạch,not-resolved,,,not-resolved,0,0,7,chars/5232.json
刳,B,kū,,mổ; xé toạc,resolved,刀,Bộ Đao,record-radical,0,0,7,chars/5233.json
刴,C,duò,,biến thể của 剁[duo4],not-resolved,,,not-resolved,0,0,7,chars/5234.json
刵,C,èr,,hình phạt cắt tai,not-resolved,,,not-resolved,0,0,7,chars/5235.json
制,A,zhì,Chế,hệ thống,resolved,木,Bộ Mộc,record-radical,20,10,5,chars/5236.json
刷,A,shuā,Loát,sơn,resolved,刀,Bộ Đao,record-radical,7,10,3,chars/5237.json
券,A,quàn,,"chứng chỉ, vé",resolved,刀,Bộ Đao,record-radical,6,10,6,chars/5238.json
刹,A,chà,,"chùa, đền hoặc miếu Phật giáo (viết tắt của 剎多羅|刹多罗[cha4duo1luo2], tiếng Phạn ""ksetra"")",resolved,刀,Bộ Đao,record-radical,7,10,6,chars/5239.json
刺,A,cì,Thích,đâm,resolved,刀,Bộ Đao,record-radical,10,10,6,chars/523A.json
刻,A,kè,Khắc,một phần tư,resolved,刀,Bộ Đao,record-radical,12,10,3,chars/523B.json
刽,B,guì,,cắt cụt; cắt đứt,resolved,刀,Bộ Đao,record-radical,1,0,7,chars/523D.json
刾,C,cì,,biến thể cũ của 刺[ci4],not-resolved,,,not-resolved,0,0,7,chars/523E.json
刿,B,guì,,cắt; tổn thương,resolved,刀,Bộ Đao,record-radical,0,0,7,chars/523F.json
剀,B,kǎi,,dùng trong 剴切|剀切[kai3 qie4],resolved,刀,Bộ Đao,record-radical,0,0,7,chars/5240.json
剁,B,duò,,"băm nhỏ (thịt, v.v.); chặt đứt (tay người, v.v.)",resolved,刀,Bộ Đao,record-radical,1,0,7,chars/5241.json
剂,A,jì,Tễ,chế phẩm,resolved,刀,Bộ Đao,record-radical,8,9,6,chars/5242.json
剃,B,tì,,cạo,resolved,刀,Bộ Đao,record-radical,5,0,7,chars/5243.json
削,A,xiāo,Tước,gọt; bào,resolved,刀,Bộ Đao,record-radical,6,10,6,chars/524A.json
剌,B,lá,,rạch,resolved,刀,Bộ Đao,record-radical,1,0,7,chars/524C.json
前,A,qián,Tiền,trước,resolved,止,Bộ Chỉ,record-radical,20,10,1,chars/524D.json
剐,B,guǎ,,cắt xẻo thịt như một hình phạt,resolved,刀,Bộ Đao,record-radical,1,0,7,chars/5250.json
剑,A,jiàn,Kiếm,kiếm,resolved,刀,Bộ Đao,record-radical,7,3,6,chars/5251.json
剒,C,cuò,,cắt; khắc,not-resolved,,,not-resolved,0,0,7,chars/5252.json
剔,A,tī,,"bóc thịt khỏi xương; xỉa (răng,...)",resolved,刀,Bộ Đao,record-radical,5,7,6,chars/5254.json
剕,C,fèi,,"hình phạt chặt chân tay; biến thể của 腓, bắp chân",not-resolved,,,not-resolved,0,0,7,chars/5255.json
剖,A,pōu,Bo,mổ xẻ; phân tích,resolved,刀,Bộ Đao,record-radical,6,5,6,chars/5256.json
剚,C,zì,,dựng; đâm,not-resolved,,,not-resolved,0,0,7,chars/525A.json
剜,B,wān,,móc ra; moi ra,resolved,刀,Bộ Đao,record-radical,0,0,7,chars/525C.json
剞,B,jī,,dùng trong 剞劂[ji1 jue2],resolved,刀,Bộ Đao,record-radical,0,0,7,chars/525E.json
剟,C,duō,,"chích; khắc bản, chạm khắc",not-resolved,,,not-resolved,0,0,7,chars/525F.json
剡,B,shàn,,sông ở Chiết Giang,resolved,刀,Bộ Đao,record-radical,0,0,7,chars/5261.json
剣,C,jiàn,,biến thể tiếng Nhật của 劍|剑,not-resolved,,,not-resolved,0,0,7,chars/5263.json
剤,C,jì,,biến thể tiếng Nhật của 劑|剂,not-resolved,,,not-resolved,0,0,7,chars/5264.json
剥,A,bāo,Bóc,bóc,resolved,刀,Bộ Đao,record-radical,6,10,6,chars/5265.json
剧,A,jù,Cưa,vở kịch,resolved,刀,Bộ Đao,record-radical,20,10,4,chars/5267.json
剩,A,shèng,,"còn lại, dư lại; còn thừa",resolved,刀,Bộ Đao,record-radical,7,10,4,chars/5269.json
剪,A,jiǎn,Tiện,cắt,resolved,刀,Bộ Đao,record-radical,7,10,5,chars/526A.json
副,A,fù,Phó,phó,resolved,刀,Bộ Đao,record-radical,7,10,6,chars/526F.json
剰,C,shèng,,biến thể Nhật Bản của 剩[sheng4],not-resolved,,,not-resolved,0,0,7,chars/5270.json
割,A,gē,Cắt,cắt,resolved,刀,Bộ Đao,record-radical,7,10,6,chars/5272.json
剳,C,dá,,lưỡi câu; lưỡi liềm,not-resolved,,,not-resolved,0,0,7,chars/5273.json
剸,C,tuán,,chém,not-resolved,,,not-resolved,0,0,7,chars/5278.json
剺,C,lí,,vết cứa,not-resolved,,,not-resolved,0,0,7,chars/527A.json
剽,B,piāo,,cướp; nhanh nhẹn,resolved,刀,Bộ Đao,record-radical,2,0,7,chars/527D.json
剿,A,chāo,Tiễu,đạo văn,resolved,刀,Bộ Đao,record-radical,6,1,7,chars/527F.json
劁,B,qiāo,,thiến gia súc,resolved,刀,Bộ Đao,record-radical,0,0,7,chars/5281.json
劂,B,jué,Khoét,dùng trong 剞劂[ji1jue2],resolved,刀,Bộ Đao,record-radical,0,0,7,chars/5282.json
劄,C,zhā,Chép,châm bằng kim,not-resolved,,,not-resolved,0,0,7,chars/5284.json
劈,B,pī,,"chẻ, bổ",resolved,刀,Bộ Đao,record-radical,6,0,6,chars/5288.json
劐,B,huō,,(thông tục) rạch bằng dao; (biến thể của 耠[huo1]) cuốc,resolved,刀,Bộ Đao,record-radical,0,0,,chars/5290.json
劓,C,yì,,cắt mũi,not-resolved,,,not-resolved,0,0,7,chars/5293.json
劖,C,chán,,khoan; cắt,not-resolved,,,not-resolved,0,0,7,chars/5296.json
劘,C,mó,,đẽo,not-resolved,,,not-resolved,0,0,7,chars/5298.json
劙,C,lí,,"chia ra, phân chia",not-resolved,,,not-resolved,0,0,7,chars/5299.json
力,A,lì,Lực,sức mạnh,resolved,力,Bộ Lực,self-radical,20,10,3,chars/529B.json
劝,C,quàn,Khuyến,khuyên,not-resolved,,,not-resolved,8,10,5,chars/529D.json
办,A,bàn,Biện,"làm, quản lý",resolved,力,Bộ Lực,record-radical,16,10,3,chars/529E.json
功,A,gōng,Công,thành tích,resolved,力,Bộ Lực,record-radical,19,10,4,chars/529F.json
加,A,jiā,Gia,cộng; thêm vào,resolved,力,Bộ Lực,record-radical,20,10,3,chars/52A0.json
务,A,wù,Vụ,công việc; kinh doanh,resolved,攴,Bộ Phộc,record-radical,20,10,2,chars/52A1.json
劢,B,mài,,nỗ lực,resolved,力,Bộ Lực,record-radical,0,0,7,chars/52A2.json
劣,C,liè,,"kém, tệ, dở",not-resolved,,,not-resolved,7,10,5,chars/52A3.json
劦,B,liè,,nỗ lực không ngừng,resolved,力,Bộ Lực,record-radical,0,0,7,chars/52A6.json
动,A,dòng,Động,di chuyển,resolved,力,Bộ Lực,record-radical,20,10,2,chars/52A8.json
助,A,zhù,Trợ,giúp; hỗ trợ,resolved,力,Bộ Lực,record-radical,19,10,2,chars/52A9.json
努,A,nǔ,,nỗ lực; cố gắng,resolved,力,Bộ Lực,record-radical,6,10,3,chars/52AA.json
劫,A,jié,,cướp,resolved,力,Bộ Lực,record-radical,6,10,6,chars/52AB.json
劬,B,qú,Cù,lao động,resolved,力,Bộ Lực,record-radical,0,0,7,chars/52AC.json
劭,B,Shào,,họ [Shao4],resolved,力,Bộ Lực,record-radical,1,0,7,chars/52AD.json
劮,C,yì,,biến thể cũ của 逸[yi4]; nhàn nhã,not-resolved,,,not-resolved,0,0,7,chars/52AE.json
励,A,Lì,Lệ,họ [Li4],resolved,力,Bộ Lực,record-radical,6,10,4,chars/52B1.json
劲,A,jìn,Cứng,sức mạnh; năng lượng,resolved,力,Bộ Lực,record-radical,13,10,5,chars/52B2.json
劳,A,láo,Lao,lao động; công việc,resolved,力,Bộ Lực,record-radical,13,10,5,chars/52B3.json
労,C,láo,,biến thể Nhật Bản của 勞|劳,not-resolved,,,not-resolved,0,0,7,chars/52B4.json
劵,B,juàn,,biến thể cũ của 倦[juan4],resolved,力,Bộ Lực,record-radical,0,0,7,chars/52B5.json
劻,C,kuāng,,nhiệt huyết,not-resolved,,,not-resolved,0,0,7,chars/52BB.json
劼,B,jié,,cẩn thận; chăm chỉ,resolved,力,Bộ Lực,record-radical,0,0,7,chars/52BC.json
劾,B,hé,Hạch,luận tội,resolved,力,Bộ Lực,record-radical,2,0,7,chars/52BE.json
势,A,shì,Thế,quyền lực; ảnh hưởng,resolved,力,Bộ Lực,record-radical,20,10,5,chars/52BF.json
勃,A,bó,Bột,thịnh vượng; phồn thịnh,resolved,力,Bộ Lực,record-radical,6,10,6,chars/52C3.json
勄,C,mǐn,,biến thể cũ của 敏[min3],not-resolved,,,not-resolved,0,0,7,chars/52C4.json
勇,A,yǒng,Dũng,dũng cảm,resolved,力,Bộ Lực,record-radical,9,10,4,chars/52C7.json
勈,B,yǒng,,biến thể cũ của 勇[yong3],resolved,力,Bộ Lực,record-radical,0,0,7,chars/52C8.json
勉,A,miǎn,Miễn,khích lệ; nỗ lực,resolved,力,Bộ Lực,record-radical,7,8,6,chars/52C9.json
勋,A,xūn,Huân,huân chương; công trạng,resolved,力,Bộ Lực,record-radical,6,5,7,chars/52CB.json
勍,C,qíng,,mãnh liệt; mạnh mẽ,not-resolved,,,not-resolved,0,0,7,chars/52CD.json
勐,B,měng,,"mạnh (đơn vị hành chính cũ ở khu vực người Dai, Vân Nam); biến thể của 猛[meng3]",resolved,力,Bộ Lực,record-radical,4,0,7,chars/52D0.json
勒,A,lēi,Lắc,thắt chặt,resolved,力,Bộ Lực,record-radical,6,2,7,chars/52D2.json
勔,C,miǎn,,biến thể của 勉[mian3],not-resolved,,,not-resolved,0,0,7,chars/52D4.json
勖,B,xù,Húc,khích lệ; kích thích,resolved,力,Bộ Lực,record-radical,0,0,7,chars/52D6.json
勗,C,xù,,khích lệ; kích thích,not-resolved,,,not-resolved,0,0,7,chars/52D7.json
勘,A,kān,Khám,điều tra; khảo sát,resolved,力,Bộ Lực,record-radical,6,5,6,chars/52D8.json
勚,C,yì,,(văn học) vất vả; cực nhọc,not-resolved,,,not-resolved,0,0,7,chars/52DA.json
募,A,mù,,quyên góp; thu thập,resolved,力,Bộ Lực,record-radical,6,10,7,chars/52DF.json
勤,A,qín,Cần,siêng năng; cần cù,resolved,力,Bộ Lực,record-radical,9,10,5,chars/52E4.json
勧,C,quàn,,biến thể tiếng Nhật của 勸|劝,not-resolved,,,not-resolved,0,0,7,chars/52E7.json
勯,C,dān,,kiệt sức,not-resolved,,,not-resolved,0,0,7,chars/52EF.json
勰,C,xié,,hài hòa,not-resolved,,,not-resolved,0,0,7,chars/52F0.json
勷,C,ráng,,vội vã,not-resolved,,,not-resolved,0,0,7,chars/52F7.json
勹,B,bāo,,"Bọc, bao, gói.(Hình người khom lưng để ôm một vật)",resolved,勹,Bộ Bao,self-radical,0,0,7,chars/52F9.json
勺,C,sháo,Chước,muỗng,not-resolved,,,not-resolved,6,4,4,chars/52FA.json
勾,C,gōu,,đánh dấu,not-resolved,,,not-resolved,6,7,6,chars/52FE.json
勿,A,wù,Vật,đừng,resolved,刀,Bộ Đao,record-radical,2,9,5,chars/52FF.json
匀,C,yún,,đều; phân bố đều,not-resolved,,,not-resolved,6,5,5,chars/5300.json
匁,C,xx,,"(chữ Hán Nhật Bản) momme (đơn vị trọng lượng của Nhật, bằng 3,75 gram)",not-resolved,,,not-resolved,0,0,7,chars/5301.json
包,C,bāo,Bao,gói,not-resolved,,,not-resolved,17,10,3,chars/5305.json
匆,C,cōng,,vội vàng; gấp gáp,not-resolved,,,not-resolved,6,8,5,chars/5306.json
匈,B,Xiōng,Hung,Hungary; người Hungary,resolved,勹,Bộ Bao,record-radical,2,0,7,chars/5308.json
匉,C,pēng,,tiếng nước chảy,not-resolved,,,not-resolved,0,0,7,chars/5309.json
匊,C,jū,,biến thể của 掬[ju1],not-resolved,,,not-resolved,0,0,7,chars/530A.json
匋,B,táo,,gốm sứ,resolved,缶,"Bộ Phẫu, Phữu",record-radical,0,0,7,chars/530B.json
匍,B,pú,Bò,dùng trong 匍匐[pu2 fu2],resolved,勹,Bộ Bao,record-radical,2,0,7,chars/530D.json
匏,C,páo,Bầu,quả bầu; Lagenaria vulgaris,not-resolved,,,not-resolved,0,0,7,chars/530F.json
匐,B,fú,Bặc,dùng trong 匍匐[pu2 fu2],resolved,勹,Bộ Bao,record-radical,2,0,7,chars/5310.json
匑,C,gōng,,cúi chào; chào,not-resolved,,,not-resolved,0,0,7,chars/5311.json
匔,C,gōng,,biến thể cũ của 匑[gong1],not-resolved,,,not-resolved,0,0,7,chars/5314.json
匕,B,bǐ,,"Cái thìa, cái muỗng, còn có nghĩa để so sánh, như nói cuộc đời yên lặng thì gọi là ""trủy xưởng bất kinh"" 匕鬯不驚 nghĩa là vẫn được vô sự mà ăn uống yên lành",resolved,匕,"Bộ Tỷ, Chủy",self-radical,1,0,7,chars/5315.json
化,A,huà,Hoá,thay đổi,resolved,人,Bộ Nhân,record-radical,20,10,3,chars/5316.json
北,A,běi,,bắc,resolved,人,Bộ Nhân,record-radical,10,10,1,chars/5317.json
匘,C,nǎo,,biến thể cũ của 腦|脑[nao3],not-resolved,,,not-resolved,0,0,7,chars/5318.json
匙,A,chí,,cái thìa,resolved,匕,"Bộ Tỷ, Chủy",record-radical,6,10,4,chars/5319.json
匚,B,fāng,,Cái đồ để đựng đồ,resolved,匚,Bộ Phương,self-radical,0,0,7,chars/531A.json
匜,C,yí,,chậu rửa có tay cầm dạng ống,not-resolved,,,not-resolved,0,0,7,chars/531C.json
匝,C,zā,Táp,(văn học) bao quanh; đi vòng quanh; bao bọc; (văn học) toàn bộ; đầy đủ,not-resolved,,,not-resolved,2,0,7,chars/531D.json
匞,C,jiàng,,biến thể cũ của 匠[jiang4],not-resolved,,,not-resolved,0,0,7,chars/531E.json
匠,C,jiàng,,thợ thủ công,not-resolved,,,not-resolved,8,10,7,chars/5320.json
匡,B,Kuāng,Khuôn,họ [Kuang1],resolved,匚,Bộ Phương,record-radical,3,0,7,chars/5321.json
匣,A,xiá,Hộp,hộp,resolved,匚,Bộ Phương,record-radical,4,3,7,chars/5323.json
匦,B,guǐ,,hộp nhỏ,resolved,匚,Bộ Phương,record-radical,0,0,7,chars/5326.json
匧,B,qiè,,biến thể cũ của 篋|箧[qie4],resolved,匚,Bộ Phương,record-radical,0,0,7,chars/5327.json
匪,A,fěi,Phỉ,cướp; (văn học) chẳng,resolved,匚,Bộ Phương,record-radical,6,6,7,chars/532A.json
匮,A,Kuì,Quĩ,họ [Kui4],resolved,匚,Bộ Phương,record-radical,6,2,7,chars/532E.json
匴,C,suǎn,,dụng cụ tre dùng để đãi gạo thời cổ đại; vật đựng bằng tre cho mũ dùng trong lễ đội mũ 冠禮|冠礼[guan4 li3] thời cổ đại,not-resolved,,,not-resolved,0,0,7,chars/5334.json
匵,C,dú,,biến thể cũ của 櫝|椟[du2],not-resolved,,,not-resolved,0,0,7,chars/5335.json
匶,C,jiù,,biến thể cũ của 柩[jiu4],not-resolved,,,not-resolved,0,0,7,chars/5336.json
匸,B,Hì,,"Che đậy.(Tượng hình cái nắp đậy ở trên, giấu phần ở dưới)",resolved,匸,Bộ Hễ,self-radical,0,0,7,chars/5338.json
匹,C,pǐ,Thất,từ đo lường cho ngựa,not-resolved,,,not-resolved,6,10,5,chars/5339.json
区,A,qū,Khu,khu vực,resolved,匚,Bộ Phương,record-radical,15,10,4,chars/533A.json
医,A,yī,Y,"y, chữa bệnh",resolved,酉,Bộ Dậu,record-radical,11,10,1,chars/533B.json
匽,B,yǎn,,"giấu, tiết ra, kiềm chế; uốn cong",resolved,匸,Bộ Hễ,record-radical,0,0,7,chars/533D.json
匾,C,biǎn,,"biển hiệu, hoành phi",not-resolved,,,not-resolved,3,2,7,chars/533E.json
匿,A,nì,Nặc,ẩn nấp,resolved,匸,Bộ Hễ,record-radical,6,9,7,chars/533F.json
十,A,shí,Thập,mười,resolved,十,Bộ Thập,self-radical,12,10,1,chars/5341.json
卂,C,xùn,,(cổ) bay nhanh,not-resolved,,,not-resolved,0,0,7,chars/5342.json
千,A,qiān,Thiên,Ngàn,resolved,一,Bộ Nhất,record-radical,13,10,2,chars/5343.json
卄,C,niàn,,"hai mươi, thứ hai mươi",not-resolved,,,not-resolved,0,0,7,chars/5344.json
卅,C,sà,Tạp,ba mươi,not-resolved,,,not-resolved,1,0,7,chars/5345.json
卆,C,zú,,"biến thể của 卒[zu2], lính; chết",not-resolved,,,not-resolved,0,0,7,chars/5346.json
升,C,shēng,Thăng,lít,not-resolved,,,not-resolved,15,10,5,chars/5347.json
午,C,wǔ,Ngọ,"địa chi thứ 7: 11 giờ sáng-1 giờ chiều, buổi trưa, tháng âm lịch thứ 5 (6 tháng 6-6 tháng 7), năm Ngọ; hướng la bàn cổ đại Trung Quốc: 180° (nam)",not-resolved,,,not-resolved,8,10,1,chars/5348.json
卉,C,huì,,cây cối,not-resolved,,,not-resolved,3,4,7,chars/5349.json
半,A,bàn,Bán,nửa,resolved,八,Bộ Bát,record-radical,18,10,3,chars/534A.json
卋,C,shì,,biến thể cũ của 世[shi4],not-resolved,,,not-resolved,0,0,7,chars/534B.json
卌,C,xì,Tấp,bốn mươi,not-resolved,,,not-resolved,0,0,7,chars/534C.json
卍,C,wàn,,"chữ vạn, một biểu tượng linh thiêng và cát tường trong Ấn Độ giáo, Phật giáo và Kỳ Na giáo",not-resolved,,,not-resolved,0,0,7,chars/534D.json
华,C,Huá,Hoa,viết tắt của Trung Quốc,not-resolved,,,not-resolved,17,10,5,chars/534E.json
协,C,xié,Hiếp,hợp tác; hoa giải,not-resolved,,,not-resolved,10,10,6,chars/534F.json
卐,C,wàn,,"chữ vạn, một biểu tượng linh thiêng và cát tường trong Ấn Độ giáo, Phật giáo và Kỳ Na giáo, sau này được Đức Quốc Xã sử dụng",not-resolved,,,not-resolved,0,0,7,chars/5350.json
卑,C,bēi,,thấp; hèn,not-resolved,,,not-resolved,6,8,6,chars/5351.json
卒,B,zú,Tốt,biến thể của 卒[zu2],resolved,衣,Bộ Y,record-radical,6,0,7,chars/5352.json
卓,C,Zhuó,Trác,họ [Zhuo2],not-resolved,,,not-resolved,6,5,6,chars/5353.json
单,C,dān,Đơn,đơn,not-resolved,,,not-resolved,20,10,3,chars/5355.json
卖,C,mài,Mại,bán,not-resolved,,,not-resolved,10,10,2,chars/5356.json
南,C,nán,Nam,nam,not-resolved,,,not-resolved,14,10,3,chars/5357.json
単,C,dān,,biến thể Nhật Bản của 單|单,not-resolved,,,not-resolved,0,0,7,chars/5358.json
博,A,bó,Bác,rộng; rộng rãi,resolved,十,Bộ Thập,record-radical,9,10,4,chars/535A.json
卛,C,lǜ,,biến thể cũ của 率[lu:4],not-resolved,,,not-resolved,0,0,7,chars/535B.json
卜,A,Bǔ,Bốc,họ [Bu3],resolved,卜,Bộ Bốc,self-radical,6,10,7,chars/535C.json
卝,C,guàn,,hai búi tóc trên đầu trẻ con,not-resolved,,,not-resolved,0,0,7,chars/535D.json
卞,C,Biàn,Biện,họ [Bian4],not-resolved,,,not-resolved,0,0,7,chars/535E.json
卟,C,bǔ,,dùng trong phiên âm tên của các hợp chất hữu cơ porphyrin 卟啉[bu3 lin2] và porphin 卟吩[bu3 fen1],not-resolved,,,not-resolved,1,0,7,chars/535F.json
占,A,zhàn,Chiêm,chiếm,resolved,卜,Bộ Bốc,record-radical,9,10,5,chars/5360.json
卡,C,kǎ,,thẻ,not-resolved,,,not-resolved,12,10,3,chars/5361.json
卢,B,Lú,Lư,họ [Lu2]; viết tắt của Luxembourg 盧森堡|卢森堡[Lu2sen1bao3],resolved,虍,Bộ Hô,record-radical,6,0,7,chars/5362.json
卣,C,yǒu,,đồ đựng rượu,not-resolved,,,not-resolved,0,0,7,chars/5363.json
卤,C,lǔ,,kho trong nước tương và gia vị,not-resolved,,,not-resolved,6,4,7,chars/5364.json
卦,A,guà,Quái,sơ đồ bói toán; một trong tám quẻ của Kinh Dịch 易經|易经[Yi4 jing1],resolved,卜,Bộ Bốc,record-radical,6,4,7,chars/5366.json
卧,A,wò,,nằm; ngủ,resolved,臣,Bộ Thần,record-radical,7,10,5,chars/5367.json
卨,C,xiè,,dùng trong tên cổ; tương tự âm tiết 'seol' dùng trong tên Hàn Quốc,not-resolved,,,not-resolved,0,0,7,chars/5368.json
卩,B,jié,,Đốt tre,resolved,卩,Bộ Tiết,self-radical,0,0,7,chars/5369.json
卪,C,jié,,biến thể cổ của 節|节[jie2],not-resolved,,,not-resolved,0,0,7,chars/536A.json
卫,C,Wèi,Vệ,"họ [Wei4]; nước chư hầu thời nhà Chu (1066-221 TCN), nằm ở tỉnh Hà Nam và Hà Bắc ngày nay",not-resolved,,,not-resolved,12,10,4,chars/536B.json
卬,B,Ang,Ngang,họ [Ang2],resolved,人,Bộ Nhân,record-radical,0,0,7,chars/536C.json
卮,C,zhī,,cốc rượu,not-resolved,,,not-resolved,0,0,7,chars/536E.json
卯,C,mǎo,Mão,"lỗ mộng (rãnh khoét trong gỗ để nhận mộng); chi thứ 4 trong 12 địa chi: 5-7 giờ sáng, tháng thứ 2 âm lịch (6 tháng 3-4 tháng 4), năm Mão",not-resolved,,,not-resolved,6,0,7,chars/536F.json
印,A,yìn,Ấn,in,resolved,爪,Bộ Trảo,record-radical,12,10,4,chars/5370.json
危,A,Wēi,Nguy,họ [Wei1],resolved,人,Bộ Nhân,record-radical,7,10,4,chars/5371.json
卲,C,Shào,Ngoẹo,họ [Shao4],not-resolved,,,not-resolved,0,0,7,chars/5372.json
即,C,jí,Tức,tức là,not-resolved,,,not-resolved,10,10,4,chars/5373.json
却,A,què,,nhưng,resolved,卩,Bộ Tiết,record-radical,8,10,4,chars/5374.json
卵,C,luǎn,,trứng,not-resolved,,,not-resolved,6,0,7,chars/5375.json
卷,A,juàn,Quyển,quyển,resolved,卩,Bộ Tiết,record-radical,7,10,6,chars/5377.json
卸,A,xiè,,dỡ hàng,resolved,止,Bộ Chỉ,record-radical,6,9,6,chars/5378.json
卺,C,jǐn,,cốc rượu lễ cưới,not-resolved,,,not-resolved,0,0,7,chars/537A.json
卼,C,wù,,khó chịu; không vững,not-resolved,,,not-resolved,0,0,7,chars/537C.json
卽,C,jí,,biến thể của 即[ji2]; ngay lập tức,not-resolved,,,not-resolved,0,0,7,chars/537D.json
卿,C,qīng,Khanh,quan chức cấp cao (xưa); cách gọi thân mật giữa vợ chồng (xưa),not-resolved,,,not-resolved,6,0,7,chars/537F.json
厂,A,chǎng,,nhà máy,resolved,厂,Bộ,self-radical,7,10,5,chars/5382.json
厃,C,wěi,,,not-resolved,,,not-resolved,0,0,,chars/5383.json
厄,C,è,Ách,khốn khổ,not-resolved,,,not-resolved,6,3,7,chars/5384.json
厅,A,tīng,,hội trường,resolved,广,Bộ Nghiễm,record-radical,8,10,4,chars/5385.json
历,A,lì,,biến thể cũ của 曆|历[li4]; biến thể cũ của 歷|历[li4],resolved,厂,Bộ,record-radical,16,10,3,chars/5386.json
厉,A,Lì,Lẹ,họ [Li4],resolved,厂,Bộ,record-radical,6,10,4,chars/5389.json
压,A,yā,Áp,"ấn, đè xuống",resolved,土,Bộ Thổ,record-radical,13,10,4,chars/538B.json
厌,A,yàn,Ướm,(dạng kết hợp) ghét; chán ngấy; (văn học) làm thỏa mãn; làm hài lòng,resolved,犬,Bộ Khuyển,record-radical,6,10,4,chars/538C.json
厍,B,Shè,,họ [She4],resolved,車,Bộ Xa,record-radical,0,0,7,chars/538D.json
厎,C,zhǐ,,đá mài,not-resolved,,,not-resolved,0,0,7,chars/538E.json
厐,C,páng,,"biến thể của 龐|庞[pang2], to lớn; khổng lồ",not-resolved,,,not-resolved,0,0,7,chars/5390.json
厓,C,yá,Day,dạng cũ của 崖 (vách đá) và 涯 (bờ),not-resolved,,,not-resolved,0,0,7,chars/5393.json
厔,C,zhì,Chái,khúc sông,not-resolved,,,not-resolved,0,0,7,chars/5394.json
厕,A,cè,,biến thể của 廁|厕[ce4],resolved,厂,Bộ,record-radical,5,9,4,chars/5395.json
厖,C,páng,,to lớn,not-resolved,,,not-resolved,0,0,7,chars/5396.json
厗,C,tí,,"đá hoặc khoáng vật cổ, có thể liên quan đến antimon Sb 銻|锑[ti1]",not-resolved,,,not-resolved,0,0,7,chars/5397.json
厘,A,lí,Li,biến thể của 釐|厘[li2],resolved,厂,Bộ,record-radical,6,6,5,chars/5398.json
厚,A,hòu,,dày,resolved,厂,Bộ,record-radical,13,10,4,chars/539A.json
厜,C,zuī,,đỉnh núi,not-resolved,,,not-resolved,0,0,7,chars/539C.json
厝,C,cuò,Xó,đặt vào chỗ; đặt,not-resolved,,,not-resolved,1,0,7,chars/539D.json
厞,C,fèi,,che giấu; nơi ẩn náu,not-resolved,,,not-resolved,0,0,7,chars/539E.json
原,A,yuán,Nguyên,nguyên bản,resolved,厂,Bộ,record-radical,19,10,4,chars/539F.json
厢,A,xiāng,Rương,lô (trong nhà hát); phòng bên,resolved,厂,Bộ,record-radical,6,6,5,chars/53A2.json
厣,C,yǎn,,nắp đậy nhỏ (tiếng La-tinh: little lid); một mảnh che (trong các nhánh khác nhau của giải phẫu),not-resolved,,,not-resolved,0,0,7,chars/53A3.json
厥,C,jué,,ngất; mất ý thức,not-resolved,,,not-resolved,4,0,7,chars/53A5.json
厦,A,Xià,Hè,"viết tắt của Hạ Môn hoặc Amoy 廈門|厦门[Xia4 men2], Phúc Kiến",resolved,厂,Bộ,record-radical,6,4,5,chars/53A6.json
厨,A,chú,,biến thể cũ của 廚|厨[chu2],resolved,厂,Bộ,record-radical,6,10,4,chars/53A8.json
厩,B,jiù,,chuồng ngựa; nhà kho,resolved,厂,Bộ,record-radical,1,0,7,chars/53A9.json
厪,B,jǐn,,túp lều,resolved,厂,Bộ,record-radical,0,0,7,chars/53AA.json
厮,B,sī,,biến thể của 廝|厮[si1],resolved,厂,Bộ,record-radical,6,0,7,chars/53AE.json
厰,C,chǎng,,biến thể của 廠|厂[chang3],not-resolved,,,not-resolved,0,0,7,chars/53B0.json
厳,C,yán,,biến thể Nhật Bản của 嚴|严,not-resolved,,,not-resolved,0,0,7,chars/53B3.json
厶,B,sī,,Riêng tư,resolved,厶,"Bộ Kh, Tư",self-radical,0,0,7,chars/53B6.json
厷,C,gōng,,biến thể cũ của 肱[gong1],not-resolved,,,not-resolved,0,0,7,chars/53B7.json
厹,C,qiú,,cây giáo,not-resolved,,,not-resolved,0,0,7,chars/53B9.json
厺,C,qù,,biến thể cũ của 去[qu4],not-resolved,,,not-resolved,0,0,7,chars/53BA.json
去,A,qù,Khứ,đi,resolved,大,Bộ Đại,record-radical,20,10,1,chars/53BB.json
厼,C,xx,,"một trong những ký tự được dùng trong kwukyel (phát âm ""keum""), một hệ thống chữ viết cổ của Hàn Quốc",not-resolved,,,not-resolved,0,0,7,chars/53BC.json
厾,C,dū,,gõ nhẹ,not-resolved,,,not-resolved,0,0,7,chars/53BE.json
县,A,xiàn,Huyện,huyện,resolved,首,Bộ Thủ,record-radical,6,6,5,chars/53BF.json
叀,C,zhuān,,,not-resolved,,,not-resolved,0,0,7,chars/53C0.json
叁,C,sān,,biến thể của 參|叁[san1],not-resolved,,,not-resolved,0,0,7,chars/53C1.json
参,C,cān,Tham,biến thể của 參|参[can1],not-resolved,,,not-resolved,11,10,3,chars/53C2.json
叄,C,sān,,biến thể của 參|叁[san1],not-resolved,,,not-resolved,0,0,7,chars/53C4.json
叆,C,ài,,trời mù mịt; bầu trời nhiều mây,not-resolved,,,not-resolved,0,0,7,chars/53C6.json
叇,C,dài,,xem 靉靆|叆叇[ai4 dai4],not-resolved,,,not-resolved,0,0,7,chars/53C7.json
又,A,yòu,Lại,một lần nữa,resolved,又,Bộ Hựu,self-radical,5,10,3,chars/53C8.json
叉,C,chā,,cái nĩa,not-resolved,,,not-resolved,6,9,5,chars/53C9.json
及,A,jí,Cập,và,resolved,人,Bộ Nhân,record-radical,17,10,4,chars/53CA.json
友,A,yǒu,Hữu,bạn bè,resolved,又,Bộ Hựu,record-radical,19,10,1,chars/53CB.json
双,A,shuāng,Song,"hai, cặp",resolved,又,Bộ Hựu,record-radical,11,10,3,chars/53CC.json
反,A,fǎn,Phản,ngược lại,resolved,厂,Bộ,record-radical,20,10,4,chars/53CD.json
収,C,shōu,,biến thể của 收[shou1],not-resolved,,,not-resolved,0,0,7,chars/53CE.json
发,C,fā,Phát,gửi,not-resolved,,,not-resolved,20,10,3,chars/53D1.json
叒,C,ruò,,biến thể cũ của 若[ruo4]; ngoan ngoãn,not-resolved,,,not-resolved,0,0,7,chars/53D2.json
叔,A,shū,Thúc,chú; em trai của cha,resolved,又,Bộ Hựu,record-radical,6,1,3,chars/53D4.json
叕,C,zhuó,,kết hợp lại; thiếu,not-resolved,,,not-resolved,0,0,7,chars/53D5.json
取,A,qǔ,Thủ,lấy,resolved,耳,Bộ Nhĩ,record-radical,20,10,4,chars/53D6.json
受,A,shòu,Thụ,nhận,resolved,又,Bộ Hựu,record-radical,20,10,4,chars/53D7.json
变,A,biàn,Biến,trở thành,resolved,夂,Bộ Tuy,record-radical,20,10,3,chars/53D8.json
叙,A,xù,,biến thể của 敘|叙[xu4],resolved,又,Bộ Hựu,record-radical,6,7,5,chars/53D9.json
叛,C,pàn,Bạn,phản bội; nổi loạn,not-resolved,,,not-resolved,6,10,6,chars/53DB.json
叟,B,sǒu,,cụ ông; ông lão,resolved,宀,Bộ Miên,record-radical,2,0,7,chars/53DF.json
叠,C,dié,Điệp,chồng,not-resolved,,,not-resolved,6,9,6,chars/53E0.json
口,A,kǒu,Khẩu,miệng,resolved,口,Bộ Khẩu,self-radical,20,10,3,chars/53E3.json
古,C,gǔ,Cổ,cổ,not-resolved,,,not-resolved,19,10,5,chars/53E4.json
句,A,jù,Câu,câu,resolved,口,Bộ Khẩu,record-radical,6,10,3,chars/53E5.json
另,A,lìng,Lánh,khác,resolved,口,Bộ Khẩu,record-radical,6,9,4,chars/53E6.json
叨,A,dāo,,lắm lời,resolved,口,Bộ Khẩu,record-radical,6,8,6,chars/53E8.json
叩,B,kòu,Khấu,gõ; dập đầu,resolved,卩,Bộ Tiết,record-radical,6,0,7,chars/53E9.json
只,C,zhǐ,Chỉ,chỉ,not-resolved,,,not-resolved,10,10,3,chars/53EA.json
叫,A,jiào,Khiếu,gọi,resolved,口,Bộ Khẩu,record-radical,9,10,1,chars/53EB.json
召,A,Shào,Chịu,họ [Shao4]; tên của một nước cổ đại tồn tại ở khu vực nay là tỉnh Thiểm Tây,resolved,口,Bộ Khẩu,record-radical,6,10,5,chars/53EC.json
叭,A,bā,Bớt,"biểu thị âm thanh hoặc tiếng động mạnh (tiếng súng, v.v.)",resolved,口,Bộ Khẩu,record-radical,4,3,6,chars/53ED.json
叮,A,dīng,Đinh,"kêu 'đinh', cắn (côn trùng), dặn dò",resolved,口,Bộ Khẩu,record-radical,6,4,6,chars/53EE.json
可,A,kě,Khả,nhưng,resolved,口,Bộ Khẩu,record-radical,20,10,2,chars/53EF.json
台,A,tái,Thai,cái (máy móc),resolved,口,Bộ Khẩu,record-radical,20,10,4,chars/53F0.json
叱,B,chì,Sứt,la mắng; quát tháo,resolved,口,Bộ Khẩu,record-radical,6,0,7,chars/53F1.json
史,C,Shǐ,Sử,họ [Shi3],not-resolved,,,not-resolved,7,10,3,chars/53F2.json
右,A,yòu,Hữu,phải,resolved,口,Bộ Khẩu,record-radical,7,10,2,chars/53F3.json
叵,C,pǒ,,không; sau đó,not-resolved,,,not-resolved,3,0,7,chars/53F5.json
叶,A,xié,,hòa hợp,resolved,口,Bộ Khẩu,record-radical,8,10,4,chars/53F6.json
号,A,hào,Hiệu,ngày,resolved,口,Bộ Khẩu,record-radical,19,10,1,chars/53F7.json
司,C,Sī,Ti,họ [Si1],not-resolved,,,not-resolved,11,10,2,chars/53F8.json
叹,C,tàn,Han,thở dài; cảm thán,not-resolved,,,not-resolved,8,10,6,chars/53F9.json
叻,C,lè,Sựt,(dùng trong địa danh),not-resolved,,,not-resolved,0,0,7,chars/53FB.json
叼,B,diāo,,ngậm,resolved,口,Bộ Khẩu,record-radical,0,0,6,chars/53FC.json
叽,B,jī,,cằn nhằn,resolved,口,Bộ Khẩu,record-radical,6,0,7,chars/53FD.json
吁,A,xū,Hu,suỵt; im lặng,resolved,口,Bộ Khẩu,record-radical,6,4,6,chars/5401.json
吃,A,chī,Khật,ăn,resolved,口,Bộ Khẩu,record-radical,16,10,1,chars/5403.json
各,A,gè,Các,mỗi,resolved,夂,Bộ Tuy,record-radical,10,10,4,chars/5404.json
吅,C,sòng,,biến thể của 訟|讼[song4],not-resolved,,,not-resolved,0,0,7,chars/5405.json
吆,B,yāo,,hét; lèo nhèo,resolved,口,Bộ Khẩu,record-radical,4,0,7,chars/5406.json
合,A,hé,Hợp,hợp,resolved,口,Bộ Khẩu,record-radical,20,10,4,chars/5408.json
吉,A,Jí,Cát,họ [Ji2]; viết tắt của Jilin 吉林省[Ji2lin2 Sheng3],resolved,士,Bộ Sĩ,record-radical,10,10,6,chars/5409.json
吊,C,diào,,treo,not-resolved,,,not-resolved,7,10,6,chars/540A.json
吋,C,cùn,,inch (tiếng Anh),not-resolved,,,not-resolved,0,0,7,chars/540B.json
同,A,tóng,Đồng,với,resolved,口,Bộ Khẩu,record-radical,20,10,1,chars/540C.json
名,A,míng,Danh,một lượng từ cho nghề nghiệp,resolved,夕,Bộ Tịch,record-radical,20,10,1,chars/540D.json
后,C,hòu,Hậu,sau,not-resolved,,,not-resolved,20,10,1,chars/540E.json
吏,C,lì,Lại,quan chức hoặc nhân viên chính phủ nhỏ (cổ),not-resolved,,,not-resolved,6,4,7,chars/540F.json
吐,A,tù,Thổ,nôn,resolved,口,Bộ Khẩu,record-radical,6,10,5,chars/5410.json
向,A,xiàng,Hướng,hướng về,resolved,宀,Bộ Miên,record-radical,20,10,3,chars/5411.json
吒,B,zhā,Cha,"dùng cho âm ""zha"" trong tên của một số nhân vật huyền thoại (ví dụ 哪吒[Ne2 zha1]); cách phát âm ở Đài Loan: [zha4]",resolved,口,Bộ Khẩu,record-radical,1,0,7,chars/5412.json
吓,A,xià,Hách,dọa,resolved,口,Bộ Khẩu,record-radical,7,10,5,chars/5413.json
吔,C,yē,Dã,"từ tượng thanh biểu thị ngạc nhiên, kinh ngạc và thở dài",not-resolved,,,not-resolved,0,0,7,chars/5414.json
吕,C,Lǚ,Lã,họ [Lu:3],not-resolved,,,not-resolved,6,0,7,chars/5415.json
吖,B,ā,,(dùng trong phiên âm tên hoá học),resolved,口,Bộ Khẩu,record-radical,0,0,7,chars/5416.json
吗,A,ma,Mửa,một từ nghi vấn,resolved,口,Bộ Khẩu,record-radical,2,10,1,chars/5417.json
君,A,jūn,Quân,quân chủ; chúa,resolved,口,Bộ Khẩu,record-radical,7,6,6,chars/541B.json
吜,C,chǒu,,(từ tượng thanh),not-resolved,,,not-resolved,0,0,7,chars/541C.json
吝,C,lìn,Lận,(hình thức kết hợp) keo kiệt,not-resolved,,,not-resolved,6,6,6,chars/541D.json
吞,A,tūn,,nuốt,resolved,口,Bộ Khẩu,record-radical,7,1,6,chars/541E.json
吟,A,yín,Ngâm,ngâm; ngâm thơ,resolved,口,Bộ Khẩu,record-radical,7,5,6,chars/541F.json
吠,C,fèi,,sủa,not-resolved,,,not-resolved,3,0,7,chars/5420.json
吡,B,bǐ,,dùng làm phiên âm bi- hoặc pi-,resolved,口,Bộ Khẩu,record-radical,3,0,7,chars/5421.json
吣,B,qìn,Tăm,nôn mửa (chó mèo); mắng nhiếc,resolved,口,Bộ Khẩu,record-radical,0,0,7,chars/5423.json
吥,C,bù,,dùng phiên âm trong 嗊吥|唝吥[Gong4 bu4],not-resolved,,,not-resolved,0,0,7,chars/5425.json
否,C,fǒu,Bĩ,phủ định; từ chối,not-resolved,,,not-resolved,7,10,4,chars/5426.json
吧,A,ba,Và,ba,resolved,口,Bộ Khẩu,record-radical,6,10,2,chars/5427.json
吨,A,dūn,Đồn,tấn,resolved,口,Bộ Khẩu,record-radical,4,4,5,chars/5428.json
吩,A,fēn,Phàn,dùng trong 吩咐[fen1fu5]; dùng trong phiên âm hợp chất hóa học,resolved,口,Bộ Khẩu,record-radical,2,3,6,chars/5429.json
吪,C,é,Hoé,cử động,not-resolved,,,not-resolved,0,0,7,chars/542A.json
含,A,hán,Hàm,chứa,resolved,口,Bộ Khẩu,record-radical,8,10,5,chars/542B.json
听,A,tīng,Thính,nghe,resolved,口,Bộ Khẩu,record-radical,19,10,1,chars/542C.json
吭,A,háng,,cổ họng,resolved,口,Bộ Khẩu,record-radical,5,4,7,chars/542D.json
吮,B,shǔn,,mút,resolved,口,Bộ Khẩu,record-radical,2,0,7,chars/542E.json
启,C,qǐ,,biến thể của 啟|启[qi3],not-resolved,,,not-resolved,9,10,5,chars/542F.json
吰,C,hóng,,loảng xoảng,not-resolved,,,not-resolved,0,0,7,chars/5430.json
吱,B,zhī,Chê,(từ tượng thanh) kẽo kẹt hoặc rên rỉ,resolved,口,Bộ Khẩu,record-radical,4,0,7,chars/5431.json
吲,C,yǐn,Dặn,dùng trong 吲哚[yin3 duo3],not-resolved,,,not-resolved,1,0,7,chars/5432.json
吴,B,Wú,Ngô,"họ [Wu2]; khu vực gồm phía nam Giang Tô, phía bắc Chiết Giang và Thượng Hải",resolved,口,Bộ Khẩu,record-radical,6,0,7,chars/5434.json
吵,A,chǎo,Sảo,ồn ào,resolved,口,Bộ Khẩu,record-radical,6,10,5,chars/5435.json
吸,A,xī,Cộp,hít vào,resolved,口,Bộ Khẩu,record-radical,9,10,4,chars/5438.json
吹,A,chuī,Xuy,thổi,resolved,口,Bộ Khẩu,record-radical,9,10,5,chars/5439.json
吻,A,wěn,Vẫn,hôn,resolved,口,Bộ Khẩu,record-radical,6,8,5,chars/543B.json
吼,A,hǒu,Hống,gầm thét,resolved,口,Bộ Khẩu,record-radical,5,1,6,chars/543C.json
吽,C,hōng,,âm thanh của thần chú Phật giáo,not-resolved,,,not-resolved,0,0,7,chars/543D.json
吾,B,Wú,Ngo,họ [Wu2],resolved,口,Bộ Khẩu,record-radical,6,0,7,chars/543E.json
呀,A,ya,Nhá,tiếng thán từ 'ya',resolved,口,Bộ Khẩu,record-radical,3,7,4,chars/5440.json
呃,B,è,Nhách,(thán từ); nấc cụt,resolved,口,Bộ Khẩu,record-radical,2,0,7,chars/5443.json
呆,A,dāi,Ngốc,ở lại,resolved,口,Bộ Khẩu,record-radical,6,10,5,chars/5446.json
呇,C,qǐ,,ngôi sao,not-resolved,,,not-resolved,0,0,7,chars/5447.json
呈,A,chéng,Trình,"hiện ra, biểu hiện, trình bày",resolved,口,Bộ Khẩu,record-radical,6,10,6,chars/5448.json
呉,C,Wú,,biến thể Nhật Bản của 吳|吴[Wu2],not-resolved,,,not-resolved,0,0,7,chars/5449.json
告,C,gào,,tố cáo,not-resolved,,,not-resolved,20,10,2,chars/544A.json
呋,B,fū,,"dùng để phiên âm, ví dụ: 呋喃[fu1 nan2], furan hoặc 呋喃西林[fu1 nan2 xi1 lin2], furacilinum; biến thể cũ của 趺[fu1]",resolved,口,Bộ Khẩu,record-radical,2,0,7,chars/544B.json
呎,B,chǐ,Xếch,"foot (đơn vị độ dài bằng 0,3048 m); dạng cũ của 英尺[ying1 chi3]",resolved,口,Bộ Khẩu,record-radical,0,0,7,chars/544E.json
呏,C,shēng,,gallon; quart,not-resolved,,,not-resolved,0,0,7,chars/544F.json
呐,A,nà,Nói,tiếng hò reo,resolved,口,Bộ Khẩu,record-radical,3,4,7,chars/5450.json
呑,B,tūn,,biến thể của 吞[tun1],resolved,口,Bộ Khẩu,record-radical,0,0,,chars/5451.json
呒,B,fǔ,,bối rối; ngạc nhiên,resolved,口,Bộ Khẩu,record-radical,0,0,7,chars/5452.json
呓,B,yì,,nói mớ,resolved,口,Bộ Khẩu,record-radical,2,0,7,chars/5453.json
呔,C,tāi,,(thán từ) này!; tiếng Đài Loan đọc là [tai5],not-resolved,,,not-resolved,0,0,7,chars/5454.json
呕,A,ǒu,,nôn mửa,resolved,口,Bộ Khẩu,record-radical,4,3,6,chars/5455.json
呖,B,lì,Rích,âm thanh xé toạc; răng rắc,resolved,口,Bộ Khẩu,record-radical,0,0,7,chars/5456.json
呗,B,bài,,"(hình thức kết hợp) tụng (từ tiếng Phạn ""pāṭhaka"")",resolved,口,Bộ Khẩu,record-radical,0,0,7,chars/5457.json
员,A,yuán,Viên,nhân viên,resolved,口,Bộ Khẩu,record-radical,20,10,2,chars/5458.json
呙,C,Guō,Oà,họ [Guo1],not-resolved,,,not-resolved,0,0,7,chars/5459.json
呛,A,qiāng,,bị nghẹn,resolved,口,Bộ Khẩu,record-radical,2,5,7,chars/545B.json
呜,A,wū,Ô,(từ tượng thanh) cho tiếng ngâm nga hoặc thút thít,resolved,口,Bộ Khẩu,record-radical,5,3,7,chars/545C.json
呝,C,è,,biến thể cũ của 呃[e4],not-resolved,,,not-resolved,0,0,7,chars/545D.json
呠,C,pēn,Bỏm,phun; thổi ra,not-resolved,,,not-resolved,0,0,7,chars/5460.json
呡,C,wěn,Răn,khóe miệng; môi,not-resolved,,,not-resolved,0,0,7,chars/5461.json
呢,A,ne,Nài,"một hạt cho câu hỏi đặc biệt, thay thế hoặc tu từ",resolved,口,Bộ Khẩu,record-radical,6,10,1,chars/5462.json
呣,B,m,,thán từ biểu thị câu hỏi,resolved,口,Bộ Khẩu,record-radical,0,0,7,chars/5463.json
呤,B,líng,Gầm,dùng trong 呤呤[ling2 ling2],resolved,口,Bộ Khẩu,record-radical,4,0,7,chars/5464.json
呦,B,yōu,Ạo,"Ô! (thán từ biểu lộ sự thất vọng, v.v.); dùng trong 呦呦[you1 you1]",resolved,口,Bộ Khẩu,record-radical,0,0,7,chars/5466.json
呧,C,dǐ,,chọc tức,not-resolved,,,not-resolved,0,0,7,chars/5467.json
周,C,zhōu,Chu,tuần,not-resolved,,,not-resolved,16,10,3,chars/5468.json
呫,C,tiè,Chím,dùng trong 呫嚅[che4 ru2],not-resolved,,,not-resolved,0,0,7,chars/546B.json
呬,C,xì,,nghỉ ngơi,not-resolved,,,not-resolved,0,0,7,chars/546C.json
呯,C,píng,,"(từ tượng thanh) đùng! (cồng, súng nổ, v.v.)",not-resolved,,,not-resolved,0,0,7,chars/546F.json
呰,C,zǐ,,phỉ báng; trách mắng,not-resolved,,,not-resolved,0,0,7,chars/5470.json
呱,B,gū,Oa,âm thanh khóc của trẻ con,resolved,口,Bộ Khẩu,record-radical,4,0,7,chars/5471.json
呲,B,cī,,(thông tục) mắng; phê bình,resolved,口,Bộ Khẩu,record-radical,1,0,7,chars/5472.json
味,A,wèi,Vị,"Vị, mùi vị",resolved,口,Bộ Khẩu,record-radical,20,10,4,chars/5473.json
呴,C,xū,Gâu,hà hơi; ngáp,not-resolved,,,not-resolved,0,0,7,chars/5474.json
呵,A,hē,Ha,hé,resolved,口,Bộ Khẩu,record-radical,6,1,6,chars/5475.json
呶,B,náo,Nao,"ồn ào; (từ tượng thanh) ""nhìn kìa!""",resolved,口,Bộ Khẩu,record-radical,0,0,7,chars/5476.json
呷,B,xiā,,nhấm nháp; uống; tiếng địa phương Đài Loan [xia2],resolved,口,Bộ Khẩu,record-radical,0,0,7,chars/5477.json
呸,B,pēi,Bậy,pè!; bah!,resolved,口,Bộ Khẩu,record-radical,0,0,7,chars/5478.json
呺,C,xiāo,,giọng tức giận; rộng lớn,not-resolved,,,not-resolved,0,0,7,chars/547A.json
呻,A,shēn,,(văn học) ngâm; tụng; đọc; (hình thức kết hợp) rên rỉ,resolved,口,Bộ Khẩu,record-radical,2,3,6,chars/547B.json
呼,A,hū,Hô,gọi; kêu,resolved,口,Bộ Khẩu,record-radical,14,10,4,chars/547C.json
命,A,mìng,Mệnh,số phận,resolved,口,Bộ Khẩu,record-radical,19,10,4,chars/547D.json
呿,C,qū,Khứa,ngáp,not-resolved,,,not-resolved,0,0,7,chars/547F.json
咀,A,jǔ,Thở,nhai; nhai kỹ,resolved,口,Bộ Khẩu,record-radical,4,3,6,chars/5480.json
咁,C,gān,Căm,vậy (tiếng Quảng Đông); tương đương trong Quan Thoại: 這樣|这样[zhe4 yang4],not-resolved,,,not-resolved,0,0,7,chars/5481.json
咂,B,zā,Táp,nhấp; mém môi,resolved,口,Bộ Khẩu,record-radical,2,0,7,chars/5482.json
咄,B,duō,Xót,"(cũ) (thán từ biểu thị không tán thành, thương hại, v.v.) chậc!; Phiên âm Đài Loan: [duo4]",resolved,口,Bộ Khẩu,record-radical,3,0,7,chars/5484.json
咅,C,pǒu,,pooh; pah,not-resolved,,,not-resolved,0,0,7,chars/5485.json
咆,B,páo,Bàu,gầm rú,resolved,口,Bộ Khẩu,record-radical,2,0,7,chars/5486.json
咇,C,bì,,thơm,not-resolved,,,not-resolved,0,0,7,chars/5487.json
咈,C,fú,Phớt,phản đối,not-resolved,,,not-resolved,0,0,7,chars/5488.json
咋,B,zǎ,Chạ,tương đương trong phương ngữ của 怎麼|怎么[zen3 me5],resolved,口,Bộ Khẩu,record-radical,2,0,6,chars/548B.json
和,A,hé,Hoà,và,resolved,口,Bộ Khẩu,record-radical,20,10,1,chars/548C.json
咍,C,hāi,Hay,(thán từ); vui vẻ,not-resolved,,,not-resolved,0,0,7,chars/548D.json
咎,B,jiù,,lỗi; đổ lỗi,resolved,口,Bộ Khẩu,record-radical,6,0,7,chars/548E.json
咏,A,yǒng,Vẳng,ngâm thơ,resolved,口,Bộ Khẩu,record-radical,5,3,7,chars/548F.json
咐,A,fù,Phó,dùng trong 吩咐[fen1fu5] và 囑咐|嘱咐[zhu3fu5],resolved,口,Bộ Khẩu,record-radical,2,8,6,chars/5490.json
咑,B,dā,,đa! (âm thanh dùng để lùa động vật),resolved,口,Bộ Khẩu,record-radical,0,0,7,chars/5491.json
咒,C,zhòu,Chú,biến thể của 咒[zhou4],not-resolved,,,not-resolved,6,1,7,chars/5492.json
咔,B,kǎ,,"(dùng như phiên âm ""ka"")",resolved,口,Bộ Khẩu,record-radical,3,0,7,chars/5494.json
咕,A,gū,,"(từ tượng thanh) cho tiếng chim, bụng đói, v.v.",resolved,口,Bộ Khẩu,record-radical,6,1,7,chars/5495.json
咖,A,kā,,dùng trong 咖喱[ga1 li2],resolved,口,Bộ Khẩu,record-radical,6,10,2,chars/5496.json
咗,C,zuǒ,,tiểu từ Quảng Đông tương đương với 了[le5] hoặc 過|过[guo4],not-resolved,,,not-resolved,0,0,7,chars/5497.json
咙,A,lóng,Lùng,dùng trong 喉嚨|喉咙[hou2 long2],resolved,口,Bộ Khẩu,record-radical,1,4,6,chars/5499.json
咚,B,dōng,Giọng,(từ tượng thanh) bùm (tiếng trống); gõ (cửa),resolved,口,Bộ Khẩu,record-radical,4,0,7,chars/549A.json
咛,B,níng,,dặn dò,resolved,口,Bộ Khẩu,record-radical,1,0,7,chars/549B.json
咝,B,sī,,(từ tượng thanh) xì; rít,resolved,口,Bộ Khẩu,record-radical,0,0,7,chars/549D.json
咠,C,qì,Nghiện,"thì thầm; trách, vu khống",not-resolved,,,not-resolved,0,0,7,chars/54A0.json
咡,C,èr,,khoảng cách giữa miệng và tai,not-resolved,,,not-resolved,0,0,7,chars/54A1.json
咢,C,è,Ngạc,đánh trống; làm giật mình,not-resolved,,,not-resolved,0,0,7,chars/54A2.json
咣,B,guāng,Quàng,(tượng thanh) rầm; cửa đóng sầm,resolved,口,Bộ Khẩu,record-radical,1,0,7,chars/54A3.json
咤,B,zhà,,dùng trong 叱咤[chi4 zha4],resolved,口,Bộ Khẩu,record-radical,2,0,7,chars/54A4.json
咥,B,dié,Chối,gặm; cắn,resolved,口,Bộ Khẩu,record-radical,0,0,7,chars/54A5.json
咦,B,yí,,biểu cảm ngạc nhiên,resolved,口,Bộ Khẩu,record-radical,0,0,7,chars/54A6.json
咧,A,liē,Lác,dùng trong 咧咧[lie1 lie1]; dùng trong 大大咧咧[da4 da4 lie1 lie1],resolved,口,Bộ Khẩu,record-radical,6,7,7,chars/54A7.json
咨,A,zī,,tư vấn,resolved,口,Bộ Khẩu,record-radical,2,7,5,chars/54A8.json
咩,C,miē,,tiếng kêu be be của cừu; hậu tố biến câu trần thuật thành câu hỏi biểu thị nghi ngờ hoặc ngạc nhiên (tiếng Quảng Đông),not-resolved,,,not-resolved,0,0,7,chars/54A9.json
咪,B,mī,,âm thanh gọi mèo,resolved,口,Bộ Khẩu,record-radical,3,0,7,chars/54AA.json
咫,C,zhǐ,,đơn vị đo chiều dài 8 inch của triều đại Chu,not-resolved,,,not-resolved,3,0,7,chars/54AB.json
咬,A,yǎo,Rao,cắn,resolved,口,Bộ Khẩu,record-radical,7,7,5,chars/54AC.json
咭,B,jī,Gắt,biến thể của 嘰|叽[ji1],resolved,口,Bộ Khẩu,record-radical,0,0,7,chars/54AD.json
咮,C,zhòu,Chau,mỏ chim; mổ vào,not-resolved,,,not-resolved,0,0,7,chars/54AE.json
咯,B,gē,Khạc,(phiên âm),resolved,口,Bộ Khẩu,record-radical,3,0,7,chars/54AF.json
咱,A,zán,,"tôi, chúng tôi",resolved,口,Bộ Khẩu,record-radical,4,1,4,chars/54B1.json
咳,A,hāi,Cay,"âm thanh thở dài; (thán từ biểu đạt ngạc nhiên, buồn bã, hối tiếc, thất vọng, v.v.) ôi",resolved,口,Bộ Khẩu,record-radical,5,8,4,chars/54B3.json
咴,B,huī,,hí; tiếng ngựa kêu,resolved,口,Bộ Khẩu,record-radical,0,0,7,chars/54B4.json
咸,C,xián,,mặn,not-resolved,,,not-resolved,6,6,4,chars/54B8.json
咹,C,è,Ăn,hả?,not-resolved,,,not-resolved,0,0,7,chars/54B9.json
咺,C,xuǎn,,rạng rỡ; nức nở,not-resolved,,,not-resolved,0,0,7,chars/54BA.json
咻,B,xiū,Hiu,gọi lớn; chế giễu,resolved,口,Bộ Khẩu,record-radical,1,0,7,chars/54BB.json
咽,A,yàn,Nhằn,nuốt,resolved,口,Bộ Khẩu,record-radical,6,4,6,chars/54BD.json
咾,B,lǎo,Láo,một tiếng ồn; một âm thanh,resolved,口,Bộ Khẩu,record-radical,0,0,7,chars/54BE.json
咿,B,yī,,biến thể của 咿[yi1],resolved,口,Bộ Khẩu,record-radical,0,0,7,chars/54BF.json
哀,A,Aī,Ai,"Ai (khoảng năm 2000 TCN), vị thứ sáu của Hoàng đế Viêm 帝炎[Yan2 di4], hậu duệ của Thần Nông 神農|神农[Shen2 nong2] Thần Nông, cũng được biết đến là Li 釐|厘[Li2]",resolved,口,Bộ Khẩu,record-radical,6,10,6,chars/54C0.json
品,A,pǐn,Phẩm,(hình thức kết hợp) hàng hóa; sản phẩm; hàng; (hình thức kết hợp) cấp; hạng,resolved,口,Bộ Khẩu,record-radical,20,10,5,chars/54C1.json
哂,B,shěn,,(văn học) mỉm cười; chế nhạo,resolved,口,Bộ Khẩu,record-radical,2,0,7,chars/54C2.json
哄,A,hōng,Họng,ồn ào,resolved,口,Bộ Khẩu,record-radical,6,6,6,chars/54C4.json
哆,A,duō,Đớ,run rẩy; vải len,resolved,口,Bộ Khẩu,record-radical,2,4,6,chars/54C6.json
哇,B,wa,Oà,wa,resolved,口,Bộ Khẩu,record-radical,4,0,6,chars/54C7.json
哈,A,hā,Hóp,ha,resolved,口,Bộ Khẩu,record-radical,9,10,5,chars/54C8.json
哉,B,zāi,Tai,(thán từ hoặc trợ từ nghi vấn),resolved,口,Bộ Khẩu,record-radical,4,0,7,chars/54C9.json
哋,C,dì,,(Quảng Đông) số nhiều cho đại từ,not-resolved,,,not-resolved,0,0,7,chars/54CB.json
哌,B,pài,,dùng trong phiên âm,resolved,口,Bộ Khẩu,record-radical,1,0,7,chars/54CC.json
响,A,xiǎng,Hưởng,"phát ra âm thanh, kêu",resolved,口,Bộ Khẩu,record-radical,11,10,4,chars/54CD.json
哎,A,āi,,ai,resolved,口,Bộ Khẩu,record-radical,2,5,5,chars/54CE.json
哏,B,gén,Gắn,buồn cười; hài hước,resolved,口,Bộ Khẩu,record-radical,2,0,7,chars/54CF.json
哐,B,kuāng,,(từ tượng thanh) rầm; bang,resolved,口,Bộ Khẩu,record-radical,1,0,7,chars/54D0.json
哑,A,yǎ,,câm,resolved,口,Bộ Khẩu,record-radical,6,1,6,chars/54D1.json
哒,A,dā,Đặt,(phiên âm); ra lệnh cho ngựa,resolved,口,Bộ Khẩu,record-radical,1,1,7,chars/54D2.json
哓,B,xiāo,Nghêu,kêu la than phiền; cằn nhằn,resolved,口,Bộ Khẩu,record-radical,0,0,7,chars/54D3.json
哔,B,bì,,(phiên âm),resolved,口,Bộ Khẩu,record-radical,1,0,7,chars/54D4.json
哕,B,huì,Oẹ,dùng trong 噦噦|哕哕[hui4 hui4],resolved,口,Bộ Khẩu,record-radical,0,0,7,chars/54D5.json
哗,A,huā,,(từ tượng thanh) bùm; loảng xoảng,resolved,口,Bộ Khẩu,record-radical,7,10,6,chars/54D7.json
哙,B,Kuài,Gọi,họ [Kuai4],resolved,口,Bộ Khẩu,record-radical,0,0,7,chars/54D9.json
哚,B,duǒ,,dùng trong 吲哚[yin3 duo3],resolved,口,Bộ Khẩu,record-radical,1,0,7,chars/54DA.json
哜,B,jì,,nhấp,resolved,口,Bộ Khẩu,record-radical,0,0,7,chars/54DC.json
哝,B,nóng,Nũng,nói nhiều,resolved,口,Bộ Khẩu,record-radical,2,0,7,chars/54DD.json
哞,B,mōu,,moo (âm thanh bò rống),resolved,口,Bộ Khẩu,record-radical,0,0,7,chars/54DE.json
哟,B,yō,,Ồ! (thán từ chỉ sự ngạc nhiên nhẹ); cũng đọc là [yao1],resolved,口,Bộ Khẩu,record-radical,2,0,7,chars/54DF.json
哢,C,lòng,Trộng,hót hoặc hót líu lo (của chim); âm thanh nhạc,not-resolved,,,not-resolved,0,0,7,chars/54E2.json
哤,C,máng,,biệt ngữ,not-resolved,,,not-resolved,0,0,7,chars/54E4.json
哥,C,gē,Ca,anh trai,not-resolved,,,not-resolved,7,10,2,chars/54E5.json
哦,B,ó,Nga,ồ,resolved,口,Bộ Khẩu,record-radical,1,0,6,chars/54E6.json
哧,B,chī,,(từ tượng thanh) cười khúc khích; thở,resolved,口,Bộ Khẩu,record-radical,4,0,7,chars/54E7.json
哨,A,shào,,còi; người gác,resolved,口,Bộ Khẩu,record-radical,7,10,6,chars/54E8.json
哩,B,lǐ,,dặm,resolved,口,Bộ Khẩu,record-radical,3,0,7,chars/54E9.json
哪,A,nǎ,Ná,nào?,resolved,口,Bộ Khẩu,record-radical,7,10,1,chars/54EA.json
哫,C,zú,,dỗ dành,not-resolved,,,not-resolved,0,0,7,chars/54EB.json
哭,C,kū,Khóc,khóc,not-resolved,,,not-resolved,7,10,3,chars/54ED.json
哮,A,xiào,Hao,thở hổn hển; gầm,resolved,口,Bộ Khẩu,record-radical,5,2,7,chars/54EE.json
哰,C,láo,Rao,dùng trong 囒哰[lan2 lao2],not-resolved,,,not-resolved,0,0,7,chars/54F0.json
哱,B,bō,Buột,dùng trong 呼哱哱[hu1 bo1 bo1],resolved,口,Bộ Khẩu,record-radical,0,0,7,chars/54F1.json
哲,A,zhé,Triết,khôn ngoan; một nhà hiền triết,resolved,口,Bộ Khẩu,record-radical,6,10,5,chars/54F2.json
哳,B,zhā,Chít,dùng trong 嘲哳[zhao1 zha1]; dùng trong 啁哳[zhao1 zha1],resolved,口,Bộ Khẩu,record-radical,0,0,7,chars/54F3.json
哺,A,bǔ,Phô,cho ăn,resolved,口,Bộ Khẩu,record-radical,7,9,6,chars/54FA.json
哼,A,hēng,,"rên rỉ, không hài lòng",resolved,口,Bộ Khẩu,record-radical,6,3,6,chars/54FC.json
哽,B,gěng,Ngạnh,nghẹn ngào; nghẹn thức ăn,resolved,口,Bộ Khẩu,record-radical,3,0,7,chars/54FD.json
哿,C,gě,Cả,tuyệt vời; vui vẻ,not-resolved,,,not-resolved,0,0,7,chars/54FF.json
唁,B,yàn,Ngon,bày tỏ lời chia buồn,resolved,口,Bộ Khẩu,record-radical,4,0,7,chars/5501.json
唂,C,gū,,(từ tượng thanh) tiếng chim kêu,not-resolved,,,not-resolved,0,0,7,chars/5502.json
唃,C,gū,,biến thể cũ của 唂[gu1],not-resolved,,,not-resolved,0,0,7,chars/5503.json
唅,C,hān,Hầm,(văn học) đưa vào miệng,not-resolved,,,not-resolved,0,0,7,chars/5505.json
唆,A,suō,,mút; xúi giục,resolved,口,Bộ Khẩu,record-radical,5,3,6,chars/5506.json
唇,A,chún,Thần,môi,resolved,口,Bộ Khẩu,record-radical,6,6,6,chars/5507.json
唈,C,yì,Oạp,đánh trống ngực; khó thở,not-resolved,,,not-resolved,0,0,7,chars/5508.json
唉,A,ài,Hãy,ai,resolved,口,Bộ Khẩu,record-radical,2,6,5,chars/5509.json
唊,C,jiá,,(cổ) nói bừa bãi; nói nhảm,not-resolved,,,not-resolved,0,0,7,chars/550A.json
唎,B,lì,Lời,(trợ từ ngữ khí); âm thanh,resolved,口,Bộ Khẩu,record-radical,0,0,7,chars/550E.json
唏,A,xī,Hơi,"Hít, rít (âm thanh khóc, thở dài); tiếng than vãn",resolved,口,Bộ Khẩu,record-radical,2,4,7,chars/550F.json
唐,A,Táng,Đường,triều đại nhà Đường (618-907); họ [Tang2],resolved,口,Bộ Khẩu,record-radical,7,10,6,chars/5510.json
唑,B,zuò,Doạ,azole (hóa học),resolved,口,Bộ Khẩu,record-radical,4,0,7,chars/5511.json
唔,B,wú,,ồ (biểu hiện đồng ý hoặc ngạc nhiên); (tiếng Quảng Đông) không,resolved,口,Bộ Khẩu,record-radical,0,0,7,chars/5514.json
唛,B,mài,,dấu (từ mượn); cũng đọc là [ma4],resolved,口,Bộ Khẩu,record-radical,0,0,7,chars/551B.json
唝,B,hǒng,,dùng để phiên âm trong 嗊吥|唝吥[Gong4 bu4],resolved,口,Bộ Khẩu,record-radical,0,0,7,chars/551D.json
唞,C,dǒu,,nghỉ ngơi (tiếng Quảng Đông),not-resolved,,,not-resolved,0,0,7,chars/551E.json
唠,A,láo,Lao,nói huyên thuyên,resolved,口,Bộ Khẩu,record-radical,3,4,6,chars/5520.json
唡,C,liǎng,,ao (hệ đo lường Anh) (cũ),not-resolved,,,not-resolved,0,0,7,chars/5521.json
唢,C,suǒ,,dùng trong 嗩吶|唢呐[suo3 na4],not-resolved,,,not-resolved,1,0,7,chars/5522.json
唣,B,zào,,biến thể của 唣[zao4],resolved,口,Bộ Khẩu,record-radical,0,0,7,chars/5523.json
唤,A,huàn,Hoán,gọi,resolved,口,Bộ Khẩu,record-radical,8,10,6,chars/5524.json
唧,B,jī,,(từ tượng thanh) bơm (nước),resolved,口,Bộ Khẩu,record-radical,6,0,7,chars/5527.json
唪,B,fěng,,ngâm; ngâm nga,resolved,口,Bộ Khẩu,record-radical,0,0,7,chars/552A.json
唫,B,jìn,Câm,nói lắp; ngậm miệng,resolved,口,Bộ Khẩu,record-radical,0,0,7,chars/552B.json
唬,A,hǔ,,gầm của hổ; doạ,resolved,口,Bộ Khẩu,record-radical,2,4,7,chars/552C.json
售,A,shòu,,"bán; thực hiện (một kế hoạch, âm mưu, v.v.)",resolved,口,Bộ Khẩu,record-radical,11,10,4,chars/552E.json
唯,A,wéi,Dõi,chỉ,resolved,口,Bộ Khẩu,record-radical,7,10,5,chars/552F.json
唰,B,shuā,,(từ tượng thanh) tiếng sột soạt; tiếng xào xạc,resolved,口,Bộ Khẩu,record-radical,0,0,7,chars/5530.json
唱,A,chàng,Xướng,hát,resolved,口,Bộ Khẩu,record-radical,7,10,2,chars/5531.json
唲,C,ér,Nhè,cười gượng ép,not-resolved,,,not-resolved,0,0,7,chars/5532.json
唳,B,lì,,tiếng kêu của sếu hoặc ngỗng trời,resolved,口,Bộ Khẩu,record-radical,1,0,7,chars/5533.json
唵,B,ǎn,,(thán từ) ôi!; (tiếng địa phương) nhét gì đó vào miệng,resolved,口,Bộ Khẩu,record-radical,0,0,7,chars/5535.json
唶,C,jiè,Tuếch,thở dài; rên rỉ,not-resolved,,,not-resolved,0,0,7,chars/5536.json
唷,B,yō,Dóc,(thán từ biểu thị sự ngạc nhiên) Ôi!; Chà!,resolved,口,Bộ Khẩu,record-radical,0,0,7,chars/5537.json
唹,C,yú,Ớ,mỉm cười với,not-resolved,,,not-resolved,0,0,7,chars/5539.json
唻,C,lài,Lải,(trợ từ ngữ khí tương tự như 呢[ne5] hoặc 啦[la1]),not-resolved,,,not-resolved,0,0,7,chars/553B.json
唼,B,shǎ,Thép,nói xấu; âm thanh ngấu nghiến do vịt tạo ra,resolved,口,Bộ Khẩu,record-radical,0,0,7,chars/553C.json
唾,A,tuò,Thoá,nước bọt; nhổ,resolved,口,Bộ Khẩu,record-radical,6,4,6,chars/553E.json
唿,B,hū,Hót,huýt sáo (bằng ngón tay trong miệng); (từ tượng thanh) cho âm thanh của gió,resolved,口,Bộ Khẩu,record-radical,1,0,7,chars/553F.json
啀,C,ái,Nhai,chó gầm gừ; khoe răng nanh,not-resolved,,,not-resolved,0,0,7,chars/5540.json
啁,B,zhōu,,dùng trong 啁哳[zhao1 zha1]; cách phát âm Đài Loan: [zhou1],resolved,口,Bộ Khẩu,record-radical,1,0,7,chars/5541.json
啃,B,kěn,,gặm,resolved,口,Bộ Khẩu,record-radical,1,0,6,chars/5543.json
啄,B,zhuó,Trốc,"mổ, rỉa",resolved,口,Bộ Khẩu,record-radical,2,0,7,chars/5544.json
啅,C,zhào,Chạc,hót líu lo,not-resolved,,,not-resolved,0,0,7,chars/5545.json
商,A,Shāng,Thương,nhà Thương (khoảng 1600-1046 TCN); họ [Shang1],resolved,辛,Bộ Tân,record-radical,19,10,1,chars/5546.json
啇,C,dì,,,not-resolved,,,not-resolved,0,0,,chars/5547.json
啉,B,lín,Lăm,dùng trong phiên âm tên của các hợp chất hữu cơ như porphyrin 卟啉[bu3 lin2] và quinoline 喹啉[kui2 lin2],resolved,口,Bộ Khẩu,record-radical,2,0,7,chars/5549.json
啊,A,a,À,a,resolved,口,Bộ Khẩu,record-radical,2,3,3,chars/554A.json
啍,C,tūn,,di chuyển chậm chạp,not-resolved,,,not-resolved,0,0,7,chars/554D.json
啎,C,wǔ,,"bướng bỉnh, không vâng lời, khó bảo",not-resolved,,,not-resolved,0,0,7,chars/554E.json
啐,B,cuì,Chót,nhổ nước bọt; (từ tượng thanh) xì!,resolved,口,Bộ Khẩu,record-radical,0,0,7,chars/5550.json
啕,B,táo,Trệu,than vãn,resolved,口,Bộ Khẩu,record-radical,2,0,7,chars/5555.json
啖,B,dàn,,ăn; nếm,resolved,口,Bộ Khẩu,record-radical,0,0,7,chars/5556.json
啚,C,bǐ,,,not-resolved,,,not-resolved,0,0,,chars/555A.json
啜,B,chuò,Xuýt,(văn học) uống; nhấp nháp,resolved,口,Bộ Khẩu,record-radical,1,0,7,chars/555C.json
啡,A,fēi,,(dùng trong từ mượn âm),resolved,口,Bộ Khẩu,record-radical,6,10,2,chars/5561.json
啤,A,pí,,bia,resolved,口,Bộ Khẩu,record-radical,6,9,3,chars/5564.json
啥,B,shá,,cái gì?,resolved,口,Bộ Khẩu,record-radical,1,0,6,chars/5565.json
啦,B,la,,trợ từ 'la',resolved,口,Bộ Khẩu,record-radical,6,0,6,chars/5566.json
啧,B,zé,,(thán từ biểu thị sự thán phục hoặc ghê tởm); tặc lưỡi,resolved,口,Bộ Khẩu,record-radical,2,0,7,chars/5567.json
啪,B,pā,,(từ tượng thanh) băng; bốp,resolved,口,Bộ Khẩu,record-radical,5,0,7,chars/556A.json
啫,B,zhě,Gia,dùng trong 啫哩[zhe3 li1],resolved,口,Bộ Khẩu,record-radical,0,0,7,chars/556B.json
啬,C,sè,,keo kiệt,not-resolved,,,not-resolved,2,4,6,chars/556C.json
啭,B,zhuàn,,hót (chim hoặc côn trùng); líu lo,resolved,口,Bộ Khẩu,record-radical,0,0,7,chars/556D.json
啮,A,niè,,gặm; mòn,resolved,口,Bộ Khẩu,record-radical,3,2,7,chars/556E.json
啯,C,guō,,âm thanh nuốt; kêu ộp ộp,not-resolved,,,not-resolved,0,0,7,chars/556F.json
啰,A,luō,La,dùng trong 囉嗦|啰嗦[luo1 suo5],resolved,口,Bộ Khẩu,record-radical,3,3,6,chars/5570.json
啱,C,yān,Nhàm,đúng; phù hợp,not-resolved,,,not-resolved,0,0,7,chars/5571.json
啲,C,dī,,một ít; một vài,not-resolved,,,not-resolved,0,0,7,chars/5572.json
啴,B,chǎn,,dùng trong 嘽嘽|啴啴[chan3 chan3] và 嘽緩|啴缓[chan3 huan3],resolved,口,Bộ Khẩu,record-radical,0,0,7,chars/5574.json
啵,C,bō,,(từ tượng thanh) sủi bọt,not-resolved,,,not-resolved,1,0,7,chars/5575.json
啶,B,dìng,,idin (hóa học),resolved,口,Bộ Khẩu,record-radical,5,0,7,chars/5576.json
啷,B,lāng,Lắng,dùng trong 啷當|啷当[lang1 dang1]; dùng trong các từ tượng thanh như 哐啷[kuang1 lang1],resolved,口,Bộ Khẩu,record-radical,4,0,7,chars/5577.json
啸,A,xiào,,(người) huýt sáo; (chim và động vật) rít; hú; gầm,resolved,口,Bộ Khẩu,record-radical,4,4,6,chars/5578.json
啺,C,táng,Dể,biến thể cũ của 唐[tang2],not-resolved,,,not-resolved,0,0,7,chars/557A.json
啻,B,chì,,"chỉ (văn cổ, thường theo sau từ phủ định hoặc từ nghi vấn); (không) chỉ",resolved,口,Bộ Khẩu,record-radical,2,0,7,chars/557B.json
啼,A,tí,,(hình thức kết hợp) khóc; khóc to; (hình thức kết hợp) (chim hoặc động vật) gáy; kêu; ré,resolved,口,Bộ Khẩu,record-radical,5,3,7,chars/557C.json
啽,C,án,,nói (tiếng Quảng Đông),not-resolved,,,not-resolved,0,0,7,chars/557D.json
啾,B,jiū,,(từ tượng thanh) tiếng trẻ con khóc; chíp,resolved,口,Bộ Khẩu,record-radical,2,0,7,chars/557E.json
喀,B,kā,,(từ tượng thanh) âm thanh ho hoặc nôn,resolved,口,Bộ Khẩu,record-radical,6,0,7,chars/5580.json
喁,B,yóng,Ngụm,thở (của cá),resolved,口,Bộ Khẩu,record-radical,0,0,7,chars/5581.json
喂,A,wèi,Ỏi,alo,resolved,口,Bộ Khẩu,record-radical,3,5,6,chars/5582.json
喃,B,nán,Nôm,lẩm bẩm lặp đi lặp lại,resolved,口,Bộ Khẩu,record-radical,5,0,7,chars/5583.json
善,A,shàn,Thiện,tốt; lòng tốt,resolved,羊,Bộ Dương,record-radical,8,10,5,chars/5584.json
喇,A,lā,Lạt,"(từ tượng thanh) âm thanh của gió, mưa, v.v.",resolved,口,Bộ Khẩu,record-radical,6,3,6,chars/5587.json
喈,B,jiē,,hài hòa (về âm nhạc),resolved,口,Bộ Khẩu,record-radical,0,0,7,chars/5588.json
喉,A,hóu,Hầu,cổ họng; thanh quản,resolved,口,Bộ Khẩu,record-radical,7,8,6,chars/5589.json
喊,A,hǎn,,hét lên,resolved,口,Bộ Khẩu,record-radical,6,8,5,chars/558A.json
喋,B,dié,Nhịp,biến thể cũ của 喋[die2],resolved,口,Bộ Khẩu,record-radical,3,0,7,chars/558B.json
喌,C,zhōu,,âm tiết,not-resolved,,,not-resolved,0,0,7,chars/558C.json
喏,B,nuò,,(biểu thị đồng ý) vâng; được,resolved,口,Bộ Khẩu,record-radical,1,0,7,chars/558F.json
喑,B,yīn,Ầm,câm,resolved,口,Bộ Khẩu,record-radical,2,0,7,chars/5591.json
喓,C,yāo,Eo,tiếng châu chấu kêu; tiếng muỗi vo ve,not-resolved,,,not-resolved,0,0,7,chars/5593.json
喔,B,ō,Ộc,"(thán từ) ô; tôi hiểu rồi (dùng để biểu thị sự nhận ra, hiểu)",resolved,口,Bộ Khẩu,record-radical,0,0,7,chars/5594.json
喘,A,chuǎn,Suyễn,thở gấp,resolved,口,Bộ Khẩu,record-radical,6,10,6,chars/5598.json
喙,C,huì,,mỏ; mõm,not-resolved,,,not-resolved,0,0,7,chars/5599.json
喜,C,xǐ,Hỉ,"Vui, mừng, thích, hỷ",not-resolved,,,not-resolved,17,10,1,chars/559C.json
喝,A,hē,Hát,uống,resolved,口,Bộ Khẩu,record-radical,8,10,1,chars/559D.json
喟,B,kuì,Vị,thở dài,resolved,口,Bộ Khẩu,record-radical,1,0,7,chars/559F.json
喣,C,xǔ,,thổi hơi vào,not-resolved,,,not-resolved,0,0,7,chars/55A3.json
喤,C,huáng,,khóc nức nở; tiếng chuông,not-resolved,,,not-resolved,0,0,7,chars/55A4.json
喥,C,dù,Dạc,dùng trong từ chỉ địa điểm (tiếng Quảng Đông); tương đương trong tiếng Quan Thoại: 裡|里[li3],not-resolved,,,not-resolved,0,0,7,chars/55A5.json
喦,C,niè,Nham,nói nhiều,not-resolved,,,not-resolved,0,0,7,chars/55A6.json
喧,A,xuān,Huyên,ầm ĩ; tiếng ồn,resolved,口,Bộ Khẩu,record-radical,5,10,6,chars/55A7.json
喨,B,liàng,,rõ ràng; vang dội,resolved,口,Bộ Khẩu,record-radical,0,0,7,chars/55A8.json
喩,C,yù,,biến thể Nhật Bản của 喻,not-resolved,,,not-resolved,0,0,7,chars/55A9.json
喭,C,yàn,Ngán,chia buồn,not-resolved,,,not-resolved,0,0,7,chars/55AD.json
喰,C,cān,,biến thể cũ của 餐[can1],not-resolved,,,not-resolved,0,0,7,chars/55B0.json
喱,C,lí,,"đơn vị trọng lượng, khoảng 0,065 gram; phát âm ở Đài Loan [li3]",not-resolved,,,not-resolved,2,0,7,chars/55B1.json
喳,B,chā,,dùng trong 喳喳[cha1 cha5],resolved,口,Bộ Khẩu,record-radical,4,0,7,chars/55B3.json
喵,B,miāo,Mếu,(từ tượng thanh) meo; tiếng mèo kêu,resolved,口,Bộ Khẩu,record-radical,0,0,7,chars/55B5.json
営,C,yíng,,biến thể tiếng Nhật của 營|营,not-resolved,,,not-resolved,0,0,7,chars/55B6.json
喷,A,pēn,Phún,phun ra; bắn ra; xịt ra; phụt; (lóng) chỉ trích dữ dội (đặc biệt là trên mạng),resolved,口,Bộ Khẩu,record-radical,6,10,5,chars/55B7.json
喹,B,kuí,,dùng trong 喹啉[kui2 lin2],resolved,口,Bộ Khẩu,record-radical,2,0,7,chars/55B9.json
喺,C,xǐ,,"ở, trong hoặc trên (tiếng Quảng Đông); tương đương trong Quan Thoại: 在[zai4]",not-resolved,,,not-resolved,0,0,7,chars/55BA.json
喻,A,Yù,Dụ,họ [Yu4],resolved,口,Bộ Khẩu,record-radical,6,10,6,chars/55BB.json
喼,B,jié,,"hộp (tiếng địa phương); dùng để phiên âm các từ có âm kip-, cap- v.v.",resolved,口,Bộ Khẩu,record-radical,0,0,7,chars/55BC.json
喽,B,lóu,Làu,thuộc hạ trong băng cướp,resolved,口,Bộ Khẩu,record-radical,1,0,7,chars/55BD.json
喾,C,kù,,"một trong năm vị hoàng đế huyền thoại, còn gọi là 高辛氏[Gao1 xin1 shi4]",not-resolved,,,not-resolved,1,0,7,chars/55BE.json
喿,C,sào,,tiếng chim hót líu lo,not-resolved,,,not-resolved,0,0,7,chars/55BF.json
嗀,C,huò,,nôn mửa,not-resolved,,,not-resolved,0,0,7,chars/55C0.json
嗃,C,hè,Gào,mắng nghiêm khắc,not-resolved,,,not-resolved,0,0,7,chars/55C3.json
嗄,B,á,,biến thể của 啊[a2],resolved,口,Bộ Khẩu,record-radical,0,0,7,chars/55C4.json
嗅,C,xiù,,ngửi; đánh hơi,not-resolved,,,not-resolved,2,5,6,chars/55C5.json
嗈,C,yōng,,bị nghẹn,not-resolved,,,not-resolved,0,0,7,chars/55C8.json
嗉,B,sù,Nhố,diều của chim,resolved,口,Bộ Khẩu,record-radical,1,0,7,chars/55C9.json
嗌,B,ài,,(văn học) nghẹn; bị tắc trong họng; phiên âm Đài Loan [yi4],resolved,口,Bộ Khẩu,record-radical,0,0,,chars/55CC.json
嗍,B,suō,,hút; phiên âm Đài Loan [shuo4],resolved,口,Bộ Khẩu,record-radical,0,0,7,chars/55CD.json
嗐,B,hài,,thán từ biểu thị sự tiếc nuối,resolved,口,Bộ Khẩu,record-radical,0,0,7,chars/55D0.json
嗑,A,kè,,cắn (hạt) bằng răng,resolved,口,Bộ Khẩu,record-radical,1,1,7,chars/55D1.json
嗒,B,tà,,"(từ tượng thanh) dùng trong các từ mô tả tiếng súng máy, tiếng tích tắc của đồng hồ hoặc tiếng lộc cộc của móng ngựa vv",resolved,口,Bộ Khẩu,record-radical,3,0,7,chars/55D2.json
嗓,A,sǎng,,cổ họng; giọng nói,resolved,口,Bộ Khẩu,record-radical,6,5,5,chars/55D3.json
嗔,B,chēn,Xin,tức giận với; không hài lòng và khó chịu,resolved,口,Bộ Khẩu,record-radical,6,0,7,chars/55D4.json
嗕,C,Rù,Nhóc,bộ tộc cổ đại ở miền bắc Trung Quốc,not-resolved,,,not-resolved,0,0,7,chars/55D5.json
嗖,B,sōu,,(từ tượng thanh) tiếng vù vù; tiếng sột soạt,resolved,口,Bộ Khẩu,record-radical,1,0,7,chars/55D6.json
嗙,C,pǎng,Bàng,(phương ngữ) khoe khoang; tự hào,not-resolved,,,not-resolved,0,0,7,chars/55D9.json
嗛,C,qiàn,Khem,túi; chứa,not-resolved,,,not-resolved,0,0,7,chars/55DB.json
嗜,A,shì,,nghiện; thích,resolved,口,Bộ Khẩu,record-radical,6,5,7,chars/55DC.json
嗝,A,gé,,nấc; cợ,resolved,口,Bộ Khẩu,record-radical,1,2,7,chars/55DD.json
嗟,B,jiē,,thở dài; cũng đọc là [jue1],resolved,口,Bộ Khẩu,record-radical,0,0,7,chars/55DF.json
嗡,B,wēng,Óng,(từ tượng thanh) tiếng vo ve; tiếng ngâm nga,resolved,口,Bộ Khẩu,record-radical,1,0,7,chars/55E1.json
嗣,C,sì,Tự,kế thừa (một danh hiệu); thừa kế,not-resolved,,,not-resolved,6,0,7,chars/55E3.json
嗤,C,chī,,cười nhạo; chế giễu,not-resolved,,,not-resolved,2,0,7,chars/55E4.json
嗥,B,háo,,tru (như sói),resolved,口,Bộ Khẩu,record-radical,2,0,7,chars/55E5.json
嗦,A,suō,,mút; dùng trong 囉嗦|啰嗦[luo1suo5],resolved,口,Bộ Khẩu,record-radical,5,4,6,chars/55E6.json
嗨,B,hāi,,ồ than ôi; này!,resolved,口,Bộ Khẩu,record-radical,0,0,6,chars/55E8.json
嗪,B,qín,,"dùng trong phiên âm -xine, -zine hoặc -chin",resolved,口,Bộ Khẩu,record-radical,0,0,7,chars/55EA.json
嗫,B,niè,,mấp máy miệng như đang nói,resolved,口,Bộ Khẩu,record-radical,1,0,7,chars/55EB.json
嗬,B,hē,,(thán từ biểu thị sự ngạc nhiên) ồ!; wow!,resolved,口,Bộ Khẩu,record-radical,0,0,7,chars/55EC.json
嗯,B,ng,,"ừ, ừm",resolved,口,Bộ Khẩu,record-radical,0,0,5,chars/55EF.json
嗲,B,diǎ,,làm nũng; trẻ con,resolved,口,Bộ Khẩu,record-radical,0,0,7,chars/55F2.json
嗳,B,ǎi,Áy,ợ; (thán từ không tán thành),resolved,口,Bộ Khẩu,record-radical,2,0,7,chars/55F3.json
嗵,B,tōng,,(từ tượng thanh) bình bịch; thùm thụp,resolved,口,Bộ Khẩu,record-radical,0,0,7,chars/55F5.json
嗷,B,áo,Ngao,tiếng kêu la lớn; âm thanh than khóc,resolved,口,Bộ Khẩu,record-radical,1,0,7,chars/55F7.json
嗹,C,lián,Liến,nói huyên thuyên,not-resolved,,,not-resolved,0,0,7,chars/55F9.json
嗻,C,zhè,,(cũ) vâng vâng!,not-resolved,,,not-resolved,0,0,7,chars/55FB.json
嗽,A,sòu,,(hình thức cố định) ho,resolved,口,Bộ Khẩu,record-radical,1,4,4,chars/55FD.json
嗾,C,sǒu,,xúi giục; kích động,not-resolved,,,not-resolved,0,0,7,chars/55FE.json
嗿,C,tǎn,,âm thanh nhiều người ăn,not-resolved,,,not-resolved,0,0,7,chars/55FF.json
嘀,B,dī,,"(tượng thanh) âm thanh nước nhỏ giọt, đồng hồ tích tắc, v.v.",resolved,口,Bộ Khẩu,record-radical,3,0,7,chars/5600.json
嘁,B,qī,,âm thanh thì thầm,resolved,口,Bộ Khẩu,record-radical,1,0,7,chars/5601.json
嘂,C,jiào,,biến thể cũ của 叫[jiao4]; nhạc cụ cổ đại giống đàn ocarina,not-resolved,,,not-resolved,0,0,7,chars/5602.json
嘅,B,gě,,trợ từ sở hữu (Quảng Đông); tương đương trong Quan Thoại: 的[de5],resolved,口,Bộ Khẩu,record-radical,0,0,7,chars/5605.json
嘈,A,cáo,Tào,náo nhiệt; huyên náo,resolved,口,Bộ Khẩu,record-radical,1,3,6,chars/5608.json
嘉,C,Jiā,,họ [Jia1],not-resolved,,,not-resolved,6,10,5,chars/5609.json
嘌,B,piāo,,(văn học) nhanh; tốc độ,resolved,口,Bộ Khẩu,record-radical,4,0,7,chars/560C.json
嘎,B,gá,,âm thanh kêu cục tác,resolved,口,Bộ Khẩu,record-radical,6,0,7,chars/560E.json
嘏,C,gǔ,,vận may; trường thọ,not-resolved,,,not-resolved,0,0,7,chars/560F.json
嘐,C,xiāo,,khoa trương; phô trương,not-resolved,,,not-resolved,0,0,7,chars/5610.json
嘒,C,huì,,âm thanh the thé; lấp lánh,not-resolved,,,not-resolved,0,0,7,chars/5612.json
嘘,A,xū,Hờ,thở ra chậm; rít,resolved,口,Bộ Khẩu,record-radical,6,4,7,chars/5618.json
嘚,B,dē,,(từ tượng thanh) dùng cho âm thanh móng ngựa,resolved,口,Bộ Khẩu,record-radical,0,0,7,chars/561A.json
嘛,A,ma,,ma,resolved,口,Bộ Khẩu,record-radical,5,1,6,chars/561B.json
嘞,B,lei,,"tiểu từ cuối câu, giống 了[le5], nhưng mang sắc thái tán thành",resolved,口,Bộ Khẩu,record-radical,0,0,7,chars/561E.json
嘟,A,dū,,kêu tut; tút,resolved,口,Bộ Khẩu,record-radical,5,2,7,chars/561F.json
嘡,C,tāng,,(từ tượng thanh) choang; vang,not-resolved,,,not-resolved,0,0,7,chars/5621.json
嘢,B,yě,,(tiếng Quảng Đông) điều; sự việc,resolved,口,Bộ Khẩu,record-radical,0,0,7,chars/5622.json
嘣,B,bēng,,(tượng thanh) thụp; bùm,resolved,口,Bộ Khẩu,record-radical,0,0,7,chars/5623.json
嘤,B,yīng,Inh,tiếng chim kêu,resolved,口,Bộ Khẩu,record-radical,0,0,7,chars/5624.json
嘥,C,sāi,,lãng phí (tiếng Quảng Đông),not-resolved,,,not-resolved,0,0,7,chars/5625.json
嘦,C,jiào,,chỉ cần; miễn là,not-resolved,,,not-resolved,0,0,7,chars/5626.json
嘧,B,mì,,(phiên âm) như trong pyrimidine,resolved,口,Bộ Khẩu,record-radical,3,0,7,chars/5627.json
嘫,C,rán,Nhoẻn,biến thể cũ của 然[ran2],not-resolved,,,not-resolved,0,0,7,chars/562B.json
嘬,B,chuài,Chối,(văn học) gặm; ăn ngấu nghiến,resolved,口,Bộ Khẩu,record-radical,0,0,7,chars/562C.json
嘭,B,pēng,,(từ tượng thanh) bùm,resolved,口,Bộ Khẩu,record-radical,0,0,7,chars/562D.json
嘱,A,zhǔ,Chúc,dặn dò; khẩn cầu,resolved,口,Bộ Khẩu,record-radical,6,10,6,chars/5631.json
嘲,A,cháo,Trào,chế nhạo; nhạo báng,resolved,口,Bộ Khẩu,record-radical,6,9,6,chars/5632.json
嘴,A,zuǐ,,miệng,resolved,口,Bộ Khẩu,record-radical,11,10,3,chars/5634.json
嘶,B,sī,Tê,rít; hí,resolved,口,Bộ Khẩu,record-radical,6,0,7,chars/5636.json
嘹,B,liáo,Rêu,"âm thanh trong trẻo; tiếng kêu (của sếu, v.v.)",resolved,口,Bộ Khẩu,record-radical,1,0,7,chars/5639.json
嘻,C,xī,Hi,cười; toét miệng,not-resolved,,,not-resolved,3,0,7,chars/563B.json
嘿,A,hēi,,này,resolved,口,Bộ Khẩu,record-radical,1,4,6,chars/563F.json
噀,C,xùn,Sún,phun ra từ miệng,not-resolved,,,not-resolved,0,0,7,chars/5640.json
噂,C,zǔn,Ton,nói chuyện cùng nhau,not-resolved,,,not-resolved,0,0,7,chars/5642.json
噇,C,chuáng,,(phương ngữ) ăn hoặc uống phung phí,not-resolved,,,not-resolved,0,0,7,chars/5647.json
噌,B,cēng,,la mắng; vèo vèo!,resolved,口,Bộ Khẩu,record-radical,1,0,7,chars/564C.json
噍,B,jiào,,nhai,resolved,口,Bộ Khẩu,record-radical,0,0,7,chars/564D.json
噎,B,yē,Ế,bị nghẹn (vì); nghẹn lời,resolved,口,Bộ Khẩu,record-radical,5,0,7,chars/564E.json
噏,C,xī,Hấp,nói tầm phào; buôn chuyện (tiếng Quảng Đông),not-resolved,,,not-resolved,0,0,7,chars/564F.json
噔,B,dēng,Đằng,(từ tượng thanh) bịch; thụp,resolved,口,Bộ Khẩu,record-radical,1,0,7,chars/5654.json
噗,B,pū,,(từ tượng thanh) bốp; plop,resolved,口,Bộ Khẩu,record-radical,0,0,7,chars/5657.json
噘,A,juē,,Bĩu (môi),resolved,口,Bộ Khẩu,record-radical,1,2,7,chars/5658.json
噙,B,qín,Gầm,ngậm (thường chỉ miệng hoặc mắt),resolved,口,Bộ Khẩu,record-radical,0,0,7,chars/5659.json
噛,C,niè,,biến thể cũ của 嚙|啮[nie4],not-resolved,,,not-resolved,0,0,7,chars/565B.json
噜,B,lū,Rủa,càu nhàu; lắm chuyện,resolved,口,Bộ Khẩu,record-radical,6,0,7,chars/565C.json
噞,C,yǎn,Thèm,chuyển động miệng cá trên mặt nước,not-resolved,,,not-resolved,0,0,7,chars/565E.json
噢,B,ō,,ồ; à (dùng để chỉ sự nhận ra); cũng đọc là [ou4],resolved,口,Bộ Khẩu,record-radical,0,0,7,chars/5662.json
噤,C,jìn,Gặm,không thể nói; im lặng,not-resolved,,,not-resolved,2,0,7,chars/5664.json
器,A,qì,Khí,thiết bị; công cụ,resolved,口,Bộ Khẩu,record-radical,17,10,5,chars/5668.json
噩,C,è,,kinh ngạc,not-resolved,,,not-resolved,4,3,7,chars/5669.json
噪,C,zào,Tháo,(văn học) (chim hoặc côn trùng) hót hoặc kêu; (hình thức kết hợp) tạo ra tiếng ồn ầm ĩ,not-resolved,,,not-resolved,7,10,6,chars/566A.json
噫,B,yī,,ừ (thán từ biểu thị sự tán thành); ợ,resolved,口,Bộ Khẩu,record-radical,0,0,7,chars/566B.json
噬,A,shì,Phè,ngấu nghiến; cắn,resolved,口,Bộ Khẩu,record-radical,2,1,7,chars/566C.json
噭,C,jiào,,kêu la,not-resolved,,,not-resolved,0,0,7,chars/566D.json
噱,B,jué,,cười lớn,resolved,口,Bộ Khẩu,record-radical,1,0,7,chars/5671.json
噳,C,yǔ,,nai đàn; nai đực,not-resolved,,,not-resolved,0,0,7,chars/5673.json
噶,B,gá,Gắt,phiên âm ga (dùng để phiên âm âm Tạng và Mông Cổ); tiếng Tạng Ge: ngôn ngữ của Phật,resolved,口,Bộ Khẩu,record-radical,5,0,7,chars/5676.json
噷,C,hèn,Hăm,"thán từ biểu thị không đồng ý, trách móc hoặc không hài lòng",not-resolved,,,not-resolved,0,0,7,chars/5677.json
噻,B,sāi,,dùng trong phiên âm,resolved,口,Bộ Khẩu,record-radical,2,0,7,chars/567B.json
噼,B,pī,,"mông trẻ em (đặc biệt trong tiếng Quảng Đông); (từ tượng thanh) rắc, tát, vỗ, lạch cạch, v.v.",resolved,口,Bộ Khẩu,record-radical,2,0,7,chars/567C.json
嚃,C,tà,,(văn học) uống; nuốt,not-resolved,,,not-resolved,0,0,7,chars/5683.json
嚄,B,huò,Quác,(thán từ) ô!,resolved,口,Bộ Khẩu,record-radical,0,0,7,chars/5684.json
嚅,B,rú,Nheo,lí nhí,resolved,口,Bộ Khẩu,record-radical,1,0,7,chars/5685.json
嚆,B,hāo,,âm thanh; tiếng ồn,resolved,口,Bộ Khẩu,record-radical,0,0,7,chars/5686.json
嚉,C,duō,Dối,biến thể cũ của 咄[duo1],not-resolved,,,not-resolved,0,0,7,chars/5689.json
嚎,B,háo,Hào,tru; hú,resolved,口,Bộ Khẩu,record-radical,5,0,7,chars/568E.json
嚏,A,tì,,hắt xì,resolved,口,Bộ Khẩu,record-radical,4,4,5,chars/568F.json
嚓,B,cā,Xát,(tượng thanh) âm thanh cào; xé vải,resolved,口,Bộ Khẩu,record-radical,3,0,7,chars/5693.json
嚔,C,tì,,biến thể của 嚏[ti4],not-resolved,,,not-resolved,0,0,7,chars/5694.json
嚚,C,yín,,không chân thành; ngu ngốc,not-resolved,,,not-resolved,0,0,7,chars/569A.json
嚜,C,me,Mút,(trợ từ ngữ khí),not-resolved,,,not-resolved,0,0,7,chars/569C.json
嚝,C,hōng,,thở dài; tiếng trống,not-resolved,,,not-resolved,0,0,7,chars/569D.json
嚞,C,zhé,,biến thể cũ của 哲[zhe2],not-resolved,,,not-resolved,0,0,7,chars/569E.json
嚟,C,lì,,dùng trong phiên âm,not-resolved,,,not-resolved,0,0,7,chars/569F.json
嚣,C,xiāo,Hiu,ầm ĩ,not-resolved,,,not-resolved,6,2,7,chars/56A3.json
嚬,C,pín,,biến thể của 顰|颦[pin2],not-resolved,,,not-resolved,0,0,7,chars/56AC.json
嚭,C,pǐ,,lớn; lớn mạnh,not-resolved,,,not-resolved,0,0,7,chars/56AD.json
嚯,B,huò,Oác,(thán từ) bày tỏ sự thán phục hoặc ngạc nhiên; (thán từ) âm thanh cười,resolved,口,Bộ Khẩu,record-radical,0,0,7,chars/56AF.json
嚱,C,xī,,(tiếng thở dài); (huýt sáo),not-resolved,,,not-resolved,0,0,7,chars/56B1.json
嚵,C,chán,,(biến thể của 饞|馋[chan2]) phàm ăn; tham lam,not-resolved,,,not-resolved,0,0,7,chars/56B5.json
嚷,A,rǎng,,hét lên,resolved,口,Bộ Khẩu,record-radical,4,4,6,chars/56B7.json
嚼,A,jiáo,,nhai,resolved,口,Bộ Khẩu,record-radical,6,5,6,chars/56BC.json
囆,C,chài,,(dùng trong tên gọi cổ xưa),not-resolved,,,not-resolved,0,0,7,chars/56C6.json
囊,A,náng,,bao; túi,resolved,口,Bộ Khẩu,record-radical,6,3,7,chars/56CA.json
囍,C,xǐ,,"song hỷ (tương tự 喜喜); biểu tượng may mắn, đặc biệt trong hôn nhân",not-resolved,,,not-resolved,0,0,7,chars/56CD.json
囒,C,lán,Rợn,dùng trong 囒哰[lan2 lao2]; biến thể của 讕|谰[lan2],not-resolved,,,not-resolved,0,0,7,chars/56D2.json
囔,A,nāng,,"lẩm bẩm, nói không rõ",resolved,口,Bộ Khẩu,record-radical,2,2,7,chars/56D4.json
囖,C,luo,,biến thể sai của 囉|啰[luo5],not-resolved,,,not-resolved,0,0,7,chars/56D6.json
囗,B,wéi,,vây quanh.,resolved,囗,Bộ Vi,self-radical,0,0,7,chars/56D7.json
囘,C,huí,,biến thể của 回[hui2],not-resolved,,,not-resolved,0,0,7,chars/56D8.json
囚,A,qiú,Tù,tù nhân,resolved,囗,Bộ Vi,record-radical,6,5,7,chars/56DA.json
四,C,sì,Tứ,bốn,not-resolved,,,not-resolved,14,10,1,chars/56DB.json
囝,C,jiǎn,,trẻ con,not-resolved,,,not-resolved,0,0,7,chars/56DD.json
回,C,huí,Hồi,trở về,not-resolved,,,not-resolved,20,10,1,chars/56DE.json
囟,C,xìn,,thóp (khoảng trống giữa các xương của sọ trẻ sơ sinh),not-resolved,,,not-resolved,1,0,7,chars/56DF.json
因,A,yīn,Nhân,nguyên nhân; lý do,resolved,囗,Bộ Vi,record-radical,8,10,2,chars/56E0.json
囡,C,nān,,"con gái nhỏ, bé gái",not-resolved,,,not-resolved,1,2,7,chars/56E1.json
团,A,tuán,Đoàn,nhóm,resolved,囗,Bộ Vi,record-radical,15,10,5,chars/56E2.json
団,C,tuán,,chữ Nhật của 團|团,not-resolved,,,not-resolved,0,0,7,chars/56E3.json
囤,B,dùn,,kho chứa lúa,resolved,囗,Bộ Vi,record-radical,2,0,7,chars/56E4.json
囥,C,kàng,,(tiếng địa phương) giấu; che giấu,not-resolved,,,not-resolved,0,0,7,chars/56E5.json
囦,C,yuān,,biến thể cũ của 淵|渊[yuan1],not-resolved,,,not-resolved,0,0,7,chars/56E6.json
囧,C,jiǒng,,"(cổ) ánh sáng, sáng (biến thể của 冏[jiong3]); (từ khoảng 2005) (tiếng lóng) biểu tượng cảm xúc biểu thị sự xấu hổ, sốc, bất lực, v.v.",not-resolved,,,not-resolved,0,0,7,chars/56E7.json
囨,C,piān,,biểu hiện khinh miệt tương đương với 呸[pei1],not-resolved,,,not-resolved,0,0,7,chars/56E8.json
囫,B,hú,,dùng trong 囫圇|囫囵[hu2lun2],resolved,囗,Bộ Vi,record-radical,2,0,7,chars/56EB.json
囬,C,huí,,biến thể của 回[hui2],not-resolved,,,not-resolved,0,0,7,chars/56EC.json
园,A,yuán,Vườn,"công viên, vườn",resolved,囗,Bộ Vi,record-radical,11,10,3,chars/56ED.json
囮,C,é,,mồi nhử,not-resolved,,,not-resolved,0,0,7,chars/56EE.json
囯,C,guó,,biến thể của 國|国[guo2],not-resolved,,,not-resolved,0,0,7,chars/56EF.json
困,A,kùn,Khốn,mệt mỏi,resolved,囗,Bộ Vi,record-radical,7,10,4,chars/56F0.json
囱,C,chuāng,Song,biến thể của 窗[chuang1],not-resolved,,,not-resolved,1,4,7,chars/56F1.json
囲,C,wéi,,biến thể tiếng Nhật của 圍|围[wei2],not-resolved,,,not-resolved,0,0,7,chars/56F2.json
図,C,tú,,biến thể tiếng Nhật của 圖|图,not-resolved,,,not-resolved,0,0,7,chars/56F3.json
围,A,wéi,Vè,bao quanh,resolved,囗,Bộ Vi,record-radical,10,10,4,chars/56F4.json
囵,B,lún,,dùng trong 囫圇|囫囵[hu2lun2],resolved,囗,Bộ Vi,record-radical,2,0,7,chars/56F5.json
囶,C,guó,,biến thể cũ của 國|国[guo2],not-resolved,,,not-resolved,0,0,7,chars/56F6.json
囷,C,qūn,Khuân,kho thóc; đài loan đọc là [jun1],not-resolved,,,not-resolved,0,0,7,chars/56F7.json
囸,C,rì,,biến thể cũ của 日[ri4],not-resolved,,,not-resolved,0,0,7,chars/56F8.json
囹,B,líng,,dùng trong 囹圄[ling2 yu3],resolved,囗,Bộ Vi,record-radical,2,0,7,chars/56F9.json
固,A,gù,Cố,cứng; mạnh,resolved,囗,Bộ Vi,record-radical,12,10,5,chars/56FA.json
囻,C,guó,Quốc,biến thể cũ của 國|国[guo2],not-resolved,,,not-resolved,0,0,7,chars/56FB.json
国,A,guó,Quốc,quốc gia,resolved,囗,Bộ Vi,record-radical,20,10,1,chars/56FD.json
图,A,tú,Đồ,bức tranh,resolved,囗,Bộ Vi,record-radical,16,10,3,chars/56FE.json
囿,B,yòu,,công viên; hạn chế,resolved,囗,Bộ Vi,record-radical,0,0,7,chars/56FF.json
圀,C,guó,,biến thể cũ của 國|国[guo2],not-resolved,,,not-resolved,0,0,7,chars/5700.json
圂,C,hùn,,động vật nuôi bằng ngũ cốc; chuồng lợn,not-resolved,,,not-resolved,0,0,7,chars/5702.json
圃,B,pǔ,Bo,vườn; vườn cây ăn quả,resolved,囗,Bộ Vi,record-radical,4,0,7,chars/5703.json
圄,B,yǔ,,nhà tù; giam giữ,resolved,囗,Bộ Vi,record-radical,2,0,7,chars/5704.json
圆,A,yuán,Viên,tròn,resolved,囗,Bộ Vi,record-radical,8,10,5,chars/5706.json
圈,A,quān,Khuyên,vòng tròn,resolved,囗,Bộ Vi,record-radical,7,10,5,chars/5708.json
圉,B,yǔ,,chuồng ngựa; biên giới,resolved,囗,Bộ Vi,record-radical,0,0,7,chars/5709.json
圊,B,qīng,,nhà vệ sinh; nhà xí,resolved,囗,Bộ Vi,record-radical,0,0,7,chars/570A.json
圌,C,chuí,,tên một ngọn núi,not-resolved,,,not-resolved,0,0,7,chars/570C.json
圏,C,quān,,biến thể chữ Nhật của 圈,not-resolved,,,not-resolved,0,0,7,chars/570F.json
圐,C,kū,,dùng trong 圐圙[ku1 lu:e4],not-resolved,,,not-resolved,0,0,7,chars/5710.json
圕,C,tuān,,viết tắt của ba chữ 圖書館|图书馆[tu2 shu1 guan3]; thư viện,not-resolved,,,not-resolved,0,0,7,chars/5715.json
圙,B,lüè,,dùng trong 圐圙[ku1 lu:e4],resolved,囗,Bộ Vi,record-radical,0,0,7,chars/5719.json
圛,C,yì,,sương mù cuộn lên,not-resolved,,,not-resolved,0,0,7,chars/571B.json
圜,C,huán,,vòng; tròn,not-resolved,,,not-resolved,1,0,7,chars/571C.json
圞,C,luán,,tròn,not-resolved,,,not-resolved,0,0,7,chars/571E.json
土,A,tǔ,Thổ,đất,resolved,土,Bộ Thổ,self-radical,14,10,5,chars/571F.json
圣,A,shèng,Thánh,đào,resolved,又,Bộ Hựu,record-radical,8,10,6,chars/5723.json
圥,C,lù,,,not-resolved,,,not-resolved,0,0,7,chars/5725.json
圧,C,yā,,biến thể tiếng Nhật của 壓|压[ya1],not-resolved,,,not-resolved,0,0,7,chars/5727.json
在,C,zài,Tại,"ở, tại",not-resolved,,,not-resolved,20,10,1,chars/5728.json
圩,B,wéi,Vò,đê,resolved,土,Bộ Thổ,record-radical,0,0,7,chars/5729.json
圪,B,gē,,(phiên âm),resolved,土,Bộ Thổ,record-radical,0,0,7,chars/572A.json
圬,B,wū,Hũ,trát tường; quét vôi,resolved,土,Bộ Thổ,record-radical,0,0,7,chars/572C.json
圭,B,guī,Quê,(cổ) thẻ ngọc (một loại phù hiệu nghi lễ thể hiện cấp bậc),resolved,土,Bộ Thổ,record-radical,6,0,7,chars/572D.json
圮,B,pǐ,Dãy,phá hủy; tổn thương,resolved,土,Bộ Thổ,record-radical,0,0,7,chars/572E.json
圯,B,yí,Dãy,"cầu, bờ",resolved,土,Bộ Thổ,record-radical,0,0,7,chars/572F.json
地,A,de,Địa,"trợ từ (đứng sau trạng ngữ, vd 慢慢地)",resolved,土,Bộ Thổ,record-radical,20,10,3,chars/5730.json
圱,C,qiān,,một cánh đồng dài ba dặm; cách viết cũ của 阡[qian1],not-resolved,,,not-resolved,0,0,7,chars/5731.json
圳,C,zhèn,,"(phương ngữ) mương thoát nước giữa các cánh đồng (tiếng Đài Loan là [zun4]); dùng trong địa danh, đáng chú ý là 深圳[Shen1 zhen4]",not-resolved,,,not-resolved,5,0,7,chars/5733.json
圴,C,zhuó,,dấu chân,not-resolved,,,not-resolved,0,0,7,chars/5734.json
圹,B,kuàng,Khoảng,mộ,resolved,土,Bộ Thổ,record-radical,0,0,7,chars/5739.json
场,A,chǎng,Trường,"một từ dùng đo lường cho trò chơi, trận đấu thể thao, cảnh",resolved,土,Bộ Thổ,record-radical,20,10,4,chars/573A.json
圻,B,qí,,ranh giới; một đường biên,resolved,土,Bộ Thổ,record-radical,2,0,7,chars/573B.json
圼,C,niè,,,resolved,土,Bộ Thổ,record-radical,0,0,,chars/573C.json
圾,A,jī,,dùng trong 垃圾[la1 ji1]; tiếng Đài Loan là [se4],resolved,土,Bộ Thổ,record-radical,5,10,4,chars/573E.json
址,A,zhǐ,Xởi,(hình thức kết hợp) địa điểm; vị trí,resolved,土,Bộ Thổ,record-radical,6,10,4,chars/5740.json
坂,B,bǎn,Phẳng,biến thể của 阪[ban3],resolved,土,Bộ Thổ,record-radical,4,0,7,chars/5742.json
坆,C,fén,,biến thể của 墳|坟[fen2]; mộ,not-resolved,,,not-resolved,0,0,7,chars/5746.json
均,A,jūn,Quân,"Đều, bằng nhau",resolved,土,Bộ Thổ,record-radical,6,10,5,chars/5747.json
坈,C,kēng,,biến thể cũ của 坑[keng1],not-resolved,,,not-resolved,0,0,7,chars/5748.json
坊,A,Fāng,Phường,họ [Fang1],resolved,土,Bộ Thổ,record-radical,6,3,7,chars/574A.json
坋,C,bèn,Phân,bụi; phủ bụi,not-resolved,,,not-resolved,0,0,7,chars/574B.json
坌,B,bèn,,biến thể của 坋[ben4]; biến thể cũ của 笨[ben4],resolved,土,Bộ Thổ,record-radical,0,0,7,chars/574C.json
坍,B,tān,,sụp đổ,resolved,土,Bộ Thổ,record-radical,4,0,7,chars/574D.json
坎,A,kǎn,Khảm,hố; ngưỡng cửa,resolved,土,Bộ Thổ,record-radical,7,2,7,chars/574E.json
坏,A,huài,Hoại,xấu,resolved,土,Bộ Thổ,record-radical,11,10,3,chars/574F.json
坐,A,zuò,,ngồi,resolved,人,Bộ Nhân,record-radical,7,10,1,chars/5750.json
坑,A,kēng,Ganh,"hố, lỗ, hõm",resolved,土,Bộ Thổ,record-radical,6,3,6,chars/5751.json
坒,C,bì,,so sánh; phù hợp,not-resolved,,,not-resolved,0,0,7,chars/5752.json
坓,C,jǐng,,biến thể của 阱[jing3],not-resolved,,,not-resolved,0,0,7,chars/5753.json
坕,C,jīng,,biến thể cũ của 經|经[jing1],not-resolved,,,not-resolved,0,0,7,chars/5755.json
块,A,kuài,Khối,nhân dân tệ,resolved,土,Bộ Thổ,record-radical,7,10,1,chars/5757.json
坚,A,jiān,Kiên,mạnh; mạnh mẽ,resolved,土,Bộ Thổ,record-radical,11,10,4,chars/575A.json
坛,A,tán,Đàn,bàn thờ,resolved,土,Bộ Thổ,record-radical,6,7,6,chars/575B.json
坜,B,lì,Gạch,"hố, hầm",resolved,土,Bộ Thổ,record-radical,1,0,7,chars/575C.json
坝,A,bà,,đập,resolved,土,Bộ Thổ,record-radical,6,8,6,chars/575D.json
坞,A,wù,,(dạng kết hợp) khu vực thấp trong một rào chắn bao quanh; (văn học) lâu đài nhỏ; pháo đài,resolved,土,Bộ Thổ,record-radical,2,3,7,chars/575E.json
坟,A,fén,Vun,mộ,resolved,土,Bộ Thổ,record-radical,6,3,6,chars/575F.json
坠,A,zhuì,Truỵ,rơi xuống,resolved,土,Bộ Thổ,record-radical,7,8,6,chars/5760.json
坡,A,pō,Pha,dốc,resolved,土,Bộ Thổ,record-radical,6,10,6,chars/5761.json
坤,C,kūn,Khôn,"một trong Bát Quái 八卦[ba1 gua4], tượng trưng cho đất; nguyên lý nữ",not-resolved,,,not-resolved,6,1,7,chars/5764.json
坦,A,tǎn,Đất,bằng phẳng; cởi mở,resolved,土,Bộ Thổ,record-radical,10,10,5,chars/5766.json
坨,B,tuó,,(hình thức kết hợp) cục; đống,resolved,土,Bộ Thổ,record-radical,1,0,7,chars/5768.json
坩,B,gān,,nồi nấu chảy,resolved,土,Bộ Thổ,record-radical,1,0,7,chars/5769.json
坪,A,píng,,"đồng bằng; bình, đơn vị diện tích xấp xỉ 3,3058 mét vuông (dùng ở Nhật Bản và Đài Loan)",resolved,土,Bộ Thổ,record-radical,6,4,7,chars/576A.json
坫,B,diàn,,giá để ly tách,resolved,土,Bộ Thổ,record-radical,0,0,7,chars/576B.json
坭,B,ní,Nơi,biến thể của 泥[ni2],resolved,土,Bộ Thổ,record-radical,0,0,7,chars/576D.json
坯,B,pī,,phôi (ví dụ: cho một đồng xu); đồ đất nung chưa nung,resolved,土,Bộ Thổ,record-radical,6,0,7,chars/576F.json
坰,C,jiōng,,vùng lân cận; hoang dã,not-resolved,,,not-resolved,0,0,7,chars/5770.json
坱,C,yǎng,,bụi mịn; dồi dào,not-resolved,,,not-resolved,0,0,7,chars/5771.json
坲,C,fó,,(bụi) bay trong không khí,not-resolved,,,not-resolved,0,0,7,chars/5772.json
坳,B,ào,,biến thể của 坳[ao4],resolved,土,Bộ Thổ,record-radical,0,0,7,chars/5773.json
坴,B,lù,,một cục đất; đất đai,resolved,土,Bộ Thổ,record-radical,0,0,7,chars/5774.json
坶,C,mǔ,,,resolved,土,Bộ Thổ,record-radical,0,0,,chars/5776.json
坷,A,kě,,không bằng phẳng (đường đi); bất hạnh (trong cuộc sống),resolved,土,Bộ Thổ,record-radical,5,2,7,chars/5777.json
坻,B,chí,,cồn đất; đá trong sông,resolved,土,Bộ Thổ,record-radical,2,0,7,chars/577B.json
坼,B,chè,,nứt; tách,resolved,土,Bộ Thổ,record-radical,0,0,7,chars/577C.json
垂,C,chuí,Thùy,treo xuống,not-resolved,,,not-resolved,7,9,6,chars/5782.json
垃,A,lā,Lắp,dùng trong 垃圾[la1 ji1]; Tiếng Đài Loan đọc là [le4],resolved,土,Bộ Thổ,record-radical,6,10,4,chars/5783.json
垄,A,lǒng,Lũng,luống giữa các thửa ruộng; hàng cây trồng; đất đắp thành luống trong ruộng,resolved,土,Bộ Thổ,record-radical,4,5,6,chars/5784.json
垅,B,lǒng,,biến thể cũ của 壟|垄[long3],resolved,土,Bộ Thổ,record-radical,0,0,7,chars/5785.json
垆,C,lú,Lò,đất sét; cửa hàng,not-resolved,,,not-resolved,0,0,7,chars/5786.json
垈,C,dài,,dùng trong địa danh; hậu tố -nuta trong tiếng Nhật,not-resolved,,,not-resolved,0,0,7,chars/5788.json
型,A,xíng,,mẫu,resolved,土,Bộ Thổ,record-radical,18,10,5,chars/578B.json
垌,B,dòng,Đồng,cánh đồng; nông trại,resolved,土,Bộ Thổ,record-radical,0,0,7,chars/578C.json
垍,C,jì,,đất cứng,not-resolved,,,not-resolved,0,0,7,chars/578D.json
垒,A,lěi,Luỹ,tường thành; ghế trong bóng chày,resolved,土,Bộ Thổ,record-radical,6,7,7,chars/5792.json
垓,B,gāi,Gay,ranh giới,resolved,土,Bộ Thổ,record-radical,1,0,7,chars/5793.json
垔,C,yīn,,ngăn chặn; đắp đập chuyển hướng dòng chảy,not-resolved,,,not-resolved,0,0,7,chars/5794.json
垕,C,hòu,,dày,not-resolved,,,not-resolved,0,0,7,chars/5795.json
垖,C,duī,,biến thể cũ của 堆[dui1],not-resolved,,,not-resolved,0,0,7,chars/5796.json
垗,C,zhào,,hiến tế,not-resolved,,,not-resolved,0,0,7,chars/5797.json
垚,C,yáo,,"biến thể của 堯|尧, vua Nghiêu truyền thuyết, khoảng năm 2200 TCN; đê điều",not-resolved,,,not-resolved,0,0,7,chars/579A.json
垛,B,duǒ,,lỗ châu mai; mục tiêu,resolved,土,Bộ Thổ,record-radical,1,0,7,chars/579B.json
垝,C,guǐ,,(văn học) đổ nát; sụp đổ,not-resolved,,,not-resolved,0,0,7,chars/579D.json
垞,C,chá,,gò; đồi nhỏ,not-resolved,,,not-resolved,0,0,7,chars/579E.json
垟,C,yáng,,cừu đất sét chôn cùng người chết,not-resolved,,,not-resolved,0,0,7,chars/579F.json
垠,B,yín,Hằn,giới hạn; biên giới,resolved,土,Bộ Thổ,record-radical,3,0,7,chars/57A0.json
垡,B,fá,,cày đất; đất bị cày,resolved,土,Bộ Thổ,record-radical,0,0,7,chars/57A1.json
垢,B,gòu,Cáu,bẩn; sự ô nhục,resolved,土,Bộ Thổ,record-radical,6,0,7,chars/57A2.json
垣,B,yuán,,tường,resolved,土,Bộ Thổ,record-radical,6,0,7,chars/57A3.json
垤,B,dié,,tổ kiến; gò đất,resolved,土,Bộ Thổ,record-radical,0,0,7,chars/57A4.json
垦,A,kěn,Khẩn,khai hoang (đất); canh tác,resolved,土,Bộ Thổ,record-radical,5,4,7,chars/57A6.json
垧,B,shǎng,,"đơn vị diện tích đất (tương đương 10 hoặc 15 mǔ 畝|亩[mu3] ở một số nơi đông bắc Trung Quốc, nhưng chỉ 3 hoặc 5 mǔ ở tây bắc Trung Quốc)",resolved,土,Bộ Thổ,record-radical,0,0,7,chars/57A7.json
垩,B,è,,quét vôi; trát vữa,resolved,土,Bộ Thổ,record-radical,2,0,7,chars/57A9.json
垫,A,diàn,,trả tiền thay,resolved,土,Bộ Thổ,record-radical,7,7,6,chars/57AB.json
垭,B,yā,,(phương ngữ) dải đất giữa các ngọn đồi; dùng trong địa danh,resolved,土,Bộ Thổ,record-radical,0,0,7,chars/57AD.json
垮,B,kuǎ,Khoai,sụp đổ,resolved,土,Bộ Thổ,record-radical,5,0,7,chars/57AE.json
垯,B,da,,dùng trong 圪墶|圪垯[ge1da5],resolved,土,Bộ Thổ,record-radical,0,0,7,chars/57AF.json
垱,C,dàng,,(phương ngữ) bờ đất trong sông hoặc ruộng (để tưới tiêu),not-resolved,,,not-resolved,0,0,7,chars/57B1.json
垲,B,kǎi,,địa hình khô ráo,resolved,土,Bộ Thổ,record-radical,0,0,7,chars/57B2.json
垴,B,nǎo,,đồi nhỏ; dùng trong địa danh,resolved,土,Bộ Thổ,record-radical,0,0,7,chars/57B4.json
垵,C,ǎn,Ang,(dùng trong địa danh); biến thể của 埯[an3],not-resolved,,,not-resolved,0,0,7,chars/57B5.json
垸,C,yuàn,,,resolved,土,Bộ Thổ,record-radical,0,0,,chars/57B8.json
垺,C,póu,,cực kỳ lớn,not-resolved,,,not-resolved,0,0,7,chars/57BA.json
垾,C,hàn,,con đê nhỏ,not-resolved,,,not-resolved,0,0,7,chars/57BE.json
垿,C,xù,,giá để cốc bằng đất còn được gọi là 反坫[fan3 dian4] (cổ); biến thể cũ của 序,not-resolved,,,not-resolved,0,0,7,chars/57BF.json
埀,C,chuí,,biến thể cũ của 垂[chui2],not-resolved,,,not-resolved,0,0,7,chars/57C0.json
埂,B,gěng,Ghềnh,dải đất cao; bờ đất thấp ngăn cách các cánh đồng,resolved,土,Bộ Thổ,record-radical,2,0,7,chars/57C2.json
埃,A,Aī,Ai,viết tắt của Ai Cập 埃及[Ai1 ji2],resolved,土,Bộ Thổ,record-radical,6,3,7,chars/57C3.json
埄,B,běng,,biến thể của 埲[beng3],resolved,土,Bộ Thổ,record-radical,0,0,7,chars/57C4.json
埆,C,què,,(về đất đai) cằn cỗi; đầy sỏi đá,not-resolved,,,not-resolved,0,0,7,chars/57C6.json
埇,B,yǒng,Thõng,lối đi nâng cao,resolved,土,Bộ Thổ,record-radical,2,0,7,chars/57C7.json
埈,C,jùn,Thoạ,biến thể của 峻[jun4],not-resolved,,,not-resolved,0,0,7,chars/57C8.json
埋,A,mái,Mai,chôn,resolved,土,Bộ Thổ,record-radical,8,10,6,chars/57CB.json
埌,C,làng,,đất hoang; hoang dã,not-resolved,,,not-resolved,0,0,7,chars/57CC.json
城,A,chéng,Thành,thành phố,resolved,土,Bộ Thổ,record-radical,12,10,3,chars/57CE.json
埏,C,shān,,trộn nước với đất sét,not-resolved,,,not-resolved,0,0,7,chars/57CF.json
埒,B,liè,,(văn học) ngang bằng; hàng rào,resolved,土,Bộ Thổ,record-radical,0,0,7,chars/57D2.json
埔,B,bù,,cảng; bến tàu,resolved,土,Bộ Thổ,record-radical,6,0,7,chars/57D4.json
埕,B,chéng,Chĩnh,chai đất,resolved,土,Bộ Thổ,record-radical,1,0,7,chars/57D5.json
埗,B,bù,,bến cảng; bến tàu,resolved,土,Bộ Thổ,record-radical,0,0,7,chars/57D7.json
埘,B,shí,,chuồng gà,resolved,土,Bộ Thổ,record-radical,0,0,7,chars/57D8.json
埙,B,xūn,Ven,ocarina; nhạc cụ hơi gồm một buồng hình trứng có lỗ,resolved,土,Bộ Thổ,record-radical,0,0,7,chars/57D9.json
埚,B,guō,,nồi nấu chảy,resolved,土,Bộ Thổ,record-radical,1,0,7,chars/57DA.json
埛,C,jiōng,,biến thể cũ của 坰[jiong1],not-resolved,,,not-resolved,0,0,7,chars/57DB.json
埝,B,niàn,Nấm,bờ đất dùng để ngăn hoặc giữ nước; đê bao quanh ruộng lúa,resolved,土,Bộ Thổ,record-radical,0,0,7,chars/57DD.json
域,A,yù,Vực,lĩnh vực; khu vực,resolved,土,Bộ Thổ,record-radical,6,10,5,chars/57DF.json
埠,B,bù,,bến cảng; cảng,resolved,土,Bộ Thổ,record-radical,6,0,7,chars/57E0.json
埤,B,pí,,tường thấp,resolved,土,Bộ Thổ,record-radical,0,0,7,chars/57E4.json
埦,C,wǎn,,biến thể của 碗[wan3],not-resolved,,,not-resolved,0,0,7,chars/57E6.json
埧,C,jù,,ao có đê bao,not-resolved,,,not-resolved,0,0,7,chars/57E7.json
埫,C,shǎng,,biến thể của 垧[shang3]; phiên âm Đài Loan [chong3],not-resolved,,,not-resolved,0,0,7,chars/57EB.json
埭,B,dài,,đập nước,resolved,土,Bộ Thổ,record-radical,0,0,7,chars/57ED.json
埯,B,ǎn,,lỗ trên mặt đất để gieo hạt; tạo lỗ để gieo hạt,resolved,土,Bộ Thổ,record-radical,0,0,7,chars/57EF.json
埰,C,cài,,biến thể cũ của 采[cai4],not-resolved,,,not-resolved,0,0,7,chars/57F0.json
埲,B,běng,,dùng trong 塕埲[weng3beng3]; (Tiếng Quảng Đông) lượng từ cho tường,resolved,土,Bộ Thổ,record-radical,0,0,7,chars/57F2.json
埴,B,zhí,,đất có hàm lượng sét cao,resolved,土,Bộ Thổ,record-radical,0,0,7,chars/57F4.json
埵,B,duǒ,,đất rắn,resolved,土,Bộ Thổ,record-radical,0,0,7,chars/57F5.json
埶,C,yì,Đệm,kỹ năng; nghệ thuật,not-resolved,,,not-resolved,0,0,7,chars/57F6.json
埸,B,yì,,ranh giới,resolved,土,Bộ Thổ,record-radical,0,0,7,chars/57F8.json
培,A,péi,Bồi,đắp đất; trồng trọt (nghĩa đen hoặc bóng),resolved,土,Bộ Thổ,record-radical,6,10,5,chars/57F9.json
基,A,jī,Cơ,(hình thức kết hợp) cơ sở; nền tảng; (hình thức kết hợp) gốc (hóa học),resolved,土,Bộ Thổ,record-radical,14,10,4,chars/57FA.json
埼,B,qí,,mũi đất,resolved,土,Bộ Thổ,record-radical,0,0,7,chars/57FC.json
埽,C,sào,,đê; biến thể cũ của 掃|扫[sao4],not-resolved,,,not-resolved,0,0,7,chars/57FD.json
堀,B,kū,,hang; lỗ,resolved,土,Bộ Thổ,record-radical,0,0,7,chars/5800.json
堂,C,táng,Đường,sảnh,not-resolved,,,not-resolved,12,10,6,chars/5802.json
堄,C,nì,,tường thành,not-resolved,,,not-resolved,0,0,7,chars/5804.json
堆,A,duī,Đôi,chất đống,resolved,土,Bộ Thổ,record-radical,7,10,5,chars/5806.json
堇,B,jǐn,,đất sét; biến thể cũ của 僅|仅[jin3],resolved,口,Bộ Khẩu,record-radical,2,0,7,chars/5807.json
堈,C,gāng,,"vò đất, chum, bể chứa",not-resolved,,,not-resolved,0,0,7,chars/5808.json
堉,C,yù,,đất phì nhiêu,not-resolved,,,not-resolved,0,0,7,chars/5809.json
堋,B,péng,,mục tiêu trong bắn cung,resolved,土,Bộ Thổ,record-radical,0,0,7,chars/580B.json
堌,C,gù,,tên địa danh,not-resolved,,,not-resolved,0,0,7,chars/580C.json
堍,B,tù,,bờ cầu,resolved,土,Bộ Thổ,record-radical,0,0,7,chars/580D.json
堎,C,líng,,gò; mộ,not-resolved,,,not-resolved,0,0,7,chars/580E.json
堑,B,qiàn,,(dạng kết hợp) hào; vực sâu,resolved,土,Bộ Thổ,record-radical,2,0,7,chars/5811.json
堕,A,duò,Đoạ,rơi; chìm; (nghĩa bóng) suy đồi,resolved,土,Bộ Thổ,record-radical,4,4,6,chars/5815.json
堙,B,yīn,,chôn; ụ đất,resolved,土,Bộ Thổ,record-radical,0,0,7,chars/5819.json
堞,C,dié,,tường thành,not-resolved,,,not-resolved,0,0,7,chars/581E.json
堠,B,hòu,,gò đất để đốt lửa báo hiệu,resolved,土,Bộ Thổ,record-radical,0,0,7,chars/5820.json
堡,A,bǎo,,"(hình thức kết hợp) pháo đài; thành trì; (thường dùng để phiên âm -berg, -burg, v.v. trong tên địa danh)",resolved,土,Bộ Thổ,record-radical,6,10,6,chars/5821.json
堤,A,dī,Đê,đê,resolved,土,Bộ Thổ,record-radical,6,5,6,chars/5824.json
堧,C,ruán,,giáp ranh,not-resolved,,,not-resolved,0,0,7,chars/5827.json
堨,C,è,,đập; ngăn chặn,not-resolved,,,not-resolved,0,0,7,chars/5828.json
堪,C,kān,Kham,(dạng kết hợp) có thể; (dạng kết hợp) chịu đựng; gánh chịu,not-resolved,,,not-resolved,7,10,6,chars/582A.json
堭,C,huáng,,hào khô bên ngoài tường thành; rãnh khô,not-resolved,,,not-resolved,0,0,7,chars/582D.json
堮,C,è,,ranh giới; biên giới,not-resolved,,,not-resolved,0,0,7,chars/582E.json
堰,B,yàn,,đập nước,resolved,土,Bộ Thổ,record-radical,6,0,7,chars/5830.json
堲,C,jí,,ghét,not-resolved,,,not-resolved,0,0,7,chars/5832.json
堳,C,méi,,tường thấp,not-resolved,,,not-resolved,0,0,7,chars/5833.json
堵,A,dǔ,,chặn lại,resolved,土,Bộ Thổ,record-radical,6,10,4,chars/5835.json
堽,C,gāng,,gò đất,not-resolved,,,not-resolved,0,0,7,chars/583D.json
堿,B,jiǎn,,biến thể của 鹼|碱[jian3],resolved,土,Bộ Thổ,record-radical,0,0,7,chars/583F.json
塁,C,lěi,,biến thể tiếng Nhật của 壘|垒,not-resolved,,,not-resolved,0,0,7,chars/5841.json
塂,C,jiǎng,,(tiếng địa phương) đồi,not-resolved,,,not-resolved,0,0,7,chars/5842.json
塄,B,léng,,bờ cao xung quanh ruộng,resolved,土,Bộ Thổ,record-radical,0,0,7,chars/5844.json
塆,C,wān,,hẻm núi; khe núi,not-resolved,,,not-resolved,0,0,7,chars/5846.json
塈,C,jì,,(văn học) trát; (văn học) nhặt,not-resolved,,,not-resolved,0,0,7,chars/5848.json
塌,A,tā,,sụp đổ,resolved,土,Bộ Thổ,record-radical,7,10,6,chars/584C.json
塍,B,chéng,,biến thể của 塍[cheng2],resolved,土,Bộ Thổ,record-radical,0,0,7,chars/584D.json
塑,A,sù,,nặn (một hình) bằng đất sét,resolved,土,Bộ Thổ,record-radical,6,10,4,chars/5851.json
塓,C,mì,,trát vữa; quét vôi (tường),not-resolved,,,not-resolved,0,0,7,chars/5853.json
塔,A,tǎ,,tháp,resolved,土,Bộ Thổ,record-radical,6,10,6,chars/5854.json
塕,B,wěng,,bụi bay (tiếng địa phương); bụi,resolved,土,Bộ Thổ,record-radical,0,0,7,chars/5855.json
塘,A,táng,Đường,đê; bờ kè,resolved,土,Bộ Thổ,record-radical,6,5,5,chars/5858.json
塙,C,què,,thực sự,not-resolved,,,not-resolved,0,0,7,chars/5859.json
塝,C,bàng,,bờ ruộng; ranh giới của một cánh đồng,not-resolved,,,not-resolved,0,0,7,chars/585D.json
塞,A,sāi,Tắc,nhét,resolved,宀,Bộ Miên,record-radical,6,7,6,chars/585E.json
塠,C,duī,,biến thể cũ của 堆[dui1],not-resolved,,,not-resolved,0,0,7,chars/5860.json
塡,C,tián,,biến thể của 填[tian2],not-resolved,,,not-resolved,0,0,7,chars/5861.json
塥,B,gé,,cục đất sét khô,resolved,土,Bộ Thổ,record-radical,0,0,7,chars/5865.json
塩,C,yán,,biến thể tiếng Nhật của 鹽|盐,not-resolved,,,not-resolved,0,0,7,chars/5869.json
填,A,tián,Điền,điền vào,resolved,土,Bộ Thổ,record-radical,7,10,4,chars/586B.json
塬,B,yuán,,"cao nguyên, đặc biệt là Cao nguyên Hoàng Thổ ở tây bắc Trung Quốc 黃土高原|黄土高原[Huang2 tu3 Gao1 yuan2]",resolved,土,Bộ Thổ,record-radical,0,0,7,chars/586C.json
塱,C,lǎng,,bờ đắp; tường bùn,not-resolved,,,not-resolved,0,0,7,chars/5871.json
塽,C,shuǎng,,(văn học) đất cao nhiều ánh nắng,not-resolved,,,not-resolved,0,0,7,chars/587D.json
塾,B,shú,Thục,trường tư thục,resolved,土,Bộ Thổ,record-radical,2,0,7,chars/587E.json
墀,B,chí,,sân,resolved,土,Bộ Thổ,record-radical,0,0,7,chars/5880.json
墁,B,màn,,trát vữa,resolved,土,Bộ Thổ,record-radical,0,0,7,chars/5881.json
境,A,jìng,Cảnh,biên giới; nơi,resolved,土,Bộ Thổ,record-radical,14,10,3,chars/5883.json
墅,C,shù,Thự,biệt thự,not-resolved,,,not-resolved,2,5,6,chars/5885.json
墈,C,kàn,,vách đá,not-resolved,,,not-resolved,0,0,7,chars/5888.json
墉,B,yōng,,tường thành; tường bao,resolved,土,Bộ Thổ,record-radical,0,0,7,chars/5889.json
墐,C,jǐn,,chôn; trát bùn,not-resolved,,,not-resolved,0,0,7,chars/5890.json
墒,B,shāng,,đất đã cày; độ ẩm của đất,resolved,土,Bộ Thổ,record-radical,2,0,7,chars/5892.json
墓,A,mù,Mộ,"nghĩa trang, mộ",resolved,土,Bộ Thổ,record-radical,7,10,6,chars/5893.json
増,C,zēng,,biến thể tiếng Nhật của 增[zeng1],not-resolved,,,not-resolved,0,0,7,chars/5897.json
墙,A,qiáng,Tường,tường,resolved,土,Bộ Thổ,record-radical,7,10,5,chars/5899.json
墚,C,liáng,,,resolved,土,Bộ Thổ,record-radical,0,0,,chars/589A.json
墝,C,qiāo,,đất đá sỏi,not-resolved,,,not-resolved,0,0,7,chars/589D.json
增,A,zēng,Tăng,tăng,resolved,土,Bộ Thổ,record-radical,12,10,4,chars/589E.json
墟,A,xū,,tàn tích; (văn học) làng,resolved,土,Bộ Thổ,record-radical,2,6,6,chars/589F.json
墦,C,fán,,mộ phần,not-resolved,,,not-resolved,0,0,7,chars/58A6.json
墨,C,mò,,mực,not-resolved,,,not-resolved,6,9,6,chars/58A8.json
墩,A,dūn,Đôn,khối; trụ cổng,resolved,土,Bộ Thổ,record-radical,6,1,7,chars/58A9.json
墫,C,zūn,Chôn,cốc; bình,not-resolved,,,not-resolved,0,0,7,chars/58AB.json
墬,C,dì,,biến thể của 地[di4],not-resolved,,,not-resolved,0,0,7,chars/58AC.json
墰,C,tán,,biến thể của 罈|坛[tan2],not-resolved,,,not-resolved,0,0,7,chars/58B0.json
墵,C,tán,,biến thể cũ của 壜[tan2],not-resolved,,,not-resolved,0,0,7,chars/58B5.json
墺,C,ào,,lô đất xây dựng,not-resolved,,,not-resolved,0,0,7,chars/58BA.json
墼,B,jī,,"(dạng kết hợp) gạch chưa nung; (dạng kết hợp) than bánh (làm từ than, v.v.)",resolved,土,Bộ Thổ,record-radical,0,0,,chars/58BC.json
壁,A,bì,Bích,tường; thành lũy,resolved,土,Bộ Thổ,record-radical,8,10,5,chars/58C1.json
壅,B,yōng,,cản trở; lấp kín,resolved,土,Bộ Thổ,record-radical,1,0,7,chars/58C5.json
壆,C,bó,,luống đất nổi (trồng cây),not-resolved,,,not-resolved,0,0,7,chars/58C6.json
壊,C,huài,,biến thể Nhật Bản của 壞|坏[huai4],not-resolved,,,not-resolved,0,0,7,chars/58CA.json
壌,C,rǎng,,biến thể Nhật Bản của 壤[rang3],not-resolved,,,not-resolved,0,0,7,chars/58CC.json
壎,C,xūn,,nhạc cụ cổ bằng sứ thổi hơi,not-resolved,,,not-resolved,0,0,7,chars/58CE.json
壑,C,hè,Hác,hẻm núi; thung lũng,not-resolved,,,not-resolved,6,2,7,chars/58D1.json
壒,C,ài,,bụi; bùn,not-resolved,,,not-resolved,0,0,7,chars/58D2.json
壔,C,dǎo,,cột; hình trụ,not-resolved,,,not-resolved,0,0,7,chars/58D4.json
壕,B,háo,Hào,hào; rãnh (quân sự),resolved,土,Bộ Thổ,record-radical,3,0,7,chars/58D5.json
壖,C,ruán,,đất ở mép nước hoặc dưới tường,not-resolved,,,not-resolved,0,0,7,chars/58D6.json
壜,C,tán,,biến thể của 罈|坛[tan2],not-resolved,,,not-resolved,0,0,7,chars/58DC.json
壝,C,wěi,,gò đất; đê điều,not-resolved,,,not-resolved,0,0,7,chars/58DD.json
壡,C,ruì,,biến thể của 睿[rui4],not-resolved,,,not-resolved,0,0,7,chars/58E1.json
壤,A,rǎng,Nhưỡng,(hình thức kết hợp) đất; đất đai; (văn học) mặt đất (đối lập với trời 天[tian1]),resolved,土,Bộ Thổ,record-radical,6,8,6,chars/58E4.json
士,A,Shì,Sĩ,họ [Shi4],resolved,士,Bộ Sĩ,self-radical,17,10,4,chars/58EB.json
壬,C,rén,Nhăm,thiên can thứ chín trong mười Thiên Can 十天干[shi2 tian1 gan1]; thứ chín theo thứ tự,not-resolved,,,not-resolved,6,0,7,chars/58EC.json
壭,C,xx,,"một trong những ký tự được dùng trong kwukyel (phát âm ""san""), một hệ thống chữ viết cổ của Hàn Quốc",not-resolved,,,not-resolved,0,0,7,chars/58ED.json
壮,A,Zhuàng,Tráng,"dân tộc Choang ở Quảng Tây, nhóm dân tộc đông thứ hai của Trung Quốc",resolved,士,Bộ Sĩ,record-radical,14,10,6,chars/58EE.json
声,C,shēng,Thanh,âm thanh,not-resolved,,,not-resolved,20,10,3,chars/58F0.json
壱,C,yī,,biến thể tiếng Nhật của 壹[yi1],not-resolved,,,not-resolved,0,0,7,chars/58F1.json
売,C,mài,,biến thể tiếng Nhật của 賣|卖[mai4],not-resolved,,,not-resolved,0,0,7,chars/58F2.json
壳,C,ké,Nôi / Xác,vỏ,not-resolved,,,not-resolved,6,4,6,chars/58F3.json
壴,C,Zhù,,họ [Zhu4],not-resolved,,,not-resolved,0,0,7,chars/58F4.json
壶,C,hú,,ấm,not-resolved,,,not-resolved,7,9,5,chars/58F6.json
壸,C,kǔn,Hồ,hành lang cung điện; bóng: khu vực dành cho phụ nữ,not-resolved,,,not-resolved,0,0,7,chars/58F8.json
壹,C,yī,Nhất,một (chữ số chống gian lận của ngân hàng),not-resolved,,,not-resolved,0,0,7,chars/58F9.json
壿,C,zūn,,"cốc, chai rượu; bình rượu",not-resolved,,,not-resolved,0,0,7,chars/58FF.json
夀,C,shòu,,biến thể cũ của 壽|寿[shou4],not-resolved,,,not-resolved,0,0,7,chars/5900.json
夂,B,suī,,Ðến sau,resolved,夂,Bộ Tuy,self-radical,0,0,7,chars/5902.json
处,A,chǔ,Xử,"nơi, chỗ, địa điểm",resolved,夂,Bộ Tuy,record-radical,20,10,4,chars/5904.json
夅,C,jiàng,,biến thể cũ của 降[jiang4],not-resolved,,,not-resolved,0,0,7,chars/5905.json
夆,B,féng,,húc (như động vật có sừng),resolved,夂,Bộ Tuy,record-radical,0,0,7,chars/5906.json
备,A,bèi,,biến thể của 備|备[bei4],resolved,人,Bộ Nhân,record-radical,17,10,2,chars/5907.json
変,C,biàn,,biến thể tiếng Nhật của 變|变[bian4],not-resolved,,,not-resolved,0,0,7,chars/5909.json
夊,B,suī,,Đi chậm,resolved,夊,Bộ Tuy,self-radical,0,0,7,chars/590A.json
夋,C,qūn,,,resolved,夂,Bộ Tuy,record-radical,0,0,7,chars/590B.json
夌,C,líng,,la cà; tên của cha Hoàng đế Nghiêu,not-resolved,,,not-resolved,0,0,7,chars/590C.json
复,C,fù,Hạ,đi rồi quay lại; quay lại,not-resolved,,,not-resolved,20,10,3,chars/590D.json
夏,A,xià,,mùa hè,resolved,日,Bộ Nhật,record-radical,8,10,3,chars/590F.json
夓,C,xià,,biến thể cũ của 夏[xia4],not-resolved,,,not-resolved,0,0,7,chars/5913.json
夔,C,Kuí,,"yêu quái một chân trong thần thoại Trung Quốc; nhân vật thần thoại Trung Quốc, người phát minh âm nhạc và múa",not-resolved,,,not-resolved,1,0,7,chars/5914.json
夕,A,xī,Tịch,chạng vạng; buổi tối,resolved,夕,Bộ Tịch,self-radical,7,10,5,chars/5915.json
外,A,wài,Ngoại,ngoại quốc; bên ngoài,resolved,卜,Bộ Bốc,record-radical,20,10,2,chars/5916.json
夗,B,yuàn,,trở mình khi ngủ,resolved,夕,Bộ Tịch,record-radical,0,0,7,chars/5917.json
夙,C,sù,Túc,buổi sáng; sớm,not-resolved,,,not-resolved,6,0,7,chars/5919.json
多,C,duō,Đa,nhiều,not-resolved,,,not-resolved,20,10,1,chars/591A.json
夜,A,yè,Dạ,"đêm, tối",resolved,夕,Bộ Tịch,record-radical,20,10,5,chars/591C.json
够,C,gòu,,đủ,not-resolved,,,not-resolved,6,10,4,chars/591F.json
夣,C,mèng,,biến thể cũ của 夢|梦[meng4],not-resolved,,,not-resolved,0,0,7,chars/5923.json
夤,B,yín,,đêm khuya,resolved,夕,Bộ Tịch,record-radical,0,0,7,chars/5924.json
夥,C,huǒ,,nhiều; đông đúc,not-resolved,,,not-resolved,0,0,7,chars/5925.json
大,A,dà,Đại,lớn,resolved,大,Bộ Đại,self-radical,20,10,1,chars/5927.json
天,C,tiān,Thiên,ngày; trời,not-resolved,,,not-resolved,20,10,1,chars/5929.json
太,A,tài,Thái,quá,resolved,大,Bộ Đại,record-radical,14,10,1,chars/592A.json
夫,C,fū,Phu,chồng; đàn ông,not-resolved,,,not-resolved,13,10,2,chars/592B.json
夬,C,guài,,quyết đoán,not-resolved,,,not-resolved,0,0,7,chars/592C.json
夭,C,yāo,Yểu,(hình thức kết hợp) chết yểu (cũng đọc là [yao3]); (văn học) (cây cối) tươi tốt,not-resolved,,,not-resolved,3,0,7,chars/592D.json
央,C,yāng,Ương,trung tâm; kết thúc,not-resolved,,,not-resolved,6,6,6,chars/592E.json
夯,C,bèn,,biến thể của 笨[ben4],not-resolved,,,not-resolved,2,0,7,chars/592F.json
失,A,shī,Thất,mất; lỡ,resolved,手,Bộ Thủ,record-radical,20,10,4,chars/5931.json
夲,C,tāo,,,not-resolved,,,not-resolved,0,0,,chars/5932.json
头,A,tóu,Đầu,đầu,resolved,豆,Bộ Đậu,record-radical,20,10,3,chars/5934.json
夶,C,bǐ,,biến thể cũ của 比[bi3],not-resolved,,,not-resolved,0,0,7,chars/5936.json
夷,C,yí,Dì,"người không phải Hán, đặc biệt ở phía Đông Trung Quốc; man di",not-resolved,,,not-resolved,6,5,7,chars/5937.json
夸,A,kuā,Khoa,khen ngợi,resolved,大,Bộ Đại,record-radical,7,10,5,chars/5938.json
夹,A,jiā,Giáp,"kẹp, nhặt",resolved,大,Bộ Đại,record-radical,6,9,5,chars/5939.json
夺,C,duó,Đoạt,cướp,not-resolved,,,not-resolved,8,10,6,chars/593A.json
夼,C,kuǎng,,vùng trũng; chỗ lõm,not-resolved,,,not-resolved,1,0,7,chars/593C.json
奁,C,lián,,biến thể của 奩|奁[lian2],not-resolved,,,not-resolved,2,0,7,chars/5941.json
奂,B,Huàn,,họ [Huan4],resolved,大,Bộ Đại,record-radical,1,0,7,chars/5942.json
奄,A,Yǎn,Ăm,họ [Yan3],resolved,大,Bộ Đại,record-radical,2,2,7,chars/5944.json
奇,A,jī,Kỳ,số lẻ,resolved,大,Bộ Đại,record-radical,13,10,3,chars/5947.json
奈,C,nài,Nại,"dùng trong các biểu đạt mang tính thất vọng và bất lực, như 無奈|无奈[wu2 nai4] và 莫可奈何|莫可奈何[mo4 ke3 nai4 he2] (văn học); dùng theo giá trị phát âm trong việc viết từ nước ngoài",not-resolved,,,not-resolved,6,7,5,chars/5948.json
奉,A,fèng,Phụng,"phụng sự, dâng, vâng lệnh, cống hiến",resolved,廾,Bộ Củng,record-radical,7,10,6,chars/5949.json
奋,A,fèn,Phấn,gắng sức (hình thức ràng buộc),resolved,大,Bộ Đại,record-radical,7,10,4,chars/594B.json
奌,C,diǎn,,biến thể của 點|点[dian3],not-resolved,,,not-resolved,0,0,7,chars/594C.json
奎,B,kuí,,đũng quần; ngôi thứ 15 trong 28 chòm sao của thiên văn học Trung Quốc,resolved,大,Bộ Đại,record-radical,6,0,7,chars/594E.json
奏,C,zòu,Tấu,chơi,not-resolved,,,not-resolved,7,10,6,chars/594F.json
契,C,qì,Khế,khắc; chữ khắc,not-resolved,,,not-resolved,6,10,7,chars/5951.json
奓,C,chǐ,,biến thể cũ của 侈[chi3],not-resolved,,,not-resolved,0,0,7,chars/5953.json
奔,C,bēn,,chạy nhanh,not-resolved,,,not-resolved,11,10,6,chars/5954.json
奕,B,yì,,dồi dào; duyên dáng,resolved,大,Bộ Đại,record-radical,3,0,7,chars/5955.json
奖,A,jiǎng,,thưởng; giải thưởng,resolved,大,Bộ Đại,record-radical,16,10,4,chars/5956.json
套,A,tào,,bộ,resolved,大,Bộ Đại,record-radical,8,10,5,chars/5957.json
奘,B,zàng,,tuyệt vời,resolved,大,Bộ Đại,record-radical,1,0,7,chars/5958.json
奚,B,Xī,,họ [Xi1],resolved,爪,Bộ Trảo,record-radical,2,0,7,chars/595A.json
奜,C,fěi,,to lớn,not-resolved,,,not-resolved,0,0,7,chars/595C.json
奠,A,diàn,,cố định; ổn định,resolved,酉,Bộ Dậu,record-radical,6,8,6,chars/5960.json
奡,C,ào,,ngạo mạn; mạnh mẽ,not-resolved,,,not-resolved,0,0,7,chars/5961.json
奢,A,shē,Xa,xa hoa,resolved,大,Bộ Đại,record-radical,6,9,6,chars/5962.json
奣,C,wěng,,bầu trời trong và không mây,not-resolved,,,not-resolved,0,0,7,chars/5963.json
奥,A,Aò,Áo,Áo (viết tắt của 奧地利|奥地利[Ao4 di4 li4]); Thế vận hội (viết tắt của 奧林匹克|奥林匹克[Ao4 lin2 pi3 ke4]),resolved,宀,Bộ Miên,record-radical,8,10,6,chars/5965.json
奨,C,jiǎng,,biến thể tiếng Nhật của 獎|奖[jiang3],not-resolved,,,not-resolved,0,0,7,chars/5968.json
奫,C,yūn,,sâu và rộng (vùng nước); vực thẳm,not-resolved,,,not-resolved,0,0,7,chars/596B.json
奬,C,jiǎng,Tưởng,biến thể của 獎|奖[jiang3],not-resolved,,,not-resolved,0,0,7,chars/596C.json
奭,C,Shì,,họ [Shi4],not-resolved,,,not-resolved,1,0,7,chars/596D.json
奰,C,bì,,tức giận,not-resolved,,,not-resolved,0,0,7,chars/5970.json
女,A,nǚ,Nữa,nữ,resolved,女,Bộ Nữ,self-radical,20,10,2,chars/5973.json
奴,A,nú,Nô,nô lệ,resolved,女,Bộ Nữ,record-radical,7,6,6,chars/5974.json
奶,A,nǎi,Nái,sữa,resolved,女,Bộ Nữ,record-radical,8,10,2,chars/5976.json
奸,A,jiān,Gian,xảo quyệt; gian xảo,resolved,女,Bộ Nữ,record-radical,7,4,7,chars/5978.json
她,A,tā,,cô ấy,resolved,女,Bộ Nữ,record-radical,1,10,1,chars/5979.json
好,A,hǎo,Háo,tốt,resolved,女,Bộ Nữ,record-radical,20,10,1,chars/597D.json
妁,B,Shuò,,họ [Shuo4],resolved,女,Bộ Nữ,record-radical,1,0,7,chars/5981.json
如,A,rú,Như,"ví dụ, như",resolved,口,Bộ Khẩu,record-radical,20,10,3,chars/5982.json
妃,C,fēi,Phi,phi tần,not-resolved,,,not-resolved,6,0,7,chars/5983.json
妄,A,wàng,,hoang đường; ảo tưởng,resolved,女,Bộ Nữ,record-radical,6,5,6,chars/5984.json
妅,C,hóng,,biến thể cũ của 娂[hong2],not-resolved,,,not-resolved,0,0,7,chars/5985.json
妆,A,zhuāng,Trang,(phụ nữ) trang điểm; trang sức,resolved,女,Bộ Nữ,record-radical,6,10,6,chars/5986.json
妇,A,fù,Phụ,phụ nữ,resolved,女,Bộ Nữ,record-radical,8,10,5,chars/5987.json
妈,A,mā,Má,mẹ; má,resolved,女,Bộ Nữ,record-radical,6,10,1,chars/5988.json
妉,C,dān,,biến thể cũ của 媅[dan1],not-resolved,,,not-resolved,0,0,7,chars/5989.json
妊,B,rèn,,mang thai; sự mang thai,resolved,女,Bộ Nữ,record-radical,3,0,7,chars/598A.json
妍,C,yán,Ngơn,đẹp,not-resolved,,,not-resolved,2,0,7,chars/598D.json
妏,C,wèn,,(dùng trong tên nữ),not-resolved,,,not-resolved,0,0,7,chars/598F.json
妒,A,dù,Đố,"đố kỵ (thành công, tài năng); ghen tuông",resolved,女,Bộ Nữ,record-radical,5,6,6,chars/5992.json
妓,C,jì,Kĩ,gái mại dâm,not-resolved,,,not-resolved,6,4,7,chars/5993.json
妖,A,yāo,Yêu,yêu quái; phù thủy,resolved,女,Bộ Nữ,record-radical,6,4,7,chars/5996.json
妗,B,jìn,,vợ của cậu,resolved,女,Bộ Nữ,record-radical,0,0,7,chars/5997.json
妙,A,miào,Diệu,tuyệt vời,resolved,女,Bộ Nữ,record-radical,9,10,5,chars/5999.json
妚,C,pēi,,biến thể của 胚[pei1]; phôi thai,not-resolved,,,not-resolved,0,0,7,chars/599A.json
妞,B,niū,,bé gái,resolved,女,Bộ Nữ,record-radical,2,0,7,chars/599E.json
妟,C,yàn,,,not-resolved,,,not-resolved,0,0,,chars/599F.json
妣,B,bǐ,,mẹ đã mất,resolved,女,Bộ Nữ,record-radical,1,0,7,chars/59A3.json
妤,B,yú,,xinh đẹp; dễ thương,resolved,女,Bộ Nữ,record-radical,0,0,7,chars/59A4.json
妥,C,tuǒ,Thoả,"sẵn sàng, được giải quyết",not-resolved,,,not-resolved,6,10,6,chars/59A5.json
妨,A,fáng,,gây cản trở; (trong câu phủ định hoặc nghi vấn) không có hại,resolved,女,Bộ Nữ,record-radical,5,9,5,chars/59A8.json
妩,B,wǔ,,nịnh hót; làm vui lòng,resolved,女,Bộ Nữ,record-radical,1,0,7,chars/59A9.json
妪,C,yù,Ẩu,Bà lão,not-resolved,,,not-resolved,1,2,7,chars/59AA.json
妫,C,Guī,,họ [Gui1]; tên một con sông,not-resolved,,,not-resolved,0,0,7,chars/59AB.json
妮,B,nī,Ni,"cô gái; phiên âm ""ni"" (trong tên nữ)",resolved,女,Bộ Nữ,record-radical,3,0,7,chars/59AE.json
妯,B,zhóu,Dâu,dùng trong 妯娌[zhou2 li5],resolved,女,Bộ Nữ,record-radical,1,0,7,chars/59AF.json
妲,B,Dá,Dát,tên nữ (cổ đại),resolved,女,Bộ Nữ,record-radical,1,0,7,chars/59B2.json
妳,C,nǐ,,,not-resolved,,,not-resolved,0,0,7,chars/59B3.json
妵,C,tǒu,,(tên nữ); đẹp,not-resolved,,,not-resolved,0,0,7,chars/59B5.json
妸,C,ē,Ả,(dùng trong tên riêng nữ); biến thể của 婀[e1],not-resolved,,,not-resolved,0,0,7,chars/59B8.json
妹,A,mèi,Muội,em gái,resolved,女,Bộ Nữ,record-radical,6,10,2,chars/59B9.json
妺,C,mò,,vợ của vua cuối triều Hạ,not-resolved,,,not-resolved,0,0,7,chars/59BA.json
妻,C,qī,Thê,vợ,not-resolved,,,not-resolved,6,10,2,chars/59BB.json
妽,C,shēn,,(dùng trong tên nữ),not-resolved,,,not-resolved,0,0,7,chars/59BD.json
妾,B,qiè,Thiếp,"thiếp; tôi, người hầu của ngài (cách tự xưng khiêm tốn của phụ nữ)",resolved,辛,Bộ Tân,record-radical,2,0,7,chars/59BE.json
姁,C,xǔ,,nói nhiều như bà già; vui vẻ,not-resolved,,,not-resolved,0,0,7,chars/59C1.json
姄,C,mín,,(dùng trong tên nữ) (cổ),not-resolved,,,not-resolved,0,0,7,chars/59C4.json
姅,C,bàn,Nửa,kinh nguyệt,not-resolved,,,not-resolved,0,0,7,chars/59C5.json
姆,A,mǔ,,người phụ nữ chăm sóc trẻ nhỏ; (cũ) nữ gia sư,resolved,女,Bộ Nữ,record-radical,6,5,6,chars/59C6.json
姊,C,zǐ,Chị,biến thể cũ của 姊[zi3],not-resolved,,,not-resolved,4,0,7,chars/59CA.json
始,A,shǐ,Thuỷ,bắt đầu; khởi đầu,resolved,女,Bộ Nữ,record-radical,7,10,2,chars/59CB.json
姐,A,jiě,Thư,chị gái,resolved,女,Bộ Nữ,record-radical,6,10,1,chars/59D0.json
姑,A,gū,Cô,cô (bên nội); chị em gái của chồng,resolved,女,Bộ Nữ,record-radical,6,10,5,chars/59D1.json
姒,B,Sì,,họ [Si4],resolved,女,Bộ Nữ,record-radical,1,0,7,chars/59D2.json
姓,A,xìng,Tính,họ,resolved,女,Bộ Nữ,record-radical,6,10,2,chars/59D3.json
委,A,Wěi,Uỷ,họ [Wei3],resolved,禾,Bộ Hòa,record-radical,8,10,5,chars/59D4.json
姗,B,shān,,chê bai; thướt tha (dáng đi của phụ nữ),resolved,女,Bộ Nữ,record-radical,3,0,7,chars/59D7.json
姘,C,pīn,,làm tình nhân hoặc người yêu,not-resolved,,,not-resolved,4,0,7,chars/59D8.json
姚,B,Yáo,Diêu,họ [Yao2],resolved,女,Bộ Nữ,record-radical,6,0,7,chars/59DA.json
姜,C,jiāng,,gừng,not-resolved,,,not-resolved,6,0,7,chars/59DC.json
姝,B,shū,,người phụ nữ đẹp,resolved,女,Bộ Nữ,record-radical,0,0,7,chars/59DD.json
姞,C,Jí,,họ [Ji2],not-resolved,,,not-resolved,0,0,7,chars/59DE.json
姣,B,jiāo,,đẹp,resolved,女,Bộ Nữ,record-radical,0,0,7,chars/59E3.json
姤,C,gòu,Cạu,giao hợp; tốt,not-resolved,,,not-resolved,0,0,7,chars/59E4.json
姥,C,lǎo,Mụ,bà (ngoại),not-resolved,,,not-resolved,3,4,5,chars/59E5.json
姧,C,jiān,,"biến thể của 姦|奸[jian1], ngoại tình, kẻ ác",not-resolved,,,not-resolved,0,0,7,chars/59E7.json
姨,B,yí,Dì,chị em vợ,resolved,女,Bộ Nữ,record-radical,6,0,3,chars/59E8.json
姫,C,jī,,biến thể tiếng Nhật của 姬; công chúa,not-resolved,,,not-resolved,0,0,7,chars/59EB.json
姬,C,Jī,,họ [Ji1]; họ của hoàng tộc triều Chu 周代[Zhou1dai4] (1046-256 TCN),not-resolved,,,not-resolved,1,0,7,chars/59EC.json
姮,B,héng,,tên nữ (xưa),resolved,女,Bộ Nữ,record-radical,0,0,7,chars/59EE.json
姱,C,kuā,,cuốn hút; đẹp,not-resolved,,,not-resolved,0,0,7,chars/59F1.json
姵,C,pèi,,(dùng trong tên nữ),not-resolved,,,not-resolved,0,0,7,chars/59F5.json
姸,C,yán,,biến thể của 妍; đẹp,not-resolved,,,not-resolved,0,0,7,chars/59F8.json
姹,B,chà,,đẹp; xem 奼紫嫣紅|姹紫嫣红[cha4 zi3 yan1 hong2],resolved,女,Bộ Nữ,record-radical,1,0,7,chars/59F9.json
姺,C,xiǎn,,tên một nước cổ đại,not-resolved,,,not-resolved,0,0,7,chars/59FA.json
姻,C,yīn,Nhân,quan hệ hôn nhân,not-resolved,,,not-resolved,6,6,5,chars/59FB.json
姽,C,guǐ,,yên tĩnh và dễ thương,not-resolved,,,not-resolved,0,0,7,chars/59FD.json
姿,A,zī,Tư,vẻ đẹp; tính cách,resolved,女,Bộ Nữ,record-radical,6,8,5,chars/59FF.json
娀,C,sōng,,tên một nước cổ đại,not-resolved,,,not-resolved,0,0,7,chars/5A00.json
威,C,wēi,Uy,quyền lực; sức mạnh,not-resolved,,,not-resolved,14,10,5,chars/5A01.json
娂,C,hóng,,(dùng trong tên nữ),not-resolved,,,not-resolved,0,0,7,chars/5A02.json
娃,C,wá,,em bé; búp bê,not-resolved,,,not-resolved,6,6,6,chars/5A03.json
娄,B,Lóu,Lâu,họ [Lou2]; một trong 28 chòm sao trong thiên văn học Trung Quốc,resolved,米,Bộ Mễ,record-radical,6,0,7,chars/5A04.json
娅,B,yà,Ả,(văn học) cách xưng hô giữa chồng của các chị em gái; (dùng để phiên âm tên nước ngoài),resolved,女,Bộ Nữ,record-radical,3,0,7,chars/5A05.json
娆,B,ráo,,duyên dáng,resolved,女,Bộ Nữ,record-radical,1,0,7,chars/5A06.json
娇,A,jiāo,Kiều,đáng yêu; nuông chiều,resolved,女,Bộ Nữ,record-radical,7,8,6,chars/5A07.json
娈,C,luán,,đẹp đẽ,not-resolved,,,not-resolved,2,0,7,chars/5A08.json
娉,B,pīng,,duyên dáng,resolved,女,Bộ Nữ,record-radical,1,0,7,chars/5A09.json
娌,B,lǐ,,dùng trong 妯娌[zhou2 li5],resolved,女,Bộ Nữ,record-radical,1,0,7,chars/5A0C.json
娑,B,suō,,(phiên âm); xem 婆娑[po2 suo1],resolved,女,Bộ Nữ,record-radical,2,0,7,chars/5A11.json
娓,B,wěi,Vãi,hoạt bát; tuân theo,resolved,女,Bộ Nữ,record-radical,1,0,7,chars/5A13.json
娘,A,niáng,Nương,mẹ,resolved,女,Bộ Nữ,record-radical,6,10,5,chars/5A18.json
娚,C,nán,,biến thể cũ của 喃[nan2],not-resolved,,,not-resolved,0,0,7,chars/5A1A.json
娜,B,nà,Na,(phiên âm na); dùng đặc biệt trong tên nữ như Anna 安娜[An1 na4] hoặc Diana 黛安娜[Dai4 an1 na4],resolved,女,Bộ Nữ,record-radical,6,0,7,chars/5A1C.json
娟,B,juān,,đẹp; duyên dáng,resolved,女,Bộ Nữ,record-radical,3,0,7,chars/5A1F.json
娠,B,shēn,,mang thai,resolved,女,Bộ Nữ,record-radical,1,0,7,chars/5A20.json
娣,B,dì,,vợ của em trai,resolved,女,Bộ Nữ,record-radical,0,0,7,chars/5A23.json
娥,A,é,Nga,tốt; đẹp,resolved,女,Bộ Nữ,record-radical,2,4,7,chars/5A25.json
娩,B,miǎn,,sinh con,resolved,女,Bộ Nữ,record-radical,1,0,7,chars/5A29.json
娭,B,āi,,"xem 娭姐[ai1 jie3], mẹ của cha; bà (tiếng địa phương)",resolved,女,Bộ Nữ,record-radical,0,0,7,chars/5A2D.json
娯,C,yú,,biến thể Nhật Bản của 娛|娱[yu2],not-resolved,,,not-resolved,0,0,7,chars/5A2F.json
娱,A,yú,,giải trí,resolved,女,Bộ Nữ,record-radical,6,10,5,chars/5A31.json
娲,B,Wā,Oa,họ [Wa1]; chị của vị hoàng đế huyền thoại Phục Hy 伏羲[Fu2xi1],resolved,女,Bộ Nữ,record-radical,2,0,7,chars/5A32.json
娴,B,xián,,biến thể của 嫻|娴[xian2],resolved,女,Bộ Nữ,record-radical,4,0,7,chars/5A34.json
娵,C,jū,,(tên nữ); (ngôi sao),not-resolved,,,not-resolved,0,0,7,chars/5A35.json
娶,C,qǔ,Thú,cưới,not-resolved,,,not-resolved,6,4,5,chars/5A36.json
娸,C,qí,,chế nhạo; xấu xí,not-resolved,,,not-resolved,0,0,7,chars/5A38.json
娼,A,chāng,,gái mại dâm,resolved,女,Bộ Nữ,record-radical,6,2,7,chars/5A3C.json
婀,B,ē,,biến thể của 婀[e1],resolved,女,Bộ Nữ,record-radical,1,0,7,chars/5A40.json
婆,A,pó,Bà,(dạng kết hợp) bà; (dạng kết hợp) bà quản gia,resolved,女,Bộ Nữ,record-radical,6,10,5,chars/5A46.json
婉,A,wǎn,Uyển,duyên dáng; khéo léo,resolved,女,Bộ Nữ,record-radical,7,3,7,chars/5A49.json
婊,B,biǎo,,gái mại dâm,resolved,女,Bộ Nữ,record-radical,1,0,7,chars/5A4A.json
婐,C,wǒ,,người hầu gái,not-resolved,,,not-resolved,0,0,7,chars/5A50.json
婕,B,jié,,đẹp đẽ,resolved,女,Bộ Nữ,record-radical,0,0,7,chars/5A55.json
婙,C,jìng,,biến thể cũ của 婧[jing4],not-resolved,,,not-resolved,0,0,7,chars/5A59.json
婚,A,hūn,,kết hôn; hôn nhân,resolved,女,Bộ Nữ,record-radical,7,10,3,chars/5A5A.json
婞,C,xìng,,ngay thẳng,not-resolved,,,not-resolved,0,0,7,chars/5A5E.json
婢,C,bì,Tì,nô tì; người hầu gái,not-resolved,,,not-resolved,3,0,7,chars/5A62.json
婤,C,zhōu,,(tên nữ),not-resolved,,,not-resolved,0,0,7,chars/5A64.json
婥,C,chuò,,yếu đuối; mỏng manh,not-resolved,,,not-resolved,0,0,7,chars/5A65.json
婧,C,jìng,,(văn học) (về phụ nữ) mảnh mai; tinh tế; (văn học) (về phụ nữ) tài năng,not-resolved,,,not-resolved,0,0,7,chars/5A67.json
婨,C,lún,,(dùng trong tên nữ) (cũ),not-resolved,,,not-resolved,0,0,7,chars/5A68.json
婪,A,lán,Lam,tham lam,resolved,女,Bộ Nữ,record-radical,2,5,6,chars/5A6A.json
婬,C,yín,Dâm,"tục tĩu, dâm ô, dâm dục",not-resolved,,,not-resolved,0,0,7,chars/5A6C.json
婮,C,jū,,(dùng trong tên nữ),not-resolved,,,not-resolved,0,0,7,chars/5A6E.json
婳,C,huà,,tĩnh lặng,not-resolved,,,not-resolved,0,0,7,chars/5A73.json
婴,A,yīng,Anh,trẻ sơ sinh; em bé,resolved,女,Bộ Nữ,record-radical,6,7,6,chars/5A74.json
婵,B,chán,,dùng trong 嬋娟|婵娟[chan2 juan1] và 嬋媛|婵媛[chan2 yuan2],resolved,女,Bộ Nữ,record-radical,2,0,7,chars/5A75.json
婶,B,shěn,Thím,vợ của em trai bố,resolved,女,Bộ Nữ,record-radical,3,0,7,chars/5A76.json
婷,B,tíng,,duyên dáng,resolved,女,Bộ Nữ,record-radical,3,0,7,chars/5A77.json
婹,C,yǎo,,thon thả; miên man,not-resolved,,,not-resolved,0,0,7,chars/5A79.json
婺,B,wù,,đẹp,resolved,女,Bộ Nữ,record-radical,3,0,7,chars/5A7A.json
婼,C,chuò,,ngoan cố,not-resolved,,,not-resolved,0,0,7,chars/5A7C.json
婽,C,jiǎ,,tốt,not-resolved,,,not-resolved,0,0,7,chars/5A7D.json
婿,B,xù,Tế,biến thể của 婿[xu4],resolved,女,Bộ Nữ,record-radical,6,0,7,chars/5A7F.json
媁,C,wéi,,tỏ ra không hài lòng; đẹp,not-resolved,,,not-resolved,0,0,7,chars/5A81.json
媄,C,měi,Mẹ,đẹp,not-resolved,,,not-resolved,0,0,7,chars/5A84.json
媅,C,dān,,hài lòng; vui vẻ,not-resolved,,,not-resolved,0,0,7,chars/5A85.json
媊,C,qián,,sao Kim vào buổi sáng,not-resolved,,,not-resolved,0,0,7,chars/5A8A.json
媏,C,duān,,(dùng trong tên nữ) (cổ),not-resolved,,,not-resolved,0,0,7,chars/5A8F.json
媒,A,méi,Mối,môi giới; trung gian,resolved,女,Bộ Nữ,record-radical,6,10,5,chars/5A92.json
媕,B,ān,,chưa quyết định,resolved,女,Bộ Nữ,record-radical,0,0,7,chars/5A95.json
媖,C,yīng,,(tên khen ngợi dành cho phụ nữ),not-resolved,,,not-resolved,0,0,7,chars/5A96.json
媚,A,mèi,,tâng bốc; quyến rũ,resolved,女,Bộ Nữ,record-radical,6,5,7,chars/5A9A.json
媛,B,yuán,,dùng trong 嬋媛|婵媛[chan2 yuan2] và trong tên nữ,resolved,女,Bộ Nữ,record-radical,4,0,7,chars/5A9B.json
媞,C,tí,,dùng làm phiên âm; tên nữ,not-resolved,,,not-resolved,0,0,7,chars/5A9E.json
媟,C,xiè,,ham muốn,not-resolved,,,not-resolved,0,0,7,chars/5A9F.json
媠,B,duò,,biến thể cũ của 惰[duo4],resolved,女,Bộ Nữ,record-radical,0,0,7,chars/5AA0.json
媢,C,mào,,đố kỵ,not-resolved,,,not-resolved,0,0,7,chars/5AA2.json
媩,C,hú,,(dùng trong tên nữ) (cổ),not-resolved,,,not-resolved,0,0,7,chars/5AA9.json
媪,B,ǎo,,bà già,resolved,女,Bộ Nữ,record-radical,0,0,7,chars/5AAA.json
媬,C,bǎo,,bảo mẫu; y tá,not-resolved,,,not-resolved,0,0,7,chars/5AAC.json
媭,C,xū,,(phương ngữ) chị gái (cách gọi cũ),not-resolved,,,not-resolved,0,0,7,chars/5AAD.json
媮,C,tōu,,không đúng cách; không đều đặn,not-resolved,,,not-resolved,0,0,7,chars/5AAE.json
媲,A,pì,,so sánh; kết đôi,resolved,女,Bộ Nữ,record-radical,1,4,7,chars/5AB2.json
媳,A,xí,,con dâu,resolved,女,Bộ Nữ,record-radical,6,4,6,chars/5AB3.json
媵,B,yìng,,người hầu đưa cô dâu về nhà chồng; thê thiếp,resolved,女,Bộ Nữ,record-radical,0,0,7,chars/5AB5.json
媸,B,chī,,người phụ nữ xấu xí,resolved,女,Bộ Nữ,record-radical,0,0,7,chars/5AB8.json
媺,C,měi,,đẹp,not-resolved,,,not-resolved,0,0,7,chars/5ABA.json
媻,C,pán,,di chuyển,not-resolved,,,not-resolved,0,0,7,chars/5ABB.json
媾,C,gòu,,kết hôn; giao phối,not-resolved,,,not-resolved,3,0,7,chars/5ABE.json
嫁,A,jià,Giá,kết hôn,resolved,女,Bộ Nữ,record-radical,6,8,5,chars/5AC1.json
嫂,B,sǎo,Dâu,(dạng kết hợp) vợ của anh trai; chị dâu,resolved,女,Bộ Nữ,record-radical,6,0,6,chars/5AC2.json
嫄,C,yuán,,tên của một hoàng hậu,not-resolved,,,not-resolved,0,0,7,chars/5AC4.json
嫈,C,yīng,,một cách chăm chú; một cách cẩn thận,not-resolved,,,not-resolved,0,0,7,chars/5AC8.json
嫉,C,jí,,ghen tuông; ghen tị với,not-resolved,,,not-resolved,4,3,6,chars/5AC9.json
嫌,A,xián,Hiềm,ghét,resolved,女,Bộ Nữ,record-radical,6,10,6,chars/5ACC.json
嫏,C,Láng,,dùng trong 嫏嬛[Lang2 huan2],not-resolved,,,not-resolved,0,0,7,chars/5ACF.json
嫐,C,nǎo,,trêu chọc; đùa giỡn,not-resolved,,,not-resolved,0,0,7,chars/5AD0.json
嫑,C,biáo,,(phương ngữ) đừng; không được,not-resolved,,,not-resolved,0,0,7,chars/5AD1.json
嫒,B,ài,,con gái của bạn (kính ngữ),resolved,女,Bộ Nữ,record-radical,0,0,7,chars/5AD2.json
嫔,B,pín,,phi tần,resolved,女,Bộ Nữ,record-radical,2,0,7,chars/5AD4.json
嫕,C,yì,,dễ bảo; nhún nhường,not-resolved,,,not-resolved,0,0,7,chars/5AD5.json
嫖,B,piáo,Phếu,đi mua dâm,resolved,女,Bộ Nữ,record-radical,5,0,7,chars/5AD6.json
嫘,B,Léi,,họ [Lei2],resolved,女,Bộ Nữ,record-radical,0,0,7,chars/5AD8.json
嫙,C,xuán,,đẹp; tinh tế,not-resolved,,,not-resolved,0,0,7,chars/5AD9.json
嫚,B,Màn,,họ [Man4],resolved,女,Bộ Nữ,record-radical,0,0,7,chars/5ADA.json
嫜,B,zhāng,,cha chồng,resolved,女,Bộ Nữ,record-radical,0,0,7,chars/5ADC.json
嫠,B,lí,,quả phụ,resolved,女,Bộ Nữ,record-radical,1,0,7,chars/5AE0.json
嫡,B,dí,Đích,"(hình thức kết hợp) của vợ cả, trái với thiếp (đối lập với 庶[shu4])",resolved,女,Bộ Nữ,record-radical,4,0,7,chars/5AE1.json
嫣,B,yān,,(văn học) xinh đẹp; ngọt ngào,resolved,女,Bộ Nữ,record-radical,4,0,7,chars/5AE3.json
嫦,A,cháng,Thường,dùng trong 嫦娥[Chang2e2]; dùng trong tên nữ,resolved,女,Bộ Nữ,record-radical,1,4,7,chars/5AE6.json
嫩,A,nèn,Non,mềm,resolved,女,Bộ Nữ,record-radical,6,8,5,chars/5AE9.json
嫪,B,Lào,,họ [Lao4],resolved,女,Bộ Nữ,record-radical,1,0,7,chars/5AEA.json
嫫,B,mó,,người phụ nữ xấu xí,resolved,女,Bộ Nữ,record-radical,0,0,7,chars/5AEB.json
嫬,C,zhē,,chữ cũ dùng trong tên nữ,not-resolved,,,not-resolved,0,0,7,chars/5AEC.json
嫭,C,hù,,đẹp; mỹ nhân,not-resolved,,,not-resolved,0,0,7,chars/5AED.json
嫮,C,hù,,biến thể cũ của 嫭[hu4],not-resolved,,,not-resolved,0,0,7,chars/5AEE.json
嫱,B,qiáng,,nữ quan trong cung đình,resolved,女,Bộ Nữ,record-radical,0,0,7,chars/5AF1.json
嫽,C,liáo,,tốt; thông minh,not-resolved,,,not-resolved,0,0,7,chars/5AFD.json
嬅,C,huá,,đẹp; dùng trong tên con gái,not-resolved,,,not-resolved,0,0,7,chars/5B05.json
嬉,A,xī,,sự tiêu khiển,resolved,女,Bộ Nữ,record-radical,6,4,7,chars/5B09.json
嬔,C,fù,,thỏ con,not-resolved,,,not-resolved,0,0,7,chars/5B14.json
嬖,B,bì,Bế,(đối xử như) yêu thích,resolved,女,Bộ Nữ,record-radical,0,0,7,chars/5B16.json
嬗,B,shàn,,(văn học) trải qua thay đổi liên tiếp; tiến hóa,resolved,女,Bộ Nữ,record-radical,1,0,7,chars/5B17.json
嬛,C,huán,,(dùng trong tên),not-resolved,,,not-resolved,0,0,7,chars/5B1B.json
嬢,C,niáng,,biến thể tiếng Nhật của 孃|娘[niang2],not-resolved,,,not-resolved,0,0,7,chars/5B22.json
嬦,C,chóu,,(cổ) dùng trong tên phụ nữ,not-resolved,,,not-resolved,0,0,7,chars/5B26.json
嬫,C,róng,,(dùng trong tên phụ nữ),not-resolved,,,not-resolved,0,0,7,chars/5B2B.json
嬬,C,xū,,"tình nhân, thiếp; yếu",not-resolved,,,not-resolved,0,0,7,chars/5B2C.json
嬲,C,niǎo,,trêu chọc; quấy rầy,not-resolved,,,not-resolved,0,0,7,chars/5B32.json
嬴,C,Yíng,,họ [Ying2],not-resolved,,,not-resolved,1,0,7,chars/5B34.json
嬷,B,mó,,từ địa phương hoặc lỗi thời tương đương với 媽|妈[ma1]; cách phát âm Đài Loan [ma1],resolved,女,Bộ Nữ,record-radical,1,0,7,chars/5B37.json
嬹,C,xìng,,biến thể cũ của 興|兴[xing4],not-resolved,,,not-resolved,0,0,7,chars/5B39.json
嬿,C,yàn,,đáng yêu,not-resolved,,,not-resolved,0,0,7,chars/5B3F.json
孀,B,shuāng,,quả phụ,resolved,女,Bộ Nữ,record-radical,4,0,7,chars/5B40.json
孄,C,lǎn,,biến thể cũ của 懶|懒[lan3],not-resolved,,,not-resolved,0,0,7,chars/5B44.json
孅,C,xiān,,xảo quyệt; mảnh mai,not-resolved,,,not-resolved,0,0,7,chars/5B45.json
孏,C,lǎn,,biến thể cũ của 懶|懒[lan3],not-resolved,,,not-resolved,0,0,7,chars/5B4F.json
子,A,zǐ,Tí,con trai; trẻ em,resolved,子,"Bộ Tử, Tý",self-radical,20,10,1,chars/5B50.json
孑,C,jié,,một mình,not-resolved,,,not-resolved,6,0,7,chars/5B51.json
孓,B,jué,,dùng trong 孑孓[jie2 jue2],resolved,子,"Bộ Tử, Tý",record-radical,1,0,7,chars/5B53.json
孔,C,kǒng,Khổng,lỗ,not-resolved,,,not-resolved,6,10,6,chars/5B54.json
孕,C,yùn,Dựng,mang thai,not-resolved,,,not-resolved,6,3,5,chars/5B55.json
孖,C,zī,,sinh đôi,not-resolved,,,not-resolved,0,0,7,chars/5B56.json
字,A,zì,Tự,chữ,resolved,宀,Bộ Miên,record-radical,20,10,1,chars/5B57.json
存,A,cún,Tồn,tiết kiệm,resolved,子,"Bộ Tử, Tý",record-radical,14,10,4,chars/5B58.json
孙,A,Sūn,Tôn,họ [Sun1],resolved,子,"Bộ Tử, Tý",record-radical,7,4,4,chars/5B59.json
孚,C,fú,,tin tưởng; tin vào,not-resolved,,,not-resolved,3,0,7,chars/5B5A.json
孛,C,bèi,Bụt,sao chổi,not-resolved,,,not-resolved,0,0,7,chars/5B5B.json
孜,B,zī,,dùng trong 孜孜[zi1zi1],resolved,攴,Bộ Phộc,record-radical,6,0,7,chars/5B5C.json
孝,C,xiào,Hiếu,"Hiếu thảo, hiếu kính",not-resolved,,,not-resolved,6,10,5,chars/5B5D.json
孟,C,Mèng,Mạnh,họ [Meng4],not-resolved,,,not-resolved,6,0,7,chars/5B5F.json
孢,B,bāo,,bào tử,resolved,子,"Bộ Tử, Tý",record-radical,1,0,7,chars/5B62.json
季,A,jì,Quí,quý,resolved,禾,Bộ Hòa,record-radical,11,10,3,chars/5B63.json
孤,A,gū,Cô,cô đơn; cô độc,resolved,子,"Bộ Tử, Tý",record-radical,7,10,6,chars/5B64.json
孥,B,nú,Nua,con; cháu,resolved,子,"Bộ Tử, Tý",record-radical,0,0,7,chars/5B65.json
学,C,xué,Học,học,not-resolved,,,not-resolved,20,10,1,chars/5B66.json
孨,C,zhuǎn,,"(tiếng lóng Internet) ba chữ 子 tượng trưng cho thành công trong cuộc sống: nhà, xe và vợ (房子[fang2 zi5], 車子|车子[che1 zi5] và 妻子[qi1 zi5]); (cổ) cẩn trọng",not-resolved,,,not-resolved,0,0,,chars/5B68.json
孩,A,hái,Hài,(hình thức kết hợp) trẻ con,resolved,子,"Bộ Tử, Tý",record-radical,10,10,2,chars/5B69.json
孪,C,luán,,song sinh,not-resolved,,,not-resolved,1,3,7,chars/5B6A.json
孬,C,nāo,,(tiếng địa phương) không tốt (viết tắt của 不[bu4] + 好[hao3]),not-resolved,,,not-resolved,1,0,7,chars/5B6C.json
孭,C,miē,,mang trên lưng hoặc vai (tiếng Quảng Đông),not-resolved,,,not-resolved,0,0,7,chars/5B6D.json
孰,C,shú,,ai; cái nào,not-resolved,,,not-resolved,0,0,7,chars/5B70.json
孱,C,càn,,dùng trong 孱頭|孱头[can4 tou5],not-resolved,,,not-resolved,1,2,7,chars/5B71.json
孳,B,zī,,chăm chỉ; sản xuất,resolved,子,"Bộ Tử, Tý",record-radical,1,0,7,chars/5B73.json
孵,C,fū,,sinh sản; ấp,not-resolved,,,not-resolved,6,3,7,chars/5B75.json
孶,C,zī,,biến thể cũ của 孳[zi1],not-resolved,,,not-resolved,0,0,7,chars/5B76.json
孺,B,Rú,Nhọ,họ [Ru2],resolved,子,"Bộ Tử, Tý",record-radical,2,0,7,chars/5B7A.json
孽,B,niè,Nghiệt,biến thể của 孽[nie4],resolved,子,"Bộ Tử, Tý",record-radical,6,0,7,chars/5B7D.json
宀,B,mián,,"Mái nhà, nơi ở, che phủ.",resolved,宀,Bộ Miên,self-radical,0,0,7,chars/5B80.json
宁,A,nìng,Trữ,biến thể cũ của 寧|宁[ning4],resolved,宀,Bộ Miên,record-radical,6,10,5,chars/5B81.json
它,C,tā,,nó,not-resolved,,,not-resolved,3,10,2,chars/5B83.json
宄,B,guǐ,,kẻ phản bội,resolved,宀,Bộ Miên,record-radical,1,0,7,chars/5B84.json
宅,A,zhái,,nơi cư trú; (thông tục) ở nhà,resolved,宀,Bộ Miên,record-radical,6,4,6,chars/5B85.json
宇,A,yǔ,Vũ,phòng; vũ trụ,resolved,宀,Bộ Miên,record-radical,6,10,6,chars/5B87.json
守,A,shǒu,Thú,giữ,resolved,宀,Bộ Miên,record-radical,12,10,5,chars/5B88.json
安,A,ān,An,bình an,resolved,宀,Bộ Miên,record-radical,20,10,3,chars/5B89.json
宊,C,jiā,,biến thể cũ của 家[jia1],not-resolved,,,not-resolved,0,0,7,chars/5B8A.json
宋,B,Sòng,Tống,họ [Song4]; nhà Tống (960-1279),resolved,宀,Bộ Miên,record-radical,6,0,7,chars/5B8B.json
完,A,wán,Hoàn,hoàn thành,resolved,宀,Bộ Miên,record-radical,11,10,2,chars/5B8C.json
宍,C,ròu,,biến thể cũ của 肉[rou4],not-resolved,,,not-resolved,0,0,7,chars/5B8D.json
宏,A,hóng,,lớn; vĩ đại,resolved,宀,Bộ Miên,record-radical,6,10,6,chars/5B8F.json
宓,B,Mì,,họ [Mi4],resolved,宀,Bộ Miên,record-radical,0,0,7,chars/5B93.json
宕,C,dàng,,phóng đãng; trì hoãn,not-resolved,,,not-resolved,6,0,7,chars/5B95.json
宗,A,Zōng,Tông,họ [Zong1],resolved,宀,Bộ Miên,record-radical,6,10,6,chars/5B97.json
官,A,guān,Quan,quan chức,resolved,宀,Bộ Miên,record-radical,15,10,5,chars/5B98.json
宙,A,zhòu,Trụ,vĩnh cửu; (địa chất) đại,resolved,宀,Bộ Miên,record-radical,6,9,6,chars/5B99.json
定,A,dìng,Định,quyết định,resolved,宀,Bộ Miên,record-radical,20,10,3,chars/5B9A.json
宛,B,Wǎn,Uyển,họ [Wan3],resolved,宀,Bộ Miên,record-radical,6,0,7,chars/5B9B.json
宜,C,Yí,Nghi,họ [Yi2],not-resolved,,,not-resolved,6,10,2,chars/5B9C.json
宝,A,bǎo,Bảo,kho báu,resolved,宀,Bộ Miên,record-radical,14,10,5,chars/5B9D.json
实,A,shí,Thực,thật; thực,resolved,宀,Bộ Miên,record-radical,20,10,3,chars/5B9E.json
実,C,shí,,biến thể tiếng Nhật của 實|实,not-resolved,,,not-resolved,0,0,7,chars/5B9F.json
宠,A,chǒng,Sủng,nuông chiều,resolved,宀,Bộ Miên,record-radical,6,10,5,chars/5BA0.json
审,A,shěn,Thẩm,"thẩm vấn, thử",resolved,宀,Bộ Miên,record-radical,11,10,6,chars/5BA1.json
客,A,kè,Khách,khách hàng; khách thăm,resolved,宀,Bộ Miên,record-radical,20,10,1,chars/5BA2.json
宣,A,Xuān,Tuyên,họ [Xuan1],resolved,宀,Bộ Miên,record-radical,9,10,5,chars/5BA3.json
室,A,shì,Thất,phòng,resolved,宀,Bộ Miên,record-radical,15,10,2,chars/5BA4.json
宥,B,yòu,,tha thứ; giúp đỡ,resolved,宀,Bộ Miên,record-radical,0,0,7,chars/5BA5.json
宦,C,Huàn,,họ [Huan4],not-resolved,,,not-resolved,6,0,7,chars/5BA6.json
宧,C,yí,,góc đông bắc của phòng,not-resolved,,,not-resolved,0,0,7,chars/5BA7.json
宨,C,tiǎo,,biến thể của 窕[tiao3],not-resolved,,,not-resolved,0,0,7,chars/5BA8.json
宩,C,shǐ,,biến thể cũ của 屎[shi3],not-resolved,,,not-resolved,0,0,7,chars/5BA9.json
宪,A,xiàn,Hiến,điều lệ; hiến pháp,resolved,宀,Bộ Miên,record-radical,6,5,6,chars/5BAA.json
宫,A,gōng,Cung,cung điện,resolved,宀,Bộ Miên,record-radical,8,10,6,chars/5BAB.json
宬,C,chéng,,(văn học) phòng lưu trữ; thư viện (đặc biệt trong hoàng cung thời Minh và Thanh),not-resolved,,,not-resolved,0,0,7,chars/5BAC.json
宰,C,zǎi,Tể,giết mổ,not-resolved,,,not-resolved,7,10,6,chars/5BB0.json
害,C,hài,Hại,gây hại cho; gây rắc rối cho,not-resolved,,,not-resolved,20,10,3,chars/5BB3.json
宴,C,yàn,Yến,(dạng kết hợp) tiệc; tịnh dưỡng,not-resolved,,,not-resolved,6,10,5,chars/5BB4.json
宵,A,xiāo,,đêm,resolved,宀,Bộ Miên,record-radical,6,10,6,chars/5BB5.json
家,A,jiā,Gia,"gia đình, nhà",resolved,宀,Bộ Miên,record-radical,20,10,1,chars/5BB6.json
宸,B,chén,,cung điện hoàng gia,resolved,宀,Bộ Miên,record-radical,0,0,7,chars/5BB8.json
容,A,Róng,Dung,họ [Rong2],resolved,宀,Bộ Miên,record-radical,20,10,3,chars/5BB9.json
宽,A,kuān,Khoan,rộng,resolved,宀,Bộ Miên,record-radical,11,10,5,chars/5BBD.json
宾,A,bīn,Tân,khách mời; khách,resolved,宀,Bộ Miên,record-radical,7,10,2,chars/5BBE.json
宿,C,xiǔ,Túc,Đêm; ở lại qua đêm,not-resolved,,,not-resolved,8,10,5,chars/5BBF.json
寀,C,cài,,lãnh địa phong kiến,not-resolved,,,not-resolved,0,0,7,chars/5BC0.json
寁,C,zǎn,,nhanh chóng,not-resolved,,,not-resolved,0,0,7,chars/5BC1.json
寂,A,jì,Tịch,im lặng; cô đơn,resolved,宀,Bộ Miên,record-radical,6,10,5,chars/5BC2.json
寄,A,jì,Gửi,gửi,resolved,宀,Bộ Miên,record-radical,6,10,4,chars/5BC4.json
寅,B,yín,Dần,"địa chi thứ 3: 3-5 giờ sáng, tháng đầu tiên theo lịch mặt trời (4 tháng Hai-5 tháng Ba), năm Dần; hướng la bàn cổ của Trung Quốc: 60°",resolved,矢,Bộ Thỉ,record-radical,6,0,7,chars/5BC5.json
密,A,mì,Mật,bí mật,resolved,山,Bộ Sơn,record-radical,18,10,4,chars/5BC6.json
寇,C,kòu,Khấu,biến thể cũ của 寇[kou4],not-resolved,,,not-resolved,6,0,7,chars/5BC7.json
寉,C,què,,,not-resolved,,,not-resolved,0,0,7,chars/5BC9.json
富,A,fù,Phú,giàu có,resolved,宀,Bộ Miên,record-radical,15,10,4,chars/5BCC.json
寎,C,bìng,,ác mộng; giật mình khi ngủ,not-resolved,,,not-resolved,0,0,7,chars/5BCE.json
寐,C,mèi,Mị,ngủ say,not-resolved,,,not-resolved,5,0,7,chars/5BD0.json
寒,C,hán,Hàn,lạnh; nghèo,not-resolved,,,not-resolved,7,10,4,chars/5BD2.json
寓,A,yù,Ngụ,cư trú; hàm ý,resolved,宀,Bộ Miên,record-radical,6,10,5,chars/5BD3.json
寔,C,shí,Thực,thực sự; vững chắc,not-resolved,,,not-resolved,0,0,7,chars/5BD4.json
寖,C,jìn,,biến thể cũ của 浸[jin4],not-resolved,,,not-resolved,0,0,7,chars/5BD6.json
寗,C,níng,,biến thể cũ của 甯|宁[ning2],not-resolved,,,not-resolved,0,0,7,chars/5BD7.json
寘,C,zhì,,để sang một bên; đặt xuống,not-resolved,,,not-resolved,0,0,7,chars/5BD8.json
寙,C,yǔ,,xấu; vô dụng,not-resolved,,,not-resolved,0,0,7,chars/5BD9.json
寛,C,kuān,,biến thể Nhật Bản của 寬|宽,not-resolved,,,not-resolved,0,0,7,chars/5BDB.json
寝,C,qǐn,,biến thể cũ của 寢|寝[qin3],not-resolved,,,not-resolved,6,8,6,chars/5BDD.json
寞,A,mò,Mịch,cô quạnh,resolved,宀,Bộ Miên,record-radical,3,5,5,chars/5BDE.json
察,A,Chá,Sát,tên gọi tắt của tỉnh Chahar 察哈爾|察哈尔[Cha2 ha1 er3],resolved,宀,Bộ Miên,record-radical,10,10,4,chars/5BDF.json
寡,C,guǎ,Quả,ít; không đủ,not-resolved,,,not-resolved,7,5,7,chars/5BE1.json
寤,B,wù,,tỉnh dậy từ giấc ngủ,resolved,宀,Bộ Miên,record-radical,1,0,7,chars/5BE4.json
寥,A,liáo,,trống vắng; cô quạnh,resolved,宀,Bộ Miên,record-radical,6,4,7,chars/5BE5.json
寨,C,zhài,Trại,pháo đài; trại doanh,not-resolved,,,not-resolved,6,4,7,chars/5BE8.json
寪,C,Wěi,,họ [Wei3],not-resolved,,,not-resolved,0,0,7,chars/5BEA.json
寮,B,Liáo,,Lào,resolved,宀,Bộ Miên,record-radical,5,0,7,chars/5BEE.json
寰,B,huán,,vùng lớn; khu vực rộng lớn,resolved,宀,Bộ Miên,record-radical,3,0,7,chars/5BF0.json
寸,A,cùn,Thốn,một đơn vị đo chiều dài; inch,resolved,寸,Bộ Thốn,self-radical,7,10,6,chars/5BF8.json
对,A,duì,Đối,đối với,resolved,又,Bộ Hựu,record-radical,20,10,2,chars/5BF9.json
寺,A,sì,,đền,resolved,寸,Bộ Thốn,record-radical,6,10,6,chars/5BFA.json
寻,C,xún,Tầm,tìm kiếm,not-resolved,,,not-resolved,9,10,5,chars/5BFB.json
导,A,dǎo,Đạo,truyền; dẫn,resolved,寸,Bộ Thốn,record-radical,18,10,4,chars/5BFC.json
寽,C,lǜ,,,not-resolved,,,not-resolved,0,0,,chars/5BFD.json
対,C,duì,,biến thể tiếng Nhật của 對|对[dui4],not-resolved,,,not-resolved,0,0,7,chars/5BFE.json
寿,C,Shòu,Thọ,họ [Shou4],not-resolved,,,not-resolved,6,10,5,chars/5BFF.json
封,A,fēng,Phong,phong thư,resolved,寸,Bộ Thốn,record-radical,7,10,4,chars/5C01.json
専,C,zhuān,,biến thể tiếng Nhật của 專|专,not-resolved,,,not-resolved,0,0,7,chars/5C02.json
尃,B,fū,,"tuyên bố, thông báo",resolved,寸,Bộ Thốn,record-radical,0,0,7,chars/5C03.json
射,C,shè,Xạ,bắn,not-resolved,,,not-resolved,10,10,5,chars/5C04.json
将,C,jiāng,Tướng,sẽ,not-resolved,,,not-resolved,7,10,4,chars/5C06.json
尉,C,Wèi,,họ [Wei4],not-resolved,,,not-resolved,6,0,7,chars/5C09.json
尊,C,zūn,Tôn,bề trên; thuộc thế hệ trước,not-resolved,,,not-resolved,6,10,4,chars/5C0A.json
尌,B,shù,,đứng lên; dựng (cái gì) lên,resolved,屮,Bộ Triệt,record-radical,0,0,7,chars/5C0C.json
小,A,xiǎo,Tiểu,nhỏ,resolved,小,Bộ Tiểu,self-radical,20,10,1,chars/5C0F.json
尐,C,jié,,(văn học) ít; một vài,not-resolved,,,not-resolved,0,0,7,chars/5C10.json
少,C,shǎo,Thiểu,ít,not-resolved,,,not-resolved,20,10,1,chars/5C11.json
尓,C,ěr,,biến thể của 爾|尔[er3],not-resolved,,,not-resolved,0,0,7,chars/5C13.json
尔,C,ěr,Nể,biến thể của 爾|尔[er3],not-resolved,,,not-resolved,8,10,4,chars/5C14.json
尕,B,gǎ,,nhỏ (phương ngữ),resolved,小,Bộ Tiểu,record-radical,0,0,7,chars/5C15.json
尖,C,jiān,Tiêm,"sắc, nhọn",not-resolved,,,not-resolved,7,10,6,chars/5C16.json
尗,C,shū,,biến thể cổ của 菽[shu1]; biến thể cổ của 叔[shu1],not-resolved,,,not-resolved,0,0,7,chars/5C17.json
尘,C,chén,Trần,bụi; bụi bẩn,not-resolved,,,not-resolved,6,9,5,chars/5C18.json
尙,C,shàng,Thượng,"biến thể của 尚, vẫn; còn",not-resolved,,,not-resolved,0,0,7,chars/5C19.json
尚,A,shàng,Chuộng,vẫn,resolved,冂,Bộ Quynh,record-radical,7,10,5,chars/5C1A.json
尜,C,gá,,đồ chơi có dạng con quay với hai đầu nhọn,not-resolved,,,not-resolved,0,0,7,chars/5C1C.json
尝,C,cháng,,thử,not-resolved,,,not-resolved,6,10,4,chars/5C1D.json
尞,C,liáo,,,resolved,日,Bộ Nhật,record-radical,0,0,7,chars/5C1E.json
尢,B,yóu,,"Què ( hình người đứng chân phải què, không thẳng) còn gọi là bộ vưu",resolved,尢,Bộ Uông,self-radical,0,0,7,chars/5C22.json
尣,C,wāng,,,not-resolved,,,not-resolved,0,0,,chars/5C23.json
尤,C,Yóu,,họ [You2],not-resolved,,,not-resolved,6,8,4,chars/5C24.json
尥,C,liào,,đá về phía sau (ví dụ: ngựa),not-resolved,,,not-resolved,1,0,7,chars/5C25.json
尧,B,Yáo,Nghiêu,"họ [Yao2]; Diêu hoặc Đường Nghiêu (khoảng 2200 TCN), một trong Ngũ Đế huyền thoại 五帝[Wu3 Di4], con trai thứ hai của Đế Khốc 帝嚳|帝喾[Di4 Ku4]",resolved,土,Bộ Thổ,record-radical,6,0,7,chars/5C27.json
尨,C,Páng,,họ [Pang2],not-resolved,,,not-resolved,0,0,7,chars/5C28.json
尩,C,wāng,,biến thể của 尪[wang1],not-resolved,,,not-resolved,0,0,7,chars/5C29.json
尪,C,wāng,,yếu ớt; què,not-resolved,,,not-resolved,0,0,7,chars/5C2A.json
尬,A,gà,,ngượng ngùng; lúng túng,resolved,尢,Bộ Uông,record-radical,1,5,6,chars/5C2C.json
尭,C,yáo,,biến thể tiếng Nhật của 堯|尧[yao2],not-resolved,,,not-resolved,0,0,7,chars/5C2D.json
尰,C,zhǒng,,sưng,not-resolved,,,not-resolved,0,0,7,chars/5C30.json
就,C,jiù,,ngay lập tức,not-resolved,,,not-resolved,20,10,2,chars/5C31.json
尲,C,gān,,biến thể của 尷|尴[gan1],not-resolved,,,not-resolved,0,0,7,chars/5C32.json
尴,A,gān,,dùng trong 尷尬|尴尬[gan1 ga4],resolved,尢,Bộ Uông,record-radical,1,5,6,chars/5C34.json
尶,C,gān,,biến thể cũ của 尷|尴[gan1],not-resolved,,,not-resolved,0,0,7,chars/5C36.json
尸,A,shī,Thây,người đại diện cho người chết (trong lễ an táng); phơi xác (sau khi hành quyết),resolved,尸,Bộ Thi,self-radical,6,5,6,chars/5C38.json
尹,B,Yǐn,Doãn,họ [Yin3],resolved,又,Bộ Hựu,record-radical,2,0,7,chars/5C39.json
尺,C,chǐ,Xích,"thước đo (đơn vị độ dài = 0,33 m)",not-resolved,,,not-resolved,7,10,5,chars/5C3A.json
尻,B,kāo,,(văn học) mông; mông đít,resolved,尸,Bộ Thi,record-radical,0,0,7,chars/5C3B.json
尼,A,ní,Ni,ni cô (nữ tu Phật giáo); (thường dùng trong phiên âm),resolved,尸,Bộ Thi,record-radical,8,10,7,chars/5C3C.json
尽,A,jìn,Tận,đến mức,resolved,又,Bộ Hựu,record-radical,16,10,4,chars/5C3D.json
尾,C,wěi,Vĩ,đuôi; phần còn lại,not-resolved,,,not-resolved,10,10,5,chars/5C3E.json
尿,C,niào,,nước tiểu,not-resolved,,,not-resolved,6,6,7,chars/5C3F.json
局,A,jú,Cục,cục,resolved,口,Bộ Khẩu,record-radical,17,10,4,chars/5C40.json
屁,A,pì,,đánh rắm; đầy hơi,resolved,尸,Bộ Thi,record-radical,6,1,6,chars/5C41.json
层,A,céng,Tầng,tầng,resolved,尸,Bộ Thi,record-radical,8,10,3,chars/5C42.json
屃,C,xì,,biến thể của 屭|屃[xi4],not-resolved,,,not-resolved,0,0,7,chars/5C43.json
屄,C,bī,,lồn (thô tục),not-resolved,,,not-resolved,0,0,7,chars/5C44.json
居,C,Jū,Cư,họ [Ju1],not-resolved,,,not-resolved,11,10,3,chars/5C45.json
屇,C,tián,,hang; lỗ,not-resolved,,,not-resolved,0,0,7,chars/5C47.json
屈,A,Qū,Khuất,họ [Qu1],resolved,尸,Bộ Thi,record-radical,6,10,5,chars/5C48.json
屉,C,tì,,ngăn kéo; tầng,not-resolved,,,not-resolved,3,5,5,chars/5C49.json
届,C,jiè,,"phiên, kỳ",not-resolved,,,not-resolved,6,10,5,chars/5C4A.json
屋,A,wū,Ốc,(hình thức kết hợp) nhà; (hình thức kết hợp) phòng,resolved,尸,Bộ Thi,record-radical,7,10,5,chars/5C4B.json
屌,C,diǎo,,dương vật; (tiếng lóng) ngầu hoặc xuất chúng,not-resolved,,,not-resolved,0,0,7,chars/5C4C.json
屎,C,shǐ,,"phân, cứt",not-resolved,,,not-resolved,6,2,7,chars/5C4E.json
屏,C,bīng,Bình,xem 屏營|屏营[bing1 ying2],not-resolved,,,not-resolved,7,10,6,chars/5C4F.json
屐,B,jī,,guốc mộc,resolved,彳,Bộ Xích,record-radical,1,0,7,chars/5C50.json
屑,A,xiè,,mảnh vụn,resolved,尸,Bộ Thi,record-radical,6,5,6,chars/5C51.json
展,A,Zhǎn,Triển,họ [Zhan3],resolved,尸,Bộ Thi,record-radical,18,10,4,chars/5C55.json
屖,C,xī,,"biến thể của 犀, tê giác; sắc bén",not-resolved,,,not-resolved,0,0,7,chars/5C56.json
屘,C,mǎn,,trẻ nhất,not-resolved,,,not-resolved,0,0,7,chars/5C58.json
屙,B,ē,,(phương ngữ) bài tiết (nước tiểu hoặc phân),resolved,尸,Bộ Thi,record-radical,0,0,7,chars/5C59.json
屛,C,píng,,biến thể của 屏[ping2],not-resolved,,,not-resolved,0,0,7,chars/5C5B.json
屝,C,fèi,,thô; tông,not-resolved,,,not-resolved,0,0,7,chars/5C5D.json
属,C,shǔ,Thuộc,sinh vào năm,not-resolved,,,not-resolved,8,10,5,chars/5C5E.json
屠,A,Tú,Đồ,họ [Tu2],resolved,尸,Bộ Thi,record-radical,7,5,7,chars/5C60.json
屡,A,lǚ,Lũ,nhiều lần,resolved,尸,Bộ Thi,record-radical,6,3,6,chars/5C61.json
屣,C,xǐ,,dép lê,not-resolved,,,not-resolved,2,0,7,chars/5C63.json
履,C,lǚ,,giày; giẫm lên,not-resolved,,,not-resolved,7,9,6,chars/5C65.json
屦,B,jù,,dép sandals,resolved,彳,Bộ Xích,record-radical,0,0,7,chars/5C66.json
屧,C,xiè,,giày gỗ,not-resolved,,,not-resolved,0,0,7,chars/5C67.json
屩,C,juē,,(cổ) dép làm bằng sợi gai; lối đọc ở Đài Loan: [jue2],not-resolved,,,not-resolved,0,0,7,chars/5C69.json
屪,C,liáo,,dương vật,not-resolved,,,not-resolved,0,0,7,chars/5C6A.json
屫,C,juē,,biến thể cũ của 屩[jue1],not-resolved,,,not-resolved,0,0,7,chars/5C6B.json
屮,B,chè,,"Cây cỏ mới mọc ( hình cây cỏ mới đâm trồi, có hai lá và rễ), tức là chữ ""thảo"" 艸 cổ",resolved,屮,Bộ Triệt,self-radical,0,0,7,chars/5C6E.json
屯,C,tún,Truân,tích trữ,not-resolved,,,not-resolved,6,0,7,chars/5C6F.json
屰,C,nì,,,not-resolved,,,not-resolved,0,0,7,chars/5C70.json
山,A,shān,Sơn,núi,resolved,山,Bộ Sơn,self-radical,20,10,3,chars/5C71.json
屴,C,lì,,dãy núi cao,not-resolved,,,not-resolved,0,0,7,chars/5C74.json
屹,A,yì,Ngật,cao và dốc,resolved,山,Bộ Sơn,record-radical,2,1,7,chars/5C79.json
屺,B,qǐ,,(văn học) ngọn đồi cằn cỗi,resolved,山,Bộ Sơn,record-radical,0,0,7,chars/5C7A.json
屼,C,wù,,đồi trọc,not-resolved,,,not-resolved,0,0,7,chars/5C7C.json
屾,C,shēn,,(văn học) hai ngọn núi đứng cạnh nhau,not-resolved,,,not-resolved,0,0,,chars/5C7E.json
屿,A,yǔ,,đảo nhỏ,resolved,山,Bộ Sơn,record-radical,6,6,5,chars/5C7F.json
岀,C,chū,,biến thể cũ của 出[chu1],not-resolved,,,not-resolved,0,0,7,chars/5C80.json
岁,A,suì,,tuổi,resolved,山,Bộ Sơn,record-radical,7,10,1,chars/5C81.json
岂,A,kǎi,,biến thể cũ của 愷|恺[kai3]; biến thể cũ của 凱|凯[kai3],resolved,山,Bộ Sơn,record-radical,5,4,6,chars/5C82.json
岈,B,yá,,xem 嵖岈山[Cha2 ya2 Shan1],resolved,山,Bộ Sơn,record-radical,0,0,,chars/5C88.json
岊,C,jié,,đỉnh núi,not-resolved,,,not-resolved,0,0,7,chars/5C8A.json
岌,B,jí,Ngập,đỉnh cao; nguy hiểm,resolved,山,Bộ Sơn,record-radical,1,0,7,chars/5C8C.json
岍,B,qiān,,tên một ngọn núi,resolved,山,Bộ Sơn,record-radical,0,0,7,chars/5C8D.json
岐,B,Qí,,họ [Qi2]; cũng dùng trong địa danh,resolved,山,Bộ Sơn,record-radical,5,0,7,chars/5C90.json
岑,B,Cén,Sầm,họ [Cen2],resolved,山,Bộ Sơn,record-radical,5,0,7,chars/5C91.json
岒,C,qián,,chữ dùng trong địa danh,not-resolved,,,not-resolved,0,0,7,chars/5C92.json
岔,C,chà,,ngã rẽ; phân nhánh,not-resolved,,,not-resolved,6,4,6,chars/5C94.json
岖,A,qū,,gồ ghề,resolved,山,Bộ Sơn,record-radical,1,1,7,chars/5C96.json
岗,A,gǎng,,biến thể của 岡|冈 [gang1],resolved,山,Bộ Sơn,record-radical,6,10,6,chars/5C97.json
岘,C,xiàn,,viết tắt của 峴首山|岘首山[Xian4 shou3 shan1]; núi Xianshou ở Hồ Bắc,not-resolved,,,not-resolved,1,0,7,chars/5C98.json
岙,B,ào,,"vùng đất trũng giữa núi; non dùng trong địa danh, đặc biệt ở 浙江[Zhe4 jiang1] và 福建[Fu2 jian4]",resolved,山,Bộ Sơn,record-radical,0,0,7,chars/5C99.json
岚,C,lán,,(hình thức kết hợp) sương núi,not-resolved,,,not-resolved,6,0,7,chars/5C9A.json
岛,A,dǎo,,đảo,resolved,山,Bộ Sơn,record-radical,8,10,5,chars/5C9B.json
岜,B,bā,,đồi đá; núi đá,resolved,山,Bộ Sơn,record-radical,0,0,,chars/5C9C.json
岝,C,Zuò,,tên một ngọn núi ở Sơn Đông,not-resolved,,,not-resolved,0,0,7,chars/5C9D.json
岢,B,kě,,dùng trong 岢嵐|岢岚[Ke3 lan2],resolved,山,Bộ Sơn,record-radical,2,0,7,chars/5CA2.json
岣,B,gǒu,,tên một ngọn đồi ở Hồ Nam,resolved,山,Bộ Sơn,record-radical,0,0,7,chars/5CA3.json
岧,C,tiáo,Đèo,đỉnh núi cao,not-resolved,,,not-resolved,0,0,7,chars/5CA7.json
岨,C,qū,,đồi đá,not-resolved,,,not-resolved,0,0,7,chars/5CA8.json
岩,C,yán,Nham,vách đá; đá,not-resolved,,,not-resolved,8,5,6,chars/5CA9.json
岫,B,xiù,,hang; đỉnh núi,resolved,山,Bộ Sơn,record-radical,2,0,7,chars/5CAB.json
岬,B,jiǎ,,mũi đất (địa lý); mũi biển,resolved,山,Bộ Sơn,record-radical,1,0,7,chars/5CAC.json
岭,A,lǐng,,chỉ dùng trong 岭巆|岭𫶕[ling2 ying2],resolved,山,Bộ Sơn,record-radical,6,5,7,chars/5CAD.json
岱,B,Dài,Đồi,Núi Thái ở Sơn Đông; giống như 泰山,resolved,山,Bộ Sơn,record-radical,6,0,7,chars/5CB1.json
岳,C,Yuè,,họ [Yue4],not-resolved,,,not-resolved,6,1,6,chars/5CB3.json
岵,B,hù,Hô,(văn học) núi phủ đầy thực vật,resolved,山,Bộ Sơn,record-radical,0,0,7,chars/5CB5.json
岷,B,mín,,tên một con sông ở Tứ Xuyên,resolved,山,Bộ Sơn,record-radical,2,0,7,chars/5CB7.json
岸,A,àn,Ngàn,bờ,resolved,山,Bộ Sơn,record-radical,7,10,5,chars/5CB8.json
岹,C,tiáo,,biến thể của 岧[tiao2],not-resolved,,,not-resolved,0,0,7,chars/5CB9.json
岽,B,Dōng,,tên địa danh ở tỉnh Quảng Tây,resolved,山,Bộ Sơn,record-radical,0,0,7,chars/5CBD.json
岿,B,kuī,,cao lớn uy nghi (của núi); đồi núi,resolved,山,Bộ Sơn,record-radical,0,0,7,chars/5CBF.json
峀,C,xiù,,biến thể cũ của 岫[xiu4],not-resolved,,,not-resolved,0,0,7,chars/5CC0.json
峁,B,mǎo,,gò đất vàng tròn (ở Tây Bắc Trung Quốc),resolved,山,Bộ Sơn,record-radical,0,0,7,chars/5CC1.json
峂,C,tóng,,(dùng trong địa danh),not-resolved,,,not-resolved,0,0,7,chars/5CC2.json
峃,C,xué,,núi đá lớn,not-resolved,,,not-resolved,0,0,7,chars/5CC3.json
峄,B,yì,,tên ngọn đồi ở Sơn Đông,resolved,山,Bộ Sơn,record-radical,1,0,7,chars/5CC4.json
峇,B,bā,,(dùng trong phiên âm),resolved,山,Bộ Sơn,record-radical,0,0,7,chars/5CC7.json
峋,B,xún,,những dãy đồi núi,resolved,山,Bộ Sơn,record-radical,2,0,7,chars/5CCB.json
峒,B,dòng,,hang; động,resolved,山,Bộ Sơn,record-radical,3,0,7,chars/5CD2.json
峓,C,yí,,tên địa danh,not-resolved,,,not-resolved,0,0,7,chars/5CD3.json
峙,A,zhì,,dùng trong 繁峙[Fan2 shi4],resolved,山,Bộ Sơn,record-radical,3,4,7,chars/5CD9.json
峚,C,mì,,dùng trong 峚山[Mi4 Shan1],not-resolved,,,not-resolved,0,0,7,chars/5CDA.json
峞,C,wéi,,cao và gồ ghề,not-resolved,,,not-resolved,0,0,7,chars/5CDE.json
峠,C,xx,,(Japanese kokuji) đèo núi; (ví von) điểm khủng hoảng,not-resolved,,,not-resolved,0,0,7,chars/5CE0.json
峡,C,xiá,Giáp,hẻm núi,not-resolved,,,not-resolved,6,8,6,chars/5CE1.json
峣,C,yáo,Nghèo,cao; dốc,not-resolved,,,not-resolved,0,0,7,chars/5CE3.json
峤,C,jiào,,đỉnh cao nhất,not-resolved,,,not-resolved,0,0,7,chars/5CE4.json
峥,B,zhēng,,xuất sắc; cao vút,resolved,山,Bộ Sơn,record-radical,3,0,7,chars/5CE5.json
峦,A,luán,,dãy núi,resolved,山,Bộ Sơn,record-radical,6,2,7,chars/5CE6.json
峨,B,é,,cao ngất; tên một ngọn núi,resolved,山,Bộ Sơn,record-radical,6,0,7,chars/5CE8.json
峪,C,yù,,thung lũng,not-resolved,,,not-resolved,4,0,7,chars/5CEA.json
峭,A,qiào,,cao và dốc; cheo leo,resolved,山,Bộ Sơn,record-radical,6,9,6,chars/5CED.json
峰,A,fēng,,biến thể cũ của 峰[feng1],resolved,山,Bộ Sơn,record-radical,7,10,6,chars/5CF0.json
峱,C,náo,,tên một ngọn núi,not-resolved,,,not-resolved,0,0,7,chars/5CF1.json
峹,C,tú,,tên một ngọn núi,not-resolved,,,not-resolved,0,0,7,chars/5CF9.json
峻,A,jùn,,(núi) cao; khắc nghiệt hoặc nghiêm khắc,resolved,山,Bộ Sơn,record-radical,6,2,6,chars/5CFB.json
峿,C,wú,,tên một ngọn núi,not-resolved,,,not-resolved,0,0,7,chars/5CFF.json
崀,C,làng,,dùng trong địa danh,not-resolved,,,not-resolved,0,0,7,chars/5D00.json
崁,C,kàn,,xem 赤崁樓|赤崁楼[Chi4 kan3 lou2],not-resolved,,,not-resolved,0,0,7,chars/5D01.json
崂,B,láo,Lao,tên một ngọn núi ở Sơn Đông,resolved,山,Bộ Sơn,record-radical,2,0,7,chars/5D02.json
崃,B,lái,,tên một ngọn núi ở Tứ Xuyên,resolved,山,Bộ Sơn,record-radical,4,0,7,chars/5D03.json
崄,C,xiǎn,,dựng đứng; hiểm trở,not-resolved,,,not-resolved,0,0,7,chars/5D04.json
崆,B,kōng,,tên một ngọn núi,resolved,山,Bộ Sơn,record-radical,2,0,7,chars/5D06.json
崇,A,Chóng,Sùng,họ [Chong2],resolved,山,Bộ Sơn,record-radical,6,10,6,chars/5D07.json
崋,C,huá,,hoa lệ; lừng lẫy,not-resolved,,,not-resolved,0,0,7,chars/5D0B.json
崌,C,jū,,tên núi,not-resolved,,,not-resolved,0,0,7,chars/5D0C.json
崎,A,qí,,núi non,resolved,山,Bộ Sơn,record-radical,6,1,7,chars/5D0E.json
崏,C,mín,,biến thể cũ của 岷[min2],not-resolved,,,not-resolved,0,0,7,chars/5D0F.json
崒,B,cuì,Chót,tập hợp lại; gom lại,resolved,山,Bộ Sơn,record-radical,0,0,7,chars/5D12.json
崓,C,gù,,biến thể của 崮[gu4],not-resolved,,,not-resolved,0,0,7,chars/5D13.json
崔,C,Cuī,Thôi,họ [Cui1],not-resolved,,,not-resolved,6,0,7,chars/5D14.json
崖,C,yá,Day,vách đá; vách núi,not-resolved,,,not-resolved,6,10,6,chars/5D16.json
崚,C,léng,,sừng sững (như núi),not-resolved,,,not-resolved,0,0,7,chars/5D1A.json
崛,A,jué,,cao chót vót như đỉnh núi,resolved,山,Bộ Sơn,record-radical,2,6,7,chars/5D1B.json
崞,B,guō,,tên một ngọn núi,resolved,山,Bộ Sơn,record-radical,0,0,7,chars/5D1E.json
崟,C,yín,,núi cao; gồ ghề,not-resolved,,,not-resolved,0,0,7,chars/5D1F.json
崠,C,Dōng,,tên một ngọn núi,not-resolved,,,not-resolved,0,0,7,chars/5D20.json
崤,B,Xiáo,,tên một ngọn núi ở Hà Nam; cũng đọc là [Yao2],resolved,山,Bộ Sơn,record-radical,0,0,7,chars/5D24.json
崦,B,yān,,tên một ngọn núi ở Cam Túc,resolved,山,Bộ Sơn,record-radical,1,0,7,chars/5D26.json
崧,B,sōng,,biến thể của 嵩[song1],resolved,山,Bộ Sơn,record-radical,0,0,7,chars/5D27.json
崩,A,bēng,,sụp đổ; rơi vào đống đổ nát,resolved,山,Bộ Sơn,record-radical,6,9,6,chars/5D29.json
崭,A,chán,,biến thể của 嶄|崭[chan2],resolved,山,Bộ Sơn,record-radical,4,3,6,chars/5D2D.json
崮,B,gù,,núi đỉnh bằng dốc đứng; (thành tố trong tên núi),resolved,山,Bộ Sơn,record-radical,1,0,7,chars/5D2E.json
崯,C,yín,,biến thể của 崟[yin2],not-resolved,,,not-resolved,0,0,7,chars/5D2F.json
崱,C,zé,,cao vút,not-resolved,,,not-resolved,0,0,7,chars/5D31.json
崳,C,yú,,huyện ở tỉnh Sơn Đông,not-resolved,,,not-resolved,0,0,7,chars/5D33.json
崴,B,wǎi,,bong gân (mắt cá chân); xem 崴子[wai3 zi5],resolved,山,Bộ Sơn,record-radical,1,0,7,chars/5D34.json
崶,C,fēng,,tên một ngọn đồi huyền thoại,not-resolved,,,not-resolved,0,0,7,chars/5D36.json
崽,C,zǎi,,đứa trẻ; động vật non,not-resolved,,,not-resolved,4,0,7,chars/5D3D.json
崾,B,yǎo,,(tên một ngọn núi),resolved,山,Bộ Sơn,record-radical,0,0,,chars/5D3E.json
崿,C,è,,vách đá; vực thẳm,not-resolved,,,not-resolved,0,0,7,chars/5D3F.json
嵂,C,lǜ,,nhô lên dựng đứng; vươn cao,not-resolved,,,not-resolved,0,0,7,chars/5D42.json
嵄,C,měi,,núi; đồi,not-resolved,,,not-resolved,0,0,7,chars/5D44.json
嵇,B,Jī,,họ [Ji1]; tên một ngọn núi,resolved,山,Bộ Sơn,record-radical,0,0,7,chars/5D47.json
嵊,B,Shèng,,tên một quận ở Chiết Giang,resolved,山,Bộ Sơn,record-radical,5,0,7,chars/5D4A.json
嵋,B,méi,Mi,dùng trong 峨嵋山[E2 mei2 Shan1],resolved,山,Bộ Sơn,record-radical,0,0,7,chars/5D4B.json
嵌,A,kǎn,,xem 赤嵌樓|赤嵌楼[Chi4 kan3 lou2],resolved,山,Bộ Sơn,record-radical,3,4,6,chars/5D4C.json
嵎,C,yú,Giủng,dãy núi,not-resolved,,,not-resolved,0,0,7,chars/5D4E.json
嵓,C,yán,,biến thể của 岩[yan2]; biến thể của 嚴|严[yan2],not-resolved,,,not-resolved,0,0,7,chars/5D53.json
嵘,B,róng,,cao ngất,resolved,山,Bộ Sơn,record-radical,3,0,7,chars/5D58.json
嵙,C,kē,,tên địa danh,not-resolved,,,not-resolved,0,0,7,chars/5D59.json
嵚,C,qīn,,sự cao ngất (của núi),not-resolved,,,not-resolved,0,0,7,chars/5D5A.json
嵛,B,yú,,tên địa danh ở Sơn Đông,resolved,山,Bộ Sơn,record-radical,0,0,7,chars/5D5B.json
嵝,B,lǒu,,đỉnh núi,resolved,山,Bộ Sơn,record-radical,0,0,7,chars/5D5D.json
嵞,C,Tú,,núi Tu ở Chiết Giang; cũng viết 涂,not-resolved,,,not-resolved,0,0,7,chars/5D5E.json
嵡,C,wěng,,có dáng vẻ núi non,not-resolved,,,not-resolved,0,0,7,chars/5D61.json
嵩,C,sōng,Tung,cao ngất; Núi Song ở Hà Nam,not-resolved,,,not-resolved,6,0,7,chars/5D69.json
嵫,B,zī,,xem 崦嵫[Yan1 zi1],resolved,山,Bộ Sơn,record-radical,1,0,7,chars/5D6B.json
嵬,B,wéi,Ngôi,đầy đá,resolved,山,Bộ Sơn,record-radical,1,0,7,chars/5D6C.json
嵯,B,cuó,,cao ngất (như núi),resolved,山,Bộ Sơn,record-radical,0,0,7,chars/5D6F.json
嵴,C,jí,,sống núi; đỉnh,not-resolved,,,not-resolved,0,0,7,chars/5D74.json
嶂,B,zhàng,,vách đá; dãy núi,resolved,山,Bộ Sơn,record-radical,2,0,7,chars/5D82.json
嶋,C,dǎo,,"biến thể của 島|岛[dao3], đảo; dùng làm thành tố thứ hai của tên Nhật Bản với âm đọc -shima hoặc -jima",not-resolved,,,not-resolved,0,0,7,chars/5D8B.json
嶌,C,dǎo,,"biến thể của 島|岛[dao3], đảo; dùng trong tên Nhật Bản với cách đọc -shima hoặc -jima",not-resolved,,,not-resolved,0,0,7,chars/5D8C.json
嶒,C,céng,,cao ngất; dựng đứng,not-resolved,,,not-resolved,0,0,7,chars/5D92.json
嶓,C,bō,,tên một ngọn núi,not-resolved,,,not-resolved,0,0,7,chars/5D93.json
嶖,C,yān,,biến thể cũ của 崦[yan1],not-resolved,,,not-resolved,0,0,7,chars/5D96.json
嶙,B,lín,,những dãy đồi núi,resolved,山,Bộ Sơn,record-radical,2,0,7,chars/5D99.json
嶝,C,dèng,,đường mòn lên núi,not-resolved,,,not-resolved,0,0,7,chars/5D9D.json
嶞,C,duò,,đỉnh núi,not-resolved,,,not-resolved,0,0,7,chars/5D9E.json
嶡,B,guì,,dựng đứng; hiểm trở,resolved,山,Bộ Sơn,record-radical,0,0,7,chars/5DA1.json
嶪,B,yè,,xem 岌嶪[ji2 ye4],resolved,山,Bộ Sơn,record-radical,0,0,7,chars/5DAA.json
嶫,C,yè,,biến thể của 嶪[ye4],not-resolved,,,not-resolved,0,0,7,chars/5DAB.json
嶭,C,è,,cao; ngút trời,not-resolved,,,not-resolved,0,0,7,chars/5DAD.json
嶰,C,xiè,,thung lũng núi,not-resolved,,,not-resolved,0,0,7,chars/5DB0.json
嶲,C,xī,,biến thể cũ của 巂[xi1],not-resolved,,,not-resolved,0,0,7,chars/5DB2.json
嶷,B,yí,,tên một ngọn núi ở Hồ Nam,resolved,山,Bộ Sơn,record-radical,1,0,7,chars/5DB7.json
巂,C,guī,,chim cu; lượng quay của bánh xe,not-resolved,,,not-resolved,0,0,7,chars/5DC2.json
巃,C,lóng,,dốc; cheo leo (của núi),not-resolved,,,not-resolved,0,0,7,chars/5DC3.json
巅,C,diān,,"đỉnh, chóp (núi)",not-resolved,,,not-resolved,2,8,7,chars/5DC5.json
巆,C,hōng,,,resolved,山,Bộ Sơn,record-radical,0,0,7,chars/5DC6.json
巇,C,xī,,hẻm núi; khe sâu,not-resolved,,,not-resolved,0,0,7,chars/5DC7.json
巉,C,chán,,(văn học) dốc đứng; hiểm trở,not-resolved,,,not-resolved,0,0,7,chars/5DC9.json
巌,C,yán,,biến thể tiếng Nhật của 巖|岩[yan2],not-resolved,,,not-resolved,0,0,7,chars/5DCC.json
巍,B,wēi,Nguy,cao lớn; sừng sững,resolved,山,Bộ Sơn,record-radical,6,0,7,chars/5DCD.json
巓,C,diān,,giống như 巔|巅[dian1]; đỉnh,not-resolved,,,not-resolved,0,0,7,chars/5DD3.json
巚,C,yǎn,,biến thể của 巘|𪩘[yan3],not-resolved,,,not-resolved,0,0,7,chars/5DDA.json
巛,B,chuān,,"Dòng nước, nước ở trong núi dũa đất chảy ra gọi là ""xuyên"", bây giờ đều gọi ""xuyên"" là sông cả",resolved,巛,Bộ Xuyên,self-radical,0,0,7,chars/5DDB.json
巜,C,kuài,,biến thể cũ của 澮|浍[kuai4],not-resolved,,,not-resolved,0,0,7,chars/5DDC.json
川,C,Chuān,Xuyên,viết tắt của tỉnh Tứ Xuyên 四川[Si4 chuan1] ở tây nam Trung Quốc,not-resolved,,,not-resolved,8,10,6,chars/5DDD.json
州,C,zhōu,Châu,châu; (cũ) tỉnh,not-resolved,,,not-resolved,8,10,6,chars/5DDE.json
巟,C,huāng,,vùng nước hoang vu; đạt tới,not-resolved,,,not-resolved,0,0,7,chars/5DDF.json
巠,C,jīng,,dòng nước ngầm; biến thể cổ của 經|经[jing1],not-resolved,,,not-resolved,0,0,7,chars/5DE0.json
巡,C,xún,Tuần,tuần tra; đi tuần,not-resolved,,,not-resolved,8,10,6,chars/5DE1.json
巢,C,Cháo,Sào,họ [Chao2],not-resolved,,,not-resolved,6,5,6,chars/5DE2.json
巣,C,cháo,,biến thể tiếng Nhật của 巢,not-resolved,,,not-resolved,0,0,7,chars/5DE3.json
巤,C,liè,,biến thể cũ của 鬣[lie4],not-resolved,,,not-resolved,0,0,7,chars/5DE4.json
工,A,gōng,Công,công việc; công nhân,resolved,工,Bộ Công,self-radical,20,10,1,chars/5DE5.json
左,A,zuǒ,Tả,trái,resolved,工,Bộ Công,record-radical,7,10,2,chars/5DE6.json
巧,A,qiǎo,Xảo,khéo léo,resolved,工,Bộ Công,record-radical,13,10,4,chars/5DE7.json
巨,C,jù,,rất lớn; khổng lồ,not-resolved,,,not-resolved,9,10,5,chars/5DE8.json
巩,C,gǒng,Củng,họ [Gong3],not-resolved,,,not-resolved,6,4,6,chars/5DE9.json
巫,C,Wū,,họ [Wu1]; cũng đọc là [Wu2],not-resolved,,,not-resolved,6,4,7,chars/5DEB.json
差,A,chà,Sai,khác nhau,resolved,麥,Bộ Mạch,record-radical,18,10,3,chars/5DEE.json
巯,C,qiú,,hydrosulfuryl,not-resolved,,,not-resolved,0,0,7,chars/5DEF.json
己,A,jǐ,Kỉ,tự bản thân; mình,resolved,己,Bộ Kỷ,self-radical,9,10,3,chars/5DF1.json
已,C,yǐ,Dĩ,đã,not-resolved,,,not-resolved,8,10,2,chars/5DF2.json
巳,C,sì,Tị,"chi thứ 6 trong 12 địa chi: 9-11 giờ sáng, tháng 4 âm lịch (5 tháng 5-5 tháng 6), năm Tỵ; hướng la bàn cổ Trung Quốc: 150°",not-resolved,,,not-resolved,6,0,7,chars/5DF3.json
巴,C,Bā,Ba,nước Ba thời nhà Chu (ở phía đông Tứ Xuyên hiện đại); viết tắt của đông Tứ Xuyên hoặc Trùng Khánh,not-resolved,,,not-resolved,15,10,5,chars/5DF4.json
巷,A,xiàng,,hẻm,resolved,邑,Bộ Ấp,record-radical,6,4,6,chars/5DF7.json
巻,C,juǎn,,biến thể Nhật Bản của 卷[juan3],not-resolved,,,not-resolved,0,0,7,chars/5DFB.json
巽,C,xùn,Rốn,"tuân theo; một trong Bát Quái 八卦[ba1 gua4], tượng trưng cho mộc và gió",not-resolved,,,not-resolved,0,0,7,chars/5DFD.json
巾,A,jīn,Cân,khăn; vải đa dụng,resolved,巾,Bộ Cân,self-radical,6,7,4,chars/5DFE.json
巿,C,fú,,xem 韍|韨[fu2],not-resolved,,,not-resolved,0,0,7,chars/5DFF.json
币,A,bì,Giẻ,tiền; tiền xu,resolved,巾,Bộ Cân,record-radical,7,10,5,chars/5E01.json
市,C,shì,Thị,thành phố,not-resolved,,,not-resolved,14,10,3,chars/5E02.json
布,A,bù,Bố,vải,resolved,巾,Bộ Cân,record-radical,15,10,5,chars/5E03.json
帄,C,dīng,,miếng vá (để vá quần áo),not-resolved,,,not-resolved,0,0,7,chars/5E04.json
帅,A,shuài,Soái,"đẹp trai, thông minh",resolved,刀,Bộ Đao,record-radical,6,4,4,chars/5E05.json
帆,A,fān,,buồm,resolved,巾,Bộ Cân,record-radical,6,7,6,chars/5E06.json
师,A,Shī,Sư,họ [Shi1],resolved,刀,Bộ Đao,record-radical,17,10,1,chars/5E08.json
希,A,xī,Hơi,hy vọng; ngưỡng mộ,resolved,巾,Bộ Cân,record-radical,6,10,2,chars/5E0C.json
帏,B,wéi,,rèm; phòng phụ nữ,resolved,巾,Bộ Cân,record-radical,0,0,7,chars/5E0F.json
帐,A,zhàng,Trướng,(dạng kết hợp) rèm; lều; mái che; biến thể của 賬|账[zhang4],resolved,巾,Bộ Cân,record-radical,6,10,6,chars/5E10.json
帑,C,tǎng,Nô,kho bạc nhà nước; quỹ công,not-resolved,,,not-resolved,0,0,7,chars/5E11.json
帔,B,pèi,,áo choàng,resolved,巾,Bộ Cân,record-radical,0,0,7,chars/5E14.json
帕,C,pà,,gói; khan quàng cổ,not-resolved,,,not-resolved,6,3,7,chars/5E15.json
帖,C,tiē,Thiếp,vừa khít; phù hợp,not-resolved,,,not-resolved,6,7,6,chars/5E16.json
帗,C,fú,,vật mà vũ công cầm,not-resolved,,,not-resolved,0,0,7,chars/5E17.json
帘,C,lián,,"Rèm, màn",not-resolved,,,not-resolved,6,9,5,chars/5E18.json
帙,B,Zhì,,họ [Zhi4],resolved,巾,Bộ Cân,record-radical,2,0,7,chars/5E19.json
帚,A,zhǒu,,cây chổi,resolved,又,Bộ Hựu,record-radical,5,4,7,chars/5E1A.json
帛,A,bó,,lụa,resolved,巾,Bộ Cân,record-radical,6,1,7,chars/5E1B.json
帜,A,zhì,Xí,cờ,resolved,巾,Bộ Cân,record-radical,5,8,6,chars/5E1C.json
帝,C,dì,Đấy,hoàng đế,not-resolved,,,not-resolved,6,10,6,chars/5E1D.json
帟,C,yì,,màn che,not-resolved,,,not-resolved,0,0,7,chars/5E1F.json
帡,C,píng,,che phủ; bức bình phong,not-resolved,,,not-resolved,0,0,7,chars/5E21.json
帣,C,juàn,,một loại túi chứa 30 thạch (tức khoảng 3 kg đo lường khô),not-resolved,,,not-resolved,0,0,7,chars/5E23.json
带,C,dài,Đai,"mang, mang theo",not-resolved,,,not-resolved,20,10,3,chars/5E26.json
帧,A,zhēn,Tranh,"khung (ảnh), khung (phim); bức (ảnh); khung hình",resolved,巾,Bộ Cân,record-radical,3,3,7,chars/5E27.json
帨,C,shuì,,khăn tay,not-resolved,,,not-resolved,0,0,7,chars/5E28.json
席,A,xí,,tiệc,resolved,巾,Bộ Cân,record-radical,7,10,5,chars/5E2D.json
帮,A,bāng,,giúp,resolved,巾,Bộ Cân,record-radical,7,10,2,chars/5E2E.json
帯,C,dài,,biến thể tiếng Nhật của 帶|带,not-resolved,,,not-resolved,0,0,7,chars/5E2F.json
帰,C,guī,,biến thể tiếng Nhật của 歸|归,not-resolved,,,not-resolved,0,0,7,chars/5E30.json
帱,B,chóu,,mái che; rèm,resolved,巾,Bộ Cân,record-radical,0,0,7,chars/5E31.json
帲,C,píng,,biến thể của 帡[ping2],not-resolved,,,not-resolved,0,0,7,chars/5E32.json
帷,B,wéi,,rèm; bình phong,resolved,巾,Bộ Cân,record-radical,4,0,7,chars/5E37.json
常,A,cháng,Thường,thường,resolved,巾,Bộ Cân,record-radical,20,10,2,chars/5E38.json
帹,C,qiè,,dải buộc đầu của nam giới (cổ đại),not-resolved,,,not-resolved,0,0,7,chars/5E39.json
帺,C,qí,,biến thể của 綥[qi2],not-resolved,,,not-resolved,0,0,7,chars/5E3A.json
帻,B,zé,,khăn xếp; khăn trùm đầu,resolved,巾,Bộ Cân,record-radical,0,0,7,chars/5E3B.json
帼,B,guó,,mũ đội của phụ nữ; nữ tính,resolved,巾,Bộ Cân,record-radical,2,0,7,chars/5E3C.json
帽,A,mào,Mão,biến thể cũ của 帽[mao4],resolved,巾,Bộ Cân,record-radical,6,2,3,chars/5E3D.json
幂,C,mì,,(toán) lũy thừa; số mũ; phủ bằng vải,not-resolved,,,not-resolved,2,0,7,chars/5E42.json
幄,C,wò,,lều,not-resolved,,,not-resolved,1,0,7,chars/5E44.json
幅,C,fú,Bức,bức,not-resolved,,,not-resolved,7,10,5,chars/5E45.json
幈,C,píng,,biến thể của 屏[ping2],not-resolved,,,not-resolved,0,0,7,chars/5E48.json
幋,C,pán,,khăn quàng lớn,not-resolved,,,not-resolved,0,0,7,chars/5E4B.json
幌,B,huǎng,,biển hiệu; (văn học) rèm cửa sổ,resolved,巾,Bộ Cân,record-radical,2,0,7,chars/5E4C.json
幏,C,jià,,"vải (cổ), đặc biệt của các nhóm dân tộc phía nam",not-resolved,,,not-resolved,0,0,7,chars/5E4F.json
幔,B,màn,Màn,rèm,resolved,巾,Bộ Cân,record-radical,4,0,7,chars/5E54.json
幕,A,mù,,hồi,resolved,巾,Bộ Cân,record-radical,8,10,5,chars/5E55.json
幛,C,zhàng,Trướng,trướng treo,not-resolved,,,not-resolved,2,0,7,chars/5E5B.json
幞,B,fú,,dùng trong 幞頭|幞头[fu2tou2]; biến thể của 袱[fu2],resolved,巾,Bộ Cân,record-radical,0,0,7,chars/5E5E.json
幠,C,hū,,kiêu ngạo; thô lỗ,not-resolved,,,not-resolved,0,0,7,chars/5E60.json
幡,A,fān,Phan,biểu ngữ,resolved,巾,Bộ Cân,record-radical,1,1,7,chars/5E61.json
幢,B,zhuàng,Choàng,đoàn,resolved,巾,Bộ Cân,record-radical,1,0,6,chars/5E62.json
幦,C,mì,,mái che xe ngựa,not-resolved,,,not-resolved,0,0,7,chars/5E66.json
幨,C,chān,,rèm trong xe; ngăn,not-resolved,,,not-resolved,0,0,7,chars/5E68.json
幩,C,fén,,tua trang trí trên dây cương,not-resolved,,,not-resolved,0,0,7,chars/5E69.json
幪,C,méng,,che phủ,not-resolved,,,not-resolved,0,0,7,chars/5E6A.json
幭,C,miè,,mái phủ xe ngựa,not-resolved,,,not-resolved,0,0,7,chars/5E6D.json
幮,C,chú,,một loại màn chống muỗi; màn giường,not-resolved,,,not-resolved,0,0,7,chars/5E6E.json
幯,C,jié,,lau chùi,not-resolved,,,not-resolved,0,0,7,chars/5E6F.json
幰,C,xiǎn,,rèm phía trước xe ngựa,not-resolved,,,not-resolved,0,0,7,chars/5E70.json
干,A,gān,Can,khô; sạch (干净),resolved,干,Bộ Can,self-radical,20,10,4,chars/5E72.json
平,C,píng,Bình,phẳng,not-resolved,,,not-resolved,20,10,5,chars/5E73.json
年,A,nián,Nên,năm,resolved,禾,Bộ Hòa,record-radical,20,10,1,chars/5E74.json
幵,C,qiān,,(văn học) phẳng; bằng phẳng,not-resolved,,,not-resolved,0,0,7,chars/5E75.json
并,A,bìng,,hoàn toàn không,resolved,立,Bộ Lập,record-radical,10,10,4,chars/5E76.json
幷,C,bìng,,biến thể của 並|并[bing4]; biến thể của 併|并[bing4],not-resolved,,,not-resolved,0,0,7,chars/5E77.json
幸,C,xìng,Hãnh,được tin cậy; thân mật,not-resolved,,,not-resolved,12,10,4,chars/5E78.json
幺,B,yāo,,nhỏ nhắn,resolved,幺,Bộ Yêu,self-radical,2,0,7,chars/5E7A.json
幻,C,huàn,Ảo,ảo tưởng,not-resolved,,,not-resolved,7,10,5,chars/5E7B.json
幼,C,yòu,Ấu,trẻ,not-resolved,,,not-resolved,6,10,5,chars/5E7C.json
幽,A,yōu,,hẻo lánh; ẩn khuất,resolved,山,Bộ Sơn,record-radical,6,5,4,chars/5E7D.json
广,A,yǎn,,"bộ ""nhà trên vách núi"" trong chữ Hán (bộ Khang Hy số 53), xuất hiện trong 店, 序, 底, v.v.",resolved,广,Bộ Nghiễm,self-radical,13,10,4,chars/5E7F.json
庀,B,pǐ,,chuẩn bị,resolved,广,Bộ Nghiễm,record-radical,0,0,7,chars/5E80.json
庁,C,tīng,,biến thể tiếng Nhật của 廳|厅,not-resolved,,,not-resolved,0,0,7,chars/5E81.json
広,C,guǎng,,biến thể tiếng Nhật của 廣|广,not-resolved,,,not-resolved,0,0,7,chars/5E83.json
庄,A,zhuāng,Chăng,biến thể của 莊|庄[zhuang1],resolved,广,Bộ Nghiễm,record-radical,7,10,6,chars/5E84.json
庆,A,qìng,Khánh,ăn mừng,resolved,广,Bộ Nghiễm,record-radical,8,10,5,chars/5E86.json
庇,B,bì,,bảo vệ; che chở,resolved,广,Bộ Nghiễm,record-radical,6,0,6,chars/5E87.json
庈,C,qín,,(người),not-resolved,,,not-resolved,0,0,7,chars/5E88.json
庉,C,dùn,,một ngôi làng; sống cùng nhau,not-resolved,,,not-resolved,0,0,7,chars/5E89.json
床,A,chuáng,Sàng,giường,resolved,木,Bộ Mộc,record-radical,8,10,2,chars/5E8A.json
庋,B,guǐ,,(văn học) kệ; (văn học) cất giữ; bảo quản; lưu trữ,resolved,广,Bộ Nghiễm,record-radical,0,0,7,chars/5E8B.json
序,A,xù,Tựa,lời tựa,resolved,广,Bộ Nghiễm,record-radical,10,10,4,chars/5E8F.json
庐,C,lú,,túp lều,not-resolved,,,not-resolved,6,0,7,chars/5E90.json
庑,B,wú,Vu,biến thể của 蕪|芜[wu2],resolved,广,Bộ Nghiễm,record-radical,0,0,7,chars/5E91.json
庒,C,zhuāng,,biến thể cũ của 莊|庄[zhuang1],not-resolved,,,not-resolved,0,0,7,chars/5E92.json
库,A,kù,Kho,"kho, ngân hàng",resolved,广,Bộ Nghiễm,record-radical,8,10,5,chars/5E93.json
应,A,yīng,Ứng,nên,resolved,心,Bộ Tâm,record-radical,20,10,3,chars/5E94.json
底,A,dǐ,Để,"cuối, phần dưới, nền tảng",resolved,广,Bộ Nghiễm,record-radical,16,10,4,chars/5E95.json
庖,B,páo,,nhà bếp,resolved,广,Bộ Nghiễm,record-radical,3,0,7,chars/5E96.json
店,A,diàn,Điếm,cửa hàng,resolved,广,Bộ Nghiễm,record-radical,10,10,1,chars/5E97.json
庙,C,miào,Miếu,chùa,not-resolved,,,not-resolved,6,10,6,chars/5E99.json
庚,C,gēng,Canh,tuổi; can thứ bảy trong Thập Thiên Can 十天干[shi2 tian1 gan1],not-resolved,,,not-resolved,6,0,7,chars/5E9A.json
府,A,fǔ,Phủ,trung tâm hành chính; nơi lưu trữ của chính phủ (lưu trữ),resolved,广,Bộ Nghiễm,record-radical,7,10,5,chars/5E9C.json
庞,C,Páng,,họ [Pang2],not-resolved,,,not-resolved,6,5,6,chars/5E9E.json
废,A,fèi,Phế,chất thải,resolved,广,Bộ Nghiễm,record-radical,11,10,5,chars/5E9F.json
庠,B,xiáng,,(cổ) trường học,resolved,广,Bộ Nghiễm,record-radical,0,0,7,chars/5EA0.json
庤,C,zhì,,chuẩn bị,not-resolved,,,not-resolved,0,0,7,chars/5EA4.json
庥,B,xiū,,che chở; bóng râm,resolved,广,Bộ Nghiễm,record-radical,0,0,7,chars/5EA5.json
度,A,dù,Độ,độ,resolved,又,Bộ Hựu,record-radical,20,10,4,chars/5EA6.json
座,A,zuò,Toà,tòa,resolved,广,Bộ Nghiễm,record-radical,15,10,4,chars/5EA7.json
庬,C,páng,,to lớn,not-resolved,,,not-resolved,0,0,7,chars/5EAC.json
庭,A,tíng,Đình,sảnh chính; sân trước,resolved,广,Bộ Nghiễm,record-radical,7,10,5,chars/5EAD.json
庱,C,Chěng,,"họ [Cheng3]; khu vực cổ của thành phố Đan Dương, tỉnh Giang Tô hiện nay",not-resolved,,,not-resolved,0,0,7,chars/5EB1.json
庳,C,bì,,ngôi nhà xây thấp,not-resolved,,,not-resolved,0,0,7,chars/5EB3.json
庴,C,jí,,tên địa danh,not-resolved,,,not-resolved,0,0,7,chars/5EB4.json
庵,C,ān,Am,túp lều; ngôi chùa nhỏ,not-resolved,,,not-resolved,5,0,7,chars/5EB5.json
庶,B,shù,Thứ,(hình thức kết hợp) bình thường; nhiều; (hình thức kết hợp) liên quan đến thiếp (trái ngược với 嫡[di2]),resolved,石,Bộ Thạch,record-radical,5,0,7,chars/5EB6.json
康,A,Kāng,Khang,họ [Kang1],resolved,米,Bộ Mễ,record-radical,7,10,3,chars/5EB7.json
庸,A,yōng,,bình thường; sử dụng,resolved,用,Bộ Dụng,record-radical,7,10,6,chars/5EB8.json
庹,B,tuǒ,,chiều dài hai cánh tay dang ra,resolved,广,Bộ Nghiễm,record-radical,0,0,7,chars/5EB9.json
庼,C,qǐng,,phòng; sảnh nhỏ,not-resolved,,,not-resolved,0,0,7,chars/5EBC.json
庾,B,Yǔ,,họ [Yu3]; tên một ngọn núi,resolved,广,Bộ Nghiễm,record-radical,1,0,7,chars/5EBE.json
庿,C,miào,,biến thể của 廟|庙[miao4],not-resolved,,,not-resolved,0,0,7,chars/5EBF.json
廀,C,sōu,,biến thể cũ của 廋[sou1],not-resolved,,,not-resolved,0,0,7,chars/5EC0.json
廃,C,fèi,,biến thể Nhật Bản của 廢|废[fei4],not-resolved,,,not-resolved,0,0,7,chars/5EC3.json
廆,C,huì,,một căn phòng; tường của một ngôi nhà,not-resolved,,,not-resolved,0,0,7,chars/5EC6.json
廉,C,lián,Liêm,biến thể cũ của 廉[lian2],not-resolved,,,not-resolved,8,10,6,chars/5EC9.json
廊,A,láng,Lang,hành lang; mái hiên,resolved,广,Bộ Nghiễm,record-radical,6,5,6,chars/5ECA.json
廋,C,sōu,,tìm kiếm; ẩn giấu,not-resolved,,,not-resolved,0,0,7,chars/5ECB.json
廌,C,zhì,,kỳ lân,not-resolved,,,not-resolved,0,0,7,chars/5ECC.json
廏,C,jiù,,biến thể của 廄|厩[jiu4],not-resolved,,,not-resolved,0,0,7,chars/5ECF.json
廑,B,jǐn,,cẩn thận; túp lều,resolved,广,Bộ Nghiễm,record-radical,0,0,7,chars/5ED1.json
廒,B,áo,,kho lúa,resolved,广,Bộ Nghiễm,record-radical,0,0,7,chars/5ED2.json
廓,A,kuò,Quách,(hình thức kết hợp) rộng rãi; bao la; (hình thức kết hợp) đường viền; hình dạng chung,resolved,广,Bộ Nghiễm,record-radical,4,6,6,chars/5ED3.json
廖,C,Liào,,họ [Liao4],not-resolved,,,not-resolved,1,0,7,chars/5ED6.json
廙,C,yì,,nhà lều Mông Cổ; (văn học) tôn kính,not-resolved,,,not-resolved,0,0,7,chars/5ED9.json
廛,B,chán,Chờn,nơi buôn bán,resolved,广,Bộ Nghiễm,record-radical,0,0,7,chars/5EDB.json
廥,C,kuài,,chuồng kho; lẫm thóc,not-resolved,,,not-resolved,0,0,7,chars/5EE5.json
廧,C,qiáng,,bức tường,not-resolved,,,not-resolved,0,0,7,chars/5EE7.json
廨,B,xiè,,văn phòng,resolved,广,Bộ Nghiễm,record-radical,0,0,7,chars/5EE8.json
廪,B,lǐn,Lẫm,kho lúa nhà nước,resolved,广,Bộ Nghiễm,record-radical,1,0,7,chars/5EEA.json
廱,C,yōng,,hài hòa,not-resolved,,,not-resolved,0,0,7,chars/5EF1.json
廴,B,yǐn,,bước dài,resolved,廴,Bộ Dẫn,self-radical,0,0,7,chars/5EF4.json
延,A,yán,Dang,kéo dài,resolved,疋,Bộ Sơ,record-radical,8,10,5,chars/5EF6.json
廷,A,tíng,Đình,sân trong cung điện,resolved,廴,Bộ Dẫn,record-radical,6,5,7,chars/5EF7.json
廸,C,dí,,biến thể của 迪[di2],not-resolved,,,not-resolved,0,0,7,chars/5EF8.json
建,A,jiàn,Kiến,xây dựng,resolved,聿,Bộ Duật,record-radical,18,10,4,chars/5EFA.json
廻,C,huí,,biến thể của 迴|回[hui2],not-resolved,,,not-resolved,0,0,7,chars/5EFB.json
廾,B,gǒng,Trấp,Chắp hai tay,resolved,廾,Bộ Củng,self-radical,0,0,7,chars/5EFE.json
廿,C,niàn,,hai mươi,not-resolved,,,not-resolved,0,0,7,chars/5EFF.json
开,A,kāi,Khai,lái xe,resolved,門,Bộ Môn,record-radical,20,10,1,chars/5F00.json
弁,C,biàn,,(cổ) mũ (trang phục); sĩ quan quân đội cấp thấp (thời xưa),not-resolved,,,not-resolved,0,0,7,chars/5F01.json
异,A,yì,,khác; khác biệt,resolved,廾,Bộ Củng,record-radical,15,10,6,chars/5F02.json
弃,A,qì,,từ bỏ; buông bỏ,resolved,子,"Bộ Tử, Tý",record-radical,8,10,4,chars/5F03.json
弄,A,nòng,Lộng,chơi,resolved,玉,Bộ Ngọc,record-radical,10,10,4,chars/5F04.json
弇,C,yǎn,,che phủ; bẫy,not-resolved,,,not-resolved,0,0,7,chars/5F07.json
弈,B,yì,,tên cổ của cờ vây (board game Trung Quốc),resolved,廾,Bộ Củng,record-radical,3,0,7,chars/5F08.json
弊,C,bì,Tệ,tổn hại; gian lận,not-resolved,,,not-resolved,6,10,6,chars/5F0A.json
弋,B,yì,Dặc,Bắn,resolved,弋,"Bộ Dặc, Dực",self-radical,3,0,7,chars/5F0B.json
弌,C,yī,,"biến thể cổ của 壹, chữ số phòng chống gian lận của ngân hàng, số một",not-resolved,,,not-resolved,0,0,7,chars/5F0C.json
弍,C,èr,Nhị,"biến thể cổ của 貳|贰, chữ số phòng chống gian lận của ngân hàng, số hai",not-resolved,,,not-resolved,0,0,7,chars/5F0D.json
弎,C,sān,,"biến thể cổ của 參|叁, chữ số ba chống gian lận trong ngân hàng",not-resolved,,,not-resolved,0,0,7,chars/5F0E.json
式,A,shì,Thức,"loại, kiểu",resolved,工,Bộ Công,record-radical,12,10,4,chars/5F0F.json
弐,C,èr,,biến thể tiếng Nhật của 貳|贰[er4],not-resolved,,,not-resolved,0,0,7,chars/5F10.json
弑,C,shì,Thí,sát hại bề trên; giết cha mẹ,not-resolved,,,not-resolved,3,0,7,chars/5F11.json
弓,B,gōng,Cung,cung,resolved,弓,Bộ Cung,self-radical,6,0,7,chars/5F13.json
引,A,yǐn,Dẫn,gây ra,resolved,弓,Bộ Cung,record-radical,14,10,4,chars/5F15.json
弗,C,fú,Phất,(văn học) không; dùng trong phiên âm,not-resolved,,,not-resolved,6,0,7,chars/5F17.json
弘,C,hóng,,vĩ đại; khoáng đạt,not-resolved,,,not-resolved,5,4,7,chars/5F18.json
弛,A,chí,,tháo dây cung; nới lỏng,resolved,弓,Bộ Cung,record-radical,6,5,7,chars/5F1B.json
弝,C,bà,,phần của cung được cầm khi bắn,not-resolved,,,not-resolved,0,0,7,chars/5F1D.json
弟,A,dì,Đệ,em trai; nam nhỏ tuổi hơn,resolved,戈,Bộ Qua,record-radical,8,10,2,chars/5F1F.json
张,A,zhāng,Trương,một từ để đo các vật phẳng,resolved,弓,Bộ Cung,record-radical,13,10,3,chars/5F20.json
弢,C,tāo,,ống đựng cung; che đậy,not-resolved,,,not-resolved,0,0,7,chars/5F22.json
弣,C,fǔ,,cán cung,not-resolved,,,not-resolved,0,0,7,chars/5F23.json
弤,C,dǐ,,cung chạm khắc,not-resolved,,,not-resolved,0,0,7,chars/5F24.json
弥,A,mí,,đầy; lấp,resolved,弓,Bộ Cung,record-radical,6,10,6,chars/5F25.json
弦,A,xián,,dây đàn,resolved,弓,Bộ Cung,record-radical,6,5,6,chars/5F26.json
弧,A,hú,,cung tròn,resolved,弓,Bộ Cung,record-radical,7,4,7,chars/5F27.json
弨,C,chāo,,cung chưa giương,not-resolved,,,not-resolved,0,0,7,chars/5F28.json
弩,A,nǔ,Nỏ,nỏ,resolved,弓,Bộ Cung,record-radical,5,2,7,chars/5F29.json
弪,B,jìng,,radian (toán học); nay viết là 弧度,resolved,弓,Bộ Cung,record-radical,0,0,7,chars/5F2A.json
弫,C,zhěn,,(của cung) mạnh mẽ; có lực,not-resolved,,,not-resolved,0,0,7,chars/5F2B.json
弭,C,mǐ,,ngăn chặn; đàn áp,not-resolved,,,not-resolved,1,0,7,chars/5F2D.json
弮,B,juàn,,"biến thể của 卷[juan4], cuộn tròn",resolved,弓,Bộ Cung,record-radical,0,0,7,chars/5F2E.json
弯,A,wān,,uốn cong; cong; đường cong,resolved,弓,Bộ Cung,record-radical,7,10,5,chars/5F2F.json
弰,C,shāo,,đầu cung,not-resolved,,,not-resolved,0,0,7,chars/5F30.json
弱,A,ruò,Nhược,yếu,resolved,弓,Bộ Cung,record-radical,13,10,5,chars/5F31.json
弶,C,jiàng,,cái bẫy; bẫy,not-resolved,,,not-resolved,0,0,7,chars/5F36.json
弸,C,bēng,,cung mạnh; dây cung,not-resolved,,,not-resolved,0,0,7,chars/5F38.json
弹,A,tán,Đàn,chơi nhạc cụ,resolved,弓,Bộ Cung,record-radical,10,10,4,chars/5F39.json
强,A,qiáng,Càng,mạnh,resolved,弓,Bộ Cung,record-radical,20,10,5,chars/5F3A.json
弼,C,bì,Bặt,hỗ trợ,not-resolved,,,not-resolved,1,0,7,chars/5F3C.json
弾,C,dàn,,biến thể Nhật Bản của 彈|弹,not-resolved,,,not-resolved,0,0,7,chars/5F3E.json
彀,C,gòu,,kéo cung hết cỡ; tầm bắn của cung tên,not-resolved,,,not-resolved,0,0,7,chars/5F40.json
彐,B,jì,Kệ,Ðầu con dím (nhím),resolved,彐,Bộ Ký,self-radical,0,0,7,chars/5F50.json
彑,C,jì,,biến thể của 彐[ji4],not-resolved,,,not-resolved,0,0,7,chars/5F51.json
归,A,guī,,thuộc về,resolved,刀,Bộ Đao,record-radical,11,10,5,chars/5F52.json
当,A,dāng,,"trở thành, là, làm việc",resolved,田,Bộ Điền,record-radical,20,10,4,chars/5F53.json
彔,C,lù,,,not-resolved,,,not-resolved,0,0,7,chars/5F54.json
录,A,lù,,"ghi âm, đăng ký",resolved,金,Bộ Kim,record-radical,12,10,5,chars/5F55.json
彖,C,tuàn,,dự đoán tương lai bằng cách sử dụng quẻ của Kinh Dịch 易經|易经,not-resolved,,,not-resolved,0,0,7,chars/5F56.json
彗,C,huì,,cái chổi,not-resolved,,,not-resolved,2,0,7,chars/5F57.json
彘,C,zhì,,lợn,not-resolved,,,not-resolved,0,0,7,chars/5F58.json
彛,C,yí,,biến thể của 彞|彝[yi2],not-resolved,,,not-resolved,0,0,7,chars/5F5B.json
彝,C,yí,,đồ đựng rượu cổ; đồ tế lễ cổ,not-resolved,,,not-resolved,6,0,7,chars/5F5D.json
彟,C,huò,,xem 武士彠|武士彟[Wu3 Shi4 huo4]; biến thể cũ của 蒦[huo4],not-resolved,,,not-resolved,0,0,7,chars/5F5F.json
彡,B,sān,,lông,resolved,彡,Bộ Sam,self-radical,0,0,7,chars/5F61.json
形,A,xíng,Hình,hình dạng,resolved,彡,Bộ Sam,record-radical,20,10,5,chars/5F62.json
彤,C,Tóng,,họ [Tong2],not-resolved,,,not-resolved,1,0,7,chars/5F64.json
彦,B,yàn,,tài giỏi; tao nhã,resolved,文,Bộ Văn,record-radical,6,0,7,chars/5F66.json
彧,C,yù,,tao nhã; thanh lịch,not-resolved,,,not-resolved,0,0,7,chars/5F67.json
彨,C,chī,,biến thể của 螭[chi1],not-resolved,,,not-resolved,0,0,7,chars/5F68.json
彩,A,cǎi,Thái,màu sắc (tươi sáng); đa dạng,resolved,彡,Bộ Sam,record-radical,13,10,4,chars/5F69.json
彪,C,biāo,,vằn hổ; hổ con,not-resolved,,,not-resolved,6,0,7,chars/5F6A.json
彬,B,bīn,Băn,hoà nhã; có giáo dục,resolved,彡,Bộ Sam,record-radical,4,0,7,chars/5F6C.json
彭,C,Péng,Bành,họ [Peng2],not-resolved,,,not-resolved,6,0,7,chars/5F6D.json
彰,A,zhāng,,rõ ràng; nổi bật,resolved,彡,Bộ Sam,record-radical,6,4,6,chars/5F70.json
影,A,yǐng,Ảnh,hình ảnh; hình,resolved,彡,Bộ Sam,record-radical,20,10,1,chars/5F71.json
彳,B,chì,,bước chân trái.,resolved,彳,Bộ Xích,self-radical,0,0,7,chars/5F73.json
彴,C,zhuó,,cây cầu,not-resolved,,,not-resolved,0,0,7,chars/5F74.json
彷,A,páng,Phảng,dùng trong 彷徨[pang2huang2] và 彷徉[pang2yang2],resolved,彳,Bộ Xích,record-radical,1,2,7,chars/5F77.json
彸,B,zhōng,,"bồn chồn, kích động",resolved,彳,Bộ Xích,record-radical,0,0,7,chars/5F78.json
役,C,yì,Dịch,lao động cưỡng bức; lao dịch,not-resolved,,,not-resolved,6,10,6,chars/5F79.json
彻,C,chè,Triệt,kỹ lưỡng; thấu suốt,not-resolved,,,not-resolved,6,10,5,chars/5F7B.json
彼,A,bǐ,Bỉ,đó; những,resolved,彳,Bộ Xích,record-radical,6,10,5,chars/5F7C.json
彽,C,chí,,đi đi lại lại,not-resolved,,,not-resolved,0,0,7,chars/5F7D.json
往,A,wǎng,Vãng,"đến, hướng tới",resolved,彳,Bộ Xích,record-radical,19,10,2,chars/5F80.json
征,A,zhēng,Chinh,đi trên một hành trình dài,resolved,彳,Bộ Xích,record-radical,8,10,5,chars/5F81.json
徂,B,cú,Tò,đi; đến,resolved,彳,Bộ Xích,record-radical,0,0,7,chars/5F82.json
径,A,jìng,,đường mòn; đường đi,resolved,彳,Bộ Xích,record-radical,6,10,6,chars/5F84.json
待,A,dāi,Đãi,ở lại,resolved,彳,Bộ Xích,record-radical,14,10,5,chars/5F85.json
徇,B,xùn,,"nhượng bộ; bị chi phối bởi (các cân nhắc cá nhân, v.v.)",resolved,彳,Bộ Xích,record-radical,3,0,7,chars/5F87.json
很,A,hěn,,rất,resolved,彳,Bộ Xích,record-radical,1,10,1,chars/5F88.json
徉,B,yáng,,đi qua đi lại,resolved,彳,Bộ Xích,record-radical,1,0,7,chars/5F89.json
徊,C,huái,Hồi,dùng trong 徘徊[pai2 huai2],not-resolved,,,not-resolved,1,3,6,chars/5F8A.json
律,A,Lǜ,Luật,họ [Lu:4],resolved,彳,Bộ Xích,record-radical,6,10,4,chars/5F8B.json
徐,A,Xú,Chờ,họ [Xu2],resolved,彳,Bộ Xích,record-radical,6,4,7,chars/5F90.json
徒,C,Tú,Đồ,họ [Tu2],not-resolved,,,not-resolved,7,10,6,chars/5F92.json
従,C,cóng,,biến thể cũ của 從|从[cong2],not-resolved,,,not-resolved,0,0,7,chars/5F93.json
徕,B,lái,Lại,dùng trong 招徠|招徕[zhao1 lai2],resolved,彳,Bộ Xích,record-radical,1,0,7,chars/5F95.json
得,A,děi,Đắc,"phải, cần",resolved,彳,Bộ Xích,record-radical,20,10,4,chars/5F97.json
徘,A,pái,Bồi,dùng trong 徘徊[pai2 huai2],resolved,彳,Bộ Xích,record-radical,1,3,6,chars/5F98.json
徙,C,xǐ,,(văn học) thay đổi nơi ở,not-resolved,,,not-resolved,3,5,6,chars/5F99.json
徜,B,cháng,,ngồi bắt chéo chân; đi tới lui,resolved,彳,Bộ Xích,record-radical,1,0,7,chars/5F9C.json
御,A,yù,Ngự,(hình thức ghép) thuộc hoàng gia; hoàng tộc; (văn học) điều khiển (xe ngựa),resolved,彳,Bộ Xích,record-radical,6,10,6,chars/5FA1.json
徨,A,huáng,,do dự,resolved,彳,Bộ Xích,record-radical,1,2,7,chars/5FA8.json
循,A,xún,,tuân theo; tuân thủ,resolved,彳,Bộ Xích,record-radical,7,10,6,chars/5FAA.json
徬,C,páng,Bàng,do dự,not-resolved,,,not-resolved,0,0,7,chars/5FAC.json
徭,B,yáo,,lao dịch bắt buộc,resolved,彳,Bộ Xích,record-radical,1,0,7,chars/5FAD.json
微,A,Wēi,Vi,họ [Wei1]; nhà nước cổ đại Trung Quốc gần Trùng Khánh ngày nay,resolved,彳,Bộ Xích,record-radical,16,10,4,chars/5FAE.json
徯,B,xī,,đường mòn; đợi chờ,resolved,彳,Bộ Xích,record-radical,0,0,7,chars/5FAF.json
徳,C,dé,,biến thể tiếng Nhật của 德[de2],not-resolved,,,not-resolved,0,0,7,chars/5FB3.json
徴,C,zhēng,,biến thể tiếng Nhật của 徵|征,not-resolved,,,not-resolved,0,0,7,chars/5FB4.json
徵,B,zhǐ,Trưng,"nốt thứ 4 trong ngũ âm cổ đại của Trung Quốc 五音[wǔ yīn], tương ứng với nốt sol",resolved,彳,Bộ Xích,record-radical,2,0,7,chars/5FB5.json
德,A,dé,Đức,"đức hạnh, đạo đức",resolved,彳,Bộ Xích,record-radical,9,10,5,chars/5FB7.json
徻,C,wèi,,một căn phòng rộng,not-resolved,,,not-resolved,0,0,7,chars/5FBB.json
徼,B,jiǎo,,do may mắn,resolved,彳,Bộ Xích,record-radical,0,0,7,chars/5FBC.json
徽,C,huī,,biến thể cũ của 徽[hui1],not-resolved,,,not-resolved,6,4,7,chars/5FBD.json
忀,C,xiāng,,đi dạo; đi lang thang,not-resolved,,,not-resolved,0,0,7,chars/5FC0.json
忂,C,qú,,biến thể cũ của 躣[qu2],not-resolved,,,not-resolved,0,0,7,chars/5FC2.json
心,A,xīn,Tâm,"trái tim, tâm trí",resolved,心,Bộ Tâm,self-radical,20,10,3,chars/5FC3.json
忄,B,xīn,,"Tim, cảm xúc, suy nghĩ.",resolved,心,Bộ Tâm,radical-variant,0,0,7,chars/5FC4.json
必,C,bì,Tất,nhất định; phải,not-resolved,,,not-resolved,13,10,3,chars/5FC5.json
忆,A,yì,Hắt,hồi tưởng; nhớ,resolved,心,Bộ Tâm,record-radical,6,10,4,chars/5FC6.json
忉,B,dāo,Đau,đau buồn,resolved,心,Bộ Tâm,record-radical,0,0,7,chars/5FC9.json
忌,A,jì,Kị,ghen tị,resolved,心,Bộ Tâm,record-radical,8,10,6,chars/5FCC.json
忍,A,rěn,Nhẫn,chịu đựng,resolved,心,Bộ Tâm,record-radical,7,10,5,chars/5FCD.json
忏,B,chàn,Thin,"(hình thức kết hợp) cảm thấy hối hận; (hình thức kết hợp) kinh điển đọc để chuộc tội cho ai đó (từ tiếng Phạn ""ksama"")",resolved,心,Bộ Tâm,record-radical,1,0,7,chars/5FCF.json
忐,C,tǎn,,dùng trong 忐忑[tan3 te4],not-resolved,,,not-resolved,2,0,7,chars/5FD0.json
忑,C,tè,Thắc,dùng trong 忐忑[tan3 te4],not-resolved,,,not-resolved,2,0,7,chars/5FD1.json
忒,B,tè,Thắc,sai; thay đổi,resolved,心,Bộ Tâm,record-radical,0,0,7,chars/5FD2.json
忕,B,shì,,quen với; thói quen,resolved,心,Bộ Tâm,record-radical,0,0,7,chars/5FD5.json
忖,B,cǔn,Thổn,suy nghĩ; suy đoán,resolved,心,Bộ Tâm,record-radical,4,0,7,chars/5FD6.json
志,A,zhì,Chí,khát vọng; tham vọng,resolved,心,Bộ Tâm,record-radical,10,10,4,chars/5FD7.json
忘,A,wàng,Vong,quên,resolved,心,Bộ Tâm,record-radical,11,10,3,chars/5FD8.json
忙,A,máng,Mang,bận,resolved,心,Bộ Tâm,record-radical,10,10,2,chars/5FD9.json
忛,C,fān,,biến thể sai của 帆[fan1],not-resolved,,,not-resolved,0,0,7,chars/5FDB.json
応,C,yìng,,biến thể tiếng Nhật của 應|应,not-resolved,,,not-resolved,0,0,7,chars/5FDC.json
忝,C,tiǎn,Thỏm,làm xấu hổ,not-resolved,,,not-resolved,0,0,7,chars/5FDD.json
忞,B,mín,,khích lệ bản thân,resolved,心,Bộ Tâm,record-radical,0,0,7,chars/5FDE.json
忠,A,zhōng,Trung,trung thành; tận tụy,resolved,心,Bộ Tâm,record-radical,7,10,6,chars/5FE0.json
忡,B,chōng,,đau buồn; lo lắng,resolved,心,Bộ Tâm,record-radical,1,0,7,chars/5FE1.json
忤,B,wǔ,Ngỗ,không vâng lời; bất hiếu,resolved,心,Bộ Tâm,record-radical,2,0,7,chars/5FE4.json
忧,A,yōu,Ưu,lo lắng; bận tâm,resolved,心,Bộ Tâm,record-radical,8,10,6,chars/5FE7.json
忪,A,zhōng,,dùng trong 惺忪 [xing1 song1],resolved,心,Bộ Tâm,record-radical,1,1,7,chars/5FEA.json
快,A,kuài,Khoái,nhanh,resolved,心,Bộ Tâm,record-radical,20,10,2,chars/5FEB.json
忬,C,shū,,biến thể cũ của 舒[shu1]; biến thể cũ của 紓|纾[shu1],not-resolved,,,not-resolved,0,0,7,chars/5FEC.json
忭,B,biàn,,vui mừng; hài lòng,resolved,心,Bộ Tâm,record-radical,0,0,7,chars/5FED.json
忮,B,zhì,,(văn học) (hình thức kết hợp) ghen tị,resolved,心,Bộ Tâm,record-radical,0,0,7,chars/5FEE.json
忱,B,chén,Thầm,chân thành; thành thật,resolved,心,Bộ Tâm,record-radical,5,0,7,chars/5FF1.json
忲,C,tài,,biến thể của 忕[tai4],not-resolved,,,not-resolved,0,0,7,chars/5FF2.json
念,A,niàn,Niệm,đọc to,resolved,心,Bộ Tâm,record-radical,18,10,5,chars/5FF5.json
忸,B,niǔ,,quen với; đỏ mặt,resolved,心,Bộ Tâm,record-radical,2,0,7,chars/5FF8.json
忻,B,xīn,,vui vẻ,resolved,心,Bộ Tâm,record-radical,6,0,7,chars/5FFB.json
忽,A,Hū,Hốt,họ [Hu1],resolved,心,Bộ Tâm,record-radical,7,10,5,chars/5FFD.json
忾,C,kài,,tức giận,not-resolved,,,not-resolved,1,0,7,chars/5FFE.json
忿,B,fèn,Phẫn,tức giận; phẫn nộ,resolved,心,Bộ Tâm,record-radical,5,0,7,chars/5FFF.json
怀,A,Huái,Hoài,họ [Huai2],resolved,心,Bộ Tâm,record-radical,12,10,4,chars/6000.json
态,A,tài,Thái,(hình thức kết hợp); diện mạo,resolved,心,Bộ Tâm,record-radical,13,10,4,chars/6001.json
怂,B,sǒng,Túng,dùng chủ yếu trong 慫恿|怂恿[song3 yong3]; (văn học) khiếp sợ,resolved,心,Bộ Tâm,record-radical,1,0,7,chars/6002.json
怃,B,wǔ,,(văn học) có tình cảm dịu dàng; (văn học) nản lòng; thất vọng,resolved,心,Bộ Tâm,record-radical,0,0,7,chars/6003.json
怄,B,òu,,chọc tức; kích thích,resolved,心,Bộ Tâm,record-radical,1,0,7,chars/6004.json
怅,A,chàng,,hối tiếc; buồn bã,resolved,心,Bộ Tâm,record-radical,4,2,7,chars/6005.json
怆,B,chuàng,,bi thương; buồn,resolved,心,Bộ Tâm,record-radical,2,0,7,chars/6006.json
怊,B,chāo,,(văn học) buồn; đau buồn,resolved,心,Bộ Tâm,record-radical,0,0,,chars/600A.json
怍,B,zuò,Tạc,xấu hổ,resolved,心,Bộ Tâm,record-radical,1,0,7,chars/600D.json
怎,A,zěn,Chẩn,như thế nào,resolved,心,Bộ Tâm,record-radical,8,10,1,chars/600E.json
怏,B,yàng,,bất mãn,resolved,心,Bộ Tâm,record-radical,0,0,7,chars/600F.json
怒,A,nù,Nộ,tức giận; phẫn nộ,resolved,心,Bộ Tâm,record-radical,8,10,6,chars/6012.json
怔,B,zhēng,,(dùng trong từ ghép) kinh ngạc; khiếp sợ,resolved,心,Bộ Tâm,record-radical,3,0,7,chars/6014.json
怕,A,pà,,sợ,resolved,心,Bộ Tâm,record-radical,7,10,3,chars/6015.json
怖,A,bù,Bố,kinh hãi; khiếp sợ,resolved,心,Bộ Tâm,record-radical,6,9,6,chars/6016.json
怗,C,tiē,,bình yên; yên tĩnh,not-resolved,,,not-resolved,0,0,7,chars/6017.json
怙,B,hù,,dựa vào; cha (trang trọng),resolved,心,Bộ Tâm,record-radical,3,0,7,chars/6019.json
怚,C,jù,,"đần độn, ngu ngốc, đáng ngờ",not-resolved,,,not-resolved,0,0,7,chars/601A.json
怛,B,dá,Đắn,đau buồn; sợ hãi,resolved,心,Bộ Tâm,record-radical,0,0,7,chars/601B.json
怜,A,lián,Lanh,thương hại,resolved,心,Bộ Tâm,record-radical,6,5,4,chars/601C.json
思,C,sī,Tư,suy nghĩ; xem xét,not-resolved,,,not-resolved,20,10,2,chars/601D.json
怞,C,zhòu,,đau buồn; phiền muộn,not-resolved,,,not-resolved,0,0,7,chars/601E.json
怠,A,dài,,nhàn rỗi; lười biếng,resolved,心,Bộ Tâm,record-radical,6,10,6,chars/6020.json
怡,A,yí,,hài hòa; vui vẻ,resolved,心,Bộ Tâm,record-radical,6,10,7,chars/6021.json
急,A,jí,Cấp,khẩn cấp,resolved,心,Bộ Tâm,record-radical,20,10,3,chars/6025.json
怦,B,pēng,Bừng,(từ tượng thanh) tim đập thình thịch,resolved,心,Bộ Tâm,record-radical,3,0,7,chars/6026.json
性,A,xìng,Tính,tính cách,resolved,心,Bộ Tâm,record-radical,20,10,4,chars/6027.json
怨,A,yuàn,Oán,đổ lỗi; (dạng kết hợp) oán hận; căm ghét; mối hận,resolved,心,Bộ Tâm,record-radical,6,10,5,chars/6028.json
怩,B,ní,Náy,rụt rè; nhút nhát,resolved,心,Bộ Tâm,record-radical,2,0,7,chars/6029.json
怪,A,guài,,khá là,resolved,心,Bộ Tâm,record-radical,11,10,3,chars/602A.json
怫,B,fèi,Phật,tức giận,resolved,心,Bộ Tâm,record-radical,1,0,7,chars/602B.json
怭,C,bì,,khinh suất; thô lỗ,not-resolved,,,not-resolved,0,0,7,chars/602D.json
怯,A,qiè,Khiếp,nhút nhát; nhát gan,resolved,心,Bộ Tâm,record-radical,6,4,6,chars/602F.json
怲,C,bǐng,Biếng,buồn; buồn rầu,not-resolved,,,not-resolved,0,0,7,chars/6032.json
怵,B,chù,Truột,sợ hãi; nhút nhát,resolved,心,Bộ Tâm,record-radical,3,0,7,chars/6035.json
怸,C,xī,,"biến thể không phổ biến của 悉[xi1]; cây ngưu tất (Achyranthes bidentata), một loại rễ dùng trong y học cổ truyền Trung Quốc, tương đương với 牛膝[niu2 xi1]",not-resolved,,,not-resolved,0,0,7,chars/6038.json
怹,C,tān,,ông; bà,not-resolved,,,not-resolved,0,0,7,chars/6039.json
总,A,zǒng,Tổng,tổng,resolved,糸,Bộ Mịch,record-radical,19,10,3,chars/603B.json
怼,B,duǐ,,(tiếng lóng Internet) tấn công bằng lời nói; chỉ trích công khai,resolved,心,Bộ Tâm,record-radical,0,0,7,chars/603C.json
怿,B,yì,,vui mừng; hân hoan,resolved,心,Bộ Tâm,record-radical,0,0,7,chars/603F.json
恁,B,nèn,,nghĩ; cái này,resolved,心,Bộ Tâm,record-radical,0,0,7,chars/6041.json
恂,B,xún,,chân thành,resolved,心,Bộ Tâm,record-radical,0,0,7,chars/6042.json
恃,B,shì,,(dạng kết hợp) dựa vào; (văn học) mẹ của một người,resolved,心,Bộ Tâm,record-radical,6,0,7,chars/6043.json
恇,C,kuāng,,sợ hãi; lo lắng,not-resolved,,,not-resolved,0,0,7,chars/6047.json
恉,C,zhǐ,,ý chỉ,not-resolved,,,not-resolved,0,0,7,chars/6049.json
恋,A,liàn,Luyến,cảm thấy gắn bó; khát khao,resolved,心,Bộ Tâm,record-radical,8,10,5,chars/604B.json
恌,C,tiāo,,nhẹ dạ,not-resolved,,,not-resolved,0,0,7,chars/604C.json
恍,A,huǎng,Hoảng,biến thể của 恍[huang3],resolved,心,Bộ Tâm,record-radical,6,6,6,chars/604D.json
恏,C,hào,,khao khát,not-resolved,,,not-resolved,0,0,7,chars/604F.json
恐,A,kǒng,Khủng,sợ sệt; sợ hãi,resolved,心,Bộ Tâm,record-radical,7,10,4,chars/6050.json
恒,C,Héng,,họ [Heng2],not-resolved,,,not-resolved,6,8,6,chars/6052.json
恓,B,xī,,phiền muộn; bực bội,resolved,心,Bộ Tâm,record-radical,0,0,7,chars/6053.json
恔,C,xiào,,vui vẻ,not-resolved,,,not-resolved,0,0,7,chars/6054.json
恕,A,shù,Thứ,tha thứ,resolved,心,Bộ Tâm,record-radical,3,8,6,chars/6055.json
恘,C,qiū,,"nghĩa không chắc chắn, liên quan đến 戾[li4], vi phạm",not-resolved,,,not-resolved,0,0,7,chars/6058.json
恙,A,yàng,,bệnh tật,resolved,心,Bộ Tâm,record-radical,4,1,7,chars/6059.json
恚,B,huì,,cơn thịnh nộ,resolved,心,Bộ Tâm,record-radical,0,0,7,chars/605A.json
恛,C,huí,,hỗn loạn; không rõ nghi ngờ,not-resolved,,,not-resolved,0,0,7,chars/605B.json
恝,B,jiá,,thờ ơ,resolved,心,Bộ Tâm,record-radical,0,0,7,chars/605D.json
恞,C,yí,,vui vẻ; hân hoan,not-resolved,,,not-resolved,0,0,7,chars/605E.json
恟,C,xiōng,Hung,"sợ hãi, lo lắng",not-resolved,,,not-resolved,0,0,7,chars/605F.json
恢,A,huī,,khôi phục; phục hồi,resolved,心,Bộ Tâm,record-radical,6,10,5,chars/6062.json
恣,B,zì,,không kiềm chế; làm theo ý mình,resolved,心,Bộ Tâm,record-radical,5,0,7,chars/6063.json
恤,A,<tì>xù,,"áo phông, áo thun",resolved,心,Bộ Tâm,record-radical,6,6,7,chars/6064.json
恧,B,nǜ,,xấu hổ,resolved,心,Bộ Tâm,record-radical,0,0,7,chars/6067.json
恨,A,hèn,Hận,ghét,resolved,心,Bộ Tâm,record-radical,7,10,5,chars/6068.json
恩,A,ēn,Ân,biến thể của 恩[en1],resolved,心,Bộ Tâm,record-radical,10,10,6,chars/6069.json
恪,B,Kè,Khác,họ [Ke4],resolved,心,Bộ Tâm,record-radical,2,0,7,chars/606A.json
恫,B,dòng,,làm hoảng sợ,resolved,心,Bộ Tâm,record-radical,1,0,7,chars/606B.json
恬,B,tián,Điềm,yên tĩnh; bình tĩnh,resolved,心,Bộ Tâm,record-radical,6,0,7,chars/606C.json
恭,C,gōng,Cung,kính trọng,not-resolved,,,not-resolved,6,10,5,chars/606D.json
息,A,xī,Tức,hơi thở; tin tức,resolved,自,Bộ Tự,record-radical,18,10,2,chars/606F.json
恰,A,qià,,chính xác; vừa đúng,resolved,心,Bộ Tâm,record-radical,7,10,6,chars/6070.json
恳,A,kěn,Khấn,tha thiết,resolved,心,Bộ Tâm,record-radical,6,10,5,chars/6073.json
恵,C,huì,,biến thể tiếng Nhật của 惠[hui4],not-resolved,,,not-resolved,0,0,7,chars/6075.json
恶,A,è,Ác,hung dữ,resolved,心,Bộ Tâm,record-radical,14,10,5,chars/6076.json
恸,C,tòng,Đỏng,đau buồn,not-resolved,,,not-resolved,2,0,7,chars/6078.json
恹,B,yān,,dùng trong 懨懨|恹恹[yan1 yan1],resolved,心,Bộ Tâm,record-radical,2,0,7,chars/6079.json
恺,B,kǎi,,vui vẻ; nhân từ,resolved,心,Bộ Tâm,record-radical,2,0,7,chars/607A.json
恻,B,cè,,đau buồn,resolved,心,Bộ Tâm,record-radical,4,0,7,chars/607B.json
恼,A,nǎo,Não,nổi giận,resolved,心,Bộ Tâm,record-radical,7,10,4,chars/607C.json
恽,C,Yùn,,họ [Yun4],not-resolved,,,not-resolved,0,0,7,chars/607D.json
恿,B,yǒng,,xúi giục; kích động,resolved,心,Bộ Tâm,record-radical,1,0,7,chars/607F.json
悀,C,yǒng,,tức giận; thích,not-resolved,,,not-resolved,0,0,7,chars/6080.json
悁,C,juān,Quyên,tức giận; buồn,not-resolved,,,not-resolved,0,0,7,chars/6081.json
悃,B,kǔn,,chân thành,resolved,心,Bộ Tâm,record-radical,0,0,7,chars/6083.json
悄,A,qiāo,,dùng trong 悄悄[qiao1 qiao1],resolved,心,Bộ Tâm,record-radical,6,4,5,chars/6084.json
悆,C,yù,,vui vẻ,not-resolved,,,not-resolved,0,0,7,chars/6086.json
悉,A,xī,Tạt,trong mọi trường hợp; biết,resolved,心,Bộ Tâm,record-radical,6,10,4,chars/6089.json
悊,C,zhé,,tôn kính; tôn trọng,not-resolved,,,not-resolved,0,0,7,chars/608A.json
悌,C,tì,Đễ,làm tròn bổn phận của người em trai,not-resolved,,,not-resolved,2,0,7,chars/608C.json
悍,B,hàn,Hãn,anh hùng; quả cảm,resolved,心,Bộ Tâm,record-radical,6,0,7,chars/608D.json
悐,C,tì,,"tôn trọng, kính trọng; kính sợ, lo sợ",not-resolved,,,not-resolved,0,0,7,chars/6090.json
悑,C,bù,Bỏ,biến thể cũ của 怖[bu4],not-resolved,,,not-resolved,0,0,7,chars/6091.json
悒,B,yì,,lo âu; lo lắng,resolved,心,Bộ Tâm,record-radical,0,0,7,chars/6092.json
悔,A,huǐ,Hối,(dạng kết hợp) hối hận; ăn năn,resolved,心,Bộ Tâm,record-radical,6,10,4,chars/6094.json
悖,B,bèi,,đi ngược lại; trái với,resolved,心,Bộ Tâm,record-radical,5,0,7,chars/6096.json
悚,B,sǒng,,sợ hãi,resolved,心,Bộ Tâm,record-radical,4,0,7,chars/609A.json
悛,B,quān,Thoăn,cải tạo,resolved,心,Bộ Tâm,record-radical,1,0,7,chars/609B.json
悜,C,chěng,Chường,mơ hồ,not-resolved,,,not-resolved,0,0,7,chars/609C.json
悝,B,kuī,,chế nhạo,resolved,心,Bộ Tâm,record-radical,0,0,7,chars/609D.json
悟,A,wù,,lĩnh hội; hiểu ra,resolved,心,Bộ Tâm,record-radical,6,10,6,chars/609F.json
悠,A,yōu,,kéo dài hoặc chậm rãi; xa xôi trong thời gian hoặc không gian,resolved,心,Bộ Tâm,record-radical,7,10,5,chars/60A0.json
患,A,huàn,Hoạn,bị,resolved,心,Bộ Tâm,record-radical,8,10,6,chars/60A3.json
悦,A,yuè,Dột,vui lòng,resolved,心,Bộ Tâm,record-radical,7,10,6,chars/60A6.json
悧,C,lì,Rượi,trôi chảy; năng động,not-resolved,,,not-resolved,0,0,7,chars/60A7.json
您,A,nín,,Ngài,resolved,心,Bộ Tâm,record-radical,1,10,2,chars/60A8.json
悩,C,nǎo,,biến thể tiếng Nhật của 惱|恼,not-resolved,,,not-resolved,0,0,7,chars/60A9.json
悪,C,è,,biến thể tiếng Nhật của 惡|恶[e4],not-resolved,,,not-resolved,0,0,7,chars/60AA.json
悫,B,què,,thật thà,resolved,心,Bộ Tâm,record-radical,0,0,7,chars/60AB.json
悬,C,xuán,,treo,not-resolved,,,not-resolved,7,10,6,chars/60AC.json
悭,C,qiān,Ghen,keo kiệt,not-resolved,,,not-resolved,1,0,7,chars/60AD.json
悮,C,wù,,cản trở; trì hoãn,not-resolved,,,not-resolved,0,0,7,chars/60AE.json
悯,A,mǐn,Mẫn,thông cảm; thương hại; cảm thấy thương xót; (văn học) cảm thấy đau buồn; đau lòng,resolved,心,Bộ Tâm,record-radical,5,1,7,chars/60AF.json
悰,C,cóng,,niềm vui,not-resolved,,,not-resolved,0,0,7,chars/60B0.json
悱,B,fěi,,muốn diễn đạt suy nghĩ nhưng không thể,resolved,心,Bộ Tâm,record-radical,1,0,7,chars/60B1.json
悲,A,bēi,Bi,buồn; nỗi buồn,resolved,心,Bộ Tâm,record-radical,11,10,5,chars/60B2.json
悴,B,cuì,Xót,hốc hác; buồn,resolved,心,Bộ Tâm,record-radical,1,0,7,chars/60B4.json
悷,C,lì,,buồn bã,not-resolved,,,not-resolved,0,0,7,chars/60B7.json
悸,B,jì,,đập nhanh,resolved,心,Bộ Tâm,record-radical,6,0,7,chars/60B8.json
悻,A,xìng,,tức giận,resolved,心,Bộ Tâm,record-radical,1,2,7,chars/60BB.json
悼,A,dào,Điệu,thương tiếc; thương xót,resolved,心,Bộ Tâm,record-radical,6,10,6,chars/60BC.json
悾,C,kōng,,chất phác; chân thành,not-resolved,,,not-resolved,0,0,7,chars/60BE.json
惄,C,nì,,phiền muộn; đói khát,not-resolved,,,not-resolved,0,0,7,chars/60C4.json
情,A,qíng,Tình,tình cảm,resolved,心,Bộ Tâm,record-radical,20,10,2,chars/60C5.json
惆,B,chóu,,buồn bã; phiền muộn,resolved,心,Bộ Tâm,record-radical,1,0,7,chars/60C6.json
惇,C,dūn,Run,nhân hậu; thành thật,not-resolved,,,not-resolved,0,0,7,chars/60C7.json
惈,C,guǒ,,dũng cảm; quyết tâm và táo bạo,not-resolved,,,not-resolved,0,0,7,chars/60C8.json
惊,A,jīng,Kinh,giật mình; bị hoảng sợ,resolved,心,Bộ Tâm,record-radical,19,10,4,chars/60CA.json
惋,A,wǎn,,thở dài tiếc nuối hoặc thương hại; Phát âm Đài Loan: [wan4],resolved,心,Bộ Tâm,record-radical,1,7,6,chars/60CB.json
惌,C,yuān,,oán hận,not-resolved,,,not-resolved,0,0,7,chars/60CC.json
惎,C,jì,,làm hại; phỉ báng,not-resolved,,,not-resolved,0,0,7,chars/60CE.json
惏,C,lín,Lầm,lạnh; lạnh lẽo,not-resolved,,,not-resolved,0,0,7,chars/60CF.json
惑,C,huò,Hoặc,làm bối rối; bị bối rối,not-resolved,,,not-resolved,7,10,6,chars/60D1.json
惒,C,hé,,biến thể cũ của 和[he2],not-resolved,,,not-resolved,0,0,7,chars/60D2.json
惓,B,quán,,tha thiết,resolved,心,Bộ Tâm,record-radical,0,0,7,chars/60D3.json
惔,C,tán,,cháy,not-resolved,,,not-resolved,0,0,7,chars/60D4.json
惕,A,tì,Thích,sợ hãi; tôn kính,resolved,心,Bộ Tâm,record-radical,3,4,6,chars/60D5.json
惘,B,wǎng,,thất vọng; bối rối,resolved,心,Bộ Tâm,record-radical,4,0,7,chars/60D8.json
惙,B,chuò,,buồn rầu; không chắc chắn,resolved,心,Bộ Tâm,record-radical,0,0,7,chars/60D9.json
惚,C,hū,Hốt,mơ hồ,not-resolved,,,not-resolved,4,2,7,chars/60DA.json
惛,C,hūn,Hôn,mơ màng; đãng trí,not-resolved,,,not-resolved,0,0,7,chars/60DB.json
惜,C,xī,Tiếc,trân trọng; tiếc,not-resolved,,,not-resolved,6,10,4,chars/60DC.json
惝,B,chǎng,Sượng,thất vọng; thiếu sức sống,resolved,心,Bộ Tâm,record-radical,1,0,7,chars/60DD.json
惟,C,wéi,,chủ nghĩa; chỉ,not-resolved,,,not-resolved,6,0,7,chars/60DF.json
惠,A,Huì,Huệ,họ [Hui4],resolved,心,Bộ Tâm,record-radical,6,10,5,chars/60E0.json
惦,A,diàn,Điếm,nghĩ đến; nhớ,resolved,心,Bộ Tâm,record-radical,2,5,6,chars/60E6.json
惧,A,jù,,sợ hãi,resolved,心,Bộ Tâm,record-radical,6,10,6,chars/60E7.json
惨,A,cǎn,Thảm,bi thảm,resolved,心,Bộ Tâm,record-radical,8,10,6,chars/60E8.json
惩,A,chéng,Trừng,trừng phạt; khiển trách,resolved,心,Bộ Tâm,record-radical,6,10,6,chars/60E9.json
惫,C,bèi,,kiệt quệ,not-resolved,,,not-resolved,4,10,6,chars/60EB.json
惬,A,qiè,,biến thể của 愜|惬[qie4],resolved,心,Bộ Tâm,record-radical,1,1,7,chars/60EC.json
惭,A,cán,,biến thể của 慚|惭[can2],resolved,心,Bộ Tâm,record-radical,4,3,5,chars/60ED.json
惮,B,dàn,Dạn,sợ; hãi,resolved,心,Bộ Tâm,record-radical,2,0,6,chars/60EE.json
惯,A,guàn,Quen,thói quen,resolved,心,Bộ Tâm,record-radical,8,10,3,chars/60EF.json
惰,A,duò,,lười biếng,resolved,心,Bộ Tâm,record-radical,4,4,6,chars/60F0.json
想,A,xiǎng,Tưởng,nghĩ,resolved,心,Bộ Tâm,record-radical,20,10,1,chars/60F3.json
惴,B,zhuì,Nhoai,lo lắng; bất an,resolved,心,Bộ Tâm,record-radical,1,0,7,chars/60F4.json
惶,B,huáng,Hoàng,(hình thức kết hợp) sợ hãi; kinh sợ,resolved,心,Bộ Tâm,record-radical,6,0,7,chars/60F6.json
惸,C,qióng,,biến thể của 煢|茕[qiong2],not-resolved,,,not-resolved,0,0,7,chars/60F8.json
惹,A,rě,,khiêu khích,resolved,心,Bộ Tâm,record-radical,7,7,6,chars/60F9.json
惺,C,xīng,,bình tĩnh; hiểu,not-resolved,,,not-resolved,4,1,7,chars/60FA.json
愀,B,qiǎo,Xỉu,thay đổi nét mặt; lo lắng,resolved,心,Bộ Tâm,record-radical,0,0,7,chars/6100.json
愁,A,chóu,Sầu,"nhớ nhung, lo lắng",resolved,心,Bộ Tâm,record-radical,7,10,5,chars/6101.json
愃,C,xuān,,khỏe mạnh,not-resolved,,,not-resolved,0,0,7,chars/6103.json
愆,B,qiān,Khiền,lỗi; lầm,resolved,心,Bộ Tâm,record-radical,2,0,7,chars/6106.json
愈,A,yù,Rủ,được chữa khỏi,resolved,心,Bộ Tâm,record-radical,6,10,6,chars/6108.json
愉,A,yú,,vui vẻ,resolved,心,Bộ Tâm,record-radical,3,10,4,chars/6109.json
愊,C,bì,Bực,u sầu; chân thành,not-resolved,,,not-resolved,0,0,7,chars/610A.json
愍,B,mǐn,Mẫn,biến thể của 憫|悯[min3],resolved,心,Bộ Tâm,record-radical,0,0,7,chars/610D.json
愎,C,bì,,ngang ngược; bướng bỉnh,not-resolved,,,not-resolved,2,0,7,chars/610E.json
意,A,Yì,Ý,Ý; tiếng Ý (viết tắt của 意大利[Yi4 da4 li4]),resolved,心,Bộ Tâm,record-radical,20,10,2,chars/610F.json
愐,C,miǎn,Giợn,e thẹn,not-resolved,,,not-resolved,0,0,7,chars/6110.json
愑,C,yǒng,,biến thể của 悀[yong3],not-resolved,,,not-resolved,0,0,7,chars/6111.json
愒,C,kài,,khao khát,not-resolved,,,not-resolved,0,0,7,chars/6112.json
愓,C,dàng,,hoang phí,not-resolved,,,not-resolved,0,0,7,chars/6113.json
愔,C,yīn,,bình yên; trang nghiêm,not-resolved,,,not-resolved,0,0,7,chars/6114.json
愕,B,è,Ngạc,kinh ngạc,resolved,心,Bộ Tâm,record-radical,2,0,7,chars/6115.json
愚,A,yú,Ngu,ngu ngốc; lừa gạt hoặc lừa dối,resolved,心,Bộ Tâm,record-radical,7,10,6,chars/611A.json
感,A,gǎn,Cảm,cảm thấy; cảm giác,resolved,心,Bộ Tâm,record-radical,20,10,3,chars/611F.json
愠,B,yùn,,phẫn nộ; cảm thấy tổn thương,resolved,心,Bộ Tâm,record-radical,1,0,7,chars/6120.json
愣,A,lèng,,sững sờ,resolved,心,Bộ Tâm,record-radical,6,6,6,chars/6123.json
愤,A,fèn,Phẫn,phẫn nộ; tức giận,resolved,心,Bộ Tâm,record-radical,7,10,6,chars/6124.json
愦,B,kuì,,bối rối; phiền muộn,resolved,心,Bộ Tâm,record-radical,0,0,7,chars/6126.json
愧,A,kuì,,biến thể cũ của 愧[kui4],resolved,心,Bộ Tâm,record-radical,6,10,5,chars/6127.json
愫,C,sù,,chân thành; thành khẩn,not-resolved,,,not-resolved,1,0,7,chars/612B.json
愮,C,yáo,,"lo lắng, kích động",not-resolved,,,not-resolved,0,0,7,chars/612E.json
愯,C,sǒng,,biến thể cũ của 悚[song3],not-resolved,,,not-resolved,0,0,7,chars/612F.json
愼,C,shèn,,biến thể của 慎[shen4],not-resolved,,,not-resolved,0,0,7,chars/613C.json
愿,A,yuàn,Nguyện,"ước, nguyện",resolved,心,Bộ Tâm,record-radical,16,10,3,chars/613F.json
慁,C,hùn,,bối rối; không tôn trọng,not-resolved,,,not-resolved,0,0,7,chars/6141.json
慅,C,sāo,,bồi hồi,not-resolved,,,not-resolved,0,0,7,chars/6145.json
慆,C,tāo,,hân hoan,not-resolved,,,not-resolved,0,0,7,chars/6146.json
慇,C,yīn,Ân,ân cần,not-resolved,,,not-resolved,0,0,7,chars/6147.json
慈,A,cí,Từ,đầy lòng trắc ẩn; nhẹ nhàng,resolved,心,Bộ Tâm,record-radical,7,10,6,chars/6148.json
慉,C,xù,,nuôi dưỡng; chịu đựng,not-resolved,,,not-resolved,0,0,7,chars/6149.json
慊,B,qiàn,,không hài lòng,resolved,心,Bộ Tâm,record-radical,0,0,7,chars/614A.json
慌,A,huāng,Hoảng,hoảng loạn; mất bình tĩnh; (thông tục) (sau 得[de2]) không chịu nổi; kinh khủng,resolved,心,Bộ Tâm,record-radical,7,10,5,chars/614C.json
慎,A,shèn,Thận,cẩn thận; thận trọng,resolved,心,Bộ Tâm,record-radical,6,10,5,chars/614E.json
慑,A,shè,Tiệp / Điệp,kinh hãi,resolved,心,Bộ Tâm,record-radical,5,6,7,chars/6151.json
慕,C,mù,Mộ,hâm mộ,not-resolved,,,not-resolved,6,5,4,chars/6155.json
慜,C,mǐn,,thông minh; biến thể cũ của 愍[min3],not-resolved,,,not-resolved,0,0,7,chars/615C.json
慝,C,tè,,ý nghĩ xấu,not-resolved,,,not-resolved,0,0,7,chars/615D.json
慢,A,màn,Mạn,chậm,resolved,心,Bộ Tâm,record-radical,8,10,2,chars/6162.json
慥,C,zào,,chân thành,not-resolved,,,not-resolved,0,0,7,chars/6165.json
慧,A,huì,,thông minh,resolved,心,Bộ Tâm,record-radical,6,10,5,chars/6167.json
慨,A,kǎi,Khái,biến thể cũ của 慨[kai3]; thở dài (với cảm xúc),resolved,心,Bộ Tâm,record-radical,6,10,6,chars/6168.json
慬,C,jǐn,Cỡn,(văn học) dũng cảm; lo lắng,not-resolved,,,not-resolved,0,0,7,chars/616C.json
慭,C,yìn,,(văn học) muốn; thích hơn; (văn học) chịu tổn hại hoặc mất mát,not-resolved,,,not-resolved,0,0,7,chars/616D.json
慰,A,wèi,Uý,an ủi; phân ưu,resolved,心,Bộ Tâm,record-radical,6,10,5,chars/6170.json
慱,C,tuán,,buồn,not-resolved,,,not-resolved,0,0,7,chars/6171.json
慵,B,yōng,Thuồng,uể oải,resolved,心,Bộ Tâm,record-radical,1,0,7,chars/6175.json
慷,A,kāng,Khảng,dùng trong 慷慨|慷慨[kang1 kai3],resolved,心,Bộ Tâm,record-radical,4,5,6,chars/6177.json
慿,C,píng,,biến thể cũ của 憑|凭[ping2],not-resolved,,,not-resolved,0,0,7,chars/617F.json
憀,C,liáo,,dựa vào,not-resolved,,,not-resolved,0,0,7,chars/6180.json
憃,C,chōng,,ngốc nghếch; ngu ngốc,not-resolved,,,not-resolved,0,0,7,chars/6183.json
憋,B,biē,,kìm nén,resolved,心,Bộ Tâm,record-radical,3,0,6,chars/618B.json
憍,C,jiāo,,kiêu ngạo,not-resolved,,,not-resolved,0,0,7,chars/618D.json
憎,A,zēng,,ghét,resolved,心,Bộ Tâm,record-radical,6,2,7,chars/618E.json
憔,B,qiáo,Tiều,hốc hác,resolved,心,Bộ Tâm,record-radical,1,0,7,chars/6194.json
憙,C,xǐ,,biến thể của 喜[xi3],not-resolved,,,not-resolved,0,0,7,chars/6199.json
憝,B,duì,,không thích; ghét,resolved,心,Bộ Tâm,record-radical,1,0,7,chars/619D.json
憧,B,chōng,,dùng trong 憧憬[chong1jing3]; dùng trong 憧憧[chong1chong1],resolved,心,Bộ Tâm,record-radical,1,0,7,chars/61A7.json
憨,A,hān,Hám,"ngây thơ, khờ khạo, chất phác",resolved,心,Bộ Tâm,record-radical,5,2,7,chars/61A8.json
憩,A,qì,,biến thể của 憩[qi4],resolved,心,Bộ Tâm,record-radical,3,1,7,chars/61A9.json
憪,C,xián,,"điềm tĩnh, hài lòng",not-resolved,,,not-resolved,0,0,7,chars/61AA.json
憬,B,jǐng,,thức tỉnh,resolved,心,Bộ Tâm,record-radical,2,0,7,chars/61AC.json
憭,C,liǎo,Trêu,rõ ràng; dễ hiểu,not-resolved,,,not-resolved,0,0,7,chars/61AD.json
憯,C,cǎn,,đã; đau buồn,not-resolved,,,not-resolved,0,0,7,chars/61AF.json
憷,C,chù,,sợ hãi,not-resolved,,,not-resolved,3,0,7,chars/61B7.json
憸,C,xiān,,khéo léo; tâng bốc,not-resolved,,,not-resolved,0,0,7,chars/61B8.json
憺,C,dàn,,bình yên,not-resolved,,,not-resolved,0,0,7,chars/61BA.json
憾,A,hàn,Hám,hối tiếc (cảm giác mất mát hoặc không hài lòng),resolved,心,Bộ Tâm,record-radical,4,7,5,chars/61BE.json
懂,A,dǒng,,"hiểu, biết",resolved,心,Bộ Tâm,record-radical,6,10,2,chars/61C2.json
懅,C,qú,,bẽn lẽn; xấu hổ,not-resolved,,,not-resolved,0,0,7,chars/61C5.json
懆,C,cǎo,,lo lắng; buồn bã,not-resolved,,,not-resolved,0,0,7,chars/61C6.json
懈,A,xiè,,lỏng lẻo; cẩu thả,resolved,心,Bộ Tâm,record-radical,6,7,7,chars/61C8.json
懊,A,ào,Ảo,hối tiếc,resolved,心,Bộ Tâm,record-radical,3,2,7,chars/61CA.json
懋,B,mào,,chăm chỉ; tươi tốt,resolved,心,Bộ Tâm,record-radical,1,0,7,chars/61CB.json
懐,C,huái,,biến thể tiếng Nhật của 懷|怀[huai2],not-resolved,,,not-resolved,0,0,7,chars/61D0.json
懑,C,mèn,,u sầu,not-resolved,,,not-resolved,1,0,7,chars/61D1.json
懒,A,lǎn,,lười biếng,resolved,心,Bộ Tâm,record-radical,7,10,4,chars/61D2.json
懔,B,lǐn,,sợ hãi,resolved,心,Bộ Tâm,record-radical,0,0,7,chars/61D4.json
懞,B,méng,Mong,biến thể của 蒙[meng2],resolved,心,Bộ Tâm,record-radical,0,0,7,chars/61DE.json
懠,C,qí,,tức giận,not-resolved,,,not-resolved,0,0,7,chars/61E0.json
懥,C,zhì,,tức giận,not-resolved,,,not-resolved,0,0,7,chars/61E5.json
懦,B,nuò,Nhụa,đần độn; nhút nhát,resolved,心,Bộ Tâm,record-radical,4,0,7,chars/61E6.json
懫,C,zhí,,tức giận; oán hận,not-resolved,,,not-resolved,0,0,7,chars/61EB.json
懮,B,yǒu,,đau buồn; thư thái,resolved,心,Bộ Tâm,record-radical,0,0,7,chars/61EE.json
懰,C,liú,,đáng yêu; xinh đẹp,not-resolved,,,not-resolved,0,0,7,chars/61F0.json
懱,C,miè,,biến thể của 蔑[mie4],not-resolved,,,not-resolved,0,0,7,chars/61F1.json
懵,B,měng,,ngu ngốc,resolved,心,Bộ Tâm,record-radical,2,0,7,chars/61F5.json
懿,B,yì,,(văn học) gương mẫu; đức hạnh,resolved,心,Bộ Tâm,record-radical,2,0,7,chars/61FF.json
戁,C,nǎn,,kính sợ,not-resolved,,,not-resolved,0,0,7,chars/6201.json
戄,C,jué,,sợ hãi; khiếp sợ,not-resolved,,,not-resolved,0,0,7,chars/6204.json
戆,B,gàng,,ngu ngốc (phương ngữ Ngô),resolved,心,Bộ Tâm,record-radical,0,0,7,chars/6206.json
戈,A,Gē,Qua,họ [Ge1],resolved,戈,Bộ Qua,self-radical,7,8,7,chars/6208.json
戉,C,yuè,,biến thể của 鉞|钺[yue4],not-resolved,,,not-resolved,0,0,7,chars/6209.json
戊,C,wù,Mậu,thiên can thứ năm trong Mười Thiên Can 十天干[shi2 tian1 gan1]; thứ năm trong thứ tự,not-resolved,,,not-resolved,6,0,7,chars/620A.json
戋,B,jiān,,hẹp; nhỏ,resolved,戈,Bộ Qua,record-radical,0,0,7,chars/620B.json
戌,C,qu,Tuất,dùng trong 屈戌兒|屈戌儿[qu1 qu5 r5],not-resolved,,,not-resolved,6,0,7,chars/620C.json
戍,B,shù,Thú,đồn trú,resolved,人,Bộ Nhân,record-radical,6,0,7,chars/620D.json
戎,C,Róng,Nhung,họ [Rong2],not-resolved,,,not-resolved,6,2,7,chars/620E.json
戏,A,xì,,kịch,resolved,戈,Bộ Qua,record-radical,14,10,3,chars/620F.json
成,C,chéng,Thành,trở thành,not-resolved,,,not-resolved,20,10,3,chars/6210.json
我,A,wǒ,Ngã,tôi,resolved,戈,Bộ Qua,record-radical,6,10,1,chars/6211.json
戒,A,jiè,Giới,từ bỏ,resolved,戈,Bộ Qua,record-radical,7,10,5,chars/6212.json
戕,B,qiāng,,giết; làm bị thương,resolved,戈,Bộ Qua,record-radical,2,0,7,chars/6215.json
或,A,huò,Hoặc,hoặc,resolved,口,Bộ Khẩu,record-radical,6,10,3,chars/6216.json
戗,B,qiāng,,trái ngược; đẩy lại,resolved,戈,Bộ Qua,record-radical,1,0,7,chars/6217.json
战,A,zhàn,Chiến,chiến đấu; trận chiến,resolved,戈,Bộ Qua,record-radical,14,10,5,chars/6218.json
戚,C,qī,Thích,biến thể của 戚[qi1]; nỗi đau,not-resolved,,,not-resolved,6,8,4,chars/621A.json
戛,C,jiá,Giát,giáo; gõ,not-resolved,,,not-resolved,4,0,7,chars/621B.json
戜,C,dié,,,not-resolved,,,not-resolved,0,0,,chars/621C.json
戝,C,zéi,,biến thể cũ của 賊|贼[zei2],not-resolved,,,not-resolved,0,0,7,chars/621D.json
戟,C,jǐ,Kích,kích; vũ khí cán dài với mũi nhọn và lưỡi hình trăng khuyết,not-resolved,,,not-resolved,1,0,7,chars/621F.json
戠,B,zhí,,thu thập; biến thể cũ của 埴[zhi2],resolved,音,Bộ Âm,record-radical,0,0,7,chars/6220.json
戡,B,kān,,giết; đàn áp,resolved,戈,Bộ Qua,record-radical,0,0,7,chars/6221.json
戢,B,Jí,,họ [Ji2],resolved,戈,Bộ Qua,record-radical,0,0,7,chars/6222.json
戣,C,kuí,,một loại giáo,not-resolved,,,not-resolved,0,0,7,chars/6223.json
戤,C,gài,,xâm phạm thương hiệu,not-resolved,,,not-resolved,0,0,7,chars/6224.json
戥,B,děng,,cân tiểu ly để cân tiền,resolved,戈,Bộ Qua,record-radical,0,0,7,chars/6225.json
戦,C,zhàn,,biến thể tiếng Nhật của 戰|战,not-resolved,,,not-resolved,0,0,7,chars/6226.json
截,C,jié,Tiệt,cắt đứt,not-resolved,,,not-resolved,7,10,6,chars/622A.json
戬,B,jiǎn,,làm đến mức tối đa; cắt,resolved,戈,Bộ Qua,record-radical,0,0,7,chars/622C.json
戭,C,yǎn,,cái giáo,not-resolved,,,not-resolved,0,0,7,chars/622D.json
戮,B,lù,,gọt bằng dao; biến thể cũ của 戮[lu4],resolved,戈,Bộ Qua,record-radical,5,0,7,chars/622E.json
戱,C,xì,,biến thể của 戲|戏[xi4],not-resolved,,,not-resolved,0,0,7,chars/6231.json
戳,A,chuō,,chọc,resolved,戈,Bộ Qua,record-radical,6,2,7,chars/6233.json
戴,C,dài,,đeo,not-resolved,,,not-resolved,8,10,4,chars/6234.json
户,C,hù,Hộ,hộ gia đình,not-resolved,,,not-resolved,12,10,4,chars/6237.json
戸,C,hù,,biến thể của 戶|户[hu4],not-resolved,,,not-resolved,0,0,7,chars/6238.json
戺,C,shì,,bản lề cửa,not-resolved,,,not-resolved,0,0,7,chars/623A.json
戻,C,lì,,biến thể Nhật Bản của 戾[li4],not-resolved,,,not-resolved,0,0,7,chars/623B.json
戽,B,hù,,gầu nước để tưới tiêu,resolved,斗,"Bộ Đấu, Đẩu",record-radical,0,0,7,chars/623D.json
戾,C,lì,Lệ,bẻ cong; vi phạm,not-resolved,,,not-resolved,3,0,7,chars/623E.json
房,A,Fáng,Phòng,họ [Fang2],resolved,戶,Bộ Hộ,record-radical,17,10,2,chars/623F.json
所,A,suǒ,Sỡ,cơ sở,resolved,斤,Bộ Cân,record-radical,20,10,5,chars/6240.json
扁,C,biǎn,Biển,phẳng,not-resolved,,,not-resolved,6,1,6,chars/6241.json
扂,C,diàn,,then cửa,not-resolved,,,not-resolved,0,0,7,chars/6242.json
扃,C,jiōng,,(văn học) đóng hoặc cài cửa; cửa,not-resolved,,,not-resolved,0,0,7,chars/6243.json
扆,C,Yǐ,,họ [Yi3],not-resolved,,,not-resolved,0,0,7,chars/6246.json
扇,C,shān,Phiến,đánh bằng lòng bàn tay,not-resolved,,,not-resolved,6,9,5,chars/6247.json
扈,B,Hù,,họ [Hu4],resolved,邑,Bộ Ấp,record-radical,2,0,7,chars/6248.json
扉,C,fēi,,cửa một cánh,not-resolved,,,not-resolved,2,1,7,chars/6249.json
扊,C,yǎn,,thanh đứng để cài cửa,not-resolved,,,not-resolved,0,0,7,chars/624A.json
手,A,shǒu,Thủ,tay,resolved,手,Bộ Thủ,self-radical,20,10,2,chars/624B.json
扌,B,shǒu,,"Tay, hành động bằng tay.",resolved,手,Bộ Thủ,radical-variant,0,0,7,chars/624C.json
才,C,cái,Tài,chỉ,not-resolved,,,not-resolved,10,10,3,chars/624D.json
扎,C,zhā,Trát,châm,not-resolved,,,not-resolved,8,10,6,chars/624E.json
扐,C,lè,,bói bằng cỏ,not-resolved,,,not-resolved,0,0,7,chars/6250.json
扑,A,pū,Bốc,lao tới,resolved,手,Bộ Thủ,record-radical,8,10,6,chars/6251.json
扒,B,bā,Bắt,cào,resolved,手,Bộ Thủ,record-radical,6,0,6,chars/6252.json
打,A,dǎ,Đả,chơi,resolved,手,Bộ Thủ,record-radical,20,10,1,chars/6253.json
扔,A,rēng,Nẫy,ném,resolved,手,Bộ Thủ,record-radical,3,3,4,chars/6254.json
払,B,fǎn,Chàng,lấy; lấy đi,resolved,手,Bộ Thủ,record-radical,0,0,7,chars/6255.json
扗,C,zài,Nhổ,biến thể cũ của 在[zai4],not-resolved,,,not-resolved,0,0,7,chars/6257.json
托,A,tuō,Thác / Thách / Thốc / Thước / Thướt,"nâng bằng tay; đỡ bằng lòng bàn tay; vật dùng để đỡ: cái chống, cái gác (ví dụ: chỗ gác tay)",resolved,手,Bộ Thủ,record-radical,12,10,5,chars/6258.json
扛,C,káng,Giăng,vác,not-resolved,,,not-resolved,0,1,6,chars/625B.json
扠,C,chā,Xoa,"cài, chĩa",not-resolved,,,not-resolved,0,0,7,chars/6260.json
扡,C,chǐ,,kéo theo,not-resolved,,,not-resolved,0,0,7,chars/6261.json
扢,B,gǔ,Ngắt,lau; chà,resolved,手,Bộ Thủ,record-radical,0,0,7,chars/6262.json
扣,A,kòu,Khấu,nút,resolved,手,Bộ Thủ,record-radical,10,10,6,chars/6263.json
扤,C,wù,,lắc; lung lay,not-resolved,,,not-resolved,0,0,7,chars/6264.json
扦,B,qiān,Xiên,"mảnh kim loại, tre, v.v. ngắn và nhọn; xiên",resolved,手,Bộ Thủ,record-radical,0,0,7,chars/6266.json
执,A,zhí,Chấp,thực hiện (kế hoạch); nắm bắt,resolved,手,Bộ Thủ,record-radical,9,10,5,chars/6267.json
扩,A,kuò,Quẳng,mở rộng,resolved,广,Bộ Nghiễm,record-radical,7,10,5,chars/6269.json
扪,B,mén,,đặt tay lên; che phủ,resolved,手,Bộ Thủ,record-radical,2,0,7,chars/626A.json
扫,A,sǎo,Tảo,quét,resolved,手,Bộ Thủ,record-radical,9,10,3,chars/626B.json
扬,A,yáng,Dương,nâng lên,resolved,手,Bộ Thủ,record-radical,13,10,4,chars/626C.json
扭,A,niǔ,,xoắn,resolved,手,Bộ Thủ,record-radical,6,10,6,chars/626D.json
扮,A,bàn,,ăn mặc,resolved,手,Bộ Thủ,record-radical,6,10,4,chars/626E.json
扯,A,chě,Chải,xé,resolved,手,Bộ Thủ,record-radical,6,5,6,chars/626F.json
扰,A,rǎo,Nhiễu,làm phiền,resolved,手,Bộ Thủ,record-radical,6,10,4,chars/6270.json
扱,C,xī,Gắp,thu thập; nhận,not-resolved,,,not-resolved,0,0,7,chars/6271.json
扳,B,bān,Bẳn,kéo,resolved,手,Bộ Thủ,record-radical,6,0,7,chars/6273.json
扶,A,fú,Phù,hỗ trợ,resolved,手,Bộ Thủ,record-radical,6,10,5,chars/6276.json
批,A,pī,Phê,lô,resolved,手,Bộ Thủ,record-radical,7,10,5,chars/6279.json
扻,C,zì,,đánh; chạy va vào,not-resolved,,,not-resolved,0,0,7,chars/627B.json
扼,A,è,Ách,nắm chặt; túm lấy,resolved,手,Bộ Thủ,record-radical,6,2,7,chars/627C.json
扽,C,dèn,Đùn,giật mạnh; kéo căng,not-resolved,,,not-resolved,0,0,7,chars/627D.json
找,A,zhǎo,Quơ,tìm kiếm,resolved,手,Bộ Thủ,record-radical,6,10,2,chars/627E.json
承,C,Chéng,Thừa,"họ [Cheng2]; Cheng (khoảng 2000 trước Công nguyên), vị thứ ba trong truyền thuyết về Viêm Đế 炎帝[Yan2 di4] xuất thân từ Thần Nông 神農|神农[Shen2 nong2] Thần Nông",not-resolved,,,not-resolved,9,10,5,chars/627F.json
技,A,jì,Kĩ,kỹ năng,resolved,手,Bộ Thủ,record-radical,13,10,4,chars/6280.json
抃,B,biàn,Bện,vỗ tay,resolved,手,Bộ Thủ,record-radical,0,0,7,chars/6283.json
抄,A,chāo,Sao,"chép, phiên âm",resolved,手,Bộ Thủ,record-radical,6,10,5,chars/6284.json
抆,C,wèn,Vặn,lau chùi,not-resolved,,,not-resolved,0,0,7,chars/6286.json
抈,C,yuè,Ngoắt,bẻ cong,not-resolved,,,not-resolved,0,0,7,chars/6288.json
抉,C,jué,Khoét,móc ra; lựa chọn,not-resolved,,,not-resolved,1,1,7,chars/6289.json
把,A,bǎ,Bã,giới từ 'ba',resolved,手,Bộ Thủ,record-radical,7,10,3,chars/628A.json
抌,C,zhěn,,"tát nước, múc nước",not-resolved,,,not-resolved,0,0,7,chars/628C.json
抏,C,wán,,tiêu thụ; hao tổn,not-resolved,,,not-resolved,0,0,7,chars/628F.json
抑,A,yì,Ức,kiềm chế; hạn chế,resolved,手,Bộ Thủ,record-radical,7,10,6,chars/6291.json
抒,C,shū,Trữ,bày tỏ; thể hiện,not-resolved,,,not-resolved,6,8,6,chars/6292.json
抓,A,zhuā,Co,"bắt, nắm bắt",resolved,手,Bộ Thủ,record-radical,6,10,5,chars/6293.json
抔,C,póu,Bồi,bốc bằng hai tay,not-resolved,,,not-resolved,0,0,7,chars/6294.json
投,A,tóu,Đầu,ném,resolved,手,Bộ Thủ,record-radical,14,10,5,chars/6295.json
抖,A,dǒu,,rung,resolved,手,Bộ Thủ,record-radical,6,10,5,chars/6296.json
抗,A,kàng,Kháng,kháng; chống,resolved,手,Bộ Thủ,record-radical,9,10,6,chars/6297.json
折,A,zhé,Chiết,giảm giá,resolved,手,Bộ Thủ,record-radical,17,10,6,chars/6298.json
抚,A,fǔ,Vỗ,an ủi; vỗ về,resolved,手,Bộ Thủ,record-radical,8,10,6,chars/629A.json
抛,A,pāo,Phao,ném,resolved,手,Bộ Thủ,record-radical,6,10,6,chars/629B.json
抜,C,bá,,biến thể tiếng Nhật của 拔[ba2],not-resolved,,,not-resolved,0,0,7,chars/629C.json
択,C,zé,,biến thể tiếng Nhật của 擇|择,not-resolved,,,not-resolved,0,0,7,chars/629E.json
抟,B,tuán,,vo tròn bằng tay (biến thể của 團|团[tuan2]); (văn học) xoay quanh; lượn vòng,resolved,手,Bộ Thủ,record-radical,0,0,7,chars/629F.json
抠,B,kōu,Khua,đào ra,resolved,手,Bộ Thủ,record-radical,1,0,7,chars/62A0.json
抡,B,lún,,lựa chọn,resolved,手,Bộ Thủ,record-radical,1,0,7,chars/62A1.json
抢,A,qiǎng,,cướp,resolved,手,Bộ Thủ,record-radical,9,10,5,chars/62A2.json
护,A,hù,Hộ,bảo vệ,resolved,手,Bộ Thủ,record-radical,15,10,3,chars/62A4.json
报,A,bào,Báo,báo,resolved,手,Bộ Thủ,record-radical,20,10,2,chars/62A5.json
抦,C,bǐng,,biến thể cũ của 秉[bing3]; biến thể của 柄[bing3],not-resolved,,,not-resolved,0,0,7,chars/62A6.json
抨,A,pēng,Banh,công kích; chỉ trích,resolved,手,Bộ Thủ,record-radical,1,4,7,chars/62A8.json
披,C,pī,Phơ,choàng qua vai,not-resolved,,,not-resolved,6,10,5,chars/62AB.json
抬,A,tái,,"nâng, nhấc lên",resolved,手,Bộ Thủ,record-radical,7,7,4,chars/62AC.json
抱,A,bào,Bão,ôm,resolved,手,Bộ Thủ,record-radical,6,10,4,chars/62B1.json
抴,C,yè,,kéo; lôi,not-resolved,,,not-resolved,0,0,7,chars/62B4.json
抵,A,dǐ,,ấn vào; hỗ trợ,resolved,手,Bộ Thủ,record-radical,8,10,6,chars/62B5.json
抶,C,chì,Thắt,đánh; đòn roi,not-resolved,,,not-resolved,0,0,7,chars/62B6.json
抹,A,mǒ,,"Xóa, bôi, phết, lau chùi",resolved,手,Bộ Thủ,record-radical,6,7,6,chars/62B9.json
抻,B,chēn,,kéo; kéo căng,resolved,手,Bộ Thủ,record-radical,1,0,7,chars/62BB.json
押,A,yā,Áp,cầm cố,resolved,手,Bộ Thủ,record-radical,6,10,5,chars/62BC.json
抽,A,chōu,Trừu,hút,resolved,手,Bộ Thủ,record-radical,8,10,4,chars/62BD.json
抿,B,mǐn,,"vuốt tóc bằng lược ướt; (miệng, cánh, v.v.) khép nhẹ",resolved,手,Bộ Thủ,record-radical,0,0,7,chars/62BF.json
拂,A,bì,Phất,biến thể cũ của 弼[bi4],resolved,手,Bộ Thủ,record-radical,6,4,7,chars/62C2.json
拃,C,zhǎ,,gang (đơn vị đo chiều dài dựa trên độ rộng của bàn tay khi xoè ra); đo bằng gang tay,not-resolved,,,not-resolved,0,0,7,chars/62C3.json
拄,B,zhǔ,Chủ,dựa vào,resolved,手,Bộ Thủ,record-radical,0,0,6,chars/62C4.json
担,A,dàn,Đam / Đảm / Đẵn / Đắn / Đẵm / Tạ,gánh,resolved,手,Bộ Thủ,record-radical,10,10,3,chars/62C5.json
拆,A,chāi,Sách,tháo gỡ,resolved,手,Bộ Thủ,record-radical,6,10,5,chars/62C6.json
拇,B,mǔ,,ngón cái; ngón chân cái,resolved,手,Bộ Thủ,record-radical,4,0,7,chars/62C7.json
拈,C,niān,Chêm,"Nhón, nhón lấy, véo",not-resolved,,,not-resolved,3,2,7,chars/62C8.json
拉,A,lā,Lấp,kéo,resolved,手,Bộ Thủ,record-radical,13,10,4,chars/62C9.json
拊,B,fǔ,,vỗ,resolved,手,Bộ Thủ,record-radical,1,0,7,chars/62CA.json
拌,A,bàn,Bắn,khuấy và trộn,resolved,手,Bộ Thủ,record-radical,6,4,6,chars/62CC.json
拍,A,pāi,Phếch,chụp,resolved,手,Bộ Thủ,record-radical,9,10,5,chars/62CD.json
拎,B,līn,,xách,resolved,手,Bộ Thủ,record-radical,1,0,7,chars/62CE.json
拐,C,guǎi,Quảy / Quái / Quải / Quầy,khập khiễng,not-resolved,,,not-resolved,6,8,5,chars/62D0.json
拑,B,qián,Kiềm / Cùm,cái kìm; kẹp,resolved,手,Bộ Thủ,record-radical,0,0,7,chars/62D1.json
拒,A,jù,Cự,kháng cự; đẩy lùi,resolved,手,Bộ Thủ,record-radical,6,10,4,chars/62D2.json
拓,A,Tuò,,họ [Tuo4],resolved,手,Bộ Thủ,record-radical,6,10,6,chars/62D3.json
拔,A,bá,Bạt,"kéo ra, nhổ ra",resolved,手,Bộ Thủ,record-radical,9,10,6,chars/62D4.json
拖,A,tuō,Đà,kéo,resolved,手,Bộ Thủ,record-radical,6,10,6,chars/62D6.json
拗,A,ào,Húc,biến thể của 拗[ao4],resolved,手,Bộ Thủ,record-radical,4,2,7,chars/62D7.json
拘,A,jū,Câu,bắt; giam giữ,resolved,手,Bộ Thủ,record-radical,6,9,6,chars/62D8.json
拙,A,zhuō,Chút,vụng về; hậu đậu,resolved,手,Bộ Thủ,record-radical,6,10,6,chars/62D9.json
拚,B,pàn,,cố gắng; phấn đấu,resolved,手,Bộ Thủ,record-radical,2,0,7,chars/62DA.json
招,A,zhāo,Chiêu,vẫy,resolved,手,Bộ Thủ,record-radical,16,10,4,chars/62DB.json
拜,A,bài,Bái,bày tỏ tôn kính; thờ cúng,resolved,手,Bộ Thủ,record-radical,8,10,4,chars/62DC.json
拝,C,bài,,biến thể của chữ 拜[bai4] trong tiếng Nhật,not-resolved,,,not-resolved,0,0,7,chars/62DD.json
拟,A,nǐ,,soạn thảo,resolved,手,Bộ Thủ,record-radical,6,10,6,chars/62DF.json
拠,C,jù,,biến thể của chữ 據|据 trong tiếng Nhật,not-resolved,,,not-resolved,0,0,7,chars/62E0.json
拡,C,kuò,,biến thể của chữ 擴|扩 trong tiếng Nhật,not-resolved,,,not-resolved,0,0,7,chars/62E1.json
拢,A,lǒng,Long,gom lại; thu thập; tiến lại gần; tiếp cận,resolved,手,Bộ Thủ,record-radical,6,5,6,chars/62E2.json
拣,B,jiǎn,Gióng,lựa chọn,resolved,手,Bộ Thủ,record-radical,3,0,6,chars/62E3.json
拥,A,yōng,Dùng,ôm vào lòng; ôm; chung quanh; vây quanh,resolved,手,Bộ Thủ,record-radical,6,10,5,chars/62E5.json
拦,A,lán,Dan,"chặn đường, cản trở",resolved,手,Bộ Thủ,record-radical,6,10,5,chars/62E6.json
拧,A,nǐng,,vắt,resolved,手,Bộ Thủ,record-radical,2,3,6,chars/62E7.json
拨,C,bō,,di chuyển,not-resolved,,,not-resolved,7,10,6,chars/62E8.json
择,A,zé,Trạch,lựa chọn; chọn,resolved,手,Bộ Thủ,record-radical,6,10,3,chars/62E9.json
拪,C,qiān,Tay,biến thể cũ của 遷|迁[qian1],not-resolved,,,not-resolved,0,0,7,chars/62EA.json
拫,C,hén,Gắn,kéo; lôi,not-resolved,,,not-resolved,0,0,7,chars/62EB.json
括,A,kuò,Quát,bao gồm; bao quát,resolved,手,Bộ Thủ,record-radical,7,10,5,chars/62EC.json
拭,A,shì,Rị,lau,resolved,手,Bộ Thủ,record-radical,6,1,7,chars/62ED.json
拮,B,jié,Cất,đối kháng; lao lực,resolved,手,Bộ Thủ,record-radical,1,0,7,chars/62EE.json
拯,C,zhěng,Chửng,nâng; giúp đỡ,not-resolved,,,not-resolved,2,5,7,chars/62EF.json
拱,B,gǒng,Cõng,chắp tay trước ngực,resolved,手,Bộ Thủ,record-radical,6,0,7,chars/62F1.json
拳,A,quán,Quyền,nắm đấm,resolved,手,Bộ Thủ,record-radical,7,10,5,chars/62F3.json
拴,B,shuān,,cột,resolved,手,Bộ Thủ,record-radical,1,0,7,chars/62F4.json
拶,B,zǎn,,(văn học) ép buộc; cưỡng bức,resolved,手,Bộ Thủ,record-radical,0,0,7,chars/62F6.json
拷,C,kǎo,Khỉu,đánh; đánh đập,not-resolved,,,not-resolved,3,0,7,chars/62F7.json
拼,A,pīn,Phanh,ghép,resolved,手,Bộ Thủ,record-radical,7,10,5,chars/62FC.json
拽,C,zhuāi,Dìa,"kéo, lôi",not-resolved,,,not-resolved,1,0,6,chars/62FD.json
拾,A,shí,Thập,nhặt lên,resolved,手,Bộ Thủ,record-radical,6,5,6,chars/62FE.json
拿,C,ná,Nã,"lấy, giữ, mang",not-resolved,,,not-resolved,8,10,3,chars/62FF.json
持,A,chí,Trì,cầm giữ,resolved,手,Bộ Thủ,record-radical,14,10,4,chars/6301.json
挂,A,guà,Quẩy,treo,resolved,手,Bộ Thủ,record-radical,8,10,4,chars/6302.json
指,A,zhǐ,Chỉ,chỉ,resolved,手,Bộ Thủ,record-radical,20,10,4,chars/6307.json
挈,B,qiè,,nâng; nhấc,resolved,手,Bộ Thủ,record-radical,3,0,7,chars/6308.json
按,A,àn,Án,theo,resolved,手,Bộ Thủ,record-radical,8,10,4,chars/6309.json
挊,C,nòng,,biến thể cũ của 弄[nong4],not-resolved,,,not-resolved,0,0,7,chars/630A.json
挌,C,gé,Cách / Rắc / Gác,đánh nhau,not-resolved,,,not-resolved,0,0,7,chars/630C.json
挍,C,jiào,Gieo,so sánh; phê bình,not-resolved,,,not-resolved,0,0,7,chars/630D.json
挎,B,kuà,,mang trên cánh tay,resolved,手,Bộ Thủ,record-radical,3,0,6,chars/630E.json
挐,C,ná,,bắt giữ; lấy,not-resolved,,,not-resolved,0,0,7,chars/6310.json
挑,A,tiāo,Vẹo,chọn,resolved,手,Bộ Thủ,record-radical,6,10,5,chars/6311.json
挓,C,zhā,,mở ra; mở rộng,not-resolved,,,not-resolved,0,0,7,chars/6313.json
挔,C,lǚ,,biến thể sai của 旅[lu:3],not-resolved,,,not-resolved,0,0,7,chars/6314.json
挖,C,wā,,đào,not-resolved,,,not-resolved,6,10,6,chars/6316.json
挙,C,jǔ,,biến thể tiếng Nhật của 舉|举,not-resolved,,,not-resolved,0,0,7,chars/6319.json
挚,C,Zhì,,họ [Zhi4],not-resolved,,,not-resolved,6,9,6,chars/631A.json
挛,B,luán,,xoắn; cong,resolved,手,Bộ Thủ,record-radical,2,0,7,chars/631B.json
挜,C,yà,,gắn; vung,not-resolved,,,not-resolved,0,0,7,chars/631C.json
挝,B,wō,,vũ khí cổ có đầu giống tay hoặc vuốt,resolved,手,Bộ Thủ,record-radical,1,0,7,chars/631D.json
挞,B,tà,,(dạng kết hợp) đánh roi; đánh đập; (từ mượn) bánh tart,resolved,手,Bộ Thủ,record-radical,2,0,7,chars/631E.json
挟,C,jiā,Xáp,biến thể cũ của 夾|夹[jia1],not-resolved,,,not-resolved,5,5,7,chars/631F.json
挠,A,náo,Nhéo,gãi,resolved,手,Bộ Thủ,record-radical,6,4,6,chars/6320.json
挡,C,dǎng,,chặn,not-resolved,,,not-resolved,7,10,5,chars/6321.json
挢,B,jiǎo,Kéo,nâng; nhấc,resolved,手,Bộ Thủ,record-radical,0,0,7,chars/6322.json
挣,C,zhèng,Tránh,kiếm được,not-resolved,,,not-resolved,4,4,5,chars/6323.json
挤,A,jǐ,,chật chội,resolved,手,Bộ Thủ,record-radical,6,10,5,chars/6324.json
挥,A,huī,Huy,vẫy tay,resolved,手,Bộ Thủ,record-radical,6,10,5,chars/6325.json
挦,C,xián,,nhổ (đặc biệt là tóc hoặc lông); hái,not-resolved,,,not-resolved,0,0,7,chars/6326.json
挨,A,āi,,gần,resolved,手,Bộ Thủ,record-radical,7,10,6,chars/6328.json
挪,A,nuó,Ná,di chuyển,resolved,手,Bộ Thủ,record-radical,6,1,6,chars/632A.json
挫,A,cuò,Doạ,bị cản trở; thất bại,resolved,手,Bộ Thủ,record-radical,6,10,6,chars/632B.json
振,A,zhèn,Chấn,rung; lắc,resolved,手,Bộ Thủ,record-radical,6,10,5,chars/632F.json
挲,B,suō,,biến thể của 挲[suo1],resolved,手,Bộ Thủ,record-radical,1,0,7,chars/6332.json
挶,C,jú,,kết cấu để khuân đất,not-resolved,,,not-resolved,0,0,7,chars/6336.json
挹,B,yì,Úp,(văn học) múc lên; múc ra; (văn học) kéo về phía mình,resolved,手,Bộ Thủ,record-radical,0,0,7,chars/6339.json
挺,A,tǐng,,khá,resolved,手,Bộ Thủ,record-radical,7,8,4,chars/633A.json
挼,C,ruó,Noa / Nỗi,xoa; vò,not-resolved,,,not-resolved,0,0,7,chars/633C.json
挽,A,wǎn,,kéo,resolved,手,Bộ Thủ,record-radical,6,10,6,chars/633D.json
挿,C,chā,Thọc,biến thể tiếng Nhật của 插[cha1],not-resolved,,,not-resolved,0,0,7,chars/633F.json
捂,C,wǔ,,che đậy,not-resolved,,,not-resolved,1,1,7,chars/6342.json
捃,B,jùn,Khuân,thu thập; phân loại,resolved,手,Bộ Thủ,record-radical,0,0,7,chars/6343.json
捅,B,tǒng,Thòng,đâm,resolved,手,Bộ Thủ,record-radical,2,0,7,chars/6345.json
捆,B,kǔn,,buộc lại với nhau,resolved,手,Bộ Thủ,record-radical,2,0,6,chars/6346.json
捉,A,zhuō,Tróc,bắt,resolved,手,Bộ Thủ,record-radical,7,9,6,chars/6349.json
捋,C,lǚ,,vuốt hoặc sắp xếp gì đó bằng ngón tay; xoa,not-resolved,,,not-resolved,0,0,7,chars/634B.json
捌,C,bā,Bịt,số tám (chữ số chống gian lận của ngân hàng); tách ra,not-resolved,,,not-resolved,0,0,7,chars/634C.json
捍,A,hàn,Cản,biến thể của 捍[han4],resolved,手,Bộ Thủ,record-radical,2,4,6,chars/634D.json
捎,B,shāo,,mang theo; đem theo,resolved,手,Bộ Thủ,record-radical,0,0,6,chars/634E.json
捏,A,niē,,véo,resolved,手,Bộ Thủ,record-radical,6,2,6,chars/634F.json
捐,A,juān,Quyên / Quen / Quên,quyên góp,resolved,手,Bộ Thủ,record-radical,6,10,5,chars/6350.json
捓,C,yé,,biến thể cũ của 揶[ye2],not-resolved,,,not-resolved,0,0,7,chars/6353.json
捕,A,bǔ,Bõ,bắt,resolved,手,Bộ Thủ,record-radical,6,10,6,chars/6355.json
捗,C,bù,,tiến bộ,not-resolved,,,not-resolved,0,0,7,chars/6357.json
捘,C,zùn,Thoa,đẩy,not-resolved,,,not-resolved,0,0,7,chars/6358.json
捙,C,yè,,biến thể sai của 拽[ye4],not-resolved,,,not-resolved,0,0,7,chars/6359.json
捜,C,sōu,,biến thể tiếng Nhật của 搜[sou1],not-resolved,,,not-resolved,0,0,7,chars/635C.json
捞,A,lāo,Lau,vớt,resolved,手,Bộ Thủ,record-radical,6,6,6,chars/635E.json
损,A,sǔn,Tốn,làm hỏng,resolved,手,Bộ Thủ,record-radical,9,10,5,chars/635F.json
捡,B,jiǎn,,nhặt lên,resolved,手,Bộ Thủ,record-radical,0,7,5,chars/6361.json
换,A,huàn,,đổi,resolved,手,Bộ Thủ,record-radical,12,10,3,chars/6362.json
捣,A,dǎo,Đẽo,giã; đập,resolved,手,Bộ Thủ,record-radical,6,5,6,chars/6363.json
捥,C,wàn,Uốn,bẻ cổ tay,not-resolved,,,not-resolved,0,0,7,chars/6365.json
捧,C,pěng,Bổng,nâng lên bằng hai tay,not-resolved,,,not-resolved,6,10,6,chars/6367.json
捩,B,liè,,xé; vặn,resolved,手,Bộ Thủ,record-radical,1,0,7,chars/6369.json
捭,B,bǎi,,mở ra; tách ra,resolved,手,Bộ Thủ,record-radical,0,0,7,chars/636D.json
据,A,jù,Cứ,dựa vào,resolved,手,Bộ Thủ,record-radical,12,10,3,chars/636E.json
捱,B,ái,Nhay,biến thể của 挨[ai2],resolved,手,Bộ Thủ,record-radical,0,0,7,chars/6371.json
捶,A,chuí,,đập,resolved,手,Bộ Thủ,record-radical,4,1,7,chars/6376.json
捷,A,jié,Tiệp,biến thể của 捷[jie2]; nhanh,resolved,手,Bộ Thủ,record-radical,6,10,6,chars/6377.json
捺,B,nà,Nài,nhấn xuống mạnh; đè nén,resolved,手,Bộ Thủ,record-radical,2,0,7,chars/637A.json
捻,B,niǎn,Nạm,"vặn, xoay (bằng ngón tay)",resolved,手,Bộ Thủ,record-radical,1,0,7,chars/637B.json
捼,C,ruó,,chà xát; vo nhàu,not-resolved,,,not-resolved,0,0,7,chars/637C.json
捽,C,zuó,Lót,túm lấy; tiếng Đài Loan đọc là [zu2],not-resolved,,,not-resolved,0,0,7,chars/637D.json
掀,A,xiān,,nhấc lên,resolved,手,Bộ Thủ,record-radical,6,7,6,chars/6380.json
掂,B,diān,Giếm,cầm để ước lượng; ước tính,resolved,手,Bộ Thủ,record-radical,1,0,7,chars/6382.json
掇,B,duō,Suốt,nhặt lên; thu thập,resolved,手,Bộ Thủ,record-radical,3,0,7,chars/6387.json
授,A,shòu,Thụ,(hình thức ràng buộc) trao; đưa; (hình thức ràng buộc) dạy; hướng dẫn,resolved,手,Bộ Thủ,record-radical,7,10,4,chars/6388.json
掉,A,diào,Trao,rơi,resolved,手,Bộ Thủ,record-radical,8,10,4,chars/6389.json
掊,B,póu,,nhấc lên bằng hai tay,resolved,手,Bộ Thủ,record-radical,0,0,7,chars/638A.json
掌,A,zhǎng,,lòng bàn tay; lòng bàn chân,resolved,手,Bộ Thủ,record-radical,7,10,5,chars/638C.json
掍,C,hùn,,"viền (của váy áo, v.v.); biến thể cũ của 混[hun4]",not-resolved,,,not-resolved,0,0,7,chars/638D.json
掎,B,jǐ,,kéo,resolved,手,Bộ Thủ,record-radical,0,0,7,chars/638E.json
掏,A,tāo,Đào,lấy ra,resolved,手,Bộ Thủ,record-radical,3,7,6,chars/638F.json
掐,B,qiā,,cấu,resolved,手,Bộ Thủ,record-radical,2,0,6,chars/6390.json
排,A,pái,Bài,xếp hàng,resolved,手,Bộ Thủ,record-radical,17,10,4,chars/6392.json
掔,C,qiān,,dắt theo; vững chắc,not-resolved,,,not-resolved,0,0,7,chars/6394.json
掖,B,yē,,nhét vào (túi); giấu,resolved,手,Bộ Thủ,record-radical,5,0,7,chars/6396.json
掘,A,jué,Quật,đào,resolved,手,Bộ Thủ,record-radical,6,10,6,chars/6398.json
掞,C,shàn,,dễ dàng; yên tĩnh,not-resolved,,,not-resolved,0,0,7,chars/639E.json
掠,A,lüè,Lướt,chiếm bằng vũ lực; cướp,resolved,手,Bộ Thủ,record-radical,6,6,6,chars/63A0.json
探,A,tàn,Thám,"tìm kiếm, khám phá",resolved,手,Bộ Thủ,record-radical,11,10,6,chars/63A2.json
掣,B,chè,Xiết,kéo; rút,resolved,手,Bộ Thủ,record-radical,4,0,7,chars/63A3.json
掤,C,bīng,,vỏ bao tên,not-resolved,,,not-resolved,0,0,7,chars/63A4.json
接,A,jiē,Tiếp,đón,resolved,手,Bộ Thủ,record-radical,20,10,3,chars/63A5.json
控,A,kòng,Khống,kiểm soát; buộc tội,resolved,手,Bộ Thủ,record-radical,9,10,5,chars/63A7.json
推,A,tuī,Suy,đẩy,resolved,手,Bộ Thủ,record-radical,20,10,4,chars/63A8.json
掩,A,yǎn,Ém,"che đậy; giấu kín; đóng (cửa, sách, v.v.)",resolved,手,Bộ Thủ,record-radical,6,10,6,chars/63A9.json
措,A,cuò,Thố,xử lý; quản lý,resolved,手,Bộ Thủ,record-radical,7,10,5,chars/63AA.json
掫,C,zōu,,đánh canh đêm; nắm bắt,not-resolved,,,not-resolved,0,0,7,chars/63AB.json
掬,C,jū,Cúc,để cầm trong hai tay; lượng từ cho một hai bàn tay đầy,not-resolved,,,not-resolved,2,0,7,chars/63AC.json
掭,C,tiàn,,,resolved,手,Bộ Thủ,record-radical,0,0,,chars/63AD.json
掮,C,qián,Khiêng,gánh trên vai,not-resolved,,,not-resolved,1,0,7,chars/63AE.json
掯,C,kèn,,đẩy xuống; gây khó dễ,not-resolved,,,not-resolved,0,0,7,chars/63AF.json
掰,C,bāi,,bẻ,not-resolved,,,not-resolved,5,0,6,chars/63B0.json
掱,C,pá,,biến thể của 扒[pa2] trong 扒手[pa2 shou3],not-resolved,,,not-resolved,0,0,7,chars/63B1.json
掲,C,jiē,,biến thể tiếng Nhật của 揭,not-resolved,,,not-resolved,0,0,7,chars/63B2.json
掳,C,lǔ,,(dạng kết hợp) bắt giữ (ai đó),not-resolved,,,not-resolved,2,0,7,chars/63B3.json
掴,B,guāi,,tát; cũng đọc là [guo2],resolved,手,Bộ Thủ,record-radical,0,0,7,chars/63B4.json
掷,A,zhì,Trịch,ném; thả xí ngầu,resolved,手,Bộ Thủ,record-radical,6,4,6,chars/63B7.json
掸,B,dǎn,,phủi đi; phủi bụi,resolved,手,Bộ Thủ,record-radical,1,0,7,chars/63B8.json
掺,A,chān,,trộn với,resolved,手,Bộ Thủ,record-radical,1,2,7,chars/63BA.json
掼,B,guàn,,quăng; ngã,resolved,手,Bộ Thủ,record-radical,0,0,7,chars/63BC.json
掾,B,yuàn,,quan chức,resolved,手,Bộ Thủ,record-radical,0,0,7,chars/63BE.json
揃,C,jiān,,cắt xén,not-resolved,,,not-resolved,0,0,7,chars/63C3.json
揄,B,yú,,kéo ra; để cho treo,resolved,手,Bộ Thủ,record-radical,1,0,7,chars/63C4.json
揅,C,yán,,nghiền mịn; học tập,not-resolved,,,not-resolved,0,0,7,chars/63C5.json
揆,B,kuí,Quẫy,xem xét; ước tính,resolved,手,Bộ Thủ,record-radical,0,0,7,chars/63C6.json
揉,C,róu,,xoa bóp,not-resolved,,,not-resolved,4,1,6,chars/63C9.json
揌,C,sāi,,lắc,not-resolved,,,not-resolved,0,0,7,chars/63CC.json
揍,B,zòu,,"đánh, đấm",resolved,手,Bộ Thủ,record-radical,1,0,6,chars/63CD.json
揎,B,xuān,,xắn tay áo; tát bằng lòng bàn tay,resolved,手,Bộ Thủ,record-radical,0,0,7,chars/63CE.json
描,A,miáo,Miêu,miêu tả; vẽ lại,resolved,手,Bộ Thủ,record-radical,6,10,5,chars/63CF.json
提,A,tí,Đề,cầm,resolved,手,Bộ Thủ,record-radical,20,10,4,chars/63D0.json
插,A,chā,Chắp,chèn vào,resolved,手,Bộ Thủ,record-radical,10,10,5,chars/63D2.json
揓,C,shì,,cầm; nắm,not-resolved,,,not-resolved,0,0,7,chars/63D3.json
揕,C,zhèn,Chạm,đánh; đâm,not-resolved,,,not-resolved,0,0,7,chars/63D5.json
揖,B,yī,Ập,chào bằng cách nâng hai tay chắp,resolved,手,Bộ Thủ,record-radical,5,0,7,chars/63D6.json
揗,C,shǔn,,"đánh, đập bằng tay; vỗ nhẹ",not-resolved,,,not-resolved,0,0,7,chars/63D7.json
揘,C,huáng,,đánh; đâm,not-resolved,,,not-resolved,0,0,7,chars/63D8.json
揜,C,yǎn,,che đậy; gây bất ngờ,not-resolved,,,not-resolved,0,0,7,chars/63DC.json
揝,C,zuàn,,"cầm trong tay, nắm; vặn, xoắn",not-resolved,,,not-resolved,0,0,7,chars/63DD.json
揞,B,ǎn,Ẵm,bôi (thuốc bột lên vết thương); che đậy,resolved,手,Bộ Thủ,record-radical,0,0,7,chars/63DE.json
揠,B,yà,,nhổ bỏ; nhổ lên,resolved,手,Bộ Thủ,record-radical,1,0,7,chars/63E0.json
握,A,wò,,nắm; giữ,resolved,手,Bộ Thủ,record-radical,6,10,5,chars/63E1.json
揣,A,chuāi,,giấu hoặc mang trong quần áo,resolved,手,Bộ Thủ,record-radical,5,6,7,chars/63E3.json
揥,C,tì,,loại bỏ; trâm cài tóc bằng ngà,not-resolved,,,not-resolved,0,0,7,chars/63E5.json
揦,C,là,,biến thể cũ của 攋[la4],not-resolved,,,not-resolved,0,0,7,chars/63E6.json
揩,B,kāi,,lau chùi,resolved,手,Bộ Thủ,record-radical,2,0,7,chars/63E9.json
揪,A,jiū,,nắm chặt,resolved,手,Bộ Thủ,record-radical,2,1,7,chars/63EA.json
揫,C,jiū,,thu thập; tập hợp,not-resolved,,,not-resolved,0,0,7,chars/63EB.json
揭,A,jiē,Yết,nâng lên,resolved,手,Bộ Thủ,record-radical,6,10,6,chars/63ED.json
揰,C,chòng,,thò ra; đấm,not-resolved,,,not-resolved,0,0,7,chars/63F0.json
揲,B,shé,,sắp xếp thẻ bói,resolved,手,Bộ Thủ,record-radical,0,0,7,chars/63F2.json
援,C,yuán,Viện,giúp; hỗ trợ,not-resolved,,,not-resolved,6,10,6,chars/63F4.json
揵,C,qián,,mang,not-resolved,,,not-resolved,0,0,7,chars/63F5.json
揶,B,yé,,khoa tay múa chân; làm trò,resolved,手,Bộ Thủ,record-radical,1,0,7,chars/63F6.json
揸,B,zhā,,xoè ngón tay,resolved,手,Bộ Thủ,record-radical,0,0,7,chars/63F8.json
揺,C,yáo,,biến thể tiếng Nhật của 搖|摇[yao2],not-resolved,,,not-resolved,0,0,7,chars/63FA.json
揻,C,wēi,,(tiếng địa phương) uốn cong (vật dài và mảnh),not-resolved,,,not-resolved,0,0,7,chars/63FB.json
揽,A,lǎn,Lãm,đảm nhận,resolved,手,Bộ Thủ,record-radical,6,10,7,chars/63FD.json
揾,C,wěn,Ùn,tìm kiếm (tiếng Quảng Đông); tương đương trong tiếng Phổ Thông: 找[zhao3],not-resolved,,,not-resolved,0,0,7,chars/63FE.json
揿,B,qìn,,biến thể của 撳|揿[qin4],resolved,手,Bộ Thủ,record-radical,0,0,7,chars/63FF.json
搀,B,chān,Sọm,đỡ bằng tay,resolved,手,Bộ Thủ,record-radical,5,0,6,chars/6400.json
搁,A,gē,Gác,đặt,resolved,手,Bộ Thủ,record-radical,5,10,6,chars/6401.json
搂,B,lǒu,Lùa,ôm,resolved,手,Bộ Thủ,record-radical,2,0,6,chars/6402.json
搅,A,jiǎo,,quấy rối,resolved,手,Bộ Thủ,record-radical,6,7,6,chars/6405.json
搉,C,què,,tham khảo; gõ,not-resolved,,,not-resolved,0,0,7,chars/6409.json
搊,C,chōu,So,gảy (nhạc cụ có dây),not-resolved,,,not-resolved,0,0,7,chars/640A.json
搋,B,chuāi,,nhào; chà,resolved,手,Bộ Thủ,record-radical,0,0,7,chars/640B.json
搌,B,zhǎn,,thấm hút; chặm,resolved,手,Bộ Thủ,record-radical,0,0,7,chars/640C.json
搎,C,sūn,Dun,chà xát bằng tay; xoa,not-resolved,,,not-resolved,0,0,7,chars/640E.json
搏,A,bó,Vác,chiến đấu; chống lại,resolved,手,Bộ Thủ,record-radical,6,10,6,chars/640F.json
搐,B,chù,,bị co giật; bị chuột rút,resolved,手,Bộ Thủ,record-radical,1,0,7,chars/6410.json
搒,C,bàng,Xách / Bàng,chèo; thuyền chèo,not-resolved,,,not-resolved,0,0,7,chars/6412.json
搓,A,cuō,Sai,chà xát,resolved,手,Bộ Thủ,record-radical,5,1,6,chars/6413.json
搔,C,sāo,Trao,gãi; biến thể cũ của 騷|骚[sao1],not-resolved,,,not-resolved,3,0,7,chars/6414.json
搕,C,kè,,đánh; cầm trong tay,not-resolved,,,not-resolved,0,0,7,chars/6415.json
搘,C,zhī,,chống đỡ,not-resolved,,,not-resolved,0,0,7,chars/6418.json
搛,C,jiān,Gom,gắp bằng đũa,not-resolved,,,not-resolved,0,0,7,chars/641B.json
搜,A,sōu,Sưu,tìm kiếm,resolved,手,Bộ Thủ,record-radical,7,10,5,chars/641C.json
搞,A,gǎo,Cào,làm; tạo,resolved,手,Bộ Thủ,record-radical,7,10,5,chars/641E.json
搠,B,shuò,,bôi; chọc,resolved,手,Bộ Thủ,record-radical,0,0,7,chars/6420.json
搡,B,sǎng,,đẩy mạnh; xô,resolved,手,Bộ Thủ,record-radical,2,0,7,chars/6421.json
搢,C,jìn,,lắc; cắm vào,not-resolved,,,not-resolved,0,0,7,chars/6422.json
搣,C,miè,,bóc; rút ra,not-resolved,,,not-resolved,0,0,7,chars/6423.json
搦,B,nuò,,(văn học) cầm (trong tay); thách thức,resolved,手,Bộ Thủ,record-radical,1,0,7,chars/6426.json
搧,C,shān,,biến thể của 扇[shan1],not-resolved,,,not-resolved,0,0,7,chars/6427.json
搨,C,tà,,thực hiện việc tạo bản dập,not-resolved,,,not-resolved,0,0,7,chars/6428.json
搪,B,táng,,ngăn chặn; chống đỡ,resolved,手,Bộ Thủ,record-radical,3,0,7,chars/642A.json
搬,A,bān,Bưng,"chuyển, di chuyển",resolved,手,Bộ Thủ,record-radical,6,10,3,chars/642C.json
搭,A,dā,Đắp,xây dựng,resolved,手,Bộ Thủ,record-radical,7,10,6,chars/642D.json
搰,C,hú,,đào; trộn,not-resolved,,,not-resolved,0,0,7,chars/6430.json
搲,C,wā,,nắm; chụp,not-resolved,,,not-resolved,0,0,7,chars/6432.json
搳,C,huá,,dùng trong 搳拳[hua2 quan2],not-resolved,,,not-resolved,0,0,7,chars/6433.json
搴,B,qiān,,nắm; bắt,resolved,手,Bộ Thủ,record-radical,0,0,7,chars/6434.json
搷,C,chēn,,đập; sàng sảy,not-resolved,,,not-resolved,0,0,7,chars/6437.json
携,A,xié,,"mang, cầm, dắt",resolved,手,Bộ Thủ,record-radical,6,10,6,chars/643A.json
搽,B,chá,,"bôi (thuốc mỡ, phấn); thoa",resolved,手,Bộ Thủ,record-radical,0,0,7,chars/643D.json
搿,C,gé,,ôm,not-resolved,,,not-resolved,0,0,7,chars/643F.json
摀,B,wǔ,,biến thể của 捂[wu3]; che,resolved,手,Bộ Thủ,record-radical,0,0,7,chars/6440.json
摁,B,èn,,nhấn (bằng ngón tay hoặc bàn tay),resolved,手,Bộ Thủ,record-radical,0,0,7,chars/6441.json
摂,C,shè,,biến thể tiếng Nhật của 攝|摄,not-resolved,,,not-resolved,0,0,7,chars/6442.json
摄,A,shè,Nhép,(hình thức ràng buộc) tiếp nhận; hấp thụ; đồng hóa; chụp (ảnh),resolved,手,Bộ Thủ,record-radical,8,10,5,chars/6444.json
摅,B,shū,Lựa,trình bày; lan rộng,resolved,手,Bộ Thủ,record-radical,0,0,7,chars/6445.json
摆,A,bǎi,Bẫy,"đặt, để",resolved,手,Bộ Thủ,record-radical,7,10,5,chars/6446.json
摇,A,yáo,Gieo,lắc,resolved,手,Bộ Thủ,record-radical,9,10,5,chars/6447.json
摈,B,bìn,,từ chối; trục xuất,resolved,手,Bộ Thủ,record-radical,3,0,7,chars/6448.json
摊,A,tān,Nặn,trải ra,resolved,手,Bộ Thủ,record-radical,6,6,6,chars/644A.json
摎,C,jiū,,bóp cổ; điều tra,not-resolved,,,not-resolved,0,0,7,chars/644E.json
摒,B,bìng,,vứt bỏ; loại bỏ,resolved,手,Bộ Thủ,record-radical,3,0,7,chars/6452.json
摓,C,féng,Bồng,rộng; may vá,not-resolved,,,not-resolved,0,0,7,chars/6453.json
摔,A,shuāi,,ngã,resolved,手,Bộ Thủ,record-radical,6,10,5,chars/6454.json
摘,C,zhāi,Trích,nhặt,not-resolved,,,not-resolved,6,7,5,chars/6458.json
摙,C,liǎn,Lèn,vận chuyển; dời đi mang theo,not-resolved,,,not-resolved,0,0,7,chars/6459.json
摛,C,chī,,lan truyền (danh tiếng); vung (bút),not-resolved,,,not-resolved,0,0,7,chars/645B.json
摞,C,luò,,chất đống; xếp chồng,not-resolved,,,not-resolved,0,0,7,chars/645E.json
摠,C,zǒng,,chung; chung chung,not-resolved,,,not-resolved,0,0,7,chars/6460.json
摦,C,huà,,rộng; rộng rãi,not-resolved,,,not-resolved,0,0,7,chars/6466.json
摧,A,cuī,,phá hủy; phá hoại,resolved,手,Bộ Thủ,record-radical,6,9,6,chars/6467.json
摩,A,mó,,cọ xát,resolved,手,Bộ Thủ,record-radical,8,10,5,chars/6469.json
摭,B,zhí,,nhặt lên; lựa chọn,resolved,手,Bộ Thủ,record-radical,0,0,7,chars/646D.json
摮,C,áo,,(văn học) đánh; tấn công,not-resolved,,,not-resolved,0,0,7,chars/646E.json
摰,C,niè,,nắm bằng tay; nắm lấy,not-resolved,,,not-resolved,0,0,7,chars/6470.json
摲,C,shàn,,cắt giảm; cắt cỏ,not-resolved,,,not-resolved,0,0,7,chars/6472.json
摴,C,shū,,xúc xắc; đánh bạc,not-resolved,,,not-resolved,0,0,7,chars/6474.json
摷,C,jiǎo,,gõ; đập,not-resolved,,,not-resolved,0,0,7,chars/6477.json
摸,A,mō,Mò,chạm vào,resolved,手,Bộ Thủ,record-radical,6,10,5,chars/6478.json
摹,B,mó,Mò,(dùng trong từ ghép) bắt chước; sao chép,resolved,手,Bộ Thủ,record-radical,5,0,7,chars/6479.json
摺,C,zhé,Dập,tài liệu gấp theo dạng đàn accordion; gấp,not-resolved,,,not-resolved,1,0,7,chars/647A.json
摽,B,biāo,,(văn học) xua đi; vứt bỏ,resolved,手,Bộ Thủ,record-radical,0,0,7,chars/647D.json
摿,C,yáo,,biến thể sai của 搖|摇[yao2],not-resolved,,,not-resolved,0,0,7,chars/647F.json
撂,B,liào,,đặt xuống; để lại,resolved,手,Bộ Thủ,record-radical,1,0,7,chars/6482.json
撃,C,jī,,chữ Nhật của 擊|击[ji1],not-resolved,,,not-resolved,0,0,7,chars/6483.json
撄,B,yīng,,phản đối; tấn công,resolved,手,Bộ Thủ,record-radical,0,0,7,chars/6484.json
撅,B,juē,Quét,nhô ra; chìa ra,resolved,手,Bộ Thủ,record-radical,2,0,7,chars/6485.json
撆,C,piē,,biến thể của 撇[pie1],not-resolved,,,not-resolved,0,0,7,chars/6486.json
撇,A,piē,,ném,resolved,手,Bộ Thủ,record-radical,5,2,6,chars/6487.json
撊,C,xiàn,,quả cảm; phẫn nộ,not-resolved,,,not-resolved,0,0,7,chars/648A.json
撋,C,ruán,,chà xát giữa hai tay,not-resolved,,,not-resolved,0,0,7,chars/648B.json
撑,A,chēng,Xênh,hỗ trợ,resolved,手,Bộ Thủ,record-radical,6,9,6,chars/6491.json
撒,A,sā,Tát,đánh rơi,resolved,手,Bộ Thủ,record-radical,6,7,6,chars/6492.json
撕,A,sī,,xé,resolved,手,Bộ Thủ,record-radical,6,4,5,chars/6495.json
撙,B,zǔn,,giảm bớt hoặc cắt giảm; kiềm chế,resolved,手,Bộ Thủ,record-radical,0,0,7,chars/6499.json
撚,C,niǎn,,chơi khăm hoặc đùa giỡn; tinh tế,not-resolved,,,not-resolved,0,0,7,chars/649A.json
撞,A,zhuàng,Chàng,đụng,resolved,手,Bộ Thủ,record-radical,7,10,5,chars/649E.json
撢,C,dǎn,Đùm,phủi bụi,not-resolved,,,not-resolved,0,0,7,chars/64A2.json
撤,C,chè,Triệt,rút lui,not-resolved,,,not-resolved,7,10,6,chars/64A4.json
撧,C,juē,,bẻ gãy; làm gãy,not-resolved,,,not-resolved,0,0,7,chars/64A7.json
撩,B,liāo,Lêu,vén lên (thứ gì đang thả xuống); nâng lên (gấu váy),resolved,手,Bộ Thủ,record-radical,6,0,7,chars/64A9.json
撬,B,qiào,,cậy mở,resolved,手,Bộ Thủ,record-radical,4,0,7,chars/64AC.json
播,A,bō,Vá,phát sóng,resolved,手,Bộ Thủ,record-radical,8,10,4,chars/64AD.json
撮,A,cuō,Toát,nhặt (bột v.v.) bằng đầu ngón tay; múc,resolved,手,Bộ Thủ,record-radical,2,1,7,chars/64AE.json
撰,A,zhuàn,Soạn,soạn; thảo,resolved,手,Bộ Thủ,record-radical,6,5,7,chars/64B0.json
撱,C,tuǒ,,cắt ngắn; rút ngắn,not-resolved,,,not-resolved,0,0,7,chars/64B1.json
撵,B,niǎn,,trục xuất; loại bỏ,resolved,手,Bộ Thủ,record-radical,0,0,7,chars/64B5.json
撷,B,xié,,thu thập; Đài Loan phát âm [jie2],resolved,手,Bộ Thủ,record-radical,1,0,7,chars/64B7.json
撸,B,lū,Trỏ,(tiếng địa phương) xoa dọc theo sát tay; sa thải (một nhân viên),resolved,手,Bộ Thủ,record-radical,0,0,7,chars/64B8.json
撺,B,cuān,,lao nhao; kích động,resolved,手,Bộ Thủ,record-radical,1,0,7,chars/64BA.json
撼,A,hàn,,rung; làm rung chuyển,resolved,手,Bộ Thủ,record-radical,6,8,6,chars/64BC.json
擀,A,gǎn,,"cán (bột), lăn (bột)",resolved,手,Bộ Thủ,record-radical,1,2,7,chars/64C0.json
擂,B,léi,,giã (bằng cối và chày); đánh (người); đánh (trống); đập (cửa); (phương ngữ) mắng,resolved,手,Bộ Thủ,record-radical,5,0,7,chars/64C2.json
擅,A,shàn,Chen,không có thẩm quyền; chiếm đoạt,resolved,手,Bộ Thủ,record-radical,6,10,6,chars/64C5.json
擉,C,chuò,Thọc,đâm xuyên; phá vỡ,not-resolved,,,not-resolved,0,0,7,chars/64C9.json
操,A,cāo,,biến thể cũ của 操[cao1],resolved,手,Bộ Thủ,record-radical,10,10,5,chars/64CD.json
擎,A,qíng,,nâng; giữ lên,resolved,手,Bộ Thủ,record-radical,4,6,6,chars/64CE.json
擐,C,huàn,,xuyên qua; mặc vào (áo giáp),not-resolved,,,not-resolved,0,0,7,chars/64D0.json
擒,C,qín,,bắt giữ,not-resolved,,,not-resolved,6,0,7,chars/64D2.json
擖,C,gě,,cạo,not-resolved,,,not-resolved,0,0,7,chars/64D6.json
擗,B,pǐ,,đấm ngực,resolved,手,Bộ Thủ,record-radical,0,0,7,chars/64D7.json
擘,B,bò,,ngón cái; bẻ,resolved,手,Bộ Thủ,record-radical,1,0,7,chars/64D8.json
擞,B,sǒu,,rung; lắc,resolved,手,Bộ Thủ,record-radical,3,0,7,chars/64DE.json
擡,C,tái,,biến thể của 抬[tai2],not-resolved,,,not-resolved,0,0,7,chars/64E1.json
擢,B,zhuó,,kéo ra; lựa chọn,resolved,手,Bộ Thủ,record-radical,4,0,7,chars/64E2.json
擣,C,dǎo,,khuấy; giã,not-resolved,,,not-resolved,0,0,7,chars/64E3.json
擤,C,xǐng,,hỉ mũi,not-resolved,,,not-resolved,1,0,7,chars/64E4.json
擥,C,lǎn,,biến thể của 攬|揽[lan3],not-resolved,,,not-resolved,0,0,7,chars/64E5.json
擦,A,cā,Xát,"chà, lau",resolved,手,Bộ Thủ,record-radical,6,10,4,chars/64E6.json
擨,C,yé,,biến thể cổ của 揶[ye2],not-resolved,,,not-resolved,0,0,7,chars/64E8.json
擩,C,rǔ,,làm bẩn; nhuộm,not-resolved,,,not-resolved,0,0,7,chars/64E9.json
擭,C,huò,,bẫy,not-resolved,,,not-resolved,0,0,7,chars/64ED.json
擸,C,liè,Xợp,"cầm, nắm; cầm tóc",not-resolved,,,not-resolved,0,0,7,chars/64F8.json
擿,C,tī,,chọn lựa; bới móc,not-resolved,,,not-resolved,0,0,7,chars/64FF.json
攀,A,pān,,leo,resolved,手,Bộ Thủ,record-radical,6,10,6,chars/6500.json
攂,C,léi,,đánh (biến thể cũ của 擂[lei2]),not-resolved,,,not-resolved,0,0,7,chars/6502.json
攃,C,sà,,phía trước,not-resolved,,,not-resolved,0,0,7,chars/6503.json
攈,C,jùn,,biến thể cũ của 捃[jun4],not-resolved,,,not-resolved,0,0,7,chars/6508.json
攉,C,huō,,xúc bằng xẻng,not-resolved,,,not-resolved,0,0,7,chars/6509.json
攋,C,là,,phá hủy; xé,not-resolved,,,not-resolved,0,0,7,chars/650B.json
攐,C,qiān,,"biến thể của 褰, vén gấu quần; nhấc váy lên",not-resolved,,,not-resolved,0,0,7,chars/6510.json
攒,A,zǎn,,tích lũy,resolved,手,Bộ Thủ,record-radical,4,2,6,chars/6512.json
攓,C,qiān,,"biến thể của 搴[qian1], nắm bắt",not-resolved,,,not-resolved,0,0,7,chars/6513.json
攘,A,rǎng,Nhường,(văn học) xắn tay áo; (văn học) từ chối; chống lại,resolved,手,Bộ Thủ,record-radical,6,4,7,chars/6518.json
攟,C,jùn,,biến thể cũ của 捃[jun4],not-resolved,,,not-resolved,0,0,7,chars/651F.json
攥,B,zuàn,,"Nắm chặt, bóp chặt",resolved,手,Bộ Thủ,record-radical,0,2,7,chars/6525.json
攧,C,diān,,ngã; dậm (chân),not-resolved,,,not-resolved,0,0,7,chars/6527.json
攫,B,jué,,chộp; giật,resolved,手,Bộ Thủ,record-radical,2,0,7,chars/652B.json
攮,B,nǎng,Nện,để đỡ; đâm,resolved,手,Bộ Thủ,record-radical,0,0,7,chars/652E.json
支,A,zhī,Chi,"chống đỡ, hỗ trợ",resolved,支,Bộ Chi,self-radical,13,10,5,chars/652F.json
攰,C,guì,,kiệt sức hoàn toàn (tiếng Quảng Đông); tương đương trong Quan Thoại: 累[lei4],not-resolved,,,not-resolved,0,0,7,chars/6530.json
攲,C,qī,,nghiêng; không đồng đều,not-resolved,,,not-resolved,0,0,7,chars/6532.json
攴,B,pù,,đánh khẽ.,resolved,攴,Bộ Phộc,self-radical,0,0,7,chars/6534.json
攵,B,pù,,đánh khẽ.,resolved,攴,Bộ Phộc,radical-variant,0,0,7,chars/6535.json
收,A,shōu,Thu,nhận,resolved,攴,Bộ Phộc,record-radical,20,10,4,chars/6536.json
攸,A,yōu,,xa; từ đứng trước trạng từ,resolved,人,Bộ Nhân,record-radical,5,2,7,chars/6538.json
改,A,gǎi,,"thay đổi, sửa đổi",resolved,攴,Bộ Phộc,record-radical,19,10,4,chars/6539.json
攺,C,yǐ,,một loại trang sức bằng kim loại hoặc ngọc đeo thời cổ đại để xua đuổi tà ma,not-resolved,,,not-resolved,0,0,7,chars/653A.json
攻,A,gōng,Công,tấn công,resolved,攴,Bộ Phộc,record-radical,7,10,6,chars/653B.json
攼,C,hàn,,biến thể cũ của 捍[han4],not-resolved,,,not-resolved,0,0,7,chars/653C.json
攽,C,bān,,biến thể của 頒|颁[ban1],not-resolved,,,not-resolved,0,0,7,chars/653D.json
放,A,fàng,Phóng,đặt,resolved,攴,Bộ Phộc,record-radical,20,10,3,chars/653E.json
政,A,zhèng,Chính,thuộc về chính trị; chính trị,resolved,攴,Bộ Phộc,record-radical,12,10,5,chars/653F.json
敁,C,diān,,cầm tay ước lượng; lắc,not-resolved,,,not-resolved,0,0,7,chars/6541.json
敃,B,mǐn,,mạnh mẽ; cường tráng,resolved,攴,Bộ Phộc,record-radical,0,0,7,chars/6543.json
敄,C,wù,,,not-resolved,,,not-resolved,0,0,,chars/6544.json
故,A,gù,Cố,cổ,resolved,攴,Bộ Phộc,record-radical,11,10,3,chars/6545.json
敇,C,chì,,chiếu chỉ hoặc sắc lệnh của hoàng đế,not-resolved,,,not-resolved,0,0,7,chars/6547.json
效,A,xiào,Hiệu,biến thể của 傚|效[xiao4],resolved,攴,Bộ Phộc,record-radical,19,10,4,chars/6548.json
敉,B,mǐ,,hoà bình,resolved,攴,Bộ Phộc,record-radical,0,0,7,chars/6549.json
敌,A,dí,Địch,(dạng kết hợp) kẻ thù; (dạng kết hợp) sánh kịp; ngang hàng,resolved,攴,Bộ Phộc,record-radical,8,10,5,chars/654C.json
敎,C,jiào,,biến thể của 教[jiao4],not-resolved,,,not-resolved,0,0,7,chars/654E.json
敏,A,mǐn,Mẫn,nhanh nhẹn; lanh lợi; linh hoạt; thông minh; nhanh trí,resolved,攴,Bộ Phộc,record-radical,6,10,5,chars/654F.json
救,A,jiù,Cứu,cứu giúp,resolved,攴,Bộ Phộc,record-radical,15,10,5,chars/6551.json
敔,C,yǔ,,"nhạc cụ gõ hình con hổ bằng gỗ rỗng, có dải răng cưa trên lưng, dùng dùi gõ chạy qua",not-resolved,,,not-resolved,0,0,7,chars/6554.json
敕,B,chì,Sắc,biến thể của 敕[chi4],resolved,攴,Bộ Phộc,record-radical,1,0,7,chars/6555.json
敖,B,Aó,Ngào,họ [Ao2],resolved,攴,Bộ Phộc,record-radical,5,0,7,chars/6556.json
教,A,jiāo,Giáo,giảng dạy,resolved,攴,Bộ Phộc,record-radical,20,10,3,chars/6559.json
敚,C,duó,,biến thể cũ của 奪|夺[duo2],not-resolved,,,not-resolved,0,0,7,chars/655A.json
敛,A,liǎn,,(văn học) kiềm chế; (văn học) kiểm soát (bản thân),resolved,攴,Bộ Phộc,record-radical,7,5,7,chars/655B.json
敜,C,niè,,lấp đầy hoặc che lấp một cái lỗ,not-resolved,,,not-resolved,0,0,7,chars/655C.json
敝,A,bì,Tệ,"Hỏng, rách nát; (tự xưng khiêm tốn) của tôi",resolved,攴,Bộ Phộc,record-radical,6,2,7,chars/655D.json
敞,A,chǎng,,mở ra cho mọi người thấy; rộng rãi,resolved,攴,Bộ Phộc,record-radical,6,10,6,chars/655E.json
敢,C,gǎn,Cám,dám,not-resolved,,,not-resolved,7,10,4,chars/6562.json
散,A,sàn,Tản,phân tán,resolved,竹,Bộ Trúc,record-radical,9,10,4,chars/6563.json
敦,C,dūn,Đôn,biến thể của 敦[dun1],not-resolved,,,not-resolved,7,8,7,chars/6566.json
敧,C,qǐ,,gắp đồ bằng đũa hoặc kẹp.,not-resolved,,,not-resolved,0,0,7,chars/6567.json
敪,B,duó,,cân; cắt,resolved,攴,Bộ Phộc,record-radical,0,0,7,chars/656A.json
敫,B,jiǎo,,họ [Jiao3],resolved,白,Bộ Bạch,record-radical,0,0,7,chars/656B.json
敬,C,jìng,Kính,tôn kính,not-resolved,,,not-resolved,16,10,5,chars/656C.json
数,A,shǔ,Số,đếm,resolved,攴,Bộ Phộc,record-radical,20,10,5,chars/6570.json
敲,A,qiāo,Xao,gõ,resolved,攴,Bộ Phộc,record-radical,8,10,4,chars/6572.json
敳,C,ái,,có năng lực (trong quản lý); cai trị mạnh mẽ,not-resolved,,,not-resolved,0,0,7,chars/6573.json
整,C,zhěng,Chỉnh,toàn bộ,not-resolved,,,not-resolved,13,10,4,chars/6574.json
敷,A,fū,,áp dụng,resolved,攴,Bộ Phộc,record-radical,6,3,6,chars/6577.json
敹,C,liáo,,giữ gọn gàng và sửa chữa; khâu vá,not-resolved,,,not-resolved,0,0,7,chars/6579.json
敻,B,Xiòng,,họ [Xiong4],resolved,夂,Bộ Tuy,record-radical,0,0,7,chars/657B.json
敽,C,jiǎo,,biến thể cũ của 敿[jiao3],not-resolved,,,not-resolved,0,0,7,chars/657D.json
敿,C,jiǎo,,buộc (dây),not-resolved,,,not-resolved,0,0,7,chars/657F.json
斁,C,yì,,chán nản,not-resolved,,,not-resolved,0,0,7,chars/6581.json
斄,C,Tái,,tên địa danh cổ (một thị trấn thời Hán ở Thiểm Tây); biến thể của 邰[Tai2],not-resolved,,,not-resolved,0,0,7,chars/6584.json
文,A,wén,Văn,văn,resolved,文,Bộ Văn,self-radical,20,10,3,chars/6587.json
斈,C,xué,,biến thể của 學|学[xue2],not-resolved,,,not-resolved,0,0,7,chars/6588.json
斉,C,qí,,biến thể cũ của 齊|齐[qi2],not-resolved,,,not-resolved,0,0,7,chars/6589.json
斋,B,zhāi,,biến thể cũ của 齋|斋[zhai1],resolved,文,Bộ Văn,record-radical,6,0,7,chars/658B.json
斌,B,bīn,,biến thể của 彬[bin1],resolved,文,Bộ Văn,record-radical,2,0,7,chars/658C.json
斎,C,zhāi,Trai,biến thể tiếng Nhật của 齋|斋[zhai1],not-resolved,,,not-resolved,0,0,7,chars/658E.json
斐,B,Fěi,Phỉ,phiên âm fei hoặc fi; (văn học) (hình thức ghép) giàu sự tao nhã văn chương,resolved,文,Bộ Văn,record-radical,5,0,7,chars/6590.json
斑,C,bān,,"vết, đốm, vân",not-resolved,,,not-resolved,6,5,6,chars/6591.json
斒,C,bān,,nhiều màu; sọc,not-resolved,,,not-resolved,0,0,7,chars/6592.json
斓,A,lán,,dùng trong 斑斕|斑斓[ban1 lan2],resolved,文,Bộ Văn,record-radical,1,1,7,chars/6593.json
斔,C,yǔ,,biến thể cũ của 斞[yu3],not-resolved,,,not-resolved,0,0,7,chars/6594.json
斗,A,dòu,Đấu,cái gáo,resolved,斗,"Bộ Đấu, Đẩu",self-radical,12,10,5,chars/6597.json
料,A,liào,Liệu,vật liệu,resolved,米,Bộ Mễ,record-radical,20,10,3,chars/6599.json
斚,C,jiǎ,,biến thể của 斝[jia3],not-resolved,,,not-resolved,0,0,7,chars/659A.json
斛,B,hú,,đồ đong đo lường cổ; năm mươi lít,resolved,斗,"Bộ Đấu, Đẩu",record-radical,0,0,7,chars/659B.json
斜,A,xié,Tà,nghiêng,resolved,斗,"Bộ Đấu, Đẩu",record-radical,6,7,5,chars/659C.json
斝,C,jiǎ,,chén ngọc nhỏ có quai,not-resolved,,,not-resolved,0,0,7,chars/659D.json
斞,C,yǔ,,đơn vị đo khô tương đương 16 斗[dou3] hoặc 160 lít,not-resolved,,,not-resolved,0,0,7,chars/659E.json
斟,A,zhēn,Châm,rót; cân nhắc,resolved,斗,"Bộ Đấu, Đẩu",record-radical,3,1,6,chars/659F.json
斠,C,jiào,,(cũ) dụng cụ san bằng ngũ cốc trong dụng cụ đo; hiệu đính,not-resolved,,,not-resolved,0,0,7,chars/65A0.json
斡,C,wò,,quay,not-resolved,,,not-resolved,3,0,7,chars/65A1.json
斢,C,tiǎo,,(tiếng địa phương) trao đổi; thay thế,not-resolved,,,not-resolved,0,0,7,chars/65A2.json
斤,A,jīn,Cân,cân,resolved,斤,Bộ Cân,self-radical,6,6,3,chars/65A4.json
斥,C,chì,Xịch,trách móc; khiển trách,not-resolved,,,not-resolved,6,4,6,chars/65A5.json
斧,A,fǔ,Búa,rìu nhỏ,resolved,斤,Bộ Cân,record-radical,6,4,7,chars/65A7.json
斨,C,qiāng,,cái rìu,not-resolved,,,not-resolved,0,0,7,chars/65A8.json
斩,A,zhǎn,Trảm,chặt,resolved,車,Bộ Xa,record-radical,6,8,6,chars/65A9.json
斫,B,zhuó,,chặt; đốn,resolved,斤,Bộ Cân,record-radical,1,0,7,chars/65AB.json
断,C,duàn,Đoạn,bẻ gãy,not-resolved,,,not-resolved,16,10,5,chars/65AD.json
斮,C,zhuó,,chặt đứt,not-resolved,,,not-resolved,0,0,7,chars/65AE.json
斯,A,Sī,,Slovakia; Người Slovakia,resolved,斤,Bộ Cân,record-radical,12,10,6,chars/65AF.json
新,A,xīn,Tân,mới,resolved,斤,Bộ Cân,record-radical,20,10,2,chars/65B0.json
斸,C,zhǔ,,cắt,not-resolved,,,not-resolved,0,0,7,chars/65B8.json
方,A,fāng,Phương,vuông,resolved,方,Bộ Phương,self-radical,20,10,5,chars/65B9.json
於,C,Yū,Ư,họ [Yu1]; đọc ở Đài Loan: [Yu2],not-resolved,,,not-resolved,0,0,7,chars/65BC.json
施,C,Shī,Thi,họ [Shi1],not-resolved,,,not-resolved,9,10,5,chars/65BD.json
斾,C,pèi,,"biến thể của 旆, cờ hiệu; lá cờ",not-resolved,,,not-resolved,0,0,7,chars/65BE.json
斿,C,yóu,,đường diềm sò dọc theo mép dưới của lá cờ,not-resolved,,,not-resolved,0,0,7,chars/65BF.json
旀,C,mie,,"phiên âm ""myeo"" dùng trong tên địa danh (chữ Hán Hàn Quốc)",not-resolved,,,not-resolved,0,0,7,chars/65C0.json
旁,C,páng,Bàng,một bên; khác,not-resolved,,,not-resolved,7,10,2,chars/65C1.json
旃,B,zhān,,nỉ; biểu ngữ bằng lụa,resolved,方,Bộ Phương,record-radical,0,0,7,chars/65C3.json
旄,C,máo,,cờ trang trí bằng đuôi động vật,not-resolved,,,not-resolved,1,0,7,chars/65C4.json
旅,C,lǚ,Lữ,chuyến đi; du lịch,not-resolved,,,not-resolved,8,10,2,chars/65C5.json
旆,B,pèi,,cờ đuôi nheo; dải lụa,resolved,方,Bộ Phương,record-radical,0,0,7,chars/65C6.json
旉,C,fū,,,resolved,方,Bộ Phương,record-radical,0,0,,chars/65C9.json
旊,C,fǎng,,biến thể của 瓬[fang3],not-resolved,,,not-resolved,0,0,7,chars/65CA.json
旋,C,xuán,Toàn,quay vòng; một vòng,not-resolved,,,not-resolved,8,10,6,chars/65CB.json
旌,B,jīng,Tinh,cờ biểu; biểu thị rõ,resolved,方,Bộ Phương,record-radical,5,0,7,chars/65CC.json
旎,B,nǐ,,phấp phới của cờ,resolved,方,Bộ Phương,record-radical,1,0,7,chars/65CE.json
族,C,zú,Tộc,bộ tộc,not-resolved,,,not-resolved,7,10,4,chars/65CF.json
旐,C,zhào,,cờ hiệu,not-resolved,,,not-resolved,0,0,7,chars/65D0.json
旒,B,liú,,dải tua,resolved,方,Bộ Phương,record-radical,0,0,7,chars/65D2.json
旓,C,shāo,,rìa có răng cưa trên cờ Trung Quốc,not-resolved,,,not-resolved,0,0,7,chars/65D3.json
旖,B,yǐ,,cờ bay phấp phới,resolved,方,Bộ Phương,record-radical,1,0,7,chars/65D6.json
旗,A,qí,Cờ,cờ; biến thể của 旗[qi2],resolved,方,Bộ Phương,record-radical,8,10,6,chars/65D7.json
旛,C,fān,Phướn,cờ hiệu,not-resolved,,,not-resolved,0,0,7,chars/65DB.json
旝,C,kuài,,"(văn học) cờ; biểu ngữ (giương lên khi chiến đấu); (văn học) máy bắn đá, hoặc viên đá được phóng bởi máy bắn đá",not-resolved,,,not-resolved,0,0,7,chars/65DD.json
旟,C,yú,,cờ với hình chim ưng; tóc rối bù,not-resolved,,,not-resolved,0,0,7,chars/65DF.json
无,A,wú,Vô,không,resolved,无,Bộ Vô,self-radical,20,10,4,chars/65E0.json
旡,B,jì,,nghẹn thứ gì đó đã ăn,resolved,口,Bộ Khẩu,record-radical,0,0,7,chars/65E1.json
既,C,jì,,tức là,not-resolved,,,not-resolved,6,10,4,chars/65E2.json
旣,C,jì,,biến thể của 既[ji4],not-resolved,,,not-resolved,0,0,7,chars/65E3.json
日,A,rì,Nhật,mặt trời,resolved,日,Bộ Nhật,self-radical,20,10,2,chars/65E5.json
旦,A,dàn,Đán,"(văn học) bình minh; rạng đông; đán, vai nữ trong kinh kịch Trung Quốc (truyền thống do nam diễn viên chuyên nghiệp đóng)",resolved,日,Bộ Nhật,record-radical,6,10,5,chars/65E6.json
旧,A,jiù,Cựu,cũ,resolved,丨,"Bộ Thụ, Cổn",record-radical,6,10,3,chars/65E7.json
旨,A,zhǐ,Chỉ,chiếu chỉ của hoàng đế; hàm ý,resolved,匕,"Bộ Tỷ, Chủy",record-radical,6,10,6,chars/65E8.json
早,A,zǎo,Tảo,sớm,resolved,日,Bộ Nhật,record-radical,20,10,2,chars/65E9.json
旪,C,xié,,biến thể cũ của 協|协[xie2],not-resolved,,,not-resolved,0,0,7,chars/65EA.json
旬,A,xún,,mười ngày; mười năm,resolved,日,Bộ Nhật,record-radical,6,10,5,chars/65EC.json
旭,A,xù,Hóc,bình minh; mặt trời mọc,resolved,日,Bộ Nhật,record-radical,3,3,7,chars/65ED.json
旮,C,gā,,dùng trong 旮旯[ga1 la2],not-resolved,,,not-resolved,2,0,7,chars/65EE.json
旯,C,lá,,dùng trong 旮旯[ga1 la2],not-resolved,,,not-resolved,2,0,7,chars/65EF.json
旰,B,gàn,,hoàng hôn; buổi tối,resolved,日,Bộ Nhật,record-radical,1,0,7,chars/65F0.json
旱,A,hàn,Hạn,hạn hán,resolved,日,Bộ Nhật,record-radical,7,10,6,chars/65F1.json
旲,C,tái,,,resolved,日,Bộ Nhật,record-radical,0,0,,chars/65F2.json
旴,C,xū,Hù,bình minh,not-resolved,,,not-resolved,0,0,7,chars/65F4.json
时,A,shí,,thời gian,resolved,日,Bộ Nhật,record-radical,20,10,1,chars/65F6.json
旷,C,kuàng,Khoảng,sao nhãng; bỏ (lớp hoặc công việc),not-resolved,,,not-resolved,6,10,6,chars/65F7.json
旸,C,yáng,,mặt trời mọc; ánh nắng,not-resolved,,,not-resolved,0,0,7,chars/65F8.json
旺,A,wàng,Vượng,thịnh vượng,resolved,日,Bộ Nhật,record-radical,6,10,6,chars/65FA.json
旻,C,mín,,bầu trời,not-resolved,,,not-resolved,0,0,7,chars/65FB.json
旼,C,mín,,hiền hòa và nhã nhặn,not-resolved,,,not-resolved,0,0,7,chars/65FC.json
旽,C,tūn,,"mặt trời buổi sáng, bình minh",not-resolved,,,not-resolved,0,0,7,chars/65FD.json
昀,B,yún,,ánh sáng mặt trời; dùng trong tên người,resolved,日,Bộ Nhật,record-radical,1,0,7,chars/6600.json
昂,A,áng,Ngang,nâng lên; ngẩng,resolved,日,Bộ Nhật,record-radical,6,10,6,chars/6602.json
昃,C,zè,,buổi chiều; suy tàn,not-resolved,,,not-resolved,0,0,7,chars/6603.json
昄,C,bǎn,,lớn; rộng rãi,not-resolved,,,not-resolved,0,0,7,chars/6604.json
昆,A,kūn,Con,biến thể của 崑|昆[kun1],resolved,日,Bộ Nhật,record-radical,6,9,5,chars/6606.json
昉,B,fǎng,,bình minh; bắt đầu,resolved,日,Bộ Nhật,record-radical,0,0,7,chars/6609.json
昊,C,Hào,,họ [Hao4],not-resolved,,,not-resolved,1,0,7,chars/660A.json
昌,A,Chāng,,họ [Chang1],resolved,日,Bộ Nhật,record-radical,6,4,6,chars/660C.json
明,C,Míng,Minh,Triều Minh (1368-1644); họ [Ming2],not-resolved,,,not-resolved,20,10,1,chars/660E.json
昏,C,hūn,Hôn,mất ý thức,not-resolved,,,not-resolved,6,10,6,chars/660F.json
昑,C,qǐn,,sáng sủa,not-resolved,,,not-resolved,0,0,7,chars/6611.json
昒,C,hū,,bình minh; rạng đông,not-resolved,,,not-resolved,0,0,7,chars/6612.json
易,A,Yì,Dịch,"họ [Yi4]; viết tắt của 易經|易经[Yi4jing1], Kinh Dịch",resolved,皿,Bộ Mãnh,record-radical,14,10,3,chars/6613.json
昔,C,Xī,Tích,họ [Xi1],not-resolved,,,not-resolved,6,5,6,chars/6614.json
昕,B,xīn,,bình minh,resolved,日,Bộ Nhật,record-radical,0,0,7,chars/6615.json
昙,C,tán,,mây đen,not-resolved,,,not-resolved,2,0,7,chars/6619.json
昜,B,yáng,,biến thể cũ của 陽[yang2],resolved,日,Bộ Nhật,record-radical,0,0,7,chars/661C.json
昝,C,Zǎn,,họ [Zan3],not-resolved,,,not-resolved,0,0,7,chars/661D.json
昞,C,bǐng,,biến thể của 炳[bing3],not-resolved,,,not-resolved,0,0,7,chars/661E.json
星,A,xīng,Tinh,ngôi sao; thiên thể,resolved,日,Bộ Nhật,record-radical,20,10,1,chars/661F.json
映,A,yìng,Ánh,phản chiếu,resolved,日,Bộ Nhật,record-radical,6,10,5,chars/6620.json
昡,C,xuàn,,ngày dài; kéo dài,not-resolved,,,not-resolved,0,0,7,chars/6621.json
昤,C,līng,,ánh nắng,not-resolved,,,not-resolved,0,0,7,chars/6624.json
春,A,chūn,,mùa xuân,resolved,日,Bộ Nhật,record-radical,6,10,3,chars/6625.json
昦,C,hào,,biến thể của 昊[hao4],not-resolved,,,not-resolved,0,0,7,chars/6626.json
昧,A,mèi,Muội,che giấu; tối,resolved,日,Bộ Nhật,record-radical,7,10,6,chars/6627.json
昨,A,zuó,,hôm qua,resolved,日,Bộ Nhật,record-radical,5,10,1,chars/6628.json
昫,B,xù,,biến thể của 煦[xu4]; dịu dàng,resolved,日,Bộ Nhật,record-radical,0,0,7,chars/662B.json
昭,B,zhāo,,sáng; rõ ràng,resolved,日,Bộ Nhật,record-radical,6,0,7,chars/662D.json
是,C,shì,Thị,là,not-resolved,,,not-resolved,20,10,1,chars/662F.json
昱,B,yù,,ánh sáng rực rỡ,resolved,日,Bộ Nhật,record-radical,1,0,7,chars/6631.json
昳,C,dié,,mặt trời lặn ở phía tây,not-resolved,,,not-resolved,0,0,7,chars/6633.json
昴,B,mǎo,,chòm sao Thất Nữ,resolved,日,Bộ Nhật,record-radical,1,0,7,chars/6634.json
昵,B,nì,,biến thể của 暱|昵[ni4],resolved,日,Bộ Nhật,record-radical,4,0,7,chars/6635.json
昶,C,chǎng,,(về ngày) dài; biến thể cũ của 暢|畅[chang4],not-resolved,,,not-resolved,0,0,7,chars/6636.json
昷,C,wēn,,,not-resolved,,,not-resolved,0,0,,chars/6637.json
昺,C,bǐng,,sáng; ngời,not-resolved,,,not-resolved,0,0,7,chars/663A.json
昻,C,áng,,biến thể của 昂[ang2],not-resolved,,,not-resolved,0,0,7,chars/663B.json
昼,C,zhòu,,ban ngày,not-resolved,,,not-resolved,6,3,6,chars/663C.json
昽,C,lóng,,dùng trong 曚曨|曚昽[meng2 long2],not-resolved,,,not-resolved,0,0,7,chars/663D.json
显,A,xiǎn,Hiển,hiển thị,resolved,日,Bộ Nhật,record-radical,13,10,5,chars/663E.json
晁,B,Cháo,,họ [Chao2],resolved,日,Bộ Nhật,record-radical,0,0,7,chars/6641.json
晃,A,huǎng,Quáng,chói,resolved,日,Bộ Nhật,record-radical,6,10,6,chars/6643.json
晄,C,huǎng,Hoáng,biến thể cũ của 晃[huang3],not-resolved,,,not-resolved,0,0,7,chars/6644.json
晅,C,xuān,,ánh sáng mặt trời; phơi khô dưới nắng,not-resolved,,,not-resolved,0,0,7,chars/6645.json
晋,C,Jìn,,họ [Jin4]; nhà Tấn (265-420),not-resolved,,,not-resolved,6,6,6,chars/664B.json
晌,B,shǎng,,phần của ngày; giữa trưa,resolved,日,Bộ Nhật,record-radical,6,0,7,chars/664C.json
晏,C,Yàn,,họ [Yan4],not-resolved,,,not-resolved,6,0,7,chars/664F.json
晑,C,xiǎng,,sáng; rõ ràng,not-resolved,,,not-resolved,0,0,7,chars/6651.json
晒,A,shài,,phơi nắng; làm khô dưới ánh mặt trời,resolved,日,Bộ Nhật,record-radical,6,10,5,chars/6652.json
晓,A,xiǎo,Hẻo,bình minh; rạng đông,resolved,日,Bộ Nhật,record-radical,8,10,6,chars/6653.json
晔,C,yè,,ánh sáng rực rỡ; sáng lấp lánh,not-resolved,,,not-resolved,3,0,7,chars/6654.json
晕,A,yūn,Vừng,cảm thấy chóng mặt,resolved,日,Bộ Nhật,record-radical,7,10,5,chars/6655.json
晖,A,huī,,ánh nắng; chiếu rọi,resolved,日,Bộ Nhật,record-radical,5,1,7,chars/6656.json
晗,B,hán,,trước bình minh; hừng đông sắp rạng,resolved,日,Bộ Nhật,record-radical,1,0,7,chars/6657.json
晚,A,wǎn,Vãn,muộn,resolved,日,Bộ Nhật,record-radical,18,10,2,chars/665A.json
晜,C,kūn,,hậu duệ; anh trai,not-resolved,,,not-resolved,0,0,7,chars/665C.json
晞,C,xī,,bình minh; phơi nắng,not-resolved,,,not-resolved,0,0,7,chars/665E.json
晟,B,Chéng,,họ [Cheng2],resolved,日,Bộ Nhật,record-radical,0,0,7,chars/665F.json
晡,B,bū,,3-5 giờ chiều,resolved,日,Bộ Nhật,record-radical,0,0,7,chars/6661.json
晢,C,zhé,,sáng,not-resolved,,,not-resolved,0,0,7,chars/6662.json
晤,A,wù,Cữ,gặp gỡ (xã hội),resolved,日,Bộ Nhật,record-radical,6,3,6,chars/6664.json
晥,C,Wǎn,,biến thể cũ của 皖[Wan3],not-resolved,,,not-resolved,0,0,7,chars/6665.json
晦,A,huì,Hổi,(hình thức kết hợp) ngày cuối tháng âm lịch; (hình thức kết hợp) tối; u ám,resolved,日,Bộ Nhật,record-radical,6,2,7,chars/6666.json
晨,A,chén,Thần,buổi sáng; bình minh,resolved,日,Bộ Nhật,record-radical,6,10,6,chars/6668.json
晩,C,wǎn,,biến thể của 晚[wan3],not-resolved,,,not-resolved,0,0,7,chars/6669.json
晬,B,zuì,,sinh nhật đầu tiên của một đứa trẻ,resolved,日,Bộ Nhật,record-radical,0,0,7,chars/666C.json
普,A,pǔ,Phổ,chung; phổ biến,resolved,日,Bộ Nhật,record-radical,8,10,4,chars/666E.json
景,A,jǐng,Cảnh,"tình huống, điều kiện",resolved,日,Bộ Nhật,record-radical,13,10,4,chars/666F.json
晰,A,xī,,rõ ràng; phân minh,resolved,日,Bộ Nhật,record-radical,3,10,6,chars/6670.json
晴,A,qíng,Tạnh,"nắng, trong",resolved,日,Bộ Nhật,record-radical,6,6,2,chars/6674.json
晶,C,jīng,Tinh,tinh thể,not-resolved,,,not-resolved,7,10,6,chars/6676.json
晷,B,guǐ,,đồng hồ mặt trời,resolved,日,Bộ Nhật,record-radical,3,0,7,chars/6677.json
智,C,zhì,Trí,(văn học) khôn ngoan; trí tuệ,not-resolved,,,not-resolved,11,10,5,chars/667A.json
晾,A,liàng,,phơi,resolved,日,Bộ Nhật,record-radical,1,1,6,chars/667E.json
晿,C,chēng,,(dùng trong tên),not-resolved,,,not-resolved,0,0,7,chars/667F.json
暁,C,xiǎo,,biến thể Nhật Bản của 曉|晓,not-resolved,,,not-resolved,0,0,7,chars/6681.json
暂,A,zàn,Tạm,tạm thời,resolved,日,Bộ Nhật,record-radical,6,10,4,chars/6682.json
暄,A,xuān,Huyên,ấm áp và hòa nhã,resolved,日,Bộ Nhật,record-radical,1,5,6,chars/6684.json
暆,B,yí,,(mặt trời) đang lặn,resolved,日,Bộ Nhật,record-radical,0,0,7,chars/6686.json
暇,A,xiá,Hạ,nhàn rỗi,resolved,日,Bộ Nhật,record-radical,6,1,7,chars/6687.json
暋,C,mín,,không vui; lo lắng,not-resolved,,,not-resolved,0,0,7,chars/668B.json
暌,B,kuí,,đối lập với; tách biệt khỏi,resolved,日,Bộ Nhật,record-radical,0,0,7,chars/668C.json
暍,C,hè,,nóng,not-resolved,,,not-resolved,0,0,7,chars/668D.json
暑,A,shǔ,,nóng; nắng nóng,resolved,日,Bộ Nhật,record-radical,7,10,4,chars/6691.json
暒,C,qíng,,biến thể cũ của 晴[qing2],not-resolved,,,not-resolved,0,0,7,chars/6692.json
暔,C,nán,,tên một nước,not-resolved,,,not-resolved,0,0,7,chars/6694.json
暕,C,jiǎn,,sáng (ánh sáng),not-resolved,,,not-resolved,0,0,7,chars/6695.json
暖,A,nuǎn,,ấm áp,resolved,日,Bộ Nhật,record-radical,8,10,4,chars/6696.json
暗,A,àn,Ám,tối,resolved,日,Bộ Nhật,record-radical,8,10,5,chars/6697.json
暜,C,pǔ,,biến thể cũ của 普[pu3],not-resolved,,,not-resolved,0,0,7,chars/669C.json
暝,B,míng,,tối,resolved,日,Bộ Nhật,record-radical,0,0,7,chars/669D.json
暞,C,jiǎo,,biến thể cũ của 曒[jiao3],not-resolved,,,not-resolved,0,0,7,chars/669E.json
暠,B,gǎo,,sáng; trắng,resolved,日,Bộ Nhật,record-radical,0,0,7,chars/66A0.json
暡,B,wěng,,dùng trong 暡曚[weng3 meng2],resolved,日,Bộ Nhật,record-radical,0,0,7,chars/66A1.json
暦,C,lì,,biến thể tiếng Nhật của 曆|历[li4],not-resolved,,,not-resolved,0,0,7,chars/66A6.json
暧,A,ài,Áy,(ánh sáng ban ngày) mờ tối; không rõ ràng,resolved,日,Bộ Nhật,record-radical,2,3,6,chars/66A7.json
暨,C,jì,,và; đạt đến,not-resolved,,,not-resolved,3,0,7,chars/66A8.json
暪,C,mèn,,tối,not-resolved,,,not-resolved,0,0,7,chars/66AA.json
暮,A,mù,Mộ,buổi tối; hoàng hôn,resolved,日,Bộ Nhật,record-radical,6,4,7,chars/66AE.json
暲,C,zhāng,,sáng; mọc (mặt trời),not-resolved,,,not-resolved,0,0,7,chars/66B2.json
暴,A,Bào,Bạo,họ [Bao4],resolved,日,Bộ Nhật,record-radical,11,10,6,chars/66B4.json
暵,C,hàn,,khô; nóng,not-resolved,,,not-resolved,0,0,7,chars/66B5.json
暸,C,liáo,,sáng; rõ ràng,not-resolved,,,not-resolved,0,0,7,chars/66B8.json
暹,C,xiān,Xiêm,bình minh,not-resolved,,,not-resolved,1,0,7,chars/66B9.json
暻,C,jǐng,,sáng,not-resolved,,,not-resolved,0,0,7,chars/66BB.json
暾,B,tūn,,mặt trời lên trên đường chân trời,resolved,日,Bộ Nhật,record-radical,0,0,7,chars/66BE.json
曀,C,yì,Ế,tối; mặt trời bị mây che,not-resolved,,,not-resolved,0,0,7,chars/66C0.json
曈,C,tóng,,mặt trời sắp mọc,not-resolved,,,not-resolved,0,0,7,chars/66C8.json
曌,C,Zhào,,tên do nữ hoàng triều Đường Võ Tắc Thiên 武則天|武则天[Wu3 Ze2 tian1] tự đặt,not-resolved,,,not-resolved,0,0,7,chars/66CC.json
曐,C,xīng,,biến thể cũ của 星[xing1],not-resolved,,,not-resolved,0,0,7,chars/66D0.json
曑,C,shēn,,biến thể cũ của 參|参[shen1]; (chòm sao),not-resolved,,,not-resolved,0,0,7,chars/66D1.json
曒,C,jiǎo,,biến thể cũ của 皦[jiao3],not-resolved,,,not-resolved,0,0,7,chars/66D2.json
曓,C,bào,,biến thể cũ của 暴[bao4],not-resolved,,,not-resolved,0,0,7,chars/66D3.json
曘,C,rú,,màu của mặt trời; tối,not-resolved,,,not-resolved,0,0,7,chars/66D8.json
曙,A,shǔ,,(dạng kết hợp) lúc rạng đông; bình minh; phiên âm Đài Loan [shu4],resolved,日,Bộ Nhật,record-radical,3,3,7,chars/66D9.json
曚,B,méng,Mồng,chạng vạng trước bình minh,resolved,日,Bộ Nhật,record-radical,0,0,7,chars/66DA.json
曛,B,xūn,,chạng vạng; mặt trời lặn,resolved,日,Bộ Nhật,record-radical,0,0,7,chars/66DB.json
曜,C,yào,,sáng; ngời,not-resolved,,,not-resolved,4,0,7,chars/66DC.json
曝,A,pù,,phơi; phơi nắng,resolved,日,Bộ Nhật,record-radical,5,4,6,chars/66DD.json
曦,B,xī,,(văn học) ánh nắng (thường là sáng sớm),resolved,日,Bộ Nhật,record-radical,1,0,7,chars/66E6.json
曩,B,nǎng,Nán,thuở xưa,resolved,日,Bộ Nhật,record-radical,0,0,7,chars/66E9.json
曰,B,yuē,Viết,nói,resolved,曰,Bộ Viết,self-radical,3,0,7,chars/66F0.json
曱,B,yuē,,dùng trong 曱甴[yue1 zha2],resolved,曰,Bộ Viết,record-radical,0,0,7,chars/66F1.json
曲,C,qǔ,Khúc,giai điệu,not-resolved,,,not-resolved,13,10,6,chars/66F2.json
曳,C,yè,Dấy,kéo; lôi,not-resolved,,,not-resolved,3,1,7,chars/66F3.json
更,A,gèng,Xâu / Canh,hơn,resolved,攴,Bộ Phộc,record-radical,11,10,3,chars/66F4.json
曷,B,hé,Hạt,tại sao; như thế nào,resolved,曰,Bộ Viết,record-radical,0,0,7,chars/66F7.json
曹,C,Cáo,Tào,họ [Cao2]; nhà chư hầu thời Chu,not-resolved,,,not-resolved,6,0,7,chars/66F9.json
曻,C,shēng,,biến thể của 昇|升[sheng1],not-resolved,,,not-resolved,0,0,7,chars/66FB.json
曼,C,màn,Man,đẹp; lớn,not-resolved,,,not-resolved,6,2,7,chars/66FC.json
曽,C,céng,,biến thể tiếng Nhật của 曾[ceng2],not-resolved,,,not-resolved,0,0,7,chars/66FD.json
曾,C,céng,Tằng,từng,not-resolved,,,not-resolved,6,10,5,chars/66FE.json
替,A,tì,Thế,thay thế,resolved,曰,Bộ Viết,record-radical,7,10,5,chars/66FF.json
最,C,zuì,Tối,nhất,not-resolved,,,not-resolved,8,10,2,chars/6700.json
朁,C,cǎn,,"nếu, giả sử, tuy nhiên",not-resolved,,,not-resolved,0,0,7,chars/6701.json
朅,C,qiè,,rời bỏ; từ bỏ,not-resolved,,,not-resolved,0,0,7,chars/6705.json
朆,C,fēn,,chưa (tiếng Ngô),not-resolved,,,not-resolved,0,0,7,chars/6706.json
月,A,yuè,Nguyệt,Tháng,resolved,月,"Bộ Nguyệt,Nhục",self-radical,14,10,1,chars/6708.json
有,A,yǒu,Hữu,có,resolved,又,Bộ Hựu,record-radical,20,10,1,chars/6709.json
朊,C,ruǎn,,protein,not-resolved,,,not-resolved,0,0,7,chars/670A.json
朋,C,péng,Bằng,bạn,not-resolved,,,not-resolved,9,10,1,chars/670B.json
服,C,fú,Phục,liều,not-resolved,,,not-resolved,20,10,1,chars/670D.json
朏,C,fěi,Xoét,(văn học) (trăng lưỡi liềm) bắt đầu tỏa sáng,not-resolved,,,not-resolved,0,0,7,chars/670F.json
朐,B,Qú,,họ [Qu2],resolved,月,"Bộ Nguyệt,Nhục",record-radical,2,0,7,chars/6710.json
朓,C,tiào,,(văn học) hình ảnh mặt trăng ở phía tây vào cuối tháng âm lịch,not-resolved,,,not-resolved,0,0,7,chars/6713.json
朔,B,shuò,Sóc,bắt đầu; ngày đầu tiên của tháng âm lịch,resolved,月,"Bộ Nguyệt,Nhục",record-radical,6,0,7,chars/6714.json
朕,C,zhèn,Trẫm,"(dùng bởi hoàng đế hoặc vua) ta; tôi; chúng ta (ngôi ""ta"" của hoàng gia); (văn học) điềm",not-resolved,,,not-resolved,0,0,7,chars/6715.json
朗,A,lǎng,Lãng,rõ ràng; sáng sủa,resolved,月,"Bộ Nguyệt,Nhục",record-radical,10,10,5,chars/6717.json
朘,C,juān,,(văn học) giảm; (văn học) bóc lột,not-resolved,,,not-resolved,0,0,7,chars/6718.json
朙,C,míng,,biến thể cũ của 明[ming2],not-resolved,,,not-resolved,0,0,7,chars/6719.json
望,C,wàng,Vọng,"nhìn xa, nhìn về phía trước",not-resolved,,,not-resolved,20,10,2,chars/671B.json
朝,A,cháo,Triều,hướng tới,resolved,屮,Bộ Triệt,record-radical,12,10,5,chars/671D.json
期,A,qī,Kì,kỳ,resolved,月,"Bộ Nguyệt,Nhục",record-radical,20,10,1,chars/671F.json
朠,C,yīng,,màu của mặt trăng,not-resolved,,,not-resolved,0,0,7,chars/6720.json
朣,C,tóng,,ánh sáng từ trăng mọc,not-resolved,,,not-resolved,0,0,7,chars/6723.json
朦,A,méng,Mông,dùng trong 朦朧|朦胧[meng2 long2],resolved,月,"Bộ Nguyệt,Nhục",record-radical,2,3,7,chars/6726.json
木,A,Mù,Mộc,họ [Mu4],resolved,木,Bộ Mộc,self-radical,9,10,5,chars/6728.json
朩,C,xx,,"một trong những ký tự dùng trong kwukyel (phát âm ""pin""), một hệ thống viết cổ của Hàn Quốc",not-resolved,,,not-resolved,0,0,7,chars/6729.json
未,C,wèi,Mùi,"không, chưa",not-resolved,,,not-resolved,12,10,5,chars/672A.json
末,C,mò,Mạt,đầu mút; kết thúc,not-resolved,,,not-resolved,8,10,3,chars/672B.json
本,A,běn,Bản,một từ để đo sách,resolved,木,Bộ Mộc,record-radical,20,10,1,chars/672C.json
札,C,zhá,Trát,biến thể của 札[zha2],not-resolved,,,not-resolved,6,0,7,chars/672D.json
朮,C,shù,,biến thể của 術|术[shu4],not-resolved,,,not-resolved,0,0,7,chars/672E.json
术,A,shù,Thuật,phương pháp; kỹ thuật,resolved,行,Bộ Hành,record-radical,14,10,4,chars/672F.json
朰,C,xx,,"một trong những ký tự được dùng trong kwukyel (phát âm ""teul""), một hệ thống chữ viết cổ của Hàn Quốc",not-resolved,,,not-resolved,0,0,7,chars/6730.json
朱,A,Zhū,Cho,họ [Zhu1],resolved,木,Bộ Mộc,record-radical,7,3,7,chars/6731.json
朳,C,bā,,cây,not-resolved,,,not-resolved,0,0,7,chars/6733.json
朴,A,Piáo,Phắc,"họ [Piao2]; họ Hàn Quốc (Park, Pak hoặc Bak)",resolved,木,Bộ Mộc,record-radical,6,10,6,chars/6734.json
朵,C,duǒ,Đoá,bông,not-resolved,,,not-resolved,7,10,5,chars/6735.json
机,A,Jī,Cơ,họ [Ji1],resolved,木,Bộ Mộc,record-radical,20,10,1,chars/673A.json
朽,C,xiǔ,Hủ,mục nát,not-resolved,,,not-resolved,6,4,6,chars/673D.json
朾,C,tíng,,đụng,not-resolved,,,not-resolved,0,0,7,chars/673E.json
朿,C,cì,,đâm,not-resolved,,,not-resolved,0,0,7,chars/673F.json
杀,C,shā,Sát,giết,not-resolved,,,not-resolved,12,10,5,chars/6740.json
杂,C,zá,,tạp,not-resolved,,,not-resolved,10,10,4,chars/6742.json
权,A,quán,Quyền,quyền lực,resolved,木,Bộ Mộc,record-radical,15,10,5,chars/6743.json
杅,C,yú,Vu,bát; chậu,not-resolved,,,not-resolved,0,0,7,chars/6745.json
杆,A,gǎn,Cơn,thanh,resolved,木,Bộ Mộc,record-radical,6,9,6,chars/6746.json
杇,C,wū,Ô,trát vữa; quét vôi,not-resolved,,,not-resolved,0,0,7,chars/6747.json
杈,C,chā,,chạc cây; cái chĩa,not-resolved,,,not-resolved,2,0,7,chars/6748.json
杉,B,shān,,cây sa mộc; Cunninghamia lanceolata,resolved,木,Bộ Mộc,record-radical,6,0,7,chars/6749.json
杌,C,wù,,ghế đẩu thấp,not-resolved,,,not-resolved,0,0,7,chars/674C.json
李,A,Lǐ,Lí,họ [Li3],resolved,木,Bộ Mộc,record-radical,6,10,3,chars/674E.json
杏,C,xìng,Hạnh,mơ; hạnh nhân,not-resolved,,,not-resolved,6,0,7,chars/674F.json
材,A,cái,,vật liệu; gỗ,resolved,木,Bộ Mộc,record-radical,10,10,4,chars/6750.json
村,A,cūn,Thôn,làng,resolved,木,Bộ Mộc,record-radical,6,10,5,chars/6751.json
杓,C,biāo,,(văn học) cán thìa hoặc muôi; (văn học) tên gọi chung của ba ngôi sao tạo thành cán của chòm sao Bắc Đẩu,not-resolved,,,not-resolved,0,0,7,chars/6753.json
杕,C,dì,Đại,cây đứng một mình,not-resolved,,,not-resolved,0,0,7,chars/6755.json
杖,A,zhàng,Trượng,một cây gậy; một cái roi,resolved,木,Bộ Mộc,record-radical,6,9,6,chars/6756.json
杗,C,máng,,xà nóc trong mái nhà,not-resolved,,,not-resolved,0,0,7,chars/6757.json
杙,C,yì,,cọc buộc động vật,not-resolved,,,not-resolved,0,0,7,chars/6759.json
杜,A,Dù,Đỗ,họ [Du4],resolved,木,Bộ Mộc,record-radical,6,4,6,chars/675C.json
杝,C,yí,,(cây),not-resolved,,,not-resolved,0,0,7,chars/675D.json
杞,B,Qǐ,,"nước Qǐ, một chư hầu thời nhà Chu; họ [Qi3]",resolved,木,Bộ Mộc,record-radical,5,0,7,chars/675E.json
束,C,shù,Thút,"bó, chùm",not-resolved,,,not-resolved,6,10,6,chars/675F.json
杠,C,gāng,Gông,cột cờ; cầu nhỏ,not-resolved,,,not-resolved,6,3,6,chars/6760.json
条,A,tiáo,Điều,dải,resolved,木,Bộ Mộc,record-radical,20,10,3,chars/6761.json
来,C,lái,Lai,đến,not-resolved,,,not-resolved,20,10,1,chars/6765.json
杨,A,Yáng,Dương,họ [Yang2],resolved,木,Bộ Mộc,record-radical,6,5,7,chars/6768.json
杩,B,mà,,thành giường,resolved,木,Bộ Mộc,record-radical,0,0,7,chars/6769.json
杪,C,miǎo,,giới hạn; ngọn cành,not-resolved,,,not-resolved,0,0,7,chars/676A.json
杭,A,Háng,,họ [Hang2]; viết tắt của Hàng Châu 杭州[Hang2zhou1],resolved,木,Bộ Mộc,record-radical,6,5,7,chars/676D.json
杯,A,bēi,Bôi,cái cốc,resolved,木,Bộ Mộc,record-radical,6,10,1,chars/676F.json
杰,A,jié,Kiệt,(dạng kết hợp) anh hùng; anh dũng,resolved,木,Bộ Mộc,record-radical,6,7,6,chars/6770.json
杲,C,gǎo,,cao; mặt trời chiếu sáng rực rỡ,not-resolved,,,not-resolved,0,0,7,chars/6772.json
杳,C,yǎo,,tối và yên tĩnh; biến mất,not-resolved,,,not-resolved,6,0,7,chars/6773.json
杴,C,xiān,,cái xẻng; biến thể của 鍁|锨[xian1],not-resolved,,,not-resolved,0,0,7,chars/6774.json
杵,B,chǔ,Ngỏ,cái chày; chọc,resolved,木,Bộ Mộc,record-radical,3,0,7,chars/6775.json
杶,C,chūn,Đòn,(cây),not-resolved,,,not-resolved,0,0,7,chars/6776.json
杷,B,bà,,"cán (của rìu,...); cái cuốc",resolved,木,Bộ Mộc,record-radical,1,0,7,chars/6777.json
杸,C,shū,,giết; một cây giáo,not-resolved,,,not-resolved,0,0,7,chars/6778.json
杻,C,chǒu,,còng tay,not-resolved,,,not-resolved,0,0,7,chars/677B.json
杼,B,zhù,,thoi dệt vải,resolved,木,Bộ Mộc,record-radical,1,0,7,chars/677C.json
杽,C,chǒu,,một loại còng tay bằng gỗ,not-resolved,,,not-resolved,0,0,7,chars/677D.json
松,A,sōng,Tùng,thông,resolved,木,Bộ Mộc,record-radical,10,10,4,chars/677E.json
板,A,bǎn,Ván,"ván, bảng",resolved,木,Bộ Mộc,record-radical,10,10,3,chars/677F.json
极,A,jí,Cực,cực kỳ,resolved,木,Bộ Mộc,record-radical,15,10,3,chars/6781.json
构,A,gòu,Cấu,biến thể của 構|构[gou4]; (Đài Loan) (thông tục) biến thể của 夠|够[gou4],resolved,木,Bộ Mộc,record-radical,10,10,5,chars/6784.json
枇,B,pí,,dùng trong 枇杷[pi2 pa5],resolved,木,Bộ Mộc,record-radical,1,0,7,chars/6787.json
枉,A,wǎng,Uổng,xoắn; cong,resolved,木,Bộ Mộc,record-radical,6,3,6,chars/6789.json
枋,C,fāng,,Santalum album; cột gỗ vuông,not-resolved,,,not-resolved,1,0,7,chars/678B.json
枌,C,fén,,(cây),not-resolved,,,not-resolved,0,0,7,chars/678C.json
析,C,xī,,tách; chia,not-resolved,,,not-resolved,6,10,5,chars/6790.json
枒,B,yá,,cây dừa; rìa,resolved,木,Bộ Mộc,record-radical,0,0,7,chars/6792.json
枓,B,dǒu,Rẫu,đế vuông của cột cờ Trung Quốc,resolved,木,Bộ Mộc,record-radical,0,0,7,chars/6793.json
枕,A,zhěn,Chẳm,gối; gối đầu,resolved,木,Bộ Mộc,record-radical,6,4,6,chars/6795.json
林,A,Lín,Lâm,họ [Lin2]; họ Nhật Bản Hayashi,resolved,木,Bộ Mộc,record-radical,8,10,4,chars/6797.json
枘,B,ruì,,mộng; tay cầm dụng cụ,resolved,木,Bộ Mộc,record-radical,2,0,7,chars/6798.json
枙,C,è,,nút thắt cây,not-resolved,,,not-resolved,0,0,7,chars/6799.json
枚,A,méi,Mai,một từ đo lường cho các đối tượng nhỏ,resolved,木,Bộ Mộc,record-radical,4,8,6,chars/679A.json
果,C,guǒ,Quả,trái cây; kết quả,not-resolved,,,not-resolved,17,10,1,chars/679C.json
枝,A,zhī,Chi,nhánh,resolved,木,Bộ Mộc,record-radical,7,7,6,chars/679D.json
枞,B,cōng,,cây thông,resolved,木,Bộ Mộc,record-radical,2,0,7,chars/679E.json
枟,C,yùn,,vân gỗ,not-resolved,,,not-resolved,0,0,7,chars/679F.json
枢,A,shū,Xu,(dạng kết hợp) bản lề; điểm then chốt (thường nghĩa bóng),resolved,木,Bộ Mộc,record-radical,6,4,7,chars/67A2.json
枣,C,zǎo,Táo,quả chà là,not-resolved,,,not-resolved,6,0,7,chars/67A3.json
枥,B,lì,,loại cây sồi; chuồng ngựa,resolved,木,Bộ Mộc,record-radical,1,0,7,chars/67A5.json
枧,B,jiǎn,,ống dẫn bằng tre; chốt gỗ,resolved,木,Bộ Mộc,record-radical,0,0,7,chars/67A7.json
枨,B,chéng,Trường,cột cửa,resolved,木,Bộ Mộc,record-radical,0,0,7,chars/67A8.json
枪,A,qiāng,Thương,súng,resolved,木,Bộ Mộc,record-radical,8,10,5,chars/67AA.json
枫,B,fēng,Phong,cây phong (chi Acer),resolved,木,Bộ Mộc,record-radical,4,0,7,chars/67AB.json
枭,C,xiāo,,cú; dũng cảm,not-resolved,,,not-resolved,4,1,7,chars/67AD.json
枯,C,kū,Khô,"(thực vật) héo; (giếng, sông, v.v.) khô cạn",not-resolved,,,not-resolved,7,4,6,chars/67AF.json
枰,C,píng,,trò chơi giống cờ,not-resolved,,,not-resolved,0,0,7,chars/67B0.json
枱,C,tái,,biến thể cũ của 檯|台[tai2],not-resolved,,,not-resolved,0,0,7,chars/67B1.json
枲,C,xǐ,,cây gai nam,not-resolved,,,not-resolved,0,0,7,chars/67B2.json
枳,B,zhǐ,,(quả cam); gai hàng rào,resolved,木,Bộ Mộc,record-radical,0,0,7,chars/67B3.json
枴,C,guǎi,,,not-resolved,,,not-resolved,0,0,7,chars/67B4.json
枵,B,xiāo,Hèo,(cổ) hốc cây; (văn) trống; rỗng,resolved,木,Bộ Mộc,record-radical,0,0,7,chars/67B5.json
架,A,jià,Giá,kệ,resolved,木,Bộ Mộc,record-radical,9,10,5,chars/67B6.json
枷,B,jiā,Da,gông (cái cùm gỗ dùng để giam giữ và trừng phạt tội phạm ở Trung Quốc),resolved,木,Bộ Mộc,record-radical,2,0,7,chars/67B7.json
枸,B,gōu,Cú,cong; vẹo,resolved,木,Bộ Mộc,record-radical,4,0,7,chars/67B8.json
枹,C,fū,,cây sồi Quercus glandulifera,not-resolved,,,not-resolved,0,0,7,chars/67B9.json
枻,C,yì,,mái chèo; dụng cụ chỉnh cung,not-resolved,,,not-resolved,0,0,7,chars/67BB.json
枼,C,yè,,,resolved,木,Bộ Mộc,record-radical,0,0,7,chars/67BC.json
柁,B,tuó,Xà,xà chính của mái nhà,resolved,木,Bộ Mộc,record-radical,0,0,7,chars/67C1.json
柂,C,yí,,(văn học) (thực vật) (một loài đoạn có gỗ từng được dùng làm quan tài trong thời cổ đại),not-resolved,,,not-resolved,0,0,7,chars/67C2.json
柃,B,líng,Rành,Eurya japonica,resolved,木,Bộ Mộc,record-radical,0,0,7,chars/67C3.json
柄,A,bǐng,Bính,"tay cầm hoặc cán (của rìu, v.v.); thân (của hoa, lá hoặc quả)",resolved,木,Bộ Mộc,record-radical,7,6,7,chars/67C4.json
柅,C,nǐ,,(cây); dừng lại,not-resolved,,,not-resolved,0,0,7,chars/67C5.json
柈,C,pán,,cái đĩa,not-resolved,,,not-resolved,0,0,7,chars/67C8.json
柊,C,zhōng,Dông,dùng trong 柊葉|柊叶[zhong1 ye4],not-resolved,,,not-resolved,0,0,7,chars/67CA.json
柎,C,fū,,đài hoa,not-resolved,,,not-resolved,0,0,7,chars/67CE.json
柏,A,Bǎi,Bách,họ [Bai3]; phát âm Đài Loan [Bo2],resolved,木,Bộ Mộc,record-radical,7,7,7,chars/67CF.json
某,A,mǒu,Mỗ,một số,resolved,甘,Bộ Cam,record-radical,6,10,5,chars/67D0.json
柑,C,gān,Đàn / Cam,quýt lớn,not-resolved,,,not-resolved,4,0,7,chars/67D1.json
柒,C,qī,,số bảy (chữ số phòng chống gian lận của ngân hàng),not-resolved,,,not-resolved,0,0,7,chars/67D2.json
染,C,rǎn,Nhuộm,nhuộm,not-resolved,,,not-resolved,7,10,6,chars/67D3.json
柔,C,róu,Nhu,mềm; dẻo dai,not-resolved,,,not-resolved,7,10,5,chars/67D4.json
柘,B,zhè,,một loại cây có gai; mía,resolved,木,Bộ Mộc,record-radical,6,0,7,chars/67D8.json
柙,B,xiá,,lồng; chuồng,resolved,木,Bộ Mộc,record-radical,0,0,7,chars/67D9.json
柚,B,yòu,Dâu,bưởi (Citrus maxima hoặc C. grandis); bưởi chùm,resolved,木,Bộ Mộc,record-radical,3,0,7,chars/67DA.json
柜,A,guì,,biến thể của 櫃|柜[gui4],resolved,木,Bộ Mộc,record-radical,6,10,5,chars/67DC.json
柝,C,tuò,,cái lúc lắc của người gác cổng,not-resolved,,,not-resolved,0,0,7,chars/67DD.json
柞,B,zuò,,cây sồi; Quercus serrata,resolved,木,Bộ Mộc,record-radical,2,0,7,chars/67DE.json
柠,A,níng,,quả chanh,resolved,木,Bộ Mộc,record-radical,5,2,7,chars/67E0.json
柢,B,dǐ,,nền tảng; gốc rễ,resolved,木,Bộ Mộc,record-radical,1,0,7,chars/67E2.json
柣,C,zhí,,ngưỡng cửa,not-resolved,,,not-resolved,0,0,7,chars/67E3.json
柤,C,zhā,,(cây sơn trà); Chaenomeles japonica,not-resolved,,,not-resolved,0,0,7,chars/67E4.json
查,A,chá,Tra,kiểm tra,resolved,木,Bộ Mộc,record-radical,12,10,3,chars/67E5.json
柦,C,dàn,,một loại bàn gỗ không có chân,not-resolved,,,not-resolved,0,0,7,chars/67E6.json
柩,C,jiù,Cữu,quan tài khiêng,not-resolved,,,not-resolved,1,0,7,chars/67E9.json
柬,C,Jiǎn,,"viết tắt của 柬埔寨[Jian3 pu3 zhai4], Campuchia",not-resolved,,,not-resolved,2,4,6,chars/67EC.json
柮,C,duò,,mảnh gỗ vụn,not-resolved,,,not-resolved,0,0,7,chars/67EE.json
柯,B,Kē,,họ [Ke1],resolved,木,Bộ Mộc,record-radical,6,0,7,chars/67EF.json
柰,B,nài,,cây táo dại lá lê Trung Quốc,resolved,木,Bộ Mộc,record-radical,0,0,7,chars/67F0.json
柱,A,zhù,Trụ,cột; LT:根[gen1],resolved,木,Bộ Mộc,record-radical,6,10,6,chars/67F1.json
柲,C,bì,,chuôi vũ khí bằng nan tre,not-resolved,,,not-resolved,0,0,7,chars/67F2.json
柳,A,Liǔ,Liễu,họ [Liu3],resolved,木,Bộ Mộc,record-radical,6,10,7,chars/67F3.json
柴,A,Chái,Sài,họ [Chai2],resolved,木,Bộ Mộc,record-radical,6,10,5,chars/67F4.json
柶,C,sì,,muỗng; cái vá,not-resolved,,,not-resolved,0,0,7,chars/67F6.json
柷,C,zhù,,"nhạc cụ gõ, một hộp gỗ thon được đánh bên trong bằng một que gỗ",not-resolved,,,not-resolved,0,0,7,chars/67F7.json
柸,C,pēi,,ghét; mang mối hằn thù,not-resolved,,,not-resolved,0,0,7,chars/67F8.json
柺,C,guǎi,,,not-resolved,,,not-resolved,0,0,7,chars/67FA.json
査,C,chá,,biến thể tiếng Nhật của 查,not-resolved,,,not-resolved,0,0,7,chars/67FB.json
柽,B,chēng,,cây dương,resolved,木,Bộ Mộc,record-radical,0,0,7,chars/67FD.json
柿,A,shì,Niêu / Thị,biến thể cũ của 柿[shi4],resolved,木,Bộ Mộc,record-radical,5,8,4,chars/67FF.json
栀,B,zhī,,dành dành; hoa dành dành (Gardenia jasminoides),resolved,木,Bộ Mộc,record-radical,2,0,7,chars/6800.json
栃,C,lì,,"biến thể cổ của 櫪|枥, cây sồi; một loại cây trong sách cổ",not-resolved,,,not-resolved,0,0,7,chars/6803.json
栄,C,róng,,biến thể Nhật Bản của 榮|荣[rong2],not-resolved,,,not-resolved,0,0,7,chars/6804.json
栅,C,zhà,,hàng rào; cũng đọc là [shan1],not-resolved,,,not-resolved,5,0,7,chars/6805.json
标,A,biāo,Bêu,nhãn,resolved,木,Bộ Mộc,record-radical,18,10,4,chars/6807.json
栈,B,zhàn,Suông / Sàn,bẹ gỗ hoặc tre cho cừu hoặc gia súc; khung chống bằng gỗ hoặc tre,resolved,木,Bộ Mộc,record-radical,6,0,7,chars/6808.json
栉,C,zhì,,cái lược; chải,not-resolved,,,not-resolved,4,0,7,chars/6809.json
栊,B,lóng,Trồng,(văn học) cửa sổ; (văn học) lồng cho động vật,resolved,木,Bộ Mộc,record-radical,0,0,7,chars/680A.json
栋,A,dòng,Nhắm / Đống,căn (đơn vị đo nhà),resolved,木,Bộ Mộc,record-radical,4,10,6,chars/680B.json
栌,B,lú,,đầu cột; cây khói,resolved,木,Bộ Mộc,record-radical,0,0,7,chars/680C.json
栎,B,lì,Lác,cây sồi; Quercus serrata,resolved,木,Bộ Mộc,record-radical,2,0,7,chars/680E.json
栏,A,lán,Đan / Lan,cột,resolved,木,Bộ Mộc,record-radical,7,10,6,chars/680F.json
树,A,shù,Thụ,cây,resolved,木,Bộ Mộc,record-radical,15,10,3,chars/6811.json
栒,C,xún,,thanh ngang,not-resolved,,,not-resolved,0,0,7,chars/6812.json
栓,A,shuān,Thoen,nút chai; nút,resolved,木,Bộ Mộc,record-radical,6,4,7,chars/6813.json
栔,C,qì,,chạm khắc; cắt,not-resolved,,,not-resolved,0,0,7,chars/6814.json
栖,A,qī,Thê,đậu; nghỉ (của chim),resolved,木,Bộ Mộc,record-radical,6,4,7,chars/6816.json
栗,C,lì,Niêu / Lật,(văn học) lạnh lẽo; rét mướt; (dạng kết hợp) run sợ,not-resolved,,,not-resolved,6,2,7,chars/6817.json
栘,C,yí,Đa,cây shadbush hoặc shadberry (chi Amelanchier); tên gọi của chuồng ngựa thời nhà Hán,not-resolved,,,not-resolved,0,0,7,chars/6818.json
栝,B,guā,,cây bách xù Trung Hoa (Juniperus chinensis); khung đo lường,resolved,木,Bộ Mộc,record-radical,0,0,7,chars/681D.json
栟,C,bīng,,Trachycarpus excelsa,not-resolved,,,not-resolved,0,0,7,chars/681F.json
校,A,jiào,Đắng / Hiệu,kiểm tra; đối chiếu,resolved,木,Bộ Mộc,record-radical,8,10,1,chars/6821.json
栩,A,xǔ,,dùng trong 栩栩[xu3 xu3]; cây sồi jolcham (Quercus serrata),resolved,木,Bộ Mộc,record-radical,2,1,7,chars/6829.json
株,A,zhū,Chò,cây,resolved,木,Bộ Mộc,record-radical,6,6,6,chars/682A.json
栫,C,jiàn,,hàng rào; hàng cọc,not-resolved,,,not-resolved,0,0,7,chars/682B.json
栭,C,ér,,nấm cây,not-resolved,,,not-resolved,0,0,7,chars/682D.json
栱,B,gǒng,,cột,resolved,木,Bộ Mộc,record-radical,0,0,7,chars/6831.json
栲,B,kǎo,,"cây dẻ gai (Castanopsis fargesii và các loài khác), chi cây thường xanh",resolved,木,Bộ Mộc,record-radical,0,0,7,chars/6832.json
栳,B,lǎo,,cái giỏ,resolved,木,Bộ Mộc,record-radical,0,0,7,chars/6833.json
栴,B,zhān,,dùng trong 栴檀[zhan1 tan2],resolved,木,Bộ Mộc,record-radical,0,0,7,chars/6834.json
栵,C,lì,,hàng rào,not-resolved,,,not-resolved,0,0,7,chars/6835.json
样,A,yàng,Dạng,loại,resolved,木,Bộ Mộc,record-radical,20,10,1,chars/6837.json
核,A,hé,Hạch,hạt,resolved,木,Bộ Mộc,record-radical,10,10,5,chars/6838.json
根,A,gēn,Căn,một từ đo lường cho mảnh dài mỏng,resolved,木,Bộ Mộc,record-radical,12,10,5,chars/6839.json
栻,C,shì,,(cây),not-resolved,,,not-resolved,0,0,7,chars/683B.json
格,A,gē,Cách,Cách,resolved,木,Bộ Mộc,record-radical,16,10,4,chars/683C.json
栽,A,zāi,,"trồng (cây), cắm (măng); ngã, vấp ngã; đổ lỗi",resolved,木,Bộ Mộc,record-radical,6,7,6,chars/683D.json
栾,B,Luán,,họ [Luan2],resolved,木,Bộ Mộc,record-radical,4,0,7,chars/683E.json
桀,B,jié,Kiệt,(hoàng đế triều Hạ); tàn nhẫn,resolved,舛,Bộ Suyễn,record-radical,1,0,7,chars/6840.json
桁,B,háng,Hành,gông cùm (dụng cụ trừng phạt tội phạm),resolved,木,Bộ Mộc,record-radical,1,0,7,chars/6841.json
桂,A,Guì,Quế,họ [Gui4]; viết tắt của Khu tự trị Quảng Tây 廣西壯族自治區|广西壮族自治区[Guang3xi1 Zhuang4zu2 Zi4zhi4qu1],resolved,木,Bộ Mộc,record-radical,6,5,7,chars/6842.json
桃,A,táo,Đào,đào,resolved,木,Bộ Mộc,record-radical,6,8,5,chars/6843.json
桄,B,guāng,Quang,dùng trong 桄榔[guang1 lang2],resolved,木,Bộ Mộc,record-radical,1,0,7,chars/6844.json
桅,B,wéi,,cột buồm,resolved,木,Bộ Mộc,record-radical,1,0,7,chars/6845.json
框,A,kuàng,,khung,resolved,木,Bộ Mộc,record-radical,6,4,6,chars/6846.json
案,A,àn,Duyên / Án,(pháp lý) vụ việc; sự cố,resolved,木,Bộ Mộc,record-radical,10,10,4,chars/6848.json
桉,B,ān,,cây bạch đàn; Eucalyptus globulus,resolved,木,Bộ Mộc,record-radical,2,0,7,chars/6849.json
桊,C,juàn,,,resolved,木,Bộ Mộc,record-radical,0,0,,chars/684A.json
桋,C,yí,,(cây),not-resolved,,,not-resolved,0,0,7,chars/684B.json
桌,A,zhuō,,bàn; bàn làm việc,resolved,木,Bộ Mộc,record-radical,6,10,1,chars/684C.json
桎,B,zhì,Chuối,xiềng xích,resolved,木,Bộ Mộc,record-radical,1,0,7,chars/684E.json
桐,B,tóng,,"tên cây (có thể là cây Paulownia, Firmiana hoặc Aleurites)",resolved,木,Bộ Mộc,record-radical,6,0,7,chars/6850.json
桑,C,Sāng,Tang,họ [Sang1],not-resolved,,,not-resolved,7,8,6,chars/6851.json
桓,B,Huán,,họ [Huan2],resolved,木,Bộ Mộc,record-radical,6,0,7,chars/6853.json
桔,B,jié,,Platycodon grandiflorus; cái xô nước,resolved,木,Bộ Mộc,record-radical,3,0,5,chars/6854.json
桕,B,jiù,,cây dầu trơn; Sapium sebiferum,resolved,木,Bộ Mộc,record-radical,1,0,7,chars/6855.json
桚,C,zǎn,,biến thể cũ của 拶[zan3],not-resolved,,,not-resolved,0,0,7,chars/685A.json
桜,C,yīng,,biến thể Nhật Bản của 櫻|樱[ying1],not-resolved,,,not-resolved,0,0,7,chars/685C.json
桟,C,zhàn,,biến thể tiếng Nhật của 棧|栈[zhan4],not-resolved,,,not-resolved,0,0,7,chars/685F.json
桠,B,yā,,nhánh cây chia đôi,resolved,木,Bộ Mộc,record-radical,1,0,7,chars/6860.json
桡,B,ráo,,xương quay (giải phẫu); xương cẳng tay,resolved,木,Bộ Mộc,record-radical,1,0,7,chars/6861.json
桢,B,zhēn,Trính,cây bụi thường xanh,resolved,木,Bộ Mộc,record-radical,1,0,7,chars/6862.json
档,A,dàng,,"cấp, bậc, hạng",resolved,木,Bộ Mộc,record-radical,7,10,5,chars/6863.json
桤,B,qī,,cây tống quán sủ,resolved,木,Bộ Mộc,record-radical,1,0,7,chars/6864.json
桥,A,qiáo,Kiều,cầu,resolved,木,Bộ Mộc,record-radical,7,10,4,chars/6865.json
桦,B,huà,,(thực vật) cây bạch dương (chi Betula),resolved,木,Bộ Mộc,record-radical,6,0,7,chars/6866.json
桧,B,guì,Cối,dùng trong 秦檜|秦桧[Qin2 Hui4]; Tiếng Đài Loan đọc là [Kuai4],resolved,木,Bộ Mộc,record-radical,1,0,7,chars/6867.json
桨,A,jiǎng,,mái chèo; tay chèo; LT:隻|只[zhi1],resolved,木,Bộ Mộc,record-radical,3,4,6,chars/6868.json
桩,A,zhuāng,Thung,cọc,resolved,木,Bộ Mộc,record-radical,6,1,7,chars/6869.json
桫,B,suō,,cây dẻ ngựa; Stewartia pseudocamellia (thực vật),resolved,木,Bộ Mộc,record-radical,1,0,7,chars/686B.json
桭,C,zhēn,,mái hiên; khoảng cách giữa hai cột,not-resolved,,,not-resolved,0,0,7,chars/686D.json
桯,C,tīng,,kệ đầu giường,not-resolved,,,not-resolved,0,0,7,chars/686F.json
桲,B,bó,Vụt,cái đập lúa,resolved,木,Bộ Mộc,record-radical,0,0,7,chars/6872.json
桴,B,fú,,dầm nhà; xà nhà,resolved,木,Bộ Mộc,record-radical,1,0,7,chars/6874.json
桶,A,tǒng,Thùng,thùng,resolved,木,Bộ Mộc,record-radical,6,9,4,chars/6876.json
桷,B,jué,Dác,kèo nhà; malus toringo,resolved,木,Bộ Mộc,record-radical,0,0,7,chars/6877.json
桹,C,láng,,(cây cọ),not-resolved,,,not-resolved,0,0,7,chars/6879.json
桼,C,qī,,,not-resolved,,,not-resolved,0,0,,chars/687C.json
梁,C,Liáng,Lương,Triều đại Liang (502-557); Hậu Lương (907-923),not-resolved,,,not-resolved,7,10,6,chars/6881.json
梃,B,tǐng,,một cái gậy (vũ khí),resolved,木,Bộ Mộc,record-radical,0,0,7,chars/6883.json
梅,B,Méi,Mai,họ [Mei2],resolved,木,Bộ Mộc,record-radical,6,0,7,chars/6885.json
梆,B,bāng,Bương,cái mõ của người gác,resolved,木,Bộ Mộc,record-radical,4,0,7,chars/6886.json
梊,C,dì,,vắt ra; chiết xuất,not-resolved,,,not-resolved,0,0,7,chars/688A.json
梍,C,zào,,táo mật Trung Quốc (Gleditsia sinensis); nay viết là zào jiá 皂莢|皂荚,not-resolved,,,not-resolved,0,0,7,chars/688D.json
梏,B,gù,Gáo,niềng (y học); xiềng xích,resolved,木,Bộ Mộc,record-radical,1,0,7,chars/688F.json
梐,C,bì,Bẹ,hàng rào gỗ,not-resolved,,,not-resolved,0,0,7,chars/6890.json
梓,B,zǐ,,cây Catalpa kaempferi; ván khắc in,resolved,木,Bộ Mộc,record-radical,6,0,7,chars/6893.json
梗,B,gěng,,nhánh; thân,resolved,木,Bộ Mộc,record-radical,6,0,7,chars/6897.json
梠,C,lǚ,,xà nhà ở mái hiên,not-resolved,,,not-resolved,0,0,7,chars/68A0.json
梡,C,kuǎn,,(cây); dựng để hiến tế,not-resolved,,,not-resolved,0,0,7,chars/68A1.json
梢,A,shāo,,ngọn cây,resolved,木,Bộ Mộc,record-radical,6,3,6,chars/68A2.json
梣,B,chén,Rầm,cây tần bì Trung Quốc (Fraxinus chinensis),resolved,木,Bộ Mộc,record-radical,0,0,7,chars/68A3.json
梥,C,sōng,,biến thể cũ của 松[song1],not-resolved,,,not-resolved,0,0,7,chars/68A5.json
梦,A,mèng,,giấc mơ,resolved,夕,Bộ Tịch,record-radical,9,10,4,chars/68A6.json
梧,B,wú,,cây ngô đồng (Sterculia platanifolia),resolved,木,Bộ Mộc,record-radical,6,0,7,chars/68A7.json
梨,A,lí,Lê,quả lê,resolved,木,Bộ Mộc,record-radical,6,4,5,chars/68A8.json
梩,C,lí,Lái,giỏ để xúc đất; cái xẻng,not-resolved,,,not-resolved,0,0,7,chars/68A9.json
梭,B,suō,Thoi,(dệt) thoi,resolved,木,Bộ Mộc,record-radical,6,0,7,chars/68AD.json
梯,A,tī,,thang; bậc thang,resolved,木,Bộ Mộc,record-radical,7,10,3,chars/68AF.json
械,A,xiè,Giới,dụng cụ; công cụ,resolved,木,Bộ Mộc,record-radical,6,10,6,chars/68B0.json
梱,C,kǔn,,ngưỡng cửa di động,not-resolved,,,not-resolved,0,0,7,chars/68B1.json
梲,C,zhuó,,cây gậy (vũ khí); cột nhỏ,not-resolved,,,not-resolved,0,0,7,chars/68B2.json
梳,A,shū,Sơ,chải,resolved,木,Bộ Mộc,record-radical,6,8,5,chars/68B3.json
梴,C,chān,,chiều dài (của cây hoặc xà); dài,not-resolved,,,not-resolved,0,0,7,chars/68B4.json
梵,C,Fàn,,viết tắt của 梵教[Fan4 jiao4] Bà La Môn giáo; viết tắt của tiếng Phạn 梵語|梵语[Fan4 yu3] hoặc 梵文[Fan4 wen2],not-resolved,,,not-resolved,5,0,7,chars/68B5.json
梸,C,lí,,biến thể cũ của 梨[li2],not-resolved,,,not-resolved,0,0,7,chars/68B8.json
梹,C,bīng,Biêng,biến thể của 檳|槟[bing1],not-resolved,,,not-resolved,0,0,7,chars/68B9.json
梼,B,táo,,người đần; đồ ngốc,resolved,木,Bộ Mộc,record-radical,0,0,7,chars/68BC.json
梾,B,lái,,dùng trong 棶木|梾木[lai2 mu4],resolved,木,Bộ Mộc,record-radical,0,0,7,chars/68BE.json
梿,B,lián,,"xem 槤枷|梿枷[lian2 jia1], dụng cụ đập lúa; đập lúa (bằng dụng cụ đập lúa)",resolved,木,Bộ Mộc,record-radical,0,0,7,chars/68BF.json
检,A,jiǎn,Ghém,kiểm tra; khám xét,resolved,木,Bộ Mộc,record-radical,9,10,3,chars/68C0.json
棁,C,zhuō,,gậy (gỗ); xà nhà,not-resolved,,,not-resolved,0,0,7,chars/68C1.json
棂,B,líng,Ranh,(dạng kết hợp) khung cửa sổ; cửa sổ mắt cáo,resolved,木,Bộ Mộc,record-radical,1,0,7,chars/68C2.json
棃,C,lí,,"biến thể của 梨[li2], quả lê",not-resolved,,,not-resolved,0,0,7,chars/68C3.json
棉,C,mián,,bông,not-resolved,,,not-resolved,6,9,6,chars/68C9.json
棋,A,qí,Cời,cờ,resolved,木,Bộ Mộc,record-radical,6,10,5,chars/68CB.json
棍,A,gùn,Điềm / Côn,gậy,resolved,木,Bộ Mộc,record-radical,8,10,6,chars/68CD.json
棐,C,fěi,,Torreya nucifera; tăng cường,not-resolved,,,not-resolved,0,0,7,chars/68D0.json
棑,C,pái,,bè; khiên,not-resolved,,,not-resolved,0,0,7,chars/68D1.json
棒,A,bàng,Vổng,tuyệt vời,resolved,木,Bộ Mộc,record-radical,6,10,4,chars/68D2.json
棕,A,zōng,,"màu nâu, cây cọ",resolved,木,Bộ Mộc,record-radical,6,2,6,chars/68D5.json
棘,C,jí,Gấc,gai,not-resolved,,,not-resolved,6,8,7,chars/68D8.json
棚,A,péng,,nhà kho; mái che,resolved,木,Bộ Mộc,record-radical,8,5,7,chars/68DA.json
棜,C,yù,,mâm đựng thịt cúng tế,not-resolved,,,not-resolved,0,0,7,chars/68DC.json
棠,A,táng,,táo anh đào,resolved,木,Bộ Mộc,record-radical,6,2,7,chars/68E0.json
棣,B,dì,,Kerria japonica,resolved,木,Bộ Mộc,record-radical,5,0,7,chars/68E3.json
棤,C,cuò,,vỏ cây thô ráp,not-resolved,,,not-resolved,0,0,7,chars/68E4.json
棥,C,fán,,,not-resolved,,,not-resolved,0,0,,chars/68E5.json
棨,C,qǐ,,thẻ bài thông hành qua ải,not-resolved,,,not-resolved,0,0,7,chars/68E8.json
棩,C,yuān,,cây cong,not-resolved,,,not-resolved,0,0,7,chars/68E9.json
棪,C,yǎn,,(cây),not-resolved,,,not-resolved,0,0,7,chars/68EA.json
棫,C,yù,,(cây sồi); bụi gai,not-resolved,,,not-resolved,0,0,7,chars/68EB.json
棬,C,quān,,cái bát,not-resolved,,,not-resolved,0,0,7,chars/68EC.json
森,A,Sēn,Chùm,Mori (họ Nhật Bản),resolved,木,Bộ Mộc,record-radical,6,10,4,chars/68EE.json
棯,C,rěn,Nạm,cây táo tàu,not-resolved,,,not-resolved,0,0,7,chars/68EF.json
棰,B,chuí,,đánh bằng roi; cây roi,resolved,木,Bộ Mộc,record-radical,0,0,7,chars/68F0.json
棱,A,léng,Săng,xà vuông; biến thể của 稜|棱[leng2],resolved,木,Bộ Mộc,record-radical,6,4,7,chars/68F1.json
棳,C,zhuó,,"cột nhỏ đỡ mái, nằm trên xà chính",not-resolved,,,not-resolved,0,0,7,chars/68F3.json
棵,A,kē,Quả,cây,resolved,木,Bộ Mộc,record-radical,1,10,4,chars/68F5.json
棸,C,Zōu,,họ [Zou1],not-resolved,,,not-resolved,0,0,7,chars/68F8.json
棹,B,zhuō,Chèo,biến thể của 桌[zhuo1],resolved,木,Bộ Mộc,record-radical,0,0,7,chars/68F9.json
棺,A,guān,Quan,quan tài,resolved,木,Bộ Mộc,record-radical,6,1,7,chars/68FA.json
棻,B,fēn,,gỗ thơm; nước hoa,resolved,木,Bộ Mộc,record-radical,0,0,7,chars/68FB.json
棼,C,fén,,xà nhà; bối rối,not-resolved,,,not-resolved,0,0,7,chars/68FC.json
椁,B,guǒ,Quạch,quan tài ngoài,resolved,木,Bộ Mộc,record-radical,1,0,7,chars/6901.json
椄,C,jiē,,ghép cành,not-resolved,,,not-resolved,0,0,7,chars/6904.json
椅,A,yǐ,,ghế,resolved,木,Bộ Mộc,record-radical,7,10,1,chars/6905.json
椆,B,chóu,,loài cây chịu được thời tiết lạnh,resolved,木,Bộ Mộc,record-radical,0,0,7,chars/6906.json
椈,C,jú,,Fagus sylvatica,not-resolved,,,not-resolved,0,0,7,chars/6908.json
椊,C,zuó,Chốt,lắp cán vào đế; một cái nút hoặc nút bần,not-resolved,,,not-resolved,0,0,7,chars/690A.json
椋,B,liáng,,dùng trong 椋鳥|椋鸟[liang2 niao3],resolved,木,Bộ Mộc,record-radical,1,0,7,chars/690B.json
椌,C,qiāng,,(nhạc cụ bằng gỗ),not-resolved,,,not-resolved,0,0,7,chars/690C.json
植,A,zhí,Thực,trồng,resolved,木,Bộ Mộc,record-radical,6,10,4,chars/690D.json
椎,A,chuí,Chòi,búa; vồ (biến thể của 槌[chui2]); đập; đánh (biến thể của 捶[chui2]),resolved,木,Bộ Mộc,record-radical,6,1,6,chars/690E.json
椐,B,jū,,Zelkova acuminata,resolved,木,Bộ Mộc,record-radical,0,0,7,chars/6910.json
椑,C,bēi,,Fagus sylvatica,not-resolved,,,not-resolved,0,0,7,chars/6911.json
椒,A,jiāo,Tiêu,hạt tiêu,resolved,木,Bộ Mộc,record-radical,6,6,5,chars/6912.json
椓,C,zhuó,,đánh,not-resolved,,,not-resolved,0,0,7,chars/6913.json
検,C,jiǎn,,biến thể tiếng Nhật của 檢|检,not-resolved,,,not-resolved,0,0,7,chars/691C.json
椝,C,guī,,biến thể giản thể không chuẩn của 槼|规[gui1],not-resolved,,,not-resolved,0,0,7,chars/691D.json
椟,B,dú,,tủ; hộp,resolved,木,Bộ Mộc,record-radical,1,0,7,chars/691F.json
椠,B,qiàn,,thẻ gỗ; phiên bản,resolved,木,Bộ Mộc,record-radical,0,0,7,chars/6920.json
椤,B,luó,,xem 桫欏|桫椤[suo1 luo2],resolved,木,Bộ Mộc,record-radical,1,0,7,chars/6924.json
椥,B,zhī,Tre,dùng trong 檳椥|槟椥[Bin1 zhi1],resolved,木,Bộ Mộc,record-radical,0,0,7,chars/6925.json
椪,B,pèng,,dùng trong 椪柑[peng4 gan1],resolved,木,Bộ Mộc,record-radical,0,0,7,chars/692A.json
椫,C,zhǎn,,(gỗ),not-resolved,,,not-resolved,0,0,7,chars/692B.json
椭,A,tuǒ,,hình ellipse,resolved,木,Bộ Mộc,record-radical,3,1,6,chars/692D.json
椮,C,sēn,,cây cối tươi tốt (rậm rạp); đánh cá bằng cách dùng bó gỗ (cổ đại),not-resolved,,,not-resolved,0,0,7,chars/692E.json
椰,A,yē,Da,(dạng kết hợp) cây dừa; tiếng Đài Loan đọc là [ye2],resolved,木,Bộ Mộc,record-radical,6,5,7,chars/6930.json
椳,C,wēi,Ổi,"trụ xoay, ở trên và dưới của cửa Trung Quốc, nơi cánh cửa xoay",not-resolved,,,not-resolved,0,0,7,chars/6933.json
椴,B,duàn,,cây đoạn (Tilia chinensis),resolved,木,Bộ Mộc,record-radical,0,0,7,chars/6934.json
椵,C,jiǎ,,(quả bưởi),not-resolved,,,not-resolved,0,0,7,chars/6935.json
椸,C,yí,,giá phơi quần áo,not-resolved,,,not-resolved,0,0,7,chars/6938.json
椹,B,shèn,,biến thể của 葚[shen4],resolved,木,Bộ Mộc,record-radical,0,0,7,chars/6939.json
椽,B,chuán,,xà; rầm,resolved,木,Bộ Mộc,record-radical,1,0,7,chars/693D.json
椿,B,chūn,,cây thốn (Toona sinensis); cây Ailanthus altissima,resolved,木,Bộ Mộc,record-radical,2,0,7,chars/693F.json
楀,C,Yǔ,,họ [Yu3],not-resolved,,,not-resolved,0,0,7,chars/6940.json
楂,B,chá,,đốn cây; tạo bè,resolved,木,Bộ Mộc,record-radical,1,0,7,chars/6942.json
楅,C,bì,,cái ách đặt trên sừng bò,not-resolved,,,not-resolved,0,0,7,chars/6945.json
楋,C,là,,trồng cây (cũ),not-resolved,,,not-resolved,0,0,7,chars/694B.json
楍,C,běn,,biến thể cũ của 本[ben3],not-resolved,,,not-resolved,0,0,7,chars/694D.json
楎,C,hún,,giá phơi quần áo,not-resolved,,,not-resolved,0,0,7,chars/694E.json
楔,B,xiē,,nêm; đóng vào (biến thể của 揳[xie1]),resolved,木,Bộ Mộc,record-radical,2,0,7,chars/6954.json
楗,B,jiàn,,"vật liệu (như đá, đất, tre, v.v.) dùng để sửa chữa khẩn cấp đê điều; (văn học) thanh chắn cửa (thanh dọc dùng để ngăn chuyển động ngang của chốt cửa)",resolved,木,Bộ Mộc,record-radical,0,0,7,chars/6957.json
楘,C,mù,,trang trí trên trục xe,not-resolved,,,not-resolved,0,0,7,chars/6958.json
楙,B,mào,,Cydonia japonica,resolved,木,Bộ Mộc,record-radical,0,0,7,chars/6959.json
楚,C,Chǔ,Sở,họ [Chu3]; viết tắt của hai tỉnh Hồ Bắc 湖北省[Hu2bei3 Sheng3] và Hồ Nam 湖南省[Hu2nan2 Sheng3],not-resolved,,,not-resolved,6,10,3,chars/695A.json
楛,C,hù,Gỗ,(cây),not-resolved,,,not-resolved,0,0,7,chars/695B.json
楝,B,liàn,,cây xoan,resolved,木,Bộ Mộc,record-radical,1,0,7,chars/695D.json
楞,B,léng,,"biến thể của 稜|棱[leng2], góc; xà vuông",resolved,木,Bộ Mộc,record-radical,3,0,7,chars/695E.json
楟,C,tíng,,cây,not-resolved,,,not-resolved,0,0,7,chars/695F.json
楠,B,nán,Nêm,biến thể của 楠[nan2],resolved,木,Bộ Mộc,record-radical,5,0,7,chars/6960.json
楢,C,yóu,Giùa,Quercus glandulifera,not-resolved,,,not-resolved,0,0,7,chars/6962.json
楣,B,méi,Me,lanh tô; xà ngang,resolved,木,Bộ Mộc,record-radical,4,0,7,chars/6963.json
楦,B,xuàn,,phôi giày (bằng gỗ); biến thể của 楦[xuan4],resolved,木,Bộ Mộc,record-radical,3,0,7,chars/6966.json
楩,C,pián,,(cây),not-resolved,,,not-resolved,0,0,7,chars/6969.json
楪,C,dié,,đĩa nhỏ; cửa sổ,not-resolved,,,not-resolved,0,0,7,chars/696A.json
楫,B,jí,,mái chèo (cổ),resolved,木,Bộ Mộc,record-radical,0,0,7,chars/696B.json
楬,C,jié,,cái chốt; thẻ,not-resolved,,,not-resolved,0,0,7,chars/696C.json
楮,B,chǔ,Dó,Broussonetia kasinoki,resolved,木,Bộ Mộc,record-radical,0,0,7,chars/696E.json
楯,C,shǔn,,rút ra; lang can ngang,not-resolved,,,not-resolved,0,0,7,chars/696F.json
楰,C,yú,,(cây),not-resolved,,,not-resolved,0,0,7,chars/6970.json
楷,C,jiē,,cây di túc bì (Pistacia chinensis),not-resolved,,,not-resolved,5,4,7,chars/6977.json
楸,B,qiū,,cây chiêu liêu (Catalpa); Mallotus japonicus,resolved,木,Bộ Mộc,record-radical,1,0,7,chars/6978.json
楹,B,yíng,,cột trụ,resolved,木,Bộ Mộc,record-radical,1,0,7,chars/6979.json
楻,C,huáng,,biến thể của 艎[huang2],not-resolved,,,not-resolved,0,0,7,chars/697B.json
楼,A,lóu,Lầu,tòa nhà; tầng,resolved,木,Bộ Mộc,record-radical,15,10,3,chars/697C.json
楽,C,lè,,biến thể tiếng Nhật của 樂|乐[le4],not-resolved,,,not-resolved,0,0,7,chars/697D.json
榀,B,pǐn,,lượng từ cho xà nhà và vì kèo,resolved,木,Bộ Mộc,record-radical,0,0,7,chars/6980.json
概,A,gài,,chung; ước chừng,resolved,木,Bộ Mộc,record-radical,9,10,4,chars/6982.json
榃,C,tán,,lối đi nâng giữa các cánh đồng,not-resolved,,,not-resolved,0,0,7,chars/6983.json
榄,A,lǎn,,quả ô liu,resolved,木,Bộ Mộc,record-radical,6,2,7,chars/6984.json
榅,B,wēn,,xem 榲桲|榅桲[wen1 po5],resolved,木,Bộ Mộc,record-radical,0,0,7,chars/6985.json
榆,B,yú,,cây du,resolved,木,Bộ Mộc,record-radical,6,0,7,chars/6986.json
榇,B,chèn,,cây trôm mỡ; quan tài,resolved,木,Bộ Mộc,record-radical,0,0,7,chars/6987.json
榈,A,lǘ,,cây cọ,resolved,木,Bộ Mộc,record-radical,3,1,7,chars/6988.json
榉,B,jǔ,,cây dẻ gai Zeikowa acuminata,resolved,木,Bộ Mộc,record-radical,1,0,7,chars/6989.json
榊,C,shén,,"(chữ quốc tự Nhật Bản) cây sakaki (Cleyera japonica), cây thường xanh dùng trong Thần đạo để trang trí không gian linh thiêng",not-resolved,,,not-resolved,0,0,7,chars/698A.json
榎,C,jiǎ,,(cây bụi thường xanh); Celtis sinensis,not-resolved,,,not-resolved,0,0,7,chars/698E.json
榔,B,láng,Tóm / Lang,cây cao (cổ),resolved,木,Bộ Mộc,record-radical,4,0,7,chars/6994.json
榕,B,róng,,"Rong, tên khác của Phúc Châu 福州[Fu2 zhou1]",resolved,木,Bộ Mộc,record-radical,4,0,7,chars/6995.json
榖,C,gǔ,Kéo / Cốc,cây dướng,not-resolved,,,not-resolved,0,0,7,chars/6996.json
榛,B,zhēn,,(dạng kết hợp) cây phỉ (Corylus heterophylla),resolved,木,Bộ Mộc,record-radical,2,0,7,chars/699B.json
榜,C,bǎng,Xách / Bàng,thông báo hoặc thông tri; danh sách tên,not-resolved,,,not-resolved,6,10,6,chars/699C.json
榠,C,míng,,mộc qua Trung Quốc,not-resolved,,,not-resolved,0,0,7,chars/69A0.json
榡,C,sù,Tó,sồi răng ngựa (Quercus dentata),not-resolved,,,not-resolved,0,0,7,chars/69A1.json
榤,C,jié,,gốc cây nơi gà đậu ngủ,not-resolved,,,not-resolved,0,0,7,chars/69A4.json
榥,C,huǎng,,bình phong,not-resolved,,,not-resolved,0,0,7,chars/69A5.json
榦,C,gàn,,thân cây,not-resolved,,,not-resolved,0,0,7,chars/69A6.json
榧,B,fěi,,cây thông đỏ Torreya nucifera,resolved,木,Bộ Mộc,record-radical,0,0,7,chars/69A7.json
榨,A,zhà,,vắt,resolved,木,Bộ Mộc,record-radical,5,5,6,chars/69A8.json
榫,B,sǔn,,(thủ công mộc) mộng,resolved,木,Bộ Mộc,record-radical,2,0,7,chars/69AB.json
榭,B,xiè,,đình,resolved,木,Bộ Mộc,record-radical,1,0,7,chars/69AD.json
榰,C,zhī,,đáy cột; chống đỡ,not-resolved,,,not-resolved,0,0,7,chars/69B0.json
榱,B,cuī,Suôi,xà nhà (cổ điển),resolved,木,Bộ Mộc,record-radical,0,0,7,chars/69B1.json
榴,B,liú,Lựu,lựu,resolved,木,Bộ Mộc,record-radical,6,0,7,chars/69B4.json
榷,B,què,,"cầu nhỏ; thuế, phí",resolved,木,Bộ Mộc,record-radical,1,0,7,chars/69B7.json
榻,C,tà,,cái giường hẹp mà dài,not-resolved,,,not-resolved,3,0,7,chars/69BB.json
榼,C,kè,,Pusaetha scandens,not-resolved,,,not-resolved,0,0,7,chars/69BC.json
榾,C,gǔ,Cột,mẩu gỗ,not-resolved,,,not-resolved,0,0,7,chars/69BE.json
槁,B,gǎo,Cau,biến thể của 槁[gao3]; khô héo,resolved,木,Bộ Mộc,record-radical,1,0,7,chars/69C1.json
槃,B,pán,Bàn,biến thể của 盤|盘; khay gỗ,resolved,木,Bộ Mộc,record-radical,0,1,7,chars/69C3.json
槊,B,shuò,Giáo,giáo dài,resolved,木,Bộ Mộc,record-radical,0,0,7,chars/69CA.json
槌,B,chuí,Duì,vồ; chày,resolved,木,Bộ Mộc,record-radical,1,0,7,chars/69CC.json
槎,B,chá,Xay,bè làm bằng tre hoặc gỗ; chặt cây,resolved,木,Bộ Mộc,record-radical,0,0,7,chars/69CE.json
槐,A,huái,Hoè,cây hoè (Sophora japonica),resolved,木,Bộ Mộc,record-radical,6,4,7,chars/69D0.json
槔,B,gāo,Cau,ròng rọc nước,resolved,木,Bộ Mộc,record-radical,0,0,7,chars/69D4.json
槖,C,tuó,,biến thể của 橐[tuo2],not-resolved,,,not-resolved,0,0,7,chars/69D6.json
様,C,yàng,,biến thể chữ Nhật của 樣|样,not-resolved,,,not-resolved,0,0,7,chars/69D8.json
槚,C,jiǎ,,"cây nàng nàng, một chi cây rụng lá phần lớn; cách gọi cũ của Camellia sinensis, cây chè 茶",not-resolved,,,not-resolved,0,0,7,chars/69DA.json
槛,A,jiàn,,lan can; tay vịn,resolved,木,Bộ Mộc,record-radical,2,4,7,chars/69DB.json
槜,B,zuì,,xem 槜李[zui4 li3]; xem 槜李[Zui4 li3],resolved,木,Bộ Mộc,record-radical,0,0,7,chars/69DC.json
槟,B,bīng,,cây cau (Areca catechu); hạt cau,resolved,木,Bộ Mộc,record-radical,5,0,7,chars/69DF.json
槠,B,zhū,,cây sồi Quercus glanca,resolved,木,Bộ Mộc,record-radical,0,0,7,chars/69E0.json
槢,C,xí,,một loại gỗ cứng,not-resolved,,,not-resolved,0,0,7,chars/69E2.json
槥,C,huì,,quan tài,not-resolved,,,not-resolved,0,0,7,chars/69E5.json
槪,C,gài,,biến thể của 概[gai4],not-resolved,,,not-resolved,0,0,7,chars/69EA.json
槭,B,qì,,cây phong; cũng đọc là [zu2],resolved,木,Bộ Mộc,record-radical,1,0,7,chars/69ED.json
槱,C,yǒu,,lửa trại nghi lễ,not-resolved,,,not-resolved,0,0,7,chars/69F1.json
槲,B,hú,,cây sồi Mông Cổ (Quercus dentata); xem thêm 槲樹|槲树[hu2 shu4],resolved,木,Bộ Mộc,record-radical,1,0,7,chars/69F2.json
槵,C,huàn,,cây bồ hòn (bộ Bồ hòn),not-resolved,,,not-resolved,0,0,7,chars/69F5.json
槹,C,gāo,,biến thể của 槔[gao1],not-resolved,,,not-resolved,0,0,7,chars/69F9.json
槺,B,kāng,,khoảng trống bên trong tòa nhà,resolved,木,Bộ Mộc,record-radical,0,0,7,chars/69FA.json
槻,C,guī,,cây zelkova,not-resolved,,,not-resolved,0,0,7,chars/69FB.json
槽,A,cáo,Tàu,"máng ăn, máng nước",resolved,木,Bộ Mộc,record-radical,6,8,7,chars/69FD.json
槾,C,mán,Mận,(cây),not-resolved,,,not-resolved,0,0,7,chars/69FE.json
槿,B,jǐn,,Hibiscus syriacus; phù du,resolved,木,Bộ Mộc,record-radical,0,0,7,chars/69FF.json
樆,B,chī,,cây manjack hay cordia (chi Cordia),resolved,木,Bộ Mộc,record-radical,0,0,7,chars/6A06.json
樊,B,Fán,Phàn,họ [Fan2],resolved,大,Bộ Đại,record-radical,4,0,7,chars/6A0A.json
樎,C,sù,,máng ăn,not-resolved,,,not-resolved,0,0,7,chars/6A0E.json
樏,C,lěi,,(cổ) kiệu đơn giản để đi du lịch trong núi; (cổ) mâm có ngăn để thức ăn (cũng đọc là [lei3]),not-resolved,,,not-resolved,0,0,7,chars/6A0F.json
樕,C,sù,,cây bụi,not-resolved,,,not-resolved,0,0,7,chars/6A15.json
樗,B,chū,Vụ,họ cây nhuộm,resolved,木,Bộ Mộc,record-radical,0,0,7,chars/6A17.json
樘,B,chěng,,một cây cột,resolved,木,Bộ Mộc,record-radical,0,0,7,chars/6A18.json
樛,C,Jiū,,họ [Jiu1],not-resolved,,,not-resolved,0,0,7,chars/6A1B.json
樟,A,zhāng,,long não; Cinnamomum camphora,resolved,木,Bộ Mộc,record-radical,5,1,7,chars/6A1F.json
樠,C,mén,,cây du; cây gum,not-resolved,,,not-resolved,0,0,7,chars/6A20.json
模,A,mó,Mô,bắt chước; mô hình,resolved,木,Bộ Mộc,record-radical,15,10,5,chars/6A21.json
樧,C,shā,,Zanthoxylum ailanthoides,not-resolved,,,not-resolved,0,0,7,chars/6A27.json
樨,B,xī,,Osmanthus fragrans,resolved,木,Bộ Mộc,record-radical,0,0,7,chars/6A28.json
権,C,quán,,biến thể cũ của 權|权[quan2],not-resolved,,,not-resolved,0,0,7,chars/6A29.json
横,A,héng,Hoạnh,ngang,resolved,木,Bộ Mộc,record-radical,9,10,6,chars/6A2A.json
樯,B,qiáng,,cột buồm; cột,resolved,木,Bộ Mộc,record-radical,0,0,7,chars/6A2F.json
樱,A,yīng,,cây anh đào,resolved,木,Bộ Mộc,record-radical,3,3,7,chars/6A31.json
樲,C,èr,,một loại táo chua,not-resolved,,,not-resolved,0,0,7,chars/6A32.json
樴,C,zhí,,cọc; gậy,not-resolved,,,not-resolved,0,0,7,chars/6A34.json
樵,C,qiáo,,củi; thu lượm củi,not-resolved,,,not-resolved,1,0,7,chars/6A35.json
樶,C,zuī,Chuối,nhánh cây; một loại xe trượt dùng để qua khu vực bùn lầy (xưa),not-resolved,,,not-resolved,0,0,7,chars/6A36.json
樻,C,guì,,biến thể cũ của 櫃|柜[gui4],not-resolved,,,not-resolved,0,0,7,chars/6A3B.json
樽,C,zūn,,ly; chai,not-resolved,,,not-resolved,1,0,7,chars/6A3D.json
樾,B,yuè,Vẹt,bóng râm của cây cối,resolved,木,Bộ Mộc,record-radical,0,0,7,chars/6A3E.json
橁,C,xún,,Fraxinus bungeana,not-resolved,,,not-resolved,0,0,7,chars/6A41.json
橃,C,fá,,thuyền lớn; biến thể cũ của 筏[fa2],not-resolved,,,not-resolved,0,0,7,chars/6A43.json
橄,A,gǎn,,quả oliu,resolved,木,Bộ Mộc,record-radical,6,2,7,chars/6A44.json
橆,C,wǔ,,biến thể của 無|无[wu2],not-resolved,,,not-resolved,0,0,7,chars/6A46.json
橇,B,qiāo,,xe trượt tuyết; xe kéo tuyết,resolved,木,Bộ Mộc,record-radical,2,0,7,chars/6A47.json
橊,C,liú,Lựu,biến thể cũ của 榴[liu2],not-resolved,,,not-resolved,0,0,7,chars/6A4A.json
橎,C,fǎn,,một loại cây,not-resolved,,,not-resolved,0,0,7,chars/6A4E.json
橐,C,tuó,,bao; ống mở hai đầu,not-resolved,,,not-resolved,1,0,7,chars/6A50.json
橕,C,chēng,,cột chống; chống đỡ,not-resolved,,,not-resolved,0,0,7,chars/6A55.json
橘,A,jú,Quất,quýt (Citrus reticulata); quýt hồng,resolved,木,Bộ Mộc,record-radical,6,3,7,chars/6A58.json
橙,A,chéng,Chanh,cây cam; màu cam,resolved,木,Bộ Mộc,record-radical,6,4,6,chars/6A59.json
橚,C,sù,,cao và thẳng (cây cối),not-resolved,,,not-resolved,0,0,7,chars/6A5A.json
橛,B,jué,Cột,cái chốt; cột thấp,resolved,木,Bộ Mộc,record-radical,0,0,7,chars/6A5B.json
橡,A,xiàng,,cây sồi; Quercus serrata,resolved,木,Bộ Mộc,record-radical,7,10,4,chars/6A61.json
橥,B,zhū,,cây du Zelkova acuminata,resolved,木,Bộ Mộc,record-radical,0,0,7,chars/6A65.json
橧,C,zēng,,cư ngụ trên đỉnh cọc gỗ,not-resolved,,,not-resolved,0,0,7,chars/6A67.json
橱,C,chú,,tủ quần áo; tủ đựng,not-resolved,,,not-resolved,5,7,7,chars/6A71.json
橹,B,lǔ,,biến thể của 櫓|橹[lu3],resolved,木,Bộ Mộc,record-radical,0,0,7,chars/6A79.json
橼,B,yuán,,Citrus medica,resolved,木,Bộ Mộc,record-radical,2,0,7,chars/6A7C.json
橾,B,qiāo,,biến thể cũ của 鍬|锹[qiao1],resolved,木,Bộ Mộc,record-radical,0,0,7,chars/6A7E.json
橿,C,jiāng,,Quercus glauca,not-resolved,,,not-resolved,0,0,7,chars/6A7F.json
檀,B,Tán,Đàn,họ [Tan2],resolved,木,Bộ Mộc,record-radical,5,0,7,chars/6A80.json
檃,B,yǐn,,dụng cụ dùng để tạo hình gỗ (xưa),resolved,木,Bộ Mộc,record-radical,0,0,7,chars/6A83.json
檄,C,xí,Hịch,công văn; mệnh lệnh,not-resolved,,,not-resolved,1,0,7,chars/6A84.json
檇,C,zuì,,chày gỗ hoặc dụng cụ đập bằng gỗ,not-resolved,,,not-resolved,0,0,7,chars/6A87.json
檊,C,gàn,Gán,cây dâu tằm Trung Quốc; gỗ đàn hương,not-resolved,,,not-resolved,0,0,7,chars/6A8A.json
檍,C,yì,,Quercus glauca,not-resolved,,,not-resolved,0,0,7,chars/6A8D.json
檎,B,qín,,(quả),resolved,木,Bộ Mộc,record-radical,1,0,7,chars/6A8E.json
檐,A,yán,,mái hiên; gờ hoặc vành,resolved,木,Bộ Mộc,record-radical,4,2,7,chars/6A90.json
檑,C,léi,Rui,gỗ lăn xuống để phòng thủ thành phố,not-resolved,,,not-resolved,0,0,7,chars/6A91.json
檖,C,suì,,(cây),not-resolved,,,not-resolved,0,0,7,chars/6A96.json
檗,B,bò,,Phellodendron amurense,resolved,木,Bộ Mộc,record-radical,1,0,7,chars/6A97.json
檠,B,qíng,,dụng cụ để nắn thẳng cung,resolved,木,Bộ Mộc,record-radical,0,0,7,chars/6AA0.json
檥,C,yǐ,,biến thể của 艤|舣[yi3],not-resolved,,,not-resolved,0,0,7,chars/6AA5.json
檨,C,shē,,quả xoài,not-resolved,,,not-resolved,0,0,7,chars/6AA8.json
檩,B,lǐn,Day / Lẫm,xà ngang; đòn dông,resolved,木,Bộ Mộc,record-radical,0,0,7,chars/6AA9.json
檪,C,lì,,biến thể cũ của 櫟|栎[li4],not-resolved,,,not-resolved,0,0,7,chars/6AAA.json
檫,B,chá,,cây long não Trung Quốc; Sassafras tzumu,resolved,木,Bộ Mộc,record-radical,0,0,7,chars/6AAB.json
檬,A,méng,Quạt / Muồng,quả chanh,resolved,木,Bộ Mộc,record-radical,5,2,7,chars/6AAC.json
檴,C,huò,,(cây),not-resolved,,,not-resolved,0,0,7,chars/6AB4.json
檵,B,jì,,"cây hoa sao (Loropetalum chinense), cây bụi thường xanh",resolved,木,Bộ Mộc,record-radical,0,0,7,chars/6AB5.json
櫆,B,kuí,,xem 櫆師|櫆师[kui2 shi1] Sao Bắc Cực,resolved,木,Bộ Mộc,record-radical,0,0,7,chars/6AC6.json
櫌,C,yōu,,cái bừa,not-resolved,,,not-resolved,0,0,7,chars/6ACC.json
櫜,C,gāo,,hộp đựng vũ khí,not-resolved,,,not-resolved,0,0,7,chars/6ADC.json
櫠,C,fèi,,một loại bưởi (xưa),not-resolved,,,not-resolved,0,0,7,chars/6AE0.json
櫡,C,zhù,,biến thể của 箸[zhu4],not-resolved,,,not-resolved,0,0,7,chars/6AE1.json
櫹,C,xiāo,,một loại cây lớn (cổ đại),not-resolved,,,not-resolved,0,0,7,chars/6AF9.json
櫽,C,yǐn,,dụng cụ dùng để tạo hình gỗ (xưa); biến thể cũ của 檃[yin3],not-resolved,,,not-resolved,0,0,7,chars/6AFD.json
欀,C,xiāng,,lớp lót bên trong của dụng cụ gỗ; thanh dầm dùng trong xây dựng,not-resolved,,,not-resolved,0,0,7,chars/6B00.json
欂,C,bó,,xà nhà,not-resolved,,,not-resolved,0,0,7,chars/6B02.json
欃,C,chán,,"gỗ đàn hương (Santalum album), một loại cây ở Nepal cho dầu thơm quý; sa sao chổi",not-resolved,,,not-resolved,0,0,7,chars/6B03.json
欎,C,yù,,biến thể cũ của 鬱|郁[yu4],not-resolved,,,not-resolved,0,0,7,chars/6B0E.json
欐,C,lì,,xà,not-resolved,,,not-resolved,0,0,7,chars/6B10.json
欑,C,zàn,,thu thập,not-resolved,,,not-resolved,0,0,7,chars/6B11.json
欙,C,léi,,kiệu,not-resolved,,,not-resolved,0,0,7,chars/6B19.json
欛,C,bà,,biến thể của 杷[ba4]; biến thể của 把[ba4],not-resolved,,,not-resolved,0,0,7,chars/6B1B.json
欠,A,qiàn,Khiếm,"nợ, thiếu",resolved,欠,Bộ Khiếm,self-radical,8,10,5,chars/6B20.json
次,A,cì,Thứ,lần,resolved,二,Bộ Nhị,record-radical,20,10,2,chars/6B21.json
欢,A,huān,,biến thể của 歡|欢[huan1],resolved,欠,Bộ Khiếm,record-radical,16,10,1,chars/6B22.json
欣,A,xīn,Hân,vui vẻ,resolved,欠,Bộ Khiếm,record-radical,7,10,5,chars/6B23.json
欤,B,yú,Ru,"(văn học) trợ từ kết câu, tương tự 嗎|吗[ma5], 呢[ne5] hoặc 啊[a1])",resolved,欠,Bộ Khiếm,record-radical,0,0,7,chars/6B24.json
欧,A,Oū,,châu Âu (viết tắt của 歐洲|欧洲[Ou1zhou1]); họ [Ou1],resolved,欠,Bộ Khiếm,record-radical,6,10,5,chars/6B27.json
欨,C,xū,,(văn học) thổi hoặc thở vào; vui vẻ,not-resolved,,,not-resolved,0,0,7,chars/6B28.json
欬,C,kài,,ho,not-resolved,,,not-resolved,0,0,7,chars/6B2C.json
欮,C,jué,,,not-resolved,,,not-resolved,0,0,,chars/6B2E.json
欱,C,hē,,biến thể của 喝[he1],not-resolved,,,not-resolved,0,0,7,chars/6B31.json
欲,A,yù,Dục,khao khát; thèm muốn,resolved,欠,Bộ Khiếm,record-radical,9,10,6,chars/6B32.json
欵,C,kuǎn,,đối đãi tốt; giam giữ,not-resolved,,,not-resolved,0,0,7,chars/6B35.json
欶,B,shuò,,hút; uống,resolved,欠,Bộ Khiếm,record-radical,0,0,7,chars/6B36.json
欷,B,xī,,thổn thức,resolved,欠,Bộ Khiếm,record-radical,0,0,7,chars/6B37.json
欸,C,ǎi,,(biểu thị đáp lại); (thở dài buồn bã),not-resolved,,,not-resolved,0,0,7,chars/6B38.json
欹,B,yī,,thán từ,resolved,欠,Bộ Khiếm,record-radical,0,0,7,chars/6B39.json
欺,A,qī,Khi,lợi dụng không công bằng; lừa dối,resolved,欠,Bộ Khiếm,record-radical,7,10,6,chars/6B3A.json
欻,C,chuā,,(từ tượng thanh) âm thanh đổ vỡ,not-resolved,,,not-resolved,0,0,7,chars/6B3B.json
欼,C,chǐ,,uống,not-resolved,,,not-resolved,0,0,7,chars/6B3C.json
款,A,kuǎn,Khoản,mục; đoạn,resolved,士,Bộ Sĩ,record-radical,17,10,4,chars/6B3E.json
欿,C,kǎn,,bất mãn với bản thân,not-resolved,,,not-resolved,0,0,7,chars/6B3F.json
歁,C,kǎn,,ăn không thoả mãn,not-resolved,,,not-resolved,0,0,7,chars/6B41.json
歃,B,shà,,uống,resolved,欠,Bộ Khiếm,record-radical,1,0,7,chars/6B43.json
歆,B,xīn,Cắn / Hâm,vui lòng; cảm động,resolved,欠,Bộ Khiếm,record-radical,0,0,7,chars/6B46.json
歇,A,xiē,Hết,nghỉ ngơi,resolved,欠,Bộ Khiếm,record-radical,6,4,5,chars/6B47.json
歈,C,yú,,bài hát,not-resolved,,,not-resolved,0,0,7,chars/6B48.json
歉,A,qiàn,,xin lỗi; hối tiếc,resolved,欠,Bộ Khiếm,record-radical,6,10,4,chars/6B49.json
歊,C,xiāo,,hơi; nước,not-resolved,,,not-resolved,0,0,7,chars/6B4A.json
歌,A,gē,Ca,bài hát,resolved,欠,Bộ Khiếm,record-radical,19,10,2,chars/6B4C.json
歓,C,huān,,biến thể cũ của 歡|欢[huan1],not-resolved,,,not-resolved,0,0,7,chars/6B53.json
歔,B,xū,,khịt mũi,resolved,欠,Bộ Khiếm,record-radical,0,0,7,chars/6B54.json
歕,C,pēn,,biến thể cũ của 噴|喷[pen1],not-resolved,,,not-resolved,0,0,7,chars/6B55.json
歗,C,xiào,,biến thể cũ của 嘯|啸[xiao4],not-resolved,,,not-resolved,0,0,7,chars/6B57.json
歘,C,xū,,biến thể của 欻[xu1],not-resolved,,,not-resolved,0,0,7,chars/6B58.json
歙,B,shè,,tên một huyện ở An Huy,resolved,欠,Bộ Khiếm,record-radical,1,0,7,chars/6B59.json
歛,B,hān,Liễm,khao khát; cho,resolved,欠,Bộ Khiếm,record-radical,0,0,7,chars/6B5B.json
歜,C,chù,,(người); tức giận,not-resolved,,,not-resolved,0,0,7,chars/6B5C.json
歠,C,chuò,,(văn học) uống; nhấp,not-resolved,,,not-resolved,0,0,7,chars/6B60.json
止,A,zhǐ,Chỉ,dừng lại,resolved,止,Bộ Chỉ,self-radical,16,10,4,chars/6B62.json
正,C,zhèng,Chính,chính xác,not-resolved,,,not-resolved,20,10,5,chars/6B63.json
此,A,cǐ,Thử,này,resolved,止,Bộ Chỉ,record-radical,20,10,4,chars/6B64.json
步,A,bù,Bộ,bước,resolved,止,Bộ Chỉ,record-radical,20,10,2,chars/6B65.json
武,A,Wǔ,Vũ,họ [Wu3],resolved,戈,Bộ Qua,record-radical,10,10,5,chars/6B66.json
歧,A,qí,,phân kỳ; đường nhánh,resolved,止,Bộ Chỉ,record-radical,6,10,6,chars/6B67.json
歨,C,bù,,biến thể cũ của 步[bu4],not-resolved,,,not-resolved,0,0,7,chars/6B68.json
歩,C,bù,,biến thể cũ của 步[bu4],not-resolved,,,not-resolved,0,0,7,chars/6B69.json
歪,C,wāi,Quay,cong,not-resolved,,,not-resolved,7,7,5,chars/6B6A.json
歫,C,jù,,biến thể cũ của 距[ju4]; biến thể cũ của 拒[ju4],not-resolved,,,not-resolved,0,0,7,chars/6B6B.json
歮,C,sè,,biến thể cổ của 澀|涩[se4],not-resolved,,,not-resolved,0,0,7,chars/6B6E.json
歯,C,chǐ,,biến thể của 齒|齿 trong tiếng Nhật,not-resolved,,,not-resolved,0,0,7,chars/6B6F.json
歰,C,sè,,biến thể cổ của 澀|涩[se4],not-resolved,,,not-resolved,0,0,7,chars/6B70.json
歳,C,suì,Tuế,biến thể tiếng Nhật của 歲|岁,not-resolved,,,not-resolved,0,0,7,chars/6B73.json
歹,A,dǎi,Ngạt,xấu; độc ác,resolved,歹,Bộ Đãi,self-radical,6,10,6,chars/6B79.json
歺,C,cān,,chữ giản thể vòng hai của 餐[can1],not-resolved,,,not-resolved,0,0,7,chars/6B7A.json
死,A,sǐ,Phơi / Tử,chết,resolved,歹,Bộ Đãi,record-radical,11,10,4,chars/6B7B.json
歼,C,jiān,,"tiêu diệt; viết tắt của 殲擊機|歼击机[jian1 ji1 ji1], máy bay chiến đấu",not-resolved,,,not-resolved,6,4,7,chars/6B7C.json
歾,C,mò,,kết thúc; chết,not-resolved,,,not-resolved,0,0,7,chars/6B7E.json
殁,B,mò,,kết thúc; chết,resolved,歹,Bộ Đãi,record-radical,0,0,7,chars/6B81.json
殂,B,cú,,chết,resolved,歹,Bộ Đãi,record-radical,0,0,7,chars/6B82.json
殃,A,yāng,Trưa / Ương,tai họa,resolved,歹,Bộ Đãi,record-radical,4,7,6,chars/6B83.json
殄,B,tiǎn,,tiêu diệt,resolved,歹,Bộ Đãi,record-radical,1,0,7,chars/6B84.json
殆,A,dài,,(văn học) nguy hiểm; hiểm nghèo; (văn học) hầu như; gần như,resolved,歹,Bộ Đãi,record-radical,3,1,7,chars/6B86.json
殇,B,shāng,,chết khi còn nhỏ; tử trận,resolved,歹,Bộ Đãi,record-radical,0,0,7,chars/6B87.json
殈,C,xù,,làm hỏng trứng để không nở,not-resolved,,,not-resolved,0,0,7,chars/6B88.json
殉,B,xùn,Tuẫn,tuẫn táng; chết vì lý tưởng,resolved,歹,Bộ Đãi,record-radical,6,0,7,chars/6B89.json
殊,A,shū,Thùa,khác; độc đáo,resolved,歹,Bộ Đãi,record-radical,6,10,5,chars/6B8A.json
残,A,cán,Đêm / Tàn,còn lại,resolved,歹,Bộ Đãi,record-radical,12,10,6,chars/6B8B.json
殍,B,piǎo,,chết đói,resolved,歹,Bộ Đãi,record-radical,2,0,7,chars/6B8D.json
殑,C,qíng,,ngất xỉu,not-resolved,,,not-resolved,0,0,7,chars/6B91.json
殒,B,yǔn,,chết; thiệt mạng,resolved,歹,Bộ Đãi,record-radical,1,0,7,chars/6B92.json
殓,B,liàn,Liệm,khâm liệm chuẩn bị thi thể để vào quan tài,resolved,歹,Bộ Đãi,record-radical,2,0,7,chars/6B93.json
殖,A,zhí,,sinh trưởng; sinh sản,resolved,歹,Bộ Đãi,record-radical,6,10,6,chars/6B96.json
殗,B,yè,,bệnh; tái diễn,resolved,歹,Bộ Đãi,record-radical,0,0,7,chars/6B97.json
殙,C,hūn,,chết do uống thuốc độc,not-resolved,,,not-resolved,0,0,7,chars/6B99.json
殚,B,dān,,hoàn toàn; kiệt quệ,resolved,歹,Bộ Đãi,record-radical,4,0,7,chars/6B9A.json
殛,B,jí,,bị xử tử,resolved,歹,Bộ Đãi,record-radical,0,0,7,chars/6B9B.json
殜,C,dié,,khó ở; tiếng Đài Loan đọc là [ye4],not-resolved,,,not-resolved,0,0,7,chars/6B9C.json
殠,C,chòu,,biến thể của 臭[chou4],not-resolved,,,not-resolved,0,0,7,chars/6BA0.json
殡,B,bìn,Tấn,đám tang; khâm liệm thi thể,resolved,歹,Bộ Đãi,record-radical,5,0,7,chars/6BA1.json
殣,C,jìn,,chết đói,not-resolved,,,not-resolved,0,0,7,chars/6BA3.json
殥,C,yín,,xa xôi; hẻo lánh,not-resolved,,,not-resolved,0,0,7,chars/6BA5.json
殪,B,yì,Ế,tiêu diệt,resolved,歹,Bộ Đãi,record-radical,0,0,7,chars/6BAA.json
殳,B,shū,,"Cái thù, một thứ đồ binh dài một trượng hai thước, không có mũi nhọn",resolved,殳,Bộ Thù,self-radical,0,0,7,chars/6BB3.json
殴,A,Oū,,họ [Ou1],resolved,殳,Bộ Thù,record-radical,3,3,6,chars/6BB4.json
段,A,duàn,Đoạn,đoạn,resolved,石,Bộ Thạch,record-radical,9,10,3,chars/6BB5.json
殷,C,Yīn,Ân,"họ [Yin1]; tên triều đại cuối thời Thương, sau khi dời đến Yinxu 殷墟[Yin1xu1] ở Hà Nam ngày nay",not-resolved,,,not-resolved,6,3,7,chars/6BB7.json
殸,C,qìng,,biến thể của 磬[qing4],not-resolved,,,not-resolved,0,0,7,chars/6BB8.json
殹,C,yì,,(cổ) (nghĩa không rõ); (trợ từ kết thúc),not-resolved,,,not-resolved,0,0,7,chars/6BB9.json
殻,C,qiào,,,not-resolved,,,not-resolved,0,0,7,chars/6BBB.json
殿,C,diàn,Điện,đại sảnh cung điện,not-resolved,,,not-resolved,6,10,6,chars/6BBF.json
毁,C,huǐ,Huỷ,phá hủy,not-resolved,,,not-resolved,7,10,6,chars/6BC1.json
毂,B,gū,,bánh xe,resolved,車,Bộ Xa,record-radical,1,0,7,chars/6BC2.json
毄,C,jī,,,resolved,殳,Bộ Thù,record-radical,0,0,,chars/6BC4.json
毅,A,yì,Nghị,kiên định và quả quyết; vững vàng,resolved,殳,Bộ Thù,record-radical,6,10,6,chars/6BC5.json
毈,C,duàn,,trứng không thụ tinh,not-resolved,,,not-resolved,0,0,7,chars/6BC8.json
毉,C,yī,,biến thể của 醫|医[yi1],not-resolved,,,not-resolved,0,0,7,chars/6BC9.json
毋,B,wú,Vô,"Chớ, đừng",resolved,毋,Bộ Vô,self-radical,4,0,7,chars/6BCB.json
毌,C,guàn,,biến thể cổ của 貫|贯[guan4],not-resolved,,,not-resolved,0,0,7,chars/6BCC.json
母,C,mǔ,Mẫu,cái,not-resolved,,,not-resolved,16,10,4,chars/6BCD.json
毎,C,měi,,biến thể tiếng Nhật của 每,not-resolved,,,not-resolved,0,0,7,chars/6BCE.json
每,C,měi,Dằm / Mỗi,mỗi,not-resolved,,,not-resolved,8,10,2,chars/6BCF.json
毐,C,Aǐ,,"xem nhân vật lịch sử Lao Ai 嫪毐; mở rộng, người có đạo đức đáng chê trách",not-resolved,,,not-resolved,1,0,7,chars/6BD0.json
毑,C,jiě,,mẹ,not-resolved,,,not-resolved,0,0,7,chars/6BD1.json
毒,A,dú,Độc,độc,resolved,屮,Bộ Triệt,record-radical,7,10,5,chars/6BD2.json
毓,C,yù,,(văn học) sản sinh; bồi dưỡng,not-resolved,,,not-resolved,1,0,7,chars/6BD3.json
比,A,bǐ,Tỉ,so sánh; hơn,resolved,比,Bộ Tỷ,self-radical,20,10,2,chars/6BD4.json
毕,A,Bì,Đứt / Tất,họ [Bi4],resolved,比,Bộ Tỷ,record-radical,6,10,4,chars/6BD5.json
毖,B,bì,,cẩn thận; ngăn ngừa,resolved,比,Bộ Tỷ,record-radical,1,0,7,chars/6BD6.json
毗,B,pí,,tiếp giáp; giáp với,resolved,田,Bộ Điền,record-radical,2,0,7,chars/6BD7.json
毙,C,bì,,chết; bắn chết,not-resolved,,,not-resolved,6,3,7,chars/6BD9.json
毚,C,chán,,xảo quyệt; khéo léo,not-resolved,,,not-resolved,0,0,7,chars/6BDA.json
毛,A,máo,Mao,mao,resolved,毛,Bộ Mao,self-radical,15,10,4,chars/6BDB.json
毡,B,zhān,Chen,vải dạ,resolved,毛,Bộ Mao,record-radical,4,0,7,chars/6BE1.json
毧,C,róng,,lông tơ; vải nỉ,not-resolved,,,not-resolved,0,0,7,chars/6BE7.json
毪,B,mú,,một loại vải len làm ở Tây Tạng,resolved,毛,Bộ Mao,record-radical,0,0,,chars/6BEA.json
毫,A,háo,Hào,lông; bút vẽ,resolved,毛,Bộ Mao,record-radical,7,10,5,chars/6BEB.json
毬,C,qiú,Choác / Cầu,quả bóng,not-resolved,,,not-resolved,0,0,7,chars/6BEC.json
毯,A,tǎn,Xồm,mền; thảm,resolved,毛,Bộ Mao,record-radical,6,8,5,chars/6BEF.json
毳,C,cuì,,giòn; dễ gãy,not-resolved,,,not-resolved,0,0,7,chars/6BF3.json
毴,C,bī,,biến thể cũ của 屄[bi1],not-resolved,,,not-resolved,0,0,7,chars/6BF4.json
毵,B,sān,,lông dài; xù xì,resolved,毛,Bộ Mao,record-radical,0,0,7,chars/6BF5.json
毷,C,mào,,bồn chồn,not-resolved,,,not-resolved,0,0,7,chars/6BF7.json
毹,B,shū,,tấm thảm,resolved,毛,Bộ Mao,record-radical,0,0,7,chars/6BF9.json
毽,B,jiàn,,quả cầu,resolved,毛,Bộ Mao,record-radical,1,0,7,chars/6BFD.json
毾,C,tà,,"một loại vải thô, làm từ len",not-resolved,,,not-resolved,0,0,7,chars/6BFE.json
氄,C,rǒng,,lông tơ hoặc lông mịn,not-resolved,,,not-resolved,0,0,7,chars/6C04.json
氅,B,chǎng,,áo choàng,resolved,毛,Bộ Mao,record-radical,1,0,7,chars/6C05.json
氆,B,pǔ,,dùng trong 氆氌|氆氇[pu3 lu5],resolved,毛,Bộ Mao,record-radical,0,0,7,chars/6C06.json
氇,B,lǔ,,dùng trong 氆氌|氆氇[pu3 lu5],resolved,毛,Bộ Mao,record-radical,0,0,7,chars/6C07.json
氉,C,sào,,"bồn chồn, u sầu",not-resolved,,,not-resolved,0,0,7,chars/6C09.json
氍,B,qú,,tấm thảm len,resolved,毛,Bộ Mao,record-radical,0,0,7,chars/6C0D.json
氏,A,shì,Thị,tên thị tộc; tên thời con gái,resolved,氏,Bộ Thị,self-radical,6,10,6,chars/6C0F.json
氐,B,Dī,,tên một bộ lạc cổ đại,resolved,氏,Bộ Thị,record-radical,0,0,7,chars/6C10.json
民,C,Mín,Dân,họ [Min2],not-resolved,,,not-resolved,20,10,4,chars/6C11.json
氓,C,máng,Manh,dùng trong 流氓[liu2 mang2],not-resolved,,,not-resolved,2,3,6,chars/6C13.json
气,A,qì,Khí,"khí, không khí, hơi nước",resolved,气,Bộ Khí,self-radical,20,10,1,chars/6C14.json
氕,B,piē,,"protium 1H; hydro nhẹ, đồng vị phổ biến nhất của hydro, không có neutron, nên có nguyên tử khối là 1",resolved,气,Bộ Khí,record-radical,0,0,7,chars/6C15.json
氖,B,nǎi,,neon (hóa học),resolved,气,Bộ Khí,record-radical,0,0,7,chars/6C16.json
気,C,qì,,biến thể tiếng Nhật của 氣|气,not-resolved,,,not-resolved,0,0,7,chars/6C17.json
氘,B,dāo,,"đơteri 2H; hydro nặng, đồng vị của hydro có 1 neutron trong hạt nhân, nên có nguyên tử khối là 2",resolved,气,Bộ Khí,record-radical,1,0,7,chars/6C18.json
氙,B,xiān,,xenon (hóa học),resolved,气,Bộ Khí,record-radical,0,0,7,chars/6C19.json
氚,B,chuān,,(hóa học) triti,resolved,气,Bộ Khí,record-radical,0,0,7,chars/6C1A.json
氛,A,fēn,,khí độc; hơi,resolved,气,Bộ Khí,record-radical,2,10,5,chars/6C1B.json
氜,C,rì,,"tên cũ của 氦[hai4], heli",not-resolved,,,not-resolved,0,0,7,chars/6C1C.json
氝,C,nèi,,neon Ne (hóa học) (hiện viết là 氖[nai3]),not-resolved,,,not-resolved,0,0,7,chars/6C1D.json
氟,B,fú,,flo (hóa học),resolved,气,Bộ Khí,record-radical,6,0,7,chars/6C1F.json
氠,C,shēn,,khí xenon (hóa học) (cũ),not-resolved,,,not-resolved,0,0,7,chars/6C20.json
氡,B,dōng,,khí radon (hóa học),resolved,气,Bộ Khí,record-radical,0,0,7,chars/6C21.json
氢,A,qīng,,hydrogen (hóa học),resolved,气,Bộ Khí,record-radical,6,1,7,chars/6C22.json
氤,B,yīn,,dùng trong 氤氳|氤氲[yin1 yun1],resolved,气,Bộ Khí,record-radical,1,0,7,chars/6C24.json
氥,C,xī,,xenon (hoá học) (cũ),not-resolved,,,not-resolved,0,0,7,chars/6C25.json
氦,B,hài,,helium (hoá học),resolved,气,Bộ Khí,record-radical,0,0,7,chars/6C26.json
氧,A,yǎng,,oxy,resolved,气,Bộ Khí,record-radical,6,10,6,chars/6C27.json
氨,B,ān,,amoniac,resolved,气,Bộ Khí,record-radical,6,0,7,chars/6C28.json
氩,B,yà,,argon (hóa học),resolved,气,Bộ Khí,record-radical,0,0,7,chars/6C29.json
氪,B,kè,,krypton (hóa học),resolved,气,Bộ Khí,record-radical,0,0,7,chars/6C2A.json
氮,A,dàn,,nitơ (hóa học),resolved,气,Bộ Khí,record-radical,4,2,7,chars/6C2E.json
氯,A,lǜ,,clo (hóa học),resolved,气,Bộ Khí,record-radical,6,1,7,chars/6C2F.json
氰,B,qíng,,cianogen (CN)2; ethanedinitrile,resolved,气,Bộ Khí,record-radical,5,0,7,chars/6C30.json
氲,B,yūn,,dùng trong 氤氳|氤氲[yin1 yun1],resolved,气,Bộ Khí,record-radical,1,0,7,chars/6C32.json
水,A,shuǐ,Héo / Thuỷ,nước,resolved,水,Bộ Thủy,self-radical,20,10,1,chars/6C34.json
氵,B,shuǐ,,"Nước, chất lỏng, sông hồ.",resolved,水,Bộ Thủy,radical-variant,0,0,7,chars/6C35.json
氶,C,zhěng,,,resolved,水,Bộ Thủy,record-radical,0,0,,chars/6C36.json
永,C,yǒng,Vắng,mãi mãi; luôn luôn,not-resolved,,,not-resolved,7,10,4,chars/6C38.json
氹,C,dàng,,biến thể của 凼[dang4],not-resolved,,,not-resolved,0,0,7,chars/6C39.json
氺,C,shuǐ,,biến thể thời cổ của 水[shui3],not-resolved,,,not-resolved,0,0,7,chars/6C3A.json
氼,C,nì,,biến thể cũ của 溺[ni4],not-resolved,,,not-resolved,0,0,7,chars/6C3C.json
氽,B,tǔn,,nổi; chiên ngập dầu,resolved,水,Bộ Thủy,record-radical,0,0,7,chars/6C3D.json
氿,B,guǐ,,suối núi,resolved,水,Bộ Thủy,record-radical,0,0,7,chars/6C3F.json
汀,B,tīng,Đênh,bãi cát; cồn cát,resolved,水,Bộ Thủy,record-radical,4,0,7,chars/6C40.json
汁,A,zhī,Chấp,nước ép,resolved,水,Bộ Thủy,record-radical,7,10,4,chars/6C41.json
求,C,qiú,Cầu,cầu xin,not-resolved,,,not-resolved,20,10,3,chars/6C42.json
汅,C,miǎn,,biến thể cũ của 沔[mian3],not-resolved,,,not-resolved,0,0,7,chars/6C45.json
汆,B,cuān,,chần; chần trong thời gian ngắn,resolved,水,Bộ Thủy,record-radical,0,0,7,chars/6C46.json
汇,A,huì,,hợp lưu,resolved,匚,Bộ Phương,record-radical,9,10,5,chars/6C47.json
汈,C,diāo,,(dùng trong địa danh),not-resolved,,,not-resolved,0,0,7,chars/6C48.json
汉,A,Hàn,Hán,dân tộc Hán; tiếng Trung Quốc,resolved,水,Bộ Thủy,record-radical,8,10,1,chars/6C49.json
汊,C,chà,Xoà,nhánh sông,not-resolved,,,not-resolved,0,0,7,chars/6C4A.json
汋,C,zhuó,,rót,not-resolved,,,not-resolved,0,0,7,chars/6C4B.json
汍,C,wán,,rơi lệ,not-resolved,,,not-resolved,0,0,7,chars/6C4D.json
汏,C,dà,,rửa (tiếng địa phương),not-resolved,,,not-resolved,0,0,7,chars/6C4F.json
汐,C,xī,Đập / Tách,thuỷ triều đêm; triều xuống buổi tối,not-resolved,,,not-resolved,2,0,7,chars/6C50.json
汔,B,qì,,gần,resolved,水,Bộ Thủy,record-radical,0,0,7,chars/6C54.json
汕,B,shàn,Khung / Sươn,bẫy cá bằng tre; dùng trong tên địa danh liên quan đến Shantou 汕頭|汕头[Shan4 tou2],resolved,水,Bộ Thủy,record-radical,6,0,7,chars/6C55.json
汗,A,hàn,,mồ hôi,resolved,水,Bộ Thủy,record-radical,7,10,4,chars/6C57.json
汙,C,wū,,biến thể của 污; bẩn,not-resolved,,,not-resolved,0,0,7,chars/6C59.json
汛,A,xùn,Vàm,nước dâng lụt; lũ lụt,resolved,水,Bộ Thủy,record-radical,7,3,7,chars/6C5B.json
汜,B,sì,Dẫy,dòng suối chảy vòng sau khi phân nhánh,resolved,水,Bộ Thủy,record-radical,0,0,7,chars/6C5C.json
汝,B,rǔ,Nhớ,ngươi,resolved,水,Bộ Thủy,record-radical,6,0,7,chars/6C5D.json
汞,B,gǒng,,thủy ngân (hóa học),resolved,水,Bộ Thủy,record-radical,3,0,7,chars/6C5E.json
江,A,jiāng,Giang,sông,resolved,水,Bộ Thủy,record-radical,7,10,4,chars/6C5F.json
池,A,Chí,Trì,họ [Chi2],resolved,水,Bộ Thủy,record-radical,6,10,5,chars/6C60.json
污,A,wū,Ô,biến thể của 污[wu1],resolved,水,Bộ Thủy,record-radical,8,10,4,chars/6C61.json
汤,A,tāng,Thang,"canh, súp",resolved,水,Bộ Thủy,record-radical,6,10,4,chars/6C64.json
汧,B,Qiān,,tên một con sông chảy từ Cam Túc đến tỉnh Thiểm Tây,resolved,水,Bộ Thủy,record-radical,0,0,7,chars/6C67.json
汨,B,Mì,Nhặt,"tên một con sông, nhánh phía nam của sông Mịch La 汨羅江|汨罗江[Mi4 luo2 jiang1]",resolved,水,Bộ Thủy,record-radical,3,0,7,chars/6C68.json
汩,C,gǔ,,bối rối; dập tắt,not-resolved,,,not-resolved,0,0,7,chars/6C69.json
汪,A,Wāng,,họ [Wang1],resolved,水,Bộ Thủy,record-radical,6,4,7,chars/6C6A.json
汫,C,jǐng,Giếng,biến thể cũ của 阱[jing3]; xem 汫濙[jing3 ying2],not-resolved,,,not-resolved,0,0,7,chars/6C6B.json
汭,C,ruì,,khúc sông,not-resolved,,,not-resolved,0,0,7,chars/6C6D.json
汰,A,tài,Vè / Thảy,loại bỏ; loại trừ,resolved,水,Bộ Thủy,record-radical,5,7,6,chars/6C70.json
汲,A,Jí,Cụm / Ngập,họ [Ji2],resolved,水,Bộ Thủy,record-radical,3,1,7,chars/6C72.json
汳,C,Biàn,,tên con sông cổ ở Hà Nam,not-resolved,,,not-resolved,0,0,7,chars/6C73.json
汴,B,Biàn,,tên một con sông ở Hà Nam; Hà Nam,resolved,水,Bộ Thủy,record-radical,2,0,7,chars/6C74.json
汶,B,Wèn,,"sông Ôn ở tây bắc Tứ Xuyên (giống như 汶川); tên cổ của sông ở Sơn Đông, dùng để chỉ nước Tề 齊國|齐国",resolved,水,Bộ Thủy,record-radical,6,0,7,chars/6C76.json
汷,C,Zhōng,,tên một con sông cổ ở Hồ Bắc,not-resolved,,,not-resolved,0,0,7,chars/6C77.json
汹,A,xiōng,,dữ dội; ào ạt,resolved,水,Bộ Thủy,record-radical,3,5,6,chars/6C79.json
汽,A,qì,,hơi nước; hơi,resolved,水,Bộ Thủy,record-radical,7,10,2,chars/6C7D.json
汾,B,fén,,tên một con sông,resolved,水,Bộ Thủy,record-radical,6,0,7,chars/6C7E.json
沁,B,qìn,Tắm,thấm; rỉ,resolved,水,Bộ Thủy,record-radical,6,0,7,chars/6C81.json
沂,B,Yí,,"Sông Yi, Shandong",resolved,水,Bộ Thủy,record-radical,6,0,7,chars/6C82.json
沃,A,wò,Óc,màu mỡ; giàu có,resolved,水,Bộ Thủy,record-radical,6,6,6,chars/6C83.json
沄,C,yún,,dòng chảy xiết của dòng nước lũ,not-resolved,,,not-resolved,0,0,7,chars/6C84.json
沅,B,Yuán,,sông Nguyên ở Quý Châu và Hồ Nam,resolved,水,Bộ Thủy,record-radical,6,0,7,chars/6C85.json
沆,B,hàng,,một chiếc phà; sương mù,resolved,水,Bộ Thủy,record-radical,1,0,7,chars/6C86.json
沇,B,Yǎn,,họ [Yan3],resolved,水,Bộ Thủy,record-radical,0,0,7,chars/6C87.json
沈,B,Shěn,Đắm,họ [Shen3],resolved,水,Bộ Thủy,record-radical,6,0,7,chars/6C88.json
沉,A,chén,Tròm,chìm,resolved,水,Bộ Thủy,record-radical,13,10,5,chars/6C89.json
沌,B,dùn,Xộn,mơ hồ; đục ngầu,resolved,水,Bộ Thủy,record-radical,1,0,7,chars/6C8C.json
沍,C,hù,,đông cứng; đóng băng,not-resolved,,,not-resolved,0,0,7,chars/6C8D.json
沏,B,qī,,pha,resolved,水,Bộ Thủy,record-radical,0,0,7,chars/6C8F.json
沐,A,mù,Múc,tắm; rửa,resolved,水,Bộ Thủy,record-radical,7,7,6,chars/6C90.json
沓,C,Tà,Đạp,họ [Ta4],not-resolved,,,not-resolved,5,0,7,chars/6C93.json
沔,B,miǎn,Miền,ngập lụt; tên một con sông,resolved,水,Bộ Thủy,record-radical,0,0,7,chars/6C94.json
沕,C,wù,Vắt,thâm thúy; sâu sắc,not-resolved,,,not-resolved,0,0,7,chars/6C95.json
沘,C,bǐ,,tên một con sông,not-resolved,,,not-resolved,0,0,7,chars/6C98.json
沙,A,shā,Vành / Sa,cát,resolved,水,Bộ Thủy,record-radical,10,10,4,chars/6C99.json
沚,C,zhǐ,Chảy,cù lao,not-resolved,,,not-resolved,0,0,7,chars/6C9A.json
沛,C,pèi,Phải,dồi dào; phong phú,not-resolved,,,not-resolved,6,4,6,chars/6C9B.json
沟,A,gōu,,mương; rãnh,resolved,水,Bộ Thủy,record-radical,7,10,5,chars/6C9F.json
没,A,méi,Mớ / Một,không có,resolved,水,Bộ Thủy,record-radical,20,10,1,chars/6CA1.json
沢,C,zé,,biến thể Nhật Bản của 澤|泽,not-resolved,,,not-resolved,0,0,7,chars/6CA2.json
沣,B,fēng,,mưa; nơi ở Thiểm Tây,resolved,水,Bộ Thủy,record-radical,0,0,7,chars/6CA3.json
沤,B,ōu,,bong bóng; bọt,resolved,水,Bộ Thủy,record-radical,1,0,7,chars/6CA4.json
沥,B,lì,Lạch,nhỏ giọt; lọc,resolved,水,Bộ Thủy,record-radical,6,0,7,chars/6CA5.json
沦,A,lún,Lún,"rơi vào (hủy hoại, lãng quên); bị giảm xuống",resolved,水,Bộ Thủy,record-radical,6,1,7,chars/6CA6.json
沧,A,cāng,,xanh lục hoặc xanh da trời (của nước); rộng lớn (của nước),resolved,水,Bộ Thủy,record-radical,7,7,6,chars/6CA7.json
沨,C,fēng,,(từ tượng thanh) tiếng nước chảy; tiếng gió,not-resolved,,,not-resolved,0,0,7,chars/6CA8.json
沩,B,guī,,tên một con sông ở Sơn Tây,resolved,水,Bộ Thủy,record-radical,0,0,7,chars/6CA9.json
沪,B,Hù,,tên gọi tắt của Thượng Hải,resolved,水,Bộ Thủy,record-radical,5,0,7,chars/6CAA.json
沫,A,mò,Mượt,bọt; bọt xà phòng,resolved,水,Bộ Thủy,record-radical,6,4,6,chars/6CAB.json
沬,C,mèi,,bình minh; tên địa danh,not-resolved,,,not-resolved,0,0,7,chars/6CAC.json
沭,B,shù,,sông ở Sơn Đông,resolved,水,Bộ Thủy,record-radical,4,0,7,chars/6CAD.json
沮,A,jǔ,,phá hủy; ngừng,resolved,水,Bộ Thủy,record-radical,1,4,6,chars/6CAE.json
沰,C,tuō,,đánh rơi,not-resolved,,,not-resolved,0,0,7,chars/6CB0.json
沱,B,tuó,Săng / Đờ,đẫm lệ; phân nhánh (của sông),resolved,水,Bộ Thủy,record-radical,4,0,7,chars/6CB1.json
沲,C,tuó,,,resolved,水,Bộ Thủy,record-radical,0,0,,chars/6CB2.json
河,A,hé,Hà,sông,resolved,水,Bộ Thủy,record-radical,11,10,3,chars/6CB3.json
沴,C,lì,,ám khí,not-resolved,,,not-resolved,0,0,7,chars/6CB4.json
沷,C,fā,,trừ tà; tẩy rửa,not-resolved,,,not-resolved,0,0,7,chars/6CB7.json
沸,A,fèi,Phí,đun sôi,resolved,水,Bộ Thủy,record-radical,6,10,6,chars/6CB8.json
油,A,yóu,Dầu,dầu,resolved,水,Bộ Thủy,record-radical,15,10,4,chars/6CB9.json
沺,C,tián,,chảy xiết,not-resolved,,,not-resolved,0,0,7,chars/6CBA.json
治,A,zhì,Trị,chữa trị,resolved,水,Bộ Thủy,record-radical,14,10,5,chars/6CBB.json
沼,A,zhǎo,Trẻo,ao; hồ,resolved,水,Bộ Thủy,record-radical,6,3,6,chars/6CBC.json
沽,A,Gū,,viết tắt của Thiên Tân 天津 (cũng gọi 津沽),resolved,水,Bộ Thủy,record-radical,6,3,7,chars/6CBD.json
沾,A,zhān,Chăm,thấm,resolved,水,Bộ Thủy,record-radical,7,10,6,chars/6CBE.json
沿,A,yán,Duyên,theo,resolved,水,Bộ Thủy,record-radical,8,10,6,chars/6CBF.json
泂,C,jiǒng,,mênh mông,not-resolved,,,not-resolved,0,0,7,chars/6CC2.json
泄,A,xiè,Tướt,xả,resolved,水,Bộ Thủy,record-radical,7,10,6,chars/6CC4.json
泅,B,qiú,Tù,bơi (dạng kết hợp),resolved,水,Bộ Thủy,record-radical,2,0,7,chars/6CC5.json
泆,B,yì,Dật,"dâm đãng, phóng túng, hoang phí",resolved,水,Bộ Thủy,record-radical,0,0,7,chars/6CC6.json
泈,C,Zhōng,,biến thể cũ của 汷[Zhong1],not-resolved,,,not-resolved,0,0,7,chars/6CC8.json
泉,C,quán,Tuyền,suối (dòng nước nhỏ); miệng suối,not-resolved,,,not-resolved,7,10,4,chars/6CC9.json
泊,A,bó,Bạc,thả neo; cập bến,resolved,水,Bộ Thủy,record-radical,6,10,6,chars/6CCA.json
泌,A,mì,,dùng trong 泌陽|泌阳[Bi4 yang2],resolved,水,Bộ Thủy,record-radical,6,5,6,chars/6CCC.json
泐,C,lè,,viết,not-resolved,,,not-resolved,0,0,7,chars/6CD0.json
泑,C,yǒu,Ao,"lớp men thủy tinh trên đồ sứ, gốm v.v.",not-resolved,,,not-resolved,0,0,7,chars/6CD1.json
泒,C,gū,,tên một con sông,not-resolved,,,not-resolved,0,0,7,chars/6CD2.json
泓,C,hóng,,trong rõ; rộng và sâu,not-resolved,,,not-resolved,0,0,7,chars/6CD3.json
泔,C,gān,,nước vo gạo,not-resolved,,,not-resolved,1,0,7,chars/6CD4.json
法,A,fǎ,Pháp,luật,resolved,水,Bộ Thủy,record-radical,20,10,3,chars/6CD5.json
泖,B,mǎo,,nước tĩnh,resolved,水,Bộ Thủy,record-radical,0,0,7,chars/6CD6.json
泗,A,Sì,Tứa,sông ở Sơn Đông,resolved,水,Bộ Thủy,record-radical,6,1,7,chars/6CD7.json
泙,B,píng,Bềnh,âm thanh nước văng,resolved,水,Bộ Thủy,record-radical,0,0,7,chars/6CD9.json
泚,C,cǐ,,trong sáng; rạng rỡ và sáng ngời,not-resolved,,,not-resolved,0,0,7,chars/6CDA.json
泛,A,fàn,Phiếm,biến thể của 泛[fan4],resolved,水,Bộ Thủy,record-radical,6,10,5,chars/6CDB.json
泜,C,zhī,Dề,một con sông ở tỉnh Hà Bắc,not-resolved,,,not-resolved,0,0,7,chars/6CDC.json
泝,C,sù,,biến thể của 溯[su4],not-resolved,,,not-resolved,0,0,7,chars/6CDD.json
泞,C,nìng,,lầy lội,not-resolved,,,not-resolved,1,0,7,chars/6CDE.json
泠,B,Líng,Lênh,họ [Ling2],resolved,水,Bộ Thủy,record-radical,0,0,7,chars/6CE0.json
泡,A,pào,Bàu,mụn nước,resolved,水,Bộ Thủy,record-radical,7,10,6,chars/6CE1.json
波,A,Bō,Ba,Ba Lan; Tiếng Ba Lan,resolved,水,Bộ Thủy,record-radical,13,10,6,chars/6CE2.json
泣,A,qì,Khắp,khóc nức nở,resolved,水,Bộ Thủy,record-radical,6,10,6,chars/6CE3.json
泥,A,ní,Nhãn / Nề,bùn,resolved,水,Bộ Thủy,record-radical,6,10,6,chars/6CE5.json
注,A,zhù,Chú,tập trung,resolved,水,Bộ Thủy,record-radical,12,10,3,chars/6CE8.json
泩,C,shēng,,nước dâng lên,not-resolved,,,not-resolved,0,0,7,chars/6CE9.json
泪,A,lèi,Thớt / Lệ,nước mắt,resolved,水,Bộ Thủy,record-radical,7,10,5,chars/6CEA.json
泫,B,xuàn,,khóc,resolved,水,Bộ Thủy,record-radical,0,0,7,chars/6CEB.json
泭,C,fū,,một cái bè,not-resolved,,,not-resolved,0,0,7,chars/6CED.json
泮,B,pàn,Bợn,(văn học) tan chảy; hòa tan,resolved,水,Bộ Thủy,record-radical,1,0,7,chars/6CEE.json
泯,B,mǐn,,biến thể của 泯[min3],resolved,水,Bộ Thủy,record-radical,3,0,7,chars/6CEF.json
泰,C,Tài,Thái,núi Thái 泰山[Tai4 Shan1] ở Sơn Đông; viết tắt của Thái Lan,not-resolved,,,not-resolved,7,7,6,chars/6CF0.json
泱,B,yāng,,"kích động (gió, mây); bao la",resolved,水,Bộ Thủy,record-radical,1,0,7,chars/6CF1.json
泲,C,jǐ,,rượu trong; tên một con sông,not-resolved,,,not-resolved,0,0,7,chars/6CF2.json
泳,A,yǒng,,bơi; lội,resolved,水,Bộ Thủy,record-radical,6,10,2,chars/6CF3.json
泵,C,bèng,,bơm (từ mượn),not-resolved,,,not-resolved,6,0,7,chars/6CF5.json
泷,B,Shuāng,Rông,sông Shuang ở Hồ Nam và Quảng Đông (hiện là sông Vu 武水),resolved,水,Bộ Thủy,record-radical,1,0,7,chars/6CF7.json
泸,B,lú,Lư,tên cũ của một con sông ở Giang Tây; tên địa danh,resolved,水,Bộ Thủy,record-radical,6,0,7,chars/6CF8.json
泺,B,luò,Nhợt,tên một con sông,resolved,水,Bộ Thủy,record-radical,0,0,7,chars/6CFA.json
泻,A,xiè,Tả,chảy ra,resolved,水,Bộ Thủy,record-radical,6,4,6,chars/6CFB.json
泼,A,pō,,đổ,resolved,水,Bộ Thủy,record-radical,6,10,6,chars/6CFC.json
泽,A,zé,Rạch,hồ; bể (nước),resolved,水,Bộ Thủy,record-radical,6,4,6,chars/6CFD.json
泾,B,Jīng,Kinh,sông Kinh,resolved,水,Bộ Thủy,record-radical,6,0,7,chars/6CFE.json
洁,A,jié,Thợ / Cát,sạch sẽ,resolved,水,Bộ Thủy,record-radical,9,10,6,chars/6D01.json
洄,C,huí,Hói,nước xoáy; nước cuộn,not-resolved,,,not-resolved,1,0,7,chars/6D04.json
洇,B,yān,,biến thể của 湮[yan1],resolved,水,Bộ Thủy,record-radical,0,0,7,chars/6D07.json
洊,C,jiàn,Tuồn,nước chảy; liên tiếp,not-resolved,,,not-resolved,0,0,7,chars/6D0A.json
洋,A,yáng,Dương,ngoại quốc,resolved,水,Bộ Thủy,record-radical,12,10,4,chars/6D0B.json
洌,B,liè,Rét,tinh khiết; làm sạch,resolved,水,Bộ Thủy,record-radical,0,0,7,chars/6D0C.json
洎,B,jì,,đến; khi,resolved,水,Bộ Thủy,record-radical,0,0,7,chars/6D0E.json
洏,C,ér,Nhỉ,chảy (như nước hoặc nước mắt),not-resolved,,,not-resolved,0,0,7,chars/6D0F.json
洑,C,fú,,xoáy ngầm,not-resolved,,,not-resolved,0,0,7,chars/6D11.json
洒,A,sǎ,Sái,"tưới, rắc, phun",resolved,水,Bộ Thủy,record-radical,6,10,5,chars/6D12.json
洗,A,xǐ,Tẩy,rửa,resolved,水,Bộ Thủy,record-radical,11,10,2,chars/6D17.json
洙,B,Zhū,Chua,họ [Zhu1],resolved,水,Bộ Thủy,record-radical,0,0,7,chars/6D19.json
洚,B,jiàng,,lũ lụt,resolved,水,Bộ Thủy,record-radical,0,0,7,chars/6D1A.json
洛,A,Luò,Rặc,"họ [Luo4]; tên gọi cũ của một số con sông (ở Hà Nam, Thiểm Tây, Tứ Xuyên và An Huy)",resolved,水,Bộ Thủy,record-radical,6,1,7,chars/6D1B.json
洞,A,dòng,Đọng,lỗ,resolved,水,Bộ Thủy,record-radical,6,8,5,chars/6D1E.json
洟,C,tì,Dề,chất nhầy mũi; phiên âm Đài Loan [yi2],not-resolved,,,not-resolved,0,0,7,chars/6D1F.json
洢,C,yī,,"tên cũ của một con sông ở Hà Nam, nay viết là sông Y Hà 伊河",not-resolved,,,not-resolved,0,0,7,chars/6D22.json
洣,B,Mǐ,,"sông Mi ở Hồ Nam, phụ lưu của Tương Giang 湘江",resolved,水,Bộ Thủy,record-radical,0,0,7,chars/6D23.json
津,A,jīn,,viết tắt của Thiên Tân 天津[Tian1 jin1],resolved,水,Bộ Thủy,record-radical,7,8,6,chars/6D25.json
洧,B,wěi,,tên một con sông,resolved,水,Bộ Thủy,record-radical,0,0,7,chars/6D27.json
洨,B,Xiáo,,sông Tiêu ở tỉnh Hà Bắc,resolved,水,Bộ Thủy,record-radical,0,0,7,chars/6D28.json
洪,C,Hóng,Suyền / Hồng,họ [Hong2],not-resolved,,,not-resolved,7,10,6,chars/6D2A.json
洫,B,xù,,đào mương; hào nước,resolved,水,Bộ Thủy,record-radical,0,0,7,chars/6D2B.json
洮,B,táo,Rệu,rửa sạch; tên sông,resolved,水,Bộ Thủy,record-radical,5,0,7,chars/6D2E.json
洰,C,jù,,,resolved,水,Bộ Thủy,record-radical,0,0,,chars/6D30.json
洱,B,ěr,,xem 洱海[Er3 hai3],resolved,水,Bộ Thủy,record-radical,6,0,7,chars/6D31.json
洲,A,zhōu,Chòng / Chao,lục địa; đảo trong sông,resolved,水,Bộ Thủy,record-radical,6,10,4,chars/6D32.json
洳,B,rù,Nhơ,ẩm ướt; lầy lội,resolved,水,Bộ Thủy,record-radical,0,0,7,chars/6D33.json
洴,C,píng,,giặt; tẩy (vải),not-resolved,,,not-resolved,0,0,7,chars/6D34.json
洵,B,xún,,thực sự; xoáy nước,resolved,水,Bộ Thủy,record-radical,1,0,7,chars/6D35.json
洸,C,guāng,,nước lấp lánh,not-resolved,,,not-resolved,0,0,7,chars/6D38.json
洹,B,huán,,tên một con sông,resolved,水,Bộ Thủy,record-radical,0,0,7,chars/6D39.json
洺,C,míng,,tên một con sông,not-resolved,,,not-resolved,0,0,7,chars/6D3A.json
活,A,huó,Hoạt,sống; sống,resolved,水,Bộ Thủy,record-radical,20,10,4,chars/6D3B.json
洼,A,wā,,biến thể của 窪|洼[wa1],resolved,水,Bộ Thủy,record-radical,6,1,7,chars/6D3C.json
洽,C,qià,,phù hợp; liên hệ,not-resolved,,,not-resolved,6,8,6,chars/6D3D.json
派,A,pài,Phái,phái đi,resolved,水,Bộ Thủy,record-radical,8,10,5,chars/6D3E.json
洿,C,wū,,đào (ao); nước tù đọng,not-resolved,,,not-resolved,0,0,7,chars/6D3F.json
流,A,liú,Lưu,dòng chảy; chảy,resolved,水,Bộ Thủy,record-radical,20,10,4,chars/6D41.json
浃,B,jiā,,ướt sũng; làm ướt,resolved,水,Bộ Thủy,record-radical,2,0,7,chars/6D43.json
浄,C,jìng,,biến thể của chữ 淨|净 trong tiếng Nhật,not-resolved,,,not-resolved,0,0,7,chars/6D44.json
浅,A,qiǎn,Thiển,nông,resolved,水,Bộ Thủy,record-radical,6,10,5,chars/6D45.json
浆,A,jiāng,,"nước cốt, bột nhão, hồ",resolved,水,Bộ Thủy,record-radical,6,8,7,chars/6D46.json
浇,A,jiāo,Khú / Nhão,tưới,resolved,水,Bộ Thủy,record-radical,6,7,5,chars/6D47.json
浈,B,Zhēn,,sông ở tỉnh Quảng Đông,resolved,水,Bộ Thủy,record-radical,1,0,7,chars/6D48.json
浉,B,Shī,,"Shi, tên con sông ở Tín Dương 信陽|信阳, Hà Nam",resolved,水,Bộ Thủy,record-radical,2,0,7,chars/6D49.json
浊,C,zhuó,Trọc,đục; nhầy,not-resolved,,,not-resolved,6,7,6,chars/6D4A.json
测,A,cè,Trắc,phỏng đoán,resolved,水,Bộ Thủy,record-radical,14,10,5,chars/6D4B.json
浍,B,kuài,Gội,mương; kênh,resolved,水,Bộ Thủy,record-radical,0,0,7,chars/6D4D.json
济,A,Jǐ,,dùng trong địa danh liên quan đến sông Tế 濟水|济水[Ji3 Shui3]; họ [Ji3],resolved,水,Bộ Thủy,record-radical,8,10,4,chars/6D4E.json
浏,A,liú,,trong; sâu (về nước),resolved,水,Bộ Thủy,record-radical,5,9,5,chars/6D4F.json
浐,B,chǎn,,tên một con sông ở tỉnh Thiểm Tây; xem 滻河|浐河[Chan3 He2],resolved,水,Bộ Thủy,record-radical,0,0,7,chars/6D50.json
浑,A,hún,,vẩn đục; đục ngầu; ngu dốt; ngớ ngẩn,resolved,水,Bộ Thủy,record-radical,6,9,6,chars/6D51.json
浒,B,hǔ,,bờ sông,resolved,水,Bộ Thủy,record-radical,1,0,7,chars/6D52.json
浓,A,nóng,Nống,"dày, đặc",resolved,水,Bộ Thủy,record-radical,7,10,5,chars/6D53.json
浔,B,xún,Tầm,tên một con sông; bờ dốc,resolved,水,Bộ Thủy,record-radical,2,0,7,chars/6D54.json
浕,C,Jìn,,sông ở tỉnh Hồ Bắc,not-resolved,,,not-resolved,0,0,7,chars/6D55.json
浙,A,Zhè,,viết tắt của tỉnh Chiết Giang 浙江 ở miền đông Trung Quốc,resolved,水,Bộ Thủy,record-radical,5,1,7,chars/6D59.json
浚,B,jùn,,nạo vét (sông),resolved,水,Bộ Thủy,record-radical,2,0,7,chars/6D5A.json
浜,B,bāng,,suối; lạch,resolved,水,Bộ Thủy,record-radical,1,0,7,chars/6D5C.json
浞,B,zhuó,,(khẩu ngữ) làm ướt sũng,resolved,水,Bộ Thủy,record-radical,0,0,,chars/6D5E.json
浠,B,xī,Hơ,tên một con sông ở Hồ Bắc,resolved,水,Bộ Thủy,record-radical,2,0,7,chars/6D60.json
浡,C,bó,Bọt,đầy; trào ra (của đài phun nước),not-resolved,,,not-resolved,0,0,7,chars/6D61.json
浣,B,huàn,,rửa; xả,resolved,水,Bộ Thủy,record-radical,1,0,7,chars/6D63.json
浤,C,hóng,,âm thanh nước dâng trào,not-resolved,,,not-resolved,0,0,7,chars/6D64.json
浥,C,yì,Ướp,ẩm; ướt,not-resolved,,,not-resolved,0,0,7,chars/6D65.json
浦,B,Pǔ,,họ [Pu3],resolved,水,Bộ Thủy,record-radical,6,0,7,chars/6D66.json
浩,A,hào,,to lớn; rộng lớn (nước),resolved,水,Bộ Thủy,record-radical,6,8,7,chars/6D69.json
浪,A,làng,,sóng,resolved,水,Bộ Thủy,record-radical,9,10,4,chars/6D6A.json
浬,C,lǐ,Rí,hải lý,not-resolved,,,not-resolved,0,0,7,chars/6D6C.json
浭,C,Gēng,,tên một con sông ở Hà Bắc,not-resolved,,,not-resolved,0,0,7,chars/6D6D.json
浮,A,fú,Phù,nổi,resolved,水,Bộ Thủy,record-radical,8,10,6,chars/6D6E.json
浯,B,Wú,,(tên của một số con sông ở Trung Quốc),resolved,水,Bộ Thủy,record-radical,0,0,7,chars/6D6F.json
浰,C,lì,Rời,tham dự (các sự kiện chính thức),not-resolved,,,not-resolved,0,0,7,chars/6D70.json
浴,A,yù,,tắm; tắm rửa,resolved,水,Bộ Thủy,record-radical,7,10,6,chars/6D74.json
海,A,hǎi,Hải,biển,resolved,水,Bộ Thủy,record-radical,20,10,4,chars/6D77.json
浸,A,jìn,Tắm,nhúng; ngâm,resolved,水,Bộ Thủy,record-radical,6,10,6,chars/6D78.json
浼,B,měi,,nhờ vả,resolved,水,Bộ Thủy,record-radical,0,0,7,chars/6D7C.json
浽,B,suī,Nổi,xem 浽溦[sui1 wei1],resolved,水,Bộ Thủy,record-radical,0,0,7,chars/6D7D.json
涂,A,tú,Dơ,"sơn, bôi lên",resolved,水,Bộ Thủy,record-radical,6,10,5,chars/6D82.json
涅,A,niè,Nết,(văn học) khoáng vật alunite (trước đây dùng làm thuốc nhuộm đen); (văn học) nhuộm đen,resolved,水,Bộ Thủy,record-radical,6,1,7,chars/6D85.json
消,A,xiāo,Tiêu,biến mất,resolved,水,Bộ Thủy,record-radical,16,10,4,chars/6D88.json
涉,C,shè,Thiệp,(văn học) lội qua một vùng nước; (hình thức kết hợp) trải nghiệm,not-resolved,,,not-resolved,6,10,6,chars/6D89.json
涊,C,niǎn,,nước đục,not-resolved,,,not-resolved,0,0,7,chars/6D8A.json
涌,A,yǒng,,tuôn trào,resolved,水,Bộ Thủy,record-radical,6,10,6,chars/6D8C.json
涎,B,xián,,biến thể của 涎[xian2],resolved,水,Bộ Thủy,record-radical,6,0,7,chars/6D8E.json
涐,C,E,,tên cũ của sông Đại Độ 大渡河[Da4 du4 He2] ở Tứ Xuyên,not-resolved,,,not-resolved,0,0,7,chars/6D90.json
涑,B,sù,,tên một con sông,resolved,水,Bộ Thủy,record-radical,0,0,7,chars/6D91.json
涒,C,tūn,,hành tinh Mộc; nôn mửa,not-resolved,,,not-resolved,0,0,7,chars/6D92.json
涓,B,Juān,Quen,họ [Juan1],resolved,水,Bộ Thủy,record-radical,5,0,7,chars/6D93.json
涔,B,cén,,tràn nước; nước mưa,resolved,水,Bộ Thủy,record-radical,0,0,7,chars/6D94.json
涕,A,tì,,"Nước mắt, nước mũi (thường dùng trong từ ghép)",resolved,水,Bộ Thủy,record-radical,6,6,6,chars/6D95.json
涘,C,sì,,bờ sông,not-resolved,,,not-resolved,0,0,7,chars/6D98.json
涙,C,lèi,,biến thể Nhật Bản của 淚|泪[lei4],not-resolved,,,not-resolved,0,0,7,chars/6D99.json
涛,A,tāo,Đào,sóng lớn; âm đọc ở Đài Loan: [tao2],resolved,水,Bộ Thủy,record-radical,6,4,6,chars/6D9B.json
涝,A,lào,,lụt,resolved,水,Bộ Thủy,record-radical,5,1,7,chars/6D9D.json
涞,B,lái,Thui,suối; gơn sóng,resolved,水,Bộ Thủy,record-radical,4,0,7,chars/6D9E.json
涟,A,lián,Lăn,gợn sóng; đẫm lệ,resolved,水,Bộ Thủy,record-radical,5,2,7,chars/6D9F.json
涠,B,wéi,,nước tĩnh,resolved,水,Bộ Thủy,record-radical,0,0,7,chars/6DA0.json
涡,C,guō,,tên một con sông,not-resolved,,,not-resolved,6,4,7,chars/6DA1.json
涢,C,Yún,Vờn,(tên một con sông ở Hà Bắc),not-resolved,,,not-resolved,0,0,7,chars/6DA2.json
涣,B,huàn,,tan biến; hoà tan,resolved,水,Bộ Thủy,record-radical,2,0,7,chars/6DA3.json
涤,B,dí,Sạch,rửa; dọn sạch,resolved,水,Bộ Thủy,record-radical,6,0,7,chars/6DA4.json
润,A,rùn,Nhuần,ẩm ướt,resolved,水,Bộ Thủy,record-radical,7,10,5,chars/6DA6.json
涧,C,jiàn,,biến thể của 澗|涧[jian4],not-resolved,,,not-resolved,6,0,7,chars/6DA7.json
涨,A,zhǎng,Trướng,tăng,resolved,水,Bộ Thủy,record-radical,8,10,5,chars/6DA8.json
涩,C,sè,,"Chát (vị); rít, khó trôi (cảm giác); khó chịu, ngượng ngùng",not-resolved,,,not-resolved,6,3,6,chars/6DA9.json
涪,B,Fú,,(tên một con sông),resolved,水,Bộ Thủy,record-radical,3,0,7,chars/6DAA.json
涫,B,guàn,,(văn cổ) đun sôi,resolved,水,Bộ Thủy,record-radical,0,0,7,chars/6DAB.json
涬,C,xìng,,vùng nước mênh mông,not-resolved,,,not-resolved,0,0,7,chars/6DAC.json
涮,B,shuàn,,chần,resolved,水,Bộ Thủy,record-radical,3,0,6,chars/6DAE.json
涯,A,yá,Rượi,bờ; chân trời,resolved,水,Bộ Thủy,record-radical,6,6,7,chars/6DAF.json
液,A,yè,Giá,chất lỏng; chất dịch,resolved,水,Bộ Thủy,record-radical,7,10,6,chars/6DB2.json
涴,C,wò,,làm bẩn,not-resolved,,,not-resolved,0,0,7,chars/6DB4.json
涵,A,hán,,chứa; bao gồm,resolved,水,Bộ Thủy,record-radical,6,10,6,chars/6DB5.json
涶,C,tuò,,biến thể của 唾[tuo4],not-resolved,,,not-resolved,0,0,7,chars/6DB6.json
涷,C,dōng,,mưa bão,not-resolved,,,not-resolved,0,0,7,chars/6DB7.json
涸,C,hé,Hạt,khô; cạn khô,not-resolved,,,not-resolved,3,0,7,chars/6DB8.json
涿,B,zhuō,,tên địa danh,resolved,水,Bộ Thủy,record-radical,4,0,7,chars/6DBF.json
淀,A,diàn,,hồ cạn,resolved,水,Bộ Thủy,record-radical,6,10,6,chars/6DC0.json
淂,C,dé,,(sông); biến thể cũ của 得[de2],not-resolved,,,not-resolved,0,0,7,chars/6DC2.json
淄,B,zī,,đen; tên một con sông,resolved,水,Bộ Thủy,record-radical,6,0,7,chars/6DC4.json
淅,B,xī,,"(từ tượng thanh) âm thanh mưa, mưa tuyết, v.v.",resolved,水,Bộ Thủy,record-radical,3,0,7,chars/6DC5.json
淆,A,xiáo,,biến thể của 淆[xiao2],resolved,水,Bộ Thủy,record-radical,5,3,6,chars/6DC6.json
淇,A,qí,,tên một con sông,resolved,水,Bộ Thủy,record-radical,6,2,7,chars/6DC7.json
淊,C,yān,,biến thể của 淹[yan1]; làm ngập,not-resolved,,,not-resolved,0,0,7,chars/6DCA.json
淋,A,lín,Lấm,ướt sũng,resolved,水,Bộ Thủy,record-radical,6,9,6,chars/6DCB.json
淌,A,tǎng,,nhỏ giọt,resolved,水,Bộ Thủy,record-radical,2,5,7,chars/6DCC.json
淑,B,shū,,(dạng kết hợp) (phụ nữ) dịu dàng; tốt bụng; đáng yêu; đáng kính; (dùng trong tên riêng),resolved,水,Bộ Thủy,record-radical,2,0,7,chars/6DD1.json
淓,C,Fāng,,tên một con sông,not-resolved,,,not-resolved,0,0,7,chars/6DD3.json
淖,B,Nào,,họ [Nao4],resolved,水,Bộ Thủy,record-radical,3,0,7,chars/6DD6.json
淘,A,táo,Đào,nghịch ngợm,resolved,水,Bộ Thủy,record-radical,6,7,5,chars/6DD8.json
淙,B,cóng,,tiếng nước chảy,resolved,水,Bộ Thủy,record-radical,0,0,7,chars/6DD9.json
淜,C,péng,,tiếng sóng xô,not-resolved,,,not-resolved,0,0,7,chars/6DDC.json
淝,B,féi,,tên một con sông,resolved,水,Bộ Thủy,record-radical,0,0,7,chars/6DDD.json
淞,B,Sōng,,tên một con sông ở tỉnh Giang Tô,resolved,水,Bộ Thủy,record-radical,2,0,7,chars/6DDE.json
淟,C,tiǎn,Sượng / Đén,đục; ngầu,not-resolved,,,not-resolved,0,0,7,chars/6DDF.json
淠,B,pì,,um tùm (chỉ thực vật dưới nước),resolved,水,Bộ Thủy,record-radical,0,0,7,chars/6DE0.json
淡,A,dàn,Đạm,nhạt,resolved,水,Bộ Thủy,record-radical,12,10,5,chars/6DE1.json
淢,C,yù,Thổi / Vực,hào nước; dòng chảy xiết,not-resolved,,,not-resolved,0,0,7,chars/6DE2.json
淤,B,yū,Ứa,bùn lắng; bùn sông,resolved,水,Bộ Thủy,record-radical,6,0,7,chars/6DE4.json
淦,B,gàn,,tên một con sông,resolved,水,Bộ Thủy,record-radical,0,0,7,chars/6DE6.json
淩,B,líng,Lâng,biến thể của 凌[ling2],resolved,水,Bộ Thủy,record-radical,0,0,7,chars/6DE9.json
淫,C,yín,Dâm,quá mức; quá độ,not-resolved,,,not-resolved,6,0,7,chars/6DEB.json
淬,B,cuì,Rót,nhúng vào nước; tôi luyện,resolved,水,Bộ Thủy,record-radical,1,0,7,chars/6DEC.json
淮,B,Huái,Hoài,tên một con sông,resolved,水,Bộ Thủy,record-radical,6,0,7,chars/6DEE.json
淯,B,Yù,Rộc,tên sông; tên cũ của sông Bạch Hà 白河 ở Hà Nam,resolved,水,Bộ Thủy,record-radical,0,0,7,chars/6DEF.json
淰,C,niǎn,,nước lặng,not-resolved,,,not-resolved,0,0,7,chars/6DF0.json
深,A,shēn,Thâm,sâu; sâu sắc,resolved,水,Bộ Thủy,record-radical,20,10,4,chars/6DF1.json
淳,A,chún,Choang,chân thật; tinh khiết,resolved,水,Bộ Thủy,record-radical,6,2,7,chars/6DF3.json
混,A,hùn,Hổn,trộn,resolved,水,Bộ Thủy,record-radical,7,10,6,chars/6DF7.json
淸,C,qīng,,biến thể của 清[qing1],not-resolved,,,not-resolved,0,0,7,chars/6DF8.json
淹,A,yān,Êm,ngập lụt,resolved,水,Bộ Thủy,record-radical,4,4,6,chars/6DF9.json
添,A,tiān,Thiêm / Thêm,thêm,resolved,水,Bộ Thủy,record-radical,7,10,6,chars/6DFB.json
淼,C,miǎo,,một trận lụt; vô tận,not-resolved,,,not-resolved,1,0,7,chars/6DFC.json
清,A,qīng,Thanh,"rõ ràng, trong sáng",resolved,水,Bộ Thủy,record-radical,20,10,3,chars/6E05.json
渇,C,kě,,chữ Nhật của 渴,not-resolved,,,not-resolved,0,0,7,chars/6E07.json
済,C,jì,,chữ Nhật của 濟|济,not-resolved,,,not-resolved,0,0,7,chars/6E08.json
渉,C,shè,,biến thể tiếng Nhật của 涉[she4],not-resolved,,,not-resolved,0,0,7,chars/6E09.json
渊,A,yuān,Uyên,hồ sâu; sâu,resolved,水,Bộ Thủy,record-radical,6,5,7,chars/6E0A.json
渋,C,sè,,biến thể tiếng Nhật của 澀|涩[se4],not-resolved,,,not-resolved,0,0,7,chars/6E0B.json
渌,B,lù,Lóc,nước trong; lọc chất lỏng,resolved,水,Bộ Thủy,record-radical,0,0,7,chars/6E0C.json
渍,A,zì,,ngâm; bị ố,resolved,水,Bộ Thủy,record-radical,5,2,7,chars/6E0D.json
渎,B,dú,,bất kính; (văn học) mương rãnh,resolved,水,Bộ Thủy,record-radical,2,0,7,chars/6E0E.json
渐,A,jiān,Tiệm,thấm nhuần,resolved,水,Bộ Thủy,record-radical,6,10,5,chars/6E10.json
渑,B,shéng,,tên một con sông ở Sơn Đông,resolved,水,Bộ Thủy,record-radical,2,0,7,chars/6E11.json
渓,C,xī,,biến thể tiếng Nhật của 溪[xi1],not-resolved,,,not-resolved,0,0,7,chars/6E13.json
渔,C,yú,Ngư,ngư dân; câu cá,not-resolved,,,not-resolved,6,10,6,chars/6E14.json
渕,C,yuān,,biến thể của 淵|渊[yuan1],not-resolved,,,not-resolved,0,0,7,chars/6E15.json
渖,B,shěn,,biến thể cũ của 瀋|沈[shen3],resolved,水,Bộ Thủy,record-radical,0,0,7,chars/6E16.json
渗,A,shèn,Rướm,"thấm, ngấm",resolved,水,Bộ Thủy,record-radical,6,4,6,chars/6E17.json
渚,B,zhǔ,Chã,cù lao; bờ,resolved,水,Bộ Thủy,record-radical,2,0,7,chars/6E1A.json
渝,A,Yú,,tên gọi tắt của Trùng Khánh 重慶|重庆[Chong2 qing4]; tên gọi cũ của sông Gia Lăng 嘉陵江[Jia1 ling2 Jiang1] ở Tứ Xuyên,resolved,水,Bộ Thủy,record-radical,6,1,7,chars/6E1D.json
渟,C,tíng,,nước tù đọng,not-resolved,,,not-resolved,0,0,7,chars/6E1F.json
渠,C,Qú,Cừ,họ [Qu2],not-resolved,,,not-resolved,6,5,6,chars/6E20.json
渡,A,dù,Đò,qua sông,resolved,水,Bộ Thủy,record-radical,6,10,6,chars/6E21.json
渣,A,zhā,,xỉ (trong khai thác mỏ hoặc nấu chảy kim loại); cặn bã,resolved,水,Bộ Thủy,record-radical,7,4,6,chars/6E23.json
渤,B,Bó,Bọt,"giống như 渤海[Bo2 Hai3], biển Bột Hải giữa Liêu Ninh và Sơn Đông; Vịnh Trực Lệ hoặc Chiết Lệ",resolved,水,Bộ Thủy,record-radical,2,0,7,chars/6E24.json
渥,B,wò,Ốc,làm giàu; làm ẩm,resolved,水,Bộ Thủy,record-radical,1,0,7,chars/6E25.json
渧,C,dì,,"rơi, như chất lỏng; một giọt",not-resolved,,,not-resolved,0,0,7,chars/6E27.json
渨,C,wēi,Hoáy,vịnh; vũng,not-resolved,,,not-resolved,0,0,7,chars/6E28.json
温,A,Wēn,Ồn,họ [Wen1],resolved,水,Bộ Thủy,record-radical,19,10,4,chars/6E29.json
渫,B,Xiè,,họ [Xie4],resolved,水,Bộ Thủy,record-radical,0,0,7,chars/6E2B.json
渭,B,Wèi,Ngan / Vây,sông Vị ở Thiểm Tây chảy qua đồng bằng Quan Trung 關中平原|关中平原[Guan1 zhong1 Ping2 yuan2],resolved,水,Bộ Thủy,record-radical,6,0,7,chars/6E2D.json
渮,C,gē,,tên địa danh,not-resolved,,,not-resolved,0,0,7,chars/6E2E.json
港,A,gǎng,Cảng,cảng,resolved,水,Bộ Thủy,record-radical,6,10,6,chars/6E2F.json
渰,C,yǎn,,(mây) hình thành hoặc dâng lên,not-resolved,,,not-resolved,0,0,7,chars/6E30.json
渲,B,xuàn,,phủ màu,resolved,水,Bộ Thủy,record-radical,1,0,7,chars/6E32.json
渴,A,kě,Khát,khát,resolved,水,Bộ Thủy,record-radical,7,10,3,chars/6E34.json
渶,C,Yīng,,sông ở tỉnh Sơn Đông (cũ),not-resolved,,,not-resolved,0,0,7,chars/6E36.json
游,A,yóu,,bơi,resolved,水,Bộ Thủy,record-radical,19,10,2,chars/6E38.json
渺,A,miǎo,,rộng lớn (của một vùng nước); xa xăm và mơ hồ,resolved,水,Bộ Thủy,record-radical,6,3,6,chars/6E3A.json
渼,C,měi,Mẻ,hoa văn gợn sóng,not-resolved,,,not-resolved,0,0,7,chars/6E3C.json
湃,A,pài,,âm thanh của sóng,resolved,水,Bộ Thủy,record-radical,2,1,7,chars/6E43.json
湄,B,méi,Mưa,bờ; rìa,resolved,水,Bộ Thủy,record-radical,5,0,7,chars/6E44.json
湅,C,liàn,Rịn,luộc tơ sống (để làm mềm và làm sạch),not-resolved,,,not-resolved,0,0,7,chars/6E45.json
湉,C,tián,,"(văn học) nước chảy êm đềm, yên bình",not-resolved,,,not-resolved,1,0,7,chars/6E49.json
湌,C,cān,,biến thể của 餐[can1],not-resolved,,,not-resolved,0,0,7,chars/6E4C.json
湍,B,tuān,,nước chảy xiết,resolved,水,Bộ Thủy,record-radical,2,0,7,chars/6E4D.json
湎,C,miǎn,Giờn,say rượu,not-resolved,,,not-resolved,1,1,7,chars/6E4E.json
湑,C,xǔ,,nhiều; sáng,not-resolved,,,not-resolved,0,0,7,chars/6E51.json
湓,B,pén,Bùn,nước chảy; tên một con sông,resolved,水,Bộ Thủy,record-radical,0,0,7,chars/6E53.json
湔,B,jiān,,rửa; rửa sạch oan khuất,resolved,水,Bộ Thủy,record-radical,1,0,7,chars/6E54.json
湖,A,hú,Hồ,hồ,resolved,水,Bộ Thủy,record-radical,7,10,6,chars/6E56.json
湘,B,Xiāng,Tương,"viết tắt của Hồ Nam 湖南, tỉnh ở miền trung nam Trung Quốc; viết tắt của sông Tương, tỉnh Hồ Nam",resolved,水,Bộ Thủy,record-radical,6,0,7,chars/6E58.json
湛,C,Zhàn,Đậm,họ [Zhan4],not-resolved,,,not-resolved,5,4,7,chars/6E5B.json
湜,C,shí,,nước trong; tinh khiết,not-resolved,,,not-resolved,0,0,7,chars/6E5C.json
湝,C,jiē,,nước chảy,not-resolved,,,not-resolved,0,0,7,chars/6E5D.json
湟,B,huáng,,tên một con sông,resolved,水,Bộ Thủy,record-radical,5,0,7,chars/6E5F.json
湢,C,bì,,nhà tắm công cộng,not-resolved,,,not-resolved,0,0,7,chars/6E62.json
湣,B,mǐn,,(chữ cổ dùng trong thụy hiệu của quân chủ); biến thể cũ của 憫|悯[min3],resolved,水,Bộ Thủy,record-radical,0,0,7,chars/6E63.json
湩,C,dòng,,sữa; tiếng trống,not-resolved,,,not-resolved,0,0,7,chars/6E69.json
湫,B,jiǎo,,đầm lầy,resolved,水,Bộ Thủy,record-radical,0,0,7,chars/6E6B.json
湮,C,yān,,(văn học) chìm vào quên lãng; (văn học) bị bồi lấp,not-resolved,,,not-resolved,3,0,7,chars/6E6E.json
湱,C,huò,,sóng vỗ,not-resolved,,,not-resolved,0,0,7,chars/6E71.json
湲,C,yuán,Bợn,nước chảy xiết,not-resolved,,,not-resolved,0,0,7,chars/6E72.json
湴,B,bàn,,bùn; lầy,resolved,水,Bộ Thủy,record-radical,0,0,7,chars/6E74.json
湾,A,wān,,vịnh; vũng,resolved,水,Bộ Thủy,record-radical,6,9,6,chars/6E7E.json
湿,A,shī,,ướt,resolved,水,Bộ Thủy,record-radical,6,10,5,chars/6E7F.json
満,C,mǎn,,biến thể tiếng Nhật của 滿|满,not-resolved,,,not-resolved,0,0,7,chars/6E80.json
溃,A,kuì,Hói,dùng trong 潰膿|溃脓[hui4 nong2]; cách phát âm ở Đài Loan [kui4],resolved,水,Bộ Thủy,record-radical,6,9,6,chars/6E83.json
溅,B,jiàn,,"rắc, bắn",resolved,水,Bộ Thủy,record-radical,2,0,6,chars/6E85.json
溆,B,xù,,tên một con sông,resolved,水,Bộ Thủy,record-radical,2,0,7,chars/6E86.json
溇,C,Lóu,Sâu,xem 漊水|溇水[Lou2 Shui3],not-resolved,,,not-resolved,0,0,7,chars/6E87.json
溉,A,gài,,tưới tiêu,resolved,水,Bộ Thủy,record-radical,1,5,6,chars/6E89.json
溍,C,jìn,,nước; tên một con sông,not-resolved,,,not-resolved,0,0,7,chars/6E8D.json
溎,C,guì,,tên một con sông,not-resolved,,,not-resolved,0,0,7,chars/6E8E.json
溏,B,táng,,nửa đông đặc; ao,resolved,水,Bộ Thủy,record-radical,1,0,7,chars/6E8F.json
源,A,yuán,Nguồn,gốc; rễ,resolved,水,Bộ Thủy,record-radical,15,10,5,chars/6E90.json
溘,B,kè,Hụp,đột nhiên,resolved,水,Bộ Thủy,record-radical,2,0,7,chars/6E98.json
溛,C,wā,,tạo thành hõm; hố,not-resolved,,,not-resolved,0,0,7,chars/6E9B.json
溜,A,liū,,trượt đi,resolved,水,Bộ Thủy,record-radical,7,5,6,chars/6E9C.json
溟,C,míng,,mưa phùn; biển,not-resolved,,,not-resolved,3,0,7,chars/6E9F.json
溠,C,zhà,,tên một con sông,not-resolved,,,not-resolved,0,0,7,chars/6EA0.json
溢,A,yì,,tràn,resolved,水,Bộ Thủy,record-radical,7,10,7,chars/6EA2.json
溤,C,mǎ,,tên một con sông,not-resolved,,,not-resolved,0,0,7,chars/6EA4.json
溥,B,Pǔ,,họ [Pu3],resolved,水,Bộ Thủy,record-radical,1,0,7,chars/6EA5.json
溦,B,wēi,,mưa phùn; mưa nhẹ,resolved,水,Bộ Thủy,record-radical,0,0,7,chars/6EA6.json
溧,B,lì,Rớt,tên một con sông,resolved,水,Bộ Thủy,record-radical,4,0,7,chars/6EA7.json
溪,A,xī,Khe,suối nhỏ,resolved,水,Bộ Thủy,record-radical,6,9,6,chars/6EAA.json
溯,C,sù,,đi ngược dòng; theo dấu nguồn gốc,not-resolved,,,not-resolved,6,6,7,chars/6EAF.json
溱,B,zhēn,,tên một con sông,resolved,水,Bộ Thủy,record-radical,0,0,7,chars/6EB1.json
溲,B,sōu,,đi tiểu tiện,resolved,水,Bộ Thủy,record-radical,0,0,7,chars/6EB2.json
溴,C,xiù,,bromine (hóa học),not-resolved,,,not-resolved,0,0,7,chars/6EB4.json
溵,C,Yīn,,"dùng trong địa danh, ví dụ 溵水 từng là tên sông Shahe 沙河, Hà Nam, và 溵州 từng là một châu thời nhà Đường",not-resolved,,,not-resolved,0,0,7,chars/6EB5.json
溶,A,róng,Ròng,hoà tan; có thể hoà tan,resolved,水,Bộ Thủy,record-radical,6,6,6,chars/6EB6.json
溷,C,hùn,,nhà xí; chuồng súc vật,not-resolved,,,not-resolved,0,0,7,chars/6EB7.json
溺,A,nì,,chết đuối; chìm đắm,resolved,水,Bộ Thủy,record-radical,7,3,7,chars/6EBA.json
溻,B,tā,,(quần áo) ướt đẫm mồ hôi,resolved,水,Bộ Thủy,record-radical,0,0,7,chars/6EBB.json
溽,B,rù,,ẩm ướt; ngột ngạt,resolved,水,Bộ Thủy,record-radical,0,0,7,chars/6EBD.json
溾,C,wēi,,mưa nhẹ,not-resolved,,,not-resolved,0,0,7,chars/6EBE.json
滁,B,Chú,,tên một con sông ở An Huy,resolved,水,Bộ Thủy,record-radical,2,0,7,chars/6EC1.json
滂,B,pāng,Bẵng,nước chảy xiết,resolved,水,Bộ Thủy,record-radical,3,0,7,chars/6EC2.json
滃,C,wěng,,(của mây) dâng lên; (của nước) dâng lên,not-resolved,,,not-resolved,0,0,7,chars/6EC3.json
滇,B,Diān,Chan,viết tắt của tỉnh Vân Nam 雲南|云南[Yun2 nan2] ở tây nam Trung Quốc,resolved,水,Bộ Thủy,record-radical,3,0,7,chars/6EC7.json
滉,C,huǎng,,mặt nước rộng sáng,not-resolved,,,not-resolved,0,0,7,chars/6EC9.json
滊,B,xì,,tên một con sông,resolved,水,Bộ Thủy,record-radical,0,0,7,chars/6ECA.json
滋,A,zī,,sinh trưởng; bồi bổ,resolved,水,Bộ Thủy,record-radical,7,10,6,chars/6ECB.json
滏,B,fǔ,,tên một con sông ở Hà Bắc,resolved,水,Bộ Thủy,record-radical,0,0,7,chars/6ECF.json
滑,A,huá,Gột,trượt; trơn,resolved,水,Bộ Thủy,record-radical,7,10,5,chars/6ED1.json
滓,B,zǐ,,cặn; trầm tích,resolved,水,Bộ Thủy,record-radical,1,0,7,chars/6ED3.json
滔,A,tāo,Thao,(hình thức kết hợp) làm ngập lụt; lũ lụt,resolved,水,Bộ Thủy,record-radical,4,3,6,chars/6ED4.json
滕,C,Téng,,chư hầu của nhà Chu ở Sơn Đông; quận Teng ở Sơn Đông,not-resolved,,,not-resolved,5,0,7,chars/6ED5.json
滗,B,bì,Vuốt,rót chất lỏng ra; gạn,resolved,水,Bộ Thủy,record-radical,0,0,7,chars/6ED7.json
滘,C,jiào,,tên địa danh ở Quảng Đông,not-resolved,,,not-resolved,0,0,7,chars/6ED8.json
滚,A,gǔn,Củn,lăn,resolved,水,Bộ Thủy,record-radical,8,10,5,chars/6EDA.json
滝,C,lóng,Sông,biến thể tiếng Nhật của 瀧|泷[long2],not-resolved,,,not-resolved,0,0,7,chars/6EDD.json
滞,A,zhì,Sệ,chậm chạp,resolved,水,Bộ Thủy,record-radical,6,9,6,chars/6EDE.json
滟,C,yàn,,sóng cồn cuồn cuộn,not-resolved,,,not-resolved,0,0,7,chars/6EDF.json
滠,B,shè,,tên một con sông,resolved,水,Bộ Thủy,record-radical,0,0,7,chars/6EE0.json
满,A,mǎn,Mãn,đầy đủ,resolved,水,Bộ Thủy,record-radical,15,10,4,chars/6EE1.json
滢,C,yíng,,trong; sáng (nói về nước),not-resolved,,,not-resolved,0,0,7,chars/6EE2.json
滤,A,lǜ,,lọc; lọc qua,resolved,水,Bộ Thủy,record-radical,6,4,6,chars/6EE4.json
滥,A,làn,Lạm,tràn lan; quá mức,resolved,水,Bộ Thủy,record-radical,6,9,6,chars/6EE5.json
滦,B,Luán,,sông và huyện ở tỉnh Hà Bắc,resolved,水,Bộ Thủy,record-radical,6,0,7,chars/6EE6.json
滨,A,bīn,,"(hình thức kết hợp) mép nước; bờ; bờ biển; (hình thức kết hợp) giáp với (hồ, sông v.v.)",resolved,水,Bộ Thủy,record-radical,6,10,6,chars/6EE8.json
滩,C,tān,,bãi biển; bãi cạn,not-resolved,,,not-resolved,6,10,5,chars/6EE9.json
滪,C,Yù,,(tên địa danh ở Tứ Xuyên),not-resolved,,,not-resolved,0,0,7,chars/6EEA.json
滫,C,xiǔ,,(văn học) nước vo gạo bị ôi thiu; nước bẩn,not-resolved,,,not-resolved,0,0,7,chars/6EEB.json
滮,C,biāo,,nước chảy,not-resolved,,,not-resolved,0,0,7,chars/6EEE.json
滴,A,dī,Nhích,giọt,resolved,水,Bộ Thủy,record-radical,6,5,5,chars/6EF4.json
滹,B,Hū,,họ [Hu1]; tên một con sông,resolved,水,Bộ Thủy,record-radical,0,0,7,chars/6EF9.json
漂,A,piāo,Phều,nổi,resolved,水,Bộ Thủy,record-radical,6,10,1,chars/6F02.json
漄,C,yá,,biến thể cũ của 涯[ya2],not-resolved,,,not-resolved,0,0,7,chars/6F04.json
漆,C,qī,,sơn,not-resolved,,,not-resolved,6,8,6,chars/6F06.json
漈,C,jì,,bờ sông,not-resolved,,,not-resolved,0,0,7,chars/6F08.json
漉,A,lù,Lộc,lọc chất lỏng,resolved,水,Bộ Thủy,record-radical,2,2,7,chars/6F09.json
漎,C,cóng,,nơi các dòng suối nhỏ chảy vào dòng lớn,not-resolved,,,not-resolved,0,0,7,chars/6F0E.json
漏,C,lòu,Lậu,"rò rỉ, để lộ",not-resolved,,,not-resolved,6,10,5,chars/6F0F.json
漓,A,lí,Lầy,lộp độp (tiếng mưa); thấm qua,resolved,水,Bộ Thủy,record-radical,6,1,7,chars/6F13.json
演,A,yǎn,Diễn,"biểu diễn (vở kịch, v.v.); dàn dựng (một buổi diễn); (hình thức kết hợp) phát triển; diễn ra; thực hiện (một nhiệm vụ)",resolved,水,Bộ Thủy,record-radical,20,10,4,chars/6F14.json
漕,B,cáo,,vận chuyển (đặc biệt là lương thực) bằng đường thủy; (văn học) dòng nước; kênh rạch,resolved,水,Bộ Thủy,record-radical,1,0,7,chars/6F15.json
漖,C,jiào,,sông Jiao,not-resolved,,,not-resolved,0,0,7,chars/6F16.json
漘,C,chún,,bờ,not-resolved,,,not-resolved,0,0,7,chars/6F18.json
漙,C,tuán,,sương nặng hạt,not-resolved,,,not-resolved,0,0,7,chars/6F19.json
漜,C,yě,,bùn,not-resolved,,,not-resolved,0,0,7,chars/6F1C.json
漠,A,mò,Mạc,sa mạc; không quan tâm,resolved,水,Bộ Thủy,record-radical,7,10,5,chars/6F20.json
漡,C,shāng,,biến thể cũ của 湯|汤[shang1],not-resolved,,,not-resolved,0,0,7,chars/6F21.json
漤,B,lǎn,,"ngâm (trái cây) trong nước nóng hoặc nước vôi để loại bỏ vị chát; ướp muối, v.v.",resolved,水,Bộ Thủy,record-radical,0,0,7,chars/6F24.json
漥,C,wā,,biến thể của 窪|洼[wa1],not-resolved,,,not-resolved,0,0,7,chars/6F25.json
漦,C,lí,,trôi theo dòng; chất nhầy,not-resolved,,,not-resolved,0,0,7,chars/6F26.json
漩,C,xuán,,xoáy nước; lốc xoáy,not-resolved,,,not-resolved,2,4,7,chars/6F29.json
漪,A,yī,,gợn sóng,resolved,水,Bộ Thủy,record-radical,1,2,7,chars/6F2A.json
漫,A,màn,Man,tràn ngập,resolved,水,Bộ Thủy,record-radical,7,10,4,chars/6F2B.json
漭,B,mǎng,,rộng lớn; mênh mông (nước),resolved,水,Bộ Thủy,record-radical,0,0,7,chars/6F2D.json
漯,B,tà,,tên một con sông,resolved,水,Bộ Thủy,record-radical,2,0,7,chars/6F2F.json
漰,C,pēng,,tiếng sóng vỗ,not-resolved,,,not-resolved,0,0,7,chars/6F30.json
漱,C,shù,,súc miệng bằng nước; súc miệng,not-resolved,,,not-resolved,5,0,7,chars/6F31.json
漳,B,Zhāng,,sông Zhang ở Phúc Kiến,resolved,水,Bộ Thủy,record-radical,6,0,7,chars/6F33.json
漶,B,huàn,,"(chữ viết, tranh v.v.) không rõ do hư hỏng (như hư hại do nước v.v.); mờ",resolved,水,Bộ Thủy,record-radical,0,0,7,chars/6F36.json
漷,C,kuò,,dòng nước xiết giao nhau,not-resolved,,,not-resolved,0,0,7,chars/6F37.json
漼,C,cuǐ,Dồi,có vẻ sâu,not-resolved,,,not-resolved,1,0,7,chars/6F3C.json
漾,A,yàng,,tràn ra; gợn sóng,resolved,水,Bộ Thủy,record-radical,3,4,7,chars/6F3E.json
潀,C,cóng,,tập hợp; chảy vào (nước),not-resolved,,,not-resolved,0,0,7,chars/6F40.json
潃,C,xiǔ,,biến thể cũ của 滫[xiu3],not-resolved,,,not-resolved,0,0,7,chars/6F43.json
潆,C,yíng,,xoáy nước; sông nhỏ,not-resolved,,,not-resolved,0,0,7,chars/6F46.json
潇,A,xiāo,,(nước) sâu và trong; (gió mưa) gào thét dữ dội,resolved,水,Bộ Thủy,record-radical,2,4,6,chars/6F47.json
潋,B,liàn,,đầy nước; máng nước,resolved,水,Bộ Thủy,record-radical,0,0,7,chars/6F4B.json
潍,B,wéi,,tên một con sông,resolved,水,Bộ Thủy,record-radical,3,0,7,chars/6F4D.json
潎,C,pì,,gợn sóng; đổ,not-resolved,,,not-resolved,0,0,7,chars/6F4E.json
潏,C,jué,,sôi lên,not-resolved,,,not-resolved,0,0,7,chars/6F4F.json
潗,C,jí,Bập,thân thiện; hài hòa,not-resolved,,,not-resolved,0,0,7,chars/6F57.json
潘,B,Pān,,"họ [Pan1]; Pan, dương thần trong thần thoại Hy Lạp, con của Hermes",resolved,水,Bộ Thủy,record-radical,6,0,7,chars/6F58.json
潜,A,qián,Tiềm,ẩn; bí mật,resolved,水,Bộ Thủy,record-radical,8,10,6,chars/6F5C.json
潝,C,xī,,đồng ý,not-resolved,,,not-resolved,0,0,7,chars/6F5D.json
潞,B,Lù,,tên một con sông; họ [Lu4],resolved,水,Bộ Thủy,record-radical,4,0,7,chars/6F5E.json
潟,B,xì,,đất mặn; đầm lầy muối,resolved,水,Bộ Thủy,record-radical,3,0,7,chars/6F5F.json
潠,C,xùn,Lún,phun ra từ miệng,not-resolved,,,not-resolved,0,0,7,chars/6F60.json
潢,B,huáng,,nhuộm giấy; hồ,resolved,水,Bộ Thủy,record-radical,3,0,7,chars/6F62.json
潦,A,lǎo,Lẻo,ngập lụt; mưa to,resolved,水,Bộ Thủy,record-radical,3,5,7,chars/6F66.json
潭,A,Tán,Đằm,họ [Tan2],resolved,水,Bộ Thủy,record-radical,6,4,7,chars/6F6D.json
潮,A,cháo,Triều,thuỷ triều,resolved,水,Bộ Thủy,record-radical,7,10,5,chars/6F6E.json
潲,C,shào,,mưa xối xả; rơi tạt,not-resolved,,,not-resolved,0,0,7,chars/6F72.json
潴,B,zhū,,vũng nước; ao,resolved,水,Bộ Thủy,record-radical,1,0,7,chars/6F74.json
潵,C,Sǎ,,tên một con sông ở tỉnh Hà Bắc,not-resolved,,,not-resolved,0,0,7,chars/6F75.json
潸,C,shān,,đẫm lệ,not-resolved,,,not-resolved,1,0,7,chars/6F78.json
潺,A,chán,Sờn,nước chảy; rỉ rả,resolved,水,Bộ Thủy,record-radical,1,1,7,chars/6F7A.json
潼,B,tóng,,cao; tên một ải,resolved,水,Bộ Thủy,record-radical,5,0,7,chars/6F7C.json
潽,B,pū,,sôi trào,resolved,水,Bộ Thủy,record-radical,0,0,7,chars/6F7D.json
潾,C,lín,,trong (như nước),not-resolved,,,not-resolved,0,0,7,chars/6F7E.json
澃,C,jiǒng,,trong suốt,not-resolved,,,not-resolved,0,0,7,chars/6F83.json
澄,A,chéng,Chừng,biến thể của 澄[cheng2],resolved,水,Bộ Thủy,record-radical,6,5,6,chars/6F84.json
澈,A,chè,,trong (nước); kỹ lưỡng,resolved,水,Bộ Thủy,record-radical,6,9,6,chars/6F88.json
澉,B,gǎn,,tên địa danh; rửa,resolved,水,Bộ Thủy,record-radical,0,0,7,chars/6F89.json
澌,B,sī,,cạn kiệt; làm cho hết sạch,resolved,水,Bộ Thủy,record-radical,0,0,7,chars/6F8C.json
澍,C,shù,,ẩm ướt; mưa kịp thời,not-resolved,,,not-resolved,0,0,7,chars/6F8D.json
澎,A,péng,Dề / Bành,tiếng sóng,resolved,水,Bộ Thủy,record-radical,6,1,7,chars/6F8E.json
澐,C,yún,,sóng nước,not-resolved,,,not-resolved,0,0,7,chars/6F90.json
澒,C,hòng,,mênh mông; vô tận,not-resolved,,,not-resolved,0,0,7,chars/6F92.json
澔,C,hào,,lớn; mênh mông (nói về nước),not-resolved,,,not-resolved,0,0,7,chars/6F94.json
澙,C,xì,,biến thể của 潟[xi4],not-resolved,,,not-resolved,0,0,7,chars/6F99.json
澜,A,lán,Nhắm / Làn,nước dâng,resolved,水,Bộ Thủy,record-radical,6,5,7,chars/6F9C.json
澟,C,lǐn,,biến thể cũ của 凜|凛[lin3],not-resolved,,,not-resolved,0,0,7,chars/6F9F.json
澡,A,zǎo,,tắm,resolved,水,Bộ Thủy,record-radical,6,3,3,chars/6FA1.json
澥,B,xiè,,(cháo v.v.) trở nên loãng; (phương ngữ) làm loãng (cháo v.v.) bằng cách thêm nước v.v.,resolved,水,Bộ Thủy,record-radical,0,0,7,chars/6FA5.json
澧,B,Lǐ,,"Sông Lishui ở phía bắc Hồ Nam, chảy vào hồ Động Đình 洞庭湖[Dong4ting2 Hu2]; họ [Li3]",resolved,水,Bộ Thủy,record-radical,4,0,7,chars/6FA7.json
澨,C,shì,,bờ; bờ sông,not-resolved,,,not-resolved,0,0,7,chars/6FA8.json
澬,C,zī,,mưa liên tục,not-resolved,,,not-resolved,0,0,7,chars/6FAC.json
澰,C,liàn,,(văn học) làm ẩm; làm ướt,not-resolved,,,not-resolved,0,0,7,chars/6FB0.json
澳,A,Aò,,Ma Cao (viết tắt của 澳門|澳门[Ao4 men2]); Úc (viết tắt của 澳大利亞|澳大利亚[Ao4 da4 li4 ya4]),resolved,水,Bộ Thủy,record-radical,6,2,7,chars/6FB3.json
澴,C,huán,,trở về (của sóng),not-resolved,,,not-resolved,0,0,7,chars/6FB4.json
澶,B,chán,,tĩnh lặng (như nước); nước tĩnh,resolved,水,Bộ Thủy,record-radical,0,0,7,chars/6FB6.json
澹,B,Tán,,họ [Tan2],resolved,水,Bộ Thủy,record-radical,1,0,7,chars/6FB9.json
澼,C,pì,,tẩy; tráng rửa,not-resolved,,,not-resolved,0,0,7,chars/6FBC.json
澽,C,Jù,,(tên một con sông ở tỉnh Thiểm Tây),not-resolved,,,not-resolved,0,0,7,chars/6FBD.json
激,A,jī,Váng / Khích,khơi dậy; kích động,resolved,水,Bộ Thủy,record-radical,13,10,4,chars/6FC0.json
濂,B,lián,,tên một con sông ở Hồ Nam,resolved,水,Bộ Thủy,record-radical,0,0,7,chars/6FC2.json
濇,C,sè,,sần sùi (của bề mặt),not-resolved,,,not-resolved,0,0,7,chars/6FC7.json
濈,C,jí,Xắp,nhiều,not-resolved,,,not-resolved,0,0,7,chars/6FC8.json
濉,B,suī,,tên một con sông,resolved,水,Bộ Thủy,record-radical,2,0,7,chars/6FC9.json
濊,B,huì,,rộng lớn; mênh mông (như nước),resolved,水,Bộ Thủy,record-radical,0,0,7,chars/6FCA.json
濋,C,Chǔ,,"tên một con sông cổ (ở địa danh nay là huyện Định Đào 定陶縣|定陶县[Ding4 tao2 Xian4], Sơn Đông)",not-resolved,,,not-resolved,0,0,7,chars/6FCB.json
濍,C,sōng,,(từ tượng thanh) âm thanh của nước,not-resolved,,,not-resolved,0,0,7,chars/6FCD.json
濑,B,lài,,tên của một con sông; nước chảy xiết,resolved,水,Bộ Thủy,record-radical,0,0,7,chars/6FD1.json
濒,A,bīn,,tiếp cận; giáp với,resolved,水,Bộ Thủy,record-radical,5,8,6,chars/6FD2.json
濔,C,mǐ,Nhễ,nhiều; đông đúc,not-resolved,,,not-resolved,0,0,7,chars/6FD4.json
濞,B,bì,Tia,dùng trong địa danh; xem 漾濞[Yang4 bi4],resolved,水,Bộ Thủy,record-radical,2,0,7,chars/6FDE.json
濠,B,háo,,hào nước,resolved,水,Bộ Thủy,record-radical,0,0,7,chars/6FE0.json
濡,C,rú,Nhụa,chậm chạp; làm ẩm,not-resolved,,,not-resolved,4,0,7,chars/6FE1.json
濩,C,huò,,nấu; nước văng tung tóe,not-resolved,,,not-resolved,0,0,7,chars/6FE9.json
濮,B,Pú,,tên một con sông; họ [Pu2],resolved,水,Bộ Thủy,record-radical,4,0,7,chars/6FEE.json
濯,B,zhào,,biến thể của 櫂|棹[zhao4],resolved,水,Bộ Thủy,record-radical,2,0,7,chars/6FEF.json
濲,C,gǔ,,tên một con sông ở Hồ Nam,not-resolved,,,not-resolved,0,0,7,chars/6FF2.json
濿,C,lì,,biến thể của 砅[li4],not-resolved,,,not-resolved,0,0,7,chars/6FFF.json
瀁,C,yàng,,gợn sóng,not-resolved,,,not-resolved,0,0,7,chars/7001.json
瀌,C,biāo,,nhiều (mưa hoặc tuyết),not-resolved,,,not-resolved,0,0,7,chars/700C.json
瀍,C,Chán,,sông Chanshui ở Hà Nam,not-resolved,,,not-resolved,1,0,7,chars/700D.json
瀑,C,bào,,mưa rào (mưa),not-resolved,,,not-resolved,2,7,6,chars/7011.json
瀒,C,sè,,biến thể của 濇[se4],not-resolved,,,not-resolved,0,0,7,chars/7012.json
瀔,C,gǔ,,tên sông ở tỉnh Hà Nam,not-resolved,,,not-resolved,0,0,7,chars/7014.json
瀚,B,hàn,,đại dương; rộng lớn,resolved,水,Bộ Thủy,record-radical,1,0,7,chars/701A.json
瀛,B,yíng,,đại dương,resolved,水,Bộ Thủy,record-radical,2,0,7,chars/701B.json
瀡,C,suǐ,,trơn,not-resolved,,,not-resolved,0,0,7,chars/7021.json
瀣,B,xiè,,sương mù; hơi nước,resolved,水,Bộ Thủy,record-radical,1,0,7,chars/7023.json
瀬,C,lài,,biến thể tiếng Nhật của 瀨|濑,not-resolved,,,not-resolved,0,0,7,chars/702C.json
瀳,C,jiàn,,nước chảy đến,not-resolved,,,not-resolved,0,0,7,chars/7033.json
瀵,B,fèn,,tên một con sông; hơi nước trong thung lũng,resolved,水,Bộ Thủy,record-radical,0,0,7,chars/7035.json
瀹,B,yuè,,rửa sạch; đun sôi,resolved,水,Bộ Thủy,record-radical,0,0,7,chars/7039.json
瀺,C,chán,,tiếng nước,not-resolved,,,not-resolved,0,0,7,chars/703A.json
瀼,C,ráng,,đẫm sương,not-resolved,,,not-resolved,0,0,7,chars/703C.json
灉,C,yōng,,tên một con sông; cống nước,not-resolved,,,not-resolved,0,0,7,chars/7049.json
灌,A,guàn,,đổ,resolved,水,Bộ Thủy,record-radical,6,9,6,chars/704C.json
灏,B,hào,,rộng lớn (nói về nước),resolved,水,Bộ Thủy,record-radical,0,0,7,chars/704F.json
灒,C,zàn,,"văng tung tóe, bắn tung tóe, tung ra",not-resolved,,,not-resolved,0,0,7,chars/7052.json
灖,C,mǐ,,(dùng để miêu tả nước chảy),not-resolved,,,not-resolved,0,0,7,chars/7056.json
灞,B,Bà,,tên một con sông,resolved,水,Bộ Thủy,record-radical,2,0,7,chars/705E.json
灠,C,lǎn,,biến thể của 漤[lan3],not-resolved,,,not-resolved,0,0,7,chars/7060.json
灢,C,nǎng,,đục; nước đặc và đục,not-resolved,,,not-resolved,0,0,7,chars/7062.json
灥,C,xún,,một nhóm suối,not-resolved,,,not-resolved,0,0,7,chars/7065.json
灪,C,yù,,(văn học) (về sóng) lớn lao,not-resolved,,,not-resolved,0,0,7,chars/706A.json
火,A,huǒ,Hoả,lửa,resolved,火,Bộ Hỏa,self-radical,20,10,4,chars/706B.json
灬,B,huǒ,,"Lửa, nóng, ánh sáng.",resolved,火,Bộ Hỏa,radical-variant,0,0,7,chars/706C.json
灭,A,miè,Diệt,tắt,resolved,火,Bộ Hỏa,record-radical,8,10,6,chars/706D.json
灮,C,guāng,,biến thể cũ của 光[guang1],not-resolved,,,not-resolved,0,0,7,chars/706E.json
灯,A,dēng,Đăng,đèn,resolved,火,Bộ Hỏa,record-radical,12,10,3,chars/706F.json
灰,A,huī,Hôi,màu xám,resolved,又,Bộ Hựu,record-radical,10,10,5,chars/7070.json
灴,C,hóng,,nướng; sấy khô bằng lửa,not-resolved,,,not-resolved,0,0,7,chars/7074.json
灵,A,líng,Linh,linh hồn,resolved,火,Bộ Hỏa,record-radical,15,10,5,chars/7075.json
灶,C,zào,Táo,Bếp lò,not-resolved,,,not-resolved,6,5,6,chars/7076.json
灸,A,jiǔ,Cứu,thủ thuật cứu ngải (y học cổ truyền),resolved,火,Bộ Hỏa,record-radical,1,5,7,chars/7078.json
灺,C,xiè,,đoạn nến,not-resolved,,,not-resolved,0,0,7,chars/707A.json
灼,A,zhuó,Chước,đốt; thiêu; cháy xém; (hình thức kết hợp) sáng; phát sáng,resolved,火,Bộ Hỏa,record-radical,6,1,7,chars/707C.json
灾,A,zāi,Tai,thảm họa,resolved,宀,Bộ Miên,record-radical,7,10,5,chars/707E.json
灿,A,càn,Xán,rực rỡ; sáng,resolved,火,Bộ Hỏa,record-radical,3,3,6,chars/707F.json
炀,B,yáng,,nấu chảy; luyện kim,resolved,火,Bộ Hỏa,record-radical,1,0,7,chars/7080.json
炁,C,qì,,"biến thể của 氣|气[qi4], hơi thở; không khí",not-resolved,,,not-resolved,0,0,7,chars/7081.json
炅,C,Guì,,họ [Gui4],not-resolved,,,not-resolved,0,0,7,chars/7085.json
炆,B,wén,,(tiếng Quảng Đông) hầm; nấu lửa nhỏ,resolved,火,Bộ Hỏa,record-radical,1,0,7,chars/7086.json
炉,C,lú,Chùa / Lô,bếp; lò,not-resolved,,,not-resolved,7,10,6,chars/7089.json
炊,A,chuī,Tròn / Sôi,nấu ăn,resolved,火,Bộ Hỏa,record-radical,7,5,6,chars/708A.json
炎,A,yán,Viêm,ngọn lửa; viêm,resolved,火,Bộ Hỏa,record-radical,6,10,6,chars/708E.json
炏,C,yán,,biến thể cũ của 炎[yan2],not-resolved,,,not-resolved,0,0,7,chars/708F.json
炒,A,chǎo,Sao,"xào, chiên",resolved,火,Bộ Hỏa,record-radical,7,10,5,chars/7092.json
炔,B,Guì,,họ [Gui4],resolved,火,Bộ Hỏa,record-radical,1,0,7,chars/7094.json
炕,B,kàng,,biến thể cũ của 炕[kang4],resolved,火,Bộ Hỏa,record-radical,3,0,7,chars/7095.json
炖,A,dùn,Đoái / Đùn,hầm,resolved,火,Bộ Hỏa,record-radical,1,1,7,chars/7096.json
炗,C,guāng,,biến thể cũ của 光[guang1],not-resolved,,,not-resolved,0,0,7,chars/7097.json
炘,C,xīn,,nắng gắt buổi trưa; nhiệt,not-resolved,,,not-resolved,0,0,7,chars/7098.json
炙,A,zhì,,nướng; quay,resolved,火,Bộ Hỏa,record-radical,4,2,7,chars/7099.json
炜,B,wěi,,rực rỡ; sáng,resolved,火,Bộ Hỏa,record-radical,0,0,7,chars/709C.json
炝,B,qiàng,,"xào nhanh rồi nấu với nước sốt và nước; chần thức ăn rồi trộn với xì dầu,...",resolved,火,Bộ Hỏa,record-radical,0,0,7,chars/709D.json
炤,B,Zhào,Chiếu,họ [Zhao4],resolved,火,Bộ Hỏa,record-radical,0,0,7,chars/70A4.json
炫,A,xuàn,,làm chói mắt; khoe khoang,resolved,火,Bộ Hỏa,record-radical,3,5,6,chars/70AB.json
炬,A,jù,,ngọn đuốc,resolved,火,Bộ Hỏa,record-radical,2,4,7,chars/70AC.json
炭,C,tàn,Than,than củi,not-resolved,,,not-resolved,6,9,5,chars/70AD.json
炮,A,pào,Pháo,pháo,resolved,火,Bộ Hỏa,record-radical,7,10,5,chars/70AE.json
炯,B,jiǒng,,sáng; rõ ràng,resolved,火,Bộ Hỏa,record-radical,4,0,7,chars/70AF.json
炰,C,páo,,nướng,not-resolved,,,not-resolved,0,0,7,chars/70B0.json
炱,B,tái,,bồ hóng,resolved,火,Bộ Hỏa,record-radical,0,0,7,chars/70B1.json
炲,C,tái,,biến thể của 炱[tai2],not-resolved,,,not-resolved,0,0,7,chars/70B2.json
炳,B,bǐng,Đòng / Bính,sáng; rực rỡ,resolved,火,Bộ Hỏa,record-radical,4,0,7,chars/70B3.json
炴,C,yǎng,,ánh lửa; ngọn lửa,not-resolved,,,not-resolved,0,0,7,chars/70B4.json
炷,B,zhù,,"bấc đèn dầu; đốt (hương, v.v.)",resolved,火,Bộ Hỏa,record-radical,0,0,7,chars/70B7.json
炸,A,zhá,,chiên ngập dầu,resolved,火,Bộ Hỏa,record-radical,7,10,5,chars/70B8.json
点,C,diǎn,Điểm,giờ,not-resolved,,,not-resolved,20,10,1,chars/70B9.json
炻,C,shí,,đồ gốm sứ,not-resolved,,,not-resolved,1,0,7,chars/70BB.json
炼,A,liàn,Luyện,luyện,resolved,火,Bộ Hỏa,record-radical,6,10,3,chars/70BC.json
炽,B,chì,Xé,cháy; bừng cháy,resolved,火,Bộ Hỏa,record-radical,5,0,7,chars/70BD.json
炾,C,huǎng,,sáng sủa và rộng rãi,not-resolved,,,not-resolved,0,0,7,chars/70BE.json
烀,B,hū,,nấu với một lượng nước nhỏ,resolved,火,Bộ Hỏa,record-radical,0,0,7,chars/70C0.json
烁,C,shuò,,sáng; rực rỡ,not-resolved,,,not-resolved,4,5,6,chars/70C1.json
烂,A,làn,Lạn,thối,resolved,火,Bộ Hỏa,record-radical,6,10,5,chars/70C2.json
烃,B,tīng,,hydrocacbon,resolved,火,Bộ Hỏa,record-radical,6,0,7,chars/70C3.json
烈,A,liè,Liệt,nồng nhiệt; mãnh liệt,resolved,火,Bộ Hỏa,record-radical,9,10,5,chars/70C8.json
烉,C,huàn,,biến thể cũ của 煥|焕[huan4],not-resolved,,,not-resolved,0,0,7,chars/70C9.json
烊,B,yáng,Rang,nóng chảy; nung chảy,resolved,火,Bộ Hỏa,record-radical,1,0,7,chars/70CA.json
烋,C,xiāo,,đun sôi hoặc xông khói,not-resolved,,,not-resolved,0,0,7,chars/70CB.json
烓,C,wēi,,bếp hình tam giác,not-resolved,,,not-resolved,0,0,7,chars/70D3.json
烔,C,tóng,,nóng; được đun nóng,not-resolved,,,not-resolved,0,0,7,chars/70D4.json
烕,C,miè,,biến thể cũ của 滅|灭[mie4],not-resolved,,,not-resolved,0,0,7,chars/70D5.json
烘,A,hōng,Hong,nướng; hơ nóng,resolved,火,Bộ Hỏa,record-radical,7,10,6,chars/70D8.json
烙,A,lào,,đóng dấu; ủi,resolved,火,Bộ Hỏa,record-radical,5,2,7,chars/70D9.json
烛,A,zhú,Chúc,nến; (văn học) chiếu sáng,resolved,火,Bộ Hỏa,record-radical,6,6,6,chars/70DB.json
烜,C,xuǎn,,rực rỡ,not-resolved,,,not-resolved,0,0,7,chars/70DC.json
烝,C,zhēng,Chưng,đông đảo; quần chúng,not-resolved,,,not-resolved,0,0,7,chars/70DD.json
烟,A,yān,,khói,resolved,火,Bộ Hỏa,record-radical,14,10,4,chars/70DF.json
烤,A,kǎo,Khảo,nướng,resolved,火,Bộ Hỏa,record-radical,6,10,4,chars/70E4.json
烦,A,fán,Phiền,phiền,resolved,火,Bộ Hỏa,record-radical,10,10,4,chars/70E6.json
烧,A,shāo,Thiêu,đốt,resolved,火,Bộ Hỏa,record-radical,8,10,3,chars/70E7.json
烨,C,yè,,biến thể của 燁|烨[ye4],not-resolved,,,not-resolved,1,0,7,chars/70E8.json
烩,B,huì,,"hầm; nấu (cơm, v.v.) với rau, thịt và nước",resolved,火,Bộ Hỏa,record-radical,2,0,7,chars/70E9.json
烫,A,tàng,,"đốt, bỏng; nóng",resolved,火,Bộ Hỏa,record-radical,6,5,5,chars/70EB.json
烬,C,jìn,Tần,(dạng kết hợp) than tàn; tro,not-resolved,,,not-resolved,2,2,7,chars/70EC.json
热,A,rè,Nhiệt,nóng,resolved,火,Bộ Hỏa,record-radical,20,10,1,chars/70ED.json
烯,B,xī,,anken,resolved,火,Bộ Hỏa,record-radical,6,0,7,chars/70EF.json
烳,C,pǔ,,đi du lịch dưới ánh đuốc,not-resolved,,,not-resolved,0,0,7,chars/70F3.json
烷,B,wán,,ankan,resolved,火,Bộ Hỏa,record-radical,6,0,7,chars/70F7.json
烹,A,pēng,Phanh,phương pháp nấu; nấu sôi sống ai (hình phạt tử hình trong triều đại Trung Quốc),resolved,火,Bộ Hỏa,record-radical,5,10,6,chars/70F9.json
烺,C,lǎng,,rực sáng; ánh sáng,not-resolved,,,not-resolved,0,0,7,chars/70FA.json
烽,B,fēng,,lửa hiệu,resolved,火,Bộ Hỏa,record-radical,6,0,7,chars/70FD.json
焃,C,hè,,rực rỡ; sáng ngời,not-resolved,,,not-resolved,0,0,7,chars/7103.json
焄,C,xūn,,khói từ lễ cúng,not-resolved,,,not-resolved,0,0,7,chars/7104.json
焈,C,xī,,biến thể cũ của 熙[xi1],not-resolved,,,not-resolved,0,0,7,chars/7108.json
焉,C,yān,Vờn,ở đâu; như thế nào,not-resolved,,,not-resolved,6,2,7,chars/7109.json
焊,B,hàn,,hàn,resolved,火,Bộ Hỏa,record-radical,6,0,7,chars/710A.json
焌,B,jùn,,đốt lửa; châm lửa,resolved,火,Bộ Hỏa,record-radical,0,0,7,chars/710C.json
焐,A,wù,,hâm nóng,resolved,火,Bộ Hỏa,record-radical,1,2,7,chars/7110.json
焓,B,hán,Hầm,entalpi,resolved,火,Bộ Hỏa,record-radical,1,0,7,chars/7113.json
焔,C,yàn,,biến thể cũ của 焰[yan4],not-resolved,,,not-resolved,0,0,7,chars/7114.json
焕,A,huàn,,rực rỡ; sáng ngời,resolved,火,Bộ Hỏa,record-radical,5,6,7,chars/7115.json
焖,B,mèn,,nấu trong nồi đậy kín; hầm,resolved,火,Bộ Hỏa,record-radical,0,0,7,chars/7116.json
焗,B,jú,,"(phương ngữ) nấu trong muối hoặc cát, trong nồi kín; hấp",resolved,火,Bộ Hỏa,record-radical,0,0,7,chars/7117.json
焘,B,dào,,che phủ; bao trùm,resolved,火,Bộ Hỏa,record-radical,1,0,7,chars/7118.json
焙,B,bèi,Vùi,sấy trên lửa; nướng,resolved,火,Bộ Hỏa,record-radical,3,0,7,chars/7119.json
焚,C,fén,,đốt,not-resolved,,,not-resolved,7,9,7,chars/711A.json
焜,C,kūn,,rực rỡ,not-resolved,,,not-resolved,0,0,7,chars/711C.json
焞,C,tūn,Hửng,sáng; ngời,not-resolved,,,not-resolved,0,0,7,chars/711E.json
焟,C,xī,,khô,not-resolved,,,not-resolved,0,0,7,chars/711F.json
焠,C,cuì,Sốt,tôi (như thép),not-resolved,,,not-resolved,0,0,7,chars/7120.json
焢,B,hōng,,vẻ tức giận (cổ đại),resolved,火,Bộ Hỏa,record-radical,0,0,7,chars/7122.json
焦,A,jiāo,,cháy,resolved,火,Bộ Hỏa,record-radical,7,10,6,chars/7126.json
焮,C,xìn,,nhiệt; ngọn lửa,not-resolved,,,not-resolved,0,0,7,chars/712E.json
焯,B,chāo,,chần (rau),resolved,火,Bộ Hỏa,record-radical,0,0,7,chars/712F.json
焰,A,yàn,Diễm,ngọn lửa,resolved,火,Bộ Hỏa,record-radical,6,7,6,chars/7130.json
焱,C,yàn,,biến thể của 焰[yan4],not-resolved,,,not-resolved,0,0,7,chars/7131.json
焴,C,yù,,biến thể cũ của 煜[yu4],not-resolved,,,not-resolved,0,0,7,chars/7134.json
然,A,rán,Nhiên,đúng; phải,resolved,火,Bộ Hỏa,record-radical,20,10,2,chars/7136.json
焼,C,shāo,,biến thể cũ của 燒|烧[shao1],not-resolved,,,not-resolved,0,0,7,chars/713C.json
焿,C,gēng,,"biến thể của 羹[geng1], dùng trong nhà hàng và chợ đêm ở Đài Loan",not-resolved,,,not-resolved,0,0,7,chars/713F.json
煁,C,chén,,lò than,not-resolved,,,not-resolved,0,0,7,chars/7141.json
煃,C,kuǐ,,rực lửa; cháy bừng,not-resolved,,,not-resolved,0,0,7,chars/7143.json
煅,B,duàn,,biến thể của 鍛|锻[duan4],resolved,火,Bộ Hỏa,record-radical,2,0,7,chars/7145.json
煆,B,xiā,,lửa cháy dữ dội,resolved,火,Bộ Hỏa,record-radical,0,0,7,chars/7146.json
煇,C,huī,,sáng rạng; rực rỡ,not-resolved,,,not-resolved,0,0,7,chars/7147.json
煊,B,xuān,,biến thể của 暄[xuan1],resolved,火,Bộ Hỏa,record-radical,1,0,7,chars/714A.json
煌,A,huáng,,rực rỡ,resolved,火,Bộ Hỏa,record-radical,5,5,6,chars/714C.json
煍,C,jiǎo,,nhuộm màu bằng khói,not-resolved,,,not-resolved,0,0,7,chars/714D.json
煎,A,jiān,,rán,resolved,火,Bộ Hỏa,record-radical,6,6,6,chars/714E.json
煏,C,bì,Bức,(tiếng địa phương) hong khô bằng lửa,not-resolved,,,not-resolved,0,0,7,chars/714F.json
煐,C,yīng,,(dùng trong tên); đơn vị nhiệt Anh (BTU),not-resolved,,,not-resolved,0,0,7,chars/7150.json
煕,C,xī,,biến thể cũ của 熙,not-resolved,,,not-resolved,0,0,7,chars/7155.json
煚,C,jiǒng,,lửa,not-resolved,,,not-resolved,0,0,7,chars/715A.json
煜,C,yù,,rực rỡ; huy hoàng,not-resolved,,,not-resolved,1,0,7,chars/715C.json
煝,C,mèi,,rực rỡ; cháy mạnh,not-resolved,,,not-resolved,0,0,7,chars/715D.json
煞,C,shā,,chấm dứt; cắt ngắn,not-resolved,,,not-resolved,6,0,7,chars/715E.json
煟,C,wèi,,ánh lửa rực rỡ,not-resolved,,,not-resolved,0,0,7,chars/715F.json
煠,C,yè,,chiên trong mỡ hoặc dầu; chần nước sôi,not-resolved,,,not-resolved,0,0,7,chars/7160.json
煤,A,méi,Muồi,than; LT:塊|块[kuai4],resolved,火,Bộ Hỏa,record-radical,6,10,5,chars/7164.json
煦,C,xù,,dịu dàng; ấm áp,not-resolved,,,not-resolved,3,0,7,chars/7166.json
照,A,zhào,Chiếu,chụp ảnh,resolved,火,Bộ Hỏa,record-radical,20,10,4,chars/7167.json
煨,B,wēi,Oi,hầm; nướng trong tro,resolved,火,Bộ Hỏa,record-radical,0,0,7,chars/7168.json
煮,A,zhǔ,,đun sôi,resolved,火,Bộ Hỏa,record-radical,5,10,5,chars/716E.json
煰,C,zào,,khô (biến thể cũ của 燥[zao4]),not-resolved,,,not-resolved,0,0,7,chars/7170.json
煲,B,bāo,,đun sôi,resolved,火,Bộ Hỏa,record-radical,1,0,7,chars/7172.json
煳,C,hú,,bị cháy; cháy khét,not-resolved,,,not-resolved,0,0,7,chars/7173.json
煴,C,yùn,Đào / Ùn,biến thể của 熨[yun4],not-resolved,,,not-resolved,0,0,7,chars/7174.json
煸,B,biān,,xào trước khi nướng hoặc hầm,resolved,火,Bộ Hỏa,record-radical,0,0,7,chars/7178.json
煺,C,tuì,,nhổ lông gia cầm hoặc lông heo bằng nước nóng,not-resolved,,,not-resolved,0,0,7,chars/717A.json
煻,C,táng,,hơ ấm; nướng,not-resolved,,,not-resolved,0,0,7,chars/717B.json
煽,C,shān,Phiến,quạt lửa; kích động,not-resolved,,,not-resolved,3,4,7,chars/717D.json
熀,C,huǎng,,sáng; rực rỡ,not-resolved,,,not-resolved,0,0,7,chars/7180.json
熁,C,xié,,(nghĩa không rõ),not-resolved,,,not-resolved,0,0,7,chars/7181.json
熄,C,xī,Tắt,dập tắt; tắt (lửa),not-resolved,,,not-resolved,3,4,6,chars/7184.json
熇,C,kǎo,,khô,not-resolved,,,not-resolved,0,0,7,chars/7187.json
熊,C,xióng,Hùng,gấu,not-resolved,,,not-resolved,7,10,3,chars/718A.json
熏,A,xūn,,xông khói,resolved,火,Bộ Hỏa,record-radical,6,3,6,chars/718F.json
熔,C,róng,,nấu chảy; hợp nhất,not-resolved,,,not-resolved,6,0,7,chars/7194.json
熘,B,liū,,xào nhanh; tương tự xào nhưng có thêm bột bắp,resolved,火,Bộ Hỏa,record-radical,0,0,7,chars/7198.json
熙,A,xī,Hây,biến thể của 熙[xi1],resolved,火,Bộ Hỏa,record-radical,4,4,7,chars/7199.json
熛,C,biāo,,bùng cháy; ngọn lửa bùng lên,not-resolved,,,not-resolved,0,0,7,chars/719B.json
熜,B,cōng,,ống khói (cũ),resolved,火,Bộ Hỏa,record-radical,0,0,7,chars/719C.json
熟,A,shú,Thục,chín,resolved,火,Bộ Hỏa,record-radical,8,10,4,chars/719F.json
熠,B,yì,,phát sáng; lóe lên,resolved,火,Bộ Hỏa,record-radical,3,0,7,chars/71A0.json
熤,C,yì,,(người),not-resolved,,,not-resolved,0,0,7,chars/71A4.json
熨,B,yùn,Ủi,ủi,resolved,火,Bộ Hỏa,record-radical,1,0,6,chars/71A8.json
熬,A,áo,,nấu nhừ,resolved,火,Bộ Hỏa,record-radical,6,10,6,chars/71AC.json
熯,C,hàn,,hong khô bằng lửa,not-resolved,,,not-resolved,0,0,7,chars/71AF.json
熳,B,màn,,lan ra,resolved,火,Bộ Hỏa,record-radical,1,0,7,chars/71B3.json
熴,C,kūn,,biến thể của 焜[kun1],not-resolved,,,not-resolved,0,0,7,chars/71B4.json
熵,B,shāng,,entropy (ký tự được tạo ra năm 1923),resolved,火,Bộ Hỏa,record-radical,0,0,7,chars/71B5.json
熸,C,jiān,,dập tắt (lửa),not-resolved,,,not-resolved,0,0,7,chars/71B8.json
熹,B,xī,,sáng; ấm áp,resolved,火,Bộ Hỏa,record-radical,2,0,7,chars/71B9.json
熿,C,huáng,,rực rỡ,not-resolved,,,not-resolved,0,0,7,chars/71BF.json
燂,C,qián,,làm nóng; cháy xém,not-resolved,,,not-resolved,0,0,7,chars/71C2.json
燃,A,rán,Nhen,cháy; đốt,resolved,火,Bộ Hỏa,record-radical,7,10,5,chars/71C3.json
燅,C,xián,,,not-resolved,,,not-resolved,0,0,,chars/71C5.json
燇,C,jùn,,biến thể cũ của 焌[jun4],not-resolved,,,not-resolved,0,0,7,chars/71C7.json
燊,C,shēn,,(lửa) thịnh vượng; mạnh mẽ,not-resolved,,,not-resolved,0,0,7,chars/71CA.json
燋,C,jiāo,,đốt cháy; làm cháy xém,not-resolved,,,not-resolved,0,0,7,chars/71CB.json
燎,B,liáo,Díp / Liệu,đốt; châm lửa,resolved,火,Bộ Hỏa,record-radical,4,0,7,chars/71CE.json
燏,C,yù,,ánh lửa rực rỡ,not-resolved,,,not-resolved,0,0,7,chars/71CF.json
燔,C,fán,,đốt; nướng thịt để cúng tế,not-resolved,,,not-resolved,0,0,7,chars/71D4.json
燕,C,Yān,Én,"Yên, một nước chư hầu của Chu ở hiện nay thuộc Hà Bắc và Liêu Ninh; bắc Hà Bắc",not-resolved,,,not-resolved,6,4,7,chars/71D5.json
燗,C,làn,,biến thể cũ của 爛|烂[lan4],not-resolved,,,not-resolved,0,0,7,chars/71D7.json
燚,C,yì,,bừng cháy; (dùng trong tên người),not-resolved,,,not-resolved,0,0,7,chars/71DA.json
燠,B,yù,,ấm áp,resolved,火,Bộ Hỏa,record-radical,0,0,7,chars/71E0.json
燡,C,yì,,bừng sáng; rạng rỡ,not-resolved,,,not-resolved,0,0,7,chars/71E1.json
燥,A,zào,Táo,khô; khô cằn; nóng nảy; bực bội,resolved,火,Bộ Hỏa,record-radical,6,6,5,chars/71E5.json
燧,B,suì,,"(hình thức kết hợp) vật liệu hoặc công cụ dùng để tạo lửa bằng ma sát hoặc tia nắng mặt trời; (hình thức kết hợp) lửa báo hiệu (tín hiệu báo động ở vùng biên giới), đặc biệt là lửa",resolved,火,Bộ Hỏa,record-radical,3,0,7,chars/71E7.json
燨,C,xī,,lửa,not-resolved,,,not-resolved,0,0,7,chars/71E8.json
燮,C,Xiè,,họ [Xie4],not-resolved,,,not-resolved,0,0,7,chars/71EE.json
燰,C,wēi,Áy,biến thể cũ của 煨[wei1],not-resolved,,,not-resolved,0,0,7,chars/71F0.json
燹,B,xiǎn,,đám cháy lớn,resolved,火,Bộ Hỏa,record-radical,0,0,7,chars/71F9.json
燽,C,chóu,,nổi bật; đáng chú ý,not-resolved,,,not-resolved,0,0,7,chars/71FD.json
燿,C,yào,,rực rỡ; vinh quang,not-resolved,,,not-resolved,0,0,7,chars/71FF.json
爆,A,bào,,xào nhanh,resolved,火,Bộ Hỏa,record-radical,9,10,6,chars/7206.json
爇,C,rè,,nhiệt; đốt,not-resolved,,,not-resolved,0,0,7,chars/7207.json
爊,C,āo,,biến thể của 熬[ao1],not-resolved,,,not-resolved,0,0,7,chars/720A.json
爌,B,huǎng,Quáng,biến thể cũ của 晃[huang3]; sáng,resolved,火,Bộ Hỏa,record-radical,0,0,7,chars/720C.json
爓,C,yàn,,ngọn lửa,not-resolved,,,not-resolved,0,0,7,chars/7213.json
爚,C,yuè,,sáng; rực cháy,not-resolved,,,not-resolved,0,0,7,chars/721A.json
爝,B,jué,,ngọn đuốc,resolved,火,Bộ Hỏa,record-radical,0,0,7,chars/721D.json
爟,C,guàn,,nhóm lửa,not-resolved,,,not-resolved,0,0,7,chars/721F.json
爤,C,làn,,biến thể cũ của 爛|烂[lan4],not-resolved,,,not-resolved,0,0,7,chars/7224.json
爥,C,zhú,,biến thể cũ của 燭|烛[zhu2],not-resolved,,,not-resolved,0,0,7,chars/7225.json
爨,B,Cuàn,,họ [Cuan4],resolved,火,Bộ Hỏa,record-radical,0,0,7,chars/7228.json
爪,A,zhǎo,Trảo,chân của chim hoặc động vật; chân,resolved,爪,Bộ Trảo,self-radical,6,6,7,chars/722A.json
爫,C,zhǎo,Làm,"bộ ""trảo"" trong chữ Hán (bộ Khang Hy số 87)",not-resolved,,,not-resolved,0,0,7,chars/722B.json
爬,A,pá,Bò,leo,resolved,爪,Bộ Trảo,record-radical,7,10,3,chars/722C.json
爯,B,chèn,,biến thể cũ của 稱|称[chen4],resolved,爪,Bộ Trảo,record-radical,0,0,7,chars/722F.json
爰,B,Yuán,Vươn,họ [Yuan2],resolved,爪,Bộ Trảo,record-radical,0,0,7,chars/7230.json
爱,C,ài,Ái,yêu; tình yêu,not-resolved,,,not-resolved,20,10,1,chars/7231.json
爵,C,jué,Tước,đồ đựng rượu bằng đồng cổ có 3 chân và quai vòng; quý tộc,not-resolved,,,not-resolved,6,4,7,chars/7235.json
父,A,fù,Phụ,cha,resolved,父,Bộ Phụ,self-radical,10,10,4,chars/7236.json
爷,A,yé,,ông; ngài,resolved,父,Bộ Phụ,record-radical,7,10,3,chars/7237.json
爸,A,bà,,cha; ba,resolved,父,Bộ Phụ,record-radical,2,10,1,chars/7238.json
爹,B,diē,,"cha, bố",resolved,父,Bộ Phụ,record-radical,6,0,7,chars/7239.json
爻,B,yáo,,"Vạch bát quái, mỗi quẻ trong Kinh Dịch chia ra sáu hào",resolved,爻,Bộ Hào,self-radical,0,0,7,chars/723B.json
爽,C,shuǎng,Sửng,cảm thấy tốt,not-resolved,,,not-resolved,6,10,6,chars/723D.json
爿,B,pán,,"Tấm ván, tấm gỗ xẻ ra, nửa bên trái gọi là ""tường""",resolved,爿,Bộ,self-radical,0,0,7,chars/723F.json
牁,C,kē,,(dùng trong địa danh); cách phát âm ở Đài Loan: [ge1],not-resolved,,,not-resolved,0,0,7,chars/7241.json
牂,C,zāng,,cừu cái; tên địa danh,not-resolved,,,not-resolved,0,0,7,chars/7242.json
牄,C,qiāng,,đi nhanh,not-resolved,,,not-resolved,0,0,7,chars/7244.json
片,A,piàn,Phiến,miếng,resolved,片,Bộ Phiến,self-radical,20,10,5,chars/7247.json
版,A,bǎn,Bản,một đăng ký; khối in,resolved,片,Bộ Phiến,record-radical,10,10,5,chars/7248.json
牌,A,pái,Bài,nhãn hiệu,resolved,片,Bộ Phiến,record-radical,15,10,4,chars/724C.json
牍,B,dú,,tài liệu,resolved,片,Bộ Phiến,record-radical,4,0,7,chars/724D.json
牏,C,tóu,,ván ngắn; tấm ván,not-resolved,,,not-resolved,0,0,7,chars/724F.json
牒,C,dié,Điệp,tài liệu (chính thức); công văn,not-resolved,,,not-resolved,4,0,7,chars/7252.json
牖,C,yǒu,,khai sáng; cửa sổ mắt cáo,not-resolved,,,not-resolved,0,0,7,chars/7256.json
牙,A,yá,Nha,răng,resolved,牙,Bộ Nha,self-radical,9,10,3,chars/7259.json
牚,C,chēng,,biến thể của 撐|撑[cheng1],not-resolved,,,not-resolved,0,0,7,chars/725A.json
牛,A,niú,Ngưu,bò,resolved,牛,Bộ Ngưu,self-radical,8,10,2,chars/725B.json
牝,B,pìn,,"(của chim, động vật hoặc thực vật) giống cái; lỗ khóa",resolved,牛,Bộ Ngưu,record-radical,1,0,7,chars/725D.json
牟,A,Móu,Rậm / Màu,họ [Mou2],resolved,牛,Bộ Ngưu,record-radical,6,1,7,chars/725F.json
牠,C,tā,,nó (dùng cho động vật),not-resolved,,,not-resolved,0,0,7,chars/7260.json
牡,A,mǔ,,"(chim, động vật hoặc thực vật) đực; chìa khóa",resolved,牛,Bộ Ngưu,record-radical,5,4,7,chars/7261.json
牢,C,láo,Lao,chuồng gia súc,not-resolved,,,not-resolved,8,10,6,chars/7262.json
牣,C,rèn,Nhẳn,lấp đầy; nhét,not-resolved,,,not-resolved,0,0,7,chars/7263.json
牤,C,māng,,bò đực; xem 牤牛[mang1 niu2],not-resolved,,,not-resolved,0,0,7,chars/7264.json
牦,C,máo,Li,bò yak (Bos grunniens),not-resolved,,,not-resolved,1,0,7,chars/7266.json
牧,C,Mù,,họ [Mu4],not-resolved,,,not-resolved,6,10,6,chars/7267.json
物,A,wù,Vật,"Vật, đồ vật, sự vật",resolved,牛,Bộ Ngưu,record-radical,20,10,3,chars/7269.json
牮,C,jiàn,,chống đỡ,not-resolved,,,not-resolved,0,0,7,chars/726E.json
牯,B,gǔ,,bò đực; bò,resolved,牛,Bộ Ngưu,record-radical,0,0,7,chars/726F.json
牲,A,shēng,Sinh,động vật nuôi; động vật hiến tế,resolved,牛,Bộ Ngưu,record-radical,6,10,6,chars/7272.json
牳,C,mǔ,,(thuộc về bò),not-resolved,,,not-resolved,0,0,7,chars/7273.json
牴,B,dǐ,,húc; chống cự,resolved,牛,Bộ Ngưu,record-radical,0,0,7,chars/7274.json
牵,C,qiān,,"kéo, lôi kéo",not-resolved,,,not-resolved,7,10,6,chars/7275.json
牷,C,quán,,bò đực một màu,not-resolved,,,not-resolved,0,0,7,chars/7277.json
牸,B,zì,,con cái của động vật nuôi,resolved,牛,Bộ Ngưu,record-radical,0,0,7,chars/7278.json
特,A,tè,Đặc,đặc biệt,resolved,牛,Bộ Ngưu,record-radical,20,10,3,chars/7279.json
牺,A,xī,,hy sinh,resolved,牛,Bộ Ngưu,record-radical,5,10,6,chars/727A.json
牻,C,máng,,(văn học) trâu bò đen trắng,not-resolved,,,not-resolved,0,0,7,chars/727B.json
牼,C,kēng,,xương ống chân của bò,not-resolved,,,not-resolved,0,0,7,chars/727C.json
牾,B,wǔ,,phản đối; húc,resolved,牛,Bộ Ngưu,record-radical,0,0,7,chars/727E.json
牿,B,gù,,chuồng hoặc bãi nhốt gia súc,resolved,牛,Bộ Ngưu,record-radical,0,0,7,chars/727F.json
犀,C,xī,Tê,tê giác; sắc bén,not-resolved,,,not-resolved,5,1,7,chars/7280.json
犁,C,lí,,cái cày,not-resolved,,,not-resolved,6,0,7,chars/7281.json
犂,C,lí,,xem 犂靬[Li2 jian1]; biến thể của 犁[li2],not-resolved,,,not-resolved,0,0,7,chars/7282.json
犄,B,jī,,sừng trâu; cánh quân,resolved,牛,Bộ Ngưu,record-radical,2,0,7,chars/7284.json
犆,C,tè,,động vật đực,not-resolved,,,not-resolved,0,0,7,chars/7286.json
犉,C,rún,,con bò,not-resolved,,,not-resolved,0,0,7,chars/7289.json
犊,C,dú,,bê; con vật hiến tế,not-resolved,,,not-resolved,6,0,7,chars/728A.json
犍,B,jiān,,bò thiến; bò đực bị thiến,resolved,牛,Bộ Ngưu,record-radical,2,0,7,chars/728D.json
犎,B,fēng,,bò u; bò indicus,resolved,牛,Bộ Ngưu,record-radical,0,0,7,chars/728E.json
犏,B,piān,,dùng trong 犏牛[pian1 niu2],resolved,牛,Bộ Ngưu,record-radical,0,0,7,chars/728F.json
犒,B,kào,,"thưởng hoặc an ủi bằng quà tặng là thức ăn, đồ uống, v.v.",resolved,牛,Bộ Ngưu,record-radical,2,0,7,chars/7292.json
犗,C,jiè,,bò thiến,not-resolved,,,not-resolved,0,0,7,chars/7297.json
犛,C,lí,,bò đen; bò yak,not-resolved,,,not-resolved,0,0,7,chars/729B.json
犟,B,jiàng,,biến thể của 強|强[jiang4],resolved,牛,Bộ Ngưu,record-radical,1,0,7,chars/729F.json
犠,C,xī,Nghé,biến thể tiếng Nhật của 犧|牺,not-resolved,,,not-resolved,0,0,7,chars/72A0.json
犨,C,chōu,,tiếng thở hổn hển của bò; tiếng gầm của trâu,not-resolved,,,not-resolved,0,0,7,chars/72A8.json
犩,C,wéi,,"loài bò yak cổ đại ở đông nam Trung Quốc, còn gọi là 犪牛[kui2 niu2]",not-resolved,,,not-resolved,0,0,7,chars/72A9.json
犪,B,kuí,,dùng trong 犪牛[kui2 niu2],resolved,牛,Bộ Ngưu,record-radical,0,0,7,chars/72AA.json
犫,C,chōu,,biến thể cũ của 犨[chou1],not-resolved,,,not-resolved,0,0,7,chars/72AB.json
犬,A,quǎn,,chó,resolved,犬,Bộ Khuyển,self-radical,7,8,6,chars/72AC.json
犭,B,quǎn,,con chó.,resolved,犬,Bộ Khuyển,radical-variant,0,0,7,chars/72AD.json
犮,C,bá,,biến thể cũ của 拔[ba2],not-resolved,,,not-resolved,0,0,7,chars/72AE.json
犯,A,fàn,Phạm,phạm,resolved,犬,Bộ Khuyển,record-radical,10,10,6,chars/72AF.json
犰,B,qiú,,dùng trong 犰狳[qiu2 yu2],resolved,犬,Bộ Khuyển,record-radical,1,0,7,chars/72B0.json
犴,B,àn,,nhà tù,resolved,犬,Bộ Khuyển,record-radical,0,0,7,chars/72B4.json
犵,C,qì,,tên một bộ lạc,not-resolved,,,not-resolved,0,0,7,chars/72B5.json
状,A,zhuàng,Trạng,"trạng thái, điều kiện",resolved,犬,Bộ Khuyển,record-radical,8,10,5,chars/72B6.json
犷,B,guǎng,,thô lỗ; không lịch sự,resolved,犬,Bộ Khuyển,record-radical,1,0,7,chars/72B7.json
犸,B,mǎ,,voi ma mút,resolved,犬,Bộ Khuyển,record-radical,1,0,7,chars/72B8.json
犹,A,yóu,,"Như, vẫn còn, giống như, do dự",resolved,犬,Bộ Khuyển,record-radical,7,10,5,chars/72B9.json
犺,C,kàng,,chó dữ,not-resolved,,,not-resolved,0,0,7,chars/72BA.json
狁,B,yǔn,,tên một bộ lạc,resolved,犬,Bộ Khuyển,record-radical,0,0,7,chars/72C1.json
狂,A,kuáng,Cuồng,hoang dã,resolved,犬,Bộ Khuyển,record-radical,11,10,5,chars/72C2.json
狃,B,niǔ,Nữu,quen với,resolved,犬,Bộ Khuyển,record-radical,0,0,7,chars/72C3.json
狄,B,Dí,Địch,họ [Di2]; tên gọi chung cho các dân tộc thiểu số phía bắc trong thời Tần và Hán (221 TCN-220 SCN),resolved,犬,Bộ Khuyển,record-radical,6,0,7,chars/72C4.json
狆,C,zhòng,,chó Bắc Kinh,not-resolved,,,not-resolved,0,0,7,chars/72C6.json
狈,A,bèi,,một loài sói huyền thoại; khốn đốn,resolved,犬,Bộ Khuyển,record-radical,3,4,6,chars/72C8.json
狉,B,pī,,chó lửng con,resolved,犬,Bộ Khuyển,record-radical,0,0,7,chars/72C9.json
狍,B,páo,,hoẵng Siberia (Capreolus pygargus),resolved,犬,Bộ Khuyển,record-radical,1,0,7,chars/72CD.json
狎,B,xiá,,(dùng trong từ ghép) (văn học) suồng sã với ai đó hoặc điều gì đó; đối xử không nghiêm túc,resolved,犬,Bộ Khuyển,record-radical,2,0,7,chars/72CE.json
狐,B,hú,Hồ,cáo,resolved,犬,Bộ Khuyển,record-radical,6,0,7,chars/72D0.json
狒,B,fèi,,khỉ đầu chó hamadryad,resolved,犬,Bộ Khuyển,record-radical,1,0,7,chars/72D2.json
狓,C,pī,,"dùng trong phiên âm ""okapi"" 㺢㹢狓[huo4jia1pi2]",not-resolved,,,not-resolved,0,0,7,chars/72D3.json
狗,A,gǒu,Cẩu,con chó,resolved,犬,Bộ Khuyển,record-radical,6,10,1,chars/72D7.json
狘,C,yuè,,nhảy,not-resolved,,,not-resolved,0,0,7,chars/72D8.json
狙,B,jū,,khỉ macaque; do thám,resolved,犬,Bộ Khuyển,record-radical,2,0,7,chars/72D9.json
狝,C,xiǎn,,săn bắn vào mùa thu (cổ đại),not-resolved,,,not-resolved,0,0,7,chars/72DD.json
狞,B,níng,Nanh,trông dữ tợn,resolved,犬,Bộ Khuyển,record-radical,2,0,7,chars/72DE.json
狠,A,hěn,,ác liệt; cứng rắn,resolved,犬,Bộ Khuyển,record-radical,6,8,6,chars/72E0.json
狡,A,jiǎo,Giảo,xảo quyệt; láu cá,resolved,犬,Bộ Khuyển,record-radical,6,4,5,chars/72E1.json
狦,C,shān,,(cổ) chó dữ; quái thú giống sói,not-resolved,,,not-resolved,0,0,7,chars/72E6.json
狨,B,róng,,khỉ đuôi sóc (động vật học),resolved,犬,Bộ Khuyển,record-radical,0,0,7,chars/72E8.json
狩,A,shòu,,săn; đi săn (như môn thể thao mùa đông thời xưa),resolved,犬,Bộ Khuyển,record-radical,1,1,7,chars/72E9.json
狫,C,lǎo,,tên một bộ lạc,not-resolved,,,not-resolved,0,0,7,chars/72EB.json
独,A,dú,Độc,"một mình, đơn độc",resolved,犬,Bộ Khuyển,record-radical,16,10,5,chars/72EC.json
狭,A,xiá,Hẹp,hẹp; hẹp hòi,resolved,犬,Bộ Khuyển,record-radical,6,10,6,chars/72ED.json
狮,A,shī,Tép / Sư,(dạng kết hợp) sư tử,resolved,犬,Bộ Khuyển,record-radical,6,5,5,chars/72EE.json
狯,B,kuài,,xảo quyệt; láu cá,resolved,犬,Bộ Khuyển,record-radical,0,0,7,chars/72EF.json
狰,B,zhēng,,ghê sợ; trông dữ tợn,resolved,犬,Bộ Khuyển,record-radical,1,0,7,chars/72F0.json
狱,A,yù,Đong / Ngục,nhà tù,resolved,言,Bộ Ngôn,record-radical,6,10,6,chars/72F1.json
狲,B,sūn,,dùng trong 猢猻|猢狲[hu2 sun1]; dùng trong 兔猻|兔狲[tu4 sun1],resolved,犬,Bộ Khuyển,record-radical,1,0,7,chars/72F2.json
狳,B,yú,,dùng trong 犰狳[qiu2 yu2],resolved,犬,Bộ Khuyển,record-radical,1,0,7,chars/72F3.json
狴,B,bì,,(lợn vòi),resolved,犬,Bộ Khuyển,record-radical,0,0,7,chars/72F4.json
狷,B,juàn,,nóng nảy; bộc trực,resolved,犬,Bộ Khuyển,record-radical,0,0,7,chars/72F7.json
狸,B,lí,,động vật giống cáo,resolved,犬,Bộ Khuyển,record-radical,6,0,7,chars/72F8.json
狺,B,yín,,tiếng chó gầm gừ,resolved,犬,Bộ Khuyển,record-radical,0,0,7,chars/72FA.json
狻,B,suān,,(động vật huyền thoại),resolved,犬,Bộ Khuyển,record-radical,0,0,7,chars/72FB.json
狼,A,láng,Lừa / Lang,sói,resolved,犬,Bộ Khuyển,record-radical,10,10,6,chars/72FC.json
猁,B,lì,,dùng trong 猞猁[she1 li4],resolved,犬,Bộ Khuyển,record-radical,1,0,7,chars/7301.json
猃,B,xiǎn,,một loại chó với mõm dài; xem 獫狁|猃狁[Xian3 yun3],resolved,犬,Bộ Khuyển,record-radical,0,0,7,chars/7303.json
猇,C,xiāo,,tiếng gầm hoặc rống của hổ; đe dọa,not-resolved,,,not-resolved,2,0,7,chars/7307.json
猈,C,bà,,chó có xương ống chân ngắn,not-resolved,,,not-resolved,0,0,7,chars/7308.json
猊,B,ní,Nghê,(động vật thần thoại); sư tử,resolved,犬,Bộ Khuyển,record-radical,0,0,7,chars/730A.json
猋,C,biāo,,gió lốc,not-resolved,,,not-resolved,0,0,7,chars/730B.json
猎,A,liè,Lốp,"săn bắn, săn lùng",resolved,犬,Bộ Khuyển,record-radical,7,10,6,chars/730E.json
猓,B,guǒ,,con khỉ,resolved,犬,Bộ Khuyển,record-radical,0,0,7,chars/7313.json
猕,B,mí,,dùng trong 獼猴|猕猴[mi2 hou2],resolved,犬,Bộ Khuyển,record-radical,2,0,7,chars/7315.json
猖,A,chāng,,hung dữ,resolved,犬,Bộ Khuyển,record-radical,2,4,7,chars/7316.json
猗,B,yī,,(thán từ),resolved,犬,Bộ Khuyển,record-radical,2,0,7,chars/7317.json
猘,C,zhì,,chó dại,not-resolved,,,not-resolved,0,0,7,chars/7318.json
猛,A,měng,Mãnh,hung dữ,resolved,犬,Bộ Khuyển,record-radical,7,10,6,chars/731B.json
猜,A,cāi,,đoán,resolved,犬,Bộ Khuyển,record-radical,7,10,4,chars/731C.json
猝,A,cù,,"Đột ngột, bất ngờ (thường dùng trong từ ghép: 猝死, 猝不及防)",resolved,犬,Bộ Khuyển,record-radical,5,2,7,chars/731D.json
猞,B,shē,,dùng trong 猞猁[she1li4]; tiếng Đài Loan đọc là [she4],resolved,犬,Bộ Khuyển,record-radical,1,0,7,chars/731E.json
猟,C,liè,,biến thể Nhật Bản của 獵|猎,not-resolved,,,not-resolved,0,0,7,chars/731F.json
猡,B,luó,,tên một bộ lạc,resolved,犬,Bộ Khuyển,record-radical,0,0,7,chars/7321.json
猢,B,hú,Hồ,dùng trong 猢猻|猢狲[hu2 sun1],resolved,犬,Bộ Khuyển,record-radical,1,0,7,chars/7322.json
猣,C,zōng,,chó sinh ba con,not-resolved,,,not-resolved,0,0,7,chars/7323.json
猥,B,wěi,,khiêm nhường; mộc mạc,resolved,犬,Bộ Khuyển,record-radical,3,0,7,chars/7325.json
猩,A,xīng,,vượn,resolved,犬,Bộ Khuyển,record-radical,5,4,7,chars/7329.json
猪,A,zhū,Trư,lợn,resolved,犬,Bộ Khuyển,record-radical,6,10,5,chars/732A.json
猫,A,māo,Mèo,con mèo,resolved,犬,Bộ Khuyển,record-radical,6,10,1,chars/732B.json
猬,B,wèi,,(hình thức kết hợp) con nhím,resolved,犬,Bộ Khuyển,record-radical,1,0,7,chars/732C.json
猭,C,yuán,,vượn; Hylobates agilis,not-resolved,,,not-resolved,0,0,7,chars/732D.json
献,C,xiàn,Hiến,dâng hiến,not-resolved,,,not-resolved,6,10,5,chars/732E.json
猱,B,náo,,khỉ đuôi dài (động vật học); nhanh nhẹn và lanh lợi,resolved,犬,Bộ Khuyển,record-radical,0,0,7,chars/7331.json
猲,B,hè,,sợ hãi; kinh hoàng,resolved,犬,Bộ Khuyển,record-radical,0,0,7,chars/7332.json
猳,B,jiā,,vượn trong thần thoại; biến thể của 豭[jia1],resolved,犬,Bộ Khuyển,record-radical,0,0,7,chars/7333.json
猴,A,hóu,Hầu,khỉ; LT:隻|只[zhi1],resolved,犬,Bộ Khuyển,record-radical,6,2,5,chars/7334.json
猵,B,biān,,một loại rái cá,resolved,犬,Bộ Khuyển,record-radical,0,0,7,chars/7335.json
猷,B,yóu,,lên kế hoạch; mưu tính,resolved,犬,Bộ Khuyển,record-radical,0,0,7,chars/7337.json
猸,B,méi,,"dùng cho chồn, lửng hoặc cầy mangut",resolved,犬,Bộ Khuyển,record-radical,1,0,7,chars/7338.json
猹,B,chá,,động vật hoang dã giống lửng,resolved,犬,Bộ Khuyển,record-radical,0,0,7,chars/7339.json
猺,C,yáo,,tộc Dao,not-resolved,,,not-resolved,0,0,7,chars/733A.json
猾,A,huá,,xảo quyệt,resolved,犬,Bộ Khuyển,record-radical,3,4,5,chars/733E.json
猿,B,yuán,Rô / Vượn,biến thể của 猿[yuan2],resolved,犬,Bộ Khuyển,record-radical,6,0,7,chars/733F.json
獀,C,sōu,,chó (phương ngữ); săn bắn,not-resolved,,,not-resolved,0,0,7,chars/7340.json
獃,C,dāi,,biến thể của 呆[dai1]; ngốc nghếch,not-resolved,,,not-resolved,0,0,7,chars/7343.json
獉,C,zhēn,,rừng rậm,not-resolved,,,not-resolved,0,0,7,chars/7349.json
獍,B,jìng,,một loài vật huyền thoại ăn thịt mẹ nó,resolved,犬,Bộ Khuyển,record-radical,0,0,7,chars/734D.json
獏,C,mò,,biến thể của 貘[mo4],not-resolved,,,not-resolved,0,0,7,chars/734F.json
獐,B,zhāng,,con mang; con hoẵng,resolved,犬,Bộ Khuyển,record-radical,1,0,7,chars/7350.json
獒,B,áo,Ngao,(hình thức kết hợp) chó ngao,resolved,犬,Bộ Khuyển,record-radical,1,0,7,chars/7352.json
獕,C,cuī,,dùng trong 猥獕[wei3 cui1],not-resolved,,,not-resolved,0,0,7,chars/7355.json
獗,B,jué,,ngỗ ngược; thô lỗ,resolved,犬,Bộ Khuyển,record-radical,1,0,7,chars/7357.json
獙,C,bì,,dùng trong 獙獙[bi4 bi4],not-resolved,,,not-resolved,0,0,7,chars/7359.json
獚,C,huáng,,chó spaniel,not-resolved,,,not-resolved,0,0,7,chars/735A.json
獜,C,lín,,con đom đóm,not-resolved,,,not-resolved,0,0,7,chars/735C.json
獝,C,yù,,quỷ,not-resolved,,,not-resolved,0,0,7,chars/735D.json
獞,C,Zhuàng,,"biến thể cũ của 壯|壮, dân tộc Choang ở Quảng Tây",not-resolved,,,not-resolved,0,0,7,chars/735E.json
獠,C,liáo,,dữ tợn; săn bắt,not-resolved,,,not-resolved,2,0,7,chars/7360.json
獢,C,xiāo,,chó,not-resolved,,,not-resolved,0,0,7,chars/7362.json
獣,C,shòu,,biến thể Nhật Bản của 獸|兽,not-resolved,,,not-resolved,0,0,7,chars/7363.json
獬,B,xiè,Giải,xem 獬豸[xie4 zhi4],resolved,犬,Bộ Khuyển,record-radical,0,0,7,chars/736C.json
獭,B,tǎ,Rái,rái cá; âm Đài Loan [ta4],resolved,犬,Bộ Khuyển,record-radical,3,0,7,chars/736D.json
獯,B,Xūn,,dùng trong 獯鬻[Xun1 yu4],resolved,犬,Bộ Khuyển,record-radical,0,0,7,chars/736F.json
獳,C,nòu,,chó dữ,not-resolved,,,not-resolved,0,0,7,chars/7373.json
獴,C,měng,,cầy mangut; phát âm Đài Loan [meng2],not-resolved,,,not-resolved,0,0,7,chars/7374.json
獾,B,huān,,biến thể của 獾[huan1],resolved,犬,Bộ Khuyển,record-radical,2,0,7,chars/737E.json
玂,C,qí,,chó đẻ con,not-resolved,,,not-resolved,0,0,7,chars/7382.json
玃,B,jué,,"loài vượn huyền thoại ở Tứ Xuyên và Vân Nam, có sở thích bắt cóc cô gái",resolved,犬,Bộ Khuyển,record-radical,0,0,7,chars/7383.json
玄,A,xuán,Huyền,huyền bí,resolved,玄,Bộ Huyền,self-radical,6,5,7,chars/7384.json
玆,C,zī,,biến thể của 茲|兹[zi1]; bây giờ,not-resolved,,,not-resolved,0,0,7,chars/7386.json
率,C,lǜ,,tỷ lệ,not-resolved,,,not-resolved,15,10,5,chars/7387.json
玈,C,lú,,đen,not-resolved,,,not-resolved,0,0,7,chars/7388.json
玉,A,yù,Ngọc,ngọc,resolved,玉,Bộ Ngọc,self-radical,7,10,6,chars/7389.json
玊,C,sù,,ngọc có tì vết; người mài ngọc,not-resolved,,,not-resolved,0,0,7,chars/738A.json
王,C,wáng,Vương,"vua, quốc vương",not-resolved,,,not-resolved,11,10,5,chars/738B.json
玍,C,gǎ,,tính khí xấu; nghịch ngợm,not-resolved,,,not-resolved,0,0,7,chars/738D.json
玎,C,dīng,,leng keng,not-resolved,,,not-resolved,0,0,7,chars/738E.json
玑,C,jī,,ngọc trai không tròn,not-resolved,,,not-resolved,0,0,7,chars/7391.json
玓,C,dì,,tựa như ngọc trai,not-resolved,,,not-resolved,0,0,7,chars/7393.json
玔,C,chuàn,,vòng ngọc,not-resolved,,,not-resolved,0,0,7,chars/7394.json
玕,C,gān,,(ngọc kém chất lượng),not-resolved,,,not-resolved,0,0,7,chars/7395.json
玖,C,jiǔ,,ngọc đen; chín (chữ số chống gian lận của ngân hàng),not-resolved,,,not-resolved,0,0,7,chars/7396.json
玗,C,yú,,đá bán quý; một loại ngọc,not-resolved,,,not-resolved,0,0,7,chars/7397.json
玘,C,qǐ,,loại trang sức ngọc cho lễ phục triều đình (xưa),not-resolved,,,not-resolved,0,0,7,chars/7398.json
玙,C,yú,,ngọc trang trí,not-resolved,,,not-resolved,0,0,7,chars/7399.json
玛,C,mǎ,Mã,mã não,not-resolved,,,not-resolved,6,1,7,chars/739B.json
玞,C,fū,,một loại ngọc,not-resolved,,,not-resolved,0,0,7,chars/739E.json
玟,C,mín,,đá giống ngọc,not-resolved,,,not-resolved,1,0,7,chars/739F.json
玠,C,jiè,,thẻ ngọc biểu thị cấp bậc,not-resolved,,,not-resolved,0,0,7,chars/73A0.json
玡,C,yá,Ngà,biến thể của 琊[ya2],not-resolved,,,not-resolved,0,0,7,chars/73A1.json
玢,C,fēn,,(văn học) một loại ngọc,not-resolved,,,not-resolved,0,0,7,chars/73A2.json
玤,C,bàng,,(đá quý),not-resolved,,,not-resolved,0,0,7,chars/73A4.json
玥,C,yuè,,ngọc trai dùng trong tế lễ,not-resolved,,,not-resolved,0,0,7,chars/73A5.json
玦,C,jué,,mặt dây chuyền ngọc hình bán nguyệt,not-resolved,,,not-resolved,0,0,7,chars/73A6.json
玩,C,wán,Ngoạn,chơi với,not-resolved,,,not-resolved,16,10,2,chars/73A9.json
玫,C,méi,,(ngọc đẹp); dùng trong 玫瑰[mei2 gui1],not-resolved,,,not-resolved,2,10,7,chars/73AB.json
玭,C,pín,,ngọc trai,not-resolved,,,not-resolved,0,0,7,chars/73AD.json
玮,C,wěi,,(ngọc màu đỏ); quý giá,not-resolved,,,not-resolved,1,0,7,chars/73AE.json
环,C,huán,,bao quanh,not-resolved,,,not-resolved,10,10,3,chars/73AF.json
现,C,xiàn,Hiện,xuất hiện; hiện tại,not-resolved,,,not-resolved,20,10,1,chars/73B0.json
玱,C,qiāng,,(từ tượng thanh) tiếng leng keng của ngọc,not-resolved,,,not-resolved,0,0,7,chars/73B1.json
玲,C,líng,Liếng,(từ tượng thanh) leng keng (trong các từ như 玎玲 hoặc 玲瓏|玲珑); tiếng leng keng của đồ trang sức bằng ngọc,not-resolved,,,not-resolved,6,0,7,chars/73B2.json
玳,C,dài,Ngan / Đồi,mai rùa; rùa,not-resolved,,,not-resolved,1,0,7,chars/73B3.json
玶,C,píng,,tên một loại ngọc,not-resolved,,,not-resolved,0,0,7,chars/73B6.json
玷,C,diàn,Dẽ / Điếm,vết nhơ; ô danh,not-resolved,,,not-resolved,3,0,7,chars/73B7.json
玹,C,xuán,,đá quý như ngọc; màu ngọc,not-resolved,,,not-resolved,0,0,7,chars/73B9.json
玺,B,xǐ,Tỉ,ấn của người cai trị,resolved,玉,Bộ Ngọc,record-radical,2,0,7,chars/73BA.json
玻,C,bō,,thủy tinh,not-resolved,,,not-resolved,6,9,5,chars/73BB.json
玼,C,cǐ,,trong suốt (như trong viên ngọc),not-resolved,,,not-resolved,0,0,7,chars/73BC.json
珀,C,pò,Phách,dùng trong 琥珀[hu3 po4],not-resolved,,,not-resolved,4,1,7,chars/73C0.json
珂,C,kē,,đá giống ngọc,not-resolved,,,not-resolved,1,0,7,chars/73C2.json
珃,C,rǎn,,(ngọc),not-resolved,,,not-resolved,0,0,7,chars/73C3.json
珅,C,shēn,,một loại ngọc,not-resolved,,,not-resolved,1,0,7,chars/73C5.json
珇,C,zǔ,,chạm khắc trên ngọc,not-resolved,,,not-resolved,0,0,7,chars/73C7.json
珈,C,jiā,,gamma; đồ trang sức,not-resolved,,,not-resolved,0,0,7,chars/73C8.json
珉,C,mín,,"đá cẩm thạch, đá giống ngọc",not-resolved,,,not-resolved,0,0,7,chars/73C9.json
珊,C,shān,San,san hô,not-resolved,,,not-resolved,6,1,7,chars/73CA.json
珌,C,bì,,ngọc trên vỏ kiếm,not-resolved,,,not-resolved,0,0,7,chars/73CC.json
珍,C,zhēn,Trân,vật quý; báu vật,not-resolved,,,not-resolved,9,10,5,chars/73CD.json
珏,C,jué,,hai viên ngọc gắn cùng nhau,not-resolved,,,not-resolved,0,0,7,chars/73CF.json
珐,C,fà,,đồ tráng men; đồ tráng men đồng,not-resolved,,,not-resolved,2,0,7,chars/73D0.json
珑,C,lóng,,tiếng trang sức ngọc kêu,not-resolved,,,not-resolved,4,0,7,chars/73D1.json
珓,C,jiào,,đôi vật hình bán cầu dùng trong bói toán,not-resolved,,,not-resolved,0,0,7,chars/73D3.json
珔,C,jiàn,,(ngọc),not-resolved,,,not-resolved,0,0,7,chars/73D4.json
珖,C,guāng,,(ngọc),not-resolved,,,not-resolved,0,0,7,chars/73D6.json
珙,C,gǒng,,(đá quý),not-resolved,,,not-resolved,2,0,7,chars/73D9.json
珚,C,yān,,một loại ngọc,not-resolved,,,not-resolved,0,0,7,chars/73DA.json
珛,C,xiù,,ngọc nhanh hỏng,not-resolved,,,not-resolved,0,0,7,chars/73DB.json
珞,C,luò,,đồ trang sức cổ,not-resolved,,,not-resolved,3,0,7,chars/73DE.json
珠,C,zhū,Châu,hạt; trân châu,not-resolved,,,not-resolved,9,10,6,chars/73E0.json
珡,C,qín,,"biến thể của 琴[qin2], cổ cầm hoặc đàn tranh",not-resolved,,,not-resolved,0,0,7,chars/73E1.json
珣,C,xún,,(ngọc),not-resolved,,,not-resolved,0,0,7,chars/73E3.json
珤,C,bǎo,,,not-resolved,,,not-resolved,0,0,,chars/73E4.json
珥,C,ěr,Yến / Nhẹ,bông tai ngọc trai hoặc ngọc bích,not-resolved,,,not-resolved,0,0,7,chars/73E5.json
珧,C,yáo,,xà cừ,not-resolved,,,not-resolved,0,0,7,chars/73E7.json
珩,C,héng,,viên ngọc trên cùng của mặt dây chuyền từ đai ngọc,not-resolved,,,not-resolved,0,0,7,chars/73E9.json
珪,C,guī,,biến thể của 圭[gui1],not-resolved,,,not-resolved,0,0,7,chars/73EA.json
班,C,bān,Ban,ca làm việc,not-resolved,,,not-resolved,16,10,3,chars/73ED.json
珰,C,dāng,,(văn học) đồ trang sức đeo; hoa tai,not-resolved,,,not-resolved,0,0,7,chars/73F0.json
珲,C,hún,,(ngọc đẹp),not-resolved,,,not-resolved,2,0,7,chars/73F2.json
珳,C,wén,,biến thể cũ của 玟[wen2],not-resolved,,,not-resolved,0,0,7,chars/73F3.json
珵,C,chéng,,ngọc đẹp; trang sức bằng ngọc,not-resolved,,,not-resolved,0,0,7,chars/73F5.json
珶,C,dì,,ngọc trắng đeo ở thắt lưng,not-resolved,,,not-resolved,0,0,7,chars/73F6.json
珷,C,wǔ,,ngọc kém chất lượng; một loại ngọc,not-resolved,,,not-resolved,0,0,7,chars/73F7.json
珺,C,jùn,,ngọc đẹp,not-resolved,,,not-resolved,0,0,7,chars/73FA.json
珻,C,méi,,biến thể cũ của 玫[mei2],not-resolved,,,not-resolved,0,0,7,chars/73FB.json
珽,C,tǐng,,quyền trượng,not-resolved,,,not-resolved,0,0,7,chars/73FD.json
琀,C,hán,,ngọc trai hoặc châu báu từng được đặt vào miệng xác chết,not-resolved,,,not-resolved,0,0,7,chars/7400.json
琁,C,xuán,,ngọc đẹp; ngôi sao,not-resolved,,,not-resolved,0,0,7,chars/7401.json
球,C,qiú,Cầu,quả bóng,not-resolved,,,not-resolved,20,10,2,chars/7403.json
琅,C,láng,,đá giống ngọc; sạch và trắng,not-resolved,,,not-resolved,5,0,7,chars/7405.json
理,C,lǐ,Lí,chú ý,not-resolved,,,not-resolved,20,10,3,chars/7406.json
琇,C,xiù,,(ngọc),not-resolved,,,not-resolved,0,0,7,chars/7407.json
琉,C,liú,Lưu,đá quý,not-resolved,,,not-resolved,5,0,7,chars/7409.json
琎,C,jìn,,đá giống ngọc,not-resolved,,,not-resolved,0,0,7,chars/740E.json
琏,C,liǎn,,đồ tế lễ dùng để đựng ngũ cốc; cũng đọc là [lian2],not-resolved,,,not-resolved,0,0,7,chars/740F.json
琐,C,suǒ,,vụn vặt; không đáng kể,not-resolved,,,not-resolved,6,0,7,chars/7410.json
琖,C,zhǎn,,cốc rượu,not-resolved,,,not-resolved,0,0,7,chars/7416.json
琚,C,jū,,đá quý trang trí thắt lưng,not-resolved,,,not-resolved,0,0,7,chars/741A.json
琛,C,chēn,,đá quý; ngọc,not-resolved,,,not-resolved,2,0,7,chars/741B.json
琝,C,mín,,biến thể cũ của 玟[min2],not-resolved,,,not-resolved,0,0,7,chars/741D.json
琠,C,diǎn,,đá quý dùng làm nút tai; bông tai ngọc,not-resolved,,,not-resolved,0,0,7,chars/7420.json
琢,C,zhuó,Chác,mài cắt (ngọc),not-resolved,,,not-resolved,3,5,6,chars/7422.json
琤,C,chēng,,tiếng leng keng của ngọc,not-resolved,,,not-resolved,0,0,7,chars/7424.json
琥,C,hǔ,,dùng trong 琥珀[hu3 po4],not-resolved,,,not-resolved,1,1,7,chars/7425.json
琦,C,qí,,đồ cổ; đá quý,not-resolved,,,not-resolved,1,0,7,chars/7426.json
琨,C,kūn,,(ngọc),not-resolved,,,not-resolved,0,0,7,chars/7428.json
琪,C,qí,,ngọc đẹp,not-resolved,,,not-resolved,3,0,7,chars/742A.json
琫,C,běng,,trang sức ngọc của vỏ bao,not-resolved,,,not-resolved,0,0,7,chars/742B.json
琬,C,wǎn,,biểu tượng hoàng gia,not-resolved,,,not-resolved,0,0,7,chars/742C.json
琭,C,lù,,(ngọc),not-resolved,,,not-resolved,0,0,7,chars/742D.json
琮,C,Cóng,,họ [Cong2],not-resolved,,,not-resolved,0,0,7,chars/742E.json
琯,C,guǎn,,nhạc cụ; chạm ngọc hoặc vàng,not-resolved,,,not-resolved,0,0,7,chars/742F.json
琰,C,yǎn,,đá quý; ánh lấp lánh của đá quý,not-resolved,,,not-resolved,0,0,7,chars/7430.json
琱,C,diāo,,chạm khắc đá quý,not-resolved,,,not-resolved,0,0,7,chars/7431.json
琲,C,bèi,,vòng cổ,not-resolved,,,not-resolved,0,0,7,chars/7432.json
琳,C,lín,,đá quý,not-resolved,,,not-resolved,6,0,7,chars/7433.json
琴,C,qín,Cầm,nhạc cụ,not-resolved,,,not-resolved,7,10,4,chars/7434.json
琵,C,pí,Tì,"xem 琵琶, đàn tì bà",not-resolved,,,not-resolved,1,0,7,chars/7435.json
琶,C,pá,Bà,"xem 琵琶, đàn tì bà",not-resolved,,,not-resolved,1,0,7,chars/7436.json
琼,C,qióng,Sừng / Quỳnh,ngọc thạch; ngọc đẹp,not-resolved,,,not-resolved,6,1,7,chars/743C.json
瑀,C,yǔ,,(đá canxedon),not-resolved,,,not-resolved,0,0,7,chars/7440.json
瑁,C,mào,Cười / Mồi,(ngọc),not-resolved,,,not-resolved,1,0,7,chars/7441.json
瑂,C,méi,,(loại đá giống ngọc),not-resolved,,,not-resolved,0,0,7,chars/7442.json
瑃,C,chūn,,(một loại ngọc),not-resolved,,,not-resolved,0,0,7,chars/7443.json
瑄,C,xuān,,mảnh ngọc trang trí,not-resolved,,,not-resolved,0,0,7,chars/7444.json
瑉,C,mín,,biến thể của 珉[min2],not-resolved,,,not-resolved,0,0,7,chars/7449.json
瑏,C,chuān,,(ngọc),not-resolved,,,not-resolved,0,0,7,chars/744F.json
瑑,C,zhuàn,,đường khắc,not-resolved,,,not-resolved,0,0,7,chars/7451.json
瑔,C,quán,,ngọc; vỏ,not-resolved,,,not-resolved,0,0,7,chars/7454.json
瑕,C,xiá,,vết nhỏ; khuyết điểm trên ngọc,not-resolved,,,not-resolved,6,1,7,chars/7455.json
瑗,C,yuàn,,vòng ngọc lớn,not-resolved,,,not-resolved,0,0,7,chars/7457.json
瑙,C,nǎo,Não,mã não,not-resolved,,,not-resolved,5,0,7,chars/7459.json
瑚,C,hú,Hô,dùng trong 珊瑚[shan1hu2],not-resolved,,,not-resolved,3,0,7,chars/745A.json
瑛,C,yīng,,(tinh thể); bóng bẩy,not-resolved,,,not-resolved,1,0,7,chars/745B.json
瑜,C,yú,,xuất sắc; ánh ngọc,not-resolved,,,not-resolved,4,1,7,chars/745C.json
瑞,C,ruì,,may mắn; tốt lành,not-resolved,,,not-resolved,7,4,7,chars/745E.json
瑟,C,sè,Sắt,"một loại đàn hạc đứng, nhỏ hơn konghou 箜篌, có từ 5-25 dây",not-resolved,,,not-resolved,6,2,7,chars/745F.json
瑢,C,róng,,dùng trong 瑽瑢|𪻐瑢[cong1 rong2],not-resolved,,,not-resolved,0,0,7,chars/7462.json
瑭,C,táng,,(ngọc),not-resolved,,,not-resolved,0,0,7,chars/746D.json
瑰,C,guī,,(đá bán quý); phi thường,not-resolved,,,not-resolved,6,10,7,chars/7470.json
瑱,C,tiàn,,"(văn học) ngọc gắn vào mũ quan, rủ xuống hai bên tai, tượng trưng cho việc từ chối nghe lời dèm pha; (văn học) lấp đầy",not-resolved,,,not-resolved,0,0,7,chars/7471.json
瑳,C,cuō,,ánh sáng của ngọc,not-resolved,,,not-resolved,0,0,7,chars/7473.json
瑶,C,Yáo,Rơm / Dao,dân tộc Dao ở tây nam Trung Quốc và Đông Nam Á; họ [Yao2],not-resolved,,,not-resolved,6,0,7,chars/7476.json
瑷,C,ài,,ngọc chất lượng cao,not-resolved,,,not-resolved,0,0,7,chars/7477.json
瑽,C,cōng,,,not-resolved,,,not-resolved,0,0,7,chars/747D.json
瑾,C,jǐn,,sự rực rỡ (của ngọc),not-resolved,,,not-resolved,0,0,7,chars/747E.json
瑿,C,yī,,một loại đá đen giống ngọc; đá huyền,not-resolved,,,not-resolved,0,0,7,chars/747F.json
璀,C,cuǐ,,độ sáng của ngọc,not-resolved,,,not-resolved,2,0,7,chars/7480.json
璁,C,cōng,,đá giống ngọc,not-resolved,,,not-resolved,0,0,7,chars/7481.json
璃,C,lí,Rế / Li,(chữ tượng thanh dùng trong phiên âm tên nước ngoài); phát âm Đài Loan [li4],not-resolved,,,not-resolved,6,9,5,chars/7483.json
璅,C,suǒ,,vụn vặt; không đáng kể,not-resolved,,,not-resolved,0,0,7,chars/7485.json
璆,C,qiú,,(đá quý); phát ra tiếng kêu leng keng,not-resolved,,,not-resolved,0,0,7,chars/7486.json
璇,C,xuán,,(ngọc),not-resolved,,,not-resolved,2,0,7,chars/7487.json
璈,C,áo,,(nhạc cụ),not-resolved,,,not-resolved,0,0,7,chars/7488.json
璋,C,zhāng,,đồ trang sức bằng đá thời cổ đại,not-resolved,,,not-resolved,1,0,7,chars/748B.json
璎,C,yīng,,vòng cổ,not-resolved,,,not-resolved,1,0,7,chars/748E.json
璐,C,lù,,ngọc đẹp,not-resolved,,,not-resolved,1,0,7,chars/7490.json
璘,C,lín,,độ sáng của đá quý,not-resolved,,,not-resolved,0,0,7,chars/7498.json
璚,C,jué,,vòng ngọc hình bán nguyệt,not-resolved,,,not-resolved,0,0,7,chars/749A.json
璜,C,huáng,,đồ trang sức ngọc hình bán nguyệt,not-resolved,,,not-resolved,2,0,7,chars/749C.json
璝,C,guī,,biến thể của 瑰[gui1],not-resolved,,,not-resolved,0,0,7,chars/749D.json
璞,C,pú,,ngọc chưa mài giũa,not-resolved,,,not-resolved,2,0,7,chars/749E.json
璟,C,jǐng,,ánh sáng của ngọc,not-resolved,,,not-resolved,0,0,7,chars/749F.json
璠,C,fán,,(ngọc),not-resolved,,,not-resolved,0,0,7,chars/74A0.json
璥,C,jǐng,,(đá quý),not-resolved,,,not-resolved,0,0,7,chars/74A5.json
璧,B,bì,Bích,ngọc bích hình tròn,resolved,玉,Bộ Ngọc,record-radical,6,0,7,chars/74A7.json
璨,C,càn,,đá quý; ánh sáng của đá quý,not-resolved,,,not-resolved,2,0,7,chars/74A8.json
璩,C,Qú,,họ [Qu2],not-resolved,,,not-resolved,0,0,7,chars/74A9.json
璪,C,zǎo,,mặt dây chuyền ngọc trai trên vương miện,not-resolved,,,not-resolved,0,0,7,chars/74AA.json
璱,C,sè,,sáng (của ngọc),not-resolved,,,not-resolved,0,0,7,chars/74B1.json
璲,C,suì,,đồ trang sức đeo thắt lưng,not-resolved,,,not-resolved,0,0,7,chars/74B2.json
璸,C,bīn,,(ngọc trai),not-resolved,,,not-resolved,0,0,7,chars/74B8.json
璺,B,wèn,,"vết nứt (trong sứ, đồ thuỷ tinh, v.v.); LT:道[dao4]",resolved,玉,Bộ Ngọc,record-radical,0,0,7,chars/74BA.json
瓀,C,ruǎn,,mờ đục; thạch anh trắng,not-resolved,,,not-resolved,0,0,7,chars/74C0.json
瓁,C,wò,,ngọc chưa chạm khắc,not-resolved,,,not-resolved,0,0,7,chars/74C1.json
瓒,C,zàn,,chén rượu cúng,not-resolved,,,not-resolved,0,0,7,chars/74D2.json
瓖,C,xiāng,,đồ trang trí,not-resolved,,,not-resolved,0,0,7,chars/74D6.json
瓘,C,guàn,,ngọc dùng để làm cốc,not-resolved,,,not-resolved,0,0,7,chars/74D8.json
瓛,C,huán,,(cổ) ngọc bội hoặc quyền trượng do công tước cầm trong nghi lễ,not-resolved,,,not-resolved,0,0,7,chars/74DB.json
瓜,A,guā,Qua,quả dưa,resolved,瓜,Bộ Qua,self-radical,10,10,2,chars/74DC.json
瓞,B,dié,,quả dưa non,resolved,瓜,Bộ Qua,record-radical,0,0,7,chars/74DE.json
瓠,B,hù,,bầu,resolved,瓜,Bộ Qua,record-radical,1,0,7,chars/74E0.json
瓢,B,piáo,Bầu,gáo; môi múc,resolved,瓜,Bộ Qua,record-radical,5,0,7,chars/74E2.json
瓣,A,bàn,,cánh hoa; phân đoạn,resolved,瓜,Bộ Qua,record-radical,6,3,6,chars/74E3.json
瓤,B,ráng,,phần thịt (của quả); thứ bên trong một lớp vỏ,resolved,瓜,Bộ Qua,record-radical,1,0,7,chars/74E4.json
瓦,A,wǎ,Ngói,ngói,resolved,瓦,Bộ Ngõa,self-radical,8,10,6,chars/74E6.json
瓧,C,shí wǎ,,đềca oát (cũ); đọc là [shi2 wa3],not-resolved,,,not-resolved,0,0,7,chars/74E7.json
瓩,C,qiān wǎ,,kilô oát (cũ); chữ đơn tương đương với 千瓦[qian1 wa3],not-resolved,,,not-resolved,0,0,7,chars/74E9.json
瓬,C,fǎng,,thợ gốm; nhà gốm,not-resolved,,,not-resolved,0,0,7,chars/74EC.json
瓮,B,wèng,,biến thể của 甕|瓮[weng4]; lọ đất,resolved,瓦,Bộ Ngõa,record-radical,6,0,7,chars/74EE.json
瓯,B,Oū,Âu,tên cũ của thành phố Ôn Châu 溫州市|温州市[Wen1 zhou1 shi4] ở Chiết Giang 浙江[Zhe4 jiang1],resolved,瓦,Bộ Ngõa,record-radical,4,0,7,chars/74EF.json
瓰,C,fēn wǎ,,đêxi-oát (cũ); chữ đơn tương đương với 分瓦[fen1 wa3],not-resolved,,,not-resolved,0,0,7,chars/74F0.json
瓱,C,háo wǎ,,mili-oát (cũ); chữ đơn tương đương với 毫瓦[hao2 wa3],not-resolved,,,not-resolved,0,0,7,chars/74F1.json
瓴,B,líng,,rãnh lõm của ngói,resolved,瓦,Bộ Ngõa,record-radical,0,0,7,chars/74F4.json
瓵,C,yí,,vại đất,not-resolved,,,not-resolved,0,0,7,chars/74F5.json
瓶,A,píng,Bình,chai,resolved,瓦,Bộ Ngõa,record-radical,6,10,3,chars/74F6.json
瓷,A,cí,Dậu / Sứ,sứ,resolved,瓦,Bộ Ngõa,record-radical,6,10,6,chars/74F7.json
瓸,C,bǎi wǎ,,hectowatt (cũ); chữ đơn tương đương với 百瓦,not-resolved,,,not-resolved,0,0,7,chars/74F8.json
瓻,C,chī,,hũ rượu lớn,not-resolved,,,not-resolved,0,0,7,chars/74FB.json
瓼,C,lǐ wǎ,,centiwatt (cũ),not-resolved,,,not-resolved,0,0,7,chars/74FC.json
瓿,B,bù,,một loại bình (cổ); xem 安瓿[an1 bu4],resolved,瓦,Bộ Ngõa,record-radical,1,0,7,chars/74FF.json
甀,C,zhuì,,bình có miệng nhỏ,not-resolved,,,not-resolved,0,0,7,chars/7500.json
甁,C,píng,,biến thể của 瓶[ping2],not-resolved,,,not-resolved,0,0,7,chars/7501.json
甃,C,zhòu,,gạch xây giếng,not-resolved,,,not-resolved,0,0,7,chars/7503.json
甄,B,Zhēn,,họ [Zhen1],resolved,瓦,Bộ Ngõa,record-radical,5,0,7,chars/7504.json
甇,C,yīng,,lọ đất có cổ dài,not-resolved,,,not-resolved,0,0,7,chars/7507.json
甋,C,dì,,cái chum không quai,not-resolved,,,not-resolved,0,0,7,chars/750B.json
甍,C,méng,Mành,xà mái đỡ ngói; sống nóc nhà,not-resolved,,,not-resolved,0,0,7,chars/750D.json
甏,B,bèng,,"chum thấp dùng để đựng rượu, nước sốt, v.v.",resolved,瓦,Bộ Ngõa,record-radical,0,0,7,chars/750F.json
甑,B,zèng,,nồi lớn; nồi cơm,resolved,瓦,Bộ Ngõa,record-radical,0,0,7,chars/7511.json
甒,C,wǔ,,bình; chum,not-resolved,,,not-resolved,0,0,7,chars/7512.json
甓,B,pì,Bịch,ngói tráng men,resolved,瓦,Bộ Ngõa,record-radical,0,0,7,chars/7513.json
甔,C,dān,,chum lớn,not-resolved,,,not-resolved,0,0,7,chars/7514.json
甗,C,yǎn,,đồ đất nung,not-resolved,,,not-resolved,0,0,7,chars/7517.json
甘,A,Gān,Bả / Cam,họ [Gan1]; viết tắt của tỉnh Cam Túc 甘肅省|甘肃省[Gan1su4 Sheng3],resolved,甘,Bộ Cam,self-radical,7,10,6,chars/7518.json
甙,B,dài,,"thuật ngữ cũ của 糖苷[tang2 gan1], glycoside",resolved,甘,Bộ Cam,record-radical,0,0,7,chars/7519.json
甚,A,shèn,Thậm,"Rất, quá; gì, nào",resolved,甘,Bộ Cam,record-radical,6,8,4,chars/751A.json
甛,C,tián,,biến thể cũ của 甜[tian2],not-resolved,,,not-resolved,0,0,7,chars/751B.json
甜,A,tián,,ngọt,resolved,舌,Bộ Thiệt,record-radical,7,10,3,chars/751C.json
甝,C,hán,,hổ trắng,not-resolved,,,not-resolved,0,0,7,chars/751D.json
生,A,shēng,Sinh,"sinh, sinh ra",resolved,生,Bộ Sinh,self-radical,20,10,1,chars/751F.json
甡,C,shēn,,quần chúng; đám đông,not-resolved,,,not-resolved,0,0,7,chars/7521.json
産,B,chǎn,Sản,biến thể Nhật Bản của 產|产,resolved,生,Bộ Sinh,record-radical,0,0,7,chars/7523.json
甤,C,ruí,,,resolved,生,Bộ Sinh,record-radical,0,0,,chars/7524.json
甥,C,shēng,,con trai của chị gái; cháu trai,not-resolved,,,not-resolved,3,0,7,chars/7525.json
用,A,yòng,Dụng,sử dụng,resolved,用,Bộ Dụng,self-radical,20,10,3,chars/7528.json
甩,C,shuǎi,,vung,not-resolved,,,not-resolved,6,4,5,chars/7529.json
甪,C,Lù,,họ [Lu4]; tên địa danh,not-resolved,,,not-resolved,0,0,7,chars/752A.json
甫,B,fǔ,Phủ,(văn cổ) vừa mới; vừa,resolved,屮,Bộ Triệt,record-radical,6,0,7,chars/752B.json
甬,C,Yǒng,,sông Vĩnh 甬江[Yong3 Jiang1] ở Ninh Ba 寧波|宁波[Ning2 bo1]; tên gọi tắt của Ninh Ba,not-resolved,,,not-resolved,1,0,7,chars/752C.json
甭,C,béng,,đừng,not-resolved,,,not-resolved,0,0,6,chars/752D.json
甮,C,béng,,biến thể cũ của 甭[beng2]; không cần,not-resolved,,,not-resolved,0,0,7,chars/752E.json
田,A,tián,Điền,cánh đồng,resolved,田,Bộ Điền,self-radical,7,10,6,chars/7530.json
由,C,yóu,Do,bởi,not-resolved,,,not-resolved,13,10,4,chars/7531.json
甲,C,jiǎ,Giáp,thứ nhất,not-resolved,,,not-resolved,6,10,5,chars/7532.json
申,C,Shēn,,tên cũ của Thượng Hải 上海[Shang4hai3]; họ [Shen1],not-resolved,,,not-resolved,8,10,4,chars/7533.json
甴,C,zhá,,dùng trong 曱甴[yue1 zha2],not-resolved,,,not-resolved,0,0,7,chars/7534.json
电,C,diàn,,điện,not-resolved,,,not-resolved,20,10,1,chars/7535.json
男,A,nán,Nam,nam,resolved,田,Bộ Điền,record-radical,10,10,2,chars/7537.json
甸,A,Diàn,,họ [Dian4],resolved,勹,Bộ Bao,record-radical,6,4,7,chars/7538.json
甹,C,pīng,,hiệp sĩ nghĩa hiệp,not-resolved,,,not-resolved,0,0,7,chars/7539.json
町,B,dīng,,(dùng trong địa danh),resolved,田,Bộ Điền,record-radical,3,0,7,chars/753A.json
画,A,huà,Hoạ,"bức tranh, vẽ",resolved,聿,Bộ Duật,record-radical,20,10,3,chars/753B.json
甽,C,quǎn,,"mương thoát nước giữa các ruộng, tưới tiêu",not-resolved,,,not-resolved,0,0,7,chars/753D.json
甾,C,zāi,,nhân steroid,not-resolved,,,not-resolved,0,0,7,chars/753E.json
甿,C,méng,,biến thể của 氓[meng2],not-resolved,,,not-resolved,0,0,7,chars/753F.json
畀,C,bì,,ban cho; đưa cho,not-resolved,,,not-resolved,0,0,7,chars/7540.json
畁,C,bì,,biến thể của 畀[bi4],not-resolved,,,not-resolved,0,0,7,chars/7541.json
畄,C,liú,,biến thể cũ của 留[liu2],not-resolved,,,not-resolved,0,0,7,chars/7544.json
畅,C,chàng,Sướng,tự do; không bị cản trở,not-resolved,,,not-resolved,9,10,6,chars/7545.json
畇,C,yún,,đất khai hoang,not-resolved,,,not-resolved,0,0,7,chars/7547.json
畈,B,fàn,,cánh đồng; nông trại,resolved,田,Bộ Điền,record-radical,0,0,7,chars/7548.json
畋,C,tián,,canh tác (đất); săn bắn,not-resolved,,,not-resolved,0,0,7,chars/754B.json
界,A,jiè,Giới,giới hạn,resolved,田,Bộ Điền,record-radical,15,10,3,chars/754C.json
畎,B,quǎn,,kênh thoát nước ruộng,resolved,田,Bộ Điền,record-radical,0,0,7,chars/754E.json
畏,A,wèi,Uý,sợ,resolved,鬼,Bộ Quỷ,record-radical,6,10,6,chars/754F.json
畐,C,fú,,,not-resolved,,,not-resolved,0,0,7,chars/7550.json
畑,C,tián,Đèn,"dùng trong tên tiếng Nhật với giá trị ngữ âm hatake, bata, v.v.; ruộng khô (tức là không phải ruộng lúa nước)",not-resolved,,,not-resolved,0,0,7,chars/7551.json
畒,C,mǔ,,biến thể cũ của 畝|亩[mu3],not-resolved,,,not-resolved,0,0,7,chars/7552.json
畓,C,xx,,phiên âm dap hoặc dābo; ruộng lúa (chữ Hán Hàn),not-resolved,,,not-resolved,0,0,7,chars/7553.json
畔,C,pàn,,(hình thức kết hợp) bên; rìa,not-resolved,,,not-resolved,3,3,6,chars/7554.json
留,A,liú,Lưu,ở lại,resolved,田,Bộ Điền,record-radical,20,10,4,chars/7559.json
畚,C,běn,,"một cái giỏ hoặc cái xẻng dùng để đựng đất, phân, v.v.",not-resolved,,,not-resolved,2,0,7,chars/755A.json
畛,B,zhěn,,ranh giới; ranh mốc,resolved,田,Bộ Điền,record-radical,1,0,7,chars/755B.json
畜,A,chù,Chuỗi / Súc,gia súc; động vật đã được thuần hóa,resolved,田,Bộ Điền,record-radical,6,9,6,chars/755C.json
畟,C,cè,,sắc bén,not-resolved,,,not-resolved,0,0,7,chars/755F.json
畤,C,zhì,,hiến tế cổ,not-resolved,,,not-resolved,0,0,7,chars/7564.json
略,A,lüè,Lược,một chút,resolved,田,Bộ Điền,record-radical,9,10,5,chars/7565.json
畦,B,qí,,mảnh đất nông nghiệp nhỏ; phiên âm Đài Loan [xi1],resolved,田,Bộ Điền,record-radical,1,0,7,chars/7566.json
番,A,fān,Dẻo / Phen,lần,resolved,田,Bộ Điền,record-radical,8,10,6,chars/756A.json
畯,C,jùn,,quản đốc; thảo nguyên,not-resolved,,,not-resolved,0,0,7,chars/756F.json
畲,C,Shē,,dân tộc She,not-resolved,,,not-resolved,2,0,7,chars/7572.json
畳,C,dié,,biến thể tiếng Nhật của 疊|叠[die2]; chiếu tatami Nhật Bản,not-resolved,,,not-resolved,0,0,7,chars/7573.json
畴,A,chóu,,đồng ruộng; ruộng canh tác,resolved,田,Bộ Điền,record-radical,5,4,6,chars/7574.json
畵,C,huà,,biến thể của 畫|画[hua4],not-resolved,,,not-resolved,0,0,7,chars/7575.json
畷,C,chuò,,lối đi nâng giữa các thửa ruộng,not-resolved,,,not-resolved,0,0,7,chars/7577.json
畸,C,jī,,lệch; lệch lạc,not-resolved,,,not-resolved,4,4,7,chars/7578.json
畹,B,wǎn,,một mảnh ruộng 20 hoặc 30 mẫu,resolved,田,Bộ Điền,record-radical,2,0,7,chars/7579.json
畺,C,jiāng,Cưng,biến thể cũ của 疆[jiang1],not-resolved,,,not-resolved,0,0,7,chars/757A.json
畽,C,tuǎn,,nơi động vật giẫm lên,not-resolved,,,not-resolved,0,0,7,chars/757D.json
畾,C,léi,,ruộng được chia bởi bờ đê,not-resolved,,,not-resolved,0,0,7,chars/757E.json
畿,B,jī,,vùng lãnh thổ xung quanh kinh đô,resolved,田,Bộ Điền,record-radical,1,0,7,chars/757F.json
疃,B,tuǎn,,làng; dấu vết động vật,resolved,田,Bộ Điền,record-radical,0,0,7,chars/7583.json
疆,C,jiāng,,biên giới; ranh giới,not-resolved,,,not-resolved,6,9,6,chars/7586.json
疋,B,pǐ,Sất,"Ðủ, chân",resolved,疋,Bộ Sơ,self-radical,0,0,7,chars/758B.json
疌,C,jié,,,resolved,疋,Bộ Sơ,record-radical,0,0,,chars/758C.json
疍,C,Dàn,,biến thể của 蜑[Dan4],not-resolved,,,not-resolved,0,0,7,chars/758D.json
疏,C,shū,Sớ,biến thể của 疏[shu1],not-resolved,,,not-resolved,7,10,6,chars/758F.json
疐,C,zhì,,ngã sấp mặt,not-resolved,,,not-resolved,0,0,7,chars/7590.json
疑,C,yí,,(hình thức kết hợp) nghi ngờ; hoài nghi,not-resolved,,,not-resolved,13,10,4,chars/7591.json
疒,B,nǐ,,bệnh tật.,resolved,疒,Bộ Nạch,self-radical,0,0,7,chars/7592.json
疔,B,dīng,Đinh,mụn nhọt; ung nhọt,resolved,疒,Bộ Nạch,record-radical,0,0,7,chars/7594.json
疕,C,bǐ,,bệnh về da mặt; hắc lào,not-resolved,,,not-resolved,0,0,7,chars/7595.json
疖,B,jié,,mụn nhọt; vết lở,resolved,疒,Bộ Nạch,record-radical,0,0,7,chars/7596.json
疗,A,liáo,Lểu,điều trị; chữa trị,resolved,疒,Bộ Nạch,record-radical,8,10,5,chars/7597.json
疙,A,gē,,mụn cóc; mụn cơm,resolved,疒,Bộ Nạch,record-radical,4,3,6,chars/7599.json
疚,A,jiù,Nhíu,bệnh mãn tính; cảm giác tội lỗi,resolved,疒,Bộ Nạch,record-radical,4,2,7,chars/759A.json
疝,B,shàn,,bệnh thoát vị,resolved,疒,Bộ Nạch,record-radical,1,0,7,chars/759D.json
疟,B,nüè,,bệnh sốt rét,resolved,疒,Bộ Nạch,record-radical,4,0,7,chars/759F.json
疠,C,lì,,loét; dịch bệnh,not-resolved,,,not-resolved,1,0,7,chars/75A0.json
疡,B,yáng,,loét; vết loét,resolved,疒,Bộ Nạch,record-radical,1,0,7,chars/75A1.json
疢,C,chèn,,(bệnh),not-resolved,,,not-resolved,0,0,7,chars/75A2.json
疣,B,yóu,,nốt sùi; mụn cóc,resolved,疒,Bộ Nạch,record-radical,3,0,7,chars/75A3.json
疤,A,bā,,sẹo,resolved,疒,Bộ Nạch,record-radical,6,1,6,chars/75A4.json
疥,B,jiè,,bệnh ghẻ,resolved,疒,Bộ Nạch,record-radical,1,0,7,chars/75A5.json
疧,C,zhī,,(văn học) bệnh; Đài Loan phát âm [zhi1],not-resolved,,,not-resolved,0,0,7,chars/75A7.json
疫,A,yì,Dịch,(hình thức kết hợp) dịch bệnh; bệnh dịch,resolved,疒,Bộ Nạch,record-radical,7,10,6,chars/75AB.json
疬,B,lì,,xem 瘰癧|瘰疬[luo3 li4],resolved,疒,Bộ Nạch,record-radical,0,0,7,chars/75AC.json
疭,B,zòng,,dùng trong 瘛瘲|瘛疭[chi4 zong4],resolved,疒,Bộ Nạch,record-radical,0,0,7,chars/75AD.json
疮,B,chuāng,,vết loét; loét da,resolved,疒,Bộ Nạch,record-radical,6,0,7,chars/75AE.json
疯,A,fēng,Phong,"điên, điên rồ",resolved,疒,Bộ Nạch,record-radical,6,7,5,chars/75AF.json
疱,B,pào,,mụn nhọt; mụn trứng cá,resolved,疒,Bộ Nạch,record-radical,3,0,7,chars/75B1.json
疲,A,pí,Bì,mệt mỏi,resolved,疒,Bộ Nạch,record-radical,7,10,5,chars/75B2.json
疳,B,gān,,bệnh còi xương,resolved,疒,Bộ Nạch,record-radical,0,0,7,chars/75B3.json
疴,B,kē,,bệnh (văn học); cũng đọc là [e1],resolved,疒,Bộ Nạch,record-radical,1,0,7,chars/75B4.json
疵,B,cī,,vết chàm; khuyết điểm,resolved,疒,Bộ Nạch,record-radical,3,0,7,chars/75B5.json
疶,C,xiè,,bệnh lỵ,not-resolved,,,not-resolved,0,0,7,chars/75B6.json
疸,B,da,Đớn,dùng trong 疙疸[ge1 da5],resolved,疒,Bộ Nạch,record-radical,2,0,7,chars/75B8.json
疹,B,zhěn,Chẩn,bệnh sởi; phát ban,resolved,疒,Bộ Nạch,record-radical,6,0,7,chars/75B9.json
疼,A,téng,,đau; nhức,resolved,疒,Bộ Nạch,record-radical,6,10,3,chars/75BC.json
疽,B,jū,Thư,hoại thư,resolved,疒,Bộ Nạch,record-radical,5,0,7,chars/75BD.json
疾,A,jí,Tật,(dạng kết hợp) bệnh; bệnh tật; (dạng kết hợp) nhanh,resolved,疒,Bộ Nạch,record-radical,6,10,6,chars/75BE.json
痁,C,diàn,,sốt rét,not-resolved,,,not-resolved,0,0,7,chars/75C1.json
痂,B,jiā,,vảy,resolved,疒,Bộ Nạch,record-radical,4,0,7,chars/75C2.json
痃,C,xuán,,,resolved,疒,Bộ Nạch,record-radical,0,0,,chars/75C3.json
痄,B,zhà,,bệnh quai bị,resolved,疒,Bộ Nạch,record-radical,0,0,7,chars/75C4.json
病,A,bìng,Bệnh,bệnh,resolved,疒,Bộ Nạch,record-radical,20,10,2,chars/75C5.json
症,A,zhèng,Chứng,bệnh; tình trạng bệnh,resolved,疒,Bộ Nạch,record-radical,9,10,6,chars/75C7.json
痈,B,yōng,Ung,nhọt độc,resolved,疒,Bộ Nạch,record-radical,2,0,7,chars/75C8.json
痉,B,jìng,,co thắt,resolved,疒,Bộ Nạch,record-radical,2,0,7,chars/75C9.json
痊,C,quán,Thuyên,hồi phục (sau bệnh),not-resolved,,,not-resolved,1,0,7,chars/75CA.json
痌,C,tōng,,rên rỉ vì đau đớn,not-resolved,,,not-resolved,0,0,7,chars/75CC.json
痍,B,yí,,vết bầm; chỗ lở loét,resolved,疒,Bộ Nạch,record-radical,2,0,7,chars/75CD.json
痏,C,wěi,,vết bầm hoặc đụng dập,not-resolved,,,not-resolved,0,0,7,chars/75CF.json
痒,A,yǎng,,ngứa,resolved,疒,Bộ Nạch,record-radical,6,4,5,chars/75D2.json
痔,B,zhì,Trĩ,bệnh trĩ; trĩ,resolved,疒,Bộ Nạch,record-radical,1,0,7,chars/75D4.json
痕,A,hén,Nốt / Ngấn,vết sẹo; dấu vết,resolved,疒,Bộ Nạch,record-radical,6,10,6,chars/75D5.json
痖,B,yǎ,,"câm, không có khả năng nói; giống như 啞|哑[ya3]",resolved,疒,Bộ Nạch,record-radical,0,0,7,chars/75D6.json
痗,C,mèi,,bệnh do lo lắng gây ra,not-resolved,,,not-resolved,0,0,7,chars/75D7.json
痘,A,dòu,Đậu,"Đậu (bệnh đậu mùa, mụn nhọt, nốt sần).",resolved,疒,Bộ Nạch,record-radical,5,2,7,chars/75D8.json
痚,C,xiāo,,hen suyễn; khó thở,not-resolved,,,not-resolved,0,0,7,chars/75DA.json
痛,A,tòng,Thống,đau; đau đớn,resolved,疒,Bộ Nạch,record-radical,9,10,5,chars/75DB.json
痜,C,tū,,biến thể cũ của 禿|秃[tu1]; hói,not-resolved,,,not-resolved,0,0,7,chars/75DC.json
痞,B,pǐ,,táo bón; cục ở bụng,resolved,疒,Bộ Nạch,record-radical,4,0,7,chars/75DE.json
痠,C,suān,,biến thể của 酸[suan1]; đau nhức,not-resolved,,,not-resolved,0,0,7,chars/75E0.json
痡,C,pū,,ốm yếu; tàn tật,not-resolved,,,not-resolved,0,0,7,chars/75E1.json
痢,B,lì,Lị,bệnh kiết lị,resolved,疒,Bộ Nạch,record-radical,3,0,7,chars/75E2.json
痣,C,zhì,,vết bớt; nốt ruồi,not-resolved,,,not-resolved,3,0,7,chars/75E3.json
痤,B,cuó,,mụn trứng cá,resolved,疒,Bộ Nạch,record-radical,1,0,7,chars/75E4.json
痦,B,wù,,nốt ruồi (phẳng),resolved,疒,Bộ Nạch,record-radical,1,0,7,chars/75E6.json
痧,B,shā,,bệnh tả,resolved,疒,Bộ Nạch,record-radical,1,0,7,chars/75E7.json
痨,B,láo,Còm / Lao,bệnh lao,resolved,疒,Bộ Nạch,record-radical,3,0,7,chars/75E8.json
痩,C,shòu,,biến thể tiếng Nhật của 瘦[shou4],not-resolved,,,not-resolved,0,0,7,chars/75E9.json
痪,A,huàn,,dùng trong 癱瘓|瘫痪[tan1huan4],resolved,疒,Bộ Nạch,record-radical,1,4,6,chars/75EA.json
痫,B,xián,,bệnh động kinh; tâm thần,resolved,疒,Bộ Nạch,record-radical,2,0,7,chars/75EB.json
痭,C,péng,,băng kinh,not-resolved,,,not-resolved,0,0,7,chars/75ED.json
痯,C,guǎn,,nhìn ốm yếu,not-resolved,,,not-resolved,0,0,7,chars/75EF.json
痰,A,tán,Đờm,đờm,resolved,疒,Bộ Nạch,record-radical,3,1,7,chars/75F0.json
痱,B,fèi,,biến thể của 痱[fei4],resolved,疒,Bộ Nạch,record-radical,1,0,7,chars/75F1.json
痲,B,má,,bệnh phong; tê,resolved,疒,Bộ Nạch,record-radical,0,0,7,chars/75F2.json
痳,C,lín,,thoát vị; khó tiểu,not-resolved,,,not-resolved,0,0,7,chars/75F3.json
痴,A,chī,,đần độn; tình cảm,resolved,疒,Bộ Nạch,record-radical,7,10,7,chars/75F4.json
痵,C,jì,,giật mình lo lắng trong giấc ngủ,not-resolved,,,not-resolved,0,0,7,chars/75F5.json
痹,A,bì,Tê,bị liệt; tê liệt,resolved,疒,Bộ Nạch,record-radical,4,3,6,chars/75F9.json
痻,C,mín,,bị bệnh,not-resolved,,,not-resolved,0,0,7,chars/75FB.json
痼,B,gù,,"bệnh cố hữu; (về đam mê, sở thích) dài hạn",resolved,疒,Bộ Nạch,record-radical,3,0,7,chars/75FC.json
痿,B,wěi,Oải,teo cơ,resolved,疒,Bộ Nạch,record-radical,1,0,7,chars/75FF.json
瘀,B,yū,Ứ,tụ máu (cục máu đông bên trong); máu thoát mạch (tràn vào mô xung quanh),resolved,疒,Bộ Nạch,record-radical,3,0,7,chars/7600.json
瘁,B,cuì,Tuỵ,mệt mỏi; phiền muộn,resolved,疒,Bộ Nạch,record-radical,3,0,7,chars/7601.json
瘃,B,zhú,,cước chinh,resolved,疒,Bộ Nạch,record-radical,0,0,7,chars/7603.json
瘅,B,dān,,(bệnh),resolved,疒,Bộ Nạch,record-radical,1,0,7,chars/7605.json
瘆,C,shèn,,làm kinh hãi,not-resolved,,,not-resolved,0,0,7,chars/7606.json
瘈,C,jì,,giận dữ; chứng sợ nước,not-resolved,,,not-resolved,0,0,7,chars/7608.json
瘉,C,yù,,chữa lành,not-resolved,,,not-resolved,0,0,7,chars/7609.json
瘊,B,hóu,,mụn cóc,resolved,疒,Bộ Nạch,record-radical,1,0,7,chars/760A.json
瘌,B,là,,bệnh ghẻ; bệnh tróc vảy da đầu,resolved,疒,Bộ Nạch,record-radical,0,0,7,chars/760C.json
瘏,C,tú,,bị thương; ốm (về động vật),not-resolved,,,not-resolved,0,0,7,chars/760F.json
瘐,B,yǔ,,ngược đãi (như tù nhân),resolved,疒,Bộ Nạch,record-radical,0,0,7,chars/7610.json
瘕,B,jiǎ,,tắc nghẽn trong ruột,resolved,疒,Bộ Nạch,record-radical,0,0,7,chars/7615.json
瘖,C,yīn,Ốm,câm,not-resolved,,,not-resolved,0,0,7,chars/7616.json
瘗,B,yì,,chôn; tế,resolved,土,Bộ Thổ,record-radical,0,0,7,chars/7617.json
瘘,B,lòu,,rò luân; loét,resolved,疒,Bộ Nạch,record-radical,1,0,7,chars/7618.json
瘙,B,sào,,ngứa; thuật ngữ cũ chỉ bệnh ghẻ,resolved,疒,Bộ Nạch,record-radical,1,0,7,chars/7619.json
瘚,C,jué,,nấc cụt; dịch cơ thể,not-resolved,,,not-resolved,0,0,7,chars/761A.json
瘛,B,chì,,dùng trong 瘛瘲|瘛疭[chi4zong4]; tiếng Đài Loan đọc là [qi4],resolved,疒,Bộ Nạch,record-radical,0,0,7,chars/761B.json
瘜,B,xī,,u nhú,resolved,疒,Bộ Nạch,record-radical,0,0,7,chars/761C.json
瘝,C,guān,,mất khả năng; không hiệu quả,not-resolved,,,not-resolved,0,0,7,chars/761D.json
瘟,A,wēn,Ôn,dịch bệnh; ôn dịch; bệnh dịch; (bóng) ngu ngốc; đần độn; (một buổi diễn) không có sức sống,resolved,疒,Bộ Nạch,record-radical,3,3,7,chars/761F.json
瘠,B,jí,,cằn cỗi; gầy,resolved,疒,Bộ Nạch,record-radical,3,0,7,chars/7620.json
瘢,B,bān,Ban,vết; sẹo trên da,resolved,疒,Bộ Nạch,record-radical,1,0,7,chars/7622.json
瘤,A,liú,,khối u,resolved,疒,Bộ Nạch,record-radical,6,7,6,chars/7624.json
瘥,B,chài,,hồi phục sau bệnh,resolved,疒,Bộ Nạch,record-radical,0,0,7,chars/7625.json
瘦,A,shòu,Xấu,gầy,resolved,疒,Bộ Nạch,record-radical,7,5,3,chars/7626.json
瘨,C,diān,,co giật; điên,not-resolved,,,not-resolved,0,0,7,chars/7628.json
瘩,A,dá,,lở; nhọt,resolved,疒,Bộ Nạch,record-radical,3,3,6,chars/7629.json
瘪,B,biě,,biến thể của 癟|瘪[bie3],resolved,疒,Bộ Nạch,record-radical,3,0,7,chars/762A.json
瘫,A,tān,,bị liệt,resolved,疒,Bộ Nạch,record-radical,6,4,6,chars/762B.json
瘭,B,biāo,,lở móng tay,resolved,疒,Bộ Nạch,record-radical,0,0,7,chars/762D.json
瘯,C,cù,,(bệnh da),not-resolved,,,not-resolved,0,0,7,chars/762F.json
瘰,B,luǒ,,bệnh lao hạch; lao tuyến,resolved,疒,Bộ Nạch,record-radical,0,0,7,chars/7630.json
瘳,B,chōu,,hồi phục; bình phục,resolved,疒,Bộ Nạch,record-radical,0,0,7,chars/7633.json
瘴,B,zhàng,Chướng,sốt rét; dịch khí độc,resolved,疒,Bộ Nạch,record-radical,2,0,7,chars/7634.json
瘵,B,zhài,,ổ nhiễm trùng lao,resolved,疒,Bộ Nạch,record-radical,0,0,7,chars/7635.json
瘸,B,qué,,què,resolved,疒,Bộ Nạch,record-radical,3,0,6,chars/7638.json
瘺,C,lòu,,biến thể của 瘻|瘘[lou4],not-resolved,,,not-resolved,0,0,7,chars/763A.json
瘼,B,mò,,đau khổ; bệnh tật,resolved,疒,Bộ Nạch,record-radical,0,0,7,chars/763C.json
瘾,A,yǐn,,nghiện,resolved,疒,Bộ Nạch,record-radical,6,8,6,chars/763E.json
瘿,B,yǐng,,bướu cổ; mấu trên cây,resolved,疒,Bộ Nạch,record-radical,0,0,7,chars/763F.json
癀,B,huáng,,dùng trong 癀病[huang2 bing4],resolved,疒,Bộ Nạch,record-radical,0,0,7,chars/7640.json
癃,B,lóng,,bệnh tật; bí tiểu,resolved,疒,Bộ Nạch,record-radical,0,0,7,chars/7643.json
癌,A,ái,,ung thư,resolved,疒,Bộ Nạch,record-radical,6,7,6,chars/764C.json
癍,C,bān,,lắng đọng sắc tố bất thường trên da,not-resolved,,,not-resolved,0,0,,chars/764D.json
癎,C,xián,,"biến thể của 癇|痫, bệnh động kinh",not-resolved,,,not-resolved,0,0,7,chars/764E.json
癔,B,yì,,xem 癔病[yi4 bing4],resolved,疒,Bộ Nạch,record-radical,1,0,7,chars/7654.json
癕,C,yōng,,biến thể cũ của 癰|痈[yong1],not-resolved,,,not-resolved,0,0,7,chars/7655.json
癖,B,pǐ,,thói quen; sở thích,resolved,疒,Bộ Nạch,record-radical,6,0,7,chars/7656.json
癙,C,shǔ,,bệnh do lo lắng,not-resolved,,,not-resolved,0,0,7,chars/7659.json
癜,B,diàn,Đẹn,ban đỏ; bệnh bạch biến,resolved,疒,Bộ Nạch,record-radical,1,0,7,chars/765C.json
癞,B,lài,,bệnh ghẻ; bệnh ngoài da,resolved,疒,Bộ Nạch,record-radical,2,0,7,chars/765E.json
癠,C,jì,,ốm; bệnh tật,not-resolved,,,not-resolved,0,0,7,chars/7660.json
癣,B,xuǎn,,bệnh hắc lào; tiếng Đài Loan đọc là [xian3],resolved,疒,Bộ Nạch,record-radical,5,0,7,chars/7663.json
癪,C,jī,,co thắt; co giật,not-resolved,,,not-resolved,0,0,7,chars/766A.json
癫,B,diān,Điên,rối loạn tâm thần; điên,resolved,疒,Bộ Nạch,record-radical,4,0,7,chars/766B.json
癯,B,qú,,gầy; gầy mòn,resolved,疒,Bộ Nạch,record-radical,1,0,7,chars/766F.json
癶,B,bō,,"Gạt ra, đạp",resolved,癶,Bộ Bát,self-radical,0,0,,chars/7676.json
癸,C,guǐ,Quý,thiên can thứ mười trong mười Thiên Can 十天干[shi2 tian1 gan1]; thứ mười trong thứ tự,not-resolved,,,not-resolved,6,0,7,chars/7678.json
発,C,fā,,biến thể tiếng Nhật của 發|发,not-resolved,,,not-resolved,0,0,7,chars/767A.json
登,A,dēng,Đăng,leo lên,resolved,舛,Bộ Suyễn,record-radical,10,10,4,chars/767B.json
白,A,bái,Bạch,trắng,resolved,白,Bộ Bạch,self-radical,20,10,2,chars/767D.json
百,A,bǎi,Vầu / Bách,Trăm,resolved,一,Bộ Nhất,record-radical,12,10,2,chars/767E.json
癿,C,qié,,(dùng trong địa danh),not-resolved,,,not-resolved,0,0,7,chars/767F.json
皀,C,bī,,một hạt,not-resolved,,,not-resolved,0,0,7,chars/7680.json
皁,C,zào,,"màu đen; người chạy việc cho quan, từ trang phục đen họ từng mặc",not-resolved,,,not-resolved,0,0,7,chars/7681.json
皂,C,zào,,xà phòng; màu đen,not-resolved,,,not-resolved,7,9,5,chars/7682.json
皃,C,mào,,biến thể của 貌[mao4],not-resolved,,,not-resolved,0,0,7,chars/7683.json
的,A,de,Đích,một hạt,resolved,白,Bộ Bạch,record-radical,18,10,1,chars/7684.json
皅,C,pā,,,resolved,白,Bộ Bạch,record-radical,0,0,,chars/7685.json
皆,A,jiē,Giai,tất cả,resolved,比,Bộ Tỷ,record-radical,6,9,6,chars/7686.json
皇,C,Huáng,Hoàng,họ [Huang2],not-resolved,,,not-resolved,9,10,6,chars/7687.json
皈,C,guī,,tuân theo; theo,not-resolved,,,not-resolved,2,0,7,chars/7688.json
皋,C,gāo,Đậu / Cau,bờ; đầm lầy,not-resolved,,,not-resolved,6,0,7,chars/768B.json
皌,C,mò,,xem 開皌|开皌[kai1 mo4],not-resolved,,,not-resolved,0,0,7,chars/768C.json
皎,B,jiǎo,,sáng; trắng,resolved,白,Bộ Bạch,record-radical,3,0,7,chars/768E.json
皑,B,ái,,(văn học) trắng như tuyết,resolved,白,Bộ Bạch,record-radical,2,0,7,chars/7691.json
皒,B,é,,xem 皒皒[e2 e2],resolved,白,Bộ Bạch,record-radical,0,0,7,chars/7692.json
皓,B,hào,,biến thể của 皓[hao4],resolved,白,Bộ Bạch,record-radical,6,0,7,chars/7693.json
皕,C,bì,,hai trăm (ít dùng); 200,not-resolved,,,not-resolved,0,0,7,chars/7695.json
皖,B,Wǎn,,tên gọi tắt của tỉnh An Huy 安徽省[An1 hui1 Sheng3],resolved,白,Bộ Bạch,record-radical,2,0,7,chars/7696.json
皘,C,qiàn,,trắng,not-resolved,,,not-resolved,0,0,7,chars/7698.json
皝,C,huǎng,,"phát sáng; sáng rực, trắng",not-resolved,,,not-resolved,0,0,7,chars/769D.json
皞,C,hào,,sáng; rực rỡ,not-resolved,,,not-resolved,0,0,7,chars/769E.json
皤,B,pó,,trắng,resolved,白,Bộ Bạch,record-radical,0,0,7,chars/76A4.json
皦,B,Jiǎo,,họ [Jiao3],resolved,白,Bộ Bạch,record-radical,0,0,7,chars/76A6.json
皨,C,xīng,,biến thể cũ của 星[xing1],not-resolved,,,not-resolved,0,0,7,chars/76A8.json
皪,C,lì,,độ bóng (của ngọc trai),not-resolved,,,not-resolved,0,0,7,chars/76AA.json
皫,C,piǎo,,trắng,not-resolved,,,not-resolved,0,0,7,chars/76AB.json
皭,C,jiào,,thuần khiết,not-resolved,,,not-resolved,0,0,7,chars/76AD.json
皮,A,pí,Bì,da,resolved,皮,Bộ Bì,self-radical,10,10,3,chars/76AE.json
皱,A,zhòu,,nhăn nhó,resolved,皮,Bộ Bì,record-radical,6,8,6,chars/76B1.json
皲,B,jūn,,nứt nẻ,resolved,皮,Bộ Bì,record-radical,0,0,7,chars/76B2.json
皴,B,cūn,,nứt nẻ; rạn nứt,resolved,皮,Bộ Bì,record-radical,1,0,7,chars/76B4.json
皻,C,cǔ,,da nứt nẻ,not-resolved,,,not-resolved,0,0,7,chars/76BB.json
皽,C,zhǎn,,(văn học) tế bào da chết trên bề mặt da; Đài Loan đọc là [zhan3],not-resolved,,,not-resolved,0,0,7,chars/76BD.json
皿,A,mǐn,Mãnh,"Ðồ, các đồ bát đĩa đều gọi là ""mãnh""",resolved,皿,Bộ Mãnh,self-radical,2,1,7,chars/76BF.json
盂,B,yú,,chậu; bình hoặc hũ miệng rộng,resolved,皿,Bộ Mãnh,record-radical,6,0,7,chars/76C2.json
盅,B,zhōng,,chén không quai; ly,resolved,皿,Bộ Mãnh,record-radical,1,0,7,chars/76C5.json
盆,A,pén,Phơ / Bồn,chậu,resolved,皿,Bộ Mãnh,record-radical,8,10,5,chars/76C6.json
盈,A,yíng,Dềnh,đầy; được lấp đầy,resolved,皿,Bộ Mãnh,record-radical,6,10,6,chars/76C8.json
益,C,Yì,Ích,họ [Yi4],not-resolved,,,not-resolved,11,10,5,chars/76CA.json
盋,C,bō,,biến thể không phổ biến của 缽|钵[bo1],not-resolved,,,not-resolved,0,0,7,chars/76CB.json
盍,C,hé,,biến thể của 盍[he2],not-resolved,,,not-resolved,0,0,7,chars/76CD.json
盎,B,àng,Áng,đồ gốm cổ có bụng to và miệng nhỏ; (văn học) tràn đầy; phong phú,resolved,皿,Bộ Mãnh,record-radical,5,0,7,chars/76CE.json
盏,C,zhǎn,Chén,cái (đèn),not-resolved,,,not-resolved,1,2,7,chars/76CF.json
盐,C,yán,,muối,not-resolved,,,not-resolved,6,6,4,chars/76D0.json
监,A,jiān,Giám,giám sát; kiểm tra,resolved,目,Bộ Mục,record-radical,9,10,6,chars/76D1.json
盒,A,hé,Hộp,hộp,resolved,皿,Bộ Mãnh,record-radical,6,9,4,chars/76D2.json
盔,A,kuī,Khôi,mũ bảo hiểm,resolved,皿,Bộ Mãnh,record-radical,4,2,7,chars/76D4.json
盖,A,gài,Cái,nắp,resolved,艸,Bộ Thảo,record-radical,7,10,5,chars/76D6.json
盗,C,dào,Đạo,ăn trộm,not-resolved,,,not-resolved,7,10,6,chars/76D7.json
盘,A,pán,Bàn,đĩa,resolved,皿,Bộ Mãnh,record-radical,11,10,3,chars/76D8.json
盚,C,Qiú,,họ [Qiu2],not-resolved,,,not-resolved,0,0,7,chars/76DA.json
盛,A,chéng,Thịnh,đổ đầy,resolved,皿,Bộ Mãnh,record-radical,15,10,6,chars/76DB.json
盝,C,lù,,"hộp, case",not-resolved,,,not-resolved,0,0,7,chars/76DD.json
盟,A,méng,,lời thề; cam kết,resolved,皿,Bộ Mãnh,record-radical,6,10,6,chars/76DF.json
盥,C,guàn,,rửa (đặc biệt là tay),not-resolved,,,not-resolved,2,0,7,chars/76E5.json
盦,C,ān,,đồ đựng,not-resolved,,,not-resolved,0,0,7,chars/76E6.json
盩,C,zhōu,,tên một quận ở Thiểm Tây,not-resolved,,,not-resolved,0,0,7,chars/76E9.json
盬,C,gǔ,,lọ đậy kín,not-resolved,,,not-resolved,0,0,7,chars/76EC.json
盭,C,lì,,không lý lẽ; bạo lực,not-resolved,,,not-resolved,0,0,7,chars/76ED.json
目,A,mù,Mục,mắt; (văn học) nhìn; quan sát,resolved,目,Bộ Mục,self-radical,20,10,3,chars/76EE.json
盯,A,dīng,,nhìn chằm chằm,resolved,目,Bộ Mục,record-radical,3,3,6,chars/76EF.json
盱,B,Xū,,họ [Xu1],resolved,目,Bộ Mục,record-radical,2,0,7,chars/76F1.json
盲,C,máng,Xồm / Manh,mù,not-resolved,,,not-resolved,6,10,6,chars/76F2.json
直,C,zhí,,thẳng,not-resolved,,,not-resolved,18,10,5,chars/76F4.json
盵,C,Qì,,họ [Qi4],not-resolved,,,not-resolved,0,0,7,chars/76F5.json
相,A,Xiāng,Tương,họ [Xiang1],resolved,木,Bộ Mộc,record-radical,20,10,3,chars/76F8.json
盹,A,dǔn,,chợp mắt; ngủ gật,resolved,目,Bộ Mục,record-radical,2,4,7,chars/76F9.json
盻,C,xì,,nhìn chằm chằm,not-resolved,,,not-resolved,0,0,7,chars/76FB.json
盼,A,pàn,,mong mỏi,resolved,目,Bộ Mục,record-radical,6,9,5,chars/76FC.json
盾,C,dùn,Thuẫn,cái khiên; (tiền tệ) đồng Việt Nam,not-resolved,,,not-resolved,6,10,5,chars/76FE.json
省,A,shěng,Tỉnh,tiết kiệm,resolved,目,Bộ Mục,record-radical,11,10,4,chars/7701.json
眂,C,shì,,biến thể cũ của 視|视[shi4],not-resolved,,,not-resolved,0,0,7,chars/7702.json
眄,B,miǎn,,liếc mắt; nhìn hé mắt,resolved,目,Bộ Mục,record-radical,0,0,7,chars/7704.json
眅,C,pān,,trợn mắt,not-resolved,,,not-resolved,0,0,7,chars/7705.json
眇,C,miǎo,Dẻo,mù một mắt; mù,not-resolved,,,not-resolved,0,0,7,chars/7707.json
眈,B,dān,Xẩm,nhìn chằm chằm,resolved,目,Bộ Mục,record-radical,1,0,7,chars/7708.json
眉,C,méi,Mi,lông mày; lề trên,not-resolved,,,not-resolved,9,10,5,chars/7709.json
眊,C,mào,,thị lực kém,not-resolved,,,not-resolved,0,0,7,chars/770A.json
看,A,kàn,Trầu / Khan,"nhìn, xem",resolved,手,Bộ Thủ,record-radical,20,10,1,chars/770B.json
県,B,xiàn,,biến thể Nhật Bản của 縣|县; tỉnh của Nhật Bản,resolved,目,Bộ Mục,record-radical,0,0,7,chars/770C.json
眍,B,kōu,,bị lõm vào (mắt),resolved,目,Bộ Mục,record-radical,0,0,7,chars/770D.json
眑,C,yǎo,,mắt trũng; sâu,not-resolved,,,not-resolved,0,0,7,chars/7711.json
眔,C,dà,,,resolved,目,Bộ Mục,record-radical,0,0,,chars/7714.json
眕,C,zhěn,,kìm nén cơn giận,not-resolved,,,not-resolved,0,0,7,chars/7715.json
眙,B,yí,,tên địa danh,resolved,目,Bộ Mục,record-radical,2,0,7,chars/7719.json
眚,B,shěng,,bệnh đục thuỷ tinh thể; lỗi,resolved,目,Bộ Mục,record-radical,0,0,7,chars/771A.json
眛,C,mèi,Muội,mù; không cảm nhận được,not-resolved,,,not-resolved,0,0,7,chars/771B.json
眞,C,zhēn,,biến thể của 真[zhen1],not-resolved,,,not-resolved,0,0,7,chars/771E.json
真,A,zhēn,Chân,thật,resolved,匕,"Bộ Tỷ, Chủy",record-radical,20,10,2,chars/771F.json
眠,A,mián,Miên,ngủ; ngủ đông,resolved,目,Bộ Mục,record-radical,7,10,5,chars/7720.json
眢,B,yuān,,mí mắt bị viêm; khô cằn,resolved,目,Bộ Mục,record-radical,0,0,7,chars/7722.json
眣,C,dié,Chợt,mắt lồi,not-resolved,,,not-resolved,0,0,7,chars/7723.json
眦,B,zì,,khóe mắt; khoé mắt,resolved,目,Bộ Mục,record-radical,1,0,7,chars/7726.json
眨,C,zhǎ,,nháy mắt,not-resolved,,,not-resolved,5,2,6,chars/7728.json
眩,A,xuàn,Gioèn,chói lọi; rực rỡ,resolved,目,Bộ Mục,record-radical,6,5,7,chars/7729.json
眬,B,lóng,,dùng trong 矇矓|蒙眬[meng2 long2],resolved,目,Bộ Mục,record-radical,0,0,7,chars/772C.json
眭,B,Suī,Vờ / Khoé,họ [Sui1],resolved,目,Bộ Mục,record-radical,0,0,7,chars/772D.json
眯,A,mí,,làm mù (như bởi bụi); phát âm ở Đài Loan [mi3],resolved,目,Bộ Mục,record-radical,2,2,6,chars/772F.json
眰,C,dié,,biến thể cũ của 眣[die2],not-resolved,,,not-resolved,0,0,7,chars/7730.json
眳,B,míng,,khoảng giữa lông mày và lông mi,resolved,目,Bộ Mục,record-radical,0,0,7,chars/7733.json
眴,C,xuàn,,hoa mắt; chóng mặt,not-resolved,,,not-resolved,0,0,7,chars/7734.json
眵,B,chī,,chất tiết (ghèn) từ màng nhầy của mắt,resolved,目,Bộ Mục,record-radical,1,0,7,chars/7735.json
眶,A,kuàng,,(dạng kết hợp) hốc mắt; Phát âm Đài Loan: [kuang1],resolved,目,Bộ Mục,record-radical,2,5,6,chars/7736.json
眷,A,juàn,Quyến,"(dạng kết hợp) gia đình, đặc biệt là vợ và con; (văn học) quan tâm và yêu thương; cảm thấy lo lắng cho",resolved,目,Bộ Mục,record-radical,6,1,7,chars/7737.json
眸,A,móu,,con ngươi (của mắt); mắt,resolved,目,Bộ Mục,record-radical,6,2,7,chars/7738.json
眹,C,zhèn,,con ngươi,not-resolved,,,not-resolved,0,0,7,chars/7739.json
眺,A,tiào,,nhìn ra xa,resolved,目,Bộ Mục,record-radical,4,3,7,chars/773A.json
眼,A,yǎn,Cua / Nhản,mắt,resolved,目,Bộ Mục,record-radical,20,10,2,chars/773C.json
眽,B,mò,,nhìn chăm chú; liếc mắt nhìn,resolved,目,Bộ Mục,record-radical,0,0,7,chars/773D.json
着,A,zhe,Trứ,động từ tiếp diễn,resolved,艸,Bộ Thảo,record-radical,20,10,2,chars/7740.json
睁,A,zhēng,,mở mắt,resolved,目,Bộ Mục,record-radical,6,6,5,chars/7741.json
睂,C,méi,,biến thể cũ của 眉[mei2],not-resolved,,,not-resolved,0,0,7,chars/7742.json
睃,B,suō,,liếc nhìn; nhìn chăm chú; phiên âm Đài Loan [jun4],resolved,目,Bộ Mục,record-radical,0,0,7,chars/7743.json
睅,C,hàn,,mắt lồi,not-resolved,,,not-resolved,0,0,7,chars/7745.json
睆,C,huǎn,,ưa nhìn; dễ thương,not-resolved,,,not-resolved,0,0,7,chars/7746.json
睇,B,dì,,nhìn xuống (văn cổ); xem,resolved,目,Bộ Mục,record-radical,0,0,7,chars/7747.json
睊,C,juàn,,nhìn,not-resolved,,,not-resolved,0,0,7,chars/774A.json
睎,C,xī,,khao khát; nhìn chăm chú,not-resolved,,,not-resolved,0,0,7,chars/774E.json
睐,B,lài,,liếc nhìn; nhìn một cách xem thường,resolved,目,Bộ Mục,record-radical,1,0,7,chars/7750.json
睑,B,jiǎn,Lim,mí mắt,resolved,目,Bộ Mục,record-radical,2,0,7,chars/7751.json
睒,C,shǎn,Cò / Gườm,liếc nhìn trộm; lấp lánh,not-resolved,,,not-resolved,0,0,7,chars/7752.json
睓,C,tiǎn,,biến thể của 㥏[tian3],not-resolved,,,not-resolved,0,0,7,chars/7753.json
睖,C,lèng,,nhìn chằm chằm; trừng mắt,not-resolved,,,not-resolved,0,0,7,chars/7756.json
睘,B,qióng,,biến thể của 瞏[qiong2],resolved,目,Bộ Mục,record-radical,0,0,7,chars/7758.json
睙,C,liè,,đảo mắt để nhìn,not-resolved,,,not-resolved,0,0,7,chars/7759.json
睚,B,yá,,khóe mắt; nhìn chằm chằm,resolved,目,Bộ Mục,record-radical,0,0,7,chars/775A.json
睛,A,jīng,,mắt; nhãn cầu,resolved,目,Bộ Mục,record-radical,6,10,2,chars/775B.json
睟,C,suì,,mắt sáng; rõ ràng,not-resolved,,,not-resolved,0,0,7,chars/775F.json
睡,A,shuì,Thụy,ngủ,resolved,目,Bộ Mục,record-radical,11,10,1,chars/7761.json
睢,B,Suī,,họ [Sui1],resolved,目,Bộ Mục,record-radical,5,0,7,chars/7762.json
督,A,dū,Đốc,(hình thức kết hợp) giám sát,resolved,目,Bộ Mục,record-radical,6,10,6,chars/7763.json
睥,B,bì,,dùng trong 睥睨[pi4 ni4]; cách phát âm ở Đài Loan [bi4],resolved,目,Bộ Mục,record-radical,0,0,7,chars/7765.json
睦,A,mù,Mục,thân thiện; hòa thuận,resolved,目,Bộ Mục,record-radical,6,7,6,chars/7766.json
睨,B,nì,Nghễ,liếc nhìn,resolved,目,Bộ Mục,record-radical,3,0,7,chars/7768.json
睪,B,yì,,do thám,resolved,目,Bộ Mục,record-radical,0,0,7,chars/776A.json
睫,B,jié,,lông mi,resolved,目,Bộ Mục,record-radical,6,0,7,chars/776B.json
睬,A,cǎi,,biến thể của 睬[cai3],resolved,目,Bộ Mục,record-radical,2,6,6,chars/776C.json
睯,C,hūn,,u ám; chán nản,not-resolved,,,not-resolved,0,0,7,chars/776F.json
睹,A,dǔ,Đủ,quan sát; nhìn thấy,resolved,目,Bộ Mục,record-radical,7,9,6,chars/7779.json
睺,C,hóu,,"(xuất hiện như âm ""ho"", đặc biệt trong các từ mượn từ tiếng Phạn); bán mù (cổ)",not-resolved,,,not-resolved,0,0,7,chars/777A.json
睽,B,kuí,,chia cách; nhìn chằm chằm,resolved,目,Bộ Mục,record-radical,2,0,7,chars/777D.json
睾,C,gāo,,(hình thức kết hợp) tinh hoàn,not-resolved,,,not-resolved,3,0,7,chars/777E.json
睿,C,ruì,,biến thể của 睿[rui4],not-resolved,,,not-resolved,2,0,7,chars/777F.json
瞀,C,mào,,thị lực không rõ; mờ mịt,not-resolved,,,not-resolved,0,0,7,chars/7780.json
瞄,A,miáo,,nhắm (bắn); (nghĩa bóng) nhắm ánh nhìn vào; liếc nhìn,resolved,目,Bộ Mục,record-radical,1,3,6,chars/7784.json
瞅,B,chǒu,,nhìn,resolved,目,Bộ Mục,record-radical,2,0,7,chars/7785.json
瞈,C,wěng,,xem 瞈矇|瞈蒙[weng3 meng2],not-resolved,,,not-resolved,0,0,7,chars/7788.json
瞋,B,chēn,Trân,(văn học) trừng mắt giận dữ; nhìn trừng trừng,resolved,目,Bộ Mục,record-radical,0,0,7,chars/778B.json
瞌,B,kē,,ngủ gật; mơ màng,resolved,目,Bộ Mục,record-radical,2,0,7,chars/778C.json
瞍,C,sǒu,,mù,not-resolved,,,not-resolved,0,0,7,chars/778D.json
瞎,C,xiā,,"mù quáng, không mục đích",not-resolved,,,not-resolved,6,6,5,chars/778E.json
瞏,C,qióng,,(văn học) nhìn chằm chằm trong sợ hãi; (văn học) một mình; không ai giúp đỡ,not-resolved,,,not-resolved,0,0,7,chars/778F.json
瞑,C,míng,Thằn / Manh,nhắm (mắt),not-resolved,,,not-resolved,2,0,7,chars/7791.json
瞒,A,mán,Man,giấu,resolved,目,Bộ Mục,record-radical,6,6,6,chars/7792.json
瞓,B,fèn,,ngủ (tiếng Quảng Đông); tương đương trong Quan thoại: 睡[shui4],resolved,目,Bộ Mục,record-radical,0,0,7,chars/7793.json
瞕,C,zhàng,,bệnh đục thủy tinh thể trong mắt,not-resolved,,,not-resolved,0,0,7,chars/7795.json
瞟,B,piǎo,,liếc nhìn,resolved,目,Bộ Mục,record-radical,0,0,7,chars/779F.json
瞠,B,chēng,,trố mắt nhìn điều ngoài tầm với,resolved,目,Bộ Mục,record-radical,2,0,7,chars/77A0.json
瞢,C,méng,,thị lực mờ ảo; cảm thấy xấu hổ,not-resolved,,,not-resolved,0,0,7,chars/77A2.json
瞥,A,piē,,liếc nhìn; nhìn thoáng qua,resolved,目,Bộ Mục,record-radical,2,1,7,chars/77A5.json
瞧,A,qiáo,,nhìn,resolved,目,Bộ Mục,record-radical,4,9,5,chars/77A7.json
瞩,A,zhǔ,,nhìn chăm chú; nhìn chằm chằm,resolved,目,Bộ Mục,record-radical,3,4,6,chars/77A9.json
瞪,A,dèng,,nhìn chằm chằm,resolved,目,Bộ Mục,record-radical,6,4,6,chars/77AA.json
瞫,C,Shěn,,họ [Shen3],not-resolved,,,not-resolved,0,0,7,chars/77AB.json
瞬,A,shùn,,nháy mắt,resolved,目,Bộ Mục,record-radical,6,10,6,chars/77AC.json
瞭,B,liào,Lẹo,quan sát từ trên cao hoặc khoảng cách,resolved,目,Bộ Mục,record-radical,3,0,7,chars/77AD.json
瞰,A,kàn,,nhìn xuống từ trên cao; do thám điều gì,resolved,目,Bộ Mục,record-radical,3,3,7,chars/77B0.json
瞳,B,tóng,Chàng / Tròng,tròng đen của mắt,resolved,目,Bộ Mục,record-radical,3,0,7,chars/77B3.json
瞵,B,lín,,nhìn chằm chằm vào,resolved,目,Bộ Mục,record-radical,0,0,7,chars/77B5.json
瞷,C,jiàn,,do thám,not-resolved,,,not-resolved,0,0,7,chars/77B7.json
瞹,C,ài,,biến thể của 曖|暧[ai4],not-resolved,,,not-resolved,0,0,7,chars/77B9.json
瞻,A,zhān,Chiêm,nhìn chăm chú; quan sát,resolved,目,Bộ Mục,record-radical,6,4,6,chars/77BB.json
瞽,B,gǔ,,mù; không sáng suốt,resolved,目,Bộ Mục,record-radical,0,0,7,chars/77BD.json
瞿,C,Qú,,họ [Qu2],not-resolved,,,not-resolved,2,0,7,chars/77BF.json
矉,C,pín,,trừng mắt giận dữ; mở to mắt vì giận,not-resolved,,,not-resolved,0,0,7,chars/77C9.json
矍,C,Jué,,họ [Jue2],not-resolved,,,not-resolved,1,0,7,chars/77CD.json
矔,C,guàn,,rực rỡ (về mắt),not-resolved,,,not-resolved,0,0,7,chars/77D4.json
矗,C,chù,Sực,cao ngất; đứng thẳng,not-resolved,,,not-resolved,2,1,7,chars/77D7.json
矛,A,máo,Mâu,giáo; mác,resolved,矛,Bộ Mâu,self-radical,5,10,5,chars/77DB.json
矜,B,jīn,Căng,khoe khoang; tôn trọng,resolved,矛,Bộ Mâu,record-radical,4,0,7,chars/77DC.json
矞,C,yù,,trang nhã; tao nhã,not-resolved,,,not-resolved,0,0,7,chars/77DE.json
矟,C,shuò,,cái giáo,not-resolved,,,not-resolved,0,0,7,chars/77DF.json
矠,C,zé,,(cổ) cây giáo,not-resolved,,,not-resolved,0,0,7,chars/77E0.json
矢,A,shǐ,Ngao / Thỉ,mũi tên; ngọn lao,resolved,矢,Bộ Thỉ,self-radical,6,5,7,chars/77E2.json
矣,C,yǐ,Hỉ,một hạt 'yi',not-resolved,,,not-resolved,0,0,7,chars/77E3.json
知,A,zhī,Tri,biết; nhận biết,resolved,口,Bộ Khẩu,record-radical,20,10,2,chars/77E5.json
矦,B,hóu,,biến thể cũ của 侯[hou2],resolved,厂,Bộ,record-radical,0,0,7,chars/77E6.json
矧,C,shěn,Thẩn,(nghi vấn),not-resolved,,,not-resolved,0,0,7,chars/77E7.json
矨,C,yǐng,,ngắn và nhỏ,not-resolved,,,not-resolved,0,0,7,chars/77E8.json
矩,A,jǔ,Củ,biến thể của 矩[ju3],resolved,矢,Bộ Thỉ,record-radical,6,7,5,chars/77E9.json
矫,A,Jiǎo,Kiểu,họ [Jiao3],resolved,矢,Bộ Thỉ,record-radical,6,4,7,chars/77EB.json
矬,B,cuó,,thấp; lùn,resolved,矢,Bộ Thỉ,record-radical,0,0,7,chars/77EC.json
短,A,duǎn,Đoản,ngắn,resolved,矢,Bộ Thỉ,record-radical,13,10,3,chars/77ED.json
矮,A,ǎi,,thấp,resolved,矢,Bộ Thỉ,record-radical,6,4,3,chars/77EE.json
矰,C,zēng,,mũi tên có gắn dải lụa,not-resolved,,,not-resolved,0,0,7,chars/77F0.json
矱,C,yuē,,tiêu chuẩn; quy tắc,not-resolved,,,not-resolved,0,0,7,chars/77F1.json
石,A,shí,Thạch,"Đá, hòn đá",resolved,石,Bộ Thạch,self-radical,14,10,5,chars/77F3.json
矶,B,jī,,đê chắn sóng; cầu tàu,resolved,石,Bộ Thạch,record-radical,4,0,7,chars/77F6.json
矷,C,zǐ,,(một loại đá),not-resolved,,,not-resolved,0,0,7,chars/77F7.json
矸,B,gān,,dùng trong 矸石[gan1 shi2],resolved,石,Bộ Thạch,record-radical,2,0,7,chars/77F8.json
矻,B,kū,,dùng trong 矻矻[ku1 ku1]; cách phát âm ở Đài Loan [ku4],resolved,石,Bộ Thạch,record-radical,1,0,7,chars/77FB.json
矼,C,jiāng,,cầu đá,not-resolved,,,not-resolved,0,0,7,chars/77FC.json
矽,B,xī,,(Đài Loan) silic (hóa học); cách phát âm ở Đài Loan [xi4],resolved,石,Bộ Thạch,record-radical,1,0,7,chars/77FD.json
矾,B,fán,Trối / Phèn,phèn,resolved,石,Bộ Thạch,record-radical,3,0,7,chars/77FE.json
矿,A,kuàng,Khoáng,mỏ,resolved,石,Bộ Thạch,record-radical,10,10,4,chars/77FF.json
砀,C,dàng,,đá có vân màu,not-resolved,,,not-resolved,2,0,7,chars/7800.json
码,A,mǎ,,một từ đo cho vấn đề,resolved,石,Bộ Thạch,record-radical,8,10,4,chars/7801.json
砂,C,shā,,cát; sỏi,not-resolved,,,not-resolved,6,4,7,chars/7802.json
砃,C,dān,,đá trắng,not-resolved,,,not-resolved,0,0,7,chars/7803.json
砄,C,jué,,đá; tảng đá,not-resolved,,,not-resolved,0,0,7,chars/7804.json
砅,C,lì,,lội qua suối bằng cách bước trên đá,not-resolved,,,not-resolved,0,0,7,chars/7805.json
砆,C,fū,,mã não; đá quý kém,not-resolved,,,not-resolved,0,0,7,chars/7806.json
砈,C,è,,astatin (hoá học) (Đài Loan),not-resolved,,,not-resolved,0,0,7,chars/7808.json
砉,C,huā,,âm thanh của vật bay nhanh; vù,not-resolved,,,not-resolved,0,0,7,chars/7809.json
砌,C,qì,,xây bằng cách xếp gạch hoặc đá,not-resolved,,,not-resolved,5,3,7,chars/780C.json
砍,A,kǎn,,chặt,resolved,石,Bộ Thạch,record-radical,6,9,5,chars/780D.json
砑,C,yà,,cán láng,not-resolved,,,not-resolved,0,0,7,chars/7811.json
砒,B,pī,,thạch tín,resolved,石,Bộ Thạch,record-radical,1,0,7,chars/7812.json
研,A,yán,Khăn / Nghiên,nghiền; học,resolved,石,Bộ Thạch,record-radical,9,10,4,chars/7814.json
砕,C,suì,,biến thể của 碎[sui4],not-resolved,,,not-resolved,0,0,7,chars/7815.json
砖,A,zhuān,,gạch,resolved,石,Bộ Thạch,record-radical,6,6,6,chars/7816.json
砗,B,chē,,dùng trong 硨磲|砗磲[che1 qu2],resolved,石,Bộ Thạch,record-radical,0,0,7,chars/7817.json
砘,B,dùn,,(nông nghiệp) lèn chặt đất tơi xốp bằng trục lăn đá sau khi gieo hạt; trục lăn đá dùng cho mục đích này,resolved,石,Bộ Thạch,record-radical,0,0,,chars/7818.json
砚,B,yàn,Khố / Nghiền,nghiên mực,resolved,石,Bộ Thạch,record-radical,6,0,7,chars/781A.json
砜,B,fēng,,sulfone,resolved,石,Bộ Thạch,record-radical,0,0,7,chars/781C.json
砝,B,fǎ,,dùng trong 砝碼|砝码[fa3 ma3],resolved,石,Bộ Thạch,record-radical,1,0,7,chars/781D.json
砟,B,zhǎ,,mảnh vỡ,resolved,石,Bộ Thạch,record-radical,0,0,7,chars/781F.json
砠,C,qū,,đồi đá,not-resolved,,,not-resolved,0,0,7,chars/7820.json
砢,C,luǒ,,một đống; chồng (đá),not-resolved,,,not-resolved,0,0,7,chars/7822.json
砣,B,tuó,,quả cân của cân đòn; trục lăn đá,resolved,石,Bộ Thạch,record-radical,3,0,7,chars/7823.json
砥,B,dǐ,,đập ngăn nước; đá mài,resolved,石,Bộ Thạch,record-radical,2,0,7,chars/7825.json
砧,B,zhēn,Khâm / Chỉm,cái đe,resolved,石,Bộ Thạch,record-radical,4,0,7,chars/7827.json
砩,B,fèi,,đắp đập ngăn nước bằng đá,resolved,石,Bộ Thạch,record-radical,0,0,7,chars/7829.json
砫,C,zhǔ,,bài vị tổ tiên,not-resolved,,,not-resolved,0,0,7,chars/782B.json
砬,C,lá,,tảng đá khổng lồ; đá cao chót vót,not-resolved,,,not-resolved,0,0,7,chars/782C.json
砭,B,biān,Đãy / Bìm,kim châm cứu bằng đá thời cổ; chỉ trích,resolved,石,Bộ Thạch,record-radical,2,0,7,chars/782D.json
砮,C,nǔ,,đá lửa; (hoán dụ) đầu mũi tên,not-resolved,,,not-resolved,0,0,7,chars/782E.json
砯,C,pīng,,(cũ) (tượng thanh) âm thanh nước va vào đá,not-resolved,,,not-resolved,0,0,7,chars/782F.json
砰,B,pēng,,(tượng thanh) bùm; thụp,resolved,石,Bộ Thạch,record-radical,1,0,7,chars/7830.json
砳,C,lè,,nhiều đá,not-resolved,,,not-resolved,0,0,7,chars/7833.json
破,A,pò,Phá,vỡ,resolved,石,Bộ Thạch,record-radical,14,10,4,chars/7834.json
砵,C,bō,,bát khất thực,not-resolved,,,not-resolved,0,0,7,chars/7835.json
砷,B,shēn,,asen (hóa học),resolved,石,Bộ Thạch,record-radical,0,0,7,chars/7837.json
砸,A,zá,,đập vỡ,resolved,石,Bộ Thạch,record-radical,6,2,6,chars/7838.json
砹,B,ài,,astatin (hóa học),resolved,石,Bộ Thạch,record-radical,0,0,7,chars/7839.json
砺,C,lì,,mài; đá mài,not-resolved,,,not-resolved,2,0,7,chars/783A.json
砻,B,lóng,,nghiền; xay,resolved,石,Bộ Thạch,record-radical,1,0,7,chars/783B.json
砼,B,tóng,,bê tông (xây dựng),resolved,石,Bộ Thạch,record-radical,0,0,7,chars/783C.json
砾,B,lì,,(dạng kết hợp) sỏi; đá nhỏ,resolved,石,Bộ Thạch,record-radical,6,0,7,chars/783E.json
础,A,chǔ,Sờ,nền tảng; cơ sở,resolved,石,Bộ Thạch,record-radical,2,10,4,chars/7840.json
硁,C,kēng,,bướng bỉnh,not-resolved,,,not-resolved,0,0,7,chars/7841.json
硅,B,guī,,silic (hóa học),resolved,石,Bộ Thạch,record-radical,6,0,7,chars/7845.json
硇,C,náo,,dùng trong 硇砂[nao2 sha1],not-resolved,,,not-resolved,0,0,7,chars/7847.json
硌,B,gè,Ngắc,(khẩu ngữ) (vật cứng hoặc ráp) ấn vào một phần cơ thể gây khó chịu (như viên sỏi trong giày); đau,resolved,石,Bộ Thạch,record-radical,0,0,7,chars/784C.json
硍,C,kèn,,tiếng ầm ầm của đá lăn,not-resolved,,,not-resolved,0,0,7,chars/784D.json
硎,B,xíng,,đá mài,resolved,石,Bộ Thạch,record-radical,0,0,7,chars/784E.json
硏,C,yán,,biến thể của 研[yan2],not-resolved,,,not-resolved,0,0,7,chars/784F.json
硐,B,dòng,,biến thể của 洞[dong4]; hang,resolved,石,Bộ Thạch,record-radical,0,0,7,chars/7850.json
硑,C,pēng,,biến thể cũ của 砰[peng1],not-resolved,,,not-resolved,0,0,7,chars/7851.json
硒,B,xī,,selenium (hóa học),resolved,石,Bộ Thạch,record-radical,0,0,7,chars/7852.json
硕,C,shuò,Thạc,lớn; to,not-resolved,,,not-resolved,6,10,4,chars/7855.json
硖,B,xiá,,địa danh,resolved,石,Bộ Thạch,record-radical,0,0,7,chars/7856.json
硗,B,qiāo,,đất đá sỏi,resolved,石,Bộ Thạch,record-radical,0,0,7,chars/7857.json
硙,B,ái,,dùng trong 磑磑|硙硙[ai2 ai2],resolved,石,Bộ Thạch,record-radical,0,0,7,chars/7859.json
硚,C,qiáo,,dùng trong địa danh; xem 礄頭|硚头[Qiao2 tou2],not-resolved,,,not-resolved,2,0,7,chars/785A.json
硝,B,xiāo,,diêm tiêu; thuộc da (làm da),resolved,石,Bộ Thạch,record-radical,6,0,7,chars/785D.json
硪,B,wò,,xem 石硪[shi2 wo4],resolved,石,Bộ Thạch,record-radical,0,0,7,chars/786A.json
硫,B,liú,Lưu,lưu huỳnh (hoá học),resolved,石,Bộ Thạch,record-radical,6,0,7,chars/786B.json
硬,A,yìng,Khư / Ngạnh,cứng,resolved,石,Bộ Thạch,record-radical,13,10,5,chars/786C.json
硭,B,máng,,diêm tiêu thô,resolved,石,Bộ Thạch,record-radical,0,0,7,chars/786D.json
确,A,què,,"xác thực, đích xác; quả thực, thực sự",resolved,石,Bộ Thạch,record-radical,13,10,4,chars/786E.json
硵,C,lǔ,,clorua amoni,not-resolved,,,not-resolved,0,0,7,chars/7875.json
硷,B,jiǎn,,biến thể của 鹼|碱[jian3],resolved,石,Bộ Thạch,record-radical,0,0,7,chars/7877.json
硻,C,kēng,,bướng bỉnh,not-resolved,,,not-resolved,0,0,7,chars/787B.json
硼,B,péng,,bor (hoá học),resolved,石,Bộ Thạch,record-radical,2,0,7,chars/787C.json
硾,C,zhuì,,iodua; dằn vật gì,not-resolved,,,not-resolved,0,0,7,chars/787E.json
碃,C,qìng,,(đá),not-resolved,,,not-resolved,0,0,7,chars/7883.json
碇,A,dìng,,"Neo (tàu thuyền), mỏ neo; neo đậu",resolved,石,Bộ Thạch,record-radical,1,2,7,chars/7887.json
碈,C,mín,,biến thể cũ của 珉[min2],not-resolved,,,not-resolved,0,0,7,chars/7888.json
碉,B,diāo,,hang đá (cổ),resolved,石,Bộ Thạch,record-radical,1,0,7,chars/7889.json
碌,A,liù,,dùng trong 碌碡[liu4 zhou5]; cách phát âm ở Đài Loan [lu4],resolved,石,Bộ Thạch,record-radical,6,10,6,chars/788C.json
碍,A,ài,Ngại,cản trở; ngăn cản,resolved,石,Bộ Thạch,record-radical,6,10,5,chars/788D.json
碎,A,suì,Toái,vỡ,resolved,石,Bộ Thạch,record-radical,6,10,5,chars/788E.json
碏,C,què,,(ngọc),not-resolved,,,not-resolved,0,0,7,chars/788F.json
碑,A,bēi,,bia đá,resolved,石,Bộ Thạch,record-radical,6,10,6,chars/7891.json
碓,B,duì,,chày; giã bằng chày,resolved,石,Bộ Thạch,record-radical,0,0,7,chars/7893.json
碔,C,wǔ,,đá quý kém; một loại ngọc,not-resolved,,,not-resolved,0,0,7,chars/7894.json
碗,A,wǎn,,cái bát,resolved,石,Bộ Thạch,record-radical,6,10,3,chars/7897.json
碘,B,diǎn,,iốt (hóa học),resolved,石,Bộ Thạch,record-radical,3,0,7,chars/7898.json
碚,B,bèi,,(dùng trong địa danh),resolved,石,Bộ Thạch,record-radical,1,0,7,chars/789A.json
碛,B,qì,,băng tích; đá trong vùng nước cạn,resolved,石,Bộ Thạch,record-radical,1,0,7,chars/789B.json
碜,B,chěn,,nhám (của thức ăn); không ưa nhìn,resolved,石,Bộ Thạch,record-radical,2,0,7,chars/789C.json
碝,C,ruǎn,,đá giống ngọc,not-resolved,,,not-resolved,0,0,7,chars/789D.json
碞,C,yán,Yếm / Nham,vách đá,not-resolved,,,not-resolved,0,0,7,chars/789E.json
碟,C,dié,,"Đĩa, đĩa CD/DVD",not-resolved,,,not-resolved,6,6,7,chars/789F.json
碡,B,zhóu,,"trục lăn bằng đá (để đập lúa, san bằng mặt đất, v.v.); cách phát âm ở Đài Loan: [du2]",resolved,石,Bộ Thạch,record-radical,1,0,7,chars/78A1.json
碣,B,jié,,bia đá,resolved,石,Bộ Thạch,record-radical,1,0,7,chars/78A3.json
碧,C,bì,Cời / Bích,ngọc bích; xanh lục blu,not-resolved,,,not-resolved,6,10,7,chars/78A7.json
碫,C,duàn,,đá thô (dùng làm đá mài),not-resolved,,,not-resolved,0,0,7,chars/78AB.json
碬,C,xiá,,đá mài,not-resolved,,,not-resolved,0,0,7,chars/78AC.json
碯,C,nǎo,,biến thể của 瑙[nao3]; mã não,not-resolved,,,not-resolved,0,0,7,chars/78AF.json
碰,A,pèng,,"chạm vào, va chạm",resolved,石,Bộ Thạch,record-radical,7,10,5,chars/78B0.json
碱,A,jiǎn,,biến thể của 鹼|碱[jian3],resolved,石,Bộ Thạch,record-radical,6,3,7,chars/78B1.json
碲,B,dì,,nguyên tố teluri (hoá học),resolved,石,Bộ Thạch,record-radical,0,0,7,chars/78B2.json
碳,A,tàn,,cacbon,resolved,石,Bộ Thạch,record-radical,7,10,6,chars/78B3.json
碴,B,chá,,lỗi; mảnh kính,resolved,石,Bộ Thạch,record-radical,3,0,7,chars/78B4.json
碻,C,què,,rắn; chắc chắn,not-resolved,,,not-resolved,0,0,7,chars/78BB.json
碾,B,niǎn,,trục nghiền; cối xay,resolved,石,Bộ Thạch,record-radical,6,0,7,chars/78BE.json
磁,A,cí,,thuộc từ tính; từ tính,resolved,石,Bộ Thạch,record-radical,8,10,6,chars/78C1.json
磅,B,bàng,,pao,resolved,石,Bộ Thạch,record-radical,4,0,6,chars/78C5.json
磈,C,wěi,,nhiều đá; sỏi đá,not-resolved,,,not-resolved,0,0,7,chars/78C8.json
磉,B,sǎng,,bệ đá,resolved,石,Bộ Thạch,record-radical,0,0,7,chars/78C9.json
磊,C,lěi,Lối,lổn nhổn; đống đá,not-resolved,,,not-resolved,4,4,7,chars/78CA.json
磋,B,cuō,Vải / Tha,cân nhắc; mài giũa,resolved,石,Bộ Thạch,record-radical,3,0,6,chars/78CB.json
磎,C,xī,,suối trên núi; khe suối,not-resolved,,,not-resolved,0,0,7,chars/78CE.json
磐,B,pán,,vững chắc; ổn định,resolved,石,Bộ Thạch,record-radical,6,0,7,chars/78D0.json
磔,B,zhé,Kẹt,"thuật ngữ cũ cho nét sổ xiên phải trong chữ Hán (ví dụ, nét cuối của 大[da4]), nay gọi là 捺[na4]; âm thanh chim kêu (tượng thanh)",resolved,石,Bộ Thạch,record-radical,0,0,7,chars/78D4.json
磕,B,kē,,khấu đầu,resolved,石,Bộ Thạch,record-radical,5,0,6,chars/78D5.json
磖,C,lá,,biến thể cũ của 砬[la2],not-resolved,,,not-resolved,0,0,7,chars/78D6.json
磙,B,gǔn,,lu; làm phẳng bằng lu,resolved,石,Bộ Thạch,record-radical,1,0,7,chars/78D9.json
磛,C,chán,,vách đá; đỉnh núi,not-resolved,,,not-resolved,0,0,7,chars/78DB.json
磡,C,kàn,,vách đá biển nguy hiểm,not-resolved,,,not-resolved,0,0,7,chars/78E1.json
磤,C,yǐn,,(từ tượng thanh) âm thanh sấm,not-resolved,,,not-resolved,0,0,7,chars/78E4.json
磥,C,lěi,,một đống đá; tảng đá,not-resolved,,,not-resolved,0,0,7,chars/78E5.json
磨,A,mó,Mài,mài,resolved,石,Bộ Thạch,record-radical,9,10,6,chars/78E8.json
磪,C,cuī,,ngọn núi cao; dựng đứng,not-resolved,,,not-resolved,0,0,7,chars/78EA.json
磬,B,qìng,Khánh,"đá khánh, nhạc cụ gõ cổ đại làm từ các mảnh đá hoặc ngọc treo thành hàng và gõ như mộc cầm",resolved,石,Bộ Thạch,record-radical,1,0,7,chars/78EC.json
磭,C,chuò,,môi to,not-resolved,,,not-resolved,0,0,7,chars/78ED.json
磲,B,qú,,dùng trong 硨磲|砗磲[che1 qu2],resolved,石,Bộ Thạch,record-radical,0,0,7,chars/78F2.json
磴,C,dèng,,gờ vách đá; bậc thềm đá,not-resolved,,,not-resolved,2,0,7,chars/78F4.json
磵,C,jiàn,,biến thể của 澗|涧[jian4],not-resolved,,,not-resolved,0,0,7,chars/78F5.json
磷,A,lín,Co / Lân,biến thể của 磷[lin2],resolved,石,Bộ Thạch,record-radical,6,1,7,chars/78F7.json
磹,C,diàn,,nêm đá,not-resolved,,,not-resolved,0,0,7,chars/78F9.json
磺,C,huáng,Hoàng,lưu huỳnh,not-resolved,,,not-resolved,2,0,7,chars/78FA.json
磻,C,pán,,tên một con sông ở Thiểm Tây,not-resolved,,,not-resolved,0,0,7,chars/78FB.json
礀,C,jiàn,,biến thể của 澗|涧[jian4],not-resolved,,,not-resolved,0,0,7,chars/7900.json
礁,A,jiāo,,rạn san hô; đá ngầm,resolved,石,Bộ Thạch,record-radical,6,6,7,chars/7901.json
礅,B,dūn,,khối đá,resolved,石,Bộ Thạch,record-radical,0,0,7,chars/7905.json
礌,C,lèi,Sỏi,dùng trong 礌石[lei2 shi2]; cách phát âm tại Đài Loan [lei4],not-resolved,,,not-resolved,0,0,7,chars/790C.json
礓,B,jiāng,,một hòn đá nhỏ,resolved,石,Bộ Thạch,record-radical,1,0,7,chars/7913.json
礗,C,pīn,,âm thanh đá bị nghiền,not-resolved,,,not-resolved,0,0,7,chars/7917.json
礚,C,kē,,biến thể của 磕[ke1],not-resolved,,,not-resolved,0,0,7,chars/791A.json
礜,C,yù,,asen,not-resolved,,,not-resolved,0,0,7,chars/791C.json
礝,C,ruǎn,,biến thể cũ của 碝[ruan3],not-resolved,,,not-resolved,0,0,7,chars/791D.json
礞,B,méng,,(khoáng chất),resolved,石,Bộ Thạch,record-radical,0,0,7,chars/791E.json
礤,B,cǎ,,dụng cụ bào; dụng cụ mài (dụng cụ nhà bếp để bào rau củ),resolved,石,Bộ Thạch,record-radical,0,0,7,chars/7924.json
礧,C,lèi,,lăn đá xuống đồi; đống đá,not-resolved,,,not-resolved,0,0,7,chars/7927.json
礮,C,pào,,"máy bắn đá cổ để ném đá nặng; biến thể của 炮[pao4], đại bác",not-resolved,,,not-resolved,0,0,7,chars/792E.json
礲,C,lóng,,"biến thể của 礱|砻, nghiền; xay",not-resolved,,,not-resolved,0,0,7,chars/7932.json
礴,B,bó,,lấp đầy; mở rộng,resolved,石,Bộ Thạch,record-radical,1,0,7,chars/7934.json
礵,C,shuāng,,asen,not-resolved,,,not-resolved,0,0,7,chars/7935.json
示,A,shì,Đình / Thị,cho thấy; bộc lộ,resolved,示,"Bộ Thị, Kì",self-radical,17,10,4,chars/793A.json
礻,C,shì,,cho thấy; bộc lộ; cũng như 示[shi4]; bộ Khang Hy số 113,not-resolved,,,not-resolved,0,0,7,chars/793B.json
礼,C,lǐ,Lễ,lễ,not-resolved,,,not-resolved,15,10,3,chars/793C.json
礽,C,réng,,phước lành,not-resolved,,,not-resolved,0,0,7,chars/793D.json
社,C,shè,Xã,(dạng kết hợp) xã hội; tổ chức; cơ quan; (cổ) thần đất đai,not-resolved,,,not-resolved,12,10,4,chars/793E.json
礿,C,yuè,,lễ tế tổ tiên mùa xuân,not-resolved,,,not-resolved,0,0,7,chars/793F.json
祀,C,sì,,cúng tế; dâng lễ,not-resolved,,,not-resolved,2,4,7,chars/7940.json
祁,C,Qí,,họ [Qi2],not-resolved,,,not-resolved,6,0,7,chars/7941.json
祂,C,tā,,(đại từ ngôi thứ ba cho một đấng thiêng liêng),not-resolved,,,not-resolved,0,0,7,chars/7942.json
祃,C,mà,,(cổ) nghi lễ tôn giáo trước khi xuất quân,not-resolved,,,not-resolved,0,0,7,chars/7943.json
祄,C,xiè,,ban phước,not-resolved,,,not-resolved,0,0,7,chars/7944.json
祅,C,yāo,,tà linh; yêu quái,not-resolved,,,not-resolved,0,0,7,chars/7945.json
祆,C,Xiān,,"Ahura Mazda, vị thần sáng tạo trong đạo Bái Hỏa",not-resolved,,,not-resolved,1,0,7,chars/7946.json
祇,C,qí,,thần đất,not-resolved,,,not-resolved,0,0,7,chars/7947.json
祈,C,qí,,cầu khẩn; cầu nguyện,not-resolved,,,not-resolved,5,10,7,chars/7948.json
祉,C,zhǐ,,hạnh phúc,not-resolved,,,not-resolved,1,0,7,chars/7949.json
祊,C,bēng,,bàn thờ phụ trong miếu tổ tiên,not-resolved,,,not-resolved,0,0,7,chars/794A.json
祍,C,rèn,,biến thể cũ của 衽[ren4],not-resolved,,,not-resolved,0,0,7,chars/794D.json
祎,C,yī,,xuất sắc; quý giá,not-resolved,,,not-resolved,0,0,7,chars/794E.json
祏,C,shí,,miếu thờ bằng đá,not-resolved,,,not-resolved,0,0,7,chars/794F.json
祐,C,yòu,,(thần thánh) phù hộ; bảo vệ,not-resolved,,,not-resolved,0,0,7,chars/7950.json
祓,C,fú,,tẩy rửa; trừ tà,not-resolved,,,not-resolved,0,0,7,chars/7953.json
祔,C,fù,,thờ cúng tổ tiên,not-resolved,,,not-resolved,0,0,7,chars/7954.json
祖,C,Zǔ,Tổ,họ [Zu3],not-resolved,,,not-resolved,8,10,6,chars/7956.json
祗,C,zhī,,một cách kính cẩn,not-resolved,,,not-resolved,0,0,7,chars/7957.json
祘,C,suàn,,"biến thể của 算[suan4], tính toán",not-resolved,,,not-resolved,0,0,7,chars/7958.json
祚,C,zuò,Tộ,phúc lành; ngai vàng,not-resolved,,,not-resolved,0,0,7,chars/795A.json
祛,C,qū,,hiến tế để xua đuổi tai họa; xua tan,not-resolved,,,not-resolved,1,0,7,chars/795B.json
祜,C,hù,,phúc lành thiên đàng,not-resolved,,,not-resolved,5,0,7,chars/795C.json
祝,C,zhù,Chúc,chúc,not-resolved,,,not-resolved,6,10,4,chars/795D.json
神,C,shén,Thần,thần,not-resolved,,,not-resolved,19,10,5,chars/795E.json
祟,B,suì,,tà ma,resolved,示,"Bộ Thị, Kì",record-radical,3,0,7,chars/795F.json
祠,C,cí,Từ,nhà thờ; cúng tế,not-resolved,,,not-resolved,5,1,7,chars/7960.json
祢,C,Mí,,ngài (dùng để xưng hô với thần linh),not-resolved,,,not-resolved,0,0,7,chars/7962.json
祥,C,xiáng,,cát tường; thuận lợi,not-resolved,,,not-resolved,6,10,6,chars/7965.json
祦,C,wú,,vui vẻ; dùng trong tên lịch sử,not-resolved,,,not-resolved,0,0,7,chars/7966.json
祧,C,tiāo,,nhà thờ tổ,not-resolved,,,not-resolved,0,0,7,chars/7967.json
票,C,piào,Phiếu,vé,not-resolved,,,not-resolved,17,10,2,chars/7968.json
祫,C,xiá,,lễ cúng tổ tiên ba năm một lần,not-resolved,,,not-resolved,0,0,7,chars/796B.json
祭,A,jì,Tế,"hy sinh, thờ phụng",resolved,示,"Bộ Thị, Kì",record-radical,6,10,7,chars/796D.json
祯,C,zhēn,,cát tường; may mắn,not-resolved,,,not-resolved,2,0,7,chars/796F.json
祲,C,jīn,,thế lực tà ác,not-resolved,,,not-resolved,0,0,7,chars/7972.json
祷,C,dǎo,Đảo,cầu nguyện; lời cầu nguyện,not-resolved,,,not-resolved,6,7,7,chars/7977.json
祸,C,huò,,biến thể cũ của 禍|祸[huo4],not-resolved,,,not-resolved,6,10,6,chars/7978.json
祺,C,qí,,cát tường; thịnh vượng,not-resolved,,,not-resolved,2,0,7,chars/797A.json
祻,C,gù,,"biến thể của 禍|祸, tai họa",not-resolved,,,not-resolved,0,0,7,chars/797B.json
祼,C,guàn,,rót rượu cúng,not-resolved,,,not-resolved,0,0,7,chars/797C.json
禀,C,bǐng,Bẩm,báo cáo (với cấp trên); cho,not-resolved,,,not-resolved,6,0,7,chars/7980.json
禁,A,jīn,Cấm,chịu đựng,resolved,示,"Bộ Thị, Kì",record-radical,9,10,4,chars/7981.json
禂,C,dǎo,,cầu nguyện; lời cầu nguyện,not-resolved,,,not-resolved,0,0,7,chars/7982.json
禄,C,lù,Lộc,phúc lành; lương quan chức,not-resolved,,,not-resolved,6,0,7,chars/7984.json
禅,C,chán,,dhya-na (tiếng Phạn); Thiền,not-resolved,,,not-resolved,7,4,7,chars/7985.json
禇,C,chǔ,,dạng sai của 褚,not-resolved,,,not-resolved,0,0,7,chars/7987.json
禊,C,xì,,nghi lễ thanh tẩy bán niên,not-resolved,,,not-resolved,0,0,7,chars/798A.json
禋,C,yīn,,hiến tế,not-resolved,,,not-resolved,0,0,7,chars/798B.json
福,C,fú,Phúc,hạnh phúc,not-resolved,,,not-resolved,8,10,4,chars/798F.json
禔,C,tí,,bình an,not-resolved,,,not-resolved,0,0,7,chars/7994.json
禖,C,méi,,lễ cầu tự,not-resolved,,,not-resolved,0,0,7,chars/7996.json
禘,C,dì,,lễ tế tổ hoàng gia,not-resolved,,,not-resolved,0,0,7,chars/7998.json
禚,C,zhuó,,tên địa danh,not-resolved,,,not-resolved,0,0,7,chars/799A.json
禛,C,zhēn,,nhận được phúc lành với tinh thần chân thành,not-resolved,,,not-resolved,0,0,7,chars/799B.json
禜,C,yǒng,,hiến tế,not-resolved,,,not-resolved,0,0,7,chars/799C.json
禝,C,jì,,biến thể cũ của 稷[ji4],not-resolved,,,not-resolved,0,0,7,chars/799D.json
禠,C,sī,,hạnh phúc; phước lành,not-resolved,,,not-resolved,0,0,7,chars/79A0.json
禢,C,Tà,,họ [Ta4],not-resolved,,,not-resolved,0,0,7,chars/79A2.json
禤,C,Xuān,,họ [Xuan1],not-resolved,,,not-resolved,0,0,7,chars/79A4.json
禥,C,qí,,biến thể cũ của 祺[qi2],not-resolved,,,not-resolved,0,0,7,chars/79A5.json
禧,C,xǐ,,niềm vui,not-resolved,,,not-resolved,4,0,7,chars/79A7.json
禨,C,jī,,điềm báo; cầu nguyện,not-resolved,,,not-resolved,0,0,7,chars/79A8.json
禫,C,tǎn,Đệm / Thiện,lễ cúng cuối tang kỳ,not-resolved,,,not-resolved,0,0,7,chars/79AB.json
禳,C,ráng,,hiến tế để tránh tai họa,not-resolved,,,not-resolved,0,0,7,chars/79B3.json
禴,C,yuè,,lễ hiến tế tổ tiên mùa xuân,not-resolved,,,not-resolved,0,0,7,chars/79B4.json
禸,B,ròu,,Vết ngón chân giống thú dẫm xuống đất,resolved,禸,"Bộ Nhựu,Nhiễu",self-radical,0,0,7,chars/79B8.json
禹,C,Yǔ,Dừng / Vũ,"Vũ Đại (thế kỷ 21 TCN), lãnh tụ huyền thoại trị thủy; họ [Yu3]",not-resolved,,,not-resolved,6,0,7,chars/79B9.json
禺,C,ǒu,,biến thể cổ của 偶[ou3],not-resolved,,,not-resolved,3,0,7,chars/79BA.json
离,C,lí,Le,từ,not-resolved,,,not-resolved,16,10,2,chars/79BB.json
禼,C,xiè,,,not-resolved,,,not-resolved,0,0,,chars/79BC.json
禽,C,qín,Cầm,thuật ngữ chung cho chim và động vật; chim,not-resolved,,,not-resolved,7,10,6,chars/79BD.json
禾,A,hé,,ngũ cốc; lúa,resolved,禾,Bộ Hòa,self-radical,6,3,7,chars/79BE.json
秀,A,xiù,Tú,"Biểu diễn, trình diễn; khoe; đẹp, tú",resolved,禾,Bộ Hòa,record-radical,6,10,4,chars/79C0.json
私,A,sī,Tư,cá nhân; riêng tư,resolved,禾,Bộ Hòa,record-radical,15,10,5,chars/79C1.json
秃,C,tū,Thóc,hói,not-resolved,,,not-resolved,6,0,6,chars/79C3.json
秆,C,gǎn,,thân cây lúa,not-resolved,,,not-resolved,1,1,7,chars/79C6.json
秈,C,xiān,,gạo thường,not-resolved,,,not-resolved,0,0,7,chars/79C8.json
秉,C,Bǐng,Bảnh,họ [Bing3],not-resolved,,,not-resolved,6,3,7,chars/79C9.json
秋,A,qiū,Thu,mùa thu,resolved,禾,Bộ Hòa,record-radical,7,10,3,chars/79CB.json
种,A,zhǒng,Chõng,loại,resolved,禾,Bộ Hòa,record-radical,16,10,3,chars/79CD.json
秏,C,hào,,biến thể của 耗[hao4],not-resolved,,,not-resolved,0,0,7,chars/79CF.json
科,A,kē,Khoa,bộ phận,resolved,禾,Bộ Hòa,record-radical,19,10,4,chars/79D1.json
秒,A,miǎo,,giây,resolved,禾,Bộ Hòa,record-radical,6,10,4,chars/79D2.json
秕,B,bǐ,,hạt không phát triển đầy đủ; vỏ trấu,resolved,禾,Bộ Hòa,record-radical,2,0,7,chars/79D5.json
秘,A,mì,,biến thể của 秘[mi4],resolved,禾,Bộ Hòa,record-radical,8,10,5,chars/79D8.json
秚,C,bàn,,biến thể cũ của 拌[ban4],not-resolved,,,not-resolved,0,0,7,chars/79DA.json
秝,C,lì,,,not-resolved,,,not-resolved,0,0,,chars/79DD.json
租,A,zū,Dịp / Tô,thuê,resolved,禾,Bộ Hòa,record-radical,6,10,4,chars/79DF.json
秠,C,pī,,(kê),not-resolved,,,not-resolved,0,0,7,chars/79E0.json
秣,B,mò,,cho ngựa ăn thóc; cỏ khô cho ngựa,resolved,禾,Bộ Hòa,record-radical,1,0,7,chars/79E3.json
秤,C,chèng,Xứng,cân,not-resolved,,,not-resolved,6,0,6,chars/79E4.json
秦,C,Qín,,họ [Qin2]; nhà Tần (221-207 TCN) của hoàng đế đầu tiên 秦始皇[Qin2 Shi3huang2],not-resolved,,,not-resolved,6,4,7,chars/79E6.json
秧,A,yāng,Ương,chồi; mầm,resolved,禾,Bộ Hòa,record-radical,6,1,7,chars/79E7.json
秩,A,zhì,Trật,trật tự; tính trật tự,resolved,禾,Bộ Hòa,record-radical,2,10,5,chars/79E9.json
秫,B,shú,,kê chổi (các loài Panicum); Panicum italicum,resolved,禾,Bộ Hòa,record-radical,1,0,7,chars/79EB.json
秬,C,jù,,kê đen,not-resolved,,,not-resolved,0,0,7,chars/79EC.json
秭,B,zǐ,,tỷ (một tỷ),resolved,禾,Bộ Hòa,record-radical,2,0,7,chars/79ED.json
积,A,jī,Tích,tích lũy,resolved,禾,Bộ Hòa,record-radical,10,10,4,chars/79EF.json
称,A,chēng,Xưng,gọi,resolved,禾,Bộ Hòa,record-radical,16,10,5,chars/79F0.json
秷,C,zhí,Gié,tiếng thu hoạch,not-resolved,,,not-resolved,0,0,7,chars/79F7.json
秸,A,jiē,Gặt,thân cây lúa còn lại sau khi đập,resolved,禾,Bộ Hòa,record-radical,2,1,7,chars/79F8.json
移,A,yí,Dời,di chuyển,resolved,禾,Bộ Hòa,record-radical,9,10,5,chars/79FB.json
秽,A,huì,Uế,(hình thức bị giới hạn) bẩn; dơ dáy,resolved,禾,Bộ Hòa,record-radical,6,4,7,chars/79FD.json
秾,C,nóng,,cây cối tươi tốt,not-resolved,,,not-resolved,0,0,7,chars/79FE.json
稀,A,xī,Hi,hiếm,resolved,禾,Bộ Hòa,record-radical,7,10,6,chars/7A00.json
稂,B,láng,,cỏ; cỏ dại,resolved,禾,Bộ Hòa,record-radical,1,0,7,chars/7A02.json
稃,B,fū,,vỏ trấu; lớp ngoài của hạt thóc,resolved,禾,Bộ Hòa,record-radical,2,0,7,chars/7A03.json
稆,B,lǚ,,biến thể của 穭|穞[lu:3],resolved,禾,Bộ Hòa,record-radical,0,0,7,chars/7A06.json
稊,C,tí,Thê / Đề,cỏ; cỏ lồng vực,not-resolved,,,not-resolved,0,0,7,chars/7A0A.json
程,A,Chéng,Trình,họ [Cheng2],resolved,禾,Bộ Hòa,record-radical,20,10,4,chars/7A0B.json
稌,C,tú,,gạo nếp,not-resolved,,,not-resolved,0,0,7,chars/7A0C.json
稍,A,shāo,,hơi; một chút,resolved,禾,Bộ Hòa,record-radical,8,10,4,chars/7A0D.json
税,A,shuì,Thuế,thuế,resolved,禾,Bộ Hòa,record-radical,7,10,5,chars/7A0E.json
稑,C,lù,,loại ngũ cốc gieo muộn chín sớm,not-resolved,,,not-resolved,0,0,7,chars/7A11.json
稔,B,rěn,Nậm,ngũ cốc chín,resolved,禾,Bộ Hòa,record-radical,1,0,7,chars/7A14.json
稗,B,bài,,cỏ mần trầu (Echinochloa crus-galli); Panicum crus-galli,resolved,禾,Bộ Hòa,record-radical,0,0,7,chars/7A17.json
稙,B,zhí,,hoa màu trồng sớm,resolved,禾,Bộ Hòa,record-radical,0,0,7,chars/7A19.json
稚,A,zhì,,ấu trĩ; trẻ,resolved,禾,Bộ Hòa,record-radical,6,4,6,chars/7A1A.json
稛,C,kǔn,,đầy đủ,not-resolved,,,not-resolved,0,0,7,chars/7A1B.json
稞,C,kē,,(lúa mì),not-resolved,,,not-resolved,1,0,7,chars/7A1E.json
稠,A,chóu,,dày đặc,resolved,禾,Bộ Hòa,record-radical,2,5,6,chars/7A20.json
稣,A,sū,,biến thể cổ của 蘇|苏[su1]; hồi sinh,resolved,禾,Bộ Hòa,record-radical,3,1,7,chars/7A23.json
稨,B,biǎn,,xem 稨豆[bian3 dou4],resolved,禾,Bộ Hòa,record-radical,0,0,7,chars/7A28.json
稲,C,dào,,biến thể của 稻[dao4],not-resolved,,,not-resolved,0,0,7,chars/7A32.json
稳,A,wěn,Ủn,ổn định,resolved,禾,Bộ Hòa,record-radical,10,10,5,chars/7A33.json
稷,B,jì,,kê; Thần ngũ cốc được các vua chúa cổ đại thờ cúng,resolved,禾,Bộ Hòa,record-radical,3,0,7,chars/7A37.json
稹,B,zhěn,,tích luỹ; mịn và sát,resolved,禾,Bộ Hòa,record-radical,0,0,7,chars/7A39.json
稻,A,dào,,lúa; gạo (Oryza sativa),resolved,禾,Bộ Hòa,record-radical,6,10,6,chars/7A3B.json
稼,A,jià,,gieo hạt; (hoa màu) mùa màng,resolved,禾,Bộ Hòa,record-radical,5,10,6,chars/7A3C.json
稽,A,Jī,Ghê,họ [Ji1],resolved,禾,Bộ Hòa,record-radical,6,6,7,chars/7A3D.json
稿,A,gǎo,,biến thể của 稿[gao3],resolved,禾,Bộ Hòa,record-radical,6,10,6,chars/7A3F.json
穂,C,suì,,biến thể Nhật Bản của 穗[sui4],not-resolved,,,not-resolved,0,0,7,chars/7A42.json
穄,C,jì,,(kê),not-resolved,,,not-resolved,0,0,7,chars/7A44.json
穆,A,Mù,,họ [Mu4],resolved,禾,Bộ Hòa,record-radical,6,5,7,chars/7A46.json
穈,C,mén,,cháo; mầm lúa,not-resolved,,,not-resolved,0,0,7,chars/7A48.json
穊,C,jì,Cấy,dày đặc,not-resolved,,,not-resolved,0,0,7,chars/7A4A.json
穋,C,lù,,ngũ cốc gieo muộn chín sớm,not-resolved,,,not-resolved,0,0,7,chars/7A4B.json
穏,C,wěn,,biến thể tiếng Nhật của 穩|稳,not-resolved,,,not-resolved,0,0,7,chars/7A4F.json
穑,B,sè,,thu hoạch mùa màng,resolved,禾,Bộ Hòa,record-radical,1,0,7,chars/7A51.json
穗,A,Suì,,viết tắt của Quảng Châu 廣州|广州[Guang3 zhou1],resolved,禾,Bộ Hòa,record-radical,6,1,7,chars/7A57.json
穜,C,tóng,,ngũ cốc gieo sớm chín muộn,not-resolved,,,not-resolved,0,0,7,chars/7A5C.json
穞,C,lǚ,Hớt / Lúa,ngũ cốc hoang,not-resolved,,,not-resolved,0,0,7,chars/7A5E.json
穟,C,suì,,bông lúa,not-resolved,,,not-resolved,0,0,7,chars/7A5F.json
穣,C,ráng,,biến thể tiếng Nhật của 穰[rang2],not-resolved,,,not-resolved,0,0,7,chars/7A63.json
穧,C,jì,,xếp gọn các bó lúa,not-resolved,,,not-resolved,0,0,7,chars/7A67.json
穮,C,biāo,,làm cỏ,not-resolved,,,not-resolved,0,0,7,chars/7A6E.json
穯,C,sè,,biến thể cũ của 穡|穑[se4],not-resolved,,,not-resolved,0,0,7,chars/7A6F.json
穰,B,Ráng,,họ [Rang2],resolved,禾,Bộ Hòa,record-radical,0,0,7,chars/7A70.json
穴,A,xué,Huyệt,hang; không gian trống,resolved,穴,Bộ Huyệt,self-radical,6,6,6,chars/7A74.json
穵,B,wā,,đào; múc ra,resolved,穴,Bộ Huyệt,record-radical,0,0,7,chars/7A75.json
究,A,jiū,Cứu,rốt cuộc; điều tra,resolved,穴,Bộ Huyệt,record-radical,7,10,4,chars/7A76.json
穷,A,qióng,Cùng,nghèo,resolved,力,Bộ Lực,record-radical,6,10,4,chars/7A77.json
穸,C,xī,,mộ,not-resolved,,,not-resolved,0,0,7,chars/7A78.json
穹,B,qióng,Khum,vòm; mái vòm,resolved,穴,Bộ Huyệt,record-radical,6,0,7,chars/7A79.json
空,A,kōng,Không,"trống, trống rỗng",resolved,穴,Bộ Huyệt,record-radical,20,10,4,chars/7A7A.json
穿,A,chuān,Xuyên,mặc,resolved,穴,Bộ Huyệt,record-radical,9,10,2,chars/7A7F.json
窀,B,zhūn,,chôn cất,resolved,穴,Bộ Huyệt,record-radical,0,0,7,chars/7A80.json
突,A,tū,Đột,lao ra; di chuyển nhanh,resolved,穴,Bộ Huyệt,record-radical,9,10,3,chars/7A81.json
窂,C,láo,,biến thể của 牢[lao2],not-resolved,,,not-resolved,0,0,7,chars/7A82.json
窃,A,qiè,,ăn trộm; một cách bí mật,resolved,穴,Bộ Huyệt,record-radical,6,9,6,chars/7A83.json
窄,A,zhǎi,,hẹp,resolved,穴,Bộ Huyệt,record-radical,6,8,5,chars/7A84.json
窅,C,yǎo,,mắt trũng; sâu và rỗng,not-resolved,,,not-resolved,0,0,7,chars/7A85.json
窆,B,biǎn,,đặt quan tài vào mộ,resolved,穴,Bộ Huyệt,record-radical,0,0,7,chars/7A86.json
窈,B,yǎo,Yểu,(văn học) sâu; uyên thâm,resolved,穴,Bộ Huyệt,record-radical,1,0,7,chars/7A88.json
窊,C,wā,,đầm trũng,not-resolved,,,not-resolved,0,0,7,chars/7A8A.json
窋,C,zhú,,trong hố,not-resolved,,,not-resolved,0,0,7,chars/7A8B.json
窌,C,jiào,,hầm,not-resolved,,,not-resolved,0,0,7,chars/7A8C.json
窍,A,qiào,Khíu,lỗ; mở,resolved,穴,Bộ Huyệt,record-radical,6,6,6,chars/7A8D.json
窎,C,diào,,(văn học) xa xôi; sâu,not-resolved,,,not-resolved,0,0,7,chars/7A8E.json
窑,C,yáo,,lò nung,not-resolved,,,not-resolved,6,0,7,chars/7A91.json
窒,A,zhì,Khỏng,làm tắc; ngăn lại,resolved,穴,Bộ Huyệt,record-radical,1,2,7,chars/7A92.json
窔,C,yǎo,,tối; sâu,not-resolved,,,not-resolved,0,0,7,chars/7A94.json
窕,B,tiǎo,Điệu,"yên tĩnh và hẻo lánh; nhẹ nhàng, duyên dáng và thanh lịch",resolved,穴,Bộ Huyệt,record-radical,1,0,7,chars/7A95.json
窖,A,jiào,,hầm chứa,resolved,穴,Bộ Huyệt,record-radical,3,1,7,chars/7A96.json
窗,A,chuāng,Song,biến thể cũ của 窗[chuang1],resolved,穴,Bộ Huyệt,record-radical,7,10,4,chars/7A97.json
窘,A,jiǒng,Quẫn,khốn đốn; xấu hổ,resolved,穴,Bộ Huyệt,record-radical,6,4,7,chars/7A98.json
窜,B,cuàn,,trốn,resolved,穴,Bộ Huyệt,record-radical,6,0,6,chars/7A9C.json
窝,A,wō,,tổ,resolved,穴,Bộ Huyệt,record-radical,6,1,6,chars/7A9D.json
窞,C,dàn,Dòm,hầm; hang,not-resolved,,,not-resolved,0,0,7,chars/7A9E.json
窟,A,kū,,hang; lỗ,resolved,穴,Bộ Huyệt,record-radical,6,4,7,chars/7A9F.json
窠,B,kē,,tổ,resolved,穴,Bộ Huyệt,record-radical,2,0,7,chars/7AA0.json
窣,B,sù,,dùng trong 窸窣[xi1 su1]; tiếng Đài Loan đọc là [su4],resolved,穴,Bộ Huyệt,record-radical,0,0,7,chars/7AA3.json
窥,A,kuī,,nhìn trộm; dò xét,resolved,穴,Bộ Huyệt,record-radical,6,5,7,chars/7AA5.json
窦,C,Dòu,,họ [Dou4],not-resolved,,,not-resolved,6,0,7,chars/7AA6.json
窨,B,xūn,,ướp trà với hoa; biến thể của 熏[xun1],resolved,穴,Bộ Huyệt,record-radical,1,0,7,chars/7AA8.json
窬,B,yú,,lỗ trên tường,resolved,穴,Bộ Huyệt,record-radical,0,0,7,chars/7AAC.json
窭,B,jù,,nghèo; nông thôn,resolved,穴,Bộ Huyệt,record-radical,0,0,7,chars/7AAD.json
窳,B,yǔ,,xấu; vô dụng,resolved,穴,Bộ Huyệt,record-radical,0,0,7,chars/7AB3.json
窴,C,tián,,lấp vào,not-resolved,,,not-resolved,0,0,7,chars/7AB4.json
窸,B,xī,,dùng trong 窸窣[xi1 su1],resolved,穴,Bộ Huyệt,record-radical,0,0,7,chars/7AB8.json
窾,B,cuàn,,che giấu; ẩn nấp,resolved,穴,Bộ Huyệt,record-radical,0,0,7,chars/7ABE.json
窿,A,lóng,,khoang; lỗ,resolved,穴,Bộ Huyệt,record-radical,2,4,7,chars/7ABF.json
竁,C,cuì,,đào lỗ,not-resolved,,,not-resolved,0,0,7,chars/7AC1.json
竃,C,zào,,biến thể cũ của 灶[zao4],not-resolved,,,not-resolved,0,0,7,chars/7AC3.json
立,A,lì,Lập,đứng,resolved,立,Bộ Lập,self-radical,20,10,5,chars/7ACB.json
竑,C,hóng,,lớn; ước lượng,not-resolved,,,not-resolved,0,0,7,chars/7AD1.json
竖,C,shù,,nét dọc,not-resolved,,,not-resolved,6,4,6,chars/7AD6.json
站,A,zhàn,Trạm,đứng,resolved,立,Bộ Lập,record-radical,10,10,3,chars/7AD9.json
竜,C,lóng,,biến thể tiếng Nhật của 龍|龙,not-resolved,,,not-resolved,0,0,7,chars/7ADC.json
竞,C,jìng,,cạnh tranh; đấu tranh,not-resolved,,,not-resolved,7,10,4,chars/7ADE.json
竟,A,jìng,Cánh,cuối cùng,resolved,音,Bộ Âm,record-radical,6,10,4,chars/7ADF.json
章,A,zhāng,Chương,chương,resolved,立,Bộ Lập,record-radical,11,10,4,chars/7AE0.json
竡,C,bǎi,,hectolít (cũ),not-resolved,,,not-resolved,0,0,7,chars/7AE1.json
竣,A,jùn,,hoàn thành; xong,resolved,立,Bộ Lập,record-radical,1,4,7,chars/7AE3.json
童,A,Tóng,Đồng,họ [Tong2],resolved,辛,Bộ Tân,record-radical,7,10,4,chars/7AE5.json
竦,C,sǒng,,cung kính; kinh hãi,not-resolved,,,not-resolved,0,0,7,chars/7AE6.json
竭,A,jié,Kiệt,cạn kiệt,resolved,立,Bộ Lập,record-radical,6,10,6,chars/7AED.json
端,A,duān,Đoan,đầu cuối,resolved,立,Bộ Lập,record-radical,11,10,6,chars/7AEF.json
竹,A,zhú,Trúc,"tre; LT:棵[ke1],支[zhi1],根[gen1]",resolved,竹,Bộ Trúc,self-radical,7,10,5,chars/7AF9.json
竺,C,Zhú,,"họ [Zhu2]; viết tắt của 天竺[Tian1zhu2], Ấn Độ (đặc biệt trong bối cảnh nhà Đường hoặc Phật giáo)",not-resolved,,,not-resolved,5,0,7,chars/7AFA.json
竽,C,yú,,"nhạc cụ hơi lá lưỡi tự do tương tự như sheng 笙[sheng1], được sử dụng ở Trung Quốc cổ đại",not-resolved,,,not-resolved,2,0,7,chars/7AFD.json
竾,C,chí,,biến thể của 篪[chi2],not-resolved,,,not-resolved,0,0,7,chars/7AFE.json
竿,C,gān,Cần,cây sào,not-resolved,,,not-resolved,7,6,7,chars/7AFF.json
笀,C,máng,Măng,biến thể cũ của 芒[mang2]; râu cứng (của hạt),not-resolved,,,not-resolved,0,0,7,chars/7B00.json
笃,C,dǔ,Đốc,nghiêm trọng (bệnh); thành thật,not-resolved,,,not-resolved,6,0,7,chars/7B03.json
笄,C,jī,,15 tuổi; trâm cài tóc búi,not-resolved,,,not-resolved,0,0,7,chars/7B04.json
笆,C,bā,,vật làm bằng dải tre; hàng rào,not-resolved,,,not-resolved,2,0,7,chars/7B06.json
笈,C,jí,Cặp,rương (đựng sách),not-resolved,,,not-resolved,0,0,7,chars/7B08.json
笉,C,qǐn,,gương mặt tươi cười; dây tre,not-resolved,,,not-resolved,0,0,7,chars/7B09.json
笊,C,zhào,,vá cán dài đan thưa bằng tre,not-resolved,,,not-resolved,1,0,7,chars/7B0A.json
笋,C,sǔn,,măng,not-resolved,,,not-resolved,6,0,7,chars/7B0B.json
笎,C,yuán,,tre có đốm đen,not-resolved,,,not-resolved,0,0,7,chars/7B0E.json
笏,C,hù,,(cổ) thẻ nghi lễ (quan viên cầm khi thiết triều),not-resolved,,,not-resolved,0,0,7,chars/7B0F.json
笐,C,gāng,,tre đặt ngang khung gỗ để trữ ngũ cốc ở nơi khí hậu ẩm,not-resolved,,,not-resolved,0,0,7,chars/7B10.json
笑,C,xiào,,cười; để cười,not-resolved,,,not-resolved,20,10,2,chars/7B11.json
笓,C,pí,,chải; lược răng nhỏ,not-resolved,,,not-resolved,0,0,7,chars/7B13.json
笔,C,bǐ,Bút,"Bút; Lượng từ cho các khoản tiền, các giao dịch.",not-resolved,,,not-resolved,12,10,2,chars/7B14.json
笕,C,jiǎn,,ống dẫn nước bằng tre; ống nước làm từ tre,not-resolved,,,not-resolved,0,0,7,chars/7B15.json
笙,C,shēng,Dấm / Sênh,"sanh, nhạc cụ hơi có lam tự do với ống tre dọc",not-resolved,,,not-resolved,2,0,7,chars/7B19.json
笛,C,dí,Địch,sáo,not-resolved,,,not-resolved,6,5,7,chars/7B1B.json
笞,C,chī,,đánh bằng dải tre,not-resolved,,,not-resolved,2,0,7,chars/7B1E.json
笠,C,lì,Lợp,nón lá tre,not-resolved,,,not-resolved,1,0,7,chars/7B20.json
笤,C,tiáo,Giậu,cái chổi,not-resolved,,,not-resolved,1,0,7,chars/7B24.json
笥,C,sì,,hộp vuông bằng tre để đựng thức ăn hoặc quần áo,not-resolved,,,not-resolved,0,0,7,chars/7B25.json
符,C,Fú,Bùa,họ [Fu2],not-resolved,,,not-resolved,6,10,4,chars/7B26.json
笨,C,bèn,,ngốc,not-resolved,,,not-resolved,6,10,4,chars/7B28.json
笪,C,Dá,Đác,họ [Da2],not-resolved,,,not-resolved,0,0,7,chars/7B2A.json
笫,C,zǐ,,chiếu tre; chiếu giường,not-resolved,,,not-resolved,1,0,7,chars/7B2B.json
第,C,dì,Nồng / Đệ,thứ,not-resolved,,,not-resolved,8,10,2,chars/7B2C.json
笭,C,líng,,mành tre,not-resolved,,,not-resolved,0,0,7,chars/7B2D.json
笮,C,zé,,ván dưới ngói trên mái; hẹp,not-resolved,,,not-resolved,0,0,7,chars/7B2E.json
笰,C,fú,,chổi lông,not-resolved,,,not-resolved,0,0,7,chars/7B30.json
笱,C,gǒu,Càu,giỏ bẫy cá,not-resolved,,,not-resolved,0,0,7,chars/7B31.json
笲,C,fán,,giỏ mây của cô dâu,not-resolved,,,not-resolved,0,0,7,chars/7B32.json
笳,C,jiā,,còi làm bằng sậy,not-resolved,,,not-resolved,0,0,7,chars/7B33.json
笵,C,fàn,Phạm,khuôn bằng tre,not-resolved,,,not-resolved,0,0,7,chars/7B35.json
笸,C,pǒ,,rổ mâm phẳng,not-resolved,,,not-resolved,0,0,7,chars/7B38.json
笺,C,jiān,,biến thể của 箋|笺[jian1],not-resolved,,,not-resolved,3,0,7,chars/7B3A.json
笻,C,qióng,,biến thể của 筇[qiong2],not-resolved,,,not-resolved,0,0,7,chars/7B3B.json
笼,C,lóng,Lồng,"khung bao quanh làm bằng tre, dây kim loại, v.v.; lồng; giỏ; giỏ hấp",not-resolved,,,not-resolved,7,10,6,chars/7B3C.json
笾,C,biān,,mâm tre dùng thời cổ đại để đựng đồ khô cho lễ tế hoặc yến tiệc,not-resolved,,,not-resolved,0,0,7,chars/7B3E.json
筀,C,guì,,tre (cổ),not-resolved,,,not-resolved,0,0,7,chars/7B40.json
筃,C,yīn,,một loại tre; biến thể cũ của 茵[yin1],not-resolved,,,not-resolved,0,0,7,chars/7B43.json
筅,C,xiǎn,,chổi tre để cọ rửa dụng cụ,not-resolved,,,not-resolved,0,0,7,chars/7B45.json
筇,C,qióng,,(trong văn bản cổ) loại tre đôi khi dùng làm gậy,not-resolved,,,not-resolved,0,0,7,chars/7B47.json
筈,C,guā,,đuôi mũi tên,not-resolved,,,not-resolved,0,0,7,chars/7B48.json
等,C,děng,Đẳng,đợi,not-resolved,,,not-resolved,12,10,4,chars/7B49.json
筊,C,jiǎo,,dây tre,not-resolved,,,not-resolved,0,0,7,chars/7B4A.json
筋,C,jīn,Gân,cơ bắp,not-resolved,,,not-resolved,6,9,6,chars/7B4B.json
筌,C,quán,,bẫy cá bằng tre,not-resolved,,,not-resolved,1,0,7,chars/7B4C.json
筎,C,rú,,vỏ ngoài mỏng của tre,not-resolved,,,not-resolved,0,0,7,chars/7B4E.json
筏,C,fá,Phẹt,biến thể của 筏[fa2],not-resolved,,,not-resolved,4,0,7,chars/7B4F.json
筐,C,kuāng,,cái giỏ,not-resolved,,,not-resolved,3,0,6,chars/7B50.json
筑,C,zhù,Trúc,xây dựng,not-resolved,,,not-resolved,6,10,5,chars/7B51.json
筒,C,tǒng,Đồng,ống,not-resolved,,,not-resolved,7,8,6,chars/7B52.json
答,C,dā,Đáp,"hình thức gắn liền có nghĩa giống như từ tự do 答[da2], dùng trong 答應|答应[da1 ying5], 答理[da1 li5] vv",not-resolved,,,not-resolved,8,10,3,chars/7B54.json
筕,C,háng,,xem 筕篖[hang2 tang2],not-resolved,,,not-resolved,0,0,7,chars/7B55.json
策,C,Cè,Sách,họ [Ce4],not-resolved,,,not-resolved,8,10,6,chars/7B56.json
筘,C,kòu,,(đơn vị đo bề rộng vải),not-resolved,,,not-resolved,0,0,7,chars/7B58.json
筚,C,bì,,liễu gai,not-resolved,,,not-resolved,1,0,7,chars/7B5A.json
筛,C,shāi,Rây,rây,not-resolved,,,not-resolved,5,4,6,chars/7B5B.json
筜,C,dāng,,xem 篔簹|筼筜[yun2 dang1],not-resolved,,,not-resolved,0,0,7,chars/7B5C.json
筝,C,zhēng,Tranh,"tranh hoặc cổ tranh, một loại đàn dài có nhịp cầu di động, chơi bằng cách gảy dây",not-resolved,,,not-resolved,3,2,7,chars/7B5D.json
筠,C,yún,,vỏ tre,not-resolved,,,not-resolved,2,0,7,chars/7B60.json
筢,C,pá,,cào tre,not-resolved,,,not-resolved,0,0,,chars/7B62.json
筤,C,láng,Lẵng,tre non,not-resolved,,,not-resolved,0,0,7,chars/7B64.json
筥,C,jǔ,Rá,giỏ tròn bằng tre,not-resolved,,,not-resolved,0,0,7,chars/7B65.json
筦,C,Guǎn,,họ [Guan3],not-resolved,,,not-resolved,0,0,7,chars/7B66.json
筭,C,suàn,Toan,coi như; tính toán,not-resolved,,,not-resolved,0,0,7,chars/7B6D.json
筮,C,shì,Vầu,bói bằng cỏ thi,not-resolved,,,not-resolved,0,0,7,chars/7B6E.json
筰,C,zuó,,dây cáp,not-resolved,,,not-resolved,0,0,7,chars/7B70.json
筱,C,xiǎo,,tre trúc lùn; tre mỏng,not-resolved,,,not-resolved,0,0,7,chars/7B71.json
筲,C,shāo,Sáo,bàn chải nồi làm từ dải tre; giỏ đựng đũa,not-resolved,,,not-resolved,2,0,7,chars/7B72.json
筳,C,tíng,,cây trúc; con quay,not-resolved,,,not-resolved,0,0,7,chars/7B73.json
筵,C,yán,,chiếu tre để ngồi,not-resolved,,,not-resolved,6,0,7,chars/7B75.json
筷,C,kuài,,đũa,not-resolved,,,not-resolved,3,3,3,chars/7B77.json
筸,C,gān,,tên một địa danh ở Hà Nam,not-resolved,,,not-resolved,0,0,7,chars/7B78.json
筹,C,chóu,,chuẩn bị,not-resolved,,,not-resolved,9,10,6,chars/7B79.json
筻,C,gàng,,,not-resolved,,,not-resolved,0,0,,chars/7B7B.json
筼,C,yún,,xem 篔簹|筼筜[yun2 dang1],not-resolved,,,not-resolved,0,0,7,chars/7B7C.json
签,C,qiān,,ký tên,not-resolved,,,not-resolved,8,10,5,chars/7B7E.json
简,C,jiǎn,Giản,"giản dị, đơn giản; thẻ tre (thời xưa)",not-resolved,,,not-resolved,15,10,3,chars/7B80.json
箂,C,lái,,(tre),not-resolved,,,not-resolved,0,0,7,chars/7B82.json
箊,C,yū,,tre nứa có lá mỏng; rộng,not-resolved,,,not-resolved,0,0,7,chars/7B8A.json
箍,C,gū,,Quàng; quấn; bó; xiềng; vòng kim loại,not-resolved,,,not-resolved,6,2,7,chars/7B8D.json
箎,C,chí,,sáo trúc có 8 lỗ,not-resolved,,,not-resolved,0,0,7,chars/7B8E.json
箐,C,qìng,,kéo cung tên tre hoặc nỏ,not-resolved,,,not-resolved,1,0,7,chars/7B90.json
箑,C,shà,,quạt,not-resolved,,,not-resolved,0,0,7,chars/7B91.json
箓,C,lù,,sổ ghi chép; lưu trữ; bùa viết của Đạo giáo,not-resolved,,,not-resolved,0,0,7,chars/7B93.json
箔,C,bó,,"lụa đan (từ cói, tre, v.v.); giỏ tằm",not-resolved,,,not-resolved,4,0,7,chars/7B94.json
箕,C,jī,Kia,giỏ sàng,not-resolved,,,not-resolved,3,2,7,chars/7B95.json
算,C,suàn,Toán,xem như,not-resolved,,,not-resolved,20,10,3,chars/7B97.json
箘,C,jùn,,măng tre,not-resolved,,,not-resolved,0,0,7,chars/7B98.json
箙,C,fú,,ống tên,not-resolved,,,not-resolved,0,0,7,chars/7B99.json
箛,C,gū,,(tre); kèn cho xe chiến mã,not-resolved,,,not-resolved,0,0,7,chars/7B9B.json
箜,C,kōng,,dùng trong 箜篌[kong1 hou2],not-resolved,,,not-resolved,1,0,7,chars/7B9C.json
箝,C,qián,,cái kìm; kẹp,not-resolved,,,not-resolved,0,0,7,chars/7B9D.json
管,C,guǎn,Quản,"ống; quản lí, trông coi; mặc kệ, cho dù; kiểm soát; phụ trách",not-resolved,,,not-resolved,20,10,4,chars/7BA1.json
箦,C,zé,,chiếu cói,not-resolved,,,not-resolved,0,0,7,chars/7BA6.json
箧,C,qiè,,rương; hộp,not-resolved,,,not-resolved,3,0,7,chars/7BA7.json
箨,C,tuò,,vỏ bọc quanh các đốt tre,not-resolved,,,not-resolved,0,0,7,chars/7BA8.json
箩,C,luó,,cái rổ,not-resolved,,,not-resolved,2,0,7,chars/7BA9.json
箪,C,dān,,giỏ tròn đựng cơm,not-resolved,,,not-resolved,1,0,7,chars/7BAA.json
箫,C,xiāo,Tiêu,"tiêu, một nhạc cụ cổ của Trung Quốc, giống tiêu Pan",not-resolved,,,not-resolved,3,0,7,chars/7BAB.json
箬,C,ruò,,(tre); vỏ tre,not-resolved,,,not-resolved,0,0,7,chars/7BAC.json
箭,C,jiàn,Tiễn,mũi tên,not-resolved,,,not-resolved,6,8,6,chars/7BAD.json
箮,C,xuān,,hoa tre; tre trổ bông,not-resolved,,,not-resolved,0,0,7,chars/7BAE.json
箯,C,biān,,kiệu tre,not-resolved,,,not-resolved,0,0,7,chars/7BAF.json
箱,C,xiāng,Rương,"hộp, thùng",not-resolved,,,not-resolved,8,10,3,chars/7BB1.json
箴,C,zhēn,Bú / Giăm,cảnh báo; khuyên răn,not-resolved,,,not-resolved,1,0,7,chars/7BB4.json
箸,C,zhù,Giạ,biến thể của 箸[zhu4],not-resolved,,,not-resolved,1,0,7,chars/7BB8.json
箾,C,shuò,,đánh ai đó bằng cột; (cổ đại) cột cầm bởi vũ công,not-resolved,,,not-resolved,0,0,7,chars/7BBE.json
篁,C,huáng,,(tre); lùm tre,not-resolved,,,not-resolved,0,0,7,chars/7BC1.json
篃,C,mèi,,một loại tre,not-resolved,,,not-resolved,0,0,7,chars/7BC3.json
篆,C,zhuàn,Triện,con dấu (công vụ); chữ triện (một kiểu thư pháp),not-resolved,,,not-resolved,6,0,7,chars/7BC6.json
篇,C,piān,,chương,not-resolved,,,not-resolved,6,10,4,chars/7BC7.json
篌,C,hóu,,dùng trong 箜篌[kong1 hou2],not-resolved,,,not-resolved,1,0,7,chars/7BCC.json
篑,C,kuì,,giỏ đựng đất,not-resolved,,,not-resolved,1,0,7,chars/7BD1.json
篓,C,lǒu,,cái giỏ,not-resolved,,,not-resolved,4,0,7,chars/7BD3.json
篖,C,táng,,xem 筕篖[hang2 tang2],not-resolved,,,not-resolved,0,0,7,chars/7BD6.json
篙,C,gāo,Gàu,sào chèo thuyền,not-resolved,,,not-resolved,0,0,7,chars/7BD9.json
篚,C,fěi,,giỏ tròn có nắp,not-resolved,,,not-resolved,0,0,7,chars/7BDA.json
篛,C,ruò,,biểu bì của cây tre,not-resolved,,,not-resolved,0,0,7,chars/7BDB.json
篜,C,zhēng,,tre,not-resolved,,,not-resolved,0,0,7,chars/7BDC.json
篝,C,gōu,Quảu,khung tre để phơi quần áo; lồng tre,not-resolved,,,not-resolved,2,0,7,chars/7BDD.json
篟,C,qiàn,,sự phát triển sum suê của cây tre,not-resolved,,,not-resolved,0,0,7,chars/7BDF.json
篠,C,xiǎo,,tre lùn,not-resolved,,,not-resolved,0,0,7,chars/7BE0.json
篡,B,cuàn,Choán,chiếm đoạt; cướp ngôi,resolved,厶,"Bộ Kh, Tư",record-radical,6,0,7,chars/7BE1.json
篥,C,lì,Sặt,tre nứa tốt để làm sào; nhạc cụ kèn,not-resolved,,,not-resolved,0,0,7,chars/7BE5.json
篦,C,bì,,lược răng mịn; chải,not-resolved,,,not-resolved,1,0,7,chars/7BE6.json
篧,C,zhuó,,giỏ bắt cá,not-resolved,,,not-resolved,0,0,7,chars/7BE7.json
篨,C,chú,,chiếu tre thô,not-resolved,,,not-resolved,0,0,7,chars/7BE8.json
篪,C,chí,,sáo trúc có 7 hoặc 8 lỗ,not-resolved,,,not-resolved,1,0,7,chars/7BEA.json
篭,C,lóng,,biến thể cũ của 籠|笼[long2],not-resolved,,,not-resolved,0,0,7,chars/7BED.json
篮,C,lán,Xờm,cái rổ (đồ đựng); rổ (trong bóng rổ),not-resolved,,,not-resolved,7,10,2,chars/7BEE.json
篯,C,Jiān,,họ [Jian1],not-resolved,,,not-resolved,0,0,7,chars/7BEF.json
篰,C,bù,,dụng cụ giống cái sàng,not-resolved,,,not-resolved,0,0,7,chars/7BF0.json
篱,C,lí,,hàng rào,not-resolved,,,not-resolved,4,0,7,chars/7BF1.json
篲,C,huì,,biến thể của 彗[hui4],not-resolved,,,not-resolved,0,0,7,chars/7BF2.json
篴,C,dí,,sáo,not-resolved,,,not-resolved,0,0,7,chars/7BF4.json
篶,C,yān,,trúc đen,not-resolved,,,not-resolved,0,0,7,chars/7BF6.json
篷,C,péng,Bong,buồm,not-resolved,,,not-resolved,6,5,6,chars/7BF7.json
篹,C,suǎn,,giỏ tre cổ dùng đựng thức ăn; biến thể của 匴[suan3],not-resolved,,,not-resolved,0,0,7,chars/7BF9.json
篼,C,dōu,,"giỏ làm từ tre, mây hoặc liễu; kiệu dùng trên núi (Quảng Đông)",not-resolved,,,not-resolved,0,0,7,chars/7BFC.json
篾,C,miè,,lớp ngoài của thân tre (hoặc sậy hoặc cao lương); dải tre mỏng,not-resolved,,,not-resolved,1,0,7,chars/7BFE.json
簁,C,xǐ,,"cái rây; rây, lọc",not-resolved,,,not-resolved,0,0,7,chars/7C01.json
簃,C,yí,,ngôi nhà nhỏ nối với nhà lớn,not-resolved,,,not-resolved,0,0,7,chars/7C03.json
簆,C,kòu,,khung cán cửi dệt,not-resolved,,,not-resolved,0,0,7,chars/7C06.json
簇,C,cù,,đông đúc; giá cho tằm,not-resolved,,,not-resolved,5,6,7,chars/7C07.json
簉,C,zào,,phó; cấp dưới,not-resolved,,,not-resolved,0,0,7,chars/7C09.json
簋,C,guǐ,,đồ đựng thức ăn bằng đồng cổ có miệng tròn và hai hoặc bốn quai; giỏ tròn bằng tre,not-resolved,,,not-resolved,0,0,7,chars/7C0B.json
簌,C,sù,,thảm thực vật rậm rạp; cái rây,not-resolved,,,not-resolved,1,0,7,chars/7C0C.json
簏,C,lù,,hộp; giỏ,not-resolved,,,not-resolved,0,0,7,chars/7C0F.json
簖,C,duàn,,bẫy cá bằng tre,not-resolved,,,not-resolved,0,0,7,chars/7C16.json
簗,C,zhù,,biến thể sai của 築|筑[zhu4],not-resolved,,,not-resolved,0,0,7,chars/7C17.json
簜,C,dàng,Thang,(tre),not-resolved,,,not-resolved,0,0,7,chars/7C1C.json
簟,C,diàn,,chiếu cói dệt tinh xảo,not-resolved,,,not-resolved,0,0,7,chars/7C1F.json
簠,C,fǔ,,giỏ dùng trong lễ tế,not-resolved,,,not-resolved,0,0,7,chars/7C20.json
簥,C,jiāo,,ống lớn,not-resolved,,,not-resolved,0,0,7,chars/7C25.json
簦,C,dēng,Đăng,dù lớn cho quầy hàng; một loại nón tre hoặc rơm cổ,not-resolved,,,not-resolved,0,0,7,chars/7C26.json
簧,C,huáng,,lưỡi gà kim loại; lò xo khóa,not-resolved,,,not-resolved,6,2,7,chars/7C27.json
簨,C,sǔn,,xà ngang để treo chuông,not-resolved,,,not-resolved,0,0,7,chars/7C28.json
簪,C,zān,Trâm,trâm cài tóc,not-resolved,,,not-resolved,1,0,7,chars/7C2A.json
簬,C,lù,Rọ,(cây tre),not-resolved,,,not-resolved,0,0,7,chars/7C2C.json
簰,C,pái,,bè tre,not-resolved,,,not-resolved,0,0,7,chars/7C30.json
簸,C,bǒ,,sàng; tung lên xuống,not-resolved,,,not-resolved,4,5,6,chars/7C38.json
簻,C,kē,,to lớn; đói khát,not-resolved,,,not-resolved,0,0,7,chars/7C3B.json
簿,C,bù,,"sổ, vở, tập (sách, vở)",not-resolved,,,not-resolved,6,3,7,chars/7C3F.json
籀,C,Zhòu,,họ [Zhou4],not-resolved,,,not-resolved,1,0,7,chars/7C40.json
籁,C,lài,,âm thanh; tiếng ồn,not-resolved,,,not-resolved,3,0,7,chars/7C41.json
籊,C,tì,,tre bambu dài (làm cần câu),not-resolved,,,not-resolved,0,0,7,chars/7C4A.json
籍,C,Jí,,họ [Ji2],not-resolved,,,not-resolved,8,10,4,chars/7C4D.json
籑,B,zhuàn,,biến thể cũ của 撰[zhuan4],resolved,食,Bộ Thực,record-radical,0,0,7,chars/7C51.json
籒,C,zhòu,,biến thể cũ của 籀[zhou4],not-resolved,,,not-resolved,0,0,7,chars/7C52.json
籓,C,fān,,giỏ sảy lớn,not-resolved,,,not-resolved,0,0,7,chars/7C53.json
籚,C,lú,Gắt / Lờ,giỏ làm bằng cỏ bàng; cán giáo,not-resolved,,,not-resolved,0,0,7,chars/7C5A.json
籝,C,yíng,,biến thể cũ của 籯[ying2],not-resolved,,,not-resolved,0,0,7,chars/7C5D.json
籣,C,lán,Tràn,hộp đựng cung; ống tên,not-resolved,,,not-resolved,0,0,7,chars/7C63.json
籥,C,yuè,,sáo; chìa khóa,not-resolved,,,not-resolved,0,0,7,chars/7C65.json
籧,C,qú,,chiếu tre thô,not-resolved,,,not-resolved,0,0,7,chars/7C67.json
籫,C,zuǎn,,(văn học) ống tre dùng để đựng đũa hoặc muỗng,not-resolved,,,not-resolved,0,0,7,chars/7C6B.json
籭,C,shāi,,biến thể cũ của 篩|筛[shai1],not-resolved,,,not-resolved,0,0,7,chars/7C6D.json
籯,C,yíng,,giỏ thon để đũa,not-resolved,,,not-resolved,0,0,7,chars/7C6F.json
米,A,mǐ,,mét,resolved,米,Bộ Mễ,self-radical,9,10,3,chars/7C73.json
籴,C,dí,,mua (lương thực),not-resolved,,,not-resolved,0,0,7,chars/7C74.json
籵,C,fán,,dm,not-resolved,,,not-resolved,0,0,7,chars/7C75.json
籸,C,shēn,,ngũ cốc nghiền nát,not-resolved,,,not-resolved,0,0,7,chars/7C78.json
籹,C,nǚ,,bánh từ bột gạo và mật ong,not-resolved,,,not-resolved,0,0,7,chars/7C79.json
类,A,lèi,Loại,loại,resolved,米,Bộ Mễ,record-radical,12,10,5,chars/7C7B.json
籼,B,xiān,,gạo hạt dài; giống như 秈,resolved,米,Bộ Mễ,record-radical,2,0,7,chars/7C7C.json
籽,C,zǐ,,hạt giống,not-resolved,,,not-resolved,1,0,7,chars/7C7D.json
粀,C,zhàng,,đề-xa-mét (cũ),not-resolved,,,not-resolved,0,0,7,chars/7C80.json
粁,C,qiān,,ki-lô-mét,not-resolved,,,not-resolved,0,0,7,chars/7C81.json
粄,C,bǎn,,"(ẩm thực Khách Gia) món ăn làm từ bột gạo nếp (bánh gạo, mì sợi, v.v.)",not-resolved,,,not-resolved,0,0,7,chars/7C84.json
粉,A,fěn,Phấn,bột,resolved,米,Bộ Mễ,record-radical,11,10,6,chars/7C89.json
粋,C,cuì,,biến thể tiếng Nhật của 粹,not-resolved,,,not-resolved,0,0,7,chars/7C8B.json
粑,B,bā,,một loại bánh tròn dẹt (phương ngữ),resolved,米,Bộ Mễ,record-radical,2,0,7,chars/7C91.json
粒,A,lì,Lạp,"hạt, hạt nhân",resolved,米,Bộ Mễ,record-radical,6,6,6,chars/7C92.json
粔,C,jù,,bánh làm từ bột gạo nặn thành vòng,not-resolved,,,not-resolved,0,0,7,chars/7C94.json
粕,B,pò,,bã rượu,resolved,米,Bộ Mễ,record-radical,2,0,7,chars/7C95.json
粗,A,cū,Thô,thô,resolved,米,Bộ Mễ,record-radical,9,10,4,chars/7C97.json
粘,A,zhān,,dán,resolved,米,Bộ Mễ,record-radical,5,5,5,chars/7C98.json
粚,C,chī,,biến thể cũ của 黐[chi1],not-resolved,,,not-resolved,0,0,7,chars/7C9A.json
粛,C,sù,,biến thể tiếng Nhật của 肅|肃,not-resolved,,,not-resolved,0,0,7,chars/7C9B.json
粜,C,tiào,,bán (lương thực),not-resolved,,,not-resolved,0,0,7,chars/7C9C.json
粝,C,lì,,gạo thô,not-resolved,,,not-resolved,1,0,7,chars/7C9D.json
粞,B,xī,,gạo xay; đập lúa,resolved,米,Bộ Mễ,record-radical,0,0,7,chars/7C9E.json
粟,C,Sù,,họ [Su4],not-resolved,,,not-resolved,6,0,7,chars/7C9F.json
粢,B,zī,,kê thường,resolved,米,Bộ Mễ,record-radical,0,0,7,chars/7CA2.json
粤,C,Yuè,,tiếng Quảng Đông; tên gọi tắt của Quảng Đông 廣東|广东[Guang3 dong1],not-resolved,,,not-resolved,5,0,7,chars/7CA4.json
粥,C,zhōu,,cháo,not-resolved,,,not-resolved,6,6,6,chars/7CA5.json
粨,C,bǎi mǐ,,héc-tô-mét (cách cũ); chữ đơn tương đương với 百米[bai3 mi3],not-resolved,,,not-resolved,0,0,7,chars/7CA8.json
粩,C,lāo,,"một loại bánh truyền thống của Đài Loan và Phúc Kiến, được chiên, sau đó phủ maltose và lăn trong mè hoặc đậu phộng nghiền nhỏ,…; cách đọc ở Đài Loan: [lao3]",not-resolved,,,not-resolved,0,0,7,chars/7CA9.json
粪,A,fèn,Phân,phân,resolved,米,Bộ Mễ,record-radical,6,4,7,chars/7CAA.json
粬,C,qū,,biến thể của 麯[qu1],not-resolved,,,not-resolved,0,0,7,chars/7CAC.json
粮,A,liáng,Lương,lương thực; thức ăn,resolved,米,Bộ Mễ,record-radical,6,10,5,chars/7CAE.json
粰,C,fū,,biến thể của 稃[fu1],not-resolved,,,not-resolved,0,0,7,chars/7CB0.json
粱,A,liáng,,cây cao lương,resolved,米,Bộ Mễ,record-radical,4,2,7,chars/7CB1.json
粲,C,càn,,đẹp; rạng rỡ,not-resolved,,,not-resolved,1,0,7,chars/7CB2.json
粳,B,jīng,,biến thể của 粳[jing1],resolved,米,Bộ Mễ,record-radical,2,0,7,chars/7CB3.json
粹,A,cuì,Tuý,thuần khiết; không pha trộn,resolved,米,Bộ Mễ,record-radical,5,4,6,chars/7CB9.json
粻,C,zhāng,,thức ăn; cơm trắng nấu chín,not-resolved,,,not-resolved,0,0,7,chars/7CBB.json
粼,A,lín,,trong (như nước),resolved,巛,Bộ Xuyên,record-radical,1,2,7,chars/7CBC.json
粽,A,zòng,,bánh ú gói lá,resolved,米,Bộ Mễ,record-radical,1,4,7,chars/7CBD.json
精,A,jīng,Tinh,thông minh,resolved,米,Bộ Mễ,record-radical,20,10,4,chars/7CBE.json
粿,C,guǒ,,bánh gạo (thường làm từ bột gạo nếp và hấp),not-resolved,,,not-resolved,0,0,7,chars/7CBF.json
糁,B,sǎn,Tấm,trộn (bột),resolved,米,Bộ Mễ,record-radical,1,0,7,chars/7CC1.json
糅,B,róu,,trộn,resolved,米,Bộ Mễ,record-radical,2,0,7,chars/7CC5.json
糆,C,miàn,À / Miến,biến thể của 麵|面[mian4]; bún gạo,not-resolved,,,not-resolved,0,0,7,chars/7CC6.json
糇,B,hóu,,lương khô,resolved,米,Bộ Mễ,record-radical,0,0,7,chars/7CC7.json
糈,B,xǔ,,lương chính thức; gạo cúng tế,resolved,米,Bộ Mễ,record-radical,0,0,7,chars/7CC8.json
糊,A,hú,Hồ,dán,resolved,米,Bộ Mễ,record-radical,6,10,5,chars/7CCA.json
糌,B,zān,,"zanba, bánh mì lúa mạch Tây Tạng",resolved,米,Bộ Mễ,record-radical,1,0,7,chars/7CCC.json
糍,B,cí,,bánh gạo nếp,resolved,米,Bộ Mễ,record-radical,1,0,7,chars/7CCD.json
糒,C,bèi,,thức ăn cho hành trình; bánh,not-resolved,,,not-resolved,0,0,7,chars/7CD2.json
糔,C,xiǔ,,"rửa (gạo, v.v.)",not-resolved,,,not-resolved,0,0,7,chars/7CD4.json
糕,A,gāo,,bánh,resolved,米,Bộ Mễ,record-radical,6,10,3,chars/7CD5.json
糖,A,táng,Đường,"đường, kẹo",resolved,米,Bộ Mễ,record-radical,9,10,4,chars/7CD6.json
糗,C,Qiǔ,,họ [Qiu3],not-resolved,,,not-resolved,0,0,7,chars/7CD7.json
糙,A,cāo,,thô; nhám (về kết cấu),resolved,米,Bộ Mễ,record-radical,2,4,5,chars/7CD9.json
糜,B,Mí,,họ [Mi2],resolved,米,Bộ Mễ,record-radical,6,0,7,chars/7CDC.json
糟,A,zāo,,khủng khiếp,resolved,米,Bộ Mễ,record-radical,6,10,5,chars/7CDF.json
糠,B,kāng,,biến thể của 糠[kang1],resolved,米,Bộ Mễ,record-radical,6,0,7,chars/7CE0.json
糢,B,mó,,mờ ảo,resolved,米,Bộ Mễ,record-radical,0,0,7,chars/7CE2.json
糨,B,jiàng,,"(dùng cho súp, hồ dán, v.v.) đặc",resolved,米,Bộ Mễ,record-radical,2,0,7,chars/7CE8.json
糬,B,shǔ,,dùng trong 麻糬[ma2 shu3],resolved,米,Bộ Mễ,record-radical,0,0,7,chars/7CEC.json
糭,C,zòng,,biến thể cũ của 粽[zong4],not-resolved,,,not-resolved,0,0,7,chars/7CED.json
糯,B,nuò,,biến thể của 糯[nuo4],resolved,米,Bộ Mễ,record-radical,3,0,7,chars/7CEF.json
糱,C,niè,,hạt lên men; men,not-resolved,,,not-resolved,0,0,7,chars/7CF1.json
糸,B,mì,,sợi tơ nhỏ.,resolved,糸,Bộ Mịch,self-radical,0,0,7,chars/7CF8.json
糹,B,mì,,sợi tơ nhỏ.,resolved,糸,Bộ Mịch,radical-variant,0,0,7,chars/7CF9.json
糺,C,jiǔ,,"quân đội (sử dụng trong các triều đại Liêu, Kim và Nguyên)",not-resolved,,,not-resolved,0,0,7,chars/7CFA.json
系,A,xì,Hệ,khoa,resolved,又,Bộ Hựu,record-radical,8,10,5,chars/7CFB.json
紊,A,wěn,,rối rắm; lẫn lộn,resolved,糸,Bộ Mịch,record-radical,3,7,6,chars/7D0A.json
紑,C,fóu,,sáng; bóng (về lụa),not-resolved,,,not-resolved,0,0,7,chars/7D11.json
紟,C,jīn,,dây đai; buộc,not-resolved,,,not-resolved,0,0,7,chars/7D1F.json
素,A,sù,Tố,ăn chay,resolved,糸,Bộ Mịch,record-radical,17,10,5,chars/7D20.json
索,A,Suǒ,Sách,"họ [Suo3]; viết tắt của 索馬里|索马里[Suo3 ma3 li3], Somalia",resolved,廾,Bộ Củng,record-radical,14,10,5,chars/7D22.json
紧,A,jǐn,Khẩn,chặt,resolved,又,Bộ Hựu,record-radical,15,10,4,chars/7D27.json
紩,C,zhì,Nhạu / Thắt,khâu; vá,not-resolved,,,not-resolved,0,0,7,chars/7D29.json
紫,A,zǐ,Tía,tím,resolved,糸,Bộ Mịch,record-radical,6,5,5,chars/7D2B.json
累,C,lèi,Luỵ,mệt mỏi,not-resolved,,,not-resolved,6,10,2,chars/7D2F.json
紽,C,tuó,,bím trên áo,not-resolved,,,not-resolved,0,0,7,chars/7D3D.json
紾,C,zhěn,,cong; ngang bướng,not-resolved,,,not-resolved,0,0,7,chars/7D3E.json
絁,C,shī,,"lụa thô, không tinh tế",not-resolved,,,not-resolved,0,0,7,chars/7D41.json
絃,C,xián,,biến thể của 弦; dây cung,not-resolved,,,not-resolved,0,0,7,chars/7D43.json
経,C,jīng,,biến thể Nhật Bản của 經|经,not-resolved,,,not-resolved,0,0,7,chars/7D4C.json
絍,C,rèn,,dệt; dăng sợi để dệt,not-resolved,,,not-resolved,0,0,7,chars/7D4D.json
絓,B,guà,,cản trở; xúc phạm,resolved,糸,Bộ Mịch,record-radical,0,0,7,chars/7D53.json
絖,C,kuàng,Quang,tơ hoặc bông mịn,not-resolved,,,not-resolved,0,0,7,chars/7D56.json
絘,B,cì,,thuế cổ dạng kiện vải,resolved,糸,Bộ Mịch,record-radical,0,0,7,chars/7D58.json
絚,C,gēng,,biến thể cũ của 緪[geng1],not-resolved,,,not-resolved,0,0,7,chars/7D5A.json
絜,B,jié,,sạch sẽ,resolved,糸,Bộ Mịch,record-radical,0,0,7,chars/7D5C.json
絣,C,bǐng,,"Ikat, một loại lụa dệt; Kasuri",not-resolved,,,not-resolved,0,0,7,chars/7D63.json
絫,C,lěi,,"biến thể của 累[lei3], tích luỹ",not-resolved,,,not-resolved,0,0,7,chars/7D6B.json
絮,A,xù,,bông gòn; nghĩa bóng: chèn lấp,resolved,糸,Bộ Mịch,record-radical,6,4,7,chars/7D6E.json
絵,C,huì,,biến thể tiếng Nhật của 繪|绘,not-resolved,,,not-resolved,0,0,7,chars/7D75.json
絷,C,zhí,,kết nối; trói buộc,not-resolved,,,not-resolved,0,0,7,chars/7D77.json
絻,B,miǎn,,biến thể cũ của 冕[mian3],resolved,糸,Bộ Mịch,record-radical,0,0,7,chars/7D7B.json
絿,C,qiú,,khẩn cấp; cấp bách,not-resolved,,,not-resolved,0,0,7,chars/7D7F.json
綂,C,tǒng,,biến thể cũ của 統|统[tong3],not-resolved,,,not-resolved,0,0,7,chars/7D82.json
綅,C,qīn,,mào lụa đỏ trên mũ giáp,not-resolved,,,not-resolved,0,0,7,chars/7D85.json
綍,C,fú,,dây thừng nặng; dây khiêng quan tài,not-resolved,,,not-resolved,0,0,7,chars/7D8D.json
綎,C,tīng,,dây tết bằng lụa,not-resolved,,,not-resolved,0,0,7,chars/7D8E.json
綗,C,jiǒng,,biến thể của 絅|䌹[jiong3],not-resolved,,,not-resolved,0,0,7,chars/7D97.json
綘,C,féng,,biến thể của 縫|缝[feng2],not-resolved,,,not-resolved,0,0,7,chars/7D98.json
継,C,jì,,biến thể tiếng Nhật của 繼|继,not-resolved,,,not-resolved,0,0,7,chars/7D99.json
続,C,xù,,biến thể tiếng Nhật của 續|续,not-resolved,,,not-resolved,0,0,7,chars/7D9A.json
綥,C,qí,,màu xám đậm; dép rơm,not-resolved,,,not-resolved,0,0,7,chars/7DA5.json
綦,B,qí,,màu xám đậm; bậc nhất,resolved,糸,Bộ Mịch,record-radical,1,0,7,chars/7DA6.json
綮,C,qǐ,,cờ thêu,not-resolved,,,not-resolved,0,0,7,chars/7DAE.json
綷,B,cuì,,lụa ngũ sắc; xem 綷縩[cui4 cai4],resolved,糸,Bộ Mịch,record-radical,0,0,7,chars/7DB7.json
緁,C,jié,,nối; chắp,not-resolved,,,not-resolved,0,0,7,chars/7DC1.json
緅,C,zōu,,lụa tím,not-resolved,,,not-resolved,0,0,7,chars/7DC5.json
緆,C,xī,Rợ,vải bố mịn; vải thô,not-resolved,,,not-resolved,0,0,7,chars/7DC6.json
緌,C,ruí,,dây mũ,not-resolved,,,not-resolved,0,0,7,chars/7DCC.json
緎,C,yù,,đường may,not-resolved,,,not-resolved,0,0,7,chars/7DCE.json
総,C,zǒng,,biến thể tiếng Nhật của 總|总,not-resolved,,,not-resolved,0,0,7,chars/7DCF.json
緑,C,lǜ,,biến thể tiếng Nhật của 綠|绿[lu:4],not-resolved,,,not-resolved,0,0,7,chars/7DD1.json
緖,C,xù,,biến thể của 緒|绪[xu4],not-resolved,,,not-resolved,0,0,7,chars/7DD6.json
緤,C,xiè,,biến thể của 紲|绁[xie4]; trói,not-resolved,,,not-resolved,0,0,7,chars/7DE4.json
緪,C,gēng,,một sợi dây,not-resolved,,,not-resolved,0,0,7,chars/7DEA.json
緫,C,zǒng,,biến thể của 總|总[zong3],not-resolved,,,not-resolved,0,0,7,chars/7DEB.json
縁,C,yuán,,biến thể tiếng Nhật của 緣|缘,not-resolved,,,not-resolved,0,0,7,chars/7E01.json
縂,C,zǒng,,biến thể của 總|总[zong3],not-resolved,,,not-resolved,0,0,7,chars/7E02.json
縃,C,xū,,lụa mịn,not-resolved,,,not-resolved,0,0,7,chars/7E03.json
縄,C,shéng,,biến thể tiếng Nhật của 繩|绳,not-resolved,,,not-resolved,0,0,7,chars/7E04.json
縏,C,pán,,túi nhỏ; bao,not-resolved,,,not-resolved,0,0,7,chars/7E0F.json
縚,C,tāo,,bện; dây,not-resolved,,,not-resolved,0,0,7,chars/7E1A.json
縠,C,hú,,lụa mỏng mịn,not-resolved,,,not-resolved,0,0,7,chars/7E20.json
縡,C,zài,,sự việc; chuyện,not-resolved,,,not-resolved,0,0,7,chars/7E21.json
縢,C,téng,,buộc; dây,not-resolved,,,not-resolved,0,0,7,chars/7E22.json
縦,C,zòng,,biến thể cũ của 縱|纵[zong4],not-resolved,,,not-resolved,0,0,7,chars/7E26.json
縩,B,cài,,xem 綷縩[cui4 cai4],resolved,糸,Bộ Mịch,record-radical,0,0,7,chars/7E29.json
縰,C,xǐ,,dây buộc tóc,not-resolved,,,not-resolved,0,0,7,chars/7E30.json
縻,B,mí,,trói lại,resolved,糸,Bộ Mịch,record-radical,0,0,7,chars/7E3B.json
縿,C,shān,,tua trang trí; trang trí của cờ,not-resolved,,,not-resolved,0,0,7,chars/7E3F.json
繁,A,fán,Phồn,biến thể cũ của 繁[fan2],resolved,糸,Bộ Mịch,record-radical,8,10,5,chars/7E41.json
繄,C,yī,,thán từ; tiếng thở dài,not-resolved,,,not-resolved,0,0,7,chars/7E44.json
繇,C,yáo,,dân ca; lao động cưỡng bức,not-resolved,,,not-resolved,0,0,7,chars/7E47.json
繈,C,qiǎng,,vải để địu em bé sau lưng,not-resolved,,,not-resolved,0,0,7,chars/7E48.json
繊,C,xiān,,biến thể Nhật Bản của 纖|纤,not-resolved,,,not-resolved,0,0,7,chars/7E4A.json
繋,C,xì,,biến thể của 繫|系[xi4],not-resolved,,,not-resolved,0,0,7,chars/7E4B.json
繐,C,suì,,vải mịn và lỏng; tua,not-resolved,,,not-resolved,0,0,7,chars/7E50.json
繘,C,yù,,dây giếng,not-resolved,,,not-resolved,0,0,7,chars/7E58.json
繙,C,fān,,phiên dịch,not-resolved,,,not-resolved,0,0,7,chars/7E59.json
繠,C,ruǐ,,đung đưa; treo lỏng lẻo,not-resolved,,,not-resolved,0,0,7,chars/7E60.json
繣,C,huà,,bướng bỉnh; ngang ngược,not-resolved,,,not-resolved,0,0,7,chars/7E63.json
繨,C,dá,,một nút (của sợi dây),not-resolved,,,not-resolved,0,0,7,chars/7E68.json
纂,B,zuǎn,,(văn học) biên soạn (biến thể của 纂[zuan3]),resolved,糸,Bộ Mịch,record-radical,2,0,7,chars/7E82.json
纉,C,zuǎn,,biến thể của 纘|缵[zuan3],not-resolved,,,not-resolved,0,0,7,chars/7E89.json
纎,C,xiān,,biến thể cũ của 纖|纤[xian1],not-resolved,,,not-resolved,0,0,7,chars/7E8E.json
纑,C,lú,,sợi gai; mặc đồ gai,not-resolved,,,not-resolved,0,0,7,chars/7E91.json
纒,C,chán,,biến thể cũ của 纏|缠[chan2],not-resolved,,,not-resolved,0,0,7,chars/7E92.json
纙,C,luò,Là,dây xâu tiền xu,not-resolved,,,not-resolved,0,0,7,chars/7E99.json
纚,C,lí,,(văn học) buộc; thắt,not-resolved,,,not-resolved,0,0,7,chars/7E9A.json
纛,C,dào,,cờ lớn; cờ hoặc quạt lông,not-resolved,,,not-resolved,0,0,7,chars/7E9B.json
纟,B,mì,,sợi tơ nhỏ.,resolved,糸,Bộ Mịch,radical-variant,0,0,7,chars/7E9F.json
纠,A,jiū,,biến thể cũ của 糾|纠[jiu1],resolved,糸,Bộ Mịch,record-radical,6,10,6,chars/7EA0.json
纡,B,Yū,Vò,họ [Yu1],resolved,糸,Bộ Mịch,record-radical,0,0,7,chars/7EA1.json
红,A,hóng,Hồng,đỏ,resolved,糸,Bộ Mịch,record-radical,20,10,2,chars/7EA2.json
纣,B,zhòu,,"Trụ, tên gọi miệt thị được đặt thuỵ hiệu cho vị vua cuối cùng của nhà Thương, vua Trụ nhà Thương 商紂王|商纣王[Shang1 Zhou4 Wang2] (tên này chỉ đuôi ngựa 紂|纣[zhou4], phần dây cương dễ bị",resolved,糸,Bộ Mịch,record-radical,3,0,7,chars/7EA3.json
纤,A,qiàn,,dây thừng kéo thuyền,resolved,糸,Bộ Mịch,record-radical,6,10,6,chars/7EA4.json
纥,C,gē,Hột,nút,not-resolved,,,not-resolved,1,0,7,chars/7EA5.json
约,A,yuē,Ước,hẹn,resolved,糸,Bộ Mịch,record-radical,18,10,4,chars/7EA6.json
级,A,jí,Cấp,cấp độ,resolved,糸,Bộ Mịch,record-radical,18,10,3,chars/7EA7.json
纨,B,wán,,trắng; lụa trắng,resolved,糸,Bộ Mịch,record-radical,2,0,7,chars/7EA8.json
纩,B,kuàng,,tơ hoặc bông mịn,resolved,糸,Bộ Mịch,record-radical,0,0,7,chars/7EA9.json
纪,A,Jǐ,Kỉ,họ [Ji3]; cũng phát âm [Ji4],resolved,糸,Bộ Mịch,record-radical,12,10,4,chars/7EAA.json
纫,C,rèn,,xâu kim; may; khâu,not-resolved,,,not-resolved,2,0,7,chars/7EAB.json
纬,A,wěi,Vĩ,vĩ độ; sợi ngang (trong dệt),resolved,糸,Bộ Mịch,record-radical,6,10,6,chars/7EAC.json
纭,B,yún,,rối loạn; đông đúc,resolved,糸,Bộ Mịch,record-radical,3,0,7,chars/7EAD.json
纮,C,hóng,,dây mũ; rộng lớn,not-resolved,,,not-resolved,0,0,7,chars/7EAE.json
纯,A,chún,Thuần,tinh khiết,resolved,糸,Bộ Mịch,record-radical,10,10,5,chars/7EAF.json
纰,B,pī,,lỗi; sự cẩu thả,resolved,糸,Bộ Mịch,record-radical,1,0,7,chars/7EB0.json
纱,A,shā,Sa,sợi,resolved,糸,Bộ Mịch,record-radical,6,6,7,chars/7EB1.json
纲,A,gāng,Cương,dây chính của lưới đánh cá; nguyên tắc chỉ đạo,resolved,糸,Bộ Mịch,record-radical,6,10,5,chars/7EB2.json
纳,A,Nà,Nạp,họ [Na4],resolved,糸,Bộ Mịch,record-radical,14,10,5,chars/7EB3.json
纴,B,rèn,,dệt; dăng sợi dọc để dệt,resolved,糸,Bộ Mịch,record-radical,0,0,7,chars/7EB4.json
纵,A,zòng,Tung,thẳng đứng; bắc-nam (cách phát âm Đài Loan [zong1]); từ trước ra sau; theo chiều dọc; theo chiều dài (cách phát âm Đài Loan [zong1]),resolved,糸,Bộ Mịch,record-radical,11,10,6,chars/7EB5.json
纶,C,lún,Luân,phân loại; vặn tơ,not-resolved,,,not-resolved,6,0,7,chars/7EB6.json
纷,A,fēn,Phân,nhiều; bối rối,resolved,糸,Bộ Mịch,record-radical,7,10,5,chars/7EB7.json
纸,A,zhǐ,,giấy,resolved,糸,Bộ Mịch,record-radical,9,10,2,chars/7EB8.json
纹,A,wén,Văn,đường; vết,resolved,糸,Bộ Mịch,record-radical,8,10,6,chars/7EB9.json
纺,A,fǎng,Vưởng,"xe sợi (bông, gai v.v.); vải lụa dệt mịn",resolved,糸,Bộ Mịch,record-radical,6,4,6,chars/7EBA.json
纻,C,zhù,,cây gai (Boehmeria nivea),not-resolved,,,not-resolved,0,0,7,chars/7EBB.json
纽,A,niǔ,Néo,xoay; vặn,resolved,糸,Bộ Mịch,record-radical,7,10,6,chars/7EBD.json
纾,C,shū,,dồi dào; dư dả,not-resolved,,,not-resolved,1,0,7,chars/7EBE.json
线,A,xiàn,,"dòng, sợi, tuyến",resolved,糸,Bộ Mịch,record-radical,20,10,4,chars/7EBF.json
绀,B,gàn,,màu tím hoặc màu tía,resolved,糸,Bộ Mịch,record-radical,1,0,7,chars/7EC0.json
绁,B,xiè,,buộc; trói,resolved,糸,Bộ Mịch,record-radical,0,0,7,chars/7EC1.json
绂,C,fú,,dải đeo ấn; đai lưng,not-resolved,,,not-resolved,0,0,7,chars/7EC2.json
练,A,liàn,Luyện,luyện tập,resolved,糸,Bộ Mịch,record-radical,9,10,3,chars/7EC3.json
组,A,zǔ,Tổ,nhóm,resolved,糸,Bộ Mịch,record-radical,10,10,5,chars/7EC4.json
绅,A,shēn,Thang,thành viên sĩ tộc,resolved,糸,Bộ Mịch,record-radical,3,6,6,chars/7EC5.json
细,A,xì,Tới,"mỏng, mảnh",resolved,糸,Bộ Mịch,record-radical,11,10,4,chars/7EC6.json
织,A,zhī,Chức,"dệt, đan",resolved,糸,Bộ Mịch,record-radical,7,10,5,chars/7EC7.json
终,A,zhōng,Chung,kết thúc; chấm dứt,resolved,糸,Bộ Mịch,record-radical,11,10,3,chars/7EC8.json
绉,B,zhòu,Sô,vải crepe; nếp nhăn,resolved,糸,Bộ Mịch,record-radical,1,0,7,chars/7EC9.json
绊,B,bàn,Bận,vấp; ngã,resolved,糸,Bộ Mịch,record-radical,6,0,7,chars/7ECA.json
绋,B,fú,,dây thừng nặng; dây của quan tài,resolved,糸,Bộ Mịch,record-radical,1,0,7,chars/7ECB.json
绌,B,chù,,lụa đỏ thẫm; sự thiếu hụt,resolved,糸,Bộ Mịch,record-radical,3,0,7,chars/7ECC.json
绍,A,Shào,Thiệu,họ [Shao4],resolved,糸,Bộ Mịch,record-radical,7,10,2,chars/7ECD.json
绎,A,yì,Gịt,liên tục; giải thích,resolved,糸,Bộ Mịch,record-radical,4,9,6,chars/7ECE.json
经,A,jīng,Kinh,đi qua,resolved,糸,Bộ Mịch,record-radical,20,10,2,chars/7ECF.json
绐,B,dài,,lừa gạt; giả vờ,resolved,糸,Bộ Mịch,record-radical,0,0,7,chars/7ED0.json
绑,A,bǎng,,buộc,resolved,糸,Bộ Mịch,record-radical,6,10,6,chars/7ED1.json
绒,B,róng,Nhung,vải nhung; len,resolved,糸,Bộ Mịch,record-radical,6,0,6,chars/7ED2.json
结,A,jié,Kết,"giải quyết, kết thúc",resolved,糸,Bộ Mịch,record-radical,20,10,3,chars/7ED3.json
绔,C,kù,,biến thể của 褲|裤[ku4],not-resolved,,,not-resolved,1,0,7,chars/7ED4.json
绕,A,rào,Nhiễu,quay vòng,resolved,糸,Bộ Mịch,record-radical,6,10,5,chars/7ED5.json
绖,C,dié,,dải vải gai đeo trên đầu hoặc thắt lưng của người để tang,not-resolved,,,not-resolved,0,0,7,chars/7ED6.json
绗,B,háng,,chần,resolved,糸,Bộ Mịch,record-radical,0,0,7,chars/7ED7.json
绘,A,huì,Gói,"vẽ, họa",resolved,糸,Bộ Mịch,record-radical,7,10,6,chars/7ED8.json
给,A,gěi,Cấp,cho,resolved,糸,Bộ Mịch,record-radical,8,10,2,chars/7ED9.json
绚,A,xuàn,,trang trí; nhanh,resolved,糸,Bộ Mịch,record-radical,3,1,7,chars/7EDA.json
绛,B,Jiàng,,kinh đô nước Tấn trong Thời Xuân Thu (770-475 TCN),resolved,糸,Bộ Mịch,record-radical,2,0,7,chars/7EDB.json
络,A,lào,Rạc,lưới nhỏ,resolved,糸,Bộ Mịch,record-radical,6,10,5,chars/7EDC.json
绝,A,jué,,tuyệt đối,resolved,糸,Bộ Mịch,record-radical,19,10,4,chars/7EDD.json
绞,B,jiǎo,Giảo,vặn (sợi thành chỉ); làm rối,resolved,糸,Bộ Mịch,record-radical,6,0,7,chars/7EDE.json
统,A,tǒng,Thống,"thống nhất, gộp lại; tổng thể; toàn bộ",resolved,糸,Bộ Mịch,record-radical,10,10,5,chars/7EDF.json
绠,B,gěng,,(văn học) dây giếng (để kéo nước),resolved,糸,Bộ Mịch,record-radical,0,0,7,chars/7EE0.json
绡,B,xiāo,,lụa thô,resolved,糸,Bộ Mịch,record-radical,0,0,7,chars/7EE1.json
绢,A,juàn,,loại vải lụa mỏng và dai,resolved,糸,Bộ Mịch,record-radical,1,2,7,chars/7EE2.json
绣,A,xiù,Tú,thêu,resolved,糸,Bộ Mịch,record-radical,6,5,6,chars/7EE3.json
绤,C,xì,,vải gai thô,not-resolved,,,not-resolved,0,0,7,chars/7EE4.json
绥,B,suí,Nối,dẹp yên; Đài Loan phát âm [sui1],resolved,糸,Bộ Mịch,record-radical,6,0,7,chars/7EE5.json
绦,B,dí,,xem 絛綸|绦纶[di2 lun2],resolved,糸,Bộ Mịch,record-radical,1,0,7,chars/7EE6.json
继,A,jì,Kế,tiếp tục,resolved,糸,Bộ Mịch,record-radical,9,10,4,chars/7EE7.json
绨,B,tí,,vải pongee thô màu đen xanh,resolved,糸,Bộ Mịch,record-radical,0,0,7,chars/7EE8.json
绩,A,jì,Tích,"xe sợi (gai, v.v.); công trạng",resolved,糸,Bộ Mịch,record-radical,6,10,3,chars/7EE9.json
绪,A,xù,,khởi đầu; manh mối,resolved,糸,Bộ Mịch,record-radical,6,10,5,chars/7EEA.json
绫,B,líng,Trăng,gấm; lụa mỏng,resolved,糸,Bộ Mịch,record-radical,0,0,7,chars/7EEB.json
续,A,xù,Tục,"tiếp tục; bổ sung, thêm vào",resolved,糸,Bộ Mịch,record-radical,10,10,4,chars/7EED.json
绮,B,qǐ,,đẹp; lụa hoa văn,resolved,糸,Bộ Mịch,record-radical,2,0,7,chars/7EEE.json
绯,A,fēi,,đỏ thẫm; lụa tím,resolved,糸,Bộ Mịch,record-radical,2,4,7,chars/7EEF.json
绰,A,chāo,Xước,chộp; vồ lấy; biến thể của 焯[chao1],resolved,糸,Bộ Mịch,record-radical,6,8,7,chars/7EF0.json
绱,B,shàng,,đóng đế giày,resolved,糸,Bộ Mịch,record-radical,0,0,7,chars/7EF1.json
绲,B,gǔn,,dây; thắt lưng thêu,resolved,糸,Bộ Mịch,record-radical,0,0,7,chars/7EF2.json
绳,A,shéng,Thằng,dây thừng; LT:根[gen1],resolved,糸,Bộ Mịch,record-radical,6,7,5,chars/7EF3.json
维,A,Wéi,,viết tắt của Duy Ngô Nhĩ 維吾爾|维吾尔[Wei2 wu2 er3]; họ [Wei2],resolved,糸,Bộ Mịch,record-radical,9,10,5,chars/7EF4.json
绵,C,mián,Miên,tơ tằm; liên tục,not-resolved,,,not-resolved,7,10,7,chars/7EF5.json
绶,B,shòu,,dây đeo ấn,resolved,糸,Bộ Mịch,record-radical,3,0,7,chars/7EF6.json
绷,A,běng,,kéo dài mặt,resolved,糸,Bộ Mịch,record-radical,6,6,7,chars/7EF7.json
绸,A,chóu,,lụa (mỏng); LT:匹[pi3],resolved,糸,Bộ Mịch,record-radical,6,7,5,chars/7EF8.json
绹,C,táo,,buộc; dây,not-resolved,,,not-resolved,0,0,7,chars/7EF9.json
绺,C,liǔ,,con; chùm,not-resolved,,,not-resolved,0,0,7,chars/7EFA.json
绻,B,quǎn,Cuộn,ràng buộc trong liên minh,resolved,糸,Bộ Mịch,record-radical,1,0,7,chars/7EFB.json
综,A,zèng,,sợi dây trong khung cửi; Ấn phẩm Đài Loan: [zong4],resolved,糸,Bộ Mịch,record-radical,7,10,5,chars/7EFC.json
绽,A,zhàn,,nở tung; toạc ra,resolved,糸,Bộ Mịch,record-radical,6,5,7,chars/7EFD.json
绾,B,wǎn,,búi lại; xâu lại với nhau,resolved,糸,Bộ Mịch,record-radical,0,0,7,chars/7EFE.json
绿,A,lǜ,Lục,xanh lá,resolved,糸,Bộ Mịch,record-radical,9,10,3,chars/7EFF.json
缀,C,chuò,,biến thể của 輟|辍[chuo4],not-resolved,,,not-resolved,6,3,6,chars/7F00.json
缁,C,zī,,người theo đạo Phật; lụa đen,not-resolved,,,not-resolved,0,0,7,chars/7F01.json
缂,B,kè,,dùng trong 緙絲|缂丝[ke4 si1],resolved,糸,Bộ Mịch,record-radical,1,0,7,chars/7F02.json
缃,B,xiāng,,màu vàng nhạt,resolved,糸,Bộ Mịch,record-radical,0,0,7,chars/7F03.json
缄,B,jiān,,(hộp) gỗ; cốc,resolved,糸,Bộ Mịch,record-radical,2,0,7,chars/7F04.json
缅,A,Miǎn,,Myanmar (trước đây là Miến Điện) (viết tắt của 緬甸|缅甸[Mian3 dian4]),resolved,糸,Bộ Mịch,record-radical,5,5,7,chars/7F05.json
缆,A,lǎn,,cáp; dây cáp,resolved,糸,Bộ Mịch,record-radical,6,9,7,chars/7F06.json
缇,B,tí,,lụa màu cam đỏ; màu cam đỏ,resolved,糸,Bộ Mịch,record-radical,0,0,7,chars/7F07.json
缈,C,miǎo,,mơ hồ,not-resolved,,,not-resolved,2,0,7,chars/7F08.json
缉,A,jī,,bắt; bắt giữ,resolved,糸,Bộ Mịch,record-radical,6,4,6,chars/7F09.json
缊,B,yūn,,màu cam; dùng trong 絪縕|𬘡缊[yin1 yun1],resolved,糸,Bộ Mịch,record-radical,0,0,7,chars/7F0A.json
缋,B,huì,,nhiều màu; vẽ,resolved,糸,Bộ Mịch,record-radical,0,0,7,chars/7F0B.json
缌,B,sī,,vải lanh mịn,resolved,糸,Bộ Mịch,record-radical,0,0,7,chars/7F0C.json
缎,B,duàn,Đoạn,vải sa tanh,resolved,糸,Bộ Mịch,record-radical,4,0,7,chars/7F0E.json
缏,B,biàn,,bím tóc,resolved,糸,Bộ Mịch,record-radical,0,0,7,chars/7F0F.json
缑,B,Gōu,,họ [Gou1],resolved,糸,Bộ Mịch,record-radical,0,0,7,chars/7F11.json
缒,B,zhuì,,thả xuống bằng dây,resolved,糸,Bộ Mịch,record-radical,0,0,7,chars/7F12.json
缓,A,huǎn,,làm chậm lại,resolved,糸,Bộ Mịch,record-radical,8,10,5,chars/7F13.json
缔,A,dì,Rế,kết chặt; kết nối,resolved,糸,Bộ Mịch,record-radical,6,1,6,chars/7F14.json
缕,A,lǚ,Lụa,sợi xoăn,resolved,糸,Bộ Mịch,record-radical,5,1,7,chars/7F15.json
编,A,biān,Biên,tổ chức,resolved,糸,Bộ Mịch,record-radical,10,10,5,chars/7F16.json
缗,B,mín,Mần,dây; dây câu,resolved,糸,Bộ Mịch,record-radical,0,0,7,chars/7F17.json
缘,A,yuán,Duyên,nguyên nhân; lý do,resolved,糸,Bộ Mịch,record-radical,9,10,6,chars/7F18.json
缙,B,jìn,,lụa đỏ,resolved,糸,Bộ Mịch,record-radical,2,0,7,chars/7F19.json
缚,A,fù,,trói; buộc,resolved,糸,Bộ Mịch,record-radical,5,4,6,chars/7F1A.json
缛,A,rù,Nhọc,trang trí; đẹp,resolved,糸,Bộ Mịch,record-radical,2,1,7,chars/7F1B.json
缜,B,zhěn,,mịn và dày,resolved,糸,Bộ Mịch,record-radical,1,0,7,chars/7F1C.json
缝,A,féng,,may; đường may,resolved,糸,Bộ Mịch,record-radical,6,10,6,chars/7F1D.json
缞,C,cuī,,áo tang làm từ vải gai thô,not-resolved,,,not-resolved,0,0,7,chars/7F1E.json
缟,B,gǎo,,lụa trắng trơn,resolved,糸,Bộ Mịch,record-radical,1,0,7,chars/7F1F.json
缠,A,chán,Triền,quấn quanh,resolved,糸,Bộ Mịch,record-radical,6,9,6,chars/7F20.json
缡,B,lí,,khăn voan cưới hoặc khăn trùm đầu,resolved,糸,Bộ Mịch,record-radical,1,0,7,chars/7F21.json
缢,B,yì,Ải,(văn học) chết do treo cổ hoặc bóp cổ,resolved,糸,Bộ Mịch,record-radical,2,0,7,chars/7F22.json
缣,B,jiān,,lụa dày chống thấm nước,resolved,糸,Bộ Mịch,record-radical,0,0,7,chars/7F23.json
缤,A,bīn,,hỗn loạn; đầy màu sắc,resolved,糸,Bộ Mịch,record-radical,4,4,7,chars/7F24.json
缥,B,piǎo,,dùng trong 縹渺|缥渺[piao1 miao3]; cách phát âm ở Đài Loan: [piao3],resolved,糸,Bộ Mịch,record-radical,2,0,7,chars/7F25.json
缦,B,màn,,lụa mỏng trơn; chậm,resolved,糸,Bộ Mịch,record-radical,0,0,7,chars/7F26.json
缧,B,léi,,(văn học) dây thừng dày dùng để trói phạm nhân,resolved,糸,Bộ Mịch,record-radical,0,0,7,chars/7F27.json
缨,B,yīng,,"tua đồ trang trí; vật gì có hình dạng như tua (ví dụ: lá cây, v.v.)",resolved,糸,Bộ Mịch,record-radical,3,0,7,chars/7F28.json
缩,A,suō,,co lại,resolved,糸,Bộ Mịch,record-radical,13,10,5,chars/7F29.json
缪,B,Miào,,họ [Miao4],resolved,糸,Bộ Mịch,record-radical,6,0,7,chars/7F2A.json
缫,B,sāo,,rút tơ từ kén,resolved,糸,Bộ Mịch,record-radical,0,0,7,chars/7F2B.json
缬,B,xié,,nút; thắt nút,resolved,糸,Bộ Mịch,record-radical,1,0,7,chars/7F2C.json
缭,B,liáo,Lèo,quấn quanh; khâu mũi chéo,resolved,糸,Bộ Mịch,record-radical,3,0,7,chars/7F2D.json
缮,B,shàn,,sửa chữa; vá,resolved,糸,Bộ Mịch,record-radical,2,0,7,chars/7F2E.json
缯,B,Zēng,,họ [Zeng1],resolved,糸,Bộ Mịch,record-radical,0,0,7,chars/7F2F.json
缰,B,jiāng,,biến thể của 韁|缰[jiang1],resolved,糸,Bộ Mịch,record-radical,4,0,7,chars/7F30.json
缱,B,qiǎn,Khín,gắn bó; yêu thương,resolved,糸,Bộ Mịch,record-radical,1,0,7,chars/7F31.json
缲,B,qiāo,Thao,viền bằng mũi khâu ẩn,resolved,糸,Bộ Mịch,record-radical,0,0,7,chars/7F32.json
缳,B,huán,,trói; buộc,resolved,糸,Bộ Mịch,record-radical,0,0,7,chars/7F33.json
缴,A,jiǎo,Nhàu,giao nộp,resolved,糸,Bộ Mịch,record-radical,6,10,6,chars/7F34.json
缵,B,zuǎn,,(văn học) kế thừa,resolved,糸,Bộ Mịch,record-radical,0,0,7,chars/7F35.json
缶,B,fǒu,Phẫu,"Ðồ sành, như cái vò cái chum, v.v",resolved,缶,"Bộ Phẫu, Phữu",self-radical,0,0,7,chars/7F36.json
缸,A,gāng,Cong,vại,resolved,缶,"Bộ Phẫu, Phữu",record-radical,6,3,7,chars/7F38.json
缺,A,quē,Khuyết,thiếu,resolved,缶,"Bộ Phẫu, Phữu",record-radical,12,10,4,chars/7F3A.json
罁,C,gāng,,biến thể cũ của 缸[gang1],not-resolved,,,not-resolved,0,0,7,chars/7F41.json
罂,B,yīng,,biến thể của 罌|罂[ying1],resolved,缶,"Bộ Phẫu, Phữu",record-radical,1,0,7,chars/7F42.json
罃,C,yīng,,lọ đất sét có cổ dài,not-resolved,,,not-resolved,0,0,7,chars/7F43.json
罄,A,qìng,Khánh,dùng hết; cạn,resolved,缶,"Bộ Phẫu, Phữu",record-radical,4,2,7,chars/7F44.json
罅,C,xià,,vết nứt; mối hằn thù,not-resolved,,,not-resolved,2,0,7,chars/7F45.json
罆,C,guàn,,biến thể của 罐[guan4],not-resolved,,,not-resolved,0,0,7,chars/7F46.json
罉,C,chēng,,(phương ngữ) nồi nấu; biến thể của 鐺|铛[cheng1],not-resolved,,,not-resolved,0,0,7,chars/7F49.json
罍,C,léi,,chum rượu lớn bằng sành,not-resolved,,,not-resolved,0,0,7,chars/7F4D.json
罎,C,tán,,biến thể của 罈|坛[tan2],not-resolved,,,not-resolved,0,0,7,chars/7F4E.json
罏,C,lú,,đống đất để giữ chum rượu,not-resolved,,,not-resolved,0,0,7,chars/7F4F.json
罐,A,guàn,,lọ,resolved,缶,"Bộ Phẫu, Phữu",record-radical,6,10,6,chars/7F50.json
网,A,wǎng,Võng,Internet,resolved,网,Bộ Võng,self-radical,14,10,3,chars/7F51.json
罒,C,wǎng,,lưới (bộ Khang Hy số 122),not-resolved,,,not-resolved,0,0,7,chars/7F52.json
罓,C,wǎng,,lưới (bộ Khang Hy số 122),not-resolved,,,not-resolved,0,0,7,chars/7F53.json
罔,A,wǎng,Vóng,biến thể cũ của 罔[wang3],resolved,网,Bộ Võng,record-radical,2,1,7,chars/7F54.json
罕,C,hǎn,,hiếm,not-resolved,,,not-resolved,6,10,6,chars/7F55.json
罖,C,xx,,"một trong những ký tự dùng trong kwukyel (phát âm ""ra""), một hệ thống chữ viết cổ của Hàn Quốc",not-resolved,,,not-resolved,0,0,7,chars/7F56.json
罗,A,luó,La,bắt chim bằng lưới,resolved,网,Bộ Võng,record-radical,7,8,7,chars/7F57.json
罘,C,fú,,tên địa danh,not-resolved,,,not-resolved,1,0,7,chars/7F58.json
罙,C,tàn,,,resolved,穴,Bộ Huyệt,record-radical,0,0,7,chars/7F59.json
罚,C,fá,Phạt,trừng phạt; phạt,not-resolved,,,not-resolved,6,10,5,chars/7F5A.json
罛,C,gū,,lưới đánh cá lớn,not-resolved,,,not-resolved,0,0,7,chars/7F5B.json
罝,C,jū,,lưới bắt thỏ,not-resolved,,,not-resolved,0,0,7,chars/7F5D.json
罟,C,gǔ,,liên lụy; lưới bắt chim hoặc cá,not-resolved,,,not-resolved,0,0,7,chars/7F5F.json
罠,C,mín,,bẫy động vật,not-resolved,,,not-resolved,0,0,7,chars/7F60.json
罡,C,gāng,,các ngôi sao của chòm Bắc Đẩu tạo thành đuôi gáo,not-resolved,,,not-resolved,0,0,7,chars/7F61.json
罢,A,bà,Bãi,dừng; ngừng,resolved,网,Bộ Võng,record-radical,6,10,6,chars/7F62.json
罣,C,guà,,biến thể của 掛|挂[gua4],not-resolved,,,not-resolved,0,0,7,chars/7F63.json
罥,C,juàn,,lưới bắt chim; buộc,not-resolved,,,not-resolved,0,0,7,chars/7F65.json
罦,C,fú,,lưới bắt chim,not-resolved,,,not-resolved,0,0,7,chars/7F66.json
罨,C,yǎn,,chườm; van,not-resolved,,,not-resolved,0,0,7,chars/7F68.json
罩,C,zhào,,che; cái che,not-resolved,,,not-resolved,6,10,6,chars/7F69.json
罪,A,zuì,Tội,tội lỗi,resolved,网,Bộ Võng,record-radical,9,10,6,chars/7F6A.json
罫,C,guà,,ô vuông trên bàn cờ,not-resolved,,,not-resolved,0,0,7,chars/7F6B.json
罭,C,yù,,lưới kéo,not-resolved,,,not-resolved,0,0,7,chars/7F6D.json
置,A,zhì,Trí,thiết lập,resolved,网,Bộ Võng,record-radical,12,10,5,chars/7F6E.json
罱,C,lǎn,,"một loại công cụ dùng để vớt cá, thực vật dưới nước hoặc bùn sông, gồm một cái lưới gắn vào cặp sào tre, được dùng để mở và đóng lưới; tát hoặc vớt bằng công cụ này",not-resolved,,,not-resolved,0,0,,chars/7F71.json
署,C,shǔ,Thợ,văn phòng; cục,not-resolved,,,not-resolved,6,10,6,chars/7F72.json
罳,C,sī,,bình phong,not-resolved,,,not-resolved,0,0,7,chars/7F73.json
罴,C,pí,,,not-resolved,,,not-resolved,0,0,,chars/7F74.json
罶,C,liǔ,,giỏ cá; giỏ đựng cá,not-resolved,,,not-resolved,0,0,7,chars/7F76.json
罹,B,lí,,mắc phải; buồn,resolved,心,Bộ Tâm,record-radical,3,0,7,chars/7F79.json
罻,C,wèi,,lưới bắt chim,not-resolved,,,not-resolved,0,0,7,chars/7F7B.json
罽,C,jì,,(lưới đánh cá); tấm thảm len,not-resolved,,,not-resolved,0,0,7,chars/7F7D.json
罾,C,zēng,,lưới vuông lớn,not-resolved,,,not-resolved,0,0,7,chars/7F7E.json
罿,C,tóng,,lưới bắt chim,not-resolved,,,not-resolved,0,0,7,chars/7F7F.json
羀,C,liǔ,,biến thể cũ của 罶[liu3],not-resolved,,,not-resolved,0,0,7,chars/7F80.json
羁,C,jī,,cái cương; dây cương,not-resolved,,,not-resolved,6,1,7,chars/7F81.json
羂,C,juàn,,biến thể của 罥[juan4],not-resolved,,,not-resolved,0,0,7,chars/7F82.json
羃,C,mì,,tấm vải che thức ăn; mạng che mặt,not-resolved,,,not-resolved,0,0,7,chars/7F83.json
羇,C,jī,,biến thể của 羈|羁[ji1],not-resolved,,,not-resolved,0,0,7,chars/7F87.json
羊,A,yáng,Dương,cừu,resolved,羊,Bộ Dương,self-radical,9,10,2,chars/7F8A.json
羌,B,Qiāng,,nhóm dân tộc Khương ở tây bắc Tứ Xuyên; họ [Qiang1],resolved,羊,Bộ Dương,record-radical,6,0,7,chars/7F8C.json
羍,B,dá,,cừu con,resolved,羊,Bộ Dương,record-radical,0,0,7,chars/7F8D.json
美,A,měi,Mỉ,đẹp,resolved,羊,Bộ Dương,record-radical,20,10,4,chars/7F8E.json
羑,C,yǒu,,dẫn dắt,not-resolved,,,not-resolved,0,0,7,chars/7F91.json
羔,A,gāo,,cừu non,resolved,羊,Bộ Dương,record-radical,4,2,7,chars/7F94.json
羕,C,yàng,,,not-resolved,,,not-resolved,0,0,7,chars/7F95.json
羖,C,gǔ,,cừu cái màu đen,not-resolved,,,not-resolved,0,0,7,chars/7F96.json
羚,B,líng,,linh dương,resolved,羊,Bộ Dương,record-radical,4,0,7,chars/7F9A.json
羜,C,zhù,,cừu non năm tháng tuổi,not-resolved,,,not-resolved,0,0,7,chars/7F9C.json
羝,B,dī,Dê,dê đực; cừu đực,resolved,羊,Bộ Dương,record-radical,1,0,7,chars/7F9D.json
羞,C,xiū,,xấu hổ; hổ thẹn,not-resolved,,,not-resolved,6,10,4,chars/7F9E.json
羟,B,qiǎng,,hyđroxyl (gốc),resolved,羊,Bộ Dương,record-radical,1,0,7,chars/7F9F.json
羡,C,xiàn,Tiện,đố kị,not-resolved,,,not-resolved,6,5,4,chars/7FA1.json
羢,C,róng,,lông cừu,not-resolved,,,not-resolved,0,0,7,chars/7FA2.json
群,A,qún,Quần,một từ đo lường cho đàn hoặc nhóm,resolved,羊,Bộ Dương,record-radical,8,10,5,chars/7FA4.json
羧,C,suō,,gốc cacboxyl (hóa học),not-resolved,,,not-resolved,2,0,7,chars/7FA7.json
羭,C,yú,,cừu đực màu đen,not-resolved,,,not-resolved,0,0,7,chars/7FAD.json
羮,C,gēng,Canh,biến thể của 羹[geng1],not-resolved,,,not-resolved,0,0,7,chars/7FAE.json
羯,B,Jié,,"Người Jie, một bộ tộc ở miền bắc Trung Quốc vào khoảng thế kỷ 4",resolved,羊,Bộ Dương,record-radical,3,0,7,chars/7FAF.json
羰,C,tāng,,cacbonyl (gốc),not-resolved,,,not-resolved,0,0,7,chars/7FB0.json
羱,C,yuán,,dê hoang sừng lớn,not-resolved,,,not-resolved,0,0,7,chars/7FB1.json
羲,C,Xī,,"giống như Phục Hy 伏羲[Fu2xi1], một vị hoàng đế huyền thoại; họ [Xi1]",not-resolved,,,not-resolved,5,0,7,chars/7FB2.json
羵,C,fěn,,linh hồn,not-resolved,,,not-resolved,0,0,7,chars/7FB5.json
羶,C,shān,,mùi hôi (của cừu hoặc dê),not-resolved,,,not-resolved,0,0,7,chars/7FB6.json
羸,C,léi,,vướng víu; gầy gò,not-resolved,,,not-resolved,1,0,7,chars/7FB8.json
羹,C,gēng,,canh,not-resolved,,,not-resolved,7,2,7,chars/7FB9.json
羼,B,chàn,,trộn; phối,resolved,尸,Bộ Thi,record-radical,1,0,7,chars/7FBC.json
羽,A,yǔ,Võ,lông vũ; nốt thứ năm trong ngũ âm,resolved,羽,Bộ Vũ,self-radical,6,8,4,chars/7FBD.json
羿,C,Yì,,họ [Yi4]; tên một xạ thủ huyền thoại (còn gọi là Hậu Nghệ 后羿[Hou4 Yi4]),not-resolved,,,not-resolved,1,1,7,chars/7FBF.json
翀,C,chōng,,bay vút,not-resolved,,,not-resolved,0,0,7,chars/7FC0.json
翁,A,Wēng,Ông,họ [Weng1],resolved,羽,Bộ Vũ,record-radical,6,1,7,chars/7FC1.json
翃,C,hóng,,bay theo đàn (côn trùng),not-resolved,,,not-resolved,0,0,7,chars/7FC3.json
翅,A,chì,,biến thể của 翅[chi4],resolved,羽,Bộ Vũ,record-radical,6,6,5,chars/7FC5.json
翊,B,yì,,hỗ trợ; sẵn sàng bay,resolved,羽,Bộ Vũ,record-radical,0,0,7,chars/7FCA.json
翌,C,yì,,sáng; ngày mai,not-resolved,,,not-resolved,2,0,7,chars/7FCC.json
翎,B,líng,Ầm / Liệng,lông đuôi; lông vũ,resolved,羽,Bộ Vũ,record-radical,2,0,7,chars/7FCE.json
翏,C,liù,,tiếng gió âm vang; lướt bay,not-resolved,,,not-resolved,0,0,7,chars/7FCF.json
翔,A,xiáng,,bay lượn; lướt,resolved,羽,Bộ Vũ,record-radical,6,7,6,chars/7FD4.json
翕,C,xī,Hấp,"mở và đóng (miệng, v.v.); thân thiện",not-resolved,,,not-resolved,1,0,7,chars/7FD5.json
翖,C,xī,,biến thể cũ của 翕[xi1],not-resolved,,,not-resolved,0,0,7,chars/7FD6.json
翘,B,qiào,,vểnh lên,resolved,羽,Bộ Vũ,record-radical,6,0,6,chars/7FD8.json
翙,C,huì,,tiếng động cánh chim,not-resolved,,,not-resolved,0,0,7,chars/7FD9.json
翚,C,huī,,gà lôi; gà hoàng kim,not-resolved,,,not-resolved,0,0,7,chars/7FDA.json
翛,C,shù,,sự vội vã,not-resolved,,,not-resolved,0,0,7,chars/7FDB.json
翟,C,Dí,,"họ [Di2]; biến thể của 狄[Di2], tên gọi chung cho các dân tộc thiểu số phía bắc trong thời Tần và Hán (221 TCN-220 SCN)",not-resolved,,,not-resolved,2,0,7,chars/7FDF.json
翠,A,cuì,Thuý,"Xanh biếc, xanh ngọc",resolved,羽,Bộ Vũ,record-radical,6,5,7,chars/7FE0.json
翡,A,fěi,Phỉ,ngọc bích; xanh; chim trả,resolved,羽,Bộ Vũ,record-radical,1,1,7,chars/7FE1.json
翣,C,shà,,quạt gỗ mang trong đám rước,not-resolved,,,not-resolved,0,0,7,chars/7FE3.json
翥,B,zhù,Chở,bay vút,resolved,羽,Bộ Vũ,record-radical,0,0,7,chars/7FE5.json
翦,B,Jiǎn,,họ [Jian3],resolved,羽,Bộ Vũ,record-radical,0,0,7,chars/7FE6.json
翩,B,piān,Phiến,bay nhanh,resolved,羽,Bộ Vũ,record-radical,5,0,7,chars/7FE9.json
翪,C,zōng,,chim bay không đều,not-resolved,,,not-resolved,0,0,7,chars/7FEA.json
翮,B,hé,,lông cán,resolved,羽,Bộ Vũ,record-radical,0,0,7,chars/7FEE.json
翯,C,hè,,bộ lông sáng chói của chim,not-resolved,,,not-resolved,0,0,7,chars/7FEF.json
翰,A,Hàn,,họ [Han4],resolved,羽,Bộ Vũ,record-radical,6,1,7,chars/7FF0.json
翱,B,áo,,xem 翱翔[ao2 xiang2],resolved,羽,Bộ Vũ,record-radical,1,0,7,chars/7FF1.json
翳,B,yì,,biến thể của 翳[yi4],resolved,羽,Bộ Vũ,record-radical,0,0,7,chars/7FF3.json
翻,A,fān,,lật,resolved,羽,Bộ Vũ,record-radical,9,10,5,chars/7FFB.json
翼,A,yì,Dực,cánh,resolved,羽,Bộ Vũ,record-radical,6,10,6,chars/7FFC.json
翾,C,xuān,,bay lượn; phấp phới,not-resolved,,,not-resolved,0,0,7,chars/7FFE.json
翿,C,dào,,cờ hoặc quạt lông vũ,not-resolved,,,not-resolved,0,0,7,chars/7FFF.json
耀,C,yào,,rực rỡ; vinh quang,not-resolved,,,not-resolved,7,10,6,chars/8000.json
老,A,lǎo,Lão,già,resolved,老,Bộ Lão,self-radical,20,10,3,chars/8001.json
耂,C,lǎo,,già; cũng như 老[lao3]; bộ Khang Hy số 125,not-resolved,,,not-resolved,0,0,7,chars/8002.json
考,C,kǎo,Khảo,thi,not-resolved,,,not-resolved,16,10,2,chars/8003.json
耄,B,mào,,tuổi rất cao (trong độ tuổi 80 hoặc 90); người tám mươi tuổi,resolved,老,Bộ Lão,record-radical,3,0,7,chars/8004.json
者,C,zhě,,người đó,not-resolved,,,not-resolved,14,10,3,chars/8005.json
耆,B,qí,,người đàn ông sáu mươi hoặc bảy mươi tuổi,resolved,老,Bộ Lão,record-radical,3,0,7,chars/8006.json
耇,C,gǒu,,khuôn mặt nhăn nheo của người cao tuổi,not-resolved,,,not-resolved,0,0,7,chars/8007.json
耈,C,gǒu,,biến thể cũ của 耇[gou3],not-resolved,,,not-resolved,0,0,7,chars/8008.json
耉,C,gǒu,,biến thể cũ của 耇[gou3],not-resolved,,,not-resolved,0,0,7,chars/8009.json
耊,C,dié,,biến thể cũ của 耋[die2],not-resolved,,,not-resolved,0,0,7,chars/800A.json
耋,B,dié,,cao tuổi; trong tuổi tám mươi,resolved,老,Bộ Lão,record-radical,2,0,7,chars/800B.json
而,A,ér,,và; nhưng,resolved,而,Bộ Nhi,self-radical,20,10,4,chars/800C.json
耍,C,shuǎ,,chơi,not-resolved,,,not-resolved,7,10,6,chars/800D.json
耎,C,ruǎn,,biến thể cổ của 軟|软[ruan3],not-resolved,,,not-resolved,0,0,7,chars/800E.json
耏,C,Er,,họ [Er2],not-resolved,,,not-resolved,0,0,7,chars/800F.json
耐,C,nài,,chịu đựng,not-resolved,,,not-resolved,11,10,4,chars/8010.json
耒,B,lěi,Lồi,Cái cầy,resolved,耒,Bộ Lỗi,self-radical,3,0,7,chars/8012.json
耔,B,zǐ,,vun xới đất quanh cây trồng,resolved,耒,Bộ Lỗi,record-radical,0,0,7,chars/8014.json
耕,A,gēng,Canh,biến thể của 耕[geng1],resolved,耒,Bộ Lỗi,record-radical,8,10,6,chars/8015.json
耗,A,hào,Hao,lãng phí,resolved,耒,Bộ Lỗi,record-radical,8,10,6,chars/8017.json
耘,B,yún,,làm cỏ,resolved,耒,Bộ Lỗi,record-radical,1,0,7,chars/8018.json
耙,B,bà,Khịt / Bừa,cái bừa; bừa đất,resolved,耒,Bộ Lỗi,record-radical,3,0,7,chars/8019.json
耜,B,sì,,cái cày; lưỡi cày,resolved,耒,Bộ Lỗi,record-radical,1,0,7,chars/801C.json
耝,C,qù,,cày; (tên địa danh cổ),not-resolved,,,not-resolved,0,0,7,chars/801D.json
耞,C,jiā,Rội,cái quạt dùng để đập lúa; biến thể cũ của 枷[jia1],not-resolved,,,not-resolved,0,0,7,chars/801E.json
耠,B,huō,,một cái cuốc; cuốc,resolved,耒,Bộ Lỗi,record-radical,0,0,,chars/8020.json
耡,C,chú,,cây cuốc,not-resolved,,,not-resolved,0,0,7,chars/8021.json
耢,B,lào,,một loại nông cụ (dạng khung chữ nhật) dùng để san phẳng đất; san phẳng đất bằng cách kéo công cụ này,resolved,耒,Bộ Lỗi,record-radical,0,0,,chars/8022.json
耤,B,jí,,cày,resolved,耒,Bộ Lỗi,record-radical,0,0,7,chars/8024.json
耥,C,tāng,,,resolved,耒,Bộ Lỗi,record-radical,0,0,,chars/8025.json
耦,B,ǒu,,một cặp; bạn đời,resolved,耒,Bộ Lỗi,record-radical,1,0,7,chars/8026.json
耧,B,lóu,,máy gieo hạt,resolved,耒,Bộ Lỗi,record-radical,0,0,7,chars/8027.json
耨,B,nòu,Nậu,cái cuốc; cuốc,resolved,耒,Bộ Lỗi,record-radical,0,0,7,chars/8028.json
耩,C,jiǎng,,cày; bừa,not-resolved,,,not-resolved,0,0,7,chars/8029.json
耪,B,pǎng,,cuốc đất,resolved,耒,Bộ Lỗi,record-radical,0,0,7,chars/802A.json
耰,C,yōu,,bừa,not-resolved,,,not-resolved,0,0,7,chars/8030.json
耱,B,mò,,xem 耮|耢[lao4],resolved,耒,Bộ Lỗi,record-radical,0,0,,chars/8031.json
耳,A,ěr,Nhĩ,tai; tay cầm (khảo cổ học),resolved,耳,Bộ Nhĩ,self-radical,13,10,3,chars/8033.json
耵,B,dīng,,dùng trong 耵聹|耵聍[ding1ning2]; Phiên âm Đài Loan: [ding3],resolved,耳,Bộ Nhĩ,record-radical,1,0,7,chars/8035.json
耶,A,yē,,(phiên âm ye),resolved,耳,Bộ Nhĩ,record-radical,6,1,7,chars/8036.json
耷,B,dā,,tai rủ xuống,resolved,耳,Bộ Nhĩ,record-radical,1,0,7,chars/8037.json
耸,A,sǒng,,kích thích; nâng lên,resolved,耳,Bộ Nhĩ,record-radical,6,5,6,chars/8038.json
耻,A,chǐ,,(hình thức kết hợp) xấu hổ; nhục nhã,resolved,耳,Bộ Nhĩ,record-radical,8,10,6,chars/803B.json
耼,C,dān,,biến thể của 聃[dan1],not-resolved,,,not-resolved,0,0,7,chars/803C.json
耽,A,dān,Xẩm,đắm chìm; trì hoãn,resolved,耳,Bộ Nhĩ,record-radical,3,8,5,chars/803D.json
耿,A,Gěng,,họ [Geng3],resolved,火,Bộ Hỏa,record-radical,6,6,7,chars/803F.json
聂,B,Niè,,họ [Nie4],resolved,耳,Bộ Nhĩ,record-radical,6,0,7,chars/8042.json
聃,B,dān,,tai không vành,resolved,耳,Bộ Nhĩ,record-radical,1,0,7,chars/8043.json
聆,A,líng,,(văn học) nghe; lắng nghe,resolved,耳,Bộ Nhĩ,record-radical,1,2,7,chars/8046.json
聊,A,liáo,,trò chuyện,resolved,耳,Bộ Nhĩ,record-radical,7,10,3,chars/804A.json
聋,A,lóng,,điếc,resolved,耳,Bộ Nhĩ,record-radical,7,6,6,chars/804B.json
职,A,zhí,Chức,chức vụ; nhiệm vụ,resolved,耳,Bộ Nhĩ,record-radical,19,10,4,chars/804C.json
聍,B,níng,,dùng trong 耵聹|耵聍[ding1 ning2],resolved,耳,Bộ Nhĩ,record-radical,1,0,7,chars/804D.json
聎,C,tiāo,,ù tai,not-resolved,,,not-resolved,0,0,7,chars/804E.json
聒,C,guō,,ồn ào; ầm ĩ,not-resolved,,,not-resolved,2,0,7,chars/8052.json
联,A,lián,Liên,hình thức kết hợp: liên minh với; đoàn kết; kết hợp; gia nhập; hình thức kết hợp: (thơ ca) câu đối,resolved,耳,Bộ Nhĩ,record-radical,14,10,4,chars/8054.json
聘,A,pìn,Sánh,thuê,resolved,耳,Bộ Nhĩ,record-radical,6,10,4,chars/8058.json
聚,C,jù,Tụ,tụ tập,not-resolved,,,not-resolved,9,10,4,chars/805A.json
聝,C,guó,,cắt tai trái của người bị giết,not-resolved,,,not-resolved,0,0,7,chars/805D.json
聡,C,cōng,,biến thể cũ của 聰|聪[cong1],not-resolved,,,not-resolved,0,0,7,chars/8061.json
聦,C,cōng,,biến thể của 聰|聪[cong1],not-resolved,,,not-resolved,0,0,7,chars/8066.json
聨,C,lián,,biến thể của 聯|联[lian2],not-resolved,,,not-resolved,0,0,7,chars/8068.json
聩,B,kuì,,điếc bẩm sinh; điếc,resolved,耳,Bộ Nhĩ,record-radical,3,0,7,chars/8069.json
聪,A,cōng,Thông,(văn học) thính (nghe); (dạng kết hợp) thông minh; lanh lợi; nhạy bén,resolved,耳,Bộ Nhĩ,record-radical,6,10,3,chars/806A.json
聮,C,lián,,biến thể cũ của 聯|联[lian2],not-resolved,,,not-resolved,0,0,7,chars/806E.json
聱,B,áo,,khó phát âm,resolved,耳,Bộ Nhĩ,record-radical,0,0,7,chars/8071.json
聴,C,tīng,,biến thể Nhật Bản của 聽|听[ting1],not-resolved,,,not-resolved,0,0,7,chars/8074.json
聼,C,tīng,,biến thể của 聽|听[ting1],not-resolved,,,not-resolved,0,0,7,chars/807C.json
聿,B,yù,,"Bèn, bui, chữ dùng làm tiếng phát ngữ",resolved,聿,Bộ Duật,self-radical,1,0,7,chars/807F.json
肀,C,yù,,cây bút; biến thể cổ của 聿[yu4]; bộ Khang Hy số 129,not-resolved,,,not-resolved,0,0,,chars/8080.json
肃,A,Sù,,họ [Su4],resolved,聿,Bộ Duật,record-radical,6,8,5,chars/8083.json
肄,C,yì,,học; tập luyện hoặc nghiên cứu (cũ),not-resolved,,,not-resolved,2,0,7,chars/8084.json
肆,C,sì,,bốn (chữ số phòng chống gian lận trong ngân hàng); không kiềm chế,not-resolved,,,not-resolved,6,9,6,chars/8086.json
肇,C,zhào,,lúc đầu; nghĩ ra,not-resolved,,,not-resolved,6,5,7,chars/8087.json
肉,A,ròu,,thịt,resolved,肉,Bộ Nhục,self-radical,8,10,2,chars/8089.json
肊,C,yì,,biến thể của 臆[yi4],not-resolved,,,not-resolved,0,0,7,chars/808A.json
肋,C,lèi,,xương sườn; tiếng Đài Loan đọc là [le4],not-resolved,,,not-resolved,5,0,7,chars/808B.json
肌,C,jī,,(hình thức kết hợp) thịt; cơ,not-resolved,,,not-resolved,6,10,5,chars/808C.json
肏,C,cào,,địt (tục),not-resolved,,,not-resolved,0,0,7,chars/808F.json
肓,C,huāng,,vùng giữa tim và cơ hoành,not-resolved,,,not-resolved,1,0,7,chars/8093.json
肕,C,rèn,,biến thể cũ của 韌|韧[ren4],not-resolved,,,not-resolved,0,0,7,chars/8095.json
肖,A,Xiāo,,họ [Xiao1]; phiên âm Đài Loan [Xiao4],resolved,小,Bộ Tiểu,record-radical,6,5,6,chars/8096.json
肘,C,zhǒu,,khuỷu tay; thịt vai heo,not-resolved,,,not-resolved,6,3,7,chars/8098.json
肙,C,yuān,,một loại sâu nhỏ; vặn,not-resolved,,,not-resolved,0,0,7,chars/8099.json
肚,C,dù,,"bụng, dạ dày",not-resolved,,,not-resolved,6,7,4,chars/809A.json
肛,C,gāng,,dùng trong 脫疘|脱肛[tuo1 gang1],not-resolved,,,not-resolved,2,0,7,chars/809B.json
肜,C,Róng,,họ [Rong2],not-resolved,,,not-resolved,0,0,7,chars/809C.json
肝,C,gān,Gan,gan,not-resolved,,,not-resolved,6,1,7,chars/809D.json
肟,C,wò,,oxime; oximide,not-resolved,,,not-resolved,0,0,7,chars/809F.json
肠,C,cháng,,ruột,not-resolved,,,not-resolved,7,10,5,chars/80A0.json
股,C,gǔ,Cổ,đùi,not-resolved,,,not-resolved,8,10,5,chars/80A1.json
肢,C,zhī,Chi,chi (bộ phận cơ thể),not-resolved,,,not-resolved,6,4,6,chars/80A2.json
肤,C,fū,,da,not-resolved,,,not-resolved,6,10,4,chars/80A4.json
肥,C,féi,Phì,rộng rãi,not-resolved,,,not-resolved,9,10,4,chars/80A5.json
肩,C,jiān,,vai,not-resolved,,,not-resolved,6,10,5,chars/80A9.json
肪,C,fáng,,mỡ động vật,not-resolved,,,not-resolved,4,5,6,chars/80AA.json
肫,C,zhūn,,mề,not-resolved,,,not-resolved,0,0,7,chars/80AB.json
肬,C,yóu,,biến thể của 疣[you2],not-resolved,,,not-resolved,0,0,7,chars/80AC.json
肭,C,nà,Nọi,dùng trong 膃肭|腽肭[wa4 na4],not-resolved,,,not-resolved,0,0,7,chars/80AD.json
肮,C,āng,,bẩn; bẩn thỉu,not-resolved,,,not-resolved,1,0,7,chars/80AE.json
肯,C,kěn,Khẳng,đồng ý,not-resolved,,,not-resolved,7,10,4,chars/80AF.json
肰,C,rán,,thịt chó; biến thể cũ của 然[ran2],not-resolved,,,not-resolved,0,0,7,chars/80B0.json
肱,C,gōng,Quăng,cánh tay trên; cánh tay,not-resolved,,,not-resolved,3,0,7,chars/80B1.json
育,A,yù,Dục,sinh con; nuôi dưỡng,resolved,子,"Bộ Tử, Tý",record-radical,11,10,3,chars/80B2.json
肴,C,yáo,,biến thể của 肴[yao2],not-resolved,,,not-resolved,3,10,6,chars/80B4.json
肵,C,jìn,,cái bàn,not-resolved,,,not-resolved,0,0,7,chars/80B5.json
肷,C,qiǎn,,(thường chỉ động vật) phần cơ thể ở bên hông giữa xương sườn và xương hông,not-resolved,,,not-resolved,0,0,,chars/80B7.json
肸,C,xì,,cười khúc khích; tán loạn,not-resolved,,,not-resolved,0,0,7,chars/80B8.json
肹,C,xī,,biến thể cũ của 肸[xi1],not-resolved,,,not-resolved,0,0,7,chars/80B9.json
肺,C,fèi,,phổi,not-resolved,,,not-resolved,6,6,6,chars/80BA.json
肼,C,jǐng,,hydrazin,not-resolved,,,not-resolved,0,0,7,chars/80BC.json
肽,C,tài,,peptit (hai hoặc nhiều axit amin liên kết bằng liên kết peptit CO-NH),not-resolved,,,not-resolved,3,0,7,chars/80BD.json
肾,C,shèn,Thận,thận,not-resolved,,,not-resolved,6,1,7,chars/80BE.json
肿,C,zhǒng,Thũng,sưng; sưng lên,not-resolved,,,not-resolved,6,8,6,chars/80BF.json
胀,C,zhàng,Trướng,chướng bụng,not-resolved,,,not-resolved,6,10,6,chars/80C0.json
胁,C,xié,Hiếp,mạn sườn (phía bên của thân); cưỡng ép,not-resolved,,,not-resolved,5,10,5,chars/80C1.json
胂,C,shèn,Thăn,arsine,not-resolved,,,not-resolved,0,0,7,chars/80C2.json
胃,C,wèi,,dạ dày,not-resolved,,,not-resolved,6,10,5,chars/80C3.json
胄,C,zhòu,Trụ,mũ bảo hiểm; hậu duệ,not-resolved,,,not-resolved,3,0,7,chars/80C4.json
胆,C,dǎn,Đảm,sự can đảm,not-resolved,,,not-resolved,9,10,5,chars/80C6.json
胇,C,fèi,,biến thể cũ của 肺[fei4],not-resolved,,,not-resolved,0,0,7,chars/80C7.json
胊,C,qú,,ách,not-resolved,,,not-resolved,0,0,7,chars/80CA.json
背,C,bēi,Bối,mang trên lưng; lưng,not-resolved,,,not-resolved,12,10,5,chars/80CC.json
胍,C,guā,,guanidine,not-resolved,,,not-resolved,0,0,7,chars/80CD.json
胎,C,tāi,Thai,"phôi, bào thai (đơn vị đo lường cho phôi thai)",not-resolved,,,not-resolved,6,10,6,chars/80CE.json
胏,C,zǐ,,thịt khô có xương,not-resolved,,,not-resolved,0,0,7,chars/80CF.json
胑,C,zhī,,cánh chim; chân động vật,not-resolved,,,not-resolved,0,0,7,chars/80D1.json
胔,C,zì,,thịt thối; xương động vật chết,not-resolved,,,not-resolved,0,0,7,chars/80D4.json
胖,C,pàng,Bỡn,béo,not-resolved,,,not-resolved,7,9,3,chars/80D6.json
胗,C,zhēn,Chẩn,mề,not-resolved,,,not-resolved,0,0,7,chars/80D7.json
胙,C,zuò,,ban tặng hoặc ban phát; thịt cúng tế dâng lên thần linh (cổ),not-resolved,,,not-resolved,0,0,7,chars/80D9.json
胚,C,pēi,,biến thể của 胚[pei1],not-resolved,,,not-resolved,6,4,7,chars/80DA.json
胛,C,jiǎ,,xương bả vai,not-resolved,,,not-resolved,1,0,7,chars/80DB.json
胜,C,shèng,Thắng,chiến thắng,not-resolved,,,not-resolved,13,10,5,chars/80DC.json
胝,C,zhī,Đì,dùng trong 胼胝[pian2 zhi1],not-resolved,,,not-resolved,3,0,7,chars/80DD.json
胞,C,bāo,Bào,nhau thai; tử cung,not-resolved,,,not-resolved,6,10,6,chars/80DE.json
胠,C,qū,,mạn sườn của động vật; bên hông,not-resolved,,,not-resolved,0,0,7,chars/80E0.json
胡,C,Hú,,họ [Hu2],not-resolved,,,not-resolved,11,10,5,chars/80E1.json
胤,C,yìn,Dận,hậu duệ; người thừa kế,not-resolved,,,not-resolved,1,0,7,chars/80E4.json
胥,C,Xū,,họ [Xu1],not-resolved,,,not-resolved,2,0,7,chars/80E5.json
胦,C,yāng,,rốn,not-resolved,,,not-resolved,0,0,7,chars/80E6.json
胧,A,lóng,,dùng trong 朦朧|朦胧[meng2 long2],resolved,月,"Bộ Nguyệt,Nhục",record-radical,2,3,7,chars/80E7.json
胨,C,dòng,,xem 蛋白腖|蛋白胨[dan4 bai2 dong4],not-resolved,,,not-resolved,1,0,7,chars/80E8.json
胩,C,kǎ,,cacbylamin; isoxyanide,not-resolved,,,not-resolved,0,0,7,chars/80E9.json
胪,C,lú,,bụng; da,not-resolved,,,not-resolved,0,0,7,chars/80EA.json
胫,C,jìng,,phần dưới của chân,not-resolved,,,not-resolved,2,0,7,chars/80EB.json
胬,B,nǔ,,dùng trong 胬肉[nu3 rou4],resolved,肉,Bộ Nhục,record-radical,0,0,7,chars/80EC.json
胭,C,yān,Nhân,phấn hồng,not-resolved,,,not-resolved,2,0,7,chars/80ED.json
胯,C,kuà,,đũng; háng,not-resolved,,,not-resolved,2,0,7,chars/80EF.json
胰,C,yí,,tuyến tụy,not-resolved,,,not-resolved,5,0,7,chars/80F0.json
胱,C,guāng,Choáng,bàng quang,not-resolved,,,not-resolved,2,0,7,chars/80F1.json
胲,C,hǎi,,hydroxylamin (hóa học),not-resolved,,,not-resolved,0,0,7,chars/80F2.json
胳,C,gē,Cặc,biến thể của 胳[ge1],not-resolved,,,not-resolved,6,6,4,chars/80F3.json
胴,C,dòng,,ruột già; thân trên,not-resolved,,,not-resolved,1,0,7,chars/80F4.json
胶,C,jiāo,Keo,dán; keo,not-resolved,,,not-resolved,6,10,5,chars/80F6.json
胸,C,xiōng,Hông,ngực,not-resolved,,,not-resolved,8,10,5,chars/80F8.json
胹,C,ér,,nấu nhừ; mềm,not-resolved,,,not-resolved,0,0,7,chars/80F9.json
胺,C,àn,Ươn,amin; tiếng Đài Loan đọc là [an1],not-resolved,,,not-resolved,6,0,7,chars/80FA.json
胻,C,héng,,bắp chân (phần chân dưới); (cổ) bụng,not-resolved,,,not-resolved,0,0,7,chars/80FB.json
胼,C,pián,Bẹn,dùng trong 胼胝[pian2 zhi1],not-resolved,,,not-resolved,3,0,7,chars/80FC.json
能,C,néng,Năng,có thể,not-resolved,,,not-resolved,20,10,1,chars/80FD.json
胾,C,zì,,cắt thịt thành miếng; thịt xắt nhỏ,not-resolved,,,not-resolved,0,0,7,chars/80FE.json
脂,C,zhī,,mỡ; phấn hồng (mỹ phẩm),not-resolved,,,not-resolved,6,5,6,chars/8102.json
脆,C,cuì,,giòn,not-resolved,,,not-resolved,6,10,5,chars/8106.json
脉,C,mài,,biến thể cũ của 脈|脉[mai4],not-resolved,,,not-resolved,10,10,6,chars/8109.json
脊,C,jǐ,,(hình thức kết hợp) cột sống; xương sống; (hình thức kết hợp) đường gờ,not-resolved,,,not-resolved,7,7,7,chars/810A.json
脍,C,kuài,Gỏi,thịt hoặc cá băm,not-resolved,,,not-resolved,1,0,7,chars/810D.json
脎,C,sà,,,not-resolved,,,not-resolved,0,0,,chars/810E.json
脏,C,zāng,Tạng,bẩn,not-resolved,,,not-resolved,6,10,4,chars/810F.json
脐,C,qí,,Rốn,not-resolved,,,not-resolved,5,2,7,chars/8110.json
脑,C,nǎo,Não,não; tâm trí,not-resolved,,,not-resolved,10,10,1,chars/8111.json
脒,C,mǐ,,amidin (hóa học),not-resolved,,,not-resolved,0,0,7,chars/8112.json
脓,C,nóng,Nọng,mủ,not-resolved,,,not-resolved,4,0,7,chars/8113.json
脔,B,luán,,thịt gầy; thịt cắt lát,resolved,肉,Bộ Nhục,record-radical,1,0,7,chars/8114.json
脖,C,bó,,cổ,not-resolved,,,not-resolved,6,7,5,chars/8116.json
脘,C,wǎn,,khoang bên trong dạ dày,not-resolved,,,not-resolved,0,0,7,chars/8118.json
脚,C,jiǎo,,bàn chân,not-resolved,,,not-resolved,8,10,3,chars/811A.json
脝,C,hēng,,mập; phồng,not-resolved,,,not-resolved,0,0,7,chars/811D.json
脞,C,cuǒ,,thịt băm; vặt vãnh,not-resolved,,,not-resolved,0,0,7,chars/811E.json
脡,C,tǐng,,thịt ức; thẳng,not-resolved,,,not-resolved,0,0,7,chars/8121.json
脢,C,méi,,thịt trên lưng động vật,not-resolved,,,not-resolved,0,0,7,chars/8122.json
脤,C,shèn,,thịt cúng (sống),not-resolved,,,not-resolved,0,0,7,chars/8124.json
脧,C,juān,,(văn học) bóc lột; (văn học) giảm,not-resolved,,,not-resolved,0,0,7,chars/8127.json
脨,C,jí,,biến thể cũ của 瘠[ji2],not-resolved,,,not-resolved,0,0,7,chars/8128.json
脬,C,pāo,,bàng quang,not-resolved,,,not-resolved,0,0,7,chars/812C.json
脯,C,fǔ,,thịt khô; hoa quả sấy,not-resolved,,,not-resolved,3,0,7,chars/812F.json
脰,C,dòu,,(văn học) cổ,not-resolved,,,not-resolved,0,0,7,chars/8130.json
脱,C,tuō,Thoát,cởi,not-resolved,,,not-resolved,12,10,4,chars/8131.json
脲,C,niào,,carbamit; urê (NH2)2CO,not-resolved,,,not-resolved,0,0,7,chars/8132.json
脳,C,nǎo,,biến thể tiếng Nhật của 腦|脑,not-resolved,,,not-resolved,0,0,7,chars/8133.json
脶,C,luó,,dấu vân tay,not-resolved,,,not-resolved,0,0,7,chars/8136.json
脷,C,lì,,lưỡi (bò) (tiếng Quảng Đông),not-resolved,,,not-resolved,0,0,7,chars/8137.json
脸,C,liǎn,,mặt,not-resolved,,,not-resolved,8,10,3,chars/8138.json
脾,C,pí,Tì,lá lách,not-resolved,,,not-resolved,6,10,4,chars/813E.json
脿,C,biāo,Óng / Béo,biến thể cũ của 膘[biao1],not-resolved,,,not-resolved,0,0,7,chars/813F.json
腄,C,chuí,,vết chai ở tay hoặc chân; xương chân trên của ngựa hoặc chim,not-resolved,,,not-resolved,0,0,7,chars/8144.json
腆,C,tiǎn,,làm mạnh (như rượu); đức hạnh,not-resolved,,,not-resolved,1,2,7,chars/8146.json
腈,C,jīng,,acrylic,not-resolved,,,not-resolved,3,0,7,chars/8148.json
腊,C,xī,,thịt khô; cũng đọc là [xi2],not-resolved,,,not-resolved,6,10,7,chars/814A.json
腋,C,yè,Nách,nách; (sinh học) hố nách,not-resolved,,,not-resolved,6,0,7,chars/814B.json
腌,C,yān,,biến thể của 醃|腌[yan1],not-resolved,,,not-resolved,3,3,7,chars/814C.json
腍,C,rěn,,no nê; đã nấu chín,not-resolved,,,not-resolved,0,0,7,chars/814D.json
腐,A,fǔ,Hủ,phân huỷ; mục nát,resolved,肉,Bộ Nhục,record-radical,7,10,5,chars/8150.json
腑,C,fǔ,Phủ,nội tạng,not-resolved,,,not-resolved,5,0,7,chars/8151.json
腒,C,jū,,gia cầm khô,not-resolved,,,not-resolved,0,0,7,chars/8152.json
腓,C,féi,,bắp chân; phân hủy,not-resolved,,,not-resolved,4,0,7,chars/8153.json
腔,C,qiāng,Xoang,khoang,not-resolved,,,not-resolved,6,4,6,chars/8154.json
腕,C,wàn,Oản,"cổ tay; cánh tay (mực ống, sao biển,...)",not-resolved,,,not-resolved,6,4,7,chars/8155.json
腘,C,guó,,hõm gối; hõm khoeo (y học),not-resolved,,,not-resolved,0,0,7,chars/8158.json
腙,C,zōng,,hydrazone (hóa học),not-resolved,,,not-resolved,0,0,7,chars/8159.json
腚,C,dìng,,mông; đít,not-resolved,,,not-resolved,0,0,7,chars/815A.json
腜,C,méi,,thai máy,not-resolved,,,not-resolved,0,0,7,chars/815C.json
腠,C,còu,,mô giữa da và thịt,not-resolved,,,not-resolved,0,0,7,chars/8160.json
腥,C,xīng,Tanh,có mùi cá,not-resolved,,,not-resolved,4,1,6,chars/8165.json
腧,C,shù,,huyệt châm cứu; huyệt vị,not-resolved,,,not-resolved,0,0,7,chars/8167.json
腩,C,nǎn,Nem,thịt ức; bụng bò,not-resolved,,,not-resolved,1,0,7,chars/8169.json
腬,C,róu,,nhờn (tiếng Quảng Đông),not-resolved,,,not-resolved,0,0,7,chars/816C.json
腭,C,è,,vòm miệng; nóc miệng,not-resolved,,,not-resolved,2,0,7,chars/816D.json
腮,C,sāi,,má,not-resolved,,,not-resolved,6,2,7,chars/816E.json
腯,C,tú,,mập (của heo),not-resolved,,,not-resolved,0,0,7,chars/816F.json
腰,C,yāo,Yêu,eo,not-resolved,,,not-resolved,6,7,5,chars/8170.json
腱,C,jiàn,,gân; gân cốt,not-resolved,,,not-resolved,6,0,7,chars/8171.json
腴,C,yú,,mỡ bụng; màu mỡ,not-resolved,,,not-resolved,1,0,7,chars/8174.json
腶,C,duàn,,thịt khô,not-resolved,,,not-resolved,0,0,7,chars/8176.json
腹,C,fù,Phục,bụng; dạ dày,not-resolved,,,not-resolved,7,10,6,chars/8179.json
腺,C,xiàn,,tuyến,not-resolved,,,not-resolved,7,0,7,chars/817A.json
腻,C,nì,,béo; mềm,not-resolved,,,not-resolved,6,6,6,chars/817B.json
腼,C,miǎn,,e thẹn,not-resolved,,,not-resolved,1,2,7,chars/817C.json
腽,C,wà,,dùng trong 膃肭|腽肭[wa4 na4],not-resolved,,,not-resolved,0,0,7,chars/817D.json
腾,A,téng,,phi nước đại,resolved,馬,Bộ Mã,record-radical,8,10,6,chars/817E.json
腿,C,tuǐ,Thoái,chân,not-resolved,,,not-resolved,6,6,3,chars/817F.json
膀,C,bǎng,,cánh tay trên; cánh,not-resolved,,,not-resolved,6,10,5,chars/8180.json
膂,C,lǚ,,xương sống; sức mạnh,not-resolved,,,not-resolved,1,0,7,chars/8182.json
膆,C,sù,,(văn học) mập; diều của chim (biến thể của 嗉[su4]),not-resolved,,,not-resolved,0,0,7,chars/8186.json
膇,C,zhuì,,sưng bàn chân,not-resolved,,,not-resolved,0,0,7,chars/8187.json
膈,C,gé,,cơ hoành (giải phẫu),not-resolved,,,not-resolved,2,0,7,chars/8188.json
膊,C,bó,,vai; cánh tay trên,not-resolved,,,not-resolved,6,6,4,chars/818A.json
膋,C,liáo,,mỡ trên ruột,not-resolved,,,not-resolved,0,0,7,chars/818B.json
膌,C,jí,,biến thể cũ của 瘠[ji2],not-resolved,,,not-resolved,0,0,7,chars/818C.json
膏,C,gāo,Cao,thuốc mỡ; cao,not-resolved,,,not-resolved,6,6,4,chars/818F.json
膑,C,bìn,,biến thể của 髕|髌[bin4],not-resolved,,,not-resolved,1,0,7,chars/8191.json
膔,C,biāo,,biến thể của 膘[biao1],not-resolved,,,not-resolved,0,0,7,chars/8194.json
膗,C,chuái,,(phương ngữ) thừa cân nghiêm trọng; béo phì,not-resolved,,,not-resolved,0,0,7,chars/8197.json
膘,C,biāo,,mỡ của động vật nuôi,not-resolved,,,not-resolved,4,0,7,chars/8198.json
膙,C,jiǎng,,(dạng kết hợp) vết chai,not-resolved,,,not-resolved,0,0,7,chars/8199.json
膛,C,táng,,(dạng kết hợp) khoang rỗng,not-resolved,,,not-resolved,6,5,6,chars/819B.json
膜,C,mó,,màng mỏng,not-resolved,,,not-resolved,6,1,6,chars/819C.json
膝,C,xī,,biến thể cũ của 膝[xi1],not-resolved,,,not-resolved,6,5,6,chars/819D.json
膟,C,lǜ,,thịt tế lễ,not-resolved,,,not-resolved,0,0,7,chars/819F.json
膣,C,zhì,,âm đạo,not-resolved,,,not-resolved,0,0,7,chars/81A3.json
膦,C,lìn,,phosphin,not-resolved,,,not-resolved,0,0,7,chars/81A6.json
膨,C,péng,Bành,sưng; phồng,not-resolved,,,not-resolved,3,10,6,chars/81A8.json
膪,C,chuài,,dùng trong 囊膪[nang1 chuai4],not-resolved,,,not-resolved,0,0,7,chars/81AA.json
膫,C,Liáo,,tên một nước thời Tây Hán,not-resolved,,,not-resolved,0,0,7,chars/81AB.json
膰,C,fán,,thịt nấu chín dùng trong cúng tế,not-resolved,,,not-resolved,0,0,7,chars/81B0.json
膲,C,jiāo,,xem 三膲[san1 jiao1],not-resolved,,,not-resolved,0,0,7,chars/81B2.json
膳,C,shàn,,bữa ăn,not-resolved,,,not-resolved,3,4,7,chars/81B3.json
膴,C,hū,,miếng thịt lớn; thịt khô,not-resolved,,,not-resolved,0,0,7,chars/81B4.json
膵,C,cuì,,tuyến tụy,not-resolved,,,not-resolved,0,0,7,chars/81B5.json
膷,C,xiāng,,thịt bò băm; súp,not-resolved,,,not-resolved,0,0,7,chars/81B7.json
膺,C,yīng,,ngực; nhận,not-resolved,,,not-resolved,3,0,7,chars/81BA.json
膻,C,shān,,một bầy cừu (hoặc dê); biến thể cũ của 膻[shan1],not-resolved,,,not-resolved,1,0,7,chars/81BB.json
臀,C,tún,,mông; mông đít,not-resolved,,,not-resolved,5,0,7,chars/81C0.json
臁,C,lián,,hai bên của phần dưới chân,not-resolved,,,not-resolved,0,0,7,chars/81C1.json
臂,C,bì,,cánh tay,not-resolved,,,not-resolved,6,5,6,chars/81C2.json
臃,C,yōng,,xem 臃腫|臃肿[yong1 zhong3],not-resolved,,,not-resolved,1,0,7,chars/81C3.json
臄,C,jué,,vòm miệng; lạp xưởng,not-resolved,,,not-resolved,0,0,7,chars/81C4.json
臆,C,yì,,(hình thức ghép) ngực; ức; vú; (hình thức ghép) cảm xúc bên trong; chủ quan,not-resolved,,,not-resolved,5,0,7,chars/81C6.json
臇,C,juǎn,,"béo, ngậy; món cá hầm",not-resolved,,,not-resolved,0,0,7,chars/81C7.json
臊,C,sāo,,"có mùi nước tiểu (hoặc mồ hôi, v.v.)",not-resolved,,,not-resolved,3,0,7,chars/81CA.json
臌,C,gǔ,,phù thủng; sưng,not-resolved,,,not-resolved,0,0,7,chars/81CC.json
臐,C,xūn,,canh thịt cừu,not-resolved,,,not-resolved,0,0,7,chars/81D0.json
臑,C,nào,,cơ nhị đầu (trong y học Trung Quốc); (cổ) chi trước của động vật nuôi,not-resolved,,,not-resolved,0,0,7,chars/81D1.json
臓,C,zàng,,biến thể tiếng Nhật của 臟|脏,not-resolved,,,not-resolved,0,0,7,chars/81D3.json
臖,C,xìng,,sưng; phồng,not-resolved,,,not-resolved,0,0,7,chars/81D6.json
臛,C,huò,,(văn học) nước hầm thịt,not-resolved,,,not-resolved,0,0,7,chars/81DB.json
臜,C,zā,,xem 腌臢|腌臜[a1 za1],not-resolved,,,not-resolved,0,0,7,chars/81DC.json
臞,C,qú,,biến thể của 癯[qu2],not-resolved,,,not-resolved,0,0,7,chars/81DE.json
臣,A,Chén,Thần,họ [Chen2],resolved,臣,Bộ Thần,self-radical,7,9,6,chars/81E3.json
臤,C,qiān,,,resolved,又,Bộ Hựu,record-radical,0,0,7,chars/81E4.json
臧,B,Zāng,Tang,họ [Zang1],resolved,臣,Bộ Thần,record-radical,1,0,7,chars/81E7.json
自,A,zì,Tự,từ,resolved,自,Bộ Tự,self-radical,20,10,3,chars/81EA.json
臬,C,niè,,cột mốc; quy tắc,not-resolved,,,not-resolved,1,0,7,chars/81EC.json
臭,C,chòu,Xú,hôi thối,not-resolved,,,not-resolved,6,4,5,chars/81ED.json
臲,C,niè,,lảo đảo; không vững,not-resolved,,,not-resolved,0,0,7,chars/81F2.json
至,A,zhì,Chí,đến,resolved,至,Bộ Chí,self-radical,17,10,4,chars/81F3.json
致,A,zhì,Nhí,gửi,resolved,攴,Bộ Phộc,record-radical,20,10,5,chars/81F4.json
臻,B,zhēn,,đạt đến; đạt tới (đặc biệt là hoàn thiện),resolved,至,Bộ Chí,record-radical,2,0,7,chars/81FB.json
臼,B,jiù,Cối,"Cái cối, làm bằng gỗ hay bằng đá để giã các thứ",resolved,臼,Bộ Cữu,self-radical,5,0,7,chars/81FC.json
臽,C,xiàn,,(cổ) hố; lỗ trên mặt đất; (cổ) biến thể của 陷[xian4],not-resolved,,,not-resolved,0,0,7,chars/81FD.json
臾,C,Yú,,họ [Yu2],not-resolved,,,not-resolved,1,0,7,chars/81FE.json
臿,C,chā,,tách hạt khỏi vỏ,not-resolved,,,not-resolved,0,0,7,chars/81FF.json
舀,C,yǎo,,múc ra; múc lên,not-resolved,,,not-resolved,1,0,7,chars/8200.json
舁,B,yú,,nhấc; nâng,resolved,又,Bộ Hựu,record-radical,0,0,7,chars/8201.json
舂,B,chōng,Thung,giã (ngũ cốc); đập,resolved,臼,Bộ Cữu,record-radical,0,0,7,chars/8202.json
舄,C,xì,,giày; dép,not-resolved,,,not-resolved,0,0,7,chars/8204.json
舅,C,jiù,Cậu,cậu,not-resolved,,,not-resolved,6,4,5,chars/8205.json
舆,C,yú,,(văn chương) gầm xe ngựa (đối lập với mui xe 堪[kan1]); (văn chương) (bóng) trái đất (trong khi mui xe là phép ẩn dụ cho trời); đất đai; lãnh thổ,not-resolved,,,not-resolved,6,8,6,chars/8206.json
舋,C,xìn,,biến thể của 釁|衅; tranh cãi,not-resolved,,,not-resolved,0,0,7,chars/820B.json
舌,A,shé,Thiệt,"dùng trong 喇舌[la3 ji1] để phiên âm từ Đài Loan nghĩa là ""lưỡi""",resolved,舌,Bộ Thiệt,self-radical,7,9,6,chars/820C.json
舍,A,shě,Xá,từ bỏ; ruồng bỏ; bố thí,resolved,口,Bộ Khẩu,record-radical,9,10,5,chars/820D.json
舎,C,shè,,chữ Nhật của 舍[she4],not-resolved,,,not-resolved,0,0,7,chars/820E.json
舐,B,shì,,liếm; lap (lên),resolved,舌,Bộ Thiệt,record-radical,1,0,7,chars/8210.json
舒,C,Shū,Thư,họ [Shu1],not-resolved,,,not-resolved,7,10,3,chars/8212.json
舓,C,shì,,biến thể cũ của 舐[shi4],not-resolved,,,not-resolved,0,0,7,chars/8213.json
舔,B,tiǎn,,liếm,resolved,舌,Bộ Thiệt,record-radical,1,0,6,chars/8214.json
舗,C,pù,,biến thể tiếng Nhật của 舖|铺,not-resolved,,,not-resolved,0,0,7,chars/8217.json
舛,A,chuǎn,,sai lầm; sai sót,resolved,舛,Bộ Suyễn,self-radical,3,2,7,chars/821B.json
舜,C,Shùn,Thuấn,"Thuấn (khoảng thế kỷ 23 TCN), nhà hiền triết và lãnh đạo huyền thoại",not-resolved,,,not-resolved,2,0,7,chars/821C.json
舝,C,xiá,,biến thể của 轄|辖[xia2],not-resolved,,,not-resolved,0,0,7,chars/821D.json
舞,A,wǔ,Vũ,khiêu vũ,resolved,舛,Bộ Suyễn,record-radical,8,10,2,chars/821E.json
舟,A,zhōu,,thuyền,resolved,舟,"Bộ Chu,Châu",self-radical,7,10,6,chars/821F.json
舠,C,dāo,,thuyền kayak,not-resolved,,,not-resolved,0,0,7,chars/8220.json
舡,B,gāng,,thuyền; tàu,resolved,舟,"Bộ Chu,Châu",record-radical,0,0,7,chars/8221.json
舢,B,shān,,xuồng tam bản,resolved,舟,"Bộ Chu,Châu",record-radical,2,0,7,chars/8222.json
舣,B,yǐ,,neo thuyền vào bờ,resolved,舟,"Bộ Chu,Châu",record-radical,0,0,7,chars/8223.json
舨,B,bǎn,,xuồng tam bản,resolved,舟,"Bộ Chu,Châu",record-radical,1,0,7,chars/8228.json
航,A,háng,Hàng,thuyền; tàu,resolved,舟,"Bộ Chu,Châu",record-radical,11,10,4,chars/822A.json
舫,B,fǎng,,hai thuyền buộc lại với nhau; thuyền lớn,resolved,舟,"Bộ Chu,Châu",record-radical,2,0,7,chars/822B.json
般,A,bān,Bàn,"loại, kiểu, giống như (thường dùng sau danh từ, tính từ)",resolved,殳,Bộ Thù,record-radical,6,10,3,chars/822C.json
舭,B,bǐ,,khoang đáy tàu,resolved,舟,"Bộ Chu,Châu",record-radical,0,0,7,chars/822D.json
舰,A,jiàn,,tàu chiến,resolved,舟,"Bộ Chu,Châu",record-radical,6,4,6,chars/8230.json
舱,C,cāng,,buồng,not-resolved,,,not-resolved,6,6,6,chars/8231.json
舲,B,líng,,thuyền nhỏ có cửa sổ,resolved,舟,"Bộ Chu,Châu",record-radical,0,0,7,chars/8232.json
舳,B,zhú,,boong sau; lái thuyền,resolved,舟,"Bộ Chu,Châu",record-radical,0,0,7,chars/8233.json
舴,B,zé,,thuyền nhỏ,resolved,舟,"Bộ Chu,Châu",record-radical,0,0,7,chars/8234.json
舵,A,duò,,bánh lái,resolved,舟,"Bộ Chu,Châu",record-radical,6,1,7,chars/8235.json
舶,A,bó,,tàu,resolved,舟,"Bộ Chu,Châu",record-radical,3,4,6,chars/8236.json
舷,B,xián,,mặt bên của tàu hoặc máy bay,resolved,舟,"Bộ Chu,Châu",record-radical,2,0,7,chars/8237.json
舸,B,gě,,sà lan,resolved,舟,"Bộ Chu,Châu",record-radical,0,0,7,chars/8238.json
船,A,chuán,Thuyền,"thuyền, tàu",resolved,舟,"Bộ Chu,Châu",record-radical,13,10,3,chars/8239.json
舺,C,xiá,,thuyền; tiếng Đài Loan đọc là [jia3],not-resolved,,,not-resolved,0,0,7,chars/823A.json
舻,B,lú,,mũi tàu,resolved,舟,"Bộ Chu,Châu",record-radical,0,0,7,chars/823B.json
舾,B,xī,,dùng trong 舾裝|舾装[xi1 zhuang1],resolved,舟,"Bộ Chu,Châu",record-radical,0,0,,chars/823E.json
艁,C,zào,,"biến thể của 造, làm; xây dựng",not-resolved,,,not-resolved,0,0,7,chars/8241.json
艄,B,shāo,,đuôi thuyền,resolved,舟,"Bộ Chu,Châu",record-radical,2,0,7,chars/8244.json
艅,C,yú,,dùng trong 艅艎[yu2 huang2],not-resolved,,,not-resolved,0,0,7,chars/8245.json
艇,A,tǐng,,tàu; thuyền nhỏ,resolved,舟,"Bộ Chu,Châu",record-radical,6,3,6,chars/8247.json
艉,C,wěi,,đuôi tàu,not-resolved,,,not-resolved,0,0,7,chars/8249.json
艋,B,měng,Mành,thuyền nhỏ,resolved,舟,"Bộ Chu,Châu",record-radical,0,0,7,chars/824B.json
艎,B,huáng,,"thuyền nhanh; xem 艅艎, chiến hạm lớn",resolved,舟,"Bộ Chu,Châu",record-radical,0,0,7,chars/824E.json
艏,C,shǒu,,mũi tàu,not-resolved,,,not-resolved,0,0,7,chars/824F.json
艑,C,biàn,,thuyền nhỏ,not-resolved,,,not-resolved,0,0,7,chars/8251.json
艕,C,bàng,,hai thuyền buộc song song,not-resolved,,,not-resolved,0,0,7,chars/8255.json
艖,C,chā,,bè; thuyền,not-resolved,,,not-resolved,0,0,7,chars/8256.json
艗,C,yì,,mũi thuyền Trung Quốc,not-resolved,,,not-resolved,0,0,7,chars/8257.json
艘,B,sōu,,cái (tàu thuyền),resolved,舟,"Bộ Chu,Châu",record-radical,0,9,6,chars/8258.json
艚,B,cáo,Tàu,thuyền biển,resolved,舟,"Bộ Chu,Châu",record-radical,0,0,7,chars/825A.json
艜,C,dài,,một loại thuyền dài hẹp có hai cột buồm,not-resolved,,,not-resolved,0,0,7,chars/825C.json
艟,B,chōng,Xuồng,"xem 艨艟, chiến hạm bọc da cổ đại",resolved,舟,"Bộ Chu,Châu",record-radical,1,0,7,chars/825F.json
艨,B,méng,,"tàu chiến cổ đại; xem 艨艟, tàu chiến bọc da cổ đại",resolved,舟,"Bộ Chu,Châu",record-radical,1,0,7,chars/8268.json
艩,C,qí,,cọc chèo,not-resolved,,,not-resolved,0,0,7,chars/8269.json
艬,C,chán,,thuyền lớn,not-resolved,,,not-resolved,0,0,7,chars/826C.json
艭,C,shuāng,,thuyền,not-resolved,,,not-resolved,0,0,7,chars/826D.json
艮,B,gèn,Cấn,"Quẻ ""cấn"" 艮",resolved,艮,Bộ Cấn,self-radical,0,0,7,chars/826E.json
良,C,liáng,Lương,tốt,not-resolved,,,not-resolved,8,10,5,chars/826F.json
艰,A,jiān,Gian,khó khăn; vất vả,resolved,艮,Bộ Cấn,record-radical,6,10,5,chars/8270.json
色,A,sè,Sắc,màu sắc,resolved,色,Bộ Sắc,self-radical,20,10,2,chars/8272.json
艳,C,yàn,,biến thể của 艷|艳[yan4],not-resolved,,,not-resolved,6,10,5,chars/8273.json
艴,B,fú,,tức giận,resolved,色,Bộ Sắc,record-radical,0,0,7,chars/8274.json
艹,B,cǎo,,"Cỏ cây, thực vật.",resolved,艸,Bộ Thảo,radical-variant,0,0,7,chars/8279.json
艺,A,yì,Ớt,kỹ năng; nghệ thuật,resolved,艸,Bộ Thảo,record-radical,13,10,4,chars/827A.json
艻,B,lè,,dùng trong 蘿艻|萝艻[luo2 le4],resolved,艸,Bộ Thảo,record-radical,0,0,7,chars/827B.json
艽,B,jiāo,,xem 秦艽[qin2 jiao1],resolved,艸,Bộ Thảo,record-radical,0,0,7,chars/827D.json
艾,A,Aì,Ngải,họ [Ai4],resolved,艸,Bộ Thảo,record-radical,6,3,7,chars/827E.json
艿,B,nǎi,Ạc / Nẩy,xem 芋艿[yu4 nai3],resolved,艸,Bộ Thảo,record-radical,0,0,7,chars/827F.json
芀,C,tiáo,,biến thể cũ của 苕[tiao2],not-resolved,,,not-resolved,0,0,7,chars/8280.json
节,A,jié,Tiết,ngày lễ,resolved,艸,Bộ Thảo,record-radical,20,10,4,chars/8282.json
芃,C,péng,Bông,mọc um tùm,not-resolved,,,not-resolved,0,0,7,chars/8283.json
芄,B,wán,,Metaplexis stauntoni,resolved,艸,Bộ Thảo,record-radical,0,0,7,chars/8284.json
芈,C,Mǐ,,họ [Mi3],not-resolved,,,not-resolved,0,0,7,chars/8288.json
芊,C,qiān,,xanh; mọc um tùm,not-resolved,,,not-resolved,0,0,7,chars/828A.json
芋,B,yù,,khoai môn; Colocasia antiquorum,resolved,艸,Bộ Thảo,record-radical,6,0,7,chars/828B.json
芍,B,Què,Thược,xem 芍陂[Que4 pi2],resolved,艸,Bộ Thảo,record-radical,1,0,7,chars/828D.json
芎,B,xiōng,Khung,xem 川芎[chuan1 xiong1]; cách phát âm ở Đài Loan: [qiong1],resolved,艸,Bộ Thảo,record-radical,1,0,7,chars/828E.json
芏,B,dù,,dùng trong 茳芏[jiang1 du4]; phiên âm Đài Loan [tu3],resolved,艸,Bộ Thảo,record-radical,1,0,7,chars/828F.json
芑,B,qǐ,,kê mao,resolved,艸,Bộ Thảo,record-radical,0,0,7,chars/8291.json
芒,A,máng,Mang,râu (của ngũ cốc); ngạnh (của hạt),resolved,艸,Bộ Thảo,record-radical,6,7,6,chars/8292.json
芔,C,huì,,một thuật ngữ chung cho thực vật,not-resolved,,,not-resolved,0,0,7,chars/8294.json
芕,C,suī,,một loại thảo dược,not-resolved,,,not-resolved,0,0,7,chars/8295.json
芗,B,xiāng,,cây thảo mộc thơm dùng làm gia vị; biến thể của 香[xiang1],resolved,艸,Bộ Thảo,record-radical,2,0,7,chars/8297.json
芘,B,pí,,Malva sylvestris,resolved,艸,Bộ Thảo,record-radical,0,0,7,chars/8298.json
芙,B,fú,Phù,"dùng trong 芙蓉[fu2 rong2], hoa sen",resolved,艸,Bộ Thảo,record-radical,3,0,7,chars/8299.json
芚,C,tún,,mầm xanh; ngốc nghếch,not-resolved,,,not-resolved,0,0,7,chars/829A.json
芜,B,wú,,rậm rạp cỏ dại,resolved,艸,Bộ Thảo,record-radical,6,0,7,chars/829C.json
芝,A,zhī,Chi,cỏ gừng (Zoysia pungens),resolved,艸,Bộ Thảo,record-radical,6,9,7,chars/829D.json
芞,C,qì,,một loại thảo mộc thơm (cổ),not-resolved,,,not-resolved,0,0,7,chars/829E.json
芟,C,shān,Sam,cắt; xén,not-resolved,,,not-resolved,0,0,7,chars/829F.json
芡,B,qiàn,,cây khiếm thực; hạt khiếm thực (Gorgon euryale hoặc Euryale ferox),resolved,艸,Bộ Thảo,record-radical,3,0,7,chars/82A1.json
芣,C,fú,Búp,cây mã đề (Plantago); tiếng Đài Loan đọc là [fou2],not-resolved,,,not-resolved,0,0,7,chars/82A3.json
芤,B,kōu,,rỗng; cọng hành,resolved,艸,Bộ Thảo,record-radical,0,0,7,chars/82A4.json
芥,B,gài,,xem 芥藍|芥蓝[gai4 lan2],resolved,艸,Bộ Thảo,record-radical,6,0,7,chars/82A5.json
芦,A,lú,,cây sậy; cỏ lau,resolved,艸,Bộ Thảo,record-radical,7,4,7,chars/82A6.json
芧,C,xù,,cây cói biển; hạt dẻ nhỏ,not-resolved,,,not-resolved,0,0,7,chars/82A7.json
芨,B,jí,,Bletilla hyacinthina (cây có chất nhầy); Chữ viết tắt của cây đậu tía Trung Quốc 菫草,resolved,艸,Bộ Thảo,record-radical,0,0,7,chars/82A8.json
芩,B,qín,,Phragmites japonica (cỏ sậy Nhật Bản),resolved,艸,Bộ Thảo,record-radical,0,0,7,chars/82A9.json
芪,B,qí,,xem 黃芪|黄芪[huang2 qi2],resolved,艸,Bộ Thảo,record-radical,1,0,7,chars/82AA.json
芫,B,yuán,,dùng trong 芫荽[yan2 sui5],resolved,艸,Bộ Thảo,record-radical,2,0,7,chars/82AB.json
芬,A,fēn,,nước hoa; hương thơm,resolved,艸,Bộ Thảo,record-radical,6,7,7,chars/82AC.json
芭,A,bā,,một loại cỏ; cây chuối,resolved,艸,Bộ Thảo,record-radical,6,4,7,chars/82AD.json
芮,B,Ruì,Nối,họ [Rui4],resolved,艸,Bộ Thảo,record-radical,3,0,7,chars/82AE.json
芯,C,xīn,,(dạng kết hợp) lõi cây bấc (dùng làm tim đèn),not-resolved,,,not-resolved,6,5,7,chars/82AF.json
芰,B,jì,,(cổ) cây ấu nước (Trapa natans),resolved,艸,Bộ Thảo,record-radical,0,0,7,chars/82B0.json
花,A,huā,Hoa,hoa,resolved,艸,Bộ Thảo,record-radical,20,10,3,chars/82B1.json
芲,C,lún,Hăm / Trun,tên cây (cổ),not-resolved,,,not-resolved,0,0,7,chars/82B2.json
芳,A,fāng,,thơm,resolved,艸,Bộ Thảo,record-radical,6,5,7,chars/82B3.json
芴,B,hū,,(cũ) mơ hồ; đột nhiên,resolved,艸,Bộ Thảo,record-radical,0,0,7,chars/82B4.json
芷,B,zhǐ,Chỉ,angelica (một loại cây thuộc họ Hoa tán); rễ cây dùng trong y học cổ truyền Trung Quốc,resolved,艸,Bộ Thảo,record-radical,4,0,7,chars/82B7.json
芸,B,yì,,biến thể tiếng Nhật của 藝|艺[yi4],resolved,艸,Bộ Thảo,record-radical,4,0,7,chars/82B8.json
芹,B,qín,Cần,cần tây Trung Quốc,resolved,艸,Bộ Thảo,record-radical,4,0,7,chars/82B9.json
芼,C,mào,Mào,chọn; lựa rau,not-resolved,,,not-resolved,0,0,7,chars/82BC.json
芽,A,yá,,"chồi, mầm",resolved,艸,Bộ Thảo,record-radical,6,6,6,chars/82BD.json
芾,B,fèi,Nào,xem 蔽芾[bi4 fei4],resolved,艸,Bộ Thảo,record-radical,1,0,7,chars/82BE.json
芿,C,rèng,Nhăng,cỏ dại mọc lại từ rễ đã cắt,not-resolved,,,not-resolved,0,0,7,chars/82BF.json
苁,B,cōng,,Boschniakia glabra,resolved,艸,Bộ Thảo,record-radical,0,0,7,chars/82C1.json
苄,B,biàn,,benzyl (hóa học),resolved,艸,Bộ Thảo,record-radical,0,0,7,chars/82C4.json
苇,B,wěi,,cây sậy; cói,resolved,艸,Bộ Thảo,record-radical,3,0,7,chars/82C7.json
苈,B,lì,Lịch,Drabanemerosa hebecarpa,resolved,艸,Bộ Thảo,record-radical,0,0,7,chars/82C8.json
苉,C,pǐ,,picene (C22H14),not-resolved,,,not-resolved,0,0,7,chars/82C9.json
苊,B,è,,acenaphthene (C12H10),resolved,艸,Bộ Thảo,record-radical,0,0,7,chars/82CA.json
苋,B,xiàn,,cây rau dền (chi Amaranthus); cây rau dền ba màu (Amaranthus tricolor),resolved,艸,Bộ Thảo,record-radical,2,0,7,chars/82CB.json
苌,B,Cháng,,họ [Chang2],resolved,艸,Bộ Thảo,record-radical,0,0,7,chars/82CC.json
苍,A,Cāng,,họ [Cang1],resolved,艸,Bộ Thảo,record-radical,6,10,6,chars/82CD.json
苎,B,zhù,,Boehmeria nivea; cây gai,resolved,艸,Bộ Thảo,record-radical,1,0,7,chars/82CE.json
苏,A,sū,,dùng trong 嚕囌|噜苏[lu1 su1],resolved,艸,Bộ Thảo,record-radical,7,10,6,chars/82CF.json
苑,B,Yuàn,Oản,họ [Yuan4],resolved,艸,Bộ Thảo,record-radical,6,0,7,chars/82D1.json
苒,B,rǎn,,cây cối tươi tốt; (thời gian) trôi qua,resolved,艸,Bộ Thảo,record-radical,1,0,7,chars/82D2.json
苓,B,líng,Linh,nấm; củ,resolved,艸,Bộ Thảo,record-radical,2,0,7,chars/82D3.json
苔,A,tāi,Đầy,dùng trong 舌苔[she2 tai1],resolved,艸,Bộ Thảo,record-radical,5,1,7,chars/82D4.json
苕,B,sháo,,xem 紅苕|红苕[hong2 shao2],resolved,艸,Bộ Thảo,record-radical,1,0,7,chars/82D5.json
苗,A,miáo,Meo,cây giống,resolved,艸,Bộ Thảo,record-radical,8,10,5,chars/82D7.json
苘,B,qǐng,,cây đay Trung Quốc (Abutilon theophrasti); cần sa Ấn Độ,resolved,艸,Bộ Thảo,record-radical,0,0,7,chars/82D8.json
苙,C,lì,Rợp,(thảo mộc); chuồng heo,not-resolved,,,not-resolved,0,0,7,chars/82D9.json
苛,A,kē,,nghiêm khắc; khắt khe,resolved,艸,Bộ Thảo,record-radical,6,6,7,chars/82DB.json
苜,B,mù,,cỏ ba lá,resolved,艸,Bộ Thảo,record-radical,1,0,7,chars/82DC.json
苞,C,bāo,,nụ; đài hoa,not-resolved,,,not-resolved,6,0,7,chars/82DE.json
苟,A,gǒu,,"nếu, giả sử, tạm bợ, cẩu thả",resolved,艸,Bộ Thảo,record-radical,6,2,6,chars/82DF.json
苠,B,mín,,đông đúc; vỏ tre,resolved,艸,Bộ Thảo,record-radical,0,0,7,chars/82E0.json
苡,B,yǐ,,cây mã đề (Plantago major),resolved,艸,Bộ Thảo,record-radical,1,0,7,chars/82E1.json
苣,B,jù,,"rau diếp, xem 萵苣|莴苣",resolved,艸,Bộ Thảo,record-radical,3,0,7,chars/82E3.json
苤,B,piě,Phi,dùng trong 苤藍|苤蓝[pie3 lan5],resolved,艸,Bộ Thảo,record-radical,0,0,7,chars/82E4.json
若,A,ruò,Nhược,nếu,resolved,口,Bộ Khẩu,record-radical,7,10,6,chars/82E5.json
苦,A,kǔ,Khổ,đắng,resolved,艸,Bộ Thảo,record-radical,20,10,4,chars/82E6.json
苩,C,pā,,biến thể cũ của 葩[pa1],not-resolved,,,not-resolved,0,0,7,chars/82E9.json
苪,C,bǐng,,"sáng; rực rỡ, lộng lẫy",not-resolved,,,not-resolved,0,0,7,chars/82EA.json
苫,B,shān,Chôm,chiếu rơm; mái tranh,resolved,艸,Bộ Thảo,record-radical,0,0,7,chars/82EB.json
苯,B,běn,,benzen; benzol (hóa học),resolved,艸,Bộ Thảo,record-radical,6,0,7,chars/82EF.json
英,A,Yīng,Anh,Anh (nước); Vương Quốc Anh,resolved,艸,Bộ Thảo,record-radical,12,10,5,chars/82F1.json
苲,B,zhǎ,Nghêu / Rạ,xem 苲草[zha3 cao3],resolved,艸,Bộ Thảo,record-radical,0,0,7,chars/82F2.json
苴,B,Jū,,họ [Ju1],resolved,艸,Bộ Thảo,record-radical,0,0,7,chars/82F4.json
苶,C,nié,,mệt mỏi; mệt,not-resolved,,,not-resolved,0,0,7,chars/82F6.json
苷,C,gān,,cam thảo; glycoside,not-resolved,,,not-resolved,4,0,7,chars/82F7.json
苹,A,píng,,(ngải cứu); bèo ong,resolved,艸,Bộ Thảo,record-radical,3,10,1,chars/82F9.json
苺,C,méi,,"biến thể của 莓, quả mọng; dâu tây",not-resolved,,,not-resolved,0,0,7,chars/82FA.json
苻,B,fú,,Angelica anomala,resolved,艸,Bộ Thảo,record-radical,1,0,7,chars/82FB.json
苾,C,bì,Bí,(phiên âm); thơm phức,not-resolved,,,not-resolved,0,0,7,chars/82FE.json
茀,B,fú,Phất,sự phát triển tươi tốt,resolved,艸,Bộ Thảo,record-radical,0,0,7,chars/8300.json
茁,C,zhuó,Đốt,"thể hiện sự phát triển mạnh mẽ, mới; mọc mầm",not-resolved,,,not-resolved,1,0,7,chars/8301.json
茂,A,mào,,tươi tốt; (hóa học) cyclopentadiene,resolved,艸,Bộ Thảo,record-radical,6,10,6,chars/8302.json
范,A,fàn,,mô hình; kiểu mẫu,resolved,艸,Bộ Thảo,record-radical,9,10,5,chars/8303.json
茄,A,jiā,Nhà,"chữ tượng thanh dùng trong từ mượn cho âm ""jia"", mặc dù 夾|夹[jia2] phổ biến hơn",resolved,艸,Bộ Thảo,record-radical,6,4,7,chars/8304.json
茅,A,Máo,,họ [Mao2],resolved,艸,Bộ Thảo,record-radical,7,7,7,chars/8305.json
茆,B,máo,,biến thể của 茅[mao2]; lợp tranh,resolved,艸,Bộ Thảo,record-radical,0,0,7,chars/8306.json
茇,B,bá,,cây trầu,resolved,艸,Bộ Thảo,record-radical,0,0,7,chars/8307.json
茈,B,zǐ,,Cây đạm bì thông Âu (Lithospermum officinale),resolved,艸,Bộ Thảo,record-radical,0,0,7,chars/8308.json
茉,B,mò,,dùng trong 茉莉[mo4li4],resolved,艸,Bộ Thảo,record-radical,3,0,7,chars/8309.json
茊,C,zī,,biến thể cũ của 茲|兹[zi1],not-resolved,,,not-resolved,0,0,7,chars/830A.json
茌,B,Chí,Sậy,tên một huyện ở Sơn Đông,resolved,艸,Bộ Thảo,record-radical,2,0,7,chars/830C.json
茍,C,jí,,khẩn cấp,not-resolved,,,not-resolved,0,0,7,chars/830D.json
茎,A,jīng,Hành,thân cây,resolved,艸,Bộ Thảo,record-radical,6,1,6,chars/830E.json
茏,B,lóng,Lùng,Polygonum posumbu,resolved,艸,Bộ Thảo,record-radical,1,0,7,chars/830F.json
茑,B,niǎo,,"tầm gửi ký sinh (Loranthus parasiticus), đặc biệt trên cây dâu",resolved,艸,Bộ Thảo,record-radical,0,0,7,chars/8311.json
茔,C,yíng,,(văn học) một ngôi mộ,not-resolved,,,not-resolved,1,0,7,chars/8314.json
茕,C,qióng,,một mình; hoang vắng,not-resolved,,,not-resolved,1,0,7,chars/8315.json
茖,C,gé,,cây tỏi rừng (allium victorialis),not-resolved,,,not-resolved,0,0,7,chars/8316.json
茗,B,míng,,cây chè (Thea sinensis); lá chè non,resolved,艸,Bộ Thảo,record-radical,1,0,7,chars/8317.json
茚,B,yìn,,inden (hóa học),resolved,艸,Bộ Thảo,record-radical,0,0,7,chars/831A.json
茛,B,gèn,,cây mao lương,resolved,艸,Bộ Thảo,record-radical,1,0,7,chars/831B.json
茜,B,qiàn,,Rubia cordifolia; cây mài đỏ,resolved,艸,Bộ Thảo,record-radical,1,0,7,chars/831C.json
茝,C,chǎi,,"cây thơm, có thể là bạch chỉ 白芷[bai2 zhi3] (cổ đại)",not-resolved,,,not-resolved,0,0,7,chars/831D.json
茞,C,chén,,cây thơm; đương quy,not-resolved,,,not-resolved,0,0,7,chars/831E.json
茠,C,xiū,,nhổ cỏ; loại bỏ,not-resolved,,,not-resolved,0,0,7,chars/8320.json
茢,C,liè,,cỏ lác; cỏ cói,not-resolved,,,not-resolved,0,0,7,chars/8322.json
茥,C,guī,,cây mâm xôi Rubus tokkura,not-resolved,,,not-resolved,0,0,7,chars/8325.json
茦,C,cè,Thuốc,lá cỏ nhọn; châm chích,not-resolved,,,not-resolved,0,0,7,chars/8326.json
茧,C,jiǎn,Kén,(dạng kết hợp) kén; (dạng kết hợp) vết chai (biến thể của 趼[jian3]),not-resolved,,,not-resolved,4,0,7,chars/8327.json
茨,A,cí,,cây gai dầu (Tribulus terrestris); lợp mái (nhà),resolved,艸,Bộ Thảo,record-radical,6,2,7,chars/8328.json
茫,A,máng,Mương,"rộng lớn, không có ranh giới rõ ràng; bóng gió",resolved,艸,Bộ Thảo,record-radical,6,7,6,chars/832B.json
茬,B,chá,,đất gốc rạ sau khi thu hoạch; một vụ mùa hai thu được nhờ luân canh,resolved,艸,Bộ Thảo,record-radical,6,0,7,chars/832C.json
茭,B,jiāo,,cây lúa hoang Zizania aquatica,resolved,艸,Bộ Thảo,record-radical,1,0,7,chars/832D.json
茯,B,fú,,dùng trong 茯苓[fu2 ling2],resolved,艸,Bộ Thảo,record-radical,1,0,7,chars/832F.json
茱,B,zhū,,quả nhót tây,resolved,艸,Bộ Thảo,record-radical,2,0,7,chars/8331.json
茳,B,jiāng,,dùng trong 茳芏[jiang1 du4],resolved,艸,Bộ Thảo,record-radical,1,0,7,chars/8333.json
茴,B,huí,,(dạng kết hợp) thì là,resolved,艸,Bộ Thảo,record-radical,2,0,7,chars/8334.json
茵,B,yīn,,nệm,resolved,艸,Bộ Thảo,record-radical,5,0,7,chars/8335.json
茶,A,chá,Trà,trà,resolved,艸,Bộ Thảo,record-radical,9,10,1,chars/8336.json
茷,C,fá,,sự rậm rạp của cỏ-lá,not-resolved,,,not-resolved,0,0,7,chars/8337.json
茸,B,róng,,(dạng kết hợp) (cỏ mới mọc) mềm và mịn; mượt như lông tơ,resolved,艸,Bộ Thảo,record-radical,5,0,7,chars/8338.json
茹,B,Rú,Nhà,họ [Ru2],resolved,艸,Bộ Thảo,record-radical,6,0,7,chars/8339.json
茻,C,mǎng,,cỏ mọc dày; cỏ dại um tùm,not-resolved,,,not-resolved,0,0,7,chars/833B.json
茼,B,tóng,Đòng,cải cúc,resolved,艸,Bộ Thảo,record-radical,1,0,7,chars/833C.json
荀,B,Xún,,họ [Xun2],resolved,艸,Bộ Thảo,record-radical,1,0,7,chars/8340.json
荁,C,huán,,(rau); Viola vaginata,not-resolved,,,not-resolved,0,0,7,chars/8341.json
荃,B,quán,,(cây thơm),resolved,艸,Bộ Thảo,record-radical,0,0,7,chars/8343.json
荄,C,gāi,Gai,rễ cây,not-resolved,,,not-resolved,0,0,7,chars/8344.json
荅,B,dá,,biến thể của 答[da1],resolved,艸,Bộ Thảo,record-radical,0,0,7,chars/8345.json
荆,C,jīng,,cây hoặc quả ngũ trảo (Vitex agnus-castus); tên gọi khác của nước Sở thời nhà Chu 楚國|楚国[Chu3 guo2],not-resolved,,,not-resolved,6,5,7,chars/8346.json
荇,B,xìng,Hành,cây bèo cái vàng (Nymphoides peltatum),resolved,艸,Bộ Thảo,record-radical,1,0,7,chars/8347.json
荈,C,chuǎn,,Thea sinensis,not-resolved,,,not-resolved,0,0,7,chars/8348.json
草,A,cǎo,Thảo,cỏ,resolved,艸,Bộ Thảo,record-radical,13,10,3,chars/8349.json
荏,B,rěn,,cây tía tô (Perilla frutescens); mềm,resolved,艸,Bộ Thảo,record-radical,2,0,7,chars/834F.json
荐,A,jiàn,,giới thiệu; dâng cúng (cổ),resolved,艸,Bộ Thảo,record-radical,6,8,5,chars/8350.json
荑,B,tí,Sún / Rì,(cỏ),resolved,艸,Bộ Thảo,record-radical,0,0,7,chars/8351.json
荒,C,huāng,Hoang,hoang vu,not-resolved,,,not-resolved,8,10,6,chars/8352.json
荔,A,lì,Lệ,biến thể của 荔[li4],resolved,艸,Bộ Thảo,record-radical,6,2,7,chars/8354.json
荘,C,zhuāng,,biến thể Nhật Bản của 莊|庄,not-resolved,,,not-resolved,0,0,7,chars/8358.json
荙,C,dá,,plantago major,not-resolved,,,not-resolved,0,0,7,chars/8359.json
荚,B,jiá,,quả đậu (thực vật),resolved,艸,Bộ Thảo,record-radical,3,0,7,chars/835A.json
荛,B,ráo,,củi; cỏ,resolved,艸,Bộ Thảo,record-radical,0,0,7,chars/835B.json
荜,B,bì,,đậu; họ đậu,resolved,艸,Bộ Thảo,record-radical,2,0,7,chars/835C.json
荝,C,cè,,"chi thực vật Aconitum, còn gọi là phụ tử hoặc ô đầu (dùng làm thuốc độc và thuốc chữa bệnh); cách đọc ở Đài Loan: [ze2]",not-resolved,,,not-resolved,0,0,7,chars/835D.json
荞,C,qiáo,Thẩu,cây kết lương (Malva sinensis); biến thể của 蕎|荞[qiao2],not-resolved,,,not-resolved,1,0,7,chars/835E.json
荟,B,huì,Cói,phát triển mạnh; tăng trưởng um tùm,resolved,艸,Bộ Thảo,record-radical,2,0,7,chars/835F.json
荠,B,jì,,xem 薺菜|荠菜[ji4 cai4],resolved,艸,Bộ Thảo,record-radical,2,0,7,chars/8360.json
荡,C,dàng,,biến thể của 蕩|荡[dang4],not-resolved,,,not-resolved,12,10,6,chars/8361.json
荣,A,Róng,Vinh,họ [Rong2],resolved,艸,Bộ Thảo,record-radical,8,10,5,chars/8363.json
荤,A,hūn,,"rau có mùi mạnh (tỏi, v.v.); đồ ăn mặn (thịt, cá, v.v.)",resolved,艸,Bộ Thảo,record-radical,5,2,6,chars/8364.json
荥,B,xíng,,tên địa danh,resolved,水,Bộ Thủy,record-radical,5,0,7,chars/8365.json
荦,B,luò,,bò đốm; rõ ràng,resolved,牛,Bộ Ngưu,record-radical,0,0,7,chars/8366.json
荧,A,yíng,,le lói; lấp lánh,resolved,火,Bộ Hỏa,record-radical,6,6,7,chars/8367.json
荨,B,xún,Tùm,dùng trong 蕁麻|荨麻[qian2 ma2]; cũng đọc là [xun2],resolved,艸,Bộ Thảo,record-radical,2,0,7,chars/8368.json
荩,B,jìn,,Arthraxon ciliare; trung thành,resolved,艸,Bộ Thảo,record-radical,0,0,7,chars/8369.json
荪,B,sūn,,cỏ thơm,resolved,艸,Bộ Thảo,record-radical,0,0,7,chars/836A.json
荫,C,yìn,Ấm,"biến thể của 蔭|荫[yin4], bóng râm",not-resolved,,,not-resolved,6,5,7,chars/836B.json
荬,B,mǎi,,xem 苣蕒菜|苣荬菜[ju4 mai3 cai4],resolved,艸,Bộ Thảo,record-radical,0,0,7,chars/836C.json
荭,B,hóng,,dùng trong 葒草|荭草[hong2 cao3],resolved,艸,Bộ Thảo,record-radical,0,0,7,chars/836D.json
荮,B,zhòu,,"(tiếng địa phương) gói bằng rơm; lượng từ cho một bó (bát, đĩa, v.v.) buộc bằng rơm",resolved,艸,Bộ Thảo,record-radical,0,0,,chars/836E.json
药,A,yào,Dược,thuốc,resolved,艸,Bộ Thảo,record-radical,14,10,2,chars/836F.json
荵,C,rěn,,cây thủy xương bồ,not-resolved,,,not-resolved,0,0,7,chars/8375.json
荷,A,Hé,,Hà Lan; viết tắt của 荷蘭|荷兰[He2 lan2],resolved,艸,Bộ Thảo,record-radical,6,2,7,chars/8377.json
荸,B,bí,Mụt,xem 荸薺|荸荠[bi2 qi2],resolved,艸,Bộ Thảo,record-radical,1,0,7,chars/8378.json
荻,B,dí,,Anaphalis yedoensis (cúc ngọc); dùng trong tên Nhật Bản với giá trị ngữ âm Ogi,resolved,艸,Bộ Thảo,record-radical,1,0,7,chars/837B.json
荼,B,tú,Dưa,cây kế; cải cúc dại (Sonchus oleraceus),resolved,艸,Bộ Thảo,record-radical,4,0,7,chars/837C.json
荽,B,suī,,ngò rí,resolved,艸,Bộ Thảo,record-radical,2,0,7,chars/837D.json
莅,C,Lì,Rang / Rị,sông ở Hà Bắc,not-resolved,,,not-resolved,2,0,7,chars/8385.json
莆,B,pú,Bo,tên địa danh,resolved,艸,Bộ Thảo,record-radical,2,0,7,chars/8386.json
莉,B,lì,,dùng trong 茉莉[mo4 li4]; dùng trong phiên âm tên nữ,resolved,艸,Bộ Thảo,record-radical,3,0,7,chars/8389.json
莎,A,shā,,"bọ ngựa (họ Tettigoniidae); phiên âm ""sha"" dùng trong phiên chuyển",resolved,艸,Bộ Thảo,record-radical,6,1,7,chars/838E.json
莒,B,Jǔ,,nước chư hầu thời Chu ở khu vực tỉnh Sơn Đông ngày nay,resolved,艸,Bộ Thảo,record-radical,3,0,7,chars/8392.json
莓,A,méi,Mội,quả mọng; dâu tây,resolved,艸,Bộ Thảo,record-radical,3,6,7,chars/8393.json
莔,C,méng,,Fritillaria verticillata,not-resolved,,,not-resolved,0,0,7,chars/8394.json
莕,C,xìng,,Nymphoides peltatum,not-resolved,,,not-resolved,0,0,7,chars/8395.json
莘,B,Shēn,,họ [Shen1],resolved,艸,Bộ Thảo,record-radical,3,0,7,chars/8398.json
莙,C,jūn,,loài thực vật dưới nước,not-resolved,,,not-resolved,0,0,7,chars/8399.json
莚,C,yán,,"chiếu tre; tiệc, buổi tiệc",not-resolved,,,not-resolved,0,0,7,chars/839A.json
莛,B,tíng,,thân cỏ,resolved,艸,Bộ Thảo,record-radical,0,0,7,chars/839B.json
莜,B,yóu,,xem 莜麥|莜麦[you2 mai4],resolved,艸,Bộ Thảo,record-radical,1,0,7,chars/839C.json
莝,C,cuò,,băm rơm nhuyễn cho động vật,not-resolved,,,not-resolved,0,0,7,chars/839D.json
莞,B,guān,,cây nguyệt quế Nhật Bản,resolved,艸,Bộ Thảo,record-radical,3,0,7,chars/839E.json
莠,B,yǒu,,Setaria viridis; ác độc,resolved,艸,Bộ Thảo,record-radical,2,0,7,chars/83A0.json
莦,C,shāo,,cỏ rừng; hang ổ,not-resolved,,,not-resolved,0,0,7,chars/83A6.json
莨,B,làng,,Scopalia japonica maxin,resolved,艸,Bộ Thảo,record-radical,1,0,7,chars/83A8.json
莩,B,fú,,lớp màng bên trong thân cây hình trụ,resolved,艸,Bộ Thảo,record-radical,1,0,7,chars/83A9.json
莪,B,é,Ngò,"ngải tím (Curcuma zedoaria), thân rễ thực vật giống nghệ",resolved,艸,Bộ Thảo,record-radical,0,0,7,chars/83AA.json
莫,A,Mò,Mạc,họ [Mo4],resolved,艸,Bộ Thảo,record-radical,8,10,6,chars/83AB.json
莭,C,jié,,biến thể của 節|节[jie2],not-resolved,,,not-resolved,0,0,7,chars/83AD.json
莰,B,kǎn,Vay / Khúm,camphane C10H18,resolved,艸,Bộ Thảo,record-radical,1,0,7,chars/83B0.json
莱,A,lái,Lai,"tên một loại cỏ dại (như cỏ chenopodium, cỏ dền, cỏ heo,...); Chenopodium album",resolved,艸,Bộ Thảo,record-radical,6,3,7,chars/83B1.json
莲,A,lián,Sen,hoa sen,resolved,艸,Bộ Thảo,record-radical,6,3,7,chars/83B2.json
莳,B,shí,,dùng trong 蒔蘿|莳萝[shi2 luo2],resolved,艸,Bộ Thảo,record-radical,1,0,7,chars/83B3.json
莴,B,wō,,"rau diếp, xem 萵苣|莴苣",resolved,艸,Bộ Thảo,record-radical,2,0,7,chars/83B4.json
莶,C,xiān,,,resolved,艸,Bộ Thảo,record-radical,0,0,,chars/83B6.json
获,A,huò,Hoạch,nhận được,resolved,犬,Bộ Khuyển,record-radical,9,10,4,chars/83B7.json
莸,B,yóu,,Caryopteris divaricata,resolved,艸,Bộ Thảo,record-radical,0,0,7,chars/83B8.json
莹,C,yíng,,độ bóng của đá quý,not-resolved,,,not-resolved,3,5,7,chars/83B9.json
莺,C,yīng,Oanh,"Chim vàng anh, chim oanh",not-resolved,,,not-resolved,4,2,7,chars/83BA.json
莼,B,chún,,cây thủy sinh ăn được; Brasenia schreberi,resolved,艸,Bộ Thảo,record-radical,1,0,7,chars/83BC.json
莽,C,mǎng,,(hình thức kết hợp) cỏ mọc dày; (văn học) mênh mông; bao la,not-resolved,,,not-resolved,6,3,7,chars/83BD.json
莿,C,cì,,Urtica thunbergiana,not-resolved,,,not-resolved,0,0,7,chars/83BF.json
菀,B,wǎn,,hình thức kết hợp dùng trong 紫菀[zi3 wan3],resolved,艸,Bộ Thảo,record-radical,0,0,7,chars/83C0.json
菁,B,jīng,,hoa tỏi tây; tươi tốt,resolved,艸,Bộ Thảo,record-radical,4,0,7,chars/83C1.json
菅,B,jiān,,(cỏ); cỏ lau Themeda forsbali,resolved,艸,Bộ Thảo,record-radical,2,0,7,chars/83C5.json
菆,C,zōu,,mũi tên; cỏ dại,not-resolved,,,not-resolved,0,0,7,chars/83C6.json
菇,A,gū,,nấm,resolved,艸,Bộ Thảo,record-radical,6,5,7,chars/83C7.json
菉,C,lù,,Arthraxon ciliare; xanh lá cây,not-resolved,,,not-resolved,0,0,7,chars/83C9.json
菊,A,jú,Cúc,(hình thức liên kết) hoa cúc,resolved,艸,Bộ Thảo,record-radical,6,3,7,chars/83CA.json
菌,A,jūn,,mầm; khuẩn,resolved,艸,Bộ Thảo,record-radical,6,10,6,chars/83CC.json
菎,C,kūn,,ngọc đẹp; tre,not-resolved,,,not-resolved,0,0,7,chars/83CE.json
菏,C,Hé,,sông Hề ở Sơn Đông,not-resolved,,,not-resolved,2,0,7,chars/83CF.json
菐,C,pú,,bụi rậm; nhàm chán,not-resolved,,,not-resolved,0,0,7,chars/83D0.json
菑,C,Zī,,họ [Zi1],not-resolved,,,not-resolved,0,0,7,chars/83D1.json
菔,B,fú,,củ cải,resolved,艸,Bộ Thảo,record-radical,0,0,7,chars/83D4.json
菖,B,chāng,,xem 菖蒲[chang1 pu2],resolved,艸,Bộ Thảo,record-radical,1,0,7,chars/83D6.json
菘,B,sōng,,(cải bắp); Brassica chinensis,resolved,艸,Bộ Thảo,record-radical,1,0,7,chars/83D8.json
菜,A,cài,,món ăn,resolved,艸,Bộ Thảo,record-radical,13,10,1,chars/83DC.json
菝,B,bá,,cây mây rừng,resolved,艸,Bộ Thảo,record-radical,0,0,7,chars/83DD.json
菟,B,tù,Tho,"dây tơ hồng (Cuscuta sinensis, một loại dây ký sinh có hạt dùng trong y học); còn gọi là 菟絲子|菟丝子",resolved,艸,Bộ Thảo,record-radical,1,0,7,chars/83DF.json
菠,A,bō,,"cải bó xôi, rau chân vịt",resolved,艸,Bộ Thảo,record-radical,4,2,7,chars/83E0.json
菡,B,hàn,,hoa sen,resolved,艸,Bộ Thảo,record-radical,0,0,7,chars/83E1.json
菢,C,bào,,ấp,not-resolved,,,not-resolved,0,0,7,chars/83E2.json
菣,C,qìn,,Artemisia apiacea,not-resolved,,,not-resolved,0,0,7,chars/83E3.json
菥,B,xī,,xem 菥蓂[xi1 mi4],resolved,艸,Bộ Thảo,record-radical,0,0,7,chars/83E5.json
菧,C,dǐ,,stibene,not-resolved,,,not-resolved,0,0,7,chars/83E7.json
菩,A,pú,Bồ,Bồ Tát,resolved,艸,Bộ Thảo,record-radical,6,5,7,chars/83E9.json
菪,B,dàng,,cây cà độc dược,resolved,艸,Bộ Thảo,record-radical,1,0,7,chars/83EA.json
菫,C,jǐn,Ngẩn,biến thể của 堇[jin3]; hoa violet,not-resolved,,,not-resolved,0,0,7,chars/83EB.json
菰,B,gū,,"cỏ lúa hoang Mãn Châu (Zizania latifolia), hiện hiếm trong tự nhiên, trước đây được thu hoạch lấy hạt, giờ chủ yếu được trồng để lấy thân ăn được gọi là 茭白筍|茭白笋[jiao1 bai2 sun3], p",resolved,艸,Bộ Thảo,record-radical,0,0,7,chars/83F0.json
菱,B,líng,Lăng,cây ấu (chi Trapa),resolved,艸,Bộ Thảo,record-radical,5,0,7,chars/83F1.json
菲,A,Fēi,,viết tắt của Philippines 菲律賓|菲律宾[Fei1 lu:4 bin1],resolved,艸,Bộ Thảo,record-radical,6,1,7,chars/83F2.json
菶,C,běng,Phụng,rậm rạp; cỏ dại mọc dày,not-resolved,,,not-resolved,0,0,7,chars/83F6.json
菷,C,zhǒu,,biến thể của 帚[zhou3],not-resolved,,,not-resolved,0,0,7,chars/83F7.json
菸,B,yān,,biến thể của 煙|烟[yan1]; thuốc lá,resolved,艸,Bộ Thảo,record-radical,0,0,7,chars/83F8.json
菹,B,zū,,đầm lầy; bùn lầy,resolved,艸,Bộ Thảo,record-radical,0,0,7,chars/83F9.json
菺,C,jiān,,Althaea rosea,not-resolved,,,not-resolved,0,0,7,chars/83FA.json
菻,C,lǐn,Lùm,tên gọi cổ cho đế quốc La Mã đông,not-resolved,,,not-resolved,0,0,7,chars/83FB.json
菼,C,tǎn,,cỏ bạc Amur (Miscanthus sacchariflorus); cỏ lau (Miscanthus sinensis),not-resolved,,,not-resolved,0,0,7,chars/83FC.json
菽,B,shū,,cây họ đậu (đậu hà lan và đậu),resolved,艸,Bộ Thảo,record-radical,2,0,7,chars/83FD.json
菾,C,tián,,củ cải đường,not-resolved,,,not-resolved,0,0,7,chars/83FE.json
萁,B,qí,,thân cây họ đậu,resolved,艸,Bộ Thảo,record-radical,1,0,7,chars/8401.json
萃,A,cuì,,thu thập; tập hợp,resolved,艸,Bộ Thảo,record-radical,4,2,7,chars/8403.json
萄,A,táo,,dùng trong 葡萄[pu2 tao5],resolved,艸,Bộ Thảo,record-radical,6,8,4,chars/8404.json
萅,C,chūn,,biến thể cũ của 春[chun1],not-resolved,,,not-resolved,0,0,7,chars/8405.json
萆,B,bì,,hạt thầu dầu,resolved,艸,Bộ Thảo,record-radical,0,0,7,chars/8406.json
萈,C,huán,,,not-resolved,,,not-resolved,0,0,7,chars/8408.json
萋,B,qī,,Celosia argentea; tươi tốt,resolved,艸,Bộ Thảo,record-radical,1,0,7,chars/840B.json
萌,A,méng,Manh,"(hình thức kết hợp) nảy mầm; đâm chồi; (khẩu ngữ) dễ thương; đáng yêu (mượn chữ từ tiếng Nhật 萌え ""moe"", sự yêu thích nhân vật anime hoặc manga)",resolved,艸,Bộ Thảo,record-radical,6,6,6,chars/840C.json
萍,A,píng,Bềnh,bèo nổi,resolved,艸,Bộ Thảo,record-radical,6,4,7,chars/840D.json
萎,A,wěi,,héo; rũ,resolved,艸,Bộ Thảo,record-radical,6,5,6,chars/840E.json
萏,B,dàn,,hoa sen,resolved,艸,Bộ Thảo,record-radical,0,0,7,chars/840F.json
萐,C,shà,,(loại thảo mộc cát tường),not-resolved,,,not-resolved,0,0,7,chars/8410.json
萑,B,huán,,một loại sậy,resolved,艸,Bộ Thảo,record-radical,0,0,7,chars/8411.json
萕,C,jì,,biến thể cũ của 薺|荠[ji4],not-resolved,,,not-resolved,0,0,7,chars/8415.json
萘,B,nài,,naphthalene C10H8,resolved,艸,Bộ Thảo,record-radical,0,0,7,chars/8418.json
萚,C,tuò,,lá rụng và vỏ cây,not-resolved,,,not-resolved,0,0,7,chars/841A.json
萜,B,tiē,,terpen (hóa học),resolved,艸,Bộ Thảo,record-radical,1,0,7,chars/841C.json
萝,A,luó,Lá,củ cải,resolved,艸,Bộ Thảo,record-radical,6,7,7,chars/841D.json
萠,C,méng,,,resolved,艸,Bộ Thảo,record-radical,0,0,,chars/8420.json
萣,C,dìng,,xem 茄萣[Qie2 ding4],not-resolved,,,not-resolved,0,0,7,chars/8423.json
萤,B,yíng,Huỳnh,con đom đóm; bọ phát sáng,resolved,虫,Bộ Trùng,record-radical,4,0,7,chars/8424.json
营,C,yíng,,trại; doanh trại,not-resolved,,,not-resolved,12,10,5,chars/8425.json
萦,B,yíng,Quanh,(văn học) quấn quanh,resolved,糸,Bộ Mịch,record-radical,2,0,7,chars/8426.json
萧,C,Xiāo,,họ [Xiao1],not-resolved,,,not-resolved,6,4,7,chars/8427.json
萨,A,Sà,,Bồ Tát; họ [Sa4],resolved,艸,Bộ Thảo,record-radical,7,8,7,chars/8428.json
萩,C,qiū,Thèm / Tho,Lespedeza bicolor,not-resolved,,,not-resolved,0,0,7,chars/8429.json
萰,C,liàn,,cây Ampelopsis japonica (dây leo với rễ dùng trong y học cổ truyền); giống như 白蘞|白蔹[bai2 lian3],not-resolved,,,not-resolved,0,0,7,chars/8430.json
萱,B,xuān,,cây hoa hiên màu cam (Hemerocallis flava),resolved,艸,Bộ Thảo,record-radical,1,0,7,chars/8431.json
萸,B,yú,,quả nhót tây,resolved,艸,Bộ Thảo,record-radical,2,0,7,chars/8438.json
萹,C,biān,,xem 萹蓄[bian1 xu4]; phiên âm Đài Loan [pian1],not-resolved,,,not-resolved,0,0,7,chars/8439.json
萻,C,ān,Âm,ngôi chùa Phật nhỏ,not-resolved,,,not-resolved,0,0,7,chars/843B.json
萼,B,è,,đài hoa,resolved,艸,Bộ Thảo,record-radical,2,0,7,chars/843C.json
落,A,luò,Lạc,rơi,resolved,艸,Bộ Thảo,record-radical,20,10,4,chars/843D.json
葄,B,zuò,,đệm rơm; gối,resolved,艸,Bộ Thảo,record-radical,0,0,7,chars/8444.json
葅,C,zū,,biến thể của 菹[zu1],not-resolved,,,not-resolved,0,0,7,chars/8445.json
葆,B,bǎo,,tán lá rậm rạp; che phủ,resolved,艸,Bộ Thảo,record-radical,0,0,7,chars/8446.json
葇,C,róu,Nhú,Elsholtria paltrini,not-resolved,,,not-resolved,0,0,7,chars/8447.json
葍,C,fú,,cỏ dại,not-resolved,,,not-resolved,0,0,7,chars/844D.json
葎,C,lǜ,,Humulus japonicus,not-resolved,,,not-resolved,0,0,7,chars/844E.json
葑,B,fēng,,củ cải,resolved,艸,Bộ Thảo,record-radical,0,0,7,chars/8451.json
葖,C,tú,Nhút,củ cải; củ cải trắng; phiên âm Đài Loan [tu2],not-resolved,,,not-resolved,0,0,7,chars/8456.json
著,A,zhù,Trứ,để biết; để cho thấy,resolved,艸,Bộ Thảo,record-radical,8,10,4,chars/8457.json
葙,B,xiāng,,"xem 青葙, cây mào gà (Celosia argentea)",resolved,艸,Bộ Thảo,record-radical,1,0,7,chars/8459.json
葚,B,shèn,,quả dâu tằm; cũng đọc là [ren4],resolved,艸,Bộ Thảo,record-radical,0,0,7,chars/845A.json
葛,A,Gě,,họ [Ge3],resolved,艸,Bộ Thảo,record-radical,6,2,7,chars/845B.json
葜,C,qiā,,,resolved,艸,Bộ Thảo,record-radical,0,0,,chars/845C.json
葡,A,Pú,,Bồ Đào Nha; người Bồ Đào Nha,resolved,艸,Bộ Thảo,record-radical,6,8,4,chars/8461.json
董,A,Dǒng,Đổng,họ [Dong3],resolved,艸,Bộ Thảo,record-radical,6,10,6,chars/8463.json
葥,C,qián,,Rubus palmatus,not-resolved,,,not-resolved,0,0,7,chars/8465.json
葧,C,bó,,Heleocharis plantaginea,not-resolved,,,not-resolved,0,0,7,chars/8467.json
葩,B,pā,Ba,tràng hoa,resolved,艸,Bộ Thảo,record-radical,2,0,7,chars/8469.json
葫,B,hú,Hồ,Allium scorodoprasum; bầu hồ lô,resolved,艸,Bộ Thảo,record-radical,6,0,7,chars/846B.json
葬,C,zàng,Táng,chôn cất,not-resolved,,,not-resolved,7,10,6,chars/846C.json
葭,B,jiā,,cây sậy; Phragmites communis,resolved,艸,Bộ Thảo,record-radical,0,0,7,chars/846D.json
葱,B,cōng,,hành lá,resolved,艸,Bộ Thảo,record-radical,6,0,7,chars/8471.json
葳,B,wēi,,um tùm,resolved,艸,Bộ Thảo,record-radical,1,0,7,chars/8473.json
葴,C,zhēn,,cây thù lù,not-resolved,,,not-resolved,0,0,7,chars/8474.json
葵,A,kuí,Quỳ,hoa hướng dương,resolved,艸,Bộ Thảo,record-radical,6,1,7,chars/8475.json
葶,B,tíng,,Draba nemerosa bebe carpa,resolved,艸,Bộ Thảo,record-radical,0,0,7,chars/8476.json
葸,B,xǐ,Tơi,cảm thấy bất an; không vui,resolved,心,Bộ Tâm,record-radical,0,0,7,chars/8478.json
葹,C,shī,,cây ké đầu ngựa,not-resolved,,,not-resolved,0,0,7,chars/8479.json
葺,B,qì,,sửa chữa,resolved,艸,Bộ Thảo,record-radical,1,0,7,chars/847A.json
葽,C,yāo,,"cây viễn chí; xanh tươi, um tùm (cỏ)",not-resolved,,,not-resolved,0,0,7,chars/847D.json
蒂,A,dì,Đế,cuống (của quả),resolved,艸,Bộ Thảo,record-radical,6,4,6,chars/8482.json
蒄,C,guān,,(thảo mộc được nhắc đến trong văn bản cổ),not-resolved,,,not-resolved,0,0,7,chars/8484.json
蒇,C,chǎn,,hoàn thành; chuẩn bị,not-resolved,,,not-resolved,0,0,7,chars/8487.json
蒈,C,kǎi,,,resolved,艸,Bộ Thảo,record-radical,0,0,,chars/8488.json
蒉,B,Kuì,,họ [Kui4],resolved,艸,Bộ Thảo,record-radical,0,0,7,chars/8489.json
蒋,B,Jiǎng,,họ [Jiang3]; Tưởng Giới Thạch 蔣介石|蒋介石[Jiang3 Jie4shi2],resolved,艸,Bộ Thảo,record-radical,6,0,7,chars/848B.json
蒌,B,lóu,,cây ngải cứu; trầu không,resolved,艸,Bộ Thảo,record-radical,0,0,7,chars/848C.json
蒎,B,pài,,pinane,resolved,艸,Bộ Thảo,record-radical,0,0,7,chars/848E.json
蒐,C,sōu,,"cây thiên thảo; săn bắn, đặc biệt vào mùa xuân",not-resolved,,,not-resolved,0,0,7,chars/8490.json
蒗,B,làng,,(thảo dược); tên địa danh,resolved,艸,Bộ Thảo,record-radical,3,0,7,chars/8497.json
蒙,A,méng,Mông,che phủ,resolved,艸,Bộ Thảo,record-radical,7,8,6,chars/8499.json
蒜,B,suàn,Tỏi,tỏi,resolved,艸,Bộ Thảo,record-radical,6,0,7,chars/849C.json
蒟,B,jǔ,,trầu,resolved,艸,Bộ Thảo,record-radical,0,0,7,chars/849F.json
蒡,B,bàng,,Arctium lappa; ngưu bàng,resolved,艸,Bộ Thảo,record-radical,1,0,7,chars/84A1.json
蒢,C,chú,,cam thảo đỏ,not-resolved,,,not-resolved,0,0,7,chars/84A2.json
蒦,B,huò,,(cổ) đo lường,resolved,艸,Bộ Thảo,record-radical,0,0,7,chars/84A6.json
蒨,C,qiàn,,sự phát triển tươi tốt,not-resolved,,,not-resolved,0,0,7,chars/84A8.json
蒪,C,pò,,gừng myoga (Zingiber mioga),not-resolved,,,not-resolved,0,0,7,chars/84AA.json
蒭,C,chú,,biến thể cũ của 芻|刍[chu2],not-resolved,,,not-resolved,0,0,7,chars/84AD.json
蒯,C,kuǎi,,cỏ năn; scirpus cyperinus,not-resolved,,,not-resolved,0,0,7,chars/84AF.json
蒱,C,pú,,xem 樗蒱[chu1 pu2],not-resolved,,,not-resolved,0,0,7,chars/84B1.json
蒲,B,Pú,Bồ,họ [Pu2]; tên địa danh cũ,resolved,艸,Bộ Thảo,record-radical,6,0,7,chars/84B2.json
蒴,B,shuò,,quả nang; vỏ quả,resolved,艸,Bộ Thảo,record-radical,1,0,7,chars/84B4.json
蒸,C,zhēng,Chưng,hấp,not-resolved,,,not-resolved,8,4,6,chars/84B8.json
蒹,B,jiān,,cây sậy,resolved,艸,Bộ Thảo,record-radical,0,0,7,chars/84B9.json
蒺,B,jí,,Tribulus terrestris,resolved,艸,Bộ Thảo,record-radical,0,0,7,chars/84BA.json
蒻,B,ruò,,"cây hương bồ non (Typha japonica), một loại cỏ nến",resolved,艸,Bộ Thảo,record-radical,0,0,7,chars/84BB.json
蒽,B,ēn,,anthracene,resolved,艸,Bộ Thảo,record-radical,0,0,7,chars/84BD.json
蒿,B,hāo,,cần tây ngải (Artemisia carvifolia); tỏa ra,resolved,艸,Bộ Thảo,record-radical,2,0,7,chars/84BF.json
蓁,B,zhēn,,"cây cối tươi tốt, xum xuê",resolved,艸,Bộ Thảo,record-radical,0,0,7,chars/84C1.json
蓂,B,míng,,nơi may mắn,resolved,艸,Bộ Thảo,record-radical,0,0,7,chars/84C2.json
蓄,A,xù,,"tích trữ, tích lũy; nuôi (tóc, râu)",resolved,艸,Bộ Thảo,record-radical,6,10,6,chars/84C4.json
蓇,C,gǔ,,dùng trong 蓇葖[gu1tu1],not-resolved,,,not-resolved,0,0,7,chars/84C7.json
蓉,B,Róng,Rong,tên gọi tắt của Thành Đô 成都[Cheng2 du1],resolved,艸,Bộ Thảo,record-radical,6,0,7,chars/84C9.json
蓊,B,wěng,,cây cối um tùm,resolved,艸,Bộ Thảo,record-radical,0,0,7,chars/84CA.json
蓌,C,cuò,,ngồi xổm (để chào),not-resolved,,,not-resolved,0,0,7,chars/84CC.json
蓍,B,shī,,cây cỏ thi (Achillea millefolium),resolved,艸,Bộ Thảo,record-radical,0,0,7,chars/84CD.json
蓏,C,luǒ,,quả của cây cối (không phải của cây gỗ),not-resolved,,,not-resolved,0,0,7,chars/84CF.json
蓐,B,rù,Dối / Nóc,chiếu; cói,resolved,艸,Bộ Thảo,record-radical,0,0,7,chars/84D0.json
蓑,B,suō,,biến thể của 蓑[suo1],resolved,艸,Bộ Thảo,record-radical,2,0,7,chars/84D1.json
蓒,C,xuān,,một loại cây nước có mùi hôi,not-resolved,,,not-resolved,0,0,7,chars/84D2.json
蓓,B,bèi,Bụi,(nụ) hoa,resolved,艸,Bộ Thảo,record-radical,1,0,7,chars/84D3.json
蓔,B,yǎo,,một loại cỏ,resolved,艸,Bộ Thảo,record-radical,0,0,7,chars/84D4.json
蓖,B,bì,,cây thầu dầu,resolved,艸,Bộ Thảo,record-radical,1,0,7,chars/84D6.json
蓝,A,lán,Lam,xanh da trời,resolved,艸,Bộ Thảo,record-radical,8,10,3,chars/84DD.json
蓟,B,Jì,,họ [Ji4]; thành bang cổ của Trung Quốc gần Bắc Kinh ngày nay,resolved,艸,Bộ Thảo,record-radical,1,0,7,chars/84DF.json
蓠,B,lí,Loe,"tảo đỏ; Gracilaria, một số loài, một số ăn được",resolved,艸,Bộ Thảo,record-radical,0,0,7,chars/84E0.json
蓣,B,yù,Nhựa,xem 薯蕷|薯蓣[shu3 yu4],resolved,艸,Bộ Thảo,record-radical,1,0,7,chars/84E3.json
蓥,C,yíng,,đánh bóng,not-resolved,,,not-resolved,2,0,7,chars/84E5.json
蓦,A,mò,,nhảy lên hoặc qua; đột nhiên,resolved,馬,Bộ Mã,record-radical,2,2,7,chars/84E6.json
蓧,C,diào,,giỏ tre,not-resolved,,,not-resolved,0,0,7,chars/84E7.json
蓪,C,tōng,,cây đinh lăng giấy,not-resolved,,,not-resolved,0,0,7,chars/84EA.json
蓫,C,zhú,,(cỏ dại); cây thương lục,not-resolved,,,not-resolved,0,0,7,chars/84EB.json
蓬,A,Péng,Bồng,họ [Peng2],resolved,艸,Bộ Thảo,record-radical,6,7,6,chars/84EC.json
蓰,B,xǐ,,(cỏ); tăng gấp năm lần,resolved,艸,Bộ Thảo,record-radical,0,0,7,chars/84F0.json
蓱,C,píng,,biến thể của 萍[ping2],not-resolved,,,not-resolved,0,0,7,chars/84F1.json
蓷,C,tuī,,Leonurus macranthus,not-resolved,,,not-resolved,0,0,7,chars/84F7.json
蓸,C,cáo,,(một loại thảo mộc),not-resolved,,,not-resolved,0,0,7,chars/84F8.json
蓺,C,yì,,kỹ năng; nghệ thuật,not-resolved,,,not-resolved,0,0,7,chars/84FA.json
蓼,B,liǎo,,cây rau răm; cỏ thủy phách,resolved,艸,Bộ Thảo,record-radical,1,0,7,chars/84FC.json
蓿,B,xù,,cỏ ba lá; cây linh lăng,resolved,艸,Bộ Thảo,record-radical,1,0,7,chars/84FF.json
蔀,C,bù,,(văn học) che phủ; bảo vệ; (văn học) 76 năm (đơn vị thời gian trong lịch cổ đại),not-resolved,,,not-resolved,0,0,7,chars/8500.json
蔂,C,léi,,giỏ để mang đất,not-resolved,,,not-resolved,0,0,7,chars/8502.json
蔃,C,qiáng,,thuốc lá (tiếng lóng) (Quảng Đông),not-resolved,,,not-resolved,0,0,7,chars/8503.json
蔇,C,jì,,sự phát triển tươi tốt; cực kỳ,not-resolved,,,not-resolved,0,0,7,chars/8507.json
蔉,C,gǔn,,vun gốc cây,not-resolved,,,not-resolved,0,0,7,chars/8509.json
蔊,C,hǎn,,cây cải núi,not-resolved,,,not-resolved,0,0,7,chars/850A.json
蔋,C,dí,,khô; cháy sém,not-resolved,,,not-resolved,0,0,7,chars/850B.json
蔌,C,Sù,,họ [Su4],not-resolved,,,not-resolved,0,0,7,chars/850C.json
蔎,C,shè,,Thea sinensis,not-resolved,,,not-resolved,0,0,7,chars/850E.json
蔑,C,miè,Miệt,coi thường; không có gì,not-resolved,,,not-resolved,5,10,6,chars/8511.json
蔓,C,mán,Mơn,dùng trong 蔓菁[man2 jing5],not-resolved,,,not-resolved,6,5,6,chars/8513.json
蔗,B,zhè,Giá,cây mía,resolved,艸,Bộ Thảo,record-radical,4,0,7,chars/8517.json
蔘,C,shēn,Sam,nhân sâm,not-resolved,,,not-resolved,0,0,7,chars/8518.json
蔙,C,xuàn,,(thảo mộc),not-resolved,,,not-resolved,0,0,7,chars/8519.json
蔚,A,Yù,,họ [Yu4]; tên địa danh,resolved,艸,Bộ Thảo,record-radical,6,3,6,chars/851A.json
蔟,B,cù,,tập hợp; giá cho tằm,resolved,艸,Bộ Thảo,record-radical,0,0,7,chars/851F.json
蔡,C,Cài,,họ [Cai4],not-resolved,,,not-resolved,6,1,7,chars/8521.json
蔫,B,niān,,héo; tàn úa,resolved,艸,Bộ Thảo,record-radical,1,0,7,chars/852B.json
蔬,A,shū,,rau,resolved,艸,Bộ Thảo,record-radical,4,10,5,chars/852C.json
蔯,C,chén,,một loại ngải cứu,not-resolved,,,not-resolved,0,0,7,chars/852F.json
蔳,C,qiàn,,biến thể cũ của 蒨[qian4],not-resolved,,,not-resolved,0,0,7,chars/8533.json
蔵,C,cáng,,biến thể tiếng Nhật của 藏,not-resolved,,,not-resolved,0,0,7,chars/8535.json
蔷,B,qiáng,,dùng trong 薔薇|蔷薇[qiang2 wei1],resolved,艸,Bộ Thảo,record-radical,1,0,7,chars/8537.json
蔸,B,dōu,,rễ và thân dưới của một số loại cây; lượng từ cho mảnh và cụm,resolved,艸,Bộ Thảo,record-radical,0,0,7,chars/8538.json
蔹,B,liǎn,,cây leo; dây leo,resolved,艸,Bộ Thảo,record-radical,0,0,7,chars/8539.json
蔺,B,Lìn,,họ [Lin4],resolved,艸,Bộ Thảo,record-radical,3,0,7,chars/853A.json
蔻,B,kòu,,dùng trong 豆蔻[dou4 kou4],resolved,艸,Bộ Thảo,record-radical,4,0,7,chars/853B.json
蔼,A,ǎi,,thân thiện,resolved,艸,Bộ Thảo,record-radical,3,7,6,chars/853C.json
蔽,A,bì,,che; phủ,resolved,艸,Bộ Thảo,record-radical,6,5,6,chars/853D.json
蔾,C,lí,,rau giền,not-resolved,,,not-resolved,0,0,7,chars/853E.json
蕃,B,bō,,xem 吐蕃[Tu3 bo1],resolved,艸,Bộ Thảo,record-radical,2,0,7,chars/8543.json
蕈,B,xùn,,mốc; nấm,resolved,艸,Bộ Thảo,record-radical,2,0,7,chars/8548.json
蕉,A,jiāo,Tiêu,chuối,resolved,艸,Bộ Thảo,record-radical,6,7,3,chars/8549.json
蕊,B,ruǐ,Nhị,biến thể của 蕊[rui3],resolved,艸,Bộ Thảo,record-radical,5,0,7,chars/854A.json
蕍,C,yú,,cây trạch tả (Alisma plantago-aquatica),not-resolved,,,not-resolved,0,0,7,chars/854D.json
蕐,C,huá,,biến thể cũ của 華|华[hua2],not-resolved,,,not-resolved,0,0,7,chars/8550.json
蕑,B,Jiān,,họ [Jian1],resolved,艸,Bộ Thảo,record-radical,0,0,7,chars/8551.json
蕔,C,bāo,,một loại cỏ (cũ),not-resolved,,,not-resolved,0,0,7,chars/8554.json
蕖,B,qú,,hoa sen,resolved,艸,Bộ Thảo,record-radical,0,0,7,chars/8556.json
蕗,C,lù,,leucacene,not-resolved,,,not-resolved,0,0,7,chars/8557.json
蕙,B,huì,Huệ,Coumarouna odorata,resolved,艸,Bộ Thảo,record-radical,0,0,7,chars/8559.json
蕝,C,jué,,cỏ thô dùng để biểu thị cấp bậc,not-resolved,,,not-resolved,0,0,7,chars/855D.json
蕞,B,zuì,Tỏi,tập hợp; nhỏ,resolved,艸,Bộ Thảo,record-radical,0,0,7,chars/855E.json
蕠,B,rú,,biến thể của 茹[ru2]; xem 蕠藘[ru2 lu:2],resolved,艸,Bộ Thảo,record-radical,0,0,7,chars/8560.json
蕡,C,fén,,hạt gai; sang trọng,not-resolved,,,not-resolved,0,0,7,chars/8561.json
蕣,C,shùn,,Hibiscus syriacus,not-resolved,,,not-resolved,0,0,7,chars/8563.json
蕤,B,ruí,,tua rua; đầy hoa,resolved,艸,Bộ Thảo,record-radical,1,0,7,chars/8564.json
蕨,B,jué,,Pteridium aquilinum; dương xỉ,resolved,艸,Bộ Thảo,record-radical,1,0,7,chars/8568.json
蕮,C,xì,,cây mã đề (Plantago asiatica); cây mã đề nước (Alisma plantago-aquatica),not-resolved,,,not-resolved,0,0,7,chars/856E.json
蕰,C,yùn,,cây đuôi ngựa,not-resolved,,,not-resolved,0,0,7,chars/8570.json
蕲,B,qí,,(thảo dược); cầu xin,resolved,艸,Bộ Thảo,record-radical,2,0,7,chars/8572.json
蕳,C,jiān,,hoa lan (giống như 蘭草|兰草); cây Eupatorium (giống như 蕑),not-resolved,,,not-resolved,0,0,7,chars/8573.json
蕴,A,yùn,,tích lũy; chứa đựng,resolved,艸,Bộ Thảo,record-radical,6,10,6,chars/8574.json
蕶,C,líng,,"héo úa (cây, thảo mộc, v.v.)",not-resolved,,,not-resolved,0,0,7,chars/8576.json
蕸,C,xiá,,lá súng,not-resolved,,,not-resolved,0,0,7,chars/8578.json
蕹,B,wèng,,"rau muống hoặc rau ong choy (Ipomoea aquatica), dùng làm rau ở phía nam Trung Quốc và Đông Nam Á; phiên âm Đài Loan: [yong1]",resolved,艸,Bộ Thảo,record-radical,1,0,7,chars/8579.json
蕺,B,jí,,Houttuynia cordata,resolved,艸,Bộ Thảo,record-radical,0,0,7,chars/857A.json
蕻,B,hòng,,dùng trong 雪裡蕻|雪里蕻[xue3 li3 hong2]; Phiên âm Đài Loan [hong4],resolved,艸,Bộ Thảo,record-radical,1,0,7,chars/857B.json
蕾,A,lěi,,nụ,resolved,艸,Bộ Thảo,record-radical,6,4,6,chars/857E.json
薁,C,yù,,Prunus japonica,not-resolved,,,not-resolved,0,0,7,chars/8581.json
薃,C,hào,,Cyperus amuricus,not-resolved,,,not-resolved,0,0,7,chars/8583.json
薄,A,báo,,mỏng,resolved,艸,Bộ Thảo,record-radical,7,10,5,chars/8584.json
薅,B,hāo,,nhổ cỏ; nắm hoặc túm chặt,resolved,艸,Bộ Thảo,record-radical,0,0,7,chars/8585.json
薆,C,ài,Ái,che phủ; ẩn giấu,not-resolved,,,not-resolved,0,0,7,chars/8586.json
薇,B,wēi,,"Osmunda regalis, một loài dương xỉ; tiếng Đài Loan đọc là [wei2]",resolved,艸,Bộ Thảo,record-radical,3,0,7,chars/8587.json
薉,C,wèi,,nhiều cỏ dại,not-resolved,,,not-resolved,0,0,7,chars/8589.json
薏,B,yì,É,xem 薏苡[yi4 yi3],resolved,艸,Bộ Thảo,record-radical,2,0,7,chars/858F.json
薐,C,léng,,tên cũ của rau chân vịt,not-resolved,,,not-resolved,0,0,7,chars/8590.json
薖,C,kē,,to lớn; trông đói khát,not-resolved,,,not-resolved,0,0,7,chars/8596.json
薛,C,Xuē,,họ [Xue1]; chư hầu thời Chu (1046-256 TC),not-resolved,,,not-resolved,6,0,7,chars/859B.json
薜,B,bì,,Cây vả bò,resolved,艸,Bộ Thảo,record-radical,0,0,7,chars/859C.json
薠,C,fán,,loài thực vật giống cỏ tranh 莎草[suo1 cao3] (cổ điển),not-resolved,,,not-resolved,0,0,7,chars/85A0.json
薢,C,xiào,,cây leo thân gỗ,not-resolved,,,not-resolved,0,0,7,chars/85A2.json
薤,B,xiè,,Allium bakeri; hành tăm,resolved,艸,Bộ Thảo,record-radical,0,0,7,chars/85A4.json
薧,C,kǎo,,thực phẩm khô,not-resolved,,,not-resolved,0,0,7,chars/85A7.json
薨,C,hōng,,cái chết của hoàng tử; bày đàn,not-resolved,,,not-resolved,0,0,7,chars/85A8.json
薪,A,xīn,,củi; nhiên liệu; lương,resolved,艸,Bộ Thảo,record-radical,6,10,6,chars/85AA.json
薫,C,xūn,,biến thể tiếng Nhật của 薰,not-resolved,,,not-resolved,0,0,7,chars/85AB.json
薬,C,yào,,biến thể tiếng Nhật của 藥|药,not-resolved,,,not-resolved,0,0,7,chars/85AC.json
薮,B,sǒu,Sú,đầm lầy; nơi tụ họp,resolved,艸,Bộ Thảo,record-radical,1,0,7,chars/85AE.json
薯,A,shǔ,,khoai tây; khoai,resolved,艸,Bộ Thảo,record-radical,7,8,7,chars/85AF.json
薰,B,xūn,,cỏ thơm; Coumarouna odorata,resolved,艸,Bộ Thảo,record-radical,2,0,7,chars/85B0.json
薳,B,Wěi,,họ [Wei3],resolved,艸,Bộ Thảo,record-radical,0,0,7,chars/85B3.json
薶,C,mái,,biến thể cũ của 埋[mai2],not-resolved,,,not-resolved,0,0,7,chars/85B6.json
薷,B,rú,Nho,Elshotria paltrini,resolved,艸,Bộ Thảo,record-radical,0,0,7,chars/85B7.json
薸,C,piāo,,bèo,not-resolved,,,not-resolved,0,0,7,chars/85B8.json
薹,B,tái,,Carex dispalatha,resolved,艸,Bộ Thảo,record-radical,1,0,7,chars/85B9.json
薻,C,zǎo,,biến thể cũ của 藻[zao3],not-resolved,,,not-resolved,0,0,7,chars/85BB.json
薽,C,zhēn,,(cỏ); (hoa lan),not-resolved,,,not-resolved,0,0,7,chars/85BD.json
薾,C,ěr,,hoa mọc sum suê,not-resolved,,,not-resolved,0,0,7,chars/85BE.json
薿,C,nǐ,,um tùm (cây cối),not-resolved,,,not-resolved,0,0,7,chars/85BF.json
藁,B,gǎo,,biến thể của 槁[gao3],resolved,艸,Bộ Thảo,record-radical,2,0,7,chars/85C1.json
藄,C,qí,,(dương xỉ),not-resolved,,,not-resolved,0,0,7,chars/85C4.json
藇,B,Xù,,họ [Xu4],resolved,艸,Bộ Thảo,record-radical,0,0,7,chars/85C7.json
藉,C,jiè,Chạ,"Mượn, dựa vào; đệm, lót",not-resolved,,,not-resolved,6,2,7,chars/85C9.json
藊,C,biǎn,,xem 藊豆[bian3 dou4],not-resolved,,,not-resolved,0,0,7,chars/85CA.json
藋,C,diào,,cây cơm cháy Nhật Bản (Sambucus javanica),not-resolved,,,not-resolved,0,0,7,chars/85CB.json
藏,A,cáng,,cất trữ,resolved,艸,Bộ Thảo,record-radical,14,10,5,chars/85CF.json
藐,C,miǎo,,coi thường; nhỏ,not-resolved,,,not-resolved,1,0,6,chars/85D0.json
藒,B,qiè,,xem 藒車|藒车[qie4 che1],resolved,艸,Bộ Thảo,record-radical,0,0,7,chars/85D2.json
藓,B,xiǎn,,rêu; địa y,resolved,艸,Bộ Thảo,record-radical,1,0,7,chars/85D3.json
藕,B,ǒu,Ngó,rễ sen,resolved,艸,Bộ Thảo,record-radical,2,0,7,chars/85D5.json
藘,B,lǘ,,cây thiên thảo,resolved,艸,Bộ Thảo,record-radical,0,0,7,chars/85D8.json
藙,C,yì,,Zanthoxylum ailanthoides,not-resolved,,,not-resolved,0,0,7,chars/85D9.json
藚,C,xù,,Alisma plantago,not-resolved,,,not-resolved,0,0,7,chars/85DA.json
藜,B,lí,,"tên của cây cỏ dại (rau dền trắng, rau chân vịt trắng, cỏ xước, v.v.); Chenopodium album",resolved,艸,Bộ Thảo,record-radical,0,0,7,chars/85DC.json
藟,C,lěi,,nụ; cây leo,not-resolved,,,not-resolved,0,0,7,chars/85DF.json
藠,C,jiào,,xem 藠頭|藠头[jiao4 tou5],not-resolved,,,not-resolved,0,0,7,chars/85E0.json
藤,A,téng,Đằng,"cây leo, dây leo",resolved,艸,Bộ Thảo,record-radical,7,7,7,chars/85E4.json
藦,C,mó,,Metaplexis stauntoni,not-resolved,,,not-resolved,0,0,7,chars/85E6.json
藨,B,biāo,,một loại mâm xôi,resolved,艸,Bộ Thảo,record-radical,0,0,7,chars/85E8.json
藩,B,fān,,hàng rào; hàng giậu; (văn học) bình phong; rào cản,resolved,艸,Bộ Thảo,record-radical,6,0,7,chars/85E9.json
藳,C,gǎo,,biến thể cũ của 稿[gao3],not-resolved,,,not-resolved,0,0,7,chars/85F3.json
藴,C,yùn,,"biến thể của 蘊|蕴, tích luỹ; chứa đựng",not-resolved,,,not-resolved,0,0,7,chars/85F4.json
藻,A,zǎo,,cỏ thủy sinh; tao nhã,resolved,艸,Bộ Thảo,record-radical,6,5,7,chars/85FB.json
藾,C,lài,,(cây họ hoa môi có hương),not-resolved,,,not-resolved,0,0,7,chars/85FE.json
藿,B,huò,,Lophanthus rugosus; đậu,resolved,艸,Bộ Thảo,record-radical,2,0,7,chars/85FF.json
蘁,C,wù,,không vâng lời; trái ngược,not-resolved,,,not-resolved,0,0,7,chars/8601.json
蘅,B,héng,,Cây gừng dại Asarum blumei,resolved,艸,Bộ Thảo,record-radical,0,0,7,chars/8605.json
蘑,A,mó,,nấm,resolved,艸,Bộ Thảo,record-radical,5,5,7,chars/8611.json
蘖,B,niè,,chồi mới mọc từ cành hoặc gốc cây bị cắt,resolved,木,Bộ Mộc,record-radical,2,0,7,chars/8616.json
蘗,C,niè,,chồi từ gốc cây già,not-resolved,,,not-resolved,0,0,7,chars/8617.json
蘘,B,ráng,,một loại gừng dại,resolved,艸,Bộ Thảo,record-radical,0,0,7,chars/8618.json
蘝,C,liǎn,Lém,"biến thể của 蘞|蔹, cây leo; dây leo",not-resolved,,,not-resolved,0,0,7,chars/861D.json
蘧,B,Qú,,họ [Qu2],resolved,艸,Bộ Thảo,record-radical,0,0,7,chars/8627.json
蘩,B,fán,,cây ngải Artemisia stellariana,resolved,艸,Bộ Thảo,record-radical,0,0,7,chars/8629.json
蘵,B,zhí,,Physalis angulata,resolved,艸,Bộ Thảo,record-radical,0,0,7,chars/8635.json
蘸,C,zhàn,,nhúng,not-resolved,,,not-resolved,0,0,7,chars/8638.json
蘻,C,jì,,một loại thảo mộc (cổ),not-resolved,,,not-resolved,0,0,7,chars/863B.json
蘼,B,mí,,kê,resolved,艸,Bộ Thảo,record-radical,0,0,7,chars/863C.json
虀,C,jī,,mảnh vụn; rau củ muối,not-resolved,,,not-resolved,0,0,7,chars/8640.json
虍,B,xū,,"Vằn con hổ, vằn con vện",resolved,虍,Bộ Hô,self-radical,0,0,7,chars/864D.json
虎,A,hǔ,Hổ,con hổ; LT:隻|只[zhi1],resolved,虍,Bộ Hô,record-radical,8,10,4,chars/864E.json
虏,A,lǔ,,tù binh; bắt giữ,resolved,力,Bộ Lực,record-radical,2,3,6,chars/864F.json
虐,C,nüè,Ngược,hà khắc; bạo ngược,not-resolved,,,not-resolved,6,4,6,chars/8650.json
虑,A,lǜ,Lự,suy nghĩ cân nhắc; xem xét,resolved,心,Bộ Tâm,record-radical,6,10,4,chars/8651.json
虒,C,sī,,động vật lưỡng cư có một sừng,not-resolved,,,not-resolved,0,0,7,chars/8652.json
虓,C,xiāo,,tiếng hổ gầm,not-resolved,,,not-resolved,0,0,7,chars/8653.json
虔,C,qián,Kiền,hành động một cách tôn kính; tôn kính,not-resolved,,,not-resolved,4,5,7,chars/8654.json
虖,C,hū,,thở ra; gọi,not-resolved,,,not-resolved,0,0,7,chars/8656.json
虗,C,xū,,biến thể cũ của 虛|虚[xu1],not-resolved,,,not-resolved,0,0,7,chars/8657.json
虘,C,cuó,,,resolved,虍,Bộ Hô,record-radical,0,0,,chars/8658.json
虚,C,xū,Hư,yếu đuối,not-resolved,,,not-resolved,12,10,5,chars/865A.json
虞,B,Yú,,họ [Yu2],resolved,虍,Bộ Hô,record-radical,6,0,7,chars/865E.json
虡,C,jù,,giá treo chuông,not-resolved,,,not-resolved,0,0,7,chars/8661.json
虢,C,Guó,,"họ [Guo2]; Quắc, một nhóm thân tộc có thành viên nắm giữ tước công trong lãnh thổ triều đại Chu, bao gồm Quắc Tây 西虢國|西虢国[Xi1 Guo2guo2] và Quắc Đông 東虢國|东虢国[Dong1 Guo2guo2]",not-resolved,,,not-resolved,1,0,7,chars/8662.json
虣,C,bào,,tàn bạo; bạo lực,not-resolved,,,not-resolved,0,0,7,chars/8663.json
虥,C,zhàn,,mèo rừng có sọc,not-resolved,,,not-resolved,0,0,7,chars/8665.json
虩,C,xì,,kinh hãi,not-resolved,,,not-resolved,0,0,7,chars/8669.json
虫,A,chóng,Trùng,biến thể của 蟲|虫[chong2],resolved,虫,Bộ Trùng,self-radical,6,10,5,chars/866B.json
虬,C,qiú,Gù,rồng con có sừng,not-resolved,,,not-resolved,0,0,7,chars/866C.json
虮,B,jǐ,,ấu trùng chấy,resolved,虫,Bộ Trùng,record-radical,0,0,7,chars/866E.json
虰,C,dīng,,xem 虰蛵[ding1 xing2],not-resolved,,,not-resolved,0,0,7,chars/8670.json
虱,B,shī,,con chấy,resolved,虫,Bộ Trùng,record-radical,5,0,7,chars/8671.json
虷,C,gān,,sâu bọ,not-resolved,,,not-resolved,0,0,7,chars/8677.json
虹,A,hóng,,cầu vồng,resolved,虫,Bộ Trùng,record-radical,6,9,5,chars/8679.json
虺,B,huī,,ốm yếu; không có tham vọng,resolved,虫,Bộ Trùng,record-radical,0,0,7,chars/867A.json
虻,B,méng,,ruồi trâu; người hay chỉ trích,resolved,虫,Bộ Trùng,record-radical,1,0,7,chars/867B.json
虼,B,gè,,bọ chét,resolved,虫,Bộ Trùng,record-radical,0,0,7,chars/867C.json
虽,A,suī,Tuy,mặc dù,resolved,口,Bộ Khẩu,record-radical,6,10,2,chars/867D.json
虾,A,xiā,,tôm,resolved,虫,Bộ Trùng,record-radical,6,1,7,chars/867E.json
虿,B,chài,,(bọ cạp); một loại côn trùng,resolved,虫,Bộ Trùng,record-radical,0,0,7,chars/867F.json
蚀,C,shí,,gặm nhấm; phá hủy,not-resolved,,,not-resolved,6,6,6,chars/8680.json
蚁,B,yǐ,,kiến,resolved,虫,Bộ Trùng,record-radical,6,0,6,chars/8681.json
蚂,B,mā,,chuồn chuồn,resolved,虫,Bộ Trùng,record-radical,6,0,6,chars/8682.json
蚃,C,xiàng,,ấu trùng,not-resolved,,,not-resolved,0,0,7,chars/8683.json
蚆,C,bā,,một loại vỏ sò,not-resolved,,,not-resolved,0,0,7,chars/8686.json
蚈,C,qiān,,(cổ) con đom đóm,not-resolved,,,not-resolved,0,0,7,chars/8688.json
蚉,C,wén,,biến thể cũ của 蚊[wen2],not-resolved,,,not-resolved,0,0,7,chars/8689.json
蚊,A,wén,,con muỗi,resolved,虫,Bộ Trùng,record-radical,6,8,7,chars/868A.json
蚋,B,ruì,,(muỗi); Simulia lugubris,resolved,虫,Bộ Trùng,record-radical,0,0,7,chars/868B.json
蚌,B,Bèng,,"viết tắt cho địa cấp thị Bạng Phụ 蚌埠市[Beng4bu4 Shi4], An Huy",resolved,虫,Bộ Trùng,record-radical,6,0,7,chars/868C.json
蚍,B,pí,,xem 蚍蜉[pi2 fu2],resolved,虫,Bộ Trùng,record-radical,3,0,7,chars/868D.json
蚓,B,yǐn,Rận,dùng trong 蚯蚓[qiu1 yin3],resolved,虫,Bộ Trùng,record-radical,1,0,7,chars/8693.json
蚔,C,qí,,ếch xanh,not-resolved,,,not-resolved,0,0,7,chars/8694.json
蚕,B,cán,Tằm,con tằm,resolved,虫,Bộ Trùng,record-radical,6,0,7,chars/8695.json
蚖,B,yuán,,"Protura (một loại sâu bọ nguyên thủy sống trong đất); biến thể của 螈, kỳ giông",resolved,虫,Bộ Trùng,record-radical,0,0,7,chars/8696.json
蚜,B,yá,Nhá,rệp vừng,resolved,虫,Bộ Trùng,record-radical,1,0,7,chars/869C.json
蚝,C,háo,,con hàu,not-resolved,,,not-resolved,2,0,7,chars/869D.json
蚡,C,fén,,(chuột chũi),not-resolved,,,not-resolved,0,0,7,chars/86A1.json
蚣,B,gōng,,con rết scolopendra,resolved,虫,Bộ Trùng,record-radical,1,0,7,chars/86A3.json
蚤,B,zǎo,Tao,bọ chét,resolved,虫,Bộ Trùng,record-radical,2,0,7,chars/86A4.json
蚦,C,rán,,biến thể của 蚺[ran2],not-resolved,,,not-resolved,0,0,7,chars/86A6.json
蚧,B,jiè,Nhái,xem 蛤蚧[ge2 jie4],resolved,虫,Bộ Trùng,record-radical,1,0,7,chars/86A7.json
蚨,B,fú,Phù,(bọ nước); tiền,resolved,虫,Bộ Trùng,record-radical,0,0,7,chars/86A8.json
蚩,B,Chī,Si,họ [Chi1],resolved,虫,Bộ Trùng,record-radical,1,0,7,chars/86A9.json
蚪,B,dǒu,,nòng nọc,resolved,虫,Bộ Trùng,record-radical,1,0,7,chars/86AA.json
蚬,B,xiǎn,Kiến,nghêu (thuộc họ Corbiculidae); (đặc biệt) Corbicula leana 真蜆|真蚬[zhen1 xian3],resolved,虫,Bộ Trùng,record-radical,0,0,7,chars/86AC.json
蚯,B,qiū,,dùng trong 蚯蚓[qiu1 yin3],resolved,虫,Bộ Trùng,record-radical,1,0,7,chars/86AF.json
蚰,B,yóu,,xem 蚰蜒[you2 yan5],resolved,虫,Bộ Trùng,record-radical,1,0,7,chars/86B0.json
蚱,B,zhà,,châu chấu,resolved,虫,Bộ Trùng,record-radical,2,0,7,chars/86B1.json
蚳,C,chí,,trứng kiến,not-resolved,,,not-resolved,0,0,7,chars/86B3.json
蚴,C,yòu,,ấu trùng,not-resolved,,,not-resolved,1,0,7,chars/86B4.json
蚵,B,é,Hà,"(Đài Loan) con hàu (từ tiếng Đài Loan, phát âm Tai-lo [ô])",resolved,虫,Bộ Trùng,record-radical,0,0,7,chars/86B5.json
蚶,C,hān,,nghêu nhỏ (Arca inflata),not-resolved,,,not-resolved,1,0,7,chars/86B6.json
蚹,C,fù,,"vảy trên bụng rắn, giúp di chuyển; ốc sên",not-resolved,,,not-resolved,0,0,7,chars/86B9.json
蚺,B,rán,,trăn,resolved,虫,Bộ Trùng,record-radical,0,0,7,chars/86BA.json
蚻,C,zhá,,Aphrophora martima,not-resolved,,,not-resolved,0,0,7,chars/86BB.json
蚽,C,pí,,một loại côn trùng (cũ),not-resolved,,,not-resolved,0,0,7,chars/86BD.json
蚿,C,xián,,con rết,not-resolved,,,not-resolved,0,0,7,chars/86BF.json
蛀,B,zhù,Chấu,mối; đục khoét (côn trùng),resolved,虫,Bộ Trùng,record-radical,3,0,7,chars/86C0.json
蛁,C,diāo,,Pomponia maculatiocollis,not-resolved,,,not-resolved,0,0,7,chars/86C1.json
蛄,B,gū,,xem 螻蛄|蝼蛄[lou2 gu1],resolved,虫,Bộ Trùng,record-radical,1,0,7,chars/86C4.json
蛅,C,rán,,một loại sâu bướm,not-resolved,,,not-resolved,0,0,7,chars/86C5.json
蛆,B,qū,,ấu trùng ruồi,resolved,虫,Bộ Trùng,record-radical,1,0,7,chars/86C6.json
蛇,A,shé,Xà,rắn,resolved,虫,Bộ Trùng,record-radical,7,9,5,chars/86C7.json
蛉,B,líng,,ruồi cát,resolved,虫,Bộ Trùng,record-radical,0,0,7,chars/86C9.json
蛊,B,gǔ,,cổ. côn trùng độc trong truyền thuyết; đầu độc,resolved,虫,Bộ Trùng,record-radical,2,0,7,chars/86CA.json
蛋,A,dàn,,trứng,resolved,虫,Bộ Trùng,record-radical,10,10,2,chars/86CB.json
蛌,C,gǔ,,con dế,not-resolved,,,not-resolved,0,0,7,chars/86CC.json
蛍,C,yíng,,biến thể Nhật Bản của 螢|萤,not-resolved,,,not-resolved,0,0,7,chars/86CD.json
蛎,B,lì,,con hàu,resolved,虫,Bộ Trùng,record-radical,2,0,7,chars/86CE.json
蛏,B,chēng,,con trai; ốc móng tay,resolved,虫,Bộ Trùng,record-radical,0,0,7,chars/86CF.json
蛐,B,qū,,con dế,resolved,虫,Bộ Trùng,record-radical,2,0,7,chars/86D0.json
蛑,B,móu,,cua biển,resolved,虫,Bộ Trùng,record-radical,0,0,7,chars/86D1.json
蛓,C,cì,,(văn học) sâu bướm,not-resolved,,,not-resolved,0,0,7,chars/86D3.json
蛔,B,huí,,biến thể cũ của 蛔[hui2],resolved,虫,Bộ Trùng,record-radical,2,0,7,chars/86D4.json
蛘,B,yáng,,"một loại mọt gạo, v.v.",resolved,虫,Bộ Trùng,record-radical,0,0,7,chars/86D8.json
蛙,A,wā,,con ếch; LT:隻|只[zhi1],resolved,虫,Bộ Trùng,record-radical,6,5,7,chars/86D9.json
蛚,C,liè,,Cyrtoxiphus ritsemae,not-resolved,,,not-resolved,0,0,7,chars/86DA.json
蛛,A,zhū,Châu,nhện,resolved,虫,Bộ Trùng,record-radical,6,3,7,chars/86DB.json
蛜,B,yī,,bọ mù gỗ,resolved,虫,Bộ Trùng,record-radical,0,0,7,chars/86DC.json
蛞,B,kuò,,dùng trong 蛞螻|蛞蝼[kuo4 lou2]; dùng trong 蛞蝓[kuo4 yu2],resolved,虫,Bộ Trùng,record-radical,0,0,7,chars/86DE.json
蛟,B,jiāo,Giao,một loài rồng huyền thoại có khả năng điều khiển mưa và lũ lụt; xem thêm 蛟龍|蛟龙[jiao1 long2],resolved,虫,Bộ Trùng,record-radical,3,0,7,chars/86DF.json
蛡,C,yì,,(văn học) sáp ong; tổ ong,not-resolved,,,not-resolved,0,0,7,chars/86E1.json
蛣,C,jié,,bọ cánh cứng,not-resolved,,,not-resolved,0,0,7,chars/86E3.json
蛤,B,gé,,con nghêu,resolved,虫,Bộ Trùng,record-radical,6,0,7,chars/86E4.json
蛧,C,wǎng,,biến thể cũ của 魍[wang3],not-resolved,,,not-resolved,0,0,7,chars/86E7.json
蛩,B,qióng,,lo lắng; châu chấu,resolved,虫,Bộ Trùng,record-radical,0,0,7,chars/86E9.json
蛭,B,zhì,Chấy,sán lá; đỉa,resolved,虫,Bộ Trùng,record-radical,2,0,7,chars/86ED.json
蛮,C,mán,Man,rất,not-resolved,,,not-resolved,6,1,6,chars/86EE.json
蛰,A,zhē,Trập,"Ngủ đông, ẩn mình (động vật)",resolved,虫,Bộ Trùng,record-radical,6,2,7,chars/86F0.json
蛱,B,jiá,,xem 蛺蝶|蛱蝶[jia2 die2],resolved,虫,Bộ Trùng,record-radical,1,0,7,chars/86F1.json
蛲,B,náo,Nghêu,giun ký sinh; giun kim ở người (Enterobius vermicularis),resolved,虫,Bộ Trùng,record-radical,2,0,7,chars/86F2.json
蛳,A,sī,,ốc sên,resolved,虫,Bộ Trùng,record-radical,1,1,7,chars/86F3.json
蛴,B,qí,Xê,dùng trong 蠐螬|蛴螬[qi2 cao2]; dùng trong 蝤蠐|蝤蛴[qiu2 qi2],resolved,虫,Bộ Trùng,record-radical,1,0,7,chars/86F4.json
蛵,B,xíng,,xem 虰蛵[ding1 xing2],resolved,虫,Bộ Trùng,record-radical,0,0,7,chars/86F5.json
蛸,B,shāo,,nhện chân dài,resolved,虫,Bộ Trùng,record-radical,1,0,7,chars/86F8.json
蛹,B,yǒng,Nhộng,nhộng; ấu trùng,resolved,虫,Bộ Trùng,record-radical,1,0,7,chars/86F9.json
蛾,B,é,,(hình thức kết hợp) con ngài,resolved,虫,Bộ Trùng,record-radical,6,0,7,chars/86FE.json
蜀,B,Shǔ,Xọc,"tên gọi tắt của tỉnh Tứ Xuyên 四川[Si4 chuan1]; một trong Tam Quốc 三國|三国[San1 guo2] sau triều đại nhà Hán, còn gọi là 蜀漢|蜀汉[Shu3 Han4], nằm quanh khu vực hiện nay là tỉnh Tứ Xuyên",resolved,虫,Bộ Trùng,record-radical,6,0,7,chars/8700.json
蜂,A,fēng,Ong,ong,resolved,虫,Bộ Trùng,record-radical,6,10,5,chars/8702.json
蜃,A,shèn,,con trai khổng lồ; (thần thoại) quái vật trai được cho là thở ra hơi nước tạo thành ảo ảnh các tòa nhà,resolved,虫,Bộ Trùng,record-radical,2,2,7,chars/8703.json
蜅,C,fǔ,Bò,con cua,not-resolved,,,not-resolved,0,0,7,chars/8705.json
蜇,A,zhē,Xít,chích,resolved,虫,Bộ Trùng,record-radical,1,1,7,chars/8707.json
蜈,B,wú,,con rết,resolved,虫,Bộ Trùng,record-radical,1,0,7,chars/8708.json
蜉,B,fú,,(chuồn chuồn); (kiến lớn),resolved,虫,Bộ Trùng,record-radical,4,0,7,chars/8709.json
蜊,B,lí,,con nghêu,resolved,虫,Bộ Trùng,record-radical,1,0,7,chars/870A.json
蜍,B,chú,Thờ,Bufo vulgaris; con cóc,resolved,虫,Bộ Trùng,record-radical,1,0,7,chars/870D.json
蜎,B,Yuān,,họ [Yuan1],resolved,虫,Bộ Trùng,record-radical,0,0,7,chars/870E.json
蜐,C,jié,,xem 石蜐[shi2 jie2],not-resolved,,,not-resolved,0,0,7,chars/8710.json
蜑,C,Dàn,,người Đản Gia,not-resolved,,,not-resolved,0,0,7,chars/8711.json
蜒,B,yán,,sên; trong 蜿蜒[wan1 yan2],resolved,虫,Bộ Trùng,record-radical,2,0,7,chars/8712.json
蜓,B,tíng,,xem 蜻蜓[qing1 ting2],resolved,虫,Bộ Trùng,record-radical,3,0,7,chars/8713.json
蜕,C,tuì,,da lột ra khi lột xác; xác lột,not-resolved,,,not-resolved,5,0,7,chars/8715.json
蜗,A,wō,,ốc sên; phát âm ở Đài Loan [gua1],resolved,虫,Bộ Trùng,record-radical,6,2,7,chars/8717.json
蜘,A,zhī,,xem 蜘蛛[zhi1 zhu1],resolved,虫,Bộ Trùng,record-radical,4,3,7,chars/8718.json
蜚,B,fěi,Bay,con mòng,resolved,虫,Bộ Trùng,record-radical,5,0,7,chars/871A.json
蜛,C,jū,,Hydrophilus cognatus,not-resolved,,,not-resolved,0,0,7,chars/871B.json
蜜,A,mì,Mật,"mật ong, ngọt ngào",resolved,虫,Bộ Trùng,record-radical,6,10,5,chars/871C.json
蜞,B,qí,,cua bò,resolved,虫,Bộ Trùng,record-radical,0,0,7,chars/871E.json
蜡,A,là,Rệp,"sáp, nến",resolved,虫,Bộ Trùng,record-radical,6,5,6,chars/8721.json
蜢,B,měng,,châu chấu,resolved,虫,Bộ Trùng,record-radical,1,0,7,chars/8722.json
蜣,B,qiāng,,bọ hung,resolved,虫,Bộ Trùng,record-radical,1,0,7,chars/8723.json
蜥,B,xī,,xem 蜥蜴[xi1 yi4],resolved,虫,Bộ Trùng,record-radical,2,0,7,chars/8725.json
蜩,B,tiáo,,ve sầu,resolved,虫,Bộ Trùng,record-radical,0,0,7,chars/8729.json
蜮,B,yù,,sinh vật huyền thoại; ếch nhái,resolved,虫,Bộ Trùng,record-radical,1,0,7,chars/872E.json
蜯,C,bàng,,biến thể của 蚌[bang4],not-resolved,,,not-resolved,0,0,7,chars/872F.json
蜱,B,pí,,bọ ve (động vật học),resolved,虫,Bộ Trùng,record-radical,0,0,7,chars/8731.json
蜴,B,yì,,xem 蜥蜴[xi1 yi4],resolved,虫,Bộ Trùng,record-radical,1,0,7,chars/8734.json
蜷,C,quán,,cuộn lại (như cuộn giấy); co ro,not-resolved,,,not-resolved,4,0,7,chars/8737.json
蜻,B,qīng,,xem 蜻蜓[qing1 ting2],resolved,虫,Bộ Trùng,record-radical,3,0,7,chars/873B.json
蜽,C,liǎng,,xem 蝄蜽[wang3 liang3],not-resolved,,,not-resolved,0,0,7,chars/873D.json
蜾,B,guǒ,,dùng trong 蜾蠃[guo3 luo3],resolved,虫,Bộ Trùng,record-radical,0,0,7,chars/873E.json
蜿,C,wān,,dùng trong 蜿蜒[wan1 yan2],not-resolved,,,not-resolved,1,0,7,chars/873F.json
蝃,C,dì,,cầu vồng,not-resolved,,,not-resolved,0,0,7,chars/8743.json
蝄,C,wǎng,,xem 蝄蜽[wang3 liang3],not-resolved,,,not-resolved,0,0,7,chars/8744.json
蝇,C,yíng,Nhặng,ruồi; chòm sao Con Ruồi,not-resolved,,,not-resolved,6,4,7,chars/8747.json
蝈,B,guō,,"ve sầu xanh nhỏ hoặc ếch (nghĩa không rõ, có thể tượng thanh); xem 蟈蟈|蝈蝈 châu chấu rau dài",resolved,虫,Bộ Trùng,record-radical,1,0,7,chars/8748.json
蝉,B,chán,,con ve sầu,resolved,虫,Bộ Trùng,record-radical,6,0,7,chars/8749.json
蝋,C,là,,biến thể tiếng Nhật của 蠟|蜡[la4],not-resolved,,,not-resolved,0,0,7,chars/874B.json
蝌,B,kē,,nòng nọc,resolved,虫,Bộ Trùng,record-radical,1,0,7,chars/874C.json
蝍,C,jí,,một loại rết,not-resolved,,,not-resolved,0,0,7,chars/874D.json
蝎,B,xiē,Rết,biến thể của 蠍|蝎[xie1],resolved,虫,Bộ Trùng,record-radical,3,0,7,chars/874E.json
蝏,C,tíng,,dùng trong 蜻蝏[qing1 ting2],not-resolved,,,not-resolved,0,0,7,chars/874F.json
蝐,C,mào,,xem 蝳蝐[dai4 mao4],not-resolved,,,not-resolved,0,0,7,chars/8750.json
蝒,C,mián,Gò / Nhện,"ve sầu lớn, màu đen; châu chấu",not-resolved,,,not-resolved,0,0,7,chars/8752.json
蝓,B,yú,,dùng trong 蛞蝓[kuo4 yu2],resolved,虫,Bộ Trùng,record-radical,0,0,7,chars/8753.json
蝗,B,huáng,,cào cào,resolved,虫,Bộ Trùng,record-radical,2,0,7,chars/8757.json
蝘,C,yǎn,,Hemidactylus bowringii,not-resolved,,,not-resolved,0,0,7,chars/8758.json
蝙,B,biān,,dùng trong 蝙蝠[bian1 fu2],resolved,虫,Bộ Trùng,record-radical,1,0,7,chars/8759.json
蝛,C,wēi,,xem 蛜蝛[yi1 wei1],not-resolved,,,not-resolved,0,0,7,chars/875B.json
蝝,C,yuán,,ấu trùng châu chấu không cánh,not-resolved,,,not-resolved,0,0,7,chars/875D.json
蝠,B,fú,,(hình thức kết hợp) con dơi,resolved,虫,Bộ Trùng,record-radical,1,0,7,chars/8760.json
蝣,B,yóu,Du,Ephemera strigata,resolved,虫,Bộ Trùng,record-radical,1,0,7,chars/8763.json
蝤,B,qiú,,dùng trong 蝤蠐|蝤蛴[qiu2 qi2],resolved,虫,Bộ Trùng,record-radical,0,0,7,chars/8764.json
蝥,B,máo,,biến thể của 蟊[mao2],resolved,虫,Bộ Trùng,record-radical,0,0,7,chars/8765.json
蝮,B,fù,,côn trùng; rắn độc (cổ đại),resolved,虫,Bộ Trùng,record-radical,1,0,7,chars/876E.json
蝰,B,kuí,,dùng trong 蝰蛇[kui2 she2],resolved,虫,Bộ Trùng,record-radical,1,0,7,chars/8770.json
蝲,C,là,,dùng trong 蝲蛄[la4 gu3]; dùng trong 蝲蝲蛄[la4 la4 gu3],not-resolved,,,not-resolved,0,0,7,chars/8772.json
蝳,C,dài,Nọc,xem 蝳蝐[dai4 mao4],not-resolved,,,not-resolved,0,0,7,chars/8773.json
蝴,A,hú,Hà,dùng trong 蝴蝶[hu2 die2],resolved,虫,Bộ Trùng,record-radical,3,8,5,chars/8774.json
蝶,A,dié,Điệp,biến thể của 蝶[die2],resolved,虫,Bộ Trùng,record-radical,6,8,5,chars/8776.json
蝻,B,nǎn,,châu chấu chưa trưởng thành,resolved,虫,Bộ Trùng,record-radical,0,0,7,chars/877B.json
蝼,B,lóu,Sâu,xem 螻蛄|蝼蛄[lou2 gu1],resolved,虫,Bộ Trùng,record-radical,2,0,7,chars/877C.json
蝽,B,chūn,,rệp,resolved,虫,Bộ Trùng,record-radical,0,0,7,chars/877D.json
蝾,B,róng,,con kỳ giông,resolved,虫,Bộ Trùng,record-radical,1,0,7,chars/877E.json
螀,C,jiāng,,ve sầu (Cosmopsaltria opalifera),not-resolved,,,not-resolved,0,0,7,chars/8780.json
螂,B,láng,,biến thể của 螂[lang2],resolved,虫,Bộ Trùng,record-radical,5,0,7,chars/8782.json
螃,A,páng,,dùng trong 螃蟹[pang2 xie4],resolved,虫,Bộ Trùng,record-radical,1,2,7,chars/8783.json
螅,B,xī,,(giun sán),resolved,虫,Bộ Trùng,record-radical,1,0,7,chars/8785.json
螈,B,yuán,,kỳ giông; sa giông,resolved,虫,Bộ Trùng,record-radical,1,0,7,chars/8788.json
螉,B,wēng,Ong,xem 蠮螉[ye1 weng1],resolved,虫,Bộ Trùng,record-radical,0,0,7,chars/8789.json
螋,B,sōu,,dùng trong 蠼螋[qu2 sou1],resolved,虫,Bộ Trùng,record-radical,0,0,7,chars/878B.json
融,A,róng,,tuần hoàn,resolved,鬲,Bộ Cách,record-radical,6,10,6,chars/878D.json
螒,C,hàn,,Aulacophora femoralis,not-resolved,,,not-resolved,0,0,7,chars/8792.json
螓,B,qín,,ve sầu nhỏ có đầu vuông,resolved,虫,Bộ Trùng,record-radical,0,0,7,chars/8793.json
螗,B,táng,,một loại ve sầu nhỏ có lưng màu xanh và tiếng kêu trong (trong sách cổ),resolved,虫,Bộ Trùng,record-radical,0,0,7,chars/8797.json
螘,C,yǐ,,kiến; biến thể của 蟻|蚁[yi3],not-resolved,,,not-resolved,0,0,7,chars/8798.json
螙,C,dù,,biến thể của 蠹[du4],not-resolved,,,not-resolved,0,0,7,chars/8799.json
螚,C,nài,,Eristalis tenax,not-resolved,,,not-resolved,0,0,7,chars/879A.json
螟,B,míng,,"côn trùng đục thân; sâu bướm ngài (Aphomia gullaris hoặc Plodia interpuncuella hoặc Heliothus armigera,...), loài gây hại nông nghiệp chính",resolved,虫,Bộ Trùng,record-radical,1,0,7,chars/879F.json
螣,C,téng,,rồng bay,not-resolved,,,not-resolved,0,0,7,chars/87A3.json
螥,C,cāng,,biến thể Nhật Bản của 蒼|苍 ruồi nhà,not-resolved,,,not-resolved,0,0,7,chars/87A5.json
螨,B,mǎn,,mạt,resolved,虫,Bộ Trùng,record-radical,2,0,7,chars/87A8.json
螫,B,shì,,"(văn học) (của ong hoặc nhện, v.v.) đốt hoặc cắn",resolved,虫,Bộ Trùng,record-radical,0,0,7,chars/87AB.json
螬,B,cáo,,dùng trong 蠐螬|蛴螬[qi2 cao2],resolved,虫,Bộ Trùng,record-radical,1,0,7,chars/87AC.json
螭,B,chī,,rồng chưa mọc sừng (trong thần thoại hoặc huy hiệu); biến thể của 魑[chi1],resolved,虫,Bộ Trùng,record-radical,0,0,7,chars/87AD.json
螯,B,áo,,càng; móng (cua),resolved,虫,Bộ Trùng,record-radical,0,0,7,chars/87AF.json
螳,B,táng,,bọ ngựa,resolved,虫,Bộ Trùng,record-radical,3,0,7,chars/87B3.json
螵,B,piāo,,dùng trong 螵蛸[piao1xiao1],resolved,虫,Bộ Trùng,record-radical,1,0,7,chars/87B5.json
螺,A,luó,,vỏ ốc; ốc sên,resolved,虫,Bộ Trùng,record-radical,6,6,7,chars/87BA.json
螽,B,zhōng,,(châu chấu); Gompsocleis mikado,resolved,虫,Bộ Trùng,record-radical,0,0,7,chars/87BD.json
螾,C,yǐn,,giun đất,not-resolved,,,not-resolved,0,0,7,chars/87BE.json
蟀,A,shuài,,dùng trong 蟋蟀[xi1 shuai4],resolved,虫,Bộ Trùng,record-radical,1,2,7,chars/87C0.json
蟅,C,zhè,,châu chấu; bọ cánh cứng đất Trung Quốc (Eupolyphaga sinensis),not-resolved,,,not-resolved,0,0,7,chars/87C5.json
蟆,B,má,,cóc,resolved,虫,Bộ Trùng,record-radical,4,0,7,chars/87C6.json
蟊,B,máo,,bọ cánh cứng Tây Ban Nha; con mọt ăn ngũ cốc,resolved,虫,Bộ Trùng,record-radical,1,0,7,chars/87CA.json
蟋,A,xī,,dùng trong 蟋蟀[xi1 shuai4],resolved,虫,Bộ Trùng,record-radical,1,2,7,chars/87CB.json
蟏,B,xiāo,,nhện chân dài,resolved,虫,Bộ Trùng,record-radical,0,0,7,chars/87CF.json
蟑,B,zhāng,,con gián,resolved,虫,Bộ Trùng,record-radical,1,0,7,chars/87D1.json
蟒,B,mǎng,Mãng,con trăn,resolved,虫,Bộ Trùng,record-radical,3,0,7,chars/87D2.json
蟓,B,xiàng,,tằm,resolved,虫,Bộ Trùng,record-radical,0,0,7,chars/87D3.json
蟛,B,péng,,(cua đồng); loài grapsus sp.,resolved,虫,Bộ Trùng,record-radical,0,0,7,chars/87DB.json
蟜,B,Jiǎo,,họ [Jiao3],resolved,虫,Bộ Trùng,record-radical,0,0,7,chars/87DC.json
蟟,B,liáo,Liu,xem 蟭蟟[jiao1 liao2],resolved,虫,Bộ Trùng,record-radical,0,0,7,chars/87DF.json
蟠,B,pán,,cuộn,resolved,虫,Bộ Trùng,record-radical,5,0,7,chars/87E0.json
蟢,B,xǐ,,(nhện),resolved,虫,Bộ Trùng,record-radical,0,0,7,chars/87E2.json
蟥,B,huáng,,đỉa ngựa,resolved,虫,Bộ Trùng,record-radical,1,0,7,chars/87E5.json
蟨,C,jué,,chuột nhảy Siberia,not-resolved,,,not-resolved,0,0,7,chars/87E8.json
蟪,B,huì,,(ve sầu); Platypleura kaempferi,resolved,虫,Bộ Trùng,record-radical,0,0,7,chars/87EA.json
蟭,B,jiāo,,trứng bọ ngựa,resolved,虫,Bộ Trùng,record-radical,0,0,7,chars/87ED.json
蟮,B,shàn,,xem 蛐蟮[qu1 shan5],resolved,虫,Bộ Trùng,record-radical,2,0,7,chars/87EE.json
蟳,C,xún,Tằm,(cua lông),not-resolved,,,not-resolved,0,0,7,chars/87F3.json
蟷,C,dāng,,bọ ngựa,not-resolved,,,not-resolved,0,0,7,chars/87F7.json
蟹,A,xiè,,cua,resolved,虫,Bộ Trùng,record-radical,6,2,7,chars/87F9.json
蟺,C,shàn,,giun đất,not-resolved,,,not-resolved,0,0,7,chars/87FA.json
蟾,B,chán,,con cóc (chán đại diện cho âm thanh kêu của nó); (thần thoại) con cóc ba chân được cho là tồn tại trên mặt trăng,resolved,虫,Bộ Trùng,record-radical,2,0,7,chars/87FE.json
蟿,C,qì,,(côn trùng); Tryxalis masuta,not-resolved,,,not-resolved,0,0,7,chars/87FF.json
蠂,C,shè,,Podisma mikado,not-resolved,,,not-resolved,0,0,7,chars/8802.json
蠃,C,luǒ,,dùng trong 蜾蠃[guo3 luo3],not-resolved,,,not-resolved,0,0,7,chars/8803.json
蠉,C,xuān,,bọ gậy; ấu trùng muỗi,not-resolved,,,not-resolved,0,0,7,chars/8809.json
蠊,B,lián,,con gián,resolved,虫,Bộ Trùng,record-radical,1,0,7,chars/880A.json
蠋,C,zhú,,sâu bướm,not-resolved,,,not-resolved,0,0,7,chars/880B.json
蠎,C,mǎng,,biến thể cũ của 蟒[mang3],not-resolved,,,not-resolved,0,0,7,chars/880E.json
蠓,B,měng,Chĩnh / Mòng,con châu chấu; con dĩn,resolved,虫,Bộ Trùng,record-radical,0,0,7,chars/8813.json
蠕,B,rú,,biến thể của 蠕[ru2],resolved,虫,Bộ Trùng,record-radical,3,0,7,chars/8815.json
蠖,B,huò,,sâu đo,resolved,虫,Bộ Trùng,record-radical,1,0,7,chars/8816.json
蠗,C,zhuó,,(vượn); (vỏ sò),not-resolved,,,not-resolved,0,0,7,chars/8817.json
蠚,C,hē,,chích,not-resolved,,,not-resolved,0,0,7,chars/881A.json
蠛,B,miè,Mọt,ruồi nhỏ,resolved,虫,Bộ Trùng,record-radical,0,0,7,chars/881B.json
蠜,C,fán,,cyrtophyllus sp.,not-resolved,,,not-resolved,0,0,7,chars/881C.json
蠡,B,lí,Lãi,quả bầu,resolved,虫,Bộ Trùng,record-radical,2,0,7,chars/8821.json
蠢,A,chǔn,Xuẩn,ngu ngốc,resolved,虫,Bộ Trùng,record-radical,6,3,6,chars/8822.json
蠧,C,dù,,biến thể của 蠹[du4],not-resolved,,,not-resolved,0,0,7,chars/8827.json
蠩,C,zhū,,con cóc,not-resolved,,,not-resolved,0,0,7,chars/8829.json
蠮,B,yē,,ong bắp cày họ Sphecidae,resolved,虫,Bộ Trùng,record-radical,0,0,7,chars/882E.json
蠰,C,shàng,,Cerambyx rugicollis,not-resolved,,,not-resolved,0,0,7,chars/8830.json
蠲,B,juān,,khấu trừ; cho thấy,resolved,虫,Bộ Trùng,record-radical,0,0,7,chars/8832.json
蠵,B,xī,,rùa lớn,resolved,虫,Bộ Trùng,record-radical,0,0,7,chars/8835.json
蠷,C,qú,,biến thể của 蠼[qu2],not-resolved,,,not-resolved,0,0,7,chars/8837.json
蠸,C,quán,,Aulacophora femoralis,not-resolved,,,not-resolved,0,0,7,chars/8838.json
蠹,B,dù,,"côn trùng đục sách, quần áo, v.v.; bị mọt ăn",resolved,虫,Bộ Trùng,record-radical,6,0,7,chars/8839.json
蠼,B,qú,,dùng trong 蠼螋[qu2 sou1],resolved,虫,Bộ Trùng,record-radical,0,0,7,chars/883C.json
蠽,C,jié,,ve sầu xanh nhỏ,not-resolved,,,not-resolved,0,0,7,chars/883D.json
血,A,xuè,Huyết,máu,resolved,血,Bộ Huyết,self-radical,18,10,5,chars/8840.json
衁,C,huāng,,máu,not-resolved,,,not-resolved,0,0,7,chars/8841.json
衄,C,nǜ,,biến thể cũ của 衄[nu:4],not-resolved,,,not-resolved,0,0,7,chars/8844.json
衅,A,xìn,,cãi nhau; tranh chấp,resolved,血,Bộ Huyết,record-radical,4,2,6,chars/8845.json
衈,C,èr,,máu của gia cầm hiến tế được rảy lên cửa và đồ vật,not-resolved,,,not-resolved,0,0,7,chars/8848.json
衉,C,kè,,nôn mửa,not-resolved,,,not-resolved,0,0,7,chars/8849.json
衋,C,xì,,buồn bã (cổ),not-resolved,,,not-resolved,0,0,7,chars/884B.json
行,A,xíng,Hàng,được,resolved,行,Bộ Hành,self-radical,20,10,4,chars/884C.json
衍,C,yǎn,,lan rộng; phát triển,not-resolved,,,not-resolved,6,10,6,chars/884D.json
衎,C,kàn,,vui vẻ,not-resolved,,,not-resolved,0,0,7,chars/884E.json
衒,C,xuàn,,biến thể của 炫[xuan4]; (văn học) khoe khoang,not-resolved,,,not-resolved,0,0,7,chars/8852.json
衔,A,xián,Hàm,biến thể của 銜|衔[xian2],resolved,金,Bộ Kim,record-radical,6,8,6,chars/8854.json
衖,B,xiàng,,biến thể của 巷[xiang4],resolved,行,Bộ Hành,record-radical,0,0,7,chars/8856.json
街,A,jiē,,đường phố,resolved,行,Bộ Hành,record-radical,9,10,3,chars/8857.json
衙,B,Yá,,họ [Ya2],resolved,行,Bộ Hành,record-radical,4,0,7,chars/8859.json
衞,C,wèi,,biến thể của 衛|卫[wei4]; bảo vệ,not-resolved,,,not-resolved,0,0,7,chars/885E.json
衟,C,dào,,biến thể cũ của 道[dao4],not-resolved,,,not-resolved,0,0,7,chars/885F.json
衡,C,héng,,cân; nặng,not-resolved,,,not-resolved,8,10,5,chars/8861.json
衢,B,qú,,đại lộ,resolved,行,Bộ Hành,record-radical,3,0,7,chars/8862.json
衣,A,yī,Y,quần áo; Lượng từ: 件[jian4],resolved,衣,Bộ Y,self-radical,16,10,1,chars/8863.json
衤,B,yī,,áo.,resolved,衣,Bộ Y,radical-variant,0,0,7,chars/8864.json
补,A,bǔ,Bổ,"sửa chữa, bổ sung",resolved,衣,Bộ Y,record-radical,16,10,5,chars/8865.json
表,A,biǎo,Biểu,biểu mẫu,resolved,毛,Bộ Mao,record-radical,20,10,2,chars/8868.json
衩,B,chǎ,,đường may hở của quần áo; quần đùi,resolved,衣,Bộ Y,record-radical,2,0,7,chars/8869.json
衫,A,shān,Oam,áo; khoác với đường xẻ ở vị trí tay áo,resolved,衣,Bộ Y,record-radical,6,3,3,chars/886B.json
衬,A,chèn,,(của quần áo) sát da; lót,resolved,衣,Bộ Y,record-radical,6,7,3,chars/886C.json
衭,C,fū,,ve áo,not-resolved,,,not-resolved,0,0,7,chars/886D.json
衮,B,gǔn,Gọn,long bào,resolved,衣,Bộ Y,record-radical,1,0,7,chars/886E.json
衰,C,cuī,Suy,biến thể của 縗|缞[cui1],not-resolved,,,not-resolved,7,10,6,chars/8870.json
衲,B,nà,Nẹp,áo cà sa; lót,resolved,衣,Bộ Y,record-radical,0,0,7,chars/8872.json
衵,C,nì,,đồ lót nữ,not-resolved,,,not-resolved,0,0,7,chars/8875.json
衷,C,zhōng,,tâm tư tình cảm,not-resolved,,,not-resolved,6,10,6,chars/8877.json
衹,B,qí,,áo cà sa của hòa thượng hoặc ni cô,resolved,衣,Bộ Y,record-radical,0,0,7,chars/8879.json
衽,B,rèn,,(văn học) phần vạt áo chồng lên của trang phục Trung Quốc; vạt áo,resolved,衣,Bộ Y,record-radical,0,0,7,chars/887D.json
衾,B,qīn,Khâm,chăn; mền,resolved,衣,Bộ Y,record-radical,1,0,7,chars/887E.json
衿,B,jīn,,cổ áo; thắt lưng,resolved,衣,Bộ Y,record-radical,0,0,7,chars/887F.json
袁,C,Yuán,,họ [Yuan2],not-resolved,,,not-resolved,6,0,7,chars/8881.json
袂,B,mèi,,tay áo của áo choàng,resolved,衣,Bộ Y,record-radical,5,0,7,chars/8882.json
袄,B,ǎo,Áo,áo khoác; áo jacket,resolved,衣,Bộ Y,record-radical,1,0,7,chars/8884.json
袅,A,niǎo,,mỏng manh; duyên dáng,resolved,衣,Bộ Y,record-radical,3,2,7,chars/8885.json
袆,C,huī,,lễ phục của hoàng hậu,not-resolved,,,not-resolved,0,0,7,chars/8886.json
袈,B,jiā,Cà,dùng trong 袈裟[jia1 sha1],resolved,衣,Bộ Y,record-radical,1,0,7,chars/8888.json
袋,A,dài,Đãy,túi,resolved,衣,Bộ Y,record-radical,8,10,4,chars/888B.json
袍,C,páo,Bào,"áo choàng, áo bào",not-resolved,,,not-resolved,6,7,6,chars/888D.json
袒,B,tǎn,,để lộ,resolved,衣,Bộ Y,record-radical,3,0,7,chars/8892.json
袖,A,xiù,Tụ,tay áo; giấu vào trong tay áo,resolved,衣,Bộ Y,record-radical,6,10,6,chars/8896.json
袗,C,zhěn,,áo không lót,not-resolved,,,not-resolved,0,0,7,chars/8897.json
袚,C,fú,,miếng đệm đầu gối; giày ủng nhẹ,not-resolved,,,not-resolved,0,0,7,chars/889A.json
袜,A,wà,,tất; vớ,resolved,衣,Bộ Y,record-radical,6,1,4,chars/889C.json
袟,B,Zhì,,họ [Zhi4],resolved,衣,Bộ Y,record-radical,0,0,7,chars/889F.json
袢,B,pàn,,dùng trong 袷袢[qia1 pan4]; biến thể của 襻[pan4],resolved,衣,Bộ Y,record-radical,0,0,7,chars/88A2.json
袤,B,mào,,chiều dài; khoảng cách từ bắc tới nam,resolved,衣,Bộ Y,record-radical,1,0,7,chars/88A4.json
袪,C,qū,,cửa tay áo,not-resolved,,,not-resolved,0,0,7,chars/88AA.json
被,A,bèi,Bị,bởi,resolved,衣,Bộ Y,record-radical,6,10,3,chars/88AB.json
袭,C,xí,Tập,"Tập kích, tấn công bất ngờ; tập nhiễm, lan tràn; thừa hưởng",not-resolved,,,not-resolved,7,10,6,chars/88AD.json
袮,C,Nǐ,,Ngài; Chúa (thiên chúa),not-resolved,,,not-resolved,0,0,7,chars/88AE.json
袯,B,bó,,xem 襏襫|袯襫[bo2 shi4],resolved,衣,Bộ Y,record-radical,0,0,7,chars/88AF.json
袱,C,fú,,(dạng kết hợp) tấm vải dùng để gói hoặc phủ,not-resolved,,,not-resolved,3,3,6,chars/88B1.json
袲,C,yí,,tên địa danh,not-resolved,,,not-resolved,0,0,7,chars/88B2.json
袷,B,jiá,,có lớp lót,resolved,衣,Bộ Y,record-radical,0,0,7,chars/88B7.json
袺,C,jié,,vén váy,not-resolved,,,not-resolved,0,0,7,chars/88BA.json
袼,B,gē,,miếng nối vải; phần vải vừa khít dưới nách áo,resolved,衣,Bộ Y,record-radical,1,0,7,chars/88BC.json
袽,C,rú,,giẻ rách cũ,not-resolved,,,not-resolved,0,0,7,chars/88BD.json
袿,C,guà,,biến thể cũ của 褂[gua4],not-resolved,,,not-resolved,0,0,7,chars/88BF.json
裀,C,yīn,,đệm; quần áo lót,not-resolved,,,not-resolved,0,0,7,chars/88C0.json
裁,C,cái,Trài,cắt may,not-resolved,,,not-resolved,8,10,5,chars/88C1.json
裂,A,liè,,xé toạc,resolved,衣,Bộ Y,record-radical,7,10,6,chars/88C2.json
装,A,zhuāng,Trang,trang điểm,resolved,衣,Bộ Y,record-radical,18,10,5,chars/88C5.json
裆,B,dāng,,đũng quần; phần đáy của một chiếc quần dài,resolved,衣,Bộ Y,record-radical,2,0,7,chars/88C6.json
裇,B,xū,,xem T裇[T xu1],resolved,衣,Bộ Y,record-radical,0,0,7,chars/88C7.json
裈,C,kūn,,quần (cũ),not-resolved,,,not-resolved,0,0,7,chars/88C8.json
裉,B,kèn,,đường may bên sườn của áo trên,resolved,衣,Bộ Y,record-radical,0,0,7,chars/88C9.json
裋,C,shù,,quần áo thô làm từ lông lạc đà,not-resolved,,,not-resolved,0,0,7,chars/88CB.json
裍,C,kǔn,,đường viền hoặc dải ở mép váy,not-resolved,,,not-resolved,0,0,7,chars/88CD.json
裎,C,chéng,,cởi quần áo; khoả thân,not-resolved,,,not-resolved,0,0,7,chars/88CE.json
裒,B,póu,Bâu,thu thập,resolved,衣,Bộ Y,record-radical,1,0,7,chars/88D2.json
裔,C,yì,,hậu duệ; biên cương,not-resolved,,,not-resolved,6,9,5,chars/88D4.json
裕,A,yù,Dịu,dồi dào,resolved,衣,Bộ Y,record-radical,6,7,6,chars/88D5.json
裘,A,Qiú,Cừu,họ [Qiu2],resolved,衣,Bộ Y,record-radical,5,2,7,chars/88D8.json
裙,A,qún,Quần,biến thể cũ của 裙[qun2],resolved,衣,Bộ Y,record-radical,6,9,3,chars/88D9.json
裛,C,yì,,gói ghém; ẩm ướt,not-resolved,,,not-resolved,0,0,7,chars/88DB.json
裟,B,shā,,dùng trong 袈裟[jia1 sha1],resolved,衣,Bộ Y,record-radical,1,0,7,chars/88DF.json
裢,B,lián,,túi đeo từ thắt lưng,resolved,衣,Bộ Y,record-radical,1,0,7,chars/88E2.json
裣,B,liǎn,,xem 襝衽|裣衽[lian3 ren4],resolved,衣,Bộ Y,record-radical,0,0,7,chars/88E3.json
裤,A,kù,Khố,biến thể của 褲|裤[ku4],resolved,衣,Bộ Y,record-radical,6,8,3,chars/88E4.json
裥,B,jiǎn,,biến thể của 襉|裥[jian3],resolved,衣,Bộ Y,record-radical,0,0,7,chars/88E5.json
裨,C,Pí,,họ [Pi2],not-resolved,,,not-resolved,2,0,7,chars/88E8.json
裯,C,chóu,,rèm giường; mền phủ,not-resolved,,,not-resolved,0,0,7,chars/88EF.json
裰,C,duō,,vá quần áo,not-resolved,,,not-resolved,0,0,7,chars/88F0.json
裱,C,biǎo,Bíu,treo (giấy); làm khung (tranh),not-resolved,,,not-resolved,2,0,7,chars/88F1.json
裲,C,liǎng,,áo gi-lê,not-resolved,,,not-resolved,0,0,7,chars/88F2.json
裳,A,cháng,,quần áo phía dưới; váy,resolved,衣,Bộ Y,record-radical,2,4,6,chars/88F3.json
裴,B,Péi,Bùi,họ [Pei2],resolved,衣,Bộ Y,record-radical,0,0,7,chars/88F4.json
裸,A,luǒ,Khoả,trần truồng,resolved,衣,Bộ Y,record-radical,6,4,7,chars/88F8.json
裹,A,guǒ,,bọc,resolved,衣,Bộ Y,record-radical,5,8,5,chars/88F9.json
裼,C,tì,,chăn em bé,not-resolved,,,not-resolved,0,0,7,chars/88FC.json
裾,B,jū,,trang phục,resolved,衣,Bộ Y,record-radical,0,0,7,chars/88FE.json
褀,C,qí,,biến thể của 綥[qi2],not-resolved,,,not-resolved,0,0,7,chars/8900.json
褂,B,guà,,áo không lót kiểu Trung Quốc; áo choàng,resolved,衣,Bộ Y,record-radical,3,0,7,chars/8902.json
褉,C,xiē,,trang phục ngắn,not-resolved,,,not-resolved,0,0,7,chars/8909.json
褊,B,biǎn,,hẹp; gấp gáp,resolved,衣,Bộ Y,record-radical,1,0,7,chars/890A.json
褎,C,xiù,,tay áo; trang phục rộng thùng thình,not-resolved,,,not-resolved,0,0,7,chars/890E.json
褏,C,xiù,,biến thể cũ của 袖[xiu4],not-resolved,,,not-resolved,0,0,7,chars/890F.json
褐,A,hè,,màu nâu; màu xám hoặc màu tối,resolved,衣,Bộ Y,record-radical,6,2,7,chars/8910.json
褒,B,bāo,,khen ngợi; tuyên dương,resolved,衣,Bộ Y,record-radical,6,0,7,chars/8912.json
褓,C,bǎo,Bìu,biến thể của 褓[bao3],not-resolved,,,not-resolved,1,2,7,chars/8913.json
褔,C,fù,,no đủ; lượng từ cho quần áo (cũ),not-resolved,,,not-resolved,0,0,7,chars/8914.json
褕,C,yú,,trang phục rộng rãi,not-resolved,,,not-resolved,0,0,7,chars/8915.json
褙,B,bèi,,giấy hoặc vải dán lại với nhau,resolved,衣,Bộ Y,record-radical,2,0,7,chars/8919.json
褚,B,Chǔ,,họ [Chu3],resolved,衣,Bộ Y,record-radical,1,0,7,chars/891A.json
褛,B,lǚ,,bẩn; rách nát,resolved,衣,Bộ Y,record-radical,1,0,7,chars/891B.json
褟,B,tā,,áo lót; may vào quần áo,resolved,衣,Bộ Y,record-radical,0,0,7,chars/891F.json
褡,B,dā,,túi; áo không tay,resolved,衣,Bộ Y,record-radical,2,0,7,chars/8921.json
褢,C,huái,,"mang trong ngực hoặc ống tay; bao bọc, che giấu",not-resolved,,,not-resolved,0,0,7,chars/8922.json
褥,B,rù,,nệm,resolved,衣,Bộ Y,record-radical,5,0,7,chars/8925.json
褦,C,nài,,không biết; mũ chống nắng,not-resolved,,,not-resolved,0,0,7,chars/8926.json
褧,C,jiǒng,,áo đơn không lót,not-resolved,,,not-resolved,0,0,7,chars/8927.json
褪,C,tuì,,cởi (quần áo); rụng lông,not-resolved,,,not-resolved,1,5,7,chars/892A.json
褫,B,chǐ,,tước bỏ; tước đoạt,resolved,衣,Bộ Y,record-radical,1,0,7,chars/892B.json
褯,C,jiè,,tã lót,not-resolved,,,not-resolved,0,0,7,chars/892F.json
褰,B,qiān,,"vén (quần áo, ga trải giường); trang phục dưới",resolved,衣,Bộ Y,record-radical,0,0,7,chars/8930.json
褱,B,huái,,"mang trong ngực hoặc ống tay; gói, giấu",resolved,衣,Bộ Y,record-radical,0,0,7,chars/8931.json
褴,B,lán,,quần áo rách rưới,resolved,衣,Bộ Y,record-radical,1,0,7,chars/8934.json
褵,B,lí,,khăn voan hoặc khăn trùm đầu của cô dâu,resolved,衣,Bộ Y,record-radical,0,0,7,chars/8935.json
褶,B,xí,Chấp,(arch.) trang phục triều đình,resolved,衣,Bộ Y,record-radical,6,0,7,chars/8936.json
褽,C,wèi,,cổ áo,not-resolved,,,not-resolved,0,0,7,chars/893D.json
褾,C,biǎo,,cổ tay; viền hoặc mép (của quần áo),not-resolved,,,not-resolved,0,0,7,chars/893E.json
襁,A,qiǎng,,xâu tiền đồng; biến thể của 襁[qiang3],resolved,衣,Bộ Y,record-radical,1,2,7,chars/8941.json
襄,C,Xiāng,,họ [Xiang1],not-resolved,,,not-resolved,5,0,7,chars/8944.json
襆,C,fú,Bọc,(hình thức kết hợp) một loại khăn đội đầu nam giới thời cổ đại Trung Quốc (biến thể của 幞[fu2]); biến thể của 袱[fu2],not-resolved,,,not-resolved,0,0,7,chars/8946.json
襉,C,jiǎn,,,not-resolved,,,not-resolved,0,0,7,chars/8949.json
襋,C,jí,,cổ áo,not-resolved,,,not-resolved,0,0,7,chars/894B.json
襌,C,dān,Thiền,áo không có lớp lót,not-resolved,,,not-resolved,0,0,7,chars/894C.json
襕,C,lán,,áo dài (xưa),not-resolved,,,not-resolved,0,0,7,chars/8955.json
襚,C,suì,,quần áo liệm,not-resolved,,,not-resolved,0,0,7,chars/895A.json
襛,C,nóng,,ánh sáng rực rỡ; quần áo ấm,not-resolved,,,not-resolved,0,0,7,chars/895B.json
襜,C,chān,,vạt trước của quần áo,not-resolved,,,not-resolved,0,0,7,chars/895C.json
襞,B,bì,,nếp gấp; nếp gấp hoặc pli trong trang phục,resolved,衣,Bộ Y,record-radical,0,0,7,chars/895E.json
襟,C,jīn,,ve áo; phần vạt chồng của áo truyền thống Trung Quốc,not-resolved,,,not-resolved,6,0,7,chars/895F.json
襡,C,shú,,váy ngắn hoặc áo ngắn,not-resolved,,,not-resolved,0,0,7,chars/8961.json
襢,C,zhàn,,trang phục giản dị nhưng thanh lịch,not-resolved,,,not-resolved,0,0,7,chars/8962.json
襥,C,fú,,biến thể cũ của 襆[fu2],not-resolved,,,not-resolved,0,0,7,chars/8965.json
襦,B,rú,,áo khoác; áo ngắn,resolved,衣,Bộ Y,record-radical,0,0,7,chars/8966.json
襫,B,shì,,xem 襏襫|袯襫[bo2 shi4],resolved,衣,Bộ Y,record-radical,0,0,7,chars/896B.json
襭,C,xié,,mang bằng vạt trước của áo choàng,not-resolved,,,not-resolved,0,0,7,chars/896D.json
襮,C,bó,,cổ áo thêu; lộ ra,not-resolved,,,not-resolved,0,0,7,chars/896E.json
襶,C,dài,,không gọn gàng (về trang phục),not-resolved,,,not-resolved,0,0,7,chars/8976.json
襻,C,pàn,,"vòng; vòng đai, vòng dây",not-resolved,,,not-resolved,2,0,7,chars/897B.json
襼,C,yì,,ống tay áo của váy,not-resolved,,,not-resolved,0,0,7,chars/897C.json
襽,C,lán,,biến thể cũ của 襴|襕[lan2]; gấm,not-resolved,,,not-resolved,0,0,7,chars/897D.json
襾,B,yà,,"Che đậy, úp lên",resolved,襾,Bộ Á,self-radical,0,0,7,chars/897E.json
西,C,xī,Tây,tây,not-resolved,,,not-resolved,20,10,3,chars/897F.json
覀,C,xx,,che; cũng như 襾[ya4]; bộ Khang Hy số 146,not-resolved,,,not-resolved,0,0,7,chars/8980.json
要,C,yào,Yếu,nếu,not-resolved,,,not-resolved,20,10,2,chars/8981.json
覂,C,fěng,,hất ngã người cưỡi,not-resolved,,,not-resolved,0,0,7,chars/8982.json
覃,C,Qín,,họ [Qin2],not-resolved,,,not-resolved,1,0,7,chars/8983.json
覅,C,fiào,,viết tắt của 勿要; không được,not-resolved,,,not-resolved,0,0,7,chars/8985.json
覆,A,fù,,che phủ; tràn ra,resolved,襾,Bộ Á,record-radical,7,10,6,chars/8986.json
覉,C,jī,,biến thể của 羈|羁[ji1],not-resolved,,,not-resolved,0,0,7,chars/8989.json
覌,C,guān,,biến thể của 觀|观[guan1],not-resolved,,,not-resolved,0,0,7,chars/898C.json
覐,C,jiào,,biến thể cũ của 覺|觉[jiao4],not-resolved,,,not-resolved,0,0,7,chars/8990.json
覗,C,sī,,nhìn trộm,not-resolved,,,not-resolved,0,0,7,chars/8997.json
覚,C,jué,,biến thể tiếng Nhật của 覺|觉[jue2],not-resolved,,,not-resolved,0,0,7,chars/899A.json
覜,C,tiào,,yết kiến,not-resolved,,,not-resolved,0,0,7,chars/899C.json
覤,C,xì,,biến thể của 虩[xi4],not-resolved,,,not-resolved,0,0,7,chars/89A4.json
覧,C,lǎn,,biến thể Nhật Bản của 覽|览,not-resolved,,,not-resolved,0,0,7,chars/89A7.json
覰,C,qù,,biến thể của 覷|觑[qu4],not-resolved,,,not-resolved,0,0,7,chars/89B0.json
観,C,guān,,biến thể tiếng Nhật của 觀|观[guan1],not-resolved,,,not-resolved,0,0,7,chars/89B3.json
见,A,jiàn,Kiến,gặp,resolved,目,Bộ Mục,record-radical,20,10,1,chars/89C1.json
观,C,Guàn,Quan,họ [Guan4],not-resolved,,,not-resolved,20,10,4,chars/89C2.json
觃,C,yàn,,(dùng trong tên địa danh),not-resolved,,,not-resolved,0,0,7,chars/89C3.json
规,C,guī,,biến thể của 規|规[gui1],not-resolved,,,not-resolved,13,10,4,chars/89C4.json
觅,C,mì,,(văn học) tìm kiếm; tìm thấy,not-resolved,,,not-resolved,5,4,6,chars/89C5.json
视,C,shì,,biến thể của 視|视[shi4]; biến thể của 示[shi4],not-resolved,,,not-resolved,20,10,1,chars/89C6.json
觇,C,chān,,quan sát; theo dõi,not-resolved,,,not-resolved,1,0,7,chars/89C7.json
览,C,lǎn,Lãm,nhìn; xem,not-resolved,,,not-resolved,7,10,5,chars/89C8.json
觉,C,jiào,Giác,giấc ngủ,not-resolved,,,not-resolved,17,10,1,chars/89C9.json
觊,C,jì,,thèm muốn; khao khát,not-resolved,,,not-resolved,1,0,7,chars/89CA.json
觋,C,xí,,pháp sư,not-resolved,,,not-resolved,0,0,7,chars/89CB.json
觌,C,dí,,mặt đối mặt,not-resolved,,,not-resolved,0,0,7,chars/89CC.json
觍,C,tiǎn,,đáng xấu hổ; không biết xấu hổ,not-resolved,,,not-resolved,0,0,7,chars/89CD.json
觎,C,yú,,khao khát mãnh liệt,not-resolved,,,not-resolved,1,0,7,chars/89CE.json
觏,C,gòu,,hoàn thành; gặp bất ngờ,not-resolved,,,not-resolved,0,0,7,chars/89CF.json
觐,C,jìn,,(lịch sử) yết kiến Hoàng đế,not-resolved,,,not-resolved,2,0,7,chars/89D0.json
觑,C,qù,,"Liếc, nhìn trộm; nhìn kỹ, xem xét",not-resolved,,,not-resolved,3,2,7,chars/89D1.json
角,A,jiǎo,Góc,góc,resolved,角,"Bộ Giác, Giốc",self-radical,9,10,3,chars/89D2.json
觔,C,jīn,,biến thể của 筋[jin1]; biến thể của 斤[jin1],not-resolved,,,not-resolved,0,0,7,chars/89D4.json
觖,B,jué,,không hài lòng,resolved,角,"Bộ Giác, Giốc",record-radical,0,0,7,chars/89D6.json
觚,B,gū,,cái cốc; quy tắc,resolved,角,"Bộ Giác, Giốc",record-radical,1,0,7,chars/89DA.json
觜,B,zī,,"chòm sao số 20 trong Nhị thập bát tú 二十八宿, xấp xỉ chòm Lạp Hộ 獵戶座|猎户座",resolved,角,"Bộ Giác, Giốc",record-radical,0,0,7,chars/89DC.json
觝,C,dǐ,,húc; chống cự,not-resolved,,,not-resolved,0,0,7,chars/89DD.json
觞,B,shāng,,yến tiệc; cốc,resolved,角,"Bộ Giác, Giốc",record-radical,1,0,7,chars/89DE.json
觡,C,gé,Gạc,sừng; gạc,not-resolved,,,not-resolved,0,0,7,chars/89E1.json
解,A,jiě,Giải,"giải thích, hiểu",resolved,角,"Bộ Giác, Giốc",record-radical,20,10,3,chars/89E3.json
觥,B,gōng,,to; ly lớn làm từ sừng,resolved,角,"Bộ Giác, Giốc",record-radical,1,0,7,chars/89E5.json
触,A,chù,Xúc,chạm; tiếp xúc với cái gì,resolved,角,"Bộ Giác, Giốc",record-radical,10,10,5,chars/89E6.json
觧,C,jiě,,biến thể của 解[jie3],not-resolved,,,not-resolved,0,0,7,chars/89E7.json
觩,C,qiú,,cong lên; căng,not-resolved,,,not-resolved,0,0,7,chars/89E9.json
觫,B,sù,,dùng trong 觳觫[hu2 su4],resolved,角,"Bộ Giác, Giốc",record-radical,0,0,7,chars/89EB.json
觭,C,jī,,lẻ; một sừng lên và một sừng xuống,not-resolved,,,not-resolved,0,0,7,chars/89ED.json
觯,B,zhì,,ly có chân,resolved,角,"Bộ Giác, Giốc",record-radical,0,0,7,chars/89EF.json
觱,B,bì,,sốt; sừng Tartar,resolved,角,"Bộ Giác, Giốc",record-radical,0,0,7,chars/89F1.json
觳,B,hú,,đồ đo lường cổ (giống như 斛); sợ hãi,resolved,角,"Bộ Giác, Giốc",record-radical,0,0,7,chars/89F3.json
觵,C,gōng,,biến thể cũ của 觥[gong1],not-resolved,,,not-resolved,0,0,7,chars/89F5.json
觷,C,xué,,mài sừng,not-resolved,,,not-resolved,0,0,7,chars/89F7.json
觺,C,yí,,(sừng động vật) nhọn,not-resolved,,,not-resolved,0,0,7,chars/89FA.json
觼,C,jué,,khóa; cài,not-resolved,,,not-resolved,0,0,7,chars/89FC.json
觽,C,xī,,"biến thể của 觿, trâm ngà voi dùng để gỡ nút thắt",not-resolved,,,not-resolved,0,0,7,chars/89FD.json
觾,C,yàn,,"biến thể của 燕[yan4], chim én",not-resolved,,,not-resolved,0,0,7,chars/89FE.json
觿,C,xī,,dùi ngà để gỡ nút,not-resolved,,,not-resolved,0,0,7,chars/89FF.json
言,A,yán,Ngôn,từ; ngôn từ,resolved,言,Bộ Ngôn,self-radical,20,10,4,chars/8A00.json
訄,C,qiú,,(văn học) ép buộc ai đó; cưỡng bách ai đó,not-resolved,,,not-resolved,0,0,7,chars/8A04.json
訇,B,Hōng,,họ [Hong1],resolved,言,Bộ Ngôn,record-radical,1,0,7,chars/8A07.json
訑,C,yí,,kiêu ngạo; độc ác,not-resolved,,,not-resolved,0,0,7,chars/8A11.json
訚,B,Yín,,họ [Yin2],resolved,言,Bộ Ngôn,record-radical,0,0,7,chars/8A1A.json
訧,C,yóu,,lỗi; lầm,not-resolved,,,not-resolved,0,0,7,chars/8A27.json
訬,C,chāo,,ồn ào; náo động,not-resolved,,,not-resolved,0,0,7,chars/8A2C.json
訳,C,yì,,biến thể Nhật Bản của 譯|译[yi4],not-resolved,,,not-resolved,0,0,7,chars/8A33.json
訹,C,xù,,lừa phỉnh bằng chuyện bịa đặt,not-resolved,,,not-resolved,0,0,7,chars/8A39.json
訾,B,Zī,,họ [Zi1],resolved,言,Bộ Ngôn,record-radical,0,0,7,chars/8A3E.json
詅,C,líng,,bán,not-resolved,,,not-resolved,0,0,7,chars/8A45.json
詈,C,lì,,chửi; mắng,not-resolved,,,not-resolved,1,0,7,chars/8A48.json
詊,C,pàn,,lời nói khéo; làm vui lòng,not-resolved,,,not-resolved,0,0,7,chars/8A4A.json
詑,C,tuó,,lừa dối,not-resolved,,,not-resolved,0,0,7,chars/8A51.json
詟,C,zhé,,bị sợ hãi,not-resolved,,,not-resolved,0,0,7,chars/8A5F.json
詨,C,jiāo,,"một loại ve sầu, cosmopsaltria",not-resolved,,,not-resolved,0,0,7,chars/8A68.json
詸,C,mí,,biến thể của 謎|谜[mi2],not-resolved,,,not-resolved,0,0,7,chars/8A78.json
詹,B,Zhān,,họ [Zhan1],resolved,言,Bộ Ngôn,record-radical,3,0,7,chars/8A79.json
詻,C,è,,khắc nghiệt; khó gần,not-resolved,,,not-resolved,0,0,7,chars/8A7B.json
誂,C,tiǎo,,dụ dỗ,not-resolved,,,not-resolved,0,0,7,chars/8A82.json
誃,C,chǐ,,tách rời,not-resolved,,,not-resolved,0,0,7,chars/8A83.json
誉,C,yù,Dự,khen ngợi; tán dương,not-resolved,,,not-resolved,8,10,6,chars/8A89.json
誊,B,téng,,chép lại; sao chép,resolved,言,Bộ Ngôn,record-radical,2,0,7,chars/8A8A.json
誋,C,jì,,biến thể của 忌[jì],not-resolved,,,not-resolved,0,0,7,chars/8A8B.json
誓,A,shì,Thề,lời thề; lời hứa,resolved,言,Bộ Ngôn,record-radical,6,10,6,chars/8A93.json
誙,B,kēng,,(cổ) chắc chắn; đúng vậy!,resolved,言,Bộ Ngôn,record-radical,0,0,7,chars/8A99.json
誧,C,pǔ,,to lớn; khuyên răn,not-resolved,,,not-resolved,0,0,7,chars/8AA7.json
読,C,dú,,biến thể Nhật Bản của 讀|读[du2],not-resolved,,,not-resolved,0,0,7,chars/8AAD.json
誯,C,chàng,,(cổ) biến thể của 唱[chang4],not-resolved,,,not-resolved,0,0,7,chars/8AAF.json
諆,C,qī,,lừa dối; gian lận,not-resolved,,,not-resolved,0,0,7,chars/8AC6.json
諌,C,jiàn,,biến thể của 諫|谏[jian4],not-resolved,,,not-resolved,0,0,7,chars/8ACC.json
諕,C,háo,,hăm doạ,not-resolved,,,not-resolved,0,0,7,chars/8AD5.json
諵,C,nán,,lẩm bẩm lặp đi lặp lại,not-resolved,,,not-resolved,0,0,7,chars/8AF5.json
謆,C,shàn,,dụ dỗ; phỉnh phờ,not-resolved,,,not-resolved,0,0,7,chars/8B06.json
謇,B,jiǎn,,nói thẳng thắn,resolved,言,Bộ Ngôn,record-radical,0,0,7,chars/8B07.json
謋,C,huò,,tiếng thịt bị tách ra khỏi xương,not-resolved,,,not-resolved,0,0,7,chars/8B0B.json
謍,C,yíng,,âm thanh ngân nga,not-resolved,,,not-resolved,0,0,7,chars/8B0D.json
謑,C,xì,,xấu hổ; nhục nhã,not-resolved,,,not-resolved,0,0,7,chars/8B11.json
謡,C,yáo,,biến thể Nhật Bản của 謠|谣,not-resolved,,,not-resolved,0,0,7,chars/8B21.json
謦,B,qì,,ho nhẹ,resolved,言,Bộ Ngôn,record-radical,0,0,7,chars/8B26.json
謪,C,shāng,,tham khảo; thảo luận,not-resolved,,,not-resolved,0,0,7,chars/8B2A.json
謷,C,áo,,sự vĩ đại; phỉ báng,not-resolved,,,not-resolved,0,0,7,chars/8B37.json
謼,C,hū,,hô hào; kêu than,not-resolved,,,not-resolved,0,0,7,chars/8B3C.json
譅,C,sè,,nói nhiều; lắm lời,not-resolved,,,not-resolved,0,0,7,chars/8B45.json
譈,C,duì,,không thích; ghét,not-resolved,,,not-resolved,0,0,7,chars/8B48.json
譊,C,náo,,"tranh cãi, tranh chấp, tranh luận",not-resolved,,,not-resolved,0,0,7,chars/8B4A.json
譒,C,bò,,ban hành; lan truyền,not-resolved,,,not-resolved,0,0,7,chars/8B52.json
譡,C,dǎng,,biến thể cũ của 讜|谠[dang3],not-resolved,,,not-resolved,0,0,7,chars/8B61.json
警,A,jǐng,Khểnh,báo động; cảnh báo,resolved,言,Bộ Ngôn,record-radical,10,10,4,chars/8B66.json
譩,C,yī,,"biến thể của 噫, tiếng ừ (thán từ tán thành); ợ",not-resolved,,,not-resolved,0,0,7,chars/8B69.json
譬,A,pì,Thí,đưa ra ví dụ,resolved,言,Bộ Ngôn,record-radical,3,7,6,chars/8B6C.json
譱,C,shàn,,biến thể cổ của 善[shan4],not-resolved,,,not-resolved,0,0,7,chars/8B71.json
譲,C,ràng,,biến thể tiếng Nhật của 讓|让,not-resolved,,,not-resolved,0,0,7,chars/8B72.json
譶,C,tà,,nói nhanh,not-resolved,,,not-resolved,0,0,7,chars/8B76.json
譹,C,háo,,hét; gầm,not-resolved,,,not-resolved,0,0,7,chars/8B79.json
譾,C,jiǎn,,biến thể của 謭|谫[jian3],not-resolved,,,not-resolved,0,0,7,chars/8B7E.json
讆,C,wèi,,khoa trương; khó tin,not-resolved,,,not-resolved,0,0,7,chars/8B86.json
讇,C,chǎn,,nói mớ; biến thể cũ của 諂|谄[chan3],not-resolved,,,not-resolved,0,0,7,chars/8B87.json
讏,C,wèi,,biến thể của 讆[wei4],not-resolved,,,not-resolved,0,0,7,chars/8B8F.json
讐,C,chóu,,biến thể của 讎|雠[chou2],not-resolved,,,not-resolved,0,0,7,chars/8B90.json
讘,C,niè,,(cổ) nói nhiều; nói nhảm,not-resolved,,,not-resolved,0,0,7,chars/8B98.json
讟,C,dú,,,not-resolved,,,not-resolved,0,0,7,chars/8B9F.json
讠,B,yán,,"Lời nói, ngôn ngữ.",resolved,言,Bộ Ngôn,radical-variant,0,0,7,chars/8BA0.json
计,A,jì,Kể,tính toán,resolved,言,Bộ Ngôn,record-radical,20,10,4,chars/8BA1.json
订,A,dìng,Đính,"đặt, đặt hàng",resolved,言,Bộ Ngôn,record-radical,9,10,5,chars/8BA2.json
讣,B,fù,Phó,báo tang; cáo phó,resolved,言,Bộ Ngôn,record-radical,2,0,7,chars/8BA3.json
认,A,rèn,Nhận,nhận ra; biết,resolved,言,Bộ Ngôn,record-radical,16,10,1,chars/8BA4.json
讥,A,jī,,chế nhạo,resolved,言,Bộ Ngôn,record-radical,5,3,6,chars/8BA5.json
讦,C,jié,,buộc tội; tò mò tìm hiểu,not-resolved,,,not-resolved,1,0,7,chars/8BA6.json
讧,C,hòng,,xung đột; mất trật tự,not-resolved,,,not-resolved,1,0,7,chars/8BA7.json
讨,A,tǎo,Thảo,hỏi xin,resolved,言,Bộ Ngôn,record-radical,12,10,4,chars/8BA8.json
让,A,ràng,Nhường,cho phép,resolved,言,Bộ Ngôn,record-radical,9,10,2,chars/8BA9.json
讪,B,shàn,,chế nhạo; nhạo báng,resolved,言,Bộ Ngôn,record-radical,4,0,7,chars/8BAA.json
讫,B,qì,,kết thúc,resolved,言,Bộ Ngôn,record-radical,4,0,7,chars/8BAB.json
讬,C,tuō,Thác,biến thể giản thể không chuẩn của 託|托[tuo1],not-resolved,,,not-resolved,0,0,7,chars/8BAC.json
训,A,xùn,Huấn,giáo huấn,resolved,言,Bộ Ngôn,record-radical,6,10,5,chars/8BAD.json
议,A,yì,Nghị,thảo luận,resolved,言,Bộ Ngôn,record-radical,15,10,3,chars/8BAE.json
讯,A,xùn,,hỏi; hỏi thăm,resolved,言,Bộ Ngôn,record-radical,7,10,6,chars/8BAF.json
记,A,jì,Kí,ghi lại,resolved,言,Bộ Ngôn,record-radical,20,10,3,chars/8BB0.json
讱,C,rèn,,(văn học) chậm nói,not-resolved,,,not-resolved,0,0,7,chars/8BB1.json
讲,A,jiǎng,Giảng,"nói, kể",resolved,言,Bộ Ngôn,record-radical,10,10,3,chars/8BB2.json
讳,A,huì,Huý,tránh nhắc đến; từ cấm kỵ,resolved,言,Bộ Ngôn,record-radical,6,4,6,chars/8BB3.json
讴,B,ōu,,hát; ballad,resolved,言,Bộ Ngôn,record-radical,2,0,7,chars/8BB4.json
讵,B,jù,,sao (thán từ ngạc nhiên),resolved,言,Bộ Ngôn,record-radical,0,0,7,chars/8BB5.json
讶,A,yà,,kinh ngạc,resolved,言,Bộ Ngôn,record-radical,2,10,6,chars/8BB6.json
讷,B,nè,Dốt,nói chậm; không lưu loát,resolved,言,Bộ Ngôn,record-radical,6,0,7,chars/8BB7.json
许,A,xǔ,Hứa,cho phép,resolved,言,Bộ Ngôn,record-radical,13,10,4,chars/8BB8.json
讹,A,é,Ngoa,lỗi; sai,resolved,言,Bộ Ngôn,record-radical,6,5,7,chars/8BB9.json
论,A,Lún,Luận,"viết tắt của 論語|论语[Lun2 yu3], Luận Ngữ (của Khổng Tử)",resolved,言,Bộ Ngôn,record-radical,20,10,4,chars/8BBA.json
讼,A,sòng,Tụng,kiện tụng,resolved,言,Bộ Ngôn,record-radical,6,4,6,chars/8BBC.json
讽,A,fěng,Phúng,châm biếm; chế nhạo,resolved,言,Bộ Ngôn,record-radical,6,5,5,chars/8BBD.json
设,A,shè,Thết,thiết lập,resolved,言,Bộ Ngôn,record-radical,14,10,5,chars/8BBE.json
访,A,fǎng,Phỏng,(dạng kết hợp) thăm; đến thăm,resolved,言,Bộ Ngôn,record-radical,9,10,5,chars/8BBF.json
诀,C,jué,,từ biệt; biết quyết mẹo nghề,not-resolved,,,not-resolved,6,10,7,chars/8BC0.json
证,A,zhèng,Chứng,chứng chỉ,resolved,言,Bộ Ngôn,record-radical,20,10,4,chars/8BC1.json
诂,B,gǔ,,chú thích; giải thích,resolved,言,Bộ Ngôn,record-radical,1,0,7,chars/8BC2.json
诃,B,hē,,la mắng,resolved,言,Bộ Ngôn,record-radical,4,0,7,chars/8BC3.json
评,A,píng,Bình,đánh giá,resolved,言,Bộ Ngôn,record-radical,12,10,4,chars/8BC4.json
诅,B,zǔ,Trớ,nguyền rủa; thề (lời thề),resolved,言,Bộ Ngôn,record-radical,2,0,7,chars/8BC5.json
识,A,shí,,nhận biết,resolved,言,Bộ Ngôn,record-radical,17,10,1,chars/8BC6.json
诇,C,xiòng,,(văn học) do thám; dò xét,not-resolved,,,not-resolved,0,0,7,chars/8BC7.json
诈,A,zhà,Trá,lừa dối; lừa gạt,resolved,言,Bộ Ngôn,record-radical,8,10,6,chars/8BC8.json
诉,A,sù,,biến thể của 訴|诉[su4],resolved,言,Bộ Ngôn,record-radical,8,10,2,chars/8BC9.json
诊,A,zhěn,Chẩn,khám hoặc chữa trị y tế,resolved,言,Bộ Ngôn,record-radical,9,10,5,chars/8BCA.json
诋,B,dǐ,,phỉ báng; vu khống,resolved,言,Bộ Ngôn,record-radical,1,0,7,chars/8BCB.json
诌,B,zhōu,,bịa đặt (một câu chuyện); phiên âm Đài Loan [zou1],resolved,言,Bộ Ngôn,record-radical,3,0,7,chars/8BCC.json
词,A,cí,,từ,resolved,言,Bộ Ngôn,record-radical,14,10,3,chars/8BCD.json
诎,B,qū,,uốn cong; nhượng bộ,resolved,言,Bộ Ngôn,record-radical,0,0,7,chars/8BCE.json
诏,C,zhào,Chiếu,(văn học) khiển trách; (dạng cố định) chiếu chỉ hoàng gia,not-resolved,,,not-resolved,6,0,7,chars/8BCF.json
诐,C,bì,,không công bằng; nịnh nọt,not-resolved,,,not-resolved,0,0,7,chars/8BD0.json
译,A,yì,Dịch,dịch,resolved,言,Bộ Ngôn,record-radical,6,10,4,chars/8BD1.json
诒,B,yí,,(cổ) dâng; tặng lại,resolved,言,Bộ Ngôn,record-radical,0,0,7,chars/8BD2.json
诓,B,kuāng,,lừa dối; lừa gạt,resolved,言,Bộ Ngôn,record-radical,1,0,7,chars/8BD3.json
诔,B,lěi,,ca ngợi người đã khuất; điếu văn,resolved,言,Bộ Ngôn,record-radical,0,0,7,chars/8BD4.json
试,A,shì,Thí,thử,resolved,言,Bộ Ngôn,record-radical,17,10,3,chars/8BD5.json
诖,B,guà,,lừa dối; quấy rầy,resolved,言,Bộ Ngôn,record-radical,0,0,7,chars/8BD6.json
诗,A,shī,Thi,"bài thơ, thơ ca",resolved,言,Bộ Ngôn,record-radical,7,10,5,chars/8BD7.json
诘,B,jié,Cật,điều tra; kiềm chế,resolved,言,Bộ Ngôn,record-radical,3,0,7,chars/8BD8.json
诙,B,huī,,kỳ quặc; hài hước,resolved,言,Bộ Ngôn,record-radical,1,0,7,chars/8BD9.json
诚,A,chéng,Thành,(hình thức bó buộc) chân thành; xác thực; (văn học) thật sự; quả thật,resolved,言,Bộ Ngôn,record-radical,13,10,4,chars/8BDA.json
诛,B,zhū,Tru,xử tử (một tội phạm); trừng phạt,resolved,言,Bộ Ngôn,record-radical,6,0,7,chars/8BDB.json
诜,B,shēn,,thông báo; hỏi thăm,resolved,言,Bộ Ngôn,record-radical,0,0,7,chars/8BDC.json
话,A,huà,Thoại,câu nói,resolved,言,Bộ Ngôn,record-radical,20,10,1,chars/8BDD.json
诞,A,dàn,,sinh; sinh nhật,resolved,言,Bộ Ngôn,record-radical,7,10,6,chars/8BDE.json
诟,B,gòu,,ô nhục; chửi bới,resolved,言,Bộ Ngôn,record-radical,1,0,7,chars/8BDF.json
诠,B,quán,,giải thích; bình luận,resolved,言,Bộ Ngôn,record-radical,2,0,7,chars/8BE0.json
诡,B,guǐ,,(dạng kết hợp) xảo trá; gian xảo; (văn học) kỳ lạ; kỳ quái,resolved,言,Bộ Ngôn,record-radical,6,0,7,chars/8BE1.json
询,A,xún,,hỏi về; tìm hiểu về,resolved,言,Bộ Ngôn,record-radical,6,10,5,chars/8BE2.json
诣,C,yì,,đi (thăm người cấp trên); trình độ hiện tại trong học vấn hoặc nghệ thuật,not-resolved,,,not-resolved,2,1,7,chars/8BE3.json
诤,C,zhèng,,khuyên răn; cảnh báo ai về lỗi lầm,not-resolved,,,not-resolved,2,0,7,chars/8BE4.json
该,A,gāi,,nên,resolved,言,Bộ Ngôn,record-radical,6,10,3,chars/8BE5.json
详,A,xiáng,Tường,chi tiết; toàn diện,resolved,言,Bộ Ngôn,record-radical,6,10,4,chars/8BE6.json
诧,A,chà,,ngạc nhiên; kinh ngạc,resolved,言,Bộ Ngôn,record-radical,2,6,6,chars/8BE7.json
诨,B,hùn,,lời đùa; tên hiệu,resolved,言,Bộ Ngôn,record-radical,2,0,7,chars/8BE8.json
诩,B,xǔ,,khoe khoang; phổ biến,resolved,言,Bộ Ngôn,record-radical,1,0,7,chars/8BE9.json
诪,C,zhōu,,(văn học) nguyền rủa; lừa dối,not-resolved,,,not-resolved,0,0,7,chars/8BEA.json
诫,C,jiè,,điều răn; cấm,not-resolved,,,not-resolved,6,3,6,chars/8BEB.json
诬,C,wū,Vu,vu cáo,not-resolved,,,not-resolved,6,0,6,chars/8BEC.json
语,A,yǔ,Ngữ,phương ngữ; ngôn ngữ,resolved,言,Bộ Ngôn,record-radical,20,10,1,chars/8BED.json
诮,B,qiào,,chế nhạo; đổ lỗi,resolved,言,Bộ Ngôn,record-radical,1,0,7,chars/8BEE.json
误,A,wù,,sai lầm,resolved,言,Bộ Ngôn,record-radical,9,10,4,chars/8BEF.json
诰,C,gào,,khẩn dặn; phong tặng (danh hiệu),not-resolved,,,not-resolved,0,0,7,chars/8BF0.json
诱,C,yòu,Dụ,(văn học) dụ dỗ; lôi kéo,not-resolved,,,not-resolved,6,10,6,chars/8BF1.json
诲,B,huì,Hối,dạy; dạy bảo,resolved,言,Bộ Ngôn,record-radical,3,0,7,chars/8BF2.json
诳,C,kuáng,,lừa dối; lừa gạt; sai sự thật; nói dối,not-resolved,,,not-resolved,1,0,7,chars/8BF3.json
说,A,shuō,Thuyết,nói,resolved,言,Bộ Ngôn,record-radical,20,10,1,chars/8BF4.json
诵,A,sòng,Tụng,đọc to; đọc thuộc lòng,resolved,言,Bộ Ngôn,record-radical,6,10,6,chars/8BF5.json
诶,C,ēi,,này (để gọi ai đó),not-resolved,,,not-resolved,0,0,7,chars/8BF6.json
请,A,qǐng,Thỉnh,mời,resolved,言,Bộ Ngôn,record-radical,15,10,1,chars/8BF7.json
诸,A,Zhū,Chư,họ [Zhu1],resolved,言,Bộ Ngôn,record-radical,6,10,6,chars/8BF8.json
诹,C,zōu,,lựa chọn; tham khảo ý kiến,not-resolved,,,not-resolved,0,0,7,chars/8BF9.json
诺,A,nuò,Nặc,đồng ý; hứa,resolved,言,Bộ Ngôn,record-radical,7,10,6,chars/8BFA.json
读,A,dú,Độc,đọc,resolved,言,Bộ Ngôn,record-radical,10,10,1,chars/8BFB.json
诼,B,zhuó,,phàn nàn,resolved,言,Bộ Ngôn,record-radical,0,0,7,chars/8BFC.json
诽,A,fěi,,vu khống,resolved,言,Bộ Ngôn,record-radical,1,3,6,chars/8BFD.json
课,A,kè,Khoá,bài học,resolved,言,Bộ Ngôn,record-radical,14,10,2,chars/8BFE.json
诿,B,wěi,,trốn tránh; đổ lỗi,resolved,言,Bộ Ngôn,record-radical,1,0,7,chars/8BFF.json
谀,B,yú,Hùa,tâng bốc,resolved,言,Bộ Ngôn,record-radical,3,0,7,chars/8C00.json
谁,A,shéi,,ai,resolved,言,Bộ Ngôn,record-radical,3,10,1,chars/8C01.json
谂,C,shěn,,biết; khiển trách,not-resolved,,,not-resolved,0,0,7,chars/8C02.json
调,A,diào,Điều,điều chỉnh,resolved,言,Bộ Ngôn,record-radical,20,10,3,chars/8C03.json
谄,B,chǎn,Siểm,nịnh hót; tâng bốc,resolved,言,Bộ Ngôn,record-radical,2,0,7,chars/8C04.json
谅,A,liàng,Lượng,thể hiện sự thông cảm; tha thứ,resolved,言,Bộ Ngôn,record-radical,4,10,4,chars/8C05.json
谆,C,zhūn,,lặp đi lặp lại (khi khuyên nhủ); chân thành,not-resolved,,,not-resolved,2,2,7,chars/8C06.json
谇,B,suì,,chửi bới,resolved,言,Bộ Ngôn,record-radical,0,0,7,chars/8C07.json
谈,A,tán,Đàm,"nói chuyện, tán gẫu",resolved,言,Bộ Ngôn,record-radical,20,10,4,chars/8C08.json
谉,C,shěn,,điều tra; xét xử (trong tòa án),not-resolved,,,not-resolved,0,0,7,chars/8C09.json
谊,C,yì,,tình bạn; cũng đọc là [yi2],not-resolved,,,not-resolved,7,10,4,chars/8C0A.json
谋,A,móu,Mưu,lên kế hoạch; tìm kiếm,resolved,言,Bộ Ngôn,record-radical,10,10,6,chars/8C0B.json
谌,B,Chén,Thầm,họ [Chen2],resolved,言,Bộ Ngôn,record-radical,0,0,7,chars/8C0C.json
谍,A,dié,Điệp,do thám,resolved,言,Bộ Ngôn,record-radical,3,7,6,chars/8C0D.json
谎,A,huǎng,,lời nói dối; nói dối,resolved,言,Bộ Ngôn,record-radical,6,10,6,chars/8C0E.json
谏,B,Jiàn,Gián,họ [Jian4],resolved,言,Bộ Ngôn,record-radical,4,0,7,chars/8C0F.json
谐,A,xié,Hài,(hình thức kết hợp) hòa hợp; (hình thức kết hợp) hài hước,resolved,言,Bộ Ngôn,record-radical,6,7,6,chars/8C10.json
谑,C,xuè,Hước,vui đùa; đùa giỡn,not-resolved,,,not-resolved,6,0,7,chars/8C11.json
谒,B,yè,Yết,thăm (bề trên),resolved,言,Bộ Ngôn,record-radical,4,0,7,chars/8C12.json
谓,A,Wèi,,họ [Wei4],resolved,言,Bộ Ngôn,record-radical,6,10,5,chars/8C13.json
谔,B,è,,lời nói thẳng thắn,resolved,言,Bộ Ngôn,record-radical,0,0,7,chars/8C14.json
谕,B,yù,Dụ,mệnh lệnh (từ cấp trên),resolved,言,Bộ Ngôn,record-radical,6,0,7,chars/8C15.json
谖,B,xuān,,lừa dối; quên,resolved,言,Bộ Ngôn,record-radical,0,0,7,chars/8C16.json
谗,B,chán,Sàm,vu khống; phỉ báng,resolved,言,Bộ Ngôn,record-radical,3,0,7,chars/8C17.json
谘,C,zī,,biến thể của 咨[zi1],not-resolved,,,not-resolved,0,0,7,chars/8C18.json
谙,B,ān,Am,thông thạo; biết rõ,resolved,言,Bộ Ngôn,record-radical,1,0,7,chars/8C19.json
谚,C,yàn,Ngạn,tục ngữ,not-resolved,,,not-resolved,4,0,7,chars/8C1A.json
谛,B,dì,,xem xét; sự thật (Phật giáo),resolved,言,Bộ Ngôn,record-radical,3,0,7,chars/8C1B.json
谜,C,mí,Mê,câu đố,not-resolved,,,not-resolved,7,10,6,chars/8C1C.json
谝,B,piǎn,,khoe khoang,resolved,言,Bộ Ngôn,record-radical,0,0,7,chars/8C1D.json
谞,C,xū,,(văn học) tài năng và trí tuệ; mưu kế,not-resolved,,,not-resolved,0,0,7,chars/8C1E.json
谟,B,mó,Mô,kế hoạch; lên kế hoạch,resolved,言,Bộ Ngôn,record-radical,2,0,7,chars/8C1F.json
谠,B,dǎng,,trung thực; thẳng thắn,resolved,言,Bộ Ngôn,record-radical,0,0,7,chars/8C20.json
谡,B,sù,,điềm tĩnh; đứng dậy,resolved,言,Bộ Ngôn,record-radical,0,0,7,chars/8C21.json
谢,A,Xiè,Tạ,họ [Xie4],resolved,言,Bộ Ngôn,record-radical,8,10,1,chars/8C22.json
谣,A,yáo,Dao,ballad phổ biến; tin đồn,resolved,言,Bộ Ngôn,record-radical,6,7,6,chars/8C23.json
谤,A,bàng,Báng,phỉ báng; bôi nhọ,resolved,言,Bộ Ngôn,record-radical,2,3,6,chars/8C24.json
谥,B,shì,,thuỵ hiệu; phong thuỵ hiệu,resolved,言,Bộ Ngôn,record-radical,0,0,7,chars/8C25.json
谦,A,qiān,Khiêm,khiêm tốn,resolved,言,Bộ Ngôn,record-radical,6,10,5,chars/8C26.json
谧,B,mì,,yên tĩnh,resolved,言,Bộ Ngôn,record-radical,3,0,7,chars/8C27.json
谨,A,jǐn,Cẩn,cẩn thận; tỉ mỉ,resolved,言,Bộ Ngôn,record-radical,6,10,5,chars/8C28.json
谩,B,mán,,lừa dối,resolved,言,Bộ Ngôn,record-radical,1,0,7,chars/8C29.json
谪,B,zhé,Trích,giáng chức quan cao xuống vị trí nhỏ ở vùng xa (hình phạt thời Trung Quốc phong kiến); đày hoặc lưu đày,resolved,言,Bộ Ngôn,record-radical,3,0,7,chars/8C2A.json
谫,B,jiǎn,,nông cạn; hời hợt,resolved,言,Bộ Ngôn,record-radical,0,0,7,chars/8C2B.json
谬,A,miù,,lừa dối; nhầm lẫn,resolved,言,Bộ Ngôn,record-radical,6,6,6,chars/8C2C.json
谭,B,Tán,,họ [Tan2],resolved,言,Bộ Ngôn,record-radical,6,0,7,chars/8C2D.json
谮,B,zèn,,vu khống,resolved,言,Bộ Ngôn,record-radical,0,0,7,chars/8C2E.json
谯,B,Qiáo,,họ [Qiao2],resolved,言,Bộ Ngôn,record-radical,3,0,7,chars/8C2F.json
谰,B,lán,,vu cáo,resolved,言,Bộ Ngôn,record-radical,2,0,7,chars/8C30.json
谱,A,pǔ,Phả,nốt nhạc,resolved,言,Bộ Ngôn,record-radical,7,8,6,chars/8C31.json
谲,C,jué,Quyệt,xảo trá,not-resolved,,,not-resolved,2,0,7,chars/8C32.json
谳,B,yàn,,phán quyết tư pháp,resolved,言,Bộ Ngôn,record-radical,0,0,7,chars/8C33.json
谴,A,qiǎn,Khiển,khiển trách; phê bình,resolved,言,Bộ Ngôn,record-radical,2,4,6,chars/8C34.json
谵,C,zhān,,(văn học) nói sảng; nói mê,not-resolved,,,not-resolved,0,0,7,chars/8C35.json
谶,B,chèn,,lời tiên tri; điềm báo,resolved,言,Bộ Ngôn,record-radical,2,0,7,chars/8C36.json
谷,A,gǔ,Cốc,ngũ cốc; bắp,resolved,谷,Bộ Cốc,self-radical,6,10,6,chars/8C37.json
谽,C,hān,,một cái miệng hoặc khe hở,not-resolved,,,not-resolved,0,0,7,chars/8C3D.json
豁,A,huō,,mở rộng,resolved,谷,Bộ Cốc,record-radical,6,7,7,chars/8C41.json
豅,C,lóng,,thung lũng dài và rộng,not-resolved,,,not-resolved,0,0,7,chars/8C45.json
豆,A,dòu,Đậu,cây họ đậu; đậu hạt,resolved,豆,Bộ Đậu,self-radical,6,10,5,chars/8C46.json
豇,B,jiāng,,đậu đũa; đậu trắng,resolved,豆,Bộ Đậu,record-radical,1,0,7,chars/8C47.json
豉,B,chǐ,Xị,đậu lên men muối,resolved,豆,Bộ Đậu,record-radical,2,0,7,chars/8C49.json
豊,C,fēng,,biến thể của 豐|丰[feng1],not-resolved,,,not-resolved,0,0,7,chars/8C4A.json
豋,C,dēng,,đồ dùng nghi lễ,not-resolved,,,not-resolved,0,0,7,chars/8C4B.json
豌,B,wān,,đậu Hà Lan,resolved,豆,Bộ Đậu,record-radical,3,0,7,chars/8C4C.json
豍,C,bī,,đậu Hà Lan (Pisum sativum),not-resolved,,,not-resolved,0,0,7,chars/8C4D.json
豏,C,xiàn,,đậu nửa lớn; biến thể của 餡|馅[xian4],not-resolved,,,not-resolved,0,0,7,chars/8C4F.json
豑,C,zhì,,biến thể cũ của 秩[zhi4],not-resolved,,,not-resolved,0,0,7,chars/8C51.json
豕,B,shǐ,Thỉ,Con lợn,resolved,豕,Bộ Thỉ,self-radical,1,0,7,chars/8C55.json
豖,C,chù,,lợn bị xích,not-resolved,,,not-resolved,0,0,7,chars/8C56.json
豗,C,huī,,va chạm; tiếng lợn kêu,not-resolved,,,not-resolved,0,0,7,chars/8C57.json
豚,C,tún,,lợn sữa,not-resolved,,,not-resolved,6,0,7,chars/8C5A.json
豜,C,jiān,,lợn đã trưởng thành; lợn 3 tuổi,not-resolved,,,not-resolved,0,0,7,chars/8C5C.json
豝,C,bā,,thịt bò muối; lợn cái,not-resolved,,,not-resolved,0,0,7,chars/8C5D.json
豞,C,hòu,,tiếng lợn kêu ủn ỉn,not-resolved,,,not-resolved,0,0,7,chars/8C5E.json
象,C,xiàng,Tượng,voi; LT:隻|只[zhi1],not-resolved,,,not-resolved,11,10,4,chars/8C61.json
豢,B,huàn,,nuôi; dưỡng (động vật),resolved,豕,Bộ Thỉ,record-radical,1,0,7,chars/8C62.json
豣,C,jiān,,biến thể của 豜[jian1],not-resolved,,,not-resolved,0,0,7,chars/8C63.json
豦,B,qú,,lợn rừng; chiến đấu,resolved,豕,Bộ Thỉ,record-radical,0,0,7,chars/8C66.json
豨,C,xī,,lợn,not-resolved,,,not-resolved,0,0,7,chars/8C68.json
豩,C,bīn,,,not-resolved,,,not-resolved,0,0,,chars/8C69.json
豪,A,háo,Hào,hùng vĩ; anh hùng,resolved,豕,Bộ Thỉ,record-radical,6,10,5,chars/8C6A.json
豫,C,Yù,,viết tắt của tỉnh Hà Nam 河南 ở Trung Quốc miền trung,not-resolved,,,not-resolved,6,10,5,chars/8C6B.json
豭,C,jiā,,lợn đực; heo đực,not-resolved,,,not-resolved,0,0,7,chars/8C6D.json
豮,C,fén,,heo bị thiến,not-resolved,,,not-resolved,0,0,7,chars/8C6E.json
豱,B,wēn,,lợn đầu ngắn,resolved,豕,Bộ Thỉ,record-radical,0,0,7,chars/8C71.json
豳,B,Bīn,,tên một huyện cổ ở Thiểm Tây; biến thể của 彬[bin1],resolved,山,Bộ Sơn,record-radical,0,0,7,chars/8C73.json
豵,C,zōng,,bầy heo; con heo nhỏ,not-resolved,,,not-resolved,0,0,7,chars/8C75.json
豷,C,yì,,hơi thở của heo,not-resolved,,,not-resolved,0,0,7,chars/8C77.json
豸,B,zhì,Trại,"Loài bò sát, loài sâu không có chân gọi là ""trĩ"" 豸, sâu có chân gọi là ""trùng"" 虫",resolved,豸,Bộ Trĩ,self-radical,1,0,7,chars/8C78.json
豹,A,bào,Beo,báo,resolved,豸,Bộ Trĩ,record-radical,7,4,7,chars/8C79.json
豺,A,chái,Sài,động vật giống chó; quái thú tham lam,resolved,豸,Bộ Trĩ,record-radical,5,2,7,chars/8C7A.json
豻,B,àn,,nhà giam,resolved,豸,Bộ Trĩ,record-radical,0,0,7,chars/8C7B.json
貂,B,diāo,,chồn zibelin hoặc chồn marten (chi Martes),resolved,豸,Bộ Trĩ,record-radical,6,0,7,chars/8C82.json
貅,B,xiū,Hươu,"xem 貔貅[pi2 xiu1], con vật thần thoại tổng hợp (gốc là 貅 chỉ con cái)",resolved,豸,Bộ Trĩ,record-radical,1,0,7,chars/8C85.json
貆,C,huán,,con lửng,not-resolved,,,not-resolved,0,0,7,chars/8C86.json
貇,C,kūn,,,not-resolved,,,not-resolved,0,0,,chars/8C87.json
貉,B,hé,,"chó gấu trúc (Nyctereutes procyonoides); chó gấu trúc Bắc Trung Quốc, Hàn Quốc và Nhật Bản (tiếng Nhật: tanuki)",resolved,豸,Bộ Trĩ,record-radical,1,0,7,chars/8C89.json
貊,C,mò,,tên của một bộ tộc hoang dã; im lặng,not-resolved,,,not-resolved,0,0,7,chars/8C8A.json
貌,C,mào,,diện mạo,not-resolved,,,not-resolved,8,10,4,chars/8C8C.json
貔,B,pí,,"xem 貔貅[pi2 xiu1], loài vật thần thoại tổng hợp (nguyên gốc 貔 là giống đực)",resolved,豸,Bộ Trĩ,record-radical,1,0,7,chars/8C94.json
貘,B,mò,,lợn vòi,resolved,豸,Bộ Trĩ,record-radical,0,0,7,chars/8C98.json
貜,C,jué,,(vượn),not-resolved,,,not-resolved,0,0,7,chars/8C9C.json
貤,C,yí,,thăng chức; thưởng,not-resolved,,,not-resolved,0,0,7,chars/8CA4.json
賌,C,gāi,,biến thể cũ của 賅|赅[gai1],not-resolved,,,not-resolved,0,0,7,chars/8CCC.json
賏,C,yìng,,chuỗi ngọc trai hoặc vỏ sò xâu lại với nhau,not-resolved,,,not-resolved,0,0,7,chars/8CCF.json
賝,C,chēn,,(ngọc),not-resolved,,,not-resolved,0,0,7,chars/8CDD.json
賥,C,suì,Đút,tiền bạc và tài sản,not-resolved,,,not-resolved,0,0,7,chars/8CE5.json
賨,C,cóng,,cống nạp của các bộ lạc triều Hán,not-resolved,,,not-resolved,0,0,7,chars/8CE8.json
賮,C,jìn,,quà chia tay,not-resolved,,,not-resolved,0,0,7,chars/8CEE.json
賸,C,shèng,,còn lại; phồn thể của 剩[sheng4],not-resolved,,,not-resolved,0,0,7,chars/8CF8.json
贉,C,tǎn,,trả trước; bìa sách lụa,not-resolved,,,not-resolved,0,0,7,chars/8D09.json
贕,C,dú,,gà chết lưu (trong trứng chưa nở); biến thể của 殰|㱩[du2],not-resolved,,,not-resolved,0,0,7,chars/8D15.json
贝,A,Bèi,Buổi,họ [Bei4],resolved,貝,Bộ Bối,radical-variant,7,10,5,chars/8D1D.json
贞,C,zhēn,Trinh,trinh tiết,not-resolved,,,not-resolved,6,4,7,chars/8D1E.json
负,A,fù,Phụ,chịu trách nhiệm,resolved,人,Bộ Nhân,record-radical,14,10,4,chars/8D1F.json
贠,C,yuán,,biến thể cũ của 員|员[yuan2],not-resolved,,,not-resolved,0,0,7,chars/8D20.json
贡,A,Gòng,Cống,họ [Gong4],resolved,貝,Bộ Bối,record-radical,6,10,5,chars/8D21.json
财,A,cái,Tài,tiền; tài sản,resolved,貝,Bộ Bối,record-radical,11,10,5,chars/8D22.json
责,A,zé,Trách,bổn phận; trách nhiệm,resolved,貝,Bộ Bối,record-radical,9,10,4,chars/8D23.json
贤,A,xián,Hiền,người tài đức; cách xưng tôn trọng với người cùng thế hệ hoặc nhỏ hơn,resolved,貝,Bộ Bối,record-radical,6,5,6,chars/8D24.json
败,A,bài,Bại,thất bại,resolved,攴,Bộ Phộc,record-radical,7,10,4,chars/8D25.json
账,A,zhàng,,tài khoản,resolved,貝,Bộ Bối,record-radical,8,10,5,chars/8D26.json
货,A,huò,Hoá,hàng hóa,resolved,貝,Bộ Bối,record-radical,11,10,4,chars/8D27.json
质,A,zhì,Chất,tính cách; bản chất,resolved,斤,Bộ Cân,record-radical,20,10,4,chars/8D28.json
贩,A,fàn,,kinh doanh; mua bán,resolved,貝,Bộ Bối,record-radical,6,8,6,chars/8D29.json
贪,A,tān,Tham,tham lam,resolved,貝,Bộ Bối,record-radical,7,10,6,chars/8D2A.json
贫,C,pín,Bần,"Nghèo, nghèo khó",not-resolved,,,not-resolved,7,10,6,chars/8D2B.json
贬,C,biǎn,Biếm,"Giáng chức; chê bai, hạ thấp; giảm giá",not-resolved,,,not-resolved,6,7,6,chars/8D2C.json
购,A,gòu,,mua,resolved,貝,Bộ Bối,record-radical,8,10,4,chars/8D2D.json
贮,C,zhù,Trữ,lưu trữ; tích trữ,not-resolved,,,not-resolved,5,4,7,chars/8D2E.json
贯,A,guàn,Quan,xuyên qua; đi qua,resolved,貝,Bộ Bối,record-radical,8,10,6,chars/8D2F.json
贰,C,èr,Nhị,hai (chữ số phòng chống gian lận của ngân hàng); phản bội,not-resolved,,,not-resolved,2,0,7,chars/8D30.json
贱,C,jiàn,Tiện,rẻ tiền,not-resolved,,,not-resolved,6,0,7,chars/8D31.json
贲,C,bì,,,not-resolved,,,not-resolved,0,0,,chars/8D32.json
贳,B,shì,Thởi,mượn; mua chịu,resolved,貝,Bộ Bối,record-radical,0,0,7,chars/8D33.json
贴,A,tiē,,dán,resolved,貝,Bộ Bối,record-radical,9,10,5,chars/8D34.json
贵,C,guì,Quý,đắt,not-resolved,,,not-resolved,14,10,2,chars/8D35.json
贶,B,kuàng,,ban tặng; phong tặng,resolved,貝,Bộ Bối,record-radical,0,0,7,chars/8D36.json
贷,A,dài,,cho vay lấy lãi; vay,resolved,貝,Bộ Bối,record-radical,6,10,5,chars/8D37.json
贸,A,mào,,thương mại; mậu dịch,resolved,貝,Bộ Bối,record-radical,6,10,5,chars/8D38.json
费,A,fèi,Phí,phí,resolved,貝,Bộ Bối,record-radical,20,10,4,chars/8D39.json
贺,A,Hè,Hạ,họ [He4],resolved,貝,Bộ Bối,record-radical,7,10,4,chars/8D3A.json
贻,B,yí,,tặng; để lại,resolved,貝,Bộ Bối,record-radical,6,0,7,chars/8D3B.json
贼,C,zéi,Tặc,kẻ trộm,not-resolved,,,not-resolved,6,2,6,chars/8D3C.json
贽,B,zhì,,quà tặng cho cấp trên,resolved,貝,Bộ Bối,record-radical,1,0,7,chars/8D3D.json
贾,A,Jiǎ,,họ [Jia3],resolved,貝,Bộ Bối,record-radical,6,4,7,chars/8D3E.json
贿,C,huì,,(dạng kết hợp) hối lộ,not-resolved,,,not-resolved,6,7,6,chars/8D3F.json
赀,B,zī,,ước tính; phạt tiền (cổ),resolved,貝,Bộ Bối,record-radical,0,0,7,chars/8D40.json
赁,C,lìn,,thuê,not-resolved,,,not-resolved,1,3,6,chars/8D41.json
赂,A,lù,Lộ,"Tiền bạc, của cải, vật quý.",resolved,貝,Bộ Bối,record-radical,1,2,,chars/8D42.json
赃,A,zāng,Tang,hàng ăn cắp; đồ cướp được,resolved,貝,Bộ Bối,record-radical,6,5,7,chars/8D43.json
资,A,zī,,tài nguyên; vốn,resolved,貝,Bộ Bối,record-radical,20,10,4,chars/8D44.json
赅,B,Gāi,,họ [Gai1],resolved,貝,Bộ Bối,record-radical,1,0,7,chars/8D45.json
赆,B,jìn,,quà tặng ly biệt,resolved,貝,Bộ Bối,record-radical,0,0,7,chars/8D46.json
赇,C,qiú,,hối lộ,not-resolved,,,not-resolved,0,0,7,chars/8D47.json
赈,B,zhèn,,cứu trợ; hỗ trợ,resolved,貝,Bộ Bối,record-radical,5,0,7,chars/8D48.json
赉,B,lài,,ban tặng; phong tặng,resolved,貝,Bộ Bối,record-radical,3,0,7,chars/8D49.json
赊,B,shē,,mua hoặc bán chịu; xa,resolved,貝,Bộ Bối,record-radical,4,0,7,chars/8D4A.json
赋,C,fù,Phú,bài thơ phú; sự đánh thuế,not-resolved,,,not-resolved,6,10,6,chars/8D4B.json
赌,A,dǔ,Đổ,đánh bạc,resolved,貝,Bộ Bối,record-radical,6,6,6,chars/8D4C.json
赍,C,jī,,tặng (quà); ôm giữ (cảm xúc),not-resolved,,,not-resolved,0,0,7,chars/8D4D.json
赎,C,shú,Chuộc,chuộc lại,not-resolved,,,not-resolved,6,1,7,chars/8D4E.json
赏,A,shǎng,Thưởng,thưởng thức,resolved,貝,Bộ Bối,record-radical,8,10,5,chars/8D4F.json
赐,A,cì,,ban cho,resolved,貝,Bộ Bối,record-radical,7,8,7,chars/8D50.json
赑,C,bì,,xem 贔屭|赑屃[Bi4 xi4],not-resolved,,,not-resolved,0,0,7,chars/8D51.json
赒,B,zhōu,,cứu trợ người nghèo; bố thí,resolved,貝,Bộ Bối,record-radical,0,0,7,chars/8D52.json
赓,B,gēng,,tiếp tục (như một bài hát),resolved,貝,Bộ Bối,record-radical,0,0,7,chars/8D53.json
赔,A,péi,,bị lỗ,resolved,貝,Bộ Bối,record-radical,6,10,5,chars/8D54.json
赕,B,dǎn,,(tiếng man di cổ) nộp phạt để chuộc tội; sông,resolved,貝,Bộ Bối,record-radical,0,0,7,chars/8D55.json
赖,A,lài,,đổ lỗi,resolved,貝,Bộ Bối,record-radical,7,10,6,chars/8D56.json
赗,C,fèng,Phúng,"(văn học) tặng quà (tiền, v.v.) cho gia đình tang quyến; đóng góp chi phí tang lễ",not-resolved,,,not-resolved,0,0,7,chars/8D57.json
赘,C,zhuì,,(hình thức ghép) thừa thãi; (hình thức ghép) (người đàn ông) chuyển đến ở nhà vợ sau khi kết hôn; (bố mẹ cô dâu) cho chú rể vào ở rể,not-resolved,,,not-resolved,6,0,7,chars/8D58.json
赙,B,fù,,đóng góp chi phí tang lễ,resolved,貝,Bộ Bối,record-radical,0,0,7,chars/8D59.json
赚,A,zhuàn,,kiếm lợi,resolved,貝,Bộ Bối,record-radical,3,7,4,chars/8D5A.json
赛,A,sài,,thi đấu; trận đấu,resolved,貝,Bộ Bối,record-radical,14,10,3,chars/8D5B.json
赜,B,zé,,huyền bí,resolved,臣,Bộ Thần,record-radical,0,0,7,chars/8D5C.json
赝,C,yàn,,biến thể của 贗|赝[yan4],not-resolved,,,not-resolved,1,0,7,chars/8D5D.json
赞,A,zàn,,biến thể của 讚|赞[zan4],resolved,貝,Bộ Bối,record-radical,11,10,5,chars/8D5E.json
赟,C,yūn,,diện mạo tốt,not-resolved,,,not-resolved,0,0,7,chars/8D5F.json
赠,A,zèng,Tặng,tặng; đẩy lùi,resolved,貝,Bộ Bối,record-radical,7,10,6,chars/8D60.json
赡,A,shàn,Thiệm,chu cấp; cung cấp cho,resolved,貝,Bộ Bối,record-radical,2,4,7,chars/8D61.json
赢,A,yíng,,thắng,resolved,貝,Bộ Bối,record-radical,6,10,4,chars/8D62.json
赣,B,Gàn,,biến thể của 贛|赣[Gan4],resolved,夂,Bộ Tuy,record-radical,5,0,7,chars/8D63.json
赤,A,chì,Xích,đỏ; đỏ thẫm,resolved,赤,Bộ Xích,self-radical,7,8,6,chars/8D64.json
赦,B,shè,Xá,ân xá (một tù nhân),resolved,攴,Bộ Phộc,record-radical,6,0,7,chars/8D66.json
赧,B,nǎn,Nấn,đỏ mặt vì xấu hổ,resolved,赤,Bộ Xích,record-radical,1,0,7,chars/8D67.json
赩,C,xì,,đỏ; đỏ tươi,not-resolved,,,not-resolved,0,0,7,chars/8D69.json
赪,C,chēng,,đỏ thẫm,not-resolved,,,not-resolved,0,0,7,chars/8D6A.json
赫,C,Hè,Hách,họ [He4],not-resolved,,,not-resolved,6,9,7,chars/8D6B.json
赭,B,zhě,,màu đất,resolved,赤,Bộ Xích,record-radical,1,0,7,chars/8D6D.json
赯,C,táng,,đỏ; đỏ thẫm,not-resolved,,,not-resolved,0,0,7,chars/8D6F.json
走,A,zǒu,Tẩu,đi bộ,resolved,走,Bộ Tẩu,self-radical,20,10,2,chars/8D70.json
赱,C,zǒu,,biến thể của 走[zou3],not-resolved,,,not-resolved,0,0,7,chars/8D71.json
赳,B,jiū,,xem 赳赳[jiu1 jiu1],resolved,走,Bộ Tẩu,record-radical,2,0,7,chars/8D73.json
赴,A,fù,Phó,đi,resolved,走,Bộ Tẩu,record-radical,7,10,6,chars/8D74.json
赵,C,Zhào,,họ [Zhao4]; một trong bảy nước thời Chiến Quốc (476-220 TCN),not-resolved,,,not-resolved,6,0,7,chars/8D75.json
赶,A,gǎn,,"vội vàng, lái xe, đuổi kịp",resolved,走,Bộ Tẩu,record-radical,11,10,4,chars/8D76.json
起,A,qǐ,Khởi,bắt đầu,resolved,走,Bộ Tẩu,record-radical,20,10,1,chars/8D77.json
赸,B,shàn,,nhảy; rời đi,resolved,走,Bộ Tẩu,record-radical,0,0,7,chars/8D78.json
趁,A,chèn,Sấn,tận dụng,resolved,走,Bộ Tẩu,record-radical,7,10,5,chars/8D81.json
趄,B,jū,,dùng trong 趑趄[zi1 ju1],resolved,走,Bộ Tẩu,record-radical,3,0,7,chars/8D84.json
超,A,chāo,Siêu,vượt quá,resolved,走,Bộ Tẩu,record-radical,12,10,3,chars/8D85.json
越,A,yuè,Việt,vượt quá,resolved,走,Bộ Tẩu,record-radical,10,10,3,chars/8D8A.json
趋,A,qū,Xu,"Chạy, đi nhanh; hướng về, theo",resolved,走,Bộ Tẩu,record-radical,6,10,5,chars/8D8B.json
趐,C,xuè,,(cổ) đi vào; bay,not-resolved,,,not-resolved,0,0,7,chars/8D90.json
趑,C,zī,,do dự; không thể di chuyển,not-resolved,,,not-resolved,2,0,7,chars/8D91.json
趒,C,tiáo,,nhảy; vượt qua,not-resolved,,,not-resolved,0,0,7,chars/8D92.json
趔,B,liè,,dùng trong 趔趄|趔趄[lie4 qie5],resolved,走,Bộ Tẩu,record-radical,1,0,7,chars/8D94.json
趟,A,tàng,,chuyến,resolved,走,Bộ Tẩu,record-radical,1,9,4,chars/8D9F.json
趡,C,cuǐ,,tên địa danh,not-resolved,,,not-resolved,0,0,7,chars/8DA1.json
趣,A,qù,Thú,thú vị; làm cho quan tâm,resolved,走,Bộ Tẩu,record-radical,8,10,3,chars/8DA3.json
趦,B,zī,,"biến thể của 趑, do dự; không thể di chuyển",resolved,走,Bộ Tẩu,record-radical,0,0,7,chars/8DA6.json
趫,C,qiáo,,nhanh nhẹn; đi cà kheo,not-resolved,,,not-resolved,0,0,7,chars/8DAB.json
趮,C,zào,,"dễ bị kích động, hấp tấp; dữ dội, tàn nhẫn",not-resolved,,,not-resolved,0,0,7,chars/8DAE.json
趯,B,tì,,nhảy; cách tạo nét trong thư pháp,resolved,走,Bộ Tẩu,record-radical,0,0,7,chars/8DAF.json
趱,B,zǎn,,thúc giục; hối thúc,resolved,走,Bộ Tẩu,record-radical,0,0,7,chars/8DB1.json
足,A,zú,Túc,chân,resolved,足,Bộ Túc,self-radical,20,10,2,chars/8DB3.json
趴,A,pā,,nằm sấp,resolved,足,Bộ Túc,record-radical,1,4,6,chars/8DB4.json
趵,B,bào,,nhảy; bật,resolved,足,Bộ Túc,record-radical,0,0,7,chars/8DB5.json
趷,C,kē,,xóc nảy,not-resolved,,,not-resolved,0,0,7,chars/8DB7.json
趸,C,dǔn,,bán buôn,not-resolved,,,not-resolved,4,0,7,chars/8DB8.json
趹,C,jué,,phi nước đại,not-resolved,,,not-resolved,0,0,7,chars/8DB9.json
趺,B,fū,,mu bàn chân; xương cổ chân,resolved,足,Bộ Túc,record-radical,1,0,7,chars/8DBA.json
趼,B,jiǎn,,(hình thức giới hạn) vết chai,resolved,足,Bộ Túc,record-radical,0,0,7,chars/8DBC.json
趾,B,zhǐ,Nhảy,ngón chân,resolved,足,Bộ Túc,record-radical,5,0,7,chars/8DBE.json
趿,A,tā,Kịp,xem 趿拉[ta1 la5],resolved,足,Bộ Túc,record-radical,1,2,7,chars/8DBF.json
跁,C,pá,,ngồi xổm; ngồi chồm hổm,not-resolved,,,not-resolved,0,0,7,chars/8DC1.json
跂,B,jī,,bàn chân,resolved,足,Bộ Túc,record-radical,0,0,7,chars/8DC2.json
跃,A,yuè,Dược,nhảy; bật,resolved,足,Bộ Túc,record-radical,6,10,5,chars/8DC3.json
跄,B,qiāng,,đi nhanh,resolved,足,Bộ Túc,record-radical,2,0,7,chars/8DC4.json
跅,C,tuò,,không cẩn thận,not-resolved,,,not-resolved,0,0,7,chars/8DC5.json
跆,B,tái,,"giẫm đạp, đá",resolved,足,Bộ Túc,record-radical,1,0,7,chars/8DC6.json
跋,A,bá,,tái bút; leo trèo qua núi,resolved,足,Bộ Túc,record-radical,6,2,7,chars/8DCB.json
跌,C,diē,Trặc,ngã,not-resolved,,,not-resolved,6,5,6,chars/8DCC.json
跍,C,kū,,ngồi xổm,not-resolved,,,not-resolved,0,0,7,chars/8DCD.json
跎,B,tuó,,vấp; ngốn thời gian,resolved,足,Bộ Túc,record-radical,2,0,7,chars/8DCE.json
跏,B,jiā,,ngồi bắt chéo chân,resolved,足,Bộ Túc,record-radical,0,0,7,chars/8DCF.json
跐,C,cǐ,,dẫm; đạp,not-resolved,,,not-resolved,0,0,7,chars/8DD0.json
跑,A,pǎo,,chạy,resolved,足,Bộ Túc,record-radical,10,10,2,chars/8DD1.json
跕,C,dié,Chồm,lê bước,not-resolved,,,not-resolved,0,0,7,chars/8DD5.json
跖,B,zhí,,biến thể của 蹠[zhi2],resolved,足,Bộ Túc,record-radical,0,0,7,chars/8DD6.json
跗,B,fū,,mu bàn chân; xương cổ chân,resolved,足,Bộ Túc,record-radical,0,0,7,chars/8DD7.json
跙,C,jǔ,,"yếu, khập khiễng",not-resolved,,,not-resolved,0,0,7,chars/8DD9.json
跚,A,shān,,dùng trong 蹣跚|蹒跚[pan2 shan1],resolved,足,Bộ Túc,record-radical,2,4,7,chars/8DDA.json
跛,B,bǒ,,đi khập khiễng; què,resolved,足,Bộ Túc,record-radical,2,0,7,chars/8DDB.json
距,A,jù,Cựa,cách,resolved,足,Bộ Túc,record-radical,6,10,4,chars/8DDD.json
跞,B,lì,,di chuyển; đi bộ,resolved,足,Bộ Túc,record-radical,0,0,7,chars/8DDE.json
跟,A,gēn,Ngấn,với; theo,resolved,足,Bộ Túc,record-radical,8,10,3,chars/8DDF.json
跣,B,xiǎn,,chân trần,resolved,足,Bộ Túc,record-radical,1,0,7,chars/8DE3.json
跤,A,jiāo,,ngã nhào; té ngã,resolved,足,Bộ Túc,record-radical,2,4,7,chars/8DE4.json
跦,C,zhū,,đi tới lui; đi bộ,not-resolved,,,not-resolved,0,0,7,chars/8DE6.json
跧,C,quán,,co ro; ngồi xổm,not-resolved,,,not-resolved,0,0,7,chars/8DE7.json
跨,A,kuà,,bước qua,resolved,足,Bộ Túc,record-radical,6,10,6,chars/8DE8.json
跩,C,zhuǎi,Dậy,đi lạch bạch; đi vênh váo,not-resolved,,,not-resolved,0,0,7,chars/8DE9.json
跪,B,guì,Quỳ,quỳ xuống,resolved,足,Bộ Túc,record-radical,6,0,6,chars/8DEA.json
跫,B,qióng,,âm thanh bước chân,resolved,足,Bộ Túc,record-radical,0,0,7,chars/8DEB.json
跬,B,kuǐ,Khoẻ,bước ngắn; ngắn,resolved,足,Bộ Túc,record-radical,0,0,7,chars/8DEC.json
跮,C,chì,Chọi,đi vội vàng,not-resolved,,,not-resolved,0,0,7,chars/8DEE.json
路,A,lù,Lộ,đường,resolved,足,Bộ Túc,record-radical,20,10,2,chars/8DEF.json
跱,C,zhì,,ngồi xổm; dừng lại,not-resolved,,,not-resolved,0,0,7,chars/8DF1.json
跲,C,jiá,,vấp ngã,not-resolved,,,not-resolved,0,0,7,chars/8DF2.json
跳,A,tiào,Khêu,nhảy,resolved,足,Bộ Túc,record-radical,11,10,2,chars/8DF3.json
践,A,jiàn,,thực hiện (lời hứa); dẫm lên,resolved,足,Bộ Túc,record-radical,6,10,5,chars/8DF5.json
跶,B,dā,,vấp; ngã,resolved,足,Bộ Túc,record-radical,0,0,7,chars/8DF6.json
跷,B,qiāo,Nghều,nhấc chân; đứng nhón gót,resolved,足,Bộ Túc,record-radical,4,0,7,chars/8DF7.json
跸,B,bì,,dọn đường khi hoàng đế tuần du,resolved,足,Bộ Túc,record-radical,0,0,7,chars/8DF8.json
跹,B,xiān,,dáng điệu nhảy; đi xung quanh,resolved,足,Bộ Túc,record-radical,1,0,7,chars/8DF9.json
跺,B,duò,,biến thể của 跺[duo4],resolved,足,Bộ Túc,record-radical,0,0,7,chars/8DFA.json
跻,A,jī,,(văn học) lên; trèo,resolved,足,Bộ Túc,record-radical,1,4,7,chars/8DFB.json
跼,C,jú,,,not-resolved,,,not-resolved,0,0,7,chars/8DFC.json
跽,B,jì,,quỳ,resolved,足,Bộ Túc,record-radical,0,0,7,chars/8DFD.json
踅,B,chì,,đi với một chân,resolved,足,Bộ Túc,record-radical,0,0,7,chars/8E05.json
踆,C,qūn,,ngồi xổm,not-resolved,,,not-resolved,0,0,7,chars/8E06.json
踈,C,shū,,biến thể của 疏[shu1],not-resolved,,,not-resolved,0,0,7,chars/8E08.json
踉,B,liáng,,nhảy,resolved,足,Bộ Túc,record-radical,2,0,7,chars/8E09.json
踊,A,yǒng,,nhảy,resolved,足,Bộ Túc,record-radical,1,2,6,chars/8E0A.json
踋,C,jiǎo,,biến thể cũ của 腳|脚[jiao3],not-resolved,,,not-resolved,0,0,7,chars/8E0B.json
踌,A,chóu,Trù,đi tới lui; do dự,resolved,足,Bộ Túc,record-radical,3,4,7,chars/8E0C.json
踏,A,tà,Đạp,dẫm lên,resolved,足,Bộ Túc,record-radical,7,10,6,chars/8E0F.json
踒,C,wō,,trượt ngã và bong gân chân tay,not-resolved,,,not-resolved,0,0,7,chars/8E12.json
踔,B,chuō,Xợt,vượt trội; sải bước,resolved,足,Bộ Túc,record-radical,0,0,7,chars/8E14.json
踖,C,jí,Tếch,bước; đi một cách cung kính,not-resolved,,,not-resolved,0,0,7,chars/8E16.json
踘,B,jū,Guốc,quả bóng da; tiếng Đài Loan đọc là [ju2],resolved,足,Bộ Túc,record-radical,0,0,7,chars/8E18.json
踜,C,lèng,,vấp; trượt,not-resolved,,,not-resolved,0,0,7,chars/8E1C.json
踝,B,huái,,mắt cá chân,resolved,足,Bộ Túc,record-radical,4,0,7,chars/8E1D.json
踞,C,jù,,dựa vào; ngồi xổm,not-resolved,,,not-resolved,6,0,7,chars/8E1E.json
踟,A,chí,,chần chừ; không quyết định,resolved,足,Bộ Túc,record-radical,2,2,7,chars/8E1F.json
踠,C,wǎn,,mắt cá; chỗ khớp xương,not-resolved,,,not-resolved,0,0,7,chars/8E20.json
踡,C,quán,,cuộn lại,not-resolved,,,not-resolved,0,0,7,chars/8E21.json
踢,A,tī,,đá,resolved,足,Bộ Túc,record-radical,4,9,2,chars/8E22.json
踣,B,bó,Vội,thi thể; ngã sấp,resolved,足,Bộ Túc,record-radical,0,0,7,chars/8E23.json
踤,C,cù,Nhót,húc vào,not-resolved,,,not-resolved,0,0,7,chars/8E24.json
踥,B,qiè,,đi những bước nhỏ,resolved,足,Bộ Túc,record-radical,0,0,7,chars/8E25.json
踦,C,jǐ,,ống chân,not-resolved,,,not-resolved,0,0,7,chars/8E26.json
踧,C,cù,,một cách cẩn thận; bằng phẳng,not-resolved,,,not-resolved,0,0,7,chars/8E27.json
踩,A,cǎi,,giẫm,resolved,足,Bộ Túc,record-radical,4,6,5,chars/8E29.json
踪,A,zōng,Tông,biến thể của 蹤|踪[zong1],resolved,足,Bộ Túc,record-radical,6,10,6,chars/8E2A.json
踬,B,zhì,,"vấp, ngã",resolved,足,Bộ Túc,record-radical,0,0,7,chars/8E2C.json
踮,B,diǎn,,đứng nhón chân; phiên âm Đài Loan: [dian4],resolved,足,Bộ Túc,record-radical,0,0,7,chars/8E2E.json
踯,B,zhí,,do dự; dừng lại,resolved,足,Bộ Túc,record-radical,1,0,7,chars/8E2F.json
踱,B,duó,,đi dạo; đi từng bước,resolved,足,Bộ Túc,record-radical,2,0,7,chars/8E31.json
踵,B,zhǒng,,đến; theo gót,resolved,足,Bộ Túc,record-radical,6,0,7,chars/8E35.json
踶,B,dì,,đá; dẫm lên,resolved,足,Bộ Túc,record-radical,0,0,7,chars/8E36.json
踹,B,chuài,,đá,resolved,足,Bộ Túc,record-radical,0,0,7,chars/8E39.json
踺,B,jiàn,,dùng trong 踺子[jian4 zi5],resolved,足,Bộ Túc,record-radical,1,0,7,chars/8E3A.json
踼,C,táng,,ngã sõng soài; ngã úp mặt,not-resolved,,,not-resolved,0,0,7,chars/8E3C.json
踽,B,jǔ,,gù lưng; đi một mình,resolved,足,Bộ Túc,record-radical,1,0,7,chars/8E3D.json
蹀,B,dié,,giẫm lên; dậm chân,resolved,足,Bộ Túc,record-radical,1,0,7,chars/8E40.json
蹁,B,pián,,đi khập khiễng,resolved,足,Bộ Túc,record-radical,0,0,7,chars/8E41.json
蹂,B,róu,,giẫm đạp,resolved,足,Bộ Túc,record-radical,1,0,7,chars/8E42.json
蹄,B,tí,Đế,móng; chân giò lợn,resolved,足,Bộ Túc,record-radical,6,0,7,chars/8E44.json
蹇,B,Jiǎn,Kiễng,họ [Jian3],resolved,足,Bộ Túc,record-radical,1,0,7,chars/8E47.json
蹈,A,dǎo,Dạo,đạp lên; giẫm,resolved,足,Bộ Túc,record-radical,6,10,6,chars/8E48.json
蹉,C,cuō,Tha,sai lầm; trượt,not-resolved,,,not-resolved,2,0,7,chars/8E49.json
蹊,B,xī,,dùng trong 蹊蹺|蹊跷[qi1 qiao1]; cách phát âm ở Đài Loan: [xi1],resolved,足,Bộ Túc,record-radical,5,0,7,chars/8E4A.json
蹋,A,tà,,dẫm lên,resolved,足,Bộ Túc,record-radical,1,4,6,chars/8E4B.json
蹎,C,diān,Chân,ngã chúi về phía trước (biến thể của 顛|颠[dian1]),not-resolved,,,not-resolved,0,0,7,chars/8E4E.json
蹐,C,jí,,đi với bước ngắn,not-resolved,,,not-resolved,0,0,7,chars/8E50.json
蹑,C,niè,,đi nhón chân; đi nhẹ nhàng,not-resolved,,,not-resolved,3,0,7,chars/8E51.json
蹒,A,pán,,dùng trong 蹣跚|蹒跚[pan2 shan1]; cách phát âm ở Đài Loan [man2],resolved,足,Bộ Túc,record-radical,2,4,7,chars/8E52.json
蹓,C,liù,,đi dạo; dắt ngựa đi dạo,not-resolved,,,not-resolved,0,0,7,chars/8E53.json
蹙,C,cù,,nhăn (mày); nhăn nheo (mày),not-resolved,,,not-resolved,2,0,7,chars/8E59.json
蹚,B,tāng,,lội; dẫm đạp,resolved,足,Bộ Túc,record-radical,0,0,7,chars/8E5A.json
蹜,C,suō,Tốc,đi cẩn thận,not-resolved,,,not-resolved,0,0,7,chars/8E5C.json
蹝,C,xǐ,,dép lê,not-resolved,,,not-resolved,0,0,7,chars/8E5D.json
蹠,C,zhí,,,not-resolved,,,not-resolved,0,0,7,chars/8E60.json
蹡,B,qiāng,,(dáng đi),resolved,足,Bộ Túc,record-radical,0,0,7,chars/8E61.json
蹢,C,dí,Nhích,móng guốc,not-resolved,,,not-resolved,0,0,7,chars/8E62.json
蹦,A,bèng,,"nhảy, nhảy lò cò",resolved,足,Bộ Túc,record-radical,6,2,6,chars/8E66.json
蹧,B,zāo,,xem 蹧蹋[zao1 ta4],resolved,足,Bộ Túc,record-radical,0,0,7,chars/8E67.json
蹩,C,bié,,khập khiễng; bong gân (mắt cá chân hoặc cổ tay),not-resolved,,,not-resolved,1,0,7,chars/8E69.json
蹪,C,tuí,,vấp; ngã,not-resolved,,,not-resolved,0,0,7,chars/8E6A.json
蹬,B,dēng,,đạp,resolved,足,Bộ Túc,record-radical,0,0,6,chars/8E6C.json
蹭,B,cèng,,xin xỏ,resolved,足,Bộ Túc,record-radical,2,0,7,chars/8E6D.json
蹮,C,xiān,,biến thể cũ của 躚|跹[xian1],not-resolved,,,not-resolved,0,0,7,chars/8E6E.json
蹯,B,fán,,móng vuốt của động vật,resolved,足,Bộ Túc,record-radical,0,0,7,chars/8E6F.json
蹰,A,chú,,do dự; không quyết định,resolved,足,Bộ Túc,record-radical,2,2,7,chars/8E70.json
蹲,A,dūn,,ngồi xổm,resolved,足,Bộ Túc,record-radical,4,4,5,chars/8E72.json
蹴,C,cù,,một cách cẩn thận; đá,not-resolved,,,not-resolved,2,1,7,chars/8E74.json
蹶,B,jué,,vấp; ngã,resolved,足,Bộ Túc,record-radical,2,0,7,chars/8E76.json
蹼,B,pǔ,,"màng (ở chân vịt, ếch, v.v.)",resolved,足,Bộ Túc,record-radical,1,0,7,chars/8E7C.json
蹽,C,liāo,Trèo,chạy; trốn,not-resolved,,,not-resolved,0,0,7,chars/8E7D.json
蹾,C,dūn,,(khẩu ngữ) đặt mạnh xuống; đặt phịch xuống,not-resolved,,,not-resolved,0,0,7,chars/8E7E.json
蹿,B,cuān,,nhảy vọt lên; (khẩu ngữ) phun ra; bắn ra,resolved,足,Bộ Túc,record-radical,4,0,7,chars/8E7F.json
躁,A,zào,Tháo,nóng nảy; dễ cáu,resolved,足,Bộ Túc,record-radical,7,10,6,chars/8E81.json
躃,C,bì,,biến thể của 躄[bi4],not-resolved,,,not-resolved,0,0,7,chars/8E83.json
躄,C,bì,,què cả hai chân; phế,not-resolved,,,not-resolved,0,0,7,chars/8E84.json
躅,C,zhú,Ghen / Xộc,đi cẩn thận; do dự,not-resolved,,,not-resolved,1,0,7,chars/8E85.json
躇,A,chú,Chứa,do dự,resolved,足,Bộ Túc,record-radical,3,4,7,chars/8E87.json
躏,B,lìn,,dùng trong 蹂躪|蹂躏[rou2 lin4],resolved,足,Bộ Túc,record-radical,1,0,7,chars/8E8F.json
躐,B,liè,Láp,bước qua,resolved,足,Bộ Túc,record-radical,0,0,7,chars/8E90.json
躔,B,chán,,(văn học) dấu chân động vật; quỹ đạo thiên thể,resolved,足,Bộ Túc,record-radical,0,0,7,chars/8E94.json
躗,C,wèi,,khoa trương; bịa đặt,not-resolved,,,not-resolved,0,0,7,chars/8E97.json
躙,C,lìn,,"biến thể của 躪|躏, giẫm đạp; áp bức",not-resolved,,,not-resolved,0,0,7,chars/8E99.json
躛,C,wèi,,biến thể của 躗[wei4],not-resolved,,,not-resolved,0,0,7,chars/8E9B.json
躜,B,zuān,,nhảy,resolved,足,Bộ Túc,record-radical,0,0,7,chars/8E9C.json
躞,B,xiè,,đi bộ,resolved,足,Bộ Túc,record-radical,1,0,7,chars/8E9E.json
躠,C,xiè,,đi khập khiễng,not-resolved,,,not-resolved,0,0,7,chars/8EA0.json
躣,C,qú,,(dáng đi),not-resolved,,,not-resolved,0,0,7,chars/8EA3.json
躧,C,xǐ,,giày; đạp,not-resolved,,,not-resolved,0,0,7,chars/8EA7.json
躩,C,jué,,uốn; cong,not-resolved,,,not-resolved,0,0,7,chars/8EA9.json
身,A,shēn,Thân,cơ thể; cuộc đời,resolved,身,Bộ Thân,self-radical,20,10,2,chars/8EAB.json
躬,C,gōng,Cung,"cơ thể (con người, đặc biệt là phần thân); cúi (người)",not-resolved,,,not-resolved,6,4,6,chars/8EAC.json
躯,B,qū,Xo,cơ thể con người,resolved,身,Bộ Thân,record-radical,5,0,7,chars/8EAF.json
躰,C,tǐ,,biến thể của 體|体[ti3],not-resolved,,,not-resolved,0,0,7,chars/8EB0.json
躲,A,duǒ,,trốn; tránh né,resolved,身,Bộ Thân,record-radical,6,10,5,chars/8EB2.json
躹,C,jū,,biến thể của 鞠[ju1],not-resolved,,,not-resolved,0,0,7,chars/8EB9.json
躺,A,tǎng,Thẳng,nằm,resolved,身,Bộ Thân,record-radical,3,10,4,chars/8EBA.json
軃,C,duǒ,,biến thể của 嚲|亸[duo3],not-resolved,,,not-resolved,0,0,7,chars/8EC3.json
軆,C,tǐ,,biến thể cũ của 體|体[ti3],not-resolved,,,not-resolved,0,0,7,chars/8EC6.json
軎,C,wèi,,,not-resolved,,,not-resolved,0,0,,chars/8ECE.json
軖,C,kuáng,,bánh xe quay (công cụ kéo sợi); xe cút kít,not-resolved,,,not-resolved,0,0,7,chars/8ED6.json
軘,C,tún,,chiến xa,not-resolved,,,not-resolved,0,0,7,chars/8ED8.json
軜,C,nà,,dây cương bên trong của xe ngựa bốn con,not-resolved,,,not-resolved,0,0,7,chars/8EDC.json
軠,C,kuáng,,biến thể cũ của 軖[kuang2],not-resolved,,,not-resolved,0,0,7,chars/8EE0.json
軡,C,Qián,,biến thể cũ của 黔[Qian2],not-resolved,,,not-resolved,0,0,7,chars/8EE1.json
転,C,zhuǎn,,biến thể tiếng Nhật của 轉|转,not-resolved,,,not-resolved,0,0,7,chars/8EE2.json
軥,C,qú,,đầu của ách,not-resolved,,,not-resolved,0,0,7,chars/8EE5.json
軨,C,líng,,khung lưới ở phía trước và hai bên,not-resolved,,,not-resolved,0,0,7,chars/8EE8.json
軭,C,kuāng,,làm hỏng (Quảng Đông); phá hủy,not-resolved,,,not-resolved,0,0,7,chars/8EED.json
軱,C,gū,,xương lớn,not-resolved,,,not-resolved,0,0,7,chars/8EF1.json
軶,C,è,,biến thể cũ của 軛|轭[e4],not-resolved,,,not-resolved,0,0,7,chars/8EF6.json
軷,C,bá,,hiến tế,not-resolved,,,not-resolved,0,0,7,chars/8EF7.json
軽,C,qīng,,biến thể Nhật Bản của 輕|轻[qing1],not-resolved,,,not-resolved,0,0,7,chars/8EFD.json
軿,C,píng,Bánh,xe có rèm che dùng cho phụ nữ; tập hợp lại,not-resolved,,,not-resolved,0,0,7,chars/8EFF.json
輀,C,ér,,xe tang,not-resolved,,,not-resolved,0,0,7,chars/8F00.json
輂,B,jú,,xe ngựa (cũ),resolved,車,Bộ Xa,record-radical,0,0,7,chars/8F02.json
輠,C,guǒ,,nồi mỡ dưới xe,not-resolved,,,not-resolved,0,0,7,chars/8F20.json
輣,C,péng,,chiến xa (cổ),not-resolved,,,not-resolved,0,0,7,chars/8F23.json
輤,C,qiàn,,vải phủ xe tang,not-resolved,,,not-resolved,0,0,7,chars/8F24.json
輫,C,pái,,xe ngựa (cổ đại),not-resolved,,,not-resolved,0,0,7,chars/8F2B.json
輴,C,chūn,,xe tang,not-resolved,,,not-resolved,0,0,7,chars/8F34.json
輵,C,gé,,trận hình lớn của giáo mác và chiến xa,not-resolved,,,not-resolved,0,0,7,chars/8F35.json
輹,C,fù,,bộ phận của xe giữ trục bánh xe,not-resolved,,,not-resolved,0,0,7,chars/8F39.json
輼,C,wēn,,"biến thể của 轀|辒, xe tang",not-resolved,,,not-resolved,0,0,7,chars/8F3C.json
轇,C,jiū,,"phức tạp, hỗn loạn; tranh chấp",not-resolved,,,not-resolved,0,0,7,chars/8F47.json
轏,C,zhàn,,xe ngủ và di chuyển,not-resolved,,,not-resolved,0,0,7,chars/8F4F.json
轑,C,lǎo,,nan hoa,not-resolved,,,not-resolved,0,0,7,chars/8F51.json
轒,C,fén,,chiến xa,not-resolved,,,not-resolved,0,0,7,chars/8F52.json
轕,C,gé,,hỗn loạn; không trật tự,not-resolved,,,not-resolved,0,0,7,chars/8F55.json
轖,C,sè,,mui xe bằng da,not-resolved,,,not-resolved,0,0,7,chars/8F56.json
轗,B,kǎn,,không đạt được mục đích; đầy bất hạnh,resolved,車,Bộ Xa,record-radical,0,0,7,chars/8F57.json
轘,B,huàn,,xé bằng xe ngựa (như một hình phạt),resolved,車,Bộ Xa,record-radical,0,0,7,chars/8F58.json
轙,C,yǐ,,vòng trên ách xe,not-resolved,,,not-resolved,0,0,7,chars/8F59.json
轜,C,ér,,biến thể của 輀[er2],not-resolved,,,not-resolved,0,0,7,chars/8F5C.json
轝,C,yú,,biến thể của 輿|舆[yu2],not-resolved,,,not-resolved,0,0,7,chars/8F5D.json
轞,C,xiàn,,xe chở tù nhân,not-resolved,,,not-resolved,0,0,7,chars/8F5E.json
车,A,chē,Xa,xe,resolved,車,Bộ Xa,radical-variant,20,10,1,chars/8F66.json
轧,B,Yà,,họ [Ya4],resolved,車,Bộ Xa,record-radical,6,0,7,chars/8F67.json
轨,A,guǐ,Quẫy,(hình vị hạn chế) đường ray; đường chạy,resolved,車,Bộ Xa,record-radical,6,10,6,chars/8F68.json
轩,A,Xuān,Hiên,họ [Xuan1],resolved,車,Bộ Xa,record-radical,6,1,7,chars/8F69.json
轫,B,rèn,,phanh,resolved,車,Bộ Xa,record-radical,0,0,7,chars/8F6B.json
转,A,zhuǎn,Chuyển,xoay quanh,resolved,車,Bộ Xa,record-radical,20,10,4,chars/8F6C.json
轭,B,è,,cái ách,resolved,車,Bộ Xa,record-radical,1,0,7,chars/8F6D.json
轮,A,lún,Luân,bánh xe,resolved,車,Bộ Xa,record-radical,9,10,5,chars/8F6E.json
软,A,ruǎn,Nhuyễn,mềm mại,resolved,車,Bộ Xa,record-radical,7,10,5,chars/8F6F.json
轰,C,hōng,Huênh,đuổi đi,not-resolved,,,not-resolved,6,8,6,chars/8F70.json
轱,B,gū,,bánh xe; lăn,resolved,車,Bộ Xa,record-radical,1,0,7,chars/8F71.json
轲,B,Kē,,tên tự của Mạnh Tử,resolved,車,Bộ Xa,record-radical,2,0,7,chars/8F72.json
轳,B,lú,,tời quay,resolved,車,Bộ Xa,record-radical,1,0,7,chars/8F73.json
轴,A,zhóu,Trục,trục; trục quay,resolved,車,Bộ Xa,record-radical,6,5,7,chars/8F74.json
轵,B,zhǐ,,đầu trục ngoài của moyơ,resolved,車,Bộ Xa,record-radical,0,0,7,chars/8F75.json
轶,B,yì,,xuất sắc; vượt qua,resolved,車,Bộ Xa,record-radical,2,0,7,chars/8F76.json
轷,B,hū,,họ [Hu1],resolved,車,Bộ Xa,record-radical,0,0,,chars/8F77.json
轸,B,zhěn,,vuông; mạnh mẽ (như về cảm xúc),resolved,車,Bộ Xa,record-radical,0,0,7,chars/8F78.json
轹,B,lì,,bắt nạt; vết bánh xe,resolved,車,Bộ Xa,record-radical,0,0,7,chars/8F79.json
轺,B,yáo,,xe nhẹ,resolved,車,Bộ Xa,record-radical,0,0,7,chars/8F7A.json
轻,A,qīng,Khinh,nhẹ,resolved,車,Bộ Xa,record-radical,16,10,4,chars/8F7B.json
轼,B,shì,,(văn học) tay vịn phía trước xe ngựa hoặc chiến xa; cúi đầu dựa vào tay vịn này như một cử chỉ tôn kính,resolved,車,Bộ Xa,record-radical,1,0,7,chars/8F7C.json
载,A,zài,Tải,chở,resolved,車,Bộ Xa,record-radical,6,10,5,chars/8F7D.json
轾,B,zhì,,phía sau và thấp của xe ngựa; ngắn,resolved,車,Bộ Xa,record-radical,1,0,7,chars/8F7E.json
轿,C,jiào,Kiệu,kiệu kiên; kiệu,not-resolved,,,not-resolved,6,4,7,chars/8F7F.json
辀,C,zhōu,,(văn học) trục (xe ngựa); xe ngựa,not-resolved,,,not-resolved,0,0,7,chars/8F80.json
辁,C,quán,,hạn chế (về tài năng hoặc khả năng); (cổ) bánh xe đặc (không có nan),not-resolved,,,not-resolved,0,0,7,chars/8F81.json
辂,B,lù,,xe chiến,resolved,車,Bộ Xa,record-radical,0,0,7,chars/8F82.json
较,A,jiào,,tương đối; so sánh,resolved,車,Bộ Xa,record-radical,7,10,3,chars/8F83.json
辄,B,zhé,,sau đó; ngay lập tức,resolved,車,Bộ Xa,record-radical,3,0,7,chars/8F84.json
辅,A,fǔ,,hỗ trợ; bổ sung,resolved,車,Bộ Xa,record-radical,6,9,5,chars/8F85.json
辆,A,liàng,,chiếc,resolved,車,Bộ Xa,record-radical,1,10,3,chars/8F86.json
辇,C,niǎn,,(cổ) xe kéo bằng sức người; xe ngự dụng,not-resolved,,,not-resolved,0,0,7,chars/8F87.json
辈,A,bèi,Bối,cuộc đời; thế hệ,resolved,車,Bộ Xa,record-radical,6,10,5,chars/8F88.json
辉,C,huī,Huy,rực rỡ; chiếu sáng,not-resolved,,,not-resolved,6,10,6,chars/8F89.json
辊,B,gǔn,,con lăn,resolved,車,Bộ Xa,record-radical,1,0,7,chars/8F8A.json
辋,B,wǎng,Võng,lốp xe; dải bánh xe,resolved,車,Bộ Xa,record-radical,0,0,7,chars/8F8B.json
辌,B,liáng,,xem 轀輬|辒辌[wen1 liang2],resolved,車,Bộ Xa,record-radical,0,0,7,chars/8F8C.json
辍,B,chuò,,ngừng (trước khi hoàn thành); ngưng,resolved,車,Bộ Xa,record-radical,5,0,7,chars/8F8D.json
辎,B,zī,,xe có mui; xe quân nhu,resolved,車,Bộ Xa,record-radical,0,0,7,chars/8F8E.json
辏,B,còu,,hội tụ; trục bánh xe,resolved,車,Bộ Xa,record-radical,0,0,7,chars/8F8F.json
辐,A,fú,,nan hoa của bánh xe,resolved,車,Bộ Xa,record-radical,6,4,6,chars/8F90.json
辑,A,jí,,thu thập; sưu tầm,resolved,車,Bộ Xa,record-radical,6,10,5,chars/8F91.json
辒,B,wēn,,xe tang,resolved,車,Bộ Xa,record-radical,0,0,7,chars/8F92.json
输,A,shū,Thâu,thua,resolved,車,Bộ Xa,record-radical,10,10,4,chars/8F93.json
辔,C,pèi,,dây cương; dây cầm,not-resolved,,,not-resolved,1,0,7,chars/8F94.json
辕,B,yuán,,cán xe; nghê môn,resolved,車,Bộ Xa,record-radical,5,0,6,chars/8F95.json
辖,A,xiá,Hạt,chốt giữ bánh xe (dùng để gắn bánh xe vào trục); (dạng kết hợp) quản lý; có thẩm quyền quản lý,resolved,車,Bộ Xa,record-radical,6,5,6,chars/8F96.json
辗,B,zhǎn,,lăn qua một bên; lật nửa người,resolved,車,Bộ Xa,record-radical,2,0,7,chars/8F97.json
辘,B,lù,,tời quay,resolved,車,Bộ Xa,record-radical,3,0,7,chars/8F98.json
辙,C,chè,,vết bánh xe (cách phát âm Đài Loan [che4]); (thông tục) hướng đi,not-resolved,,,not-resolved,6,4,6,chars/8F99.json
辚,B,lín,,tiếng bánh xe rầm rập,resolved,車,Bộ Xa,record-radical,0,0,7,chars/8F9A.json
辛,A,Xīn,Tân,họ [Xin1],resolved,辛,Bộ Tân,self-radical,6,10,4,chars/8F9B.json
辜,A,Gū,,họ [Gu1],resolved,辛,Bộ Tân,record-radical,5,10,6,chars/8F9C.json
辞,C,cí,Từ,sa thải,not-resolved,,,not-resolved,10,10,5,chars/8F9E.json
辟,A,bì,Vếch,(văn học) vua; quân vương; (văn học) (của quân vương) triệu hồi vào phục vụ chính thức,resolved,口,Bộ Khẩu,record-radical,6,9,6,chars/8F9F.json
辡,C,biàn,,,not-resolved,,,not-resolved,0,0,7,chars/8FA1.json
辣,A,là,Lượt,cay,resolved,辛,Bộ Tân,record-radical,7,10,4,chars/8FA3.json
辥,C,xuē,,,not-resolved,,,not-resolved,0,0,,chars/8FA5.json
辨,C,biàn,Biện,phân biệt; nhận ra,not-resolved,,,not-resolved,7,10,6,chars/8FA8.json
辩,A,biàn,,tranh luận,resolved,言,Bộ Ngôn,record-radical,6,10,5,chars/8FA9.json
辫,A,biàn,,bím tóc; tết tóc,resolved,糸,Bộ Mịch,record-radical,6,5,6,chars/8FAB.json
辰,A,chén,,"chi thứ 5: 7-9 giờ sáng, tháng 3 âm lịch (5 tháng 4 - 4 tháng 5), năm Thìn; hướng la bàn cổ Trung Quốc: 120°",resolved,辰,"Bộ Thần, Thìn",self-radical,6,4,6,chars/8FB0.json
辱,C,rǔ,Nhọc,nhục; ô nhục,not-resolved,,,not-resolved,6,9,6,chars/8FB1.json
辵,B,chuò,,"Đi, di chuyển, con đường.",resolved,辵,Bộ Sước,self-radical,0,0,7,chars/8FB5.json
辶,B,chuò,,"Đi, di chuyển, con đường.",resolved,辵,Bộ Sước,radical-variant,0,0,7,chars/8FB6.json
边,A,biān,Biên,bên,resolved,辵,Bộ Sước,record-radical,20,10,2,chars/8FB9.json
辺,C,biān,,biến thể tiếng Nhật của 邊|边[bian1],not-resolved,,,not-resolved,0,0,7,chars/8FBA.json
辻,C,shí,,(chữ quốc tự Nhật Bản) góc phố; giao lộ,not-resolved,,,not-resolved,0,0,7,chars/8FBB.json
込,C,xx,,(chữ quốc tự Nhật Bản) đông đúc; đi vào,not-resolved,,,not-resolved,0,0,7,chars/8FBC.json
辽,A,Liáo,,tên gọi tắt của tỉnh Liêu Ninh 辽宁|遼寧[Liao2 ning2]; triều đại Liêu hoặc Khiết Đan (916-1125),resolved,辵,Bộ Sước,record-radical,6,4,6,chars/8FBD.json
达,A,Dá,Đạt,họ [Da2],resolved,辵,Bộ Sước,record-radical,15,10,5,chars/8FBE.json
辿,C,chān,,"dùng trong tên, ví dụ 龍王辿|龙王辿[Long2 wang2 Chan1] Longwang Chan, một địa danh ở tỉnh Thiểm Tây; (văn học) (nhịp độ đi) chậm",not-resolved,,,not-resolved,0,0,7,chars/8FBF.json
迁,A,qiān,Thiên,chuyển động,resolved,辵,Bộ Sước,record-radical,7,10,6,chars/8FC1.json
迂,B,yū,Vu,suy nghĩ máy móc; giáo điều,resolved,辵,Bộ Sước,record-radical,6,0,7,chars/8FC2.json
迄,A,qì,Hất,cho đến nay; cho đến,resolved,辵,Bộ Sước,record-radical,2,9,6,chars/8FC4.json
迅,C,xùn,,nhanh chóng; nhanh,not-resolved,,,not-resolved,6,10,5,chars/8FC5.json
迆,C,yí,,biến thể của 迤[yi2],not-resolved,,,not-resolved,0,0,7,chars/8FC6.json
过,A,guò,Quá,đã qua,resolved,辵,Bộ Sước,record-radical,20,10,3,chars/8FC7.json
迈,C,mài,Mại,bước,not-resolved,,,not-resolved,7,10,6,chars/8FC8.json
迋,C,wàng,,lừa dối; doạ dẫm,not-resolved,,,not-resolved,0,0,7,chars/8FCB.json
迍,C,zhūn,Trêu / Đón,"do dự, ngập ngừng",not-resolved,,,not-resolved,0,0,7,chars/8FCD.json
迎,A,yíng,Nghênh,gặp gỡ,resolved,辵,Bộ Sước,record-radical,7,10,3,chars/8FCE.json
运,A,yùn,Vận,vận chuyển,resolved,辵,Bộ Sước,record-radical,20,10,2,chars/8FD0.json
近,A,jìn,Cận,gần,resolved,辵,Bộ Sước,record-radical,20,10,2,chars/8FD1.json
迓,B,yà,,đón tiếp (như khách),resolved,辵,Bộ Sước,record-radical,0,0,7,chars/8FD3.json
返,C,fǎn,Phản,trở về,not-resolved,,,not-resolved,7,10,5,chars/8FD4.json
迕,B,wǔ,,"bướng bỉnh, ngang ngược",resolved,辵,Bộ Sước,record-radical,0,0,7,chars/8FD5.json
还,A,hái,Hoàn,"vẫn, thêm nữa",resolved,辵,Bộ Sước,record-radical,10,10,3,chars/8FD8.json
这,A,zhè,,điều này,resolved,辵,Bộ Sước,record-radical,13,10,1,chars/8FD9.json
进,A,jìn,Tiến,vào,resolved,辵,Bộ Sước,record-radical,20,10,2,chars/8FDB.json
远,A,yuǎn,Viễn,xa,resolved,辵,Bộ Sước,record-radical,19,10,2,chars/8FDC.json
违,A,wéi,Vi,không tuân theo; vi phạm,resolved,辵,Bộ Sước,record-radical,7,10,5,chars/8FDD.json
连,A,lián,Liên,thậm chí,resolved,車,Bộ Xa,record-radical,20,10,4,chars/8FDE.json
迟,A,Chí,Trì,họ [Chi2],resolved,辵,Bộ Sước,record-radical,8,10,3,chars/8FDF.json
迢,B,tiáo,Dìu,xa xôi,resolved,辵,Bộ Sước,record-radical,1,0,7,chars/8FE2.json
迣,C,zhì,,nhảy qua,not-resolved,,,not-resolved,0,0,7,chars/8FE3.json
迤,B,yí,,quanh co,resolved,辵,Bộ Sước,record-radical,2,0,7,chars/8FE4.json
迥,C,jiǒng,,biến thể của 迥[jiong3],not-resolved,,,not-resolved,3,0,7,chars/8FE5.json
迦,B,jiā,Dà,(âm đọc phiên âm cho các thuật ngữ Phật giáo),resolved,辵,Bộ Sước,record-radical,6,0,7,chars/8FE6.json
迨,B,dài,,cho đến; khi,resolved,辵,Bộ Sước,record-radical,0,0,7,chars/8FE8.json
迩,B,ěr,,gần đây; gần,resolved,辵,Bộ Sước,record-radical,4,0,7,chars/8FE9.json
迪,A,dí,,khai sáng,resolved,辵,Bộ Sước,record-radical,8,7,7,chars/8FEA.json
迫,A,pò,Bách,biến thể của 迫[po4]; ngược đãi,resolved,辵,Bộ Sước,record-radical,12,10,5,chars/8FEB.json
迭,A,dié,Dật,luân phiên; lặp đi lặp lại,resolved,辵,Bộ Sước,record-radical,6,6,7,chars/8FED.json
迮,B,zé,,vội vã; ép,resolved,辵,Bộ Sước,record-radical,0,0,7,chars/8FEE.json
述,A,shù,Thuật,(hình thức kết hợp) trình bày; kể,resolved,辵,Bộ Sước,record-radical,9,10,5,chars/8FF0.json
迳,B,jìng,,đường; lối,resolved,辵,Bộ Sước,record-radical,0,0,7,chars/8FF3.json
迶,B,yòu,,đi bộ,resolved,辵,Bộ Sước,record-radical,0,0,7,chars/8FF6.json
迷,A,mí,Mê,bối rối; bị bối rối,resolved,辵,Bộ Sước,record-radical,18,10,4,chars/8FF7.json
迸,B,bèng,,bung ra; phun ra,resolved,辵,Bộ Sước,record-radical,4,0,6,chars/8FF8.json
迹,A,jì,Tích,dấu chân; vết,resolved,辵,Bộ Sước,record-radical,11,10,5,chars/8FF9.json
迻,C,yí,Áy / Đưa,chuyển; dời,not-resolved,,,not-resolved,0,0,7,chars/8FFB.json
追,A,zhuī,Truy,theo đuổi,resolved,辵,Bộ Sước,record-radical,13,10,5,chars/8FFD.json
迿,C,xùn,,là người đầu tiên bắt đầu cãi nhau,not-resolved,,,not-resolved,0,0,7,chars/8FFF.json
退,A,tuì,Thoái,rút lui,resolved,辵,Bộ Sước,record-radical,14,10,5,chars/9000.json
送,A,sòng,Tống,tặng,resolved,辵,Bộ Sước,record-radical,13,10,2,chars/9001.json
适,A,kuò,,xem 李适[Li3 Kuo4],resolved,辵,Bộ Sước,record-radical,11,10,4,chars/9002.json
逃,A,táo,Đào,chạy trốn,resolved,辵,Bộ Sước,record-radical,7,10,5,chars/9003.json
逄,B,Páng,,họ [Pang2],resolved,辵,Bộ Sước,record-radical,0,0,7,chars/9004.json
逅,B,hòu,,gặp một cách bất ngờ,resolved,辵,Bộ Sước,record-radical,1,0,7,chars/9005.json
逆,C,nì,Nghịch,ngược,not-resolved,,,not-resolved,6,7,6,chars/9006.json
选,A,xuǎn,Tuyển,chọn,resolved,辵,Bộ Sước,record-radical,19,10,3,chars/9009.json
逊,A,xùn,,thoái vị; khiêm tốn,resolved,辵,Bộ Sước,record-radical,7,10,6,chars/900A.json
逋,B,bū,Bô,bỏ trốn; vượt ngục,resolved,辵,Bộ Sước,record-radical,0,0,7,chars/900B.json
逌,C,yóu,,xa; vui vẻ,not-resolved,,,not-resolved,0,0,7,chars/900C.json
逍,B,xiāo,,thong thả; dễ chịu,resolved,辵,Bộ Sước,record-radical,4,0,7,chars/900D.json
透,A,tòu,Thấu,(hình thức kết hợp) thâm nhập; thấm qua; nói bí mật; rò rỉ,resolved,辵,Bộ Sước,record-radical,10,10,5,chars/900F.json
逐,A,zhú,Trục,(hình thức kết hợp) theo đuổi; đuổi đi,resolved,辵,Bộ Sước,record-radical,7,10,5,chars/9010.json
逑,B,qiú,,thu thập; tương xứng,resolved,辵,Bộ Sước,record-radical,0,0,7,chars/9011.json
递,A,dì,Đệ,bàn giao,resolved,辵,Bộ Sước,record-radical,7,10,5,chars/9012.json
逓,C,dì,,biến thể tiếng Nhật của 遞|递[di4],not-resolved,,,not-resolved,0,0,7,chars/9013.json
途,A,tú,Đồ,con đường (nghĩa đen và nghĩa bóng),resolved,辵,Bộ Sước,record-radical,11,10,5,chars/9014.json
逖,B,tì,,(văn học) xa; xa xôi,resolved,辵,Bộ Sước,record-radical,0,0,7,chars/9016.json
逗,A,dòu,,vui nhộn,resolved,辵,Bộ Sước,record-radical,7,8,5,chars/9017.json
通,A,tōng,Thông,thông qua,resolved,辵,Bộ Sước,record-radical,20,10,4,chars/901A.json
逛,A,guàng,,dạo quanh,resolved,辵,Bộ Sước,record-radical,4,5,4,chars/901B.json
逝,A,shì,,(nước chảy hoặc thời gian) trôi qua; qua đời; chết,resolved,辵,Bộ Sước,record-radical,6,10,6,chars/901D.json
逞,A,chěng,Sính,phô trương; khoe khoang,resolved,辵,Bộ Sước,record-radical,4,7,7,chars/901E.json
速,A,sù,Tốc,nhanh; tốc độ,resolved,辵,Bộ Sước,record-radical,14,10,4,chars/901F.json
造,A,zào,Tạo,xây dựng,resolved,辵,Bộ Sước,record-radical,19,10,5,chars/9020.json
逡,A,qūn,,lùi lại (khỏi điều gì đó),resolved,辵,Bộ Sước,record-radical,2,2,7,chars/9021.json
逢,A,féng,Phùng,gặp,resolved,辵,Bộ Sước,record-radical,7,10,6,chars/9022.json
逦,B,lǐ,,quanh co,resolved,辵,Bộ Sước,record-radical,1,0,7,chars/9026.json
逭,B,huàn,Quần,trốn thoát khỏi,resolved,辵,Bộ Sước,record-radical,0,0,7,chars/902D.json
逮,A,dài,,bắt giữ,resolved,辵,Bộ Sước,record-radical,1,10,6,chars/902E.json
逯,B,Lù,,họ [Lu4],resolved,辵,Bộ Sước,record-radical,0,0,7,chars/902F.json
逴,C,chuò,Rước,rõ ràng; xa,not-resolved,,,not-resolved,0,0,7,chars/9034.json
逵,B,kuí,,ngã tư; đại lộ,resolved,辵,Bộ Sước,record-radical,1,0,7,chars/9035.json
逶,B,wēi,,"quanh co, uốn lượn; điệu bộ",resolved,辵,Bộ Sước,record-radical,1,0,7,chars/9036.json
逸,C,yì,Dật,trốn thoát; nhàn nhã,not-resolved,,,not-resolved,6,6,7,chars/9038.json
逹,C,dá,,đạt tới; đạt được,not-resolved,,,not-resolved,0,0,7,chars/9039.json
逺,C,yuǎn,,biến thể cũ của 遠|远[yuan3],not-resolved,,,not-resolved,0,0,7,chars/903A.json
逻,A,luó,Lạ,tuần tra,resolved,辵,Bộ Sước,record-radical,6,10,5,chars/903B.json
逼,A,bī,Bức,cưỡng ép,resolved,辵,Bộ Sước,record-radical,6,10,6,chars/903C.json
逾,A,yú,Du,biến thể của 逾[yu2],resolved,辵,Bộ Sước,record-radical,5,4,7,chars/903E.json
逿,C,dàng,,ngã; lảo đảo,not-resolved,,,not-resolved,0,0,7,chars/903F.json
遀,C,suí,,,not-resolved,,,not-resolved,0,0,,chars/9040.json
遁,C,dùn,Trốn,trốn tránh; chạy trốn,not-resolved,,,not-resolved,5,0,7,chars/9041.json
遂,A,suì,Toại,"Rồi, bèn, thế là; thuận lợi, đạt được",resolved,辵,Bộ Sước,record-radical,7,7,7,chars/9042.json
遄,B,chuán,,vội vã; đi tới đi lui,resolved,辵,Bộ Sước,record-radical,0,0,7,chars/9044.json
遅,C,chí,,biến thể Nhật Bản của 遲|迟,not-resolved,,,not-resolved,0,0,7,chars/9045.json
遇,A,yù,Ngộ,gặp gỡ; sự gặp gỡ,resolved,辵,Bộ Sước,record-radical,10,10,3,chars/9047.json
遍,A,biàn,,lần,resolved,辵,Bộ Sước,record-radical,6,10,4,chars/904D.json
遏,A,è,Át,kiềm chế; ngăn chặn,resolved,辵,Bộ Sước,record-radical,6,4,6,chars/904F.json
遐,A,xiá,,xa xôi; lâu dài,resolved,辵,Bộ Sước,record-radical,6,2,7,chars/9050.json
遑,B,huáng,,nhàn rỗi,resolved,辵,Bộ Sước,record-radical,0,0,7,chars/9051.json
遒,B,qiú,,mạnh mẽ; sôi nổi,resolved,辵,Bộ Sước,record-radical,0,0,7,chars/9052.json
道,A,dào,Đạo,loại (dùng để đếm tòa nhà hoặc câu hỏi),resolved,辵,Bộ Sước,record-radical,20,10,2,chars/9053.json
遗,A,yí,Di,(hình thức bị giới hạn) để lại,resolved,辵,Bộ Sước,record-radical,12,10,5,chars/9057.json
遘,B,gòu,,gặp bất ngờ,resolved,辵,Bộ Sước,record-radical,0,0,7,chars/9058.json
遛,B,liù,,dạo chơi,resolved,辵,Bộ Sước,record-radical,3,0,7,chars/905B.json
遝,C,tà,,dồi dào; hỗn hợp,not-resolved,,,not-resolved,0,0,7,chars/905D.json
遟,C,chí,,biến thể của 遲|迟[chi2],not-resolved,,,not-resolved,0,0,7,chars/905F.json
遢,B,tà,,hình thức vô nghĩa chỉ dùng trong 邋遢[la1 ta5]; tiếng Đài Loan đọc là [ta4],resolved,辵,Bộ Sước,record-radical,2,0,7,chars/9062.json
遣,A,qiǎn,Khiến,(hình thức kết hợp) phái đi; gửi đi; (hình thức kết hợp) xua đuổi; giải tỏa,resolved,辵,Bộ Sước,record-radical,6,9,6,chars/9063.json
遥,A,yáo,Diêu,(hình thức kết hợp) xa xôi; hẻo lánh,resolved,辵,Bộ Sước,record-radical,7,10,6,chars/9065.json
遨,C,áo,Ngao,đi chơi; dạo chơi,not-resolved,,,not-resolved,1,0,7,chars/9068.json
遫,C,sù,,nhanh nhẹn; lanh lợi,not-resolved,,,not-resolved,0,0,7,chars/906B.json
遭,A,zāo,Tao,"gặp tình cờ (thường là điều không may); lượng từ cho sự kiện: lần, lượt, sự cố",resolved,辵,Bộ Sước,record-radical,6,10,6,chars/906D.json
遮,A,zhē,,che,resolved,辵,Bộ Sước,record-radical,6,10,6,chars/906E.json
遰,C,dì,,rời đi; di cư,not-resolved,,,not-resolved,0,0,7,chars/9070.json
遴,B,Lín,Lận,họ [Lin2],resolved,辵,Bộ Sước,record-radical,1,0,7,chars/9074.json
遵,C,zūn,Tuân,tuân theo; nghe lời,not-resolved,,,not-resolved,6,10,5,chars/9075.json
遹,C,Yù,,họ [Yu4],not-resolved,,,not-resolved,0,0,7,chars/9079.json
遻,C,wù,,bướng bỉnh; gặp phải,not-resolved,,,not-resolved,0,0,7,chars/907B.json
遽,B,jù,,vội; vã,resolved,辵,Bộ Sước,record-radical,3,0,7,chars/907D.json
避,A,bì,Tị,tránh,resolved,辵,Bộ Sước,record-radical,8,10,5,chars/907F.json
邀,A,yāo,,mời,resolved,辵,Bộ Sước,record-radical,6,10,4,chars/9080.json
邂,B,xiè,,gặp bất ngờ,resolved,辵,Bộ Sước,record-radical,1,0,7,chars/9082.json
邃,A,suì,,sâu; xa xăm,resolved,穴,Bộ Huyệt,record-radical,2,3,7,chars/9083.json
邅,C,zhān,Chênh,không tiến triển,not-resolved,,,not-resolved,0,0,7,chars/9085.json
邆,C,téng,,(dùng trong địa danh),not-resolved,,,not-resolved,0,0,7,chars/9086.json
邈,B,miǎo,,sâu xa; xa xôi,resolved,辵,Bộ Sước,record-radical,3,0,7,chars/9088.json
邉,C,biān,,biến thể cũ của 邊|边[bian1],not-resolved,,,not-resolved,0,0,7,chars/9089.json
邋,B,lā,,hình thức kết hợp vô nghĩa chỉ dùng trong 邋遢[la1 ta5],resolved,辵,Bộ Sước,record-radical,2,0,7,chars/908B.json
邎,C,yáo,,biến thể của 遙|遥[yao2],not-resolved,,,not-resolved,0,0,7,chars/908E.json
邑,B,yì,Ấp,"Vùng đất, thành ấp, địa danh.",resolved,邑,Bộ Ấp,self-radical,6,0,7,chars/9091.json
邓,C,Dèng,Đặng,họ [Deng4],not-resolved,,,not-resolved,6,0,7,chars/9093.json
邕,C,Yōng,,sông Ung (Quảng Tây); tên gọi tắt của Nam Ninh (Quảng Tây),not-resolved,,,not-resolved,2,0,7,chars/9095.json
邗,C,hán,,tên của một con sông cổ,not-resolved,,,not-resolved,2,0,7,chars/9097.json
邘,C,Yú,,họ [Yu2],not-resolved,,,not-resolved,0,0,7,chars/9098.json
邙,C,Máng,Mương,"núi Mang ở Lạc Dương, Hà Nam, có nhiều lăng mộ hoàng gia các triều đại Hán, Ngụy và Tấn",not-resolved,,,not-resolved,1,0,7,chars/9099.json
邛,C,qióng,,gò đất; tên địa danh,not-resolved,,,not-resolved,4,0,7,chars/909B.json
邝,C,Kuàng,,họ [Kuang4],not-resolved,,,not-resolved,0,0,7,chars/909D.json
邠,C,Bīn,,biến thể của 豳[Bin1],not-resolved,,,not-resolved,0,0,7,chars/90A0.json
邡,C,Fāng,,tên của một huyện ở Tứ Xuyên,not-resolved,,,not-resolved,2,0,7,chars/90A1.json
邢,C,Xíng,,họ [Xing2]; tên địa danh,not-resolved,,,not-resolved,3,0,7,chars/90A2.json
那,C,nà,Na,đó,not-resolved,,,not-resolved,12,10,1,chars/90A3.json
邦,C,bāng,Vâng,(hình thức kết hợp) quốc gia; dân tộc,not-resolved,,,not-resolved,6,5,7,chars/90A6.json
邧,C,yuán,,tên địa danh,not-resolved,,,not-resolved,0,0,7,chars/90A7.json
邨,C,Cūn,,họ [Cun1],not-resolved,,,not-resolved,0,0,7,chars/90A8.json
邪,C,xié,Tà,ác,not-resolved,,,not-resolved,6,6,7,chars/90AA.json
邬,C,Wū,,họ [Wu1]; tên địa danh cổ,not-resolved,,,not-resolved,0,0,7,chars/90AC.json
邮,C,yóu,,bưu điện; bưu phẩm,not-resolved,,,not-resolved,10,10,3,chars/90AE.json
邯,C,hán,,tên một quận ở Hà Bắc,not-resolved,,,not-resolved,5,0,7,chars/90AF.json
邰,C,Tái,,họ [Tai2]; tên một nước chư hầu,not-resolved,,,not-resolved,0,0,7,chars/90B0.json
邱,C,Qiū,,họ [Qiu1],not-resolved,,,not-resolved,6,0,7,chars/90B1.json
邲,C,Bì,,họ [Bi4]; tên địa danh cổ,not-resolved,,,not-resolved,0,0,7,chars/90B2.json
邳,C,Pī,,"họ [Pi1]; quận thời Hán, nay thuộc Giang Tô",not-resolved,,,not-resolved,3,0,7,chars/90B3.json
邴,C,Bǐng,,họ [Bing3],not-resolved,,,not-resolved,0,0,7,chars/90B4.json
邵,C,Shào,,họ [Shao4]; tên địa danh,not-resolved,,,not-resolved,6,0,7,chars/90B5.json
邶,C,bèi,,tên một nước chư hầu,not-resolved,,,not-resolved,0,0,7,chars/90B6.json
邷,C,Wǎ,,tên địa danh cũ,not-resolved,,,not-resolved,0,0,7,chars/90B7.json
邸,C,Dǐ,,họ [Di3],not-resolved,,,not-resolved,2,0,7,chars/90B8.json
邹,C,Zōu,,họ [Zou1]; nhà nước chư hầu thời nhà Chu (1046-256 TCN) ở đông nam Sơn Đông,not-resolved,,,not-resolved,6,0,7,chars/90B9.json
邺,C,Yè,,họ [Ye4]; quận cổ ở tỉnh Hà Bắc hiện nay 河北省[He2bei3 Sheng3],not-resolved,,,not-resolved,1,0,7,chars/90BA.json
邻,C,lín,Lân,hàng xóm; gần kề,not-resolved,,,not-resolved,7,10,3,chars/90BB.json
邽,C,Guī,,họ [Gui1]; tên địa danh cổ,not-resolved,,,not-resolved,0,0,7,chars/90BD.json
邾,C,Zhū,Chau,họ [Zhu1],not-resolved,,,not-resolved,0,0,7,chars/90BE.json
邿,C,shī,,tên địa danh,not-resolved,,,not-resolved,0,0,7,chars/90BF.json
郁,C,yù,,biến thể của 鬱|郁[yu4],not-resolved,,,not-resolved,6,10,6,chars/90C1.json
郃,C,hé,,tên một người,not-resolved,,,not-resolved,0,0,7,chars/90C3.json
郄,C,Qiè,,họ [Qie4],not-resolved,,,not-resolved,0,0,7,chars/90C4.json
郅,C,Zhì,,họ [Zhi4],not-resolved,,,not-resolved,0,0,7,chars/90C5.json
郇,C,xún,,tên một nước chư hầu,not-resolved,,,not-resolved,0,0,7,chars/90C7.json
郈,C,Hòu,,họ [Hou4]; tên địa danh,not-resolved,,,not-resolved,0,0,7,chars/90C8.json
郊,C,Jiāo,,họ [Jiao1],not-resolved,,,not-resolved,6,10,4,chars/90CA.json
郎,C,Láng,Lang,họ [Lang2],not-resolved,,,not-resolved,6,7,6,chars/90CE.json
郏,C,jiá,,tên một quận ở Hà Nam,not-resolved,,,not-resolved,1,0,7,chars/90CF.json
郐,C,Kuài,,họ [Kuai4]; tên của một nước chư hầu,not-resolved,,,not-resolved,0,0,7,chars/90D0.json
郑,C,Zhèng,Trịnh,nước Trịnh thời Chiến Quốc; họ [Zheng4],not-resolved,,,not-resolved,6,4,6,chars/90D1.json
郓,C,yùn,,địa danh,not-resolved,,,not-resolved,2,0,7,chars/90D3.json
郔,C,Yán,,(tên địa danh),not-resolved,,,not-resolved,0,0,7,chars/90D4.json
郕,C,Chéng,,họ [Cheng2]; nhà nước chư hầu thời nhà Chu (1046-256 TCN),not-resolved,,,not-resolved,0,0,7,chars/90D5.json
郗,C,Chī,,họ [Chi1]; tên một thành phố cổ,not-resolved,,,not-resolved,0,0,7,chars/90D7.json
郙,C,fǔ,,tên địa danh cổ,not-resolved,,,not-resolved,0,0,7,chars/90D9.json
郚,C,wú,,tên địa danh,not-resolved,,,not-resolved,0,0,7,chars/90DA.json
郛,C,fú,,vùng ngoại ô,not-resolved,,,not-resolved,0,0,7,chars/90DB.json
郜,C,Gào,,họ [Gao4]; tên một nước chư hầu,not-resolved,,,not-resolved,0,0,7,chars/90DC.json
郝,C,Hǎo,,tên địa danh cổ; họ [Hao3],not-resolved,,,not-resolved,1,0,7,chars/90DD.json
郞,C,Láng,,họ [Lang2] (biến thể của 郎[Lang2]),not-resolved,,,not-resolved,0,0,7,chars/90DE.json
郠,C,Gěng,,(tên địa danh),not-resolved,,,not-resolved,0,0,7,chars/90E0.json
郡,C,jùn,Quận,quận; huyện,not-resolved,,,not-resolved,6,0,7,chars/90E1.json
郢,C,Yǐng,,"Yên, thủ đô cổ của nước Sở 楚 ở huyện Giang Lăng 江陵縣|江陵县, Hồ Bắc",not-resolved,,,not-resolved,1,0,7,chars/90E2.json
郤,B,Xì,,họ [Xi4],resolved,谷,Bộ Cốc,record-radical,0,0,7,chars/90E4.json
郦,C,Lì,,họ [Li4]; tên địa danh cổ,not-resolved,,,not-resolved,0,0,7,chars/90E6.json
郧,C,yún,,tên một nước chư hầu,not-resolved,,,not-resolved,3,0,7,chars/90E7.json
部,C,bù,Bộ,quyển,not-resolved,,,not-resolved,20,10,4,chars/90E8.json
郪,C,qī,,tên một con sông; tên địa danh,not-resolved,,,not-resolved,0,0,7,chars/90EA.json
郫,C,pí,,tên địa danh,not-resolved,,,not-resolved,1,0,7,chars/90EB.json
郭,C,Guō,Quách,họ [Guo1],not-resolved,,,not-resolved,6,0,7,chars/90ED.json
郯,C,Tán,,họ [Tan2]; tên một thành phố cổ,not-resolved,,,not-resolved,2,0,7,chars/90EF.json
郰,C,zōu,,nơi Khổng Tử sinh ra ở Sơn Đông,not-resolved,,,not-resolved,0,0,7,chars/90F0.json
郲,C,Lái,,"tên một nước thời Xuân Thu ở Sơn Đông hiện nay, bị nước Qi 齊|齐 tiêu diệt",not-resolved,,,not-resolved,0,0,7,chars/90F2.json
郳,C,ní,,tên địa danh,not-resolved,,,not-resolved,0,0,7,chars/90F3.json
郴,C,chēn,,tên một quận ở Hồ Nam,not-resolved,,,not-resolved,2,0,7,chars/90F4.json
郷,C,xiāng,,biến thể Nhật Bản của 鄉|乡,not-resolved,,,not-resolved,0,0,7,chars/90F7.json
郸,C,Dān,,tên một quận ở Hà Bắc,not-resolved,,,not-resolved,6,0,7,chars/90F8.json
郹,C,jú,,tên địa danh,not-resolved,,,not-resolved,0,0,7,chars/90F9.json
都,C,dōu,Đô,tất cả,not-resolved,,,not-resolved,6,10,1,chars/90FD.json
郾,C,yǎn,,tên địa danh,not-resolved,,,not-resolved,2,0,7,chars/90FE.json
郿,C,méi,,tên địa danh cổ,not-resolved,,,not-resolved,0,0,7,chars/90FF.json
鄀,C,ruò,,tên địa danh,not-resolved,,,not-resolved,0,0,7,chars/9100.json
鄂,C,E,,họ [E4]; viết tắt của tỉnh Hồ Bắc 湖北省[Hu2bei3 Sheng3],not-resolved,,,not-resolved,6,0,7,chars/9102.json
鄄,C,Juàn,,tên một huyện ở Sơn Đông,not-resolved,,,not-resolved,2,0,7,chars/9104.json
鄇,C,hòu,,tên địa danh,not-resolved,,,not-resolved,0,0,7,chars/9107.json
鄈,C,kuí,,tên địa danh,not-resolved,,,not-resolved,0,0,7,chars/9108.json
鄋,C,Sōu,,xem 鄋瞞|鄋瞒[Sou1 man2],not-resolved,,,not-resolved,0,0,7,chars/910B.json
鄍,C,míng,,tên địa danh,not-resolved,,,not-resolved,0,0,7,chars/910D.json
鄎,C,xì,,tên địa danh,not-resolved,,,not-resolved,0,0,7,chars/910E.json
鄏,C,rù,,tên địa danh,not-resolved,,,not-resolved,0,0,7,chars/910F.json
鄐,C,Chù,,họ [Chu4],not-resolved,,,not-resolved,0,0,7,chars/9110.json
鄑,C,zī,,tên địa danh,not-resolved,,,not-resolved,0,0,7,chars/9111.json
鄕,C,xiāng,Hương,biến thể của 鄉|乡[xiang1]; quê hương,not-resolved,,,not-resolved,0,0,7,chars/9115.json
鄗,C,hào,,tên địa danh cổ,not-resolved,,,not-resolved,0,0,7,chars/9117.json
鄘,C,Yōng,,họ [Yong1]; tên một nước chư hầu,not-resolved,,,not-resolved,0,0,7,chars/9118.json
鄙,C,bǐ,Bẽ,quê mùa; thấp hèn,not-resolved,,,not-resolved,6,6,6,chars/9119.json
鄚,C,Mò,,họ [Mo4],not-resolved,,,not-resolved,0,0,7,chars/911A.json
鄜,C,fū,,tên một địa khu ở Thiểm Tây,not-resolved,,,not-resolved,0,0,7,chars/911C.json
鄞,C,yín,,tên một địa khu ở Chiết Giang,not-resolved,,,not-resolved,3,0,7,chars/911E.json
鄠,C,hù,,tên một quận ở Thiểm Tây,not-resolved,,,not-resolved,0,0,7,chars/9120.json
鄢,C,Yān,,họ [Yan1]; tên một quận ở Hà Nam,not-resolved,,,not-resolved,2,0,7,chars/9122.json
鄣,C,zhāng,,tên địa danh,not-resolved,,,not-resolved,0,0,7,chars/9123.json
鄤,C,màn,,tên địa danh,not-resolved,,,not-resolved,0,0,7,chars/9124.json
鄦,C,Xǔ,,họ [Xu3]; chư hầu thời nhà Chu (1046-221 TCN),not-resolved,,,not-resolved,0,0,7,chars/9126.json
鄫,C,Zéng,,họ [Zeng1]; nước chư hầu thời Chu,not-resolved,,,not-resolved,0,0,7,chars/912B.json
鄬,C,wéi,,địa danh ở tỉnh Hà Nam,not-resolved,,,not-resolved,0,0,7,chars/912C.json
鄮,C,mào,,tên địa danh cổ,not-resolved,,,not-resolved,0,0,7,chars/912E.json
鄯,C,shàn,,tên một quận ở Tân Cương,not-resolved,,,not-resolved,2,0,7,chars/912F.json
鄱,C,pó,,tên một hồ,not-resolved,,,not-resolved,3,0,7,chars/9131.json
鄵,C,Cào,,"tên địa danh cổ (giữa huyện Tân Chứng 新鄭|新郑[Xin1 zheng4] và huyện Lỗ Sơn 魯山|鲁山[Lu3 shan1], Hà Nam)",not-resolved,,,not-resolved,0,0,7,chars/9135.json
鄷,C,Fēng,,biến thể cũ của 酆[Feng1],not-resolved,,,not-resolved,0,0,7,chars/9137.json
鄹,C,Zōu,,tên một nước; họ [Zou1],not-resolved,,,not-resolved,0,0,7,chars/9139.json
鄻,C,liǎn,,tên địa danh,not-resolved,,,not-resolved,0,0,7,chars/913B.json
鄾,C,yōu,,tên địa danh,not-resolved,,,not-resolved,0,0,7,chars/913E.json
鄿,C,qí,,(thảo mộc); tên địa danh,not-resolved,,,not-resolved,0,0,7,chars/913F.json
酂,C,zàn,,nhóm 100 gia đình; tên địa danh,not-resolved,,,not-resolved,0,0,7,chars/9142.json
酃,C,líng,,tên một huyện ở Hồ Nam,not-resolved,,,not-resolved,1,0,7,chars/9143.json
酅,C,xī,,tên địa danh,not-resolved,,,not-resolved,0,0,7,chars/9145.json
酆,C,Fēng,,kinh đô triều Chu; họ [Feng1],not-resolved,,,not-resolved,0,0,7,chars/9146.json
酉,B,yǒu,Dấu,Rượu,resolved,酉,Bộ Dậu,self-radical,6,0,7,chars/9149.json
酊,B,dīng,,cồn thuốc (từ mượn),resolved,酉,Bộ Dậu,record-radical,2,0,7,chars/914A.json
酋,C,qiú,,tù trưởng,not-resolved,,,not-resolved,4,0,7,chars/914B.json
酌,A,zhuó,Chước,rót rượu; uống rượu,resolved,酉,Bộ Dậu,record-radical,6,6,6,chars/914C.json
配,A,pèi,Phối,phù hợp,resolved,酉,Bộ Dậu,record-radical,11,10,5,chars/914D.json
酎,B,zhòu,,rượu mạnh,resolved,酉,Bộ Dậu,record-radical,0,0,7,chars/914E.json
酏,B,yí,,dược thang; rượu ngọt,resolved,酉,Bộ Dậu,record-radical,0,0,7,chars/914F.json
酐,B,gān,,anhydrit,resolved,酉,Bộ Dậu,record-radical,0,0,7,chars/9150.json
酒,A,jiǔ,,rượu,resolved,水,Bộ Thủy,record-radical,18,10,3,chars/9152.json
酔,C,zuì,,biến thể tiếng Nhật của 醉,not-resolved,,,not-resolved,0,0,7,chars/9154.json
酕,B,máo,,rất say; say mèm,resolved,酉,Bộ Dậu,record-radical,0,0,7,chars/9155.json
酖,C,dān,Đam,nghiện rượu,not-resolved,,,not-resolved,0,0,7,chars/9156.json
酗,C,xù,,say rượu,not-resolved,,,not-resolved,1,4,6,chars/9157.json
酚,B,fēn,,phenol,resolved,酉,Bộ Dậu,record-radical,4,0,7,chars/915A.json
酝,A,yùn,,ủ,resolved,酉,Bộ Dậu,record-radical,1,4,6,chars/915D.json
酞,B,tài,,phthalein (hóa học),resolved,酉,Bộ Dậu,record-radical,1,0,7,chars/915E.json
酡,B,tuó,,đỏ mặt (do uống rượu),resolved,酉,Bộ Dậu,record-radical,0,0,7,chars/9161.json
酢,B,cù,,biến thể của 醋[cu4],resolved,酉,Bộ Dậu,record-radical,1,0,7,chars/9162.json
酣,A,hān,,say sưa,resolved,酉,Bộ Dậu,record-radical,6,8,7,chars/9163.json
酤,B,gū,,buôn bán rượu,resolved,酉,Bộ Dậu,record-radical,0,0,7,chars/9164.json
酥,A,sū,,bơ,resolved,禾,Bộ Hòa,record-radical,6,1,7,chars/9165.json
酦,B,fā,,dùng trong 醱酵|酦酵[fa1 jiao4]; cách đọc ở Đài Loan: [po4],resolved,酉,Bộ Dậu,record-radical,0,0,7,chars/9166.json
酩,B,mǐng,Mỉnh,dùng trong 酩酊[ming3 ding3],resolved,酉,Bộ Dậu,record-radical,2,0,7,chars/9169.json
酪,B,lào,,sữa hoặc nước trái cây đông lại; cũng đọc là [luo4],resolved,酉,Bộ Dậu,record-radical,5,0,7,chars/916A.json
酬,A,chóu,Thù,biến thể cũ của 酬[chou2],resolved,酉,Bộ Dậu,record-radical,6,9,6,chars/916C.json
酮,B,tóng,,xeton,resolved,酉,Bộ Dậu,record-radical,6,0,7,chars/916E.json
酯,B,zhǐ,,este,resolved,酉,Bộ Dậu,record-radical,6,0,7,chars/916F.json
酰,B,xiān,,gốc axit; -acyl (hóa học),resolved,酉,Bộ Dậu,record-radical,2,0,7,chars/9170.json
酱,A,jiàng,Tương,nước sốt,resolved,酉,Bộ Dậu,record-radical,6,9,5,chars/9171.json
酲,B,chéng,Xành,(văn học) say rượu; mệt mỏi sau cơn say,resolved,酉,Bộ Dậu,record-radical,0,0,7,chars/9172.json
酴,B,tú,,men,resolved,酉,Bộ Dậu,record-radical,0,0,7,chars/9174.json
酵,A,jiào,,men; chất gây nở; quá trình lên men,resolved,酉,Bộ Dậu,record-radical,5,4,7,chars/9175.json
酶,A,méi,,enzym; chất lên men,resolved,酉,Bộ Dậu,record-radical,6,1,7,chars/9176.json
酷,A,kù,Khốc,ngầu,resolved,酉,Bộ Dậu,record-radical,8,10,6,chars/9177.json
酸,C,suān,,chua,not-resolved,,,not-resolved,9,10,4,chars/9178.json
酹,C,lèi,,rót rượu cúng; rưới,not-resolved,,,not-resolved,0,0,7,chars/9179.json
酺,C,pú,,uống nhiều; uống cùng nhau,not-resolved,,,not-resolved,0,0,7,chars/917A.json
酽,C,yàn,,đậm (trà),not-resolved,,,not-resolved,0,0,7,chars/917D.json
酾,B,shī,,(văn học) lọc (rượu); rót (rượu hoặc trà),resolved,酉,Bộ Dậu,record-radical,0,0,7,chars/917E.json
酿,A,niàng,,lên men; nấu rượu,resolved,酉,Bộ Dậu,record-radical,6,8,6,chars/917F.json
醁,C,lù,,tên một loại rượu,not-resolved,,,not-resolved,0,0,7,chars/9181.json
醄,B,táo,,rất say; phê,resolved,酉,Bộ Dậu,record-radical,0,0,7,chars/9184.json
醅,B,pēi,,rượu chưa lọc,resolved,酉,Bộ Dậu,record-radical,0,0,7,chars/9185.json
醆,C,zhǎn,,chén rượu,not-resolved,,,not-resolved,0,0,7,chars/9186.json
醇,C,chún,,cồn; rượu có nồng độ cồn cao,not-resolved,,,not-resolved,6,4,7,chars/9187.json
醉,A,zuì,,say rượu,resolved,酉,Bộ Dậu,record-radical,7,10,5,chars/9189.json
醊,C,chuò,,rưới rượu xuống đất,not-resolved,,,not-resolved,0,0,7,chars/918A.json
醋,C,cù,,giấm,not-resolved,,,not-resolved,6,4,5,chars/918B.json
醌,B,kūn,,quinone (hóa học),resolved,酉,Bộ Dậu,record-radical,0,0,7,chars/918C.json
醍,B,tí,,tinh dầu bơ,resolved,酉,Bộ Dậu,record-radical,2,0,7,chars/918D.json
醐,B,hú,,loại kem tinh khiết nhất,resolved,酉,Bộ Dậu,record-radical,2,0,7,chars/9190.json
醑,B,xǔ,,cồn; chưng cất rượu,resolved,酉,Bộ Dậu,record-radical,0,0,7,chars/9191.json
醒,A,xǐng,Tỉnh,tỉnh giấc,resolved,酉,Bộ Dậu,record-radical,12,10,4,chars/9192.json
醓,C,tǎn,,nước muối thịt ngâm,not-resolved,,,not-resolved,0,0,7,chars/9193.json
醖,C,yùn,,biến thể của 醞|酝[yun4],not-resolved,,,not-resolved,0,0,7,chars/9196.json
醚,B,mí,,ete,resolved,酉,Bộ Dậu,record-radical,3,0,7,chars/919A.json
醛,B,quán,,andehit,resolved,酉,Bộ Dậu,record-radical,6,0,7,chars/919B.json
醝,C,cuó,Say,rượu; cồn,not-resolved,,,not-resolved,0,0,7,chars/919D.json
醟,C,yòng,,uống quá độ; phóng đãng,not-resolved,,,not-resolved,0,0,7,chars/919F.json
醡,C,zhà,,ép để lấy rượu,not-resolved,,,not-resolved,0,0,7,chars/91A1.json
醢,C,hǎi,,thịt băm; thịt muối,not-resolved,,,not-resolved,0,0,7,chars/91A2.json
醣,B,táng,,carbohydrate; biến thể cũ của 糖[tang2],resolved,酉,Bộ Dậu,record-radical,0,0,7,chars/91A3.json
醤,C,jiàng,,biến thể tiếng Nhật của 醬|酱[jiang4],not-resolved,,,not-resolved,0,0,7,chars/91A4.json
醨,C,lí,,cặn rượu,not-resolved,,,not-resolved,0,0,7,chars/91A8.json
醪,B,láo,,rượu có cặn,resolved,酉,Bộ Dậu,record-radical,1,0,7,chars/91AA.json
醭,B,bú,,mốc trên chất lỏng,resolved,酉,Bộ Dậu,record-radical,0,0,7,chars/91AD.json
醮,B,jiào,,cử hành tế lễ,resolved,酉,Bộ Dậu,record-radical,0,0,7,chars/91AE.json
醯,B,xī,,acyl,resolved,酉,Bộ Dậu,record-radical,0,0,7,chars/91AF.json
醰,C,tán,,vị đắng trong rượu; dư vị,not-resolved,,,not-resolved,0,0,7,chars/91B0.json
醳,C,yì,,rượu ngon; ban tặng (đồ ăn thức uống),not-resolved,,,not-resolved,0,0,7,chars/91B3.json
醴,B,lǐ,,rượu ngọt,resolved,酉,Bộ Dậu,record-radical,2,0,7,chars/91B4.json
醵,B,jù,,góp tiền tổ chức tiệc; góp chung (tiền),resolved,酉,Bộ Dậu,record-radical,0,0,7,chars/91B5.json
醸,C,niàng,,biến thể tiếng Nhật của 釀|酿,not-resolved,,,not-resolved,0,0,7,chars/91B8.json
醹,C,rú,,nồng (rượu),not-resolved,,,not-resolved,0,0,7,chars/91B9.json
醺,B,xūn,,say không còn biết gì,resolved,酉,Bộ Dậu,record-radical,2,0,7,chars/91BA.json
醽,C,líng,,tên một loại rượu,not-resolved,,,not-resolved,0,0,7,chars/91BD.json
醾,C,mí,,rượu chưa lọc; rượu ủ hai lần,not-resolved,,,not-resolved,0,0,7,chars/91BE.json
釂,C,jiào,,cạn ly,not-resolved,,,not-resolved,0,0,7,chars/91C2.json
釆,B,biàn,,"Phân biệt rõ, biện biệt",resolved,釆,Bộ Biện,self-radical,0,0,7,chars/91C6.json
采,A,cǎi,Thái,thu hái,resolved,爪,Bộ Trảo,record-radical,11,10,5,chars/91C7.json
釈,C,shì,,biến thể tiếng Nhật của 釋|释,not-resolved,,,not-resolved,0,0,7,chars/91C8.json
釉,B,yòu,,men (của sứ),resolved,釆,Bộ Biện,record-radical,2,0,7,chars/91C9.json
释,A,shì,Thích,giải thích; phóng thích,resolved,釆,Bộ Biện,record-radical,8,10,4,chars/91CA.json
里,A,lǐ,Lịa,trong,resolved,里,Bộ Lí,self-radical,20,10,1,chars/91CC.json
重,A,zhòng,Trọng,nặng,resolved,人,Bộ Nhân,record-radical,20,10,4,chars/91CD.json
野,A,yě,Dã,hoang dã,resolved,田,Bộ Điền,record-radical,11,10,6,chars/91CE.json
量,A,liàng,,dung lượng,resolved,里,Bộ Lí,record-radical,20,10,4,chars/91CF.json
金,A,jīn,Kim,kim loại; vàng,resolved,金,Bộ Kim,self-radical,20,10,4,chars/91D1.json
釒,C,jīn,,,not-resolved,,,not-resolved,0,0,7,chars/91D2.json
釜,B,fǔ,,ấm đun; nồi lớn,resolved,金,Bộ Kim,record-radical,5,0,7,chars/91DC.json
釡,C,fǔ,,biến thể cũ của 釜[fu3],not-resolved,,,not-resolved,0,0,7,chars/91E1.json
釢,C,nǎi,,(cũ) neodymium; neptunium (hóa học),not-resolved,,,not-resolved,0,0,7,chars/91E2.json
釪,C,yú,,bát khất thực; một cái chuông nhỏ,not-resolved,,,not-resolved,0,0,7,chars/91EA.json
釭,C,gāng,Cong,bát treo đèn hoặc cá,not-resolved,,,not-resolved,0,0,7,chars/91ED.json
釱,C,dì,,xiềng xích; xiềng,not-resolved,,,not-resolved,0,0,7,chars/91F1.json
釸,C,xī,,biến thể của 矽[xi1],not-resolved,,,not-resolved,0,0,7,chars/91F8.json
鈆,C,yán,,biến thể cũ của 沿[yan2],not-resolved,,,not-resolved,0,0,7,chars/9206.json
鈌,C,jué,Khoét,"đâm, chọc",not-resolved,,,not-resolved,0,0,7,chars/920C.json
鈤,C,rì,,bản dịch cũ của nguyên tố gecmani Ge32 鍺|锗[zhe3],not-resolved,,,not-resolved,0,0,7,chars/9224.json
鈬,C,Duó,,họ [Duo2],not-resolved,,,not-resolved,0,0,7,chars/922C.json
鉄,C,tiě,,biến thể cũ của 鐵|铁[tie3],not-resolved,,,not-resolved,0,0,7,chars/9244.json
鉆,C,zhēn,,bảo vật,not-resolved,,,not-resolved,0,0,7,chars/9246.json
鉌,C,hé,,chuông nhỏ,not-resolved,,,not-resolved,0,0,7,chars/924C.json
鉏,C,chú,,cái cuốc,not-resolved,,,not-resolved,0,0,7,chars/924F.json
鉠,C,yāng,,(tượng thanh) reng; kêu leng keng,not-resolved,,,not-resolved,0,0,7,chars/9260.json
鉨,C,nǐ,,biến thể của 璽|玺 triện của vua,not-resolved,,,not-resolved,0,0,7,chars/9268.json
鉱,C,kuàng,,biến thể tiếng Nhật của 礦|矿,not-resolved,,,not-resolved,0,0,7,chars/9271.json
鉲,C,kǎ,,(hóa học) cadmium (cũ); (Đài Loan) californium,not-resolved,,,not-resolved,0,0,7,chars/9272.json
鉳,C,běi,,berkelium (hóa học) (Đài Loan),not-resolved,,,not-resolved,0,0,7,chars/9273.json
鉴,A,jiàn,,biến thể của 鑑|鉴[jian4],resolved,金,Bộ Kim,record-radical,8,10,6,chars/9274.json
鉼,C,bǐng,,tấm,not-resolved,,,not-resolved,0,0,7,chars/927C.json
鉾,C,móu,,giáo,not-resolved,,,not-resolved,0,0,7,chars/927E.json
銎,B,qiōng,,lỗ tra cán rìu,resolved,金,Bộ Kim,record-radical,0,0,7,chars/928E.json
銕,C,tiě,,biến thể cũ của 鐵|铁[tie3],not-resolved,,,not-resolved,0,0,7,chars/9295.json
銞,C,jūn,,biến thể cũ của 鈞|钧[jun1],not-resolved,,,not-resolved,0,0,7,chars/929E.json
銤,C,mǐ,,từng được dùng cho các nguyên tố hóa học americi 鎇|镅[mei2] và osmi 鋨|锇[e2],not-resolved,,,not-resolved,0,0,7,chars/92A4.json
銧,C,guāng,,mũi kiếm,not-resolved,,,not-resolved,0,0,7,chars/92A7.json
銭,C,qián,,biến thể Nhật Bản của 錢|钱,not-resolved,,,not-resolved,0,0,7,chars/92AD.json
銮,C,luán,,hoàng gia,not-resolved,,,not-resolved,3,0,7,chars/92AE.json
銰,C,āi,,"chữ từng được dùng ở Hàn Quốc để biểu thị âm ""ngai""",not-resolved,,,not-resolved,0,0,7,chars/92B0.json
銵,C,kēng,,biến thể cũ của 鏗|铿[keng1],not-resolved,,,not-resolved,0,0,7,chars/92B5.json
鋂,C,méi,Mũi,americi (hóa học) (Đài Loan); (cổ) xích kim loại,not-resolved,,,not-resolved,0,0,7,chars/92C2.json
鋆,C,yún,,vàng,not-resolved,,,not-resolved,0,0,7,chars/92C6.json
鋈,B,wù,,mạ-; mạ,resolved,金,Bộ Kim,record-radical,0,0,7,chars/92C8.json
鋊,C,yù,,que cời; mạt đồng,not-resolved,,,not-resolved,0,0,7,chars/92CA.json
鋍,C,bó,,"thuật ngữ cũ cho beryli, nay viết là 鈹|铍[pi2]; biến thể của 鈸|钹[bo2], chũm chọe",not-resolved,,,not-resolved,0,0,7,chars/92CD.json
鋑,C,cuān,,"khắc hoặc chạm, như khắc bản in",not-resolved,,,not-resolved,0,0,7,chars/92D1.json
鋕,C,zhì,,khắc; ghi chép,not-resolved,,,not-resolved,0,0,7,chars/92D5.json
鋘,C,wú,,trát; cái bay,not-resolved,,,not-resolved,0,0,7,chars/92D8.json
鋡,C,hán,,cầm; chứa đựng,not-resolved,,,not-resolved,0,0,7,chars/92E1.json
鋭,C,ruì,Nhọn,biến thể Nhật Bản của 銳|锐,not-resolved,,,not-resolved,0,0,7,chars/92ED.json
鋳,C,zhù,,biến thể Nhật Bản của 鑄|铸,not-resolved,,,not-resolved,0,0,7,chars/92F3.json
鋺,C,wǎn,,biến thể của 碗[wan3],not-resolved,,,not-resolved,0,0,7,chars/92FA.json
錍,C,pī,,mũi tên phẳng; lưỡi cày,not-resolved,,,not-resolved,0,0,7,chars/930D.json
錔,C,tà,,bọc kim loại ở đầu,not-resolved,,,not-resolved,0,0,7,chars/9314.json
錬,C,liàn,,Biến thể tiếng Nhật của 煉|炼[lian4],not-resolved,,,not-resolved,0,0,7,chars/932C.json
録,C,lù,,biến thể tiếng Nhật của 錄|录[lu4],not-resolved,,,not-resolved,0,0,7,chars/9332.json
錴,C,lù,,rhodium (hóa học) (cũ),not-resolved,,,not-resolved,0,0,7,chars/9334.json
錵,C,huā,,holmium (hóa học) (cũ),not-resolved,,,not-resolved,0,0,7,chars/9335.json
錼,C,nài,,neptunium (hoá học) (Đài Loan),not-resolved,,,not-resolved,0,0,7,chars/933C.json
錾,C,zàn,,chạm khắc,not-resolved,,,not-resolved,1,0,7,chars/933E.json
鍅,C,fǎ,,francium (hoá học) (Đài Loan),not-resolved,,,not-resolved,0,0,7,chars/9345.json
鍉,C,dī,,cái thìa; chìa khóa,not-resolved,,,not-resolved,0,0,7,chars/9349.json
鍏,C,wéi,,cái thuổng,not-resolved,,,not-resolved,0,0,7,chars/934F.json
鍐,C,cōng,,"dây cương, đồ trang trí trên dây cương",not-resolved,,,not-resolved,0,0,7,chars/9350.json
鍪,B,móu,,nồi sắt; mũ kim loại,resolved,金,Bộ Kim,record-radical,0,0,7,chars/936A.json
鍱,C,yè,,tấm kim loại mỏng,not-resolved,,,not-resolved,0,0,7,chars/9371.json
鍴,C,duān,,(cổ) cốc uống rượu,not-resolved,,,not-resolved,0,0,7,chars/9374.json
鍹,C,xuān,,cái xẻng; cái cuốc,not-resolved,,,not-resolved,0,0,7,chars/9379.json
鎉,C,tà,,thallium,not-resolved,,,not-resolved,0,0,7,chars/9389.json
鎋,C,xiá,,chốt hãm (dùng để gắn bánh xe vào trục) (biến thể của 轄|辖[xia2]),not-resolved,,,not-resolved,0,0,7,chars/938B.json
鎍,C,suǒ,,xích; dây kim loại,not-resolved,,,not-resolved,0,0,7,chars/938D.json
鎏,B,liú,,biến thể của 鎦|镏[liu2],resolved,金,Bộ Kim,record-radical,0,0,7,chars/938F.json
鎒,C,nòu,,biến thể của 耨[nou4],not-resolved,,,not-resolved,0,0,7,chars/9392.json
鎞,C,bì,,"lưỡi cày; ngạnh, dao mổ",not-resolved,,,not-resolved,0,0,7,chars/939E.json
鎤,C,huǎng,,tiếng chuông; chuông nhỏ,not-resolved,,,not-resolved,0,0,7,chars/93A4.json
鎭,C,zhèn,,biến thể của 鎮|镇[zhen4]; thị trấn,not-resolved,,,not-resolved,0,0,7,chars/93AD.json
鎴,C,xí,,"stronti (cũ, nay là 鍶|锶[si1])",not-resolved,,,not-resolved,0,0,7,chars/93B4.json
鎸,C,juān,,"biến thể của 鐫|镌, khắc (trên gỗ hoặc đá); khắc chữ",not-resolved,,,not-resolved,0,0,7,chars/93B8.json
鎹,C,xx,,(chữ Nhật kokuji) đinh kẹp lớn đóng vào hai mảnh gỗ để giữ chúng lại với nhau; đọc là kasugai,not-resolved,,,not-resolved,0,0,7,chars/93B9.json
鏁,C,suǒ,,biến thể cũ của 鎖|锁[suo3],not-resolved,,,not-resolved,0,0,7,chars/93C1.json
鏊,B,ào,,chảo nướng,resolved,金,Bộ Kim,record-radical,0,0,7,chars/93CA.json
鏖,B,áo,,chiến đấu ác liệt,resolved,金,Bộ Kim,record-radical,1,0,7,chars/93D6.json
鏚,C,qī,,rìu chiến; phiên âm Đài Loan [qi4],not-resolved,,,not-resolved,0,0,7,chars/93DA.json
鏠,C,fēng,,biến thể cũ của 鋒|锋[feng1],not-resolved,,,not-resolved,0,0,7,chars/93E0.json
鏦,C,cōng,,cây giáo; đâm (bằng giáo),not-resolved,,,not-resolved,0,0,7,chars/93E6.json
鏸,C,huì,,giáo ba cạnh; (dùng trong tên riêng),not-resolved,,,not-resolved,0,0,7,chars/93F8.json
鏽,C,xiù,,,not-resolved,,,not-resolved,0,0,7,chars/93FD.json
鏾,C,sǎn,,cò súng nỏ; nỏ,not-resolved,,,not-resolved,0,0,7,chars/93FE.json
鐗,C,jiǎn,,biến thể của 鐧|锏[jian3],not-resolved,,,not-resolved,0,0,7,chars/9417.json
鐡,C,tiě,,"biến thể của 鐵|铁[tie3], sắt",not-resolved,,,not-resolved,0,0,7,chars/9421.json
鐬,C,huì,,,not-resolved,,,not-resolved,0,0,7,chars/942C.json
鐱,C,jiàn,Kẽm,biến thể cũ của 劍|剑[jian4],not-resolved,,,not-resolved,0,0,7,chars/9431.json
鐻,C,jù,Gánh / Cứa,(nhạc cụ),not-resolved,,,not-resolved,0,0,7,chars/943B.json
鐾,B,bèi,,mài (dao) trên đá hoặc dây da,resolved,金,Bộ Kim,record-radical,0,0,,chars/943E.json
鑀,C,ài,,einsteini (hóa học) (Đài Loan); ionium (tên cũ của thorium),not-resolved,,,not-resolved,0,0,7,chars/9440.json
鑅,C,héng,Lỏng / Vành,(từ tượng thanh) cho âm thanh của chuông (cổ),not-resolved,,,not-resolved,0,0,7,chars/9445.json
鑐,C,xū,,then chốt của một ổ khóa Trung Quốc,not-resolved,,,not-resolved,0,0,7,chars/9450.json
鑢,C,Lǜ,,họ [Lu:4],not-resolved,,,not-resolved,0,0,7,chars/9462.json
鑫,C,xīn,,"(dùng trong tên người và cửa hàng, tượng trưng cho sự thịnh vượng)",not-resolved,,,not-resolved,1,0,7,chars/946B.json
鑯,C,jiān,,cái dùi; điểm sắt nhọn,not-resolved,,,not-resolved,0,0,7,chars/946F.json
鑳,C,jiàn,,biến thể cũ của 鍵|键[jian4],not-resolved,,,not-resolved,0,0,7,chars/9473.json
鑴,C,xì,,"khắc hoặc chạm, như một bản khắc để in",not-resolved,,,not-resolved,0,0,7,chars/9474.json
鑶,C,cáng,,(từ tượng thanh) (âm thanh của chuông),not-resolved,,,not-resolved,0,0,7,chars/9476.json
钃,C,shǔ,,kim loại,not-resolved,,,not-resolved,0,0,7,chars/9483.json
钅,B,jīn,,"Kim loại, vàng, vật bằng kim loại.",resolved,金,Bộ Kim,radical-variant,0,0,7,chars/9485.json
钆,B,gá,,gadolinium (hoá học),resolved,金,Bộ Kim,record-radical,0,0,7,chars/9486.json
钇,B,yǐ,,yttri (hoá học),resolved,金,Bộ Kim,record-radical,0,0,7,chars/9487.json
针,A,zhēn,Châm,kim,resolved,金,Bộ Kim,record-radical,8,10,4,chars/9488.json
钉,A,dìng,Đinh,đóng đinh,resolved,金,Bộ Kim,record-radical,7,10,6,chars/9489.json
钊,C,zhāo,,khích lệ; cắt,not-resolved,,,not-resolved,2,0,7,chars/948A.json
钋,B,pō,,poloni (hoá học); cách đọc tại Đài Loan: [po4],resolved,金,Bộ Kim,record-radical,0,0,7,chars/948B.json
钌,B,liǎo,Rẻo,ruthenium (hoá học),resolved,金,Bộ Kim,record-radical,0,0,7,chars/948C.json
钍,B,tǔ,,thori (hoá học),resolved,金,Bộ Kim,record-radical,0,0,7,chars/948D.json
钎,C,qiān,,mũi khoan (để khoan đá),not-resolved,,,not-resolved,2,0,7,chars/948E.json
钏,B,Chuàn,Xuyến,họ [Chuan4],resolved,金,Bộ Kim,record-radical,0,0,7,chars/948F.json
钐,B,shān,,samarium (hoá học),resolved,金,Bộ Kim,record-radical,0,0,7,chars/9490.json
钑,C,jí,,germanium (cũ),not-resolved,,,not-resolved,0,0,7,chars/9491.json
钒,B,fán,,vanadi (hóa học),resolved,金,Bộ Kim,record-radical,0,0,7,chars/9492.json
钓,C,diào,,câu cá,not-resolved,,,not-resolved,6,10,5,chars/9493.json
钔,B,mén,,mendelevium (hoá học),resolved,金,Bộ Kim,record-radical,0,0,7,chars/9494.json
钕,B,nǚ,,neodymium (hoá học),resolved,金,Bộ Kim,record-radical,0,0,7,chars/9495.json
钖,C,yáng,,đồ trang trí trên dây cương ngựa,not-resolved,,,not-resolved,0,0,7,chars/9496.json
钗,C,chāi,Thoa,trâm cài tóc,not-resolved,,,not-resolved,1,0,7,chars/9497.json
钘,C,xíng,,bình rượu cổ dài,not-resolved,,,not-resolved,0,0,7,chars/9498.json
钙,B,gài,,canxi,resolved,金,Bộ Kim,record-radical,6,0,6,chars/9499.json
钚,B,bù,,plutonium (hóa học),resolved,金,Bộ Kim,record-radical,0,0,7,chars/949A.json
钛,B,tài,,titanium (nguyên tố hóa học),resolved,金,Bộ Kim,record-radical,2,0,7,chars/949B.json
钜,B,jù,,sắt cứng; cái móc,resolved,金,Bộ Kim,record-radical,0,0,7,chars/949C.json
钝,A,dùn,Nhọn,cùn; ngốc,resolved,金,Bộ Kim,record-radical,6,1,6,chars/949D.json
钞,A,chāo,,tiền; tiền giấy,resolved,金,Bộ Kim,record-radical,6,6,6,chars/949E.json
钟,A,zhōng,Chung,đồng hồ,resolved,金,Bộ Kim,record-radical,8,10,1,chars/949F.json
钠,A,nà,,natri (hóa học),resolved,金,Bộ Kim,record-radical,6,1,7,chars/94A0.json
钡,B,bèi,,bari (hóa học),resolved,金,Bộ Kim,record-radical,0,0,7,chars/94A1.json
钢,A,gāng,Gang,thép,resolved,金,Bộ Kim,record-radical,7,10,4,chars/94A2.json
钣,B,bǎn,,tấm kim loại; tấm kim loại mỏng,resolved,金,Bộ Kim,record-radical,0,0,7,chars/94A3.json
钤,B,qián,Kiềm,then cửa; con dấu,resolved,金,Bộ Kim,record-radical,0,0,7,chars/94A4.json
钥,A,yuè,,chìa khóa; cũng đọc là [yao4],resolved,金,Bộ Kim,record-radical,4,10,4,chars/94A5.json
钦,A,Qīn,Khâm,họ [Qin1],resolved,金,Bộ Kim,record-radical,6,4,6,chars/94A6.json
钧,A,jūn,,30 cân; lớn,resolved,金,Bộ Kim,record-radical,1,4,7,chars/94A7.json
钨,B,wū,,tungsten (hóa học),resolved,金,Bộ Kim,record-radical,1,0,7,chars/94A8.json
钩,C,gōu,,"móc, vướng vào",not-resolved,,,not-resolved,6,8,6,chars/94A9.json
钪,B,kàng,,scandium (hóa học),resolved,金,Bộ Kim,record-radical,0,0,7,chars/94AA.json
钫,B,fāng,,franci (hóa học),resolved,金,Bộ Kim,record-radical,0,0,7,chars/94AB.json
钬,B,huǒ,,holmium (hóa học),resolved,金,Bộ Kim,record-radical,0,0,7,chars/94AC.json
钭,C,Tǒu,,họ [Tou3],not-resolved,,,not-resolved,0,0,7,chars/94AD.json
钮,A,Niǔ,Nạo,họ [Niu3],resolved,金,Bộ Kim,record-radical,4,3,7,chars/94AE.json
钯,B,bǎ,,palladi (hoá học); Phiên âm Đài Loan [ba1],resolved,金,Bộ Kim,record-radical,0,0,7,chars/94AF.json
钰,C,yù,,bảo vật; kim loại cứng,not-resolved,,,not-resolved,1,0,7,chars/94B0.json
钱,A,qián,Tiền,tiền,resolved,金,Bộ Kim,record-radical,16,10,1,chars/94B1.json
钲,B,zhēng,Chiêng,cồng dùng để dừng quân,resolved,金,Bộ Kim,record-radical,0,0,7,chars/94B2.json
钳,A,qián,Kiềm,kìm; khoá,resolved,金,Bộ Kim,record-radical,6,3,7,chars/94B3.json
钴,B,gǔ,,coban (hoá học); Phiên âm Đài Loan [gu1],resolved,金,Bộ Kim,record-radical,0,0,7,chars/94B4.json
钵,A,bō,Bát,"Bát (của nhà sư, dùng để khất thực); chậu, bồn",resolved,金,Bộ Kim,record-radical,3,2,7,chars/94B5.json
钶,B,kē,,columbium,resolved,金,Bộ Kim,record-radical,0,0,7,chars/94B6.json
钷,B,pǒ,,prometi (hóa học),resolved,金,Bộ Kim,record-radical,0,0,7,chars/94B7.json
钸,B,bū,Búa,tấm kim loại,resolved,金,Bộ Kim,record-radical,0,0,7,chars/94B8.json
钹,B,bó,Bạt,chũm chọe,resolved,金,Bộ Kim,record-radical,0,0,7,chars/94B9.json
钺,B,yuè,Việt,rìu chiến,resolved,金,Bộ Kim,record-radical,2,0,7,chars/94BA.json
钻,A,zuān,,"khoan, máy khoan",resolved,金,Bộ Kim,record-radical,8,10,6,chars/94BB.json
钼,B,mù,,molypden (hóa học),resolved,金,Bộ Kim,record-radical,0,0,7,chars/94BC.json
钽,B,tǎn,,tantalum (hóa học),resolved,金,Bộ Kim,record-radical,0,0,7,chars/94BD.json
钾,A,jiǎ,,kali (hóa học),resolved,金,Bộ Kim,record-radical,6,2,7,chars/94BE.json
钿,B,diàn,,"khảm vàng, bạc,...; đồ trang trí khảm cổ đại hình bông hoa",resolved,金,Bộ Kim,record-radical,0,0,7,chars/94BF.json
铀,B,yóu,,uranium (hóa học); cách đọc ở Đài Loan: [you4],resolved,金,Bộ Kim,record-radical,2,0,7,chars/94C0.json
铁,A,tiě,Thiết,sắt,resolved,金,Bộ Kim,record-radical,8,10,3,chars/94C1.json
铂,B,bó,Bạc,platinum (hóa học),resolved,金,Bộ Kim,record-radical,0,0,7,chars/94C2.json
铃,A,líng,,chuông,resolved,金,Bộ Kim,record-radical,8,10,5,chars/94C3.json
铄,B,shuò,Thước,sáng; nấu chảy,resolved,金,Bộ Kim,record-radical,3,0,7,chars/94C4.json
铅,A,qiān,,chì,resolved,金,Bộ Kim,record-radical,7,6,2,chars/94C5.json
铆,B,mǎo,,tán đinh; (thông tục) dốc sức,resolved,金,Bộ Kim,record-radical,3,0,7,chars/94C6.json
铇,C,bào,Bào,biến thể của 刨[bao4],not-resolved,,,not-resolved,0,0,7,chars/94C7.json
铈,B,shì,,xeri (hoá học),resolved,金,Bộ Kim,record-radical,0,0,7,chars/94C8.json
铉,B,xuàn,,"dụng cụ dạng que cắm vào quai đỉnh ba chân thời cổ đại để nhấc đỉnh lên; thường dùng trong tên Hàn Quốc, phiên âm là ""hyun""",resolved,金,Bộ Kim,record-radical,2,0,7,chars/94C9.json
铊,B,tā,,thallium trong hóa học,resolved,金,Bộ Kim,record-radical,0,0,7,chars/94CA.json
铋,B,bì,,bismuth (hóa học),resolved,金,Bộ Kim,record-radical,0,0,7,chars/94CB.json
铌,B,ní,Bắn / Nỉa,niobi (hoá học),resolved,金,Bộ Kim,record-radical,0,0,7,chars/94CC.json
铍,B,pí,,berili (hóa học),resolved,金,Bộ Kim,record-radical,0,0,7,chars/94CD.json
铎,B,Duó,Đạc,họ [Duo2],resolved,金,Bộ Kim,record-radical,1,0,7,chars/94CE.json
铏,C,xíng,,nồi canh; (cổ) đỉnh cúng tế có hai quai và nắp,not-resolved,,,not-resolved,0,0,7,chars/94CF.json
铐,B,kào,,còng; xích,resolved,金,Bộ Kim,record-radical,2,0,7,chars/94D0.json
铑,B,lǎo,,rhodium (hóa học),resolved,金,Bộ Kim,record-radical,0,0,7,chars/94D1.json
铒,B,ěr,,erbium (hóa học),resolved,金,Bộ Kim,record-radical,0,0,7,chars/94D2.json
铓,C,máng,,điểm sắc; mũi kiếm,not-resolved,,,not-resolved,0,0,7,chars/94D3.json
铔,C,yà,,amoni (cũ),not-resolved,,,not-resolved,0,0,7,chars/94D4.json
铕,B,yǒu,,europi (hóa học),resolved,金,Bộ Kim,record-radical,0,0,7,chars/94D5.json
铖,B,chéng,,(dùng trong tên người),resolved,金,Bộ Kim,record-radical,0,0,7,chars/94D6.json
铗,C,jiá,,kẹp dùng cho lửa; kiếm,not-resolved,,,not-resolved,0,0,7,chars/94D7.json
铘,C,yé,,dùng trong 鏌鋣|镆铘[Mo4 ye2],not-resolved,,,not-resolved,0,0,,chars/94D8.json
铙,B,náo,,cặp chũm chọe lớn,resolved,金,Bộ Kim,record-radical,0,0,7,chars/94D9.json
铚,C,zhì,,lưỡi liềm,not-resolved,,,not-resolved,0,0,7,chars/94DA.json
铛,B,chēng,,chảo rán; bếp nướng,resolved,金,Bộ Kim,record-radical,5,0,7,chars/94DB.json
铜,A,tóng,Đồng,đồng,resolved,金,Bộ Kim,record-radical,6,9,6,chars/94DC.json
铝,A,lǚ,,nhôm,resolved,金,Bộ Kim,record-radical,5,1,7,chars/94DD.json
铞,B,diào,,xem 釕銱兒|钌铞儿[liao4 diao4 r5],resolved,金,Bộ Kim,record-radical,0,0,7,chars/94DE.json
铟,B,yīn,,indium (hóa học),resolved,金,Bộ Kim,record-radical,0,0,7,chars/94DF.json
铠,A,kǎi,,áo giáp,resolved,金,Bộ Kim,record-radical,1,1,7,chars/94E0.json
铡,C,zhá,,máy chém kiểu đòn bẩy; chém bằng loại máy chém này,not-resolved,,,not-resolved,1,0,7,chars/94E1.json
铢,B,zhū,,một phần hai mươi tư của một lạng (2 hoặc 3 gram),resolved,金,Bộ Kim,record-radical,2,0,7,chars/94E2.json
铣,B,xǐ,Ten,phay (gia công); tiếng Đài Loan đọc là [xian3],resolved,金,Bộ Kim,record-radical,3,0,7,chars/94E3.json
铤,B,dìng,,thỏi kim loại,resolved,金,Bộ Kim,record-radical,1,0,7,chars/94E4.json
铥,B,diū,,thulium (hóa học),resolved,金,Bộ Kim,record-radical,0,0,7,chars/94E5.json
铦,C,xiān,,giáo cá; sắc bén,not-resolved,,,not-resolved,0,0,7,chars/94E6.json
铧,B,huá,,lưỡi cày; cái mai,resolved,金,Bộ Kim,record-radical,2,0,7,chars/94E7.json
铨,B,quán,,đánh giá; chọn lựa,resolved,金,Bộ Kim,record-radical,2,0,7,chars/94E8.json
铩,C,shā,,cây thương; làm tổn hại (văn học),not-resolved,,,not-resolved,1,0,7,chars/94E9.json
铪,B,hā,,hafnium (hóa học),resolved,金,Bộ Kim,record-radical,0,0,7,chars/94EA.json
铫,B,Yáo,,họ [Yao2],resolved,金,Bộ Kim,record-radical,0,0,7,chars/94EB.json
铬,B,gè,Lạc,chromium (hóa học),resolved,金,Bộ Kim,record-radical,0,0,7,chars/94EC.json
铭,C,míng,,khắc; châm ngôn được khắc,not-resolved,,,not-resolved,6,8,6,chars/94ED.json
铮,B,zhēng,Trành,tiếng vang của kim loại; cồng nhỏ,resolved,金,Bộ Kim,record-radical,0,0,7,chars/94EE.json
铯,B,sè,,xesi (hóa học),resolved,金,Bộ Kim,record-radical,0,0,7,chars/94EF.json
铰,C,jiǎo,,kéo; cắt (bằng kéo),not-resolved,,,not-resolved,2,0,7,chars/94F0.json
铱,B,yī,,iridi (hóa học),resolved,金,Bộ Kim,record-radical,0,0,7,chars/94F1.json
铲,A,chǎn,Xẻng,xẻng,resolved,金,Bộ Kim,record-radical,6,1,7,chars/94F2.json
铳,B,chòng,Súng,hỏa khí cổ; súng,resolved,金,Bộ Kim,record-radical,0,0,7,chars/94F3.json
铴,C,tāng,,,resolved,金,Bộ Kim,record-radical,0,0,,chars/94F4.json
铵,B,ǎn,,amoni,resolved,金,Bộ Kim,record-radical,3,0,7,chars/94F5.json
银,A,yín,Ngân,bạc,resolved,金,Bộ Kim,record-radical,10,10,5,chars/94F6.json
铷,B,rú,,rubidi (hóa học),resolved,金,Bộ Kim,record-radical,0,0,7,chars/94F7.json
铸,A,zhù,,đúc hoặc đổ khuôn kim loại,resolved,金,Bộ Kim,record-radical,6,3,6,chars/94F8.json
铹,B,láo,Xoá / Lao,lawrenci (hóa học),resolved,金,Bộ Kim,record-radical,0,0,7,chars/94F9.json
铺,A,pū,Phố,trải ra,resolved,金,Bộ Kim,record-radical,9,10,6,chars/94FA.json
铻,C,wú,,cái cuốc,not-resolved,,,not-resolved,0,0,7,chars/94FB.json
铼,B,lái,,rhenium (hóa học),resolved,金,Bộ Kim,record-radical,0,0,7,chars/94FC.json
铽,B,tè,,terbi (hóa học),resolved,金,Bộ Kim,record-radical,0,0,7,chars/94FD.json
链,C,liàn,,"dây xích; sợi cáp (đơn vị đo chiều dài: 100 sải, khoảng 185 m)",not-resolved,,,not-resolved,6,10,5,chars/94FE.json
铿,A,kēng,Trét / Keng,(từ tượng thanh) âm vang; tiếng kim loại leng keng,resolved,金,Bộ Kim,record-radical,2,2,7,chars/94FF.json
销,A,xiāo,Tiu,tiêu thụ,resolved,金,Bộ Kim,record-radical,13,10,5,chars/9500.json
锁,A,suǒ,Toả,khóa,resolved,金,Bộ Kim,record-radical,7,10,5,chars/9501.json
锂,B,lǐ,,liti (hóa học),resolved,金,Bộ Kim,record-radical,1,0,7,chars/9502.json
锃,B,zèng,Cất / Xiềng,đánh bóng; sáng bóng,resolved,金,Bộ Kim,record-radical,2,0,7,chars/9503.json
锄,C,chú,,cái cuốc; cuốc hoặc đào,not-resolved,,,not-resolved,6,0,7,chars/9504.json
锅,A,guō,,nồi,resolved,金,Bộ Kim,record-radical,9,10,5,chars/9505.json
锆,B,gào,Cạo,zirconi (hóa học),resolved,金,Bộ Kim,record-radical,0,0,7,chars/9506.json
锇,B,é,,osmi (hóa học),resolved,金,Bộ Kim,record-radical,0,0,7,chars/9507.json
锈,A,xiù,,gỉ,resolved,金,Bộ Kim,record-radical,6,5,6,chars/9508.json
锉,B,cuò,,(văn học) làm gãy (xương); (văn học) cắt,resolved,金,Bộ Kim,record-radical,1,0,7,chars/9509.json
锊,B,lüè,,(đơn vị đo lường khối lượng cổ),resolved,金,Bộ Kim,record-radical,0,0,7,chars/950A.json
锋,A,fēng,,mũi giáo; lưỡi dụng cụ,resolved,金,Bộ Kim,record-radical,7,10,6,chars/950B.json
锌,B,xīn,,kẽm (hóa học),resolved,金,Bộ Kim,record-radical,2,0,7,chars/950C.json
锎,B,kāi,,californium (hóa học),resolved,金,Bộ Kim,record-radical,0,0,7,chars/950E.json
锏,B,jiǎn,,vũ khí cổ giống cây gậy kim loại dài,resolved,金,Bộ Kim,record-radical,2,0,7,chars/950F.json
锐,A,ruì,,sắc bén,resolved,金,Bộ Kim,record-radical,6,10,6,chars/9510.json
锑,B,tī,,antimon (hóa học),resolved,金,Bộ Kim,record-radical,0,0,7,chars/9511.json
锒,B,láng,,xích; trang sức,resolved,金,Bộ Kim,record-radical,2,0,7,chars/9512.json
锓,B,qín,Xăm,khắc,resolved,金,Bộ Kim,record-radical,0,0,7,chars/9513.json
锔,B,jū,Cuốc,hàn gắn bằng cách ghim hoặc kẹp các mảnh vỡ lại với nhau,resolved,金,Bộ Kim,record-radical,0,0,7,chars/9514.json
锕,B,ā,,actini (hóa học),resolved,金,Bộ Kim,record-radical,1,0,7,chars/9515.json
锖,C,qiāng,Thanh,màu của khoáng chất,not-resolved,,,not-resolved,0,0,7,chars/9516.json
锗,B,zhě,Chá,germani (hóa học),resolved,金,Bộ Kim,record-radical,0,0,7,chars/9517.json
锘,B,nuò,,nobelium (hóa học),resolved,金,Bộ Kim,record-radical,0,0,7,chars/9518.json
错,A,cuò,Thó,sai,resolved,金,Bộ Kim,record-radical,13,10,2,chars/9519.json
锚,A,máo,,mỏ neo,resolved,金,Bộ Kim,record-radical,3,2,7,chars/951A.json
锛,B,bēn,,cái rìu đốn; cái búa đẽo,resolved,金,Bộ Kim,record-radical,0,0,7,chars/951B.json
锜,C,qí,,vạc ba chân (cổ); đục gỗ (cổ),not-resolved,,,not-resolved,0,0,7,chars/951C.json
锝,B,dé,,technetium (hoá học),resolved,金,Bộ Kim,record-radical,0,0,7,chars/951D.json
锞,B,kè,Khoá,cái nồi dầu mỡ cho xe; ngân đúc,resolved,金,Bộ Kim,record-radical,0,0,7,chars/951E.json
锟,B,kūn,,kiếm thép,resolved,金,Bộ Kim,record-radical,1,0,7,chars/951F.json
锠,C,chāng,Xuổng,dụng cụ kim loại; lắp ráp,not-resolved,,,not-resolved,0,0,7,chars/9520.json
锡,A,xī,Thiếc,thiếc,resolved,金,Bộ Kim,record-radical,6,2,7,chars/9521.json
锢,C,gù,,bệnh cố chấp; kiềm chế,not-resolved,,,not-resolved,1,0,7,chars/9522.json
锣,B,luó,La,cồng chiêng; LT:面[mian4],resolved,金,Bộ Kim,record-radical,5,0,7,chars/9523.json
锤,A,chuí,,búa,resolved,金,Bộ Kim,record-radical,6,4,6,chars/9524.json
锥,B,zhuī,Duì,hình nón; cái dùi,resolved,金,Bộ Kim,record-radical,6,0,7,chars/9525.json
锦,C,jǐn,Gấm,gấm; công việc thêu,not-resolved,,,not-resolved,8,6,6,chars/9526.json
锧,C,zhì,Sểnh / Chặt,đoạn đầu đài,not-resolved,,,not-resolved,0,0,7,chars/9527.json
锨,B,xiān,,cái xẻng,resolved,金,Bộ Kim,record-radical,1,0,7,chars/9528.json
锩,B,juàn,,uốn sắt,resolved,金,Bộ Kim,record-radical,0,0,7,chars/9529.json
锪,B,huō,,(liên quan đến kim loại) khoét lỗ; khoan miệng lỗ,resolved,金,Bộ Kim,record-radical,0,0,,chars/952A.json
锫,B,péi,,berkelium (hóa học),resolved,金,Bộ Kim,record-radical,0,0,7,chars/952B.json
锬,B,tán,,giáo dài,resolved,金,Bộ Kim,record-radical,0,0,7,chars/952C.json
锭,A,dìng,Đĩnh,thoi dệt; vàng thỏi,resolved,金,Bộ Kim,record-radical,2,1,7,chars/952D.json
键,A,jiàn,,nút,resolved,金,Bộ Kim,record-radical,6,10,4,chars/952E.json
锯,A,jù,Cưa,cưa,resolved,金,Bộ Kim,record-radical,6,1,7,chars/952F.json
锰,B,měng,,mangan (hóa học),resolved,金,Bộ Kim,record-radical,3,0,7,chars/9530.json
锱,B,zī,,đơn vị trọng lượng cổ; một phần tám của một lạng,resolved,金,Bộ Kim,record-radical,1,0,7,chars/9531.json
锲,C,qiè,,cắt; khắc,not-resolved,,,not-resolved,1,0,6,chars/9532.json
锳,C,yīng,,(tượng thanh) reng; kêu leng keng,not-resolved,,,not-resolved,0,0,7,chars/9533.json
锴,B,kǎi,,sắt chất lượng cao,resolved,金,Bộ Kim,record-radical,0,0,7,chars/9534.json
锵,A,qiāng,,tiếng leng keng của chuông nhỏ,resolved,金,Bộ Kim,record-radical,1,2,7,chars/9535.json
锶,B,sī,,stronti (hóa học),resolved,金,Bộ Kim,record-radical,0,0,7,chars/9536.json
锷,B,è,,lưỡi dao; sắc bén,resolved,金,Bộ Kim,record-radical,1,0,7,chars/9537.json
锸,B,chā,,cái thuổng; cái xẻng,resolved,金,Bộ Kim,record-radical,0,0,7,chars/9538.json
锹,B,qiāo,,biến thể của 鍬|锹[qiao1],resolved,金,Bộ Kim,record-radical,1,0,7,chars/9539.json
锺,B,zhōng,Chung,biến thể giản thể không chuẩn của 鍾|钟[zhong1],resolved,金,Bộ Kim,record-radical,0,0,7,chars/953A.json
锻,A,duàn,,rèn luyện; rèn dũa,resolved,金,Bộ Kim,record-radical,3,10,3,chars/953B.json
锼,B,sōu,,chạm khắc (kim loại hoặc gỗ),resolved,金,Bộ Kim,record-radical,0,0,7,chars/953C.json
锽,C,huáng,,âm thanh trống và chuông; cái xiên ba chĩa,not-resolved,,,not-resolved,0,0,7,chars/953D.json
锾,B,huán,,đơn vị đo lường cổ đại; đơn vị tiền tệ cổ đại,resolved,金,Bộ Kim,record-radical,0,0,7,chars/953E.json
锿,B,āi,,einsteinium (hóa học),resolved,金,Bộ Kim,record-radical,0,0,7,chars/953F.json
镀,B,dù,,"mạ (vàng, bạc,...); (tiền tố) mạ -",resolved,金,Bộ Kim,record-radical,4,0,7,chars/9540.json
镁,B,měi,,magiê (hoá học),resolved,金,Bộ Kim,record-radical,4,0,7,chars/9541.json
镂,A,lòu,,khắc; chạm,resolved,金,Bộ Kim,record-radical,4,2,7,chars/9542.json
镃,C,zī,,cái cuốc; cái cuốc chim,not-resolved,,,not-resolved,0,0,7,chars/9543.json
镄,B,fèi,,fermium (hóa học),resolved,金,Bộ Kim,record-radical,0,0,7,chars/9544.json
镅,B,méi,,americium (hóa học),resolved,金,Bộ Kim,record-radical,0,0,7,chars/9545.json
镆,B,mò,Mác,dùng trong 鏌鋣|镆铘[Mo4 ye2]; (hoá học) moscovi,resolved,金,Bộ Kim,record-radical,0,0,7,chars/9546.json
镇,A,zhèn,Trấn,thị trấn,resolved,金,Bộ Kim,record-radical,6,10,6,chars/9547.json
镈,B,bó,,nhạc khí cổ hình cái chuông; cái cuốc,resolved,金,Bộ Kim,record-radical,0,0,7,chars/9548.json
镉,B,gé,,cadmi (hoá học),resolved,金,Bộ Kim,record-radical,0,0,7,chars/9549.json
镊,B,niè,,cái nhíp; kẹp,resolved,金,Bộ Kim,record-radical,1,0,7,chars/954A.json
镋,C,tǎng,,biến thể cũ của 钂|镋[tang3],not-resolved,,,not-resolved,0,0,7,chars/954B.json
镌,B,juān,,khắc (trên gỗ hoặc đá); khắc chữ,resolved,金,Bộ Kim,record-radical,3,0,7,chars/954C.json
镍,B,niè,,niken (hóa học),resolved,金,Bộ Kim,record-radical,0,0,7,chars/954D.json
镎,B,ná,,neptunium (hóa học),resolved,金,Bộ Kim,record-radical,0,0,7,chars/954E.json
镏,C,liú,,lutetium (hoá học) (Đài Loan),not-resolved,,,not-resolved,1,0,7,chars/954F.json
镐,B,gǎo,Nhúm / Cào,cái cuốc,resolved,金,Bộ Kim,record-radical,4,0,7,chars/9550.json
镑,A,bàng,,bảng Anh (từ mượn),resolved,金,Bộ Kim,record-radical,1,4,7,chars/9551.json
镒,B,yì,Dát,đơn vị trọng lượng cổ bằng 20 hoặc 24 lạng 兩|两[liang3],resolved,金,Bộ Kim,record-radical,0,0,7,chars/9552.json
镓,B,jiā,,gali (hóa học),resolved,金,Bộ Kim,record-radical,0,0,7,chars/9553.json
镔,B,bīn,,thép tốt,resolved,金,Bộ Kim,record-radical,0,0,7,chars/9554.json
镕,C,róng,,nấu chảy; dung hợp,not-resolved,,,not-resolved,1,0,7,chars/9555.json
镖,B,biāo,Tiu,vũ khí phóng giống như phi tiêu; hàng hóa được bảo vệ bởi đoàn hộ tống vũ trang,resolved,金,Bộ Kim,record-radical,4,0,7,chars/9556.json
镗,B,tāng,,tiếng ồn của trống,resolved,金,Bộ Kim,record-radical,0,0,7,chars/9557.json
镘,B,màn,,mặt không có chữ của đồng xu; bàn xoa,resolved,金,Bộ Kim,record-radical,0,0,7,chars/9558.json
镚,B,bèng,,đồng xu nhỏ; xu lẻ,resolved,金,Bộ Kim,record-radical,0,0,7,chars/955A.json
镛,B,yōng,,chuông lớn,resolved,金,Bộ Kim,record-radical,0,0,7,chars/955B.json
镜,A,jìng,Kẻng,gương; ống kính,resolved,金,Bộ Kim,record-radical,6,10,4,chars/955C.json
镝,B,dī,,đisprosi (hoá học),resolved,金,Bộ Kim,record-radical,0,0,7,chars/955D.json
镞,B,zú,,mũi tên; sắc nhọn,resolved,金,Bộ Kim,record-radical,1,0,7,chars/955E.json
镟,B,xuàn,,gia công trên máy tiện; gọt bằng dao,resolved,金,Bộ Kim,record-radical,0,0,7,chars/955F.json
镠,C,liú,,vàng ròng,not-resolved,,,not-resolved,0,0,7,chars/9560.json
镡,B,Tán,,họ [Tan2],resolved,金,Bộ Kim,record-radical,0,0,7,chars/9561.json
镢,B,jué,,biến thể của 钁|䦆[jue2],resolved,金,Bộ Kim,record-radical,0,0,7,chars/9562.json
镣,B,liào,Banh / Rìu,xiềng chân; cùm,resolved,金,Bộ Kim,record-radical,2,0,7,chars/9563.json
镤,B,pú,,protactini (hóa học),resolved,金,Bộ Kim,record-radical,0,0,7,chars/9564.json
镥,B,lǔ,,lutixi (hóa học),resolved,金,Bộ Kim,record-radical,0,0,7,chars/9565.json
镦,B,dūn,,gia công ngọn (phôi rèn),resolved,金,Bộ Kim,record-radical,0,0,7,chars/9566.json
镧,B,lán,,lantan (hóa học),resolved,金,Bộ Kim,record-radical,1,0,7,chars/9567.json
镨,B,pǔ,,praseodymium (hóa học),resolved,金,Bộ Kim,record-radical,0,0,7,chars/9568.json
镩,B,cuān,,"dụng cụ đục băng (còn gọi là đục nước đá) có đầu nhọn; khoan lỗ trên băng (để câu cá, v.v.) bằng dụng cụ đục băng",resolved,金,Bộ Kim,record-radical,1,0,7,chars/9569.json
镪,B,qiāng,,axit sulfuric,resolved,金,Bộ Kim,record-radical,1,0,7,chars/956A.json
镫,B,dèng,Đâng,bàn đạp,resolved,金,Bộ Kim,record-radical,1,0,7,chars/956B.json
镬,B,huò,Vạc,chảo (phương ngữ); vạc (cổ),resolved,金,Bộ Kim,record-radical,0,0,7,chars/956C.json
镭,B,léi,,radium (hoá học),resolved,金,Bộ Kim,record-radical,1,0,7,chars/956D.json
镮,C,huán,,(trọng lượng cổ); vòng kim loại,not-resolved,,,not-resolved,0,0,7,chars/956E.json
镯,A,zhuó,Đục,vòng đeo tay,resolved,金,Bộ Kim,record-radical,2,2,7,chars/956F.json
镰,A,lián,,biến thể cũ của 鐮|镰[lian2],resolved,金,Bộ Kim,record-radical,3,2,7,chars/9570.json
镱,B,yì,,ytterbium (hóa học),resolved,金,Bộ Kim,record-radical,0,0,7,chars/9571.json
镲,B,chǎ,,chũm chọe nhỏ,resolved,金,Bộ Kim,record-radical,0,0,7,chars/9572.json
镳,C,biāo,,khẩu thiệt (của dây cương); biến thể của 鏢|镖[biao1],not-resolved,,,not-resolved,1,0,7,chars/9573.json
镴,B,là,,hàn; thiếc,resolved,金,Bộ Kim,record-radical,1,0,7,chars/9574.json
镵,C,chán,,dụng cụ nhọn để đào,not-resolved,,,not-resolved,0,0,7,chars/9575.json
镶,A,xiāng,,khảm,resolved,金,Bộ Kim,record-radical,4,5,6,chars/9576.json
镸,C,cháng,,"bộ ""trường"" hoặc ""sinh trưởng"" trong chữ Hán (bộ Khang Hy số 168)",not-resolved,,,not-resolved,0,0,7,chars/9578.json
镻,C,dié,,tên loài rắn độc trong văn bản cổ đại,not-resolved,,,not-resolved,0,0,7,chars/957B.json
长,C,cháng,Trường,dài; chiều dài,not-resolved,,,not-resolved,20,10,3,chars/957F.json
閇,C,bì,,biến thể cũ của 閉|闭[bi4],not-resolved,,,not-resolved,0,0,7,chars/9587.json
閒,C,jiān,,biến thể của 間|间[jian1],not-resolved,,,not-resolved,0,0,7,chars/9592.json
閗,C,dòu,,biến thể của 鬥|斗[dou4],not-resolved,,,not-resolved,0,0,7,chars/9597.json
閛,C,pēng,,âm thanh mở hoặc đóng cửa,not-resolved,,,not-resolved,0,0,7,chars/959B.json
閟,C,bì,,ẩn; che giấu,not-resolved,,,not-resolved,0,0,7,chars/959F.json
関,C,guān,,biến thể của 關|关[guan1],not-resolved,,,not-resolved,0,0,7,chars/95A2.json
閤,C,gé,,,resolved,門,Bộ Môn,record-radical,0,0,7,chars/95A4.json
閦,C,chù,,"đám đông; chuyển âm từ tiếng Phạn 'kso', ví dụ, Phật A Súc 阿閦佛",not-resolved,,,not-resolved,0,0,7,chars/95A6.json
閲,C,yuè,Duyệt,biến thể tiếng Nhật của 閱|阅,not-resolved,,,not-resolved,0,0,7,chars/95B2.json
閳,C,chǎn,,biến thể cũ của 闡|阐[chan3],not-resolved,,,not-resolved,0,0,7,chars/95B3.json
閺,C,wén,,nhìn xuống,not-resolved,,,not-resolved,0,0,7,chars/95BA.json
闁,C,bāo,,biến thể cũ của 褒[bao1]; khen ngợi,not-resolved,,,not-resolved,0,0,7,chars/95C1.json
闗,C,guān,,biến thể cũ của 關|关[guan1],not-resolved,,,not-resolved,0,0,7,chars/95D7.json
闘,C,dòu,,biến thể tiếng Nhật của 鬥|斗,not-resolved,,,not-resolved,0,0,7,chars/95D8.json
闟,C,xī,,một cách yên bình; một cách yên tĩnh,not-resolved,,,not-resolved,0,0,7,chars/95DF.json
门,A,mén,Môn,"cửa, cổng, lối vào",resolved,門,Bộ Môn,radical-variant,20,10,2,chars/95E8.json
闩,C,shuān,,chốt; cài,not-resolved,,,not-resolved,1,0,7,chars/95E9.json
闪,A,shǎn,,lóe sáng,resolved,門,Bộ Môn,record-radical,6,10,5,chars/95EA.json
闫,B,Yán,,họ [Yan2],resolved,門,Bộ Môn,record-radical,0,0,7,chars/95EB.json
闬,C,hàn,,cổng làng,not-resolved,,,not-resolved,0,0,7,chars/95EC.json
闭,A,bì,Bế,đóng,resolved,門,Bộ Môn,record-radical,6,10,5,chars/95ED.json
问,A,wèn,,hỏi,resolved,口,Bộ Khẩu,record-radical,20,10,2,chars/95EE.json
闯,C,chuǎng,Sấm,xông vào,not-resolved,,,not-resolved,6,9,5,chars/95EF.json
闰,C,rùn,Nhuận,nhuận; thêm một ngày hoặc tháng vào lịch âm hoặc lịch dương (ví dụ: ngày 29 tháng 2),not-resolved,,,not-resolved,2,0,7,chars/95F0.json
闱,B,wéi,,cửa phòng phụ nữ; cổng vào cung điện,resolved,門,Bộ Môn,record-radical,0,0,7,chars/95F1.json
闲,C,xián,Nhàn,rảnh rỗi,not-resolved,,,not-resolved,9,10,5,chars/95F2.json
闳,B,Hóng,,họ [Hong2],resolved,門,Bộ Môn,record-radical,0,0,7,chars/95F3.json
间,A,jiān,Gian,phòng,resolved,門,Bộ Môn,record-radical,20,10,2,chars/95F4.json
闵,B,Mǐn,,họ [Min3],resolved,文,Bộ Văn,record-radical,1,0,7,chars/95F5.json
闶,B,kāng,,dùng trong 閌閬|闶阆[kang1 lang2]; tiếng Đài Loan đọc là [kang4],resolved,門,Bộ Môn,record-radical,0,0,7,chars/95F6.json
闷,A,mèn,Muốn,"chán nản, buồn bã",resolved,心,Bộ Tâm,record-radical,8,10,6,chars/95F7.json
闸,B,zhá,,phanh,resolved,門,Bộ Môn,record-radical,6,0,7,chars/95F8.json
闹,C,nào,,nói đùa,not-resolved,,,not-resolved,10,10,4,chars/95F9.json
闺,A,guī,Khuê,cửa vòm nhỏ; phòng khuê; phòng của phụ nữ,resolved,門,Bộ Môn,record-radical,6,1,7,chars/95FA.json
闻,A,wén,Văn,ngửi,resolved,耳,Bộ Nhĩ,record-radical,14,10,5,chars/95FB.json
闼,B,tà,,cửa của phòng bên trong,resolved,門,Bộ Môn,record-radical,0,0,7,chars/95FC.json
闽,B,Mǐn,,tên gọi tắt của tỉnh Phúc Kiến 福建[Fu2 jian4]; cũng đọc là [Min2],resolved,虫,Bộ Trùng,record-radical,6,0,7,chars/95FD.json
闾,B,lǘ,,cổng làng; làng,resolved,門,Bộ Môn,record-radical,0,0,7,chars/95FE.json
闿,C,kǎi,,nới lỏng; mở,not-resolved,,,not-resolved,0,0,7,chars/95FF.json
阀,A,fá,,"cá nhân, gia đình hoặc nhóm quyền lực; phe phái",resolved,門,Bộ Môn,record-radical,6,6,7,chars/9600.json
阁,A,gé,Các,đình các (thường hai tầng); nội các (chính trị),resolved,門,Bộ Môn,record-radical,6,5,7,chars/9601.json
阂,A,hé,,cản trở,resolved,門,Bộ Môn,record-radical,1,3,6,chars/9602.json
阃,B,kǔn,,ngưỡng cửa; phòng trong,resolved,門,Bộ Môn,record-radical,0,0,7,chars/9603.json
阄,C,jiū,,rút thăm; lá thăm (trong trò chơi may rủi),not-resolved,,,not-resolved,1,0,7,chars/9604.json
阅,A,yuè,,kiểm tra; xem xét,resolved,門,Bộ Môn,record-radical,6,10,4,chars/9605.json
阆,C,láng,,dùng trong 閌閬|闶阆[kang1 lang2],not-resolved,,,not-resolved,3,0,7,chars/9606.json
阇,C,dū,,bệ phòng thủ trên cổng; phòng thành,not-resolved,,,not-resolved,0,0,7,chars/9607.json
阈,C,yù,Vắc,ngưỡng,not-resolved,,,not-resolved,2,0,7,chars/9608.json
阉,B,yān,,thiến; người bị thiến,resolved,門,Bộ Môn,record-radical,2,0,7,chars/9609.json
阊,C,chāng,,cổng trời; cổng cung điện,not-resolved,,,not-resolved,1,0,7,chars/960A.json
阋,B,xì,Huých,cãi nhau; tranh cãi,resolved,門,Bộ Môn,record-radical,1,0,7,chars/960B.json
阌,C,wén,,"huyện Wen, tỉnh Hà Nam",not-resolved,,,not-resolved,0,0,7,chars/960C.json
阍,B,hūn,,người gác cổng,resolved,門,Bộ Môn,record-radical,0,0,7,chars/960D.json
阎,A,Yán,,họ [Yan2] (đôi khi viết 閆|闫[Yan2] trong những năm gần đây),resolved,門,Bộ Môn,record-radical,6,4,7,chars/960E.json
阏,B,è,,chặn; kiềm chế,resolved,門,Bộ Môn,record-radical,0,0,7,chars/960F.json
阐,A,chǎn,Xén,diễn đạt; tiết lộ,resolved,門,Bộ Môn,record-radical,6,4,6,chars/9610.json
阑,A,lán,Làn,lan can; hàng rào,resolved,門,Bộ Môn,record-radical,6,2,7,chars/9611.json
阒,B,qù,,yên tĩnh; sống một mình,resolved,門,Bộ Môn,record-radical,1,0,7,chars/9612.json
阓,C,huì,,cổng chợ,not-resolved,,,not-resolved,0,0,7,chars/9613.json
阔,A,kuò,,giàu có,resolved,門,Bộ Môn,record-radical,7,10,6,chars/9614.json
阕,B,què,,(văn học) kết thúc; dừng; một trong những đoạn (thường là hai) của một bài từ 詞|词[ci2],resolved,門,Bộ Môn,record-radical,0,0,7,chars/9615.json
阖,B,hé,,cửa; đóng,resolved,門,Bộ Môn,record-radical,2,0,7,chars/9616.json
阗,C,tián,,lấp đầy; âm thanh ầm ầm,not-resolved,,,not-resolved,0,0,7,chars/9617.json
阘,C,tà,,cửa sổ hoặc cửa trên tầng lầu,not-resolved,,,not-resolved,0,0,7,chars/9618.json
阙,B,Quē,,họ [Que1],resolved,門,Bộ Môn,record-radical,3,0,7,chars/9619.json
阚,B,Kàn,,họ [Kan4],resolved,門,Bộ Môn,record-radical,0,0,7,chars/961A.json
阛,C,huán,,tường bao quanh nơi chợ búa,not-resolved,,,not-resolved,0,0,7,chars/961B.json
阜,A,fù,,dồi dào; gò đất,resolved,阜,Bộ Phụ,self-radical,6,2,7,chars/961C.json
阝,C,yì,,"Vùng đất, thành ấp, địa danh.",not-resolved,,,not-resolved,0,0,7,chars/961D.json
阞,C,lè,,lớp; mạch,not-resolved,,,not-resolved,0,0,7,chars/961E.json
队,C,duì,Đội,"đội, nhóm",not-resolved,,,not-resolved,16,10,4,chars/961F.json
阡,C,qiān,,đường chạy theo hướng bắc nam,not-resolved,,,not-resolved,3,0,7,chars/9621.json
阢,C,wù,,dùng trong 阢隉|阢陧[wu4 nie4],not-resolved,,,not-resolved,0,0,,chars/9622.json
阤,C,tuó,,bờ; dốc,not-resolved,,,not-resolved,0,0,7,chars/9624.json
阨,C,è,,eo hẹp; đèo,not-resolved,,,not-resolved,0,0,7,chars/9628.json
阪,C,bǎn,,dốc; sườn đồi,not-resolved,,,not-resolved,1,0,7,chars/962A.json
阮,C,Ruǎn,Nguyễn,họ [Ruan3]; nhà nước nhỏ trong thời Thương (1600-1046 TCN) nằm ở phía đông nam tỉnh Cam Túc ngày nay,not-resolved,,,not-resolved,5,0,7,chars/962E.json
阯,C,zhǐ,,,not-resolved,,,not-resolved,0,0,7,chars/962F.json
阰,C,pí,,núi ở nước Sở cổ đại,not-resolved,,,not-resolved,0,0,7,chars/9630.json
阱,C,jǐng,,biến thể của 阱[jing3],not-resolved,,,not-resolved,2,4,6,chars/9631.json
防,C,fáng,Phòng,phòng thủ,not-resolved,,,not-resolved,17,10,5,chars/9632.json
阳,C,yáng,Dương,dương (điện); mặt trời,not-resolved,,,not-resolved,8,10,3,chars/9633.json
阴,C,yīn,Âm,u ám,not-resolved,,,not-resolved,7,10,2,chars/9634.json
阵,C,zhèn,Trận,một khoảng thời gian ngắn,not-resolved,,,not-resolved,6,10,5,chars/9635.json
阶,C,jiē,,biến thể của 階|阶[jie1],not-resolved,,,not-resolved,7,10,5,chars/9636.json
阹,C,qū,,một cái chuồng; vây quanh,not-resolved,,,not-resolved,0,0,7,chars/9639.json
阻,C,zǔ,Trở,cản trở; chặn,not-resolved,,,not-resolved,9,10,5,chars/963B.json
阼,C,zuò,,bậc thềm dẫn đến cửa phía đông,not-resolved,,,not-resolved,0,0,7,chars/963C.json
阽,C,diàn,,nguy hiểm; cũng đọc là [yan2],not-resolved,,,not-resolved,0,0,7,chars/963D.json
阿,C,A,,viết tắt của Afghanistan 阿富汗[A1 fu4 han4],not-resolved,,,not-resolved,7,7,3,chars/963F.json
陀,C,tuó,,(phiên âm); dốc,not-resolved,,,not-resolved,6,0,7,chars/9640.json
陁,C,tuó,,biến thể của 阤[tuo2]; biến thể của 陀[tuo2],not-resolved,,,not-resolved,0,0,7,chars/9641.json
陂,C,bēi,Bê,hồ; ao,not-resolved,,,not-resolved,2,0,7,chars/9642.json
附,C,fù,Phò,"gắn, đính kèm",not-resolved,,,not-resolved,9,10,3,chars/9644.json
际,C,jì,,biên giới; rìa,not-resolved,,,not-resolved,7,10,4,chars/9645.json
陆,C,Lù,Lục,họ [Lu4],not-resolved,,,not-resolved,7,10,5,chars/9646.json
陇,C,Lǒng,Luống,tên gọi tắt của tỉnh Cam Túc 甘肅省|甘肃省[Gan1 su4 Sheng3],not-resolved,,,not-resolved,6,0,7,chars/9647.json
陈,C,Chén,Trần,"họ [Chen2]; Trần (khoảng 1045 - 479 TCN), một nước thời nhà Chu",not-resolved,,,not-resolved,6,10,6,chars/9648.json
陉,C,xíng,,bờ lò; ải,not-resolved,,,not-resolved,4,0,7,chars/9649.json
陋,C,lòu,Lậu,thấp; khiêm tốn,not-resolved,,,not-resolved,6,10,6,chars/964B.json
陌,C,mò,,đường nâng cao; con đường,not-resolved,,,not-resolved,5,10,5,chars/964C.json
降,C,jiàng,Giáng,giảm,not-resolved,,,not-resolved,7,10,4,chars/964D.json
陏,C,Suí,,biến thể cũ của 隨|随[Sui2],not-resolved,,,not-resolved,0,0,7,chars/964F.json
限,C,xiàn,Hạn,giới hạn,not-resolved,,,not-resolved,14,10,5,chars/9650.json
陑,C,Er,,tên địa danh,not-resolved,,,not-resolved,0,0,7,chars/9651.json
陔,C,gāi,,bậc; thềm,not-resolved,,,not-resolved,0,0,7,chars/9654.json
陕,C,Shǎn,,viết tắt của tỉnh Thiểm Tây 陝西|陕西,not-resolved,,,not-resolved,6,0,7,chars/9655.json
陖,C,jùn,,biến thể cũ của 峻[jun4],not-resolved,,,not-resolved,0,0,7,chars/9656.json
陛,C,bì,Bệ,bậc thềm lên ngôi vua,not-resolved,,,not-resolved,1,0,7,chars/965B.json
陜,C,xiá,,biến thể của 狹|狭[xia2]; biến thể của 峽|峡[xia2],not-resolved,,,not-resolved,0,0,7,chars/965C.json
陟,C,zhì,,tiến lên; tăng lên,not-resolved,,,not-resolved,2,0,7,chars/965F.json
陡,C,dǒu,,đột ngột,not-resolved,,,not-resolved,6,8,6,chars/9661.json
院,C,yuàn,Viện,viện,not-resolved,,,not-resolved,15,10,1,chars/9662.json
除,C,chú,Trừ,loại bỏ,not-resolved,,,not-resolved,20,10,6,chars/9664.json
陥,C,xiàn,,biến thể Nhật Bản của 陷[xian4],not-resolved,,,not-resolved,0,0,7,chars/9665.json
陧,C,niè,,nguy hiểm,not-resolved,,,not-resolved,0,0,7,chars/9667.json
陨,C,yǔn,,rơi; sao băng,not-resolved,,,not-resolved,4,4,7,chars/9668.json
险,C,xiǎn,Hiểm,nguy hiểm,not-resolved,,,not-resolved,10,10,4,chars/9669.json
陪,C,péi,,đi cùng,not-resolved,,,not-resolved,7,10,4,chars/966A.json
陬,C,zōu,,góc; chân núi,not-resolved,,,not-resolved,0,0,7,chars/966C.json
陲,C,chuí,Thuỳ,biên giới,not-resolved,,,not-resolved,1,0,7,chars/9672.json
陴,C,pí,,tường chắn,not-resolved,,,not-resolved,0,0,7,chars/9674.json
陵,C,líng,Lăng,gò; mộ,not-resolved,,,not-resolved,6,6,6,chars/9675.json
陶,C,Táo,,họ [Tao2],not-resolved,,,not-resolved,7,10,6,chars/9676.json
陷,C,xiàn,Hãm,chìm xuống,not-resolved,,,not-resolved,6,10,6,chars/9677.json
険,C,xiǎn,,biến thể Nhật Bản của 險|险,not-resolved,,,not-resolved,0,0,7,chars/967A.json
陼,C,zhǔ,,cù lao; bờ,not-resolved,,,not-resolved,0,0,7,chars/967C.json
陾,C,réng,,âm thanh xẻng của thợ đá,not-resolved,,,not-resolved,0,0,7,chars/967E.json
隃,C,yú,,vượt; quá,not-resolved,,,not-resolved,0,0,7,chars/9683.json
隅,C,yú,,góc,not-resolved,,,not-resolved,4,0,7,chars/9685.json
隆,C,Lóng,Long,"họ [Long2]; viết tắt của 吉隆坡[Ji2long2po1], Kuala Lumpur",not-resolved,,,not-resolved,7,10,6,chars/9686.json
隈,C,wēi,,vịnh; áo,not-resolved,,,not-resolved,0,0,7,chars/9688.json
隋,C,Suí,,triều đại Tùy (581-617 SCN); họ [Sui2],not-resolved,,,not-resolved,3,0,7,chars/968B.json
隍,C,huáng,,hào khô; thần thành phố,not-resolved,,,not-resolved,1,0,7,chars/968D.json
随,A,Suí,Tuỳ,họ [Sui2],resolved,辵,Bộ Sước,record-radical,20,10,4,chars/968F.json
隐,C,yǐn,Ẩn,(hình thức ghép) bí mật; ẩn,not-resolved,,,not-resolved,11,10,6,chars/9690.json
隒,C,yǎn,,"hình dáng núi, như hai cái nồi úp lên nhau; bờ dốc đứng của dòng suối",not-resolved,,,not-resolved,0,0,7,chars/9692.json
隔,C,gé,Cách,ngăn cách,not-resolved,,,not-resolved,9,10,5,chars/9694.json
隗,C,Kuí,,họ [Kui2]; nước chư hầu thời nhà Chu,not-resolved,,,not-resolved,0,0,7,chars/9697.json
隘,C,ài,Ải,đèo; chỗ hẹp,not-resolved,,,not-resolved,6,3,6,chars/9698.json
隙,C,xì,Khích,vết nứt; khe hở,not-resolved,,,not-resolved,6,10,6,chars/9699.json
障,C,zhàng,Chướng,chặn; cản trở,not-resolved,,,not-resolved,6,10,6,chars/969C.json
隞,C,Aó,,"Ao, kinh đô thời nhà Thương (phần đông bắc của Trịnh Châu, Hà Nam ngày nay)",not-resolved,,,not-resolved,0,0,7,chars/969E.json
隟,C,xì,,biến thể cũ của 隙[xi4],not-resolved,,,not-resolved,0,0,7,chars/969F.json
隠,C,yǐn,,biến thể tiếng Nhật của 隱|隐[yin3],not-resolved,,,not-resolved,0,0,7,chars/96A0.json
隧,C,suì,,đường hầm; lối đi ngầm,not-resolved,,,not-resolved,2,10,6,chars/96A7.json
隩,C,yù,,vịnh; eo biển,not-resolved,,,not-resolved,0,0,7,chars/96A9.json
隰,C,Xí,Thấp,họ [Xi2],not-resolved,,,not-resolved,1,0,7,chars/96B0.json
隳,C,huī,,phá hủy; lật đổ,not-resolved,,,not-resolved,0,0,7,chars/96B3.json
隶,A,lì,,biến thể của 隸|隶[li4],resolved,隶,"Bộ Lệ, Đãi",self-radical,6,6,6,chars/96B6.json
隹,B,zhuì,,chim đuôi ngắn,resolved,隹,Bộ Chuy,self-radical,0,0,7,chars/96B9.json
隺,C,hú,,,not-resolved,,,not-resolved,0,0,,chars/96BA.json
隼,B,sǔn,,chim cắt; ở Đài Loan đọc là [zhun3],resolved,隹,Bộ Chuy,record-radical,0,0,7,chars/96BC.json
隽,C,Juàn,Tuấn,họ [Juan4],not-resolved,,,not-resolved,1,0,7,chars/96BD.json
难,A,nán,Nan,khó,resolved,隹,Bộ Chuy,record-radical,20,10,3,chars/96BE.json
雀,C,qiāo,Tước,vết tàn nhang; nám da,not-resolved,,,not-resolved,7,7,6,chars/96C0.json
雁,A,yàn,,ngỗng trời,resolved,隹,Bộ Chuy,record-radical,6,4,7,chars/96C1.json
雂,C,qín,,(chim),not-resolved,,,not-resolved,0,0,7,chars/96C2.json
雄,A,xióng,Hùng,đực; thuộc giống đực,resolved,隹,Bộ Chuy,record-radical,7,10,5,chars/96C4.json
雅,A,yǎ,Nhã,tao nhã,resolved,隹,Bộ Chuy,record-radical,9,10,6,chars/96C5.json
集,A,jí,Tập,tập,resolved,隹,Bộ Chuy,record-radical,19,10,5,chars/96C6.json
雇,A,gù,,thuê,resolved,隹,Bộ Chuy,record-radical,6,10,6,chars/96C7.json
雈,C,huán,,một loại cú,not-resolved,,,not-resolved,0,0,7,chars/96C8.json
雉,B,zhì,Trĩ,gà lôi,resolved,隹,Bộ Chuy,record-radical,1,0,7,chars/96C9.json
雊,C,gòu,,tiếng gáy của gà lôi,not-resolved,,,not-resolved,0,0,7,chars/96CA.json
雌,A,cí,Thư,giống cái; Phát âm Đài Loan [ci1],resolved,隹,Bộ Chuy,record-radical,6,4,6,chars/96CC.json
雍,C,Yōng,Ủng,họ [Yong1],not-resolved,,,not-resolved,6,0,7,chars/96CD.json
雎,B,jū,,chim ó; cắt ngư,resolved,隹,Bộ Chuy,record-radical,0,0,7,chars/96CE.json
雏,B,chú,,(hình thức kết hợp) gà con; chim non,resolved,隹,Bộ Chuy,record-radical,6,0,7,chars/96CF.json
雐,C,hū,,,resolved,隹,Bộ Chuy,record-radical,0,0,,chars/96D0.json
雑,C,zá,,biến thể Nhật Bản của 雜|杂,not-resolved,,,not-resolved,0,0,7,chars/96D1.json
雒,C,luò,,ngựa đen bờm trắng; sợ hãi,not-resolved,,,not-resolved,0,0,7,chars/96D2.json
雔,C,chóu,,,not-resolved,,,not-resolved,0,0,7,chars/96D4.json
雕,A,diāo,Điêu,khắc,resolved,隹,Bộ Chuy,record-radical,6,10,6,chars/96D5.json
雗,C,hàn,,một loại trĩ trắng,not-resolved,,,not-resolved,0,0,7,chars/96D7.json
雘,C,huò,,đất đỏ dùng để làm sơn,not-resolved,,,not-resolved,0,0,7,chars/96D8.json
雚,C,guàn,,(cổ) cò; diệc,not-resolved,,,not-resolved,0,0,7,chars/96DA.json
雟,C,suí,,chim sẻ; xoay chuyển,not-resolved,,,not-resolved,0,0,7,chars/96DF.json
雠,C,chóu,Thù,đối chiếu; hiệu đính,not-resolved,,,not-resolved,0,0,7,chars/96E0.json
雨,A,yǔ,Vũ,mưa,resolved,雨,Bộ Vũ,self-radical,13,10,1,chars/96E8.json
雩,C,yú,,tế lễ cầu mưa mùa hè,not-resolved,,,not-resolved,0,0,7,chars/96E9.json
雪,A,xuě,,tuyết,resolved,雨,Bộ Vũ,record-radical,12,10,2,chars/96EA.json
雯,B,wén,,mây nhiều màu,resolved,雨,Bộ Vũ,record-radical,1,0,7,chars/96EF.json
雰,C,fēn,,mờ sương; mù mịt,not-resolved,,,not-resolved,0,0,7,chars/96F0.json
雱,C,páng,,(văn học) (mưa hoặc tuyết rơi) nặng hạt,not-resolved,,,not-resolved,0,0,7,chars/96F1.json
雳,B,lì,Rích,tiếng sấm,resolved,雨,Bộ Vũ,record-radical,4,0,7,chars/96F3.json
零,A,líng,Lênh,không,resolved,雨,Bộ Vũ,record-radical,9,10,2,chars/96F6.json
雷,A,léi,Lôi,sấm sét,resolved,雨,Bộ Vũ,record-radical,8,10,5,chars/96F7.json
雹,B,báo,,mưa đá,resolved,雨,Bộ Vũ,record-radical,5,0,6,chars/96F9.json
雾,A,wù,Vụ,sương mù,resolved,雨,Bộ Vũ,record-radical,6,10,5,chars/96FE.json
需,A,xū,,nhu cầu,resolved,雨,Bộ Vũ,record-radical,7,10,3,chars/9700.json
霁,B,jì,,trời quang đãng,resolved,雨,Bộ Vũ,record-radical,1,0,7,chars/9701.json
霂,B,mù,Đong / Móc,dùng trong 霢霂[mai4mu4],resolved,雨,Bộ Vũ,record-radical,0,0,7,chars/9702.json
霄,C,xiāo,,bầu trời; thiên đường,not-resolved,,,not-resolved,6,0,7,chars/9704.json
霅,C,Zhá,,họ [Zha2],not-resolved,,,not-resolved,0,0,7,chars/9705.json
霆,B,tíng,Đình,tiếng sấm,resolved,雨,Bộ Vũ,record-radical,3,0,7,chars/9706.json
震,A,zhèn,,rung chuyển,resolved,雨,Bộ Vũ,record-radical,8,10,5,chars/9707.json
霈,C,pèi,Pháy,mưa như trút nước,not-resolved,,,not-resolved,0,0,7,chars/9708.json
霉,A,méi,,mốc; mốc meo,resolved,雨,Bộ Vũ,record-radical,6,7,5,chars/9709.json
霊,C,líng,,biến thể tiếng Nhật của 靈|灵,not-resolved,,,not-resolved,0,0,7,chars/970A.json
霍,C,Huò,Hoắc,họ [Huo4],not-resolved,,,not-resolved,6,7,6,chars/970D.json
霎,B,shà,,đột nhiên; mưa phùn,resolved,雨,Bộ Vũ,record-radical,6,0,7,chars/970E.json
霏,B,fēi,Phay,tuyết rơi,resolved,雨,Bộ Vũ,record-radical,0,0,7,chars/970F.json
霒,C,yīn,,biến thể cũ của 陰|阴[yin1],not-resolved,,,not-resolved,0,0,7,chars/9712.json
霓,C,ní,Nghi,ve sầu Nhật Bản; biến thể cũ của 霓[ni2],not-resolved,,,not-resolved,3,3,7,chars/9713.json
霖,B,lín,Lâm,mưa dầm liên tục,resolved,雨,Bộ Vũ,record-radical,2,0,7,chars/9716.json
霙,C,yīng,,mưa tuyết; hạt tuyết,not-resolved,,,not-resolved,0,0,7,chars/9719.json
霛,C,líng,,biến thể cũ của 靈|灵[ling2],not-resolved,,,not-resolved,0,0,7,chars/971B.json
霜,A,shuāng,Sương,sương giá,resolved,雨,Bộ Vũ,record-radical,6,5,6,chars/971C.json
霝,B,líng,,hạt mưa; rơi tí tách,resolved,雨,Bộ Vũ,record-radical,0,0,7,chars/971D.json
霞,A,xiá,,ráng mây,resolved,雨,Bộ Vũ,record-radical,6,6,6,chars/971E.json
霡,B,mài,,biến thể cũ của 霢[mai4],resolved,雨,Bộ Vũ,record-radical,0,0,7,chars/9721.json
霢,B,mài,,dùng trong 霢霂[mai4mu4]; cách phát âm Đài Loan: [mo4],resolved,雨,Bộ Vũ,record-radical,0,0,7,chars/9722.json
霣,C,yǔn,,mưa bão; rơi,not-resolved,,,not-resolved,0,0,7,chars/9723.json
霤,C,liù,,nước mưa nhỏ giọt từ mái hiên,not-resolved,,,not-resolved,0,0,7,chars/9724.json
霨,C,wèi,,mây bay lên,not-resolved,,,not-resolved,0,0,7,chars/9728.json
霩,C,kuò,,biến thể của 廓[kuo4],not-resolved,,,not-resolved,0,0,7,chars/9729.json
霪,C,yín,Dầm,mưa to,not-resolved,,,not-resolved,1,0,7,chars/972A.json
霫,C,xí,,nhóm dân tộc Tùy-Đường,not-resolved,,,not-resolved,0,0,7,chars/972B.json
霭,B,ǎi,,sương; mù,resolved,雨,Bộ Vũ,record-radical,4,0,7,chars/972D.json
霮,C,dàn,,mây dày đặc,not-resolved,,,not-resolved,0,0,7,chars/972E.json
霰,B,xiàn,,cầu tuyết; viên tuyết,resolved,雨,Bộ Vũ,record-radical,1,0,7,chars/9730.json
露,A,lù,Lộ,sương,resolved,雨,Bộ Vũ,record-radical,13,10,6,chars/9732.json
霸,A,bà,Bá,biến thể của 霸[ba4],resolved,雨,Bộ Vũ,record-radical,6,2,6,chars/9738.json
霹,B,pī,,tiếng sấm,resolved,雨,Bộ Vũ,record-radical,5,0,7,chars/9739.json
霺,C,wēi,,biến thể cũ của 溦[wei1],not-resolved,,,not-resolved,0,0,7,chars/973A.json
霾,B,mái,,sương mù,resolved,雨,Bộ Vũ,record-radical,1,0,7,chars/973E.json
靁,C,léi,,biến thể cũ của 雷[lei2],not-resolved,,,not-resolved,0,0,7,chars/9741.json
靐,C,bìng,,sấm sét,not-resolved,,,not-resolved,0,0,7,chars/9750.json
靑,C,qīng,,biến thể của 青[qing1],not-resolved,,,not-resolved,0,0,7,chars/9751.json
青,A,qīng,Thanh,đen; xanh lục lam,resolved,青,Bộ Thanh,self-radical,8,10,5,chars/9752.json
靓,C,jìng,,trang điểm; chỉnh trang,not-resolved,,,not-resolved,3,0,7,chars/9753.json
靔,C,tiān,,biến thể cũ của 天[tian1],not-resolved,,,not-resolved,0,0,7,chars/9754.json
靖,C,Jìng,,họ [Jing4],not-resolved,,,not-resolved,6,0,7,chars/9756.json
静,A,jìng,,yên tĩnh,resolved,青,Bộ Thanh,record-radical,11,10,3,chars/9759.json
靛,B,diàn,,chất màu chàm,resolved,青,Bộ Thanh,record-radical,3,0,7,chars/975B.json
非,A,fēi,Phi,không,resolved,非,Bộ Phi,self-radical,14,10,5,chars/975E.json
靠,A,kào,,phụ thuộc vào,resolved,非,Bộ Phi,record-radical,7,10,5,chars/9760.json
靡,B,mí,Mị,lãng phí (tiền),resolved,非,Bộ Phi,record-radical,6,0,7,chars/9761.json
面,A,miàn,,một từ đo lường cho các bề mặt phẳng,resolved,面,Bộ Diện,self-radical,20,10,1,chars/9762.json
靣,C,miàn,,biến thể của 面[mian4],not-resolved,,,not-resolved,0,0,7,chars/9763.json
靥,B,yè,,lúm đồng tiền,resolved,面,Bộ Diện,record-radical,1,0,7,chars/9765.json
革,A,gé,,da động vật; da thuộc,resolved,革,Bộ Cách,self-radical,6,10,5,chars/9769.json
靪,C,dīng,,vá giày; vá,not-resolved,,,not-resolved,0,0,7,chars/976A.json
靬,C,jiān,,"xem 犂靬[Li2 jian1], tên thời Hán cho các nước ở Tây vực",not-resolved,,,not-resolved,0,0,7,chars/976C.json
靮,C,dí,,dây cương; khớp ngựa,not-resolved,,,not-resolved,0,0,7,chars/976E.json
靰,C,wù,,bịt chân giữ ấm,not-resolved,,,not-resolved,0,0,7,chars/9770.json
靲,C,qín,,giày da; thắt lưng da,not-resolved,,,not-resolved,0,0,7,chars/9772.json
靳,B,Jìn,,họ [Jin4],resolved,革,Bộ Cách,record-radical,0,0,7,chars/9773.json
靴,A,xuē,,ủng,resolved,革,Bộ Cách,record-radical,4,4,7,chars/9774.json
靶,A,bǎ,,mục tiêu; dấu,resolved,革,Bộ Cách,record-radical,6,4,7,chars/9776.json
靷,C,yǐn,,dây kéo (của xe ngựa),not-resolved,,,not-resolved,0,0,7,chars/9777.json
靸,C,sǎ,,giày trẻ em (cũ); đi giày kiểu xỏ gót,not-resolved,,,not-resolved,0,0,7,chars/9778.json
靺,C,mò,,tên một bộ tộc; tất,not-resolved,,,not-resolved,0,0,7,chars/977A.json
靼,B,dá,,(phiên âm); da thuộc,resolved,革,Bộ Cách,record-radical,1,0,7,chars/977C.json
靿,C,yào,,ống của ủng hoặc tất,not-resolved,,,not-resolved,0,0,7,chars/977F.json
鞁,C,bèi,,đồ dùng đóng ngựa (các vật dụng như yên và cương ngựa); biến thể của 鞴[bei4],not-resolved,,,not-resolved,0,0,7,chars/9781.json
鞃,C,hóng,,tấm ván tựa trên xe ngựa,not-resolved,,,not-resolved,0,0,7,chars/9783.json
鞄,C,páo,,làm việc với da; túi da,not-resolved,,,not-resolved,0,0,7,chars/9784.json
鞅,B,yāng,Óng,dây ngựa (một phần của bộ đóng ngựa); dùng trong 鞅鞅[yang1 yang1],resolved,革,Bộ Cách,record-radical,2,0,7,chars/9785.json
鞇,C,yīn,,biến thể của 茵[yin1],not-resolved,,,not-resolved,0,0,7,chars/9787.json
鞉,C,táo,,biến thể cũ của 鼗[tao2],not-resolved,,,not-resolved,0,0,7,chars/9789.json
鞋,A,xié,Hài,giày,resolved,革,Bộ Cách,record-radical,8,10,3,chars/978B.json
鞍,B,ān,Yên,biến thể của 鞍[an1],resolved,革,Bộ Cách,record-radical,6,0,7,chars/978D.json
鞑,B,Dá,,Người Tartar; một bộ tộc ở Trung Quốc,resolved,革,Bộ Cách,record-radical,1,0,7,chars/9791.json
鞒,B,qiáo,,yên trước và yên sau của yên ngựa,resolved,革,Bộ Cách,record-radical,0,0,,chars/9792.json
鞔,C,mán,,,resolved,革,Bộ Cách,record-radical,0,0,,chars/9794.json
鞗,C,tiáo,,dây cương bằng da,not-resolved,,,not-resolved,0,0,7,chars/9797.json
鞘,B,qiào,,vỏ kiếm; bao,resolved,革,Bộ Cách,record-radical,6,0,7,chars/9798.json
鞙,C,xuàn,,tinh xảo,not-resolved,,,not-resolved,0,0,7,chars/9799.json
鞚,C,kòng,,dây cương,not-resolved,,,not-resolved,0,0,7,chars/979A.json
鞝,C,shàng,,đóng đế giày; cũng viết là 緔|绱[shang4],not-resolved,,,not-resolved,0,0,7,chars/979D.json
鞞,C,bǐng,,vỏ kiếm,not-resolved,,,not-resolved,0,0,7,chars/979E.json
鞠,A,Jū,Cúc,họ [Ju1],resolved,革,Bộ Cách,record-radical,2,4,6,chars/97A0.json
鞡,C,la,,tất ủ ấm chân,not-resolved,,,not-resolved,0,0,7,chars/97A1.json
鞣,C,róu,,da lộn; da sơn dương,not-resolved,,,not-resolved,3,0,7,chars/97A3.json
鞥,C,ēng,,dây cương,not-resolved,,,not-resolved,0,0,7,chars/97A5.json
鞧,C,qiū,,dây đuôi ngựa; dây da,not-resolved,,,not-resolved,0,0,7,chars/97A7.json
鞨,C,hé,,giày cao cổ; tên một bộ lạc,not-resolved,,,not-resolved,0,0,7,chars/97A8.json
鞫,C,jū,,thẩm vấn; hỏi,not-resolved,,,not-resolved,0,0,7,chars/97AB.json
鞬,C,jiān,,ống tên trên ngựa; kho chứa,not-resolved,,,not-resolved,0,0,7,chars/97AC.json
鞭,A,biān,,roi hoặc dây da; đánh bằng roi,resolved,革,Bộ Cách,record-radical,7,10,5,chars/97AD.json
鞮,B,Dī,,họ [Di1],resolved,革,Bộ Cách,record-radical,0,0,7,chars/97AE.json
鞯,B,jiān,,tấm trải yên ngựa,resolved,革,Bộ Cách,record-radical,0,0,7,chars/97AF.json
鞲,B,gōu,,biến thể của 韝[gou1],resolved,革,Bộ Cách,record-radical,0,0,7,chars/97B2.json
鞴,C,bèi,,lắp yên ngựa,not-resolved,,,not-resolved,0,0,7,chars/97B4.json
鞶,C,pán,,thắt lưng lớn,not-resolved,,,not-resolved,0,0,7,chars/97B6.json
鞹,C,kuò,,da,not-resolved,,,not-resolved,0,0,7,chars/97B9.json
韀,C,jiān,,biến thể của 韉|鞯[jian1],not-resolved,,,not-resolved,0,0,7,chars/97C0.json
韅,C,xiǎn,,đai da trên ngựa,not-resolved,,,not-resolved,0,0,7,chars/97C5.json
韎,C,mèi,,một loại cỏ cho thuốc nhuộm đỏ,not-resolved,,,not-resolved,0,0,7,chars/97CE.json
韔,C,chàng,,túi đựng cung,not-resolved,,,not-resolved,0,0,7,chars/97D4.json
韖,C,róu,,"thuộc da, làm mềm",not-resolved,,,not-resolved,0,0,7,chars/97D6.json
韘,C,shè,,nhẫn bảo hộ ngón cái của cung thủ,not-resolved,,,not-resolved,0,0,7,chars/97D8.json
韛,C,bài,,ống bễ (thổi không khí vào lửa),not-resolved,,,not-resolved,0,0,7,chars/97DB.json
韝,C,gōu,,bảo vệ cánh tay của cung thủ,not-resolved,,,not-resolved,0,0,7,chars/97DD.json
韡,C,wěi,,lộng lẫy,not-resolved,,,not-resolved,0,0,7,chars/97E1.json
韣,C,dú,,hộp đựng cung,not-resolved,,,not-resolved,0,0,7,chars/97E3.json
韦,C,Wéi,,họ [Wei2],not-resolved,,,not-resolved,6,0,7,chars/97E6.json
韧,C,rèn,,biến thể của 韌|韧[ren4],not-resolved,,,not-resolved,6,10,6,chars/97E7.json
韨,C,fú,,tấm bảo vệ đầu gối,not-resolved,,,not-resolved,0,0,7,chars/97E8.json
韩,C,Hán,,"Hàn, một trong Chiến Quốc Thất Hùng 戰國七雄|战国七雄; Triều Tiên từ sau khi triều đại Joseon sụp đổ năm 1897",not-resolved,,,not-resolved,6,2,7,chars/97E9.json
韪,C,wěi,,đúng; phải,not-resolved,,,not-resolved,3,0,7,chars/97EA.json
韫,C,yùn,,chứa đựng,not-resolved,,,not-resolved,0,0,7,chars/97EB.json
韬,C,tāo,,bao đựng cung hoặc vỏ kiếm; che giấu,not-resolved,,,not-resolved,5,0,7,chars/97EC.json
韭,B,jiǔ,,"Rau hẹ, là một thứ rau thơm mà cay, lá nhỏ mà dẹp",resolved,韭,Bộ Cửu,self-radical,2,0,7,chars/97ED.json
韱,C,xiān,,hành hoặc tỏi rừng,not-resolved,,,not-resolved,0,0,7,chars/97F1.json
音,A,yīn,Âm,âm thanh; tiếng,resolved,音,Bộ Âm,self-radical,20,10,3,chars/97F3.json
韵,C,yùn,Vần,vần (của âm tiết) (ngữ âm học Trung Quốc); vần điệu,not-resolved,,,not-resolved,7,6,7,chars/97F5.json
韶,C,Sháo,Thiều,họ [Shao2],not-resolved,,,not-resolved,6,0,7,chars/97F6.json
韹,C,huáng,,âm nhạc chuông và trống,not-resolved,,,not-resolved,0,0,7,chars/97F9.json
韺,C,yīng,,âm nhạc của hoàng đế truyền thuyết Cổ,not-resolved,,,not-resolved,0,0,7,chars/97FA.json
頀,C,hù,,âm nhạc,not-resolved,,,not-resolved,0,0,7,chars/9800.json
頄,C,qiú,,gò má,not-resolved,,,not-resolved,0,0,7,chars/9804.json
頖,C,pàn,,giải tán,not-resolved,,,not-resolved,0,0,7,chars/9816.json
頚,C,jǐng,,biến thể cũ của 頸|颈[jing3],not-resolved,,,not-resolved,0,0,7,chars/981A.json
頞,C,è,,chỗ nối của mũi và trán,not-resolved,,,not-resolved,0,0,7,chars/981E.json
頬,C,jiá,,biến thể của 頰|颊[jia2],not-resolved,,,not-resolved,0,0,7,chars/982C.json
頯,C,kuí,,xương gò má; nhô ra,not-resolved,,,not-resolved,0,0,7,chars/982F.json
頳,C,chēng,,biến thể cũ của 赬|赪[cheng1],not-resolved,,,not-resolved,0,0,7,chars/9833.json
顑,C,kǎn,,vàng,not-resolved,,,not-resolved,0,0,7,chars/9851.json
顕,C,xiǎn,,biến thể Nhật Bản của 顯|显,not-resolved,,,not-resolved,0,0,7,chars/9855.json
顚,C,diān,,biến thể của 顛|颠[dian1],not-resolved,,,not-resolved,0,0,7,chars/985A.json
顜,C,jiǎng,,thành thật; ngay thẳng,not-resolved,,,not-resolved,0,0,7,chars/985C.json
顣,C,qī,,nhăn mặt,not-resolved,,,not-resolved,0,0,7,chars/9863.json
页,A,yè,,trang,resolved,頁,Bộ Hiệt,radical-variant,6,10,4,chars/9875.json
顶,A,dǐng,Đính,chiếc,resolved,頁,Bộ Hiệt,record-radical,8,10,5,chars/9876.json
顷,C,qǐng,Khoảnh,"lát nữa, chốc lát; đơn vị diện tích (khoảng 6.666,7 mét vuông)",not-resolved,,,not-resolved,5,5,7,chars/9877.json
顸,C,hān,,lề mề,not-resolved,,,not-resolved,0,0,7,chars/9878.json
项,A,xiàng,Hạng,danh mục,resolved,頁,Bộ Hiệt,record-radical,9,10,5,chars/9879.json
顺,A,shùn,Thuận,dọc theo,resolved,頁,Bộ Hiệt,record-radical,19,10,4,chars/987A.json
须,A,xū,Tua,râu,resolved,彡,Bộ Sam,record-radical,6,10,3,chars/987B.json
顼,C,xù,,họ [Xu1]; âm đọc Đài Loan [Xu4],not-resolved,,,not-resolved,1,0,7,chars/987C.json
顽,A,wán,Ngoan,nghịch ngợm; bướng bỉnh,resolved,頁,Bộ Hiệt,record-radical,6,9,6,chars/987D.json
顾,A,gù,Cố,chăm sóc,resolved,頁,Bộ Hiệt,record-radical,16,10,3,chars/987E.json
顿,A,dùn,Đốn,một bữa,resolved,頁,Bộ Hiệt,record-radical,8,10,5,chars/987F.json
颀,B,qí,,cao,resolved,頁,Bộ Hiệt,record-radical,0,0,7,chars/9880.json
颁,C,bān,,ban hành; gửi đi,not-resolved,,,not-resolved,6,10,6,chars/9881.json
颂,A,sòng,Tụng,thơ ca tụng; điếu văn,resolved,頁,Bộ Hiệt,record-radical,6,3,6,chars/9882.json
颃,B,háng,,bay xuống,resolved,頁,Bộ Hiệt,record-radical,0,0,7,chars/9883.json
预,A,yù,Dự,ứng trước; trước,resolved,頁,Bộ Hiệt,record-radical,20,10,4,chars/9884.json
颅,B,lú,,trán; hộp sọ,resolved,頁,Bộ Hiệt,record-radical,2,0,7,chars/9885.json
领,A,lǐng,Lãnh,cổ,resolved,頁,Bộ Hiệt,record-radical,20,10,5,chars/9886.json
颇,A,pō,Phở,"khá, đáng kể",resolved,頁,Bộ Hiệt,record-radical,6,5,6,chars/9887.json
颈,A,jǐng,,dùng trong 脖頸兒|脖颈儿[bo2 geng3 r5],resolved,頁,Bộ Hiệt,record-radical,6,9,6,chars/9888.json
颉,B,Xié,Gật,họ [Xie2],resolved,頁,Bộ Hiệt,record-radical,1,0,7,chars/9889.json
颊,C,jiá,,má,not-resolved,,,not-resolved,4,9,7,chars/988A.json
颋,C,tǐng,,trán hẹp,not-resolved,,,not-resolved,0,0,7,chars/988B.json
颌,B,hé,,xương hàm trên và hàm dưới,resolved,頁,Bộ Hiệt,record-radical,4,0,7,chars/988C.json
颍,B,Yǐng,,họ [Ying3]; sông ở Hà Nam và An Huy,resolved,水,Bộ Thủy,record-radical,6,0,7,chars/988D.json
颎,C,jiǒng,,rực cháy; sáng,not-resolved,,,not-resolved,0,0,7,chars/988E.json
颏,B,kē,,cằm,resolved,頁,Bộ Hiệt,record-radical,2,0,7,chars/988F.json
颐,A,yí,,(văn học) cằm; hàm; (văn học) nuôi dưỡng; bảo vệ,resolved,頁,Bộ Hiệt,record-radical,7,2,7,chars/9890.json
频,C,pín,,tần suất; thường xuyên,not-resolved,,,not-resolved,6,10,5,chars/9891.json
颓,C,tuí,,biến thể của 頹|颓[tui2],not-resolved,,,not-resolved,6,3,7,chars/9893.json
颔,B,hàn,,cằm; gật đầu (đồng ý),resolved,頁,Bộ Hiệt,record-radical,1,0,7,chars/9894.json
颕,C,yǐng,Nhánh,biến thể cũ của 穎|颖[ying3],not-resolved,,,not-resolved,0,0,7,chars/9895.json
颖,A,Yǐng,Dĩnh,đầu hạt; vỏ,resolved,禾,Bộ Hòa,record-radical,6,10,6,chars/9896.json
颗,C,kē,,hạt,not-resolved,,,not-resolved,1,10,5,chars/9897.json
题,A,tí,,đề bài,resolved,頁,Bộ Hiệt,record-radical,17,10,2,chars/9898.json
颙,C,yóng,Dong / Ngóng,hoành tráng; oai vệ,not-resolved,,,not-resolved,0,0,7,chars/9899.json
颚,B,è,,hàm; vòm miệng,resolved,頁,Bộ Hiệt,record-radical,2,0,7,chars/989A.json
颛,B,Zhuān,,họ [Zhuan1],resolved,頁,Bộ Hiệt,record-radical,1,0,7,chars/989B.json
颜,A,Yán,,họ [Yan2],resolved,頁,Bộ Hiệt,record-radical,6,10,2,chars/989C.json
额,A,é,,trán; hạn mức,resolved,頁,Bộ Hiệt,record-radical,12,10,6,chars/989D.json
颞,B,niè,,"xương thái dương (trên đầu người); xem 顳顬|颞颥, thái dương",resolved,頁,Bộ Hiệt,record-radical,2,0,7,chars/989E.json
颟,C,mān,,la cà,not-resolved,,,not-resolved,0,0,7,chars/989F.json
颠,A,diān,Điên,đỉnh (đầu); đỉnh điểm,resolved,頁,Bộ Hiệt,record-radical,7,10,6,chars/98A0.json
颡,B,sǎng,,(văn học) trán,resolved,頁,Bộ Hiệt,record-radical,0,0,7,chars/98A1.json
颢,C,hào,,(văn học) trắng và sáng,not-resolved,,,not-resolved,2,0,7,chars/98A2.json
颣,C,lèi,,khuyết điểm; thắt nút,not-resolved,,,not-resolved,0,0,7,chars/98A3.json
颤,A,chàn,,run rẩy; rùng mình,resolved,頁,Bộ Hiệt,record-radical,6,7,6,chars/98A4.json
颥,B,rú,,"xem 顳顬|颞颥, thái dương (hai bên đầu người)",resolved,頁,Bộ Hiệt,record-radical,0,0,7,chars/98A5.json
颦,C,pín,,nhăn mặt; nhíu mày,not-resolved,,,not-resolved,2,0,7,chars/98A6.json
颧,B,quán,,xương gò má,resolved,頁,Bộ Hiệt,record-radical,2,0,7,chars/98A7.json
颽,C,kǎi,,dịu; dễ chịu như gió,not-resolved,,,not-resolved,0,0,7,chars/98BD.json
飂,C,liáo,,gió ở nơi cao,not-resolved,,,not-resolved,0,0,7,chars/98C2.json
飌,C,fēng,,biến thể cũ của 風|风[feng1],not-resolved,,,not-resolved,0,0,7,chars/98CC.json
风,C,fēng,Phong,gió,not-resolved,,,not-resolved,20,10,3,chars/98CE.json
飏,C,yáng,,bay lên; phiêu,not-resolved,,,not-resolved,0,0,7,chars/98CF.json
飐,C,zhǎn,,lung lay trong gió,not-resolved,,,not-resolved,0,0,7,chars/98D0.json
飑,C,biāo,,gió lốc,not-resolved,,,not-resolved,0,0,7,chars/98D1.json
飒,C,sà,,biến thể của 颯|飒[sa4],not-resolved,,,not-resolved,3,0,7,chars/98D2.json
飓,C,jù,,bão,not-resolved,,,not-resolved,1,1,7,chars/98D3.json
飔,C,sī,,gió mát mùa thu,not-resolved,,,not-resolved,0,0,7,chars/98D4.json
飕,C,sōu,,thổi (như gió); tiếng gió,not-resolved,,,not-resolved,2,0,7,chars/98D5.json
飖,C,yáo,,trôi nổi trong không trung,not-resolved,,,not-resolved,0,0,7,chars/98D6.json
飗,C,liú,,gió rít,not-resolved,,,not-resolved,0,0,7,chars/98D7.json
飘,C,piāo,,bay lượn trong không khí,not-resolved,,,not-resolved,7,10,5,chars/98D8.json
飙,C,biāo,,gió lốc; gió dữ dội,not-resolved,,,not-resolved,4,4,7,chars/98D9.json
飚,C,biāo,,biến thể của 飆|飙[biao1],not-resolved,,,not-resolved,0,0,7,chars/98DA.json
飞,C,fēi,Phi,bay,not-resolved,,,not-resolved,11,10,1,chars/98DE.json
食,A,shí,,ăn; thức ăn,resolved,食,Bộ Thực,self-radical,20,10,5,chars/98DF.json
飡,C,cān,,biến thể của 餐[can1],not-resolved,,,not-resolved,0,0,7,chars/98E1.json
飧,C,sūn,,(văn học) bữa tối,not-resolved,,,not-resolved,0,0,7,chars/98E7.json
飨,B,xiǎng,,(văn học) dâng đồ ăn thức uống; thiết đãi,resolved,食,Bộ Thực,record-radical,1,0,7,chars/98E8.json
飬,B,juàn,,biến thể cũ của 餋[juan4],resolved,食,Bộ Thực,record-radical,0,0,7,chars/98EC.json
飮,C,yǐn,,biến thể của 飲|饮[yin3],not-resolved,,,not-resolved,0,0,7,chars/98EE.json
飰,C,fàn,,biến thể cũ của 飯|饭[fan4],not-resolved,,,not-resolved,0,0,7,chars/98F0.json
飶,C,bì,,hương thơm của thức ăn,not-resolved,,,not-resolved,0,0,7,chars/98F6.json
餀,C,hài,,thức ăn ôi thiu,not-resolved,,,not-resolved,0,0,7,chars/9900.json
餂,C,tiǎn,,lấy được bằng cách lừa dối,not-resolved,,,not-resolved,0,0,7,chars/9902.json
餇,C,tóng,,thức ăn,not-resolved,,,not-resolved,0,0,7,chars/9907.json
餈,C,cí,,bánh gạo chiên,not-resolved,,,not-resolved,0,0,7,chars/9908.json
餋,C,juàn,,cúng tế,not-resolved,,,not-resolved,0,0,7,chars/990B.json
餍,B,yàn,,ăn no,resolved,食,Bộ Thực,record-radical,0,0,7,chars/990D.json
餐,A,cān,,bữa ăn,resolved,食,Bộ Thực,record-radical,18,10,4,chars/9910.json
餟,C,zhuì,,đi vòng quanh đền thờ và cúng tế,not-resolved,,,not-resolved,0,0,7,chars/991F.json
餠,C,bǐng,,biến thể của 餅|饼[bing3],not-resolved,,,not-resolved,0,0,7,chars/9920.json
餤,C,tán,,tiến tới,not-resolved,,,not-resolved,0,0,7,chars/9924.json
餩,C,è,,nấc cụt,not-resolved,,,not-resolved,0,0,7,chars/9929.json
餪,C,nuǎn,,gửi tặng một bữa tiệc,not-resolved,,,not-resolved,0,0,7,chars/992A.json
餫,C,hún,,biến thể của 餛|馄[hun2],not-resolved,,,not-resolved,0,0,7,chars/992B.json
餮,B,tiè,,(văn học) tham ăn; phàm ăn,resolved,食,Bộ Thực,record-radical,2,0,7,chars/992E.json
餯,C,huì,,(đồ ăn) thối và hôi,not-resolved,,,not-resolved,0,0,7,chars/992F.json
餲,C,hé,Ưởi,(văn học) (thức ăn) hỏng; chua,not-resolved,,,not-resolved,0,0,7,chars/9932.json
饄,C,táng,,biến thể cũ của 糖[tang2],not-resolved,,,not-resolved,0,0,7,chars/9944.json
饇,C,yù,,ăn quá nhiều; phong tặng,not-resolved,,,not-resolved,0,0,7,chars/9947.json
饎,C,chì,,thức ăn; nấu ăn,not-resolved,,,not-resolved,0,0,7,chars/994E.json
饐,C,yì,,bị ôi thiu,not-resolved,,,not-resolved,0,0,7,chars/9950.json
饔,B,yōng,,(văn học) thức ăn chín; bữa sáng,resolved,食,Bộ Thực,record-radical,0,0,7,chars/9954.json
饕,B,tāo,,(văn học) tham lam; phàm ăn,resolved,食,Bộ Thực,record-radical,3,0,7,chars/9955.json
饙,C,fēn,,hấp cơm,not-resolved,,,not-resolved,0,0,7,chars/9959.json
饣,B,shí,,"Ăn uống, thức ăn.",resolved,食,Bộ Thực,radical-variant,0,0,7,chars/9963.json
饤,C,dìng,,bày biện thức ăn chỉ để trưng; bày cúng,not-resolved,,,not-resolved,0,0,7,chars/9964.json
饥,A,jī,Cơ,(dạng kết hợp) đói,resolved,食,Bộ Thực,record-radical,7,7,6,chars/9965.json
饦,C,tuō,,(bánh),not-resolved,,,not-resolved,0,0,7,chars/9966.json
饧,B,xíng,,nước đường mạch nha; mật mía,resolved,食,Bộ Thực,record-radical,0,0,7,chars/9967.json
饨,A,tún,,dùng trong 餛飩|馄饨[hun2 tun5]; phiên âm Đài Loan [dun4],resolved,食,Bộ Thực,record-radical,1,2,7,chars/9968.json
饩,B,xì,,khẩu phần lương thực; vật hiến tế,resolved,食,Bộ Thực,record-radical,0,0,7,chars/9969.json
饪,A,rèn,,thức ăn đã nấu; chế biến (đến khi chín),resolved,食,Bộ Thực,record-radical,2,7,6,chars/996A.json
饫,B,yù,,no (như ăn no),resolved,食,Bộ Thực,record-radical,0,0,7,chars/996B.json
饬,B,chì,Sức,(dạng kết hợp) sắp xếp; ngăn nắp,resolved,力,Bộ Lực,record-radical,2,0,7,chars/996C.json
饭,A,fàn,,bữa ăn,resolved,食,Bộ Thực,record-radical,15,10,1,chars/996D.json
饮,A,yǐn,,biến thể cũ của 飲|饮[yin3],resolved,食,Bộ Thực,record-radical,7,10,3,chars/996E.json
饯,B,jiàn,,tiệc tiễn biệt; đồ ngâm,resolved,食,Bộ Thực,record-radical,3,0,7,chars/996F.json
饰,A,shì,,trang trí; trang hoàng,resolved,巾,Bộ Cân,record-radical,6,10,5,chars/9970.json
饱,A,bǎo,,no,resolved,食,Bộ Thực,record-radical,8,10,3,chars/9971.json
饲,A,sì,,biến thể cũ của 飼|饲[si4],resolved,食,Bộ Thực,record-radical,6,9,6,chars/9972.json
饴,B,yí,,xi-rô mạch nha,resolved,食,Bộ Thực,record-radical,3,0,7,chars/9974.json
饵,A,ěr,,bánh ngọt; thức ăn,resolved,食,Bộ Thực,record-radical,3,5,7,chars/9975.json
饶,A,ráo,Nhiêu,tha thứ,resolved,食,Bộ Thực,record-radical,6,5,6,chars/9976.json
饷,B,xiǎng,,lương lính,resolved,食,Bộ Thực,record-radical,3,0,7,chars/9977.json
饸,B,hé,,xem 餄餎|饸饹[he2 le5],resolved,食,Bộ Thực,record-radical,0,0,7,chars/9978.json
饹,B,le,,dùng trong 餎餷|饹馇[ge1 zha5],resolved,食,Bộ Thực,record-radical,0,0,7,chars/9979.json
饺,A,jiǎo,,sủi cảo nhân thịt,resolved,食,Bộ Thực,record-radical,4,5,4,chars/997A.json
饼,A,bǐng,Bánh,bánh tròn dẹt,resolved,食,Bộ Thực,record-radical,7,10,4,chars/997C.json
饽,B,bō,,bánh; bánh quy,resolved,食,Bộ Thực,record-radical,2,0,7,chars/997D.json
饾,C,dòu,,bày biện thức ăn,not-resolved,,,not-resolved,0,0,7,chars/997E.json
饿,A,è,,đói,resolved,食,Bộ Thực,record-radical,6,10,3,chars/997F.json
馀,C,Yú,Dư,họ [Yu2],not-resolved,,,not-resolved,1,0,7,chars/9980.json
馁,A,něi,Nuôi,(dạng kết hợp) đói; chết đói; (dạng kết hợp) chán nản,resolved,食,Bộ Thực,record-radical,1,4,7,chars/9981.json
馂,C,jùn,,thức ăn thừa của cúng tế hoặc bữa ăn,not-resolved,,,not-resolved,0,0,7,chars/9982.json
馃,C,guǒ,,bánh,not-resolved,,,not-resolved,0,0,7,chars/9983.json
馄,A,hún,,dùng trong 餛飩|馄饨[hun2 tun5],resolved,食,Bộ Thực,record-radical,1,2,7,chars/9984.json
馅,C,xiàn,,nhân; thịt xay,not-resolved,,,not-resolved,6,6,6,chars/9985.json
馆,A,guǎn,Quán,nhà hát,resolved,食,Bộ Thực,record-radical,13,10,2,chars/9986.json
馇,B,chā,,"nấu và khuấy (thức ăn cho động vật); (khẩu ngữ) ninh (cháo, v.v.)",resolved,食,Bộ Thực,record-radical,0,0,,chars/9987.json
馈,C,kuì,,dâng lễ cho thần linh; biến thể của 饋|馈[kui4],not-resolved,,,not-resolved,5,7,6,chars/9988.json
馊,C,sōu,,bị ôi; thiu (như thức ăn),not-resolved,,,not-resolved,1,0,7,chars/998A.json
馋,B,chán,Thèm,háu ăn,resolved,食,Bộ Thực,record-radical,6,0,6,chars/998B.json
馌,C,yè,,mang đồ ăn ra đồng cho người lao động,not-resolved,,,not-resolved,0,0,7,chars/998C.json
馍,B,mó,,ổ bánh mì hấp nhỏ,resolved,食,Bộ Thực,record-radical,1,0,7,chars/998D.json
馎,C,bó,,bánh gạo,not-resolved,,,not-resolved,0,0,7,chars/998E.json
馏,C,liú,,chưng cất; tách một chất lỏng thành các thành phần bằng cách đun sôi,not-resolved,,,not-resolved,6,0,7,chars/998F.json
馐,B,xiū,,cao lương mỹ vị,resolved,食,Bộ Thực,record-radical,2,0,7,chars/9990.json
馑,C,jǐn,,thời kỳ đói kém hoặc mất mùa,not-resolved,,,not-resolved,1,0,7,chars/9991.json
馒,A,mán,,dùng trong 饅頭|馒头[man2 tou5],resolved,食,Bộ Thực,record-radical,1,3,5,chars/9992.json
馓,B,sǎn,,dùng trong 饊子|馓子[san3 zi5],resolved,食,Bộ Thực,record-radical,1,0,7,chars/9993.json
馔,B,zhuàn,,biến thể cũ của 饌|馔[zhuan4],resolved,食,Bộ Thực,record-radical,0,0,7,chars/9994.json
馕,B,náng,,một loại bánh mì dẹt,resolved,食,Bộ Thực,record-radical,0,0,7,chars/9995.json
首,A,shǒu,Thủ,đoạn,resolved,首,Bộ Thủ,self-radical,15,10,5,chars/9996.json
馗,B,kuí,,gò má; ngã tư,resolved,首,Bộ Thủ,record-radical,1,0,7,chars/9997.json
馘,C,guó,,(văn học) cắt tai trái của kẻ địch bị giết; tai bị cắt của kẻ địch bị giết,not-resolved,,,not-resolved,0,0,7,chars/9998.json
香,A,xiāng,Hương,thơm,resolved,香,Bộ Hương,self-radical,11,10,4,chars/9999.json
馝,C,bì,,hương thơm,not-resolved,,,not-resolved,0,0,7,chars/999D.json
馡,C,fēi,,thơm ngát,not-resolved,,,not-resolved,0,0,7,chars/99A1.json
馣,C,yǎn,,mùi hương thơm,not-resolved,,,not-resolved,0,0,7,chars/99A3.json
馥,B,fù,Phức,hương thơm; mùi,resolved,香,Bộ Hương,record-radical,2,0,7,chars/99A5.json
馨,A,xīn,Hanh,thơm ngát,resolved,香,Bộ Hương,record-radical,3,8,7,chars/99A8.json
馯,C,hàn,,biến thể cũ của 駻[han4],not-resolved,,,not-resolved,0,0,7,chars/99AF.json
馲,C,tuō,,lạc đà; phiên âm Đài Loan [luo4],not-resolved,,,not-resolved,0,0,7,chars/99B2.json
馵,C,zhù,,(ngựa),not-resolved,,,not-resolved,0,0,7,chars/99B5.json
駄,C,tuó,,biến thể tiếng Nhật của 馱|驮,not-resolved,,,not-resolved,0,0,7,chars/99C4.json
駅,C,yì,,biến thể tiếng Nhật của 驛|驿[yi4],not-resolved,,,not-resolved,0,0,7,chars/99C5.json
駆,C,qū,,biến thể tiếng Nhật của 驅|驱; phóng ngựa,not-resolved,,,not-resolved,0,0,7,chars/99C6.json
駋,C,zhāo,,(ngựa),not-resolved,,,not-resolved,0,0,7,chars/99CB.json
駗,C,zhēn,,vết nhám,not-resolved,,,not-resolved,0,0,7,chars/99D7.json
駜,C,bì,,ngựa khỏe,not-resolved,,,not-resolved,0,0,7,chars/99DC.json
駠,C,liú,,biến thể cũ của 騮|骝[liu2],not-resolved,,,not-resolved,0,0,7,chars/99E0.json
駬,C,ěr,,(ngựa),not-resolved,,,not-resolved,0,0,7,chars/99EC.json
駯,C,zhū,,mõm đen (của ngựa),not-resolved,,,not-resolved,0,0,7,chars/99EF.json
駴,C,xiè,,tiếng trống dồn dập,not-resolved,,,not-resolved,0,0,7,chars/99F4.json
駵,C,liú,,biến thể cũ của 騮|骝[liu2],not-resolved,,,not-resolved,0,0,7,chars/99F5.json
駹,C,máng,,ngựa đen mặt trắng,not-resolved,,,not-resolved,0,0,7,chars/99F9.json
駻,C,hàn,,(ngựa) dữ; dã,not-resolved,,,not-resolved,0,0,7,chars/99FB.json
駽,C,xuàn,,màu xám,not-resolved,,,not-resolved,0,0,7,chars/99FD.json
駾,C,tuì,,phi nước đại (trên ngựa),not-resolved,,,not-resolved,0,0,7,chars/99FE.json
騃,C,ái,,ngu ngốc; đần độn,not-resolved,,,not-resolved,0,0,7,chars/9A03.json
騆,C,zhōu,,ngựa thần,not-resolved,,,not-resolved,0,0,7,chars/9A06.json
騇,C,shè,,ngựa cái; ngựa mái,not-resolved,,,not-resolved,0,0,7,chars/9A07.json
騉,C,kūn,,ngựa đẹp,not-resolved,,,not-resolved,0,0,7,chars/9A09.json
騋,C,lái,,ngựa cái,not-resolved,,,not-resolved,0,0,7,chars/9A0B.json
騑,C,fēi,,ngựa bên (trong một đội ngựa kéo); ngựa,not-resolved,,,not-resolved,0,0,7,chars/9A11.json
騒,C,sāo,,biến thể tiếng Nhật của 騷|骚,not-resolved,,,not-resolved,0,0,7,chars/9A12.json
験,C,yàn,,biến thể tiếng Nhật của 驗|验,not-resolved,,,not-resolved,0,0,7,chars/9A13.json
騕,C,yǎo,,tên của một loài ngựa huyền thoại,not-resolved,,,not-resolved,0,0,7,chars/9A15.json
騗,C,piàn,,biến thể cũ của 騙|骗[pian4]; lên ngựa bằng cách đưa một chân qua,not-resolved,,,not-resolved,0,0,7,chars/9A17.json
騘,C,cōng,,biến thể cũ của 驄|骢[cong1],not-resolved,,,not-resolved,0,0,7,chars/9A18.json
騢,C,xiá,,(ngựa),not-resolved,,,not-resolved,0,0,7,chars/9A22.json
騺,C,zhì,,ngựa nặng; ngựa không di chuyển được vì chân bị què,not-resolved,,,not-resolved,0,0,7,chars/9A3A.json
驆,C,bì,,dùng trong phiên âm sách Phật giáo,not-resolved,,,not-resolved,0,0,7,chars/9A46.json
驈,C,yù,,ngựa đen có chân trắng,not-resolved,,,not-resolved,0,0,7,chars/9A48.json
驒,C,tuó,,(ngựa),not-resolved,,,not-resolved,0,0,7,chars/9A52.json
驔,C,tán,,ngựa đen,not-resolved,,,not-resolved,0,0,7,chars/9A54.json
驖,C,tiě,,ngựa màu nâu sẫm,not-resolved,,,not-resolved,0,0,7,chars/9A56.json
驙,C,zhān,,(ngựa),not-resolved,,,not-resolved,0,0,7,chars/9A59.json
马,A,mǎ,Mã,ngựa,resolved,馬,Bộ Mã,radical-variant,20,10,3,chars/9A6C.json
驭,A,yù,Ngựa,biến thể của 御[yu4]; lái,resolved,馬,Bộ Mã,record-radical,3,1,7,chars/9A6D.json
驮,B,tuó,,cõng,resolved,馬,Bộ Mã,record-radical,3,0,7,chars/9A6E.json
驯,A,xùn,Thuần,thuần hóa,resolved,馬,Bộ Mã,record-radical,6,1,7,chars/9A6F.json
驰,A,chí,,chạy nhanh; phóng nước đại,resolved,馬,Bộ Mã,record-radical,6,9,6,chars/9A70.json
驱,A,qū,,biến thể của 驅|驱[qu1],resolved,馬,Bộ Mã,record-radical,6,10,6,chars/9A71.json
驲,C,rì,,ngựa trạm,not-resolved,,,not-resolved,0,0,7,chars/9A72.json
驳,A,bó,Bác,loang lổ; không đồng nhất,resolved,馬,Bộ Mã,record-radical,6,10,6,chars/9A73.json
驴,B,lǘ,,biến thể của 驢|驴[lu:2],resolved,馬,Bộ Mã,record-radical,6,0,7,chars/9A74.json
驵,B,zǎng,,ngựa mạnh,resolved,馬,Bộ Mã,record-radical,0,0,7,chars/9A75.json
驶,A,shǐ,,"(phương tiện, ngựa,...) đi nhanh; lao nhanh; (phương tiện) chạy; di chuyển",resolved,馬,Bộ Mã,record-radical,6,10,5,chars/9A76.json
驷,C,sì,,đội bốn con ngựa,not-resolved,,,not-resolved,0,0,7,chars/9A77.json
驸,B,fù,Phò,phò mã,resolved,馬,Bộ Mã,record-radical,1,0,7,chars/9A78.json
驹,B,jū,Câu,ngựa con,resolved,馬,Bộ Mã,record-radical,4,0,7,chars/9A79.json
驺,B,Zōu,,họ [Zou1],resolved,馬,Bộ Mã,record-radical,0,0,7,chars/9A7A.json
驻,A,zhù,Trú,dừng lại,resolved,馬,Bộ Mã,record-radical,7,8,6,chars/9A7B.json
驼,A,tuó,Đà,gù hoặc lưng gù; lạc đà,resolved,馬,Bộ Mã,record-radical,6,2,7,chars/9A7C.json
驽,B,nú,,(văn học) ngựa kém,resolved,馬,Bộ Mã,record-radical,1,0,7,chars/9A7D.json
驾,A,jià,Giá,lái,resolved,馬,Bộ Mã,record-radical,6,10,5,chars/9A7E.json
驿,B,yì,Dịch,ngựa trạm; trạm chuyển phát,resolved,馬,Bộ Mã,record-radical,3,0,7,chars/9A7F.json
骀,B,tái,,ngựa mệt mỏi; kiệt sức,resolved,馬,Bộ Mã,record-radical,0,0,7,chars/9A80.json
骁,B,xiāo,,ngựa tốt; dũng mãnh,resolved,馬,Bộ Mã,record-radical,2,0,7,chars/9A81.json
骂,A,mà,Mạ,chửi bới,resolved,口,Bộ Khẩu,record-radical,7,8,5,chars/9A82.json
骃,C,yīn,,ngựa màu xám sắt,not-resolved,,,not-resolved,0,0,7,chars/9A83.json
骄,C,jiāo,Kiêu,tự hào; kiêu ngạo,not-resolved,,,not-resolved,6,0,4,chars/9A84.json
骅,B,huá,,ngựa sắc lông hạt dẻ,resolved,馬,Bộ Mã,record-radical,1,0,7,chars/9A85.json
骆,A,Luò,,họ [Luo4],resolved,馬,Bộ Mã,record-radical,1,2,7,chars/9A86.json
骇,A,hài,Hãi,kinh ngạc; giật mình,resolved,馬,Bộ Mã,record-radical,6,5,7,chars/9A87.json
骈,C,Pián,Bền,họ [Pian2],not-resolved,,,not-resolved,1,0,7,chars/9A88.json
骉,C,biāo,,một bầy ngựa,not-resolved,,,not-resolved,0,0,7,chars/9A89.json
骊,B,lí,,ngựa đen; ngựa ô tốt,resolved,馬,Bộ Mã,record-radical,2,0,7,chars/9A8A.json
骋,B,chěng,,nhanh chóng; chạy,resolved,馬,Bộ Mã,record-radical,2,0,7,chars/9A8B.json
验,A,yàn,,"kiểm tra, khảo sát",resolved,馬,Bộ Mã,record-radical,11,10,4,chars/9A8C.json
骍,C,xīng,,ngựa (hoặc gia súc) màu đỏ; nâu đỏ,not-resolved,,,not-resolved,0,0,7,chars/9A8D.json
骎,C,qīn,Xăm,ngựa phi nhanh,not-resolved,,,not-resolved,0,0,7,chars/9A8E.json
骏,A,jùn,Tuấn,ngựa linh hoạt,resolved,馬,Bộ Mã,record-radical,1,5,7,chars/9A8F.json
骐,B,qí,,"ngựa lang; dùng cho 麒[qi2], kỳ lân huyền thoại",resolved,馬,Bộ Mã,record-radical,0,0,7,chars/9A90.json
骑,A,qí,Kị,cưỡi,resolved,馬,Bộ Mã,record-radical,6,10,3,chars/9A91.json
骒,B,kè,,"(dạng kết hợp) cái (của ngựa, la, lạc đà, v.v.)",resolved,馬,Bộ Mã,record-radical,1,0,7,chars/9A92.json
骓,B,Zhuī,Choai,họ [Zhui1],resolved,馬,Bộ Mã,record-radical,0,0,7,chars/9A93.json
骔,C,zōng,,biến thể của 騣|鬃[zong1],not-resolved,,,not-resolved,0,0,7,chars/9A94.json
骕,B,sù,,dùng trong 驌驦|骕骦[su4 shuang1],resolved,馬,Bộ Mã,record-radical,0,0,7,chars/9A95.json
骖,B,cān,,ngựa phía ngoài trong đội 4 con,resolved,馬,Bộ Mã,record-radical,0,0,7,chars/9A96.json
骗,A,piàn,,lừa,resolved,馬,Bộ Mã,record-radical,7,10,4,chars/9A97.json
骘,C,zhì,,ngựa giống; tăng lên,not-resolved,,,not-resolved,0,0,7,chars/9A98.json
骙,C,kuí,,(ngựa) khỏe mạnh; mạnh mẽ,not-resolved,,,not-resolved,0,0,7,chars/9A99.json
骚,C,sāo,Tao,(hình thức ràng buộc) quấy rầy; làm gián đoạn; ve vãn; lẳng lơ,not-resolved,,,not-resolved,7,8,6,chars/9A9A.json
骛,C,wù,,(hình thức kết hợp) chạy toán loạn; phấn đấu vì,not-resolved,,,not-resolved,1,0,7,chars/9A9B.json
骜,C,ào,,ngựa quý (văn học); (ngựa) không được thuần,not-resolved,,,not-resolved,1,0,7,chars/9A9C.json
骝,B,liú,,"ngựa màu nâu đỏ, bờm đen",resolved,馬,Bộ Mã,record-radical,0,0,7,chars/9A9D.json
骞,C,qiān,,"nâng lên, vươn lên",not-resolved,,,not-resolved,1,0,7,chars/9A9E.json
骟,B,shàn,,thiến,resolved,馬,Bộ Mã,record-radical,0,0,7,chars/9A9F.json
骠,B,piào,,ngựa trắng,resolved,馬,Bộ Mã,record-radical,0,0,7,chars/9AA0.json
骡,B,luó,,"con la; LT:匹[pi3],頭|头[tou2]",resolved,馬,Bộ Mã,record-radical,2,0,7,chars/9AA1.json
骢,B,cōng,,ngựa lông màu vàng nhạt,resolved,馬,Bộ Mã,record-radical,0,0,7,chars/9AA2.json
骣,B,chǎn,,(văn học) cưỡi ngựa không yên,resolved,馬,Bộ Mã,record-radical,0,0,7,chars/9AA3.json
骤,A,zhòu,Sậu,"Đột ngột, bất ngờ; nhanh chóng, gấp gáp",resolved,馬,Bộ Mã,record-radical,6,10,5,chars/9AA4.json
骥,B,jì,,ngựa nòi; tinh tế và đức hạnh,resolved,馬,Bộ Mã,record-radical,3,0,7,chars/9AA5.json
骦,B,shuāng,,dùng trong 驌驦|骕骦[su4 shuang1],resolved,馬,Bộ Mã,record-radical,0,0,7,chars/9AA6.json
骧,B,xiāng,,(văn học) ngựa chạy tung tăng; nâng lên,resolved,馬,Bộ Mã,record-radical,1,0,7,chars/9AA7.json
骨,A,gǔ,Cốt,xương,resolved,骨,Bộ Cốt,self-radical,9,10,5,chars/9AA8.json
骫,C,wěi,,bị cong; xiêu vẹo (về xương),not-resolved,,,not-resolved,0,0,7,chars/9AAB.json
骭,C,gàn,,xương ống chân,not-resolved,,,not-resolved,0,0,7,chars/9AAD.json
骰,C,tóu,,xí ngầu,not-resolved,,,not-resolved,2,0,7,chars/9AB0.json
骱,C,xiè,,khớp xương,not-resolved,,,not-resolved,0,0,7,chars/9AB1.json
骴,C,cī,,xác thối rữa,not-resolved,,,not-resolved,0,0,7,chars/9AB4.json
骶,B,dǐ,,(hình thức kết hợp) xương cùng,resolved,骨,Bộ Cốt,record-radical,1,0,7,chars/9AB6.json
骷,B,kū,,dùng trong 骷髏|骷髅[ku1lou2],resolved,骨,Bộ Cốt,record-radical,1,0,7,chars/9AB7.json
骸,B,hái,Hài,xương của cơ thể,resolved,骨,Bộ Cốt,record-radical,6,0,7,chars/9AB8.json
骺,C,hóu,,(giải phẫu) đầu xương,not-resolved,,,not-resolved,0,0,7,chars/9ABA.json
骼,B,gé,,bộ xương,resolved,骨,Bộ Cốt,record-radical,3,0,7,chars/9ABC.json
骾,C,gěng,Ngạnh,,not-resolved,,,not-resolved,0,0,7,chars/9ABE.json
髀,C,bì,,mông; đùi,not-resolved,,,not-resolved,1,0,7,chars/9AC0.json
髁,B,kē,,lồi cầu,resolved,骨,Bộ Cốt,record-radical,0,0,7,chars/9AC1.json
髂,B,qià,,xương chậu; xương ngoài cùng của đai chậu,resolved,骨,Bộ Cốt,record-radical,2,0,7,chars/9AC2.json
髄,C,suǐ,,biến thể của 髓[sui3],not-resolved,,,not-resolved,0,0,7,chars/9AC4.json
髅,B,lóu,Vày / Lâu,dùng trong 髑髏|髑髅[du2lou2]; dùng trong 骷髏|骷髅[ku1lou2],resolved,骨,Bộ Cốt,record-radical,1,0,7,chars/9AC5.json
髆,C,bó,,xương bả vai,not-resolved,,,not-resolved,0,0,7,chars/9AC6.json
髇,C,xiāo,,(từ tượng thanh) âm thanh của mũi tên,not-resolved,,,not-resolved,0,0,7,chars/9AC7.json
髋,B,kuān,,xương chậu; thuộc về xương chậu,resolved,骨,Bộ Cốt,record-radical,2,0,7,chars/9ACB.json
髌,B,bìn,,đánh vào xương bánh chè; chặt hoặc đập gãy xương bánh chè như một hình phạt thể xác,resolved,骨,Bộ Cốt,record-radical,1,0,7,chars/9ACC.json
髍,C,mó,,liệt một bên cơ thể,not-resolved,,,not-resolved,0,0,7,chars/9ACD.json
髎,C,liáo,,(văn học) xương hông; (Đông y) khoảng giữa hai khớp,not-resolved,,,not-resolved,0,0,7,chars/9ACE.json
髑,B,dú,,dùng trong 髑髏|髑髅[du2lou2],resolved,骨,Bộ Cốt,record-radical,0,0,7,chars/9AD1.json
髓,A,suǐ,Tuỷ,tuỷ; tinh hoa,resolved,骨,Bộ Cốt,record-radical,6,4,7,chars/9AD3.json
高,A,gāo,Cao,cao,resolved,高,Bộ Cao,self-radical,20,10,2,chars/9AD8.json
髙,C,gāo,,biến thể của 高[gao1],not-resolved,,,not-resolved,0,0,7,chars/9AD9.json
髝,C,láo,,dùng trong 髝髞[lao2 sao4],not-resolved,,,not-resolved,0,0,7,chars/9ADD.json
髞,C,sào,,cao; oai vệ,not-resolved,,,not-resolved,0,0,7,chars/9ADE.json
髟,B,biāo,,Tóc dài lượt thượt,resolved,髟,Bộ Tiêu,self-radical,0,0,7,chars/9ADF.json
髠,C,kūn,,biến thể của 髡[kun1],not-resolved,,,not-resolved,0,0,7,chars/9AE0.json
髡,B,kūn,,cạo đầu; làm trọc đầu (như một hình phạt),resolved,髟,Bộ Tiêu,record-radical,0,0,7,chars/9AE1.json
髢,C,dí,,biến thể cũ của 鬄[di2],not-resolved,,,not-resolved,0,0,7,chars/9AE2.json
髣,C,fǎng,,dường như,not-resolved,,,not-resolved,0,0,7,chars/9AE3.json
髦,A,máo,Mao,tóc mái; hợp thời,resolved,髟,Bộ Tiêu,record-radical,2,4,5,chars/9AE6.json
髧,C,dàn,,tóc dài,not-resolved,,,not-resolved,0,0,7,chars/9AE7.json
髨,C,kūn,,biến thể cũ của 髡[kun1],not-resolved,,,not-resolved,0,0,7,chars/9AE8.json
髩,C,bìn,,biến thể cũ của 鬢|鬓[bin4],not-resolved,,,not-resolved,0,0,7,chars/9AE9.json
髪,C,fà,,biến thể tiếng Nhật của 髮|发,not-resolved,,,not-resolved,0,0,7,chars/9AEA.json
髫,B,tiáo,,(văn học) tóc xõa phía trước (kiểu tóc trẻ em),resolved,髟,Bộ Tiêu,record-radical,1,0,7,chars/9AEB.json
髭,B,zī,,ria mép,resolved,髟,Bộ Tiêu,record-radical,0,0,7,chars/9AED.json
髯,B,rán,Nhẹm,biến thể cũ của 髯[ran2],resolved,髟,Bộ Tiêu,record-radical,1,0,7,chars/9AEF.json
髲,C,pì,,tóc giả,not-resolved,,,not-resolved,0,0,7,chars/9AF2.json
髳,C,máo,,tóc mái; hợp thời,not-resolved,,,not-resolved,0,0,7,chars/9AF3.json
髹,B,xiū,,sơn mài đỏ; sơn mài,resolved,髟,Bộ Tiêu,record-radical,0,0,7,chars/9AF9.json
髺,C,kuò,,tóc cuộn lên thành búi,not-resolved,,,not-resolved,0,0,7,chars/9AFA.json
髻,B,jì,,"tóc cuộn lên thành búi, búi tóc",resolved,髟,Bộ Tiêu,record-radical,3,0,7,chars/9AFB.json
髽,C,zhuā,,búi tóc,not-resolved,,,not-resolved,0,0,7,chars/9AFD.json
髾,C,shāo,,đuôi sao chổi; tóc dài,not-resolved,,,not-resolved,0,0,7,chars/9AFE.json
鬁,C,lì,,hói; tróc vảy,not-resolved,,,not-resolved,0,0,7,chars/9B01.json
鬃,B,zōng,,biến thể của 鬃[zong1],resolved,髟,Bộ Tiêu,record-radical,1,0,7,chars/9B03.json
鬄,C,dí,,tóc giả; tiếng Đài Loan đọc là [ti4],not-resolved,,,not-resolved,0,0,7,chars/9B04.json
鬅,C,péng,,rối bù,not-resolved,,,not-resolved,0,0,7,chars/9B05.json
鬈,C,quán,,uốn; xoăn,not-resolved,,,not-resolved,0,0,7,chars/9B08.json
鬋,C,jiān,,xoã xuống (tóc),not-resolved,,,not-resolved,0,0,7,chars/9B0B.json
鬎,C,là,,hói; có vảy,not-resolved,,,not-resolved,0,0,7,chars/9B0E.json
鬏,B,jiū,,búi (tóc),resolved,髟,Bộ Tiêu,record-radical,0,0,7,chars/9B0F.json
鬐,C,qí,,vây lưng; bờm ngựa,not-resolved,,,not-resolved,0,0,7,chars/9B10.json
鬑,C,lián,,tóc mai rủ,not-resolved,,,not-resolved,0,0,7,chars/9B11.json
鬒,B,zhěn,,tóc đen rậm,resolved,髟,Bộ Tiêu,record-radical,0,0,7,chars/9B12.json
鬓,B,bìn,,thái dương; tóc mai,resolved,髟,Bộ Tiêu,record-radical,4,0,7,chars/9B13.json
鬖,C,sān,,tóc bù xù,not-resolved,,,not-resolved,0,0,7,chars/9B16.json
鬗,C,màn,,trang sức đầu; tóc đẹp,not-resolved,,,not-resolved,0,0,7,chars/9B17.json
鬘,C,mán,,(tóc phụ nữ) đẹp; vòng hoa đội làm trang sức,not-resolved,,,not-resolved,0,0,7,chars/9B18.json
鬙,C,sēng,,tóc ngắn; không chải chuốt,not-resolved,,,not-resolved,0,0,7,chars/9B19.json
鬟,C,huán,,búi tóc trên đỉnh đầu,not-resolved,,,not-resolved,1,0,7,chars/9B1F.json
鬠,C,kuài,Xoáy,buộc tóc thành búi,not-resolved,,,not-resolved,0,0,7,chars/9B20.json
鬣,C,liè,,lông cứng; bờm,not-resolved,,,not-resolved,1,0,7,chars/9B23.json
鬫,C,kàn,,biến thể của 闞|阚[kan4]; gầm,not-resolved,,,not-resolved,0,0,7,chars/9B2B.json
鬬,C,dòu,,biến thể của 鬥|斗[dou4],not-resolved,,,not-resolved,0,0,7,chars/9B2C.json
鬯,B,chàng,,Rượu nếp,resolved,鬯,Bộ Sưởng,self-radical,0,0,7,chars/9B2F.json
鬲,B,gé,,Tên một nước ngày xưa,resolved,鬲,Bộ Cách,self-radical,0,0,7,chars/9B32.json
鬴,C,fǔ,,biến thể của 釜[fu3],not-resolved,,,not-resolved,0,0,7,chars/9B34.json
鬵,C,qián,,nồi sắt lớn; vạc,not-resolved,,,not-resolved,0,0,7,chars/9B35.json
鬷,C,zōng,,cái ấm có chân,not-resolved,,,not-resolved,0,0,7,chars/9B37.json
鬻,C,yù,,"bán, đặc biệt trong hoàn cảnh khó khăn",not-resolved,,,not-resolved,0,0,7,chars/9B3B.json
鬼,A,guǐ,Quỷ,linh hồn; ma; quỷ; (hậu tố) người có tật xấu hoặc nghiện ngập gì đó,resolved,鬼,Bộ Quỷ,self-radical,9,10,5,chars/9B3C.json
魀,C,gà,,biến thể cũ của 尬[ga4],not-resolved,,,not-resolved,0,0,7,chars/9B40.json
魁,C,kuí,Khôi,đứng đầu; người đứng đầu,not-resolved,,,not-resolved,6,4,7,chars/9B41.json
魂,A,hún,Hồn,linh hồn,resolved,鬼,Bộ Quỷ,record-radical,6,6,6,chars/9B42.json
魃,B,bá,,yêu quái hạn hán,resolved,鬼,Bộ Quỷ,record-radical,0,0,7,chars/9B43.json
魄,A,pò,Phách,linh hồn; hồn phách (tức là gắn liền với cơ thể),resolved,鬼,Bộ Quỷ,record-radical,6,10,6,chars/9B44.json
魅,C,mèi,,yêu ma; phép thuật,not-resolved,,,not-resolved,6,7,5,chars/9B45.json
魆,B,xù,,mờ; tối; chợt,resolved,鬼,Bộ Quỷ,record-radical,0,0,7,chars/9B46.json
魇,B,yǎn,,gặp ác mộng,resolved,鬼,Bộ Quỷ,record-radical,1,0,7,chars/9B47.json
魈,B,xiāo,,dùng trong 山魈[shan1 xiao1],resolved,鬼,Bộ Quỷ,record-radical,0,0,7,chars/9B48.json
魉,B,liǎng,,dùng trong 魍魎|魍魉[wang3liang3],resolved,鬼,Bộ Quỷ,record-radical,2,0,7,chars/9B49.json
魊,C,yù,,ma quỷ của trẻ em,not-resolved,,,not-resolved,0,0,7,chars/9B4A.json
魋,C,tuí,,gấu nâu Nhật Bản,not-resolved,,,not-resolved,0,0,7,chars/9B4B.json
魌,C,qī,,mặt nạ thần dùng trong nghi lễ trừ tà và xua đuổi dịch bệnh; (cổ) xấu xí,not-resolved,,,not-resolved,0,0,7,chars/9B4C.json
魍,B,wǎng,,dùng trong 魍魎|魍魉[wang3liang3],resolved,鬼,Bộ Quỷ,record-radical,2,0,7,chars/9B4D.json
魏,B,Wèi,,"họ [Wei4]; tên của một nước chư hầu thời nhà Chu từ năm 661 TCN ở Sơn Tây, một trong Chiến Quốc Thất Hùng",resolved,鬼,Bộ Quỷ,record-radical,6,0,7,chars/9B4F.json
魑,B,chī,,dùng trong 魑魅[chi1mei4],resolved,鬼,Bộ Quỷ,record-radical,2,0,7,chars/9B51.json
魔,A,mó,Ma,(hình vị hạn chế) tà ma; quỷ; (tiền tố) siêu nhiên; ma thuật,resolved,鬼,Bộ Quỷ,record-radical,6,10,6,chars/9B54.json
魖,B,xū,,dùng trong 黑魖魖[hei1 xu1 xu1],resolved,鬼,Bộ Quỷ,record-radical,0,0,7,chars/9B56.json
魠,B,tuō,,dùng trong 土魠魚|土魠鱼[tu3 tuo1 yu2],resolved,魚,Bộ Ngư,record-radical,0,0,7,chars/9B60.json
魣,C,yú,,cá rô,not-resolved,,,not-resolved,0,0,7,chars/9B63.json
魦,C,shā,,"họ cá mập, bao gồm một số loài cá đuối",not-resolved,,,not-resolved,0,0,7,chars/9B66.json
魬,C,fǎn,,cá bơn hoặc cá bềnh bự,not-resolved,,,not-resolved,0,0,7,chars/9B6C.json
魭,C,yuán,,biến thể cũ của 黿|鼋[yuan2],not-resolved,,,not-resolved,0,0,7,chars/9B6D.json
魵,C,fén,,tôm,not-resolved,,,not-resolved,0,0,7,chars/9B75.json
魸,C,piàn,,cá trê,not-resolved,,,not-resolved,0,0,7,chars/9B78.json
鮨,B,qí,,sushi; cá mú (Bồ Đào Nha: garoupa),resolved,魚,Bộ Ngư,record-radical,0,0,7,chars/9BA8.json
鮿,C,zhé,,(cá nước ngọt),not-resolved,,,not-resolved,0,0,7,chars/9BBF.json
鯆,C,fǔ,,cá đuối,not-resolved,,,not-resolved,0,0,7,chars/9BC6.json
鯈,C,chóu,,Leuciscus macropus,not-resolved,,,not-resolved,0,0,7,chars/9BC8.json
鯙,C,chún,,Scomberomorus sinensis,not-resolved,,,not-resolved,0,0,7,chars/9BD9.json
鯠,C,lái,,ban tặng; ban cho cấp dưới,not-resolved,,,not-resolved,0,0,7,chars/9BE0.json
鯥,C,lù,,Pomatomus saltatrix; cá xanh,not-resolved,,,not-resolved,0,0,7,chars/9BE5.json
鯸,C,hóu,,cá nóc,not-resolved,,,not-resolved,0,0,7,chars/9BF8.json
鰅,C,yú,,một loại cá có sọc,not-resolved,,,not-resolved,0,0,7,chars/9C05.json
鰋,C,yǎn,,cá lòng tong,not-resolved,,,not-resolved,0,0,7,chars/9C0B.json
鰕,C,xiā,,biến thể của 蝦|虾[xia1],not-resolved,,,not-resolved,0,0,7,chars/9C15.json
鰛,C,wēn,,"biến thể của 鰮|鳁, cá mòi",not-resolved,,,not-resolved,0,0,7,chars/9C1B.json
鰦,C,zī,,(cổ) một loại cá màu đen; người xấu (tiếng lóng Quảng Đông),not-resolved,,,not-resolved,0,0,7,chars/9C26.json
鰫,C,yóng,,cá mè hoa,not-resolved,,,not-resolved,0,0,7,chars/9C2B.json
鰽,C,qiú,,cá trích,not-resolved,,,not-resolved,0,0,7,chars/9C3D.json
鱄,B,Zhuān,,họ [Zhuan1],resolved,魚,Bộ Ngư,record-radical,0,0,7,chars/9C44.json
鱆,C,zhāng,,,resolved,魚,Bộ Ngư,record-radical,0,0,7,chars/9C46.json
鱎,C,jiǎo,,(cá),not-resolved,,,not-resolved,0,0,7,chars/9C4E.json
鱐,C,sù,,cá khô,not-resolved,,,not-resolved,0,0,7,chars/9C50.json
鱥,B,guì,,cá tuế,resolved,魚,Bộ Ngư,record-radical,0,0,7,chars/9C65.json
鱮,C,xù,,cá mè hoa (Hypophthalmichthys moritrix),not-resolved,,,not-resolved,0,0,7,chars/9C6E.json
鱵,C,zhēn,,Hyporhampus sajuri,not-resolved,,,not-resolved,0,0,7,chars/9C75.json
鱼,A,yú,Ngư,cá,resolved,魚,Bộ Ngư,radical-variant,13,10,2,chars/9C7C.json
鱽,C,dāo,,Coilia ectenes,not-resolved,,,not-resolved,0,0,7,chars/9C7D.json
鱿,B,yóu,,mực nang,resolved,魚,Bộ Ngư,record-radical,2,0,7,chars/9C7F.json
鲀,C,tún,,cá nóc (họ Tetraodontidae),not-resolved,,,not-resolved,0,0,7,chars/9C80.json
鲁,A,Lǔ,Lỗ,"họ [Lu3]; Lỗ, một nước cổ đại của Trung Quốc 魯國|鲁国[Lu3guo2]",resolved,甘,Bộ Cam,record-radical,7,10,6,chars/9C81.json
鲂,B,fáng,,cá tráp; Zeus japanicus,resolved,魚,Bộ Ngư,record-radical,0,0,7,chars/9C82.json
鲃,B,bā,,dùng trong 䰾魚|鲃鱼[ba1 yu2],resolved,魚,Bộ Ngư,record-radical,0,0,7,chars/9C83.json
鲅,B,bà,,(dạng kết hợp) cá thu Tây Ban Nha,resolved,魚,Bộ Ngư,record-radical,2,0,7,chars/9C85.json
鲆,B,píng,,họ cá bơn; cá bơn,resolved,魚,Bộ Ngư,record-radical,0,0,7,chars/9C86.json
鲇,B,nián,,cá trê (Parasilurus asotus); cá trê phương Đông,resolved,魚,Bộ Ngư,record-radical,1,0,7,chars/9C87.json
鲈,B,lú,Rô,cá rô phi; cá vược,resolved,魚,Bộ Ngư,record-radical,1,0,7,chars/9C88.json
鲊,C,zhǎ,,"cá muối; món ăn làm từ rau xay, bột và gia vị khác",not-resolved,,,not-resolved,0,0,7,chars/9C8A.json
鲋,B,fù,,cá mè,resolved,魚,Bộ Ngư,record-radical,1,0,7,chars/9C8B.json
鲍,B,Bào,,họ [Bao4],resolved,魚,Bộ Ngư,record-radical,4,0,7,chars/9C8D.json
鲎,B,hòu,,cua móng ngựa,resolved,魚,Bộ Ngư,record-radical,0,0,7,chars/9C8E.json
鲏,C,pí,,"xem 鰟鮍|鳑鲏, cá chép nhỏ",not-resolved,,,not-resolved,0,0,7,chars/9C8F.json
鲐,B,tái,,cá thu; cá thu Nhật (Pneumatophorus japonicus),resolved,魚,Bộ Ngư,record-radical,0,0,7,chars/9C90.json
鲑,B,guī,,cá hồi; cá hồi vân,resolved,魚,Bộ Ngư,record-radical,1,0,7,chars/9C91.json
鲒,B,jié,,hàu,resolved,魚,Bộ Ngư,record-radical,0,0,7,chars/9C92.json
鲔,B,wěi,,cá ngừ nhỏ; Euthynnus alletteratus,resolved,魚,Bộ Ngư,record-radical,1,0,7,chars/9C94.json
鲕,B,ér,,trứng cá; roe cá,resolved,魚,Bộ Ngư,record-radical,0,0,7,chars/9C95.json
鲖,C,tóng,,cá quả,not-resolved,,,not-resolved,0,0,7,chars/9C96.json
鲗,B,zéi,,mực nang,resolved,魚,Bộ Ngư,record-radical,0,0,7,chars/9C97.json
鲘,C,hòu,,xem 鱯|鳠[hu4],not-resolved,,,not-resolved,0,0,7,chars/9C98.json
鲙,B,kuài,Gỏi,dùng trong 鱠魚|鲙鱼[kuai4 yu2]; cá băm hoặc thái nhỏ (biến thể của 膾|脍[kuai4]),resolved,魚,Bộ Ngư,record-radical,0,0,7,chars/9C99.json
鲚,B,jì,,cá cháo biển (Coilia nasus),resolved,魚,Bộ Ngư,record-radical,0,0,7,chars/9C9A.json
鲛,B,jiāo,,(hình thức kết hợp) cá mập,resolved,魚,Bộ Ngư,record-radical,2,0,7,chars/9C9B.json
鲜,A,xiān,,ngon,resolved,魚,Bộ Ngư,record-radical,11,10,3,chars/9C9C.json
鲝,C,zhǎ,,biến thể của 鮓|鲊[zha3]; biến thể của 苲[zha3],not-resolved,,,not-resolved,0,0,7,chars/9C9D.json
鲞,B,xiǎng,,cá khô,resolved,魚,Bộ Ngư,record-radical,1,0,7,chars/9C9E.json
鲟,B,xún,,cá tầm; Acipenser sturio,resolved,魚,Bộ Ngư,record-radical,1,0,7,chars/9C9F.json
鲠,B,gěng,,mắc nghẹn vì một mẩu thức ăn,resolved,魚,Bộ Ngư,record-radical,5,0,7,chars/9CA0.json
鲡,B,lí,,cá chình,resolved,魚,Bộ Ngư,record-radical,1,0,7,chars/9CA1.json
鲢,B,lián,Nặn / Lươn,Hypophthalmichthys moritrix,resolved,魚,Bộ Ngư,record-radical,1,0,7,chars/9CA2.json
鲣,B,jiān,,cá ngừ sọc dưa,resolved,魚,Bộ Ngư,record-radical,0,0,7,chars/9CA3.json
鲤,A,lǐ,,cá chép,resolved,魚,Bộ Ngư,record-radical,4,3,7,chars/9CA4.json
鲥,B,shí,,cá shad; Ilisha elongata,resolved,魚,Bộ Ngư,record-radical,1,0,7,chars/9CA5.json
鲦,B,tiáo,,"cá bụng nhọn Hàn Quốc (cá, Hemiculter leucisculus); cá trích",resolved,魚,Bộ Ngư,record-radical,0,0,7,chars/9CA6.json
鲧,B,Gǔn,,biến thể của 鯀|鲧[Gun3],resolved,魚,Bộ Ngư,record-radical,0,0,7,chars/9CA7.json
鲨,A,shā,,cá mập,resolved,魚,Bộ Ngư,record-radical,2,4,7,chars/9CA8.json
鲩,B,huàn,,cá chép,resolved,魚,Bộ Ngư,record-radical,0,0,7,chars/9CA9.json
鲪,C,jūn,,Sebastodes guntheri,not-resolved,,,not-resolved,0,0,7,chars/9CAA.json
鲫,B,jì,,cá chép bạc; cá rô cát,resolved,魚,Bộ Ngư,record-radical,1,0,7,chars/9CAB.json
鲭,B,qīng,,cá thu,resolved,魚,Bộ Ngư,record-radical,0,0,7,chars/9CAD.json
鲮,B,líng,,cá trôi bùn (Cirrhina molitorella),resolved,魚,Bộ Ngư,record-radical,3,0,7,chars/9CAE.json
鲯,B,qí,,cá mahi-mahi (Coryphaena hippurus); cá dorado,resolved,魚,Bộ Ngư,record-radical,0,0,7,chars/9CAF.json
鲰,C,Zōu,,họ [Zou1],not-resolved,,,not-resolved,0,0,7,chars/9CB0.json
鲱,B,fēi,,cá trích Thái Bình Dương,resolved,魚,Bộ Ngư,record-radical,1,0,7,chars/9CB1.json
鲲,B,kūn,,cá bột (cá mới nở); con cá khổng lồ trong truyền thuyết có thể biến thành chim khổng lồ 鵬|鹏[Peng2],resolved,魚,Bộ Ngư,record-radical,0,0,7,chars/9CB2.json
鲳,B,chāng,,xem 鯧魚|鲳鱼[chang1 yu2],resolved,魚,Bộ Ngư,record-radical,1,0,7,chars/9CB3.json
鲴,B,gù,,"Xenocypris, chi cá chép tìm thấy ở Đông Á",resolved,魚,Bộ Ngư,record-radical,0,0,,chars/9CB4.json
鲵,B,ní,Nghê,Cryptobranchus japonicus; kỳ giông,resolved,魚,Bộ Ngư,record-radical,1,0,7,chars/9CB5.json
鲶,B,nián,,cá trê (Parasilurus asotus); cá trê Đông phương,resolved,魚,Bộ Ngư,record-radical,1,0,7,chars/9CB6.json
鲷,B,diāo,,cá tráp; pagrus major,resolved,魚,Bộ Ngư,record-radical,0,0,7,chars/9CB7.json
鲸,B,jīng,Kình,cá voi,resolved,魚,Bộ Ngư,record-radical,6,0,7,chars/9CB8.json
鲹,C,shēn,,cá khế (động vật học),not-resolved,,,not-resolved,0,0,7,chars/9CB9.json
鲺,C,shī,,,resolved,魚,Bộ Ngư,record-radical,0,0,,chars/9CBA.json
鲻,B,zī,,cá đối,resolved,魚,Bộ Ngư,record-radical,0,0,7,chars/9CBB.json
鲼,B,fèn,,bất kỳ loài cá đuối nào thuộc bộ Myliobatiformes,resolved,魚,Bộ Ngư,record-radical,0,0,7,chars/9CBC.json
鲽,B,dié,,cá bơn,resolved,魚,Bộ Ngư,record-radical,0,0,7,chars/9CBD.json
鲿,C,cháng,,họ cá trê (Bagridae),not-resolved,,,not-resolved,0,0,7,chars/9CBF.json
鳀,B,tí,,cá cơm,resolved,魚,Bộ Ngư,record-radical,0,0,7,chars/9CC0.json
鳁,C,wēn,,cá mòi,not-resolved,,,not-resolved,0,0,7,chars/9CC1.json
鳃,B,sāi,,mang cá,resolved,魚,Bộ Ngư,record-radical,2,0,7,chars/9CC3.json
鳄,A,è,,biến thể của 鱷|鳄[e4],resolved,魚,Bộ Ngư,record-radical,4,4,7,chars/9CC4.json
鳅,B,qiū,,cá chạch,resolved,魚,Bộ Ngư,record-radical,1,0,7,chars/9CC5.json
鳆,B,fù,,Haliotis gigantea; bào ngư,resolved,魚,Bộ Ngư,record-radical,0,0,7,chars/9CC6.json
鳇,B,huáng,,cá tầm,resolved,魚,Bộ Ngư,record-radical,0,0,7,chars/9CC7.json
鳊,B,biān,,cá mè,resolved,魚,Bộ Ngư,record-radical,0,0,7,chars/9CCA.json
鳋,C,sāo,,,resolved,魚,Bộ Ngư,record-radical,0,0,,chars/9CCB.json
鳌,B,áo,,rùa biển trong thần thoại,resolved,魚,Bộ Ngư,record-radical,2,0,7,chars/9CCC.json
鳍,B,qí,,vây,resolved,魚,Bộ Ngư,record-radical,6,0,7,chars/9CCD.json
鳎,B,tǎ,,cá bơn,resolved,魚,Bộ Ngư,record-radical,0,0,7,chars/9CCE.json
鳏,B,guān,,người đàn ông góa vợ,resolved,魚,Bộ Ngư,record-radical,2,0,7,chars/9CCF.json
鳐,B,yáo,,cá đuối (loài cá sụn thuộc họ Rajidae); cá đuối,resolved,魚,Bộ Ngư,record-radical,0,0,7,chars/9CD0.json
鳑,B,páng,,"xem 鰟鮍|鳑鲏, cá chép nhỏ",resolved,魚,Bộ Ngư,record-radical,0,0,7,chars/9CD1.json
鳒,C,jiān,,cá bơn; cá thờn bơn,not-resolved,,,not-resolved,0,0,7,chars/9CD2.json
鳓,B,lè,,cá trích Trung Quốc (Ilisha elongata); cá trích trắng,resolved,魚,Bộ Ngư,record-radical,0,0,7,chars/9CD3.json
鳔,B,biào,,bóng cá; bóng hơi của cá,resolved,魚,Bộ Ngư,record-radical,2,0,7,chars/9CD4.json
鳕,B,xuě,,cá tuyết; Gadus macrocephalus,resolved,魚,Bộ Ngư,record-radical,1,0,7,chars/9CD5.json
鳖,B,biē,,rùa mai mềm nước ngọt,resolved,魚,Bộ Ngư,record-radical,4,0,7,chars/9CD6.json
鳗,B,mán,,lươn (Anguilla japonica),resolved,魚,Bộ Ngư,record-radical,3,0,7,chars/9CD7.json
鳘,B,mǐn,,cá tuyết,resolved,魚,Bộ Ngư,record-radical,0,0,,chars/9CD8.json
鳙,B,yōng,,xem 鱅魚|鳙鱼[yong1 yu2],resolved,魚,Bộ Ngư,record-radical,1,0,7,chars/9CD9.json
鳛,C,xí,,cá chạch; cá nhét,not-resolved,,,not-resolved,0,0,7,chars/9CDB.json
鳜,B,guì,,cá quế; cá vược Trung Quốc (Siniperca chuatsi),resolved,魚,Bộ Ngư,record-radical,1,0,7,chars/9CDC.json
鳝,B,shàn,,biến thể của 鱔|鳝[shan4],resolved,魚,Bộ Ngư,record-radical,2,0,7,chars/9CDD.json
鳞,B,lín,,vảy (của cá),resolved,魚,Bộ Ngư,record-radical,6,0,7,chars/9CDE.json
鳟,B,zūn,,cá hồi; cá chép nhỏ,resolved,魚,Bộ Ngư,record-radical,2,0,7,chars/9CDF.json
鳠,C,hù,,một loài cá trê nước ngọt,not-resolved,,,not-resolved,0,0,7,chars/9CE0.json
鳢,B,lǐ,,cá lóc; cá quả,resolved,魚,Bộ Ngư,record-radical,1,0,7,chars/9CE2.json
鳣,B,shàn,,xem 鱔|鳝[shan4],resolved,魚,Bộ Ngư,record-radical,0,0,7,chars/9CE3.json
鳦,C,yǐ,,một loại chim én,not-resolved,,,not-resolved,0,0,7,chars/9CE6.json
鳫,C,yàn,,biến thể cũ của 雁[yan4],not-resolved,,,not-resolved,0,0,7,chars/9CEB.json
鳯,C,fèng,,biến thể của 鳳|凤[feng4],not-resolved,,,not-resolved,0,0,7,chars/9CEF.json
鳷,C,zhī,,thuật ngữ chung cho các loài giẻ cùi; Garrulus lidthi,not-resolved,,,not-resolved,0,0,7,chars/9CF7.json
鳻,C,fēn,,chim bồ câu rừng,not-resolved,,,not-resolved,0,0,7,chars/9CFB.json
鳽,C,yán,,(dùng để đặt tên cho loài vạc và một số loài diệc khác); cũng đọc là [jian1],not-resolved,,,not-resolved,0,0,7,chars/9CFD.json
鴂,B,jué,,chim chích lá (Orthotomus spp.); chim thợ dệt (họ Ploceidae),resolved,鳥,Bộ Điểu,record-radical,0,0,7,chars/9D02.json
鴃,C,jué,,chim bách thanh,not-resolved,,,not-resolved,0,0,7,chars/9D03.json
鴄,C,pī,,vịt trời,not-resolved,,,not-resolved,0,0,7,chars/9D04.json
鴎,C,ōu,,biến thể Nhật Bản của 鷗|鸥,not-resolved,,,not-resolved,0,0,7,chars/9D0E.json
鴔,B,fú,,xem 鵖鴔[bi1 fu2],resolved,鳥,Bộ Điểu,record-radical,0,0,7,chars/9D14.json
鴗,C,lì,,Alcedo bengalensis,not-resolved,,,not-resolved,0,0,7,chars/9D17.json
鴠,C,dàn,,một loại sơn ca,not-resolved,,,not-resolved,0,0,7,chars/9D20.json
鴢,C,yòu,,(vịt),not-resolved,,,not-resolved,0,0,7,chars/9D22.json
鴥,C,yù,,(chim) bay nhanh; lao xuống,not-resolved,,,not-resolved,0,0,7,chars/9D25.json
鴪,C,yù,,biến thể cũ của 鴥[yu4],not-resolved,,,not-resolved,0,0,7,chars/9D2A.json
鴳,C,yàn,,chim cút,not-resolved,,,not-resolved,0,0,7,chars/9D33.json
鴽,C,rú,,chim giống chim cút,not-resolved,,,not-resolved,0,0,7,chars/9D3D.json
鵀,C,rèn,,chim đầu rìu,not-resolved,,,not-resolved,0,0,7,chars/9D40.json
鵖,C,bī,,xem 鵖鴔[bi1 fu2],not-resolved,,,not-resolved,0,0,7,chars/9D56.json
鵗,C,xī,,gà lôi,not-resolved,,,not-resolved,0,0,7,chars/9D57.json
鵙,C,jú,,chim ác là,not-resolved,,,not-resolved,0,0,7,chars/9D59.json
鵩,C,fú,,cú,not-resolved,,,not-resolved,0,0,7,chars/9D69.json
鵫,C,zhào,,gà lôi,not-resolved,,,not-resolved,0,0,7,chars/9D6B.json
鵵,C,tù,,Scops semitorques,not-resolved,,,not-resolved,0,0,7,chars/9D75.json
鵺,C,yè,,một loại chim giống gà lôi,not-resolved,,,not-resolved,0,0,7,chars/9D7A.json
鵻,C,zhuī,,chim dẽ cu; chim cu gáy,not-resolved,,,not-resolved,0,0,7,chars/9D7B.json
鶂,C,yì,,chim ưng,not-resolved,,,not-resolved,0,0,7,chars/9D82.json
鶏,C,jī,,biến thể Nhật Bản của 雞|鸡,not-resolved,,,not-resolved,0,0,7,chars/9D8F.json
鶒,C,chì,,một loại chim nước,not-resolved,,,not-resolved,0,0,7,chars/9D92.json
鶕,C,ān,,biến thể cũ của 鵪|鹌[an1],not-resolved,,,not-resolved,0,0,7,chars/9D95.json
鶗,C,tí,,một loại diều hâu,not-resolved,,,not-resolved,0,0,7,chars/9D97.json
鶤,C,kūn,,"biến thể của 鵾|鹍, chim lớn, có thể liên quan đến sếu hoặc thiên nga (cổ đại); chim huyền thoại quái dị, so với chim roc của Sinbad",not-resolved,,,not-resolved,0,0,7,chars/9DA4.json
鶦,C,hú,,bồ nông,not-resolved,,,not-resolved,0,0,7,chars/9DA6.json
鶵,C,chú,,biến thể của 雛|雏[chu2],not-resolved,,,not-resolved,0,0,7,chars/9DB5.json
鶸,C,ruò,,chim sẻ vàng,not-resolved,,,not-resolved,0,0,7,chars/9DB8.json
鷃,C,yàn,,loài chim giống chim cút,not-resolved,,,not-resolved,0,0,7,chars/9DC3.json
鷄,B,jī,,biến thể của 雞|鸡[ji1],resolved,鳥,Bộ Điểu,record-radical,0,0,7,chars/9DC4.json
鷇,C,kòu,,chim non,not-resolved,,,not-resolved,0,0,7,chars/9DC7.json
鷏,C,zhēn,,tên chim,not-resolved,,,not-resolved,0,0,7,chars/9DCF.json
鷕,C,yǎo,,tiếng kêu của gà lôi mái,not-resolved,,,not-resolved,0,0,7,chars/9DD5.json
鷞,C,shuāng,,biến thể của 鸘|鹴[shuang1],not-resolved,,,not-resolved,0,0,7,chars/9DDE.json
鷩,C,bì,,phasianus pictus,not-resolved,,,not-resolved,0,0,7,chars/9DE9.json
鷬,C,huáng,,chim vàng anh gáy đen (Oriolus chinensis),not-resolved,,,not-resolved,0,0,7,chars/9DEC.json
鷾,C,yì,,một loại chim én,not-resolved,,,not-resolved,0,0,7,chars/9DFE.json
鸁,C,luó,,chim lặn; chim họa mi,not-resolved,,,not-resolved,0,0,7,chars/9E01.json
鸐,C,dí,,gà lôi Reeves (Syrmaticus reevesii),not-resolved,,,not-resolved,0,0,7,chars/9E10.json
鸒,C,yú,,chim giẻ cùi Đông Á,not-resolved,,,not-resolved,0,0,7,chars/9E12.json
鸓,C,lěi,,sóc bay,not-resolved,,,not-resolved,0,0,7,chars/9E13.json
鸖,C,hè,,biến thể cũ của 鶴|鹤[he4],not-resolved,,,not-resolved,0,0,7,chars/9E16.json
鸜,C,qú,Cò,biến thể của 鴝|鸲[qu2],not-resolved,,,not-resolved,0,0,7,chars/9E1C.json
鸟,A,niǎo,Điểu,chim,resolved,鳥,Bộ Điểu,radical-variant,7,10,3,chars/9E1F.json
鸠,B,jiū,Cưu,chim cu gáy; (văn học) tụ tập,resolved,鳥,Bộ Điểu,record-radical,6,0,7,chars/9E20.json
鸡,A,jī,,gà,resolved,鳥,Bộ Điểu,record-radical,9,10,2,chars/9E21.json
鸢,B,yuān,Diều,diều hâu (chim săn nhỏ),resolved,鳥,Bộ Điểu,record-radical,2,0,7,chars/9E22.json
鸣,C,míng,,"kêu (chim, côn trùng), hót; reo (chuông), vang (tiếng súng)",not-resolved,,,not-resolved,6,10,6,chars/9E23.json
鸤,C,shī,,chim cu gáy,not-resolved,,,not-resolved,0,0,7,chars/9E24.json
鸥,A,ōu,,mòng biển thường,resolved,鳥,Bộ Điểu,record-radical,2,2,7,chars/9E25.json
鸦,A,yā,,quạ,resolved,鳥,Bộ Điểu,record-radical,6,6,6,chars/9E26.json
鸧,B,cāng,,chim hoàng oanh,resolved,鳥,Bộ Điểu,record-radical,0,0,7,chars/9E27.json
鸨,B,bǎo,,chim ô tác Trung Quốc; mụ chủ nhà thổ,resolved,鳥,Bộ Điểu,record-radical,3,0,7,chars/9E28.json
鸩,B,zhèn,,chim huyền thoại có lông dùng làm chất độc; độc,resolved,鳥,Bộ Điểu,record-radical,1,0,7,chars/9E29.json
鸪,B,gū,,chim đa đa; Francolinus chinensis,resolved,鳥,Bộ Điểu,record-radical,1,0,7,chars/9E2A.json
鸫,B,dōng,,chim hét (loài chim thuộc chi Turdus),resolved,鳥,Bộ Điểu,record-radical,0,0,7,chars/9E2B.json
鸬,B,lú,,dùng trong 鸕鶿|鸬鹚[lu2 ci2],resolved,鳥,Bộ Điểu,record-radical,1,0,7,chars/9E2C.json
鸭,A,yā,,vịt (LT:隻|只[zhi1]); (tiếng lóng) trai mại dâm,resolved,鳥,Bộ Điểu,record-radical,7,10,4,chars/9E2D.json
鸮,B,xiāo,,cú mèo (bộ Strigiformes),resolved,鳥,Bộ Điểu,record-radical,0,0,7,chars/9E2E.json
鸯,B,yāng,Ương,vịt uyên ương,resolved,鳥,Bộ Điểu,record-radical,3,0,7,chars/9E2F.json
鸰,B,líng,,chim chìa vôi; chim sơn ca,resolved,鳥,Bộ Điểu,record-radical,0,0,7,chars/9E30.json
鸱,B,chī,,cú mèo scops,resolved,鳥,Bộ Điểu,record-radical,0,0,7,chars/9E31.json
鸲,B,qú,Cu,"(dạng kết hợp, dùng trong tên các loài chim, đặc biệt là robin và đỏ đuôi)",resolved,鳥,Bộ Điểu,record-radical,0,0,7,chars/9E32.json
鸳,B,yuān,Uyên,vịt uyên ương,resolved,鳥,Bộ Điểu,record-radical,3,0,7,chars/9E33.json
鸴,C,xué,,nhiều loài chim sẻ (cũ),not-resolved,,,not-resolved,0,0,7,chars/9E34.json
鸵,B,tuó,,đà điểu,resolved,鳥,Bộ Điểu,record-radical,3,0,7,chars/9E35.json
鸶,B,sī,,diệc,resolved,鳥,Bộ Điểu,record-radical,0,0,7,chars/9E36.json
鸷,B,zhì,,dữ dằn; tàn bạo,resolved,鳥,Bộ Điểu,record-radical,0,0,7,chars/9E37.json
鸸,B,ér,,xem 鴯鶓|鸸鹋[er2 miao2],resolved,鳥,Bộ Điểu,record-radical,1,0,7,chars/9E38.json
鸹,B,guā,,một loại quạ,resolved,鳥,Bộ Điểu,record-radical,1,0,7,chars/9E39.json
鸺,B,xiū,,cú,resolved,鳥,Bộ Điểu,record-radical,0,0,7,chars/9E3A.json
鸻,C,héng,,chim choi choi,not-resolved,,,not-resolved,0,0,7,chars/9E3B.json
鸽,A,gē,,chim bồ câu; bồ câu,resolved,鳥,Bộ Điểu,record-radical,6,5,6,chars/9E3D.json
鸾,C,luán,Loan,loài chim huyền thoại liên quan đến phượng hoàng,not-resolved,,,not-resolved,2,0,7,chars/9E3E.json
鸿,A,hóng,Hồng,ngỗng trời miền đông; vĩ đại,resolved,鳥,Bộ Điểu,record-radical,6,2,7,chars/9E3F.json
鹀,C,wú,,chim sẻ hoàng; cũng đọc [wu1],not-resolved,,,not-resolved,0,0,7,chars/9E40.json
鹁,B,bó,,chim bồ câu rừng,resolved,鳥,Bộ Điểu,record-radical,1,0,7,chars/9E41.json
鹂,B,lí,,chim hoàng oanh Trung Quốc,resolved,鳥,Bộ Điểu,record-radical,1,0,7,chars/9E42.json
鹃,B,juān,,chim cuốc,resolved,鳥,Bộ Điểu,record-radical,4,0,7,chars/9E43.json
鹄,B,gǔ,,tâm hoặc hồng tâm của bia bắn cung (cũ); mục tiêu,resolved,鳥,Bộ Điểu,record-radical,4,0,7,chars/9E44.json
鹅,A,é,,ngỗng,resolved,鳥,Bộ Điểu,record-radical,6,4,7,chars/9E45.json
鹆,B,yù,Cốc,chim sáo,resolved,鳥,Bộ Điểu,record-radical,0,0,7,chars/9E46.json
鹇,B,xián,,biến thể của 鷴|鹇[xian2],resolved,鳥,Bộ Điểu,record-radical,0,0,7,chars/9E47.json
鹈,B,tí,,dùng trong 鵜鶘|鹈鹕[ti2 hu2],resolved,鳥,Bộ Điểu,record-radical,1,0,7,chars/9E48.json
鹉,B,wǔ,Vũ,vẹt,resolved,鳥,Bộ Điểu,record-radical,4,0,7,chars/9E49.json
鹊,B,què,Thước,chim ác là,resolved,鳥,Bộ Điểu,record-radical,4,0,7,chars/9E4A.json
鹋,B,miáo,,xem 鴯鶓|鸸鹋[er2 miao2],resolved,鳥,Bộ Điểu,record-radical,1,0,7,chars/9E4B.json
鹌,B,ān,,chim cút,resolved,鳥,Bộ Điểu,record-radical,1,0,7,chars/9E4C.json
鹍,B,kūn,,"chim lớn, có thể liên quan đến sếu hoặc thiên nga (cổ đại); chim quái vật trong thần thoại, so sánh với chim roc của Sinbad",resolved,鳥,Bộ Điểu,record-radical,0,0,7,chars/9E4D.json
鹎,B,bēi,,họ Chim chào mào (họ Pycnonotidae),resolved,鳥,Bộ Điểu,record-radical,0,0,7,chars/9E4E.json
鹏,A,Péng,Bằng,"Bằng, chim lớn trong truyền thuyết; chim phượng hoàng",resolved,鳥,Bộ Điểu,record-radical,4,3,7,chars/9E4F.json
鹑,B,chún,,chim cút,resolved,鳥,Bộ Điểu,record-radical,1,0,7,chars/9E51.json
鹒,B,gēng,,chim hoàng oanh,resolved,鳥,Bộ Điểu,record-radical,0,0,7,chars/9E52.json
鹓,C,yuān,,chim lửa (thần thoại),not-resolved,,,not-resolved,0,0,7,chars/9E53.json
鹔,B,sù,,dùng trong 鷫鸘|鹔鹴[su4 shuang1],resolved,鳥,Bộ Điểu,record-radical,0,0,7,chars/9E54.json
鹕,B,hú,,dùng trong 鵜鶘|鹈鹕[ti2 hu2],resolved,鳥,Bộ Điểu,record-radical,1,0,7,chars/9E55.json
鹖,C,hé,,chim mỏ chéo; gà lôi đuôi dài,not-resolved,,,not-resolved,0,0,7,chars/9E56.json
鹗,B,è,,(loài chim ở Trung Quốc) chim ưng biển phương tây (Pandion haliaetus),resolved,鳥,Bộ Điểu,record-radical,0,0,7,chars/9E57.json
鹘,B,hú,,chim cắt; chim di cư,resolved,鳥,Bộ Điểu,record-radical,1,0,7,chars/9E58.json
鹙,B,qiū,,xem 鶖鷺|鹙鹭[qiu1 lu4],resolved,鳥,Bộ Điểu,record-radical,0,0,7,chars/9E59.json
鹚,B,cí,,dùng trong 鸕鶿|鸬鹚[lu2 ci2],resolved,鳥,Bộ Điểu,record-radical,1,0,7,chars/9E5A.json
鹛,B,méi,,chim khướu (chim),resolved,鳥,Bộ Điểu,record-radical,0,0,7,chars/9E5B.json
鹜,A,wù,,vịt,resolved,鳥,Bộ Điểu,record-radical,1,1,7,chars/9E5C.json
鹝,C,yì,,gà lôi; gà tây,not-resolved,,,not-resolved,0,0,7,chars/9E5D.json
鹞,B,yào,Diều,chim ưng nhỏ; Accipiter nisus,resolved,鳥,Bộ Điểu,record-radical,0,0,7,chars/9E5E.json
鹟,C,wēng,,chim bắt ruồi,not-resolved,,,not-resolved,0,0,7,chars/9E5F.json
鹠,B,liú,,xem 鵂鶹|鸺鹠[xiu1 liu2],resolved,鳥,Bộ Điểu,record-radical,0,0,7,chars/9E60.json
鹡,B,jí,Chích,chim chìa vôi đuôi trắng,resolved,鳥,Bộ Điểu,record-radical,0,0,7,chars/9E61.json
鹢,C,yì,,một loại chim nước,not-resolved,,,not-resolved,0,0,7,chars/9E62.json
鹣,B,jiān,,chim thần thoại có một mắt và một cánh; xem thêm 鰈鶼|鲽鹣[die2 jian1],resolved,鳥,Bộ Điểu,record-radical,0,0,7,chars/9E63.json
鹤,A,hè,Hạc,chim hạc,resolved,鳥,Bộ Điểu,record-radical,6,6,7,chars/9E64.json
鹥,C,yī,,"vịt mào (Anas penelope, một loài vịt Âu-Á); mòng biển (cổ)",not-resolved,,,not-resolved,0,0,7,chars/9E65.json
鹦,B,yīng,,con vẹt,resolved,鳥,Bộ Điểu,record-radical,4,0,7,chars/9E66.json
鹧,B,zhè,,gà gô; Francolinus chinensis,resolved,鳥,Bộ Điểu,record-radical,1,0,7,chars/9E67.json
鹨,B,liù,,chim chiền chiện (chi Anthus),resolved,鳥,Bộ Điểu,record-radical,0,0,7,chars/9E68.json
鹩,B,liáo,,chim liêu đông,resolved,鳥,Bộ Điểu,record-radical,2,0,7,chars/9E69.json
鹪,B,jiāo,,chim hồng tước đông,resolved,鳥,Bộ Điểu,record-radical,1,0,7,chars/9E6A.json
鹫,B,jiù,,kền kền,resolved,鳥,Bộ Điểu,record-radical,2,0,7,chars/9E6B.json
鹬,B,yù,,dẽ cả; dẽ,resolved,鳥,Bộ Điểu,record-radical,1,0,7,chars/9E6C.json
鹭,B,lù,,con diệc,resolved,鳥,Bộ Điểu,record-radical,2,0,7,chars/9E6D.json
鹮,B,huán,,cò quăm; cò mỏ thìa,resolved,鳥,Bộ Điểu,record-radical,0,0,7,chars/9E6E.json
鹯,C,zhān,,cắt nhỏ; chim én,not-resolved,,,not-resolved,0,0,7,chars/9E6F.json
鹰,A,yīng,Ưng,đại bàng,resolved,鳥,Bộ Điểu,record-radical,6,2,7,chars/9E70.json
鹱,B,hù,,"(dạng kết hợp) chim họ Procellariidae, bao gồm chim hải âu, hải yến,...",resolved,鳥,Bộ Điểu,record-radical,0,0,,chars/9E71.json
鹲,C,méng,Mòng,chim nhiệt đới,not-resolved,,,not-resolved,0,0,7,chars/9E72.json
鹳,B,guàn,,sếu; cò,resolved,鳥,Bộ Điểu,record-radical,1,0,7,chars/9E73.json
鹴,B,shuāng,,dùng trong 鷫鸘|鹔鹴[su4 shuang1],resolved,鳥,Bộ Điểu,record-radical,0,0,7,chars/9E74.json
鹸,C,jiǎn,,biến thể tiếng Nhật của 鹼|碱[jian3],not-resolved,,,not-resolved,0,0,7,chars/9E78.json
鹾,C,cuó,,nước muối; muối,not-resolved,,,not-resolved,0,0,7,chars/9E7E.json
鹿,B,lù,Lộc,hươu,resolved,鹿,Bộ Lộc,self-radical,6,0,7,chars/9E7F.json
麀,C,yōu,,nai cái; hươu cái,not-resolved,,,not-resolved,0,0,7,chars/9E80.json
麁,C,cū,,biến thể của 麤|粗[cu1],not-resolved,,,not-resolved,0,0,7,chars/9E81.json
麂,B,jǐ,Hoẵng,nai hoẵng,resolved,鹿,Bộ Lộc,record-radical,1,0,7,chars/9E82.json
麃,C,biāo,,nhổ cỏ,not-resolved,,,not-resolved,0,0,7,chars/9E83.json
麄,C,cū,,biến thể của 粗[cu1],not-resolved,,,not-resolved,0,0,7,chars/9E84.json
麅,C,páo,,biến thể của 狍[pao2],not-resolved,,,not-resolved,0,0,7,chars/9E85.json
麇,B,jūn,,nai không sừng,resolved,鹿,Bộ Lộc,record-radical,0,0,7,chars/9E87.json
麈,B,zhǔ,,đầu đàn; hươu đực,resolved,鹿,Bộ Lộc,record-radical,0,0,7,chars/9E88.json
麋,B,Mí,,họ [Mi2],resolved,鹿,Bộ Lộc,record-radical,1,0,7,chars/9E8B.json
麌,C,wú,,hươu đực; bầy đàn,not-resolved,,,not-resolved,0,0,7,chars/9E8C.json
麑,C,ní,Nghê,nai con,not-resolved,,,not-resolved,0,0,7,chars/9E91.json
麒,B,qí,Kì,dùng trong 麒麟[qi2 lin2],resolved,鹿,Bộ Lộc,record-radical,3,0,7,chars/9E92.json
麓,C,lù,,chân đồi,not-resolved,,,not-resolved,4,0,7,chars/9E93.json
麕,C,jūn,,biến thể của 麇[jun1],not-resolved,,,not-resolved,0,0,7,chars/9E95.json
麖,C,jīng,,nai đỏ,not-resolved,,,not-resolved,0,0,7,chars/9E96.json
麚,C,jiā,,hươu đực; tuần lộc đực,not-resolved,,,not-resolved,0,0,7,chars/9E9A.json
麛,C,mí,,nai con; con non của động vật,not-resolved,,,not-resolved,0,0,7,chars/9E9B.json
麝,B,shè,Xạ,hươu xạ (Moschus moschiferus); còn gọi là 香獐子,resolved,鹿,Bộ Lộc,record-radical,2,0,7,chars/9E9D.json
麟,B,lín,Lân,biến thể của 麟[lin2],resolved,鹿,Bộ Lộc,record-radical,6,0,7,chars/9E9F.json
麠,C,jīng,,nai đỏ; hươu sambar,not-resolved,,,not-resolved,0,0,7,chars/9EA0.json
麣,C,yán,,dê (cổ đại),not-resolved,,,not-resolved,0,0,7,chars/9EA3.json
麦,C,Mài,Mạch,họ [Mai4],not-resolved,,,not-resolved,6,10,5,chars/9EA6.json
麫,C,miàn,,biến thể của 麵|面[mian4],not-resolved,,,not-resolved,0,0,7,chars/9EAB.json
麭,C,pào,,bánh ngọt; bánh nướng,not-resolved,,,not-resolved,0,0,7,chars/9EAD.json
麮,C,qù,,cháo,not-resolved,,,not-resolved,0,0,7,chars/9EAE.json
麯,B,Qū,,họ [Qu1],resolved,麥,Bộ Mạch,record-radical,0,0,7,chars/9EAF.json
麰,C,móu,,lúa mạch,not-resolved,,,not-resolved,0,0,7,chars/9EB0.json
麴,B,Qū,,họ [Qu1],resolved,麥,Bộ Mạch,record-radical,0,0,7,chars/9EB4.json
麸,C,fū,,biến thể của 麩|麸[fu1],not-resolved,,,not-resolved,2,0,7,chars/9EB8.json
麺,C,miàn,Miến,biến thể cũ của 麵|面[mian4],not-resolved,,,not-resolved,0,0,7,chars/9EBA.json
麻,A,má,Ma,tê,resolved,麻,Bộ Ma,self-radical,10,10,4,chars/9EBB.json
麽,C,mó,Mô,nhỏ bé; không đáng kể,not-resolved,,,not-resolved,1,0,7,chars/9EBD.json
麾,C,huī,,cờ hiệu; ra hiệu,not-resolved,,,not-resolved,1,0,7,chars/9EBE.json
麿,C,mǒ,,"(chữ quốc tự Nhật Bản) ta, tôi (cổ); hậu tố gắn vào tên người hoặc thú cưng",not-resolved,,,not-resolved,1,0,7,chars/9EBF.json
黀,C,zōu,,thân cây gai,not-resolved,,,not-resolved,0,0,7,chars/9EC0.json
黁,C,nún,,ấm và thơm,not-resolved,,,not-resolved,0,0,7,chars/9EC1.json
黄,C,huáng,Hoàng,vàng,not-resolved,,,not-resolved,9,10,3,chars/9EC4.json
黇,C,tiān,,dùng trong 黇鹿[tian1 lu4],not-resolved,,,not-resolved,0,0,7,chars/9EC7.json
黈,C,tǒu,,màu vàng,not-resolved,,,not-resolved,0,0,7,chars/9EC8.json
黉,C,hóng,,trường học,not-resolved,,,not-resolved,0,0,7,chars/9EC9.json
黍,B,shǔ,,"Lúa, lúa mùa",resolved,黍,Bộ Thử,self-radical,1,0,7,chars/9ECD.json
黎,C,Lí,Lê,nhóm dân tộc Li ở tỉnh Hải Nam; họ [Li2],not-resolved,,,not-resolved,6,8,6,chars/9ECE.json
黏,B,nián,,dính,resolved,黍,Bộ Thử,record-radical,6,0,7,chars/9ECF.json
黐,C,chī,,nhựa bẫy chim,not-resolved,,,not-resolved,0,0,7,chars/9ED0.json
黑,A,hēi,Hắc,đen,resolved,黑,Bộ Hắc,self-radical,12,10,2,chars/9ED1.json
黒,C,hēi,,biến thể tiếng Nhật của 黑,not-resolved,,,not-resolved,0,0,7,chars/9ED2.json
黓,C,yì,,màu đen,not-resolved,,,not-resolved,0,0,7,chars/9ED3.json
黔,B,Qián,,viết tắt của tỉnh Quý Châu 貴州|贵州[Gui4 zhou1],resolved,黑,Bộ Hắc,record-radical,6,0,7,chars/9ED4.json
黕,C,zhěn,,đỏ,not-resolved,,,not-resolved,0,0,7,chars/9ED5.json
黗,C,tūn,,đen vàng,not-resolved,,,not-resolved,0,0,7,chars/9ED7.json
默,C,mò,Mặc,im lặng; viết từ trí nhớ,not-resolved,,,not-resolved,9,10,4,chars/9ED8.json
黙,C,mò,,biến thể tiếng Nhật của 默,not-resolved,,,not-resolved,0,0,7,chars/9ED9.json
黛,B,dài,,thuốc nhuộm đen nâu để vẽ lông mày,resolved,黑,Bộ Hắc,record-radical,6,0,7,chars/9EDB.json
黜,B,chù,,cách chức; đuổi,resolved,黑,Bộ Hắc,record-radical,3,0,7,chars/9EDC.json
黝,B,yǒu,,đen; xanh đậm,resolved,黑,Bộ Hắc,record-radical,1,0,7,chars/9EDD.json
黟,B,yī,,đen và bóng như gỗ mun,resolved,黑,Bộ Hắc,record-radical,1,0,7,chars/9EDF.json
黠,B,xiá,,(phiên âm); xảo quyệt,resolved,黑,Bộ Hắc,record-radical,1,0,7,chars/9EE0.json
黡,C,yǎn,,đốm đen trên cơ thể,not-resolved,,,not-resolved,0,0,7,chars/9EE1.json
黢,B,qū,,đen; tối,resolved,黑,Bộ Hắc,record-radical,1,0,7,chars/9EE2.json
黥,B,Qíng,,họ [Qing2],resolved,黑,Bộ Hắc,record-radical,0,0,7,chars/9EE5.json
黦,C,yù,,đen hơi vàng,not-resolved,,,not-resolved,0,0,7,chars/9EE6.json
黧,B,lí,,màu tối; vàng vọt,resolved,黑,Bộ Hắc,record-radical,1,0,7,chars/9EE7.json
黩,C,dú,,bôi đen; liên tục,not-resolved,,,not-resolved,2,0,7,chars/9EE9.json
黪,B,cǎn,,tối; mờ mịt,resolved,黑,Bộ Hắc,record-radical,0,0,7,chars/9EEA.json
黮,C,tán,,"đen, tối; không rõ",not-resolved,,,not-resolved,0,0,7,chars/9EEE.json
黯,A,àn,,(dạng kết hợp) tối; xỉn (màu),resolved,黑,Bộ Hắc,record-radical,4,2,7,chars/9EEF.json
黰,C,zhěn,,tóc đen rậm,not-resolved,,,not-resolved,0,0,7,chars/9EF0.json
黱,C,dài,,biến thể cũ của 黛[dai4],not-resolved,,,not-resolved,0,0,7,chars/9EF1.json
黹,B,zhǐ,,May áo (cái áo dùng kim chỉ may nên),resolved,黹,Bộ Chỉ,self-radical,0,0,7,chars/9EF9.json
黻,B,fú,,(cổ) thêu bằng chỉ đen và xanh,resolved,黹,Bộ Chỉ,record-radical,0,0,7,chars/9EFB.json
黼,B,fǔ,,"(cổ) họa tiết rìu với cán đen và lưỡi trắng, biểu tượng quyền lực thêu trên lễ phục",resolved,黹,Bộ Chỉ,record-radical,0,0,7,chars/9EFC.json
黾,C,mǐn,,con cóc,not-resolved,,,not-resolved,0,0,7,chars/9EFE.json
鼂,B,Cháo,,họ [Chao2],resolved,黽,Bộ Mẫn,record-radical,0,0,7,chars/9F02.json
鼄,C,zhū,,biến thể cũ của 蛛[zhu1],not-resolved,,,not-resolved,0,0,7,chars/9F04.json
鼅,C,zhī,,biến thể cũ của 蜘[zhi1],not-resolved,,,not-resolved,0,0,7,chars/9F05.json
鼋,C,yuán,,rùa biển,not-resolved,,,not-resolved,1,0,7,chars/9F0B.json
鼍,C,tuó,,cá sấu Trung Quốc (Alligator sinensis),not-resolved,,,not-resolved,0,0,7,chars/9F0D.json
鼎,A,dǐng,Đỉnh,vạc nấu cổ có hai quai và ba hoặc bốn chân; nồi (phương ngữ),resolved,鼎,Bộ Đỉnh,self-radical,6,3,7,chars/9F0E.json
鼏,C,mì,,nắp vạc,not-resolved,,,not-resolved,0,0,7,chars/9F0F.json
鼐,B,nài,,lư hương,resolved,鼎,Bộ Đỉnh,record-radical,0,0,7,chars/9F10.json
鼒,C,zī,,đỉnh có mở nhỏ ở trên,not-resolved,,,not-resolved,0,0,7,chars/9F12.json
鼓,A,gǔ,,trống,resolved,鼓,Bộ Cổ,self-radical,9,10,4,chars/9F13.json
鼖,C,fén,,trống đồng lớn,not-resolved,,,not-resolved,0,0,7,chars/9F16.json
鼗,B,táo,,trống cầm tay dùng bởi người bán rong,resolved,鼓,Bộ Cổ,record-radical,0,0,7,chars/9F17.json
鼙,C,pí,,trống mang trên lưng ngựa,not-resolved,,,not-resolved,0,0,7,chars/9F19.json
鼚,C,chāng,,tiếng trống,not-resolved,,,not-resolved,0,0,7,chars/9F1A.json
鼛,C,gāo,,trống lớn,not-resolved,,,not-resolved,0,0,7,chars/9F1B.json
鼠,A,shǔ,,chuột,resolved,鼠,Bộ Thử,self-radical,7,10,5,chars/9F20.json
鼡,C,shǔ,,biến thể của 鼠[shu3],not-resolved,,,not-resolved,0,0,7,chars/9F21.json
鼢,B,fén,,(chuột chũi),resolved,鼠,Bộ Thử,record-radical,0,0,7,chars/9F22.json
鼩,B,qú,,dùng trong 鼩鼱[qu2 jing1],resolved,鼠,Bộ Thử,record-radical,0,0,7,chars/9F29.json
鼪,C,shēng,,chồn đồi; chồn,not-resolved,,,not-resolved,0,0,7,chars/9F2A.json
鼫,C,shí,,con macmot đuôi dài,not-resolved,,,not-resolved,0,0,7,chars/9F2B.json
鼬,B,yòu,,(động vật học) chồn,resolved,鼠,Bộ Thử,record-radical,1,0,7,chars/9F2C.json
鼭,C,shí,,một loại chuột,not-resolved,,,not-resolved,0,0,7,chars/9F2D.json
鼯,B,wú,,sóc bay,resolved,鼠,Bộ Thử,record-radical,1,0,7,chars/9F2F.json
鼱,B,jīng,,dùng trong 鼩鼱[qu2 jing1],resolved,鼠,Bộ Thử,record-radical,0,0,7,chars/9F31.json
鼷,B,xī,,chuột,resolved,鼠,Bộ Thử,record-radical,0,0,7,chars/9F37.json
鼹,B,yǎn,,chuột chũi,resolved,鼠,Bộ Thử,record-radical,1,0,7,chars/9F39.json
鼻,A,bí,,mũi,resolved,鼻,Bộ Tị,self-radical,9,10,3,chars/9F3B.json
鼽,B,qiú,,ngạt mũi,resolved,鼻,Bộ Tị,record-radical,0,0,7,chars/9F3D.json
鼾,B,hān,,ngáy,resolved,鼻,Bộ Tị,record-radical,3,0,7,chars/9F3E.json
齁,C,hōu,,ngáy; khát do ăn quá mặn hoặc ngọt,not-resolved,,,not-resolved,0,0,7,chars/9F41.json
齄,C,zhā,,,resolved,鼻,Bộ Tị,record-radical,0,0,,chars/9F44.json
齆,C,wèng,,nghẹt (mũi); giọng mũi,not-resolved,,,not-resolved,0,0,7,chars/9F46.json
齇,C,zhā,,bệnh rosacea,not-resolved,,,not-resolved,0,0,7,chars/9F47.json
齈,C,nóng,,cảm lạnh sổ mũi,not-resolved,,,not-resolved,0,0,7,chars/9F48.json
齉,C,nàng,,nghẹt (mũi); giọng mũi,not-resolved,,,not-resolved,0,0,7,chars/9F49.json
齌,B,jì,,dùng trong 齌怒[ji4 nu4],resolved,火,Bộ Hỏa,record-radical,0,0,7,chars/9F4C.json
齐,C,qí,Tày,gọn gàng,not-resolved,,,not-resolved,6,10,5,chars/9F50.json
齑,B,jī,,thịt hoặc rau băm nhuyễn; dạng bột hoặc mảnh vụn,resolved,韭,Bộ Cửu,record-radical,1,0,7,chars/9F51.json
齚,C,zé,,biến thể của 齰[ze2],not-resolved,,,not-resolved,0,0,7,chars/9F5A.json
齞,C,niàn,,nhe răng,not-resolved,,,not-resolved,0,0,7,chars/9F5E.json
齢,C,líng,,biến thể tiếng Nhật của 齡|龄,not-resolved,,,not-resolved,0,0,7,chars/9F62.json
齧,B,Niè,,họ [Nie4],resolved,齒,Bộ Xỉ,record-radical,0,0,7,chars/9F67.json
齰,C,zé,,cắn,not-resolved,,,not-resolved,0,0,7,chars/9F70.json
齱,B,zōu,,răng không đều; răng hô,resolved,齒,Bộ Xỉ,record-radical,0,0,7,chars/9F71.json
齵,B,yú,,không đều (răng),resolved,齒,Bộ Xỉ,record-radical,0,0,7,chars/9F75.json
齾,C,yà,,mẻ; sứt,not-resolved,,,not-resolved,0,0,7,chars/9F7E.json
齿,A,chǐ,Xỉ,răng; LT:顆|颗[ke1],resolved,止,Bộ Chỉ,record-radical,6,7,5,chars/9F7F.json
龀,C,chèn,,thay răng sữa,not-resolved,,,not-resolved,0,0,7,chars/9F80.json
龁,C,hé,,(văn học) gặm; cắn,not-resolved,,,not-resolved,0,0,7,chars/9F81.json
龂,C,yín,,biến thể cũ của 齦|龈[yin2],not-resolved,,,not-resolved,0,0,7,chars/9F82.json
龃,C,jǔ,,dùng trong 齟齬|龃龉[ju3 yu3],not-resolved,,,not-resolved,1,0,7,chars/9F83.json
龄,C,líng,,"tuổi; thâm niên, thời gian tham gia, thành viên, v.v.",not-resolved,,,not-resolved,7,10,4,chars/9F84.json
龅,C,bāo,,răng hô,not-resolved,,,not-resolved,1,0,7,chars/9F85.json
龆,C,tiáo,,rụng răng sữa; trẻ tuổi,not-resolved,,,not-resolved,0,0,7,chars/9F86.json
龇,C,zī,,răng hô; nhăn răng,not-resolved,,,not-resolved,1,0,7,chars/9F87.json
龈,C,kěn,,biến thể của 啃[ken3],not-resolved,,,not-resolved,5,0,7,chars/9F88.json
龉,C,yǔ,,dùng trong 齟齬|龃龉[ju3 yu3],not-resolved,,,not-resolved,1,0,7,chars/9F89.json
龊,B,chuò,,dùng trong 齷齪|龌龊[wo4 chuo4],resolved,足,Bộ Túc,record-radical,2,0,7,chars/9F8A.json
龋,C,qǔ,,răng sâu; sâu răng,not-resolved,,,not-resolved,3,0,7,chars/9F8B.json
龌,C,wò,,bẩn; đầu óc hẹp hòi,not-resolved,,,not-resolved,2,0,7,chars/9F8C.json
龒,C,lóng,,biến thể cũ của 龍|龙[long2],not-resolved,,,not-resolved,0,0,7,chars/9F92.json
龖,C,dá,,cảnh tượng rồng đang bay,not-resolved,,,not-resolved,0,0,7,chars/9F96.json
龘,C,dá,,biến thể cũ của 龖[da2],not-resolved,,,not-resolved,0,0,7,chars/9F98.json
龙,C,lóng,Long,rồng,not-resolved,,,not-resolved,12,10,5,chars/9F99.json
龚,C,Gōng,,họ [Gong1],not-resolved,,,not-resolved,2,0,7,chars/9F9A.json
龛,C,kān,,(hình thức kết hợp) hốc; điện thờ,not-resolved,,,not-resolved,3,0,7,chars/9F9B.json
龝,C,qiū,,biến thể cũ của 秋[qiu1],not-resolved,,,not-resolved,0,0,7,chars/9F9D.json
龟,C,guī,,rùa,not-resolved,,,not-resolved,6,4,7,chars/9F9F.json
龠,B,yuè,,"Cái dược, một thứ như cái sáo có ba lỗ",resolved,龠,Bộ Dược,self-radical,0,0,7,chars/9FA0.json
龡,C,chuì,,thổi (sáo); cách viết cổ của 吹,not-resolved,,,not-resolved,0,0,7,chars/9FA1.json
龤,C,xié,,hòa hợp; phù hợp,not-resolved,,,not-resolved,0,0,7,chars/9FA4.json
龥,B,yù,,biến thể của 籲|吁[yu4],resolved,頁,Bộ Hiệt,record-radical,0,0,7,chars/9FA5.json
龰,C,zhǐ,,,not-resolved,,,not-resolved,0,0,7,chars/9FB0.json
龶,C,xx,,"thành phần trong chữ Hán, xuất hiện trong 青, 毒, 素 v.v., được gọi là 青字頭|青字头[qing1 zi4 tou2]",not-resolved,,,not-resolved,0,0,7,chars/9FB6.json
龹,C,quǎn,,,not-resolved,,,not-resolved,0,0,,chars/9FB9.json
龺,C,gān,,,not-resolved,,,not-resolved,0,0,,chars/9FBA.json
鿏,C,mài,,meitnerium (hóa học),not-resolved,,,not-resolved,0,0,,chars/9FCF.json
鿔,C,gē,Nhẹ / Cà,copernicium (hóa học),not-resolved,,,not-resolved,0,0,,chars/9FD4.json
𠂇,C,zuǒ,,,not-resolved,,,not-resolved,0,0,,chars/20087.json
𠂤,C,duī,,,not-resolved,,,not-resolved,0,0,,chars/200A4.json
𠇹,C,jìng,,(văn học) đi qua; thẳng,not-resolved,,,not-resolved,0,0,,chars/201F9.json
𠮶,C,gè,,kia (tiếng Quảng Đông); tương đương trong Quan thoại: 那[na4],not-resolved,,,not-resolved,0,0,,chars/20BB6.json
𠯠,C,huī,Vay,nói sai hoặc không đúng; xấu xí,not-resolved,,,not-resolved,0,0,,chars/20BE0.json
𡈼,C,tǐng,,,not-resolved,,,not-resolved,0,0,,chars/2123C.json
𡒄,C,lǎn,Bậm,thất vọng,not-resolved,,,not-resolved,0,0,,chars/21484.json
𡥧,C,lái,,cuối cùng,not-resolved,,,not-resolved,0,0,,chars/21967.json
𡶴,C,chǎn,,đường núi quanh co,not-resolved,,,not-resolved,0,0,,chars/21DB4.json
𢆶,C,yōu,,,not-resolved,,,not-resolved,0,0,,chars/221B6.json
𢇇,C,guān,,,not-resolved,,,not-resolved,0,0,,chars/221C7.json
𢎘,C,hàn,,,not-resolved,,,not-resolved,0,0,,chars/22398.json
𢙐,B,náo,,dùng trong 懊憹|懊𢙐[ao4 nao2],resolved,心,Bộ Tâm,record-radical,0,0,,chars/22650.json
𢦔,C,zāi,,,not-resolved,,,not-resolved,0,0,,chars/22994.json
𢬍,C,yè,,ấn xuống,not-resolved,,,not-resolved,0,0,,chars/22B0D.json
𣍰,C,qiǎn,,khung chậu; phần bụng dưới,not-resolved,,,not-resolved,0,0,,chars/23370.json
𣎆,C,luò,,,not-resolved,,,not-resolved,0,0,,chars/23386.json
𣏟,C,má,,,not-resolved,,,not-resolved,0,0,,chars/233DF.json
𣦼,C,cán,,,not-resolved,,,not-resolved,0,0,,chars/239BC.json
𣨼,C,tì,,mệt mỏi,not-resolved,,,not-resolved,0,0,,chars/23A3C.json
𣲗,C,wéi,,nước chảy ngược,not-resolved,,,not-resolved,0,0,,chars/23C97.json
𣲘,C,wǔ,,sông ở Hà Nam,not-resolved,,,not-resolved,0,0,,chars/23C98.json
𣶒,C,yuān,,,not-resolved,,,not-resolved,0,0,,chars/23D92.json
𣸣,C,fén,,mép nước,not-resolved,,,not-resolved,0,0,,chars/23E23.json
𤈶,C,yún,,(màu vàng),not-resolved,,,not-resolved,0,0,,chars/24236.json
𤞤,C,xiǎn,,biến thể của 獫|猃[xian3],not-resolved,,,not-resolved,0,0,,chars/247A4.json
𤣩,C,yù,,,not-resolved,,,not-resolved,0,0,,chars/248E9.json
𤶊,C,guài,Quặm / Hủi,(văn học) bệnh nặng; (Quảng Đông) biến thể của 攰[gui4],not-resolved,,,not-resolved,0,0,,chars/24D8A.json
𥁕,C,wēn,,,not-resolved,,,not-resolved,0,0,,chars/25055.json
𥆧,C,rún,,giật (cơ hoặc mí mắt),not-resolved,,,not-resolved,0,0,,chars/251A7.json
𥫣,C,yú,,giỏ tròn dùng để cho gia súc ăn,not-resolved,,,not-resolved,0,0,,chars/25AE3.json
𥬠,C,chōu,Sô,giỏ để lọc; lọc,not-resolved,,,not-resolved,0,0,,chars/25B20.json
𦈌,C,shū,,một loại vải gai thô,not-resolved,,,not-resolved,0,0,,chars/2620C.json
𦈏,C,mín,,biến thể cũ của 緡|缗[min2],not-resolved,,,not-resolved,0,0,,chars/2620F.json
𦈕,C,yú,,lưới,not-resolved,,,not-resolved,0,0,,chars/26215.json
𦈡,C,xū,,"lụa nhiều màu; mảnh lụa xé đôi, dùng để xác minh danh tính bằng cách ghép hai nửa lại",not-resolved,,,not-resolved,0,0,,chars/26221.json
𧏖,C,bīn,,hàu ngọc trai,not-resolved,,,not-resolved,0,0,,chars/273D6.json
𧮪,C,zhān,,lắm lời; thì thầm,not-resolved,,,not-resolved,0,0,,chars/27BAA.json
𧴪,C,suǒ,,,not-resolved,,,not-resolved,0,0,,chars/27D2A.json
𨀁,C,lóng,Ruông,đi,not-resolved,,,not-resolved,0,0,,chars/28001.json
𨅬,C,lán,,đi qua; bước qua,not-resolved,,,not-resolved,0,0,,chars/2816C.json
𨰿,C,xì,,(cổ) sừng kim loại gắn làm khiên cho ngựa hoặc trục xe ngựa,not-resolved,,,not-resolved,0,0,,chars/28C3F.json
𨱇,C,qiú,,cuốc một đầu; đục đá,not-resolved,,,not-resolved,0,0,,chars/28C47.json
𨱍,C,láng,,búa lớn,not-resolved,,,not-resolved,0,0,,chars/28C4D.json
𨱏,C,tǎ,,technetium (hóa học) (Đài Loan),not-resolved,,,not-resolved,0,0,,chars/28C4F.json
𨱑,C,héng,Bịt / Vàng,chuông,not-resolved,,,not-resolved,0,0,,chars/28C51.json
𨱔,C,zūn,,chuôi giáo,not-resolved,,,not-resolved,0,0,,chars/28C54.json
𩙫,C,sāo,,gió thổi,not-resolved,,,not-resolved,0,0,,chars/2966B.json
𩠌,C,sòng,,"món ăn, thường ăn với cơm (tiếng Quảng Đông)",not-resolved,,,not-resolved,0,0,,chars/2980C.json
𩽾,C,ān,,dùng trong 鮟鱇|𩽾𩾌[an1 kang1]; tiếng Đài Loan đọc là [an4],not-resolved,,,not-resolved,0,0,,chars/29F7E.json
𩾁,C,qiú,,Lepidotrigla strauchi,not-resolved,,,not-resolved,0,0,,chars/29F81.json
𩾃,C,miǎn,,Sciaena albiflora; cá đù,not-resolved,,,not-resolved,0,0,,chars/29F83.json
𩾌,C,kāng,,dùng trong 鮟鱇|𩽾𩾌[an1 kang1],not-resolved,,,not-resolved,0,0,,chars/29F8C.json
𪟝,C,jì,,công trạng; thành tựu (biến thể của 績|绩[ji4]),not-resolved,,,not-resolved,0,0,,chars/2A7DD.json
𪣻,C,lǒu,,gò nhỏ,not-resolved,,,not-resolved,0,0,,chars/2A8FB.json
𪧘,C,jù,Lũ,nghèo; mộc mạc,not-resolved,,,not-resolved,0,0,,chars/2A9D8.json
𪨊,C,sóng,,(khẩu ngữ) tinh dịch; (khẩu ngữ) yếu và bất tài,not-resolved,,,not-resolved,0,0,,chars/2AA0A.json
𪨶,C,Shē,,biến thể cũ của 畬|畲[She1],not-resolved,,,not-resolved,0,0,,chars/2AA36.json
𪩘,C,yǎn,,đỉnh núi,not-resolved,,,not-resolved,0,0,,chars/2AA58.json
𪾢,C,xiàn,,trợn mắt,not-resolved,,,not-resolved,0,0,,chars/2AFA2.json
𫄧,C,yán,,tua rua mũ,not-resolved,,,not-resolved,0,0,,chars/2B127.json
𫄨,C,chī,Sì,sợi mịn của gai; lanh,not-resolved,,,not-resolved,0,0,,chars/2B128.json
𫄸,C,xūn,,đỏ thẫm,not-resolved,,,not-resolved,0,0,,chars/2B138.json
𫍯,C,xián,,hòa hợp; chân thành,not-resolved,,,not-resolved,0,0,,chars/2B36F.json
𫍲,C,sǒu,,gây ra,not-resolved,,,not-resolved,0,0,,chars/2B372.json
𫍽,C,xuān,,thường dùng trong tên; giỏi giang,not-resolved,,,not-resolved,0,0,,chars/2B37D.json
𫐄,C,yuè,Ngột,thanh ngang để thắng ngựa,not-resolved,,,not-resolved,0,0,,chars/2B404.json
𫐐,C,ní,,kẹp cho thanh ngang của xe ngựa,not-resolved,,,not-resolved,0,0,,chars/2B410.json
𫐓,C,róu,,đai bánh xe,not-resolved,,,not-resolved,0,0,,chars/2B413.json
𫓧,C,fū,,(văn học) dao chặt cỏ; (hóa học) flerovi,not-resolved,,,not-resolved,0,0,,chars/2B4E7.json
𫓹,C,jī,,cái cuốc,not-resolved,,,not-resolved,0,0,,chars/2B4F9.json
𫔍,C,fán,,vanadi,not-resolved,,,not-resolved,0,0,,chars/2B50D.json
𫔶,C,niè,,thanh dọc của lối cửa,not-resolved,,,not-resolved,0,0,,chars/2B536.json
𫖮,B,yǐ,,dễ chịu; cung cách tôn trọng,resolved,頁,Bộ Hiệt,record-radical,0,0,,chars/2B5AE.json
𫖯,C,fǔ,,biến thể của 俯[fu3],not-resolved,,,not-resolved,0,0,,chars/2B5AF.json
𫗧,C,sù,,nồi cơm đã nấu,not-resolved,,,not-resolved,0,0,,chars/2B5E7.json
𫗴,C,zhān,,cháo đặc,not-resolved,,,not-resolved,0,0,,chars/2B5F4.json
𫘝,C,kuài,,nhanh (ngựa),not-resolved,,,not-resolved,0,0,,chars/2B61D.json
𫘧,C,lù,,(ngựa),not-resolved,,,not-resolved,0,0,,chars/2B627.json
𫘨,C,tí,,ngựa đầy khí thế,not-resolved,,,not-resolved,0,0,,chars/2B628.json
𫘪,C,yuán,,ngựa màu hạt dẻ với bụng trắng,not-resolved,,,not-resolved,0,0,,chars/2B62A.json
𫚉,C,hóng,,cá đuối; Phát âm ở Đài Loan: [hong1],not-resolved,,,not-resolved,0,0,,chars/2B689.json
𫚕,C,shī,,cá cam (Seriola qinqueradiata),not-resolved,,,not-resolved,0,0,,chars/2B695.json
𫚖,C,jì,,(cá),not-resolved,,,not-resolved,0,0,,chars/2B696.json
𫚭,C,liè,,cá tuế,not-resolved,,,not-resolved,0,0,,chars/2B6AD.json
𫛭,C,kuáng,,chim ó (chi Buteo),not-resolved,,,not-resolved,0,0,,chars/2B6ED.json
𫞩,C,mén,,(đá quý); phấn hồng,not-resolved,,,not-resolved,0,0,,chars/2B7A9.json
𫟷,C,lì,,livermorium (hóa học); (cũ) lire Ý (từ mượn),not-resolved,,,not-resolved,0,0,,chars/2B7F7.json
𫟼,C,dá,,darmstadtium (hóa học),not-resolved,,,not-resolved,0,0,,chars/2B7FC.json
𫠆,C,kuǐ,,ngẩng đầu,not-resolved,,,not-resolved,0,0,,chars/2B806.json
𫠜,C,ní,,răng mọc khi già,not-resolved,,,not-resolved,0,0,,chars/2B81C.json
𫢸,C,dàn,Dạn,to lớn; nghiêm trọng,not-resolved,,,not-resolved,0,0,,chars/2B8B8.json
𫫇,C,ě,Ạc,"biến thể của 惡|恶[e4], dùng trong tên hợp chất hóa học",not-resolved,,,not-resolved,0,0,,chars/2BAC7.json
𫮃,C,shàn,,nơi bằng phẳng để tế lễ,not-resolved,,,not-resolved,0,0,,chars/2BB83.json
𫷷,C,xīn,,(văn học) sắp xếp theo trật tự; cũng đọc là [qin1],not-resolved,,,not-resolved,0,0,,chars/2BDF7.json
𫸩,C,kōu,,đầu mút của cung; kéo căng,not-resolved,,,not-resolved,0,0,,chars/2BE29.json
𬀩,C,wěi,,ánh sáng rực rỡ của mặt trời,not-resolved,,,not-resolved,0,0,,chars/2C029.json
𬀪,C,xiàn,,xuất hiện (mặt trời),not-resolved,,,not-resolved,0,0,,chars/2C02A.json
𬂩,C,jiā,,(cũ) đũa; tiếng Đài Loan phát âm [jia2],not-resolved,,,not-resolved,0,0,,chars/2C0A9.json
𬇕,C,màn,,biến thể của 漫[man4]; nước tràn,not-resolved,,,not-resolved,0,0,,chars/2C1D5.json
𬉼,B,ōu,,hạn hán nghiêm trọng; thời tiết nóng bức bất thường,resolved,火,Bộ Hỏa,record-radical,0,0,,chars/2C27C.json
𬊈,C,xún,,hâm nóng (thức ăn),not-resolved,,,not-resolved,0,0,,chars/2C288.json
𬊤,C,chǎn,,nhóm lửa,not-resolved,,,not-resolved,0,0,,chars/2C2A4.json
𬍛,C,lì,,rực rỡ (ngọc trai),not-resolved,,,not-resolved,0,0,,chars/2C35B.json
𬒈,C,hú,,(cổ) đá quý,not-resolved,,,not-resolved,0,0,,chars/2C488.json
𬕂,C,gōng,,nón tre,not-resolved,,,not-resolved,0,0,,chars/2C542.json
𬘓,C,xún,,buộc; dây lụa,not-resolved,,,not-resolved,0,0,,chars/2C613.json
𬘘,C,dǎn,,tua lụa của mũ miện,not-resolved,,,not-resolved,0,0,,chars/2C618.json
𬘡,C,yīn,,lực sinh thành; phát xạ ma thuật,not-resolved,,,not-resolved,0,0,,chars/2C621.json
𬘬,C,qiàn,,màu đỏ sẫm (của sản phẩm lụa),not-resolved,,,not-resolved,0,0,,chars/2C62C.json
𬘭,C,chēn,,(văn học) dừng; tốt bụng,not-resolved,,,not-resolved,0,0,,chars/2C62D.json
𬙂,C,yǐn,,dài,not-resolved,,,not-resolved,0,0,,chars/2C642.json
𬙊,C,mò,,buộc; dây thừng,not-resolved,,,not-resolved,0,0,,chars/2C64A.json
𬙋,C,xiāng,,dây để giữ ống tay áo,not-resolved,,,not-resolved,0,0,,chars/2C64B.json
𬞟,B,pín,Tần,cây dương xỉ cỏ (Marsilea quadrifolia),resolved,艸,Bộ Thảo,record-radical,0,0,,chars/2C79F.json
𬟁,C,yì,,xem 虉草|𬟁草[yi4 cao3],not-resolved,,,not-resolved,0,0,,chars/2C7C1.json
𬟽,C,dōng,,cầu vồng,not-resolved,,,not-resolved,0,0,,chars/2C7FD.json
𬣙,C,xū,,khoe khoang; vĩ đại,not-resolved,,,not-resolved,0,0,,chars/2C8D9.json
𬣞,C,zhǔ,,trí tuệ,not-resolved,,,not-resolved,0,0,,chars/2C8DE.json
𬤊,C,shì,,xem xét; phán xét,not-resolved,,,not-resolved,0,0,,chars/2C90A.json
𬨂,C,qí,,đầu trục xe,not-resolved,,,not-resolved,0,0,,chars/2CA02.json
𬨎,C,yóu,,xe nhẹ; không đáng kể,not-resolved,,,not-resolved,0,0,,chars/2CA0E.json
𬩽,C,Xún,,họ [Xun2]; tên địa danh,not-resolved,,,not-resolved,0,0,,chars/2CA7D.json
𬪩,C,nóng,,đậm đặc; rượu mạnh,not-resolved,,,not-resolved,0,0,,chars/2CAA9.json
𬬭,C,lún,,(kim loại); roentgeni (hóa học),not-resolved,,,not-resolved,0,0,,chars/2CB2D.json
𬬮,C,chǎng,,sắc bén; lưỡi sắc,not-resolved,,,not-resolved,0,0,,chars/2CB2E.json
𬬸,C,shù,,acmite,not-resolved,,,not-resolved,0,0,,chars/2CB38.json
𬬻,C,lú,,rutherfordi (hóa học),not-resolved,,,not-resolved,0,0,,chars/2CB3B.json
𬬿,C,zhāo,Rìu,cái liềm,not-resolved,,,not-resolved,0,0,,chars/2CB3F.json
𬭁,C,mǔ,,xem 鈷鉧|钴𬭁[gu3 mu3],not-resolved,,,not-resolved,0,0,,chars/2CB41.json
𬭊,C,dù,,đubini (hóa học),not-resolved,,,not-resolved,0,0,,chars/2CB4A.json
𬭎,C,hóng,,dụng cụ; thiết bị,not-resolved,,,not-resolved,0,0,,chars/2CB4E.json
𬭚,C,chún,,trống đồng,not-resolved,,,not-resolved,0,0,,chars/2CB5A.json
𬭛,C,bō,,bohri (bohrium) (hóa học),not-resolved,,,not-resolved,0,0,,chars/2CB5B.json
𬭤,C,hóu,,đầu mũi tên kim loại,not-resolved,,,not-resolved,0,0,,chars/2CB64.json
𬭩,C,wēng,,xẻng; mai,not-resolved,,,not-resolved,0,0,,chars/2CB69.json
𬭳,C,xǐ,,seaborgium (hóa học),not-resolved,,,not-resolved,0,0,,chars/2CB73.json
𬭶,C,hēi,,hassium (hóa học),not-resolved,,,not-resolved,0,0,,chars/2CB76.json
𬭸,C,lín,,phosphonium,not-resolved,,,not-resolved,0,0,,chars/2CB78.json
𬭼,C,suì,,(văn học) gương đồng dùng nhóm lửa bằng cách tập trung tia nắng mặt trời,not-resolved,,,not-resolved,0,0,,chars/2CB7C.json
𬮱,B,Yīn,,họ [Yin1],resolved,門,Bộ Môn,record-radical,0,0,,chars/2CBB1.json
𬯀,C,jī,,bay lên; rơi,not-resolved,,,not-resolved,0,0,,chars/2CBC0.json
𬯎,C,tuí,,biến thể của 頹|颓[tui2],not-resolved,,,not-resolved,0,0,,chars/2CBCE.json
𬱖,C,dí,,tốt; đẹp,not-resolved,,,not-resolved,0,0,,chars/2CC56.json
𬱟,C,wěi,,dáng đầu thư thái,not-resolved,,,not-resolved,0,0,,chars/2CC5F.json
𬳵,C,pī,,(ngựa),not-resolved,,,not-resolved,0,0,,chars/2CCF5.json
𬳶,C,jiǒng,,trong tình trạng tốt (như ngựa),not-resolved,,,not-resolved,0,0,,chars/2CCF6.json
𬳽,C,shēn,,đám đông lớn,not-resolved,,,not-resolved,0,0,,chars/2CCFD.json
𬴊,B,lín,,"biến thể của 麟[lin2], kỳ lân cái",resolved,馬,Bộ Mã,record-radical,0,0,,chars/2CD0A.json
𬶍,C,tuó,,cá da trơn; một loại cá nhỏ,not-resolved,,,not-resolved,0,0,,chars/2CD8D.json
𬶏,C,wéi,,một loại cá trích có đầu giống cá tằm,not-resolved,,,not-resolved,0,0,,chars/2CD8F.json
𬶨,B,jì,,xem 白鱀豚|白𬶨豚[bai2 ji4 tun2],resolved,魚,Bộ Ngư,record-radical,0,0,,chars/2CDA8.json
𬶭,C,jì,,Konosirus punctatus,not-resolved,,,not-resolved,0,0,,chars/2CDAD.json
𬸚,C,yuè,,dùng trong 鸑鷟|𬸚𬸦[yue4 zhuo2],not-resolved,,,not-resolved,0,0,,chars/2CE1A.json
𬸣,C,xuān,,bay lên,not-resolved,,,not-resolved,0,0,,chars/2CE23.json
𬸦,C,zhuó,Sạt,dùng trong 鸑鷟|𬸚𬸦[yue4 zhuo2],not-resolved,,,not-resolved,0,0,,chars/2CE26.json
𬸪,C,fán,,gà nước; gallinula,not-resolved,,,not-resolved,0,0,,chars/2CE2A.json
𬺈,B,Yǐ,,họ [Yi3],resolved,齒,Bộ Xỉ,record-radical,0,0,,chars/2CE88.json
