char,tier,pinyin,meaningVi,missing,source
㐄,C,kuà,"thành phần trong chữ Hán, hình ảnh phản chiếu của 夂[zhi3]","bộ thủ, từ liên quan, câu liên quan, Hán Việt",chars/3404.json
㐅,C,wǔ,biến thể cổ của 五[wu3],"bộ thủ, từ liên quan, câu liên quan, Hán Việt",chars/3405.json
㐆,C,yǐn,thành phần trong chữ Hán 殷[yin1],"bộ thủ, từ liên quan, câu liên quan, Hán Việt",chars/3406.json
㐌,B,tā,biến thể của 它[ta1],"từ liên quan, câu liên quan, Hán Việt",chars/340C.json
㐖,C,xié,dùng trong 㐖毒[Xie2 du2],"bộ thủ, từ liên quan, câu liên quan, Hán Việt",chars/3416.json
㐜,C,chóu,biến thể của 仇[chou2],"bộ thủ, từ liên quan, câu liên quan, Hán Việt",chars/341C.json
㐡,C,nuò,biến thể cổ của 懦[nuo4],"bộ thủ, từ liên quan, câu liên quan, Hán Việt",chars/3421.json
㐤,C,qiú,biến thể cổ của 求[qiu2],"bộ thủ, từ liên quan, câu liên quan, Hán Việt",chars/3424.json
㐫,C,xiōng,biến thể cũ của 凶[xiong1],"bộ thủ, từ liên quan, câu liên quan, Hán Việt",chars/342B.json
㐬,C,liú,,"nghĩa, bộ thủ, từ liên quan, câu liên quan, Hán Việt",chars/342C.json
㐭,C,lǐn,,"nghĩa, bộ thủ, từ liên quan, câu liên quan, Hán Việt",chars/342D.json
㐰,C,xìn,biến thể cũ của 信[xin4],"bộ thủ, từ liên quan, câu liên quan, Hán Việt",chars/3430.json
㐱,C,zhěn,,"nghĩa, từ liên quan, câu liên quan, Hán Việt",chars/3431.json
㐷,C,mà,biến thể của 罵|骂[ma4],"bộ thủ, từ liên quan, câu liên quan",chars/3437.json
㐺,C,zhòng,biến thể cũ của 眾|众[zhong4],"bộ thủ, từ liên quan, câu liên quan, Hán Việt",chars/343A.json
㑇,C,zhòu,(cũ) đẹp; thông minh,"bộ thủ, từ liên quan, câu liên quan, Hán Việt",chars/3447.json
㑩,B,luó,thông minh; lanh lợi,"từ liên quan, câu liên quan, Hán Việt",chars/3469.json
㒳,C,liǎng,biến thể cũ của 兩|两[liang3],"bộ thủ, từ liên quan, câu liên quan, Hán Việt",chars/34B3.json
㒸,B,suì,biến thể cổ của 遂[sui4],"từ liên quan, câu liên quan, Hán Việt",chars/34B8.json
㒼,C,mán,,"nghĩa, bộ thủ, từ liên quan, câu liên quan, Hán Việt",chars/34BC.json
㓞,C,qià,,"nghĩa, từ liên quan, câu liên quan, Hán Việt",chars/34DE.json
㔾,C,jié,"bộ ""tiết"" trong chữ Hán (bộ Khang Hy số 26)","bộ thủ, từ liên quan, câu liên quan, Hán Việt",chars/353E.json
㕡,C,hé,,"nghĩa, bộ thủ, từ liên quan, câu liên quan, Hán Việt",chars/3561.json
㕥,C,shēn,biến thể cũ của 呻[shen1],"bộ thủ, từ liên quan, câu liên quan, Hán Việt",chars/3565.json
㕯,C,nè,biến thể cũ của 訥|讷[ne4],"bộ thủ, từ liên quan, câu liên quan, Hán Việt",chars/356F.json
㕻,C,pǒu,biến thể của 咅[pou3]; cũng đọc là [tou4],"bộ thủ, từ liên quan, câu liên quan, Hán Việt",chars/357B.json
㖊,C,xún,"sải nước (1,83 mét) (cũ)","bộ thủ, từ liên quan, câu liên quan, Hán Việt",chars/358A.json
㖞,C,wāi,méo (miệng); lệch,"bộ thủ, từ liên quan, câu liên quan",chars/359E.json
㗂,C,shěng,biến thể của 省[sheng3]; kiệm lời,"bộ thủ, từ liên quan, câu liên quan, Hán Việt",chars/35C2.json
㗎,C,jià,,"nghĩa, bộ thủ, từ liên quan, câu liên quan, Hán Việt",chars/35CE.json
㚔,C,niè,,"nghĩa, bộ thủ, từ liên quan, câu liên quan, Hán Việt",chars/3694.json
㚻,C,jī,dùng trong 㚻姦|㚻奸[ji1 jian1],"bộ thủ, từ liên quan, câu liên quan, Hán Việt",chars/36BB.json
㛀,C,chú,phụ nữ mang thai (cổ),"bộ thủ, từ liên quan, câu liên quan, Hán Việt",chars/36C0.json
㛂,C,nuǒ,duyên dáng; mảnh mai và nhỏ nhắn,"bộ thủ, từ liên quan, câu liên quan, Hán Việt",chars/36C2.json
㝄,C,chún,biến thể cũ của 純|纯[chun2],"bộ thủ, từ liên quan, câu liên quan, Hán Việt",chars/3744.json
㝇,C,chún,biến thể cũ của 鶉|鹑[chun2],"bộ thủ, từ liên quan, câu liên quan, Hán Việt",chars/3747.json
㝉,B,zhù,lưu trữ; đứng,"từ liên quan, câu liên quan",chars/3749.json
㝵,B,ài,biến thể của 礙|碍[ai4],"từ liên quan, câu liên quan, Hán Việt",chars/3775.json
㞎,C,bǎ,(tiếng địa phương) ị; (tiếng địa phương) đi ị,"bộ thủ, từ liên quan, câu liên quan, Hán Việt",chars/378E.json
㞗,C,qiú,(tiếng địa phương) dương vật; cu,"bộ thủ, từ liên quan, câu liên quan, Hán Việt",chars/3797.json
㞙,C,niào,biến thể cũ của 尿[niao4],"bộ thủ, từ liên quan, câu liên quan, Hán Việt",chars/3799.json
㟥,C,cēn,không đồng đều; không uniform,"bộ thủ, từ liên quan, câu liên quan, Hán Việt",chars/37E5.json
㡭,C,jì,,"nghĩa, bộ thủ, từ liên quan, câu liên quan, Hán Việt",chars/386D.json
㡿,C,chì,,"nghĩa, bộ thủ, từ liên quan, câu liên quan, Hán Việt",chars/387F.json
㢆,C,chán,,"nghĩa, bộ thủ, từ liên quan, câu liên quan, Hán Việt",chars/3886.json
㢟,C,chān,,"nghĩa, bộ thủ, từ liên quan, câu liên quan, Hán Việt",chars/389F.json
㢲,C,xùn,biến thể của 巽[xun4],"bộ thủ, từ liên quan, câu liên quan, Hán Việt",chars/38B2.json
㢴,C,xī,biến thể cũ của 西[xi1],"bộ thủ, từ liên quan, câu liên quan, Hán Việt",chars/38B4.json
㣎,C,mù,,"nghĩa, bộ thủ, từ liên quan, câu liên quan, Hán Việt",chars/38CE.json
㤅,C,ài,biến thể cổ của 愛|爱[ai4],"bộ thủ, từ liên quan, câu liên quan, Hán Việt",chars/3905.json
㤽,C,chóu,dùng trong 懤懤|㤽㤽[chou2 chou2],"bộ thủ, từ liên quan, câu liên quan, Hán Việt",chars/393D.json
㥁,C,dé,biến thể của 德[de2],"bộ thủ, từ liên quan, câu liên quan, Hán Việt",chars/3941.json
㥏,C,tiǎn,xấu hổ,"bộ thủ, từ liên quan, câu liên quan, Hán Việt",chars/394F.json
㥯,B,yǐn,cẩn thận,"từ liên quan, câu liên quan, Hán Việt",chars/396F.json
㦂,C,cháng,biến thể cũ của 常[chang2],"bộ thủ, từ liên quan, câu liên quan, Hán Việt",chars/3982.json
㧑,C,huī,tách ra; chỉ đạo,"bộ thủ, từ liên quan, câu liên quan",chars/39D1.json
㧜,C,liè,,"nghĩa, bộ thủ, từ liên quan, câu liên quan, Hán Việt",chars/39DC.json
㧯,C,lǎo,giỏ đan tròn đáy; (phương ngữ) nhấc,"bộ thủ, từ liên quan, câu liên quan, Hán Việt",chars/39EF.json
㧰,C,lüè,(cổ) đánh; giã,"bộ thủ, từ liên quan, câu liên quan, Hán Việt",chars/39F0.json
㨃,C,duǐ,biến thể của 懟|怼[dui3],"bộ thủ, từ liên quan, câu liên quan, Hán Việt",chars/3A03.json
㨫,C,lǎn,biến thể của 擥[lan3],"bộ thủ, từ liên quan, câu liên quan",chars/3A2B.json
㩐,C,dèn,biến thể của 扽[den4],"bộ thủ, từ liên quan, câu liên quan, Hán Việt",chars/3A50.json
㪃,C,hé,đánh; đập,"bộ thủ, từ liên quan, câu liên quan, Hán Việt",chars/3A83.json
㪋,C,hàn,biến thể của 捍[han4],"bộ thủ, từ liên quan, câu liên quan, Hán Việt",chars/3A8B.json
㫃,C,yǎn,,"nghĩa, bộ thủ, từ liên quan, câu liên quan, Hán Việt",chars/3AC3.json
㫺,C,xī,biến thể cũ của 昔[xi1],"bộ thủ, từ liên quan, câu liên quan, Hán Việt",chars/3AFA.json
㬎,C,xiǎn,biến thể cũ của 顯|显[xian3],"bộ thủ, từ liên quan, câu liên quan, Hán Việt",chars/3B0E.json
㮎,C,bēi,biến thể của 杯[bei1],"bộ thủ, từ liên quan, câu liên quan, Hán Việt",chars/3B8E.json
㮚,C,lì,biến thể cũ của 栗[li4],"bộ thủ, từ liên quan, câu liên quan, Hán Việt",chars/3B9A.json
㮸,C,sòng,biến thể của 送[song4],"bộ thủ, từ liên quan, câu liên quan, Hán Việt",chars/3BB8.json
㯳,C,qíng,biến thể của 檠[qing2],"bộ thủ, từ liên quan, câu liên quan, Hán Việt",chars/3BF3.json
㱩,C,dú,sảy thai; chết lưu,"bộ thủ, từ liên quan, câu liên quan, Hán Việt",chars/3C69.json
㱮,C,kuì,hoại tử; lở loét (biến thể cũ của 潰|溃[hui4]),"bộ thủ, từ liên quan, câu liên quan, Hán Việt",chars/3C6E.json
㱾,C,gāi,một loại đồ trang sức bằng kim loại hoặc ngọc thời xưa đeo để xua đuổi tà ma,"bộ thủ, từ liên quan, câu liên quan, Hán Việt",chars/3C7E.json
㲈,C,sháo,biến thể của 韶[shao2],"bộ thủ, từ liên quan, câu liên quan, Hán Việt",chars/3C88.json
㲋,C,chuò,tên cổ cho một loài động vật giống thỏ nhưng to hơn,"bộ thủ, từ liên quan, câu liên quan, Hán Việt",chars/3C8B.json
㲱,C,liè,biến thể cũ của 鬣[lie4],"bộ thủ, từ liên quan, câu liên quan, Hán Việt",chars/3CB1.json
㲾,C,yǔ,biến thể cũ của 雨[yu3],"bộ thủ, từ liên quan, câu liên quan, Hán Việt",chars/3CBE.json
㳂,C,yán,biến thể của 沿[yan2],"bộ thủ, từ liên quan, câu liên quan, Hán Việt",chars/3CC2.json
㳮,C,niào,biến thể cũ của 尿[niao4],"bộ thủ, từ liên quan, câu liên quan, Hán Việt",chars/3CEE.json
㴋,C,xiāo,tiếng mưa và gió,"bộ thủ, từ liên quan, câu liên quan, Hán Việt",chars/3D0B.json
㵪,C,xián,biến thể của 涎[xian2],"bộ thủ, từ liên quan, câu liên quan, Hán Việt",chars/3D6A.json
㵮,C,chún,nước trong,"bộ thủ, từ liên quan, câu liên quan, Hán Việt",chars/3D6E.json
㶉,C,xī,dùng trong 鸂鶒|㶉鶒[xi1 chi4],"bộ thủ, từ liên quan, câu liên quan, Hán Việt",chars/3D89.json
㶶,C,nóng,(tiếng địa phương) làm cháy; làm khét,"bộ thủ, từ liên quan, câu liên quan",chars/3DB6.json
㶸,C,xié,"(nghĩa chính xác chưa rõ, liên quan đến sắt); biến thể của 協|协[xie2]","bộ thủ, từ liên quan, câu liên quan, Hán Việt",chars/3DB8.json
㷖,C,zhào,biến thể cũ của 照[zhao4],"bộ thủ, từ liên quan, câu liên quan, Hán Việt",chars/3DD6.json
㷭,C,fēng,biến thể cũ của 烽[feng1],"bộ thủ, từ liên quan, câu liên quan, Hán Việt",chars/3DED.json
㹠,C,tún,biến thể cũ của 豚[tun2],"bộ thủ, từ liên quan, câu liên quan, Hán Việt",chars/3E60.json
㹢,C,jiā,"dùng để phiên âm ""okapi"" 㺢㹢狓[huo4jia1pi2]","bộ thủ, từ liên quan, câu liên quan, Hán Việt",chars/3E62.json
㹴,C,gěng,chó sục; cũng đọc là [geng3],"bộ thủ, từ liên quan, câu liên quan, Hán Việt",chars/3E74.json
㺍,C,biān,biến thể cũ của 猵[bian1],"bộ thủ, từ liên quan, câu liên quan, Hán Việt",chars/3E8D.json
㺢,C,huò,"dùng để phiên âm ""okapi"" 㺢㹢狓[huo4jia1pi2]","bộ thủ, từ liên quan, câu liên quan, Hán Việt",chars/3EA2.json
㺵,C,jiǔ,ngọc đen (biến thể của 玖[jiu3]),"bộ thủ, từ liên quan, câu liên quan, Hán Việt",chars/3EB5.json
㻅,C,huì,đồ trang sức ngọc trong đường may của mũ,"bộ thủ, từ liên quan, câu liên quan, Hán Việt",chars/3EC5.json
㻽,C,xuán,biến thể của 璿|璇[xuan2]; cũng đọc là [sui4],"bộ thủ, từ liên quan, câu liên quan, Hán Việt",chars/3EFD.json
㼌,C,yǔ,,"nghĩa, bộ thủ, từ liên quan, câu liên quan, Hán Việt",chars/3F0C.json
㽮,C,xīng,biến thể cũ của 星[xing1],"bộ thủ, từ liên quan, câu liên quan, Hán Việt",chars/3F6E.json
㿝,C,xiāng,biến thể cũ của 香[xiang1],"bộ thủ, từ liên quan, câu liên quan, Hán Việt",chars/3FDD.json
㿽,C,xī,,"nghĩa, từ liên quan, câu liên quan, Hán Việt",chars/3FFD.json
䁖,B,lōu,liếc nhìn,"từ liên quan, câu liên quan, Hán Việt",chars/4056.json
䂖,C,shí,biến thể của 石[shi2],"bộ thủ, từ liên quan, câu liên quan, Hán Việt",chars/4096.json
䂲,C,fǎ,biến thể của 砝[fa3],"bộ thủ, từ liên quan, câu liên quan, Hán Việt",chars/40B2.json
䂶,C,jié,biến thể của 蜐[jie2],"bộ thủ, từ liên quan, câu liên quan, Hán Việt",chars/40B6.json
䃉,C,mín,biến thể cũ của 珉[min2],"bộ thủ, từ liên quan, câu liên quan, Hán Việt",chars/40C9.json
䅟,C,shān,panicum frumentaceum,"bộ thủ, từ liên quan, câu liên quan, Hán Việt",chars/415F.json
䅵,C,zhuó,trấu; cám,"bộ thủ, từ liên quan, câu liên quan, Hán Việt",chars/4175.json
䇂,C,qiān,,"nghĩa, bộ thủ, từ liên quan, câu liên quan, Hán Việt",chars/41C2.json
䇲,C,cè,biến thể của 筴|策[ce4],"bộ thủ, từ liên quan, câu liên quan, Hán Việt",chars/41F2.json
䉤,C,sǒu,giỏ để ráo gạo,"bộ thủ, từ liên quan, câu liên quan, Hán Việt",chars/4264.json
䌷,C,chóu,lụa,"bộ thủ, từ liên quan, câu liên quan",chars/4337.json
䌸,C,zhuàn,trói lại,"bộ thủ, từ liên quan, câu liên quan, Hán Việt",chars/4338.json
䌹,C,jiǒng,loại áo đơn sắc không có lót,"bộ thủ, từ liên quan, câu liên quan, Hán Việt",chars/4339.json
䌽,B,cǎi,biến thể của 彩[cai3],"từ liên quan, câu liên quan, Hán Việt",chars/433D.json
䍁,C,suì,tua rua,"bộ thủ, từ liên quan, câu liên quan",chars/4341.json
䍃,B,yáo,(cổ) bình; lọ,"từ liên quan, câu liên quan, Hán Việt",chars/4343.json
䍹,C,shān,biến thể của 羶[shan1],"bộ thủ, từ liên quan, câu liên quan, Hán Việt",chars/4379.json
䒗,C,qì,biến thể cũ của 芞[qi4],"bộ thủ, từ liên quan, câu liên quan, Hán Việt",chars/4497.json
䓕,B,wěi,(cổ) loại cỏ,"từ liên quan, câu liên quan, Hán Việt",chars/44D5.json
䓖,B,qióng,xem 芎藭|芎䓖[xiong1 qiong2],"từ liên quan, câu liên quan, Hán Việt",chars/44D6.json
䔢,C,huá,biến thể cũ của 華|华[hua2],"bộ thủ, từ liên quan, câu liên quan, Hán Việt",chars/4522.json
䕭,B,qián,biến thể của 蕁|荨[qian2],"từ liên quan, câu liên quan, Hán Việt",chars/456D.json
䖒,C,xī,,"nghĩa, bộ thủ, từ liên quan, câu liên quan, Hán Việt",chars/4592.json
䖟,C,méng,biến thể cũ của 虻[meng2],"bộ thủ, từ liên quan, câu liên quan, Hán Việt",chars/459F.json
䖸,C,é,biến thể của 蛾[e2],"bộ thủ, từ liên quan, câu liên quan, Hán Việt",chars/45B8.json
䗈,C,méng,biến thể cũ của 虻[meng2],"bộ thủ, từ liên quan, câu liên quan, Hán Việt",chars/45C8.json
䗖,B,dì,cầu vồng,"từ liên quan, câu liên quan",chars/45D6.json
䗥,C,zōng,dùng trong 螉䗥[weng1 zong1],"bộ thủ, từ liên quan, câu liên quan, Hán Việt",chars/45E5.json
䗪,C,zhè,con gián đất Trung Quốc (Eupolyphaga sinensis),"bộ thủ, từ liên quan, câu liên quan, Hán Việt",chars/45EA.json
䗶,C,là,biến thể cũ của 蠟|蜡[la4],"bộ thủ, từ liên quan, câu liên quan, Hán Việt",chars/45F6.json
䙓,C,bǎi,vạt áo ở dưới của trang phục,"bộ thủ, từ liên quan, câu liên quan, Hán Việt",chars/4653.json
䙴,C,qiān,,"nghĩa, bộ thủ, từ liên quan, câu liên quan, Hán Việt",chars/4674.json
䛟,C,jiá,biến thể của 唊[jia2],"bộ thủ, từ liên quan, câu liên quan, Hán Việt",chars/46DF.json
䜌,C,luán,,"nghĩa, bộ thủ, từ liên quan, câu liên quan, Hán Việt",chars/470C.json
䜣,B,xīn,vui mừng; vui sướng,"từ liên quan, câu liên quan, Hán Việt",chars/4723.json
䜩,B,yàn,biến thể của 宴[yan4],"từ liên quan, câu liên quan, Hán Việt",chars/4729.json
䝓,C,liè,biến thể cũ của 鬣[lie4],"bộ thủ, từ liên quan, câu liên quan, Hán Việt",chars/4753.json
䝙,C,chū,(cổ) động vật giống hổ,"bộ thủ, từ liên quan, câu liên quan, Hán Việt",chars/4759.json
䞓,C,chēng,biến thể cũ của 赬|赪[cheng1],"bộ thủ, từ liên quan, câu liên quan, Hán Việt",chars/4793.json
䟆,C,bì,biến thể cũ của 蹕|跸[bi4],"bộ thủ, từ liên quan, câu liên quan, Hán Việt",chars/47C6.json
䟖,C,zhǐ,biến thể sai của 趾[zhi3],"bộ thủ, từ liên quan, câu liên quan, Hán Việt",chars/47D6.json
䠀,B,chǎng,ngồi xổm; ngồi,"từ liên quan, câu liên quan, Hán Việt",chars/4800.json
䠞,C,cù,biến thể của 蹙[cu4],"bộ thủ, từ liên quan, câu liên quan, Hán Việt",chars/481E.json
䤈,C,xī,biến thể cũ của 醯[xi1],"bộ thủ, từ liên quan, câu liên quan, Hán Việt",chars/4908.json
䥯,C,bà,cái cày,"bộ thủ, từ liên quan, câu liên quan, Hán Việt",chars/496F.json
䦆,C,jué,cuốc chim; cái cuốc,"bộ thủ, từ liên quan, câu liên quan, Hán Việt",chars/4986.json
䦉,C,sì,biến thể của 肆[si4],"bộ thủ, từ liên quan, câu liên quan, Hán Việt",chars/4989.json
䦕,C,pēng,biến thể của 閛[peng1],"bộ thủ, từ liên quan, câu liên quan, Hán Việt",chars/4995.json
䧹,C,yīng,,"nghĩa, từ liên quan, câu liên quan, Hán Việt",chars/49F9.json
䩄,B,miǎn,biến thể của 靦|腼[mian3],"từ liên quan, câu liên quan, Hán Việt",chars/4A44.json
䩦,C,tiáo,biến thể của 鞗[tiao2],"bộ thủ, từ liên quan, câu liên quan, Hán Việt",chars/4A66.json
䫏,C,qī,biến thể của 魌[qi1],"bộ thủ, từ liên quan, câu liên quan, Hán Việt",chars/4ACF.json
䬠,C,fēi,biến thể cũ của 霏[fei1],"bộ thủ, từ liên quan, câu liên quan, Hán Việt",chars/4B20.json
䬪,C,bó,biến thể của 餺|馎[bo2],"bộ thủ, từ liên quan, câu liên quan, Hán Việt",chars/4B2A.json
䯄,C,guā,ngựa lang,"bộ thủ, từ liên quan, câu liên quan, Hán Việt",chars/4BC4.json
䯝,C,suǐ,biến thể của 髓; tủy,"bộ thủ, từ liên quan, câu liên quan, Hán Việt",chars/4BDD.json
䲔,C,jīng,biến thể cũ của 鯨|鲸[jing1],"bộ thủ, từ liên quan, câu liên quan, Hán Việt",chars/4C94.json
䲟,C,yìn,cá ép (Echeneis naucrates),"bộ thủ, từ liên quan, câu liên quan, Hán Việt",chars/4C9F.json
䲠,B,chūn,xem 鰆魚|䲠鱼[chun1 yu2],"từ liên quan, câu liên quan, Hán Việt",chars/4CA0.json
䳗,C,é,biến thể của 鵝|鹅[e2],"bộ thủ, từ liên quan, câu liên quan, Hán Việt",chars/4CD7.json
䴓,C,shī,chim trèo cây (chim thuộc chi Sitta),"bộ thủ, từ liên quan, câu liên quan, Hán Việt",chars/4D13.json
䴔,C,jiāo,một loại chim nước,"bộ thủ, từ liên quan, câu liên quan, Hán Việt",chars/4D14.json
䴕,C,liè,chim gõ kiến,"bộ thủ, từ liên quan, câu liên quan, Hán Việt",chars/4D15.json
䴘,B,tī,dùng trong 鷿鷈|䴙䴘[pi4 ti1],"từ liên quan, câu liên quan, Hán Việt",chars/4D18.json
䴙,B,pì,dùng trong 鷿鷈|䴙䴘[pi4 ti1],"từ liên quan, câu liên quan, Hán Việt",chars/4D19.json
䵹,C,zhī,biến thể cũ của 蜘[zhi1],"bộ thủ, từ liên quan, câu liên quan, Hán Việt",chars/4D79.json
䶑,C,tì,biến thể của 嚏[ti4],"bộ thủ, từ liên quan, câu liên quan, Hán Việt",chars/4D91.json
䶮,C,yǎn,cao và sáng,"bộ thủ, từ liên quan, câu liên quan, Hán Việt",chars/4DAE.json
丁,C,dīng,thứ tư,bộ thủ,chars/4E01.json
丂,C,kǎo,"thành tố ""hơi thở"" hoặc ""tiếng thở dài"" trong chữ Hán","bộ thủ, từ liên quan, câu liên quan, Hán Việt",chars/4E02.json
七,C,qī,bảy,bộ thủ,chars/4E03.json
丄,C,shàng,biến thể cũ của 上[shang4],"bộ thủ, từ liên quan, câu liên quan, Hán Việt",chars/4E04.json
丅,C,xià,biến thể cũ của 下[xia4],"bộ thủ, từ liên quan, câu liên quan, Hán Việt",chars/4E05.json
丆,C,xx,"một trong các ký tự được dùng trong kwukyel (phát âm ""myeon""), một hệ thống chữ viết cổ của Hàn Quốc","bộ thủ, từ liên quan, câu liên quan, Hán Việt",chars/4E06.json
万,C,wàn,Mười ngàn,bộ thủ,chars/4E07.json
三,C,sān,ba,bộ thủ,chars/4E09.json
上,C,shàng,trên,bộ thủ,chars/4E0A.json
下,C,xià,sau,bộ thủ,chars/4E0B.json
丌,C,Jī,họ [Ji1],"bộ thủ, từ liên quan, câu liên quan, Hán Việt",chars/4E0C.json
不,C,bù,không,bộ thủ,chars/4E0D.json
与,C,yǔ,"và, với",bộ thủ,chars/4E0E.json
丏,C,miǎn,ẩn khỏi tầm nhìn; chướng ngại để chắn tên,"bộ thủ, từ liên quan, câu liên quan, Hán Việt",chars/4E0F.json
丐,C,gài,ăn xin; người ăn xin,bộ thủ,chars/4E10.json
丑,C,Chǒu,họ [Chou3],bộ thủ,chars/4E11.json
丒,C,chǒu,biến thể của 醜|丑[chou3],"bộ thủ, từ liên quan, câu liên quan, Hán Việt",chars/4E12.json
专,C,zhuān,"cho một người, dịp, mục đích cụ thể; tập trung vào một việc",bộ thủ,chars/4E13.json
且,C,qiě,thậm chí,bộ thủ,chars/4E14.json
丕,C,pī,to lớn,"bộ thủ, câu liên quan",chars/4E15.json
世,C,Shì,họ [Shi4],bộ thủ,chars/4E16.json
丗,C,shì,biến thể cổ của 世[shi4],"bộ thủ, từ liên quan, câu liên quan, Hán Việt",chars/4E17.json
丘,C,Qiū,họ [Qiu1],bộ thủ,chars/4E18.json
丙,C,bǐng,thứ ba,bộ thủ,chars/4E19.json
业,C,yè,ngành công nghiệp,bộ thủ,chars/4E1A.json
丛,A,cóng,"bụi, cụm",Hán Việt,chars/4E1B.json
东,C,dōng,đông,bộ thủ,chars/4E1C.json
丞,B,chéng,phó,câu liên quan,chars/4E1E.json
丠,C,qiū,biến thể cũ của 丘[qiu1],"bộ thủ, từ liên quan, câu liên quan, Hán Việt",chars/4E20.json
両,C,liǎng,biến thể tiếng Nhật của 兩|两[liang3],"bộ thủ, từ liên quan, câu liên quan, Hán Việt",chars/4E21.json
丣,C,yǒu,biến thể cũ của 酉[you3],"bộ thủ, từ liên quan, câu liên quan, Hán Việt",chars/4E23.json
两,C,liǎng,hai,bộ thủ,chars/4E24.json
严,C,yán,nghiêm khắc,bộ thủ,chars/4E25.json
丧,C,sāng,đồ tang; đám tang,bộ thủ,chars/4E27.json
丨,B,shù,Bộ cổn,"từ liên quan, câu liên quan, Hán Việt",chars/4E28.json
丩,C,jiū,biến thể cổ của 糾|纠[jiu1],"bộ thủ, từ liên quan, câu liên quan, Hán Việt",chars/4E29.json
个,C,gè,"miếng, đơn vị (một từ để đo)",bộ thủ,chars/4E2A.json
丫,C,yā,nhánh; rẽ,bộ thủ,chars/4E2B.json
丬,C,qiáng,"bộ ""mảnh gỗ"" trong chữ Hán (bộ Khang Hy số 90), hình ảnh phản chiếu của 片 [pian4]","bộ thủ, từ liên quan, câu liên quan, Hán Việt",chars/4E2C.json
中,C,zhōng,trong,bộ thủ,chars/4E2D.json
丮,C,jǐ,bắt,"bộ thủ, từ liên quan, câu liên quan, Hán Việt",chars/4E2E.json
丰,C,fēng,sum suê; đẫy đà,bộ thủ,chars/4E30.json
丱,C,guàn,hai búi tóc; trẻ tuổi,"bộ thủ, từ liên quan, câu liên quan, Hán Việt",chars/4E31.json
串,C,chuàn,chuỗi,bộ thủ,chars/4E32.json
丳,C,chǎn,xiên,"bộ thủ, từ liên quan, câu liên quan, Hán Việt",chars/4E33.json
临,C,lín,sắp,"bộ thủ, Hán Việt",chars/4E34.json
丵,C,zhuó,"cỏ dày; thành phần ""rậm rạp"" trong chữ Hán","bộ thủ, từ liên quan, câu liên quan, Hán Việt",chars/4E35.json
丶,B,zhǔ,"Phàm cái gì cần có phân biệt, sự gì cần biết nên chăng, lòng đã có định, thì đánh dấu chữ ""chủ"" để nhớ lấy","từ liên quan, câu liên quan, Hán Việt",chars/4E36.json
丷,C,bā,"thành phần ""tám"" trong chữ Hán; biến thể cổ của 八[ba1]","bộ thủ, từ liên quan, câu liên quan, Hán Việt",chars/4E37.json
丸,C,wán,viên thuốc,bộ thủ,chars/4E38.json
丹,C,dān,đỏ; viên thuốc,bộ thủ,chars/4E39.json
为,A,wèi,cho,Hán Việt,chars/4E3A.json
主,C,zhǔ,"quản lý, chịu trách nhiệm",bộ thủ,chars/4E3B.json
丼,C,dòng,"(Đài Loan) bát cơm hấp với thức ăn ở trên (từ mượn từ tiếng Nhật ""donburi"")","bộ thủ, từ liên quan, câu liên quan, Hán Việt",chars/4E3C.json
丽,C,Lí,Hàn Quốc,bộ thủ,chars/4E3D.json
举,A,jǔ,"trích dẫn, liệt kê",Hán Việt,chars/4E3E.json
丿,B,piě,"Ta gọi là cái phẩy, là một nét phẩy của chữ","từ liên quan, câu liên quan",chars/4E3F.json
乀,C,fú,kéo dãn,"bộ thủ, từ liên quan, câu liên quan, Hán Việt",chars/4E40.json
乂,C,yì,điều chỉnh; quản lý,"bộ thủ, từ liên quan, câu liên quan",chars/4E42.json
乃,C,nǎi,không gì khác hơn,bộ thủ,chars/4E43.json
久,C,jiǔ,"lâu, đã lâu",bộ thủ,chars/4E45.json
乆,C,jiǔ,biến thể cổ của 久[jiu3],"bộ thủ, từ liên quan, câu liên quan, Hán Việt",chars/4E46.json
乇,C,tuō,biến thể cổ của 托[tuo1],"bộ thủ, từ liên quan, câu liên quan, Hán Việt",chars/4E47.json
么,C,má,trợ từ cảm thán cuối câu,"bộ thủ, Hán Việt",chars/4E48.json
乊,C,xx,"một trong các ký tự được dùng trong kwukyel (phát âm ""ho""), một hệ thống chữ viết cổ của Hàn Quốc","bộ thủ, từ liên quan, câu liên quan, Hán Việt",chars/4E4A.json
之,C,zhī,của,bộ thủ,chars/4E4B.json
乌,C,Wū,viết tắt của Ukraine 烏克蘭|乌克兰[Wu1ke4lan2]; họ [Wu1],bộ thủ,chars/4E4C.json
乍,C,zhà,lúc đầu; đột nhiên,bộ thủ,chars/4E4D.json
乎,C,hū,(trợ từ cổ điển tương tự 於|于[yu2]) trong; tại,bộ thủ,chars/4E4E.json
乏,C,fá,"Mệt mỏi, thiếu thốn, không đủ",bộ thủ,chars/4E4F.json
乑,C,zhòng,đứng cạnh nhau; biến thể của 眾|众[zhong4],"bộ thủ, từ liên quan, câu liên quan, Hán Việt",chars/4E51.json
乒,C,pīng,(từ tượng thanh) ping; bing,"bộ thủ, Hán Việt",chars/4E52.json
乓,C,pāng,(từ tượng thanh) băng,"bộ thủ, Hán Việt",chars/4E53.json
乔,A,Qiáo,họ [Qiao2],Hán Việt,chars/4E54.json
乕,C,hǔ,biến thể cổ của 虎[hu3],"bộ thủ, từ liên quan, câu liên quan, Hán Việt",chars/4E55.json
乖,C,guāi,ngoan,bộ thủ,chars/4E56.json
乗,C,chéng,biến thể tiếng Nhật của 乘[cheng2],"bộ thủ, từ liên quan, câu liên quan, Hán Việt",chars/4E57.json
乚,C,yà,thành phần trong chữ Hán; biến thể cổ của 毫[hao2],"bộ thủ, từ liên quan, câu liên quan, Hán Việt",chars/4E5A.json
乛,C,zhé,biến thể của 乙[zhe2],"bộ thủ, từ liên quan, câu liên quan, Hán Việt",chars/4E5B.json
乜,C,miē,họ [Nie4],"bộ thủ, câu liên quan, Hán Việt",chars/4E5C.json
九,C,jiǔ,chín,bộ thủ,chars/4E5D.json
乞,C,qǐ,ăn xin,bộ thủ,chars/4E5E.json
也,C,yě,cũng,bộ thủ,chars/4E5F.json
乡,A,xiāng,nông thôn; quê hương,Hán Việt,chars/4E61.json
乢,C,gài,biến thể cổ của 蓋|盖[gai4]; biến thể cổ của 丐[gai4],"bộ thủ, từ liên quan, câu liên quan, Hán Việt",chars/4E62.json
乣,C,jiǔ,biến thể cổ của 糺[jiu3],"bộ thủ, từ liên quan, câu liên quan, Hán Việt",chars/4E63.json
乤,C,xx,"chữ đầu tiên trong địa danh 乤浦 ""Halpho"" (quốc tự Hàn Quốc)","bộ thủ, từ liên quan, câu liên quan, Hán Việt",chars/4E64.json
乥,C,xx,"một trong những chữ được dùng trong ""kwukyel"" (phát âm ""hol""), một hệ thống chữ viết cổ của Hàn Quốc","bộ thủ, từ liên quan, câu liên quan, Hán Việt",chars/4E65.json
乧,C,xx,"chữ Hán cổ của Hàn Quốc phát âm là dul, gồm bộ âm 斗 du và 乙 ul","bộ thủ, từ liên quan, câu liên quan, Hán Việt",chars/4E67.json
乨,C,shǐ,biến thể cổ của 始[shi3],"bộ thủ, từ liên quan, câu liên quan, Hán Việt",chars/4E68.json
乩,C,jī,bói,"bộ thủ, câu liên quan, Hán Việt",chars/4E69.json
乪,C,nāng,chỗ uốn của sông (Quảng Đông),"bộ thủ, từ liên quan, câu liên quan, Hán Việt",chars/4E6A.json
乫,C,xx,"phiên âm ""gal"" dùng trong địa danh (chữ Hán Hàn Quốc)","bộ thủ, từ liên quan, câu liên quan, Hán Việt",chars/4E6B.json
乭,C,shí,"đá; phiên âm ""dol"" dùng trong tên (chữ Hán Hàn Quốc)","bộ thủ, từ liên quan, câu liên quan, Hán Việt",chars/4E6D.json
乳,C,rǔ,vú; sữa,bộ thủ,chars/4E73.json
乴,C,xué,nắm bắt,"bộ thủ, từ liên quan, câu liên quan, Hán Việt",chars/4E74.json
乵,C,yǎn,biến thể cổ của 進|进[jin4],"bộ thủ, từ liên quan, câu liên quan, Hán Việt",chars/4E75.json
乶,B,Fǔ,"(phiên âm ""pol"", dùng trong địa danh Hàn Quốc)","từ liên quan, câu liên quan, Hán Việt",chars/4E76.json
乷,C,xx,"phiên âm ""sal"" (gugja Hàn Quốc)","bộ thủ, từ liên quan, câu liên quan, Hán Việt",chars/4E77.json
乸,C,nǎ,hậu tố chỉ giống cái (Quảng Đông); hậu tố chỉ giống nữ,"bộ thủ, từ liên quan, câu liên quan, Hán Việt",chars/4E78.json
乺,C,xx,"phiên âm ""sol"" dùng trong địa danh (chữ Hàn Quốc)","bộ thủ, từ liên quan, câu liên quan, Hán Việt",chars/4E7A.json
乼,C,xx,dây thừng (chữ Hàn Quốc),"bộ thủ, từ liên quan, câu liên quan, Hán Việt",chars/4E7C.json
乾,C,qián,biến thể cũ của 乾[qian2],bộ thủ,chars/4E7E.json
乿,C,luàn,biến thể cổ của 亂|乱[luan4],"bộ thủ, từ liên quan, câu liên quan, Hán Việt",chars/4E7F.json
亀,C,guī,biến thể cũ của 龜|龟[gui1],"bộ thủ, từ liên quan, câu liên quan, Hán Việt",chars/4E80.json
亃,C,lín,"con vật huyền thoại, được cho là có thân màu vàng và đuôi trắng","bộ thủ, từ liên quan, câu liên quan, Hán Việt",chars/4E83.json
亄,C,yì,tham lam; keo kiệt,"bộ thủ, từ liên quan, câu liên quan, Hán Việt",chars/4E84.json
亅,B,shù,Tức là cái nét xổ có móc,"từ liên quan, câu liên quan, Hán Việt",chars/4E85.json
了,C,le,"trợ từ ""le""",bộ thủ,chars/4E86.json
亇,C,gè,biến thể của 個|个[ge4],"bộ thủ, từ liên quan, câu liên quan, Hán Việt",chars/4E87.json
予,C,yǔ,"cho, ban cho, cấp cho",bộ thủ,chars/4E88.json
亊,C,shì,biến thể của 事[shi4],"bộ thủ, từ liên quan, câu liên quan, Hán Việt",chars/4E8A.json
事,C,shì,việc,bộ thủ,chars/4E8B.json
亍,C,chù,bước chân phải (dùng trong 彳亍[chi4 chu4]),"bộ thủ, từ liên quan, câu liên quan",chars/4E8D.json
于,C,yú,ở,bộ thủ,chars/4E8E.json
亏,C,kuī,lỗ (tiền); bị thiếu hụt; bị thiếu,bộ thủ,chars/4E8F.json
亐,C,yú,biến thể cổ của 于[Yu2],"bộ thủ, từ liên quan, câu liên quan, Hán Việt",chars/4E90.json
云,C,yún,mây,bộ thủ,chars/4E91.json
互,C,hù,lẫn nhau,bộ thủ,chars/4E92.json
亓,C,Qí,họ [Qi2],"bộ thủ, từ liên quan, câu liên quan, Hán Việt",chars/4E93.json
五,C,wǔ,năm,bộ thủ,chars/4E94.json
井,C,jǐng,cái giếng,bộ thủ,chars/4E95.json
亖,C,sì,biến thể cũ của 四[si4],"bộ thủ, từ liên quan, câu liên quan, Hán Việt",chars/4E96.json
亘,C,gèn,kéo dài suốt qua; chạy xuyên suốt,"bộ thủ, câu liên quan",chars/4E98.json
亚,C,Yà,châu Á; người châu Á,"bộ thủ, Hán Việt",chars/4E9A.json
些,C,xiē,một vài,bộ thủ,chars/4E9B.json
亜,C,yà,biến thể Nhật Bản của 亞|亚,"bộ thủ, từ liên quan, câu liên quan, Hán Việt",chars/4E9C.json
亝,C,qí,biến thể cũ của 齊|齐[qi2],"bộ thủ, từ liên quan, câu liên quan, Hán Việt",chars/4E9D.json
亟,B,jí,khẩn cấp,câu liên quan,chars/4E9F.json
亠,B,tóu,Không có ý nghĩa riêng,"từ liên quan, câu liên quan, Hán Việt",chars/4EA0.json
亡,C,wáng,chết; mất,bộ thủ,chars/4EA1.json
亢,C,Kàng,"họ [Kang4]; Khang, một trong 28 chòm sao","bộ thủ, câu liên quan",chars/4EA2.json
交,C,jiāo,giao,bộ thủ,chars/4EA4.json
亥,C,hài,"địa chi thứ 12: 9-11 giờ tối, tháng 10 âm lịch (7 tháng Mười Một-6 tháng Mười Hai), năm Hợi; phương vị la bàn cổ Trung Quốc: 330°","bộ thủ, câu liên quan",chars/4EA5.json
亦,A,yì,cũng,Hán Việt,chars/4EA6.json
产,A,chǎn,sản xuất,Hán Việt,chars/4EA7.json
亨,C,hēng,thịnh vượng; henry (đơn vị cảm kháng),"bộ thủ, câu liên quan",chars/4EA8.json
亩,B,mǔ,mẫu (đơn vị diện tích = 1/15 ha),"câu liên quan, Hán Việt",chars/4EA9.json
亪,C,xx,"một trong những chữ được dùng trong kwukyel (phát âm ""ye""), một hệ thống chữ viết cổ của Hàn Quốc","bộ thủ, từ liên quan, câu liên quan, Hán Việt",chars/4EAA.json
享,C,xiǎng,tận hưởng,bộ thủ,chars/4EAB.json
京,C,Jīng,họ [Jing1]; dân tộc Jing,bộ thủ,chars/4EAC.json
亭,C,tíng,đình; quầy,bộ thủ,chars/4EAD.json
亮,A,liàng,sáng; phát sáng,Hán Việt,chars/4EAE.json
亳,C,Bó,tên của quận ở An Huy; thủ đô của nhà Ân,"bộ thủ, câu liên quan, Hán Việt",chars/4EB3.json
亵,C,xiè,tục tĩu; thiếu tôn trọng,"bộ thủ, câu liên quan, Hán Việt",chars/4EB5.json
亶,C,Dǎn,họ [Dan3],"bộ thủ, từ liên quan, câu liên quan, Hán Việt",chars/4EB6.json
亸,C,duǒ,rủ xuống,"bộ thủ, từ liên quan, câu liên quan, Hán Việt",chars/4EB8.json
亹,C,mén,đèo núi; hẻm núi (cổ),"bộ thủ, từ liên quan, câu liên quan, Hán Việt",chars/4EB9.json
亻,B,rén,"Người, hành vi, quan hệ.","từ liên quan, câu liên quan, Hán Việt",chars/4EBB.json
亼,C,jí,biến thể của 集[ji2],"bộ thủ, từ liên quan, câu liên quan, Hán Việt",chars/4EBC.json
亽,C,jí,biến thể thời cổ của 亼[ji2],"bộ thủ, từ liên quan, câu liên quan, Hán Việt",chars/4EBD.json
仁,C,rén,"nhân (lòng nhân ái, lòng thương người)",bộ thủ,chars/4EC1.json
仂,B,lè,dư ra; một phần mười,"từ liên quan, câu liên quan, Hán Việt",chars/4EC2.json
仃,B,dīng,một mình,câu liên quan,chars/4EC3.json
仄,C,zè,nghiêng; hẹp,"bộ thủ, câu liên quan",chars/4EC4.json
仅,A,jǐn,chỉ,Hán Việt,chars/4EC5.json
仈,C,Bā,họ [Ba1],"bộ thủ, từ liên quan, câu liên quan, Hán Việt",chars/4EC8.json
仉,C,Zhǎng,họ [Zhang3],"bộ thủ, từ liên quan, câu liên quan",chars/4EC9.json
今,C,jīn,bây giờ; thời gian hiện tại,bộ thủ,chars/4ECA.json
仌,C,bīng,biến thể cũ của 冰[bing1],"bộ thủ, từ liên quan, câu liên quan, Hán Việt",chars/4ECC.json
仍,C,réng,vẫn,bộ thủ,chars/4ECD.json
从,C,cóng,từ,bộ thủ,chars/4ECE.json
仏,C,fó,biến thể tiếng Nhật của 佛,"bộ thủ, từ liên quan, câu liên quan, Hán Việt",chars/4ECF.json
仑,C,lún,sắp xếp,bộ thủ,chars/4ED1.json
仒,C,xx,"một trong những chữ được dùng trong kwukyel (phiên âm ""eo"" hoặc ""sya""), một hệ thống chữ viết cổ của Hàn Quốc","bộ thủ, từ liên quan, câu liên quan, Hán Việt",chars/4ED2.json
仓,C,cāng,kho; thương khố,"bộ thủ, Hán Việt",chars/4ED3.json
仚,C,xiān,biến thể cũ của 仙[xian1],"bộ thủ, từ liên quan, câu liên quan, Hán Việt",chars/4EDA.json
仞,C,rèn,(đơn vị đo lường),"bộ thủ, từ liên quan, câu liên quan, Hán Việt",chars/4EDE.json
仟,B,qiān,nghìn (chữ số tránh gian lận của ngân hàng),"từ liên quan, câu liên quan, Hán Việt",chars/4EDF.json
仡,C,Gē,"dùng trong 仡佬族[Ge1 lao3 zu2], dân tộc Gelao hoặc Klau ở Quý Châu; phát âm ở Đài Loan: [qi4]","bộ thủ, câu liên quan, Hán Việt",chars/4EE1.json
以,C,yǐ,"vì, cho, bởi","bộ thủ, Hán Việt",chars/4EE5.json
仨,C,sā,ba (cách nói khẩu ngữ của 三個|三个),"bộ thủ, từ liên quan, câu liên quan, Hán Việt",chars/4EE8.json
仪,C,yí,thiết bị; nghi thức,bộ thủ,chars/4EEA.json
仫,B,mù,"dùng trong 仫佬族[Mu4 lao3 zu2], dân tộc Mulao của Quảng Tây","câu liên quan, Hán Việt",chars/4EEB.json
仮,C,jiǎ,biến thể tiếng Nhật của 假[jia3],"bộ thủ, từ liên quan, câu liên quan, Hán Việt",chars/4EEE.json
仰,C,yǎng,ngẩng mặt lên,bộ thủ,chars/4EF0.json
仲,C,Zhòng,họ [Zhong4],"bộ thủ, Hán Việt",chars/4EF2.json
仳,B,pǐ,chia lìa,"từ liên quan, câu liên quan, Hán Việt",chars/4EF3.json
仵,B,Wǔ,họ [Wu3],"câu liên quan, Hán Việt",chars/4EF5.json
伀,C,zhōng,bồn chồn; kích động,"bộ thủ, từ liên quan, câu liên quan, Hán Việt",chars/4F00.json
伄,B,diào,dùng trong 伄儅[diao4 dang1],"từ liên quan, câu liên quan, Hán Việt",chars/4F04.json
伇,C,yì,biến thể cũ của 役[yi4],"bộ thủ, từ liên quan, câu liên quan, Hán Việt",chars/4F07.json
伈,C,xǐn,lo lắng; sợ hãi,"bộ thủ, từ liên quan, câu liên quan, Hán Việt",chars/4F08.json
伉,B,kàng,vợ chồng; to cao,"câu liên quan, Hán Việt",chars/4F09.json
伋,C,jí,không thực,"bộ thủ, từ liên quan, câu liên quan, Hán Việt",chars/4F0B.json
伍,C,Wǔ,họ [Wu3],bộ thủ,chars/4F0D.json
伎,C,jì,nghệ thuật; tài năng,"bộ thủ, câu liên quan",chars/4F0E.json
伏,C,Fú,họ [Fu2],bộ thủ,chars/4F0F.json
伐,C,fá,chặt; hạ xuống,bộ thủ,chars/4F10.json
伕,C,fū,biến thể của 夫[fu1],"bộ thủ, từ liên quan, câu liên quan, Hán Việt",chars/4F15.json
优,A,yōu,tuyệt vời,Hán Việt,chars/4F18.json
伙,A,huǒ,bạn,Hán Việt,chars/4F19.json
会,C,huì,có thể,bộ thủ,chars/4F1A.json
伛,C,yǔ,gù lưng,"bộ thủ, từ liên quan, câu liên quan, Hán Việt",chars/4F1B.json
伜,C,cuì,biến thể của 倅[cui4],"bộ thủ, từ liên quan, câu liên quan, Hán Việt",chars/4F1C.json
伝,C,chuán,biến thể tiếng Nhật của 傳|传,"bộ thủ, từ liên quan, câu liên quan, Hán Việt",chars/4F1D.json
伞,C,sǎn,cái ô,bộ thủ,chars/4F1E.json
伢,B,yá,(phương ngữ) trẻ con,"câu liên quan, Hán Việt",chars/4F22.json
伣,C,qiàn,(cổ) như; là,"bộ thủ, từ liên quan, câu liên quan, Hán Việt",chars/4F23.json
伥,B,chāng,"(hình thức kết hợp) quỷ của người bị hổ ăn thịt, giúp hổ ăn thịt người khác",câu liên quan,chars/4F25.json
伧,C,cāng,kẻ hèn; mộc mạc,"bộ thủ, câu liên quan, Hán Việt",chars/4F27.json
伩,C,xìn,biến thể của 信[xin4] (ban đầu có nghĩa là một phần của đợt giản thể hóa thứ hai của chữ Hán),"bộ thủ, từ liên quan, câu liên quan",chars/4F29.json
伫,C,zhù,,"nghĩa, bộ thủ, từ liên quan, câu liên quan, Hán Việt",chars/4F2B.json
估,A,gū,ước lượng,Hán Việt,chars/4F30.json
伱,C,nǐ,biến thể cổ của 你[ni3],"bộ thủ, từ liên quan, câu liên quan, Hán Việt",chars/4F31.json
伲,B,nǐ,biến thể của 你[ni3],"từ liên quan, câu liên quan",chars/4F32.json
伶,B,líng,(cũ) diễn viên nam; diễn viên nữ; (hình thức không có nghĩa),câu liên quan,chars/4F36.json
伸,C,shēn,duỗi ra,"bộ thủ, Hán Việt",chars/4F38.json
伹,C,qū,vụng về và ngốc nghếch; chậm chạp,"bộ thủ, từ liên quan, câu liên quan, Hán Việt",chars/4F39.json
伺,A,cì,dùng trong 伺候[ci4hou5],Hán Việt,chars/4F3A.json
伻,C,bēng,gây ra,"bộ thủ, từ liên quan, câu liên quan, Hán Việt",chars/4F3B.json
伾,C,pī,nhiều; mạnh mẽ,"bộ thủ, từ liên quan, câu liên quan, Hán Việt",chars/4F3E.json
佃,C,diàn,nông dân,"bộ thủ, câu liên quan",chars/4F43.json
但,A,dàn,nhưng,Hán Việt,chars/4F46.json
佉,B,Qū,họ [Qu1],"từ liên quan, câu liên quan, Hán Việt",chars/4F49.json
佌,C,cǐ,nhỏ nhặt; đáng thương,"bộ thủ, từ liên quan, câu liên quan, Hán Việt",chars/4F4C.json
佑,A,yòu,(hình thức kết hợp) phù hộ; bảo vệ,Hán Việt,chars/4F51.json
何,A,Hé,họ [He2],Hán Việt,chars/4F55.json
佗,C,tuó,mang trên lưng,"bộ thủ, câu liên quan, Hán Việt",chars/4F57.json
佘,B,Shé,họ [She2],"từ liên quan, câu liên quan, Hán Việt",chars/4F58.json
余,C,yú,dư thừa,bộ thủ,chars/4F59.json
佚,C,Yì,họ [Yi4],"bộ thủ, câu liên quan",chars/4F5A.json
佝,C,gōu,dùng trong 佝僂|佝偻[gou1 lou2],"bộ thủ, câu liên quan, Hán Việt",chars/4F5D.json
佞,C,nìng,tâng bốc; xu nịnh,bộ thủ,chars/4F5E.json
佟,B,Tóng,họ [Tong2],"câu liên quan, Hán Việt",chars/4F5F.json
佡,C,xiān,"biến thể của 仙, bất tử; nhẹ (như lông)","bộ thủ, từ liên quan, câu liên quan, Hán Việt",chars/4F61.json
佢,C,qú,"(Quảng Đông) anh ấy, cô ấy, nó","bộ thủ, từ liên quan, câu liên quan, Hán Việt",chars/4F62.json
佣,C,yòng,tiền hoa hồng (cho người môi giới); phí môi giới,"bộ thủ, Hán Việt",chars/4F63.json
佤,B,wǎ,"nhóm dân tộc Wa, Kawa hoặc Va của Myanmar, nam Trung Quốc và Đông Nam Á","câu liên quan, Hán Việt",chars/4F64.json
佥,C,qiān,tất cả,"bộ thủ, từ liên quan, câu liên quan, Hán Việt",chars/4F65.json
佧,B,kǎ,tên gọi cổ cho một nhóm dân tộc ở Trung Quốc,"câu liên quan, Hán Việt",chars/4F67.json
佩,C,pèi,"kính trọng; đeo (thắt lưng,...)","bộ thủ, Hán Việt",chars/4F69.json
佪,C,huái,do dự; di chuyển qua lại,"bộ thủ, từ liên quan, câu liên quan, Hán Việt",chars/4F6A.json
佫,C,Hè,họ [He4],"bộ thủ, từ liên quan, câu liên quan, Hán Việt",chars/4F6B.json
佬,C,lǎo,nam; đàn ông (tiếng Quảng Đông),"bộ thủ, câu liên quan, Hán Việt",chars/4F6C.json
佯,B,yáng,giả vờ; giả bộ,"câu liên quan, Hán Việt",chars/4F6F.json
佰,C,bǎi,một trăm (chữ số phòng chống gian lận của ngân hàng),"bộ thủ, câu liên quan, Hán Việt",chars/4F70.json
佱,C,fǎ,biến thể cũ của 法[fa3],"bộ thủ, từ liên quan, câu liên quan, Hán Việt",chars/4F71.json
佴,C,èr,trợ lý,"bộ thủ, từ liên quan, câu liên quan, Hán Việt",chars/4F74.json
佶,B,jí,khó phát âm,"từ liên quan, câu liên quan, Hán Việt",chars/4F76.json
佷,C,hěn,hành động trái ngược,"bộ thủ, từ liên quan, câu liên quan, Hán Việt",chars/4F77.json
佸,C,huó,gặp gỡ,"bộ thủ, từ liên quan, câu liên quan, Hán Việt",chars/4F78.json
佹,C,guǐ,(văn học) ngang ngược; vô lý; (văn học) kỳ quặc; bí ẩn,"bộ thủ, từ liên quan, câu liên quan, Hán Việt",chars/4F79.json
佺,C,quán,tiên,"bộ thủ, từ liên quan, câu liên quan, Hán Việt",chars/4F7A.json
佻,C,tiāo,nông nổi; không vững,"bộ thủ, câu liên quan",chars/4F7B.json
佼,B,jiǎo,đẹp trai,"câu liên quan, Hán Việt",chars/4F7C.json
佽,B,Cì,họ [Ci4],"từ liên quan, câu liên quan, Hán Việt",chars/4F7D.json
佾,C,yì,hàng vũ công trong lễ tế,"bộ thủ, từ liên quan, câu liên quan, Hán Việt",chars/4F7E.json
侀,C,xíng,hình dạng; điều luật,"bộ thủ, từ liên quan, câu liên quan, Hán Việt",chars/4F80.json
侁,C,shēn,đám đông lớn,"bộ thủ, từ liên quan, câu liên quan, Hán Việt",chars/4F81.json
侂,C,tuō,giao phó; uỷ thác,"bộ thủ, từ liên quan, câu liên quan, Hán Việt",chars/4F82.json
侃,C,kǎn,ngay thẳng và trung thực; vui vẻ,"bộ thủ, Hán Việt",chars/4F83.json
侄,A,zhí,biến thể của 姪|侄[zhi2],Hán Việt,chars/4F84.json
侅,C,gāi,đưa cho; chuẩn bị để bao gồm trong,"bộ thủ, từ liên quan, câu liên quan",chars/4F85.json
侇,C,yí,(cũ) loại; hạng,"bộ thủ, từ liên quan, câu liên quan, Hán Việt",chars/4F87.json
侈,C,chǐ,xa hoa; lãng phí,bộ thủ,chars/4F88.json
侉,B,kuǎ,giọng nước ngoài,"từ liên quan, câu liên quan, Hán Việt",chars/4F89.json
侌,C,yīn,biến thể cũ của 陰|阴[yin1],"bộ thủ, từ liên quan, câu liên quan, Hán Việt",chars/4F8C.json
侍,A,shì,phục vụ; chăm sóc,Hán Việt,chars/4F8D.json
侏,B,zhū,người lùn,"câu liên quan, Hán Việt",chars/4F8F.json
侐,C,xù,tĩnh; lặng,"bộ thủ, từ liên quan, câu liên quan, Hán Việt",chars/4F90.json
侑,B,yòu,(văn học) mời ai đó (ăn hoặc uống),"từ liên quan, câu liên quan, Hán Việt",chars/4F91.json
侔,B,móu,tương tự; sánh được,"từ liên quan, câu liên quan",chars/4F94.json
侗,B,Dòng,dân tộc Đồng (còn gọi là người Kam),"câu liên quan, Hán Việt",chars/4F97.json
侘,C,chà,khoác lác; chán nản,"bộ thủ, từ liên quan, câu liên quan",chars/4F98.json
侚,C,xùn,(văn học) nhanh; biến thể của 殉[xun4],"bộ thủ, từ liên quan, câu liên quan, Hán Việt",chars/4F9A.json
侜,C,zhōu,che giấu; che đậy,"bộ thủ, từ liên quan, câu liên quan, Hán Việt",chars/4F9C.json
価,C,jià,biến thể Nhật Bản của 價|价,"bộ thủ, từ liên quan, câu liên quan, Hán Việt",chars/4FA1.json
侢,C,dài,biến thể cũ của 戴[dai4],"bộ thủ, từ liên quan, câu liên quan, Hán Việt",chars/4FA2.json
侥,B,jiǎo,do may mắn,câu liên quan,chars/4FA5.json
侩,C,kuài,người môi giới,"bộ thủ, câu liên quan",chars/4FA9.json
侪,B,chái,một nhóm; một công ty,"từ liên quan, câu liên quan, Hán Việt",chars/4FAA.json
侬,B,nóng,bạn (phương ngữ Ngô); tôi (văn học),"từ liên quan, câu liên quan",chars/4FAC.json
侮,C,wǔ,lăng mạ; chế nhạo,"bộ thủ, Hán Việt",chars/4FAE.json
侯,B,Hóu,họ [Hou2],câu liên quan,chars/4FAF.json
侵,C,qīn,xâm lược; xâm phạm,bộ thủ,chars/4FB5.json
侽,C,nán,biến thể cũ của 男[nan2],"bộ thủ, từ liên quan, câu liên quan, Hán Việt",chars/4FBD.json
促,C,cù,(hình thức kết hợp) thời gian ngắn; vội vàng; nhanh chóng; (hình thức kết hợp) thúc giục; thúc đẩy,bộ thủ,chars/4FC3.json
俄,A,E,Nga; tiếng Nga,Hán Việt,chars/4FC4.json
俅,C,qiú,mũ trang trí,"bộ thủ, từ liên quan, câu liên quan, Hán Việt",chars/4FC5.json
俉,B,wú,dùng trong 逢俉[feng2wu2],"từ liên quan, câu liên quan, Hán Việt",chars/4FC9.json
俎,C,zǔ,giá để đồ cúng,"bộ thủ, câu liên quan, Hán Việt",chars/4FCE.json
俏,C,qiào,ưa nhìn; quyến rũ,"bộ thủ, Hán Việt",chars/4FCF.json
俐,B,lì,thông minh,câu liên quan,chars/4FD0.json
俘,A,fú,bắt làm tù binh; tù binh chiến tranh,Hán Việt,chars/4FD8.json
俚,B,Lǐ,tên gọi cũ của dân tộc 黎[Li2],câu liên quan,chars/4FDA.json
俛,C,miǎn,khuyên bảo,"bộ thủ, từ liên quan, câu liên quan, Hán Việt",chars/4FDB.json
俜,C,pīng,gửi; để cho đi,"bộ thủ, từ liên quan, câu liên quan, Hán Việt",chars/4FDC.json
俞,C,Yú,họ [Yu2],"bộ thủ, câu liên quan, Hán Việt",chars/4FDE.json
俟,C,qí,dùng trong 万俟[Mo4 qi2],"bộ thủ, câu liên quan, Hán Việt",chars/4FDF.json
俣,B,yǔ,to lớn,"câu liên quan, Hán Việt",chars/4FE3.json
俤,C,dì,biến thể của 弟[di4],"bộ thủ, từ liên quan, câu liên quan, Hán Việt",chars/4FE4.json
俦,C,chóu,đồng chí; bạn bè,"bộ thủ, từ liên quan, câu liên quan, Hán Việt",chars/4FE6.json
俨,B,yǎn,uy nghiêm; trang trọng,câu liên quan,chars/4FE8.json
俩,A,liǎ,hai,Hán Việt,chars/4FE9.json
俪,B,lì,vợ chồng,"câu liên quan, Hán Việt",chars/4FEA.json
俯,A,fǔ,biến thể của 俯[fu3],Hán Việt,chars/4FEF.json
俳,B,pái,không nghiêm túc; chương trình tạp kỹ,"câu liên quan, Hán Việt",chars/4FF3.json
俴,C,jiàn,ngắn; nông,"bộ thủ, từ liên quan, câu liên quan, Hán Việt",chars/4FF4.json
俵,C,biǎo,phân phát; phát âm Đài Loan [biao3],"bộ thủ, từ liên quan, câu liên quan, Hán Việt",chars/4FF5.json
俶,C,chù,bắt đầu,"bộ thủ, từ liên quan, câu liên quan, Hán Việt",chars/4FF6.json
俷,C,fèi,(văn học) vi phạm (đạo đức),"bộ thủ, từ liên quan, câu liên quan, Hán Việt",chars/4FF7.json
俸,C,fèng,(dạng kết hợp) lương; trợ cấp,"bộ thủ, câu liên quan",chars/4FF8.json
俺,B,ǎn,tôi (phương ngữ miền Bắc),"từ liên quan, câu liên quan",chars/4FFA.json
俾,C,bǐ,gây ra; cho phép,"bộ thủ, câu liên quan, Hán Việt",chars/4FFE.json
倂,C,bìng,biến thể của 併|并[bing4],"bộ thủ, từ liên quan, câu liên quan",chars/5002.json
倃,C,jiù,nói xấu; phỉ báng,"bộ thủ, từ liên quan, câu liên quan, Hán Việt",chars/5003.json
倅,C,cuì,phụ; trợ,"bộ thủ, từ liên quan, câu liên quan, Hán Việt",chars/5005.json
倌,B,guān,người chăm sóc động vật; người chăn gia súc,"câu liên quan, Hán Việt",chars/500C.json
倍,C,bèi,"lần, bội số",bộ thủ,chars/500D.json
倏,B,shū,đột ngột; bất chợt,"câu liên quan, Hán Việt",chars/500F.json
倓,C,tán,yên tĩnh; bình yên,"bộ thủ, từ liên quan, câu liên quan, Hán Việt",chars/5013.json
倔,C,juè,bướng bỉnh,"bộ thủ, câu liên quan, Hán Việt",chars/5014.json
倚,B,yǐ,dựa vào,câu liên quan,chars/501A.json
倜,C,tì,năng động; cao quý,"bộ thủ, câu liên quan, Hán Việt",chars/501C.json
倝,C,gàn,bình minh (cổ đại),"bộ thủ, từ liên quan, câu liên quan, Hán Việt",chars/501D.json
倞,C,jìng,mạnh mẽ; quyền lực,"bộ thủ, từ liên quan, câu liên quan, Hán Việt",chars/501E.json
倡,C,chàng,khởi xướng; kích động,bộ thủ,chars/5021.json
倢,C,jié,đẹp trai,"bộ thủ, từ liên quan, câu liên quan, Hán Việt",chars/5022.json
値,C,zhí,biến thể của 值[zhi2],"bộ thủ, từ liên quan, câu liên quan",chars/5024.json
倥,B,kōng,ngu dốt; không có suy nghĩ,"câu liên quan, Hán Việt",chars/5025.json
倦,C,juàn,mệt mỏi,bộ thủ,chars/5026.json
倨,B,jù,(văn học) ngạo mạn; kiêu căng,"câu liên quan, Hán Việt",chars/5028.json
倩,C,qiàn,xinh đẹp; thu hút,"bộ thủ, câu liên quan",chars/5029.json
倪,C,Ní,họ [Ni2],bộ thủ,chars/502A.json
倬,B,zhuō,dễ thấy; lớn,"từ liên quan, câu liên quan",chars/502C.json
倭,B,wō,lùn; người Nhật (miệt thị) (cũ),câu liên quan,chars/502D.json
倮,B,luǒ,biến thể của 裸[luo3],"từ liên quan, câu liên quan, Hán Việt",chars/502E.json
倵,C,wǔ,(dùng trong tên riêng),"bộ thủ, từ liên quan, câu liên quan, Hán Việt",chars/5035.json
倶,C,jù,biến thể của 俱[ju4]; biến thể của 具[ju4],"bộ thủ, từ liên quan, câu liên quan, Hán Việt",chars/5036.json
倷,C,nǎi,mày (tiếng địa phương),"bộ thủ, từ liên quan, câu liên quan, Hán Việt",chars/5037.json
倹,C,jiǎn,biến thể tiếng Nhật của 儉|俭[jian3],"bộ thủ, từ liên quan, câu liên quan, Hán Việt",chars/5039.json
债,C,zhài,nợ,bộ thủ,chars/503A.json
倻,B,yē,"dùng để biểu thị âm ""ya"" trong tên Hàn Quốc","từ liên quan, câu liên quan, Hán Việt",chars/503B.json
值,A,zhí,"giá, giá trị",Hán Việt,chars/503C.json
倽,C,shá,biến thể cũ của 啥[sha2],"bộ thủ, từ liên quan, câu liên quan, Hán Việt",chars/503D.json
偁,C,chēng,biến thể của 稱|称[cheng1],"bộ thủ, từ liên quan, câu liên quan, Hán Việt",chars/5041.json
偃,B,Yǎn,họ [Yan3],câu liên quan,chars/5043.json
假,A,jiǎ,giả; giả mạo; giả vờ,Hán Việt,chars/5047.json
偈,C,jì,thánh ca Phật giáo; kệ,"bộ thủ, từ liên quan, câu liên quan",chars/5048.json
偌,B,ruò,quá; vậy,"câu liên quan, Hán Việt",chars/504C.json
偎,C,wēi,âu yếm,"bộ thủ, Hán Việt",chars/504E.json
偓,C,wò,bị gò bó,"bộ thủ, từ liên quan, câu liên quan, Hán Việt",chars/5053.json
偕,A,xié,cùng với,Hán Việt,chars/5055.json
做,C,zuò,làm,"bộ thủ, Hán Việt",chars/505A.json
偝,C,bèi,không vâng lời; đứng quay lưng vào nhau,"bộ thủ, từ liên quan, câu liên quan, Hán Việt",chars/505D.json
偟,C,huáng,(văn học) thời gian rảnh rỗi; nhàn hạ; bối rối; lo lắng (biến thể của 惶[huang2]),"bộ thủ, từ liên quan, câu liên quan, Hán Việt",chars/505F.json
偢,C,chǒu,nhìn chằm chằm,"bộ thủ, từ liên quan, câu liên quan, Hán Việt",chars/5062.json
偨,C,cī,không đồng đều,"bộ thủ, từ liên quan, câu liên quan",chars/5068.json
偩,C,fù,dựa vào; giống như,"bộ thủ, từ liên quan, câu liên quan, Hán Việt",chars/5069.json
偫,C,zhì,chờ đợi; đặt ở,"bộ thủ, từ liên quan, câu liên quan, Hán Việt",chars/506B.json
偬,C,zǒng,bận rộn; vội vã,"bộ thủ, câu liên quan, Hán Việt",chars/506C.json
偭,C,miǎn,vi phạm,"bộ thủ, từ liên quan, câu liên quan, Hán Việt",chars/506D.json
偯,C,yǐ,khóc nức nở,"bộ thủ, từ liên quan, câu liên quan, Hán Việt",chars/506F.json
偰,C,xiè,hợp đồng (biến thể của 契[qi4]),"bộ thủ, từ liên quan, câu liên quan, Hán Việt",chars/5070.json
偱,C,xún,kể,"bộ thủ, từ liên quan, câu liên quan, Hán Việt",chars/5071.json
偲,C,sī,(văn học) uyên bác; học rộng; (văn học) tài hoa; tài năng xuất chúng,"bộ thủ, từ liên quan, câu liên quan, Hán Việt",chars/5072.json
偷,A,tōu,ăn cắp,Hán Việt,chars/5077.json
偸,C,tōu,biến thể của 偷[tou1],"bộ thủ, từ liên quan, câu liên quan, Hán Việt",chars/5078.json
偻,B,lóu,gù lưng,câu liên quan,chars/507B.json
偾,B,fèn,xúi giục; phá hoại,"từ liên quan, câu liên quan, Hán Việt",chars/507E.json
偿,A,cháng,hoàn trả; bồi thường,Hán Việt,chars/507F.json
傀,B,guī,to lớn; kỳ lạ; ngoại lai,"câu liên quan, Hán Việt",chars/5080.json
傅,C,Fù,họ [Fu4],bộ thủ,chars/5085.json
傈,B,Lì,dùng trong 傈僳[Lợi Tố],"câu liên quan, Hán Việt",chars/5088.json
傍,C,bàng,gần; cặp kè,bộ thủ,chars/508D.json
傎,C,diān,đảo lộn; sai lầm,"bộ thủ, từ liên quan, câu liên quan, Hán Việt",chars/508E.json
傒,C,xī,(cũ) người Giang Tây 江西[Jiang1 xi1]; đợi,"bộ thủ, từ liên quan, câu liên quan, Hán Việt",chars/5092.json
傓,C,shān,biến thể cũ của 煽[shan1],"bộ thủ, từ liên quan, câu liên quan, Hán Việt",chars/5093.json
傔,C,qiàn,người hầu,"bộ thủ, từ liên quan, câu liên quan, Hán Việt",chars/5094.json
傕,B,Jué,họ [Jue2],"từ liên quan, câu liên quan, Hán Việt",chars/5095.json
傜,C,yáo,bộ lạc Dao,"bộ thủ, từ liên quan, câu liên quan, Hán Việt",chars/509C.json
傞,C,suō,không đồng đều; không vững (khi nhảy),"bộ thủ, từ liên quan, câu liên quan, Hán Việt",chars/509E.json
傣,B,Dǎi,nhóm dân tộc Dai (người Thái gốc Trung Quốc),"câu liên quan, Hán Việt",chars/50A3.json
傤,C,zài,tải; hàng hóa,"bộ thủ, từ liên quan, câu liên quan, Hán Việt",chars/50A4.json
傥,B,tǎng,nếu; không ngờ,"câu liên quan, Hán Việt",chars/50A5.json
傧,C,bīn,phù rể; tiếp đãi,"bộ thủ, câu liên quan, Hán Việt",chars/50A7.json
储,A,Chǔ,họ [Chu3]; tiếng Đài Loan [Chu2],Hán Việt,chars/50A8.json
傩,B,nuó,trừ tà,"câu liên quan, Hán Việt",chars/50A9.json
傮,C,zāo,"hoàn thành, đi xung quanh","bộ thủ, từ liên quan, câu liên quan, Hán Việt",chars/50AE.json
傺,B,chì,giam giữ; cản trở,"từ liên quan, câu liên quan, Hán Việt",chars/50BA.json
傻,A,shǎ,ngu ngốc,Hán Việt,chars/50BB.json
傿,B,Yān,tên của một vị tiên; tên địa danh cổ,"từ liên quan, câu liên quan, Hán Việt",chars/50BF.json
僃,C,bèi,biến thể cũ của 備|备[bei4],"bộ thủ, từ liên quan, câu liên quan, Hán Việt",chars/50C3.json
僄,C,piào,nhẹ; thoăn thoắt,"bộ thủ, từ liên quan, câu liên quan",chars/50C4.json
僇,C,lù,khinh miệt; xúc phạm,"bộ thủ, từ liên quan, câu liên quan, Hán Việt",chars/50C7.json
働,C,xx,(chữ quốc tự Nhật Bản) lao động; làm việc,"bộ thủ, từ liên quan, câu liên quan, Hán Việt",chars/50CD.json
僎,C,zhuàn,thu thập,"bộ thủ, từ liên quan, câu liên quan, Hán Việt",chars/50CE.json
僔,C,zǔn,tập hợp; chen chúc,"bộ thủ, từ liên quan, câu liên quan, Hán Việt",chars/50D4.json
僖,C,Xī,họ [Xi1],"bộ thủ, câu liên quan, Hán Việt",chars/50D6.json
僜,C,Dèng,dân tộc Đặng ở Tây Tạng,"bộ thủ, từ liên quan, câu liên quan, Hán Việt",chars/50DC.json
僝,C,chán,chửi rủa; lăng mạ,"bộ thủ, từ liên quan, câu liên quan, Hán Việt",chars/50DD.json
僣,C,jiàn,vượt quyền; chiếm đoạt quyền lực,"bộ thủ, từ liên quan, câu liên quan, Hán Việt",chars/50E3.json
僦,B,jiù,(văn học) thuê; mướn,"từ liên quan, câu liên quan, Hán Việt",chars/50E6.json
僩,C,xiàn,can đảm; anh dũng,"bộ thủ, từ liên quan, câu liên quan, Hán Việt",chars/50E9.json
僬,B,Jiāo,dùng trong 僬僥|僬侥[jiao1 yao2]; dùng trong 僬僬[jiao1 jiao1],"từ liên quan, câu liên quan, Hán Việt",chars/50EC.json
僭,B,jiàn,(hình thức ràng buộc) vượt quyền,câu liên quan,chars/50ED.json
僮,C,Zhuàng,"biến thể cũ của 壯|壮, dân tộc Choang ở Quảng Tây","bộ thủ, câu liên quan",chars/50EE.json
僯,C,lǐn,xấu hổ,"bộ thủ, từ liên quan, câu liên quan, Hán Việt",chars/50EF.json
僰,C,Bó,tên một dân tộc,"bộ thủ, từ liên quan, câu liên quan, Hán Việt",chars/50F0.json
僳,B,Sù,dân tộc Lisu ở Vân Nam,"câu liên quan, Hán Việt",chars/50F3.json
僴,C,xiàn,biến thể cũ của 僩[xian4],"bộ thủ, từ liên quan, câu liên quan, Hán Việt",chars/50F4.json
僵,A,jiāng,bế tắc,Hán Việt,chars/50F5.json
僻,A,pì,(hình thức kết hợp) hẻo lánh; xa xôi,Hán Việt,chars/50FB.json
僾,C,ài,không rõ; mơ hồ,"bộ thủ, từ liên quan, câu liên quan, Hán Việt",chars/50FE.json
僿,C,sài,"nhỏ bé, vụn vặt; thiếu chân thành","bộ thủ, từ liên quan, câu liên quan, Hán Việt",chars/50FF.json
儃,C,chán,thiếu quyết đoán; lưỡng lự,"bộ thủ, từ liên quan, câu liên quan, Hán Việt",chars/5103.json
儅,B,dāng,dừng lại,"từ liên quan, câu liên quan, Hán Việt",chars/5105.json
儆,B,jǐng,cảnh báo; khuyên răn,"câu liên quan, Hán Việt",chars/5106.json
儇,B,xuān,(văn học) tài tình; (văn học) phù phiếm,"câu liên quan, Hán Việt",chars/5107.json
儊,C,chù,thô ráp và gồ ghề,"bộ thủ, từ liên quan, câu liên quan, Hán Việt",chars/510A.json
儋,B,dān,mang; vác,"câu liên quan, Hán Việt",chars/510B.json
儌,C,jiǎo,bằng may mắn,"bộ thủ, từ liên quan, câu liên quan, Hán Việt",chars/510C.json
儍,C,shǎ,biến thể của 傻[sha3],"bộ thủ, từ liên quan, câu liên quan, Hán Việt",chars/510D.json
儓,C,tái,người hầu,"bộ thủ, từ liên quan, câu liên quan, Hán Việt",chars/5113.json
儜,C,níng,yếu mệt; mệt mỏi,"bộ thủ, từ liên quan, câu liên quan, Hán Việt",chars/511C.json
儞,C,nǐ,biến thể cũ của 你[ni3],"bộ thủ, từ liên quan, câu liên quan, Hán Việt",chars/511E.json
儡,B,lěi,làm bị thương; rối,"câu liên quan, Hán Việt",chars/5121.json
儤,C,bào,trực đêm,"bộ thủ, từ liên quan, câu liên quan, Hán Việt",chars/5124.json
儦,C,biāo,đi qua đi lại,"bộ thủ, từ liên quan, câu liên quan, Hán Việt",chars/5126.json
儩,C,sì,kết thúc; hoàn thành,"bộ thủ, từ liên quan, câu liên quan, Hán Việt",chars/5129.json
儭,C,chèn,hỗ trợ; bố thí,"bộ thủ, từ liên quan, câu liên quan, Hán Việt",chars/512D.json
儱,C,lǒng,thô lỗ; man rợ,"bộ thủ, từ liên quan, câu liên quan, Hán Việt",chars/5131.json
儳,C,chàn,không đều; trộn lẫn,"bộ thủ, từ liên quan, câu liên quan",chars/5133.json
儹,C,zǎn,"tích luỹ, dự trữ, tích trữ","bộ thủ, từ liên quan, câu liên quan, Hán Việt",chars/5139.json
儽,C,lěi,"lười; mệt mỏi, kiệt sức","bộ thủ, từ liên quan, câu liên quan, Hán Việt",chars/513D.json
儿,A,rén,"biến thể của 人[ren2]; bộ ""nhân"" trong chữ Hán (bộ Khang Hy số 10), xuất hiện trong 兒, 兀, 兄, v.v.",Hán Việt,chars/513F.json
兀,C,Wù,họ [Wu4],bộ thủ,chars/5140.json
允,C,yǔn,công bằng; công chính,"bộ thủ, Hán Việt",chars/5141.json
元,C,yuán,nhân dân tệ,bộ thủ,chars/5143.json
兆,C,Zhào,họ [Zhao4],bộ thủ,chars/5146.json
克,C,kè,gam,bộ thủ,chars/514B.json
免,C,miǎn,miễn,bộ thủ,chars/514D.json
児,C,ér,biến thể tiếng Nhật của 兒|儿[er2],"bộ thủ, từ liên quan, câu liên quan, Hán Việt",chars/5150.json
兔,C,tù,biến thể của 兔[tu4],bộ thủ,chars/5154.json
兕,C,sì,"động vật được nhắc đến trong văn bản cổ, giống trâu (một số nói là tê giác hoặc tê giác cái)","bộ thủ, từ liên quan, câu liên quan, Hán Việt",chars/5155.json
兖,C,Yǎn,dùng trong 兗州|兖州[Yan3 zhou1],"bộ thủ, câu liên quan, Hán Việt",chars/5156.json
兘,C,shǐ,biến thể cũ của 始[shi3],"bộ thủ, từ liên quan, câu liên quan, Hán Việt",chars/5158.json
兙,C,shí kè,đềca (cũ) (tương đương một chữ của 十克[shi2 ke4]),"bộ thủ, từ liên quan, câu liên quan, Hán Việt",chars/5159.json
党,A,dǎng,đảng,Hán Việt,chars/515A.json
兛,C,qiān kè,kilôgam (cũ) (tương đương một chữ của 千克[qian1 ke4]),"bộ thủ, từ liên quan, câu liên quan, Hán Việt",chars/515B.json
兜,C,dōu,di chuyển xung quanh,bộ thủ,chars/515C.json
兝,C,fēn kè,đề-xi-gram (cũ) (chữ đơn tương đương với 分克[fen1 ke4]),"bộ thủ, từ liên quan, câu liên quan, Hán Việt",chars/515D.json
兞,C,háo kè,mi-li-gram (cũ) (chữ đơn tương đương với 毫克[hao2 ke4]),"bộ thủ, từ liên quan, câu liên quan, Hán Việt",chars/515E.json
兟,C,shēn,tiến lên,"bộ thủ, từ liên quan, câu liên quan, Hán Việt",chars/515F.json
兡,C,bǎi kè,héc-tô-gam (cũ) (chữ đơn tương đương với 百克[bai3 ke4]),"bộ thủ, từ liên quan, câu liên quan, Hán Việt",chars/5161.json
兢,C,jīng,lo sợ; e ngại,bộ thủ,chars/5162.json
兣,C,lí kè,xentigam (cũ) (chữ đơn tương đương với 釐克|厘克[li2 ke4]),"bộ thủ, từ liên quan, câu liên quan, Hán Việt",chars/5163.json
兪,C,yú,biến thể của 俞[yu2],"bộ thủ, từ liên quan, câu liên quan, Hán Việt",chars/516A.json
公,C,gōng,đực,bộ thủ,chars/516C.json
六,C,liù,sáu,bộ thủ,chars/516D.json
兮,B,xī,"(trợ từ trong tiếng Trung cổ, tương tự như 啊)",câu liên quan,chars/516E.json
兰,A,Lán,"họ [Lan2]; viết tắt của Lan Châu 蘭州|兰州[Lan2zhou1], Cam Túc",Hán Việt,chars/5170.json
共,C,gòng,cùng nhau,bộ thủ,chars/5171.json
兲,C,tiān,biến thể của 天[tian1],"bộ thủ, từ liên quan, câu liên quan, Hán Việt",chars/5172.json
兴,C,Xīng,họ [Xing1],bộ thủ,chars/5174.json
其,C,qí,của anh ấy; của cô ấy,bộ thủ,chars/5176.json
典,C,diǎn,kinh điển; pháp luật,bộ thủ,chars/5178.json
兹,C,zī,này,"bộ thủ, câu liên quan, Hán Việt",chars/5179.json
养,C,yǎng,nuôi dưỡng,bộ thủ,chars/517B.json
兽,C,shòu,quái thú; động vật,bộ thủ,chars/517D.json
冀,C,Jì,tên gọi tắt của Hà Bắc 河北[He2bei3]; họ [Ji4],"bộ thủ, câu liên quan, Hán Việt",chars/5180.json
冁,C,chǎn,mỉm cười,"bộ thủ, từ liên quan, câu liên quan, Hán Việt",chars/5181.json
冂,B,gōng,"Ðất ở xa ngoài bờ cõi tường thành, tượng trưng hình bao tường thành.Miền ở ngoài rừng","từ liên quan, câu liên quan, Hán Việt",chars/5182.json
冃,C,mào,biến thể cũ của 帽[mao4]; mũ,"bộ thủ, từ liên quan, câu liên quan, Hán Việt",chars/5183.json
円,C,yuán,đồng yên (tiền tệ Nhật Bản); biến thể tiếng Nhật của 圓|圆,"bộ thủ, từ liên quan, câu liên quan, Hán Việt",chars/5186.json
冇,C,mǎo,không có (tiếng Quảng Đông) (tương đương trong tiếng Quan Thoại: 沒有|没有[mei2 you3]),"bộ thủ, từ liên quan, câu liên quan, Hán Việt",chars/5187.json
冈,A,gāng,rặng; đồi,Hán Việt,chars/5188.json
冉,C,rǎn,biến thể của 冉[ran3],"bộ thủ, câu liên quan",chars/5189.json
冋,C,jiōng,biến thể cổ của 坰[jiong1],"bộ thủ, từ liên quan, câu liên quan, Hán Việt",chars/518B.json
册,C,cè,tập sách,bộ thủ,chars/518C.json
冎,C,guǎ,,"nghĩa, bộ thủ, từ liên quan, câu liên quan, Hán Việt",chars/518E.json
冏,C,jiǒng,"cây đay (Abutilon avicennae), thực vật họ đay; sáng sủa","bộ thủ, từ liên quan, câu liên quan, Hán Việt",chars/518F.json
冑,C,zhòu,biến thể của 胄[zhou4],"bộ thủ, từ liên quan, câu liên quan, Hán Việt",chars/5191.json
冒,C,mào,xuất hiện,bộ thủ,chars/5192.json
冓,C,gòu,phòng trong của cung điện; mười tỷ,"bộ thủ, từ liên quan, câu liên quan, Hán Việt",chars/5193.json
冔,C,xǔ,mũ của triều đại Ân,"bộ thủ, từ liên quan, câu liên quan, Hán Việt",chars/5194.json
冕,C,miǎn,vương miện dạng tấm ngang với đồ trang trí treo; miện hoàng gia,"bộ thủ, câu liên quan",chars/5195.json
冖,B,mì,trùm khăn lên đâu,"từ liên quan, câu liên quan, Hán Việt",chars/5196.json
冗,C,rǒng,không cần thiết; thừa,bộ thủ,chars/5197.json
冘,C,yín,tiến lên; tiến tới,"bộ thủ, từ liên quan, câu liên quan",chars/5198.json
冝,C,yí,,"nghĩa, bộ thủ, từ liên quan, câu liên quan, Hán Việt",chars/519D.json
冞,C,mí,sâu,"bộ thủ, từ liên quan, câu liên quan, Hán Việt",chars/519E.json
冠,C,Guàn,họ [Guan4],bộ thủ,chars/51A0.json
冡,C,méng,biến thể cũ của 蒙[meng2],"bộ thủ, từ liên quan, câu liên quan",chars/51A1.json
冢,B,zhǒng,gò đất; gò chôn cất,"câu liên quan, Hán Việt",chars/51A2.json
冣,B,jù,biến thể cũ của 聚[ju4],"từ liên quan, câu liên quan, Hán Việt",chars/51A3.json
冤,C,yuān,"xui xẻo, mất mát",bộ thủ,chars/51A4.json
冥,C,míng,biến thể cũ của 冥[ming2],bộ thủ,chars/51A5.json
冧,C,lín,(tiếng Quảng Đông) đổ; ngã,"bộ thủ, từ liên quan, câu liên quan, Hán Việt",chars/51A7.json
冫,B,bīng,"băng tuyết, nước đá","từ liên quan, câu liên quan, Hán Việt",chars/51AB.json
冯,B,Féng,họ [Feng2],"câu liên quan, Hán Việt",chars/51AF.json
冱,B,hù,đông cứng; bị đóng băng,"từ liên quan, câu liên quan, Hán Việt",chars/51B1.json
冶,C,yě,nấu chảy; đúc,"bộ thủ, câu liên quan",chars/51B6.json
冼,C,Xiǎn,họ [Xian3],"bộ thủ, câu liên quan, Hán Việt",chars/51BC.json
冽,B,liè,lạnh và khắc nghiệt,câu liên quan,chars/51BD.json
净,A,jìng,làm sạch,Hán Việt,chars/51C0.json
凃,C,tú,biến thể cũ của 涂[tu2],"bộ thủ, từ liên quan, câu liên quan, Hán Việt",chars/51C3.json
凄,A,qī,lạnh thấu xương; băng giá,Hán Việt,chars/51C4.json
凅,C,gù,khô cạn; khô kiệt,"bộ thủ, từ liên quan, câu liên quan, Hán Việt",chars/51C5.json
凇,B,sōng,băng tuyết đọng,"câu liên quan, Hán Việt",chars/51C7.json
凊,C,jìng,(văn học) lạnh; mát,"bộ thủ, từ liên quan, câu liên quan, Hán Việt",chars/51CA.json
凋,B,diāo,héo úa,"câu liên quan, Hán Việt",chars/51CB.json
凑,A,còu,tập hợp,Hán Việt,chars/51D1.json
凓,C,lì,lạnh; băng giá,"bộ thủ, từ liên quan, câu liên quan, Hán Việt",chars/51D3.json
凔,C,cāng,lạnh,"bộ thủ, từ liên quan, câu liên quan, Hán Việt",chars/51D4.json
凞,C,xī,sáng rực; lộng lẫy,"bộ thủ, từ liên quan, câu liên quan, Hán Việt",chars/51DE.json
凟,C,dú,biến thể của 瀆|渎[du2],"bộ thủ, từ liên quan, câu liên quan, Hán Việt",chars/51DF.json
凡,C,fán,mọi,bộ thủ,chars/51E1.json
凥,C,jū,biến thể cũ của 居[ju1],"bộ thủ, từ liên quan, câu liên quan, Hán Việt",chars/51E5.json
処,B,chǔ,biến thể cũ của 處|处[chu3],"từ liên quan, câu liên quan, Hán Việt",chars/51E6.json
凫,B,fú,vịt mallard; Anas platyrhyncha,"câu liên quan, Hán Việt",chars/51EB.json
凭,C,píng,dựa vào,bộ thủ,chars/51ED.json
凮,C,fēng,biến thể cũ của 風|风[feng1],"bộ thủ, từ liên quan, câu liên quan, Hán Việt",chars/51EE.json
凰,A,huáng,phượng hoàng,Hán Việt,chars/51F0.json
凳,A,dèng,ghế dài; đôn,Hán Việt,chars/51F3.json
凵,B,kăn,Há miệng,"từ liên quan, câu liên quan, Hán Việt",chars/51F5.json
凶,C,xiōng,dữ dội,bộ thủ,chars/51F6.json
凸,C,tū,lồi,"bộ thủ, Hán Việt",chars/51F8.json
凹,C,āo,lõm,"bộ thủ, Hán Việt",chars/51F9.json
击,C,jī,"đánh, đập, tấn công","bộ thủ, Hán Việt",chars/51FB.json
凼,C,dàng,vũng; hố,"bộ thủ, từ liên quan, câu liên quan, Hán Việt",chars/51FC.json
函,C,hán,phong bì; hộp,bộ thủ,chars/51FD.json
凿,C,záo,đục,bộ thủ,chars/51FF.json
刁,C,Diāo,họ [Diao1],bộ thủ,chars/5201.json
刂,B,dāo,con dao.,"từ liên quan, câu liên quan, Hán Việt",chars/5202.json
刃,C,rèn,cạnh của lưỡi dao,"bộ thủ, câu liên quan",chars/5203.json
刅,C,chuāng,,"nghĩa, từ liên quan, câu liên quan, Hán Việt",chars/5205.json
刈,B,yì,gặt,"từ liên quan, câu liên quan, Hán Việt",chars/5208.json
刌,C,cǔn,(văn học) cắt đứt; chia cắt,"bộ thủ, từ liên quan, câu liên quan",chars/520C.json
刍,C,chú,cắt cỏ; khô,"bộ thủ, câu liên quan",chars/520D.json
刎,B,wěn,cắt ngang (cổ họng),câu liên quan,chars/520E.json
划,A,huá,chèo,Hán Việt,chars/5212.json
刓,C,wán,gọt giũa,"bộ thủ, từ liên quan, câu liên quan, Hán Việt",chars/5213.json
刖,B,yuè,cắt cụt một hoặc cả hai chân (hình phạt trong thời Trung Hoa cổ đại) (một trong năm hình phạt tàn khốc 五刑[wu3 xing2]),"từ liên quan, câu liên quan, Hán Việt",chars/5216.json
刘,B,Liú,họ [Liu2],"câu liên quan, Hán Việt",chars/5218.json
刚,A,gāng,vừa mới,Hán Việt,chars/521A.json
创,A,chuàng,khởi xướng,Hán Việt,chars/521B.json
刜,C,fú,chặt; đánh,"bộ thủ, từ liên quan, câu liên quan, Hán Việt",chars/521C.json
刞,C,qù,biến thể cũ của 耝[qu4],"bộ thủ, từ liên quan, câu liên quan, Hán Việt",chars/521E.json
删,C,shān,xóa bỏ,bộ thủ,chars/5220.json
刡,C,mǐn,cạo; gọt,"bộ thủ, từ liên quan, câu liên quan, Hán Việt",chars/5221.json
刨,B,páo,bào,câu liên quan,chars/5228.json
别,C,bié,đừng,bộ thủ,chars/522B.json
刬,C,chǎn,biến thể của 鏟|铲[chan3],"bộ thủ, từ liên quan, câu liên quan, Hán Việt",chars/522C.json
刭,B,jǐng,cắt cổ,"từ liên quan, câu liên quan, Hán Việt",chars/522D.json
刮,A,guā,cạo,Hán Việt,chars/522E.json
刱,C,chuàng,biến thể của 創|创[chuang1],"bộ thủ, từ liên quan, câu liên quan, Hán Việt",chars/5231.json
刲,C,kuī,mổ xẻ và làm sạch,"bộ thủ, từ liên quan, câu liên quan, Hán Việt",chars/5232.json
刳,B,kū,mổ; xé toạc,"từ liên quan, câu liên quan, Hán Việt",chars/5233.json
刴,C,duò,biến thể của 剁[duo4],"bộ thủ, từ liên quan, câu liên quan, Hán Việt",chars/5234.json
刵,C,èr,hình phạt cắt tai,"bộ thủ, từ liên quan, câu liên quan, Hán Việt",chars/5235.json
券,A,quàn,"chứng chỉ, vé",Hán Việt,chars/5238.json
刹,A,chà,"chùa, đền hoặc miếu Phật giáo (viết tắt của 剎多羅|刹多罗[cha4duo1luo2], tiếng Phạn ""ksetra"")",Hán Việt,chars/5239.json
刽,B,guì,cắt cụt; cắt đứt,"câu liên quan, Hán Việt",chars/523D.json
刾,C,cì,biến thể cũ của 刺[ci4],"bộ thủ, từ liên quan, câu liên quan, Hán Việt",chars/523E.json
刿,B,guì,cắt; tổn thương,"từ liên quan, câu liên quan, Hán Việt",chars/523F.json
剀,B,kǎi,dùng trong 剴切|剀切[kai3 qie4],"từ liên quan, câu liên quan, Hán Việt",chars/5240.json
剁,B,duò,"băm nhỏ (thịt, v.v.); chặt đứt (tay người, v.v.)","câu liên quan, Hán Việt",chars/5241.json
剃,B,tì,cạo,"câu liên quan, Hán Việt",chars/5243.json
剌,B,lá,rạch,"câu liên quan, Hán Việt",chars/524C.json
剐,B,guǎ,cắt xẻo thịt như một hình phạt,"câu liên quan, Hán Việt",chars/5250.json
剒,C,cuò,cắt; khắc,"bộ thủ, từ liên quan, câu liên quan, Hán Việt",chars/5252.json
剔,A,tī,"bóc thịt khỏi xương; xỉa (răng,...)",Hán Việt,chars/5254.json
剕,C,fèi,"hình phạt chặt chân tay; biến thể của 腓, bắp chân","bộ thủ, từ liên quan, câu liên quan, Hán Việt",chars/5255.json
剚,C,zì,dựng; đâm,"bộ thủ, từ liên quan, câu liên quan, Hán Việt",chars/525A.json
剜,B,wān,móc ra; moi ra,"từ liên quan, câu liên quan, Hán Việt",chars/525C.json
剞,B,jī,dùng trong 剞劂[ji1 jue2],"từ liên quan, câu liên quan, Hán Việt",chars/525E.json
剟,C,duō,"chích; khắc bản, chạm khắc","bộ thủ, từ liên quan, câu liên quan, Hán Việt",chars/525F.json
剡,B,shàn,sông ở Chiết Giang,"từ liên quan, câu liên quan, Hán Việt",chars/5261.json
剣,C,jiàn,biến thể tiếng Nhật của 劍|剑,"bộ thủ, từ liên quan, câu liên quan, Hán Việt",chars/5263.json
剤,C,jì,biến thể tiếng Nhật của 劑|剂,"bộ thủ, từ liên quan, câu liên quan, Hán Việt",chars/5264.json
剩,A,shèng,"còn lại, dư lại; còn thừa",Hán Việt,chars/5269.json
剰,C,shèng,biến thể Nhật Bản của 剩[sheng4],"bộ thủ, từ liên quan, câu liên quan, Hán Việt",chars/5270.json
剳,C,dá,lưỡi câu; lưỡi liềm,"bộ thủ, từ liên quan, câu liên quan, Hán Việt",chars/5273.json
剸,C,tuán,chém,"bộ thủ, từ liên quan, câu liên quan, Hán Việt",chars/5278.json
剺,C,lí,vết cứa,"bộ thủ, từ liên quan, câu liên quan, Hán Việt",chars/527A.json
剽,B,piāo,cướp; nhanh nhẹn,"câu liên quan, Hán Việt",chars/527D.json
劁,B,qiāo,thiến gia súc,"từ liên quan, câu liên quan, Hán Việt",chars/5281.json
劂,B,jué,dùng trong 剞劂[ji1jue2],"từ liên quan, câu liên quan",chars/5282.json
劄,C,zhā,châm bằng kim,"bộ thủ, từ liên quan, câu liên quan",chars/5284.json
劈,B,pī,"chẻ, bổ","câu liên quan, Hán Việt",chars/5288.json
劐,B,huō,(thông tục) rạch bằng dao; (biến thể của 耠[huo1]) cuốc,"từ liên quan, câu liên quan, Hán Việt",chars/5290.json
劓,C,yì,cắt mũi,"bộ thủ, từ liên quan, câu liên quan, Hán Việt",chars/5293.json
劖,C,chán,khoan; cắt,"bộ thủ, từ liên quan, câu liên quan, Hán Việt",chars/5296.json
劘,C,mó,đẽo,"bộ thủ, từ liên quan, câu liên quan, Hán Việt",chars/5298.json
劙,C,lí,"chia ra, phân chia","bộ thủ, từ liên quan, câu liên quan, Hán Việt",chars/5299.json
劝,C,quàn,khuyên,bộ thủ,chars/529D.json
劢,B,mài,nỗ lực,"từ liên quan, câu liên quan, Hán Việt",chars/52A2.json
劣,C,liè,"kém, tệ, dở","bộ thủ, Hán Việt",chars/52A3.json
劦,B,liè,nỗ lực không ngừng,"từ liên quan, câu liên quan, Hán Việt",chars/52A6.json
努,A,nǔ,nỗ lực; cố gắng,Hán Việt,chars/52AA.json
劫,A,jié,cướp,Hán Việt,chars/52AB.json
劬,B,qú,lao động,"từ liên quan, câu liên quan",chars/52AC.json
劭,B,Shào,họ [Shao4],"câu liên quan, Hán Việt",chars/52AD.json
劮,C,yì,biến thể cũ của 逸[yi4]; nhàn nhã,"bộ thủ, từ liên quan, câu liên quan, Hán Việt",chars/52AE.json
労,C,láo,biến thể Nhật Bản của 勞|劳,"bộ thủ, từ liên quan, câu liên quan, Hán Việt",chars/52B4.json
劵,B,juàn,biến thể cũ của 倦[juan4],"từ liên quan, câu liên quan, Hán Việt",chars/52B5.json
劻,C,kuāng,nhiệt huyết,"bộ thủ, từ liên quan, câu liên quan, Hán Việt",chars/52BB.json
劼,B,jié,cẩn thận; chăm chỉ,"từ liên quan, câu liên quan, Hán Việt",chars/52BC.json
劾,B,hé,luận tội,câu liên quan,chars/52BE.json
勄,C,mǐn,biến thể cũ của 敏[min3],"bộ thủ, từ liên quan, câu liên quan, Hán Việt",chars/52C4.json
勈,B,yǒng,biến thể cũ của 勇[yong3],"từ liên quan, câu liên quan, Hán Việt",chars/52C8.json
勍,C,qíng,mãnh liệt; mạnh mẽ,"bộ thủ, từ liên quan, câu liên quan, Hán Việt",chars/52CD.json
勐,B,měng,"mạnh (đơn vị hành chính cũ ở khu vực người Dai, Vân Nam); biến thể của 猛[meng3]","câu liên quan, Hán Việt",chars/52D0.json
勔,C,miǎn,biến thể của 勉[mian3],"bộ thủ, từ liên quan, câu liên quan, Hán Việt",chars/52D4.json
勖,B,xù,khích lệ; kích thích,"từ liên quan, câu liên quan",chars/52D6.json
勗,C,xù,khích lệ; kích thích,"bộ thủ, từ liên quan, câu liên quan, Hán Việt",chars/52D7.json
勚,C,yì,(văn học) vất vả; cực nhọc,"bộ thủ, từ liên quan, câu liên quan, Hán Việt",chars/52DA.json
募,A,mù,quyên góp; thu thập,Hán Việt,chars/52DF.json
勧,C,quàn,biến thể tiếng Nhật của 勸|劝,"bộ thủ, từ liên quan, câu liên quan, Hán Việt",chars/52E7.json
勯,C,dān,kiệt sức,"bộ thủ, từ liên quan, câu liên quan, Hán Việt",chars/52EF.json
勰,C,xié,hài hòa,"bộ thủ, từ liên quan, câu liên quan, Hán Việt",chars/52F0.json
勷,C,ráng,vội vã,"bộ thủ, từ liên quan, câu liên quan, Hán Việt",chars/52F7.json
勹,B,bāo,"Bọc, bao, gói.(Hình người khom lưng để ôm một vật)","từ liên quan, câu liên quan, Hán Việt",chars/52F9.json
勺,C,sháo,muỗng,bộ thủ,chars/52FA.json
勾,C,gōu,đánh dấu,"bộ thủ, Hán Việt",chars/52FE.json
匀,C,yún,đều; phân bố đều,"bộ thủ, Hán Việt",chars/5300.json
匁,C,xx,"(chữ Hán Nhật Bản) momme (đơn vị trọng lượng của Nhật, bằng 3,75 gram)","bộ thủ, từ liên quan, câu liên quan, Hán Việt",chars/5301.json
包,C,bāo,gói,bộ thủ,chars/5305.json
匆,C,cōng,vội vàng; gấp gáp,"bộ thủ, Hán Việt",chars/5306.json
匈,B,Xiōng,Hungary; người Hungary,câu liên quan,chars/5308.json
匉,C,pēng,tiếng nước chảy,"bộ thủ, từ liên quan, câu liên quan, Hán Việt",chars/5309.json
匊,C,jū,biến thể của 掬[ju1],"bộ thủ, từ liên quan, câu liên quan, Hán Việt",chars/530A.json
匋,B,táo,gốm sứ,"từ liên quan, câu liên quan, Hán Việt",chars/530B.json
匍,B,pú,dùng trong 匍匐[pu2 fu2],câu liên quan,chars/530D.json
匏,C,páo,quả bầu; Lagenaria vulgaris,"bộ thủ, từ liên quan, câu liên quan",chars/530F.json
匐,B,fú,dùng trong 匍匐[pu2 fu2],câu liên quan,chars/5310.json
匑,C,gōng,cúi chào; chào,"bộ thủ, từ liên quan, câu liên quan, Hán Việt",chars/5311.json
匔,C,gōng,biến thể cũ của 匑[gong1],"bộ thủ, từ liên quan, câu liên quan, Hán Việt",chars/5314.json
匕,B,bǐ,"Cái thìa, cái muỗng, còn có nghĩa để so sánh, như nói cuộc đời yên lặng thì gọi là ""trủy xưởng bất kinh"" 匕鬯不驚 nghĩa là vẫn được vô sự mà ăn uống yên lành","câu liên quan, Hán Việt",chars/5315.json
北,A,běi,bắc,Hán Việt,chars/5317.json
匘,C,nǎo,biến thể cũ của 腦|脑[nao3],"bộ thủ, từ liên quan, câu liên quan, Hán Việt",chars/5318.json
匙,A,chí,cái thìa,Hán Việt,chars/5319.json
匚,B,fāng,Cái đồ để đựng đồ,"từ liên quan, câu liên quan, Hán Việt",chars/531A.json
匜,C,yí,chậu rửa có tay cầm dạng ống,"bộ thủ, từ liên quan, câu liên quan, Hán Việt",chars/531C.json
匝,C,zā,(văn học) bao quanh; đi vòng quanh; bao bọc; (văn học) toàn bộ; đầy đủ,"bộ thủ, câu liên quan",chars/531D.json
匞,C,jiàng,biến thể cũ của 匠[jiang4],"bộ thủ, từ liên quan, câu liên quan, Hán Việt",chars/531E.json
匠,C,jiàng,thợ thủ công,"bộ thủ, Hán Việt",chars/5320.json
匡,B,Kuāng,họ [Kuang1],câu liên quan,chars/5321.json
匦,B,guǐ,hộp nhỏ,"từ liên quan, câu liên quan, Hán Việt",chars/5326.json
匧,B,qiè,biến thể cũ của 篋|箧[qie4],"từ liên quan, câu liên quan, Hán Việt",chars/5327.json
匴,C,suǎn,dụng cụ tre dùng để đãi gạo thời cổ đại; vật đựng bằng tre cho mũ dùng trong lễ đội mũ 冠禮|冠礼[guan4 li3] thời cổ đại,"bộ thủ, từ liên quan, câu liên quan, Hán Việt",chars/5334.json
匵,C,dú,biến thể cũ của 櫝|椟[du2],"bộ thủ, từ liên quan, câu liên quan, Hán Việt",chars/5335.json
匶,C,jiù,biến thể cũ của 柩[jiu4],"bộ thủ, từ liên quan, câu liên quan, Hán Việt",chars/5336.json
匸,B,Hì,"Che đậy.(Tượng hình cái nắp đậy ở trên, giấu phần ở dưới)","từ liên quan, câu liên quan, Hán Việt",chars/5338.json
匹,C,pǐ,từ đo lường cho ngựa,bộ thủ,chars/5339.json
匽,B,yǎn,"giấu, tiết ra, kiềm chế; uốn cong","từ liên quan, câu liên quan, Hán Việt",chars/533D.json
匾,C,biǎn,"biển hiệu, hoành phi","bộ thủ, Hán Việt",chars/533E.json
卂,C,xùn,(cổ) bay nhanh,"bộ thủ, từ liên quan, câu liên quan, Hán Việt",chars/5342.json
卄,C,niàn,"hai mươi, thứ hai mươi","bộ thủ, từ liên quan, câu liên quan, Hán Việt",chars/5344.json
卅,C,sà,ba mươi,"bộ thủ, câu liên quan",chars/5345.json
卆,C,zú,"biến thể của 卒[zu2], lính; chết","bộ thủ, từ liên quan, câu liên quan, Hán Việt",chars/5346.json
升,C,shēng,lít,bộ thủ,chars/5347.json
午,C,wǔ,"địa chi thứ 7: 11 giờ sáng-1 giờ chiều, buổi trưa, tháng âm lịch thứ 5 (6 tháng 6-6 tháng 7), năm Ngọ; hướng la bàn cổ đại Trung Quốc: 180° (nam)",bộ thủ,chars/5348.json
卉,C,huì,cây cối,"bộ thủ, Hán Việt",chars/5349.json
卋,C,shì,biến thể cũ của 世[shi4],"bộ thủ, từ liên quan, câu liên quan, Hán Việt",chars/534B.json
卌,C,xì,bốn mươi,"bộ thủ, từ liên quan, câu liên quan",chars/534C.json
卍,C,wàn,"chữ vạn, một biểu tượng linh thiêng và cát tường trong Ấn Độ giáo, Phật giáo và Kỳ Na giáo","bộ thủ, từ liên quan, câu liên quan, Hán Việt",chars/534D.json
华,C,Huá,viết tắt của Trung Quốc,bộ thủ,chars/534E.json
协,C,xié,hợp tác; hoa giải,bộ thủ,chars/534F.json
卐,C,wàn,"chữ vạn, một biểu tượng linh thiêng và cát tường trong Ấn Độ giáo, Phật giáo và Kỳ Na giáo, sau này được Đức Quốc Xã sử dụng","bộ thủ, từ liên quan, câu liên quan, Hán Việt",chars/5350.json
卑,C,bēi,thấp; hèn,"bộ thủ, Hán Việt",chars/5351.json
卒,B,zú,biến thể của 卒[zu2],câu liên quan,chars/5352.json
卓,C,Zhuó,họ [Zhuo2],bộ thủ,chars/5353.json
单,C,dān,đơn,bộ thủ,chars/5355.json
卖,C,mài,bán,bộ thủ,chars/5356.json
南,C,nán,nam,bộ thủ,chars/5357.json
単,C,dān,biến thể Nhật Bản của 單|单,"bộ thủ, từ liên quan, câu liên quan, Hán Việt",chars/5358.json
卛,C,lǜ,biến thể cũ của 率[lu:4],"bộ thủ, từ liên quan, câu liên quan, Hán Việt",chars/535B.json
卝,C,guàn,hai búi tóc trên đầu trẻ con,"bộ thủ, từ liên quan, câu liên quan, Hán Việt",chars/535D.json
卞,C,Biàn,họ [Bian4],"bộ thủ, từ liên quan, câu liên quan",chars/535E.json
卟,C,bǔ,dùng trong phiên âm tên của các hợp chất hữu cơ porphyrin 卟啉[bu3 lin2] và porphin 卟吩[bu3 fen1],"bộ thủ, câu liên quan, Hán Việt",chars/535F.json
卡,C,kǎ,thẻ,"bộ thủ, Hán Việt",chars/5361.json
卢,B,Lú,họ [Lu2]; viết tắt của Luxembourg 盧森堡|卢森堡[Lu2sen1bao3],câu liên quan,chars/5362.json
卣,C,yǒu,đồ đựng rượu,"bộ thủ, từ liên quan, câu liên quan, Hán Việt",chars/5363.json
卤,C,lǔ,kho trong nước tương và gia vị,"bộ thủ, Hán Việt",chars/5364.json
卧,A,wò,nằm; ngủ,Hán Việt,chars/5367.json
卨,C,xiè,dùng trong tên cổ; tương tự âm tiết 'seol' dùng trong tên Hàn Quốc,"bộ thủ, từ liên quan, câu liên quan, Hán Việt",chars/5368.json
卩,B,jié,Đốt tre,"từ liên quan, câu liên quan, Hán Việt",chars/5369.json
卪,C,jié,biến thể cổ của 節|节[jie2],"bộ thủ, từ liên quan, câu liên quan, Hán Việt",chars/536A.json
卫,C,Wèi,"họ [Wei4]; nước chư hầu thời nhà Chu (1066-221 TCN), nằm ở tỉnh Hà Nam và Hà Bắc ngày nay",bộ thủ,chars/536B.json
卬,B,Ang,họ [Ang2],"từ liên quan, câu liên quan",chars/536C.json
卮,C,zhī,cốc rượu,"bộ thủ, từ liên quan, câu liên quan, Hán Việt",chars/536E.json
卯,C,mǎo,"lỗ mộng (rãnh khoét trong gỗ để nhận mộng); chi thứ 4 trong 12 địa chi: 5-7 giờ sáng, tháng thứ 2 âm lịch (6 tháng 3-4 tháng 4), năm Mão","bộ thủ, câu liên quan",chars/536F.json
卲,C,Shào,họ [Shao4],"bộ thủ, từ liên quan, câu liên quan",chars/5372.json
即,C,jí,tức là,bộ thủ,chars/5373.json
却,A,què,nhưng,Hán Việt,chars/5374.json
卵,C,luǎn,trứng,"bộ thủ, câu liên quan, Hán Việt",chars/5375.json
卸,A,xiè,dỡ hàng,Hán Việt,chars/5378.json
卺,C,jǐn,cốc rượu lễ cưới,"bộ thủ, từ liên quan, câu liên quan, Hán Việt",chars/537A.json
卼,C,wù,khó chịu; không vững,"bộ thủ, từ liên quan, câu liên quan, Hán Việt",chars/537C.json
卽,C,jí,biến thể của 即[ji2]; ngay lập tức,"bộ thủ, từ liên quan, câu liên quan, Hán Việt",chars/537D.json
卿,C,qīng,quan chức cấp cao (xưa); cách gọi thân mật giữa vợ chồng (xưa),"bộ thủ, câu liên quan",chars/537F.json
厂,A,chǎng,nhà máy,Hán Việt,chars/5382.json
厃,C,wěi,,"nghĩa, bộ thủ, từ liên quan, câu liên quan, Hán Việt",chars/5383.json
厄,C,è,khốn khổ,bộ thủ,chars/5384.json
厅,A,tīng,hội trường,Hán Việt,chars/5385.json
历,A,lì,biến thể cũ của 曆|历[li4]; biến thể cũ của 歷|历[li4],Hán Việt,chars/5386.json
厍,B,Shè,họ [She4],"từ liên quan, câu liên quan, Hán Việt",chars/538D.json
厎,C,zhǐ,đá mài,"bộ thủ, từ liên quan, câu liên quan, Hán Việt",chars/538E.json
厐,C,páng,"biến thể của 龐|庞[pang2], to lớn; khổng lồ","bộ thủ, từ liên quan, câu liên quan, Hán Việt",chars/5390.json
厓,C,yá,dạng cũ của 崖 (vách đá) và 涯 (bờ),"bộ thủ, từ liên quan, câu liên quan",chars/5393.json
厔,C,zhì,khúc sông,"bộ thủ, từ liên quan, câu liên quan",chars/5394.json
厕,A,cè,biến thể của 廁|厕[ce4],Hán Việt,chars/5395.json
厖,C,páng,to lớn,"bộ thủ, từ liên quan, câu liên quan, Hán Việt",chars/5396.json
厗,C,tí,"đá hoặc khoáng vật cổ, có thể liên quan đến antimon Sb 銻|锑[ti1]","bộ thủ, từ liên quan, câu liên quan, Hán Việt",chars/5397.json
厚,A,hòu,dày,Hán Việt,chars/539A.json
厜,C,zuī,đỉnh núi,"bộ thủ, từ liên quan, câu liên quan, Hán Việt",chars/539C.json
厝,C,cuò,đặt vào chỗ; đặt,"bộ thủ, câu liên quan",chars/539D.json
厞,C,fèi,che giấu; nơi ẩn náu,"bộ thủ, từ liên quan, câu liên quan, Hán Việt",chars/539E.json
厣,C,yǎn,nắp đậy nhỏ (tiếng La-tinh: little lid); một mảnh che (trong các nhánh khác nhau của giải phẫu),"bộ thủ, từ liên quan, câu liên quan, Hán Việt",chars/53A3.json
厥,C,jué,ngất; mất ý thức,"bộ thủ, câu liên quan, Hán Việt",chars/53A5.json
厨,A,chú,biến thể cũ của 廚|厨[chu2],Hán Việt,chars/53A8.json
厩,B,jiù,chuồng ngựa; nhà kho,"câu liên quan, Hán Việt",chars/53A9.json
厪,B,jǐn,túp lều,"từ liên quan, câu liên quan, Hán Việt",chars/53AA.json
厮,B,sī,biến thể của 廝|厮[si1],"câu liên quan, Hán Việt",chars/53AE.json
厰,C,chǎng,biến thể của 廠|厂[chang3],"bộ thủ, từ liên quan, câu liên quan, Hán Việt",chars/53B0.json
厳,C,yán,biến thể Nhật Bản của 嚴|严,"bộ thủ, từ liên quan, câu liên quan, Hán Việt",chars/53B3.json
厶,B,sī,Riêng tư,"từ liên quan, câu liên quan, Hán Việt",chars/53B6.json
厷,C,gōng,biến thể cũ của 肱[gong1],"bộ thủ, từ liên quan, câu liên quan, Hán Việt",chars/53B7.json
厹,C,qiú,cây giáo,"bộ thủ, từ liên quan, câu liên quan, Hán Việt",chars/53B9.json
厺,C,qù,biến thể cũ của 去[qu4],"bộ thủ, từ liên quan, câu liên quan, Hán Việt",chars/53BA.json
厼,C,xx,"một trong những ký tự được dùng trong kwukyel (phát âm ""keum""), một hệ thống chữ viết cổ của Hàn Quốc","bộ thủ, từ liên quan, câu liên quan, Hán Việt",chars/53BC.json
厾,C,dū,gõ nhẹ,"bộ thủ, từ liên quan, câu liên quan, Hán Việt",chars/53BE.json
叀,C,zhuān,,"nghĩa, bộ thủ, từ liên quan, câu liên quan, Hán Việt",chars/53C0.json
叁,C,sān,biến thể của 參|叁[san1],"bộ thủ, từ liên quan, câu liên quan, Hán Việt",chars/53C1.json
参,C,cān,biến thể của 參|参[can1],bộ thủ,chars/53C2.json
叄,C,sān,biến thể của 參|叁[san1],"bộ thủ, từ liên quan, câu liên quan, Hán Việt",chars/53C4.json
叆,C,ài,trời mù mịt; bầu trời nhiều mây,"bộ thủ, từ liên quan, câu liên quan, Hán Việt",chars/53C6.json
叇,C,dài,xem 靉靆|叆叇[ai4 dai4],"bộ thủ, từ liên quan, câu liên quan, Hán Việt",chars/53C7.json
叉,C,chā,cái nĩa,"bộ thủ, Hán Việt",chars/53C9.json
収,C,shōu,biến thể của 收[shou1],"bộ thủ, từ liên quan, câu liên quan, Hán Việt",chars/53CE.json
发,C,fā,gửi,bộ thủ,chars/53D1.json
叒,C,ruò,biến thể cũ của 若[ruo4]; ngoan ngoãn,"bộ thủ, từ liên quan, câu liên quan, Hán Việt",chars/53D2.json
叕,C,zhuó,kết hợp lại; thiếu,"bộ thủ, từ liên quan, câu liên quan, Hán Việt",chars/53D5.json
叙,A,xù,biến thể của 敘|叙[xu4],Hán Việt,chars/53D9.json
叛,C,pàn,phản bội; nổi loạn,bộ thủ,chars/53DB.json
叟,B,sǒu,cụ ông; ông lão,"câu liên quan, Hán Việt",chars/53DF.json
叠,C,dié,chồng,bộ thủ,chars/53E0.json
古,C,gǔ,cổ,bộ thủ,chars/53E4.json
叨,A,dāo,lắm lời,Hán Việt,chars/53E8.json
叩,B,kòu,gõ; dập đầu,câu liên quan,chars/53E9.json
只,C,zhǐ,chỉ,bộ thủ,chars/53EA.json
叱,B,chì,la mắng; quát tháo,câu liên quan,chars/53F1.json
史,C,Shǐ,họ [Shi3],bộ thủ,chars/53F2.json
叵,C,pǒ,không; sau đó,"bộ thủ, câu liên quan, Hán Việt",chars/53F5.json
叶,A,xié,hòa hợp,Hán Việt,chars/53F6.json
司,C,Sī,họ [Si1],bộ thủ,chars/53F8.json
叹,C,tàn,thở dài; cảm thán,bộ thủ,chars/53F9.json
叻,C,lè,(dùng trong địa danh),"bộ thủ, từ liên quan, câu liên quan",chars/53FB.json
叼,B,diāo,ngậm,"từ liên quan, câu liên quan, Hán Việt",chars/53FC.json
叽,B,jī,cằn nhằn,"câu liên quan, Hán Việt",chars/53FD.json
吅,C,sòng,biến thể của 訟|讼[song4],"bộ thủ, từ liên quan, câu liên quan, Hán Việt",chars/5405.json
吆,B,yāo,hét; lèo nhèo,"câu liên quan, Hán Việt",chars/5406.json
吊,C,diào,treo,"bộ thủ, Hán Việt",chars/540A.json
吋,C,cùn,inch (tiếng Anh),"bộ thủ, từ liên quan, câu liên quan, Hán Việt",chars/540B.json
后,C,hòu,sau,bộ thủ,chars/540E.json
吏,C,lì,quan chức hoặc nhân viên chính phủ nhỏ (cổ),bộ thủ,chars/540F.json
吒,B,zhā,"dùng cho âm ""zha"" trong tên của một số nhân vật huyền thoại (ví dụ 哪吒[Ne2 zha1]); cách phát âm ở Đài Loan: [zha4]",câu liên quan,chars/5412.json
吔,C,yē,"từ tượng thanh biểu thị ngạc nhiên, kinh ngạc và thở dài","bộ thủ, từ liên quan, câu liên quan",chars/5414.json
吕,C,Lǚ,họ [Lu:3],"bộ thủ, câu liên quan",chars/5415.json
吖,B,ā,(dùng trong phiên âm tên hoá học),"từ liên quan, câu liên quan, Hán Việt",chars/5416.json
吜,C,chǒu,(từ tượng thanh),"bộ thủ, từ liên quan, câu liên quan, Hán Việt",chars/541C.json
吝,C,lìn,(hình thức kết hợp) keo kiệt,bộ thủ,chars/541D.json
吞,A,tūn,nuốt,Hán Việt,chars/541E.json
吠,C,fèi,sủa,"bộ thủ, câu liên quan, Hán Việt",chars/5420.json
吡,B,bǐ,dùng làm phiên âm bi- hoặc pi-,"câu liên quan, Hán Việt",chars/5421.json
吣,B,qìn,nôn mửa (chó mèo); mắng nhiếc,"từ liên quan, câu liên quan",chars/5423.json
吥,C,bù,dùng phiên âm trong 嗊吥|唝吥[Gong4 bu4],"bộ thủ, từ liên quan, câu liên quan, Hán Việt",chars/5425.json
否,C,fǒu,phủ định; từ chối,bộ thủ,chars/5426.json
吪,C,é,cử động,"bộ thủ, từ liên quan, câu liên quan",chars/542A.json
吭,A,háng,cổ họng,Hán Việt,chars/542D.json
吮,B,shǔn,mút,"câu liên quan, Hán Việt",chars/542E.json
启,C,qǐ,biến thể của 啟|启[qi3],"bộ thủ, Hán Việt",chars/542F.json
吰,C,hóng,loảng xoảng,"bộ thủ, từ liên quan, câu liên quan, Hán Việt",chars/5430.json
吱,B,zhī,(từ tượng thanh) kẽo kẹt hoặc rên rỉ,câu liên quan,chars/5431.json
吲,C,yǐn,dùng trong 吲哚[yin3 duo3],"bộ thủ, câu liên quan",chars/5432.json
吴,B,Wú,"họ [Wu2]; khu vực gồm phía nam Giang Tô, phía bắc Chiết Giang và Thượng Hải",câu liên quan,chars/5434.json
吽,C,hōng,âm thanh của thần chú Phật giáo,"bộ thủ, từ liên quan, câu liên quan, Hán Việt",chars/543D.json
吾,B,Wú,họ [Wu2],câu liên quan,chars/543E.json
呃,B,è,(thán từ); nấc cụt,câu liên quan,chars/5443.json
呇,C,qǐ,ngôi sao,"bộ thủ, từ liên quan, câu liên quan, Hán Việt",chars/5447.json
呉,C,Wú,biến thể Nhật Bản của 吳|吴[Wu2],"bộ thủ, từ liên quan, câu liên quan, Hán Việt",chars/5449.json
告,C,gào,tố cáo,"bộ thủ, Hán Việt",chars/544A.json
呋,B,fū,"dùng để phiên âm, ví dụ: 呋喃[fu1 nan2], furan hoặc 呋喃西林[fu1 nan2 xi1 lin2], furacilinum; biến thể cũ của 趺[fu1]","câu liên quan, Hán Việt",chars/544B.json
呎,B,chǐ,"foot (đơn vị độ dài bằng 0,3048 m); dạng cũ của 英尺[ying1 chi3]","từ liên quan, câu liên quan",chars/544E.json
呏,C,shēng,gallon; quart,"bộ thủ, từ liên quan, câu liên quan, Hán Việt",chars/544F.json
呑,B,tūn,biến thể của 吞[tun1],"từ liên quan, câu liên quan, Hán Việt",chars/5451.json
呒,B,fǔ,bối rối; ngạc nhiên,"từ liên quan, câu liên quan, Hán Việt",chars/5452.json
呓,B,yì,nói mớ,"câu liên quan, Hán Việt",chars/5453.json
呔,C,tāi,(thán từ) này!; tiếng Đài Loan đọc là [tai5],"bộ thủ, từ liên quan, câu liên quan, Hán Việt",chars/5454.json
呕,A,ǒu,nôn mửa,Hán Việt,chars/5455.json
呖,B,lì,âm thanh xé toạc; răng rắc,"từ liên quan, câu liên quan",chars/5456.json
呗,B,bài,"(hình thức kết hợp) tụng (từ tiếng Phạn ""pāṭhaka"")","từ liên quan, câu liên quan, Hán Việt",chars/5457.json
呙,C,Guō,họ [Guo1],"bộ thủ, từ liên quan, câu liên quan",chars/5459.json
呛,A,qiāng,bị nghẹn,Hán Việt,chars/545B.json
呝,C,è,biến thể cũ của 呃[e4],"bộ thủ, từ liên quan, câu liên quan, Hán Việt",chars/545D.json
呠,C,pēn,phun; thổi ra,"bộ thủ, từ liên quan, câu liên quan",chars/5460.json
呡,C,wěn,khóe miệng; môi,"bộ thủ, từ liên quan, câu liên quan",chars/5461.json
呣,B,m,thán từ biểu thị câu hỏi,"từ liên quan, câu liên quan, Hán Việt",chars/5463.json
呤,B,líng,dùng trong 呤呤[ling2 ling2],câu liên quan,chars/5464.json
呦,B,yōu,"Ô! (thán từ biểu lộ sự thất vọng, v.v.); dùng trong 呦呦[you1 you1]","từ liên quan, câu liên quan",chars/5466.json
呧,C,dǐ,chọc tức,"bộ thủ, từ liên quan, câu liên quan, Hán Việt",chars/5467.json
周,C,zhōu,tuần,bộ thủ,chars/5468.json
呫,C,tiè,dùng trong 呫嚅[che4 ru2],"bộ thủ, từ liên quan, câu liên quan",chars/546B.json
呬,C,xì,nghỉ ngơi,"bộ thủ, từ liên quan, câu liên quan, Hán Việt",chars/546C.json
呯,C,píng,"(từ tượng thanh) đùng! (cồng, súng nổ, v.v.)","bộ thủ, từ liên quan, câu liên quan, Hán Việt",chars/546F.json
呰,C,zǐ,phỉ báng; trách mắng,"bộ thủ, từ liên quan, câu liên quan, Hán Việt",chars/5470.json
呱,B,gū,âm thanh khóc của trẻ con,câu liên quan,chars/5471.json
呲,B,cī,(thông tục) mắng; phê bình,"câu liên quan, Hán Việt",chars/5472.json
呴,C,xū,hà hơi; ngáp,"bộ thủ, từ liên quan, câu liên quan",chars/5474.json
呶,B,náo,"ồn ào; (từ tượng thanh) ""nhìn kìa!""","từ liên quan, câu liên quan",chars/5476.json
呷,B,xiā,nhấm nháp; uống; tiếng địa phương Đài Loan [xia2],"từ liên quan, câu liên quan, Hán Việt",chars/5477.json
呸,B,pēi,pè!; bah!,"từ liên quan, câu liên quan",chars/5478.json
呺,C,xiāo,giọng tức giận; rộng lớn,"bộ thủ, từ liên quan, câu liên quan, Hán Việt",chars/547A.json
呻,A,shēn,(văn học) ngâm; tụng; đọc; (hình thức kết hợp) rên rỉ,Hán Việt,chars/547B.json
呿,C,qū,ngáp,"bộ thủ, từ liên quan, câu liên quan",chars/547F.json
咁,C,gān,vậy (tiếng Quảng Đông); tương đương trong Quan Thoại: 這樣|这样[zhe4 yang4],"bộ thủ, từ liên quan, câu liên quan",chars/5481.json
咂,B,zā,nhấp; mém môi,câu liên quan,chars/5482.json
咄,B,duō,"(cũ) (thán từ biểu thị không tán thành, thương hại, v.v.) chậc!; Phiên âm Đài Loan: [duo4]",câu liên quan,chars/5484.json
咅,C,pǒu,pooh; pah,"bộ thủ, từ liên quan, câu liên quan, Hán Việt",chars/5485.json
咆,B,páo,gầm rú,câu liên quan,chars/5486.json
咇,C,bì,thơm,"bộ thủ, từ liên quan, câu liên quan, Hán Việt",chars/5487.json
咈,C,fú,phản đối,"bộ thủ, từ liên quan, câu liên quan",chars/5488.json
咋,B,zǎ,tương đương trong phương ngữ của 怎麼|怎么[zen3 me5],câu liên quan,chars/548B.json
咍,C,hāi,(thán từ); vui vẻ,"bộ thủ, từ liên quan, câu liên quan",chars/548D.json
咎,B,jiù,lỗi; đổ lỗi,"câu liên quan, Hán Việt",chars/548E.json
咑,B,dā,đa! (âm thanh dùng để lùa động vật),"từ liên quan, câu liên quan, Hán Việt",chars/5491.json
咒,C,zhòu,biến thể của 咒[zhou4],bộ thủ,chars/5492.json
咔,B,kǎ,"(dùng như phiên âm ""ka"")","câu liên quan, Hán Việt",chars/5494.json
咕,A,gū,"(từ tượng thanh) cho tiếng chim, bụng đói, v.v.",Hán Việt,chars/5495.json
咖,A,kā,dùng trong 咖喱[ga1 li2],Hán Việt,chars/5496.json
咗,C,zuǒ,tiểu từ Quảng Đông tương đương với 了[le5] hoặc 過|过[guo4],"bộ thủ, từ liên quan, câu liên quan, Hán Việt",chars/5497.json
咚,B,dōng,(từ tượng thanh) bùm (tiếng trống); gõ (cửa),câu liên quan,chars/549A.json
咛,B,níng,dặn dò,"câu liên quan, Hán Việt",chars/549B.json
咝,B,sī,(từ tượng thanh) xì; rít,"từ liên quan, câu liên quan, Hán Việt",chars/549D.json
咠,C,qì,"thì thầm; trách, vu khống","bộ thủ, từ liên quan, câu liên quan",chars/54A0.json
咡,C,èr,khoảng cách giữa miệng và tai,"bộ thủ, từ liên quan, câu liên quan, Hán Việt",chars/54A1.json
咢,C,è,đánh trống; làm giật mình,"bộ thủ, từ liên quan, câu liên quan",chars/54A2.json
咣,B,guāng,(tượng thanh) rầm; cửa đóng sầm,câu liên quan,chars/54A3.json
咤,B,zhà,dùng trong 叱咤[chi4 zha4],"câu liên quan, Hán Việt",chars/54A4.json
咥,B,dié,gặm; cắn,"từ liên quan, câu liên quan",chars/54A5.json
咦,B,yí,biểu cảm ngạc nhiên,"từ liên quan, câu liên quan, Hán Việt",chars/54A6.json
咨,A,zī,tư vấn,Hán Việt,chars/54A8.json
咩,C,miē,tiếng kêu be be của cừu; hậu tố biến câu trần thuật thành câu hỏi biểu thị nghi ngờ hoặc ngạc nhiên (tiếng Quảng Đông),"bộ thủ, từ liên quan, câu liên quan, Hán Việt",chars/54A9.json
咪,B,mī,âm thanh gọi mèo,"câu liên quan, Hán Việt",chars/54AA.json
咫,C,zhǐ,đơn vị đo chiều dài 8 inch của triều đại Chu,"bộ thủ, câu liên quan, Hán Việt",chars/54AB.json
咭,B,jī,biến thể của 嘰|叽[ji1],"từ liên quan, câu liên quan",chars/54AD.json
咮,C,zhòu,mỏ chim; mổ vào,"bộ thủ, từ liên quan, câu liên quan",chars/54AE.json
咯,B,gē,(phiên âm),câu liên quan,chars/54AF.json
咱,A,zán,"tôi, chúng tôi",Hán Việt,chars/54B1.json
咴,B,huī,hí; tiếng ngựa kêu,"từ liên quan, câu liên quan, Hán Việt",chars/54B4.json
咸,C,xián,mặn,"bộ thủ, Hán Việt",chars/54B8.json
咹,C,è,hả?,"bộ thủ, từ liên quan, câu liên quan",chars/54B9.json
咺,C,xuǎn,rạng rỡ; nức nở,"bộ thủ, từ liên quan, câu liên quan, Hán Việt",chars/54BA.json
咻,B,xiū,gọi lớn; chế giễu,câu liên quan,chars/54BB.json
咾,B,lǎo,một tiếng ồn; một âm thanh,"từ liên quan, câu liên quan",chars/54BE.json
咿,B,yī,biến thể của 咿[yi1],"từ liên quan, câu liên quan, Hán Việt",chars/54BF.json
哂,B,shěn,(văn học) mỉm cười; chế nhạo,"câu liên quan, Hán Việt",chars/54C2.json
哇,B,wa,wa,câu liên quan,chars/54C7.json
哉,B,zāi,(thán từ hoặc trợ từ nghi vấn),câu liên quan,chars/54C9.json
哋,C,dì,(Quảng Đông) số nhiều cho đại từ,"bộ thủ, từ liên quan, câu liên quan, Hán Việt",chars/54CB.json
哌,B,pài,dùng trong phiên âm,"câu liên quan, Hán Việt",chars/54CC.json
哎,A,āi,ai,Hán Việt,chars/54CE.json
哏,B,gén,buồn cười; hài hước,câu liên quan,chars/54CF.json
哐,B,kuāng,(từ tượng thanh) rầm; bang,"câu liên quan, Hán Việt",chars/54D0.json
哑,A,yǎ,câm,Hán Việt,chars/54D1.json
哓,B,xiāo,kêu la than phiền; cằn nhằn,"từ liên quan, câu liên quan",chars/54D3.json
哔,B,bì,(phiên âm),"câu liên quan, Hán Việt",chars/54D4.json
哕,B,huì,dùng trong 噦噦|哕哕[hui4 hui4],"từ liên quan, câu liên quan",chars/54D5.json
哗,A,huā,(từ tượng thanh) bùm; loảng xoảng,Hán Việt,chars/54D7.json
哙,B,Kuài,họ [Kuai4],"từ liên quan, câu liên quan",chars/54D9.json
哚,B,duǒ,dùng trong 吲哚[yin3 duo3],"câu liên quan, Hán Việt",chars/54DA.json
哜,B,jì,nhấp,"từ liên quan, câu liên quan, Hán Việt",chars/54DC.json
哝,B,nóng,nói nhiều,câu liên quan,chars/54DD.json
哞,B,mōu,moo (âm thanh bò rống),"từ liên quan, câu liên quan, Hán Việt",chars/54DE.json
哟,B,yō,Ồ! (thán từ chỉ sự ngạc nhiên nhẹ); cũng đọc là [yao1],"câu liên quan, Hán Việt",chars/54DF.json
哢,C,lòng,hót hoặc hót líu lo (của chim); âm thanh nhạc,"bộ thủ, từ liên quan, câu liên quan",chars/54E2.json
哤,C,máng,biệt ngữ,"bộ thủ, từ liên quan, câu liên quan, Hán Việt",chars/54E4.json
哥,C,gē,anh trai,bộ thủ,chars/54E5.json
哦,B,ó,ồ,câu liên quan,chars/54E6.json
哧,B,chī,(từ tượng thanh) cười khúc khích; thở,"câu liên quan, Hán Việt",chars/54E7.json
哨,A,shào,còi; người gác,Hán Việt,chars/54E8.json
哩,B,lǐ,dặm,"câu liên quan, Hán Việt",chars/54E9.json
哫,C,zú,dỗ dành,"bộ thủ, từ liên quan, câu liên quan, Hán Việt",chars/54EB.json
哭,C,kū,khóc,bộ thủ,chars/54ED.json
哰,C,láo,dùng trong 囒哰[lan2 lao2],"bộ thủ, từ liên quan, câu liên quan",chars/54F0.json
哱,B,bō,dùng trong 呼哱哱[hu1 bo1 bo1],"từ liên quan, câu liên quan",chars/54F1.json
哳,B,zhā,dùng trong 嘲哳[zhao1 zha1]; dùng trong 啁哳[zhao1 zha1],"từ liên quan, câu liên quan",chars/54F3.json
哼,A,hēng,"rên rỉ, không hài lòng",Hán Việt,chars/54FC.json
哽,B,gěng,nghẹn ngào; nghẹn thức ăn,câu liên quan,chars/54FD.json
哿,C,gě,tuyệt vời; vui vẻ,"bộ thủ, từ liên quan, câu liên quan",chars/54FF.json
唁,B,yàn,bày tỏ lời chia buồn,câu liên quan,chars/5501.json
唂,C,gū,(từ tượng thanh) tiếng chim kêu,"bộ thủ, từ liên quan, câu liên quan, Hán Việt",chars/5502.json
唃,C,gū,biến thể cũ của 唂[gu1],"bộ thủ, từ liên quan, câu liên quan, Hán Việt",chars/5503.json
唅,C,hān,(văn học) đưa vào miệng,"bộ thủ, từ liên quan, câu liên quan",chars/5505.json
唆,A,suō,mút; xúi giục,Hán Việt,chars/5506.json
唈,C,yì,đánh trống ngực; khó thở,"bộ thủ, từ liên quan, câu liên quan",chars/5508.json
唊,C,jiá,(cổ) nói bừa bãi; nói nhảm,"bộ thủ, từ liên quan, câu liên quan, Hán Việt",chars/550A.json
唎,B,lì,(trợ từ ngữ khí); âm thanh,"từ liên quan, câu liên quan",chars/550E.json
唑,B,zuò,azole (hóa học),câu liên quan,chars/5511.json
唔,B,wú,ồ (biểu hiện đồng ý hoặc ngạc nhiên); (tiếng Quảng Đông) không,"từ liên quan, câu liên quan, Hán Việt",chars/5514.json
唛,B,mài,dấu (từ mượn); cũng đọc là [ma4],"từ liên quan, câu liên quan, Hán Việt",chars/551B.json
唝,B,hǒng,dùng để phiên âm trong 嗊吥|唝吥[Gong4 bu4],"từ liên quan, câu liên quan, Hán Việt",chars/551D.json
唞,C,dǒu,nghỉ ngơi (tiếng Quảng Đông),"bộ thủ, từ liên quan, câu liên quan, Hán Việt",chars/551E.json
唡,C,liǎng,ao (hệ đo lường Anh) (cũ),"bộ thủ, từ liên quan, câu liên quan, Hán Việt",chars/5521.json
唢,C,suǒ,dùng trong 嗩吶|唢呐[suo3 na4],"bộ thủ, câu liên quan, Hán Việt",chars/5522.json
唣,B,zào,biến thể của 唣[zao4],"từ liên quan, câu liên quan, Hán Việt",chars/5523.json
唧,B,jī,(từ tượng thanh) bơm (nước),"câu liên quan, Hán Việt",chars/5527.json
唪,B,fěng,ngâm; ngâm nga,"từ liên quan, câu liên quan, Hán Việt",chars/552A.json
唫,B,jìn,nói lắp; ngậm miệng,"từ liên quan, câu liên quan",chars/552B.json
唬,A,hǔ,gầm của hổ; doạ,Hán Việt,chars/552C.json
售,A,shòu,"bán; thực hiện (một kế hoạch, âm mưu, v.v.)",Hán Việt,chars/552E.json
唰,B,shuā,(từ tượng thanh) tiếng sột soạt; tiếng xào xạc,"từ liên quan, câu liên quan, Hán Việt",chars/5530.json
唲,C,ér,cười gượng ép,"bộ thủ, từ liên quan, câu liên quan",chars/5532.json
唳,B,lì,tiếng kêu của sếu hoặc ngỗng trời,"câu liên quan, Hán Việt",chars/5533.json
唵,B,ǎn,(thán từ) ôi!; (tiếng địa phương) nhét gì đó vào miệng,"từ liên quan, câu liên quan, Hán Việt",chars/5535.json
唶,C,jiè,thở dài; rên rỉ,"bộ thủ, từ liên quan, câu liên quan",chars/5536.json
唷,B,yō,(thán từ biểu thị sự ngạc nhiên) Ôi!; Chà!,"từ liên quan, câu liên quan",chars/5537.json
唹,C,yú,mỉm cười với,"bộ thủ, từ liên quan, câu liên quan",chars/5539.json
唻,C,lài,(trợ từ ngữ khí tương tự như 呢[ne5] hoặc 啦[la1]),"bộ thủ, từ liên quan, câu liên quan",chars/553B.json
唼,B,shǎ,nói xấu; âm thanh ngấu nghiến do vịt tạo ra,"từ liên quan, câu liên quan",chars/553C.json
唿,B,hū,huýt sáo (bằng ngón tay trong miệng); (từ tượng thanh) cho âm thanh của gió,câu liên quan,chars/553F.json
啀,C,ái,chó gầm gừ; khoe răng nanh,"bộ thủ, từ liên quan, câu liên quan",chars/5540.json
啁,B,zhōu,dùng trong 啁哳[zhao1 zha1]; cách phát âm Đài Loan: [zhou1],"câu liên quan, Hán Việt",chars/5541.json
啃,B,kěn,gặm,"câu liên quan, Hán Việt",chars/5543.json
啄,B,zhuó,"mổ, rỉa",câu liên quan,chars/5544.json
啅,C,zhào,hót líu lo,"bộ thủ, từ liên quan, câu liên quan",chars/5545.json
啇,C,dì,,"nghĩa, bộ thủ, từ liên quan, câu liên quan, Hán Việt",chars/5547.json
啉,B,lín,dùng trong phiên âm tên của các hợp chất hữu cơ như porphyrin 卟啉[bu3 lin2] và quinoline 喹啉[kui2 lin2],câu liên quan,chars/5549.json
啍,C,tūn,di chuyển chậm chạp,"bộ thủ, từ liên quan, câu liên quan, Hán Việt",chars/554D.json
啎,C,wǔ,"bướng bỉnh, không vâng lời, khó bảo","bộ thủ, từ liên quan, câu liên quan, Hán Việt",chars/554E.json
啐,B,cuì,nhổ nước bọt; (từ tượng thanh) xì!,"từ liên quan, câu liên quan",chars/5550.json
啕,B,táo,than vãn,câu liên quan,chars/5555.json
啖,B,dàn,ăn; nếm,"từ liên quan, câu liên quan, Hán Việt",chars/5556.json
啚,C,bǐ,,"nghĩa, bộ thủ, từ liên quan, câu liên quan, Hán Việt",chars/555A.json
啜,B,chuò,(văn học) uống; nhấp nháp,câu liên quan,chars/555C.json
啡,A,fēi,(dùng trong từ mượn âm),Hán Việt,chars/5561.json
啤,A,pí,bia,Hán Việt,chars/5564.json
啥,B,shá,cái gì?,"câu liên quan, Hán Việt",chars/5565.json
啦,B,la,trợ từ 'la',"câu liên quan, Hán Việt",chars/5566.json
啧,B,zé,(thán từ biểu thị sự thán phục hoặc ghê tởm); tặc lưỡi,"câu liên quan, Hán Việt",chars/5567.json
啪,B,pā,(từ tượng thanh) băng; bốp,"câu liên quan, Hán Việt",chars/556A.json
啫,B,zhě,dùng trong 啫哩[zhe3 li1],"từ liên quan, câu liên quan",chars/556B.json
啬,C,sè,keo kiệt,"bộ thủ, Hán Việt",chars/556C.json
啭,B,zhuàn,hót (chim hoặc côn trùng); líu lo,"từ liên quan, câu liên quan, Hán Việt",chars/556D.json
啮,A,niè,gặm; mòn,Hán Việt,chars/556E.json
啯,C,guō,âm thanh nuốt; kêu ộp ộp,"bộ thủ, từ liên quan, câu liên quan, Hán Việt",chars/556F.json
啱,C,yān,đúng; phù hợp,"bộ thủ, từ liên quan, câu liên quan",chars/5571.json
啲,C,dī,một ít; một vài,"bộ thủ, từ liên quan, câu liên quan, Hán Việt",chars/5572.json
啴,B,chǎn,dùng trong 嘽嘽|啴啴[chan3 chan3] và 嘽緩|啴缓[chan3 huan3],"từ liên quan, câu liên quan, Hán Việt",chars/5574.json
啵,C,bō,(từ tượng thanh) sủi bọt,"bộ thủ, câu liên quan, Hán Việt",chars/5575.json
啶,B,dìng,idin (hóa học),"câu liên quan, Hán Việt",chars/5576.json
啷,B,lāng,dùng trong 啷當|啷当[lang1 dang1]; dùng trong các từ tượng thanh như 哐啷[kuang1 lang1],câu liên quan,chars/5577.json
啸,A,xiào,(người) huýt sáo; (chim và động vật) rít; hú; gầm,Hán Việt,chars/5578.json
啺,C,táng,biến thể cũ của 唐[tang2],"bộ thủ, từ liên quan, câu liên quan",chars/557A.json
啻,B,chì,"chỉ (văn cổ, thường theo sau từ phủ định hoặc từ nghi vấn); (không) chỉ","câu liên quan, Hán Việt",chars/557B.json
啼,A,tí,(hình thức kết hợp) khóc; khóc to; (hình thức kết hợp) (chim hoặc động vật) gáy; kêu; ré,Hán Việt,chars/557C.json
啽,C,án,nói (tiếng Quảng Đông),"bộ thủ, từ liên quan, câu liên quan, Hán Việt",chars/557D.json
啾,B,jiū,(từ tượng thanh) tiếng trẻ con khóc; chíp,"câu liên quan, Hán Việt",chars/557E.json
喀,B,kā,(từ tượng thanh) âm thanh ho hoặc nôn,"câu liên quan, Hán Việt",chars/5580.json
喁,B,yóng,thở (của cá),"từ liên quan, câu liên quan",chars/5581.json
喃,B,nán,lẩm bẩm lặp đi lặp lại,câu liên quan,chars/5583.json
喈,B,jiē,hài hòa (về âm nhạc),"từ liên quan, câu liên quan, Hán Việt",chars/5588.json
喊,A,hǎn,hét lên,Hán Việt,chars/558A.json
喋,B,dié,biến thể cũ của 喋[die2],câu liên quan,chars/558B.json
喌,C,zhōu,âm tiết,"bộ thủ, từ liên quan, câu liên quan, Hán Việt",chars/558C.json
喏,B,nuò,(biểu thị đồng ý) vâng; được,"câu liên quan, Hán Việt",chars/558F.json
喑,B,yīn,câm,câu liên quan,chars/5591.json
喓,C,yāo,tiếng châu chấu kêu; tiếng muỗi vo ve,"bộ thủ, từ liên quan, câu liên quan",chars/5593.json
喔,B,ō,"(thán từ) ô; tôi hiểu rồi (dùng để biểu thị sự nhận ra, hiểu)","từ liên quan, câu liên quan",chars/5594.json
喙,C,huì,mỏ; mõm,"bộ thủ, từ liên quan, câu liên quan, Hán Việt",chars/5599.json
喜,C,xǐ,"Vui, mừng, thích, hỷ",bộ thủ,chars/559C.json
喟,B,kuì,thở dài,câu liên quan,chars/559F.json
喣,C,xǔ,thổi hơi vào,"bộ thủ, từ liên quan, câu liên quan, Hán Việt",chars/55A3.json
喤,C,huáng,khóc nức nở; tiếng chuông,"bộ thủ, từ liên quan, câu liên quan, Hán Việt",chars/55A4.json
喥,C,dù,dùng trong từ chỉ địa điểm (tiếng Quảng Đông); tương đương trong tiếng Quan Thoại: 裡|里[li3],"bộ thủ, từ liên quan, câu liên quan",chars/55A5.json
喦,C,niè,nói nhiều,"bộ thủ, từ liên quan, câu liên quan",chars/55A6.json
喨,B,liàng,rõ ràng; vang dội,"từ liên quan, câu liên quan, Hán Việt",chars/55A8.json
喩,C,yù,biến thể Nhật Bản của 喻,"bộ thủ, từ liên quan, câu liên quan, Hán Việt",chars/55A9.json
喭,C,yàn,chia buồn,"bộ thủ, từ liên quan, câu liên quan",chars/55AD.json
喰,C,cān,biến thể cũ của 餐[can1],"bộ thủ, từ liên quan, câu liên quan, Hán Việt",chars/55B0.json
喱,C,lí,"đơn vị trọng lượng, khoảng 0,065 gram; phát âm ở Đài Loan [li3]","bộ thủ, câu liên quan, Hán Việt",chars/55B1.json
喳,B,chā,dùng trong 喳喳[cha1 cha5],"câu liên quan, Hán Việt",chars/55B3.json
喵,B,miāo,(từ tượng thanh) meo; tiếng mèo kêu,"từ liên quan, câu liên quan",chars/55B5.json
営,C,yíng,biến thể tiếng Nhật của 營|营,"bộ thủ, từ liên quan, câu liên quan, Hán Việt",chars/55B6.json
喹,B,kuí,dùng trong 喹啉[kui2 lin2],"câu liên quan, Hán Việt",chars/55B9.json
喺,C,xǐ,"ở, trong hoặc trên (tiếng Quảng Đông); tương đương trong Quan Thoại: 在[zai4]","bộ thủ, từ liên quan, câu liên quan, Hán Việt",chars/55BA.json
喼,B,jié,"hộp (tiếng địa phương); dùng để phiên âm các từ có âm kip-, cap- v.v.","từ liên quan, câu liên quan, Hán Việt",chars/55BC.json
喽,B,lóu,thuộc hạ trong băng cướp,câu liên quan,chars/55BD.json
喾,C,kù,"một trong năm vị hoàng đế huyền thoại, còn gọi là 高辛氏[Gao1 xin1 shi4]","bộ thủ, câu liên quan, Hán Việt",chars/55BE.json
喿,C,sào,tiếng chim hót líu lo,"bộ thủ, từ liên quan, câu liên quan, Hán Việt",chars/55BF.json
嗀,C,huò,nôn mửa,"bộ thủ, từ liên quan, câu liên quan, Hán Việt",chars/55C0.json
嗃,C,hè,mắng nghiêm khắc,"bộ thủ, từ liên quan, câu liên quan",chars/55C3.json
嗄,B,á,biến thể của 啊[a2],"từ liên quan, câu liên quan, Hán Việt",chars/55C4.json
嗅,C,xiù,ngửi; đánh hơi,"bộ thủ, Hán Việt",chars/55C5.json
嗈,C,yōng,bị nghẹn,"bộ thủ, từ liên quan, câu liên quan, Hán Việt",chars/55C8.json
嗉,B,sù,diều của chim,câu liên quan,chars/55C9.json
嗌,B,ài,(văn học) nghẹn; bị tắc trong họng; phiên âm Đài Loan [yi4],"từ liên quan, câu liên quan, Hán Việt",chars/55CC.json
嗍,B,suō,hút; phiên âm Đài Loan [shuo4],"từ liên quan, câu liên quan, Hán Việt",chars/55CD.json
嗐,B,hài,thán từ biểu thị sự tiếc nuối,"từ liên quan, câu liên quan, Hán Việt",chars/55D0.json
嗑,A,kè,cắn (hạt) bằng răng,Hán Việt,chars/55D1.json
嗒,B,tà,"(từ tượng thanh) dùng trong các từ mô tả tiếng súng máy, tiếng tích tắc của đồng hồ hoặc tiếng lộc cộc của móng ngựa vv","câu liên quan, Hán Việt",chars/55D2.json
嗓,A,sǎng,cổ họng; giọng nói,Hán Việt,chars/55D3.json
嗔,B,chēn,tức giận với; không hài lòng và khó chịu,câu liên quan,chars/55D4.json
嗕,C,Rù,bộ tộc cổ đại ở miền bắc Trung Quốc,"bộ thủ, từ liên quan, câu liên quan",chars/55D5.json
嗖,B,sōu,(từ tượng thanh) tiếng vù vù; tiếng sột soạt,"câu liên quan, Hán Việt",chars/55D6.json
嗙,C,pǎng,(phương ngữ) khoe khoang; tự hào,"bộ thủ, từ liên quan, câu liên quan",chars/55D9.json
嗛,C,qiàn,túi; chứa,"bộ thủ, từ liên quan, câu liên quan",chars/55DB.json
嗜,A,shì,nghiện; thích,Hán Việt,chars/55DC.json
嗝,A,gé,nấc; cợ,Hán Việt,chars/55DD.json
嗟,B,jiē,thở dài; cũng đọc là [jue1],"từ liên quan, câu liên quan, Hán Việt",chars/55DF.json
嗡,B,wēng,(từ tượng thanh) tiếng vo ve; tiếng ngâm nga,câu liên quan,chars/55E1.json
嗣,C,sì,kế thừa (một danh hiệu); thừa kế,"bộ thủ, câu liên quan",chars/55E3.json
嗤,C,chī,cười nhạo; chế giễu,"bộ thủ, câu liên quan, Hán Việt",chars/55E4.json
嗥,B,háo,tru (như sói),"câu liên quan, Hán Việt",chars/55E5.json
嗦,A,suō,mút; dùng trong 囉嗦|啰嗦[luo1suo5],Hán Việt,chars/55E6.json
嗨,B,hāi,ồ than ôi; này!,"từ liên quan, câu liên quan, Hán Việt",chars/55E8.json
嗪,B,qín,"dùng trong phiên âm -xine, -zine hoặc -chin","từ liên quan, câu liên quan, Hán Việt",chars/55EA.json
嗫,B,niè,mấp máy miệng như đang nói,"câu liên quan, Hán Việt",chars/55EB.json
嗬,B,hē,(thán từ biểu thị sự ngạc nhiên) ồ!; wow!,"từ liên quan, câu liên quan, Hán Việt",chars/55EC.json
嗯,B,ng,"ừ, ừm","từ liên quan, câu liên quan, Hán Việt",chars/55EF.json
嗲,B,diǎ,làm nũng; trẻ con,"từ liên quan, câu liên quan, Hán Việt",chars/55F2.json
嗳,B,ǎi,ợ; (thán từ không tán thành),câu liên quan,chars/55F3.json
嗵,B,tōng,(từ tượng thanh) bình bịch; thùm thụp,"từ liên quan, câu liên quan, Hán Việt",chars/55F5.json
嗷,B,áo,tiếng kêu la lớn; âm thanh than khóc,câu liên quan,chars/55F7.json
嗹,C,lián,nói huyên thuyên,"bộ thủ, từ liên quan, câu liên quan",chars/55F9.json
嗻,C,zhè,(cũ) vâng vâng!,"bộ thủ, từ liên quan, câu liên quan, Hán Việt",chars/55FB.json
嗽,A,sòu,(hình thức cố định) ho,Hán Việt,chars/55FD.json
嗾,C,sǒu,xúi giục; kích động,"bộ thủ, từ liên quan, câu liên quan, Hán Việt",chars/55FE.json
嗿,C,tǎn,âm thanh nhiều người ăn,"bộ thủ, từ liên quan, câu liên quan, Hán Việt",chars/55FF.json
嘀,B,dī,"(tượng thanh) âm thanh nước nhỏ giọt, đồng hồ tích tắc, v.v.","câu liên quan, Hán Việt",chars/5600.json
嘁,B,qī,âm thanh thì thầm,"câu liên quan, Hán Việt",chars/5601.json
嘂,C,jiào,biến thể cũ của 叫[jiao4]; nhạc cụ cổ đại giống đàn ocarina,"bộ thủ, từ liên quan, câu liên quan, Hán Việt",chars/5602.json
嘅,B,gě,trợ từ sở hữu (Quảng Đông); tương đương trong Quan Thoại: 的[de5],"từ liên quan, câu liên quan, Hán Việt",chars/5605.json
嘉,C,Jiā,họ [Jia1],"bộ thủ, Hán Việt",chars/5609.json
嘌,B,piāo,(văn học) nhanh; tốc độ,"câu liên quan, Hán Việt",chars/560C.json
嘎,B,gá,âm thanh kêu cục tác,"câu liên quan, Hán Việt",chars/560E.json
嘏,C,gǔ,vận may; trường thọ,"bộ thủ, từ liên quan, câu liên quan, Hán Việt",chars/560F.json
嘐,C,xiāo,khoa trương; phô trương,"bộ thủ, từ liên quan, câu liên quan, Hán Việt",chars/5610.json
嘒,C,huì,âm thanh the thé; lấp lánh,"bộ thủ, từ liên quan, câu liên quan, Hán Việt",chars/5612.json
嘚,B,dē,(từ tượng thanh) dùng cho âm thanh móng ngựa,"từ liên quan, câu liên quan, Hán Việt",chars/561A.json
嘛,A,ma,ma,Hán Việt,chars/561B.json
嘞,B,lei,"tiểu từ cuối câu, giống 了[le5], nhưng mang sắc thái tán thành","từ liên quan, câu liên quan, Hán Việt",chars/561E.json
嘟,A,dū,kêu tut; tút,Hán Việt,chars/561F.json
嘡,C,tāng,(từ tượng thanh) choang; vang,"bộ thủ, từ liên quan, câu liên quan, Hán Việt",chars/5621.json
嘢,B,yě,(tiếng Quảng Đông) điều; sự việc,"từ liên quan, câu liên quan, Hán Việt",chars/5622.json
嘣,B,bēng,(tượng thanh) thụp; bùm,"từ liên quan, câu liên quan, Hán Việt",chars/5623.json
嘤,B,yīng,tiếng chim kêu,"từ liên quan, câu liên quan",chars/5624.json
嘥,C,sāi,lãng phí (tiếng Quảng Đông),"bộ thủ, từ liên quan, câu liên quan, Hán Việt",chars/5625.json
嘦,C,jiào,chỉ cần; miễn là,"bộ thủ, từ liên quan, câu liên quan, Hán Việt",chars/5626.json
嘧,B,mì,(phiên âm) như trong pyrimidine,"câu liên quan, Hán Việt",chars/5627.json
嘫,C,rán,biến thể cũ của 然[ran2],"bộ thủ, từ liên quan, câu liên quan",chars/562B.json
嘬,B,chuài,(văn học) gặm; ăn ngấu nghiến,"từ liên quan, câu liên quan",chars/562C.json
嘭,B,pēng,(từ tượng thanh) bùm,"từ liên quan, câu liên quan, Hán Việt",chars/562D.json
嘴,A,zuǐ,miệng,Hán Việt,chars/5634.json
嘶,B,sī,rít; hí,câu liên quan,chars/5636.json
嘹,B,liáo,"âm thanh trong trẻo; tiếng kêu (của sếu, v.v.)",câu liên quan,chars/5639.json
嘻,C,xī,cười; toét miệng,"bộ thủ, câu liên quan",chars/563B.json
嘿,A,hēi,này,Hán Việt,chars/563F.json
噀,C,xùn,phun ra từ miệng,"bộ thủ, từ liên quan, câu liên quan",chars/5640.json
噂,C,zǔn,nói chuyện cùng nhau,"bộ thủ, từ liên quan, câu liên quan",chars/5642.json
噇,C,chuáng,(phương ngữ) ăn hoặc uống phung phí,"bộ thủ, từ liên quan, câu liên quan, Hán Việt",chars/5647.json
噌,B,cēng,la mắng; vèo vèo!,"câu liên quan, Hán Việt",chars/564C.json
噍,B,jiào,nhai,"từ liên quan, câu liên quan, Hán Việt",chars/564D.json
噎,B,yē,bị nghẹn (vì); nghẹn lời,câu liên quan,chars/564E.json
噏,C,xī,nói tầm phào; buôn chuyện (tiếng Quảng Đông),"bộ thủ, từ liên quan, câu liên quan",chars/564F.json
噔,B,dēng,(từ tượng thanh) bịch; thụp,câu liên quan,chars/5654.json
噗,B,pū,(từ tượng thanh) bốp; plop,"từ liên quan, câu liên quan, Hán Việt",chars/5657.json
噘,A,juē,Bĩu (môi),Hán Việt,chars/5658.json
噙,B,qín,ngậm (thường chỉ miệng hoặc mắt),"từ liên quan, câu liên quan",chars/5659.json
噛,C,niè,biến thể cũ của 嚙|啮[nie4],"bộ thủ, từ liên quan, câu liên quan, Hán Việt",chars/565B.json
噜,B,lū,càu nhàu; lắm chuyện,câu liên quan,chars/565C.json
噞,C,yǎn,chuyển động miệng cá trên mặt nước,"bộ thủ, từ liên quan, câu liên quan",chars/565E.json
噢,B,ō,ồ; à (dùng để chỉ sự nhận ra); cũng đọc là [ou4],"từ liên quan, câu liên quan, Hán Việt",chars/5662.json
噤,C,jìn,không thể nói; im lặng,"bộ thủ, câu liên quan",chars/5664.json
噩,C,è,kinh ngạc,"bộ thủ, Hán Việt",chars/5669.json
噪,C,zào,(văn học) (chim hoặc côn trùng) hót hoặc kêu; (hình thức kết hợp) tạo ra tiếng ồn ầm ĩ,bộ thủ,chars/566A.json
噫,B,yī,ừ (thán từ biểu thị sự tán thành); ợ,"từ liên quan, câu liên quan, Hán Việt",chars/566B.json
噭,C,jiào,kêu la,"bộ thủ, từ liên quan, câu liên quan, Hán Việt",chars/566D.json
噱,B,jué,cười lớn,"câu liên quan, Hán Việt",chars/5671.json
噳,C,yǔ,nai đàn; nai đực,"bộ thủ, từ liên quan, câu liên quan, Hán Việt",chars/5673.json
噶,B,gá,phiên âm ga (dùng để phiên âm âm Tạng và Mông Cổ); tiếng Tạng Ge: ngôn ngữ của Phật,câu liên quan,chars/5676.json
噷,C,hèn,"thán từ biểu thị không đồng ý, trách móc hoặc không hài lòng","bộ thủ, từ liên quan, câu liên quan",chars/5677.json
噻,B,sāi,dùng trong phiên âm,"câu liên quan, Hán Việt",chars/567B.json
噼,B,pī,"mông trẻ em (đặc biệt trong tiếng Quảng Đông); (từ tượng thanh) rắc, tát, vỗ, lạch cạch, v.v.","câu liên quan, Hán Việt",chars/567C.json
嚃,C,tà,(văn học) uống; nuốt,"bộ thủ, từ liên quan, câu liên quan, Hán Việt",chars/5683.json
嚄,B,huò,(thán từ) ô!,"từ liên quan, câu liên quan",chars/5684.json
嚅,B,rú,lí nhí,câu liên quan,chars/5685.json
嚆,B,hāo,âm thanh; tiếng ồn,"từ liên quan, câu liên quan, Hán Việt",chars/5686.json
嚉,C,duō,biến thể cũ của 咄[duo1],"bộ thủ, từ liên quan, câu liên quan",chars/5689.json
嚎,B,háo,tru; hú,câu liên quan,chars/568E.json
嚏,A,tì,hắt xì,Hán Việt,chars/568F.json
嚓,B,cā,(tượng thanh) âm thanh cào; xé vải,câu liên quan,chars/5693.json
嚔,C,tì,biến thể của 嚏[ti4],"bộ thủ, từ liên quan, câu liên quan, Hán Việt",chars/5694.json
嚚,C,yín,không chân thành; ngu ngốc,"bộ thủ, từ liên quan, câu liên quan, Hán Việt",chars/569A.json
嚜,C,me,(trợ từ ngữ khí),"bộ thủ, từ liên quan, câu liên quan",chars/569C.json
嚝,C,hōng,thở dài; tiếng trống,"bộ thủ, từ liên quan, câu liên quan, Hán Việt",chars/569D.json
嚞,C,zhé,biến thể cũ của 哲[zhe2],"bộ thủ, từ liên quan, câu liên quan, Hán Việt",chars/569E.json
嚟,C,lì,dùng trong phiên âm,"bộ thủ, từ liên quan, câu liên quan, Hán Việt",chars/569F.json
嚣,C,xiāo,ầm ĩ,bộ thủ,chars/56A3.json
嚬,C,pín,biến thể của 顰|颦[pin2],"bộ thủ, từ liên quan, câu liên quan, Hán Việt",chars/56AC.json
嚭,C,pǐ,lớn; lớn mạnh,"bộ thủ, từ liên quan, câu liên quan, Hán Việt",chars/56AD.json
嚯,B,huò,(thán từ) bày tỏ sự thán phục hoặc ngạc nhiên; (thán từ) âm thanh cười,"từ liên quan, câu liên quan",chars/56AF.json
嚱,C,xī,(tiếng thở dài); (huýt sáo),"bộ thủ, từ liên quan, câu liên quan, Hán Việt",chars/56B1.json
嚵,C,chán,(biến thể của 饞|馋[chan2]) phàm ăn; tham lam,"bộ thủ, từ liên quan, câu liên quan, Hán Việt",chars/56B5.json
嚷,A,rǎng,hét lên,Hán Việt,chars/56B7.json
嚼,A,jiáo,nhai,Hán Việt,chars/56BC.json
囆,C,chài,(dùng trong tên gọi cổ xưa),"bộ thủ, từ liên quan, câu liên quan, Hán Việt",chars/56C6.json
囊,A,náng,bao; túi,Hán Việt,chars/56CA.json
囍,C,xǐ,"song hỷ (tương tự 喜喜); biểu tượng may mắn, đặc biệt trong hôn nhân","bộ thủ, từ liên quan, câu liên quan, Hán Việt",chars/56CD.json
囒,C,lán,dùng trong 囒哰[lan2 lao2]; biến thể của 讕|谰[lan2],"bộ thủ, từ liên quan, câu liên quan",chars/56D2.json
囔,A,nāng,"lẩm bẩm, nói không rõ",Hán Việt,chars/56D4.json
囖,C,luo,biến thể sai của 囉|啰[luo5],"bộ thủ, từ liên quan, câu liên quan, Hán Việt",chars/56D6.json
囗,B,wéi,vây quanh.,"từ liên quan, câu liên quan, Hán Việt",chars/56D7.json
囘,C,huí,biến thể của 回[hui2],"bộ thủ, từ liên quan, câu liên quan, Hán Việt",chars/56D8.json
四,C,sì,bốn,bộ thủ,chars/56DB.json
囝,C,jiǎn,trẻ con,"bộ thủ, từ liên quan, câu liên quan, Hán Việt",chars/56DD.json
回,C,huí,trở về,bộ thủ,chars/56DE.json
囟,C,xìn,thóp (khoảng trống giữa các xương của sọ trẻ sơ sinh),"bộ thủ, câu liên quan, Hán Việt",chars/56DF.json
囡,C,nān,"con gái nhỏ, bé gái","bộ thủ, Hán Việt",chars/56E1.json
団,C,tuán,chữ Nhật của 團|团,"bộ thủ, từ liên quan, câu liên quan, Hán Việt",chars/56E3.json
囤,B,dùn,kho chứa lúa,"câu liên quan, Hán Việt",chars/56E4.json
囥,C,kàng,(tiếng địa phương) giấu; che giấu,"bộ thủ, từ liên quan, câu liên quan, Hán Việt",chars/56E5.json
囦,C,yuān,biến thể cũ của 淵|渊[yuan1],"bộ thủ, từ liên quan, câu liên quan, Hán Việt",chars/56E6.json
囧,C,jiǒng,"(cổ) ánh sáng, sáng (biến thể của 冏[jiong3]); (từ khoảng 2005) (tiếng lóng) biểu tượng cảm xúc biểu thị sự xấu hổ, sốc, bất lực, v.v.","bộ thủ, từ liên quan, câu liên quan, Hán Việt",chars/56E7.json
囨,C,piān,biểu hiện khinh miệt tương đương với 呸[pei1],"bộ thủ, từ liên quan, câu liên quan, Hán Việt",chars/56E8.json
囫,B,hú,dùng trong 囫圇|囫囵[hu2lun2],"câu liên quan, Hán Việt",chars/56EB.json
囬,C,huí,biến thể của 回[hui2],"bộ thủ, từ liên quan, câu liên quan, Hán Việt",chars/56EC.json
囮,C,é,mồi nhử,"bộ thủ, từ liên quan, câu liên quan, Hán Việt",chars/56EE.json
囯,C,guó,biến thể của 國|国[guo2],"bộ thủ, từ liên quan, câu liên quan, Hán Việt",chars/56EF.json
囱,C,chuāng,biến thể của 窗[chuang1],bộ thủ,chars/56F1.json
囲,C,wéi,biến thể tiếng Nhật của 圍|围[wei2],"bộ thủ, từ liên quan, câu liên quan, Hán Việt",chars/56F2.json
図,C,tú,biến thể tiếng Nhật của 圖|图,"bộ thủ, từ liên quan, câu liên quan, Hán Việt",chars/56F3.json
囵,B,lún,dùng trong 囫圇|囫囵[hu2lun2],"câu liên quan, Hán Việt",chars/56F5.json
囶,C,guó,biến thể cũ của 國|国[guo2],"bộ thủ, từ liên quan, câu liên quan, Hán Việt",chars/56F6.json
囷,C,qūn,kho thóc; đài loan đọc là [jun1],"bộ thủ, từ liên quan, câu liên quan",chars/56F7.json
囸,C,rì,biến thể cũ của 日[ri4],"bộ thủ, từ liên quan, câu liên quan, Hán Việt",chars/56F8.json
囹,B,líng,dùng trong 囹圄[ling2 yu3],"câu liên quan, Hán Việt",chars/56F9.json
囻,C,guó,biến thể cũ của 國|国[guo2],"bộ thủ, từ liên quan, câu liên quan",chars/56FB.json
囿,B,yòu,công viên; hạn chế,"từ liên quan, câu liên quan, Hán Việt",chars/56FF.json
圀,C,guó,biến thể cũ của 國|国[guo2],"bộ thủ, từ liên quan, câu liên quan, Hán Việt",chars/5700.json
圂,C,hùn,động vật nuôi bằng ngũ cốc; chuồng lợn,"bộ thủ, từ liên quan, câu liên quan, Hán Việt",chars/5702.json
圃,B,pǔ,vườn; vườn cây ăn quả,câu liên quan,chars/5703.json
圄,B,yǔ,nhà tù; giam giữ,"câu liên quan, Hán Việt",chars/5704.json
圉,B,yǔ,chuồng ngựa; biên giới,"từ liên quan, câu liên quan, Hán Việt",chars/5709.json
圊,B,qīng,nhà vệ sinh; nhà xí,"từ liên quan, câu liên quan, Hán Việt",chars/570A.json
圌,C,chuí,tên một ngọn núi,"bộ thủ, từ liên quan, câu liên quan, Hán Việt",chars/570C.json
圏,C,quān,biến thể chữ Nhật của 圈,"bộ thủ, từ liên quan, câu liên quan, Hán Việt",chars/570F.json
圐,C,kū,dùng trong 圐圙[ku1 lu:e4],"bộ thủ, từ liên quan, câu liên quan, Hán Việt",chars/5710.json
圕,C,tuān,viết tắt của ba chữ 圖書館|图书馆[tu2 shu1 guan3]; thư viện,"bộ thủ, từ liên quan, câu liên quan, Hán Việt",chars/5715.json
圙,B,lüè,dùng trong 圐圙[ku1 lu:e4],"từ liên quan, câu liên quan, Hán Việt",chars/5719.json
圛,C,yì,sương mù cuộn lên,"bộ thủ, từ liên quan, câu liên quan, Hán Việt",chars/571B.json
圜,C,huán,vòng; tròn,"bộ thủ, câu liên quan, Hán Việt",chars/571C.json
圞,C,luán,tròn,"bộ thủ, từ liên quan, câu liên quan, Hán Việt",chars/571E.json
圥,C,lù,,"nghĩa, bộ thủ, từ liên quan, câu liên quan, Hán Việt",chars/5725.json
圧,C,yā,biến thể tiếng Nhật của 壓|压[ya1],"bộ thủ, từ liên quan, câu liên quan, Hán Việt",chars/5727.json
在,C,zài,"ở, tại",bộ thủ,chars/5728.json
圩,B,wéi,đê,"từ liên quan, câu liên quan",chars/5729.json
圪,B,gē,(phiên âm),"từ liên quan, câu liên quan, Hán Việt",chars/572A.json
圬,B,wū,trát tường; quét vôi,"từ liên quan, câu liên quan",chars/572C.json
圭,B,guī,(cổ) thẻ ngọc (một loại phù hiệu nghi lễ thể hiện cấp bậc),câu liên quan,chars/572D.json
圮,B,pǐ,phá hủy; tổn thương,"từ liên quan, câu liên quan",chars/572E.json
圯,B,yí,"cầu, bờ","từ liên quan, câu liên quan",chars/572F.json
圱,C,qiān,một cánh đồng dài ba dặm; cách viết cũ của 阡[qian1],"bộ thủ, từ liên quan, câu liên quan, Hán Việt",chars/5731.json
圳,C,zhèn,"(phương ngữ) mương thoát nước giữa các cánh đồng (tiếng Đài Loan là [zun4]); dùng trong địa danh, đáng chú ý là 深圳[Shen1 zhen4]","bộ thủ, câu liên quan, Hán Việt",chars/5733.json
圴,C,zhuó,dấu chân,"bộ thủ, từ liên quan, câu liên quan, Hán Việt",chars/5734.json
圹,B,kuàng,mộ,"từ liên quan, câu liên quan",chars/5739.json
圻,B,qí,ranh giới; một đường biên,"câu liên quan, Hán Việt",chars/573B.json
圼,C,niè,,"nghĩa, từ liên quan, câu liên quan, Hán Việt",chars/573C.json
圾,A,jī,dùng trong 垃圾[la1 ji1]; tiếng Đài Loan là [se4],Hán Việt,chars/573E.json
坂,B,bǎn,biến thể của 阪[ban3],câu liên quan,chars/5742.json
坆,C,fén,biến thể của 墳|坟[fen2]; mộ,"bộ thủ, từ liên quan, câu liên quan, Hán Việt",chars/5746.json
坈,C,kēng,biến thể cũ của 坑[keng1],"bộ thủ, từ liên quan, câu liên quan, Hán Việt",chars/5748.json
坋,C,bèn,bụi; phủ bụi,"bộ thủ, từ liên quan, câu liên quan",chars/574B.json
坌,B,bèn,biến thể của 坋[ben4]; biến thể cũ của 笨[ben4],"từ liên quan, câu liên quan, Hán Việt",chars/574C.json
坍,B,tān,sụp đổ,"câu liên quan, Hán Việt",chars/574D.json
坐,A,zuò,ngồi,Hán Việt,chars/5750.json
坒,C,bì,so sánh; phù hợp,"bộ thủ, từ liên quan, câu liên quan, Hán Việt",chars/5752.json
坓,C,jǐng,biến thể của 阱[jing3],"bộ thủ, từ liên quan, câu liên quan, Hán Việt",chars/5753.json
坕,C,jīng,biến thể cũ của 經|经[jing1],"bộ thủ, từ liên quan, câu liên quan, Hán Việt",chars/5755.json
坜,B,lì,"hố, hầm",câu liên quan,chars/575C.json
坝,A,bà,đập,Hán Việt,chars/575D.json
坞,A,wù,(dạng kết hợp) khu vực thấp trong một rào chắn bao quanh; (văn học) lâu đài nhỏ; pháo đài,Hán Việt,chars/575E.json
坤,C,kūn,"một trong Bát Quái 八卦[ba1 gua4], tượng trưng cho đất; nguyên lý nữ",bộ thủ,chars/5764.json
坨,B,tuó,(hình thức kết hợp) cục; đống,"câu liên quan, Hán Việt",chars/5768.json
坩,B,gān,nồi nấu chảy,"câu liên quan, Hán Việt",chars/5769.json
坪,A,píng,"đồng bằng; bình, đơn vị diện tích xấp xỉ 3,3058 mét vuông (dùng ở Nhật Bản và Đài Loan)",Hán Việt,chars/576A.json
坫,B,diàn,giá để ly tách,"từ liên quan, câu liên quan, Hán Việt",chars/576B.json
坭,B,ní,biến thể của 泥[ni2],"từ liên quan, câu liên quan",chars/576D.json
坯,B,pī,phôi (ví dụ: cho một đồng xu); đồ đất nung chưa nung,"câu liên quan, Hán Việt",chars/576F.json
坰,C,jiōng,vùng lân cận; hoang dã,"bộ thủ, từ liên quan, câu liên quan, Hán Việt",chars/5770.json
坱,C,yǎng,bụi mịn; dồi dào,"bộ thủ, từ liên quan, câu liên quan, Hán Việt",chars/5771.json
坲,C,fó,(bụi) bay trong không khí,"bộ thủ, từ liên quan, câu liên quan, Hán Việt",chars/5772.json
坳,B,ào,biến thể của 坳[ao4],"từ liên quan, câu liên quan, Hán Việt",chars/5773.json
坴,B,lù,một cục đất; đất đai,"từ liên quan, câu liên quan, Hán Việt",chars/5774.json
坶,C,mǔ,,"nghĩa, từ liên quan, câu liên quan, Hán Việt",chars/5776.json
坷,A,kě,không bằng phẳng (đường đi); bất hạnh (trong cuộc sống),Hán Việt,chars/5777.json
坻,B,chí,cồn đất; đá trong sông,"câu liên quan, Hán Việt",chars/577B.json
坼,B,chè,nứt; tách,"từ liên quan, câu liên quan, Hán Việt",chars/577C.json
垂,C,chuí,treo xuống,bộ thủ,chars/5782.json
垅,B,lǒng,biến thể cũ của 壟|垄[long3],"từ liên quan, câu liên quan, Hán Việt",chars/5785.json
垆,C,lú,đất sét; cửa hàng,"bộ thủ, từ liên quan, câu liên quan",chars/5786.json
垈,C,dài,dùng trong địa danh; hậu tố -nuta trong tiếng Nhật,"bộ thủ, từ liên quan, câu liên quan, Hán Việt",chars/5788.json
型,A,xíng,mẫu,Hán Việt,chars/578B.json
垌,B,dòng,cánh đồng; nông trại,"từ liên quan, câu liên quan",chars/578C.json
垍,C,jì,đất cứng,"bộ thủ, từ liên quan, câu liên quan, Hán Việt",chars/578D.json
垓,B,gāi,ranh giới,câu liên quan,chars/5793.json
垔,C,yīn,ngăn chặn; đắp đập chuyển hướng dòng chảy,"bộ thủ, từ liên quan, câu liên quan, Hán Việt",chars/5794.json
垕,C,hòu,dày,"bộ thủ, từ liên quan, câu liên quan, Hán Việt",chars/5795.json
垖,C,duī,biến thể cũ của 堆[dui1],"bộ thủ, từ liên quan, câu liên quan, Hán Việt",chars/5796.json
垗,C,zhào,hiến tế,"bộ thủ, từ liên quan, câu liên quan, Hán Việt",chars/5797.json
垚,C,yáo,"biến thể của 堯|尧, vua Nghiêu truyền thuyết, khoảng năm 2200 TCN; đê điều","bộ thủ, từ liên quan, câu liên quan, Hán Việt",chars/579A.json
垛,B,duǒ,lỗ châu mai; mục tiêu,"câu liên quan, Hán Việt",chars/579B.json
垝,C,guǐ,(văn học) đổ nát; sụp đổ,"bộ thủ, từ liên quan, câu liên quan, Hán Việt",chars/579D.json
垞,C,chá,gò; đồi nhỏ,"bộ thủ, từ liên quan, câu liên quan, Hán Việt",chars/579E.json
垟,C,yáng,cừu đất sét chôn cùng người chết,"bộ thủ, từ liên quan, câu liên quan, Hán Việt",chars/579F.json
垠,B,yín,giới hạn; biên giới,câu liên quan,chars/57A0.json
垡,B,fá,cày đất; đất bị cày,"từ liên quan, câu liên quan, Hán Việt",chars/57A1.json
垢,B,gòu,bẩn; sự ô nhục,câu liên quan,chars/57A2.json
垣,B,yuán,tường,"câu liên quan, Hán Việt",chars/57A3.json
垤,B,dié,tổ kiến; gò đất,"từ liên quan, câu liên quan, Hán Việt",chars/57A4.json
垧,B,shǎng,"đơn vị diện tích đất (tương đương 10 hoặc 15 mǔ 畝|亩[mu3] ở một số nơi đông bắc Trung Quốc, nhưng chỉ 3 hoặc 5 mǔ ở tây bắc Trung Quốc)","từ liên quan, câu liên quan, Hán Việt",chars/57A7.json
垩,B,è,quét vôi; trát vữa,"câu liên quan, Hán Việt",chars/57A9.json
垫,A,diàn,trả tiền thay,Hán Việt,chars/57AB.json
垭,B,yā,(phương ngữ) dải đất giữa các ngọn đồi; dùng trong địa danh,"từ liên quan, câu liên quan, Hán Việt",chars/57AD.json
垮,B,kuǎ,sụp đổ,câu liên quan,chars/57AE.json
垯,B,da,dùng trong 圪墶|圪垯[ge1da5],"từ liên quan, câu liên quan, Hán Việt",chars/57AF.json
垱,C,dàng,(phương ngữ) bờ đất trong sông hoặc ruộng (để tưới tiêu),"bộ thủ, từ liên quan, câu liên quan, Hán Việt",chars/57B1.json
垲,B,kǎi,địa hình khô ráo,"từ liên quan, câu liên quan, Hán Việt",chars/57B2.json
垴,B,nǎo,đồi nhỏ; dùng trong địa danh,"từ liên quan, câu liên quan, Hán Việt",chars/57B4.json
垵,C,ǎn,(dùng trong địa danh); biến thể của 埯[an3],"bộ thủ, từ liên quan, câu liên quan",chars/57B5.json
垸,C,yuàn,,"nghĩa, từ liên quan, câu liên quan, Hán Việt",chars/57B8.json
垺,C,póu,cực kỳ lớn,"bộ thủ, từ liên quan, câu liên quan, Hán Việt",chars/57BA.json
垾,C,hàn,con đê nhỏ,"bộ thủ, từ liên quan, câu liên quan, Hán Việt",chars/57BE.json
垿,C,xù,giá để cốc bằng đất còn được gọi là 反坫[fan3 dian4] (cổ); biến thể cũ của 序,"bộ thủ, từ liên quan, câu liên quan, Hán Việt",chars/57BF.json
埀,C,chuí,biến thể cũ của 垂[chui2],"bộ thủ, từ liên quan, câu liên quan, Hán Việt",chars/57C0.json
埂,B,gěng,dải đất cao; bờ đất thấp ngăn cách các cánh đồng,câu liên quan,chars/57C2.json
埄,B,běng,biến thể của 埲[beng3],"từ liên quan, câu liên quan, Hán Việt",chars/57C4.json
埆,C,què,(về đất đai) cằn cỗi; đầy sỏi đá,"bộ thủ, từ liên quan, câu liên quan, Hán Việt",chars/57C6.json
埇,B,yǒng,lối đi nâng cao,câu liên quan,chars/57C7.json
埈,C,jùn,biến thể của 峻[jun4],"bộ thủ, từ liên quan, câu liên quan",chars/57C8.json
埌,C,làng,đất hoang; hoang dã,"bộ thủ, từ liên quan, câu liên quan, Hán Việt",chars/57CC.json
埏,C,shān,trộn nước với đất sét,"bộ thủ, từ liên quan, câu liên quan, Hán Việt",chars/57CF.json
埒,B,liè,(văn học) ngang bằng; hàng rào,"từ liên quan, câu liên quan, Hán Việt",chars/57D2.json
埔,B,bù,cảng; bến tàu,"câu liên quan, Hán Việt",chars/57D4.json
埕,B,chéng,chai đất,câu liên quan,chars/57D5.json
埗,B,bù,bến cảng; bến tàu,"từ liên quan, câu liên quan, Hán Việt",chars/57D7.json
埘,B,shí,chuồng gà,"từ liên quan, câu liên quan, Hán Việt",chars/57D8.json
埙,B,xūn,ocarina; nhạc cụ hơi gồm một buồng hình trứng có lỗ,"từ liên quan, câu liên quan",chars/57D9.json
埚,B,guō,nồi nấu chảy,"câu liên quan, Hán Việt",chars/57DA.json
埛,C,jiōng,biến thể cũ của 坰[jiong1],"bộ thủ, từ liên quan, câu liên quan, Hán Việt",chars/57DB.json
埝,B,niàn,bờ đất dùng để ngăn hoặc giữ nước; đê bao quanh ruộng lúa,"từ liên quan, câu liên quan",chars/57DD.json
埠,B,bù,bến cảng; cảng,"câu liên quan, Hán Việt",chars/57E0.json
埤,B,pí,tường thấp,"từ liên quan, câu liên quan, Hán Việt",chars/57E4.json
埦,C,wǎn,biến thể của 碗[wan3],"bộ thủ, từ liên quan, câu liên quan, Hán Việt",chars/57E6.json
埧,C,jù,ao có đê bao,"bộ thủ, từ liên quan, câu liên quan, Hán Việt",chars/57E7.json
埫,C,shǎng,biến thể của 垧[shang3]; phiên âm Đài Loan [chong3],"bộ thủ, từ liên quan, câu liên quan, Hán Việt",chars/57EB.json
埭,B,dài,đập nước,"từ liên quan, câu liên quan, Hán Việt",chars/57ED.json
埯,B,ǎn,lỗ trên mặt đất để gieo hạt; tạo lỗ để gieo hạt,"từ liên quan, câu liên quan, Hán Việt",chars/57EF.json
埰,C,cài,biến thể cũ của 采[cai4],"bộ thủ, từ liên quan, câu liên quan, Hán Việt",chars/57F0.json
埲,B,běng,dùng trong 塕埲[weng3beng3]; (Tiếng Quảng Đông) lượng từ cho tường,"từ liên quan, câu liên quan, Hán Việt",chars/57F2.json
埴,B,zhí,đất có hàm lượng sét cao,"từ liên quan, câu liên quan, Hán Việt",chars/57F4.json
埵,B,duǒ,đất rắn,"từ liên quan, câu liên quan, Hán Việt",chars/57F5.json
埶,C,yì,kỹ năng; nghệ thuật,"bộ thủ, từ liên quan, câu liên quan",chars/57F6.json
埸,B,yì,ranh giới,"từ liên quan, câu liên quan, Hán Việt",chars/57F8.json
埼,B,qí,mũi đất,"từ liên quan, câu liên quan, Hán Việt",chars/57FC.json
埽,C,sào,đê; biến thể cũ của 掃|扫[sao4],"bộ thủ, từ liên quan, câu liên quan, Hán Việt",chars/57FD.json
堀,B,kū,hang; lỗ,"từ liên quan, câu liên quan, Hán Việt",chars/5800.json
堂,C,táng,sảnh,bộ thủ,chars/5802.json
堄,C,nì,tường thành,"bộ thủ, từ liên quan, câu liên quan, Hán Việt",chars/5804.json
堇,B,jǐn,đất sét; biến thể cũ của 僅|仅[jin3],"câu liên quan, Hán Việt",chars/5807.json
堈,C,gāng,"vò đất, chum, bể chứa","bộ thủ, từ liên quan, câu liên quan, Hán Việt",chars/5808.json
堉,C,yù,đất phì nhiêu,"bộ thủ, từ liên quan, câu liên quan, Hán Việt",chars/5809.json
堋,B,péng,mục tiêu trong bắn cung,"từ liên quan, câu liên quan, Hán Việt",chars/580B.json
堌,C,gù,tên địa danh,"bộ thủ, từ liên quan, câu liên quan, Hán Việt",chars/580C.json
堍,B,tù,bờ cầu,"từ liên quan, câu liên quan, Hán Việt",chars/580D.json
堎,C,líng,gò; mộ,"bộ thủ, từ liên quan, câu liên quan, Hán Việt",chars/580E.json
堑,B,qiàn,(dạng kết hợp) hào; vực sâu,"câu liên quan, Hán Việt",chars/5811.json
堙,B,yīn,chôn; ụ đất,"từ liên quan, câu liên quan, Hán Việt",chars/5819.json
堞,C,dié,tường thành,"bộ thủ, từ liên quan, câu liên quan, Hán Việt",chars/581E.json
堠,B,hòu,gò đất để đốt lửa báo hiệu,"từ liên quan, câu liên quan, Hán Việt",chars/5820.json
堡,A,bǎo,"(hình thức kết hợp) pháo đài; thành trì; (thường dùng để phiên âm -berg, -burg, v.v. trong tên địa danh)",Hán Việt,chars/5821.json
堧,C,ruán,giáp ranh,"bộ thủ, từ liên quan, câu liên quan, Hán Việt",chars/5827.json
堨,C,è,đập; ngăn chặn,"bộ thủ, từ liên quan, câu liên quan, Hán Việt",chars/5828.json
堪,C,kān,(dạng kết hợp) có thể; (dạng kết hợp) chịu đựng; gánh chịu,bộ thủ,chars/582A.json
堭,C,huáng,hào khô bên ngoài tường thành; rãnh khô,"bộ thủ, từ liên quan, câu liên quan, Hán Việt",chars/582D.json
堮,C,è,ranh giới; biên giới,"bộ thủ, từ liên quan, câu liên quan, Hán Việt",chars/582E.json
堰,B,yàn,đập nước,"câu liên quan, Hán Việt",chars/5830.json
堲,C,jí,ghét,"bộ thủ, từ liên quan, câu liên quan, Hán Việt",chars/5832.json
堳,C,méi,tường thấp,"bộ thủ, từ liên quan, câu liên quan, Hán Việt",chars/5833.json
堵,A,dǔ,chặn lại,Hán Việt,chars/5835.json
堽,C,gāng,gò đất,"bộ thủ, từ liên quan, câu liên quan, Hán Việt",chars/583D.json
堿,B,jiǎn,biến thể của 鹼|碱[jian3],"từ liên quan, câu liên quan, Hán Việt",chars/583F.json
塁,C,lěi,biến thể tiếng Nhật của 壘|垒,"bộ thủ, từ liên quan, câu liên quan, Hán Việt",chars/5841.json
塂,C,jiǎng,(tiếng địa phương) đồi,"bộ thủ, từ liên quan, câu liên quan, Hán Việt",chars/5842.json
塄,B,léng,bờ cao xung quanh ruộng,"từ liên quan, câu liên quan, Hán Việt",chars/5844.json
塆,C,wān,hẻm núi; khe núi,"bộ thủ, từ liên quan, câu liên quan, Hán Việt",chars/5846.json
塈,C,jì,(văn học) trát; (văn học) nhặt,"bộ thủ, từ liên quan, câu liên quan, Hán Việt",chars/5848.json
塌,A,tā,sụp đổ,Hán Việt,chars/584C.json
塍,B,chéng,biến thể của 塍[cheng2],"từ liên quan, câu liên quan, Hán Việt",chars/584D.json
塑,A,sù,nặn (một hình) bằng đất sét,Hán Việt,chars/5851.json
塓,C,mì,trát vữa; quét vôi (tường),"bộ thủ, từ liên quan, câu liên quan, Hán Việt",chars/5853.json
塔,A,tǎ,tháp,Hán Việt,chars/5854.json
塕,B,wěng,bụi bay (tiếng địa phương); bụi,"từ liên quan, câu liên quan, Hán Việt",chars/5855.json
塙,C,què,thực sự,"bộ thủ, từ liên quan, câu liên quan, Hán Việt",chars/5859.json
塝,C,bàng,bờ ruộng; ranh giới của một cánh đồng,"bộ thủ, từ liên quan, câu liên quan, Hán Việt",chars/585D.json
塠,C,duī,biến thể cũ của 堆[dui1],"bộ thủ, từ liên quan, câu liên quan, Hán Việt",chars/5860.json
塡,C,tián,biến thể của 填[tian2],"bộ thủ, từ liên quan, câu liên quan, Hán Việt",chars/5861.json
塥,B,gé,cục đất sét khô,"từ liên quan, câu liên quan, Hán Việt",chars/5865.json
塩,C,yán,biến thể tiếng Nhật của 鹽|盐,"bộ thủ, từ liên quan, câu liên quan, Hán Việt",chars/5869.json
塬,B,yuán,"cao nguyên, đặc biệt là Cao nguyên Hoàng Thổ ở tây bắc Trung Quốc 黃土高原|黄土高原[Huang2 tu3 Gao1 yuan2]","từ liên quan, câu liên quan, Hán Việt",chars/586C.json
塱,C,lǎng,bờ đắp; tường bùn,"bộ thủ, từ liên quan, câu liên quan, Hán Việt",chars/5871.json
塽,C,shuǎng,(văn học) đất cao nhiều ánh nắng,"bộ thủ, từ liên quan, câu liên quan, Hán Việt",chars/587D.json
塾,B,shú,trường tư thục,câu liên quan,chars/587E.json
墀,B,chí,sân,"từ liên quan, câu liên quan, Hán Việt",chars/5880.json
墁,B,màn,trát vữa,"từ liên quan, câu liên quan, Hán Việt",chars/5881.json
墅,C,shù,biệt thự,bộ thủ,chars/5885.json
墈,C,kàn,vách đá,"bộ thủ, từ liên quan, câu liên quan, Hán Việt",chars/5888.json
墉,B,yōng,tường thành; tường bao,"từ liên quan, câu liên quan, Hán Việt",chars/5889.json
墐,C,jǐn,chôn; trát bùn,"bộ thủ, từ liên quan, câu liên quan, Hán Việt",chars/5890.json
墒,B,shāng,đất đã cày; độ ẩm của đất,"câu liên quan, Hán Việt",chars/5892.json
増,C,zēng,biến thể tiếng Nhật của 增[zeng1],"bộ thủ, từ liên quan, câu liên quan, Hán Việt",chars/5897.json
墚,C,liáng,,"nghĩa, từ liên quan, câu liên quan, Hán Việt",chars/589A.json
墝,C,qiāo,đất đá sỏi,"bộ thủ, từ liên quan, câu liên quan, Hán Việt",chars/589D.json
墟,A,xū,tàn tích; (văn học) làng,Hán Việt,chars/589F.json
墦,C,fán,mộ phần,"bộ thủ, từ liên quan, câu liên quan, Hán Việt",chars/58A6.json
墨,C,mò,mực,"bộ thủ, Hán Việt",chars/58A8.json
墫,C,zūn,cốc; bình,"bộ thủ, từ liên quan, câu liên quan",chars/58AB.json
墬,C,dì,biến thể của 地[di4],"bộ thủ, từ liên quan, câu liên quan, Hán Việt",chars/58AC.json
墰,C,tán,biến thể của 罈|坛[tan2],"bộ thủ, từ liên quan, câu liên quan, Hán Việt",chars/58B0.json
墵,C,tán,biến thể cũ của 壜[tan2],"bộ thủ, từ liên quan, câu liên quan, Hán Việt",chars/58B5.json
墺,C,ào,lô đất xây dựng,"bộ thủ, từ liên quan, câu liên quan, Hán Việt",chars/58BA.json
墼,B,jī,"(dạng kết hợp) gạch chưa nung; (dạng kết hợp) than bánh (làm từ than, v.v.)","từ liên quan, câu liên quan, Hán Việt",chars/58BC.json
壅,B,yōng,cản trở; lấp kín,"câu liên quan, Hán Việt",chars/58C5.json
壆,C,bó,luống đất nổi (trồng cây),"bộ thủ, từ liên quan, câu liên quan, Hán Việt",chars/58C6.json
壊,C,huài,biến thể Nhật Bản của 壞|坏[huai4],"bộ thủ, từ liên quan, câu liên quan, Hán Việt",chars/58CA.json
壌,C,rǎng,biến thể Nhật Bản của 壤[rang3],"bộ thủ, từ liên quan, câu liên quan, Hán Việt",chars/58CC.json
壎,C,xūn,nhạc cụ cổ bằng sứ thổi hơi,"bộ thủ, từ liên quan, câu liên quan, Hán Việt",chars/58CE.json
壑,C,hè,hẻm núi; thung lũng,bộ thủ,chars/58D1.json
壒,C,ài,bụi; bùn,"bộ thủ, từ liên quan, câu liên quan, Hán Việt",chars/58D2.json
壔,C,dǎo,cột; hình trụ,"bộ thủ, từ liên quan, câu liên quan, Hán Việt",chars/58D4.json
壕,B,háo,hào; rãnh (quân sự),câu liên quan,chars/58D5.json
壖,C,ruán,đất ở mép nước hoặc dưới tường,"bộ thủ, từ liên quan, câu liên quan, Hán Việt",chars/58D6.json
壜,C,tán,biến thể của 罈|坛[tan2],"bộ thủ, từ liên quan, câu liên quan, Hán Việt",chars/58DC.json
壝,C,wěi,gò đất; đê điều,"bộ thủ, từ liên quan, câu liên quan, Hán Việt",chars/58DD.json
壡,C,ruì,biến thể của 睿[rui4],"bộ thủ, từ liên quan, câu liên quan, Hán Việt",chars/58E1.json
壬,C,rén,thiên can thứ chín trong mười Thiên Can 十天干[shi2 tian1 gan1]; thứ chín theo thứ tự,"bộ thủ, câu liên quan",chars/58EC.json
壭,C,xx,"một trong những ký tự được dùng trong kwukyel (phát âm ""san""), một hệ thống chữ viết cổ của Hàn Quốc","bộ thủ, từ liên quan, câu liên quan, Hán Việt",chars/58ED.json
声,C,shēng,âm thanh,bộ thủ,chars/58F0.json
壱,C,yī,biến thể tiếng Nhật của 壹[yi1],"bộ thủ, từ liên quan, câu liên quan, Hán Việt",chars/58F1.json
売,C,mài,biến thể tiếng Nhật của 賣|卖[mai4],"bộ thủ, từ liên quan, câu liên quan, Hán Việt",chars/58F2.json
壳,C,ké,vỏ,bộ thủ,chars/58F3.json
壴,C,Zhù,họ [Zhu4],"bộ thủ, từ liên quan, câu liên quan, Hán Việt",chars/58F4.json
壶,C,hú,ấm,"bộ thủ, Hán Việt",chars/58F6.json
壸,C,kǔn,hành lang cung điện; bóng: khu vực dành cho phụ nữ,"bộ thủ, từ liên quan, câu liên quan",chars/58F8.json
壹,C,yī,một (chữ số chống gian lận của ngân hàng),"bộ thủ, từ liên quan, câu liên quan",chars/58F9.json
壿,C,zūn,"cốc, chai rượu; bình rượu","bộ thủ, từ liên quan, câu liên quan, Hán Việt",chars/58FF.json
夀,C,shòu,biến thể cũ của 壽|寿[shou4],"bộ thủ, từ liên quan, câu liên quan, Hán Việt",chars/5900.json
夂,B,suī,Ðến sau,"từ liên quan, câu liên quan, Hán Việt",chars/5902.json
夅,C,jiàng,biến thể cũ của 降[jiang4],"bộ thủ, từ liên quan, câu liên quan, Hán Việt",chars/5905.json
夆,B,féng,húc (như động vật có sừng),"từ liên quan, câu liên quan, Hán Việt",chars/5906.json
备,A,bèi,biến thể của 備|备[bei4],Hán Việt,chars/5907.json
変,C,biàn,biến thể tiếng Nhật của 變|变[bian4],"bộ thủ, từ liên quan, câu liên quan, Hán Việt",chars/5909.json
夊,B,suī,Đi chậm,"từ liên quan, câu liên quan, Hán Việt",chars/590A.json
夋,C,qūn,,"nghĩa, từ liên quan, câu liên quan, Hán Việt",chars/590B.json
夌,C,líng,la cà; tên của cha Hoàng đế Nghiêu,"bộ thủ, từ liên quan, câu liên quan, Hán Việt",chars/590C.json
复,C,fù,đi rồi quay lại; quay lại,bộ thủ,chars/590D.json
夏,A,xià,mùa hè,Hán Việt,chars/590F.json
夓,C,xià,biến thể cũ của 夏[xia4],"bộ thủ, từ liên quan, câu liên quan, Hán Việt",chars/5913.json
夔,C,Kuí,"yêu quái một chân trong thần thoại Trung Quốc; nhân vật thần thoại Trung Quốc, người phát minh âm nhạc và múa","bộ thủ, câu liên quan, Hán Việt",chars/5914.json
夗,B,yuàn,trở mình khi ngủ,"từ liên quan, câu liên quan, Hán Việt",chars/5917.json
夙,C,sù,buổi sáng; sớm,"bộ thủ, câu liên quan",chars/5919.json
多,C,duō,nhiều,bộ thủ,chars/591A.json
够,C,gòu,đủ,"bộ thủ, Hán Việt",chars/591F.json
夣,C,mèng,biến thể cũ của 夢|梦[meng4],"bộ thủ, từ liên quan, câu liên quan, Hán Việt",chars/5923.json
夤,B,yín,đêm khuya,"từ liên quan, câu liên quan, Hán Việt",chars/5924.json
夥,C,huǒ,nhiều; đông đúc,"bộ thủ, từ liên quan, câu liên quan, Hán Việt",chars/5925.json
天,C,tiān,ngày; trời,bộ thủ,chars/5929.json
夫,C,fū,chồng; đàn ông,bộ thủ,chars/592B.json
夬,C,guài,quyết đoán,"bộ thủ, từ liên quan, câu liên quan, Hán Việt",chars/592C.json
夭,C,yāo,(hình thức kết hợp) chết yểu (cũng đọc là [yao3]); (văn học) (cây cối) tươi tốt,"bộ thủ, câu liên quan",chars/592D.json
央,C,yāng,trung tâm; kết thúc,bộ thủ,chars/592E.json
夯,C,bèn,biến thể của 笨[ben4],"bộ thủ, câu liên quan, Hán Việt",chars/592F.json
夲,C,tāo,,"nghĩa, bộ thủ, từ liên quan, câu liên quan, Hán Việt",chars/5932.json
夶,C,bǐ,biến thể cũ của 比[bi3],"bộ thủ, từ liên quan, câu liên quan, Hán Việt",chars/5936.json
夷,C,yí,"người không phải Hán, đặc biệt ở phía Đông Trung Quốc; man di",bộ thủ,chars/5937.json
夺,C,duó,cướp,bộ thủ,chars/593A.json
夼,C,kuǎng,vùng trũng; chỗ lõm,"bộ thủ, câu liên quan, Hán Việt",chars/593C.json
奁,C,lián,biến thể của 奩|奁[lian2],"bộ thủ, câu liên quan, Hán Việt",chars/5941.json
奂,B,Huàn,họ [Huan4],"câu liên quan, Hán Việt",chars/5942.json
奈,C,nài,"dùng trong các biểu đạt mang tính thất vọng và bất lực, như 無奈|无奈[wu2 nai4] và 莫可奈何|莫可奈何[mo4 ke3 nai4 he2] (văn học); dùng theo giá trị phát âm trong việc viết từ nước ngoài",bộ thủ,chars/5948.json
奌,C,diǎn,biến thể của 點|点[dian3],"bộ thủ, từ liên quan, câu liên quan, Hán Việt",chars/594C.json
奎,B,kuí,đũng quần; ngôi thứ 15 trong 28 chòm sao của thiên văn học Trung Quốc,"câu liên quan, Hán Việt",chars/594E.json
奏,C,zòu,chơi,bộ thủ,chars/594F.json
契,C,qì,khắc; chữ khắc,bộ thủ,chars/5951.json
奓,C,chǐ,biến thể cũ của 侈[chi3],"bộ thủ, từ liên quan, câu liên quan, Hán Việt",chars/5953.json
奔,C,bēn,chạy nhanh,"bộ thủ, Hán Việt",chars/5954.json
奕,B,yì,dồi dào; duyên dáng,"câu liên quan, Hán Việt",chars/5955.json
奖,A,jiǎng,thưởng; giải thưởng,Hán Việt,chars/5956.json
套,A,tào,bộ,Hán Việt,chars/5957.json
奘,B,zàng,tuyệt vời,"câu liên quan, Hán Việt",chars/5958.json
奚,B,Xī,họ [Xi1],"câu liên quan, Hán Việt",chars/595A.json
奜,C,fěi,to lớn,"bộ thủ, từ liên quan, câu liên quan, Hán Việt",chars/595C.json
奠,A,diàn,cố định; ổn định,Hán Việt,chars/5960.json
奡,C,ào,ngạo mạn; mạnh mẽ,"bộ thủ, từ liên quan, câu liên quan, Hán Việt",chars/5961.json
奣,C,wěng,bầu trời trong và không mây,"bộ thủ, từ liên quan, câu liên quan, Hán Việt",chars/5963.json
奨,C,jiǎng,biến thể tiếng Nhật của 獎|奖[jiang3],"bộ thủ, từ liên quan, câu liên quan, Hán Việt",chars/5968.json
奫,C,yūn,sâu và rộng (vùng nước); vực thẳm,"bộ thủ, từ liên quan, câu liên quan, Hán Việt",chars/596B.json
奬,C,jiǎng,biến thể của 獎|奖[jiang3],"bộ thủ, từ liên quan, câu liên quan",chars/596C.json
奭,C,Shì,họ [Shi4],"bộ thủ, câu liên quan, Hán Việt",chars/596D.json
奰,C,bì,tức giận,"bộ thủ, từ liên quan, câu liên quan, Hán Việt",chars/5970.json
她,A,tā,cô ấy,Hán Việt,chars/5979.json
妁,B,Shuò,họ [Shuo4],"câu liên quan, Hán Việt",chars/5981.json
妃,C,fēi,phi tần,"bộ thủ, câu liên quan",chars/5983.json
妄,A,wàng,hoang đường; ảo tưởng,Hán Việt,chars/5984.json
妅,C,hóng,biến thể cũ của 娂[hong2],"bộ thủ, từ liên quan, câu liên quan, Hán Việt",chars/5985.json
妉,C,dān,biến thể cũ của 媅[dan1],"bộ thủ, từ liên quan, câu liên quan, Hán Việt",chars/5989.json
妊,B,rèn,mang thai; sự mang thai,"câu liên quan, Hán Việt",chars/598A.json
妍,C,yán,đẹp,"bộ thủ, câu liên quan",chars/598D.json
妏,C,wèn,(dùng trong tên nữ),"bộ thủ, từ liên quan, câu liên quan, Hán Việt",chars/598F.json
妓,C,jì,gái mại dâm,bộ thủ,chars/5993.json
妗,B,jìn,vợ của cậu,"từ liên quan, câu liên quan, Hán Việt",chars/5997.json
妚,C,pēi,biến thể của 胚[pei1]; phôi thai,"bộ thủ, từ liên quan, câu liên quan, Hán Việt",chars/599A.json
妞,B,niū,bé gái,"câu liên quan, Hán Việt",chars/599E.json
妟,C,yàn,,"nghĩa, bộ thủ, từ liên quan, câu liên quan, Hán Việt",chars/599F.json
妣,B,bǐ,mẹ đã mất,"câu liên quan, Hán Việt",chars/59A3.json
妤,B,yú,xinh đẹp; dễ thương,"từ liên quan, câu liên quan, Hán Việt",chars/59A4.json
妥,C,tuǒ,"sẵn sàng, được giải quyết",bộ thủ,chars/59A5.json
妨,A,fáng,gây cản trở; (trong câu phủ định hoặc nghi vấn) không có hại,Hán Việt,chars/59A8.json
妩,B,wǔ,nịnh hót; làm vui lòng,"câu liên quan, Hán Việt",chars/59A9.json
妪,C,yù,Bà lão,bộ thủ,chars/59AA.json
妫,C,Guī,họ [Gui1]; tên một con sông,"bộ thủ, từ liên quan, câu liên quan, Hán Việt",chars/59AB.json
妮,B,nī,"cô gái; phiên âm ""ni"" (trong tên nữ)",câu liên quan,chars/59AE.json
妯,B,zhóu,dùng trong 妯娌[zhou2 li5],câu liên quan,chars/59AF.json
妲,B,Dá,tên nữ (cổ đại),câu liên quan,chars/59B2.json
妳,C,nǐ,,"nghĩa, bộ thủ, từ liên quan, câu liên quan, Hán Việt",chars/59B3.json
妵,C,tǒu,(tên nữ); đẹp,"bộ thủ, từ liên quan, câu liên quan, Hán Việt",chars/59B5.json
妸,C,ē,(dùng trong tên riêng nữ); biến thể của 婀[e1],"bộ thủ, từ liên quan, câu liên quan",chars/59B8.json
妺,C,mò,vợ của vua cuối triều Hạ,"bộ thủ, từ liên quan, câu liên quan, Hán Việt",chars/59BA.json
妻,C,qī,vợ,bộ thủ,chars/59BB.json
妽,C,shēn,(dùng trong tên nữ),"bộ thủ, từ liên quan, câu liên quan, Hán Việt",chars/59BD.json
妾,B,qiè,"thiếp; tôi, người hầu của ngài (cách tự xưng khiêm tốn của phụ nữ)",câu liên quan,chars/59BE.json
姁,C,xǔ,nói nhiều như bà già; vui vẻ,"bộ thủ, từ liên quan, câu liên quan, Hán Việt",chars/59C1.json
姄,C,mín,(dùng trong tên nữ) (cổ),"bộ thủ, từ liên quan, câu liên quan, Hán Việt",chars/59C4.json
姅,C,bàn,kinh nguyệt,"bộ thủ, từ liên quan, câu liên quan",chars/59C5.json
姆,A,mǔ,người phụ nữ chăm sóc trẻ nhỏ; (cũ) nữ gia sư,Hán Việt,chars/59C6.json
姊,C,zǐ,biến thể cũ của 姊[zi3],"bộ thủ, câu liên quan",chars/59CA.json
姒,B,Sì,họ [Si4],"câu liên quan, Hán Việt",chars/59D2.json
姗,B,shān,chê bai; thướt tha (dáng đi của phụ nữ),"câu liên quan, Hán Việt",chars/59D7.json
姘,C,pīn,làm tình nhân hoặc người yêu,"bộ thủ, câu liên quan, Hán Việt",chars/59D8.json
姚,B,Yáo,họ [Yao2],câu liên quan,chars/59DA.json
姜,C,jiāng,gừng,"bộ thủ, câu liên quan, Hán Việt",chars/59DC.json
姝,B,shū,người phụ nữ đẹp,"từ liên quan, câu liên quan, Hán Việt",chars/59DD.json
姞,C,Jí,họ [Ji2],"bộ thủ, từ liên quan, câu liên quan, Hán Việt",chars/59DE.json
姣,B,jiāo,đẹp,"từ liên quan, câu liên quan, Hán Việt",chars/59E3.json
姤,C,gòu,giao hợp; tốt,"bộ thủ, từ liên quan, câu liên quan",chars/59E4.json
姥,C,lǎo,bà (ngoại),bộ thủ,chars/59E5.json
姧,C,jiān,"biến thể của 姦|奸[jian1], ngoại tình, kẻ ác","bộ thủ, từ liên quan, câu liên quan, Hán Việt",chars/59E7.json
姨,B,yí,chị em vợ,câu liên quan,chars/59E8.json
姫,C,jī,biến thể tiếng Nhật của 姬; công chúa,"bộ thủ, từ liên quan, câu liên quan, Hán Việt",chars/59EB.json
姬,C,Jī,họ [Ji1]; họ của hoàng tộc triều Chu 周代[Zhou1dai4] (1046-256 TCN),"bộ thủ, câu liên quan, Hán Việt",chars/59EC.json
姮,B,héng,tên nữ (xưa),"từ liên quan, câu liên quan, Hán Việt",chars/59EE.json
姱,C,kuā,cuốn hút; đẹp,"bộ thủ, từ liên quan, câu liên quan, Hán Việt",chars/59F1.json
姵,C,pèi,(dùng trong tên nữ),"bộ thủ, từ liên quan, câu liên quan, Hán Việt",chars/59F5.json
姸,C,yán,biến thể của 妍; đẹp,"bộ thủ, từ liên quan, câu liên quan, Hán Việt",chars/59F8.json
姹,B,chà,đẹp; xem 奼紫嫣紅|姹紫嫣红[cha4 zi3 yan1 hong2],"câu liên quan, Hán Việt",chars/59F9.json
姺,C,xiǎn,tên một nước cổ đại,"bộ thủ, từ liên quan, câu liên quan, Hán Việt",chars/59FA.json
姻,C,yīn,quan hệ hôn nhân,bộ thủ,chars/59FB.json
姽,C,guǐ,yên tĩnh và dễ thương,"bộ thủ, từ liên quan, câu liên quan, Hán Việt",chars/59FD.json
娀,C,sōng,tên một nước cổ đại,"bộ thủ, từ liên quan, câu liên quan, Hán Việt",chars/5A00.json
威,C,wēi,quyền lực; sức mạnh,bộ thủ,chars/5A01.json
娂,C,hóng,(dùng trong tên nữ),"bộ thủ, từ liên quan, câu liên quan, Hán Việt",chars/5A02.json
娃,C,wá,em bé; búp bê,"bộ thủ, Hán Việt",chars/5A03.json
娄,B,Lóu,họ [Lou2]; một trong 28 chòm sao trong thiên văn học Trung Quốc,câu liên quan,chars/5A04.json
娅,B,yà,(văn học) cách xưng hô giữa chồng của các chị em gái; (dùng để phiên âm tên nước ngoài),câu liên quan,chars/5A05.json
娆,B,ráo,duyên dáng,"câu liên quan, Hán Việt",chars/5A06.json
娈,C,luán,đẹp đẽ,"bộ thủ, câu liên quan, Hán Việt",chars/5A08.json
娉,B,pīng,duyên dáng,"câu liên quan, Hán Việt",chars/5A09.json
娌,B,lǐ,dùng trong 妯娌[zhou2 li5],"câu liên quan, Hán Việt",chars/5A0C.json
娑,B,suō,(phiên âm); xem 婆娑[po2 suo1],"câu liên quan, Hán Việt",chars/5A11.json
娓,B,wěi,hoạt bát; tuân theo,câu liên quan,chars/5A13.json
娚,C,nán,biến thể cũ của 喃[nan2],"bộ thủ, từ liên quan, câu liên quan, Hán Việt",chars/5A1A.json
娜,B,nà,(phiên âm na); dùng đặc biệt trong tên nữ như Anna 安娜[An1 na4] hoặc Diana 黛安娜[Dai4 an1 na4],câu liên quan,chars/5A1C.json
娟,B,juān,đẹp; duyên dáng,"câu liên quan, Hán Việt",chars/5A1F.json
娠,B,shēn,mang thai,"câu liên quan, Hán Việt",chars/5A20.json
娣,B,dì,vợ của em trai,"từ liên quan, câu liên quan, Hán Việt",chars/5A23.json
娩,B,miǎn,sinh con,"câu liên quan, Hán Việt",chars/5A29.json
娭,B,āi,"xem 娭姐[ai1 jie3], mẹ của cha; bà (tiếng địa phương)","từ liên quan, câu liên quan, Hán Việt",chars/5A2D.json
娯,C,yú,biến thể Nhật Bản của 娛|娱[yu2],"bộ thủ, từ liên quan, câu liên quan, Hán Việt",chars/5A2F.json
娱,A,yú,giải trí,Hán Việt,chars/5A31.json
娲,B,Wā,họ [Wa1]; chị của vị hoàng đế huyền thoại Phục Hy 伏羲[Fu2xi1],câu liên quan,chars/5A32.json
娴,B,xián,biến thể của 嫻|娴[xian2],"câu liên quan, Hán Việt",chars/5A34.json
娵,C,jū,(tên nữ); (ngôi sao),"bộ thủ, từ liên quan, câu liên quan, Hán Việt",chars/5A35.json
娶,C,qǔ,cưới,bộ thủ,chars/5A36.json
娸,C,qí,chế nhạo; xấu xí,"bộ thủ, từ liên quan, câu liên quan, Hán Việt",chars/5A38.json
娼,A,chāng,gái mại dâm,Hán Việt,chars/5A3C.json
婀,B,ē,biến thể của 婀[e1],"câu liên quan, Hán Việt",chars/5A40.json
婊,B,biǎo,gái mại dâm,"câu liên quan, Hán Việt",chars/5A4A.json
婐,C,wǒ,người hầu gái,"bộ thủ, từ liên quan, câu liên quan, Hán Việt",chars/5A50.json
婕,B,jié,đẹp đẽ,"từ liên quan, câu liên quan, Hán Việt",chars/5A55.json
婙,C,jìng,biến thể cũ của 婧[jing4],"bộ thủ, từ liên quan, câu liên quan, Hán Việt",chars/5A59.json
婚,A,hūn,kết hôn; hôn nhân,Hán Việt,chars/5A5A.json
婞,C,xìng,ngay thẳng,"bộ thủ, từ liên quan, câu liên quan, Hán Việt",chars/5A5E.json
婢,C,bì,nô tì; người hầu gái,"bộ thủ, câu liên quan",chars/5A62.json
婤,C,zhōu,(tên nữ),"bộ thủ, từ liên quan, câu liên quan, Hán Việt",chars/5A64.json
婥,C,chuò,yếu đuối; mỏng manh,"bộ thủ, từ liên quan, câu liên quan, Hán Việt",chars/5A65.json
婧,C,jìng,(văn học) (về phụ nữ) mảnh mai; tinh tế; (văn học) (về phụ nữ) tài năng,"bộ thủ, từ liên quan, câu liên quan, Hán Việt",chars/5A67.json
婨,C,lún,(dùng trong tên nữ) (cũ),"bộ thủ, từ liên quan, câu liên quan, Hán Việt",chars/5A68.json
婬,C,yín,"tục tĩu, dâm ô, dâm dục","bộ thủ, từ liên quan, câu liên quan",chars/5A6C.json
婮,C,jū,(dùng trong tên nữ),"bộ thủ, từ liên quan, câu liên quan, Hán Việt",chars/5A6E.json
婳,C,huà,tĩnh lặng,"bộ thủ, từ liên quan, câu liên quan, Hán Việt",chars/5A73.json
婵,B,chán,dùng trong 嬋娟|婵娟[chan2 juan1] và 嬋媛|婵媛[chan2 yuan2],"câu liên quan, Hán Việt",chars/5A75.json
婶,B,shěn,vợ của em trai bố,câu liên quan,chars/5A76.json
婷,B,tíng,duyên dáng,"câu liên quan, Hán Việt",chars/5A77.json
婹,C,yǎo,thon thả; miên man,"bộ thủ, từ liên quan, câu liên quan, Hán Việt",chars/5A79.json
婺,B,wù,đẹp,"câu liên quan, Hán Việt",chars/5A7A.json
婼,C,chuò,ngoan cố,"bộ thủ, từ liên quan, câu liên quan, Hán Việt",chars/5A7C.json
婽,C,jiǎ,tốt,"bộ thủ, từ liên quan, câu liên quan, Hán Việt",chars/5A7D.json
婿,B,xù,biến thể của 婿[xu4],câu liên quan,chars/5A7F.json
媁,C,wéi,tỏ ra không hài lòng; đẹp,"bộ thủ, từ liên quan, câu liên quan, Hán Việt",chars/5A81.json
媄,C,měi,đẹp,"bộ thủ, từ liên quan, câu liên quan",chars/5A84.json
媅,C,dān,hài lòng; vui vẻ,"bộ thủ, từ liên quan, câu liên quan, Hán Việt",chars/5A85.json
媊,C,qián,sao Kim vào buổi sáng,"bộ thủ, từ liên quan, câu liên quan, Hán Việt",chars/5A8A.json
媏,C,duān,(dùng trong tên nữ) (cổ),"bộ thủ, từ liên quan, câu liên quan, Hán Việt",chars/5A8F.json
媕,B,ān,chưa quyết định,"từ liên quan, câu liên quan, Hán Việt",chars/5A95.json
媖,C,yīng,(tên khen ngợi dành cho phụ nữ),"bộ thủ, từ liên quan, câu liên quan, Hán Việt",chars/5A96.json
媚,A,mèi,tâng bốc; quyến rũ,Hán Việt,chars/5A9A.json
媛,B,yuán,dùng trong 嬋媛|婵媛[chan2 yuan2] và trong tên nữ,"câu liên quan, Hán Việt",chars/5A9B.json
媞,C,tí,dùng làm phiên âm; tên nữ,"bộ thủ, từ liên quan, câu liên quan, Hán Việt",chars/5A9E.json
媟,C,xiè,ham muốn,"bộ thủ, từ liên quan, câu liên quan, Hán Việt",chars/5A9F.json
媠,B,duò,biến thể cũ của 惰[duo4],"từ liên quan, câu liên quan, Hán Việt",chars/5AA0.json
媢,C,mào,đố kỵ,"bộ thủ, từ liên quan, câu liên quan, Hán Việt",chars/5AA2.json
媩,C,hú,(dùng trong tên nữ) (cổ),"bộ thủ, từ liên quan, câu liên quan, Hán Việt",chars/5AA9.json
媪,B,ǎo,bà già,"từ liên quan, câu liên quan, Hán Việt",chars/5AAA.json
媬,C,bǎo,bảo mẫu; y tá,"bộ thủ, từ liên quan, câu liên quan, Hán Việt",chars/5AAC.json
媭,C,xū,(phương ngữ) chị gái (cách gọi cũ),"bộ thủ, từ liên quan, câu liên quan, Hán Việt",chars/5AAD.json
媮,C,tōu,không đúng cách; không đều đặn,"bộ thủ, từ liên quan, câu liên quan, Hán Việt",chars/5AAE.json
媲,A,pì,so sánh; kết đôi,Hán Việt,chars/5AB2.json
媳,A,xí,con dâu,Hán Việt,chars/5AB3.json
媵,B,yìng,người hầu đưa cô dâu về nhà chồng; thê thiếp,"từ liên quan, câu liên quan, Hán Việt",chars/5AB5.json
媸,B,chī,người phụ nữ xấu xí,"từ liên quan, câu liên quan, Hán Việt",chars/5AB8.json
媺,C,měi,đẹp,"bộ thủ, từ liên quan, câu liên quan, Hán Việt",chars/5ABA.json
媻,C,pán,di chuyển,"bộ thủ, từ liên quan, câu liên quan, Hán Việt",chars/5ABB.json
媾,C,gòu,kết hôn; giao phối,"bộ thủ, câu liên quan, Hán Việt",chars/5ABE.json
嫂,B,sǎo,(dạng kết hợp) vợ của anh trai; chị dâu,câu liên quan,chars/5AC2.json
嫄,C,yuán,tên của một hoàng hậu,"bộ thủ, từ liên quan, câu liên quan, Hán Việt",chars/5AC4.json
嫈,C,yīng,một cách chăm chú; một cách cẩn thận,"bộ thủ, từ liên quan, câu liên quan, Hán Việt",chars/5AC8.json
嫉,C,jí,ghen tuông; ghen tị với,"bộ thủ, Hán Việt",chars/5AC9.json
嫏,C,Láng,dùng trong 嫏嬛[Lang2 huan2],"bộ thủ, từ liên quan, câu liên quan, Hán Việt",chars/5ACF.json
嫐,C,nǎo,trêu chọc; đùa giỡn,"bộ thủ, từ liên quan, câu liên quan, Hán Việt",chars/5AD0.json
嫑,C,biáo,(phương ngữ) đừng; không được,"bộ thủ, từ liên quan, câu liên quan, Hán Việt",chars/5AD1.json
嫒,B,ài,con gái của bạn (kính ngữ),"từ liên quan, câu liên quan, Hán Việt",chars/5AD2.json
嫔,B,pín,phi tần,"câu liên quan, Hán Việt",chars/5AD4.json
嫕,C,yì,dễ bảo; nhún nhường,"bộ thủ, từ liên quan, câu liên quan, Hán Việt",chars/5AD5.json
嫖,B,piáo,đi mua dâm,câu liên quan,chars/5AD6.json
嫘,B,Léi,họ [Lei2],"từ liên quan, câu liên quan, Hán Việt",chars/5AD8.json
嫙,C,xuán,đẹp; tinh tế,"bộ thủ, từ liên quan, câu liên quan, Hán Việt",chars/5AD9.json
嫚,B,Màn,họ [Man4],"từ liên quan, câu liên quan, Hán Việt",chars/5ADA.json
嫜,B,zhāng,cha chồng,"từ liên quan, câu liên quan, Hán Việt",chars/5ADC.json
嫠,B,lí,quả phụ,"câu liên quan, Hán Việt",chars/5AE0.json
嫡,B,dí,"(hình thức kết hợp) của vợ cả, trái với thiếp (đối lập với 庶[shu4])",câu liên quan,chars/5AE1.json
嫣,B,yān,(văn học) xinh đẹp; ngọt ngào,"câu liên quan, Hán Việt",chars/5AE3.json
嫪,B,Lào,họ [Lao4],"câu liên quan, Hán Việt",chars/5AEA.json
嫫,B,mó,người phụ nữ xấu xí,"từ liên quan, câu liên quan, Hán Việt",chars/5AEB.json
嫬,C,zhē,chữ cũ dùng trong tên nữ,"bộ thủ, từ liên quan, câu liên quan, Hán Việt",chars/5AEC.json
嫭,C,hù,đẹp; mỹ nhân,"bộ thủ, từ liên quan, câu liên quan, Hán Việt",chars/5AED.json
嫮,C,hù,biến thể cũ của 嫭[hu4],"bộ thủ, từ liên quan, câu liên quan, Hán Việt",chars/5AEE.json
嫱,B,qiáng,nữ quan trong cung đình,"từ liên quan, câu liên quan, Hán Việt",chars/5AF1.json
嫽,C,liáo,tốt; thông minh,"bộ thủ, từ liên quan, câu liên quan, Hán Việt",chars/5AFD.json
嬅,C,huá,đẹp; dùng trong tên con gái,"bộ thủ, từ liên quan, câu liên quan, Hán Việt",chars/5B05.json
嬉,A,xī,sự tiêu khiển,Hán Việt,chars/5B09.json
嬔,C,fù,thỏ con,"bộ thủ, từ liên quan, câu liên quan, Hán Việt",chars/5B14.json
嬖,B,bì,(đối xử như) yêu thích,"từ liên quan, câu liên quan",chars/5B16.json
嬗,B,shàn,(văn học) trải qua thay đổi liên tiếp; tiến hóa,"câu liên quan, Hán Việt",chars/5B17.json
嬛,C,huán,(dùng trong tên),"bộ thủ, từ liên quan, câu liên quan, Hán Việt",chars/5B1B.json
嬢,C,niáng,biến thể tiếng Nhật của 孃|娘[niang2],"bộ thủ, từ liên quan, câu liên quan, Hán Việt",chars/5B22.json
嬦,C,chóu,(cổ) dùng trong tên phụ nữ,"bộ thủ, từ liên quan, câu liên quan, Hán Việt",chars/5B26.json
嬫,C,róng,(dùng trong tên phụ nữ),"bộ thủ, từ liên quan, câu liên quan, Hán Việt",chars/5B2B.json
嬬,C,xū,"tình nhân, thiếp; yếu","bộ thủ, từ liên quan, câu liên quan, Hán Việt",chars/5B2C.json
嬲,C,niǎo,trêu chọc; quấy rầy,"bộ thủ, từ liên quan, câu liên quan, Hán Việt",chars/5B32.json
嬴,C,Yíng,họ [Ying2],"bộ thủ, câu liên quan, Hán Việt",chars/5B34.json
嬷,B,mó,từ địa phương hoặc lỗi thời tương đương với 媽|妈[ma1]; cách phát âm Đài Loan [ma1],"câu liên quan, Hán Việt",chars/5B37.json
嬹,C,xìng,biến thể cũ của 興|兴[xing4],"bộ thủ, từ liên quan, câu liên quan, Hán Việt",chars/5B39.json
嬿,C,yàn,đáng yêu,"bộ thủ, từ liên quan, câu liên quan, Hán Việt",chars/5B3F.json
孀,B,shuāng,quả phụ,"câu liên quan, Hán Việt",chars/5B40.json
孄,C,lǎn,biến thể cũ của 懶|懒[lan3],"bộ thủ, từ liên quan, câu liên quan, Hán Việt",chars/5B44.json
孅,C,xiān,xảo quyệt; mảnh mai,"bộ thủ, từ liên quan, câu liên quan, Hán Việt",chars/5B45.json
孏,C,lǎn,biến thể cũ của 懶|懒[lan3],"bộ thủ, từ liên quan, câu liên quan, Hán Việt",chars/5B4F.json
孑,C,jié,một mình,"bộ thủ, câu liên quan, Hán Việt",chars/5B51.json
孓,B,jué,dùng trong 孑孓[jie2 jue2],"câu liên quan, Hán Việt",chars/5B53.json
孔,C,kǒng,lỗ,bộ thủ,chars/5B54.json
孕,C,yùn,mang thai,bộ thủ,chars/5B55.json
孖,C,zī,sinh đôi,"bộ thủ, từ liên quan, câu liên quan, Hán Việt",chars/5B56.json
孚,C,fú,tin tưởng; tin vào,"bộ thủ, câu liên quan, Hán Việt",chars/5B5A.json
孛,C,bèi,sao chổi,"bộ thủ, từ liên quan, câu liên quan",chars/5B5B.json
孜,B,zī,dùng trong 孜孜[zi1zi1],"câu liên quan, Hán Việt",chars/5B5C.json
孝,C,xiào,"Hiếu thảo, hiếu kính",bộ thủ,chars/5B5D.json
孟,C,Mèng,họ [Meng4],"bộ thủ, câu liên quan",chars/5B5F.json
孢,B,bāo,bào tử,"câu liên quan, Hán Việt",chars/5B62.json
孥,B,nú,con; cháu,"từ liên quan, câu liên quan",chars/5B65.json
学,C,xué,học,bộ thủ,chars/5B66.json
孨,C,zhuǎn,"(tiếng lóng Internet) ba chữ 子 tượng trưng cho thành công trong cuộc sống: nhà, xe và vợ (房子[fang2 zi5], 車子|车子[che1 zi5] và 妻子[qi1 zi5]); (cổ) cẩn trọng","bộ thủ, từ liên quan, câu liên quan, Hán Việt",chars/5B68.json
孪,C,luán,song sinh,"bộ thủ, Hán Việt",chars/5B6A.json
孬,C,nāo,(tiếng địa phương) không tốt (viết tắt của 不[bu4] + 好[hao3]),"bộ thủ, câu liên quan, Hán Việt",chars/5B6C.json
孭,C,miē,mang trên lưng hoặc vai (tiếng Quảng Đông),"bộ thủ, từ liên quan, câu liên quan, Hán Việt",chars/5B6D.json
孰,C,shú,ai; cái nào,"bộ thủ, từ liên quan, câu liên quan, Hán Việt",chars/5B70.json
孱,C,càn,dùng trong 孱頭|孱头[can4 tou5],"bộ thủ, Hán Việt",chars/5B71.json
孳,B,zī,chăm chỉ; sản xuất,"câu liên quan, Hán Việt",chars/5B73.json
孵,C,fū,sinh sản; ấp,"bộ thủ, Hán Việt",chars/5B75.json
孶,C,zī,biến thể cũ của 孳[zi1],"bộ thủ, từ liên quan, câu liên quan, Hán Việt",chars/5B76.json
孺,B,Rú,họ [Ru2],câu liên quan,chars/5B7A.json
孽,B,niè,biến thể của 孽[nie4],câu liên quan,chars/5B7D.json
宀,B,mián,"Mái nhà, nơi ở, che phủ.","từ liên quan, câu liên quan, Hán Việt",chars/5B80.json
它,C,tā,nó,"bộ thủ, Hán Việt",chars/5B83.json
宄,B,guǐ,kẻ phản bội,"câu liên quan, Hán Việt",chars/5B84.json
宅,A,zhái,nơi cư trú; (thông tục) ở nhà,Hán Việt,chars/5B85.json
宊,C,jiā,biến thể cũ của 家[jia1],"bộ thủ, từ liên quan, câu liên quan, Hán Việt",chars/5B8A.json
宋,B,Sòng,họ [Song4]; nhà Tống (960-1279),câu liên quan,chars/5B8B.json
宍,C,ròu,biến thể cũ của 肉[rou4],"bộ thủ, từ liên quan, câu liên quan, Hán Việt",chars/5B8D.json
宏,A,hóng,lớn; vĩ đại,Hán Việt,chars/5B8F.json
宓,B,Mì,họ [Mi4],"từ liên quan, câu liên quan, Hán Việt",chars/5B93.json
宕,C,dàng,phóng đãng; trì hoãn,"bộ thủ, câu liên quan, Hán Việt",chars/5B95.json
宛,B,Wǎn,họ [Wan3],câu liên quan,chars/5B9B.json
宜,C,Yí,họ [Yi2],bộ thủ,chars/5B9C.json
実,C,shí,biến thể tiếng Nhật của 實|实,"bộ thủ, từ liên quan, câu liên quan, Hán Việt",chars/5B9F.json
宥,B,yòu,tha thứ; giúp đỡ,"từ liên quan, câu liên quan, Hán Việt",chars/5BA5.json
宦,C,Huàn,họ [Huan4],"bộ thủ, câu liên quan, Hán Việt",chars/5BA6.json
宧,C,yí,góc đông bắc của phòng,"bộ thủ, từ liên quan, câu liên quan, Hán Việt",chars/5BA7.json
宨,C,tiǎo,biến thể của 窕[tiao3],"bộ thủ, từ liên quan, câu liên quan, Hán Việt",chars/5BA8.json
宩,C,shǐ,biến thể cũ của 屎[shi3],"bộ thủ, từ liên quan, câu liên quan, Hán Việt",chars/5BA9.json
宬,C,chéng,(văn học) phòng lưu trữ; thư viện (đặc biệt trong hoàng cung thời Minh và Thanh),"bộ thủ, từ liên quan, câu liên quan, Hán Việt",chars/5BAC.json
宰,C,zǎi,giết mổ,bộ thủ,chars/5BB0.json
害,C,hài,gây hại cho; gây rắc rối cho,bộ thủ,chars/5BB3.json
宴,C,yàn,(dạng kết hợp) tiệc; tịnh dưỡng,bộ thủ,chars/5BB4.json
宵,A,xiāo,đêm,Hán Việt,chars/5BB5.json
宸,B,chén,cung điện hoàng gia,"từ liên quan, câu liên quan, Hán Việt",chars/5BB8.json
宿,C,xiǔ,Đêm; ở lại qua đêm,bộ thủ,chars/5BBF.json
寀,C,cài,lãnh địa phong kiến,"bộ thủ, từ liên quan, câu liên quan, Hán Việt",chars/5BC0.json
寁,C,zǎn,nhanh chóng,"bộ thủ, từ liên quan, câu liên quan, Hán Việt",chars/5BC1.json
寅,B,yín,"địa chi thứ 3: 3-5 giờ sáng, tháng đầu tiên theo lịch mặt trời (4 tháng Hai-5 tháng Ba), năm Dần; hướng la bàn cổ của Trung Quốc: 60°",câu liên quan,chars/5BC5.json
寇,C,kòu,biến thể cũ của 寇[kou4],"bộ thủ, câu liên quan",chars/5BC7.json
寉,C,què,,"nghĩa, bộ thủ, từ liên quan, câu liên quan, Hán Việt",chars/5BC9.json
寎,C,bìng,ác mộng; giật mình khi ngủ,"bộ thủ, từ liên quan, câu liên quan, Hán Việt",chars/5BCE.json
寐,C,mèi,ngủ say,"bộ thủ, câu liên quan",chars/5BD0.json
寒,C,hán,lạnh; nghèo,bộ thủ,chars/5BD2.json
寔,C,shí,thực sự; vững chắc,"bộ thủ, từ liên quan, câu liên quan",chars/5BD4.json
寖,C,jìn,biến thể cũ của 浸[jin4],"bộ thủ, từ liên quan, câu liên quan, Hán Việt",chars/5BD6.json
寗,C,níng,biến thể cũ của 甯|宁[ning2],"bộ thủ, từ liên quan, câu liên quan, Hán Việt",chars/5BD7.json
寘,C,zhì,để sang một bên; đặt xuống,"bộ thủ, từ liên quan, câu liên quan, Hán Việt",chars/5BD8.json
寙,C,yǔ,xấu; vô dụng,"bộ thủ, từ liên quan, câu liên quan, Hán Việt",chars/5BD9.json
寛,C,kuān,biến thể Nhật Bản của 寬|宽,"bộ thủ, từ liên quan, câu liên quan, Hán Việt",chars/5BDB.json
寝,C,qǐn,biến thể cũ của 寢|寝[qin3],"bộ thủ, Hán Việt",chars/5BDD.json
寡,C,guǎ,ít; không đủ,bộ thủ,chars/5BE1.json
寤,B,wù,tỉnh dậy từ giấc ngủ,"câu liên quan, Hán Việt",chars/5BE4.json
寥,A,liáo,trống vắng; cô quạnh,Hán Việt,chars/5BE5.json
寨,C,zhài,pháo đài; trại doanh,bộ thủ,chars/5BE8.json
寪,C,Wěi,họ [Wei3],"bộ thủ, từ liên quan, câu liên quan, Hán Việt",chars/5BEA.json
寮,B,Liáo,Lào,"câu liên quan, Hán Việt",chars/5BEE.json
寰,B,huán,vùng lớn; khu vực rộng lớn,"câu liên quan, Hán Việt",chars/5BF0.json
寺,A,sì,đền,Hán Việt,chars/5BFA.json
寻,C,xún,tìm kiếm,bộ thủ,chars/5BFB.json
寽,C,lǜ,,"nghĩa, bộ thủ, từ liên quan, câu liên quan, Hán Việt",chars/5BFD.json
対,C,duì,biến thể tiếng Nhật của 對|对[dui4],"bộ thủ, từ liên quan, câu liên quan, Hán Việt",chars/5BFE.json
寿,C,Shòu,họ [Shou4],bộ thủ,chars/5BFF.json
専,C,zhuān,biến thể tiếng Nhật của 專|专,"bộ thủ, từ liên quan, câu liên quan, Hán Việt",chars/5C02.json
尃,B,fū,"tuyên bố, thông báo","từ liên quan, câu liên quan, Hán Việt",chars/5C03.json
射,C,shè,bắn,bộ thủ,chars/5C04.json
将,C,jiāng,sẽ,bộ thủ,chars/5C06.json
尉,C,Wèi,họ [Wei4],"bộ thủ, câu liên quan, Hán Việt",chars/5C09.json
尊,C,zūn,bề trên; thuộc thế hệ trước,bộ thủ,chars/5C0A.json
尌,B,shù,đứng lên; dựng (cái gì) lên,"từ liên quan, câu liên quan, Hán Việt",chars/5C0C.json
尐,C,jié,(văn học) ít; một vài,"bộ thủ, từ liên quan, câu liên quan, Hán Việt",chars/5C10.json
少,C,shǎo,ít,bộ thủ,chars/5C11.json
尓,C,ěr,biến thể của 爾|尔[er3],"bộ thủ, từ liên quan, câu liên quan, Hán Việt",chars/5C13.json
尔,C,ěr,biến thể của 爾|尔[er3],bộ thủ,chars/5C14.json
尕,B,gǎ,nhỏ (phương ngữ),"từ liên quan, câu liên quan, Hán Việt",chars/5C15.json
尖,C,jiān,"sắc, nhọn",bộ thủ,chars/5C16.json
尗,C,shū,biến thể cổ của 菽[shu1]; biến thể cổ của 叔[shu1],"bộ thủ, từ liên quan, câu liên quan, Hán Việt",chars/5C17.json
尘,C,chén,bụi; bụi bẩn,bộ thủ,chars/5C18.json
尙,C,shàng,"biến thể của 尚, vẫn; còn","bộ thủ, từ liên quan, câu liên quan",chars/5C19.json
尜,C,gá,đồ chơi có dạng con quay với hai đầu nhọn,"bộ thủ, từ liên quan, câu liên quan, Hán Việt",chars/5C1C.json
尝,C,cháng,thử,"bộ thủ, Hán Việt",chars/5C1D.json
尞,C,liáo,,"nghĩa, từ liên quan, câu liên quan, Hán Việt",chars/5C1E.json
尢,B,yóu,"Què ( hình người đứng chân phải què, không thẳng) còn gọi là bộ vưu","từ liên quan, câu liên quan, Hán Việt",chars/5C22.json
尣,C,wāng,,"nghĩa, bộ thủ, từ liên quan, câu liên quan, Hán Việt",chars/5C23.json
尤,C,Yóu,họ [You2],"bộ thủ, Hán Việt",chars/5C24.json
尥,C,liào,đá về phía sau (ví dụ: ngựa),"bộ thủ, câu liên quan, Hán Việt",chars/5C25.json
尧,B,Yáo,"họ [Yao2]; Diêu hoặc Đường Nghiêu (khoảng 2200 TCN), một trong Ngũ Đế huyền thoại 五帝[Wu3 Di4], con trai thứ hai của Đế Khốc 帝嚳|帝喾[Di4 Ku4]",câu liên quan,chars/5C27.json
尨,C,Páng,họ [Pang2],"bộ thủ, từ liên quan, câu liên quan, Hán Việt",chars/5C28.json
尩,C,wāng,biến thể của 尪[wang1],"bộ thủ, từ liên quan, câu liên quan, Hán Việt",chars/5C29.json
尪,C,wāng,yếu ớt; què,"bộ thủ, từ liên quan, câu liên quan, Hán Việt",chars/5C2A.json
尬,A,gà,ngượng ngùng; lúng túng,Hán Việt,chars/5C2C.json
尭,C,yáo,biến thể tiếng Nhật của 堯|尧[yao2],"bộ thủ, từ liên quan, câu liên quan, Hán Việt",chars/5C2D.json
尰,C,zhǒng,sưng,"bộ thủ, từ liên quan, câu liên quan, Hán Việt",chars/5C30.json
就,C,jiù,ngay lập tức,"bộ thủ, Hán Việt",chars/5C31.json
尲,C,gān,biến thể của 尷|尴[gan1],"bộ thủ, từ liên quan, câu liên quan, Hán Việt",chars/5C32.json
尴,A,gān,dùng trong 尷尬|尴尬[gan1 ga4],Hán Việt,chars/5C34.json
尶,C,gān,biến thể cũ của 尷|尴[gan1],"bộ thủ, từ liên quan, câu liên quan, Hán Việt",chars/5C36.json
尹,B,Yǐn,họ [Yin3],câu liên quan,chars/5C39.json
尺,C,chǐ,"thước đo (đơn vị độ dài = 0,33 m)",bộ thủ,chars/5C3A.json
尻,B,kāo,(văn học) mông; mông đít,"từ liên quan, câu liên quan, Hán Việt",chars/5C3B.json
尾,C,wěi,đuôi; phần còn lại,bộ thủ,chars/5C3E.json
尿,C,niào,nước tiểu,"bộ thủ, Hán Việt",chars/5C3F.json
屁,A,pì,đánh rắm; đầy hơi,Hán Việt,chars/5C41.json
屃,C,xì,biến thể của 屭|屃[xi4],"bộ thủ, từ liên quan, câu liên quan, Hán Việt",chars/5C43.json
屄,C,bī,lồn (thô tục),"bộ thủ, từ liên quan, câu liên quan, Hán Việt",chars/5C44.json
居,C,Jū,họ [Ju1],bộ thủ,chars/5C45.json
屇,C,tián,hang; lỗ,"bộ thủ, từ liên quan, câu liên quan, Hán Việt",chars/5C47.json
屉,C,tì,ngăn kéo; tầng,"bộ thủ, Hán Việt",chars/5C49.json
届,C,jiè,"phiên, kỳ","bộ thủ, Hán Việt",chars/5C4A.json
屌,C,diǎo,dương vật; (tiếng lóng) ngầu hoặc xuất chúng,"bộ thủ, từ liên quan, câu liên quan, Hán Việt",chars/5C4C.json
屎,C,shǐ,"phân, cứt","bộ thủ, Hán Việt",chars/5C4E.json
屏,C,bīng,xem 屏營|屏营[bing1 ying2],bộ thủ,chars/5C4F.json
屐,B,jī,guốc mộc,"câu liên quan, Hán Việt",chars/5C50.json
屑,A,xiè,mảnh vụn,Hán Việt,chars/5C51.json
屖,C,xī,"biến thể của 犀, tê giác; sắc bén","bộ thủ, từ liên quan, câu liên quan, Hán Việt",chars/5C56.json
屘,C,mǎn,trẻ nhất,"bộ thủ, từ liên quan, câu liên quan, Hán Việt",chars/5C58.json
屙,B,ē,(phương ngữ) bài tiết (nước tiểu hoặc phân),"từ liên quan, câu liên quan, Hán Việt",chars/5C59.json
屛,C,píng,biến thể của 屏[ping2],"bộ thủ, từ liên quan, câu liên quan, Hán Việt",chars/5C5B.json
屝,C,fèi,thô; tông,"bộ thủ, từ liên quan, câu liên quan, Hán Việt",chars/5C5D.json
属,C,shǔ,sinh vào năm,bộ thủ,chars/5C5E.json
屣,C,xǐ,dép lê,"bộ thủ, câu liên quan, Hán Việt",chars/5C63.json
履,C,lǚ,giày; giẫm lên,"bộ thủ, Hán Việt",chars/5C65.json
屦,B,jù,dép sandals,"từ liên quan, câu liên quan, Hán Việt",chars/5C66.json
屧,C,xiè,giày gỗ,"bộ thủ, từ liên quan, câu liên quan, Hán Việt",chars/5C67.json
屩,C,juē,(cổ) dép làm bằng sợi gai; lối đọc ở Đài Loan: [jue2],"bộ thủ, từ liên quan, câu liên quan, Hán Việt",chars/5C69.json
屪,C,liáo,dương vật,"bộ thủ, từ liên quan, câu liên quan, Hán Việt",chars/5C6A.json
屫,C,juē,biến thể cũ của 屩[jue1],"bộ thủ, từ liên quan, câu liên quan, Hán Việt",chars/5C6B.json
屮,B,chè,"Cây cỏ mới mọc ( hình cây cỏ mới đâm trồi, có hai lá và rễ), tức là chữ ""thảo"" 艸 cổ","từ liên quan, câu liên quan, Hán Việt",chars/5C6E.json
屯,C,tún,tích trữ,"bộ thủ, câu liên quan",chars/5C6F.json
屰,C,nì,,"nghĩa, bộ thủ, từ liên quan, câu liên quan, Hán Việt",chars/5C70.json
屴,C,lì,dãy núi cao,"bộ thủ, từ liên quan, câu liên quan, Hán Việt",chars/5C74.json
屺,B,qǐ,(văn học) ngọn đồi cằn cỗi,"từ liên quan, câu liên quan, Hán Việt",chars/5C7A.json
屼,C,wù,đồi trọc,"bộ thủ, từ liên quan, câu liên quan, Hán Việt",chars/5C7C.json
屾,C,shēn,(văn học) hai ngọn núi đứng cạnh nhau,"bộ thủ, từ liên quan, câu liên quan, Hán Việt",chars/5C7E.json
屿,A,yǔ,đảo nhỏ,Hán Việt,chars/5C7F.json
岀,C,chū,biến thể cũ của 出[chu1],"bộ thủ, từ liên quan, câu liên quan, Hán Việt",chars/5C80.json
岁,A,suì,tuổi,Hán Việt,chars/5C81.json
岂,A,kǎi,biến thể cũ của 愷|恺[kai3]; biến thể cũ của 凱|凯[kai3],Hán Việt,chars/5C82.json
岈,B,yá,xem 嵖岈山[Cha2 ya2 Shan1],"từ liên quan, câu liên quan, Hán Việt",chars/5C88.json
岊,C,jié,đỉnh núi,"bộ thủ, từ liên quan, câu liên quan, Hán Việt",chars/5C8A.json
岌,B,jí,đỉnh cao; nguy hiểm,câu liên quan,chars/5C8C.json
岍,B,qiān,tên một ngọn núi,"từ liên quan, câu liên quan, Hán Việt",chars/5C8D.json
岐,B,Qí,họ [Qi2]; cũng dùng trong địa danh,"câu liên quan, Hán Việt",chars/5C90.json
岑,B,Cén,họ [Cen2],câu liên quan,chars/5C91.json
岒,C,qián,chữ dùng trong địa danh,"bộ thủ, từ liên quan, câu liên quan, Hán Việt",chars/5C92.json
岔,C,chà,ngã rẽ; phân nhánh,"bộ thủ, Hán Việt",chars/5C94.json
岖,A,qū,gồ ghề,Hán Việt,chars/5C96.json
岗,A,gǎng,biến thể của 岡|冈 [gang1],Hán Việt,chars/5C97.json
岘,C,xiàn,viết tắt của 峴首山|岘首山[Xian4 shou3 shan1]; núi Xianshou ở Hồ Bắc,"bộ thủ, câu liên quan, Hán Việt",chars/5C98.json
岙,B,ào,"vùng đất trũng giữa núi; non dùng trong địa danh, đặc biệt ở 浙江[Zhe4 jiang1] và 福建[Fu2 jian4]","từ liên quan, câu liên quan, Hán Việt",chars/5C99.json
岚,C,lán,(hình thức kết hợp) sương núi,"bộ thủ, câu liên quan, Hán Việt",chars/5C9A.json
岛,A,dǎo,đảo,Hán Việt,chars/5C9B.json
岜,B,bā,đồi đá; núi đá,"từ liên quan, câu liên quan, Hán Việt",chars/5C9C.json
岝,C,Zuò,tên một ngọn núi ở Sơn Đông,"bộ thủ, từ liên quan, câu liên quan, Hán Việt",chars/5C9D.json
岢,B,kě,dùng trong 岢嵐|岢岚[Ke3 lan2],"câu liên quan, Hán Việt",chars/5CA2.json
岣,B,gǒu,tên một ngọn đồi ở Hồ Nam,"từ liên quan, câu liên quan, Hán Việt",chars/5CA3.json
岧,C,tiáo,đỉnh núi cao,"bộ thủ, từ liên quan, câu liên quan",chars/5CA7.json
岨,C,qū,đồi đá,"bộ thủ, từ liên quan, câu liên quan, Hán Việt",chars/5CA8.json
岩,C,yán,vách đá; đá,bộ thủ,chars/5CA9.json
岫,B,xiù,hang; đỉnh núi,"câu liên quan, Hán Việt",chars/5CAB.json
岬,B,jiǎ,mũi đất (địa lý); mũi biển,"câu liên quan, Hán Việt",chars/5CAC.json
岭,A,lǐng,chỉ dùng trong 岭巆|岭𫶕[ling2 ying2],Hán Việt,chars/5CAD.json
岱,B,Dài,Núi Thái ở Sơn Đông; giống như 泰山,câu liên quan,chars/5CB1.json
岳,C,Yuè,họ [Yue4],"bộ thủ, Hán Việt",chars/5CB3.json
岵,B,hù,(văn học) núi phủ đầy thực vật,"từ liên quan, câu liên quan",chars/5CB5.json
岷,B,mín,tên một con sông ở Tứ Xuyên,"câu liên quan, Hán Việt",chars/5CB7.json
岹,C,tiáo,biến thể của 岧[tiao2],"bộ thủ, từ liên quan, câu liên quan, Hán Việt",chars/5CB9.json
岽,B,Dōng,tên địa danh ở tỉnh Quảng Tây,"từ liên quan, câu liên quan, Hán Việt",chars/5CBD.json
岿,B,kuī,cao lớn uy nghi (của núi); đồi núi,"từ liên quan, câu liên quan, Hán Việt",chars/5CBF.json
峀,C,xiù,biến thể cũ của 岫[xiu4],"bộ thủ, từ liên quan, câu liên quan, Hán Việt",chars/5CC0.json
峁,B,mǎo,gò đất vàng tròn (ở Tây Bắc Trung Quốc),"từ liên quan, câu liên quan, Hán Việt",chars/5CC1.json
峂,C,tóng,(dùng trong địa danh),"bộ thủ, từ liên quan, câu liên quan, Hán Việt",chars/5CC2.json
峃,C,xué,núi đá lớn,"bộ thủ, từ liên quan, câu liên quan, Hán Việt",chars/5CC3.json
峄,B,yì,tên ngọn đồi ở Sơn Đông,"câu liên quan, Hán Việt",chars/5CC4.json
峇,B,bā,(dùng trong phiên âm),"từ liên quan, câu liên quan, Hán Việt",chars/5CC7.json
峋,B,xún,những dãy đồi núi,"câu liên quan, Hán Việt",chars/5CCB.json
峒,B,dòng,hang; động,"câu liên quan, Hán Việt",chars/5CD2.json
峓,C,yí,tên địa danh,"bộ thủ, từ liên quan, câu liên quan, Hán Việt",chars/5CD3.json
峙,A,zhì,dùng trong 繁峙[Fan2 shi4],Hán Việt,chars/5CD9.json
峚,C,mì,dùng trong 峚山[Mi4 Shan1],"bộ thủ, từ liên quan, câu liên quan, Hán Việt",chars/5CDA.json
峞,C,wéi,cao và gồ ghề,"bộ thủ, từ liên quan, câu liên quan, Hán Việt",chars/5CDE.json
峠,C,xx,(Japanese kokuji) đèo núi; (ví von) điểm khủng hoảng,"bộ thủ, từ liên quan, câu liên quan, Hán Việt",chars/5CE0.json
峡,C,xiá,hẻm núi,bộ thủ,chars/5CE1.json
峣,C,yáo,cao; dốc,"bộ thủ, từ liên quan, câu liên quan",chars/5CE3.json
峤,C,jiào,đỉnh cao nhất,"bộ thủ, từ liên quan, câu liên quan, Hán Việt",chars/5CE4.json
峥,B,zhēng,xuất sắc; cao vút,"câu liên quan, Hán Việt",chars/5CE5.json
峦,A,luán,dãy núi,Hán Việt,chars/5CE6.json
峨,B,é,cao ngất; tên một ngọn núi,"câu liên quan, Hán Việt",chars/5CE8.json
峪,C,yù,thung lũng,"bộ thủ, câu liên quan, Hán Việt",chars/5CEA.json
峭,A,qiào,cao và dốc; cheo leo,Hán Việt,chars/5CED.json
峰,A,fēng,biến thể cũ của 峰[feng1],Hán Việt,chars/5CF0.json
峱,C,náo,tên một ngọn núi,"bộ thủ, từ liên quan, câu liên quan, Hán Việt",chars/5CF1.json
峹,C,tú,tên một ngọn núi,"bộ thủ, từ liên quan, câu liên quan, Hán Việt",chars/5CF9.json
峻,A,jùn,(núi) cao; khắc nghiệt hoặc nghiêm khắc,Hán Việt,chars/5CFB.json
峿,C,wú,tên một ngọn núi,"bộ thủ, từ liên quan, câu liên quan, Hán Việt",chars/5CFF.json
崀,C,làng,dùng trong địa danh,"bộ thủ, từ liên quan, câu liên quan, Hán Việt",chars/5D00.json
崁,C,kàn,xem 赤崁樓|赤崁楼[Chi4 kan3 lou2],"bộ thủ, từ liên quan, câu liên quan, Hán Việt",chars/5D01.json
崂,B,láo,tên một ngọn núi ở Sơn Đông,câu liên quan,chars/5D02.json
崃,B,lái,tên một ngọn núi ở Tứ Xuyên,"câu liên quan, Hán Việt",chars/5D03.json
崄,C,xiǎn,dựng đứng; hiểm trở,"bộ thủ, từ liên quan, câu liên quan, Hán Việt",chars/5D04.json
崆,B,kōng,tên một ngọn núi,"câu liên quan, Hán Việt",chars/5D06.json
崋,C,huá,hoa lệ; lừng lẫy,"bộ thủ, từ liên quan, câu liên quan, Hán Việt",chars/5D0B.json
崌,C,jū,tên núi,"bộ thủ, từ liên quan, câu liên quan, Hán Việt",chars/5D0C.json
崎,A,qí,núi non,Hán Việt,chars/5D0E.json
崏,C,mín,biến thể cũ của 岷[min2],"bộ thủ, từ liên quan, câu liên quan, Hán Việt",chars/5D0F.json
崒,B,cuì,tập hợp lại; gom lại,"từ liên quan, câu liên quan",chars/5D12.json
崓,C,gù,biến thể của 崮[gu4],"bộ thủ, từ liên quan, câu liên quan, Hán Việt",chars/5D13.json
崔,C,Cuī,họ [Cui1],"bộ thủ, câu liên quan",chars/5D14.json
崖,C,yá,vách đá; vách núi,bộ thủ,chars/5D16.json
崚,C,léng,sừng sững (như núi),"bộ thủ, từ liên quan, câu liên quan, Hán Việt",chars/5D1A.json
崛,A,jué,cao chót vót như đỉnh núi,Hán Việt,chars/5D1B.json
崞,B,guō,tên một ngọn núi,"từ liên quan, câu liên quan, Hán Việt",chars/5D1E.json
崟,C,yín,núi cao; gồ ghề,"bộ thủ, từ liên quan, câu liên quan, Hán Việt",chars/5D1F.json
崠,C,Dōng,tên một ngọn núi,"bộ thủ, từ liên quan, câu liên quan, Hán Việt",chars/5D20.json
崤,B,Xiáo,tên một ngọn núi ở Hà Nam; cũng đọc là [Yao2],"từ liên quan, câu liên quan, Hán Việt",chars/5D24.json
崦,B,yān,tên một ngọn núi ở Cam Túc,"câu liên quan, Hán Việt",chars/5D26.json
崧,B,sōng,biến thể của 嵩[song1],"từ liên quan, câu liên quan, Hán Việt",chars/5D27.json
崩,A,bēng,sụp đổ; rơi vào đống đổ nát,Hán Việt,chars/5D29.json
崭,A,chán,biến thể của 嶄|崭[chan2],Hán Việt,chars/5D2D.json
崮,B,gù,núi đỉnh bằng dốc đứng; (thành tố trong tên núi),"câu liên quan, Hán Việt",chars/5D2E.json
崯,C,yín,biến thể của 崟[yin2],"bộ thủ, từ liên quan, câu liên quan, Hán Việt",chars/5D2F.json
崱,C,zé,cao vút,"bộ thủ, từ liên quan, câu liên quan, Hán Việt",chars/5D31.json
崳,C,yú,huyện ở tỉnh Sơn Đông,"bộ thủ, từ liên quan, câu liên quan, Hán Việt",chars/5D33.json
崴,B,wǎi,bong gân (mắt cá chân); xem 崴子[wai3 zi5],"câu liên quan, Hán Việt",chars/5D34.json
崶,C,fēng,tên một ngọn đồi huyền thoại,"bộ thủ, từ liên quan, câu liên quan, Hán Việt",chars/5D36.json
崽,C,zǎi,đứa trẻ; động vật non,"bộ thủ, câu liên quan, Hán Việt",chars/5D3D.json
崾,B,yǎo,(tên một ngọn núi),"từ liên quan, câu liên quan, Hán Việt",chars/5D3E.json
崿,C,è,vách đá; vực thẳm,"bộ thủ, từ liên quan, câu liên quan, Hán Việt",chars/5D3F.json
嵂,C,lǜ,nhô lên dựng đứng; vươn cao,"bộ thủ, từ liên quan, câu liên quan, Hán Việt",chars/5D42.json
嵄,C,měi,núi; đồi,"bộ thủ, từ liên quan, câu liên quan, Hán Việt",chars/5D44.json
嵇,B,Jī,họ [Ji1]; tên một ngọn núi,"từ liên quan, câu liên quan, Hán Việt",chars/5D47.json
嵊,B,Shèng,tên một quận ở Chiết Giang,"câu liên quan, Hán Việt",chars/5D4A.json
嵋,B,méi,dùng trong 峨嵋山[E2 mei2 Shan1],"từ liên quan, câu liên quan",chars/5D4B.json
嵌,A,kǎn,xem 赤嵌樓|赤嵌楼[Chi4 kan3 lou2],Hán Việt,chars/5D4C.json
嵎,C,yú,dãy núi,"bộ thủ, từ liên quan, câu liên quan",chars/5D4E.json
嵓,C,yán,biến thể của 岩[yan2]; biến thể của 嚴|严[yan2],"bộ thủ, từ liên quan, câu liên quan, Hán Việt",chars/5D53.json
嵘,B,róng,cao ngất,"câu liên quan, Hán Việt",chars/5D58.json
嵙,C,kē,tên địa danh,"bộ thủ, từ liên quan, câu liên quan, Hán Việt",chars/5D59.json
嵚,C,qīn,sự cao ngất (của núi),"bộ thủ, từ liên quan, câu liên quan, Hán Việt",chars/5D5A.json
嵛,B,yú,tên địa danh ở Sơn Đông,"từ liên quan, câu liên quan, Hán Việt",chars/5D5B.json
嵝,B,lǒu,đỉnh núi,"từ liên quan, câu liên quan, Hán Việt",chars/5D5D.json
嵞,C,Tú,núi Tu ở Chiết Giang; cũng viết 涂,"bộ thủ, từ liên quan, câu liên quan, Hán Việt",chars/5D5E.json
嵡,C,wěng,có dáng vẻ núi non,"bộ thủ, từ liên quan, câu liên quan, Hán Việt",chars/5D61.json
嵩,C,sōng,cao ngất; Núi Song ở Hà Nam,"bộ thủ, câu liên quan",chars/5D69.json
嵫,B,zī,xem 崦嵫[Yan1 zi1],"câu liên quan, Hán Việt",chars/5D6B.json
嵬,B,wéi,đầy đá,câu liên quan,chars/5D6C.json
嵯,B,cuó,cao ngất (như núi),"từ liên quan, câu liên quan, Hán Việt",chars/5D6F.json
嵴,C,jí,sống núi; đỉnh,"bộ thủ, từ liên quan, câu liên quan, Hán Việt",chars/5D74.json
嶂,B,zhàng,vách đá; dãy núi,"câu liên quan, Hán Việt",chars/5D82.json
嶋,C,dǎo,"biến thể của 島|岛[dao3], đảo; dùng làm thành tố thứ hai của tên Nhật Bản với âm đọc -shima hoặc -jima","bộ thủ, từ liên quan, câu liên quan, Hán Việt",chars/5D8B.json
嶌,C,dǎo,"biến thể của 島|岛[dao3], đảo; dùng trong tên Nhật Bản với cách đọc -shima hoặc -jima","bộ thủ, từ liên quan, câu liên quan, Hán Việt",chars/5D8C.json
嶒,C,céng,cao ngất; dựng đứng,"bộ thủ, từ liên quan, câu liên quan, Hán Việt",chars/5D92.json
嶓,C,bō,tên một ngọn núi,"bộ thủ, từ liên quan, câu liên quan, Hán Việt",chars/5D93.json
嶖,C,yān,biến thể cũ của 崦[yan1],"bộ thủ, từ liên quan, câu liên quan, Hán Việt",chars/5D96.json
嶙,B,lín,những dãy đồi núi,"câu liên quan, Hán Việt",chars/5D99.json
嶝,C,dèng,đường mòn lên núi,"bộ thủ, từ liên quan, câu liên quan, Hán Việt",chars/5D9D.json
嶞,C,duò,đỉnh núi,"bộ thủ, từ liên quan, câu liên quan, Hán Việt",chars/5D9E.json
嶡,B,guì,dựng đứng; hiểm trở,"từ liên quan, câu liên quan, Hán Việt",chars/5DA1.json
嶪,B,yè,xem 岌嶪[ji2 ye4],"từ liên quan, câu liên quan, Hán Việt",chars/5DAA.json
嶫,C,yè,biến thể của 嶪[ye4],"bộ thủ, từ liên quan, câu liên quan, Hán Việt",chars/5DAB.json
嶭,C,è,cao; ngút trời,"bộ thủ, từ liên quan, câu liên quan, Hán Việt",chars/5DAD.json
嶰,C,xiè,thung lũng núi,"bộ thủ, từ liên quan, câu liên quan, Hán Việt",chars/5DB0.json
嶲,C,xī,biến thể cũ của 巂[xi1],"bộ thủ, từ liên quan, câu liên quan, Hán Việt",chars/5DB2.json
嶷,B,yí,tên một ngọn núi ở Hồ Nam,"câu liên quan, Hán Việt",chars/5DB7.json
巂,C,guī,chim cu; lượng quay của bánh xe,"bộ thủ, từ liên quan, câu liên quan, Hán Việt",chars/5DC2.json
巃,C,lóng,dốc; cheo leo (của núi),"bộ thủ, từ liên quan, câu liên quan, Hán Việt",chars/5DC3.json
巅,C,diān,"đỉnh, chóp (núi)","bộ thủ, Hán Việt",chars/5DC5.json
巆,C,hōng,,"nghĩa, từ liên quan, câu liên quan, Hán Việt",chars/5DC6.json
巇,C,xī,hẻm núi; khe sâu,"bộ thủ, từ liên quan, câu liên quan, Hán Việt",chars/5DC7.json
巉,C,chán,(văn học) dốc đứng; hiểm trở,"bộ thủ, từ liên quan, câu liên quan, Hán Việt",chars/5DC9.json
巌,C,yán,biến thể tiếng Nhật của 巖|岩[yan2],"bộ thủ, từ liên quan, câu liên quan, Hán Việt",chars/5DCC.json
巍,B,wēi,cao lớn; sừng sững,câu liên quan,chars/5DCD.json
巓,C,diān,giống như 巔|巅[dian1]; đỉnh,"bộ thủ, từ liên quan, câu liên quan, Hán Việt",chars/5DD3.json
巚,C,yǎn,biến thể của 巘|𪩘[yan3],"bộ thủ, từ liên quan, câu liên quan, Hán Việt",chars/5DDA.json
巛,B,chuān,"Dòng nước, nước ở trong núi dũa đất chảy ra gọi là ""xuyên"", bây giờ đều gọi ""xuyên"" là sông cả","từ liên quan, câu liên quan, Hán Việt",chars/5DDB.json
巜,C,kuài,biến thể cũ của 澮|浍[kuai4],"bộ thủ, từ liên quan, câu liên quan, Hán Việt",chars/5DDC.json
川,C,Chuān,viết tắt của tỉnh Tứ Xuyên 四川[Si4 chuan1] ở tây nam Trung Quốc,bộ thủ,chars/5DDD.json
州,C,zhōu,châu; (cũ) tỉnh,bộ thủ,chars/5DDE.json
巟,C,huāng,vùng nước hoang vu; đạt tới,"bộ thủ, từ liên quan, câu liên quan, Hán Việt",chars/5DDF.json
巠,C,jīng,dòng nước ngầm; biến thể cổ của 經|经[jing1],"bộ thủ, từ liên quan, câu liên quan, Hán Việt",chars/5DE0.json
巡,C,xún,tuần tra; đi tuần,bộ thủ,chars/5DE1.json
巢,C,Cháo,họ [Chao2],bộ thủ,chars/5DE2.json
巣,C,cháo,biến thể tiếng Nhật của 巢,"bộ thủ, từ liên quan, câu liên quan, Hán Việt",chars/5DE3.json
巤,C,liè,biến thể cũ của 鬣[lie4],"bộ thủ, từ liên quan, câu liên quan, Hán Việt",chars/5DE4.json
巨,C,jù,rất lớn; khổng lồ,"bộ thủ, Hán Việt",chars/5DE8.json
巩,C,gǒng,họ [Gong3],bộ thủ,chars/5DE9.json
巫,C,Wū,họ [Wu1]; cũng đọc là [Wu2],"bộ thủ, Hán Việt",chars/5DEB.json
巯,C,qiú,hydrosulfuryl,"bộ thủ, từ liên quan, câu liên quan, Hán Việt",chars/5DEF.json
已,C,yǐ,đã,bộ thủ,chars/5DF2.json
巳,C,sì,"chi thứ 6 trong 12 địa chi: 9-11 giờ sáng, tháng 4 âm lịch (5 tháng 5-5 tháng 6), năm Tỵ; hướng la bàn cổ Trung Quốc: 150°","bộ thủ, câu liên quan",chars/5DF3.json
巴,C,Bā,nước Ba thời nhà Chu (ở phía đông Tứ Xuyên hiện đại); viết tắt của đông Tứ Xuyên hoặc Trùng Khánh,bộ thủ,chars/5DF4.json
巷,A,xiàng,hẻm,Hán Việt,chars/5DF7.json
巻,C,juǎn,biến thể Nhật Bản của 卷[juan3],"bộ thủ, từ liên quan, câu liên quan, Hán Việt",chars/5DFB.json
巽,C,xùn,"tuân theo; một trong Bát Quái 八卦[ba1 gua4], tượng trưng cho mộc và gió","bộ thủ, từ liên quan, câu liên quan",chars/5DFD.json
巿,C,fú,xem 韍|韨[fu2],"bộ thủ, từ liên quan, câu liên quan, Hán Việt",chars/5DFF.json
市,C,shì,thành phố,bộ thủ,chars/5E02.json
帄,C,dīng,miếng vá (để vá quần áo),"bộ thủ, từ liên quan, câu liên quan, Hán Việt",chars/5E04.json
帆,A,fān,buồm,Hán Việt,chars/5E06.json
帏,B,wéi,rèm; phòng phụ nữ,"từ liên quan, câu liên quan, Hán Việt",chars/5E0F.json
帑,C,tǎng,kho bạc nhà nước; quỹ công,"bộ thủ, từ liên quan, câu liên quan",chars/5E11.json
帔,B,pèi,áo choàng,"từ liên quan, câu liên quan, Hán Việt",chars/5E14.json
帕,C,pà,gói; khan quàng cổ,"bộ thủ, Hán Việt",chars/5E15.json
帖,C,tiē,vừa khít; phù hợp,bộ thủ,chars/5E16.json
帗,C,fú,vật mà vũ công cầm,"bộ thủ, từ liên quan, câu liên quan, Hán Việt",chars/5E17.json
帘,C,lián,"Rèm, màn","bộ thủ, Hán Việt",chars/5E18.json
帙,B,Zhì,họ [Zhi4],"câu liên quan, Hán Việt",chars/5E19.json
帚,A,zhǒu,cây chổi,Hán Việt,chars/5E1A.json
帛,A,bó,lụa,Hán Việt,chars/5E1B.json
帝,C,dì,hoàng đế,bộ thủ,chars/5E1D.json
帟,C,yì,màn che,"bộ thủ, từ liên quan, câu liên quan, Hán Việt",chars/5E1F.json
帡,C,píng,che phủ; bức bình phong,"bộ thủ, từ liên quan, câu liên quan, Hán Việt",chars/5E21.json
帣,C,juàn,một loại túi chứa 30 thạch (tức khoảng 3 kg đo lường khô),"bộ thủ, từ liên quan, câu liên quan, Hán Việt",chars/5E23.json
带,C,dài,"mang, mang theo",bộ thủ,chars/5E26.json
帨,C,shuì,khăn tay,"bộ thủ, từ liên quan, câu liên quan, Hán Việt",chars/5E28.json
席,A,xí,tiệc,Hán Việt,chars/5E2D.json
帮,A,bāng,giúp,Hán Việt,chars/5E2E.json
帯,C,dài,biến thể tiếng Nhật của 帶|带,"bộ thủ, từ liên quan, câu liên quan, Hán Việt",chars/5E2F.json
帰,C,guī,biến thể tiếng Nhật của 歸|归,"bộ thủ, từ liên quan, câu liên quan, Hán Việt",chars/5E30.json
帱,B,chóu,mái che; rèm,"từ liên quan, câu liên quan, Hán Việt",chars/5E31.json
帲,C,píng,biến thể của 帡[ping2],"bộ thủ, từ liên quan, câu liên quan, Hán Việt",chars/5E32.json
帷,B,wéi,rèm; bình phong,"câu liên quan, Hán Việt",chars/5E37.json
帹,C,qiè,dải buộc đầu của nam giới (cổ đại),"bộ thủ, từ liên quan, câu liên quan, Hán Việt",chars/5E39.json
帺,C,qí,biến thể của 綥[qi2],"bộ thủ, từ liên quan, câu liên quan, Hán Việt",chars/5E3A.json
帻,B,zé,khăn xếp; khăn trùm đầu,"từ liên quan, câu liên quan, Hán Việt",chars/5E3B.json
帼,B,guó,mũ đội của phụ nữ; nữ tính,"câu liên quan, Hán Việt",chars/5E3C.json
幂,C,mì,(toán) lũy thừa; số mũ; phủ bằng vải,"bộ thủ, câu liên quan, Hán Việt",chars/5E42.json
幄,C,wò,lều,"bộ thủ, câu liên quan, Hán Việt",chars/5E44.json
幅,C,fú,bức,bộ thủ,chars/5E45.json
幈,C,píng,biến thể của 屏[ping2],"bộ thủ, từ liên quan, câu liên quan, Hán Việt",chars/5E48.json
幋,C,pán,khăn quàng lớn,"bộ thủ, từ liên quan, câu liên quan, Hán Việt",chars/5E4B.json
幌,B,huǎng,biển hiệu; (văn học) rèm cửa sổ,"câu liên quan, Hán Việt",chars/5E4C.json
幏,C,jià,"vải (cổ), đặc biệt của các nhóm dân tộc phía nam","bộ thủ, từ liên quan, câu liên quan, Hán Việt",chars/5E4F.json
幔,B,màn,rèm,câu liên quan,chars/5E54.json
幕,A,mù,hồi,Hán Việt,chars/5E55.json
幛,C,zhàng,trướng treo,"bộ thủ, câu liên quan",chars/5E5B.json
幞,B,fú,dùng trong 幞頭|幞头[fu2tou2]; biến thể của 袱[fu2],"từ liên quan, câu liên quan, Hán Việt",chars/5E5E.json
幠,C,hū,kiêu ngạo; thô lỗ,"bộ thủ, từ liên quan, câu liên quan, Hán Việt",chars/5E60.json
幢,B,zhuàng,đoàn,câu liên quan,chars/5E62.json
幦,C,mì,mái che xe ngựa,"bộ thủ, từ liên quan, câu liên quan, Hán Việt",chars/5E66.json
幨,C,chān,rèm trong xe; ngăn,"bộ thủ, từ liên quan, câu liên quan, Hán Việt",chars/5E68.json
幩,C,fén,tua trang trí trên dây cương,"bộ thủ, từ liên quan, câu liên quan, Hán Việt",chars/5E69.json
幪,C,méng,che phủ,"bộ thủ, từ liên quan, câu liên quan, Hán Việt",chars/5E6A.json
幭,C,miè,mái phủ xe ngựa,"bộ thủ, từ liên quan, câu liên quan, Hán Việt",chars/5E6D.json
幮,C,chú,một loại màn chống muỗi; màn giường,"bộ thủ, từ liên quan, câu liên quan, Hán Việt",chars/5E6E.json
幯,C,jié,lau chùi,"bộ thủ, từ liên quan, câu liên quan, Hán Việt",chars/5E6F.json
幰,C,xiǎn,rèm phía trước xe ngựa,"bộ thủ, từ liên quan, câu liên quan, Hán Việt",chars/5E70.json
平,C,píng,phẳng,bộ thủ,chars/5E73.json
幵,C,qiān,(văn học) phẳng; bằng phẳng,"bộ thủ, từ liên quan, câu liên quan, Hán Việt",chars/5E75.json
并,A,bìng,hoàn toàn không,Hán Việt,chars/5E76.json
幷,C,bìng,biến thể của 並|并[bing4]; biến thể của 併|并[bing4],"bộ thủ, từ liên quan, câu liên quan, Hán Việt",chars/5E77.json
幸,C,xìng,được tin cậy; thân mật,bộ thủ,chars/5E78.json
幺,B,yāo,nhỏ nhắn,"câu liên quan, Hán Việt",chars/5E7A.json
幻,C,huàn,ảo tưởng,bộ thủ,chars/5E7B.json
幼,C,yòu,trẻ,bộ thủ,chars/5E7C.json
幽,A,yōu,hẻo lánh; ẩn khuất,Hán Việt,chars/5E7D.json
广,A,yǎn,"bộ ""nhà trên vách núi"" trong chữ Hán (bộ Khang Hy số 53), xuất hiện trong 店, 序, 底, v.v.",Hán Việt,chars/5E7F.json
庀,B,pǐ,chuẩn bị,"từ liên quan, câu liên quan, Hán Việt",chars/5E80.json
庁,C,tīng,biến thể tiếng Nhật của 廳|厅,"bộ thủ, từ liên quan, câu liên quan, Hán Việt",chars/5E81.json
広,C,guǎng,biến thể tiếng Nhật của 廣|广,"bộ thủ, từ liên quan, câu liên quan, Hán Việt",chars/5E83.json
庇,B,bì,bảo vệ; che chở,"câu liên quan, Hán Việt",chars/5E87.json
庈,C,qín,(người),"bộ thủ, từ liên quan, câu liên quan, Hán Việt",chars/5E88.json
庉,C,dùn,một ngôi làng; sống cùng nhau,"bộ thủ, từ liên quan, câu liên quan, Hán Việt",chars/5E89.json
庋,B,guǐ,(văn học) kệ; (văn học) cất giữ; bảo quản; lưu trữ,"từ liên quan, câu liên quan, Hán Việt",chars/5E8B.json
庐,C,lú,túp lều,"bộ thủ, câu liên quan, Hán Việt",chars/5E90.json
庑,B,wú,biến thể của 蕪|芜[wu2],"từ liên quan, câu liên quan",chars/5E91.json
庒,C,zhuāng,biến thể cũ của 莊|庄[zhuang1],"bộ thủ, từ liên quan, câu liên quan, Hán Việt",chars/5E92.json
庖,B,páo,nhà bếp,"câu liên quan, Hán Việt",chars/5E96.json
庙,C,miào,chùa,bộ thủ,chars/5E99.json
庚,C,gēng,tuổi; can thứ bảy trong Thập Thiên Can 十天干[shi2 tian1 gan1],"bộ thủ, câu liên quan",chars/5E9A.json
庞,C,Páng,họ [Pang2],"bộ thủ, Hán Việt",chars/5E9E.json
庠,B,xiáng,(cổ) trường học,"từ liên quan, câu liên quan, Hán Việt",chars/5EA0.json
庤,C,zhì,chuẩn bị,"bộ thủ, từ liên quan, câu liên quan, Hán Việt",chars/5EA4.json
庥,B,xiū,che chở; bóng râm,"từ liên quan, câu liên quan, Hán Việt",chars/5EA5.json
庬,C,páng,to lớn,"bộ thủ, từ liên quan, câu liên quan, Hán Việt",chars/5EAC.json
庱,C,Chěng,"họ [Cheng3]; khu vực cổ của thành phố Đan Dương, tỉnh Giang Tô hiện nay","bộ thủ, từ liên quan, câu liên quan, Hán Việt",chars/5EB1.json
庳,C,bì,ngôi nhà xây thấp,"bộ thủ, từ liên quan, câu liên quan, Hán Việt",chars/5EB3.json
庴,C,jí,tên địa danh,"bộ thủ, từ liên quan, câu liên quan, Hán Việt",chars/5EB4.json
庵,C,ān,túp lều; ngôi chùa nhỏ,"bộ thủ, câu liên quan",chars/5EB5.json
庶,B,shù,(hình thức kết hợp) bình thường; nhiều; (hình thức kết hợp) liên quan đến thiếp (trái ngược với 嫡[di2]),câu liên quan,chars/5EB6.json
庸,A,yōng,bình thường; sử dụng,Hán Việt,chars/5EB8.json
庹,B,tuǒ,chiều dài hai cánh tay dang ra,"từ liên quan, câu liên quan, Hán Việt",chars/5EB9.json
庼,C,qǐng,phòng; sảnh nhỏ,"bộ thủ, từ liên quan, câu liên quan, Hán Việt",chars/5EBC.json
庾,B,Yǔ,họ [Yu3]; tên một ngọn núi,"câu liên quan, Hán Việt",chars/5EBE.json
庿,C,miào,biến thể của 廟|庙[miao4],"bộ thủ, từ liên quan, câu liên quan, Hán Việt",chars/5EBF.json
廀,C,sōu,biến thể cũ của 廋[sou1],"bộ thủ, từ liên quan, câu liên quan, Hán Việt",chars/5EC0.json
廃,C,fèi,biến thể Nhật Bản của 廢|废[fei4],"bộ thủ, từ liên quan, câu liên quan, Hán Việt",chars/5EC3.json
廆,C,huì,một căn phòng; tường của một ngôi nhà,"bộ thủ, từ liên quan, câu liên quan, Hán Việt",chars/5EC6.json
廉,C,lián,biến thể cũ của 廉[lian2],bộ thủ,chars/5EC9.json
廋,C,sōu,tìm kiếm; ẩn giấu,"bộ thủ, từ liên quan, câu liên quan, Hán Việt",chars/5ECB.json
廌,C,zhì,kỳ lân,"bộ thủ, từ liên quan, câu liên quan, Hán Việt",chars/5ECC.json
廏,C,jiù,biến thể của 廄|厩[jiu4],"bộ thủ, từ liên quan, câu liên quan, Hán Việt",chars/5ECF.json
廑,B,jǐn,cẩn thận; túp lều,"từ liên quan, câu liên quan, Hán Việt",chars/5ED1.json
廒,B,áo,kho lúa,"từ liên quan, câu liên quan, Hán Việt",chars/5ED2.json
廖,C,Liào,họ [Liao4],"bộ thủ, câu liên quan, Hán Việt",chars/5ED6.json
廙,C,yì,nhà lều Mông Cổ; (văn học) tôn kính,"bộ thủ, từ liên quan, câu liên quan, Hán Việt",chars/5ED9.json
廛,B,chán,nơi buôn bán,"từ liên quan, câu liên quan",chars/5EDB.json
廥,C,kuài,chuồng kho; lẫm thóc,"bộ thủ, từ liên quan, câu liên quan, Hán Việt",chars/5EE5.json
廧,C,qiáng,bức tường,"bộ thủ, từ liên quan, câu liên quan, Hán Việt",chars/5EE7.json
廨,B,xiè,văn phòng,"từ liên quan, câu liên quan, Hán Việt",chars/5EE8.json
廪,B,lǐn,kho lúa nhà nước,câu liên quan,chars/5EEA.json
廱,C,yōng,hài hòa,"bộ thủ, từ liên quan, câu liên quan, Hán Việt",chars/5EF1.json
廴,B,yǐn,bước dài,"từ liên quan, câu liên quan, Hán Việt",chars/5EF4.json
廸,C,dí,biến thể của 迪[di2],"bộ thủ, từ liên quan, câu liên quan, Hán Việt",chars/5EF8.json
廻,C,huí,biến thể của 迴|回[hui2],"bộ thủ, từ liên quan, câu liên quan, Hán Việt",chars/5EFB.json
廾,B,gǒng,Chắp hai tay,"từ liên quan, câu liên quan",chars/5EFE.json
廿,C,niàn,hai mươi,"bộ thủ, từ liên quan, câu liên quan, Hán Việt",chars/5EFF.json
弁,C,biàn,(cổ) mũ (trang phục); sĩ quan quân đội cấp thấp (thời xưa),"bộ thủ, từ liên quan, câu liên quan, Hán Việt",chars/5F01.json
异,A,yì,khác; khác biệt,Hán Việt,chars/5F02.json
弃,A,qì,từ bỏ; buông bỏ,Hán Việt,chars/5F03.json
弇,C,yǎn,che phủ; bẫy,"bộ thủ, từ liên quan, câu liên quan, Hán Việt",chars/5F07.json
弈,B,yì,tên cổ của cờ vây (board game Trung Quốc),"câu liên quan, Hán Việt",chars/5F08.json
弊,C,bì,tổn hại; gian lận,bộ thủ,chars/5F0A.json
弋,B,yì,Bắn,câu liên quan,chars/5F0B.json
弌,C,yī,"biến thể cổ của 壹, chữ số phòng chống gian lận của ngân hàng, số một","bộ thủ, từ liên quan, câu liên quan, Hán Việt",chars/5F0C.json
弍,C,èr,"biến thể cổ của 貳|贰, chữ số phòng chống gian lận của ngân hàng, số hai","bộ thủ, từ liên quan, câu liên quan",chars/5F0D.json
弎,C,sān,"biến thể cổ của 參|叁, chữ số ba chống gian lận trong ngân hàng","bộ thủ, từ liên quan, câu liên quan, Hán Việt",chars/5F0E.json
弐,C,èr,biến thể tiếng Nhật của 貳|贰[er4],"bộ thủ, từ liên quan, câu liên quan, Hán Việt",chars/5F10.json
弑,C,shì,sát hại bề trên; giết cha mẹ,"bộ thủ, câu liên quan",chars/5F11.json
弓,B,gōng,cung,câu liên quan,chars/5F13.json
弗,C,fú,(văn học) không; dùng trong phiên âm,"bộ thủ, câu liên quan",chars/5F17.json
弘,C,hóng,vĩ đại; khoáng đạt,"bộ thủ, Hán Việt",chars/5F18.json
弛,A,chí,tháo dây cung; nới lỏng,Hán Việt,chars/5F1B.json
弝,C,bà,phần của cung được cầm khi bắn,"bộ thủ, từ liên quan, câu liên quan, Hán Việt",chars/5F1D.json
弢,C,tāo,ống đựng cung; che đậy,"bộ thủ, từ liên quan, câu liên quan, Hán Việt",chars/5F22.json
弣,C,fǔ,cán cung,"bộ thủ, từ liên quan, câu liên quan, Hán Việt",chars/5F23.json
弤,C,dǐ,cung chạm khắc,"bộ thủ, từ liên quan, câu liên quan, Hán Việt",chars/5F24.json
弥,A,mí,đầy; lấp,Hán Việt,chars/5F25.json
弦,A,xián,dây đàn,Hán Việt,chars/5F26.json
弧,A,hú,cung tròn,Hán Việt,chars/5F27.json
弨,C,chāo,cung chưa giương,"bộ thủ, từ liên quan, câu liên quan, Hán Việt",chars/5F28.json
弪,B,jìng,radian (toán học); nay viết là 弧度,"từ liên quan, câu liên quan, Hán Việt",chars/5F2A.json
弫,C,zhěn,(của cung) mạnh mẽ; có lực,"bộ thủ, từ liên quan, câu liên quan, Hán Việt",chars/5F2B.json
弭,C,mǐ,ngăn chặn; đàn áp,"bộ thủ, câu liên quan, Hán Việt",chars/5F2D.json
弮,B,juàn,"biến thể của 卷[juan4], cuộn tròn","từ liên quan, câu liên quan, Hán Việt",chars/5F2E.json
弯,A,wān,uốn cong; cong; đường cong,Hán Việt,chars/5F2F.json
弰,C,shāo,đầu cung,"bộ thủ, từ liên quan, câu liên quan, Hán Việt",chars/5F30.json
弶,C,jiàng,cái bẫy; bẫy,"bộ thủ, từ liên quan, câu liên quan, Hán Việt",chars/5F36.json
弸,C,bēng,cung mạnh; dây cung,"bộ thủ, từ liên quan, câu liên quan, Hán Việt",chars/5F38.json
弼,C,bì,hỗ trợ,"bộ thủ, câu liên quan",chars/5F3C.json
弾,C,dàn,biến thể Nhật Bản của 彈|弹,"bộ thủ, từ liên quan, câu liên quan, Hán Việt",chars/5F3E.json
彀,C,gòu,kéo cung hết cỡ; tầm bắn của cung tên,"bộ thủ, từ liên quan, câu liên quan, Hán Việt",chars/5F40.json
彐,B,jì,Ðầu con dím (nhím),"từ liên quan, câu liên quan",chars/5F50.json
彑,C,jì,biến thể của 彐[ji4],"bộ thủ, từ liên quan, câu liên quan, Hán Việt",chars/5F51.json
归,A,guī,thuộc về,Hán Việt,chars/5F52.json
当,A,dāng,"trở thành, là, làm việc",Hán Việt,chars/5F53.json
彔,C,lù,,"nghĩa, bộ thủ, từ liên quan, câu liên quan, Hán Việt",chars/5F54.json
录,A,lù,"ghi âm, đăng ký",Hán Việt,chars/5F55.json
彖,C,tuàn,dự đoán tương lai bằng cách sử dụng quẻ của Kinh Dịch 易經|易经,"bộ thủ, từ liên quan, câu liên quan, Hán Việt",chars/5F56.json
彗,C,huì,cái chổi,"bộ thủ, câu liên quan, Hán Việt",chars/5F57.json
彘,C,zhì,lợn,"bộ thủ, từ liên quan, câu liên quan, Hán Việt",chars/5F58.json
彛,C,yí,biến thể của 彞|彝[yi2],"bộ thủ, từ liên quan, câu liên quan, Hán Việt",chars/5F5B.json
彝,C,yí,đồ đựng rượu cổ; đồ tế lễ cổ,"bộ thủ, câu liên quan, Hán Việt",chars/5F5D.json
彟,C,huò,xem 武士彠|武士彟[Wu3 Shi4 huo4]; biến thể cũ của 蒦[huo4],"bộ thủ, từ liên quan, câu liên quan, Hán Việt",chars/5F5F.json
彡,B,sān,lông,"từ liên quan, câu liên quan, Hán Việt",chars/5F61.json
彤,C,Tóng,họ [Tong2],"bộ thủ, câu liên quan, Hán Việt",chars/5F64.json
彦,B,yàn,tài giỏi; tao nhã,"câu liên quan, Hán Việt",chars/5F66.json
彧,C,yù,tao nhã; thanh lịch,"bộ thủ, từ liên quan, câu liên quan, Hán Việt",chars/5F67.json
彨,C,chī,biến thể của 螭[chi1],"bộ thủ, từ liên quan, câu liên quan, Hán Việt",chars/5F68.json
彪,C,biāo,vằn hổ; hổ con,"bộ thủ, câu liên quan, Hán Việt",chars/5F6A.json
彬,B,bīn,hoà nhã; có giáo dục,câu liên quan,chars/5F6C.json
彭,C,Péng,họ [Peng2],"bộ thủ, câu liên quan",chars/5F6D.json
彰,A,zhāng,rõ ràng; nổi bật,Hán Việt,chars/5F70.json
彳,B,chì,bước chân trái.,"từ liên quan, câu liên quan, Hán Việt",chars/5F73.json
彴,C,zhuó,cây cầu,"bộ thủ, từ liên quan, câu liên quan, Hán Việt",chars/5F74.json
彸,B,zhōng,"bồn chồn, kích động","từ liên quan, câu liên quan, Hán Việt",chars/5F78.json
役,C,yì,lao động cưỡng bức; lao dịch,bộ thủ,chars/5F79.json
彻,C,chè,kỹ lưỡng; thấu suốt,bộ thủ,chars/5F7B.json
彽,C,chí,đi đi lại lại,"bộ thủ, từ liên quan, câu liên quan, Hán Việt",chars/5F7D.json
徂,B,cú,đi; đến,"từ liên quan, câu liên quan",chars/5F82.json
径,A,jìng,đường mòn; đường đi,Hán Việt,chars/5F84.json
徇,B,xùn,"nhượng bộ; bị chi phối bởi (các cân nhắc cá nhân, v.v.)","câu liên quan, Hán Việt",chars/5F87.json
很,A,hěn,rất,Hán Việt,chars/5F88.json
徉,B,yáng,đi qua đi lại,"câu liên quan, Hán Việt",chars/5F89.json
徊,C,huái,dùng trong 徘徊[pai2 huai2],bộ thủ,chars/5F8A.json
徒,C,Tú,họ [Tu2],bộ thủ,chars/5F92.json
従,C,cóng,biến thể cũ của 從|从[cong2],"bộ thủ, từ liên quan, câu liên quan, Hán Việt",chars/5F93.json
徕,B,lái,dùng trong 招徠|招徕[zhao1 lai2],câu liên quan,chars/5F95.json
徙,C,xǐ,(văn học) thay đổi nơi ở,"bộ thủ, Hán Việt",chars/5F99.json
徜,B,cháng,ngồi bắt chéo chân; đi tới lui,"câu liên quan, Hán Việt",chars/5F9C.json
徨,A,huáng,do dự,Hán Việt,chars/5FA8.json
循,A,xún,tuân theo; tuân thủ,Hán Việt,chars/5FAA.json
徬,C,páng,do dự,"bộ thủ, từ liên quan, câu liên quan",chars/5FAC.json
徭,B,yáo,lao dịch bắt buộc,"câu liên quan, Hán Việt",chars/5FAD.json
徯,B,xī,đường mòn; đợi chờ,"từ liên quan, câu liên quan, Hán Việt",chars/5FAF.json
徳,C,dé,biến thể tiếng Nhật của 德[de2],"bộ thủ, từ liên quan, câu liên quan, Hán Việt",chars/5FB3.json
徴,C,zhēng,biến thể tiếng Nhật của 徵|征,"bộ thủ, từ liên quan, câu liên quan, Hán Việt",chars/5FB4.json
徵,B,zhǐ,"nốt thứ 4 trong ngũ âm cổ đại của Trung Quốc 五音[wǔ yīn], tương ứng với nốt sol",câu liên quan,chars/5FB5.json
徻,C,wèi,một căn phòng rộng,"bộ thủ, từ liên quan, câu liên quan, Hán Việt",chars/5FBB.json
徼,B,jiǎo,do may mắn,"từ liên quan, câu liên quan, Hán Việt",chars/5FBC.json
徽,C,huī,biến thể cũ của 徽[hui1],"bộ thủ, Hán Việt",chars/5FBD.json
忀,C,xiāng,đi dạo; đi lang thang,"bộ thủ, từ liên quan, câu liên quan, Hán Việt",chars/5FC0.json
忂,C,qú,biến thể cũ của 躣[qu2],"bộ thủ, từ liên quan, câu liên quan, Hán Việt",chars/5FC2.json
忄,B,xīn,"Tim, cảm xúc, suy nghĩ.","từ liên quan, câu liên quan, Hán Việt",chars/5FC4.json
必,C,bì,nhất định; phải,bộ thủ,chars/5FC5.json
忉,B,dāo,đau buồn,"từ liên quan, câu liên quan",chars/5FC9.json
忏,B,chàn,"(hình thức kết hợp) cảm thấy hối hận; (hình thức kết hợp) kinh điển đọc để chuộc tội cho ai đó (từ tiếng Phạn ""ksama"")",câu liên quan,chars/5FCF.json
忐,C,tǎn,dùng trong 忐忑[tan3 te4],"bộ thủ, câu liên quan, Hán Việt",chars/5FD0.json
忑,C,tè,dùng trong 忐忑[tan3 te4],"bộ thủ, câu liên quan",chars/5FD1.json
忒,B,tè,sai; thay đổi,"từ liên quan, câu liên quan",chars/5FD2.json
忕,B,shì,quen với; thói quen,"từ liên quan, câu liên quan, Hán Việt",chars/5FD5.json
忖,B,cǔn,suy nghĩ; suy đoán,câu liên quan,chars/5FD6.json
忛,C,fān,biến thể sai của 帆[fan1],"bộ thủ, từ liên quan, câu liên quan, Hán Việt",chars/5FDB.json
応,C,yìng,biến thể tiếng Nhật của 應|应,"bộ thủ, từ liên quan, câu liên quan, Hán Việt",chars/5FDC.json
忝,C,tiǎn,làm xấu hổ,"bộ thủ, từ liên quan, câu liên quan",chars/5FDD.json
忞,B,mín,khích lệ bản thân,"từ liên quan, câu liên quan, Hán Việt",chars/5FDE.json
忡,B,chōng,đau buồn; lo lắng,"câu liên quan, Hán Việt",chars/5FE1.json
忤,B,wǔ,không vâng lời; bất hiếu,câu liên quan,chars/5FE4.json
忪,A,zhōng,dùng trong 惺忪 [xing1 song1],Hán Việt,chars/5FEA.json
忬,C,shū,biến thể cũ của 舒[shu1]; biến thể cũ của 紓|纾[shu1],"bộ thủ, từ liên quan, câu liên quan, Hán Việt",chars/5FEC.json
忭,B,biàn,vui mừng; hài lòng,"từ liên quan, câu liên quan, Hán Việt",chars/5FED.json
忮,B,zhì,(văn học) (hình thức kết hợp) ghen tị,"từ liên quan, câu liên quan, Hán Việt",chars/5FEE.json
忱,B,chén,chân thành; thành thật,câu liên quan,chars/5FF1.json
忲,C,tài,biến thể của 忕[tai4],"bộ thủ, từ liên quan, câu liên quan, Hán Việt",chars/5FF2.json
忸,B,niǔ,quen với; đỏ mặt,"câu liên quan, Hán Việt",chars/5FF8.json
忻,B,xīn,vui vẻ,"câu liên quan, Hán Việt",chars/5FFB.json
忾,C,kài,tức giận,"bộ thủ, câu liên quan, Hán Việt",chars/5FFE.json
忿,B,fèn,tức giận; phẫn nộ,câu liên quan,chars/5FFF.json
怂,B,sǒng,dùng chủ yếu trong 慫恿|怂恿[song3 yong3]; (văn học) khiếp sợ,câu liên quan,chars/6002.json
怃,B,wǔ,(văn học) có tình cảm dịu dàng; (văn học) nản lòng; thất vọng,"từ liên quan, câu liên quan, Hán Việt",chars/6003.json
怄,B,òu,chọc tức; kích thích,"câu liên quan, Hán Việt",chars/6004.json
怅,A,chàng,hối tiếc; buồn bã,Hán Việt,chars/6005.json
怆,B,chuàng,bi thương; buồn,"câu liên quan, Hán Việt",chars/6006.json
怊,B,chāo,(văn học) buồn; đau buồn,"từ liên quan, câu liên quan, Hán Việt",chars/600A.json
怍,B,zuò,xấu hổ,câu liên quan,chars/600D.json
怏,B,yàng,bất mãn,"từ liên quan, câu liên quan, Hán Việt",chars/600F.json
怔,B,zhēng,(dùng trong từ ghép) kinh ngạc; khiếp sợ,"câu liên quan, Hán Việt",chars/6014.json
怕,A,pà,sợ,Hán Việt,chars/6015.json
怗,C,tiē,bình yên; yên tĩnh,"bộ thủ, từ liên quan, câu liên quan, Hán Việt",chars/6017.json
怙,B,hù,dựa vào; cha (trang trọng),"câu liên quan, Hán Việt",chars/6019.json
怚,C,jù,"đần độn, ngu ngốc, đáng ngờ","bộ thủ, từ liên quan, câu liên quan, Hán Việt",chars/601A.json
怛,B,dá,đau buồn; sợ hãi,"từ liên quan, câu liên quan",chars/601B.json
思,C,sī,suy nghĩ; xem xét,bộ thủ,chars/601D.json
怞,C,zhòu,đau buồn; phiền muộn,"bộ thủ, từ liên quan, câu liên quan, Hán Việt",chars/601E.json
怠,A,dài,nhàn rỗi; lười biếng,Hán Việt,chars/6020.json
怡,A,yí,hài hòa; vui vẻ,Hán Việt,chars/6021.json
怦,B,pēng,(từ tượng thanh) tim đập thình thịch,câu liên quan,chars/6026.json
怩,B,ní,rụt rè; nhút nhát,câu liên quan,chars/6029.json
怪,A,guài,khá là,Hán Việt,chars/602A.json
怫,B,fèi,tức giận,câu liên quan,chars/602B.json
怭,C,bì,khinh suất; thô lỗ,"bộ thủ, từ liên quan, câu liên quan, Hán Việt",chars/602D.json
怲,C,bǐng,buồn; buồn rầu,"bộ thủ, từ liên quan, câu liên quan",chars/6032.json
怵,B,chù,sợ hãi; nhút nhát,câu liên quan,chars/6035.json
怸,C,xī,"biến thể không phổ biến của 悉[xi1]; cây ngưu tất (Achyranthes bidentata), một loại rễ dùng trong y học cổ truyền Trung Quốc, tương đương với 牛膝[niu2 xi1]","bộ thủ, từ liên quan, câu liên quan, Hán Việt",chars/6038.json
怹,C,tān,ông; bà,"bộ thủ, từ liên quan, câu liên quan, Hán Việt",chars/6039.json
怼,B,duǐ,(tiếng lóng Internet) tấn công bằng lời nói; chỉ trích công khai,"từ liên quan, câu liên quan, Hán Việt",chars/603C.json
怿,B,yì,vui mừng; hân hoan,"từ liên quan, câu liên quan, Hán Việt",chars/603F.json
恁,B,nèn,nghĩ; cái này,"từ liên quan, câu liên quan, Hán Việt",chars/6041.json
恂,B,xún,chân thành,"từ liên quan, câu liên quan, Hán Việt",chars/6042.json
恃,B,shì,(dạng kết hợp) dựa vào; (văn học) mẹ của một người,"câu liên quan, Hán Việt",chars/6043.json
恇,C,kuāng,sợ hãi; lo lắng,"bộ thủ, từ liên quan, câu liên quan, Hán Việt",chars/6047.json
恉,C,zhǐ,ý chỉ,"bộ thủ, từ liên quan, câu liên quan, Hán Việt",chars/6049.json
恌,C,tiāo,nhẹ dạ,"bộ thủ, từ liên quan, câu liên quan, Hán Việt",chars/604C.json
恏,C,hào,khao khát,"bộ thủ, từ liên quan, câu liên quan, Hán Việt",chars/604F.json
恒,C,Héng,họ [Heng2],"bộ thủ, Hán Việt",chars/6052.json
恓,B,xī,phiền muộn; bực bội,"từ liên quan, câu liên quan, Hán Việt",chars/6053.json
恔,C,xiào,vui vẻ,"bộ thủ, từ liên quan, câu liên quan, Hán Việt",chars/6054.json
恘,C,qiū,"nghĩa không chắc chắn, liên quan đến 戾[li4], vi phạm","bộ thủ, từ liên quan, câu liên quan, Hán Việt",chars/6058.json
恙,A,yàng,bệnh tật,Hán Việt,chars/6059.json
恚,B,huì,cơn thịnh nộ,"từ liên quan, câu liên quan, Hán Việt",chars/605A.json
恛,C,huí,hỗn loạn; không rõ nghi ngờ,"bộ thủ, từ liên quan, câu liên quan, Hán Việt",chars/605B.json
恝,B,jiá,thờ ơ,"từ liên quan, câu liên quan, Hán Việt",chars/605D.json
恞,C,yí,vui vẻ; hân hoan,"bộ thủ, từ liên quan, câu liên quan, Hán Việt",chars/605E.json
恟,C,xiōng,"sợ hãi, lo lắng","bộ thủ, từ liên quan, câu liên quan",chars/605F.json
恢,A,huī,khôi phục; phục hồi,Hán Việt,chars/6062.json
恣,B,zì,không kiềm chế; làm theo ý mình,"câu liên quan, Hán Việt",chars/6063.json
恤,A,<tì>xù,"áo phông, áo thun",Hán Việt,chars/6064.json
恧,B,nǜ,xấu hổ,"từ liên quan, câu liên quan, Hán Việt",chars/6067.json
恪,B,Kè,họ [Ke4],câu liên quan,chars/606A.json
恫,B,dòng,làm hoảng sợ,"câu liên quan, Hán Việt",chars/606B.json
恬,B,tián,yên tĩnh; bình tĩnh,câu liên quan,chars/606C.json
恭,C,gōng,kính trọng,bộ thủ,chars/606D.json
恰,A,qià,chính xác; vừa đúng,Hán Việt,chars/6070.json
恵,C,huì,biến thể tiếng Nhật của 惠[hui4],"bộ thủ, từ liên quan, câu liên quan, Hán Việt",chars/6075.json
恸,C,tòng,đau buồn,"bộ thủ, câu liên quan",chars/6078.json
恹,B,yān,dùng trong 懨懨|恹恹[yan1 yan1],"câu liên quan, Hán Việt",chars/6079.json
恺,B,kǎi,vui vẻ; nhân từ,"câu liên quan, Hán Việt",chars/607A.json
恻,B,cè,đau buồn,"câu liên quan, Hán Việt",chars/607B.json
恽,C,Yùn,họ [Yun4],"bộ thủ, từ liên quan, câu liên quan, Hán Việt",chars/607D.json
恿,B,yǒng,xúi giục; kích động,"câu liên quan, Hán Việt",chars/607F.json
悀,C,yǒng,tức giận; thích,"bộ thủ, từ liên quan, câu liên quan, Hán Việt",chars/6080.json
悁,C,juān,tức giận; buồn,"bộ thủ, từ liên quan, câu liên quan",chars/6081.json
悃,B,kǔn,chân thành,"từ liên quan, câu liên quan, Hán Việt",chars/6083.json
悄,A,qiāo,dùng trong 悄悄[qiao1 qiao1],Hán Việt,chars/6084.json
悆,C,yù,vui vẻ,"bộ thủ, từ liên quan, câu liên quan, Hán Việt",chars/6086.json
悊,C,zhé,tôn kính; tôn trọng,"bộ thủ, từ liên quan, câu liên quan, Hán Việt",chars/608A.json
悌,C,tì,làm tròn bổn phận của người em trai,"bộ thủ, câu liên quan",chars/608C.json
悍,B,hàn,anh hùng; quả cảm,câu liên quan,chars/608D.json
悐,C,tì,"tôn trọng, kính trọng; kính sợ, lo sợ","bộ thủ, từ liên quan, câu liên quan, Hán Việt",chars/6090.json
悑,C,bù,biến thể cũ của 怖[bu4],"bộ thủ, từ liên quan, câu liên quan",chars/6091.json
悒,B,yì,lo âu; lo lắng,"từ liên quan, câu liên quan, Hán Việt",chars/6092.json
悖,B,bèi,đi ngược lại; trái với,"câu liên quan, Hán Việt",chars/6096.json
悚,B,sǒng,sợ hãi,"câu liên quan, Hán Việt",chars/609A.json
悛,B,quān,cải tạo,câu liên quan,chars/609B.json
悜,C,chěng,mơ hồ,"bộ thủ, từ liên quan, câu liên quan",chars/609C.json
悝,B,kuī,chế nhạo,"từ liên quan, câu liên quan, Hán Việt",chars/609D.json
悟,A,wù,lĩnh hội; hiểu ra,Hán Việt,chars/609F.json
悠,A,yōu,kéo dài hoặc chậm rãi; xa xôi trong thời gian hoặc không gian,Hán Việt,chars/60A0.json
悧,C,lì,trôi chảy; năng động,"bộ thủ, từ liên quan, câu liên quan",chars/60A7.json
您,A,nín,Ngài,Hán Việt,chars/60A8.json
悩,C,nǎo,biến thể tiếng Nhật của 惱|恼,"bộ thủ, từ liên quan, câu liên quan, Hán Việt",chars/60A9.json
悪,C,è,biến thể tiếng Nhật của 惡|恶[e4],"bộ thủ, từ liên quan, câu liên quan, Hán Việt",chars/60AA.json
悫,B,què,thật thà,"từ liên quan, câu liên quan, Hán Việt",chars/60AB.json
悬,C,xuán,treo,"bộ thủ, Hán Việt",chars/60AC.json
悭,C,qiān,keo kiệt,"bộ thủ, câu liên quan",chars/60AD.json
悮,C,wù,cản trở; trì hoãn,"bộ thủ, từ liên quan, câu liên quan, Hán Việt",chars/60AE.json
悰,C,cóng,niềm vui,"bộ thủ, từ liên quan, câu liên quan, Hán Việt",chars/60B0.json
悱,B,fěi,muốn diễn đạt suy nghĩ nhưng không thể,"câu liên quan, Hán Việt",chars/60B1.json
悴,B,cuì,hốc hác; buồn,câu liên quan,chars/60B4.json
悷,C,lì,buồn bã,"bộ thủ, từ liên quan, câu liên quan, Hán Việt",chars/60B7.json
悸,B,jì,đập nhanh,"câu liên quan, Hán Việt",chars/60B8.json
悻,A,xìng,tức giận,Hán Việt,chars/60BB.json
悾,C,kōng,chất phác; chân thành,"bộ thủ, từ liên quan, câu liên quan, Hán Việt",chars/60BE.json
惄,C,nì,phiền muộn; đói khát,"bộ thủ, từ liên quan, câu liên quan, Hán Việt",chars/60C4.json
惆,B,chóu,buồn bã; phiền muộn,"câu liên quan, Hán Việt",chars/60C6.json
惇,C,dūn,nhân hậu; thành thật,"bộ thủ, từ liên quan, câu liên quan",chars/60C7.json
惈,C,guǒ,dũng cảm; quyết tâm và táo bạo,"bộ thủ, từ liên quan, câu liên quan, Hán Việt",chars/60C8.json
惋,A,wǎn,thở dài tiếc nuối hoặc thương hại; Phát âm Đài Loan: [wan4],Hán Việt,chars/60CB.json
惌,C,yuān,oán hận,"bộ thủ, từ liên quan, câu liên quan, Hán Việt",chars/60CC.json
惎,C,jì,làm hại; phỉ báng,"bộ thủ, từ liên quan, câu liên quan, Hán Việt",chars/60CE.json
惏,C,lín,lạnh; lạnh lẽo,"bộ thủ, từ liên quan, câu liên quan",chars/60CF.json
惑,C,huò,làm bối rối; bị bối rối,bộ thủ,chars/60D1.json
惒,C,hé,biến thể cũ của 和[he2],"bộ thủ, từ liên quan, câu liên quan, Hán Việt",chars/60D2.json
惓,B,quán,tha thiết,"từ liên quan, câu liên quan, Hán Việt",chars/60D3.json
惔,C,tán,cháy,"bộ thủ, từ liên quan, câu liên quan, Hán Việt",chars/60D4.json
惘,B,wǎng,thất vọng; bối rối,"câu liên quan, Hán Việt",chars/60D8.json
惙,B,chuò,buồn rầu; không chắc chắn,"từ liên quan, câu liên quan, Hán Việt",chars/60D9.json
惚,C,hū,mơ hồ,bộ thủ,chars/60DA.json
惛,C,hūn,mơ màng; đãng trí,"bộ thủ, từ liên quan, câu liên quan",chars/60DB.json
惜,C,xī,trân trọng; tiếc,bộ thủ,chars/60DC.json
惝,B,chǎng,thất vọng; thiếu sức sống,câu liên quan,chars/60DD.json
惟,C,wéi,chủ nghĩa; chỉ,"bộ thủ, câu liên quan, Hán Việt",chars/60DF.json
惧,A,jù,sợ hãi,Hán Việt,chars/60E7.json
惫,C,bèi,kiệt quệ,"bộ thủ, Hán Việt",chars/60EB.json
惬,A,qiè,biến thể của 愜|惬[qie4],Hán Việt,chars/60EC.json
惭,A,cán,biến thể của 慚|惭[can2],Hán Việt,chars/60ED.json
惮,B,dàn,sợ; hãi,câu liên quan,chars/60EE.json
惰,A,duò,lười biếng,Hán Việt,chars/60F0.json
惴,B,zhuì,lo lắng; bất an,câu liên quan,chars/60F4.json
惶,B,huáng,(hình thức kết hợp) sợ hãi; kinh sợ,câu liên quan,chars/60F6.json
惸,C,qióng,biến thể của 煢|茕[qiong2],"bộ thủ, từ liên quan, câu liên quan, Hán Việt",chars/60F8.json
惹,A,rě,khiêu khích,Hán Việt,chars/60F9.json
惺,C,xīng,bình tĩnh; hiểu,"bộ thủ, Hán Việt",chars/60FA.json
愀,B,qiǎo,thay đổi nét mặt; lo lắng,"từ liên quan, câu liên quan",chars/6100.json
愃,C,xuān,khỏe mạnh,"bộ thủ, từ liên quan, câu liên quan, Hán Việt",chars/6103.json
愆,B,qiān,lỗi; lầm,câu liên quan,chars/6106.json
愉,A,yú,vui vẻ,Hán Việt,chars/6109.json
愊,C,bì,u sầu; chân thành,"bộ thủ, từ liên quan, câu liên quan",chars/610A.json
愍,B,mǐn,biến thể của 憫|悯[min3],"từ liên quan, câu liên quan",chars/610D.json
愎,C,bì,ngang ngược; bướng bỉnh,"bộ thủ, câu liên quan, Hán Việt",chars/610E.json
愐,C,miǎn,e thẹn,"bộ thủ, từ liên quan, câu liên quan",chars/6110.json
愑,C,yǒng,biến thể của 悀[yong3],"bộ thủ, từ liên quan, câu liên quan, Hán Việt",chars/6111.json
愒,C,kài,khao khát,"bộ thủ, từ liên quan, câu liên quan, Hán Việt",chars/6112.json
愓,C,dàng,hoang phí,"bộ thủ, từ liên quan, câu liên quan, Hán Việt",chars/6113.json
愔,C,yīn,bình yên; trang nghiêm,"bộ thủ, từ liên quan, câu liên quan, Hán Việt",chars/6114.json
愕,B,è,kinh ngạc,câu liên quan,chars/6115.json
愠,B,yùn,phẫn nộ; cảm thấy tổn thương,"câu liên quan, Hán Việt",chars/6120.json
愣,A,lèng,sững sờ,Hán Việt,chars/6123.json
愦,B,kuì,bối rối; phiền muộn,"từ liên quan, câu liên quan, Hán Việt",chars/6126.json
愧,A,kuì,biến thể cũ của 愧[kui4],Hán Việt,chars/6127.json
愫,C,sù,chân thành; thành khẩn,"bộ thủ, câu liên quan, Hán Việt",chars/612B.json
愮,C,yáo,"lo lắng, kích động","bộ thủ, từ liên quan, câu liên quan, Hán Việt",chars/612E.json
愯,C,sǒng,biến thể cũ của 悚[song3],"bộ thủ, từ liên quan, câu liên quan, Hán Việt",chars/612F.json
愼,C,shèn,biến thể của 慎[shen4],"bộ thủ, từ liên quan, câu liên quan, Hán Việt",chars/613C.json
慁,C,hùn,bối rối; không tôn trọng,"bộ thủ, từ liên quan, câu liên quan, Hán Việt",chars/6141.json
慅,C,sāo,bồi hồi,"bộ thủ, từ liên quan, câu liên quan, Hán Việt",chars/6145.json
慆,C,tāo,hân hoan,"bộ thủ, từ liên quan, câu liên quan, Hán Việt",chars/6146.json
慇,C,yīn,ân cần,"bộ thủ, từ liên quan, câu liên quan",chars/6147.json
慉,C,xù,nuôi dưỡng; chịu đựng,"bộ thủ, từ liên quan, câu liên quan, Hán Việt",chars/6149.json
慊,B,qiàn,không hài lòng,"từ liên quan, câu liên quan, Hán Việt",chars/614A.json
慕,C,mù,hâm mộ,bộ thủ,chars/6155.json
慜,C,mǐn,thông minh; biến thể cũ của 愍[min3],"bộ thủ, từ liên quan, câu liên quan, Hán Việt",chars/615C.json
慝,C,tè,ý nghĩ xấu,"bộ thủ, từ liên quan, câu liên quan, Hán Việt",chars/615D.json
慥,C,zào,chân thành,"bộ thủ, từ liên quan, câu liên quan, Hán Việt",chars/6165.json
慧,A,huì,thông minh,Hán Việt,chars/6167.json
慬,C,jǐn,(văn học) dũng cảm; lo lắng,"bộ thủ, từ liên quan, câu liên quan",chars/616C.json
慭,C,yìn,(văn học) muốn; thích hơn; (văn học) chịu tổn hại hoặc mất mát,"bộ thủ, từ liên quan, câu liên quan, Hán Việt",chars/616D.json
慱,C,tuán,buồn,"bộ thủ, từ liên quan, câu liên quan, Hán Việt",chars/6171.json
慵,B,yōng,uể oải,câu liên quan,chars/6175.json
慿,C,píng,biến thể cũ của 憑|凭[ping2],"bộ thủ, từ liên quan, câu liên quan, Hán Việt",chars/617F.json
憀,C,liáo,dựa vào,"bộ thủ, từ liên quan, câu liên quan, Hán Việt",chars/6180.json
憃,C,chōng,ngốc nghếch; ngu ngốc,"bộ thủ, từ liên quan, câu liên quan, Hán Việt",chars/6183.json
憋,B,biē,kìm nén,"câu liên quan, Hán Việt",chars/618B.json
憍,C,jiāo,kiêu ngạo,"bộ thủ, từ liên quan, câu liên quan, Hán Việt",chars/618D.json
憎,A,zēng,ghét,Hán Việt,chars/618E.json
憔,B,qiáo,hốc hác,câu liên quan,chars/6194.json
憙,C,xǐ,biến thể của 喜[xi3],"bộ thủ, từ liên quan, câu liên quan, Hán Việt",chars/6199.json
憝,B,duì,không thích; ghét,"câu liên quan, Hán Việt",chars/619D.json
憧,B,chōng,dùng trong 憧憬[chong1jing3]; dùng trong 憧憧[chong1chong1],"câu liên quan, Hán Việt",chars/61A7.json
憩,A,qì,biến thể của 憩[qi4],Hán Việt,chars/61A9.json
憪,C,xián,"điềm tĩnh, hài lòng","bộ thủ, từ liên quan, câu liên quan, Hán Việt",chars/61AA.json
憬,B,jǐng,thức tỉnh,"câu liên quan, Hán Việt",chars/61AC.json
憭,C,liǎo,rõ ràng; dễ hiểu,"bộ thủ, từ liên quan, câu liên quan",chars/61AD.json
憯,C,cǎn,đã; đau buồn,"bộ thủ, từ liên quan, câu liên quan, Hán Việt",chars/61AF.json
憷,C,chù,sợ hãi,"bộ thủ, câu liên quan, Hán Việt",chars/61B7.json
憸,C,xiān,khéo léo; tâng bốc,"bộ thủ, từ liên quan, câu liên quan, Hán Việt",chars/61B8.json
憺,C,dàn,bình yên,"bộ thủ, từ liên quan, câu liên quan, Hán Việt",chars/61BA.json
懂,A,dǒng,"hiểu, biết",Hán Việt,chars/61C2.json
懅,C,qú,bẽn lẽn; xấu hổ,"bộ thủ, từ liên quan, câu liên quan, Hán Việt",chars/61C5.json
懆,C,cǎo,lo lắng; buồn bã,"bộ thủ, từ liên quan, câu liên quan, Hán Việt",chars/61C6.json
懈,A,xiè,lỏng lẻo; cẩu thả,Hán Việt,chars/61C8.json
懋,B,mào,chăm chỉ; tươi tốt,"câu liên quan, Hán Việt",chars/61CB.json
懐,C,huái,biến thể tiếng Nhật của 懷|怀[huai2],"bộ thủ, từ liên quan, câu liên quan, Hán Việt",chars/61D0.json
懑,C,mèn,u sầu,"bộ thủ, câu liên quan, Hán Việt",chars/61D1.json
懒,A,lǎn,lười biếng,Hán Việt,chars/61D2.json
懔,B,lǐn,sợ hãi,"từ liên quan, câu liên quan, Hán Việt",chars/61D4.json
懞,B,méng,biến thể của 蒙[meng2],"từ liên quan, câu liên quan",chars/61DE.json
懠,C,qí,tức giận,"bộ thủ, từ liên quan, câu liên quan, Hán Việt",chars/61E0.json
懥,C,zhì,tức giận,"bộ thủ, từ liên quan, câu liên quan, Hán Việt",chars/61E5.json
懦,B,nuò,đần độn; nhút nhát,câu liên quan,chars/61E6.json
懫,C,zhí,tức giận; oán hận,"bộ thủ, từ liên quan, câu liên quan, Hán Việt",chars/61EB.json
懮,B,yǒu,đau buồn; thư thái,"từ liên quan, câu liên quan, Hán Việt",chars/61EE.json
懰,C,liú,đáng yêu; xinh đẹp,"bộ thủ, từ liên quan, câu liên quan, Hán Việt",chars/61F0.json
懱,C,miè,biến thể của 蔑[mie4],"bộ thủ, từ liên quan, câu liên quan, Hán Việt",chars/61F1.json
懵,B,měng,ngu ngốc,"câu liên quan, Hán Việt",chars/61F5.json
懿,B,yì,(văn học) gương mẫu; đức hạnh,"câu liên quan, Hán Việt",chars/61FF.json
戁,C,nǎn,kính sợ,"bộ thủ, từ liên quan, câu liên quan, Hán Việt",chars/6201.json
戄,C,jué,sợ hãi; khiếp sợ,"bộ thủ, từ liên quan, câu liên quan, Hán Việt",chars/6204.json
戆,B,gàng,ngu ngốc (phương ngữ Ngô),"từ liên quan, câu liên quan, Hán Việt",chars/6206.json
戉,C,yuè,biến thể của 鉞|钺[yue4],"bộ thủ, từ liên quan, câu liên quan, Hán Việt",chars/6209.json
戊,C,wù,thiên can thứ năm trong Mười Thiên Can 十天干[shi2 tian1 gan1]; thứ năm trong thứ tự,"bộ thủ, câu liên quan",chars/620A.json
戋,B,jiān,hẹp; nhỏ,"từ liên quan, câu liên quan, Hán Việt",chars/620B.json
戌,C,qu,dùng trong 屈戌兒|屈戌儿[qu1 qu5 r5],"bộ thủ, câu liên quan",chars/620C.json
戍,B,shù,đồn trú,câu liên quan,chars/620D.json
戎,C,Róng,họ [Rong2],bộ thủ,chars/620E.json
戏,A,xì,kịch,Hán Việt,chars/620F.json
成,C,chéng,trở thành,bộ thủ,chars/6210.json
戕,B,qiāng,giết; làm bị thương,"câu liên quan, Hán Việt",chars/6215.json
戗,B,qiāng,trái ngược; đẩy lại,"câu liên quan, Hán Việt",chars/6217.json
戚,C,qī,biến thể của 戚[qi1]; nỗi đau,bộ thủ,chars/621A.json
戛,C,jiá,giáo; gõ,"bộ thủ, câu liên quan",chars/621B.json
戜,C,dié,,"nghĩa, bộ thủ, từ liên quan, câu liên quan, Hán Việt",chars/621C.json
戝,C,zéi,biến thể cũ của 賊|贼[zei2],"bộ thủ, từ liên quan, câu liên quan, Hán Việt",chars/621D.json
戟,C,jǐ,kích; vũ khí cán dài với mũi nhọn và lưỡi hình trăng khuyết,"bộ thủ, câu liên quan",chars/621F.json
戠,B,zhí,thu thập; biến thể cũ của 埴[zhi2],"từ liên quan, câu liên quan, Hán Việt",chars/6220.json
戡,B,kān,giết; đàn áp,"từ liên quan, câu liên quan, Hán Việt",chars/6221.json
戢,B,Jí,họ [Ji2],"từ liên quan, câu liên quan, Hán Việt",chars/6222.json
戣,C,kuí,một loại giáo,"bộ thủ, từ liên quan, câu liên quan, Hán Việt",chars/6223.json
戤,C,gài,xâm phạm thương hiệu,"bộ thủ, từ liên quan, câu liên quan, Hán Việt",chars/6224.json
戥,B,děng,cân tiểu ly để cân tiền,"từ liên quan, câu liên quan, Hán Việt",chars/6225.json
戦,C,zhàn,biến thể tiếng Nhật của 戰|战,"bộ thủ, từ liên quan, câu liên quan, Hán Việt",chars/6226.json
截,C,jié,cắt đứt,bộ thủ,chars/622A.json
戬,B,jiǎn,làm đến mức tối đa; cắt,"từ liên quan, câu liên quan, Hán Việt",chars/622C.json
戭,C,yǎn,cái giáo,"bộ thủ, từ liên quan, câu liên quan, Hán Việt",chars/622D.json
戮,B,lù,gọt bằng dao; biến thể cũ của 戮[lu4],"câu liên quan, Hán Việt",chars/622E.json
戱,C,xì,biến thể của 戲|戏[xi4],"bộ thủ, từ liên quan, câu liên quan, Hán Việt",chars/6231.json
戳,A,chuō,chọc,Hán Việt,chars/6233.json
戴,C,dài,đeo,"bộ thủ, Hán Việt",chars/6234.json
户,C,hù,hộ gia đình,bộ thủ,chars/6237.json
戸,C,hù,biến thể của 戶|户[hu4],"bộ thủ, từ liên quan, câu liên quan, Hán Việt",chars/6238.json
戺,C,shì,bản lề cửa,"bộ thủ, từ liên quan, câu liên quan, Hán Việt",chars/623A.json
戻,C,lì,biến thể Nhật Bản của 戾[li4],"bộ thủ, từ liên quan, câu liên quan, Hán Việt",chars/623B.json
戽,B,hù,gầu nước để tưới tiêu,"từ liên quan, câu liên quan, Hán Việt",chars/623D.json
戾,C,lì,bẻ cong; vi phạm,"bộ thủ, câu liên quan",chars/623E.json
扁,C,biǎn,phẳng,bộ thủ,chars/6241.json
扂,C,diàn,then cửa,"bộ thủ, từ liên quan, câu liên quan, Hán Việt",chars/6242.json
扃,C,jiōng,(văn học) đóng hoặc cài cửa; cửa,"bộ thủ, từ liên quan, câu liên quan, Hán Việt",chars/6243.json
扆,C,Yǐ,họ [Yi3],"bộ thủ, từ liên quan, câu liên quan, Hán Việt",chars/6246.json
扇,C,shān,đánh bằng lòng bàn tay,bộ thủ,chars/6247.json
扈,B,Hù,họ [Hu4],"câu liên quan, Hán Việt",chars/6248.json
扉,C,fēi,cửa một cánh,"bộ thủ, Hán Việt",chars/6249.json
扊,C,yǎn,thanh đứng để cài cửa,"bộ thủ, từ liên quan, câu liên quan, Hán Việt",chars/624A.json
扌,B,shǒu,"Tay, hành động bằng tay.","từ liên quan, câu liên quan, Hán Việt",chars/624C.json
才,C,cái,chỉ,bộ thủ,chars/624D.json
扎,C,zhā,châm,bộ thủ,chars/624E.json
扐,C,lè,bói bằng cỏ,"bộ thủ, từ liên quan, câu liên quan, Hán Việt",chars/6250.json
扒,B,bā,cào,câu liên quan,chars/6252.json
払,B,fǎn,lấy; lấy đi,"từ liên quan, câu liên quan",chars/6255.json
扗,C,zài,biến thể cũ của 在[zai4],"bộ thủ, từ liên quan, câu liên quan",chars/6257.json
扛,C,káng,vác,"bộ thủ, từ liên quan",chars/625B.json
扠,C,chā,"cài, chĩa","bộ thủ, từ liên quan, câu liên quan",chars/6260.json
扡,C,chǐ,kéo theo,"bộ thủ, từ liên quan, câu liên quan, Hán Việt",chars/6261.json
扢,B,gǔ,lau; chà,"từ liên quan, câu liên quan",chars/6262.json
扤,C,wù,lắc; lung lay,"bộ thủ, từ liên quan, câu liên quan, Hán Việt",chars/6264.json
扦,B,qiān,"mảnh kim loại, tre, v.v. ngắn và nhọn; xiên","từ liên quan, câu liên quan",chars/6266.json
扪,B,mén,đặt tay lên; che phủ,"câu liên quan, Hán Việt",chars/626A.json
扭,A,niǔ,xoắn,Hán Việt,chars/626D.json
扮,A,bàn,ăn mặc,Hán Việt,chars/626E.json
扱,C,xī,thu thập; nhận,"bộ thủ, từ liên quan, câu liên quan",chars/6271.json
扳,B,bān,kéo,câu liên quan,chars/6273.json
扻,C,zì,đánh; chạy va vào,"bộ thủ, từ liên quan, câu liên quan, Hán Việt",chars/627B.json
扽,C,dèn,giật mạnh; kéo căng,"bộ thủ, từ liên quan, câu liên quan",chars/627D.json
承,C,Chéng,"họ [Cheng2]; Cheng (khoảng 2000 trước Công nguyên), vị thứ ba trong truyền thuyết về Viêm Đế 炎帝[Yan2 di4] xuất thân từ Thần Nông 神農|神农[Shen2 nong2] Thần Nông",bộ thủ,chars/627F.json
抃,B,biàn,vỗ tay,"từ liên quan, câu liên quan",chars/6283.json
抆,C,wèn,lau chùi,"bộ thủ, từ liên quan, câu liên quan",chars/6286.json
抈,C,yuè,bẻ cong,"bộ thủ, từ liên quan, câu liên quan",chars/6288.json
抉,C,jué,móc ra; lựa chọn,bộ thủ,chars/6289.json
抌,C,zhěn,"tát nước, múc nước","bộ thủ, từ liên quan, câu liên quan, Hán Việt",chars/628C.json
抏,C,wán,tiêu thụ; hao tổn,"bộ thủ, từ liên quan, câu liên quan, Hán Việt",chars/628F.json
抒,C,shū,bày tỏ; thể hiện,bộ thủ,chars/6292.json
抔,C,póu,bốc bằng hai tay,"bộ thủ, từ liên quan, câu liên quan",chars/6294.json
抖,A,dǒu,rung,Hán Việt,chars/6296.json
抜,C,bá,biến thể tiếng Nhật của 拔[ba2],"bộ thủ, từ liên quan, câu liên quan, Hán Việt",chars/629C.json
択,C,zé,biến thể tiếng Nhật của 擇|择,"bộ thủ, từ liên quan, câu liên quan, Hán Việt",chars/629E.json
抟,B,tuán,vo tròn bằng tay (biến thể của 團|团[tuan2]); (văn học) xoay quanh; lượn vòng,"từ liên quan, câu liên quan, Hán Việt",chars/629F.json
抠,B,kōu,đào ra,câu liên quan,chars/62A0.json
抡,B,lún,lựa chọn,"câu liên quan, Hán Việt",chars/62A1.json
抢,A,qiǎng,cướp,Hán Việt,chars/62A2.json
抦,C,bǐng,biến thể cũ của 秉[bing3]; biến thể của 柄[bing3],"bộ thủ, từ liên quan, câu liên quan, Hán Việt",chars/62A6.json
披,C,pī,choàng qua vai,bộ thủ,chars/62AB.json
抬,A,tái,"nâng, nhấc lên",Hán Việt,chars/62AC.json
抴,C,yè,kéo; lôi,"bộ thủ, từ liên quan, câu liên quan, Hán Việt",chars/62B4.json
抵,A,dǐ,ấn vào; hỗ trợ,Hán Việt,chars/62B5.json
抶,C,chì,đánh; đòn roi,"bộ thủ, từ liên quan, câu liên quan",chars/62B6.json
抹,A,mǒ,"Xóa, bôi, phết, lau chùi",Hán Việt,chars/62B9.json
抻,B,chēn,kéo; kéo căng,"câu liên quan, Hán Việt",chars/62BB.json
抿,B,mǐn,"vuốt tóc bằng lược ướt; (miệng, cánh, v.v.) khép nhẹ","từ liên quan, câu liên quan, Hán Việt",chars/62BF.json
拃,C,zhǎ,gang (đơn vị đo chiều dài dựa trên độ rộng của bàn tay khi xoè ra); đo bằng gang tay,"bộ thủ, từ liên quan, câu liên quan, Hán Việt",chars/62C3.json
拄,B,zhǔ,dựa vào,"từ liên quan, câu liên quan",chars/62C4.json
拇,B,mǔ,ngón cái; ngón chân cái,"câu liên quan, Hán Việt",chars/62C7.json
拈,C,niān,"Nhón, nhón lấy, véo",bộ thủ,chars/62C8.json
拊,B,fǔ,vỗ,"câu liên quan, Hán Việt",chars/62CA.json
拎,B,līn,xách,"câu liên quan, Hán Việt",chars/62CE.json
拐,C,guǎi,khập khiễng,bộ thủ,chars/62D0.json
拑,B,qián,cái kìm; kẹp,"từ liên quan, câu liên quan",chars/62D1.json
拓,A,Tuò,họ [Tuo4],Hán Việt,chars/62D3.json
拚,B,pàn,cố gắng; phấn đấu,"câu liên quan, Hán Việt",chars/62DA.json
拝,C,bài,biến thể của chữ 拜[bai4] trong tiếng Nhật,"bộ thủ, từ liên quan, câu liên quan, Hán Việt",chars/62DD.json
拟,A,nǐ,soạn thảo,Hán Việt,chars/62DF.json
拠,C,jù,biến thể của chữ 據|据 trong tiếng Nhật,"bộ thủ, từ liên quan, câu liên quan, Hán Việt",chars/62E0.json
拡,C,kuò,biến thể của chữ 擴|扩 trong tiếng Nhật,"bộ thủ, từ liên quan, câu liên quan, Hán Việt",chars/62E1.json
拣,B,jiǎn,lựa chọn,câu liên quan,chars/62E3.json
拧,A,nǐng,vắt,Hán Việt,chars/62E7.json
拨,C,bō,di chuyển,"bộ thủ, Hán Việt",chars/62E8.json
拪,C,qiān,biến thể cũ của 遷|迁[qian1],"bộ thủ, từ liên quan, câu liên quan",chars/62EA.json
拫,C,hén,kéo; lôi,"bộ thủ, từ liên quan, câu liên quan",chars/62EB.json
拮,B,jié,đối kháng; lao lực,câu liên quan,chars/62EE.json
拯,C,zhěng,nâng; giúp đỡ,bộ thủ,chars/62EF.json
拱,B,gǒng,chắp tay trước ngực,câu liên quan,chars/62F1.json
拴,B,shuān,cột,"câu liên quan, Hán Việt",chars/62F4.json
拶,B,zǎn,(văn học) ép buộc; cưỡng bức,"từ liên quan, câu liên quan, Hán Việt",chars/62F6.json
拷,C,kǎo,đánh; đánh đập,"bộ thủ, câu liên quan",chars/62F7.json
拽,C,zhuāi,"kéo, lôi","bộ thủ, câu liên quan",chars/62FD.json
拿,C,ná,"lấy, giữ, mang",bộ thủ,chars/62FF.json
挈,B,qiè,nâng; nhấc,"câu liên quan, Hán Việt",chars/6308.json
挊,C,nòng,biến thể cũ của 弄[nong4],"bộ thủ, từ liên quan, câu liên quan, Hán Việt",chars/630A.json
挌,C,gé,đánh nhau,"bộ thủ, từ liên quan, câu liên quan",chars/630C.json
挍,C,jiào,so sánh; phê bình,"bộ thủ, từ liên quan, câu liên quan",chars/630D.json
挎,B,kuà,mang trên cánh tay,"câu liên quan, Hán Việt",chars/630E.json
挐,C,ná,bắt giữ; lấy,"bộ thủ, từ liên quan, câu liên quan, Hán Việt",chars/6310.json
挓,C,zhā,mở ra; mở rộng,"bộ thủ, từ liên quan, câu liên quan, Hán Việt",chars/6313.json
挔,C,lǚ,biến thể sai của 旅[lu:3],"bộ thủ, từ liên quan, câu liên quan, Hán Việt",chars/6314.json
挖,C,wā,đào,"bộ thủ, Hán Việt",chars/6316.json
挙,C,jǔ,biến thể tiếng Nhật của 舉|举,"bộ thủ, từ liên quan, câu liên quan, Hán Việt",chars/6319.json
挚,C,Zhì,họ [Zhi4],"bộ thủ, Hán Việt",chars/631A.json
挛,B,luán,xoắn; cong,"câu liên quan, Hán Việt",chars/631B.json
挜,C,yà,gắn; vung,"bộ thủ, từ liên quan, câu liên quan, Hán Việt",chars/631C.json
挝,B,wō,vũ khí cổ có đầu giống tay hoặc vuốt,"câu liên quan, Hán Việt",chars/631D.json
挞,B,tà,(dạng kết hợp) đánh roi; đánh đập; (từ mượn) bánh tart,"câu liên quan, Hán Việt",chars/631E.json
挟,C,jiā,biến thể cũ của 夾|夹[jia1],bộ thủ,chars/631F.json
挡,C,dǎng,chặn,"bộ thủ, Hán Việt",chars/6321.json
挢,B,jiǎo,nâng; nhấc,"từ liên quan, câu liên quan",chars/6322.json
挣,C,zhèng,kiếm được,bộ thủ,chars/6323.json
挤,A,jǐ,chật chội,Hán Việt,chars/6324.json
挦,C,xián,nhổ (đặc biệt là tóc hoặc lông); hái,"bộ thủ, từ liên quan, câu liên quan, Hán Việt",chars/6326.json
挨,A,āi,gần,Hán Việt,chars/6328.json
挲,B,suō,biến thể của 挲[suo1],"câu liên quan, Hán Việt",chars/6332.json
挶,C,jú,kết cấu để khuân đất,"bộ thủ, từ liên quan, câu liên quan, Hán Việt",chars/6336.json
挹,B,yì,(văn học) múc lên; múc ra; (văn học) kéo về phía mình,"từ liên quan, câu liên quan",chars/6339.json
挺,A,tǐng,khá,Hán Việt,chars/633A.json
挼,C,ruó,xoa; vò,"bộ thủ, từ liên quan, câu liên quan",chars/633C.json
挽,A,wǎn,kéo,Hán Việt,chars/633D.json
挿,C,chā,biến thể tiếng Nhật của 插[cha1],"bộ thủ, từ liên quan, câu liên quan",chars/633F.json
捂,C,wǔ,che đậy,"bộ thủ, Hán Việt",chars/6342.json
捃,B,jùn,thu thập; phân loại,"từ liên quan, câu liên quan",chars/6343.json
捅,B,tǒng,đâm,câu liên quan,chars/6345.json
捆,B,kǔn,buộc lại với nhau,"câu liên quan, Hán Việt",chars/6346.json
捋,C,lǚ,vuốt hoặc sắp xếp gì đó bằng ngón tay; xoa,"bộ thủ, từ liên quan, câu liên quan, Hán Việt",chars/634B.json
捌,C,bā,số tám (chữ số chống gian lận của ngân hàng); tách ra,"bộ thủ, từ liên quan, câu liên quan",chars/634C.json
捎,B,shāo,mang theo; đem theo,"từ liên quan, câu liên quan, Hán Việt",chars/634E.json
捏,A,niē,véo,Hán Việt,chars/634F.json
捓,C,yé,biến thể cũ của 揶[ye2],"bộ thủ, từ liên quan, câu liên quan, Hán Việt",chars/6353.json
捗,C,bù,tiến bộ,"bộ thủ, từ liên quan, câu liên quan, Hán Việt",chars/6357.json
捘,C,zùn,đẩy,"bộ thủ, từ liên quan, câu liên quan",chars/6358.json
捙,C,yè,biến thể sai của 拽[ye4],"bộ thủ, từ liên quan, câu liên quan, Hán Việt",chars/6359.json
捜,C,sōu,biến thể tiếng Nhật của 搜[sou1],"bộ thủ, từ liên quan, câu liên quan, Hán Việt",chars/635C.json
捡,B,jiǎn,nhặt lên,"từ liên quan, Hán Việt",chars/6361.json
换,A,huàn,đổi,Hán Việt,chars/6362.json
捥,C,wàn,bẻ cổ tay,"bộ thủ, từ liên quan, câu liên quan",chars/6365.json
捧,C,pěng,nâng lên bằng hai tay,bộ thủ,chars/6367.json
捩,B,liè,xé; vặn,"câu liên quan, Hán Việt",chars/6369.json
捭,B,bǎi,mở ra; tách ra,"từ liên quan, câu liên quan, Hán Việt",chars/636D.json
捱,B,ái,biến thể của 挨[ai2],"từ liên quan, câu liên quan",chars/6371.json
捶,A,chuí,đập,Hán Việt,chars/6376.json
捺,B,nà,nhấn xuống mạnh; đè nén,câu liên quan,chars/637A.json
捻,B,niǎn,"vặn, xoay (bằng ngón tay)",câu liên quan,chars/637B.json
捼,C,ruó,chà xát; vo nhàu,"bộ thủ, từ liên quan, câu liên quan, Hán Việt",chars/637C.json
捽,C,zuó,túm lấy; tiếng Đài Loan đọc là [zu2],"bộ thủ, từ liên quan, câu liên quan",chars/637D.json
掀,A,xiān,nhấc lên,Hán Việt,chars/6380.json
掂,B,diān,cầm để ước lượng; ước tính,câu liên quan,chars/6382.json
掇,B,duō,nhặt lên; thu thập,câu liên quan,chars/6387.json
掊,B,póu,nhấc lên bằng hai tay,"từ liên quan, câu liên quan, Hán Việt",chars/638A.json
掌,A,zhǎng,lòng bàn tay; lòng bàn chân,Hán Việt,chars/638C.json
掍,C,hùn,"viền (của váy áo, v.v.); biến thể cũ của 混[hun4]","bộ thủ, từ liên quan, câu liên quan, Hán Việt",chars/638D.json
掎,B,jǐ,kéo,"từ liên quan, câu liên quan, Hán Việt",chars/638E.json
掐,B,qiā,cấu,"câu liên quan, Hán Việt",chars/6390.json
掔,C,qiān,dắt theo; vững chắc,"bộ thủ, từ liên quan, câu liên quan, Hán Việt",chars/6394.json
掖,B,yē,nhét vào (túi); giấu,"câu liên quan, Hán Việt",chars/6396.json
掞,C,shàn,dễ dàng; yên tĩnh,"bộ thủ, từ liên quan, câu liên quan, Hán Việt",chars/639E.json
掣,B,chè,kéo; rút,câu liên quan,chars/63A3.json
掤,C,bīng,vỏ bao tên,"bộ thủ, từ liên quan, câu liên quan, Hán Việt",chars/63A4.json
掫,C,zōu,đánh canh đêm; nắm bắt,"bộ thủ, từ liên quan, câu liên quan, Hán Việt",chars/63AB.json
掬,C,jū,để cầm trong hai tay; lượng từ cho một hai bàn tay đầy,"bộ thủ, câu liên quan",chars/63AC.json
掭,C,tiàn,,"nghĩa, từ liên quan, câu liên quan, Hán Việt",chars/63AD.json
掮,C,qián,gánh trên vai,"bộ thủ, câu liên quan",chars/63AE.json
掯,C,kèn,đẩy xuống; gây khó dễ,"bộ thủ, từ liên quan, câu liên quan, Hán Việt",chars/63AF.json
掰,C,bāi,bẻ,"bộ thủ, câu liên quan, Hán Việt",chars/63B0.json
掱,C,pá,biến thể của 扒[pa2] trong 扒手[pa2 shou3],"bộ thủ, từ liên quan, câu liên quan, Hán Việt",chars/63B1.json
掲,C,jiē,biến thể tiếng Nhật của 揭,"bộ thủ, từ liên quan, câu liên quan, Hán Việt",chars/63B2.json
掳,C,lǔ,(dạng kết hợp) bắt giữ (ai đó),"bộ thủ, câu liên quan, Hán Việt",chars/63B3.json
掴,B,guāi,tát; cũng đọc là [guo2],"từ liên quan, câu liên quan, Hán Việt",chars/63B4.json
掸,B,dǎn,phủi đi; phủi bụi,"câu liên quan, Hán Việt",chars/63B8.json
掺,A,chān,trộn với,Hán Việt,chars/63BA.json
掼,B,guàn,quăng; ngã,"từ liên quan, câu liên quan, Hán Việt",chars/63BC.json
掾,B,yuàn,quan chức,"từ liên quan, câu liên quan, Hán Việt",chars/63BE.json
揃,C,jiān,cắt xén,"bộ thủ, từ liên quan, câu liên quan, Hán Việt",chars/63C3.json
揄,B,yú,kéo ra; để cho treo,"câu liên quan, Hán Việt",chars/63C4.json
揅,C,yán,nghiền mịn; học tập,"bộ thủ, từ liên quan, câu liên quan, Hán Việt",chars/63C5.json
揆,B,kuí,xem xét; ước tính,"từ liên quan, câu liên quan",chars/63C6.json
揉,C,róu,xoa bóp,"bộ thủ, Hán Việt",chars/63C9.json
揌,C,sāi,lắc,"bộ thủ, từ liên quan, câu liên quan, Hán Việt",chars/63CC.json
揍,B,zòu,"đánh, đấm","câu liên quan, Hán Việt",chars/63CD.json
揎,B,xuān,xắn tay áo; tát bằng lòng bàn tay,"từ liên quan, câu liên quan, Hán Việt",chars/63CE.json
揓,C,shì,cầm; nắm,"bộ thủ, từ liên quan, câu liên quan, Hán Việt",chars/63D3.json
揕,C,zhèn,đánh; đâm,"bộ thủ, từ liên quan, câu liên quan",chars/63D5.json
揖,B,yī,chào bằng cách nâng hai tay chắp,câu liên quan,chars/63D6.json
揗,C,shǔn,"đánh, đập bằng tay; vỗ nhẹ","bộ thủ, từ liên quan, câu liên quan, Hán Việt",chars/63D7.json
揘,C,huáng,đánh; đâm,"bộ thủ, từ liên quan, câu liên quan, Hán Việt",chars/63D8.json
揜,C,yǎn,che đậy; gây bất ngờ,"bộ thủ, từ liên quan, câu liên quan, Hán Việt",chars/63DC.json
揝,C,zuàn,"cầm trong tay, nắm; vặn, xoắn","bộ thủ, từ liên quan, câu liên quan, Hán Việt",chars/63DD.json
揞,B,ǎn,bôi (thuốc bột lên vết thương); che đậy,"từ liên quan, câu liên quan",chars/63DE.json
揠,B,yà,nhổ bỏ; nhổ lên,"câu liên quan, Hán Việt",chars/63E0.json
握,A,wò,nắm; giữ,Hán Việt,chars/63E1.json
揣,A,chuāi,giấu hoặc mang trong quần áo,Hán Việt,chars/63E3.json
揥,C,tì,loại bỏ; trâm cài tóc bằng ngà,"bộ thủ, từ liên quan, câu liên quan, Hán Việt",chars/63E5.json
揦,C,là,biến thể cũ của 攋[la4],"bộ thủ, từ liên quan, câu liên quan, Hán Việt",chars/63E6.json
揩,B,kāi,lau chùi,"câu liên quan, Hán Việt",chars/63E9.json
揪,A,jiū,nắm chặt,Hán Việt,chars/63EA.json
揫,C,jiū,thu thập; tập hợp,"bộ thủ, từ liên quan, câu liên quan, Hán Việt",chars/63EB.json
揰,C,chòng,thò ra; đấm,"bộ thủ, từ liên quan, câu liên quan, Hán Việt",chars/63F0.json
揲,B,shé,sắp xếp thẻ bói,"từ liên quan, câu liên quan, Hán Việt",chars/63F2.json
援,C,yuán,giúp; hỗ trợ,bộ thủ,chars/63F4.json
揵,C,qián,mang,"bộ thủ, từ liên quan, câu liên quan, Hán Việt",chars/63F5.json
揶,B,yé,khoa tay múa chân; làm trò,"câu liên quan, Hán Việt",chars/63F6.json
揸,B,zhā,xoè ngón tay,"từ liên quan, câu liên quan, Hán Việt",chars/63F8.json
揺,C,yáo,biến thể tiếng Nhật của 搖|摇[yao2],"bộ thủ, từ liên quan, câu liên quan, Hán Việt",chars/63FA.json
揻,C,wēi,(tiếng địa phương) uốn cong (vật dài và mảnh),"bộ thủ, từ liên quan, câu liên quan, Hán Việt",chars/63FB.json
揾,C,wěn,tìm kiếm (tiếng Quảng Đông); tương đương trong tiếng Phổ Thông: 找[zhao3],"bộ thủ, từ liên quan, câu liên quan",chars/63FE.json
揿,B,qìn,biến thể của 撳|揿[qin4],"từ liên quan, câu liên quan, Hán Việt",chars/63FF.json
搀,B,chān,đỡ bằng tay,câu liên quan,chars/6400.json
搂,B,lǒu,ôm,câu liên quan,chars/6402.json
搅,A,jiǎo,quấy rối,Hán Việt,chars/6405.json
搉,C,què,tham khảo; gõ,"bộ thủ, từ liên quan, câu liên quan, Hán Việt",chars/6409.json
搊,C,chōu,gảy (nhạc cụ có dây),"bộ thủ, từ liên quan, câu liên quan",chars/640A.json
搋,B,chuāi,nhào; chà,"từ liên quan, câu liên quan, Hán Việt",chars/640B.json
搌,B,zhǎn,thấm hút; chặm,"từ liên quan, câu liên quan, Hán Việt",chars/640C.json
搎,C,sūn,chà xát bằng tay; xoa,"bộ thủ, từ liên quan, câu liên quan",chars/640E.json
搐,B,chù,bị co giật; bị chuột rút,"câu liên quan, Hán Việt",chars/6410.json
搒,C,bàng,chèo; thuyền chèo,"bộ thủ, từ liên quan, câu liên quan",chars/6412.json
搔,C,sāo,gãi; biến thể cũ của 騷|骚[sao1],"bộ thủ, câu liên quan",chars/6414.json
搕,C,kè,đánh; cầm trong tay,"bộ thủ, từ liên quan, câu liên quan, Hán Việt",chars/6415.json
搘,C,zhī,chống đỡ,"bộ thủ, từ liên quan, câu liên quan, Hán Việt",chars/6418.json
搛,C,jiān,gắp bằng đũa,"bộ thủ, từ liên quan, câu liên quan",chars/641B.json
搠,B,shuò,bôi; chọc,"từ liên quan, câu liên quan, Hán Việt",chars/6420.json
搡,B,sǎng,đẩy mạnh; xô,"câu liên quan, Hán Việt",chars/6421.json
搢,C,jìn,lắc; cắm vào,"bộ thủ, từ liên quan, câu liên quan, Hán Việt",chars/6422.json
搣,C,miè,bóc; rút ra,"bộ thủ, từ liên quan, câu liên quan, Hán Việt",chars/6423.json
搦,B,nuò,(văn học) cầm (trong tay); thách thức,"câu liên quan, Hán Việt",chars/6426.json
搧,C,shān,biến thể của 扇[shan1],"bộ thủ, từ liên quan, câu liên quan, Hán Việt",chars/6427.json
搨,C,tà,thực hiện việc tạo bản dập,"bộ thủ, từ liên quan, câu liên quan, Hán Việt",chars/6428.json
搪,B,táng,ngăn chặn; chống đỡ,"câu liên quan, Hán Việt",chars/642A.json
搰,C,hú,đào; trộn,"bộ thủ, từ liên quan, câu liên quan, Hán Việt",chars/6430.json
搲,C,wā,nắm; chụp,"bộ thủ, từ liên quan, câu liên quan, Hán Việt",chars/6432.json
搳,C,huá,dùng trong 搳拳[hua2 quan2],"bộ thủ, từ liên quan, câu liên quan, Hán Việt",chars/6433.json
搴,B,qiān,nắm; bắt,"từ liên quan, câu liên quan, Hán Việt",chars/6434.json
搷,C,chēn,đập; sàng sảy,"bộ thủ, từ liên quan, câu liên quan, Hán Việt",chars/6437.json
携,A,xié,"mang, cầm, dắt",Hán Việt,chars/643A.json
搽,B,chá,"bôi (thuốc mỡ, phấn); thoa","từ liên quan, câu liên quan, Hán Việt",chars/643D.json
搿,C,gé,ôm,"bộ thủ, từ liên quan, câu liên quan, Hán Việt",chars/643F.json
摀,B,wǔ,biến thể của 捂[wu3]; che,"từ liên quan, câu liên quan, Hán Việt",chars/6440.json
摁,B,èn,nhấn (bằng ngón tay hoặc bàn tay),"từ liên quan, câu liên quan, Hán Việt",chars/6441.json
摂,C,shè,biến thể tiếng Nhật của 攝|摄,"bộ thủ, từ liên quan, câu liên quan, Hán Việt",chars/6442.json
摅,B,shū,trình bày; lan rộng,"từ liên quan, câu liên quan",chars/6445.json
摈,B,bìn,từ chối; trục xuất,"câu liên quan, Hán Việt",chars/6448.json
摎,C,jiū,bóp cổ; điều tra,"bộ thủ, từ liên quan, câu liên quan, Hán Việt",chars/644E.json
摒,B,bìng,vứt bỏ; loại bỏ,"câu liên quan, Hán Việt",chars/6452.json
摓,C,féng,rộng; may vá,"bộ thủ, từ liên quan, câu liên quan",chars/6453.json
摔,A,shuāi,ngã,Hán Việt,chars/6454.json
摘,C,zhāi,nhặt,bộ thủ,chars/6458.json
摙,C,liǎn,vận chuyển; dời đi mang theo,"bộ thủ, từ liên quan, câu liên quan",chars/6459.json
摛,C,chī,lan truyền (danh tiếng); vung (bút),"bộ thủ, từ liên quan, câu liên quan, Hán Việt",chars/645B.json
摞,C,luò,chất đống; xếp chồng,"bộ thủ, từ liên quan, câu liên quan, Hán Việt",chars/645E.json
摠,C,zǒng,chung; chung chung,"bộ thủ, từ liên quan, câu liên quan, Hán Việt",chars/6460.json
摦,C,huà,rộng; rộng rãi,"bộ thủ, từ liên quan, câu liên quan, Hán Việt",chars/6466.json
摧,A,cuī,phá hủy; phá hoại,Hán Việt,chars/6467.json
摩,A,mó,cọ xát,Hán Việt,chars/6469.json
摭,B,zhí,nhặt lên; lựa chọn,"từ liên quan, câu liên quan, Hán Việt",chars/646D.json
摮,C,áo,(văn học) đánh; tấn công,"bộ thủ, từ liên quan, câu liên quan, Hán Việt",chars/646E.json
摰,C,niè,nắm bằng tay; nắm lấy,"bộ thủ, từ liên quan, câu liên quan, Hán Việt",chars/6470.json
摲,C,shàn,cắt giảm; cắt cỏ,"bộ thủ, từ liên quan, câu liên quan, Hán Việt",chars/6472.json
摴,C,shū,xúc xắc; đánh bạc,"bộ thủ, từ liên quan, câu liên quan, Hán Việt",chars/6474.json
摷,C,jiǎo,gõ; đập,"bộ thủ, từ liên quan, câu liên quan, Hán Việt",chars/6477.json
摹,B,mó,(dùng trong từ ghép) bắt chước; sao chép,câu liên quan,chars/6479.json
摺,C,zhé,tài liệu gấp theo dạng đàn accordion; gấp,"bộ thủ, câu liên quan",chars/647A.json
摽,B,biāo,(văn học) xua đi; vứt bỏ,"từ liên quan, câu liên quan, Hán Việt",chars/647D.json
摿,C,yáo,biến thể sai của 搖|摇[yao2],"bộ thủ, từ liên quan, câu liên quan, Hán Việt",chars/647F.json
撂,B,liào,đặt xuống; để lại,"câu liên quan, Hán Việt",chars/6482.json
撃,C,jī,chữ Nhật của 擊|击[ji1],"bộ thủ, từ liên quan, câu liên quan, Hán Việt",chars/6483.json
撄,B,yīng,phản đối; tấn công,"từ liên quan, câu liên quan, Hán Việt",chars/6484.json
撅,B,juē,nhô ra; chìa ra,câu liên quan,chars/6485.json
撆,C,piē,biến thể của 撇[pie1],"bộ thủ, từ liên quan, câu liên quan, Hán Việt",chars/6486.json
撇,A,piē,ném,Hán Việt,chars/6487.json
撊,C,xiàn,quả cảm; phẫn nộ,"bộ thủ, từ liên quan, câu liên quan, Hán Việt",chars/648A.json
撋,C,ruán,chà xát giữa hai tay,"bộ thủ, từ liên quan, câu liên quan, Hán Việt",chars/648B.json
撕,A,sī,xé,Hán Việt,chars/6495.json
撙,B,zǔn,giảm bớt hoặc cắt giảm; kiềm chế,"từ liên quan, câu liên quan, Hán Việt",chars/6499.json
撚,C,niǎn,chơi khăm hoặc đùa giỡn; tinh tế,"bộ thủ, từ liên quan, câu liên quan, Hán Việt",chars/649A.json
撢,C,dǎn,phủi bụi,"bộ thủ, từ liên quan, câu liên quan",chars/64A2.json
撤,C,chè,rút lui,bộ thủ,chars/64A4.json
撧,C,juē,bẻ gãy; làm gãy,"bộ thủ, từ liên quan, câu liên quan, Hán Việt",chars/64A7.json
撩,B,liāo,vén lên (thứ gì đang thả xuống); nâng lên (gấu váy),câu liên quan,chars/64A9.json
撬,B,qiào,cậy mở,"câu liên quan, Hán Việt",chars/64AC.json
撱,C,tuǒ,cắt ngắn; rút ngắn,"bộ thủ, từ liên quan, câu liên quan, Hán Việt",chars/64B1.json
撵,B,niǎn,trục xuất; loại bỏ,"từ liên quan, câu liên quan, Hán Việt",chars/64B5.json
撷,B,xié,thu thập; Đài Loan phát âm [jie2],"câu liên quan, Hán Việt",chars/64B7.json
撸,B,lū,(tiếng địa phương) xoa dọc theo sát tay; sa thải (một nhân viên),"từ liên quan, câu liên quan",chars/64B8.json
撺,B,cuān,lao nhao; kích động,"câu liên quan, Hán Việt",chars/64BA.json
撼,A,hàn,rung; làm rung chuyển,Hán Việt,chars/64BC.json
擀,A,gǎn,"cán (bột), lăn (bột)",Hán Việt,chars/64C0.json
擂,B,léi,giã (bằng cối và chày); đánh (người); đánh (trống); đập (cửa); (phương ngữ) mắng,"câu liên quan, Hán Việt",chars/64C2.json
擉,C,chuò,đâm xuyên; phá vỡ,"bộ thủ, từ liên quan, câu liên quan",chars/64C9.json
操,A,cāo,biến thể cũ của 操[cao1],Hán Việt,chars/64CD.json
擎,A,qíng,nâng; giữ lên,Hán Việt,chars/64CE.json
擐,C,huàn,xuyên qua; mặc vào (áo giáp),"bộ thủ, từ liên quan, câu liên quan, Hán Việt",chars/64D0.json
擒,C,qín,bắt giữ,"bộ thủ, câu liên quan, Hán Việt",chars/64D2.json
擖,C,gě,cạo,"bộ thủ, từ liên quan, câu liên quan, Hán Việt",chars/64D6.json
擗,B,pǐ,đấm ngực,"từ liên quan, câu liên quan, Hán Việt",chars/64D7.json
擘,B,bò,ngón cái; bẻ,"câu liên quan, Hán Việt",chars/64D8.json
擞,B,sǒu,rung; lắc,"câu liên quan, Hán Việt",chars/64DE.json
擡,C,tái,biến thể của 抬[tai2],"bộ thủ, từ liên quan, câu liên quan, Hán Việt",chars/64E1.json
擢,B,zhuó,kéo ra; lựa chọn,"câu liên quan, Hán Việt",chars/64E2.json
擣,C,dǎo,khuấy; giã,"bộ thủ, từ liên quan, câu liên quan, Hán Việt",chars/64E3.json
擤,C,xǐng,hỉ mũi,"bộ thủ, câu liên quan, Hán Việt",chars/64E4.json
擥,C,lǎn,biến thể của 攬|揽[lan3],"bộ thủ, từ liên quan, câu liên quan, Hán Việt",chars/64E5.json
擨,C,yé,biến thể cổ của 揶[ye2],"bộ thủ, từ liên quan, câu liên quan, Hán Việt",chars/64E8.json
擩,C,rǔ,làm bẩn; nhuộm,"bộ thủ, từ liên quan, câu liên quan, Hán Việt",chars/64E9.json
擭,C,huò,bẫy,"bộ thủ, từ liên quan, câu liên quan, Hán Việt",chars/64ED.json
擸,C,liè,"cầm, nắm; cầm tóc","bộ thủ, từ liên quan, câu liên quan",chars/64F8.json
擿,C,tī,chọn lựa; bới móc,"bộ thủ, từ liên quan, câu liên quan, Hán Việt",chars/64FF.json
攀,A,pān,leo,Hán Việt,chars/6500.json
攂,C,léi,đánh (biến thể cũ của 擂[lei2]),"bộ thủ, từ liên quan, câu liên quan, Hán Việt",chars/6502.json
攃,C,sà,phía trước,"bộ thủ, từ liên quan, câu liên quan, Hán Việt",chars/6503.json
攈,C,jùn,biến thể cũ của 捃[jun4],"bộ thủ, từ liên quan, câu liên quan, Hán Việt",chars/6508.json
攉,C,huō,xúc bằng xẻng,"bộ thủ, từ liên quan, câu liên quan, Hán Việt",chars/6509.json
攋,C,là,phá hủy; xé,"bộ thủ, từ liên quan, câu liên quan, Hán Việt",chars/650B.json
攐,C,qiān,"biến thể của 褰, vén gấu quần; nhấc váy lên","bộ thủ, từ liên quan, câu liên quan, Hán Việt",chars/6510.json
攒,A,zǎn,tích lũy,Hán Việt,chars/6512.json
攓,C,qiān,"biến thể của 搴[qian1], nắm bắt","bộ thủ, từ liên quan, câu liên quan, Hán Việt",chars/6513.json
攟,C,jùn,biến thể cũ của 捃[jun4],"bộ thủ, từ liên quan, câu liên quan, Hán Việt",chars/651F.json
攥,B,zuàn,"Nắm chặt, bóp chặt","từ liên quan, Hán Việt",chars/6525.json
攧,C,diān,ngã; dậm (chân),"bộ thủ, từ liên quan, câu liên quan, Hán Việt",chars/6527.json
攫,B,jué,chộp; giật,"câu liên quan, Hán Việt",chars/652B.json
攮,B,nǎng,để đỡ; đâm,"từ liên quan, câu liên quan",chars/652E.json
攰,C,guì,kiệt sức hoàn toàn (tiếng Quảng Đông); tương đương trong Quan Thoại: 累[lei4],"bộ thủ, từ liên quan, câu liên quan, Hán Việt",chars/6530.json
攲,C,qī,nghiêng; không đồng đều,"bộ thủ, từ liên quan, câu liên quan, Hán Việt",chars/6532.json
攴,B,pù,đánh khẽ.,"từ liên quan, câu liên quan, Hán Việt",chars/6534.json
攵,B,pù,đánh khẽ.,"từ liên quan, câu liên quan, Hán Việt",chars/6535.json
攸,A,yōu,xa; từ đứng trước trạng từ,Hán Việt,chars/6538.json
改,A,gǎi,"thay đổi, sửa đổi",Hán Việt,chars/6539.json
攺,C,yǐ,một loại trang sức bằng kim loại hoặc ngọc đeo thời cổ đại để xua đuổi tà ma,"bộ thủ, từ liên quan, câu liên quan, Hán Việt",chars/653A.json
攼,C,hàn,biến thể cũ của 捍[han4],"bộ thủ, từ liên quan, câu liên quan, Hán Việt",chars/653C.json
攽,C,bān,biến thể của 頒|颁[ban1],"bộ thủ, từ liên quan, câu liên quan, Hán Việt",chars/653D.json
敁,C,diān,cầm tay ước lượng; lắc,"bộ thủ, từ liên quan, câu liên quan, Hán Việt",chars/6541.json
敃,B,mǐn,mạnh mẽ; cường tráng,"từ liên quan, câu liên quan, Hán Việt",chars/6543.json
敄,C,wù,,"nghĩa, bộ thủ, từ liên quan, câu liên quan, Hán Việt",chars/6544.json
敇,C,chì,chiếu chỉ hoặc sắc lệnh của hoàng đế,"bộ thủ, từ liên quan, câu liên quan, Hán Việt",chars/6547.json
敉,B,mǐ,hoà bình,"từ liên quan, câu liên quan, Hán Việt",chars/6549.json
敎,C,jiào,biến thể của 教[jiao4],"bộ thủ, từ liên quan, câu liên quan, Hán Việt",chars/654E.json
敔,C,yǔ,"nhạc cụ gõ hình con hổ bằng gỗ rỗng, có dải răng cưa trên lưng, dùng dùi gõ chạy qua","bộ thủ, từ liên quan, câu liên quan, Hán Việt",chars/6554.json
敕,B,chì,biến thể của 敕[chi4],câu liên quan,chars/6555.json
敖,B,Aó,họ [Ao2],câu liên quan,chars/6556.json
敚,C,duó,biến thể cũ của 奪|夺[duo2],"bộ thủ, từ liên quan, câu liên quan, Hán Việt",chars/655A.json
敛,A,liǎn,(văn học) kiềm chế; (văn học) kiểm soát (bản thân),Hán Việt,chars/655B.json
敜,C,niè,lấp đầy hoặc che lấp một cái lỗ,"bộ thủ, từ liên quan, câu liên quan, Hán Việt",chars/655C.json
敞,A,chǎng,mở ra cho mọi người thấy; rộng rãi,Hán Việt,chars/655E.json
敢,C,gǎn,dám,bộ thủ,chars/6562.json
敦,C,dūn,biến thể của 敦[dun1],bộ thủ,chars/6566.json
敧,C,qǐ,gắp đồ bằng đũa hoặc kẹp.,"bộ thủ, từ liên quan, câu liên quan, Hán Việt",chars/6567.json
敪,B,duó,cân; cắt,"từ liên quan, câu liên quan, Hán Việt",chars/656A.json
敫,B,jiǎo,họ [Jiao3],"từ liên quan, câu liên quan, Hán Việt",chars/656B.json
敬,C,jìng,tôn kính,bộ thủ,chars/656C.json
敳,C,ái,có năng lực (trong quản lý); cai trị mạnh mẽ,"bộ thủ, từ liên quan, câu liên quan, Hán Việt",chars/6573.json
整,C,zhěng,toàn bộ,bộ thủ,chars/6574.json
敷,A,fū,áp dụng,Hán Việt,chars/6577.json
敹,C,liáo,giữ gọn gàng và sửa chữa; khâu vá,"bộ thủ, từ liên quan, câu liên quan, Hán Việt",chars/6579.json
敻,B,Xiòng,họ [Xiong4],"từ liên quan, câu liên quan, Hán Việt",chars/657B.json
敽,C,jiǎo,biến thể cũ của 敿[jiao3],"bộ thủ, từ liên quan, câu liên quan, Hán Việt",chars/657D.json
敿,C,jiǎo,buộc (dây),"bộ thủ, từ liên quan, câu liên quan, Hán Việt",chars/657F.json
斁,C,yì,chán nản,"bộ thủ, từ liên quan, câu liên quan, Hán Việt",chars/6581.json
斄,C,Tái,tên địa danh cổ (một thị trấn thời Hán ở Thiểm Tây); biến thể của 邰[Tai2],"bộ thủ, từ liên quan, câu liên quan, Hán Việt",chars/6584.json
斈,C,xué,biến thể của 學|学[xue2],"bộ thủ, từ liên quan, câu liên quan, Hán Việt",chars/6588.json
斉,C,qí,biến thể cũ của 齊|齐[qi2],"bộ thủ, từ liên quan, câu liên quan, Hán Việt",chars/6589.json
斋,B,zhāi,biến thể cũ của 齋|斋[zhai1],"câu liên quan, Hán Việt",chars/658B.json
斌,B,bīn,biến thể của 彬[bin1],"câu liên quan, Hán Việt",chars/658C.json
斎,C,zhāi,biến thể tiếng Nhật của 齋|斋[zhai1],"bộ thủ, từ liên quan, câu liên quan",chars/658E.json
斐,B,Fěi,phiên âm fei hoặc fi; (văn học) (hình thức ghép) giàu sự tao nhã văn chương,câu liên quan,chars/6590.json
斑,C,bān,"vết, đốm, vân","bộ thủ, Hán Việt",chars/6591.json
斒,C,bān,nhiều màu; sọc,"bộ thủ, từ liên quan, câu liên quan, Hán Việt",chars/6592.json
斓,A,lán,dùng trong 斑斕|斑斓[ban1 lan2],Hán Việt,chars/6593.json
斔,C,yǔ,biến thể cũ của 斞[yu3],"bộ thủ, từ liên quan, câu liên quan, Hán Việt",chars/6594.json
斚,C,jiǎ,biến thể của 斝[jia3],"bộ thủ, từ liên quan, câu liên quan, Hán Việt",chars/659A.json
斛,B,hú,đồ đong đo lường cổ; năm mươi lít,"từ liên quan, câu liên quan, Hán Việt",chars/659B.json
斝,C,jiǎ,chén ngọc nhỏ có quai,"bộ thủ, từ liên quan, câu liên quan, Hán Việt",chars/659D.json
斞,C,yǔ,đơn vị đo khô tương đương 16 斗[dou3] hoặc 160 lít,"bộ thủ, từ liên quan, câu liên quan, Hán Việt",chars/659E.json
斠,C,jiào,(cũ) dụng cụ san bằng ngũ cốc trong dụng cụ đo; hiệu đính,"bộ thủ, từ liên quan, câu liên quan, Hán Việt",chars/65A0.json
斡,C,wò,quay,"bộ thủ, câu liên quan, Hán Việt",chars/65A1.json
斢,C,tiǎo,(tiếng địa phương) trao đổi; thay thế,"bộ thủ, từ liên quan, câu liên quan, Hán Việt",chars/65A2.json
斥,C,chì,trách móc; khiển trách,bộ thủ,chars/65A5.json
斨,C,qiāng,cái rìu,"bộ thủ, từ liên quan, câu liên quan, Hán Việt",chars/65A8.json
斫,B,zhuó,chặt; đốn,"câu liên quan, Hán Việt",chars/65AB.json
断,C,duàn,bẻ gãy,bộ thủ,chars/65AD.json
斮,C,zhuó,chặt đứt,"bộ thủ, từ liên quan, câu liên quan, Hán Việt",chars/65AE.json
斯,A,Sī,Slovakia; Người Slovakia,Hán Việt,chars/65AF.json
斸,C,zhǔ,cắt,"bộ thủ, từ liên quan, câu liên quan, Hán Việt",chars/65B8.json
於,C,Yū,họ [Yu1]; đọc ở Đài Loan: [Yu2],"bộ thủ, từ liên quan, câu liên quan",chars/65BC.json
施,C,Shī,họ [Shi1],bộ thủ,chars/65BD.json
斾,C,pèi,"biến thể của 旆, cờ hiệu; lá cờ","bộ thủ, từ liên quan, câu liên quan, Hán Việt",chars/65BE.json
斿,C,yóu,đường diềm sò dọc theo mép dưới của lá cờ,"bộ thủ, từ liên quan, câu liên quan, Hán Việt",chars/65BF.json
旀,C,mie,"phiên âm ""myeo"" dùng trong tên địa danh (chữ Hán Hàn Quốc)","bộ thủ, từ liên quan, câu liên quan, Hán Việt",chars/65C0.json
旁,C,páng,một bên; khác,bộ thủ,chars/65C1.json
旃,B,zhān,nỉ; biểu ngữ bằng lụa,"từ liên quan, câu liên quan, Hán Việt",chars/65C3.json
旄,C,máo,cờ trang trí bằng đuôi động vật,"bộ thủ, câu liên quan, Hán Việt",chars/65C4.json
旅,C,lǚ,chuyến đi; du lịch,bộ thủ,chars/65C5.json
旆,B,pèi,cờ đuôi nheo; dải lụa,"từ liên quan, câu liên quan, Hán Việt",chars/65C6.json
旉,C,fū,,"nghĩa, từ liên quan, câu liên quan, Hán Việt",chars/65C9.json
旊,C,fǎng,biến thể của 瓬[fang3],"bộ thủ, từ liên quan, câu liên quan, Hán Việt",chars/65CA.json
旋,C,xuán,quay vòng; một vòng,bộ thủ,chars/65CB.json
旌,B,jīng,cờ biểu; biểu thị rõ,câu liên quan,chars/65CC.json
旎,B,nǐ,phấp phới của cờ,"câu liên quan, Hán Việt",chars/65CE.json
族,C,zú,bộ tộc,bộ thủ,chars/65CF.json
旐,C,zhào,cờ hiệu,"bộ thủ, từ liên quan, câu liên quan, Hán Việt",chars/65D0.json
旒,B,liú,dải tua,"từ liên quan, câu liên quan, Hán Việt",chars/65D2.json
旓,C,shāo,rìa có răng cưa trên cờ Trung Quốc,"bộ thủ, từ liên quan, câu liên quan, Hán Việt",chars/65D3.json
旖,B,yǐ,cờ bay phấp phới,"câu liên quan, Hán Việt",chars/65D6.json
旛,C,fān,cờ hiệu,"bộ thủ, từ liên quan, câu liên quan",chars/65DB.json
旝,C,kuài,"(văn học) cờ; biểu ngữ (giương lên khi chiến đấu); (văn học) máy bắn đá, hoặc viên đá được phóng bởi máy bắn đá","bộ thủ, từ liên quan, câu liên quan, Hán Việt",chars/65DD.json
旟,C,yú,cờ với hình chim ưng; tóc rối bù,"bộ thủ, từ liên quan, câu liên quan, Hán Việt",chars/65DF.json
旡,B,jì,nghẹn thứ gì đó đã ăn,"từ liên quan, câu liên quan, Hán Việt",chars/65E1.json
既,C,jì,tức là,"bộ thủ, Hán Việt",chars/65E2.json
旣,C,jì,biến thể của 既[ji4],"bộ thủ, từ liên quan, câu liên quan, Hán Việt",chars/65E3.json
旪,C,xié,biến thể cũ của 協|协[xie2],"bộ thủ, từ liên quan, câu liên quan, Hán Việt",chars/65EA.json
旬,A,xún,mười ngày; mười năm,Hán Việt,chars/65EC.json
旮,C,gā,dùng trong 旮旯[ga1 la2],"bộ thủ, câu liên quan, Hán Việt",chars/65EE.json
旯,C,lá,dùng trong 旮旯[ga1 la2],"bộ thủ, câu liên quan, Hán Việt",chars/65EF.json
旰,B,gàn,hoàng hôn; buổi tối,"câu liên quan, Hán Việt",chars/65F0.json
旲,C,tái,,"nghĩa, từ liên quan, câu liên quan, Hán Việt",chars/65F2.json
旴,C,xū,bình minh,"bộ thủ, từ liên quan, câu liên quan",chars/65F4.json
时,A,shí,thời gian,Hán Việt,chars/65F6.json
旷,C,kuàng,sao nhãng; bỏ (lớp hoặc công việc),bộ thủ,chars/65F7.json
旸,C,yáng,mặt trời mọc; ánh nắng,"bộ thủ, từ liên quan, câu liên quan, Hán Việt",chars/65F8.json
旻,C,mín,bầu trời,"bộ thủ, từ liên quan, câu liên quan, Hán Việt",chars/65FB.json
旼,C,mín,hiền hòa và nhã nhặn,"bộ thủ, từ liên quan, câu liên quan, Hán Việt",chars/65FC.json
旽,C,tūn,"mặt trời buổi sáng, bình minh","bộ thủ, từ liên quan, câu liên quan, Hán Việt",chars/65FD.json
昀,B,yún,ánh sáng mặt trời; dùng trong tên người,"câu liên quan, Hán Việt",chars/6600.json
昃,C,zè,buổi chiều; suy tàn,"bộ thủ, từ liên quan, câu liên quan, Hán Việt",chars/6603.json
昄,C,bǎn,lớn; rộng rãi,"bộ thủ, từ liên quan, câu liên quan, Hán Việt",chars/6604.json
昉,B,fǎng,bình minh; bắt đầu,"từ liên quan, câu liên quan, Hán Việt",chars/6609.json
昊,C,Hào,họ [Hao4],"bộ thủ, câu liên quan, Hán Việt",chars/660A.json
昌,A,Chāng,họ [Chang1],Hán Việt,chars/660C.json
明,C,Míng,Triều Minh (1368-1644); họ [Ming2],bộ thủ,chars/660E.json
昏,C,hūn,mất ý thức,bộ thủ,chars/660F.json
昑,C,qǐn,sáng sủa,"bộ thủ, từ liên quan, câu liên quan, Hán Việt",chars/6611.json
昒,C,hū,bình minh; rạng đông,"bộ thủ, từ liên quan, câu liên quan, Hán Việt",chars/6612.json
昔,C,Xī,họ [Xi1],bộ thủ,chars/6614.json
昕,B,xīn,bình minh,"từ liên quan, câu liên quan, Hán Việt",chars/6615.json
昙,C,tán,mây đen,"bộ thủ, câu liên quan, Hán Việt",chars/6619.json
昜,B,yáng,biến thể cũ của 陽[yang2],"từ liên quan, câu liên quan, Hán Việt",chars/661C.json
昝,C,Zǎn,họ [Zan3],"bộ thủ, từ liên quan, câu liên quan, Hán Việt",chars/661D.json
昞,C,bǐng,biến thể của 炳[bing3],"bộ thủ, từ liên quan, câu liên quan, Hán Việt",chars/661E.json
昡,C,xuàn,ngày dài; kéo dài,"bộ thủ, từ liên quan, câu liên quan, Hán Việt",chars/6621.json
昤,C,līng,ánh nắng,"bộ thủ, từ liên quan, câu liên quan, Hán Việt",chars/6624.json
春,A,chūn,mùa xuân,Hán Việt,chars/6625.json
昦,C,hào,biến thể của 昊[hao4],"bộ thủ, từ liên quan, câu liên quan, Hán Việt",chars/6626.json
昨,A,zuó,hôm qua,Hán Việt,chars/6628.json
昫,B,xù,biến thể của 煦[xu4]; dịu dàng,"từ liên quan, câu liên quan, Hán Việt",chars/662B.json
昭,B,zhāo,sáng; rõ ràng,"câu liên quan, Hán Việt",chars/662D.json
是,C,shì,là,bộ thủ,chars/662F.json
昱,B,yù,ánh sáng rực rỡ,"câu liên quan, Hán Việt",chars/6631.json
昳,C,dié,mặt trời lặn ở phía tây,"bộ thủ, từ liên quan, câu liên quan, Hán Việt",chars/6633.json
昴,B,mǎo,chòm sao Thất Nữ,"câu liên quan, Hán Việt",chars/6634.json
昵,B,nì,biến thể của 暱|昵[ni4],"câu liên quan, Hán Việt",chars/6635.json
昶,C,chǎng,(về ngày) dài; biến thể cũ của 暢|畅[chang4],"bộ thủ, từ liên quan, câu liên quan, Hán Việt",chars/6636.json
昷,C,wēn,,"nghĩa, bộ thủ, từ liên quan, câu liên quan, Hán Việt",chars/6637.json
昺,C,bǐng,sáng; ngời,"bộ thủ, từ liên quan, câu liên quan, Hán Việt",chars/663A.json
昻,C,áng,biến thể của 昂[ang2],"bộ thủ, từ liên quan, câu liên quan, Hán Việt",chars/663B.json
昼,C,zhòu,ban ngày,"bộ thủ, Hán Việt",chars/663C.json
昽,C,lóng,dùng trong 曚曨|曚昽[meng2 long2],"bộ thủ, từ liên quan, câu liên quan, Hán Việt",chars/663D.json
晁,B,Cháo,họ [Chao2],"từ liên quan, câu liên quan, Hán Việt",chars/6641.json
晄,C,huǎng,biến thể cũ của 晃[huang3],"bộ thủ, từ liên quan, câu liên quan",chars/6644.json
晅,C,xuān,ánh sáng mặt trời; phơi khô dưới nắng,"bộ thủ, từ liên quan, câu liên quan, Hán Việt",chars/6645.json
晋,C,Jìn,họ [Jin4]; nhà Tấn (265-420),"bộ thủ, Hán Việt",chars/664B.json
晌,B,shǎng,phần của ngày; giữa trưa,"câu liên quan, Hán Việt",chars/664C.json
晏,C,Yàn,họ [Yan4],"bộ thủ, câu liên quan, Hán Việt",chars/664F.json
晑,C,xiǎng,sáng; rõ ràng,"bộ thủ, từ liên quan, câu liên quan, Hán Việt",chars/6651.json
晒,A,shài,phơi nắng; làm khô dưới ánh mặt trời,Hán Việt,chars/6652.json
晔,C,yè,ánh sáng rực rỡ; sáng lấp lánh,"bộ thủ, câu liên quan, Hán Việt",chars/6654.json
晖,A,huī,ánh nắng; chiếu rọi,Hán Việt,chars/6656.json
晗,B,hán,trước bình minh; hừng đông sắp rạng,"câu liên quan, Hán Việt",chars/6657.json
晜,C,kūn,hậu duệ; anh trai,"bộ thủ, từ liên quan, câu liên quan, Hán Việt",chars/665C.json
晞,C,xī,bình minh; phơi nắng,"bộ thủ, từ liên quan, câu liên quan, Hán Việt",chars/665E.json
晟,B,Chéng,họ [Cheng2],"từ liên quan, câu liên quan, Hán Việt",chars/665F.json
晡,B,bū,3-5 giờ chiều,"từ liên quan, câu liên quan, Hán Việt",chars/6661.json
晢,C,zhé,sáng,"bộ thủ, từ liên quan, câu liên quan, Hán Việt",chars/6662.json
晥,C,Wǎn,biến thể cũ của 皖[Wan3],"bộ thủ, từ liên quan, câu liên quan, Hán Việt",chars/6665.json
晩,C,wǎn,biến thể của 晚[wan3],"bộ thủ, từ liên quan, câu liên quan, Hán Việt",chars/6669.json
晬,B,zuì,sinh nhật đầu tiên của một đứa trẻ,"từ liên quan, câu liên quan, Hán Việt",chars/666C.json
晰,A,xī,rõ ràng; phân minh,Hán Việt,chars/6670.json
晶,C,jīng,tinh thể,bộ thủ,chars/6676.json
晷,B,guǐ,đồng hồ mặt trời,"câu liên quan, Hán Việt",chars/6677.json
智,C,zhì,(văn học) khôn ngoan; trí tuệ,bộ thủ,chars/667A.json
晾,A,liàng,phơi,Hán Việt,chars/667E.json
晿,C,chēng,(dùng trong tên),"bộ thủ, từ liên quan, câu liên quan, Hán Việt",chars/667F.json
暁,C,xiǎo,biến thể Nhật Bản của 曉|晓,"bộ thủ, từ liên quan, câu liên quan, Hán Việt",chars/6681.json
暆,B,yí,(mặt trời) đang lặn,"từ liên quan, câu liên quan, Hán Việt",chars/6686.json
暋,C,mín,không vui; lo lắng,"bộ thủ, từ liên quan, câu liên quan, Hán Việt",chars/668B.json
暌,B,kuí,đối lập với; tách biệt khỏi,"từ liên quan, câu liên quan, Hán Việt",chars/668C.json
暍,C,hè,nóng,"bộ thủ, từ liên quan, câu liên quan, Hán Việt",chars/668D.json
暑,A,shǔ,nóng; nắng nóng,Hán Việt,chars/6691.json
暒,C,qíng,biến thể cũ của 晴[qing2],"bộ thủ, từ liên quan, câu liên quan, Hán Việt",chars/6692.json
暔,C,nán,tên một nước,"bộ thủ, từ liên quan, câu liên quan, Hán Việt",chars/6694.json
暕,C,jiǎn,sáng (ánh sáng),"bộ thủ, từ liên quan, câu liên quan, Hán Việt",chars/6695.json
暖,A,nuǎn,ấm áp,Hán Việt,chars/6696.json
暜,C,pǔ,biến thể cũ của 普[pu3],"bộ thủ, từ liên quan, câu liên quan, Hán Việt",chars/669C.json
暝,B,míng,tối,"từ liên quan, câu liên quan, Hán Việt",chars/669D.json
暞,C,jiǎo,biến thể cũ của 曒[jiao3],"bộ thủ, từ liên quan, câu liên quan, Hán Việt",chars/669E.json
暠,B,gǎo,sáng; trắng,"từ liên quan, câu liên quan, Hán Việt",chars/66A0.json
暡,B,wěng,dùng trong 暡曚[weng3 meng2],"từ liên quan, câu liên quan, Hán Việt",chars/66A1.json
暦,C,lì,biến thể tiếng Nhật của 曆|历[li4],"bộ thủ, từ liên quan, câu liên quan, Hán Việt",chars/66A6.json
暨,C,jì,và; đạt đến,"bộ thủ, câu liên quan, Hán Việt",chars/66A8.json
暪,C,mèn,tối,"bộ thủ, từ liên quan, câu liên quan, Hán Việt",chars/66AA.json
暲,C,zhāng,sáng; mọc (mặt trời),"bộ thủ, từ liên quan, câu liên quan, Hán Việt",chars/66B2.json
暵,C,hàn,khô; nóng,"bộ thủ, từ liên quan, câu liên quan, Hán Việt",chars/66B5.json
暸,C,liáo,sáng; rõ ràng,"bộ thủ, từ liên quan, câu liên quan, Hán Việt",chars/66B8.json
暹,C,xiān,bình minh,"bộ thủ, câu liên quan",chars/66B9.json
暻,C,jǐng,sáng,"bộ thủ, từ liên quan, câu liên quan, Hán Việt",chars/66BB.json
暾,B,tūn,mặt trời lên trên đường chân trời,"từ liên quan, câu liên quan, Hán Việt",chars/66BE.json
曀,C,yì,tối; mặt trời bị mây che,"bộ thủ, từ liên quan, câu liên quan",chars/66C0.json
曈,C,tóng,mặt trời sắp mọc,"bộ thủ, từ liên quan, câu liên quan, Hán Việt",chars/66C8.json
曌,C,Zhào,tên do nữ hoàng triều Đường Võ Tắc Thiên 武則天|武则天[Wu3 Ze2 tian1] tự đặt,"bộ thủ, từ liên quan, câu liên quan, Hán Việt",chars/66CC.json
曐,C,xīng,biến thể cũ của 星[xing1],"bộ thủ, từ liên quan, câu liên quan, Hán Việt",chars/66D0.json
曑,C,shēn,biến thể cũ của 參|参[shen1]; (chòm sao),"bộ thủ, từ liên quan, câu liên quan, Hán Việt",chars/66D1.json
曒,C,jiǎo,biến thể cũ của 皦[jiao3],"bộ thủ, từ liên quan, câu liên quan, Hán Việt",chars/66D2.json
曓,C,bào,biến thể cũ của 暴[bao4],"bộ thủ, từ liên quan, câu liên quan, Hán Việt",chars/66D3.json
曘,C,rú,màu của mặt trời; tối,"bộ thủ, từ liên quan, câu liên quan, Hán Việt",chars/66D8.json
曙,A,shǔ,(dạng kết hợp) lúc rạng đông; bình minh; phiên âm Đài Loan [shu4],Hán Việt,chars/66D9.json
曚,B,méng,chạng vạng trước bình minh,"từ liên quan, câu liên quan",chars/66DA.json
曛,B,xūn,chạng vạng; mặt trời lặn,"từ liên quan, câu liên quan, Hán Việt",chars/66DB.json
曜,C,yào,sáng; ngời,"bộ thủ, câu liên quan, Hán Việt",chars/66DC.json
曝,A,pù,phơi; phơi nắng,Hán Việt,chars/66DD.json
曦,B,xī,(văn học) ánh nắng (thường là sáng sớm),"câu liên quan, Hán Việt",chars/66E6.json
曩,B,nǎng,thuở xưa,"từ liên quan, câu liên quan",chars/66E9.json
曰,B,yuē,nói,câu liên quan,chars/66F0.json
曱,B,yuē,dùng trong 曱甴[yue1 zha2],"từ liên quan, câu liên quan, Hán Việt",chars/66F1.json
曲,C,qǔ,giai điệu,bộ thủ,chars/66F2.json
曳,C,yè,kéo; lôi,bộ thủ,chars/66F3.json
曷,B,hé,tại sao; như thế nào,"từ liên quan, câu liên quan",chars/66F7.json
曹,C,Cáo,họ [Cao2]; nhà chư hầu thời Chu,"bộ thủ, câu liên quan",chars/66F9.json
曻,C,shēng,biến thể của 昇|升[sheng1],"bộ thủ, từ liên quan, câu liên quan, Hán Việt",chars/66FB.json
曼,C,màn,đẹp; lớn,bộ thủ,chars/66FC.json
曽,C,céng,biến thể tiếng Nhật của 曾[ceng2],"bộ thủ, từ liên quan, câu liên quan, Hán Việt",chars/66FD.json
曾,C,céng,từng,bộ thủ,chars/66FE.json
最,C,zuì,nhất,bộ thủ,chars/6700.json
朁,C,cǎn,"nếu, giả sử, tuy nhiên","bộ thủ, từ liên quan, câu liên quan, Hán Việt",chars/6701.json
朅,C,qiè,rời bỏ; từ bỏ,"bộ thủ, từ liên quan, câu liên quan, Hán Việt",chars/6705.json
朆,C,fēn,chưa (tiếng Ngô),"bộ thủ, từ liên quan, câu liên quan, Hán Việt",chars/6706.json
朊,C,ruǎn,protein,"bộ thủ, từ liên quan, câu liên quan, Hán Việt",chars/670A.json
朋,C,péng,bạn,bộ thủ,chars/670B.json
服,C,fú,liều,bộ thủ,chars/670D.json
朏,C,fěi,(văn học) (trăng lưỡi liềm) bắt đầu tỏa sáng,"bộ thủ, từ liên quan, câu liên quan",chars/670F.json
朐,B,Qú,họ [Qu2],"câu liên quan, Hán Việt",chars/6710.json
朓,C,tiào,(văn học) hình ảnh mặt trăng ở phía tây vào cuối tháng âm lịch,"bộ thủ, từ liên quan, câu liên quan, Hán Việt",chars/6713.json
朔,B,shuò,bắt đầu; ngày đầu tiên của tháng âm lịch,câu liên quan,chars/6714.json
朕,C,zhèn,"(dùng bởi hoàng đế hoặc vua) ta; tôi; chúng ta (ngôi ""ta"" của hoàng gia); (văn học) điềm","bộ thủ, từ liên quan, câu liên quan",chars/6715.json
朘,C,juān,(văn học) giảm; (văn học) bóc lột,"bộ thủ, từ liên quan, câu liên quan, Hán Việt",chars/6718.json
朙,C,míng,biến thể cũ của 明[ming2],"bộ thủ, từ liên quan, câu liên quan, Hán Việt",chars/6719.json
望,C,wàng,"nhìn xa, nhìn về phía trước",bộ thủ,chars/671B.json
朠,C,yīng,màu của mặt trăng,"bộ thủ, từ liên quan, câu liên quan, Hán Việt",chars/6720.json
朣,C,tóng,ánh sáng từ trăng mọc,"bộ thủ, từ liên quan, câu liên quan, Hán Việt",chars/6723.json
朩,C,xx,"một trong những ký tự dùng trong kwukyel (phát âm ""pin""), một hệ thống viết cổ của Hàn Quốc","bộ thủ, từ liên quan, câu liên quan, Hán Việt",chars/6729.json
未,C,wèi,"không, chưa",bộ thủ,chars/672A.json
末,C,mò,đầu mút; kết thúc,bộ thủ,chars/672B.json
札,C,zhá,biến thể của 札[zha2],"bộ thủ, câu liên quan",chars/672D.json
朮,C,shù,biến thể của 術|术[shu4],"bộ thủ, từ liên quan, câu liên quan, Hán Việt",chars/672E.json
朰,C,xx,"một trong những ký tự được dùng trong kwukyel (phát âm ""teul""), một hệ thống chữ viết cổ của Hàn Quốc","bộ thủ, từ liên quan, câu liên quan, Hán Việt",chars/6730.json
朳,C,bā,cây,"bộ thủ, từ liên quan, câu liên quan, Hán Việt",chars/6733.json
朵,C,duǒ,bông,bộ thủ,chars/6735.json
朽,C,xiǔ,mục nát,bộ thủ,chars/673D.json
朾,C,tíng,đụng,"bộ thủ, từ liên quan, câu liên quan, Hán Việt",chars/673E.json
朿,C,cì,đâm,"bộ thủ, từ liên quan, câu liên quan, Hán Việt",chars/673F.json
杀,C,shā,giết,bộ thủ,chars/6740.json
杂,C,zá,tạp,"bộ thủ, Hán Việt",chars/6742.json
杅,C,yú,bát; chậu,"bộ thủ, từ liên quan, câu liên quan",chars/6745.json
杇,C,wū,trát vữa; quét vôi,"bộ thủ, từ liên quan, câu liên quan",chars/6747.json
杈,C,chā,chạc cây; cái chĩa,"bộ thủ, câu liên quan, Hán Việt",chars/6748.json
杉,B,shān,cây sa mộc; Cunninghamia lanceolata,"câu liên quan, Hán Việt",chars/6749.json
杌,C,wù,ghế đẩu thấp,"bộ thủ, từ liên quan, câu liên quan, Hán Việt",chars/674C.json
杏,C,xìng,mơ; hạnh nhân,"bộ thủ, câu liên quan",chars/674F.json
材,A,cái,vật liệu; gỗ,Hán Việt,chars/6750.json
杓,C,biāo,(văn học) cán thìa hoặc muôi; (văn học) tên gọi chung của ba ngôi sao tạo thành cán của chòm sao Bắc Đẩu,"bộ thủ, từ liên quan, câu liên quan, Hán Việt",chars/6753.json
杕,C,dì,cây đứng một mình,"bộ thủ, từ liên quan, câu liên quan",chars/6755.json
杗,C,máng,xà nóc trong mái nhà,"bộ thủ, từ liên quan, câu liên quan, Hán Việt",chars/6757.json
杙,C,yì,cọc buộc động vật,"bộ thủ, từ liên quan, câu liên quan, Hán Việt",chars/6759.json
杝,C,yí,(cây),"bộ thủ, từ liên quan, câu liên quan, Hán Việt",chars/675D.json
杞,B,Qǐ,"nước Qǐ, một chư hầu thời nhà Chu; họ [Qi3]","câu liên quan, Hán Việt",chars/675E.json
束,C,shù,"bó, chùm",bộ thủ,chars/675F.json
杠,C,gāng,cột cờ; cầu nhỏ,bộ thủ,chars/6760.json
来,C,lái,đến,bộ thủ,chars/6765.json
杩,B,mà,thành giường,"từ liên quan, câu liên quan, Hán Việt",chars/6769.json
杪,C,miǎo,giới hạn; ngọn cành,"bộ thủ, từ liên quan, câu liên quan, Hán Việt",chars/676A.json
杭,A,Háng,họ [Hang2]; viết tắt của Hàng Châu 杭州[Hang2zhou1],Hán Việt,chars/676D.json
杲,C,gǎo,cao; mặt trời chiếu sáng rực rỡ,"bộ thủ, từ liên quan, câu liên quan, Hán Việt",chars/6772.json
杳,C,yǎo,tối và yên tĩnh; biến mất,"bộ thủ, câu liên quan, Hán Việt",chars/6773.json
杴,C,xiān,cái xẻng; biến thể của 鍁|锨[xian1],"bộ thủ, từ liên quan, câu liên quan, Hán Việt",chars/6774.json
杵,B,chǔ,cái chày; chọc,câu liên quan,chars/6775.json
杶,C,chūn,(cây),"bộ thủ, từ liên quan, câu liên quan",chars/6776.json
杷,B,bà,"cán (của rìu,...); cái cuốc","câu liên quan, Hán Việt",chars/6777.json
杸,C,shū,giết; một cây giáo,"bộ thủ, từ liên quan, câu liên quan, Hán Việt",chars/6778.json
杻,C,chǒu,còng tay,"bộ thủ, từ liên quan, câu liên quan, Hán Việt",chars/677B.json
杼,B,zhù,thoi dệt vải,"câu liên quan, Hán Việt",chars/677C.json
杽,C,chǒu,một loại còng tay bằng gỗ,"bộ thủ, từ liên quan, câu liên quan, Hán Việt",chars/677D.json
枇,B,pí,dùng trong 枇杷[pi2 pa5],"câu liên quan, Hán Việt",chars/6787.json
枋,C,fāng,Santalum album; cột gỗ vuông,"bộ thủ, câu liên quan, Hán Việt",chars/678B.json
枌,C,fén,(cây),"bộ thủ, từ liên quan, câu liên quan, Hán Việt",chars/678C.json
析,C,xī,tách; chia,"bộ thủ, Hán Việt",chars/6790.json
枒,B,yá,cây dừa; rìa,"từ liên quan, câu liên quan, Hán Việt",chars/6792.json
枓,B,dǒu,đế vuông của cột cờ Trung Quốc,"từ liên quan, câu liên quan",chars/6793.json
枘,B,ruì,mộng; tay cầm dụng cụ,"câu liên quan, Hán Việt",chars/6798.json
枙,C,è,nút thắt cây,"bộ thủ, từ liên quan, câu liên quan, Hán Việt",chars/6799.json
果,C,guǒ,trái cây; kết quả,bộ thủ,chars/679C.json
枞,B,cōng,cây thông,"câu liên quan, Hán Việt",chars/679E.json
枟,C,yùn,vân gỗ,"bộ thủ, từ liên quan, câu liên quan, Hán Việt",chars/679F.json
枣,C,zǎo,quả chà là,"bộ thủ, câu liên quan",chars/67A3.json
枥,B,lì,loại cây sồi; chuồng ngựa,"câu liên quan, Hán Việt",chars/67A5.json
枧,B,jiǎn,ống dẫn bằng tre; chốt gỗ,"từ liên quan, câu liên quan, Hán Việt",chars/67A7.json
枨,B,chéng,cột cửa,"từ liên quan, câu liên quan",chars/67A8.json
枫,B,fēng,cây phong (chi Acer),câu liên quan,chars/67AB.json
枭,C,xiāo,cú; dũng cảm,"bộ thủ, Hán Việt",chars/67AD.json
枯,C,kū,"(thực vật) héo; (giếng, sông, v.v.) khô cạn",bộ thủ,chars/67AF.json
枰,C,píng,trò chơi giống cờ,"bộ thủ, từ liên quan, câu liên quan, Hán Việt",chars/67B0.json
枱,C,tái,biến thể cũ của 檯|台[tai2],"bộ thủ, từ liên quan, câu liên quan, Hán Việt",chars/67B1.json
枲,C,xǐ,cây gai nam,"bộ thủ, từ liên quan, câu liên quan, Hán Việt",chars/67B2.json
枳,B,zhǐ,(quả cam); gai hàng rào,"từ liên quan, câu liên quan, Hán Việt",chars/67B3.json
枴,C,guǎi,,"nghĩa, bộ thủ, từ liên quan, câu liên quan, Hán Việt",chars/67B4.json
枵,B,xiāo,(cổ) hốc cây; (văn) trống; rỗng,"từ liên quan, câu liên quan",chars/67B5.json
枷,B,jiā,gông (cái cùm gỗ dùng để giam giữ và trừng phạt tội phạm ở Trung Quốc),câu liên quan,chars/67B7.json
枸,B,gōu,cong; vẹo,câu liên quan,chars/67B8.json
枹,C,fū,cây sồi Quercus glandulifera,"bộ thủ, từ liên quan, câu liên quan, Hán Việt",chars/67B9.json
枻,C,yì,mái chèo; dụng cụ chỉnh cung,"bộ thủ, từ liên quan, câu liên quan, Hán Việt",chars/67BB.json
枼,C,yè,,"nghĩa, từ liên quan, câu liên quan, Hán Việt",chars/67BC.json
柁,B,tuó,xà chính của mái nhà,"từ liên quan, câu liên quan",chars/67C1.json
柂,C,yí,(văn học) (thực vật) (một loài đoạn có gỗ từng được dùng làm quan tài trong thời cổ đại),"bộ thủ, từ liên quan, câu liên quan, Hán Việt",chars/67C2.json
柃,B,líng,Eurya japonica,"từ liên quan, câu liên quan",chars/67C3.json
柅,C,nǐ,(cây); dừng lại,"bộ thủ, từ liên quan, câu liên quan, Hán Việt",chars/67C5.json
柈,C,pán,cái đĩa,"bộ thủ, từ liên quan, câu liên quan, Hán Việt",chars/67C8.json
柊,C,zhōng,dùng trong 柊葉|柊叶[zhong1 ye4],"bộ thủ, từ liên quan, câu liên quan",chars/67CA.json
柎,C,fū,đài hoa,"bộ thủ, từ liên quan, câu liên quan, Hán Việt",chars/67CE.json
柑,C,gān,quýt lớn,"bộ thủ, câu liên quan",chars/67D1.json
柒,C,qī,số bảy (chữ số phòng chống gian lận của ngân hàng),"bộ thủ, từ liên quan, câu liên quan, Hán Việt",chars/67D2.json
染,C,rǎn,nhuộm,bộ thủ,chars/67D3.json
柔,C,róu,mềm; dẻo dai,bộ thủ,chars/67D4.json
柘,B,zhè,một loại cây có gai; mía,"câu liên quan, Hán Việt",chars/67D8.json
柙,B,xiá,lồng; chuồng,"từ liên quan, câu liên quan, Hán Việt",chars/67D9.json
柚,B,yòu,bưởi (Citrus maxima hoặc C. grandis); bưởi chùm,câu liên quan,chars/67DA.json
柜,A,guì,biến thể của 櫃|柜[gui4],Hán Việt,chars/67DC.json
柝,C,tuò,cái lúc lắc của người gác cổng,"bộ thủ, từ liên quan, câu liên quan, Hán Việt",chars/67DD.json
柞,B,zuò,cây sồi; Quercus serrata,"câu liên quan, Hán Việt",chars/67DE.json
柠,A,níng,quả chanh,Hán Việt,chars/67E0.json
柢,B,dǐ,nền tảng; gốc rễ,"câu liên quan, Hán Việt",chars/67E2.json
柣,C,zhí,ngưỡng cửa,"bộ thủ, từ liên quan, câu liên quan, Hán Việt",chars/67E3.json
柤,C,zhā,(cây sơn trà); Chaenomeles japonica,"bộ thủ, từ liên quan, câu liên quan, Hán Việt",chars/67E4.json
柦,C,dàn,một loại bàn gỗ không có chân,"bộ thủ, từ liên quan, câu liên quan, Hán Việt",chars/67E6.json
柩,C,jiù,quan tài khiêng,"bộ thủ, câu liên quan",chars/67E9.json
柬,C,Jiǎn,"viết tắt của 柬埔寨[Jian3 pu3 zhai4], Campuchia","bộ thủ, Hán Việt",chars/67EC.json
柮,C,duò,mảnh gỗ vụn,"bộ thủ, từ liên quan, câu liên quan, Hán Việt",chars/67EE.json
柯,B,Kē,họ [Ke1],"câu liên quan, Hán Việt",chars/67EF.json
柰,B,nài,cây táo dại lá lê Trung Quốc,"từ liên quan, câu liên quan, Hán Việt",chars/67F0.json
柲,C,bì,chuôi vũ khí bằng nan tre,"bộ thủ, từ liên quan, câu liên quan, Hán Việt",chars/67F2.json
柶,C,sì,muỗng; cái vá,"bộ thủ, từ liên quan, câu liên quan, Hán Việt",chars/67F6.json
柷,C,zhù,"nhạc cụ gõ, một hộp gỗ thon được đánh bên trong bằng một que gỗ","bộ thủ, từ liên quan, câu liên quan, Hán Việt",chars/67F7.json
柸,C,pēi,ghét; mang mối hằn thù,"bộ thủ, từ liên quan, câu liên quan, Hán Việt",chars/67F8.json
柺,C,guǎi,,"nghĩa, bộ thủ, từ liên quan, câu liên quan, Hán Việt",chars/67FA.json
査,C,chá,biến thể tiếng Nhật của 查,"bộ thủ, từ liên quan, câu liên quan, Hán Việt",chars/67FB.json
柽,B,chēng,cây dương,"từ liên quan, câu liên quan, Hán Việt",chars/67FD.json
栀,B,zhī,dành dành; hoa dành dành (Gardenia jasminoides),"câu liên quan, Hán Việt",chars/6800.json
栃,C,lì,"biến thể cổ của 櫪|枥, cây sồi; một loại cây trong sách cổ","bộ thủ, từ liên quan, câu liên quan, Hán Việt",chars/6803.json
栄,C,róng,biến thể Nhật Bản của 榮|荣[rong2],"bộ thủ, từ liên quan, câu liên quan, Hán Việt",chars/6804.json
栅,C,zhà,hàng rào; cũng đọc là [shan1],"bộ thủ, câu liên quan, Hán Việt",chars/6805.json
栈,B,zhàn,bẹ gỗ hoặc tre cho cừu hoặc gia súc; khung chống bằng gỗ hoặc tre,câu liên quan,chars/6808.json
栉,C,zhì,cái lược; chải,"bộ thủ, câu liên quan, Hán Việt",chars/6809.json
栊,B,lóng,(văn học) cửa sổ; (văn học) lồng cho động vật,"từ liên quan, câu liên quan",chars/680A.json
栌,B,lú,đầu cột; cây khói,"từ liên quan, câu liên quan, Hán Việt",chars/680C.json
栎,B,lì,cây sồi; Quercus serrata,câu liên quan,chars/680E.json
栒,C,xún,thanh ngang,"bộ thủ, từ liên quan, câu liên quan, Hán Việt",chars/6812.json
栔,C,qì,chạm khắc; cắt,"bộ thủ, từ liên quan, câu liên quan, Hán Việt",chars/6814.json
栗,C,lì,(văn học) lạnh lẽo; rét mướt; (dạng kết hợp) run sợ,bộ thủ,chars/6817.json
栘,C,yí,cây shadbush hoặc shadberry (chi Amelanchier); tên gọi của chuồng ngựa thời nhà Hán,"bộ thủ, từ liên quan, câu liên quan",chars/6818.json
栝,B,guā,cây bách xù Trung Hoa (Juniperus chinensis); khung đo lường,"từ liên quan, câu liên quan, Hán Việt",chars/681D.json
栟,C,bīng,Trachycarpus excelsa,"bộ thủ, từ liên quan, câu liên quan, Hán Việt",chars/681F.json
栩,A,xǔ,dùng trong 栩栩[xu3 xu3]; cây sồi jolcham (Quercus serrata),Hán Việt,chars/6829.json
栫,C,jiàn,hàng rào; hàng cọc,"bộ thủ, từ liên quan, câu liên quan, Hán Việt",chars/682B.json
栭,C,ér,nấm cây,"bộ thủ, từ liên quan, câu liên quan, Hán Việt",chars/682D.json
栱,B,gǒng,cột,"từ liên quan, câu liên quan, Hán Việt",chars/6831.json
栲,B,kǎo,"cây dẻ gai (Castanopsis fargesii và các loài khác), chi cây thường xanh","từ liên quan, câu liên quan, Hán Việt",chars/6832.json
栳,B,lǎo,cái giỏ,"từ liên quan, câu liên quan, Hán Việt",chars/6833.json
栴,B,zhān,dùng trong 栴檀[zhan1 tan2],"từ liên quan, câu liên quan, Hán Việt",chars/6834.json
栵,C,lì,hàng rào,"bộ thủ, từ liên quan, câu liên quan, Hán Việt",chars/6835.json
栻,C,shì,(cây),"bộ thủ, từ liên quan, câu liên quan, Hán Việt",chars/683B.json
栽,A,zāi,"trồng (cây), cắm (măng); ngã, vấp ngã; đổ lỗi",Hán Việt,chars/683D.json
栾,B,Luán,họ [Luan2],"câu liên quan, Hán Việt",chars/683E.json
桀,B,jié,(hoàng đế triều Hạ); tàn nhẫn,câu liên quan,chars/6840.json
桁,B,háng,gông cùm (dụng cụ trừng phạt tội phạm),câu liên quan,chars/6841.json
桄,B,guāng,dùng trong 桄榔[guang1 lang2],câu liên quan,chars/6844.json
桅,B,wéi,cột buồm,"câu liên quan, Hán Việt",chars/6845.json
框,A,kuàng,khung,Hán Việt,chars/6846.json
桉,B,ān,cây bạch đàn; Eucalyptus globulus,"câu liên quan, Hán Việt",chars/6849.json
桊,C,juàn,,"nghĩa, từ liên quan, câu liên quan, Hán Việt",chars/684A.json
桋,C,yí,(cây),"bộ thủ, từ liên quan, câu liên quan, Hán Việt",chars/684B.json
桌,A,zhuō,bàn; bàn làm việc,Hán Việt,chars/684C.json
桎,B,zhì,xiềng xích,câu liên quan,chars/684E.json
桐,B,tóng,"tên cây (có thể là cây Paulownia, Firmiana hoặc Aleurites)","câu liên quan, Hán Việt",chars/6850.json
桑,C,Sāng,họ [Sang1],bộ thủ,chars/6851.json
桓,B,Huán,họ [Huan2],"câu liên quan, Hán Việt",chars/6853.json
桔,B,jié,Platycodon grandiflorus; cái xô nước,"câu liên quan, Hán Việt",chars/6854.json
桕,B,jiù,cây dầu trơn; Sapium sebiferum,"câu liên quan, Hán Việt",chars/6855.json
桚,C,zǎn,biến thể cũ của 拶[zan3],"bộ thủ, từ liên quan, câu liên quan, Hán Việt",chars/685A.json
桜,C,yīng,biến thể Nhật Bản của 櫻|樱[ying1],"bộ thủ, từ liên quan, câu liên quan, Hán Việt",chars/685C.json
桟,C,zhàn,biến thể tiếng Nhật của 棧|栈[zhan4],"bộ thủ, từ liên quan, câu liên quan, Hán Việt",chars/685F.json
桠,B,yā,nhánh cây chia đôi,"câu liên quan, Hán Việt",chars/6860.json
桡,B,ráo,xương quay (giải phẫu); xương cẳng tay,"câu liên quan, Hán Việt",chars/6861.json
桢,B,zhēn,cây bụi thường xanh,câu liên quan,chars/6862.json
档,A,dàng,"cấp, bậc, hạng",Hán Việt,chars/6863.json
桤,B,qī,cây tống quán sủ,"câu liên quan, Hán Việt",chars/6864.json
桦,B,huà,(thực vật) cây bạch dương (chi Betula),"câu liên quan, Hán Việt",chars/6866.json
桧,B,guì,dùng trong 秦檜|秦桧[Qin2 Hui4]; Tiếng Đài Loan đọc là [Kuai4],câu liên quan,chars/6867.json
桨,A,jiǎng,mái chèo; tay chèo; LT:隻|只[zhi1],Hán Việt,chars/6868.json
桫,B,suō,cây dẻ ngựa; Stewartia pseudocamellia (thực vật),"câu liên quan, Hán Việt",chars/686B.json
桭,C,zhēn,mái hiên; khoảng cách giữa hai cột,"bộ thủ, từ liên quan, câu liên quan, Hán Việt",chars/686D.json
桯,C,tīng,kệ đầu giường,"bộ thủ, từ liên quan, câu liên quan, Hán Việt",chars/686F.json
桲,B,bó,cái đập lúa,"từ liên quan, câu liên quan",chars/6872.json
桴,B,fú,dầm nhà; xà nhà,"câu liên quan, Hán Việt",chars/6874.json
桷,B,jué,kèo nhà; malus toringo,"từ liên quan, câu liên quan",chars/6877.json
桹,C,láng,(cây cọ),"bộ thủ, từ liên quan, câu liên quan, Hán Việt",chars/6879.json
桼,C,qī,,"nghĩa, bộ thủ, từ liên quan, câu liên quan, Hán Việt",chars/687C.json
梁,C,Liáng,Triều đại Liang (502-557); Hậu Lương (907-923),bộ thủ,chars/6881.json
梃,B,tǐng,một cái gậy (vũ khí),"từ liên quan, câu liên quan, Hán Việt",chars/6883.json
梅,B,Méi,họ [Mei2],câu liên quan,chars/6885.json
梆,B,bāng,cái mõ của người gác,câu liên quan,chars/6886.json
梊,C,dì,vắt ra; chiết xuất,"bộ thủ, từ liên quan, câu liên quan, Hán Việt",chars/688A.json
梍,C,zào,táo mật Trung Quốc (Gleditsia sinensis); nay viết là zào jiá 皂莢|皂荚,"bộ thủ, từ liên quan, câu liên quan, Hán Việt",chars/688D.json
梏,B,gù,niềng (y học); xiềng xích,câu liên quan,chars/688F.json
梐,C,bì,hàng rào gỗ,"bộ thủ, từ liên quan, câu liên quan",chars/6890.json
梓,B,zǐ,cây Catalpa kaempferi; ván khắc in,"câu liên quan, Hán Việt",chars/6893.json
梗,B,gěng,nhánh; thân,"câu liên quan, Hán Việt",chars/6897.json
梠,C,lǚ,xà nhà ở mái hiên,"bộ thủ, từ liên quan, câu liên quan, Hán Việt",chars/68A0.json
梡,C,kuǎn,(cây); dựng để hiến tế,"bộ thủ, từ liên quan, câu liên quan, Hán Việt",chars/68A1.json
梢,A,shāo,ngọn cây,Hán Việt,chars/68A2.json
梣,B,chén,cây tần bì Trung Quốc (Fraxinus chinensis),"từ liên quan, câu liên quan",chars/68A3.json
梥,C,sōng,biến thể cũ của 松[song1],"bộ thủ, từ liên quan, câu liên quan, Hán Việt",chars/68A5.json
梦,A,mèng,giấc mơ,Hán Việt,chars/68A6.json
梧,B,wú,cây ngô đồng (Sterculia platanifolia),"câu liên quan, Hán Việt",chars/68A7.json
梩,C,lí,giỏ để xúc đất; cái xẻng,"bộ thủ, từ liên quan, câu liên quan",chars/68A9.json
梭,B,suō,(dệt) thoi,câu liên quan,chars/68AD.json
梯,A,tī,thang; bậc thang,Hán Việt,chars/68AF.json
梱,C,kǔn,ngưỡng cửa di động,"bộ thủ, từ liên quan, câu liên quan, Hán Việt",chars/68B1.json
梲,C,zhuó,cây gậy (vũ khí); cột nhỏ,"bộ thủ, từ liên quan, câu liên quan, Hán Việt",chars/68B2.json
梴,C,chān,chiều dài (của cây hoặc xà); dài,"bộ thủ, từ liên quan, câu liên quan, Hán Việt",chars/68B4.json
梵,C,Fàn,viết tắt của 梵教[Fan4 jiao4] Bà La Môn giáo; viết tắt của tiếng Phạn 梵語|梵语[Fan4 yu3] hoặc 梵文[Fan4 wen2],"bộ thủ, câu liên quan, Hán Việt",chars/68B5.json
梸,C,lí,biến thể cũ của 梨[li2],"bộ thủ, từ liên quan, câu liên quan, Hán Việt",chars/68B8.json
梹,C,bīng,biến thể của 檳|槟[bing1],"bộ thủ, từ liên quan, câu liên quan",chars/68B9.json
梼,B,táo,người đần; đồ ngốc,"từ liên quan, câu liên quan, Hán Việt",chars/68BC.json
梾,B,lái,dùng trong 棶木|梾木[lai2 mu4],"từ liên quan, câu liên quan, Hán Việt",chars/68BE.json
梿,B,lián,"xem 槤枷|梿枷[lian2 jia1], dụng cụ đập lúa; đập lúa (bằng dụng cụ đập lúa)","từ liên quan, câu liên quan, Hán Việt",chars/68BF.json
棁,C,zhuō,gậy (gỗ); xà nhà,"bộ thủ, từ liên quan, câu liên quan, Hán Việt",chars/68C1.json
棂,B,líng,(dạng kết hợp) khung cửa sổ; cửa sổ mắt cáo,câu liên quan,chars/68C2.json
棃,C,lí,"biến thể của 梨[li2], quả lê","bộ thủ, từ liên quan, câu liên quan, Hán Việt",chars/68C3.json
棉,C,mián,bông,"bộ thủ, Hán Việt",chars/68C9.json
棐,C,fěi,Torreya nucifera; tăng cường,"bộ thủ, từ liên quan, câu liên quan, Hán Việt",chars/68D0.json
棑,C,pái,bè; khiên,"bộ thủ, từ liên quan, câu liên quan, Hán Việt",chars/68D1.json
棕,A,zōng,"màu nâu, cây cọ",Hán Việt,chars/68D5.json
棘,C,jí,gai,bộ thủ,chars/68D8.json
棚,A,péng,nhà kho; mái che,Hán Việt,chars/68DA.json
棜,C,yù,mâm đựng thịt cúng tế,"bộ thủ, từ liên quan, câu liên quan, Hán Việt",chars/68DC.json
棠,A,táng,táo anh đào,Hán Việt,chars/68E0.json
棣,B,dì,Kerria japonica,"câu liên quan, Hán Việt",chars/68E3.json
棤,C,cuò,vỏ cây thô ráp,"bộ thủ, từ liên quan, câu liên quan, Hán Việt",chars/68E4.json
棥,C,fán,,"nghĩa, bộ thủ, từ liên quan, câu liên quan, Hán Việt",chars/68E5.json
棨,C,qǐ,thẻ bài thông hành qua ải,"bộ thủ, từ liên quan, câu liên quan, Hán Việt",chars/68E8.json
棩,C,yuān,cây cong,"bộ thủ, từ liên quan, câu liên quan, Hán Việt",chars/68E9.json
棪,C,yǎn,(cây),"bộ thủ, từ liên quan, câu liên quan, Hán Việt",chars/68EA.json
棫,C,yù,(cây sồi); bụi gai,"bộ thủ, từ liên quan, câu liên quan, Hán Việt",chars/68EB.json
棬,C,quān,cái bát,"bộ thủ, từ liên quan, câu liên quan, Hán Việt",chars/68EC.json
棯,C,rěn,cây táo tàu,"bộ thủ, từ liên quan, câu liên quan",chars/68EF.json
棰,B,chuí,đánh bằng roi; cây roi,"từ liên quan, câu liên quan, Hán Việt",chars/68F0.json
棳,C,zhuó,"cột nhỏ đỡ mái, nằm trên xà chính","bộ thủ, từ liên quan, câu liên quan, Hán Việt",chars/68F3.json
棸,C,Zōu,họ [Zou1],"bộ thủ, từ liên quan, câu liên quan, Hán Việt",chars/68F8.json
棹,B,zhuō,biến thể của 桌[zhuo1],"từ liên quan, câu liên quan",chars/68F9.json
棻,B,fēn,gỗ thơm; nước hoa,"từ liên quan, câu liên quan, Hán Việt",chars/68FB.json
棼,C,fén,xà nhà; bối rối,"bộ thủ, từ liên quan, câu liên quan, Hán Việt",chars/68FC.json
椁,B,guǒ,quan tài ngoài,câu liên quan,chars/6901.json
椄,C,jiē,ghép cành,"bộ thủ, từ liên quan, câu liên quan, Hán Việt",chars/6904.json
椅,A,yǐ,ghế,Hán Việt,chars/6905.json
椆,B,chóu,loài cây chịu được thời tiết lạnh,"từ liên quan, câu liên quan, Hán Việt",chars/6906.json
椈,C,jú,Fagus sylvatica,"bộ thủ, từ liên quan, câu liên quan, Hán Việt",chars/6908.json
椊,C,zuó,lắp cán vào đế; một cái nút hoặc nút bần,"bộ thủ, từ liên quan, câu liên quan",chars/690A.json
椋,B,liáng,dùng trong 椋鳥|椋鸟[liang2 niao3],"câu liên quan, Hán Việt",chars/690B.json
椌,C,qiāng,(nhạc cụ bằng gỗ),"bộ thủ, từ liên quan, câu liên quan, Hán Việt",chars/690C.json
椐,B,jū,Zelkova acuminata,"từ liên quan, câu liên quan, Hán Việt",chars/6910.json
椑,C,bēi,Fagus sylvatica,"bộ thủ, từ liên quan, câu liên quan, Hán Việt",chars/6911.json
椓,C,zhuó,đánh,"bộ thủ, từ liên quan, câu liên quan, Hán Việt",chars/6913.json
検,C,jiǎn,biến thể tiếng Nhật của 檢|检,"bộ thủ, từ liên quan, câu liên quan, Hán Việt",chars/691C.json
椝,C,guī,biến thể giản thể không chuẩn của 槼|规[gui1],"bộ thủ, từ liên quan, câu liên quan, Hán Việt",chars/691D.json
椟,B,dú,tủ; hộp,"câu liên quan, Hán Việt",chars/691F.json
椠,B,qiàn,thẻ gỗ; phiên bản,"từ liên quan, câu liên quan, Hán Việt",chars/6920.json
椤,B,luó,xem 桫欏|桫椤[suo1 luo2],"câu liên quan, Hán Việt",chars/6924.json
椥,B,zhī,dùng trong 檳椥|槟椥[Bin1 zhi1],"từ liên quan, câu liên quan",chars/6925.json
椪,B,pèng,dùng trong 椪柑[peng4 gan1],"từ liên quan, câu liên quan, Hán Việt",chars/692A.json
椫,C,zhǎn,(gỗ),"bộ thủ, từ liên quan, câu liên quan, Hán Việt",chars/692B.json
椭,A,tuǒ,hình ellipse,Hán Việt,chars/692D.json
椮,C,sēn,cây cối tươi tốt (rậm rạp); đánh cá bằng cách dùng bó gỗ (cổ đại),"bộ thủ, từ liên quan, câu liên quan, Hán Việt",chars/692E.json
椳,C,wēi,"trụ xoay, ở trên và dưới của cửa Trung Quốc, nơi cánh cửa xoay","bộ thủ, từ liên quan, câu liên quan",chars/6933.json
椴,B,duàn,cây đoạn (Tilia chinensis),"từ liên quan, câu liên quan, Hán Việt",chars/6934.json
椵,C,jiǎ,(quả bưởi),"bộ thủ, từ liên quan, câu liên quan, Hán Việt",chars/6935.json
椸,C,yí,giá phơi quần áo,"bộ thủ, từ liên quan, câu liên quan, Hán Việt",chars/6938.json
椹,B,shèn,biến thể của 葚[shen4],"từ liên quan, câu liên quan, Hán Việt",chars/6939.json
椽,B,chuán,xà; rầm,"câu liên quan, Hán Việt",chars/693D.json
椿,B,chūn,cây thốn (Toona sinensis); cây Ailanthus altissima,"câu liên quan, Hán Việt",chars/693F.json
楀,C,Yǔ,họ [Yu3],"bộ thủ, từ liên quan, câu liên quan, Hán Việt",chars/6940.json
楂,B,chá,đốn cây; tạo bè,"câu liên quan, Hán Việt",chars/6942.json
楅,C,bì,cái ách đặt trên sừng bò,"bộ thủ, từ liên quan, câu liên quan, Hán Việt",chars/6945.json
楋,C,là,trồng cây (cũ),"bộ thủ, từ liên quan, câu liên quan, Hán Việt",chars/694B.json
楍,C,běn,biến thể cũ của 本[ben3],"bộ thủ, từ liên quan, câu liên quan, Hán Việt",chars/694D.json
楎,C,hún,giá phơi quần áo,"bộ thủ, từ liên quan, câu liên quan, Hán Việt",chars/694E.json
楔,B,xiē,nêm; đóng vào (biến thể của 揳[xie1]),"câu liên quan, Hán Việt",chars/6954.json
楗,B,jiàn,"vật liệu (như đá, đất, tre, v.v.) dùng để sửa chữa khẩn cấp đê điều; (văn học) thanh chắn cửa (thanh dọc dùng để ngăn chuyển động ngang của chốt cửa)","từ liên quan, câu liên quan, Hán Việt",chars/6957.json
楘,C,mù,trang trí trên trục xe,"bộ thủ, từ liên quan, câu liên quan, Hán Việt",chars/6958.json
楙,B,mào,Cydonia japonica,"từ liên quan, câu liên quan, Hán Việt",chars/6959.json
楚,C,Chǔ,họ [Chu3]; viết tắt của hai tỉnh Hồ Bắc 湖北省[Hu2bei3 Sheng3] và Hồ Nam 湖南省[Hu2nan2 Sheng3],bộ thủ,chars/695A.json
楛,C,hù,(cây),"bộ thủ, từ liên quan, câu liên quan",chars/695B.json
楝,B,liàn,cây xoan,"câu liên quan, Hán Việt",chars/695D.json
楞,B,léng,"biến thể của 稜|棱[leng2], góc; xà vuông","câu liên quan, Hán Việt",chars/695E.json
楟,C,tíng,cây,"bộ thủ, từ liên quan, câu liên quan, Hán Việt",chars/695F.json
楠,B,nán,biến thể của 楠[nan2],câu liên quan,chars/6960.json
楢,C,yóu,Quercus glandulifera,"bộ thủ, từ liên quan, câu liên quan",chars/6962.json
楣,B,méi,lanh tô; xà ngang,câu liên quan,chars/6963.json
楦,B,xuàn,phôi giày (bằng gỗ); biến thể của 楦[xuan4],"câu liên quan, Hán Việt",chars/6966.json
楩,C,pián,(cây),"bộ thủ, từ liên quan, câu liên quan, Hán Việt",chars/6969.json
楪,C,dié,đĩa nhỏ; cửa sổ,"bộ thủ, từ liên quan, câu liên quan, Hán Việt",chars/696A.json
楫,B,jí,mái chèo (cổ),"từ liên quan, câu liên quan, Hán Việt",chars/696B.json
楬,C,jié,cái chốt; thẻ,"bộ thủ, từ liên quan, câu liên quan, Hán Việt",chars/696C.json
楮,B,chǔ,Broussonetia kasinoki,"từ liên quan, câu liên quan",chars/696E.json
楯,C,shǔn,rút ra; lang can ngang,"bộ thủ, từ liên quan, câu liên quan, Hán Việt",chars/696F.json
楰,C,yú,(cây),"bộ thủ, từ liên quan, câu liên quan, Hán Việt",chars/6970.json
楷,C,jiē,cây di túc bì (Pistacia chinensis),"bộ thủ, Hán Việt",chars/6977.json
楸,B,qiū,cây chiêu liêu (Catalpa); Mallotus japonicus,"câu liên quan, Hán Việt",chars/6978.json
楹,B,yíng,cột trụ,"câu liên quan, Hán Việt",chars/6979.json
楻,C,huáng,biến thể của 艎[huang2],"bộ thủ, từ liên quan, câu liên quan, Hán Việt",chars/697B.json
楽,C,lè,biến thể tiếng Nhật của 樂|乐[le4],"bộ thủ, từ liên quan, câu liên quan, Hán Việt",chars/697D.json
榀,B,pǐn,lượng từ cho xà nhà và vì kèo,"từ liên quan, câu liên quan, Hán Việt",chars/6980.json
概,A,gài,chung; ước chừng,Hán Việt,chars/6982.json
榃,C,tán,lối đi nâng giữa các cánh đồng,"bộ thủ, từ liên quan, câu liên quan, Hán Việt",chars/6983.json
榄,A,lǎn,quả ô liu,Hán Việt,chars/6984.json
榅,B,wēn,xem 榲桲|榅桲[wen1 po5],"từ liên quan, câu liên quan, Hán Việt",chars/6985.json
榆,B,yú,cây du,"câu liên quan, Hán Việt",chars/6986.json
榇,B,chèn,cây trôm mỡ; quan tài,"từ liên quan, câu liên quan, Hán Việt",chars/6987.json
榈,A,lǘ,cây cọ,Hán Việt,chars/6988.json
榉,B,jǔ,cây dẻ gai Zeikowa acuminata,"câu liên quan, Hán Việt",chars/6989.json
榊,C,shén,"(chữ quốc tự Nhật Bản) cây sakaki (Cleyera japonica), cây thường xanh dùng trong Thần đạo để trang trí không gian linh thiêng","bộ thủ, từ liên quan, câu liên quan, Hán Việt",chars/698A.json
榎,C,jiǎ,(cây bụi thường xanh); Celtis sinensis,"bộ thủ, từ liên quan, câu liên quan, Hán Việt",chars/698E.json
榔,B,láng,cây cao (cổ),câu liên quan,chars/6994.json
榕,B,róng,"Rong, tên khác của Phúc Châu 福州[Fu2 zhou1]","câu liên quan, Hán Việt",chars/6995.json
榖,C,gǔ,cây dướng,"bộ thủ, từ liên quan, câu liên quan",chars/6996.json
榛,B,zhēn,(dạng kết hợp) cây phỉ (Corylus heterophylla),"câu liên quan, Hán Việt",chars/699B.json
榜,C,bǎng,thông báo hoặc thông tri; danh sách tên,bộ thủ,chars/699C.json
榠,C,míng,mộc qua Trung Quốc,"bộ thủ, từ liên quan, câu liên quan, Hán Việt",chars/69A0.json
榡,C,sù,sồi răng ngựa (Quercus dentata),"bộ thủ, từ liên quan, câu liên quan",chars/69A1.json
榤,C,jié,gốc cây nơi gà đậu ngủ,"bộ thủ, từ liên quan, câu liên quan, Hán Việt",chars/69A4.json
榥,C,huǎng,bình phong,"bộ thủ, từ liên quan, câu liên quan, Hán Việt",chars/69A5.json
榦,C,gàn,thân cây,"bộ thủ, từ liên quan, câu liên quan, Hán Việt",chars/69A6.json
榧,B,fěi,cây thông đỏ Torreya nucifera,"từ liên quan, câu liên quan, Hán Việt",chars/69A7.json
榨,A,zhà,vắt,Hán Việt,chars/69A8.json
榫,B,sǔn,(thủ công mộc) mộng,"câu liên quan, Hán Việt",chars/69AB.json
榭,B,xiè,đình,"câu liên quan, Hán Việt",chars/69AD.json
榰,C,zhī,đáy cột; chống đỡ,"bộ thủ, từ liên quan, câu liên quan, Hán Việt",chars/69B0.json
榱,B,cuī,xà nhà (cổ điển),"từ liên quan, câu liên quan",chars/69B1.json
榴,B,liú,lựu,câu liên quan,chars/69B4.json
榷,B,què,"cầu nhỏ; thuế, phí","câu liên quan, Hán Việt",chars/69B7.json
榻,C,tà,cái giường hẹp mà dài,"bộ thủ, câu liên quan, Hán Việt",chars/69BB.json
榼,C,kè,Pusaetha scandens,"bộ thủ, từ liên quan, câu liên quan, Hán Việt",chars/69BC.json
榾,C,gǔ,mẩu gỗ,"bộ thủ, từ liên quan, câu liên quan",chars/69BE.json
槁,B,gǎo,biến thể của 槁[gao3]; khô héo,câu liên quan,chars/69C1.json
槃,B,pán,biến thể của 盤|盘; khay gỗ,từ liên quan,chars/69C3.json
槊,B,shuò,giáo dài,"từ liên quan, câu liên quan",chars/69CA.json
槌,B,chuí,vồ; chày,câu liên quan,chars/69CC.json
槎,B,chá,bè làm bằng tre hoặc gỗ; chặt cây,"từ liên quan, câu liên quan",chars/69CE.json
槔,B,gāo,ròng rọc nước,"từ liên quan, câu liên quan",chars/69D4.json
槖,C,tuó,biến thể của 橐[tuo2],"bộ thủ, từ liên quan, câu liên quan, Hán Việt",chars/69D6.json
様,C,yàng,biến thể chữ Nhật của 樣|样,"bộ thủ, từ liên quan, câu liên quan, Hán Việt",chars/69D8.json
槚,C,jiǎ,"cây nàng nàng, một chi cây rụng lá phần lớn; cách gọi cũ của Camellia sinensis, cây chè 茶","bộ thủ, từ liên quan, câu liên quan, Hán Việt",chars/69DA.json
槛,A,jiàn,lan can; tay vịn,Hán Việt,chars/69DB.json
槜,B,zuì,xem 槜李[zui4 li3]; xem 槜李[Zui4 li3],"từ liên quan, câu liên quan, Hán Việt",chars/69DC.json
槟,B,bīng,cây cau (Areca catechu); hạt cau,"câu liên quan, Hán Việt",chars/69DF.json
槠,B,zhū,cây sồi Quercus glanca,"từ liên quan, câu liên quan, Hán Việt",chars/69E0.json
槢,C,xí,một loại gỗ cứng,"bộ thủ, từ liên quan, câu liên quan, Hán Việt",chars/69E2.json
槥,C,huì,quan tài,"bộ thủ, từ liên quan, câu liên quan, Hán Việt",chars/69E5.json
槪,C,gài,biến thể của 概[gai4],"bộ thủ, từ liên quan, câu liên quan, Hán Việt",chars/69EA.json
槭,B,qì,cây phong; cũng đọc là [zu2],"câu liên quan, Hán Việt",chars/69ED.json
槱,C,yǒu,lửa trại nghi lễ,"bộ thủ, từ liên quan, câu liên quan, Hán Việt",chars/69F1.json
槲,B,hú,cây sồi Mông Cổ (Quercus dentata); xem thêm 槲樹|槲树[hu2 shu4],"câu liên quan, Hán Việt",chars/69F2.json
槵,C,huàn,cây bồ hòn (bộ Bồ hòn),"bộ thủ, từ liên quan, câu liên quan, Hán Việt",chars/69F5.json
槹,C,gāo,biến thể của 槔[gao1],"bộ thủ, từ liên quan, câu liên quan, Hán Việt",chars/69F9.json
槺,B,kāng,khoảng trống bên trong tòa nhà,"từ liên quan, câu liên quan, Hán Việt",chars/69FA.json
槻,C,guī,cây zelkova,"bộ thủ, từ liên quan, câu liên quan, Hán Việt",chars/69FB.json
槾,C,mán,(cây),"bộ thủ, từ liên quan, câu liên quan",chars/69FE.json
槿,B,jǐn,Hibiscus syriacus; phù du,"từ liên quan, câu liên quan, Hán Việt",chars/69FF.json
樆,B,chī,cây manjack hay cordia (chi Cordia),"từ liên quan, câu liên quan, Hán Việt",chars/6A06.json
樊,B,Fán,họ [Fan2],câu liên quan,chars/6A0A.json
樎,C,sù,máng ăn,"bộ thủ, từ liên quan, câu liên quan, Hán Việt",chars/6A0E.json
樏,C,lěi,(cổ) kiệu đơn giản để đi du lịch trong núi; (cổ) mâm có ngăn để thức ăn (cũng đọc là [lei3]),"bộ thủ, từ liên quan, câu liên quan, Hán Việt",chars/6A0F.json
樕,C,sù,cây bụi,"bộ thủ, từ liên quan, câu liên quan, Hán Việt",chars/6A15.json
樗,B,chū,họ cây nhuộm,"từ liên quan, câu liên quan",chars/6A17.json
樘,B,chěng,một cây cột,"từ liên quan, câu liên quan, Hán Việt",chars/6A18.json
樛,C,Jiū,họ [Jiu1],"bộ thủ, từ liên quan, câu liên quan, Hán Việt",chars/6A1B.json
樟,A,zhāng,long não; Cinnamomum camphora,Hán Việt,chars/6A1F.json
樠,C,mén,cây du; cây gum,"bộ thủ, từ liên quan, câu liên quan, Hán Việt",chars/6A20.json
樧,C,shā,Zanthoxylum ailanthoides,"bộ thủ, từ liên quan, câu liên quan, Hán Việt",chars/6A27.json
樨,B,xī,Osmanthus fragrans,"từ liên quan, câu liên quan, Hán Việt",chars/6A28.json
権,C,quán,biến thể cũ của 權|权[quan2],"bộ thủ, từ liên quan, câu liên quan, Hán Việt",chars/6A29.json
樯,B,qiáng,cột buồm; cột,"từ liên quan, câu liên quan, Hán Việt",chars/6A2F.json
樱,A,yīng,cây anh đào,Hán Việt,chars/6A31.json
樲,C,èr,một loại táo chua,"bộ thủ, từ liên quan, câu liên quan, Hán Việt",chars/6A32.json
樴,C,zhí,cọc; gậy,"bộ thủ, từ liên quan, câu liên quan, Hán Việt",chars/6A34.json
樵,C,qiáo,củi; thu lượm củi,"bộ thủ, câu liên quan, Hán Việt",chars/6A35.json
樶,C,zuī,nhánh cây; một loại xe trượt dùng để qua khu vực bùn lầy (xưa),"bộ thủ, từ liên quan, câu liên quan",chars/6A36.json
樻,C,guì,biến thể cũ của 櫃|柜[gui4],"bộ thủ, từ liên quan, câu liên quan, Hán Việt",chars/6A3B.json
樽,C,zūn,ly; chai,"bộ thủ, câu liên quan, Hán Việt",chars/6A3D.json
樾,B,yuè,bóng râm của cây cối,"từ liên quan, câu liên quan",chars/6A3E.json
橁,C,xún,Fraxinus bungeana,"bộ thủ, từ liên quan, câu liên quan, Hán Việt",chars/6A41.json
橃,C,fá,thuyền lớn; biến thể cũ của 筏[fa2],"bộ thủ, từ liên quan, câu liên quan, Hán Việt",chars/6A43.json
橄,A,gǎn,quả oliu,Hán Việt,chars/6A44.json
橆,C,wǔ,biến thể của 無|无[wu2],"bộ thủ, từ liên quan, câu liên quan, Hán Việt",chars/6A46.json
橇,B,qiāo,xe trượt tuyết; xe kéo tuyết,"câu liên quan, Hán Việt",chars/6A47.json
橊,C,liú,biến thể cũ của 榴[liu2],"bộ thủ, từ liên quan, câu liên quan",chars/6A4A.json
橎,C,fǎn,một loại cây,"bộ thủ, từ liên quan, câu liên quan, Hán Việt",chars/6A4E.json
橐,C,tuó,bao; ống mở hai đầu,"bộ thủ, câu liên quan, Hán Việt",chars/6A50.json
橕,C,chēng,cột chống; chống đỡ,"bộ thủ, từ liên quan, câu liên quan, Hán Việt",chars/6A55.json
橚,C,sù,cao và thẳng (cây cối),"bộ thủ, từ liên quan, câu liên quan, Hán Việt",chars/6A5A.json
橛,B,jué,cái chốt; cột thấp,"từ liên quan, câu liên quan",chars/6A5B.json
橡,A,xiàng,cây sồi; Quercus serrata,Hán Việt,chars/6A61.json
橥,B,zhū,cây du Zelkova acuminata,"từ liên quan, câu liên quan, Hán Việt",chars/6A65.json
橧,C,zēng,cư ngụ trên đỉnh cọc gỗ,"bộ thủ, từ liên quan, câu liên quan, Hán Việt",chars/6A67.json
橱,C,chú,tủ quần áo; tủ đựng,"bộ thủ, Hán Việt",chars/6A71.json
橹,B,lǔ,biến thể của 櫓|橹[lu3],"từ liên quan, câu liên quan, Hán Việt",chars/6A79.json
橼,B,yuán,Citrus medica,"câu liên quan, Hán Việt",chars/6A7C.json
橾,B,qiāo,biến thể cũ của 鍬|锹[qiao1],"từ liên quan, câu liên quan, Hán Việt",chars/6A7E.json
橿,C,jiāng,Quercus glauca,"bộ thủ, từ liên quan, câu liên quan, Hán Việt",chars/6A7F.json
檀,B,Tán,họ [Tan2],câu liên quan,chars/6A80.json
檃,B,yǐn,dụng cụ dùng để tạo hình gỗ (xưa),"từ liên quan, câu liên quan, Hán Việt",chars/6A83.json
檄,C,xí,công văn; mệnh lệnh,"bộ thủ, câu liên quan",chars/6A84.json
檇,C,zuì,chày gỗ hoặc dụng cụ đập bằng gỗ,"bộ thủ, từ liên quan, câu liên quan, Hán Việt",chars/6A87.json
檊,C,gàn,cây dâu tằm Trung Quốc; gỗ đàn hương,"bộ thủ, từ liên quan, câu liên quan",chars/6A8A.json
檍,C,yì,Quercus glauca,"bộ thủ, từ liên quan, câu liên quan, Hán Việt",chars/6A8D.json
檎,B,qín,(quả),"câu liên quan, Hán Việt",chars/6A8E.json
檐,A,yán,mái hiên; gờ hoặc vành,Hán Việt,chars/6A90.json
檑,C,léi,gỗ lăn xuống để phòng thủ thành phố,"bộ thủ, từ liên quan, câu liên quan",chars/6A91.json
檖,C,suì,(cây),"bộ thủ, từ liên quan, câu liên quan, Hán Việt",chars/6A96.json
檗,B,bò,Phellodendron amurense,"câu liên quan, Hán Việt",chars/6A97.json
檠,B,qíng,dụng cụ để nắn thẳng cung,"từ liên quan, câu liên quan, Hán Việt",chars/6AA0.json
檥,C,yǐ,biến thể của 艤|舣[yi3],"bộ thủ, từ liên quan, câu liên quan, Hán Việt",chars/6AA5.json
檨,C,shē,quả xoài,"bộ thủ, từ liên quan, câu liên quan, Hán Việt",chars/6AA8.json
檩,B,lǐn,xà ngang; đòn dông,"từ liên quan, câu liên quan",chars/6AA9.json
檪,C,lì,biến thể cũ của 櫟|栎[li4],"bộ thủ, từ liên quan, câu liên quan, Hán Việt",chars/6AAA.json
檫,B,chá,cây long não Trung Quốc; Sassafras tzumu,"từ liên quan, câu liên quan, Hán Việt",chars/6AAB.json
檴,C,huò,(cây),"bộ thủ, từ liên quan, câu liên quan, Hán Việt",chars/6AB4.json
檵,B,jì,"cây hoa sao (Loropetalum chinense), cây bụi thường xanh","từ liên quan, câu liên quan, Hán Việt",chars/6AB5.json
櫆,B,kuí,xem 櫆師|櫆师[kui2 shi1] Sao Bắc Cực,"từ liên quan, câu liên quan, Hán Việt",chars/6AC6.json
櫌,C,yōu,cái bừa,"bộ thủ, từ liên quan, câu liên quan, Hán Việt",chars/6ACC.json
櫜,C,gāo,hộp đựng vũ khí,"bộ thủ, từ liên quan, câu liên quan, Hán Việt",chars/6ADC.json
櫠,C,fèi,một loại bưởi (xưa),"bộ thủ, từ liên quan, câu liên quan, Hán Việt",chars/6AE0.json
櫡,C,zhù,biến thể của 箸[zhu4],"bộ thủ, từ liên quan, câu liên quan, Hán Việt",chars/6AE1.json
櫹,C,xiāo,một loại cây lớn (cổ đại),"bộ thủ, từ liên quan, câu liên quan, Hán Việt",chars/6AF9.json
櫽,C,yǐn,dụng cụ dùng để tạo hình gỗ (xưa); biến thể cũ của 檃[yin3],"bộ thủ, từ liên quan, câu liên quan, Hán Việt",chars/6AFD.json
欀,C,xiāng,lớp lót bên trong của dụng cụ gỗ; thanh dầm dùng trong xây dựng,"bộ thủ, từ liên quan, câu liên quan, Hán Việt",chars/6B00.json
欂,C,bó,xà nhà,"bộ thủ, từ liên quan, câu liên quan, Hán Việt",chars/6B02.json
欃,C,chán,"gỗ đàn hương (Santalum album), một loại cây ở Nepal cho dầu thơm quý; sa sao chổi","bộ thủ, từ liên quan, câu liên quan, Hán Việt",chars/6B03.json
欎,C,yù,biến thể cũ của 鬱|郁[yu4],"bộ thủ, từ liên quan, câu liên quan, Hán Việt",chars/6B0E.json
欐,C,lì,xà,"bộ thủ, từ liên quan, câu liên quan, Hán Việt",chars/6B10.json
欑,C,zàn,thu thập,"bộ thủ, từ liên quan, câu liên quan, Hán Việt",chars/6B11.json
欙,C,léi,kiệu,"bộ thủ, từ liên quan, câu liên quan, Hán Việt",chars/6B19.json
欛,C,bà,biến thể của 杷[ba4]; biến thể của 把[ba4],"bộ thủ, từ liên quan, câu liên quan, Hán Việt",chars/6B1B.json
欢,A,huān,biến thể của 歡|欢[huan1],Hán Việt,chars/6B22.json
欤,B,yú,"(văn học) trợ từ kết câu, tương tự 嗎|吗[ma5], 呢[ne5] hoặc 啊[a1])","từ liên quan, câu liên quan",chars/6B24.json
欧,A,Oū,châu Âu (viết tắt của 歐洲|欧洲[Ou1zhou1]); họ [Ou1],Hán Việt,chars/6B27.json
欨,C,xū,(văn học) thổi hoặc thở vào; vui vẻ,"bộ thủ, từ liên quan, câu liên quan, Hán Việt",chars/6B28.json
欬,C,kài,ho,"bộ thủ, từ liên quan, câu liên quan, Hán Việt",chars/6B2C.json
欮,C,jué,,"nghĩa, bộ thủ, từ liên quan, câu liên quan, Hán Việt",chars/6B2E.json
欱,C,hē,biến thể của 喝[he1],"bộ thủ, từ liên quan, câu liên quan, Hán Việt",chars/6B31.json
欵,C,kuǎn,đối đãi tốt; giam giữ,"bộ thủ, từ liên quan, câu liên quan, Hán Việt",chars/6B35.json
欶,B,shuò,hút; uống,"từ liên quan, câu liên quan, Hán Việt",chars/6B36.json
欷,B,xī,thổn thức,"từ liên quan, câu liên quan, Hán Việt",chars/6B37.json
欸,C,ǎi,(biểu thị đáp lại); (thở dài buồn bã),"bộ thủ, từ liên quan, câu liên quan, Hán Việt",chars/6B38.json
欹,B,yī,thán từ,"từ liên quan, câu liên quan, Hán Việt",chars/6B39.json
欻,C,chuā,(từ tượng thanh) âm thanh đổ vỡ,"bộ thủ, từ liên quan, câu liên quan, Hán Việt",chars/6B3B.json
欼,C,chǐ,uống,"bộ thủ, từ liên quan, câu liên quan, Hán Việt",chars/6B3C.json
欿,C,kǎn,bất mãn với bản thân,"bộ thủ, từ liên quan, câu liên quan, Hán Việt",chars/6B3F.json
歁,C,kǎn,ăn không thoả mãn,"bộ thủ, từ liên quan, câu liên quan, Hán Việt",chars/6B41.json
歃,B,shà,uống,"câu liên quan, Hán Việt",chars/6B43.json
歆,B,xīn,vui lòng; cảm động,"từ liên quan, câu liên quan",chars/6B46.json
歈,C,yú,bài hát,"bộ thủ, từ liên quan, câu liên quan, Hán Việt",chars/6B48.json
歉,A,qiàn,xin lỗi; hối tiếc,Hán Việt,chars/6B49.json
歊,C,xiāo,hơi; nước,"bộ thủ, từ liên quan, câu liên quan, Hán Việt",chars/6B4A.json
歓,C,huān,biến thể cũ của 歡|欢[huan1],"bộ thủ, từ liên quan, câu liên quan, Hán Việt",chars/6B53.json
歔,B,xū,khịt mũi,"từ liên quan, câu liên quan, Hán Việt",chars/6B54.json
歕,C,pēn,biến thể cũ của 噴|喷[pen1],"bộ thủ, từ liên quan, câu liên quan, Hán Việt",chars/6B55.json
歗,C,xiào,biến thể cũ của 嘯|啸[xiao4],"bộ thủ, từ liên quan, câu liên quan, Hán Việt",chars/6B57.json
歘,C,xū,biến thể của 欻[xu1],"bộ thủ, từ liên quan, câu liên quan, Hán Việt",chars/6B58.json
歙,B,shè,tên một huyện ở An Huy,"câu liên quan, Hán Việt",chars/6B59.json
歛,B,hān,khao khát; cho,"từ liên quan, câu liên quan",chars/6B5B.json
歜,C,chù,(người); tức giận,"bộ thủ, từ liên quan, câu liên quan, Hán Việt",chars/6B5C.json
歠,C,chuò,(văn học) uống; nhấp,"bộ thủ, từ liên quan, câu liên quan, Hán Việt",chars/6B60.json
正,C,zhèng,chính xác,bộ thủ,chars/6B63.json
歧,A,qí,phân kỳ; đường nhánh,Hán Việt,chars/6B67.json
歨,C,bù,biến thể cũ của 步[bu4],"bộ thủ, từ liên quan, câu liên quan, Hán Việt",chars/6B68.json
歩,C,bù,biến thể cũ của 步[bu4],"bộ thủ, từ liên quan, câu liên quan, Hán Việt",chars/6B69.json
歪,C,wāi,cong,bộ thủ,chars/6B6A.json
歫,C,jù,biến thể cũ của 距[ju4]; biến thể cũ của 拒[ju4],"bộ thủ, từ liên quan, câu liên quan, Hán Việt",chars/6B6B.json
歮,C,sè,biến thể cổ của 澀|涩[se4],"bộ thủ, từ liên quan, câu liên quan, Hán Việt",chars/6B6E.json
歯,C,chǐ,biến thể của 齒|齿 trong tiếng Nhật,"bộ thủ, từ liên quan, câu liên quan, Hán Việt",chars/6B6F.json
歰,C,sè,biến thể cổ của 澀|涩[se4],"bộ thủ, từ liên quan, câu liên quan, Hán Việt",chars/6B70.json
歳,C,suì,biến thể tiếng Nhật của 歲|岁,"bộ thủ, từ liên quan, câu liên quan",chars/6B73.json
歺,C,cān,chữ giản thể vòng hai của 餐[can1],"bộ thủ, từ liên quan, câu liên quan, Hán Việt",chars/6B7A.json
歼,C,jiān,"tiêu diệt; viết tắt của 殲擊機|歼击机[jian1 ji1 ji1], máy bay chiến đấu","bộ thủ, Hán Việt",chars/6B7C.json
歾,C,mò,kết thúc; chết,"bộ thủ, từ liên quan, câu liên quan, Hán Việt",chars/6B7E.json
殁,B,mò,kết thúc; chết,"từ liên quan, câu liên quan, Hán Việt",chars/6B81.json
殂,B,cú,chết,"từ liên quan, câu liên quan, Hán Việt",chars/6B82.json
殄,B,tiǎn,tiêu diệt,"câu liên quan, Hán Việt",chars/6B84.json
殆,A,dài,(văn học) nguy hiểm; hiểm nghèo; (văn học) hầu như; gần như,Hán Việt,chars/6B86.json
殇,B,shāng,chết khi còn nhỏ; tử trận,"từ liên quan, câu liên quan, Hán Việt",chars/6B87.json
殈,C,xù,làm hỏng trứng để không nở,"bộ thủ, từ liên quan, câu liên quan, Hán Việt",chars/6B88.json
殉,B,xùn,tuẫn táng; chết vì lý tưởng,câu liên quan,chars/6B89.json
殍,B,piǎo,chết đói,"câu liên quan, Hán Việt",chars/6B8D.json
殑,C,qíng,ngất xỉu,"bộ thủ, từ liên quan, câu liên quan, Hán Việt",chars/6B91.json
殒,B,yǔn,chết; thiệt mạng,"câu liên quan, Hán Việt",chars/6B92.json
殓,B,liàn,khâm liệm chuẩn bị thi thể để vào quan tài,câu liên quan,chars/6B93.json
殖,A,zhí,sinh trưởng; sinh sản,Hán Việt,chars/6B96.json
殗,B,yè,bệnh; tái diễn,"từ liên quan, câu liên quan, Hán Việt",chars/6B97.json
殙,C,hūn,chết do uống thuốc độc,"bộ thủ, từ liên quan, câu liên quan, Hán Việt",chars/6B99.json
殚,B,dān,hoàn toàn; kiệt quệ,"câu liên quan, Hán Việt",chars/6B9A.json
殛,B,jí,bị xử tử,"từ liên quan, câu liên quan, Hán Việt",chars/6B9B.json
殜,C,dié,khó ở; tiếng Đài Loan đọc là [ye4],"bộ thủ, từ liên quan, câu liên quan, Hán Việt",chars/6B9C.json
殠,C,chòu,biến thể của 臭[chou4],"bộ thủ, từ liên quan, câu liên quan, Hán Việt",chars/6BA0.json
殡,B,bìn,đám tang; khâm liệm thi thể,câu liên quan,chars/6BA1.json
殣,C,jìn,chết đói,"bộ thủ, từ liên quan, câu liên quan, Hán Việt",chars/6BA3.json
殥,C,yín,xa xôi; hẻo lánh,"bộ thủ, từ liên quan, câu liên quan, Hán Việt",chars/6BA5.json
殪,B,yì,tiêu diệt,"từ liên quan, câu liên quan",chars/6BAA.json
殳,B,shū,"Cái thù, một thứ đồ binh dài một trượng hai thước, không có mũi nhọn","từ liên quan, câu liên quan, Hán Việt",chars/6BB3.json
殴,A,Oū,họ [Ou1],Hán Việt,chars/6BB4.json
殷,C,Yīn,"họ [Yin1]; tên triều đại cuối thời Thương, sau khi dời đến Yinxu 殷墟[Yin1xu1] ở Hà Nam ngày nay",bộ thủ,chars/6BB7.json
殸,C,qìng,biến thể của 磬[qing4],"bộ thủ, từ liên quan, câu liên quan, Hán Việt",chars/6BB8.json
殹,C,yì,(cổ) (nghĩa không rõ); (trợ từ kết thúc),"bộ thủ, từ liên quan, câu liên quan, Hán Việt",chars/6BB9.json
殻,C,qiào,,"nghĩa, bộ thủ, từ liên quan, câu liên quan, Hán Việt",chars/6BBB.json
殿,C,diàn,đại sảnh cung điện,bộ thủ,chars/6BBF.json
毁,C,huǐ,phá hủy,bộ thủ,chars/6BC1.json
毂,B,gū,bánh xe,"câu liên quan, Hán Việt",chars/6BC2.json
毄,C,jī,,"nghĩa, từ liên quan, câu liên quan, Hán Việt",chars/6BC4.json
毈,C,duàn,trứng không thụ tinh,"bộ thủ, từ liên quan, câu liên quan, Hán Việt",chars/6BC8.json
毉,C,yī,biến thể của 醫|医[yi1],"bộ thủ, từ liên quan, câu liên quan, Hán Việt",chars/6BC9.json
毋,B,wú,"Chớ, đừng",câu liên quan,chars/6BCB.json
毌,C,guàn,biến thể cổ của 貫|贯[guan4],"bộ thủ, từ liên quan, câu liên quan, Hán Việt",chars/6BCC.json
母,C,mǔ,cái,bộ thủ,chars/6BCD.json
毎,C,měi,biến thể tiếng Nhật của 每,"bộ thủ, từ liên quan, câu liên quan, Hán Việt",chars/6BCE.json
每,C,měi,mỗi,bộ thủ,chars/6BCF.json
毐,C,Aǐ,"xem nhân vật lịch sử Lao Ai 嫪毐; mở rộng, người có đạo đức đáng chê trách","bộ thủ, câu liên quan, Hán Việt",chars/6BD0.json
毑,C,jiě,mẹ,"bộ thủ, từ liên quan, câu liên quan, Hán Việt",chars/6BD1.json
毓,C,yù,(văn học) sản sinh; bồi dưỡng,"bộ thủ, câu liên quan, Hán Việt",chars/6BD3.json
毖,B,bì,cẩn thận; ngăn ngừa,"câu liên quan, Hán Việt",chars/6BD6.json
毗,B,pí,tiếp giáp; giáp với,"câu liên quan, Hán Việt",chars/6BD7.json
毙,C,bì,chết; bắn chết,"bộ thủ, Hán Việt",chars/6BD9.json
毚,C,chán,xảo quyệt; khéo léo,"bộ thủ, từ liên quan, câu liên quan, Hán Việt",chars/6BDA.json
毡,B,zhān,vải dạ,câu liên quan,chars/6BE1.json
毧,C,róng,lông tơ; vải nỉ,"bộ thủ, từ liên quan, câu liên quan, Hán Việt",chars/6BE7.json
毪,B,mú,một loại vải len làm ở Tây Tạng,"từ liên quan, câu liên quan, Hán Việt",chars/6BEA.json
毬,C,qiú,quả bóng,"bộ thủ, từ liên quan, câu liên quan",chars/6BEC.json
毳,C,cuì,giòn; dễ gãy,"bộ thủ, từ liên quan, câu liên quan, Hán Việt",chars/6BF3.json
毴,C,bī,biến thể cũ của 屄[bi1],"bộ thủ, từ liên quan, câu liên quan, Hán Việt",chars/6BF4.json
毵,B,sān,lông dài; xù xì,"từ liên quan, câu liên quan, Hán Việt",chars/6BF5.json
毷,C,mào,bồn chồn,"bộ thủ, từ liên quan, câu liên quan, Hán Việt",chars/6BF7.json
毹,B,shū,tấm thảm,"từ liên quan, câu liên quan, Hán Việt",chars/6BF9.json
毽,B,jiàn,quả cầu,"câu liên quan, Hán Việt",chars/6BFD.json
毾,C,tà,"một loại vải thô, làm từ len","bộ thủ, từ liên quan, câu liên quan, Hán Việt",chars/6BFE.json
氄,C,rǒng,lông tơ hoặc lông mịn,"bộ thủ, từ liên quan, câu liên quan, Hán Việt",chars/6C04.json
氅,B,chǎng,áo choàng,"câu liên quan, Hán Việt",chars/6C05.json
氆,B,pǔ,dùng trong 氆氌|氆氇[pu3 lu5],"từ liên quan, câu liên quan, Hán Việt",chars/6C06.json
氇,B,lǔ,dùng trong 氆氌|氆氇[pu3 lu5],"từ liên quan, câu liên quan, Hán Việt",chars/6C07.json
氉,C,sào,"bồn chồn, u sầu","bộ thủ, từ liên quan, câu liên quan, Hán Việt",chars/6C09.json
氍,B,qú,tấm thảm len,"từ liên quan, câu liên quan, Hán Việt",chars/6C0D.json
氐,B,Dī,tên một bộ lạc cổ đại,"từ liên quan, câu liên quan, Hán Việt",chars/6C10.json
民,C,Mín,họ [Min2],bộ thủ,chars/6C11.json
氓,C,máng,dùng trong 流氓[liu2 mang2],bộ thủ,chars/6C13.json
氕,B,piē,"protium 1H; hydro nhẹ, đồng vị phổ biến nhất của hydro, không có neutron, nên có nguyên tử khối là 1","từ liên quan, câu liên quan, Hán Việt",chars/6C15.json
氖,B,nǎi,neon (hóa học),"từ liên quan, câu liên quan, Hán Việt",chars/6C16.json
気,C,qì,biến thể tiếng Nhật của 氣|气,"bộ thủ, từ liên quan, câu liên quan, Hán Việt",chars/6C17.json
氘,B,dāo,"đơteri 2H; hydro nặng, đồng vị của hydro có 1 neutron trong hạt nhân, nên có nguyên tử khối là 2","câu liên quan, Hán Việt",chars/6C18.json
氙,B,xiān,xenon (hóa học),"từ liên quan, câu liên quan, Hán Việt",chars/6C19.json
氚,B,chuān,(hóa học) triti,"từ liên quan, câu liên quan, Hán Việt",chars/6C1A.json
氛,A,fēn,khí độc; hơi,Hán Việt,chars/6C1B.json
氜,C,rì,"tên cũ của 氦[hai4], heli","bộ thủ, từ liên quan, câu liên quan, Hán Việt",chars/6C1C.json
氝,C,nèi,neon Ne (hóa học) (hiện viết là 氖[nai3]),"bộ thủ, từ liên quan, câu liên quan, Hán Việt",chars/6C1D.json
氟,B,fú,flo (hóa học),"câu liên quan, Hán Việt",chars/6C1F.json
氠,C,shēn,khí xenon (hóa học) (cũ),"bộ thủ, từ liên quan, câu liên quan, Hán Việt",chars/6C20.json
氡,B,dōng,khí radon (hóa học),"từ liên quan, câu liên quan, Hán Việt",chars/6C21.json
氢,A,qīng,hydrogen (hóa học),Hán Việt,chars/6C22.json
氤,B,yīn,dùng trong 氤氳|氤氲[yin1 yun1],"câu liên quan, Hán Việt",chars/6C24.json
氥,C,xī,xenon (hoá học) (cũ),"bộ thủ, từ liên quan, câu liên quan, Hán Việt",chars/6C25.json
氦,B,hài,helium (hoá học),"từ liên quan, câu liên quan, Hán Việt",chars/6C26.json
氧,A,yǎng,oxy,Hán Việt,chars/6C27.json
氨,B,ān,amoniac,"câu liên quan, Hán Việt",chars/6C28.json
氩,B,yà,argon (hóa học),"từ liên quan, câu liên quan, Hán Việt",chars/6C29.json
氪,B,kè,krypton (hóa học),"từ liên quan, câu liên quan, Hán Việt",chars/6C2A.json
氮,A,dàn,nitơ (hóa học),Hán Việt,chars/6C2E.json
氯,A,lǜ,clo (hóa học),Hán Việt,chars/6C2F.json
氰,B,qíng,cianogen (CN)2; ethanedinitrile,"câu liên quan, Hán Việt",chars/6C30.json
氲,B,yūn,dùng trong 氤氳|氤氲[yin1 yun1],"câu liên quan, Hán Việt",chars/6C32.json
氵,B,shuǐ,"Nước, chất lỏng, sông hồ.","từ liên quan, câu liên quan, Hán Việt",chars/6C35.json
氶,C,zhěng,,"nghĩa, từ liên quan, câu liên quan, Hán Việt",chars/6C36.json
永,C,yǒng,mãi mãi; luôn luôn,bộ thủ,chars/6C38.json
氹,C,dàng,biến thể của 凼[dang4],"bộ thủ, từ liên quan, câu liên quan, Hán Việt",chars/6C39.json
氺,C,shuǐ,biến thể thời cổ của 水[shui3],"bộ thủ, từ liên quan, câu liên quan, Hán Việt",chars/6C3A.json
氼,C,nì,biến thể cũ của 溺[ni4],"bộ thủ, từ liên quan, câu liên quan, Hán Việt",chars/6C3C.json
氽,B,tǔn,nổi; chiên ngập dầu,"từ liên quan, câu liên quan, Hán Việt",chars/6C3D.json
氿,B,guǐ,suối núi,"từ liên quan, câu liên quan, Hán Việt",chars/6C3F.json
汀,B,tīng,bãi cát; cồn cát,câu liên quan,chars/6C40.json
求,C,qiú,cầu xin,bộ thủ,chars/6C42.json
汅,C,miǎn,biến thể cũ của 沔[mian3],"bộ thủ, từ liên quan, câu liên quan, Hán Việt",chars/6C45.json
汆,B,cuān,chần; chần trong thời gian ngắn,"từ liên quan, câu liên quan, Hán Việt",chars/6C46.json
汇,A,huì,hợp lưu,Hán Việt,chars/6C47.json
汈,C,diāo,(dùng trong địa danh),"bộ thủ, từ liên quan, câu liên quan, Hán Việt",chars/6C48.json
汊,C,chà,nhánh sông,"bộ thủ, từ liên quan, câu liên quan",chars/6C4A.json
汋,C,zhuó,rót,"bộ thủ, từ liên quan, câu liên quan, Hán Việt",chars/6C4B.json
汍,C,wán,rơi lệ,"bộ thủ, từ liên quan, câu liên quan, Hán Việt",chars/6C4D.json
汏,C,dà,rửa (tiếng địa phương),"bộ thủ, từ liên quan, câu liên quan, Hán Việt",chars/6C4F.json
汐,C,xī,thuỷ triều đêm; triều xuống buổi tối,"bộ thủ, câu liên quan",chars/6C50.json
汔,B,qì,gần,"từ liên quan, câu liên quan, Hán Việt",chars/6C54.json
汕,B,shàn,bẫy cá bằng tre; dùng trong tên địa danh liên quan đến Shantou 汕頭|汕头[Shan4 tou2],câu liên quan,chars/6C55.json
汗,A,hàn,mồ hôi,Hán Việt,chars/6C57.json
汙,C,wū,biến thể của 污; bẩn,"bộ thủ, từ liên quan, câu liên quan, Hán Việt",chars/6C59.json
汜,B,sì,dòng suối chảy vòng sau khi phân nhánh,"từ liên quan, câu liên quan",chars/6C5C.json
汝,B,rǔ,ngươi,câu liên quan,chars/6C5D.json
汞,B,gǒng,thủy ngân (hóa học),"câu liên quan, Hán Việt",chars/6C5E.json
汧,B,Qiān,tên một con sông chảy từ Cam Túc đến tỉnh Thiểm Tây,"từ liên quan, câu liên quan, Hán Việt",chars/6C67.json
汨,B,Mì,"tên một con sông, nhánh phía nam của sông Mịch La 汨羅江|汨罗江[Mi4 luo2 jiang1]",câu liên quan,chars/6C68.json
汩,C,gǔ,bối rối; dập tắt,"bộ thủ, từ liên quan, câu liên quan, Hán Việt",chars/6C69.json
汪,A,Wāng,họ [Wang1],Hán Việt,chars/6C6A.json
汫,C,jǐng,biến thể cũ của 阱[jing3]; xem 汫濙[jing3 ying2],"bộ thủ, từ liên quan, câu liên quan",chars/6C6B.json
汭,C,ruì,khúc sông,"bộ thủ, từ liên quan, câu liên quan, Hán Việt",chars/6C6D.json
汳,C,Biàn,tên con sông cổ ở Hà Nam,"bộ thủ, từ liên quan, câu liên quan, Hán Việt",chars/6C73.json
汴,B,Biàn,tên một con sông ở Hà Nam; Hà Nam,"câu liên quan, Hán Việt",chars/6C74.json
汶,B,Wèn,"sông Ôn ở tây bắc Tứ Xuyên (giống như 汶川); tên cổ của sông ở Sơn Đông, dùng để chỉ nước Tề 齊國|齐国","câu liên quan, Hán Việt",chars/6C76.json
汷,C,Zhōng,tên một con sông cổ ở Hồ Bắc,"bộ thủ, từ liên quan, câu liên quan, Hán Việt",chars/6C77.json
汹,A,xiōng,dữ dội; ào ạt,Hán Việt,chars/6C79.json
汽,A,qì,hơi nước; hơi,Hán Việt,chars/6C7D.json
汾,B,fén,tên một con sông,"câu liên quan, Hán Việt",chars/6C7E.json
沁,B,qìn,thấm; rỉ,câu liên quan,chars/6C81.json
沂,B,Yí,"Sông Yi, Shandong","câu liên quan, Hán Việt",chars/6C82.json
沄,C,yún,dòng chảy xiết của dòng nước lũ,"bộ thủ, từ liên quan, câu liên quan, Hán Việt",chars/6C84.json
沅,B,Yuán,sông Nguyên ở Quý Châu và Hồ Nam,"câu liên quan, Hán Việt",chars/6C85.json
沆,B,hàng,một chiếc phà; sương mù,"câu liên quan, Hán Việt",chars/6C86.json
沇,B,Yǎn,họ [Yan3],"từ liên quan, câu liên quan, Hán Việt",chars/6C87.json
沈,B,Shěn,họ [Shen3],câu liên quan,chars/6C88.json
沌,B,dùn,mơ hồ; đục ngầu,câu liên quan,chars/6C8C.json
沍,C,hù,đông cứng; đóng băng,"bộ thủ, từ liên quan, câu liên quan, Hán Việt",chars/6C8D.json
沏,B,qī,pha,"từ liên quan, câu liên quan, Hán Việt",chars/6C8F.json
沓,C,Tà,họ [Ta4],"bộ thủ, câu liên quan",chars/6C93.json
沔,B,miǎn,ngập lụt; tên một con sông,"từ liên quan, câu liên quan",chars/6C94.json
沕,C,wù,thâm thúy; sâu sắc,"bộ thủ, từ liên quan, câu liên quan",chars/6C95.json
沘,C,bǐ,tên một con sông,"bộ thủ, từ liên quan, câu liên quan, Hán Việt",chars/6C98.json
沚,C,zhǐ,cù lao,"bộ thủ, từ liên quan, câu liên quan",chars/6C9A.json
沛,C,pèi,dồi dào; phong phú,bộ thủ,chars/6C9B.json
沟,A,gōu,mương; rãnh,Hán Việt,chars/6C9F.json
沢,C,zé,biến thể Nhật Bản của 澤|泽,"bộ thủ, từ liên quan, câu liên quan, Hán Việt",chars/6CA2.json
沣,B,fēng,mưa; nơi ở Thiểm Tây,"từ liên quan, câu liên quan, Hán Việt",chars/6CA3.json
沤,B,ōu,bong bóng; bọt,"câu liên quan, Hán Việt",chars/6CA4.json
沥,B,lì,nhỏ giọt; lọc,câu liên quan,chars/6CA5.json
沧,A,cāng,xanh lục hoặc xanh da trời (của nước); rộng lớn (của nước),Hán Việt,chars/6CA7.json
沨,C,fēng,(từ tượng thanh) tiếng nước chảy; tiếng gió,"bộ thủ, từ liên quan, câu liên quan, Hán Việt",chars/6CA8.json
沩,B,guī,tên một con sông ở Sơn Tây,"từ liên quan, câu liên quan, Hán Việt",chars/6CA9.json
沪,B,Hù,tên gọi tắt của Thượng Hải,"câu liên quan, Hán Việt",chars/6CAA.json
沬,C,mèi,bình minh; tên địa danh,"bộ thủ, từ liên quan, câu liên quan, Hán Việt",chars/6CAC.json
沭,B,shù,sông ở Sơn Đông,"câu liên quan, Hán Việt",chars/6CAD.json
沮,A,jǔ,phá hủy; ngừng,Hán Việt,chars/6CAE.json
沰,C,tuō,đánh rơi,"bộ thủ, từ liên quan, câu liên quan, Hán Việt",chars/6CB0.json
沱,B,tuó,đẫm lệ; phân nhánh (của sông),câu liên quan,chars/6CB1.json
沲,C,tuó,,"nghĩa, từ liên quan, câu liên quan, Hán Việt",chars/6CB2.json
沴,C,lì,ám khí,"bộ thủ, từ liên quan, câu liên quan, Hán Việt",chars/6CB4.json
沷,C,fā,trừ tà; tẩy rửa,"bộ thủ, từ liên quan, câu liên quan, Hán Việt",chars/6CB7.json
沺,C,tián,chảy xiết,"bộ thủ, từ liên quan, câu liên quan, Hán Việt",chars/6CBA.json
沽,A,Gū,viết tắt của Thiên Tân 天津 (cũng gọi 津沽),Hán Việt,chars/6CBD.json
泂,C,jiǒng,mênh mông,"bộ thủ, từ liên quan, câu liên quan, Hán Việt",chars/6CC2.json
泅,B,qiú,bơi (dạng kết hợp),câu liên quan,chars/6CC5.json
泆,B,yì,"dâm đãng, phóng túng, hoang phí","từ liên quan, câu liên quan",chars/6CC6.json
泈,C,Zhōng,biến thể cũ của 汷[Zhong1],"bộ thủ, từ liên quan, câu liên quan, Hán Việt",chars/6CC8.json
泉,C,quán,suối (dòng nước nhỏ); miệng suối,bộ thủ,chars/6CC9.json
泌,A,mì,dùng trong 泌陽|泌阳[Bi4 yang2],Hán Việt,chars/6CCC.json
泐,C,lè,viết,"bộ thủ, từ liên quan, câu liên quan, Hán Việt",chars/6CD0.json
泑,C,yǒu,"lớp men thủy tinh trên đồ sứ, gốm v.v.","bộ thủ, từ liên quan, câu liên quan",chars/6CD1.json
泒,C,gū,tên một con sông,"bộ thủ, từ liên quan, câu liên quan, Hán Việt",chars/6CD2.json
泓,C,hóng,trong rõ; rộng và sâu,"bộ thủ, từ liên quan, câu liên quan, Hán Việt",chars/6CD3.json
泔,C,gān,nước vo gạo,"bộ thủ, câu liên quan, Hán Việt",chars/6CD4.json
泖,B,mǎo,nước tĩnh,"từ liên quan, câu liên quan, Hán Việt",chars/6CD6.json
泙,B,píng,âm thanh nước văng,"từ liên quan, câu liên quan",chars/6CD9.json
泚,C,cǐ,trong sáng; rạng rỡ và sáng ngời,"bộ thủ, từ liên quan, câu liên quan, Hán Việt",chars/6CDA.json
泜,C,zhī,một con sông ở tỉnh Hà Bắc,"bộ thủ, từ liên quan, câu liên quan",chars/6CDC.json
泝,C,sù,biến thể của 溯[su4],"bộ thủ, từ liên quan, câu liên quan, Hán Việt",chars/6CDD.json
泞,C,nìng,lầy lội,"bộ thủ, câu liên quan, Hán Việt",chars/6CDE.json
泠,B,Líng,họ [Ling2],"từ liên quan, câu liên quan",chars/6CE0.json
泩,C,shēng,nước dâng lên,"bộ thủ, từ liên quan, câu liên quan, Hán Việt",chars/6CE9.json
泫,B,xuàn,khóc,"từ liên quan, câu liên quan, Hán Việt",chars/6CEB.json
泭,C,fū,một cái bè,"bộ thủ, từ liên quan, câu liên quan, Hán Việt",chars/6CED.json
泮,B,pàn,(văn học) tan chảy; hòa tan,câu liên quan,chars/6CEE.json
泯,B,mǐn,biến thể của 泯[min3],"câu liên quan, Hán Việt",chars/6CEF.json
泰,C,Tài,núi Thái 泰山[Tai4 Shan1] ở Sơn Đông; viết tắt của Thái Lan,bộ thủ,chars/6CF0.json
泱,B,yāng,"kích động (gió, mây); bao la","câu liên quan, Hán Việt",chars/6CF1.json
泲,C,jǐ,rượu trong; tên một con sông,"bộ thủ, từ liên quan, câu liên quan, Hán Việt",chars/6CF2.json
泳,A,yǒng,bơi; lội,Hán Việt,chars/6CF3.json
泵,C,bèng,bơm (từ mượn),"bộ thủ, câu liên quan, Hán Việt",chars/6CF5.json
泷,B,Shuāng,sông Shuang ở Hồ Nam và Quảng Đông (hiện là sông Vu 武水),câu liên quan,chars/6CF7.json
泸,B,lú,tên cũ của một con sông ở Giang Tây; tên địa danh,câu liên quan,chars/6CF8.json
泺,B,luò,tên một con sông,"từ liên quan, câu liên quan",chars/6CFA.json
泼,A,pō,đổ,Hán Việt,chars/6CFC.json
泾,B,Jīng,sông Kinh,câu liên quan,chars/6CFE.json
洄,C,huí,nước xoáy; nước cuộn,"bộ thủ, câu liên quan",chars/6D04.json
洇,B,yān,biến thể của 湮[yan1],"từ liên quan, câu liên quan, Hán Việt",chars/6D07.json
洊,C,jiàn,nước chảy; liên tiếp,"bộ thủ, từ liên quan, câu liên quan",chars/6D0A.json
洌,B,liè,tinh khiết; làm sạch,"từ liên quan, câu liên quan",chars/6D0C.json
洎,B,jì,đến; khi,"từ liên quan, câu liên quan, Hán Việt",chars/6D0E.json
洏,C,ér,chảy (như nước hoặc nước mắt),"bộ thủ, từ liên quan, câu liên quan",chars/6D0F.json
洑,C,fú,xoáy ngầm,"bộ thủ, từ liên quan, câu liên quan, Hán Việt",chars/6D11.json
洙,B,Zhū,họ [Zhu1],"từ liên quan, câu liên quan",chars/6D19.json
洚,B,jiàng,lũ lụt,"từ liên quan, câu liên quan, Hán Việt",chars/6D1A.json
洟,C,tì,chất nhầy mũi; phiên âm Đài Loan [yi2],"bộ thủ, từ liên quan, câu liên quan",chars/6D1F.json
洢,C,yī,"tên cũ của một con sông ở Hà Nam, nay viết là sông Y Hà 伊河","bộ thủ, từ liên quan, câu liên quan, Hán Việt",chars/6D22.json
洣,B,Mǐ,"sông Mi ở Hồ Nam, phụ lưu của Tương Giang 湘江","từ liên quan, câu liên quan, Hán Việt",chars/6D23.json
津,A,jīn,viết tắt của Thiên Tân 天津[Tian1 jin1],Hán Việt,chars/6D25.json
洧,B,wěi,tên một con sông,"từ liên quan, câu liên quan, Hán Việt",chars/6D27.json
洨,B,Xiáo,sông Tiêu ở tỉnh Hà Bắc,"từ liên quan, câu liên quan, Hán Việt",chars/6D28.json
洪,C,Hóng,họ [Hong2],bộ thủ,chars/6D2A.json
洫,B,xù,đào mương; hào nước,"từ liên quan, câu liên quan, Hán Việt",chars/6D2B.json
洮,B,táo,rửa sạch; tên sông,câu liên quan,chars/6D2E.json
洰,C,jù,,"nghĩa, từ liên quan, câu liên quan, Hán Việt",chars/6D30.json
洱,B,ěr,xem 洱海[Er3 hai3],"câu liên quan, Hán Việt",chars/6D31.json
洳,B,rù,ẩm ướt; lầy lội,"từ liên quan, câu liên quan",chars/6D33.json
洴,C,píng,giặt; tẩy (vải),"bộ thủ, từ liên quan, câu liên quan, Hán Việt",chars/6D34.json
洵,B,xún,thực sự; xoáy nước,"câu liên quan, Hán Việt",chars/6D35.json
洸,C,guāng,nước lấp lánh,"bộ thủ, từ liên quan, câu liên quan, Hán Việt",chars/6D38.json
洹,B,huán,tên một con sông,"từ liên quan, câu liên quan, Hán Việt",chars/6D39.json
洺,C,míng,tên một con sông,"bộ thủ, từ liên quan, câu liên quan, Hán Việt",chars/6D3A.json
洼,A,wā,biến thể của 窪|洼[wa1],Hán Việt,chars/6D3C.json
洽,C,qià,phù hợp; liên hệ,"bộ thủ, Hán Việt",chars/6D3D.json
洿,C,wū,đào (ao); nước tù đọng,"bộ thủ, từ liên quan, câu liên quan, Hán Việt",chars/6D3F.json
浃,B,jiā,ướt sũng; làm ướt,"câu liên quan, Hán Việt",chars/6D43.json
浄,C,jìng,biến thể của chữ 淨|净 trong tiếng Nhật,"bộ thủ, từ liên quan, câu liên quan, Hán Việt",chars/6D44.json
浆,A,jiāng,"nước cốt, bột nhão, hồ",Hán Việt,chars/6D46.json
浈,B,Zhēn,sông ở tỉnh Quảng Đông,"câu liên quan, Hán Việt",chars/6D48.json
浉,B,Shī,"Shi, tên con sông ở Tín Dương 信陽|信阳, Hà Nam","câu liên quan, Hán Việt",chars/6D49.json
浊,C,zhuó,đục; nhầy,bộ thủ,chars/6D4A.json
浍,B,kuài,mương; kênh,"từ liên quan, câu liên quan",chars/6D4D.json
济,A,Jǐ,dùng trong địa danh liên quan đến sông Tế 濟水|济水[Ji3 Shui3]; họ [Ji3],Hán Việt,chars/6D4E.json
浏,A,liú,trong; sâu (về nước),Hán Việt,chars/6D4F.json
浐,B,chǎn,tên một con sông ở tỉnh Thiểm Tây; xem 滻河|浐河[Chan3 He2],"từ liên quan, câu liên quan, Hán Việt",chars/6D50.json
浑,A,hún,vẩn đục; đục ngầu; ngu dốt; ngớ ngẩn,Hán Việt,chars/6D51.json
浒,B,hǔ,bờ sông,"câu liên quan, Hán Việt",chars/6D52.json
浔,B,xún,tên một con sông; bờ dốc,câu liên quan,chars/6D54.json
浕,C,Jìn,sông ở tỉnh Hồ Bắc,"bộ thủ, từ liên quan, câu liên quan, Hán Việt",chars/6D55.json
浙,A,Zhè,viết tắt của tỉnh Chiết Giang 浙江 ở miền đông Trung Quốc,Hán Việt,chars/6D59.json
浚,B,jùn,nạo vét (sông),"câu liên quan, Hán Việt",chars/6D5A.json
浜,B,bāng,suối; lạch,"câu liên quan, Hán Việt",chars/6D5C.json
浞,B,zhuó,(khẩu ngữ) làm ướt sũng,"từ liên quan, câu liên quan, Hán Việt",chars/6D5E.json
浠,B,xī,tên một con sông ở Hồ Bắc,câu liên quan,chars/6D60.json
浡,C,bó,đầy; trào ra (của đài phun nước),"bộ thủ, từ liên quan, câu liên quan",chars/6D61.json
浣,B,huàn,rửa; xả,"câu liên quan, Hán Việt",chars/6D63.json
浤,C,hóng,âm thanh nước dâng trào,"bộ thủ, từ liên quan, câu liên quan, Hán Việt",chars/6D64.json
浥,C,yì,ẩm; ướt,"bộ thủ, từ liên quan, câu liên quan",chars/6D65.json
浦,B,Pǔ,họ [Pu3],"câu liên quan, Hán Việt",chars/6D66.json
浩,A,hào,to lớn; rộng lớn (nước),Hán Việt,chars/6D69.json
浪,A,làng,sóng,Hán Việt,chars/6D6A.json
浬,C,lǐ,hải lý,"bộ thủ, từ liên quan, câu liên quan",chars/6D6C.json
浭,C,Gēng,tên một con sông ở Hà Bắc,"bộ thủ, từ liên quan, câu liên quan, Hán Việt",chars/6D6D.json
浯,B,Wú,(tên của một số con sông ở Trung Quốc),"từ liên quan, câu liên quan, Hán Việt",chars/6D6F.json
浰,C,lì,tham dự (các sự kiện chính thức),"bộ thủ, từ liên quan, câu liên quan",chars/6D70.json
浴,A,yù,tắm; tắm rửa,Hán Việt,chars/6D74.json
浼,B,měi,nhờ vả,"từ liên quan, câu liên quan, Hán Việt",chars/6D7C.json
浽,B,suī,xem 浽溦[sui1 wei1],"từ liên quan, câu liên quan",chars/6D7D.json
涉,C,shè,(văn học) lội qua một vùng nước; (hình thức kết hợp) trải nghiệm,bộ thủ,chars/6D89.json
涊,C,niǎn,nước đục,"bộ thủ, từ liên quan, câu liên quan, Hán Việt",chars/6D8A.json
涌,A,yǒng,tuôn trào,Hán Việt,chars/6D8C.json
涎,B,xián,biến thể của 涎[xian2],"câu liên quan, Hán Việt",chars/6D8E.json
涐,C,E,tên cũ của sông Đại Độ 大渡河[Da4 du4 He2] ở Tứ Xuyên,"bộ thủ, từ liên quan, câu liên quan, Hán Việt",chars/6D90.json
涑,B,sù,tên một con sông,"từ liên quan, câu liên quan, Hán Việt",chars/6D91.json
涒,C,tūn,hành tinh Mộc; nôn mửa,"bộ thủ, từ liên quan, câu liên quan, Hán Việt",chars/6D92.json
涓,B,Juān,họ [Juan1],câu liên quan,chars/6D93.json
涔,B,cén,tràn nước; nước mưa,"từ liên quan, câu liên quan, Hán Việt",chars/6D94.json
涕,A,tì,"Nước mắt, nước mũi (thường dùng trong từ ghép)",Hán Việt,chars/6D95.json
涘,C,sì,bờ sông,"bộ thủ, từ liên quan, câu liên quan, Hán Việt",chars/6D98.json
涙,C,lèi,biến thể Nhật Bản của 淚|泪[lei4],"bộ thủ, từ liên quan, câu liên quan, Hán Việt",chars/6D99.json
涝,A,lào,lụt,Hán Việt,chars/6D9D.json
涞,B,lái,suối; gơn sóng,câu liên quan,chars/6D9E.json
涠,B,wéi,nước tĩnh,"từ liên quan, câu liên quan, Hán Việt",chars/6DA0.json
涡,C,guō,tên một con sông,"bộ thủ, Hán Việt",chars/6DA1.json
涢,C,Yún,(tên một con sông ở Hà Bắc),"bộ thủ, từ liên quan, câu liên quan",chars/6DA2.json
涣,B,huàn,tan biến; hoà tan,"câu liên quan, Hán Việt",chars/6DA3.json
涤,B,dí,rửa; dọn sạch,câu liên quan,chars/6DA4.json
涧,C,jiàn,biến thể của 澗|涧[jian4],"bộ thủ, câu liên quan, Hán Việt",chars/6DA7.json
涩,C,sè,"Chát (vị); rít, khó trôi (cảm giác); khó chịu, ngượng ngùng","bộ thủ, Hán Việt",chars/6DA9.json
涪,B,Fú,(tên một con sông),"câu liên quan, Hán Việt",chars/6DAA.json
涫,B,guàn,(văn cổ) đun sôi,"từ liên quan, câu liên quan, Hán Việt",chars/6DAB.json
涬,C,xìng,vùng nước mênh mông,"bộ thủ, từ liên quan, câu liên quan, Hán Việt",chars/6DAC.json
涮,B,shuàn,chần,"câu liên quan, Hán Việt",chars/6DAE.json
涴,C,wò,làm bẩn,"bộ thủ, từ liên quan, câu liên quan, Hán Việt",chars/6DB4.json
涵,A,hán,chứa; bao gồm,Hán Việt,chars/6DB5.json
涶,C,tuò,biến thể của 唾[tuo4],"bộ thủ, từ liên quan, câu liên quan, Hán Việt",chars/6DB6.json
涷,C,dōng,mưa bão,"bộ thủ, từ liên quan, câu liên quan, Hán Việt",chars/6DB7.json
涸,C,hé,khô; cạn khô,"bộ thủ, câu liên quan",chars/6DB8.json
涿,B,zhuō,tên địa danh,"câu liên quan, Hán Việt",chars/6DBF.json
淀,A,diàn,hồ cạn,Hán Việt,chars/6DC0.json
淂,C,dé,(sông); biến thể cũ của 得[de2],"bộ thủ, từ liên quan, câu liên quan, Hán Việt",chars/6DC2.json
淄,B,zī,đen; tên một con sông,"câu liên quan, Hán Việt",chars/6DC4.json
淅,B,xī,"(từ tượng thanh) âm thanh mưa, mưa tuyết, v.v.","câu liên quan, Hán Việt",chars/6DC5.json
淆,A,xiáo,biến thể của 淆[xiao2],Hán Việt,chars/6DC6.json
淇,A,qí,tên một con sông,Hán Việt,chars/6DC7.json
淊,C,yān,biến thể của 淹[yan1]; làm ngập,"bộ thủ, từ liên quan, câu liên quan, Hán Việt",chars/6DCA.json
淌,A,tǎng,nhỏ giọt,Hán Việt,chars/6DCC.json
淑,B,shū,(dạng kết hợp) (phụ nữ) dịu dàng; tốt bụng; đáng yêu; đáng kính; (dùng trong tên riêng),"câu liên quan, Hán Việt",chars/6DD1.json
淓,C,Fāng,tên một con sông,"bộ thủ, từ liên quan, câu liên quan, Hán Việt",chars/6DD3.json
淖,B,Nào,họ [Nao4],"câu liên quan, Hán Việt",chars/6DD6.json
淙,B,cóng,tiếng nước chảy,"từ liên quan, câu liên quan, Hán Việt",chars/6DD9.json
淜,C,péng,tiếng sóng xô,"bộ thủ, từ liên quan, câu liên quan, Hán Việt",chars/6DDC.json
淝,B,féi,tên một con sông,"từ liên quan, câu liên quan, Hán Việt",chars/6DDD.json
淞,B,Sōng,tên một con sông ở tỉnh Giang Tô,"câu liên quan, Hán Việt",chars/6DDE.json
淟,C,tiǎn,đục; ngầu,"bộ thủ, từ liên quan, câu liên quan",chars/6DDF.json
淠,B,pì,um tùm (chỉ thực vật dưới nước),"từ liên quan, câu liên quan, Hán Việt",chars/6DE0.json
淢,C,yù,hào nước; dòng chảy xiết,"bộ thủ, từ liên quan, câu liên quan",chars/6DE2.json
淤,B,yū,bùn lắng; bùn sông,câu liên quan,chars/6DE4.json
淦,B,gàn,tên một con sông,"từ liên quan, câu liên quan, Hán Việt",chars/6DE6.json
淩,B,líng,biến thể của 凌[ling2],"từ liên quan, câu liên quan",chars/6DE9.json
淫,C,yín,quá mức; quá độ,"bộ thủ, câu liên quan",chars/6DEB.json
淬,B,cuì,nhúng vào nước; tôi luyện,câu liên quan,chars/6DEC.json
淮,B,Huái,tên một con sông,câu liên quan,chars/6DEE.json
淯,B,Yù,tên sông; tên cũ của sông Bạch Hà 白河 ở Hà Nam,"từ liên quan, câu liên quan",chars/6DEF.json
淰,C,niǎn,nước lặng,"bộ thủ, từ liên quan, câu liên quan, Hán Việt",chars/6DF0.json
淸,C,qīng,biến thể của 清[qing1],"bộ thủ, từ liên quan, câu liên quan, Hán Việt",chars/6DF8.json
淼,C,miǎo,một trận lụt; vô tận,"bộ thủ, câu liên quan, Hán Việt",chars/6DFC.json
渇,C,kě,chữ Nhật của 渴,"bộ thủ, từ liên quan, câu liên quan, Hán Việt",chars/6E07.json
済,C,jì,chữ Nhật của 濟|济,"bộ thủ, từ liên quan, câu liên quan, Hán Việt",chars/6E08.json
渉,C,shè,biến thể tiếng Nhật của 涉[she4],"bộ thủ, từ liên quan, câu liên quan, Hán Việt",chars/6E09.json
渋,C,sè,biến thể tiếng Nhật của 澀|涩[se4],"bộ thủ, từ liên quan, câu liên quan, Hán Việt",chars/6E0B.json
渌,B,lù,nước trong; lọc chất lỏng,"từ liên quan, câu liên quan",chars/6E0C.json
渍,A,zì,ngâm; bị ố,Hán Việt,chars/6E0D.json
渎,B,dú,bất kính; (văn học) mương rãnh,"câu liên quan, Hán Việt",chars/6E0E.json
渑,B,shéng,tên một con sông ở Sơn Đông,"câu liên quan, Hán Việt",chars/6E11.json
渓,C,xī,biến thể tiếng Nhật của 溪[xi1],"bộ thủ, từ liên quan, câu liên quan, Hán Việt",chars/6E13.json
渔,C,yú,ngư dân; câu cá,bộ thủ,chars/6E14.json
渕,C,yuān,biến thể của 淵|渊[yuan1],"bộ thủ, từ liên quan, câu liên quan, Hán Việt",chars/6E15.json
渖,B,shěn,biến thể cũ của 瀋|沈[shen3],"từ liên quan, câu liên quan, Hán Việt",chars/6E16.json
渚,B,zhǔ,cù lao; bờ,câu liên quan,chars/6E1A.json
渝,A,Yú,tên gọi tắt của Trùng Khánh 重慶|重庆[Chong2 qing4]; tên gọi cũ của sông Gia Lăng 嘉陵江[Jia1 ling2 Jiang1] ở Tứ Xuyên,Hán Việt,chars/6E1D.json
渟,C,tíng,nước tù đọng,"bộ thủ, từ liên quan, câu liên quan, Hán Việt",chars/6E1F.json
渠,C,Qú,họ [Qu2],bộ thủ,chars/6E20.json
渣,A,zhā,xỉ (trong khai thác mỏ hoặc nấu chảy kim loại); cặn bã,Hán Việt,chars/6E23.json
渤,B,Bó,"giống như 渤海[Bo2 Hai3], biển Bột Hải giữa Liêu Ninh và Sơn Đông; Vịnh Trực Lệ hoặc Chiết Lệ",câu liên quan,chars/6E24.json
渥,B,wò,làm giàu; làm ẩm,câu liên quan,chars/6E25.json
渧,C,dì,"rơi, như chất lỏng; một giọt","bộ thủ, từ liên quan, câu liên quan, Hán Việt",chars/6E27.json
渨,C,wēi,vịnh; vũng,"bộ thủ, từ liên quan, câu liên quan",chars/6E28.json
渫,B,Xiè,họ [Xie4],"từ liên quan, câu liên quan, Hán Việt",chars/6E2B.json
渭,B,Wèi,sông Vị ở Thiểm Tây chảy qua đồng bằng Quan Trung 關中平原|关中平原[Guan1 zhong1 Ping2 yuan2],câu liên quan,chars/6E2D.json
渮,C,gē,tên địa danh,"bộ thủ, từ liên quan, câu liên quan, Hán Việt",chars/6E2E.json
渰,C,yǎn,(mây) hình thành hoặc dâng lên,"bộ thủ, từ liên quan, câu liên quan, Hán Việt",chars/6E30.json
渲,B,xuàn,phủ màu,"câu liên quan, Hán Việt",chars/6E32.json
渶,C,Yīng,sông ở tỉnh Sơn Đông (cũ),"bộ thủ, từ liên quan, câu liên quan, Hán Việt",chars/6E36.json
游,A,yóu,bơi,Hán Việt,chars/6E38.json
渺,A,miǎo,rộng lớn (của một vùng nước); xa xăm và mơ hồ,Hán Việt,chars/6E3A.json
渼,C,měi,hoa văn gợn sóng,"bộ thủ, từ liên quan, câu liên quan",chars/6E3C.json
湃,A,pài,âm thanh của sóng,Hán Việt,chars/6E43.json
湄,B,méi,bờ; rìa,câu liên quan,chars/6E44.json
湅,C,liàn,luộc tơ sống (để làm mềm và làm sạch),"bộ thủ, từ liên quan, câu liên quan",chars/6E45.json
湉,C,tián,"(văn học) nước chảy êm đềm, yên bình","bộ thủ, câu liên quan, Hán Việt",chars/6E49.json
湌,C,cān,biến thể của 餐[can1],"bộ thủ, từ liên quan, câu liên quan, Hán Việt",chars/6E4C.json
湍,B,tuān,nước chảy xiết,"câu liên quan, Hán Việt",chars/6E4D.json
湎,C,miǎn,say rượu,bộ thủ,chars/6E4E.json
湑,C,xǔ,nhiều; sáng,"bộ thủ, từ liên quan, câu liên quan, Hán Việt",chars/6E51.json
湓,B,pén,nước chảy; tên một con sông,"từ liên quan, câu liên quan",chars/6E53.json
湔,B,jiān,rửa; rửa sạch oan khuất,"câu liên quan, Hán Việt",chars/6E54.json
湘,B,Xiāng,"viết tắt của Hồ Nam 湖南, tỉnh ở miền trung nam Trung Quốc; viết tắt của sông Tương, tỉnh Hồ Nam",câu liên quan,chars/6E58.json
湛,C,Zhàn,họ [Zhan4],bộ thủ,chars/6E5B.json
湜,C,shí,nước trong; tinh khiết,"bộ thủ, từ liên quan, câu liên quan, Hán Việt",chars/6E5C.json
湝,C,jiē,nước chảy,"bộ thủ, từ liên quan, câu liên quan, Hán Việt",chars/6E5D.json
湟,B,huáng,tên một con sông,"câu liên quan, Hán Việt",chars/6E5F.json
湢,C,bì,nhà tắm công cộng,"bộ thủ, từ liên quan, câu liên quan, Hán Việt",chars/6E62.json
湣,B,mǐn,(chữ cổ dùng trong thụy hiệu của quân chủ); biến thể cũ của 憫|悯[min3],"từ liên quan, câu liên quan, Hán Việt",chars/6E63.json
湩,C,dòng,sữa; tiếng trống,"bộ thủ, từ liên quan, câu liên quan, Hán Việt",chars/6E69.json
湫,B,jiǎo,đầm lầy,"từ liên quan, câu liên quan, Hán Việt",chars/6E6B.json
湮,C,yān,(văn học) chìm vào quên lãng; (văn học) bị bồi lấp,"bộ thủ, câu liên quan, Hán Việt",chars/6E6E.json
湱,C,huò,sóng vỗ,"bộ thủ, từ liên quan, câu liên quan, Hán Việt",chars/6E71.json
湲,C,yuán,nước chảy xiết,"bộ thủ, từ liên quan, câu liên quan",chars/6E72.json
湴,B,bàn,bùn; lầy,"từ liên quan, câu liên quan, Hán Việt",chars/6E74.json
湾,A,wān,vịnh; vũng,Hán Việt,chars/6E7E.json
湿,A,shī,ướt,Hán Việt,chars/6E7F.json
満,C,mǎn,biến thể tiếng Nhật của 滿|满,"bộ thủ, từ liên quan, câu liên quan, Hán Việt",chars/6E80.json
溅,B,jiàn,"rắc, bắn","câu liên quan, Hán Việt",chars/6E85.json
溆,B,xù,tên một con sông,"câu liên quan, Hán Việt",chars/6E86.json
溇,C,Lóu,xem 漊水|溇水[Lou2 Shui3],"bộ thủ, từ liên quan, câu liên quan",chars/6E87.json
溉,A,gài,tưới tiêu,Hán Việt,chars/6E89.json
溍,C,jìn,nước; tên một con sông,"bộ thủ, từ liên quan, câu liên quan, Hán Việt",chars/6E8D.json
溎,C,guì,tên một con sông,"bộ thủ, từ liên quan, câu liên quan, Hán Việt",chars/6E8E.json
溏,B,táng,nửa đông đặc; ao,"câu liên quan, Hán Việt",chars/6E8F.json
溘,B,kè,đột nhiên,câu liên quan,chars/6E98.json
溛,C,wā,tạo thành hõm; hố,"bộ thủ, từ liên quan, câu liên quan, Hán Việt",chars/6E9B.json
溜,A,liū,trượt đi,Hán Việt,chars/6E9C.json
溟,C,míng,mưa phùn; biển,"bộ thủ, câu liên quan, Hán Việt",chars/6E9F.json
溠,C,zhà,tên một con sông,"bộ thủ, từ liên quan, câu liên quan, Hán Việt",chars/6EA0.json
溢,A,yì,tràn,Hán Việt,chars/6EA2.json
溤,C,mǎ,tên một con sông,"bộ thủ, từ liên quan, câu liên quan, Hán Việt",chars/6EA4.json
溥,B,Pǔ,họ [Pu3],"câu liên quan, Hán Việt",chars/6EA5.json
溦,B,wēi,mưa phùn; mưa nhẹ,"từ liên quan, câu liên quan, Hán Việt",chars/6EA6.json
溧,B,lì,tên một con sông,câu liên quan,chars/6EA7.json
溯,C,sù,đi ngược dòng; theo dấu nguồn gốc,"bộ thủ, Hán Việt",chars/6EAF.json
溱,B,zhēn,tên một con sông,"từ liên quan, câu liên quan, Hán Việt",chars/6EB1.json
溲,B,sōu,đi tiểu tiện,"từ liên quan, câu liên quan, Hán Việt",chars/6EB2.json
溴,C,xiù,bromine (hóa học),"bộ thủ, từ liên quan, câu liên quan, Hán Việt",chars/6EB4.json
溵,C,Yīn,"dùng trong địa danh, ví dụ 溵水 từng là tên sông Shahe 沙河, Hà Nam, và 溵州 từng là một châu thời nhà Đường","bộ thủ, từ liên quan, câu liên quan, Hán Việt",chars/6EB5.json
溷,C,hùn,nhà xí; chuồng súc vật,"bộ thủ, từ liên quan, câu liên quan, Hán Việt",chars/6EB7.json
溺,A,nì,chết đuối; chìm đắm,Hán Việt,chars/6EBA.json
溻,B,tā,(quần áo) ướt đẫm mồ hôi,"từ liên quan, câu liên quan, Hán Việt",chars/6EBB.json
溽,B,rù,ẩm ướt; ngột ngạt,"từ liên quan, câu liên quan, Hán Việt",chars/6EBD.json
溾,C,wēi,mưa nhẹ,"bộ thủ, từ liên quan, câu liên quan, Hán Việt",chars/6EBE.json
滁,B,Chú,tên một con sông ở An Huy,"câu liên quan, Hán Việt",chars/6EC1.json
滂,B,pāng,nước chảy xiết,câu liên quan,chars/6EC2.json
滃,C,wěng,(của mây) dâng lên; (của nước) dâng lên,"bộ thủ, từ liên quan, câu liên quan, Hán Việt",chars/6EC3.json
滇,B,Diān,viết tắt của tỉnh Vân Nam 雲南|云南[Yun2 nan2] ở tây nam Trung Quốc,câu liên quan,chars/6EC7.json
滉,C,huǎng,mặt nước rộng sáng,"bộ thủ, từ liên quan, câu liên quan, Hán Việt",chars/6EC9.json
滊,B,xì,tên một con sông,"từ liên quan, câu liên quan, Hán Việt",chars/6ECA.json
滋,A,zī,sinh trưởng; bồi bổ,Hán Việt,chars/6ECB.json
滏,B,fǔ,tên một con sông ở Hà Bắc,"từ liên quan, câu liên quan, Hán Việt",chars/6ECF.json
滓,B,zǐ,cặn; trầm tích,"câu liên quan, Hán Việt",chars/6ED3.json
滕,C,Téng,chư hầu của nhà Chu ở Sơn Đông; quận Teng ở Sơn Đông,"bộ thủ, câu liên quan, Hán Việt",chars/6ED5.json
滗,B,bì,rót chất lỏng ra; gạn,"từ liên quan, câu liên quan",chars/6ED7.json
滘,C,jiào,tên địa danh ở Quảng Đông,"bộ thủ, từ liên quan, câu liên quan, Hán Việt",chars/6ED8.json
滝,C,lóng,biến thể tiếng Nhật của 瀧|泷[long2],"bộ thủ, từ liên quan, câu liên quan",chars/6EDD.json
滟,C,yàn,sóng cồn cuồn cuộn,"bộ thủ, từ liên quan, câu liên quan, Hán Việt",chars/6EDF.json
滠,B,shè,tên một con sông,"từ liên quan, câu liên quan, Hán Việt",chars/6EE0.json
滢,C,yíng,trong; sáng (nói về nước),"bộ thủ, từ liên quan, câu liên quan, Hán Việt",chars/6EE2.json
滤,A,lǜ,lọc; lọc qua,Hán Việt,chars/6EE4.json
滦,B,Luán,sông và huyện ở tỉnh Hà Bắc,"câu liên quan, Hán Việt",chars/6EE6.json
滨,A,bīn,"(hình thức kết hợp) mép nước; bờ; bờ biển; (hình thức kết hợp) giáp với (hồ, sông v.v.)",Hán Việt,chars/6EE8.json
滩,C,tān,bãi biển; bãi cạn,"bộ thủ, Hán Việt",chars/6EE9.json
滪,C,Yù,(tên địa danh ở Tứ Xuyên),"bộ thủ, từ liên quan, câu liên quan, Hán Việt",chars/6EEA.json
滫,C,xiǔ,(văn học) nước vo gạo bị ôi thiu; nước bẩn,"bộ thủ, từ liên quan, câu liên quan, Hán Việt",chars/6EEB.json
滮,C,biāo,nước chảy,"bộ thủ, từ liên quan, câu liên quan, Hán Việt",chars/6EEE.json
滹,B,Hū,họ [Hu1]; tên một con sông,"từ liên quan, câu liên quan, Hán Việt",chars/6EF9.json
漄,C,yá,biến thể cũ của 涯[ya2],"bộ thủ, từ liên quan, câu liên quan, Hán Việt",chars/6F04.json
漆,C,qī,sơn,"bộ thủ, Hán Việt",chars/6F06.json
漈,C,jì,bờ sông,"bộ thủ, từ liên quan, câu liên quan, Hán Việt",chars/6F08.json
漎,C,cóng,nơi các dòng suối nhỏ chảy vào dòng lớn,"bộ thủ, từ liên quan, câu liên quan, Hán Việt",chars/6F0E.json
漏,C,lòu,"rò rỉ, để lộ",bộ thủ,chars/6F0F.json
漕,B,cáo,vận chuyển (đặc biệt là lương thực) bằng đường thủy; (văn học) dòng nước; kênh rạch,"câu liên quan, Hán Việt",chars/6F15.json
漖,C,jiào,sông Jiao,"bộ thủ, từ liên quan, câu liên quan, Hán Việt",chars/6F16.json
漘,C,chún,bờ,"bộ thủ, từ liên quan, câu liên quan, Hán Việt",chars/6F18.json
漙,C,tuán,sương nặng hạt,"bộ thủ, từ liên quan, câu liên quan, Hán Việt",chars/6F19.json
漜,C,yě,bùn,"bộ thủ, từ liên quan, câu liên quan, Hán Việt",chars/6F1C.json
漡,C,shāng,biến thể cũ của 湯|汤[shang1],"bộ thủ, từ liên quan, câu liên quan, Hán Việt",chars/6F21.json
漤,B,lǎn,"ngâm (trái cây) trong nước nóng hoặc nước vôi để loại bỏ vị chát; ướp muối, v.v.","từ liên quan, câu liên quan, Hán Việt",chars/6F24.json
漥,C,wā,biến thể của 窪|洼[wa1],"bộ thủ, từ liên quan, câu liên quan, Hán Việt",chars/6F25.json
漦,C,lí,trôi theo dòng; chất nhầy,"bộ thủ, từ liên quan, câu liên quan, Hán Việt",chars/6F26.json
漩,C,xuán,xoáy nước; lốc xoáy,"bộ thủ, Hán Việt",chars/6F29.json
漪,A,yī,gợn sóng,Hán Việt,chars/6F2A.json
漭,B,mǎng,rộng lớn; mênh mông (nước),"từ liên quan, câu liên quan, Hán Việt",chars/6F2D.json
漯,B,tà,tên một con sông,"câu liên quan, Hán Việt",chars/6F2F.json
漰,C,pēng,tiếng sóng vỗ,"bộ thủ, từ liên quan, câu liên quan, Hán Việt",chars/6F30.json
漱,C,shù,súc miệng bằng nước; súc miệng,"bộ thủ, câu liên quan, Hán Việt",chars/6F31.json
漳,B,Zhāng,sông Zhang ở Phúc Kiến,"câu liên quan, Hán Việt",chars/6F33.json
漶,B,huàn,"(chữ viết, tranh v.v.) không rõ do hư hỏng (như hư hại do nước v.v.); mờ","từ liên quan, câu liên quan, Hán Việt",chars/6F36.json
漷,C,kuò,dòng nước xiết giao nhau,"bộ thủ, từ liên quan, câu liên quan, Hán Việt",chars/6F37.json
漼,C,cuǐ,có vẻ sâu,"bộ thủ, câu liên quan",chars/6F3C.json
漾,A,yàng,tràn ra; gợn sóng,Hán Việt,chars/6F3E.json
潀,C,cóng,tập hợp; chảy vào (nước),"bộ thủ, từ liên quan, câu liên quan, Hán Việt",chars/6F40.json
潃,C,xiǔ,biến thể cũ của 滫[xiu3],"bộ thủ, từ liên quan, câu liên quan, Hán Việt",chars/6F43.json
潆,C,yíng,xoáy nước; sông nhỏ,"bộ thủ, từ liên quan, câu liên quan, Hán Việt",chars/6F46.json
潇,A,xiāo,(nước) sâu và trong; (gió mưa) gào thét dữ dội,Hán Việt,chars/6F47.json
潋,B,liàn,đầy nước; máng nước,"từ liên quan, câu liên quan, Hán Việt",chars/6F4B.json
潍,B,wéi,tên một con sông,"câu liên quan, Hán Việt",chars/6F4D.json
潎,C,pì,gợn sóng; đổ,"bộ thủ, từ liên quan, câu liên quan, Hán Việt",chars/6F4E.json
潏,C,jué,sôi lên,"bộ thủ, từ liên quan, câu liên quan, Hán Việt",chars/6F4F.json
潗,C,jí,thân thiện; hài hòa,"bộ thủ, từ liên quan, câu liên quan",chars/6F57.json
潘,B,Pān,"họ [Pan1]; Pan, dương thần trong thần thoại Hy Lạp, con của Hermes","câu liên quan, Hán Việt",chars/6F58.json
潝,C,xī,đồng ý,"bộ thủ, từ liên quan, câu liên quan, Hán Việt",chars/6F5D.json
潞,B,Lù,tên một con sông; họ [Lu4],"câu liên quan, Hán Việt",chars/6F5E.json
潟,B,xì,đất mặn; đầm lầy muối,"câu liên quan, Hán Việt",chars/6F5F.json
潠,C,xùn,phun ra từ miệng,"bộ thủ, từ liên quan, câu liên quan",chars/6F60.json
潢,B,huáng,nhuộm giấy; hồ,"câu liên quan, Hán Việt",chars/6F62.json
潲,C,shào,mưa xối xả; rơi tạt,"bộ thủ, từ liên quan, câu liên quan, Hán Việt",chars/6F72.json
潴,B,zhū,vũng nước; ao,"câu liên quan, Hán Việt",chars/6F74.json
潵,C,Sǎ,tên một con sông ở tỉnh Hà Bắc,"bộ thủ, từ liên quan, câu liên quan, Hán Việt",chars/6F75.json
潸,C,shān,đẫm lệ,"bộ thủ, câu liên quan, Hán Việt",chars/6F78.json
潼,B,tóng,cao; tên một ải,"câu liên quan, Hán Việt",chars/6F7C.json
潽,B,pū,sôi trào,"từ liên quan, câu liên quan, Hán Việt",chars/6F7D.json
潾,C,lín,trong (như nước),"bộ thủ, từ liên quan, câu liên quan, Hán Việt",chars/6F7E.json
澃,C,jiǒng,trong suốt,"bộ thủ, từ liên quan, câu liên quan, Hán Việt",chars/6F83.json
澈,A,chè,trong (nước); kỹ lưỡng,Hán Việt,chars/6F88.json
澉,B,gǎn,tên địa danh; rửa,"từ liên quan, câu liên quan, Hán Việt",chars/6F89.json
澌,B,sī,cạn kiệt; làm cho hết sạch,"từ liên quan, câu liên quan, Hán Việt",chars/6F8C.json
澍,C,shù,ẩm ướt; mưa kịp thời,"bộ thủ, từ liên quan, câu liên quan, Hán Việt",chars/6F8D.json
澐,C,yún,sóng nước,"bộ thủ, từ liên quan, câu liên quan, Hán Việt",chars/6F90.json
澒,C,hòng,mênh mông; vô tận,"bộ thủ, từ liên quan, câu liên quan, Hán Việt",chars/6F92.json
澔,C,hào,lớn; mênh mông (nói về nước),"bộ thủ, từ liên quan, câu liên quan, Hán Việt",chars/6F94.json
澙,C,xì,biến thể của 潟[xi4],"bộ thủ, từ liên quan, câu liên quan, Hán Việt",chars/6F99.json
澟,C,lǐn,biến thể cũ của 凜|凛[lin3],"bộ thủ, từ liên quan, câu liên quan, Hán Việt",chars/6F9F.json
澡,A,zǎo,tắm,Hán Việt,chars/6FA1.json
澥,B,xiè,(cháo v.v.) trở nên loãng; (phương ngữ) làm loãng (cháo v.v.) bằng cách thêm nước v.v.,"từ liên quan, câu liên quan, Hán Việt",chars/6FA5.json
澧,B,Lǐ,"Sông Lishui ở phía bắc Hồ Nam, chảy vào hồ Động Đình 洞庭湖[Dong4ting2 Hu2]; họ [Li3]","câu liên quan, Hán Việt",chars/6FA7.json
澨,C,shì,bờ; bờ sông,"bộ thủ, từ liên quan, câu liên quan, Hán Việt",chars/6FA8.json
澬,C,zī,mưa liên tục,"bộ thủ, từ liên quan, câu liên quan, Hán Việt",chars/6FAC.json
澰,C,liàn,(văn học) làm ẩm; làm ướt,"bộ thủ, từ liên quan, câu liên quan, Hán Việt",chars/6FB0.json
澳,A,Aò,Ma Cao (viết tắt của 澳門|澳门[Ao4 men2]); Úc (viết tắt của 澳大利亞|澳大利亚[Ao4 da4 li4 ya4]),Hán Việt,chars/6FB3.json
澴,C,huán,trở về (của sóng),"bộ thủ, từ liên quan, câu liên quan, Hán Việt",chars/6FB4.json
澶,B,chán,tĩnh lặng (như nước); nước tĩnh,"từ liên quan, câu liên quan, Hán Việt",chars/6FB6.json
澹,B,Tán,họ [Tan2],"câu liên quan, Hán Việt",chars/6FB9.json
澼,C,pì,tẩy; tráng rửa,"bộ thủ, từ liên quan, câu liên quan, Hán Việt",chars/6FBC.json
澽,C,Jù,(tên một con sông ở tỉnh Thiểm Tây),"bộ thủ, từ liên quan, câu liên quan, Hán Việt",chars/6FBD.json
濂,B,lián,tên một con sông ở Hồ Nam,"từ liên quan, câu liên quan, Hán Việt",chars/6FC2.json
濇,C,sè,sần sùi (của bề mặt),"bộ thủ, từ liên quan, câu liên quan, Hán Việt",chars/6FC7.json
濈,C,jí,nhiều,"bộ thủ, từ liên quan, câu liên quan",chars/6FC8.json
濉,B,suī,tên một con sông,"câu liên quan, Hán Việt",chars/6FC9.json
濊,B,huì,rộng lớn; mênh mông (như nước),"từ liên quan, câu liên quan, Hán Việt",chars/6FCA.json
濋,C,Chǔ,"tên một con sông cổ (ở địa danh nay là huyện Định Đào 定陶縣|定陶县[Ding4 tao2 Xian4], Sơn Đông)","bộ thủ, từ liên quan, câu liên quan, Hán Việt",chars/6FCB.json
濍,C,sōng,(từ tượng thanh) âm thanh của nước,"bộ thủ, từ liên quan, câu liên quan, Hán Việt",chars/6FCD.json
濑,B,lài,tên của một con sông; nước chảy xiết,"từ liên quan, câu liên quan, Hán Việt",chars/6FD1.json
濒,A,bīn,tiếp cận; giáp với,Hán Việt,chars/6FD2.json
濔,C,mǐ,nhiều; đông đúc,"bộ thủ, từ liên quan, câu liên quan",chars/6FD4.json
濞,B,bì,dùng trong địa danh; xem 漾濞[Yang4 bi4],câu liên quan,chars/6FDE.json
濠,B,háo,hào nước,"từ liên quan, câu liên quan, Hán Việt",chars/6FE0.json
濡,C,rú,chậm chạp; làm ẩm,"bộ thủ, câu liên quan",chars/6FE1.json
濩,C,huò,nấu; nước văng tung tóe,"bộ thủ, từ liên quan, câu liên quan, Hán Việt",chars/6FE9.json
濮,B,Pú,tên một con sông; họ [Pu2],"câu liên quan, Hán Việt",chars/6FEE.json
濯,B,zhào,biến thể của 櫂|棹[zhao4],"câu liên quan, Hán Việt",chars/6FEF.json
濲,C,gǔ,tên một con sông ở Hồ Nam,"bộ thủ, từ liên quan, câu liên quan, Hán Việt",chars/6FF2.json
濿,C,lì,biến thể của 砅[li4],"bộ thủ, từ liên quan, câu liên quan, Hán Việt",chars/6FFF.json
瀁,C,yàng,gợn sóng,"bộ thủ, từ liên quan, câu liên quan, Hán Việt",chars/7001.json
瀌,C,biāo,nhiều (mưa hoặc tuyết),"bộ thủ, từ liên quan, câu liên quan, Hán Việt",chars/700C.json
瀍,C,Chán,sông Chanshui ở Hà Nam,"bộ thủ, câu liên quan, Hán Việt",chars/700D.json
瀑,C,bào,mưa rào (mưa),"bộ thủ, Hán Việt",chars/7011.json
瀒,C,sè,biến thể của 濇[se4],"bộ thủ, từ liên quan, câu liên quan, Hán Việt",chars/7012.json
瀔,C,gǔ,tên sông ở tỉnh Hà Nam,"bộ thủ, từ liên quan, câu liên quan, Hán Việt",chars/7014.json
瀚,B,hàn,đại dương; rộng lớn,"câu liên quan, Hán Việt",chars/701A.json
瀛,B,yíng,đại dương,"câu liên quan, Hán Việt",chars/701B.json
瀡,C,suǐ,trơn,"bộ thủ, từ liên quan, câu liên quan, Hán Việt",chars/7021.json
瀣,B,xiè,sương mù; hơi nước,"câu liên quan, Hán Việt",chars/7023.json
瀬,C,lài,biến thể tiếng Nhật của 瀨|濑,"bộ thủ, từ liên quan, câu liên quan, Hán Việt",chars/702C.json
瀳,C,jiàn,nước chảy đến,"bộ thủ, từ liên quan, câu liên quan, Hán Việt",chars/7033.json
瀵,B,fèn,tên một con sông; hơi nước trong thung lũng,"từ liên quan, câu liên quan, Hán Việt",chars/7035.json
瀹,B,yuè,rửa sạch; đun sôi,"từ liên quan, câu liên quan, Hán Việt",chars/7039.json
瀺,C,chán,tiếng nước,"bộ thủ, từ liên quan, câu liên quan, Hán Việt",chars/703A.json
瀼,C,ráng,đẫm sương,"bộ thủ, từ liên quan, câu liên quan, Hán Việt",chars/703C.json
灉,C,yōng,tên một con sông; cống nước,"bộ thủ, từ liên quan, câu liên quan, Hán Việt",chars/7049.json
灌,A,guàn,đổ,Hán Việt,chars/704C.json
灏,B,hào,rộng lớn (nói về nước),"từ liên quan, câu liên quan, Hán Việt",chars/704F.json
灒,C,zàn,"văng tung tóe, bắn tung tóe, tung ra","bộ thủ, từ liên quan, câu liên quan, Hán Việt",chars/7052.json
灖,C,mǐ,(dùng để miêu tả nước chảy),"bộ thủ, từ liên quan, câu liên quan, Hán Việt",chars/7056.json
灞,B,Bà,tên một con sông,"câu liên quan, Hán Việt",chars/705E.json
灠,C,lǎn,biến thể của 漤[lan3],"bộ thủ, từ liên quan, câu liên quan, Hán Việt",chars/7060.json
灢,C,nǎng,đục; nước đặc và đục,"bộ thủ, từ liên quan, câu liên quan, Hán Việt",chars/7062.json
灥,C,xún,một nhóm suối,"bộ thủ, từ liên quan, câu liên quan, Hán Việt",chars/7065.json
灪,C,yù,(văn học) (về sóng) lớn lao,"bộ thủ, từ liên quan, câu liên quan, Hán Việt",chars/706A.json
灬,B,huǒ,"Lửa, nóng, ánh sáng.","từ liên quan, câu liên quan, Hán Việt",chars/706C.json
灮,C,guāng,biến thể cũ của 光[guang1],"bộ thủ, từ liên quan, câu liên quan, Hán Việt",chars/706E.json
灴,C,hóng,nướng; sấy khô bằng lửa,"bộ thủ, từ liên quan, câu liên quan, Hán Việt",chars/7074.json
灶,C,zào,Bếp lò,bộ thủ,chars/7076.json
灺,C,xiè,đoạn nến,"bộ thủ, từ liên quan, câu liên quan, Hán Việt",chars/707A.json
炀,B,yáng,nấu chảy; luyện kim,"câu liên quan, Hán Việt",chars/7080.json
炁,C,qì,"biến thể của 氣|气[qi4], hơi thở; không khí","bộ thủ, từ liên quan, câu liên quan, Hán Việt",chars/7081.json
炅,C,Guì,họ [Gui4],"bộ thủ, từ liên quan, câu liên quan, Hán Việt",chars/7085.json
炆,B,wén,(tiếng Quảng Đông) hầm; nấu lửa nhỏ,"câu liên quan, Hán Việt",chars/7086.json
炉,C,lú,bếp; lò,bộ thủ,chars/7089.json
炏,C,yán,biến thể cũ của 炎[yan2],"bộ thủ, từ liên quan, câu liên quan, Hán Việt",chars/708F.json
炔,B,Guì,họ [Gui4],"câu liên quan, Hán Việt",chars/7094.json
炕,B,kàng,biến thể cũ của 炕[kang4],"câu liên quan, Hán Việt",chars/7095.json
炗,C,guāng,biến thể cũ của 光[guang1],"bộ thủ, từ liên quan, câu liên quan, Hán Việt",chars/7097.json
炘,C,xīn,nắng gắt buổi trưa; nhiệt,"bộ thủ, từ liên quan, câu liên quan, Hán Việt",chars/7098.json
炙,A,zhì,nướng; quay,Hán Việt,chars/7099.json
炜,B,wěi,rực rỡ; sáng,"từ liên quan, câu liên quan, Hán Việt",chars/709C.json
炝,B,qiàng,"xào nhanh rồi nấu với nước sốt và nước; chần thức ăn rồi trộn với xì dầu,...","từ liên quan, câu liên quan, Hán Việt",chars/709D.json
炤,B,Zhào,họ [Zhao4],"từ liên quan, câu liên quan",chars/70A4.json
炫,A,xuàn,làm chói mắt; khoe khoang,Hán Việt,chars/70AB.json
炬,A,jù,ngọn đuốc,Hán Việt,chars/70AC.json
炭,C,tàn,than củi,bộ thủ,chars/70AD.json
炯,B,jiǒng,sáng; rõ ràng,"câu liên quan, Hán Việt",chars/70AF.json
炰,C,páo,nướng,"bộ thủ, từ liên quan, câu liên quan, Hán Việt",chars/70B0.json
炱,B,tái,bồ hóng,"từ liên quan, câu liên quan, Hán Việt",chars/70B1.json
炲,C,tái,biến thể của 炱[tai2],"bộ thủ, từ liên quan, câu liên quan, Hán Việt",chars/70B2.json
炳,B,bǐng,sáng; rực rỡ,câu liên quan,chars/70B3.json
炴,C,yǎng,ánh lửa; ngọn lửa,"bộ thủ, từ liên quan, câu liên quan, Hán Việt",chars/70B4.json
炷,B,zhù,"bấc đèn dầu; đốt (hương, v.v.)","từ liên quan, câu liên quan, Hán Việt",chars/70B7.json
炸,A,zhá,chiên ngập dầu,Hán Việt,chars/70B8.json
点,C,diǎn,giờ,bộ thủ,chars/70B9.json
炻,C,shí,đồ gốm sứ,"bộ thủ, câu liên quan, Hán Việt",chars/70BB.json
炽,B,chì,cháy; bừng cháy,câu liên quan,chars/70BD.json
炾,C,huǎng,sáng sủa và rộng rãi,"bộ thủ, từ liên quan, câu liên quan, Hán Việt",chars/70BE.json
烀,B,hū,nấu với một lượng nước nhỏ,"từ liên quan, câu liên quan, Hán Việt",chars/70C0.json
烁,C,shuò,sáng; rực rỡ,"bộ thủ, Hán Việt",chars/70C1.json
烃,B,tīng,hydrocacbon,"câu liên quan, Hán Việt",chars/70C3.json
烉,C,huàn,biến thể cũ của 煥|焕[huan4],"bộ thủ, từ liên quan, câu liên quan, Hán Việt",chars/70C9.json
烊,B,yáng,nóng chảy; nung chảy,câu liên quan,chars/70CA.json
烋,C,xiāo,đun sôi hoặc xông khói,"bộ thủ, từ liên quan, câu liên quan, Hán Việt",chars/70CB.json
烓,C,wēi,bếp hình tam giác,"bộ thủ, từ liên quan, câu liên quan, Hán Việt",chars/70D3.json
烔,C,tóng,nóng; được đun nóng,"bộ thủ, từ liên quan, câu liên quan, Hán Việt",chars/70D4.json
烕,C,miè,biến thể cũ của 滅|灭[mie4],"bộ thủ, từ liên quan, câu liên quan, Hán Việt",chars/70D5.json
烙,A,lào,đóng dấu; ủi,Hán Việt,chars/70D9.json
烜,C,xuǎn,rực rỡ,"bộ thủ, từ liên quan, câu liên quan, Hán Việt",chars/70DC.json
烝,C,zhēng,đông đảo; quần chúng,"bộ thủ, từ liên quan, câu liên quan",chars/70DD.json
烟,A,yān,khói,Hán Việt,chars/70DF.json
烨,C,yè,biến thể của 燁|烨[ye4],"bộ thủ, câu liên quan, Hán Việt",chars/70E8.json
烩,B,huì,"hầm; nấu (cơm, v.v.) với rau, thịt và nước","câu liên quan, Hán Việt",chars/70E9.json
烫,A,tàng,"đốt, bỏng; nóng",Hán Việt,chars/70EB.json
烬,C,jìn,(dạng kết hợp) than tàn; tro,bộ thủ,chars/70EC.json
烯,B,xī,anken,"câu liên quan, Hán Việt",chars/70EF.json
烳,C,pǔ,đi du lịch dưới ánh đuốc,"bộ thủ, từ liên quan, câu liên quan, Hán Việt",chars/70F3.json
烷,B,wán,ankan,"câu liên quan, Hán Việt",chars/70F7.json
烺,C,lǎng,rực sáng; ánh sáng,"bộ thủ, từ liên quan, câu liên quan, Hán Việt",chars/70FA.json
烽,B,fēng,lửa hiệu,"câu liên quan, Hán Việt",chars/70FD.json
焃,C,hè,rực rỡ; sáng ngời,"bộ thủ, từ liên quan, câu liên quan, Hán Việt",chars/7103.json
焄,C,xūn,khói từ lễ cúng,"bộ thủ, từ liên quan, câu liên quan, Hán Việt",chars/7104.json
焈,C,xī,biến thể cũ của 熙[xi1],"bộ thủ, từ liên quan, câu liên quan, Hán Việt",chars/7108.json
焉,C,yān,ở đâu; như thế nào,bộ thủ,chars/7109.json
焊,B,hàn,hàn,"câu liên quan, Hán Việt",chars/710A.json
焌,B,jùn,đốt lửa; châm lửa,"từ liên quan, câu liên quan, Hán Việt",chars/710C.json
焐,A,wù,hâm nóng,Hán Việt,chars/7110.json
焓,B,hán,entalpi,câu liên quan,chars/7113.json
焔,C,yàn,biến thể cũ của 焰[yan4],"bộ thủ, từ liên quan, câu liên quan, Hán Việt",chars/7114.json
焕,A,huàn,rực rỡ; sáng ngời,Hán Việt,chars/7115.json
焖,B,mèn,nấu trong nồi đậy kín; hầm,"từ liên quan, câu liên quan, Hán Việt",chars/7116.json
焗,B,jú,"(phương ngữ) nấu trong muối hoặc cát, trong nồi kín; hấp","từ liên quan, câu liên quan, Hán Việt",chars/7117.json
焘,B,dào,che phủ; bao trùm,"câu liên quan, Hán Việt",chars/7118.json
焙,B,bèi,sấy trên lửa; nướng,câu liên quan,chars/7119.json
焚,C,fén,đốt,"bộ thủ, Hán Việt",chars/711A.json
焜,C,kūn,rực rỡ,"bộ thủ, từ liên quan, câu liên quan, Hán Việt",chars/711C.json
焞,C,tūn,sáng; ngời,"bộ thủ, từ liên quan, câu liên quan",chars/711E.json
焟,C,xī,khô,"bộ thủ, từ liên quan, câu liên quan, Hán Việt",chars/711F.json
焠,C,cuì,tôi (như thép),"bộ thủ, từ liên quan, câu liên quan",chars/7120.json
焢,B,hōng,vẻ tức giận (cổ đại),"từ liên quan, câu liên quan, Hán Việt",chars/7122.json
焦,A,jiāo,cháy,Hán Việt,chars/7126.json
焮,C,xìn,nhiệt; ngọn lửa,"bộ thủ, từ liên quan, câu liên quan, Hán Việt",chars/712E.json
焯,B,chāo,chần (rau),"từ liên quan, câu liên quan, Hán Việt",chars/712F.json
焱,C,yàn,biến thể của 焰[yan4],"bộ thủ, từ liên quan, câu liên quan, Hán Việt",chars/7131.json
焴,C,yù,biến thể cũ của 煜[yu4],"bộ thủ, từ liên quan, câu liên quan, Hán Việt",chars/7134.json
焼,C,shāo,biến thể cũ của 燒|烧[shao1],"bộ thủ, từ liên quan, câu liên quan, Hán Việt",chars/713C.json
焿,C,gēng,"biến thể của 羹[geng1], dùng trong nhà hàng và chợ đêm ở Đài Loan","bộ thủ, từ liên quan, câu liên quan, Hán Việt",chars/713F.json
煁,C,chén,lò than,"bộ thủ, từ liên quan, câu liên quan, Hán Việt",chars/7141.json
煃,C,kuǐ,rực lửa; cháy bừng,"bộ thủ, từ liên quan, câu liên quan, Hán Việt",chars/7143.json
煅,B,duàn,biến thể của 鍛|锻[duan4],"câu liên quan, Hán Việt",chars/7145.json
煆,B,xiā,lửa cháy dữ dội,"từ liên quan, câu liên quan, Hán Việt",chars/7146.json
煇,C,huī,sáng rạng; rực rỡ,"bộ thủ, từ liên quan, câu liên quan, Hán Việt",chars/7147.json
煊,B,xuān,biến thể của 暄[xuan1],"câu liên quan, Hán Việt",chars/714A.json
煌,A,huáng,rực rỡ,Hán Việt,chars/714C.json
煍,C,jiǎo,nhuộm màu bằng khói,"bộ thủ, từ liên quan, câu liên quan, Hán Việt",chars/714D.json
煎,A,jiān,rán,Hán Việt,chars/714E.json
煏,C,bì,(tiếng địa phương) hong khô bằng lửa,"bộ thủ, từ liên quan, câu liên quan",chars/714F.json
煐,C,yīng,(dùng trong tên); đơn vị nhiệt Anh (BTU),"bộ thủ, từ liên quan, câu liên quan, Hán Việt",chars/7150.json
煕,C,xī,biến thể cũ của 熙,"bộ thủ, từ liên quan, câu liên quan, Hán Việt",chars/7155.json
煚,C,jiǒng,lửa,"bộ thủ, từ liên quan, câu liên quan, Hán Việt",chars/715A.json
煜,C,yù,rực rỡ; huy hoàng,"bộ thủ, câu liên quan, Hán Việt",chars/715C.json
煝,C,mèi,rực rỡ; cháy mạnh,"bộ thủ, từ liên quan, câu liên quan, Hán Việt",chars/715D.json
煞,C,shā,chấm dứt; cắt ngắn,"bộ thủ, câu liên quan, Hán Việt",chars/715E.json
煟,C,wèi,ánh lửa rực rỡ,"bộ thủ, từ liên quan, câu liên quan, Hán Việt",chars/715F.json
煠,C,yè,chiên trong mỡ hoặc dầu; chần nước sôi,"bộ thủ, từ liên quan, câu liên quan, Hán Việt",chars/7160.json
煦,C,xù,dịu dàng; ấm áp,"bộ thủ, câu liên quan, Hán Việt",chars/7166.json
煨,B,wēi,hầm; nướng trong tro,"từ liên quan, câu liên quan",chars/7168.json
煮,A,zhǔ,đun sôi,Hán Việt,chars/716E.json
煰,C,zào,khô (biến thể cũ của 燥[zao4]),"bộ thủ, từ liên quan, câu liên quan, Hán Việt",chars/7170.json
煲,B,bāo,đun sôi,"câu liên quan, Hán Việt",chars/7172.json
煳,C,hú,bị cháy; cháy khét,"bộ thủ, từ liên quan, câu liên quan, Hán Việt",chars/7173.json
煴,C,yùn,biến thể của 熨[yun4],"bộ thủ, từ liên quan, câu liên quan",chars/7174.json
煸,B,biān,xào trước khi nướng hoặc hầm,"từ liên quan, câu liên quan, Hán Việt",chars/7178.json
煺,C,tuì,nhổ lông gia cầm hoặc lông heo bằng nước nóng,"bộ thủ, từ liên quan, câu liên quan, Hán Việt",chars/717A.json
煻,C,táng,hơ ấm; nướng,"bộ thủ, từ liên quan, câu liên quan, Hán Việt",chars/717B.json
煽,C,shān,quạt lửa; kích động,bộ thủ,chars/717D.json
熀,C,huǎng,sáng; rực rỡ,"bộ thủ, từ liên quan, câu liên quan, Hán Việt",chars/7180.json
熁,C,xié,(nghĩa không rõ),"bộ thủ, từ liên quan, câu liên quan, Hán Việt",chars/7181.json
熄,C,xī,dập tắt; tắt (lửa),bộ thủ,chars/7184.json
熇,C,kǎo,khô,"bộ thủ, từ liên quan, câu liên quan, Hán Việt",chars/7187.json
熊,C,xióng,gấu,bộ thủ,chars/718A.json
熏,A,xūn,xông khói,Hán Việt,chars/718F.json
熔,C,róng,nấu chảy; hợp nhất,"bộ thủ, câu liên quan, Hán Việt",chars/7194.json
熘,B,liū,xào nhanh; tương tự xào nhưng có thêm bột bắp,"từ liên quan, câu liên quan, Hán Việt",chars/7198.json
熛,C,biāo,bùng cháy; ngọn lửa bùng lên,"bộ thủ, từ liên quan, câu liên quan, Hán Việt",chars/719B.json
熜,B,cōng,ống khói (cũ),"từ liên quan, câu liên quan, Hán Việt",chars/719C.json
熠,B,yì,phát sáng; lóe lên,"câu liên quan, Hán Việt",chars/71A0.json
熤,C,yì,(người),"bộ thủ, từ liên quan, câu liên quan, Hán Việt",chars/71A4.json
熨,B,yùn,ủi,câu liên quan,chars/71A8.json
熬,A,áo,nấu nhừ,Hán Việt,chars/71AC.json
熯,C,hàn,hong khô bằng lửa,"bộ thủ, từ liên quan, câu liên quan, Hán Việt",chars/71AF.json
熳,B,màn,lan ra,"câu liên quan, Hán Việt",chars/71B3.json
熴,C,kūn,biến thể của 焜[kun1],"bộ thủ, từ liên quan, câu liên quan, Hán Việt",chars/71B4.json
熵,B,shāng,entropy (ký tự được tạo ra năm 1923),"từ liên quan, câu liên quan, Hán Việt",chars/71B5.json
熸,C,jiān,dập tắt (lửa),"bộ thủ, từ liên quan, câu liên quan, Hán Việt",chars/71B8.json
熹,B,xī,sáng; ấm áp,"câu liên quan, Hán Việt",chars/71B9.json
熿,C,huáng,rực rỡ,"bộ thủ, từ liên quan, câu liên quan, Hán Việt",chars/71BF.json
燂,C,qián,làm nóng; cháy xém,"bộ thủ, từ liên quan, câu liên quan, Hán Việt",chars/71C2.json
燅,C,xián,,"nghĩa, bộ thủ, từ liên quan, câu liên quan, Hán Việt",chars/71C5.json
燇,C,jùn,biến thể cũ của 焌[jun4],"bộ thủ, từ liên quan, câu liên quan, Hán Việt",chars/71C7.json
燊,C,shēn,(lửa) thịnh vượng; mạnh mẽ,"bộ thủ, từ liên quan, câu liên quan, Hán Việt",chars/71CA.json
燋,C,jiāo,đốt cháy; làm cháy xém,"bộ thủ, từ liên quan, câu liên quan, Hán Việt",chars/71CB.json
燎,B,liáo,đốt; châm lửa,câu liên quan,chars/71CE.json
燏,C,yù,ánh lửa rực rỡ,"bộ thủ, từ liên quan, câu liên quan, Hán Việt",chars/71CF.json
燔,C,fán,đốt; nướng thịt để cúng tế,"bộ thủ, từ liên quan, câu liên quan, Hán Việt",chars/71D4.json
燕,C,Yān,"Yên, một nước chư hầu của Chu ở hiện nay thuộc Hà Bắc và Liêu Ninh; bắc Hà Bắc",bộ thủ,chars/71D5.json
燗,C,làn,biến thể cũ của 爛|烂[lan4],"bộ thủ, từ liên quan, câu liên quan, Hán Việt",chars/71D7.json
燚,C,yì,bừng cháy; (dùng trong tên người),"bộ thủ, từ liên quan, câu liên quan, Hán Việt",chars/71DA.json
燠,B,yù,ấm áp,"từ liên quan, câu liên quan, Hán Việt",chars/71E0.json
燡,C,yì,bừng sáng; rạng rỡ,"bộ thủ, từ liên quan, câu liên quan, Hán Việt",chars/71E1.json
燧,B,suì,"(hình thức kết hợp) vật liệu hoặc công cụ dùng để tạo lửa bằng ma sát hoặc tia nắng mặt trời; (hình thức kết hợp) lửa báo hiệu (tín hiệu báo động ở vùng biên giới), đặc biệt là lửa","câu liên quan, Hán Việt",chars/71E7.json
燨,C,xī,lửa,"bộ thủ, từ liên quan, câu liên quan, Hán Việt",chars/71E8.json
燮,C,Xiè,họ [Xie4],"bộ thủ, từ liên quan, câu liên quan, Hán Việt",chars/71EE.json
燰,C,wēi,biến thể cũ của 煨[wei1],"bộ thủ, từ liên quan, câu liên quan",chars/71F0.json
燹,B,xiǎn,đám cháy lớn,"từ liên quan, câu liên quan, Hán Việt",chars/71F9.json
燽,C,chóu,nổi bật; đáng chú ý,"bộ thủ, từ liên quan, câu liên quan, Hán Việt",chars/71FD.json
燿,C,yào,rực rỡ; vinh quang,"bộ thủ, từ liên quan, câu liên quan, Hán Việt",chars/71FF.json
爆,A,bào,xào nhanh,Hán Việt,chars/7206.json
爇,C,rè,nhiệt; đốt,"bộ thủ, từ liên quan, câu liên quan, Hán Việt",chars/7207.json
爊,C,āo,biến thể của 熬[ao1],"bộ thủ, từ liên quan, câu liên quan, Hán Việt",chars/720A.json
爌,B,huǎng,biến thể cũ của 晃[huang3]; sáng,"từ liên quan, câu liên quan",chars/720C.json
爓,C,yàn,ngọn lửa,"bộ thủ, từ liên quan, câu liên quan, Hán Việt",chars/7213.json
爚,C,yuè,sáng; rực cháy,"bộ thủ, từ liên quan, câu liên quan, Hán Việt",chars/721A.json
爝,B,jué,ngọn đuốc,"từ liên quan, câu liên quan, Hán Việt",chars/721D.json
爟,C,guàn,nhóm lửa,"bộ thủ, từ liên quan, câu liên quan, Hán Việt",chars/721F.json
爤,C,làn,biến thể cũ của 爛|烂[lan4],"bộ thủ, từ liên quan, câu liên quan, Hán Việt",chars/7224.json
爥,C,zhú,biến thể cũ của 燭|烛[zhu2],"bộ thủ, từ liên quan, câu liên quan, Hán Việt",chars/7225.json
爨,B,Cuàn,họ [Cuan4],"từ liên quan, câu liên quan, Hán Việt",chars/7228.json
爫,C,zhǎo,"bộ ""trảo"" trong chữ Hán (bộ Khang Hy số 87)","bộ thủ, từ liên quan, câu liên quan",chars/722B.json
爯,B,chèn,biến thể cũ của 稱|称[chen4],"từ liên quan, câu liên quan, Hán Việt",chars/722F.json
爰,B,Yuán,họ [Yuan2],"từ liên quan, câu liên quan",chars/7230.json
爱,C,ài,yêu; tình yêu,bộ thủ,chars/7231.json
爵,C,jué,đồ đựng rượu bằng đồng cổ có 3 chân và quai vòng; quý tộc,bộ thủ,chars/7235.json
爷,A,yé,ông; ngài,Hán Việt,chars/7237.json
爸,A,bà,cha; ba,Hán Việt,chars/7238.json
爹,B,diē,"cha, bố","câu liên quan, Hán Việt",chars/7239.json
爻,B,yáo,"Vạch bát quái, mỗi quẻ trong Kinh Dịch chia ra sáu hào","từ liên quan, câu liên quan, Hán Việt",chars/723B.json
爽,C,shuǎng,cảm thấy tốt,bộ thủ,chars/723D.json
爿,B,pán,"Tấm ván, tấm gỗ xẻ ra, nửa bên trái gọi là ""tường""","từ liên quan, câu liên quan, Hán Việt",chars/723F.json
牁,C,kē,(dùng trong địa danh); cách phát âm ở Đài Loan: [ge1],"bộ thủ, từ liên quan, câu liên quan, Hán Việt",chars/7241.json
牂,C,zāng,cừu cái; tên địa danh,"bộ thủ, từ liên quan, câu liên quan, Hán Việt",chars/7242.json
牄,C,qiāng,đi nhanh,"bộ thủ, từ liên quan, câu liên quan, Hán Việt",chars/7244.json
牍,B,dú,tài liệu,"câu liên quan, Hán Việt",chars/724D.json
牏,C,tóu,ván ngắn; tấm ván,"bộ thủ, từ liên quan, câu liên quan, Hán Việt",chars/724F.json
牒,C,dié,tài liệu (chính thức); công văn,"bộ thủ, câu liên quan",chars/7252.json
牖,C,yǒu,khai sáng; cửa sổ mắt cáo,"bộ thủ, từ liên quan, câu liên quan, Hán Việt",chars/7256.json
牚,C,chēng,biến thể của 撐|撑[cheng1],"bộ thủ, từ liên quan, câu liên quan, Hán Việt",chars/725A.json
牝,B,pìn,"(của chim, động vật hoặc thực vật) giống cái; lỗ khóa","câu liên quan, Hán Việt",chars/725D.json
牠,C,tā,nó (dùng cho động vật),"bộ thủ, từ liên quan, câu liên quan, Hán Việt",chars/7260.json
牡,A,mǔ,"(chim, động vật hoặc thực vật) đực; chìa khóa",Hán Việt,chars/7261.json
牢,C,láo,chuồng gia súc,bộ thủ,chars/7262.json
牣,C,rèn,lấp đầy; nhét,"bộ thủ, từ liên quan, câu liên quan",chars/7263.json
牤,C,māng,bò đực; xem 牤牛[mang1 niu2],"bộ thủ, từ liên quan, câu liên quan, Hán Việt",chars/7264.json
牦,C,máo,bò yak (Bos grunniens),"bộ thủ, câu liên quan",chars/7266.json
牧,C,Mù,họ [Mu4],"bộ thủ, Hán Việt",chars/7267.json
牮,C,jiàn,chống đỡ,"bộ thủ, từ liên quan, câu liên quan, Hán Việt",chars/726E.json
牯,B,gǔ,bò đực; bò,"từ liên quan, câu liên quan, Hán Việt",chars/726F.json
牳,C,mǔ,(thuộc về bò),"bộ thủ, từ liên quan, câu liên quan, Hán Việt",chars/7273.json
牴,B,dǐ,húc; chống cự,"từ liên quan, câu liên quan, Hán Việt",chars/7274.json
牵,C,qiān,"kéo, lôi kéo","bộ thủ, Hán Việt",chars/7275.json
牷,C,quán,bò đực một màu,"bộ thủ, từ liên quan, câu liên quan, Hán Việt",chars/7277.json
牸,B,zì,con cái của động vật nuôi,"từ liên quan, câu liên quan, Hán Việt",chars/7278.json
牺,A,xī,hy sinh,Hán Việt,chars/727A.json
牻,C,máng,(văn học) trâu bò đen trắng,"bộ thủ, từ liên quan, câu liên quan, Hán Việt",chars/727B.json
牼,C,kēng,xương ống chân của bò,"bộ thủ, từ liên quan, câu liên quan, Hán Việt",chars/727C.json
牾,B,wǔ,phản đối; húc,"từ liên quan, câu liên quan, Hán Việt",chars/727E.json
牿,B,gù,chuồng hoặc bãi nhốt gia súc,"từ liên quan, câu liên quan, Hán Việt",chars/727F.json
犀,C,xī,tê giác; sắc bén,bộ thủ,chars/7280.json
犁,C,lí,cái cày,"bộ thủ, câu liên quan, Hán Việt",chars/7281.json
犂,C,lí,xem 犂靬[Li2 jian1]; biến thể của 犁[li2],"bộ thủ, từ liên quan, câu liên quan, Hán Việt",chars/7282.json
犄,B,jī,sừng trâu; cánh quân,"câu liên quan, Hán Việt",chars/7284.json
犆,C,tè,động vật đực,"bộ thủ, từ liên quan, câu liên quan, Hán Việt",chars/7286.json
犉,C,rún,con bò,"bộ thủ, từ liên quan, câu liên quan, Hán Việt",chars/7289.json
犊,C,dú,bê; con vật hiến tế,"bộ thủ, câu liên quan, Hán Việt",chars/728A.json
犍,B,jiān,bò thiến; bò đực bị thiến,"câu liên quan, Hán Việt",chars/728D.json
犎,B,fēng,bò u; bò indicus,"từ liên quan, câu liên quan, Hán Việt",chars/728E.json
犏,B,piān,dùng trong 犏牛[pian1 niu2],"từ liên quan, câu liên quan, Hán Việt",chars/728F.json
犒,B,kào,"thưởng hoặc an ủi bằng quà tặng là thức ăn, đồ uống, v.v.","câu liên quan, Hán Việt",chars/7292.json
犗,C,jiè,bò thiến,"bộ thủ, từ liên quan, câu liên quan, Hán Việt",chars/7297.json
犛,C,lí,bò đen; bò yak,"bộ thủ, từ liên quan, câu liên quan, Hán Việt",chars/729B.json
犟,B,jiàng,biến thể của 強|强[jiang4],"câu liên quan, Hán Việt",chars/729F.json
犠,C,xī,biến thể tiếng Nhật của 犧|牺,"bộ thủ, từ liên quan, câu liên quan",chars/72A0.json
犨,C,chōu,tiếng thở hổn hển của bò; tiếng gầm của trâu,"bộ thủ, từ liên quan, câu liên quan, Hán Việt",chars/72A8.json
犩,C,wéi,"loài bò yak cổ đại ở đông nam Trung Quốc, còn gọi là 犪牛[kui2 niu2]","bộ thủ, từ liên quan, câu liên quan, Hán Việt",chars/72A9.json
犪,B,kuí,dùng trong 犪牛[kui2 niu2],"từ liên quan, câu liên quan, Hán Việt",chars/72AA.json
犫,C,chōu,biến thể cũ của 犨[chou1],"bộ thủ, từ liên quan, câu liên quan, Hán Việt",chars/72AB.json
犬,A,quǎn,chó,Hán Việt,chars/72AC.json
犭,B,quǎn,con chó.,"từ liên quan, câu liên quan, Hán Việt",chars/72AD.json
犮,C,bá,biến thể cũ của 拔[ba2],"bộ thủ, từ liên quan, câu liên quan, Hán Việt",chars/72AE.json
犰,B,qiú,dùng trong 犰狳[qiu2 yu2],"câu liên quan, Hán Việt",chars/72B0.json
犴,B,àn,nhà tù,"từ liên quan, câu liên quan, Hán Việt",chars/72B4.json
犵,C,qì,tên một bộ lạc,"bộ thủ, từ liên quan, câu liên quan, Hán Việt",chars/72B5.json
犷,B,guǎng,thô lỗ; không lịch sự,"câu liên quan, Hán Việt",chars/72B7.json
犸,B,mǎ,voi ma mút,"câu liên quan, Hán Việt",chars/72B8.json
犹,A,yóu,"Như, vẫn còn, giống như, do dự",Hán Việt,chars/72B9.json
犺,C,kàng,chó dữ,"bộ thủ, từ liên quan, câu liên quan, Hán Việt",chars/72BA.json
狁,B,yǔn,tên một bộ lạc,"từ liên quan, câu liên quan, Hán Việt",chars/72C1.json
狃,B,niǔ,quen với,"từ liên quan, câu liên quan",chars/72C3.json
狄,B,Dí,họ [Di2]; tên gọi chung cho các dân tộc thiểu số phía bắc trong thời Tần và Hán (221 TCN-220 SCN),câu liên quan,chars/72C4.json
狆,C,zhòng,chó Bắc Kinh,"bộ thủ, từ liên quan, câu liên quan, Hán Việt",chars/72C6.json
狈,A,bèi,một loài sói huyền thoại; khốn đốn,Hán Việt,chars/72C8.json
狉,B,pī,chó lửng con,"từ liên quan, câu liên quan, Hán Việt",chars/72C9.json
狍,B,páo,hoẵng Siberia (Capreolus pygargus),"câu liên quan, Hán Việt",chars/72CD.json
狎,B,xiá,(dùng trong từ ghép) (văn học) suồng sã với ai đó hoặc điều gì đó; đối xử không nghiêm túc,"câu liên quan, Hán Việt",chars/72CE.json
狐,B,hú,cáo,câu liên quan,chars/72D0.json
狒,B,fèi,khỉ đầu chó hamadryad,"câu liên quan, Hán Việt",chars/72D2.json
狓,C,pī,"dùng trong phiên âm ""okapi"" 㺢㹢狓[huo4jia1pi2]","bộ thủ, từ liên quan, câu liên quan, Hán Việt",chars/72D3.json
狘,C,yuè,nhảy,"bộ thủ, từ liên quan, câu liên quan, Hán Việt",chars/72D8.json
狙,B,jū,khỉ macaque; do thám,"câu liên quan, Hán Việt",chars/72D9.json
狝,C,xiǎn,săn bắn vào mùa thu (cổ đại),"bộ thủ, từ liên quan, câu liên quan, Hán Việt",chars/72DD.json
狞,B,níng,trông dữ tợn,câu liên quan,chars/72DE.json
狠,A,hěn,ác liệt; cứng rắn,Hán Việt,chars/72E0.json
狦,C,shān,(cổ) chó dữ; quái thú giống sói,"bộ thủ, từ liên quan, câu liên quan, Hán Việt",chars/72E6.json
狨,B,róng,khỉ đuôi sóc (động vật học),"từ liên quan, câu liên quan, Hán Việt",chars/72E8.json
狩,A,shòu,săn; đi săn (như môn thể thao mùa đông thời xưa),Hán Việt,chars/72E9.json
狫,C,lǎo,tên một bộ lạc,"bộ thủ, từ liên quan, câu liên quan, Hán Việt",chars/72EB.json
狯,B,kuài,xảo quyệt; láu cá,"từ liên quan, câu liên quan, Hán Việt",chars/72EF.json
狰,B,zhēng,ghê sợ; trông dữ tợn,"câu liên quan, Hán Việt",chars/72F0.json
狲,B,sūn,dùng trong 猢猻|猢狲[hu2 sun1]; dùng trong 兔猻|兔狲[tu4 sun1],"câu liên quan, Hán Việt",chars/72F2.json
狳,B,yú,dùng trong 犰狳[qiu2 yu2],"câu liên quan, Hán Việt",chars/72F3.json
狴,B,bì,(lợn vòi),"từ liên quan, câu liên quan, Hán Việt",chars/72F4.json
狷,B,juàn,nóng nảy; bộc trực,"từ liên quan, câu liên quan, Hán Việt",chars/72F7.json
狸,B,lí,động vật giống cáo,"câu liên quan, Hán Việt",chars/72F8.json
狺,B,yín,tiếng chó gầm gừ,"từ liên quan, câu liên quan, Hán Việt",chars/72FA.json
狻,B,suān,(động vật huyền thoại),"từ liên quan, câu liên quan, Hán Việt",chars/72FB.json
猁,B,lì,dùng trong 猞猁[she1 li4],"câu liên quan, Hán Việt",chars/7301.json
猃,B,xiǎn,một loại chó với mõm dài; xem 獫狁|猃狁[Xian3 yun3],"từ liên quan, câu liên quan, Hán Việt",chars/7303.json
猇,C,xiāo,tiếng gầm hoặc rống của hổ; đe dọa,"bộ thủ, câu liên quan, Hán Việt",chars/7307.json
猈,C,bà,chó có xương ống chân ngắn,"bộ thủ, từ liên quan, câu liên quan, Hán Việt",chars/7308.json
猊,B,ní,(động vật thần thoại); sư tử,"từ liên quan, câu liên quan",chars/730A.json
猋,C,biāo,gió lốc,"bộ thủ, từ liên quan, câu liên quan, Hán Việt",chars/730B.json
猓,B,guǒ,con khỉ,"từ liên quan, câu liên quan, Hán Việt",chars/7313.json
猕,B,mí,dùng trong 獼猴|猕猴[mi2 hou2],"câu liên quan, Hán Việt",chars/7315.json
猖,A,chāng,hung dữ,Hán Việt,chars/7316.json
猗,B,yī,(thán từ),"câu liên quan, Hán Việt",chars/7317.json
猘,C,zhì,chó dại,"bộ thủ, từ liên quan, câu liên quan, Hán Việt",chars/7318.json
猜,A,cāi,đoán,Hán Việt,chars/731C.json
猝,A,cù,"Đột ngột, bất ngờ (thường dùng trong từ ghép: 猝死, 猝不及防)",Hán Việt,chars/731D.json
猞,B,shē,dùng trong 猞猁[she1li4]; tiếng Đài Loan đọc là [she4],"câu liên quan, Hán Việt",chars/731E.json
猟,C,liè,biến thể Nhật Bản của 獵|猎,"bộ thủ, từ liên quan, câu liên quan, Hán Việt",chars/731F.json
猡,B,luó,tên một bộ lạc,"từ liên quan, câu liên quan, Hán Việt",chars/7321.json
猢,B,hú,dùng trong 猢猻|猢狲[hu2 sun1],câu liên quan,chars/7322.json
猣,C,zōng,chó sinh ba con,"bộ thủ, từ liên quan, câu liên quan, Hán Việt",chars/7323.json
猥,B,wěi,khiêm nhường; mộc mạc,"câu liên quan, Hán Việt",chars/7325.json
猩,A,xīng,vượn,Hán Việt,chars/7329.json
猬,B,wèi,(hình thức kết hợp) con nhím,"câu liên quan, Hán Việt",chars/732C.json
猭,C,yuán,vượn; Hylobates agilis,"bộ thủ, từ liên quan, câu liên quan, Hán Việt",chars/732D.json
献,C,xiàn,dâng hiến,bộ thủ,chars/732E.json
猱,B,náo,khỉ đuôi dài (động vật học); nhanh nhẹn và lanh lợi,"từ liên quan, câu liên quan, Hán Việt",chars/7331.json
猲,B,hè,sợ hãi; kinh hoàng,"từ liên quan, câu liên quan, Hán Việt",chars/7332.json
猳,B,jiā,vượn trong thần thoại; biến thể của 豭[jia1],"từ liên quan, câu liên quan, Hán Việt",chars/7333.json
猵,B,biān,một loại rái cá,"từ liên quan, câu liên quan, Hán Việt",chars/7335.json
猷,B,yóu,lên kế hoạch; mưu tính,"từ liên quan, câu liên quan, Hán Việt",chars/7337.json
猸,B,méi,"dùng cho chồn, lửng hoặc cầy mangut","câu liên quan, Hán Việt",chars/7338.json
猹,B,chá,động vật hoang dã giống lửng,"từ liên quan, câu liên quan, Hán Việt",chars/7339.json
猺,C,yáo,tộc Dao,"bộ thủ, từ liên quan, câu liên quan, Hán Việt",chars/733A.json
猾,A,huá,xảo quyệt,Hán Việt,chars/733E.json
猿,B,yuán,biến thể của 猿[yuan2],câu liên quan,chars/733F.json
獀,C,sōu,chó (phương ngữ); săn bắn,"bộ thủ, từ liên quan, câu liên quan, Hán Việt",chars/7340.json
獃,C,dāi,biến thể của 呆[dai1]; ngốc nghếch,"bộ thủ, từ liên quan, câu liên quan, Hán Việt",chars/7343.json
獉,C,zhēn,rừng rậm,"bộ thủ, từ liên quan, câu liên quan, Hán Việt",chars/7349.json
獍,B,jìng,một loài vật huyền thoại ăn thịt mẹ nó,"từ liên quan, câu liên quan, Hán Việt",chars/734D.json
獏,C,mò,biến thể của 貘[mo4],"bộ thủ, từ liên quan, câu liên quan, Hán Việt",chars/734F.json
獐,B,zhāng,con mang; con hoẵng,"câu liên quan, Hán Việt",chars/7350.json
獒,B,áo,(hình thức kết hợp) chó ngao,câu liên quan,chars/7352.json
獕,C,cuī,dùng trong 猥獕[wei3 cui1],"bộ thủ, từ liên quan, câu liên quan, Hán Việt",chars/7355.json
獗,B,jué,ngỗ ngược; thô lỗ,"câu liên quan, Hán Việt",chars/7357.json
獙,C,bì,dùng trong 獙獙[bi4 bi4],"bộ thủ, từ liên quan, câu liên quan, Hán Việt",chars/7359.json
獚,C,huáng,chó spaniel,"bộ thủ, từ liên quan, câu liên quan, Hán Việt",chars/735A.json
獜,C,lín,con đom đóm,"bộ thủ, từ liên quan, câu liên quan, Hán Việt",chars/735C.json
獝,C,yù,quỷ,"bộ thủ, từ liên quan, câu liên quan, Hán Việt",chars/735D.json
獞,C,Zhuàng,"biến thể cũ của 壯|壮, dân tộc Choang ở Quảng Tây","bộ thủ, từ liên quan, câu liên quan, Hán Việt",chars/735E.json
獠,C,liáo,dữ tợn; săn bắt,"bộ thủ, câu liên quan, Hán Việt",chars/7360.json
獢,C,xiāo,chó,"bộ thủ, từ liên quan, câu liên quan, Hán Việt",chars/7362.json
獣,C,shòu,biến thể Nhật Bản của 獸|兽,"bộ thủ, từ liên quan, câu liên quan, Hán Việt",chars/7363.json
獬,B,xiè,xem 獬豸[xie4 zhi4],"từ liên quan, câu liên quan",chars/736C.json
獭,B,tǎ,rái cá; âm Đài Loan [ta4],câu liên quan,chars/736D.json
獯,B,Xūn,dùng trong 獯鬻[Xun1 yu4],"từ liên quan, câu liên quan, Hán Việt",chars/736F.json
獳,C,nòu,chó dữ,"bộ thủ, từ liên quan, câu liên quan, Hán Việt",chars/7373.json
獴,C,měng,cầy mangut; phát âm Đài Loan [meng2],"bộ thủ, từ liên quan, câu liên quan, Hán Việt",chars/7374.json
獾,B,huān,biến thể của 獾[huan1],"câu liên quan, Hán Việt",chars/737E.json
玂,C,qí,chó đẻ con,"bộ thủ, từ liên quan, câu liên quan, Hán Việt",chars/7382.json
玃,B,jué,"loài vượn huyền thoại ở Tứ Xuyên và Vân Nam, có sở thích bắt cóc cô gái","từ liên quan, câu liên quan, Hán Việt",chars/7383.json
玆,C,zī,biến thể của 茲|兹[zi1]; bây giờ,"bộ thủ, từ liên quan, câu liên quan, Hán Việt",chars/7386.json
率,C,lǜ,tỷ lệ,"bộ thủ, Hán Việt",chars/7387.json
玈,C,lú,đen,"bộ thủ, từ liên quan, câu liên quan, Hán Việt",chars/7388.json
玊,C,sù,ngọc có tì vết; người mài ngọc,"bộ thủ, từ liên quan, câu liên quan, Hán Việt",chars/738A.json
王,C,wáng,"vua, quốc vương",bộ thủ,chars/738B.json
玍,C,gǎ,tính khí xấu; nghịch ngợm,"bộ thủ, từ liên quan, câu liên quan, Hán Việt",chars/738D.json
玎,C,dīng,leng keng,"bộ thủ, từ liên quan, câu liên quan, Hán Việt",chars/738E.json
玑,C,jī,ngọc trai không tròn,"bộ thủ, từ liên quan, câu liên quan, Hán Việt",chars/7391.json
玓,C,dì,tựa như ngọc trai,"bộ thủ, từ liên quan, câu liên quan, Hán Việt",chars/7393.json
玔,C,chuàn,vòng ngọc,"bộ thủ, từ liên quan, câu liên quan, Hán Việt",chars/7394.json
玕,C,gān,(ngọc kém chất lượng),"bộ thủ, từ liên quan, câu liên quan, Hán Việt",chars/7395.json
玖,C,jiǔ,ngọc đen; chín (chữ số chống gian lận của ngân hàng),"bộ thủ, từ liên quan, câu liên quan, Hán Việt",chars/7396.json
玗,C,yú,đá bán quý; một loại ngọc,"bộ thủ, từ liên quan, câu liên quan, Hán Việt",chars/7397.json
玘,C,qǐ,loại trang sức ngọc cho lễ phục triều đình (xưa),"bộ thủ, từ liên quan, câu liên quan, Hán Việt",chars/7398.json
玙,C,yú,ngọc trang trí,"bộ thủ, từ liên quan, câu liên quan, Hán Việt",chars/7399.json
玛,C,mǎ,mã não,bộ thủ,chars/739B.json
玞,C,fū,một loại ngọc,"bộ thủ, từ liên quan, câu liên quan, Hán Việt",chars/739E.json
玟,C,mín,đá giống ngọc,"bộ thủ, câu liên quan, Hán Việt",chars/739F.json
玠,C,jiè,thẻ ngọc biểu thị cấp bậc,"bộ thủ, từ liên quan, câu liên quan, Hán Việt",chars/73A0.json
玡,C,yá,biến thể của 琊[ya2],"bộ thủ, từ liên quan, câu liên quan",chars/73A1.json
玢,C,fēn,(văn học) một loại ngọc,"bộ thủ, từ liên quan, câu liên quan, Hán Việt",chars/73A2.json
玤,C,bàng,(đá quý),"bộ thủ, từ liên quan, câu liên quan, Hán Việt",chars/73A4.json
玥,C,yuè,ngọc trai dùng trong tế lễ,"bộ thủ, từ liên quan, câu liên quan, Hán Việt",chars/73A5.json
玦,C,jué,mặt dây chuyền ngọc hình bán nguyệt,"bộ thủ, từ liên quan, câu liên quan, Hán Việt",chars/73A6.json
玩,C,wán,chơi với,bộ thủ,chars/73A9.json
玫,C,méi,(ngọc đẹp); dùng trong 玫瑰[mei2 gui1],"bộ thủ, Hán Việt",chars/73AB.json
玭,C,pín,ngọc trai,"bộ thủ, từ liên quan, câu liên quan, Hán Việt",chars/73AD.json
玮,C,wěi,(ngọc màu đỏ); quý giá,"bộ thủ, câu liên quan, Hán Việt",chars/73AE.json
环,C,huán,bao quanh,"bộ thủ, Hán Việt",chars/73AF.json
现,C,xiàn,xuất hiện; hiện tại,bộ thủ,chars/73B0.json
玱,C,qiāng,(từ tượng thanh) tiếng leng keng của ngọc,"bộ thủ, từ liên quan, câu liên quan, Hán Việt",chars/73B1.json
玲,C,líng,(từ tượng thanh) leng keng (trong các từ như 玎玲 hoặc 玲瓏|玲珑); tiếng leng keng của đồ trang sức bằng ngọc,"bộ thủ, câu liên quan",chars/73B2.json
玳,C,dài,mai rùa; rùa,"bộ thủ, câu liên quan",chars/73B3.json
玶,C,píng,tên một loại ngọc,"bộ thủ, từ liên quan, câu liên quan, Hán Việt",chars/73B6.json
玷,C,diàn,vết nhơ; ô danh,"bộ thủ, câu liên quan",chars/73B7.json
玹,C,xuán,đá quý như ngọc; màu ngọc,"bộ thủ, từ liên quan, câu liên quan, Hán Việt",chars/73B9.json
玺,B,xǐ,ấn của người cai trị,câu liên quan,chars/73BA.json
玻,C,bō,thủy tinh,"bộ thủ, Hán Việt",chars/73BB.json
玼,C,cǐ,trong suốt (như trong viên ngọc),"bộ thủ, từ liên quan, câu liên quan, Hán Việt",chars/73BC.json
珀,C,pò,dùng trong 琥珀[hu3 po4],bộ thủ,chars/73C0.json
珂,C,kē,đá giống ngọc,"bộ thủ, câu liên quan, Hán Việt",chars/73C2.json
珃,C,rǎn,(ngọc),"bộ thủ, từ liên quan, câu liên quan, Hán Việt",chars/73C3.json
珅,C,shēn,một loại ngọc,"bộ thủ, câu liên quan, Hán Việt",chars/73C5.json
珇,C,zǔ,chạm khắc trên ngọc,"bộ thủ, từ liên quan, câu liên quan, Hán Việt",chars/73C7.json
珈,C,jiā,gamma; đồ trang sức,"bộ thủ, từ liên quan, câu liên quan, Hán Việt",chars/73C8.json
珉,C,mín,"đá cẩm thạch, đá giống ngọc","bộ thủ, từ liên quan, câu liên quan, Hán Việt",chars/73C9.json
珊,C,shān,san hô,bộ thủ,chars/73CA.json
珌,C,bì,ngọc trên vỏ kiếm,"bộ thủ, từ liên quan, câu liên quan, Hán Việt",chars/73CC.json
珍,C,zhēn,vật quý; báu vật,bộ thủ,chars/73CD.json
珏,C,jué,hai viên ngọc gắn cùng nhau,"bộ thủ, từ liên quan, câu liên quan, Hán Việt",chars/73CF.json
珐,C,fà,đồ tráng men; đồ tráng men đồng,"bộ thủ, câu liên quan, Hán Việt",chars/73D0.json
珑,C,lóng,tiếng trang sức ngọc kêu,"bộ thủ, câu liên quan, Hán Việt",chars/73D1.json
珓,C,jiào,đôi vật hình bán cầu dùng trong bói toán,"bộ thủ, từ liên quan, câu liên quan, Hán Việt",chars/73D3.json
珔,C,jiàn,(ngọc),"bộ thủ, từ liên quan, câu liên quan, Hán Việt",chars/73D4.json
珖,C,guāng,(ngọc),"bộ thủ, từ liên quan, câu liên quan, Hán Việt",chars/73D6.json
珙,C,gǒng,(đá quý),"bộ thủ, câu liên quan, Hán Việt",chars/73D9.json
珚,C,yān,một loại ngọc,"bộ thủ, từ liên quan, câu liên quan, Hán Việt",chars/73DA.json
珛,C,xiù,ngọc nhanh hỏng,"bộ thủ, từ liên quan, câu liên quan, Hán Việt",chars/73DB.json
珞,C,luò,đồ trang sức cổ,"bộ thủ, câu liên quan, Hán Việt",chars/73DE.json
珠,C,zhū,hạt; trân châu,bộ thủ,chars/73E0.json
珡,C,qín,"biến thể của 琴[qin2], cổ cầm hoặc đàn tranh","bộ thủ, từ liên quan, câu liên quan, Hán Việt",chars/73E1.json
珣,C,xún,(ngọc),"bộ thủ, từ liên quan, câu liên quan, Hán Việt",chars/73E3.json
珤,C,bǎo,,"nghĩa, bộ thủ, từ liên quan, câu liên quan, Hán Việt",chars/73E4.json
珥,C,ěr,bông tai ngọc trai hoặc ngọc bích,"bộ thủ, từ liên quan, câu liên quan",chars/73E5.json
珧,C,yáo,xà cừ,"bộ thủ, từ liên quan, câu liên quan, Hán Việt",chars/73E7.json
珩,C,héng,viên ngọc trên cùng của mặt dây chuyền từ đai ngọc,"bộ thủ, từ liên quan, câu liên quan, Hán Việt",chars/73E9.json
珪,C,guī,biến thể của 圭[gui1],"bộ thủ, từ liên quan, câu liên quan, Hán Việt",chars/73EA.json
班,C,bān,ca làm việc,bộ thủ,chars/73ED.json
珰,C,dāng,(văn học) đồ trang sức đeo; hoa tai,"bộ thủ, từ liên quan, câu liên quan, Hán Việt",chars/73F0.json
珲,C,hún,(ngọc đẹp),"bộ thủ, câu liên quan, Hán Việt",chars/73F2.json
珳,C,wén,biến thể cũ của 玟[wen2],"bộ thủ, từ liên quan, câu liên quan, Hán Việt",chars/73F3.json
珵,C,chéng,ngọc đẹp; trang sức bằng ngọc,"bộ thủ, từ liên quan, câu liên quan, Hán Việt",chars/73F5.json
珶,C,dì,ngọc trắng đeo ở thắt lưng,"bộ thủ, từ liên quan, câu liên quan, Hán Việt",chars/73F6.json
珷,C,wǔ,ngọc kém chất lượng; một loại ngọc,"bộ thủ, từ liên quan, câu liên quan, Hán Việt",chars/73F7.json
珺,C,jùn,ngọc đẹp,"bộ thủ, từ liên quan, câu liên quan, Hán Việt",chars/73FA.json
珻,C,méi,biến thể cũ của 玫[mei2],"bộ thủ, từ liên quan, câu liên quan, Hán Việt",chars/73FB.json
珽,C,tǐng,quyền trượng,"bộ thủ, từ liên quan, câu liên quan, Hán Việt",chars/73FD.json
琀,C,hán,ngọc trai hoặc châu báu từng được đặt vào miệng xác chết,"bộ thủ, từ liên quan, câu liên quan, Hán Việt",chars/7400.json
琁,C,xuán,ngọc đẹp; ngôi sao,"bộ thủ, từ liên quan, câu liên quan, Hán Việt",chars/7401.json
球,C,qiú,quả bóng,bộ thủ,chars/7403.json
琅,C,láng,đá giống ngọc; sạch và trắng,"bộ thủ, câu liên quan, Hán Việt",chars/7405.json
理,C,lǐ,chú ý,bộ thủ,chars/7406.json
琇,C,xiù,(ngọc),"bộ thủ, từ liên quan, câu liên quan, Hán Việt",chars/7407.json
琉,C,liú,đá quý,"bộ thủ, câu liên quan",chars/7409.json
琎,C,jìn,đá giống ngọc,"bộ thủ, từ liên quan, câu liên quan, Hán Việt",chars/740E.json
琏,C,liǎn,đồ tế lễ dùng để đựng ngũ cốc; cũng đọc là [lian2],"bộ thủ, từ liên quan, câu liên quan, Hán Việt",chars/740F.json
琐,C,suǒ,vụn vặt; không đáng kể,"bộ thủ, câu liên quan, Hán Việt",chars/7410.json
琖,C,zhǎn,cốc rượu,"bộ thủ, từ liên quan, câu liên quan, Hán Việt",chars/7416.json
琚,C,jū,đá quý trang trí thắt lưng,"bộ thủ, từ liên quan, câu liên quan, Hán Việt",chars/741A.json
琛,C,chēn,đá quý; ngọc,"bộ thủ, câu liên quan, Hán Việt",chars/741B.json
琝,C,mín,biến thể cũ của 玟[min2],"bộ thủ, từ liên quan, câu liên quan, Hán Việt",chars/741D.json
琠,C,diǎn,đá quý dùng làm nút tai; bông tai ngọc,"bộ thủ, từ liên quan, câu liên quan, Hán Việt",chars/7420.json
琢,C,zhuó,mài cắt (ngọc),bộ thủ,chars/7422.json
琤,C,chēng,tiếng leng keng của ngọc,"bộ thủ, từ liên quan, câu liên quan, Hán Việt",chars/7424.json
琥,C,hǔ,dùng trong 琥珀[hu3 po4],"bộ thủ, Hán Việt",chars/7425.json
琦,C,qí,đồ cổ; đá quý,"bộ thủ, câu liên quan, Hán Việt",chars/7426.json
琨,C,kūn,(ngọc),"bộ thủ, từ liên quan, câu liên quan, Hán Việt",chars/7428.json
琪,C,qí,ngọc đẹp,"bộ thủ, câu liên quan, Hán Việt",chars/742A.json
琫,C,běng,trang sức ngọc của vỏ bao,"bộ thủ, từ liên quan, câu liên quan, Hán Việt",chars/742B.json
琬,C,wǎn,biểu tượng hoàng gia,"bộ thủ, từ liên quan, câu liên quan, Hán Việt",chars/742C.json
琭,C,lù,(ngọc),"bộ thủ, từ liên quan, câu liên quan, Hán Việt",chars/742D.json
琮,C,Cóng,họ [Cong2],"bộ thủ, từ liên quan, câu liên quan, Hán Việt",chars/742E.json
琯,C,guǎn,nhạc cụ; chạm ngọc hoặc vàng,"bộ thủ, từ liên quan, câu liên quan, Hán Việt",chars/742F.json
琰,C,yǎn,đá quý; ánh lấp lánh của đá quý,"bộ thủ, từ liên quan, câu liên quan, Hán Việt",chars/7430.json
琱,C,diāo,chạm khắc đá quý,"bộ thủ, từ liên quan, câu liên quan, Hán Việt",chars/7431.json
琲,C,bèi,vòng cổ,"bộ thủ, từ liên quan, câu liên quan, Hán Việt",chars/7432.json
琳,C,lín,đá quý,"bộ thủ, câu liên quan, Hán Việt",chars/7433.json
琴,C,qín,nhạc cụ,bộ thủ,chars/7434.json
琵,C,pí,"xem 琵琶, đàn tì bà","bộ thủ, câu liên quan",chars/7435.json
琶,C,pá,"xem 琵琶, đàn tì bà","bộ thủ, câu liên quan",chars/7436.json
琼,C,qióng,ngọc thạch; ngọc đẹp,bộ thủ,chars/743C.json
瑀,C,yǔ,(đá canxedon),"bộ thủ, từ liên quan, câu liên quan, Hán Việt",chars/7440.json
瑁,C,mào,(ngọc),"bộ thủ, câu liên quan",chars/7441.json
瑂,C,méi,(loại đá giống ngọc),"bộ thủ, từ liên quan, câu liên quan, Hán Việt",chars/7442.json
瑃,C,chūn,(một loại ngọc),"bộ thủ, từ liên quan, câu liên quan, Hán Việt",chars/7443.json
瑄,C,xuān,mảnh ngọc trang trí,"bộ thủ, từ liên quan, câu liên quan, Hán Việt",chars/7444.json
瑉,C,mín,biến thể của 珉[min2],"bộ thủ, từ liên quan, câu liên quan, Hán Việt",chars/7449.json
瑏,C,chuān,(ngọc),"bộ thủ, từ liên quan, câu liên quan, Hán Việt",chars/744F.json
瑑,C,zhuàn,đường khắc,"bộ thủ, từ liên quan, câu liên quan, Hán Việt",chars/7451.json
瑔,C,quán,ngọc; vỏ,"bộ thủ, từ liên quan, câu liên quan, Hán Việt",chars/7454.json
瑕,C,xiá,vết nhỏ; khuyết điểm trên ngọc,"bộ thủ, Hán Việt",chars/7455.json
瑗,C,yuàn,vòng ngọc lớn,"bộ thủ, từ liên quan, câu liên quan, Hán Việt",chars/7457.json
瑙,C,nǎo,mã não,"bộ thủ, câu liên quan",chars/7459.json
瑚,C,hú,dùng trong 珊瑚[shan1hu2],"bộ thủ, câu liên quan",chars/745A.json
瑛,C,yīng,(tinh thể); bóng bẩy,"bộ thủ, câu liên quan, Hán Việt",chars/745B.json
瑜,C,yú,xuất sắc; ánh ngọc,"bộ thủ, Hán Việt",chars/745C.json
瑞,C,ruì,may mắn; tốt lành,"bộ thủ, Hán Việt",chars/745E.json
瑟,C,sè,"một loại đàn hạc đứng, nhỏ hơn konghou 箜篌, có từ 5-25 dây",bộ thủ,chars/745F.json
瑢,C,róng,dùng trong 瑽瑢|𪻐瑢[cong1 rong2],"bộ thủ, từ liên quan, câu liên quan, Hán Việt",chars/7462.json
瑭,C,táng,(ngọc),"bộ thủ, từ liên quan, câu liên quan, Hán Việt",chars/746D.json
瑰,C,guī,(đá bán quý); phi thường,"bộ thủ, Hán Việt",chars/7470.json
瑱,C,tiàn,"(văn học) ngọc gắn vào mũ quan, rủ xuống hai bên tai, tượng trưng cho việc từ chối nghe lời dèm pha; (văn học) lấp đầy","bộ thủ, từ liên quan, câu liên quan, Hán Việt",chars/7471.json
瑳,C,cuō,ánh sáng của ngọc,"bộ thủ, từ liên quan, câu liên quan, Hán Việt",chars/7473.json
瑶,C,Yáo,dân tộc Dao ở tây nam Trung Quốc và Đông Nam Á; họ [Yao2],"bộ thủ, câu liên quan",chars/7476.json
瑷,C,ài,ngọc chất lượng cao,"bộ thủ, từ liên quan, câu liên quan, Hán Việt",chars/7477.json
瑽,C,cōng,,"nghĩa, bộ thủ, từ liên quan, câu liên quan, Hán Việt",chars/747D.json
瑾,C,jǐn,sự rực rỡ (của ngọc),"bộ thủ, từ liên quan, câu liên quan, Hán Việt",chars/747E.json
瑿,C,yī,một loại đá đen giống ngọc; đá huyền,"bộ thủ, từ liên quan, câu liên quan, Hán Việt",chars/747F.json
璀,C,cuǐ,độ sáng của ngọc,"bộ thủ, câu liên quan, Hán Việt",chars/7480.json
璁,C,cōng,đá giống ngọc,"bộ thủ, từ liên quan, câu liên quan, Hán Việt",chars/7481.json
璃,C,lí,(chữ tượng thanh dùng trong phiên âm tên nước ngoài); phát âm Đài Loan [li4],bộ thủ,chars/7483.json
璅,C,suǒ,vụn vặt; không đáng kể,"bộ thủ, từ liên quan, câu liên quan, Hán Việt",chars/7485.json
璆,C,qiú,(đá quý); phát ra tiếng kêu leng keng,"bộ thủ, từ liên quan, câu liên quan, Hán Việt",chars/7486.json
璇,C,xuán,(ngọc),"bộ thủ, câu liên quan, Hán Việt",chars/7487.json
璈,C,áo,(nhạc cụ),"bộ thủ, từ liên quan, câu liên quan, Hán Việt",chars/7488.json
璋,C,zhāng,đồ trang sức bằng đá thời cổ đại,"bộ thủ, câu liên quan, Hán Việt",chars/748B.json
璎,C,yīng,vòng cổ,"bộ thủ, câu liên quan, Hán Việt",chars/748E.json
璐,C,lù,ngọc đẹp,"bộ thủ, câu liên quan, Hán Việt",chars/7490.json
璘,C,lín,độ sáng của đá quý,"bộ thủ, từ liên quan, câu liên quan, Hán Việt",chars/7498.json
璚,C,jué,vòng ngọc hình bán nguyệt,"bộ thủ, từ liên quan, câu liên quan, Hán Việt",chars/749A.json
璜,C,huáng,đồ trang sức ngọc hình bán nguyệt,"bộ thủ, câu liên quan, Hán Việt",chars/749C.json
璝,C,guī,biến thể của 瑰[gui1],"bộ thủ, từ liên quan, câu liên quan, Hán Việt",chars/749D.json
璞,C,pú,ngọc chưa mài giũa,"bộ thủ, câu liên quan, Hán Việt",chars/749E.json
璟,C,jǐng,ánh sáng của ngọc,"bộ thủ, từ liên quan, câu liên quan, Hán Việt",chars/749F.json
璠,C,fán,(ngọc),"bộ thủ, từ liên quan, câu liên quan, Hán Việt",chars/74A0.json
璥,C,jǐng,(đá quý),"bộ thủ, từ liên quan, câu liên quan, Hán Việt",chars/74A5.json
璧,B,bì,ngọc bích hình tròn,câu liên quan,chars/74A7.json
璨,C,càn,đá quý; ánh sáng của đá quý,"bộ thủ, câu liên quan, Hán Việt",chars/74A8.json
璩,C,Qú,họ [Qu2],"bộ thủ, từ liên quan, câu liên quan, Hán Việt",chars/74A9.json
璪,C,zǎo,mặt dây chuyền ngọc trai trên vương miện,"bộ thủ, từ liên quan, câu liên quan, Hán Việt",chars/74AA.json
璱,C,sè,sáng (của ngọc),"bộ thủ, từ liên quan, câu liên quan, Hán Việt",chars/74B1.json
璲,C,suì,đồ trang sức đeo thắt lưng,"bộ thủ, từ liên quan, câu liên quan, Hán Việt",chars/74B2.json
璸,C,bīn,(ngọc trai),"bộ thủ, từ liên quan, câu liên quan, Hán Việt",chars/74B8.json
璺,B,wèn,"vết nứt (trong sứ, đồ thuỷ tinh, v.v.); LT:道[dao4]","từ liên quan, câu liên quan, Hán Việt",chars/74BA.json
瓀,C,ruǎn,mờ đục; thạch anh trắng,"bộ thủ, từ liên quan, câu liên quan, Hán Việt",chars/74C0.json
瓁,C,wò,ngọc chưa chạm khắc,"bộ thủ, từ liên quan, câu liên quan, Hán Việt",chars/74C1.json
瓒,C,zàn,chén rượu cúng,"bộ thủ, từ liên quan, câu liên quan, Hán Việt",chars/74D2.json
瓖,C,xiāng,đồ trang trí,"bộ thủ, từ liên quan, câu liên quan, Hán Việt",chars/74D6.json
瓘,C,guàn,ngọc dùng để làm cốc,"bộ thủ, từ liên quan, câu liên quan, Hán Việt",chars/74D8.json
瓛,C,huán,(cổ) ngọc bội hoặc quyền trượng do công tước cầm trong nghi lễ,"bộ thủ, từ liên quan, câu liên quan, Hán Việt",chars/74DB.json
瓞,B,dié,quả dưa non,"từ liên quan, câu liên quan, Hán Việt",chars/74DE.json
瓠,B,hù,bầu,"câu liên quan, Hán Việt",chars/74E0.json
瓢,B,piáo,gáo; môi múc,câu liên quan,chars/74E2.json
瓣,A,bàn,cánh hoa; phân đoạn,Hán Việt,chars/74E3.json
瓤,B,ráng,phần thịt (của quả); thứ bên trong một lớp vỏ,"câu liên quan, Hán Việt",chars/74E4.json
瓧,C,shí wǎ,đềca oát (cũ); đọc là [shi2 wa3],"bộ thủ, từ liên quan, câu liên quan, Hán Việt",chars/74E7.json
瓩,C,qiān wǎ,kilô oát (cũ); chữ đơn tương đương với 千瓦[qian1 wa3],"bộ thủ, từ liên quan, câu liên quan, Hán Việt",chars/74E9.json
瓬,C,fǎng,thợ gốm; nhà gốm,"bộ thủ, từ liên quan, câu liên quan, Hán Việt",chars/74EC.json
瓮,B,wèng,biến thể của 甕|瓮[weng4]; lọ đất,"câu liên quan, Hán Việt",chars/74EE.json
瓯,B,Oū,tên cũ của thành phố Ôn Châu 溫州市|温州市[Wen1 zhou1 shi4] ở Chiết Giang 浙江[Zhe4 jiang1],câu liên quan,chars/74EF.json
瓰,C,fēn wǎ,đêxi-oát (cũ); chữ đơn tương đương với 分瓦[fen1 wa3],"bộ thủ, từ liên quan, câu liên quan, Hán Việt",chars/74F0.json
瓱,C,háo wǎ,mili-oát (cũ); chữ đơn tương đương với 毫瓦[hao2 wa3],"bộ thủ, từ liên quan, câu liên quan, Hán Việt",chars/74F1.json
瓴,B,líng,rãnh lõm của ngói,"từ liên quan, câu liên quan, Hán Việt",chars/74F4.json
瓵,C,yí,vại đất,"bộ thủ, từ liên quan, câu liên quan, Hán Việt",chars/74F5.json
瓸,C,bǎi wǎ,hectowatt (cũ); chữ đơn tương đương với 百瓦,"bộ thủ, từ liên quan, câu liên quan, Hán Việt",chars/74F8.json
瓻,C,chī,hũ rượu lớn,"bộ thủ, từ liên quan, câu liên quan, Hán Việt",chars/74FB.json
瓼,C,lǐ wǎ,centiwatt (cũ),"bộ thủ, từ liên quan, câu liên quan, Hán Việt",chars/74FC.json
瓿,B,bù,một loại bình (cổ); xem 安瓿[an1 bu4],"câu liên quan, Hán Việt",chars/74FF.json
甀,C,zhuì,bình có miệng nhỏ,"bộ thủ, từ liên quan, câu liên quan, Hán Việt",chars/7500.json
甁,C,píng,biến thể của 瓶[ping2],"bộ thủ, từ liên quan, câu liên quan, Hán Việt",chars/7501.json
甃,C,zhòu,gạch xây giếng,"bộ thủ, từ liên quan, câu liên quan, Hán Việt",chars/7503.json
甄,B,Zhēn,họ [Zhen1],"câu liên quan, Hán Việt",chars/7504.json
甇,C,yīng,lọ đất có cổ dài,"bộ thủ, từ liên quan, câu liên quan, Hán Việt",chars/7507.json
甋,C,dì,cái chum không quai,"bộ thủ, từ liên quan, câu liên quan, Hán Việt",chars/750B.json
甍,C,méng,xà mái đỡ ngói; sống nóc nhà,"bộ thủ, từ liên quan, câu liên quan",chars/750D.json
甏,B,bèng,"chum thấp dùng để đựng rượu, nước sốt, v.v.","từ liên quan, câu liên quan, Hán Việt",chars/750F.json
甑,B,zèng,nồi lớn; nồi cơm,"từ liên quan, câu liên quan, Hán Việt",chars/7511.json
甒,C,wǔ,bình; chum,"bộ thủ, từ liên quan, câu liên quan, Hán Việt",chars/7512.json
甓,B,pì,ngói tráng men,"từ liên quan, câu liên quan",chars/7513.json
甔,C,dān,chum lớn,"bộ thủ, từ liên quan, câu liên quan, Hán Việt",chars/7514.json
甗,C,yǎn,đồ đất nung,"bộ thủ, từ liên quan, câu liên quan, Hán Việt",chars/7517.json
甙,B,dài,"thuật ngữ cũ của 糖苷[tang2 gan1], glycoside","từ liên quan, câu liên quan, Hán Việt",chars/7519.json
甛,C,tián,biến thể cũ của 甜[tian2],"bộ thủ, từ liên quan, câu liên quan, Hán Việt",chars/751B.json
甜,A,tián,ngọt,Hán Việt,chars/751C.json
甝,C,hán,hổ trắng,"bộ thủ, từ liên quan, câu liên quan, Hán Việt",chars/751D.json
甡,C,shēn,quần chúng; đám đông,"bộ thủ, từ liên quan, câu liên quan, Hán Việt",chars/7521.json
産,B,chǎn,biến thể Nhật Bản của 產|产,"từ liên quan, câu liên quan",chars/7523.json
甤,C,ruí,,"nghĩa, từ liên quan, câu liên quan, Hán Việt",chars/7524.json
甥,C,shēng,con trai của chị gái; cháu trai,"bộ thủ, câu liên quan, Hán Việt",chars/7525.json
甩,C,shuǎi,vung,"bộ thủ, Hán Việt",chars/7529.json
甪,C,Lù,họ [Lu4]; tên địa danh,"bộ thủ, từ liên quan, câu liên quan, Hán Việt",chars/752A.json
甫,B,fǔ,(văn cổ) vừa mới; vừa,câu liên quan,chars/752B.json
甬,C,Yǒng,sông Vĩnh 甬江[Yong3 Jiang1] ở Ninh Ba 寧波|宁波[Ning2 bo1]; tên gọi tắt của Ninh Ba,"bộ thủ, câu liên quan, Hán Việt",chars/752C.json
甭,C,béng,đừng,"bộ thủ, từ liên quan, câu liên quan, Hán Việt",chars/752D.json
甮,C,béng,biến thể cũ của 甭[beng2]; không cần,"bộ thủ, từ liên quan, câu liên quan, Hán Việt",chars/752E.json
由,C,yóu,bởi,bộ thủ,chars/7531.json
甲,C,jiǎ,thứ nhất,bộ thủ,chars/7532.json
申,C,Shēn,tên cũ của Thượng Hải 上海[Shang4hai3]; họ [Shen1],"bộ thủ, Hán Việt",chars/7533.json
甴,C,zhá,dùng trong 曱甴[yue1 zha2],"bộ thủ, từ liên quan, câu liên quan, Hán Việt",chars/7534.json
电,C,diàn,điện,"bộ thủ, Hán Việt",chars/7535.json
甸,A,Diàn,họ [Dian4],Hán Việt,chars/7538.json
甹,C,pīng,hiệp sĩ nghĩa hiệp,"bộ thủ, từ liên quan, câu liên quan, Hán Việt",chars/7539.json
町,B,dīng,(dùng trong địa danh),"câu liên quan, Hán Việt",chars/753A.json
甽,C,quǎn,"mương thoát nước giữa các ruộng, tưới tiêu","bộ thủ, từ liên quan, câu liên quan, Hán Việt",chars/753D.json
甾,C,zāi,nhân steroid,"bộ thủ, từ liên quan, câu liên quan, Hán Việt",chars/753E.json
甿,C,méng,biến thể của 氓[meng2],"bộ thủ, từ liên quan, câu liên quan, Hán Việt",chars/753F.json
畀,C,bì,ban cho; đưa cho,"bộ thủ, từ liên quan, câu liên quan, Hán Việt",chars/7540.json
畁,C,bì,biến thể của 畀[bi4],"bộ thủ, từ liên quan, câu liên quan, Hán Việt",chars/7541.json
畄,C,liú,biến thể cũ của 留[liu2],"bộ thủ, từ liên quan, câu liên quan, Hán Việt",chars/7544.json
畅,C,chàng,tự do; không bị cản trở,bộ thủ,chars/7545.json
畇,C,yún,đất khai hoang,"bộ thủ, từ liên quan, câu liên quan, Hán Việt",chars/7547.json
畈,B,fàn,cánh đồng; nông trại,"từ liên quan, câu liên quan, Hán Việt",chars/7548.json
畋,C,tián,canh tác (đất); săn bắn,"bộ thủ, từ liên quan, câu liên quan, Hán Việt",chars/754B.json
畎,B,quǎn,kênh thoát nước ruộng,"từ liên quan, câu liên quan, Hán Việt",chars/754E.json
畐,C,fú,,"nghĩa, bộ thủ, từ liên quan, câu liên quan, Hán Việt",chars/7550.json
畑,C,tián,"dùng trong tên tiếng Nhật với giá trị ngữ âm hatake, bata, v.v.; ruộng khô (tức là không phải ruộng lúa nước)","bộ thủ, từ liên quan, câu liên quan",chars/7551.json
畒,C,mǔ,biến thể cũ của 畝|亩[mu3],"bộ thủ, từ liên quan, câu liên quan, Hán Việt",chars/7552.json
畓,C,xx,phiên âm dap hoặc dābo; ruộng lúa (chữ Hán Hàn),"bộ thủ, từ liên quan, câu liên quan, Hán Việt",chars/7553.json
畔,C,pàn,(hình thức kết hợp) bên; rìa,"bộ thủ, Hán Việt",chars/7554.json
畚,C,běn,"một cái giỏ hoặc cái xẻng dùng để đựng đất, phân, v.v.","bộ thủ, câu liên quan, Hán Việt",chars/755A.json
畛,B,zhěn,ranh giới; ranh mốc,"câu liên quan, Hán Việt",chars/755B.json
畟,C,cè,sắc bén,"bộ thủ, từ liên quan, câu liên quan, Hán Việt",chars/755F.json
畤,C,zhì,hiến tế cổ,"bộ thủ, từ liên quan, câu liên quan, Hán Việt",chars/7564.json
畦,B,qí,mảnh đất nông nghiệp nhỏ; phiên âm Đài Loan [xi1],"câu liên quan, Hán Việt",chars/7566.json
畯,C,jùn,quản đốc; thảo nguyên,"bộ thủ, từ liên quan, câu liên quan, Hán Việt",chars/756F.json
畲,C,Shē,dân tộc She,"bộ thủ, câu liên quan, Hán Việt",chars/7572.json
畳,C,dié,biến thể tiếng Nhật của 疊|叠[die2]; chiếu tatami Nhật Bản,"bộ thủ, từ liên quan, câu liên quan, Hán Việt",chars/7573.json
畴,A,chóu,đồng ruộng; ruộng canh tác,Hán Việt,chars/7574.json
畵,C,huà,biến thể của 畫|画[hua4],"bộ thủ, từ liên quan, câu liên quan, Hán Việt",chars/7575.json
畷,C,chuò,lối đi nâng giữa các thửa ruộng,"bộ thủ, từ liên quan, câu liên quan, Hán Việt",chars/7577.json
畸,C,jī,lệch; lệch lạc,"bộ thủ, Hán Việt",chars/7578.json
畹,B,wǎn,một mảnh ruộng 20 hoặc 30 mẫu,"câu liên quan, Hán Việt",chars/7579.json
畺,C,jiāng,biến thể cũ của 疆[jiang1],"bộ thủ, từ liên quan, câu liên quan",chars/757A.json
畽,C,tuǎn,nơi động vật giẫm lên,"bộ thủ, từ liên quan, câu liên quan, Hán Việt",chars/757D.json
畾,C,léi,ruộng được chia bởi bờ đê,"bộ thủ, từ liên quan, câu liên quan, Hán Việt",chars/757E.json
畿,B,jī,vùng lãnh thổ xung quanh kinh đô,"câu liên quan, Hán Việt",chars/757F.json
疃,B,tuǎn,làng; dấu vết động vật,"từ liên quan, câu liên quan, Hán Việt",chars/7583.json
疆,C,jiāng,biên giới; ranh giới,"bộ thủ, Hán Việt",chars/7586.json
疋,B,pǐ,"Ðủ, chân","từ liên quan, câu liên quan",chars/758B.json
疌,C,jié,,"nghĩa, từ liên quan, câu liên quan, Hán Việt",chars/758C.json
疍,C,Dàn,biến thể của 蜑[Dan4],"bộ thủ, từ liên quan, câu liên quan, Hán Việt",chars/758D.json
疏,C,shū,biến thể của 疏[shu1],bộ thủ,chars/758F.json
疐,C,zhì,ngã sấp mặt,"bộ thủ, từ liên quan, câu liên quan, Hán Việt",chars/7590.json
疑,C,yí,(hình thức kết hợp) nghi ngờ; hoài nghi,"bộ thủ, Hán Việt",chars/7591.json
疒,B,nǐ,bệnh tật.,"từ liên quan, câu liên quan, Hán Việt",chars/7592.json
疔,B,dīng,mụn nhọt; ung nhọt,"từ liên quan, câu liên quan",chars/7594.json
疕,C,bǐ,bệnh về da mặt; hắc lào,"bộ thủ, từ liên quan, câu liên quan, Hán Việt",chars/7595.json
疖,B,jié,mụn nhọt; vết lở,"từ liên quan, câu liên quan, Hán Việt",chars/7596.json
疙,A,gē,mụn cóc; mụn cơm,Hán Việt,chars/7599.json
疝,B,shàn,bệnh thoát vị,"câu liên quan, Hán Việt",chars/759D.json
疟,B,nüè,bệnh sốt rét,"câu liên quan, Hán Việt",chars/759F.json
疠,C,lì,loét; dịch bệnh,"bộ thủ, câu liên quan, Hán Việt",chars/75A0.json
疡,B,yáng,loét; vết loét,"câu liên quan, Hán Việt",chars/75A1.json
疢,C,chèn,(bệnh),"bộ thủ, từ liên quan, câu liên quan, Hán Việt",chars/75A2.json
疣,B,yóu,nốt sùi; mụn cóc,"câu liên quan, Hán Việt",chars/75A3.json
疤,A,bā,sẹo,Hán Việt,chars/75A4.json
疥,B,jiè,bệnh ghẻ,"câu liên quan, Hán Việt",chars/75A5.json
疧,C,zhī,(văn học) bệnh; Đài Loan phát âm [zhi1],"bộ thủ, từ liên quan, câu liên quan, Hán Việt",chars/75A7.json
疬,B,lì,xem 瘰癧|瘰疬[luo3 li4],"từ liên quan, câu liên quan, Hán Việt",chars/75AC.json
疭,B,zòng,dùng trong 瘛瘲|瘛疭[chi4 zong4],"từ liên quan, câu liên quan, Hán Việt",chars/75AD.json
疮,B,chuāng,vết loét; loét da,"câu liên quan, Hán Việt",chars/75AE.json
疱,B,pào,mụn nhọt; mụn trứng cá,"câu liên quan, Hán Việt",chars/75B1.json
疳,B,gān,bệnh còi xương,"từ liên quan, câu liên quan, Hán Việt",chars/75B3.json
疴,B,kē,bệnh (văn học); cũng đọc là [e1],"câu liên quan, Hán Việt",chars/75B4.json
疵,B,cī,vết chàm; khuyết điểm,"câu liên quan, Hán Việt",chars/75B5.json
疶,C,xiè,bệnh lỵ,"bộ thủ, từ liên quan, câu liên quan, Hán Việt",chars/75B6.json
疸,B,da,dùng trong 疙疸[ge1 da5],câu liên quan,chars/75B8.json
疹,B,zhěn,bệnh sởi; phát ban,câu liên quan,chars/75B9.json
疼,A,téng,đau; nhức,Hán Việt,chars/75BC.json
疽,B,jū,hoại thư,câu liên quan,chars/75BD.json
痁,C,diàn,sốt rét,"bộ thủ, từ liên quan, câu liên quan, Hán Việt",chars/75C1.json
痂,B,jiā,vảy,"câu liên quan, Hán Việt",chars/75C2.json
痃,C,xuán,,"nghĩa, từ liên quan, câu liên quan, Hán Việt",chars/75C3.json
痄,B,zhà,bệnh quai bị,"từ liên quan, câu liên quan, Hán Việt",chars/75C4.json
痈,B,yōng,nhọt độc,câu liên quan,chars/75C8.json
痉,B,jìng,co thắt,"câu liên quan, Hán Việt",chars/75C9.json
痊,C,quán,hồi phục (sau bệnh),"bộ thủ, câu liên quan",chars/75CA.json
痌,C,tōng,rên rỉ vì đau đớn,"bộ thủ, từ liên quan, câu liên quan, Hán Việt",chars/75CC.json
痍,B,yí,vết bầm; chỗ lở loét,"câu liên quan, Hán Việt",chars/75CD.json
痏,C,wěi,vết bầm hoặc đụng dập,"bộ thủ, từ liên quan, câu liên quan, Hán Việt",chars/75CF.json
痒,A,yǎng,ngứa,Hán Việt,chars/75D2.json
痔,B,zhì,bệnh trĩ; trĩ,câu liên quan,chars/75D4.json
痖,B,yǎ,"câm, không có khả năng nói; giống như 啞|哑[ya3]","từ liên quan, câu liên quan, Hán Việt",chars/75D6.json
痗,C,mèi,bệnh do lo lắng gây ra,"bộ thủ, từ liên quan, câu liên quan, Hán Việt",chars/75D7.json
痚,C,xiāo,hen suyễn; khó thở,"bộ thủ, từ liên quan, câu liên quan, Hán Việt",chars/75DA.json
痜,C,tū,biến thể cũ của 禿|秃[tu1]; hói,"bộ thủ, từ liên quan, câu liên quan, Hán Việt",chars/75DC.json
痞,B,pǐ,táo bón; cục ở bụng,"câu liên quan, Hán Việt",chars/75DE.json
痠,C,suān,biến thể của 酸[suan1]; đau nhức,"bộ thủ, từ liên quan, câu liên quan, Hán Việt",chars/75E0.json
痡,C,pū,ốm yếu; tàn tật,"bộ thủ, từ liên quan, câu liên quan, Hán Việt",chars/75E1.json
痢,B,lì,bệnh kiết lị,câu liên quan,chars/75E2.json
痣,C,zhì,vết bớt; nốt ruồi,"bộ thủ, câu liên quan, Hán Việt",chars/75E3.json
痤,B,cuó,mụn trứng cá,"câu liên quan, Hán Việt",chars/75E4.json
痦,B,wù,nốt ruồi (phẳng),"câu liên quan, Hán Việt",chars/75E6.json
痧,B,shā,bệnh tả,"câu liên quan, Hán Việt",chars/75E7.json
痨,B,láo,bệnh lao,câu liên quan,chars/75E8.json
痩,C,shòu,biến thể tiếng Nhật của 瘦[shou4],"bộ thủ, từ liên quan, câu liên quan, Hán Việt",chars/75E9.json
痪,A,huàn,dùng trong 癱瘓|瘫痪[tan1huan4],Hán Việt,chars/75EA.json
痫,B,xián,bệnh động kinh; tâm thần,"câu liên quan, Hán Việt",chars/75EB.json
痭,C,péng,băng kinh,"bộ thủ, từ liên quan, câu liên quan, Hán Việt",chars/75ED.json
痯,C,guǎn,nhìn ốm yếu,"bộ thủ, từ liên quan, câu liên quan, Hán Việt",chars/75EF.json
痱,B,fèi,biến thể của 痱[fei4],"câu liên quan, Hán Việt",chars/75F1.json
痲,B,má,bệnh phong; tê,"từ liên quan, câu liên quan, Hán Việt",chars/75F2.json
痳,C,lín,thoát vị; khó tiểu,"bộ thủ, từ liên quan, câu liên quan, Hán Việt",chars/75F3.json
痴,A,chī,đần độn; tình cảm,Hán Việt,chars/75F4.json
痵,C,jì,giật mình lo lắng trong giấc ngủ,"bộ thủ, từ liên quan, câu liên quan, Hán Việt",chars/75F5.json
痻,C,mín,bị bệnh,"bộ thủ, từ liên quan, câu liên quan, Hán Việt",chars/75FB.json
痼,B,gù,"bệnh cố hữu; (về đam mê, sở thích) dài hạn","câu liên quan, Hán Việt",chars/75FC.json
痿,B,wěi,teo cơ,câu liên quan,chars/75FF.json
瘀,B,yū,tụ máu (cục máu đông bên trong); máu thoát mạch (tràn vào mô xung quanh),câu liên quan,chars/7600.json
瘁,B,cuì,mệt mỏi; phiền muộn,câu liên quan,chars/7601.json
瘃,B,zhú,cước chinh,"từ liên quan, câu liên quan, Hán Việt",chars/7603.json
瘅,B,dān,(bệnh),"câu liên quan, Hán Việt",chars/7605.json
瘆,C,shèn,làm kinh hãi,"bộ thủ, từ liên quan, câu liên quan, Hán Việt",chars/7606.json
瘈,C,jì,giận dữ; chứng sợ nước,"bộ thủ, từ liên quan, câu liên quan, Hán Việt",chars/7608.json
瘉,C,yù,chữa lành,"bộ thủ, từ liên quan, câu liên quan, Hán Việt",chars/7609.json
瘊,B,hóu,mụn cóc,"câu liên quan, Hán Việt",chars/760A.json
瘌,B,là,bệnh ghẻ; bệnh tróc vảy da đầu,"từ liên quan, câu liên quan, Hán Việt",chars/760C.json
瘏,C,tú,bị thương; ốm (về động vật),"bộ thủ, từ liên quan, câu liên quan, Hán Việt",chars/760F.json
瘐,B,yǔ,ngược đãi (như tù nhân),"từ liên quan, câu liên quan, Hán Việt",chars/7610.json
瘕,B,jiǎ,tắc nghẽn trong ruột,"từ liên quan, câu liên quan, Hán Việt",chars/7615.json
瘖,C,yīn,câm,"bộ thủ, từ liên quan, câu liên quan",chars/7616.json
瘗,B,yì,chôn; tế,"từ liên quan, câu liên quan, Hán Việt",chars/7617.json
瘘,B,lòu,rò luân; loét,"câu liên quan, Hán Việt",chars/7618.json
瘙,B,sào,ngứa; thuật ngữ cũ chỉ bệnh ghẻ,"câu liên quan, Hán Việt",chars/7619.json
瘚,C,jué,nấc cụt; dịch cơ thể,"bộ thủ, từ liên quan, câu liên quan, Hán Việt",chars/761A.json
瘛,B,chì,dùng trong 瘛瘲|瘛疭[chi4zong4]; tiếng Đài Loan đọc là [qi4],"từ liên quan, câu liên quan, Hán Việt",chars/761B.json
瘜,B,xī,u nhú,"từ liên quan, câu liên quan, Hán Việt",chars/761C.json
瘝,C,guān,mất khả năng; không hiệu quả,"bộ thủ, từ liên quan, câu liên quan, Hán Việt",chars/761D.json
瘠,B,jí,cằn cỗi; gầy,"câu liên quan, Hán Việt",chars/7620.json
瘢,B,bān,vết; sẹo trên da,câu liên quan,chars/7622.json
瘤,A,liú,khối u,Hán Việt,chars/7624.json
瘥,B,chài,hồi phục sau bệnh,"từ liên quan, câu liên quan, Hán Việt",chars/7625.json
瘨,C,diān,co giật; điên,"bộ thủ, từ liên quan, câu liên quan, Hán Việt",chars/7628.json
瘩,A,dá,lở; nhọt,Hán Việt,chars/7629.json
瘪,B,biě,biến thể của 癟|瘪[bie3],"câu liên quan, Hán Việt",chars/762A.json
瘫,A,tān,bị liệt,Hán Việt,chars/762B.json
瘭,B,biāo,lở móng tay,"từ liên quan, câu liên quan, Hán Việt",chars/762D.json
瘯,C,cù,(bệnh da),"bộ thủ, từ liên quan, câu liên quan, Hán Việt",chars/762F.json
瘰,B,luǒ,bệnh lao hạch; lao tuyến,"từ liên quan, câu liên quan, Hán Việt",chars/7630.json
瘳,B,chōu,hồi phục; bình phục,"từ liên quan, câu liên quan, Hán Việt",chars/7633.json
瘴,B,zhàng,sốt rét; dịch khí độc,câu liên quan,chars/7634.json
瘵,B,zhài,ổ nhiễm trùng lao,"từ liên quan, câu liên quan, Hán Việt",chars/7635.json
瘸,B,qué,què,"câu liên quan, Hán Việt",chars/7638.json
瘺,C,lòu,biến thể của 瘻|瘘[lou4],"bộ thủ, từ liên quan, câu liên quan, Hán Việt",chars/763A.json
瘼,B,mò,đau khổ; bệnh tật,"từ liên quan, câu liên quan, Hán Việt",chars/763C.json
瘾,A,yǐn,nghiện,Hán Việt,chars/763E.json
瘿,B,yǐng,bướu cổ; mấu trên cây,"từ liên quan, câu liên quan, Hán Việt",chars/763F.json
癀,B,huáng,dùng trong 癀病[huang2 bing4],"từ liên quan, câu liên quan, Hán Việt",chars/7640.json
癃,B,lóng,bệnh tật; bí tiểu,"từ liên quan, câu liên quan, Hán Việt",chars/7643.json
癌,A,ái,ung thư,Hán Việt,chars/764C.json
癍,C,bān,lắng đọng sắc tố bất thường trên da,"bộ thủ, từ liên quan, câu liên quan, Hán Việt",chars/764D.json
癎,C,xián,"biến thể của 癇|痫, bệnh động kinh","bộ thủ, từ liên quan, câu liên quan, Hán Việt",chars/764E.json
癔,B,yì,xem 癔病[yi4 bing4],"câu liên quan, Hán Việt",chars/7654.json
癕,C,yōng,biến thể cũ của 癰|痈[yong1],"bộ thủ, từ liên quan, câu liên quan, Hán Việt",chars/7655.json
癖,B,pǐ,thói quen; sở thích,"câu liên quan, Hán Việt",chars/7656.json
癙,C,shǔ,bệnh do lo lắng,"bộ thủ, từ liên quan, câu liên quan, Hán Việt",chars/7659.json
癜,B,diàn,ban đỏ; bệnh bạch biến,câu liên quan,chars/765C.json
癞,B,lài,bệnh ghẻ; bệnh ngoài da,"câu liên quan, Hán Việt",chars/765E.json
癠,C,jì,ốm; bệnh tật,"bộ thủ, từ liên quan, câu liên quan, Hán Việt",chars/7660.json
癣,B,xuǎn,bệnh hắc lào; tiếng Đài Loan đọc là [xian3],"câu liên quan, Hán Việt",chars/7663.json
癪,C,jī,co thắt; co giật,"bộ thủ, từ liên quan, câu liên quan, Hán Việt",chars/766A.json
癫,B,diān,rối loạn tâm thần; điên,câu liên quan,chars/766B.json
癯,B,qú,gầy; gầy mòn,"câu liên quan, Hán Việt",chars/766F.json
癶,B,bō,"Gạt ra, đạp","từ liên quan, câu liên quan, Hán Việt",chars/7676.json
癸,C,guǐ,thiên can thứ mười trong mười Thiên Can 十天干[shi2 tian1 gan1]; thứ mười trong thứ tự,"bộ thủ, câu liên quan",chars/7678.json
発,C,fā,biến thể tiếng Nhật của 發|发,"bộ thủ, từ liên quan, câu liên quan, Hán Việt",chars/767A.json
癿,C,qié,(dùng trong địa danh),"bộ thủ, từ liên quan, câu liên quan, Hán Việt",chars/767F.json
皀,C,bī,một hạt,"bộ thủ, từ liên quan, câu liên quan, Hán Việt",chars/7680.json
皁,C,zào,"màu đen; người chạy việc cho quan, từ trang phục đen họ từng mặc","bộ thủ, từ liên quan, câu liên quan, Hán Việt",chars/7681.json
皂,C,zào,xà phòng; màu đen,"bộ thủ, Hán Việt",chars/7682.json
皃,C,mào,biến thể của 貌[mao4],"bộ thủ, từ liên quan, câu liên quan, Hán Việt",chars/7683.json
皅,C,pā,,"nghĩa, từ liên quan, câu liên quan, Hán Việt",chars/7685.json
皇,C,Huáng,họ [Huang2],bộ thủ,chars/7687.json
皈,C,guī,tuân theo; theo,"bộ thủ, câu liên quan, Hán Việt",chars/7688.json
皋,C,gāo,bờ; đầm lầy,"bộ thủ, câu liên quan",chars/768B.json
皌,C,mò,xem 開皌|开皌[kai1 mo4],"bộ thủ, từ liên quan, câu liên quan, Hán Việt",chars/768C.json
皎,B,jiǎo,sáng; trắng,"câu liên quan, Hán Việt",chars/768E.json
皑,B,ái,(văn học) trắng như tuyết,"câu liên quan, Hán Việt",chars/7691.json
皒,B,é,xem 皒皒[e2 e2],"từ liên quan, câu liên quan, Hán Việt",chars/7692.json
皓,B,hào,biến thể của 皓[hao4],"câu liên quan, Hán Việt",chars/7693.json
皕,C,bì,hai trăm (ít dùng); 200,"bộ thủ, từ liên quan, câu liên quan, Hán Việt",chars/7695.json
皖,B,Wǎn,tên gọi tắt của tỉnh An Huy 安徽省[An1 hui1 Sheng3],"câu liên quan, Hán Việt",chars/7696.json
皘,C,qiàn,trắng,"bộ thủ, từ liên quan, câu liên quan, Hán Việt",chars/7698.json
皝,C,huǎng,"phát sáng; sáng rực, trắng","bộ thủ, từ liên quan, câu liên quan, Hán Việt",chars/769D.json
皞,C,hào,sáng; rực rỡ,"bộ thủ, từ liên quan, câu liên quan, Hán Việt",chars/769E.json
皤,B,pó,trắng,"từ liên quan, câu liên quan, Hán Việt",chars/76A4.json
皦,B,Jiǎo,họ [Jiao3],"từ liên quan, câu liên quan, Hán Việt",chars/76A6.json
皨,C,xīng,biến thể cũ của 星[xing1],"bộ thủ, từ liên quan, câu liên quan, Hán Việt",chars/76A8.json
皪,C,lì,độ bóng (của ngọc trai),"bộ thủ, từ liên quan, câu liên quan, Hán Việt",chars/76AA.json
皫,C,piǎo,trắng,"bộ thủ, từ liên quan, câu liên quan, Hán Việt",chars/76AB.json
皭,C,jiào,thuần khiết,"bộ thủ, từ liên quan, câu liên quan, Hán Việt",chars/76AD.json
皱,A,zhòu,nhăn nhó,Hán Việt,chars/76B1.json
皲,B,jūn,nứt nẻ,"từ liên quan, câu liên quan, Hán Việt",chars/76B2.json
皴,B,cūn,nứt nẻ; rạn nứt,"câu liên quan, Hán Việt",chars/76B4.json
皻,C,cǔ,da nứt nẻ,"bộ thủ, từ liên quan, câu liên quan, Hán Việt",chars/76BB.json
皽,C,zhǎn,(văn học) tế bào da chết trên bề mặt da; Đài Loan đọc là [zhan3],"bộ thủ, từ liên quan, câu liên quan, Hán Việt",chars/76BD.json
盂,B,yú,chậu; bình hoặc hũ miệng rộng,"câu liên quan, Hán Việt",chars/76C2.json
盅,B,zhōng,chén không quai; ly,"câu liên quan, Hán Việt",chars/76C5.json
益,C,Yì,họ [Yi4],bộ thủ,chars/76CA.json
盋,C,bō,biến thể không phổ biến của 缽|钵[bo1],"bộ thủ, từ liên quan, câu liên quan, Hán Việt",chars/76CB.json
盍,C,hé,biến thể của 盍[he2],"bộ thủ, từ liên quan, câu liên quan, Hán Việt",chars/76CD.json
盎,B,àng,đồ gốm cổ có bụng to và miệng nhỏ; (văn học) tràn đầy; phong phú,câu liên quan,chars/76CE.json
盏,C,zhǎn,cái (đèn),bộ thủ,chars/76CF.json
盐,C,yán,muối,"bộ thủ, Hán Việt",chars/76D0.json
盗,C,dào,ăn trộm,bộ thủ,chars/76D7.json
盚,C,Qiú,họ [Qiu2],"bộ thủ, từ liên quan, câu liên quan, Hán Việt",chars/76DA.json
盝,C,lù,"hộp, case","bộ thủ, từ liên quan, câu liên quan, Hán Việt",chars/76DD.json
盟,A,méng,lời thề; cam kết,Hán Việt,chars/76DF.json
盥,C,guàn,rửa (đặc biệt là tay),"bộ thủ, câu liên quan, Hán Việt",chars/76E5.json
盦,C,ān,đồ đựng,"bộ thủ, từ liên quan, câu liên quan, Hán Việt",chars/76E6.json
盩,C,zhōu,tên một quận ở Thiểm Tây,"bộ thủ, từ liên quan, câu liên quan, Hán Việt",chars/76E9.json
盬,C,gǔ,lọ đậy kín,"bộ thủ, từ liên quan, câu liên quan, Hán Việt",chars/76EC.json
盭,C,lì,không lý lẽ; bạo lực,"bộ thủ, từ liên quan, câu liên quan, Hán Việt",chars/76ED.json
盯,A,dīng,nhìn chằm chằm,Hán Việt,chars/76EF.json
盱,B,Xū,họ [Xu1],"câu liên quan, Hán Việt",chars/76F1.json
盲,C,máng,mù,bộ thủ,chars/76F2.json
直,C,zhí,thẳng,"bộ thủ, Hán Việt",chars/76F4.json
盵,C,Qì,họ [Qi4],"bộ thủ, từ liên quan, câu liên quan, Hán Việt",chars/76F5.json
盹,A,dǔn,chợp mắt; ngủ gật,Hán Việt,chars/76F9.json
盻,C,xì,nhìn chằm chằm,"bộ thủ, từ liên quan, câu liên quan, Hán Việt",chars/76FB.json
盼,A,pàn,mong mỏi,Hán Việt,chars/76FC.json
盾,C,dùn,cái khiên; (tiền tệ) đồng Việt Nam,bộ thủ,chars/76FE.json
眂,C,shì,biến thể cũ của 視|视[shi4],"bộ thủ, từ liên quan, câu liên quan, Hán Việt",chars/7702.json
眄,B,miǎn,liếc mắt; nhìn hé mắt,"từ liên quan, câu liên quan, Hán Việt",chars/7704.json
眅,C,pān,trợn mắt,"bộ thủ, từ liên quan, câu liên quan, Hán Việt",chars/7705.json
眇,C,miǎo,mù một mắt; mù,"bộ thủ, từ liên quan, câu liên quan",chars/7707.json
眈,B,dān,nhìn chằm chằm,câu liên quan,chars/7708.json
眉,C,méi,lông mày; lề trên,bộ thủ,chars/7709.json
眊,C,mào,thị lực kém,"bộ thủ, từ liên quan, câu liên quan, Hán Việt",chars/770A.json
県,B,xiàn,biến thể Nhật Bản của 縣|县; tỉnh của Nhật Bản,"từ liên quan, câu liên quan, Hán Việt",chars/770C.json
眍,B,kōu,bị lõm vào (mắt),"từ liên quan, câu liên quan, Hán Việt",chars/770D.json
眑,C,yǎo,mắt trũng; sâu,"bộ thủ, từ liên quan, câu liên quan, Hán Việt",chars/7711.json
眔,C,dà,,"nghĩa, từ liên quan, câu liên quan, Hán Việt",chars/7714.json
眕,C,zhěn,kìm nén cơn giận,"bộ thủ, từ liên quan, câu liên quan, Hán Việt",chars/7715.json
眙,B,yí,tên địa danh,"câu liên quan, Hán Việt",chars/7719.json
眚,B,shěng,bệnh đục thuỷ tinh thể; lỗi,"từ liên quan, câu liên quan, Hán Việt",chars/771A.json
眛,C,mèi,mù; không cảm nhận được,"bộ thủ, từ liên quan, câu liên quan",chars/771B.json
眞,C,zhēn,biến thể của 真[zhen1],"bộ thủ, từ liên quan, câu liên quan, Hán Việt",chars/771E.json
眢,B,yuān,mí mắt bị viêm; khô cằn,"từ liên quan, câu liên quan, Hán Việt",chars/7722.json
眣,C,dié,mắt lồi,"bộ thủ, từ liên quan, câu liên quan",chars/7723.json
眦,B,zì,khóe mắt; khoé mắt,"câu liên quan, Hán Việt",chars/7726.json
眨,C,zhǎ,nháy mắt,"bộ thủ, Hán Việt",chars/7728.json
眬,B,lóng,dùng trong 矇矓|蒙眬[meng2 long2],"từ liên quan, câu liên quan, Hán Việt",chars/772C.json
眭,B,Suī,họ [Sui1],"từ liên quan, câu liên quan",chars/772D.json
眯,A,mí,làm mù (như bởi bụi); phát âm ở Đài Loan [mi3],Hán Việt,chars/772F.json
眰,C,dié,biến thể cũ của 眣[die2],"bộ thủ, từ liên quan, câu liên quan, Hán Việt",chars/7730.json
眳,B,míng,khoảng giữa lông mày và lông mi,"từ liên quan, câu liên quan, Hán Việt",chars/7733.json
眴,C,xuàn,hoa mắt; chóng mặt,"bộ thủ, từ liên quan, câu liên quan, Hán Việt",chars/7734.json
眵,B,chī,chất tiết (ghèn) từ màng nhầy của mắt,"câu liên quan, Hán Việt",chars/7735.json
眶,A,kuàng,(dạng kết hợp) hốc mắt; Phát âm Đài Loan: [kuang1],Hán Việt,chars/7736.json
眸,A,móu,con ngươi (của mắt); mắt,Hán Việt,chars/7738.json
眹,C,zhèn,con ngươi,"bộ thủ, từ liên quan, câu liên quan, Hán Việt",chars/7739.json
眺,A,tiào,nhìn ra xa,Hán Việt,chars/773A.json
眽,B,mò,nhìn chăm chú; liếc mắt nhìn,"từ liên quan, câu liên quan, Hán Việt",chars/773D.json
睁,A,zhēng,mở mắt,Hán Việt,chars/7741.json
睂,C,méi,biến thể cũ của 眉[mei2],"bộ thủ, từ liên quan, câu liên quan, Hán Việt",chars/7742.json
睃,B,suō,liếc nhìn; nhìn chăm chú; phiên âm Đài Loan [jun4],"từ liên quan, câu liên quan, Hán Việt",chars/7743.json
睅,C,hàn,mắt lồi,"bộ thủ, từ liên quan, câu liên quan, Hán Việt",chars/7745.json
睆,C,huǎn,ưa nhìn; dễ thương,"bộ thủ, từ liên quan, câu liên quan, Hán Việt",chars/7746.json
睇,B,dì,nhìn xuống (văn cổ); xem,"từ liên quan, câu liên quan, Hán Việt",chars/7747.json
睊,C,juàn,nhìn,"bộ thủ, từ liên quan, câu liên quan, Hán Việt",chars/774A.json
睎,C,xī,khao khát; nhìn chăm chú,"bộ thủ, từ liên quan, câu liên quan, Hán Việt",chars/774E.json
睐,B,lài,liếc nhìn; nhìn một cách xem thường,"câu liên quan, Hán Việt",chars/7750.json
睑,B,jiǎn,mí mắt,câu liên quan,chars/7751.json
睒,C,shǎn,liếc nhìn trộm; lấp lánh,"bộ thủ, từ liên quan, câu liên quan",chars/7752.json
睓,C,tiǎn,biến thể của 㥏[tian3],"bộ thủ, từ liên quan, câu liên quan, Hán Việt",chars/7753.json
睖,C,lèng,nhìn chằm chằm; trừng mắt,"bộ thủ, từ liên quan, câu liên quan, Hán Việt",chars/7756.json
睘,B,qióng,biến thể của 瞏[qiong2],"từ liên quan, câu liên quan, Hán Việt",chars/7758.json
睙,C,liè,đảo mắt để nhìn,"bộ thủ, từ liên quan, câu liên quan, Hán Việt",chars/7759.json
睚,B,yá,khóe mắt; nhìn chằm chằm,"từ liên quan, câu liên quan, Hán Việt",chars/775A.json
睛,A,jīng,mắt; nhãn cầu,Hán Việt,chars/775B.json
睟,C,suì,mắt sáng; rõ ràng,"bộ thủ, từ liên quan, câu liên quan, Hán Việt",chars/775F.json
睢,B,Suī,họ [Sui1],"câu liên quan, Hán Việt",chars/7762.json
睥,B,bì,dùng trong 睥睨[pi4 ni4]; cách phát âm ở Đài Loan [bi4],"từ liên quan, câu liên quan, Hán Việt",chars/7765.json
睨,B,nì,liếc nhìn,câu liên quan,chars/7768.json
睪,B,yì,do thám,"từ liên quan, câu liên quan, Hán Việt",chars/776A.json
睫,B,jié,lông mi,"câu liên quan, Hán Việt",chars/776B.json
睬,A,cǎi,biến thể của 睬[cai3],Hán Việt,chars/776C.json
睯,C,hūn,u ám; chán nản,"bộ thủ, từ liên quan, câu liên quan, Hán Việt",chars/776F.json
睺,C,hóu,"(xuất hiện như âm ""ho"", đặc biệt trong các từ mượn từ tiếng Phạn); bán mù (cổ)","bộ thủ, từ liên quan, câu liên quan, Hán Việt",chars/777A.json
睽,B,kuí,chia cách; nhìn chằm chằm,"câu liên quan, Hán Việt",chars/777D.json
睾,C,gāo,(hình thức kết hợp) tinh hoàn,"bộ thủ, câu liên quan, Hán Việt",chars/777E.json
睿,C,ruì,biến thể của 睿[rui4],"bộ thủ, câu liên quan, Hán Việt",chars/777F.json
瞀,C,mào,thị lực không rõ; mờ mịt,"bộ thủ, từ liên quan, câu liên quan, Hán Việt",chars/7780.json
瞄,A,miáo,nhắm (bắn); (nghĩa bóng) nhắm ánh nhìn vào; liếc nhìn,Hán Việt,chars/7784.json
瞅,B,chǒu,nhìn,"câu liên quan, Hán Việt",chars/7785.json
瞈,C,wěng,xem 瞈矇|瞈蒙[weng3 meng2],"bộ thủ, từ liên quan, câu liên quan, Hán Việt",chars/7788.json
瞋,B,chēn,(văn học) trừng mắt giận dữ; nhìn trừng trừng,"từ liên quan, câu liên quan",chars/778B.json
瞌,B,kē,ngủ gật; mơ màng,"câu liên quan, Hán Việt",chars/778C.json
瞍,C,sǒu,mù,"bộ thủ, từ liên quan, câu liên quan, Hán Việt",chars/778D.json
瞎,C,xiā,"mù quáng, không mục đích","bộ thủ, Hán Việt",chars/778E.json
瞏,C,qióng,(văn học) nhìn chằm chằm trong sợ hãi; (văn học) một mình; không ai giúp đỡ,"bộ thủ, từ liên quan, câu liên quan, Hán Việt",chars/778F.json
瞑,C,míng,nhắm (mắt),"bộ thủ, câu liên quan",chars/7791.json
瞓,B,fèn,ngủ (tiếng Quảng Đông); tương đương trong Quan thoại: 睡[shui4],"từ liên quan, câu liên quan, Hán Việt",chars/7793.json
瞕,C,zhàng,bệnh đục thủy tinh thể trong mắt,"bộ thủ, từ liên quan, câu liên quan, Hán Việt",chars/7795.json
瞟,B,piǎo,liếc nhìn,"từ liên quan, câu liên quan, Hán Việt",chars/779F.json
瞠,B,chēng,trố mắt nhìn điều ngoài tầm với,"câu liên quan, Hán Việt",chars/77A0.json
瞢,C,méng,thị lực mờ ảo; cảm thấy xấu hổ,"bộ thủ, từ liên quan, câu liên quan, Hán Việt",chars/77A2.json
瞥,A,piē,liếc nhìn; nhìn thoáng qua,Hán Việt,chars/77A5.json
瞧,A,qiáo,nhìn,Hán Việt,chars/77A7.json
瞩,A,zhǔ,nhìn chăm chú; nhìn chằm chằm,Hán Việt,chars/77A9.json
瞪,A,dèng,nhìn chằm chằm,Hán Việt,chars/77AA.json
瞫,C,Shěn,họ [Shen3],"bộ thủ, từ liên quan, câu liên quan, Hán Việt",chars/77AB.json
瞬,A,shùn,nháy mắt,Hán Việt,chars/77AC.json
瞭,B,liào,quan sát từ trên cao hoặc khoảng cách,câu liên quan,chars/77AD.json
瞰,A,kàn,nhìn xuống từ trên cao; do thám điều gì,Hán Việt,chars/77B0.json
瞳,B,tóng,tròng đen của mắt,câu liên quan,chars/77B3.json
瞵,B,lín,nhìn chằm chằm vào,"từ liên quan, câu liên quan, Hán Việt",chars/77B5.json
瞷,C,jiàn,do thám,"bộ thủ, từ liên quan, câu liên quan, Hán Việt",chars/77B7.json
瞹,C,ài,biến thể của 曖|暧[ai4],"bộ thủ, từ liên quan, câu liên quan, Hán Việt",chars/77B9.json
瞽,B,gǔ,mù; không sáng suốt,"từ liên quan, câu liên quan, Hán Việt",chars/77BD.json
瞿,C,Qú,họ [Qu2],"bộ thủ, câu liên quan, Hán Việt",chars/77BF.json
矉,C,pín,trừng mắt giận dữ; mở to mắt vì giận,"bộ thủ, từ liên quan, câu liên quan, Hán Việt",chars/77C9.json
矍,C,Jué,họ [Jue2],"bộ thủ, câu liên quan, Hán Việt",chars/77CD.json
矔,C,guàn,rực rỡ (về mắt),"bộ thủ, từ liên quan, câu liên quan, Hán Việt",chars/77D4.json
矗,C,chù,cao ngất; đứng thẳng,bộ thủ,chars/77D7.json
矜,B,jīn,khoe khoang; tôn trọng,câu liên quan,chars/77DC.json
矞,C,yù,trang nhã; tao nhã,"bộ thủ, từ liên quan, câu liên quan, Hán Việt",chars/77DE.json
矟,C,shuò,cái giáo,"bộ thủ, từ liên quan, câu liên quan, Hán Việt",chars/77DF.json
矠,C,zé,(cổ) cây giáo,"bộ thủ, từ liên quan, câu liên quan, Hán Việt",chars/77E0.json
矣,C,yǐ,một hạt 'yi',"bộ thủ, từ liên quan, câu liên quan",chars/77E3.json
矦,B,hóu,biến thể cũ của 侯[hou2],"từ liên quan, câu liên quan, Hán Việt",chars/77E6.json
矧,C,shěn,(nghi vấn),"bộ thủ, từ liên quan, câu liên quan",chars/77E7.json
矨,C,yǐng,ngắn và nhỏ,"bộ thủ, từ liên quan, câu liên quan, Hán Việt",chars/77E8.json
矬,B,cuó,thấp; lùn,"từ liên quan, câu liên quan, Hán Việt",chars/77EC.json
矮,A,ǎi,thấp,Hán Việt,chars/77EE.json
矰,C,zēng,mũi tên có gắn dải lụa,"bộ thủ, từ liên quan, câu liên quan, Hán Việt",chars/77F0.json
矱,C,yuē,tiêu chuẩn; quy tắc,"bộ thủ, từ liên quan, câu liên quan, Hán Việt",chars/77F1.json
矶,B,jī,đê chắn sóng; cầu tàu,"câu liên quan, Hán Việt",chars/77F6.json
矷,C,zǐ,(một loại đá),"bộ thủ, từ liên quan, câu liên quan, Hán Việt",chars/77F7.json
矸,B,gān,dùng trong 矸石[gan1 shi2],"câu liên quan, Hán Việt",chars/77F8.json
矻,B,kū,dùng trong 矻矻[ku1 ku1]; cách phát âm ở Đài Loan [ku4],"câu liên quan, Hán Việt",chars/77FB.json
矼,C,jiāng,cầu đá,"bộ thủ, từ liên quan, câu liên quan, Hán Việt",chars/77FC.json
矽,B,xī,(Đài Loan) silic (hóa học); cách phát âm ở Đài Loan [xi4],"câu liên quan, Hán Việt",chars/77FD.json
矾,B,fán,phèn,câu liên quan,chars/77FE.json
砀,C,dàng,đá có vân màu,"bộ thủ, câu liên quan, Hán Việt",chars/7800.json
码,A,mǎ,một từ đo cho vấn đề,Hán Việt,chars/7801.json
砂,C,shā,cát; sỏi,"bộ thủ, Hán Việt",chars/7802.json
砃,C,dān,đá trắng,"bộ thủ, từ liên quan, câu liên quan, Hán Việt",chars/7803.json
砄,C,jué,đá; tảng đá,"bộ thủ, từ liên quan, câu liên quan, Hán Việt",chars/7804.json
砅,C,lì,lội qua suối bằng cách bước trên đá,"bộ thủ, từ liên quan, câu liên quan, Hán Việt",chars/7805.json
砆,C,fū,mã não; đá quý kém,"bộ thủ, từ liên quan, câu liên quan, Hán Việt",chars/7806.json
砈,C,è,astatin (hoá học) (Đài Loan),"bộ thủ, từ liên quan, câu liên quan, Hán Việt",chars/7808.json
砉,C,huā,âm thanh của vật bay nhanh; vù,"bộ thủ, từ liên quan, câu liên quan, Hán Việt",chars/7809.json
砌,C,qì,xây bằng cách xếp gạch hoặc đá,"bộ thủ, Hán Việt",chars/780C.json
砍,A,kǎn,chặt,Hán Việt,chars/780D.json
砑,C,yà,cán láng,"bộ thủ, từ liên quan, câu liên quan, Hán Việt",chars/7811.json
砒,B,pī,thạch tín,"câu liên quan, Hán Việt",chars/7812.json
砕,C,suì,biến thể của 碎[sui4],"bộ thủ, từ liên quan, câu liên quan, Hán Việt",chars/7815.json
砖,A,zhuān,gạch,Hán Việt,chars/7816.json
砗,B,chē,dùng trong 硨磲|砗磲[che1 qu2],"từ liên quan, câu liên quan, Hán Việt",chars/7817.json
砘,B,dùn,(nông nghiệp) lèn chặt đất tơi xốp bằng trục lăn đá sau khi gieo hạt; trục lăn đá dùng cho mục đích này,"từ liên quan, câu liên quan, Hán Việt",chars/7818.json
砚,B,yàn,nghiên mực,câu liên quan,chars/781A.json
砜,B,fēng,sulfone,"từ liên quan, câu liên quan, Hán Việt",chars/781C.json
砝,B,fǎ,dùng trong 砝碼|砝码[fa3 ma3],"câu liên quan, Hán Việt",chars/781D.json
砟,B,zhǎ,mảnh vỡ,"từ liên quan, câu liên quan, Hán Việt",chars/781F.json
砠,C,qū,đồi đá,"bộ thủ, từ liên quan, câu liên quan, Hán Việt",chars/7820.json
砢,C,luǒ,một đống; chồng (đá),"bộ thủ, từ liên quan, câu liên quan, Hán Việt",chars/7822.json
砣,B,tuó,quả cân của cân đòn; trục lăn đá,"câu liên quan, Hán Việt",chars/7823.json
砥,B,dǐ,đập ngăn nước; đá mài,"câu liên quan, Hán Việt",chars/7825.json
砧,B,zhēn,cái đe,câu liên quan,chars/7827.json
砩,B,fèi,đắp đập ngăn nước bằng đá,"từ liên quan, câu liên quan, Hán Việt",chars/7829.json
砫,C,zhǔ,bài vị tổ tiên,"bộ thủ, từ liên quan, câu liên quan, Hán Việt",chars/782B.json
砬,C,lá,tảng đá khổng lồ; đá cao chót vót,"bộ thủ, từ liên quan, câu liên quan, Hán Việt",chars/782C.json
砭,B,biān,kim châm cứu bằng đá thời cổ; chỉ trích,câu liên quan,chars/782D.json
砮,C,nǔ,đá lửa; (hoán dụ) đầu mũi tên,"bộ thủ, từ liên quan, câu liên quan, Hán Việt",chars/782E.json
砯,C,pīng,(cũ) (tượng thanh) âm thanh nước va vào đá,"bộ thủ, từ liên quan, câu liên quan, Hán Việt",chars/782F.json
砰,B,pēng,(tượng thanh) bùm; thụp,"câu liên quan, Hán Việt",chars/7830.json
砳,C,lè,nhiều đá,"bộ thủ, từ liên quan, câu liên quan, Hán Việt",chars/7833.json
砵,C,bō,bát khất thực,"bộ thủ, từ liên quan, câu liên quan, Hán Việt",chars/7835.json
砷,B,shēn,asen (hóa học),"từ liên quan, câu liên quan, Hán Việt",chars/7837.json
砸,A,zá,đập vỡ,Hán Việt,chars/7838.json
砹,B,ài,astatin (hóa học),"từ liên quan, câu liên quan, Hán Việt",chars/7839.json
砺,C,lì,mài; đá mài,"bộ thủ, câu liên quan, Hán Việt",chars/783A.json
砻,B,lóng,nghiền; xay,"câu liên quan, Hán Việt",chars/783B.json
砼,B,tóng,bê tông (xây dựng),"từ liên quan, câu liên quan, Hán Việt",chars/783C.json
砾,B,lì,(dạng kết hợp) sỏi; đá nhỏ,"câu liên quan, Hán Việt",chars/783E.json
硁,C,kēng,bướng bỉnh,"bộ thủ, từ liên quan, câu liên quan, Hán Việt",chars/7841.json
硅,B,guī,silic (hóa học),"câu liên quan, Hán Việt",chars/7845.json
硇,C,náo,dùng trong 硇砂[nao2 sha1],"bộ thủ, từ liên quan, câu liên quan, Hán Việt",chars/7847.json
硌,B,gè,(khẩu ngữ) (vật cứng hoặc ráp) ấn vào một phần cơ thể gây khó chịu (như viên sỏi trong giày); đau,"từ liên quan, câu liên quan",chars/784C.json
硍,C,kèn,tiếng ầm ầm của đá lăn,"bộ thủ, từ liên quan, câu liên quan, Hán Việt",chars/784D.json
硎,B,xíng,đá mài,"từ liên quan, câu liên quan, Hán Việt",chars/784E.json
硏,C,yán,biến thể của 研[yan2],"bộ thủ, từ liên quan, câu liên quan, Hán Việt",chars/784F.json
硐,B,dòng,biến thể của 洞[dong4]; hang,"từ liên quan, câu liên quan, Hán Việt",chars/7850.json
硑,C,pēng,biến thể cũ của 砰[peng1],"bộ thủ, từ liên quan, câu liên quan, Hán Việt",chars/7851.json
硒,B,xī,selenium (hóa học),"từ liên quan, câu liên quan, Hán Việt",chars/7852.json
硕,C,shuò,lớn; to,bộ thủ,chars/7855.json
硖,B,xiá,địa danh,"từ liên quan, câu liên quan, Hán Việt",chars/7856.json
硗,B,qiāo,đất đá sỏi,"từ liên quan, câu liên quan, Hán Việt",chars/7857.json
硙,B,ái,dùng trong 磑磑|硙硙[ai2 ai2],"từ liên quan, câu liên quan, Hán Việt",chars/7859.json
硚,C,qiáo,dùng trong địa danh; xem 礄頭|硚头[Qiao2 tou2],"bộ thủ, câu liên quan, Hán Việt",chars/785A.json
硝,B,xiāo,diêm tiêu; thuộc da (làm da),"câu liên quan, Hán Việt",chars/785D.json
硪,B,wò,xem 石硪[shi2 wo4],"từ liên quan, câu liên quan, Hán Việt",chars/786A.json
硫,B,liú,lưu huỳnh (hoá học),câu liên quan,chars/786B.json
硭,B,máng,diêm tiêu thô,"từ liên quan, câu liên quan, Hán Việt",chars/786D.json
确,A,què,"xác thực, đích xác; quả thực, thực sự",Hán Việt,chars/786E.json
硵,C,lǔ,clorua amoni,"bộ thủ, từ liên quan, câu liên quan, Hán Việt",chars/7875.json
硷,B,jiǎn,biến thể của 鹼|碱[jian3],"từ liên quan, câu liên quan, Hán Việt",chars/7877.json
硻,C,kēng,bướng bỉnh,"bộ thủ, từ liên quan, câu liên quan, Hán Việt",chars/787B.json
硼,B,péng,bor (hoá học),"câu liên quan, Hán Việt",chars/787C.json
硾,C,zhuì,iodua; dằn vật gì,"bộ thủ, từ liên quan, câu liên quan, Hán Việt",chars/787E.json
碃,C,qìng,(đá),"bộ thủ, từ liên quan, câu liên quan, Hán Việt",chars/7883.json
碇,A,dìng,"Neo (tàu thuyền), mỏ neo; neo đậu",Hán Việt,chars/7887.json
碈,C,mín,biến thể cũ của 珉[min2],"bộ thủ, từ liên quan, câu liên quan, Hán Việt",chars/7888.json
碉,B,diāo,hang đá (cổ),"câu liên quan, Hán Việt",chars/7889.json
碌,A,liù,dùng trong 碌碡[liu4 zhou5]; cách phát âm ở Đài Loan [lu4],Hán Việt,chars/788C.json
碏,C,què,(ngọc),"bộ thủ, từ liên quan, câu liên quan, Hán Việt",chars/788F.json
碑,A,bēi,bia đá,Hán Việt,chars/7891.json
碓,B,duì,chày; giã bằng chày,"từ liên quan, câu liên quan, Hán Việt",chars/7893.json
碔,C,wǔ,đá quý kém; một loại ngọc,"bộ thủ, từ liên quan, câu liên quan, Hán Việt",chars/7894.json
碗,A,wǎn,cái bát,Hán Việt,chars/7897.json
碘,B,diǎn,iốt (hóa học),"câu liên quan, Hán Việt",chars/7898.json
碚,B,bèi,(dùng trong địa danh),"câu liên quan, Hán Việt",chars/789A.json
碛,B,qì,băng tích; đá trong vùng nước cạn,"câu liên quan, Hán Việt",chars/789B.json
碜,B,chěn,nhám (của thức ăn); không ưa nhìn,"câu liên quan, Hán Việt",chars/789C.json
碝,C,ruǎn,đá giống ngọc,"bộ thủ, từ liên quan, câu liên quan, Hán Việt",chars/789D.json
碞,C,yán,vách đá,"bộ thủ, từ liên quan, câu liên quan",chars/789E.json
碟,C,dié,"Đĩa, đĩa CD/DVD","bộ thủ, Hán Việt",chars/789F.json
碡,B,zhóu,"trục lăn bằng đá (để đập lúa, san bằng mặt đất, v.v.); cách phát âm ở Đài Loan: [du2]","câu liên quan, Hán Việt",chars/78A1.json
碣,B,jié,bia đá,"câu liên quan, Hán Việt",chars/78A3.json
碧,C,bì,ngọc bích; xanh lục blu,bộ thủ,chars/78A7.json
碫,C,duàn,đá thô (dùng làm đá mài),"bộ thủ, từ liên quan, câu liên quan, Hán Việt",chars/78AB.json
碬,C,xiá,đá mài,"bộ thủ, từ liên quan, câu liên quan, Hán Việt",chars/78AC.json
碯,C,nǎo,biến thể của 瑙[nao3]; mã não,"bộ thủ, từ liên quan, câu liên quan, Hán Việt",chars/78AF.json
碰,A,pèng,"chạm vào, va chạm",Hán Việt,chars/78B0.json
碱,A,jiǎn,biến thể của 鹼|碱[jian3],Hán Việt,chars/78B1.json
碲,B,dì,nguyên tố teluri (hoá học),"từ liên quan, câu liên quan, Hán Việt",chars/78B2.json
碳,A,tàn,cacbon,Hán Việt,chars/78B3.json
碴,B,chá,lỗi; mảnh kính,"câu liên quan, Hán Việt",chars/78B4.json
碻,C,què,rắn; chắc chắn,"bộ thủ, từ liên quan, câu liên quan, Hán Việt",chars/78BB.json
碾,B,niǎn,trục nghiền; cối xay,"câu liên quan, Hán Việt",chars/78BE.json
磁,A,cí,thuộc từ tính; từ tính,Hán Việt,chars/78C1.json
磅,B,bàng,pao,"câu liên quan, Hán Việt",chars/78C5.json
磈,C,wěi,nhiều đá; sỏi đá,"bộ thủ, từ liên quan, câu liên quan, Hán Việt",chars/78C8.json
磉,B,sǎng,bệ đá,"từ liên quan, câu liên quan, Hán Việt",chars/78C9.json
磊,C,lěi,lổn nhổn; đống đá,bộ thủ,chars/78CA.json
磋,B,cuō,cân nhắc; mài giũa,câu liên quan,chars/78CB.json
磎,C,xī,suối trên núi; khe suối,"bộ thủ, từ liên quan, câu liên quan, Hán Việt",chars/78CE.json
磐,B,pán,vững chắc; ổn định,"câu liên quan, Hán Việt",chars/78D0.json
磔,B,zhé,"thuật ngữ cũ cho nét sổ xiên phải trong chữ Hán (ví dụ, nét cuối của 大[da4]), nay gọi là 捺[na4]; âm thanh chim kêu (tượng thanh)","từ liên quan, câu liên quan",chars/78D4.json
磕,B,kē,khấu đầu,"câu liên quan, Hán Việt",chars/78D5.json
磖,C,lá,biến thể cũ của 砬[la2],"bộ thủ, từ liên quan, câu liên quan, Hán Việt",chars/78D6.json
磙,B,gǔn,lu; làm phẳng bằng lu,"câu liên quan, Hán Việt",chars/78D9.json
磛,C,chán,vách đá; đỉnh núi,"bộ thủ, từ liên quan, câu liên quan, Hán Việt",chars/78DB.json
磡,C,kàn,vách đá biển nguy hiểm,"bộ thủ, từ liên quan, câu liên quan, Hán Việt",chars/78E1.json
磤,C,yǐn,(từ tượng thanh) âm thanh sấm,"bộ thủ, từ liên quan, câu liên quan, Hán Việt",chars/78E4.json
磥,C,lěi,một đống đá; tảng đá,"bộ thủ, từ liên quan, câu liên quan, Hán Việt",chars/78E5.json
磪,C,cuī,ngọn núi cao; dựng đứng,"bộ thủ, từ liên quan, câu liên quan, Hán Việt",chars/78EA.json
磬,B,qìng,"đá khánh, nhạc cụ gõ cổ đại làm từ các mảnh đá hoặc ngọc treo thành hàng và gõ như mộc cầm",câu liên quan,chars/78EC.json
磭,C,chuò,môi to,"bộ thủ, từ liên quan, câu liên quan, Hán Việt",chars/78ED.json
磲,B,qú,dùng trong 硨磲|砗磲[che1 qu2],"từ liên quan, câu liên quan, Hán Việt",chars/78F2.json
磴,C,dèng,gờ vách đá; bậc thềm đá,"bộ thủ, câu liên quan, Hán Việt",chars/78F4.json
磵,C,jiàn,biến thể của 澗|涧[jian4],"bộ thủ, từ liên quan, câu liên quan, Hán Việt",chars/78F5.json
磹,C,diàn,nêm đá,"bộ thủ, từ liên quan, câu liên quan, Hán Việt",chars/78F9.json
磺,C,huáng,lưu huỳnh,"bộ thủ, câu liên quan",chars/78FA.json
磻,C,pán,tên một con sông ở Thiểm Tây,"bộ thủ, từ liên quan, câu liên quan, Hán Việt",chars/78FB.json
礀,C,jiàn,biến thể của 澗|涧[jian4],"bộ thủ, từ liên quan, câu liên quan, Hán Việt",chars/7900.json
礁,A,jiāo,rạn san hô; đá ngầm,Hán Việt,chars/7901.json
礅,B,dūn,khối đá,"từ liên quan, câu liên quan, Hán Việt",chars/7905.json
礌,C,lèi,dùng trong 礌石[lei2 shi2]; cách phát âm tại Đài Loan [lei4],"bộ thủ, từ liên quan, câu liên quan",chars/790C.json
礓,B,jiāng,một hòn đá nhỏ,"câu liên quan, Hán Việt",chars/7913.json
礗,C,pīn,âm thanh đá bị nghiền,"bộ thủ, từ liên quan, câu liên quan, Hán Việt",chars/7917.json
礚,C,kē,biến thể của 磕[ke1],"bộ thủ, từ liên quan, câu liên quan, Hán Việt",chars/791A.json
礜,C,yù,asen,"bộ thủ, từ liên quan, câu liên quan, Hán Việt",chars/791C.json
礝,C,ruǎn,biến thể cũ của 碝[ruan3],"bộ thủ, từ liên quan, câu liên quan, Hán Việt",chars/791D.json
礞,B,méng,(khoáng chất),"từ liên quan, câu liên quan, Hán Việt",chars/791E.json
礤,B,cǎ,dụng cụ bào; dụng cụ mài (dụng cụ nhà bếp để bào rau củ),"từ liên quan, câu liên quan, Hán Việt",chars/7924.json
礧,C,lèi,lăn đá xuống đồi; đống đá,"bộ thủ, từ liên quan, câu liên quan, Hán Việt",chars/7927.json
礮,C,pào,"máy bắn đá cổ để ném đá nặng; biến thể của 炮[pao4], đại bác","bộ thủ, từ liên quan, câu liên quan, Hán Việt",chars/792E.json
礲,C,lóng,"biến thể của 礱|砻, nghiền; xay","bộ thủ, từ liên quan, câu liên quan, Hán Việt",chars/7932.json
礴,B,bó,lấp đầy; mở rộng,"câu liên quan, Hán Việt",chars/7934.json
礵,C,shuāng,asen,"bộ thủ, từ liên quan, câu liên quan, Hán Việt",chars/7935.json
礻,C,shì,cho thấy; bộc lộ; cũng như 示[shi4]; bộ Khang Hy số 113,"bộ thủ, từ liên quan, câu liên quan, Hán Việt",chars/793B.json
礼,C,lǐ,lễ,bộ thủ,chars/793C.json
礽,C,réng,phước lành,"bộ thủ, từ liên quan, câu liên quan, Hán Việt",chars/793D.json
社,C,shè,(dạng kết hợp) xã hội; tổ chức; cơ quan; (cổ) thần đất đai,bộ thủ,chars/793E.json
礿,C,yuè,lễ tế tổ tiên mùa xuân,"bộ thủ, từ liên quan, câu liên quan, Hán Việt",chars/793F.json
祀,C,sì,cúng tế; dâng lễ,"bộ thủ, Hán Việt",chars/7940.json
祁,C,Qí,họ [Qi2],"bộ thủ, câu liên quan, Hán Việt",chars/7941.json
祂,C,tā,(đại từ ngôi thứ ba cho một đấng thiêng liêng),"bộ thủ, từ liên quan, câu liên quan, Hán Việt",chars/7942.json
祃,C,mà,(cổ) nghi lễ tôn giáo trước khi xuất quân,"bộ thủ, từ liên quan, câu liên quan, Hán Việt",chars/7943.json
祄,C,xiè,ban phước,"bộ thủ, từ liên quan, câu liên quan, Hán Việt",chars/7944.json
祅,C,yāo,tà linh; yêu quái,"bộ thủ, từ liên quan, câu liên quan, Hán Việt",chars/7945.json
祆,C,Xiān,"Ahura Mazda, vị thần sáng tạo trong đạo Bái Hỏa","bộ thủ, câu liên quan, Hán Việt",chars/7946.json
祇,C,qí,thần đất,"bộ thủ, từ liên quan, câu liên quan, Hán Việt",chars/7947.json
祈,C,qí,cầu khẩn; cầu nguyện,"bộ thủ, Hán Việt",chars/7948.json
祉,C,zhǐ,hạnh phúc,"bộ thủ, câu liên quan, Hán Việt",chars/7949.json
祊,C,bēng,bàn thờ phụ trong miếu tổ tiên,"bộ thủ, từ liên quan, câu liên quan, Hán Việt",chars/794A.json
祍,C,rèn,biến thể cũ của 衽[ren4],"bộ thủ, từ liên quan, câu liên quan, Hán Việt",chars/794D.json
祎,C,yī,xuất sắc; quý giá,"bộ thủ, từ liên quan, câu liên quan, Hán Việt",chars/794E.json
祏,C,shí,miếu thờ bằng đá,"bộ thủ, từ liên quan, câu liên quan, Hán Việt",chars/794F.json
祐,C,yòu,(thần thánh) phù hộ; bảo vệ,"bộ thủ, từ liên quan, câu liên quan, Hán Việt",chars/7950.json
祓,C,fú,tẩy rửa; trừ tà,"bộ thủ, từ liên quan, câu liên quan, Hán Việt",chars/7953.json
祔,C,fù,thờ cúng tổ tiên,"bộ thủ, từ liên quan, câu liên quan, Hán Việt",chars/7954.json
祖,C,Zǔ,họ [Zu3],bộ thủ,chars/7956.json
祗,C,zhī,một cách kính cẩn,"bộ thủ, từ liên quan, câu liên quan, Hán Việt",chars/7957.json
祘,C,suàn,"biến thể của 算[suan4], tính toán","bộ thủ, từ liên quan, câu liên quan, Hán Việt",chars/7958.json
祚,C,zuò,phúc lành; ngai vàng,"bộ thủ, từ liên quan, câu liên quan",chars/795A.json
祛,C,qū,hiến tế để xua đuổi tai họa; xua tan,"bộ thủ, câu liên quan, Hán Việt",chars/795B.json
祜,C,hù,phúc lành thiên đàng,"bộ thủ, câu liên quan, Hán Việt",chars/795C.json
祝,C,zhù,chúc,bộ thủ,chars/795D.json
神,C,shén,thần,bộ thủ,chars/795E.json
祟,B,suì,tà ma,"câu liên quan, Hán Việt",chars/795F.json
祠,C,cí,nhà thờ; cúng tế,bộ thủ,chars/7960.json
祢,C,Mí,ngài (dùng để xưng hô với thần linh),"bộ thủ, từ liên quan, câu liên quan, Hán Việt",chars/7962.json
祥,C,xiáng,cát tường; thuận lợi,"bộ thủ, Hán Việt",chars/7965.json
祦,C,wú,vui vẻ; dùng trong tên lịch sử,"bộ thủ, từ liên quan, câu liên quan, Hán Việt",chars/7966.json
祧,C,tiāo,nhà thờ tổ,"bộ thủ, từ liên quan, câu liên quan, Hán Việt",chars/7967.json
票,C,piào,vé,bộ thủ,chars/7968.json
祫,C,xiá,lễ cúng tổ tiên ba năm một lần,"bộ thủ, từ liên quan, câu liên quan, Hán Việt",chars/796B.json
祯,C,zhēn,cát tường; may mắn,"bộ thủ, câu liên quan, Hán Việt",chars/796F.json
祲,C,jīn,thế lực tà ác,"bộ thủ, từ liên quan, câu liên quan, Hán Việt",chars/7972.json
祷,C,dǎo,cầu nguyện; lời cầu nguyện,bộ thủ,chars/7977.json
祸,C,huò,biến thể cũ của 禍|祸[huo4],"bộ thủ, Hán Việt",chars/7978.json
祺,C,qí,cát tường; thịnh vượng,"bộ thủ, câu liên quan, Hán Việt",chars/797A.json
祻,C,gù,"biến thể của 禍|祸, tai họa","bộ thủ, từ liên quan, câu liên quan, Hán Việt",chars/797B.json
祼,C,guàn,rót rượu cúng,"bộ thủ, từ liên quan, câu liên quan, Hán Việt",chars/797C.json
禀,C,bǐng,báo cáo (với cấp trên); cho,"bộ thủ, câu liên quan",chars/7980.json
禂,C,dǎo,cầu nguyện; lời cầu nguyện,"bộ thủ, từ liên quan, câu liên quan, Hán Việt",chars/7982.json
禄,C,lù,phúc lành; lương quan chức,"bộ thủ, câu liên quan",chars/7984.json
禅,C,chán,dhya-na (tiếng Phạn); Thiền,"bộ thủ, Hán Việt",chars/7985.json
禇,C,chǔ,dạng sai của 褚,"bộ thủ, từ liên quan, câu liên quan, Hán Việt",chars/7987.json
禊,C,xì,nghi lễ thanh tẩy bán niên,"bộ thủ, từ liên quan, câu liên quan, Hán Việt",chars/798A.json
禋,C,yīn,hiến tế,"bộ thủ, từ liên quan, câu liên quan, Hán Việt",chars/798B.json
福,C,fú,hạnh phúc,bộ thủ,chars/798F.json
禔,C,tí,bình an,"bộ thủ, từ liên quan, câu liên quan, Hán Việt",chars/7994.json
禖,C,méi,lễ cầu tự,"bộ thủ, từ liên quan, câu liên quan, Hán Việt",chars/7996.json
禘,C,dì,lễ tế tổ hoàng gia,"bộ thủ, từ liên quan, câu liên quan, Hán Việt",chars/7998.json
禚,C,zhuó,tên địa danh,"bộ thủ, từ liên quan, câu liên quan, Hán Việt",chars/799A.json
禛,C,zhēn,nhận được phúc lành với tinh thần chân thành,"bộ thủ, từ liên quan, câu liên quan, Hán Việt",chars/799B.json
禜,C,yǒng,hiến tế,"bộ thủ, từ liên quan, câu liên quan, Hán Việt",chars/799C.json
禝,C,jì,biến thể cũ của 稷[ji4],"bộ thủ, từ liên quan, câu liên quan, Hán Việt",chars/799D.json
禠,C,sī,hạnh phúc; phước lành,"bộ thủ, từ liên quan, câu liên quan, Hán Việt",chars/79A0.json
禢,C,Tà,họ [Ta4],"bộ thủ, từ liên quan, câu liên quan, Hán Việt",chars/79A2.json
禤,C,Xuān,họ [Xuan1],"bộ thủ, từ liên quan, câu liên quan, Hán Việt",chars/79A4.json
禥,C,qí,biến thể cũ của 祺[qi2],"bộ thủ, từ liên quan, câu liên quan, Hán Việt",chars/79A5.json
禧,C,xǐ,niềm vui,"bộ thủ, câu liên quan, Hán Việt",chars/79A7.json
禨,C,jī,điềm báo; cầu nguyện,"bộ thủ, từ liên quan, câu liên quan, Hán Việt",chars/79A8.json
禫,C,tǎn,lễ cúng cuối tang kỳ,"bộ thủ, từ liên quan, câu liên quan",chars/79AB.json
禳,C,ráng,hiến tế để tránh tai họa,"bộ thủ, từ liên quan, câu liên quan, Hán Việt",chars/79B3.json
禴,C,yuè,lễ hiến tế tổ tiên mùa xuân,"bộ thủ, từ liên quan, câu liên quan, Hán Việt",chars/79B4.json
禸,B,ròu,Vết ngón chân giống thú dẫm xuống đất,"từ liên quan, câu liên quan, Hán Việt",chars/79B8.json
禹,C,Yǔ,"Vũ Đại (thế kỷ 21 TCN), lãnh tụ huyền thoại trị thủy; họ [Yu3]","bộ thủ, câu liên quan",chars/79B9.json
禺,C,ǒu,biến thể cổ của 偶[ou3],"bộ thủ, câu liên quan, Hán Việt",chars/79BA.json
离,C,lí,từ,bộ thủ,chars/79BB.json
禼,C,xiè,,"nghĩa, bộ thủ, từ liên quan, câu liên quan, Hán Việt",chars/79BC.json
禽,C,qín,thuật ngữ chung cho chim và động vật; chim,bộ thủ,chars/79BD.json
禾,A,hé,ngũ cốc; lúa,Hán Việt,chars/79BE.json
秃,C,tū,hói,"bộ thủ, câu liên quan",chars/79C3.json
秆,C,gǎn,thân cây lúa,"bộ thủ, Hán Việt",chars/79C6.json
秈,C,xiān,gạo thường,"bộ thủ, từ liên quan, câu liên quan, Hán Việt",chars/79C8.json
秉,C,Bǐng,họ [Bing3],bộ thủ,chars/79C9.json
秏,C,hào,biến thể của 耗[hao4],"bộ thủ, từ liên quan, câu liên quan, Hán Việt",chars/79CF.json
秒,A,miǎo,giây,Hán Việt,chars/79D2.json
秕,B,bǐ,hạt không phát triển đầy đủ; vỏ trấu,"câu liên quan, Hán Việt",chars/79D5.json
秘,A,mì,biến thể của 秘[mi4],Hán Việt,chars/79D8.json
秚,C,bàn,biến thể cũ của 拌[ban4],"bộ thủ, từ liên quan, câu liên quan, Hán Việt",chars/79DA.json
秝,C,lì,,"nghĩa, bộ thủ, từ liên quan, câu liên quan, Hán Việt",chars/79DD.json
秠,C,pī,(kê),"bộ thủ, từ liên quan, câu liên quan, Hán Việt",chars/79E0.json
秣,B,mò,cho ngựa ăn thóc; cỏ khô cho ngựa,"câu liên quan, Hán Việt",chars/79E3.json
秤,C,chèng,cân,"bộ thủ, câu liên quan",chars/79E4.json
秦,C,Qín,họ [Qin2]; nhà Tần (221-207 TCN) của hoàng đế đầu tiên 秦始皇[Qin2 Shi3huang2],"bộ thủ, Hán Việt",chars/79E6.json
秫,B,shú,kê chổi (các loài Panicum); Panicum italicum,"câu liên quan, Hán Việt",chars/79EB.json
秬,C,jù,kê đen,"bộ thủ, từ liên quan, câu liên quan, Hán Việt",chars/79EC.json
秭,B,zǐ,tỷ (một tỷ),"câu liên quan, Hán Việt",chars/79ED.json
秷,C,zhí,tiếng thu hoạch,"bộ thủ, từ liên quan, câu liên quan",chars/79F7.json
秾,C,nóng,cây cối tươi tốt,"bộ thủ, từ liên quan, câu liên quan, Hán Việt",chars/79FE.json
稂,B,láng,cỏ; cỏ dại,"câu liên quan, Hán Việt",chars/7A02.json
稃,B,fū,vỏ trấu; lớp ngoài của hạt thóc,"câu liên quan, Hán Việt",chars/7A03.json
稆,B,lǚ,biến thể của 穭|穞[lu:3],"từ liên quan, câu liên quan, Hán Việt",chars/7A06.json
稊,C,tí,cỏ; cỏ lồng vực,"bộ thủ, từ liên quan, câu liên quan",chars/7A0A.json
稌,C,tú,gạo nếp,"bộ thủ, từ liên quan, câu liên quan, Hán Việt",chars/7A0C.json
稍,A,shāo,hơi; một chút,Hán Việt,chars/7A0D.json
稑,C,lù,loại ngũ cốc gieo muộn chín sớm,"bộ thủ, từ liên quan, câu liên quan, Hán Việt",chars/7A11.json
稔,B,rěn,ngũ cốc chín,câu liên quan,chars/7A14.json
稗,B,bài,cỏ mần trầu (Echinochloa crus-galli); Panicum crus-galli,"từ liên quan, câu liên quan, Hán Việt",chars/7A17.json
稙,B,zhí,hoa màu trồng sớm,"từ liên quan, câu liên quan, Hán Việt",chars/7A19.json
稚,A,zhì,ấu trĩ; trẻ,Hán Việt,chars/7A1A.json
稛,C,kǔn,đầy đủ,"bộ thủ, từ liên quan, câu liên quan, Hán Việt",chars/7A1B.json
稞,C,kē,(lúa mì),"bộ thủ, câu liên quan, Hán Việt",chars/7A1E.json
稠,A,chóu,dày đặc,Hán Việt,chars/7A20.json
稣,A,sū,biến thể cổ của 蘇|苏[su1]; hồi sinh,Hán Việt,chars/7A23.json
稨,B,biǎn,xem 稨豆[bian3 dou4],"từ liên quan, câu liên quan, Hán Việt",chars/7A28.json
稲,C,dào,biến thể của 稻[dao4],"bộ thủ, từ liên quan, câu liên quan, Hán Việt",chars/7A32.json
稷,B,jì,kê; Thần ngũ cốc được các vua chúa cổ đại thờ cúng,"câu liên quan, Hán Việt",chars/7A37.json
稹,B,zhěn,tích luỹ; mịn và sát,"từ liên quan, câu liên quan, Hán Việt",chars/7A39.json
稻,A,dào,lúa; gạo (Oryza sativa),Hán Việt,chars/7A3B.json
稼,A,jià,gieo hạt; (hoa màu) mùa màng,Hán Việt,chars/7A3C.json
稿,A,gǎo,biến thể của 稿[gao3],Hán Việt,chars/7A3F.json
穂,C,suì,biến thể Nhật Bản của 穗[sui4],"bộ thủ, từ liên quan, câu liên quan, Hán Việt",chars/7A42.json
穄,C,jì,(kê),"bộ thủ, từ liên quan, câu liên quan, Hán Việt",chars/7A44.json
穆,A,Mù,họ [Mu4],Hán Việt,chars/7A46.json
穈,C,mén,cháo; mầm lúa,"bộ thủ, từ liên quan, câu liên quan, Hán Việt",chars/7A48.json
穊,C,jì,dày đặc,"bộ thủ, từ liên quan, câu liên quan",chars/7A4A.json
穋,C,lù,ngũ cốc gieo muộn chín sớm,"bộ thủ, từ liên quan, câu liên quan, Hán Việt",chars/7A4B.json
穏,C,wěn,biến thể tiếng Nhật của 穩|稳,"bộ thủ, từ liên quan, câu liên quan, Hán Việt",chars/7A4F.json
穑,B,sè,thu hoạch mùa màng,"câu liên quan, Hán Việt",chars/7A51.json
穗,A,Suì,viết tắt của Quảng Châu 廣州|广州[Guang3 zhou1],Hán Việt,chars/7A57.json
穜,C,tóng,ngũ cốc gieo sớm chín muộn,"bộ thủ, từ liên quan, câu liên quan, Hán Việt",chars/7A5C.json
穞,C,lǚ,ngũ cốc hoang,"bộ thủ, từ liên quan, câu liên quan",chars/7A5E.json
穟,C,suì,bông lúa,"bộ thủ, từ liên quan, câu liên quan, Hán Việt",chars/7A5F.json
穣,C,ráng,biến thể tiếng Nhật của 穰[rang2],"bộ thủ, từ liên quan, câu liên quan, Hán Việt",chars/7A63.json
穧,C,jì,xếp gọn các bó lúa,"bộ thủ, từ liên quan, câu liên quan, Hán Việt",chars/7A67.json
穮,C,biāo,làm cỏ,"bộ thủ, từ liên quan, câu liên quan, Hán Việt",chars/7A6E.json
穯,C,sè,biến thể cũ của 穡|穑[se4],"bộ thủ, từ liên quan, câu liên quan, Hán Việt",chars/7A6F.json
穰,B,Ráng,họ [Rang2],"từ liên quan, câu liên quan, Hán Việt",chars/7A70.json
穵,B,wā,đào; múc ra,"từ liên quan, câu liên quan, Hán Việt",chars/7A75.json
穸,C,xī,mộ,"bộ thủ, từ liên quan, câu liên quan, Hán Việt",chars/7A78.json
穹,B,qióng,vòm; mái vòm,câu liên quan,chars/7A79.json
窀,B,zhūn,chôn cất,"từ liên quan, câu liên quan, Hán Việt",chars/7A80.json
窂,C,láo,biến thể của 牢[lao2],"bộ thủ, từ liên quan, câu liên quan, Hán Việt",chars/7A82.json
窃,A,qiè,ăn trộm; một cách bí mật,Hán Việt,chars/7A83.json
窄,A,zhǎi,hẹp,Hán Việt,chars/7A84.json
窅,C,yǎo,mắt trũng; sâu và rỗng,"bộ thủ, từ liên quan, câu liên quan, Hán Việt",chars/7A85.json
窆,B,biǎn,đặt quan tài vào mộ,"từ liên quan, câu liên quan, Hán Việt",chars/7A86.json
窈,B,yǎo,(văn học) sâu; uyên thâm,câu liên quan,chars/7A88.json
窊,C,wā,đầm trũng,"bộ thủ, từ liên quan, câu liên quan, Hán Việt",chars/7A8A.json
窋,C,zhú,trong hố,"bộ thủ, từ liên quan, câu liên quan, Hán Việt",chars/7A8B.json
窌,C,jiào,hầm,"bộ thủ, từ liên quan, câu liên quan, Hán Việt",chars/7A8C.json
窎,C,diào,(văn học) xa xôi; sâu,"bộ thủ, từ liên quan, câu liên quan, Hán Việt",chars/7A8E.json
窑,C,yáo,lò nung,"bộ thủ, câu liên quan, Hán Việt",chars/7A91.json
窔,C,yǎo,tối; sâu,"bộ thủ, từ liên quan, câu liên quan, Hán Việt",chars/7A94.json
窕,B,tiǎo,"yên tĩnh và hẻo lánh; nhẹ nhàng, duyên dáng và thanh lịch",câu liên quan,chars/7A95.json
窖,A,jiào,hầm chứa,Hán Việt,chars/7A96.json
窜,B,cuàn,trốn,"câu liên quan, Hán Việt",chars/7A9C.json
窝,A,wō,tổ,Hán Việt,chars/7A9D.json
窞,C,dàn,hầm; hang,"bộ thủ, từ liên quan, câu liên quan",chars/7A9E.json
窟,A,kū,hang; lỗ,Hán Việt,chars/7A9F.json
窠,B,kē,tổ,"câu liên quan, Hán Việt",chars/7AA0.json
窣,B,sù,dùng trong 窸窣[xi1 su1]; tiếng Đài Loan đọc là [su4],"từ liên quan, câu liên quan, Hán Việt",chars/7AA3.json
窥,A,kuī,nhìn trộm; dò xét,Hán Việt,chars/7AA5.json
窦,C,Dòu,họ [Dou4],"bộ thủ, câu liên quan, Hán Việt",chars/7AA6.json
窨,B,xūn,ướp trà với hoa; biến thể của 熏[xun1],"câu liên quan, Hán Việt",chars/7AA8.json
窬,B,yú,lỗ trên tường,"từ liên quan, câu liên quan, Hán Việt",chars/7AAC.json
窭,B,jù,nghèo; nông thôn,"từ liên quan, câu liên quan, Hán Việt",chars/7AAD.json
窳,B,yǔ,xấu; vô dụng,"từ liên quan, câu liên quan, Hán Việt",chars/7AB3.json
窴,C,tián,lấp vào,"bộ thủ, từ liên quan, câu liên quan, Hán Việt",chars/7AB4.json
窸,B,xī,dùng trong 窸窣[xi1 su1],"từ liên quan, câu liên quan, Hán Việt",chars/7AB8.json
窾,B,cuàn,che giấu; ẩn nấp,"từ liên quan, câu liên quan, Hán Việt",chars/7ABE.json
窿,A,lóng,khoang; lỗ,Hán Việt,chars/7ABF.json
竁,C,cuì,đào lỗ,"bộ thủ, từ liên quan, câu liên quan, Hán Việt",chars/7AC1.json
竃,C,zào,biến thể cũ của 灶[zao4],"bộ thủ, từ liên quan, câu liên quan, Hán Việt",chars/7AC3.json
竑,C,hóng,lớn; ước lượng,"bộ thủ, từ liên quan, câu liên quan, Hán Việt",chars/7AD1.json
竖,C,shù,nét dọc,"bộ thủ, Hán Việt",chars/7AD6.json
竜,C,lóng,biến thể tiếng Nhật của 龍|龙,"bộ thủ, từ liên quan, câu liên quan, Hán Việt",chars/7ADC.json
竞,C,jìng,cạnh tranh; đấu tranh,"bộ thủ, Hán Việt",chars/7ADE.json
竡,C,bǎi,hectolít (cũ),"bộ thủ, từ liên quan, câu liên quan, Hán Việt",chars/7AE1.json
竣,A,jùn,hoàn thành; xong,Hán Việt,chars/7AE3.json
竦,C,sǒng,cung kính; kinh hãi,"bộ thủ, từ liên quan, câu liên quan, Hán Việt",chars/7AE6.json
竺,C,Zhú,"họ [Zhu2]; viết tắt của 天竺[Tian1zhu2], Ấn Độ (đặc biệt trong bối cảnh nhà Đường hoặc Phật giáo)","bộ thủ, câu liên quan, Hán Việt",chars/7AFA.json
竽,C,yú,"nhạc cụ hơi lá lưỡi tự do tương tự như sheng 笙[sheng1], được sử dụng ở Trung Quốc cổ đại","bộ thủ, câu liên quan, Hán Việt",chars/7AFD.json
竾,C,chí,biến thể của 篪[chi2],"bộ thủ, từ liên quan, câu liên quan, Hán Việt",chars/7AFE.json
竿,C,gān,cây sào,bộ thủ,chars/7AFF.json
笀,C,máng,biến thể cũ của 芒[mang2]; râu cứng (của hạt),"bộ thủ, từ liên quan, câu liên quan",chars/7B00.json
笃,C,dǔ,nghiêm trọng (bệnh); thành thật,"bộ thủ, câu liên quan",chars/7B03.json
笄,C,jī,15 tuổi; trâm cài tóc búi,"bộ thủ, từ liên quan, câu liên quan, Hán Việt",chars/7B04.json
笆,C,bā,vật làm bằng dải tre; hàng rào,"bộ thủ, câu liên quan, Hán Việt",chars/7B06.json
笈,C,jí,rương (đựng sách),"bộ thủ, từ liên quan, câu liên quan",chars/7B08.json
笉,C,qǐn,gương mặt tươi cười; dây tre,"bộ thủ, từ liên quan, câu liên quan, Hán Việt",chars/7B09.json
笊,C,zhào,vá cán dài đan thưa bằng tre,"bộ thủ, câu liên quan, Hán Việt",chars/7B0A.json
笋,C,sǔn,măng,"bộ thủ, câu liên quan, Hán Việt",chars/7B0B.json
笎,C,yuán,tre có đốm đen,"bộ thủ, từ liên quan, câu liên quan, Hán Việt",chars/7B0E.json
笏,C,hù,(cổ) thẻ nghi lễ (quan viên cầm khi thiết triều),"bộ thủ, từ liên quan, câu liên quan, Hán Việt",chars/7B0F.json
笐,C,gāng,tre đặt ngang khung gỗ để trữ ngũ cốc ở nơi khí hậu ẩm,"bộ thủ, từ liên quan, câu liên quan, Hán Việt",chars/7B10.json
笑,C,xiào,cười; để cười,"bộ thủ, Hán Việt",chars/7B11.json
笓,C,pí,chải; lược răng nhỏ,"bộ thủ, từ liên quan, câu liên quan, Hán Việt",chars/7B13.json
笔,C,bǐ,"Bút; Lượng từ cho các khoản tiền, các giao dịch.",bộ thủ,chars/7B14.json
笕,C,jiǎn,ống dẫn nước bằng tre; ống nước làm từ tre,"bộ thủ, từ liên quan, câu liên quan, Hán Việt",chars/7B15.json
笙,C,shēng,"sanh, nhạc cụ hơi có lam tự do với ống tre dọc","bộ thủ, câu liên quan",chars/7B19.json
笛,C,dí,sáo,bộ thủ,chars/7B1B.json
笞,C,chī,đánh bằng dải tre,"bộ thủ, câu liên quan, Hán Việt",chars/7B1E.json
笠,C,lì,nón lá tre,"bộ thủ, câu liên quan",chars/7B20.json
笤,C,tiáo,cái chổi,"bộ thủ, câu liên quan",chars/7B24.json
笥,C,sì,hộp vuông bằng tre để đựng thức ăn hoặc quần áo,"bộ thủ, từ liên quan, câu liên quan, Hán Việt",chars/7B25.json
符,C,Fú,họ [Fu2],bộ thủ,chars/7B26.json
笨,C,bèn,ngốc,"bộ thủ, Hán Việt",chars/7B28.json
笪,C,Dá,họ [Da2],"bộ thủ, từ liên quan, câu liên quan",chars/7B2A.json
笫,C,zǐ,chiếu tre; chiếu giường,"bộ thủ, câu liên quan, Hán Việt",chars/7B2B.json
第,C,dì,thứ,bộ thủ,chars/7B2C.json
笭,C,líng,mành tre,"bộ thủ, từ liên quan, câu liên quan, Hán Việt",chars/7B2D.json
笮,C,zé,ván dưới ngói trên mái; hẹp,"bộ thủ, từ liên quan, câu liên quan, Hán Việt",chars/7B2E.json
笰,C,fú,chổi lông,"bộ thủ, từ liên quan, câu liên quan, Hán Việt",chars/7B30.json
笱,C,gǒu,giỏ bẫy cá,"bộ thủ, từ liên quan, câu liên quan",chars/7B31.json
笲,C,fán,giỏ mây của cô dâu,"bộ thủ, từ liên quan, câu liên quan, Hán Việt",chars/7B32.json
笳,C,jiā,còi làm bằng sậy,"bộ thủ, từ liên quan, câu liên quan, Hán Việt",chars/7B33.json
笵,C,fàn,khuôn bằng tre,"bộ thủ, từ liên quan, câu liên quan",chars/7B35.json
笸,C,pǒ,rổ mâm phẳng,"bộ thủ, từ liên quan, câu liên quan, Hán Việt",chars/7B38.json
笺,C,jiān,biến thể của 箋|笺[jian1],"bộ thủ, câu liên quan, Hán Việt",chars/7B3A.json
笻,C,qióng,biến thể của 筇[qiong2],"bộ thủ, từ liên quan, câu liên quan, Hán Việt",chars/7B3B.json
笼,C,lóng,"khung bao quanh làm bằng tre, dây kim loại, v.v.; lồng; giỏ; giỏ hấp",bộ thủ,chars/7B3C.json
笾,C,biān,mâm tre dùng thời cổ đại để đựng đồ khô cho lễ tế hoặc yến tiệc,"bộ thủ, từ liên quan, câu liên quan, Hán Việt",chars/7B3E.json
筀,C,guì,tre (cổ),"bộ thủ, từ liên quan, câu liên quan, Hán Việt",chars/7B40.json
筃,C,yīn,một loại tre; biến thể cũ của 茵[yin1],"bộ thủ, từ liên quan, câu liên quan, Hán Việt",chars/7B43.json
筅,C,xiǎn,chổi tre để cọ rửa dụng cụ,"bộ thủ, từ liên quan, câu liên quan, Hán Việt",chars/7B45.json
筇,C,qióng,(trong văn bản cổ) loại tre đôi khi dùng làm gậy,"bộ thủ, từ liên quan, câu liên quan, Hán Việt",chars/7B47.json
筈,C,guā,đuôi mũi tên,"bộ thủ, từ liên quan, câu liên quan, Hán Việt",chars/7B48.json
等,C,děng,đợi,bộ thủ,chars/7B49.json
筊,C,jiǎo,dây tre,"bộ thủ, từ liên quan, câu liên quan, Hán Việt",chars/7B4A.json
筋,C,jīn,cơ bắp,bộ thủ,chars/7B4B.json
筌,C,quán,bẫy cá bằng tre,"bộ thủ, câu liên quan, Hán Việt",chars/7B4C.json
筎,C,rú,vỏ ngoài mỏng của tre,"bộ thủ, từ liên quan, câu liên quan, Hán Việt",chars/7B4E.json
筏,C,fá,biến thể của 筏[fa2],"bộ thủ, câu liên quan",chars/7B4F.json
筐,C,kuāng,cái giỏ,"bộ thủ, câu liên quan, Hán Việt",chars/7B50.json
筑,C,zhù,xây dựng,bộ thủ,chars/7B51.json
筒,C,tǒng,ống,bộ thủ,chars/7B52.json
答,C,dā,"hình thức gắn liền có nghĩa giống như từ tự do 答[da2], dùng trong 答應|答应[da1 ying5], 答理[da1 li5] vv",bộ thủ,chars/7B54.json
筕,C,háng,xem 筕篖[hang2 tang2],"bộ thủ, từ liên quan, câu liên quan, Hán Việt",chars/7B55.json
策,C,Cè,họ [Ce4],bộ thủ,chars/7B56.json
筘,C,kòu,(đơn vị đo bề rộng vải),"bộ thủ, từ liên quan, câu liên quan, Hán Việt",chars/7B58.json
筚,C,bì,liễu gai,"bộ thủ, câu liên quan, Hán Việt",chars/7B5A.json
筛,C,shāi,rây,bộ thủ,chars/7B5B.json
筜,C,dāng,xem 篔簹|筼筜[yun2 dang1],"bộ thủ, từ liên quan, câu liên quan, Hán Việt",chars/7B5C.json
筝,C,zhēng,"tranh hoặc cổ tranh, một loại đàn dài có nhịp cầu di động, chơi bằng cách gảy dây",bộ thủ,chars/7B5D.json
筠,C,yún,vỏ tre,"bộ thủ, câu liên quan, Hán Việt",chars/7B60.json
筢,C,pá,cào tre,"bộ thủ, từ liên quan, câu liên quan, Hán Việt",chars/7B62.json
筤,C,láng,tre non,"bộ thủ, từ liên quan, câu liên quan",chars/7B64.json
筥,C,jǔ,giỏ tròn bằng tre,"bộ thủ, từ liên quan, câu liên quan",chars/7B65.json
筦,C,Guǎn,họ [Guan3],"bộ thủ, từ liên quan, câu liên quan, Hán Việt",chars/7B66.json
筭,C,suàn,coi như; tính toán,"bộ thủ, từ liên quan, câu liên quan",chars/7B6D.json
筮,C,shì,bói bằng cỏ thi,"bộ thủ, từ liên quan, câu liên quan",chars/7B6E.json
筰,C,zuó,dây cáp,"bộ thủ, từ liên quan, câu liên quan, Hán Việt",chars/7B70.json
筱,C,xiǎo,tre trúc lùn; tre mỏng,"bộ thủ, từ liên quan, câu liên quan, Hán Việt",chars/7B71.json
筲,C,shāo,bàn chải nồi làm từ dải tre; giỏ đựng đũa,"bộ thủ, câu liên quan",chars/7B72.json
筳,C,tíng,cây trúc; con quay,"bộ thủ, từ liên quan, câu liên quan, Hán Việt",chars/7B73.json
筵,C,yán,chiếu tre để ngồi,"bộ thủ, câu liên quan, Hán Việt",chars/7B75.json
筷,C,kuài,đũa,"bộ thủ, Hán Việt",chars/7B77.json
筸,C,gān,tên một địa danh ở Hà Nam,"bộ thủ, từ liên quan, câu liên quan, Hán Việt",chars/7B78.json
筹,C,chóu,chuẩn bị,"bộ thủ, Hán Việt",chars/7B79.json
筻,C,gàng,,"nghĩa, bộ thủ, từ liên quan, câu liên quan, Hán Việt",chars/7B7B.json
筼,C,yún,xem 篔簹|筼筜[yun2 dang1],"bộ thủ, từ liên quan, câu liên quan, Hán Việt",chars/7B7C.json
签,C,qiān,ký tên,"bộ thủ, Hán Việt",chars/7B7E.json
简,C,jiǎn,"giản dị, đơn giản; thẻ tre (thời xưa)",bộ thủ,chars/7B80.json
箂,C,lái,(tre),"bộ thủ, từ liên quan, câu liên quan, Hán Việt",chars/7B82.json
箊,C,yū,tre nứa có lá mỏng; rộng,"bộ thủ, từ liên quan, câu liên quan, Hán Việt",chars/7B8A.json
箍,C,gū,Quàng; quấn; bó; xiềng; vòng kim loại,"bộ thủ, Hán Việt",chars/7B8D.json
箎,C,chí,sáo trúc có 8 lỗ,"bộ thủ, từ liên quan, câu liên quan, Hán Việt",chars/7B8E.json
箐,C,qìng,kéo cung tên tre hoặc nỏ,"bộ thủ, câu liên quan, Hán Việt",chars/7B90.json
箑,C,shà,quạt,"bộ thủ, từ liên quan, câu liên quan, Hán Việt",chars/7B91.json
箓,C,lù,sổ ghi chép; lưu trữ; bùa viết của Đạo giáo,"bộ thủ, từ liên quan, câu liên quan, Hán Việt",chars/7B93.json
箔,C,bó,"lụa đan (từ cói, tre, v.v.); giỏ tằm","bộ thủ, câu liên quan, Hán Việt",chars/7B94.json
箕,C,jī,giỏ sàng,bộ thủ,chars/7B95.json
算,C,suàn,xem như,bộ thủ,chars/7B97.json
箘,C,jùn,măng tre,"bộ thủ, từ liên quan, câu liên quan, Hán Việt",chars/7B98.json
箙,C,fú,ống tên,"bộ thủ, từ liên quan, câu liên quan, Hán Việt",chars/7B99.json
箛,C,gū,(tre); kèn cho xe chiến mã,"bộ thủ, từ liên quan, câu liên quan, Hán Việt",chars/7B9B.json
箜,C,kōng,dùng trong 箜篌[kong1 hou2],"bộ thủ, câu liên quan, Hán Việt",chars/7B9C.json
箝,C,qián,cái kìm; kẹp,"bộ thủ, từ liên quan, câu liên quan, Hán Việt",chars/7B9D.json
管,C,guǎn,"ống; quản lí, trông coi; mặc kệ, cho dù; kiểm soát; phụ trách",bộ thủ,chars/7BA1.json
箦,C,zé,chiếu cói,"bộ thủ, từ liên quan, câu liên quan, Hán Việt",chars/7BA6.json
箧,C,qiè,rương; hộp,"bộ thủ, câu liên quan, Hán Việt",chars/7BA7.json
箨,C,tuò,vỏ bọc quanh các đốt tre,"bộ thủ, từ liên quan, câu liên quan, Hán Việt",chars/7BA8.json
箩,C,luó,cái rổ,"bộ thủ, câu liên quan, Hán Việt",chars/7BA9.json
箪,C,dān,giỏ tròn đựng cơm,"bộ thủ, câu liên quan, Hán Việt",chars/7BAA.json
箫,C,xiāo,"tiêu, một nhạc cụ cổ của Trung Quốc, giống tiêu Pan","bộ thủ, câu liên quan",chars/7BAB.json
箬,C,ruò,(tre); vỏ tre,"bộ thủ, từ liên quan, câu liên quan, Hán Việt",chars/7BAC.json
箭,C,jiàn,mũi tên,bộ thủ,chars/7BAD.json
箮,C,xuān,hoa tre; tre trổ bông,"bộ thủ, từ liên quan, câu liên quan, Hán Việt",chars/7BAE.json
箯,C,biān,kiệu tre,"bộ thủ, từ liên quan, câu liên quan, Hán Việt",chars/7BAF.json
箱,C,xiāng,"hộp, thùng",bộ thủ,chars/7BB1.json
箴,C,zhēn,cảnh báo; khuyên răn,"bộ thủ, câu liên quan",chars/7BB4.json
箸,C,zhù,biến thể của 箸[zhu4],"bộ thủ, câu liên quan",chars/7BB8.json
箾,C,shuò,đánh ai đó bằng cột; (cổ đại) cột cầm bởi vũ công,"bộ thủ, từ liên quan, câu liên quan, Hán Việt",chars/7BBE.json
篁,C,huáng,(tre); lùm tre,"bộ thủ, từ liên quan, câu liên quan, Hán Việt",chars/7BC1.json
篃,C,mèi,một loại tre,"bộ thủ, từ liên quan, câu liên quan, Hán Việt",chars/7BC3.json
篆,C,zhuàn,con dấu (công vụ); chữ triện (một kiểu thư pháp),"bộ thủ, câu liên quan",chars/7BC6.json
篇,C,piān,chương,"bộ thủ, Hán Việt",chars/7BC7.json
篌,C,hóu,dùng trong 箜篌[kong1 hou2],"bộ thủ, câu liên quan, Hán Việt",chars/7BCC.json
篑,C,kuì,giỏ đựng đất,"bộ thủ, câu liên quan, Hán Việt",chars/7BD1.json
篓,C,lǒu,cái giỏ,"bộ thủ, câu liên quan, Hán Việt",chars/7BD3.json
篖,C,táng,xem 筕篖[hang2 tang2],"bộ thủ, từ liên quan, câu liên quan, Hán Việt",chars/7BD6.json
篙,C,gāo,sào chèo thuyền,"bộ thủ, từ liên quan, câu liên quan",chars/7BD9.json
篚,C,fěi,giỏ tròn có nắp,"bộ thủ, từ liên quan, câu liên quan, Hán Việt",chars/7BDA.json
篛,C,ruò,biểu bì của cây tre,"bộ thủ, từ liên quan, câu liên quan, Hán Việt",chars/7BDB.json
篜,C,zhēng,tre,"bộ thủ, từ liên quan, câu liên quan, Hán Việt",chars/7BDC.json
篝,C,gōu,khung tre để phơi quần áo; lồng tre,"bộ thủ, câu liên quan",chars/7BDD.json
篟,C,qiàn,sự phát triển sum suê của cây tre,"bộ thủ, từ liên quan, câu liên quan, Hán Việt",chars/7BDF.json
篠,C,xiǎo,tre lùn,"bộ thủ, từ liên quan, câu liên quan, Hán Việt",chars/7BE0.json
篡,B,cuàn,chiếm đoạt; cướp ngôi,câu liên quan,chars/7BE1.json
篥,C,lì,tre nứa tốt để làm sào; nhạc cụ kèn,"bộ thủ, từ liên quan, câu liên quan",chars/7BE5.json
篦,C,bì,lược răng mịn; chải,"bộ thủ, câu liên quan, Hán Việt",chars/7BE6.json
篧,C,zhuó,giỏ bắt cá,"bộ thủ, từ liên quan, câu liên quan, Hán Việt",chars/7BE7.json
篨,C,chú,chiếu tre thô,"bộ thủ, từ liên quan, câu liên quan, Hán Việt",chars/7BE8.json
篪,C,chí,sáo trúc có 7 hoặc 8 lỗ,"bộ thủ, câu liên quan, Hán Việt",chars/7BEA.json
篭,C,lóng,biến thể cũ của 籠|笼[long2],"bộ thủ, từ liên quan, câu liên quan, Hán Việt",chars/7BED.json
篮,C,lán,cái rổ (đồ đựng); rổ (trong bóng rổ),bộ thủ,chars/7BEE.json
篯,C,Jiān,họ [Jian1],"bộ thủ, từ liên quan, câu liên quan, Hán Việt",chars/7BEF.json
篰,C,bù,dụng cụ giống cái sàng,"bộ thủ, từ liên quan, câu liên quan, Hán Việt",chars/7BF0.json
篱,C,lí,hàng rào,"bộ thủ, câu liên quan, Hán Việt",chars/7BF1.json
篲,C,huì,biến thể của 彗[hui4],"bộ thủ, từ liên quan, câu liên quan, Hán Việt",chars/7BF2.json
篴,C,dí,sáo,"bộ thủ, từ liên quan, câu liên quan, Hán Việt",chars/7BF4.json
篶,C,yān,trúc đen,"bộ thủ, từ liên quan, câu liên quan, Hán Việt",chars/7BF6.json
篷,C,péng,buồm,bộ thủ,chars/7BF7.json
篹,C,suǎn,giỏ tre cổ dùng đựng thức ăn; biến thể của 匴[suan3],"bộ thủ, từ liên quan, câu liên quan, Hán Việt",chars/7BF9.json
篼,C,dōu,"giỏ làm từ tre, mây hoặc liễu; kiệu dùng trên núi (Quảng Đông)","bộ thủ, từ liên quan, câu liên quan, Hán Việt",chars/7BFC.json
篾,C,miè,lớp ngoài của thân tre (hoặc sậy hoặc cao lương); dải tre mỏng,"bộ thủ, câu liên quan, Hán Việt",chars/7BFE.json
簁,C,xǐ,"cái rây; rây, lọc","bộ thủ, từ liên quan, câu liên quan, Hán Việt",chars/7C01.json
簃,C,yí,ngôi nhà nhỏ nối với nhà lớn,"bộ thủ, từ liên quan, câu liên quan, Hán Việt",chars/7C03.json
簆,C,kòu,khung cán cửi dệt,"bộ thủ, từ liên quan, câu liên quan, Hán Việt",chars/7C06.json
簇,C,cù,đông đúc; giá cho tằm,"bộ thủ, Hán Việt",chars/7C07.json
簉,C,zào,phó; cấp dưới,"bộ thủ, từ liên quan, câu liên quan, Hán Việt",chars/7C09.json
簋,C,guǐ,đồ đựng thức ăn bằng đồng cổ có miệng tròn và hai hoặc bốn quai; giỏ tròn bằng tre,"bộ thủ, từ liên quan, câu liên quan, Hán Việt",chars/7C0B.json
簌,C,sù,thảm thực vật rậm rạp; cái rây,"bộ thủ, câu liên quan, Hán Việt",chars/7C0C.json
簏,C,lù,hộp; giỏ,"bộ thủ, từ liên quan, câu liên quan, Hán Việt",chars/7C0F.json
簖,C,duàn,bẫy cá bằng tre,"bộ thủ, từ liên quan, câu liên quan, Hán Việt",chars/7C16.json
簗,C,zhù,biến thể sai của 築|筑[zhu4],"bộ thủ, từ liên quan, câu liên quan, Hán Việt",chars/7C17.json
簜,C,dàng,(tre),"bộ thủ, từ liên quan, câu liên quan",chars/7C1C.json
簟,C,diàn,chiếu cói dệt tinh xảo,"bộ thủ, từ liên quan, câu liên quan, Hán Việt",chars/7C1F.json
簠,C,fǔ,giỏ dùng trong lễ tế,"bộ thủ, từ liên quan, câu liên quan, Hán Việt",chars/7C20.json
簥,C,jiāo,ống lớn,"bộ thủ, từ liên quan, câu liên quan, Hán Việt",chars/7C25.json
簦,C,dēng,dù lớn cho quầy hàng; một loại nón tre hoặc rơm cổ,"bộ thủ, từ liên quan, câu liên quan",chars/7C26.json
簧,C,huáng,lưỡi gà kim loại; lò xo khóa,"bộ thủ, Hán Việt",chars/7C27.json
簨,C,sǔn,xà ngang để treo chuông,"bộ thủ, từ liên quan, câu liên quan, Hán Việt",chars/7C28.json
簪,C,zān,trâm cài tóc,"bộ thủ, câu liên quan",chars/7C2A.json
簬,C,lù,(cây tre),"bộ thủ, từ liên quan, câu liên quan",chars/7C2C.json
簰,C,pái,bè tre,"bộ thủ, từ liên quan, câu liên quan, Hán Việt",chars/7C30.json
簸,C,bǒ,sàng; tung lên xuống,"bộ thủ, Hán Việt",chars/7C38.json
簻,C,kē,to lớn; đói khát,"bộ thủ, từ liên quan, câu liên quan, Hán Việt",chars/7C3B.json
簿,C,bù,"sổ, vở, tập (sách, vở)","bộ thủ, Hán Việt",chars/7C3F.json
籀,C,Zhòu,họ [Zhou4],"bộ thủ, câu liên quan, Hán Việt",chars/7C40.json
籁,C,lài,âm thanh; tiếng ồn,"bộ thủ, câu liên quan, Hán Việt",chars/7C41.json
籊,C,tì,tre bambu dài (làm cần câu),"bộ thủ, từ liên quan, câu liên quan, Hán Việt",chars/7C4A.json
籍,C,Jí,họ [Ji2],"bộ thủ, Hán Việt",chars/7C4D.json
籑,B,zhuàn,biến thể cũ của 撰[zhuan4],"từ liên quan, câu liên quan, Hán Việt",chars/7C51.json
籒,C,zhòu,biến thể cũ của 籀[zhou4],"bộ thủ, từ liên quan, câu liên quan, Hán Việt",chars/7C52.json
籓,C,fān,giỏ sảy lớn,"bộ thủ, từ liên quan, câu liên quan, Hán Việt",chars/7C53.json
籚,C,lú,giỏ làm bằng cỏ bàng; cán giáo,"bộ thủ, từ liên quan, câu liên quan",chars/7C5A.json
籝,C,yíng,biến thể cũ của 籯[ying2],"bộ thủ, từ liên quan, câu liên quan, Hán Việt",chars/7C5D.json
籣,C,lán,hộp đựng cung; ống tên,"bộ thủ, từ liên quan, câu liên quan",chars/7C63.json
籥,C,yuè,sáo; chìa khóa,"bộ thủ, từ liên quan, câu liên quan, Hán Việt",chars/7C65.json
籧,C,qú,chiếu tre thô,"bộ thủ, từ liên quan, câu liên quan, Hán Việt",chars/7C67.json
籫,C,zuǎn,(văn học) ống tre dùng để đựng đũa hoặc muỗng,"bộ thủ, từ liên quan, câu liên quan, Hán Việt",chars/7C6B.json
籭,C,shāi,biến thể cũ của 篩|筛[shai1],"bộ thủ, từ liên quan, câu liên quan, Hán Việt",chars/7C6D.json
籯,C,yíng,giỏ thon để đũa,"bộ thủ, từ liên quan, câu liên quan, Hán Việt",chars/7C6F.json
米,A,mǐ,mét,Hán Việt,chars/7C73.json
籴,C,dí,mua (lương thực),"bộ thủ, từ liên quan, câu liên quan, Hán Việt",chars/7C74.json
籵,C,fán,dm,"bộ thủ, từ liên quan, câu liên quan, Hán Việt",chars/7C75.json
籸,C,shēn,ngũ cốc nghiền nát,"bộ thủ, từ liên quan, câu liên quan, Hán Việt",chars/7C78.json
籹,C,nǚ,bánh từ bột gạo và mật ong,"bộ thủ, từ liên quan, câu liên quan, Hán Việt",chars/7C79.json
籼,B,xiān,gạo hạt dài; giống như 秈,"câu liên quan, Hán Việt",chars/7C7C.json
籽,C,zǐ,hạt giống,"bộ thủ, câu liên quan, Hán Việt",chars/7C7D.json
粀,C,zhàng,đề-xa-mét (cũ),"bộ thủ, từ liên quan, câu liên quan, Hán Việt",chars/7C80.json
粁,C,qiān,ki-lô-mét,"bộ thủ, từ liên quan, câu liên quan, Hán Việt",chars/7C81.json
粄,C,bǎn,"(ẩm thực Khách Gia) món ăn làm từ bột gạo nếp (bánh gạo, mì sợi, v.v.)","bộ thủ, từ liên quan, câu liên quan, Hán Việt",chars/7C84.json
粋,C,cuì,biến thể tiếng Nhật của 粹,"bộ thủ, từ liên quan, câu liên quan, Hán Việt",chars/7C8B.json
粑,B,bā,một loại bánh tròn dẹt (phương ngữ),"câu liên quan, Hán Việt",chars/7C91.json
粔,C,jù,bánh làm từ bột gạo nặn thành vòng,"bộ thủ, từ liên quan, câu liên quan, Hán Việt",chars/7C94.json
粕,B,pò,bã rượu,"câu liên quan, Hán Việt",chars/7C95.json
粘,A,zhān,dán,Hán Việt,chars/7C98.json
粚,C,chī,biến thể cũ của 黐[chi1],"bộ thủ, từ liên quan, câu liên quan, Hán Việt",chars/7C9A.json
粛,C,sù,biến thể tiếng Nhật của 肅|肃,"bộ thủ, từ liên quan, câu liên quan, Hán Việt",chars/7C9B.json
粜,C,tiào,bán (lương thực),"bộ thủ, từ liên quan, câu liên quan, Hán Việt",chars/7C9C.json
粝,C,lì,gạo thô,"bộ thủ, câu liên quan, Hán Việt",chars/7C9D.json
粞,B,xī,gạo xay; đập lúa,"từ liên quan, câu liên quan, Hán Việt",chars/7C9E.json
粟,C,Sù,họ [Su4],"bộ thủ, câu liên quan, Hán Việt",chars/7C9F.json
粢,B,zī,kê thường,"từ liên quan, câu liên quan, Hán Việt",chars/7CA2.json
粤,C,Yuè,tiếng Quảng Đông; tên gọi tắt của Quảng Đông 廣東|广东[Guang3 dong1],"bộ thủ, câu liên quan, Hán Việt",chars/7CA4.json
粥,C,zhōu,cháo,"bộ thủ, Hán Việt",chars/7CA5.json
粨,C,bǎi mǐ,héc-tô-mét (cách cũ); chữ đơn tương đương với 百米[bai3 mi3],"bộ thủ, từ liên quan, câu liên quan, Hán Việt",chars/7CA8.json
粩,C,lāo,"một loại bánh truyền thống của Đài Loan và Phúc Kiến, được chiên, sau đó phủ maltose và lăn trong mè hoặc đậu phộng nghiền nhỏ,…; cách đọc ở Đài Loan: [lao3]","bộ thủ, từ liên quan, câu liên quan, Hán Việt",chars/7CA9.json
粬,C,qū,biến thể của 麯[qu1],"bộ thủ, từ liên quan, câu liên quan, Hán Việt",chars/7CAC.json
粰,C,fū,biến thể của 稃[fu1],"bộ thủ, từ liên quan, câu liên quan, Hán Việt",chars/7CB0.json
粱,A,liáng,cây cao lương,Hán Việt,chars/7CB1.json
粲,C,càn,đẹp; rạng rỡ,"bộ thủ, câu liên quan, Hán Việt",chars/7CB2.json
粳,B,jīng,biến thể của 粳[jing1],"câu liên quan, Hán Việt",chars/7CB3.json
粻,C,zhāng,thức ăn; cơm trắng nấu chín,"bộ thủ, từ liên quan, câu liên quan, Hán Việt",chars/7CBB.json
粼,A,lín,trong (như nước),Hán Việt,chars/7CBC.json
粽,A,zòng,bánh ú gói lá,Hán Việt,chars/7CBD.json
粿,C,guǒ,bánh gạo (thường làm từ bột gạo nếp và hấp),"bộ thủ, từ liên quan, câu liên quan, Hán Việt",chars/7CBF.json
糁,B,sǎn,trộn (bột),câu liên quan,chars/7CC1.json
糅,B,róu,trộn,"câu liên quan, Hán Việt",chars/7CC5.json
糆,C,miàn,biến thể của 麵|面[mian4]; bún gạo,"bộ thủ, từ liên quan, câu liên quan",chars/7CC6.json
糇,B,hóu,lương khô,"từ liên quan, câu liên quan, Hán Việt",chars/7CC7.json
糈,B,xǔ,lương chính thức; gạo cúng tế,"từ liên quan, câu liên quan, Hán Việt",chars/7CC8.json
糌,B,zān,"zanba, bánh mì lúa mạch Tây Tạng","câu liên quan, Hán Việt",chars/7CCC.json
糍,B,cí,bánh gạo nếp,"câu liên quan, Hán Việt",chars/7CCD.json
糒,C,bèi,thức ăn cho hành trình; bánh,"bộ thủ, từ liên quan, câu liên quan, Hán Việt",chars/7CD2.json
糔,C,xiǔ,"rửa (gạo, v.v.)","bộ thủ, từ liên quan, câu liên quan, Hán Việt",chars/7CD4.json
糕,A,gāo,bánh,Hán Việt,chars/7CD5.json
糗,C,Qiǔ,họ [Qiu3],"bộ thủ, từ liên quan, câu liên quan, Hán Việt",chars/7CD7.json
糙,A,cāo,thô; nhám (về kết cấu),Hán Việt,chars/7CD9.json
糜,B,Mí,họ [Mi2],"câu liên quan, Hán Việt",chars/7CDC.json
糟,A,zāo,khủng khiếp,Hán Việt,chars/7CDF.json
糠,B,kāng,biến thể của 糠[kang1],"câu liên quan, Hán Việt",chars/7CE0.json
糢,B,mó,mờ ảo,"từ liên quan, câu liên quan, Hán Việt",chars/7CE2.json
糨,B,jiàng,"(dùng cho súp, hồ dán, v.v.) đặc","câu liên quan, Hán Việt",chars/7CE8.json
糬,B,shǔ,dùng trong 麻糬[ma2 shu3],"từ liên quan, câu liên quan, Hán Việt",chars/7CEC.json
糭,C,zòng,biến thể cũ của 粽[zong4],"bộ thủ, từ liên quan, câu liên quan, Hán Việt",chars/7CED.json
糯,B,nuò,biến thể của 糯[nuo4],"câu liên quan, Hán Việt",chars/7CEF.json
糱,C,niè,hạt lên men; men,"bộ thủ, từ liên quan, câu liên quan, Hán Việt",chars/7CF1.json
糸,B,mì,sợi tơ nhỏ.,"từ liên quan, câu liên quan, Hán Việt",chars/7CF8.json
糹,B,mì,sợi tơ nhỏ.,"từ liên quan, câu liên quan, Hán Việt",chars/7CF9.json
糺,C,jiǔ,"quân đội (sử dụng trong các triều đại Liêu, Kim và Nguyên)","bộ thủ, từ liên quan, câu liên quan, Hán Việt",chars/7CFA.json
紊,A,wěn,rối rắm; lẫn lộn,Hán Việt,chars/7D0A.json
紑,C,fóu,sáng; bóng (về lụa),"bộ thủ, từ liên quan, câu liên quan, Hán Việt",chars/7D11.json
紟,C,jīn,dây đai; buộc,"bộ thủ, từ liên quan, câu liên quan, Hán Việt",chars/7D1F.json
紩,C,zhì,khâu; vá,"bộ thủ, từ liên quan, câu liên quan",chars/7D29.json
累,C,lèi,mệt mỏi,bộ thủ,chars/7D2F.json
紽,C,tuó,bím trên áo,"bộ thủ, từ liên quan, câu liên quan, Hán Việt",chars/7D3D.json
紾,C,zhěn,cong; ngang bướng,"bộ thủ, từ liên quan, câu liên quan, Hán Việt",chars/7D3E.json
絁,C,shī,"lụa thô, không tinh tế","bộ thủ, từ liên quan, câu liên quan, Hán Việt",chars/7D41.json
絃,C,xián,biến thể của 弦; dây cung,"bộ thủ, từ liên quan, câu liên quan, Hán Việt",chars/7D43.json
経,C,jīng,biến thể Nhật Bản của 經|经,"bộ thủ, từ liên quan, câu liên quan, Hán Việt",chars/7D4C.json
絍,C,rèn,dệt; dăng sợi để dệt,"bộ thủ, từ liên quan, câu liên quan, Hán Việt",chars/7D4D.json
絓,B,guà,cản trở; xúc phạm,"từ liên quan, câu liên quan, Hán Việt",chars/7D53.json
絖,C,kuàng,tơ hoặc bông mịn,"bộ thủ, từ liên quan, câu liên quan",chars/7D56.json
絘,B,cì,thuế cổ dạng kiện vải,"từ liên quan, câu liên quan, Hán Việt",chars/7D58.json
絚,C,gēng,biến thể cũ của 緪[geng1],"bộ thủ, từ liên quan, câu liên quan, Hán Việt",chars/7D5A.json
絜,B,jié,sạch sẽ,"từ liên quan, câu liên quan, Hán Việt",chars/7D5C.json
絣,C,bǐng,"Ikat, một loại lụa dệt; Kasuri","bộ thủ, từ liên quan, câu liên quan, Hán Việt",chars/7D63.json
絫,C,lěi,"biến thể của 累[lei3], tích luỹ","bộ thủ, từ liên quan, câu liên quan, Hán Việt",chars/7D6B.json
絮,A,xù,bông gòn; nghĩa bóng: chèn lấp,Hán Việt,chars/7D6E.json
絵,C,huì,biến thể tiếng Nhật của 繪|绘,"bộ thủ, từ liên quan, câu liên quan, Hán Việt",chars/7D75.json
絷,C,zhí,kết nối; trói buộc,"bộ thủ, từ liên quan, câu liên quan, Hán Việt",chars/7D77.json
絻,B,miǎn,biến thể cũ của 冕[mian3],"từ liên quan, câu liên quan, Hán Việt",chars/7D7B.json
絿,C,qiú,khẩn cấp; cấp bách,"bộ thủ, từ liên quan, câu liên quan, Hán Việt",chars/7D7F.json
綂,C,tǒng,biến thể cũ của 統|统[tong3],"bộ thủ, từ liên quan, câu liên quan, Hán Việt",chars/7D82.json
綅,C,qīn,mào lụa đỏ trên mũ giáp,"bộ thủ, từ liên quan, câu liên quan, Hán Việt",chars/7D85.json
綍,C,fú,dây thừng nặng; dây khiêng quan tài,"bộ thủ, từ liên quan, câu liên quan, Hán Việt",chars/7D8D.json
綎,C,tīng,dây tết bằng lụa,"bộ thủ, từ liên quan, câu liên quan, Hán Việt",chars/7D8E.json
綗,C,jiǒng,biến thể của 絅|䌹[jiong3],"bộ thủ, từ liên quan, câu liên quan, Hán Việt",chars/7D97.json
綘,C,féng,biến thể của 縫|缝[feng2],"bộ thủ, từ liên quan, câu liên quan, Hán Việt",chars/7D98.json
継,C,jì,biến thể tiếng Nhật của 繼|继,"bộ thủ, từ liên quan, câu liên quan, Hán Việt",chars/7D99.json
続,C,xù,biến thể tiếng Nhật của 續|续,"bộ thủ, từ liên quan, câu liên quan, Hán Việt",chars/7D9A.json
綥,C,qí,màu xám đậm; dép rơm,"bộ thủ, từ liên quan, câu liên quan, Hán Việt",chars/7DA5.json
綦,B,qí,màu xám đậm; bậc nhất,"câu liên quan, Hán Việt",chars/7DA6.json
綮,C,qǐ,cờ thêu,"bộ thủ, từ liên quan, câu liên quan, Hán Việt",chars/7DAE.json
綷,B,cuì,lụa ngũ sắc; xem 綷縩[cui4 cai4],"từ liên quan, câu liên quan, Hán Việt",chars/7DB7.json
緁,C,jié,nối; chắp,"bộ thủ, từ liên quan, câu liên quan, Hán Việt",chars/7DC1.json
緅,C,zōu,lụa tím,"bộ thủ, từ liên quan, câu liên quan, Hán Việt",chars/7DC5.json
緆,C,xī,vải bố mịn; vải thô,"bộ thủ, từ liên quan, câu liên quan",chars/7DC6.json
緌,C,ruí,dây mũ,"bộ thủ, từ liên quan, câu liên quan, Hán Việt",chars/7DCC.json
緎,C,yù,đường may,"bộ thủ, từ liên quan, câu liên quan, Hán Việt",chars/7DCE.json
総,C,zǒng,biến thể tiếng Nhật của 總|总,"bộ thủ, từ liên quan, câu liên quan, Hán Việt",chars/7DCF.json
緑,C,lǜ,biến thể tiếng Nhật của 綠|绿[lu:4],"bộ thủ, từ liên quan, câu liên quan, Hán Việt",chars/7DD1.json
緖,C,xù,biến thể của 緒|绪[xu4],"bộ thủ, từ liên quan, câu liên quan, Hán Việt",chars/7DD6.json
緤,C,xiè,biến thể của 紲|绁[xie4]; trói,"bộ thủ, từ liên quan, câu liên quan, Hán Việt",chars/7DE4.json
緪,C,gēng,một sợi dây,"bộ thủ, từ liên quan, câu liên quan, Hán Việt",chars/7DEA.json
緫,C,zǒng,biến thể của 總|总[zong3],"bộ thủ, từ liên quan, câu liên quan, Hán Việt",chars/7DEB.json
縁,C,yuán,biến thể tiếng Nhật của 緣|缘,"bộ thủ, từ liên quan, câu liên quan, Hán Việt",chars/7E01.json
縂,C,zǒng,biến thể của 總|总[zong3],"bộ thủ, từ liên quan, câu liên quan, Hán Việt",chars/7E02.json
縃,C,xū,lụa mịn,"bộ thủ, từ liên quan, câu liên quan, Hán Việt",chars/7E03.json
縄,C,shéng,biến thể tiếng Nhật của 繩|绳,"bộ thủ, từ liên quan, câu liên quan, Hán Việt",chars/7E04.json
縏,C,pán,túi nhỏ; bao,"bộ thủ, từ liên quan, câu liên quan, Hán Việt",chars/7E0F.json
縚,C,tāo,bện; dây,"bộ thủ, từ liên quan, câu liên quan, Hán Việt",chars/7E1A.json
縠,C,hú,lụa mỏng mịn,"bộ thủ, từ liên quan, câu liên quan, Hán Việt",chars/7E20.json
縡,C,zài,sự việc; chuyện,"bộ thủ, từ liên quan, câu liên quan, Hán Việt",chars/7E21.json
縢,C,téng,buộc; dây,"bộ thủ, từ liên quan, câu liên quan, Hán Việt",chars/7E22.json
縦,C,zòng,biến thể cũ của 縱|纵[zong4],"bộ thủ, từ liên quan, câu liên quan, Hán Việt",chars/7E26.json
縩,B,cài,xem 綷縩[cui4 cai4],"từ liên quan, câu liên quan, Hán Việt",chars/7E29.json
縰,C,xǐ,dây buộc tóc,"bộ thủ, từ liên quan, câu liên quan, Hán Việt",chars/7E30.json
縻,B,mí,trói lại,"từ liên quan, câu liên quan, Hán Việt",chars/7E3B.json
縿,C,shān,tua trang trí; trang trí của cờ,"bộ thủ, từ liên quan, câu liên quan, Hán Việt",chars/7E3F.json
繄,C,yī,thán từ; tiếng thở dài,"bộ thủ, từ liên quan, câu liên quan, Hán Việt",chars/7E44.json
繇,C,yáo,dân ca; lao động cưỡng bức,"bộ thủ, từ liên quan, câu liên quan, Hán Việt",chars/7E47.json
繈,C,qiǎng,vải để địu em bé sau lưng,"bộ thủ, từ liên quan, câu liên quan, Hán Việt",chars/7E48.json
繊,C,xiān,biến thể Nhật Bản của 纖|纤,"bộ thủ, từ liên quan, câu liên quan, Hán Việt",chars/7E4A.json
繋,C,xì,biến thể của 繫|系[xi4],"bộ thủ, từ liên quan, câu liên quan, Hán Việt",chars/7E4B.json
繐,C,suì,vải mịn và lỏng; tua,"bộ thủ, từ liên quan, câu liên quan, Hán Việt",chars/7E50.json
繘,C,yù,dây giếng,"bộ thủ, từ liên quan, câu liên quan, Hán Việt",chars/7E58.json
繙,C,fān,phiên dịch,"bộ thủ, từ liên quan, câu liên quan, Hán Việt",chars/7E59.json
繠,C,ruǐ,đung đưa; treo lỏng lẻo,"bộ thủ, từ liên quan, câu liên quan, Hán Việt",chars/7E60.json
繣,C,huà,bướng bỉnh; ngang ngược,"bộ thủ, từ liên quan, câu liên quan, Hán Việt",chars/7E63.json
繨,C,dá,một nút (của sợi dây),"bộ thủ, từ liên quan, câu liên quan, Hán Việt",chars/7E68.json
纂,B,zuǎn,(văn học) biên soạn (biến thể của 纂[zuan3]),"câu liên quan, Hán Việt",chars/7E82.json
纉,C,zuǎn,biến thể của 纘|缵[zuan3],"bộ thủ, từ liên quan, câu liên quan, Hán Việt",chars/7E89.json
纎,C,xiān,biến thể cũ của 纖|纤[xian1],"bộ thủ, từ liên quan, câu liên quan, Hán Việt",chars/7E8E.json
纑,C,lú,sợi gai; mặc đồ gai,"bộ thủ, từ liên quan, câu liên quan, Hán Việt",chars/7E91.json
纒,C,chán,biến thể cũ của 纏|缠[chan2],"bộ thủ, từ liên quan, câu liên quan, Hán Việt",chars/7E92.json
纙,C,luò,dây xâu tiền xu,"bộ thủ, từ liên quan, câu liên quan",chars/7E99.json
纚,C,lí,(văn học) buộc; thắt,"bộ thủ, từ liên quan, câu liên quan, Hán Việt",chars/7E9A.json
纛,C,dào,cờ lớn; cờ hoặc quạt lông,"bộ thủ, từ liên quan, câu liên quan, Hán Việt",chars/7E9B.json
纟,B,mì,sợi tơ nhỏ.,"từ liên quan, câu liên quan, Hán Việt",chars/7E9F.json
纠,A,jiū,biến thể cũ của 糾|纠[jiu1],Hán Việt,chars/7EA0.json
纡,B,Yū,họ [Yu1],"từ liên quan, câu liên quan",chars/7EA1.json
纣,B,zhòu,"Trụ, tên gọi miệt thị được đặt thuỵ hiệu cho vị vua cuối cùng của nhà Thương, vua Trụ nhà Thương 商紂王|商纣王[Shang1 Zhou4 Wang2] (tên này chỉ đuôi ngựa 紂|纣[zhou4], phần dây cương dễ bị","câu liên quan, Hán Việt",chars/7EA3.json
纤,A,qiàn,dây thừng kéo thuyền,Hán Việt,chars/7EA4.json
纥,C,gē,nút,"bộ thủ, câu liên quan",chars/7EA5.json
纨,B,wán,trắng; lụa trắng,"câu liên quan, Hán Việt",chars/7EA8.json
纩,B,kuàng,tơ hoặc bông mịn,"từ liên quan, câu liên quan, Hán Việt",chars/7EA9.json
纫,C,rèn,xâu kim; may; khâu,"bộ thủ, câu liên quan, Hán Việt",chars/7EAB.json
纭,B,yún,rối loạn; đông đúc,"câu liên quan, Hán Việt",chars/7EAD.json
纮,C,hóng,dây mũ; rộng lớn,"bộ thủ, từ liên quan, câu liên quan, Hán Việt",chars/7EAE.json
纰,B,pī,lỗi; sự cẩu thả,"câu liên quan, Hán Việt",chars/7EB0.json
纴,B,rèn,dệt; dăng sợi dọc để dệt,"từ liên quan, câu liên quan, Hán Việt",chars/7EB4.json
纶,C,lún,phân loại; vặn tơ,"bộ thủ, câu liên quan",chars/7EB6.json
纸,A,zhǐ,giấy,Hán Việt,chars/7EB8.json
纻,C,zhù,cây gai (Boehmeria nivea),"bộ thủ, từ liên quan, câu liên quan, Hán Việt",chars/7EBB.json
纾,C,shū,dồi dào; dư dả,"bộ thủ, câu liên quan, Hán Việt",chars/7EBE.json
线,A,xiàn,"dòng, sợi, tuyến",Hán Việt,chars/7EBF.json
绀,B,gàn,màu tím hoặc màu tía,"câu liên quan, Hán Việt",chars/7EC0.json
绁,B,xiè,buộc; trói,"từ liên quan, câu liên quan, Hán Việt",chars/7EC1.json
绂,C,fú,dải đeo ấn; đai lưng,"bộ thủ, từ liên quan, câu liên quan, Hán Việt",chars/7EC2.json
绉,B,zhòu,vải crepe; nếp nhăn,câu liên quan,chars/7EC9.json
绊,B,bàn,vấp; ngã,câu liên quan,chars/7ECA.json
绋,B,fú,dây thừng nặng; dây của quan tài,"câu liên quan, Hán Việt",chars/7ECB.json
绌,B,chù,lụa đỏ thẫm; sự thiếu hụt,"câu liên quan, Hán Việt",chars/7ECC.json
绐,B,dài,lừa gạt; giả vờ,"từ liên quan, câu liên quan, Hán Việt",chars/7ED0.json
绑,A,bǎng,buộc,Hán Việt,chars/7ED1.json
绒,B,róng,vải nhung; len,câu liên quan,chars/7ED2.json
绔,C,kù,biến thể của 褲|裤[ku4],"bộ thủ, câu liên quan, Hán Việt",chars/7ED4.json
绖,C,dié,dải vải gai đeo trên đầu hoặc thắt lưng của người để tang,"bộ thủ, từ liên quan, câu liên quan, Hán Việt",chars/7ED6.json
绗,B,háng,chần,"từ liên quan, câu liên quan, Hán Việt",chars/7ED7.json
绚,A,xuàn,trang trí; nhanh,Hán Việt,chars/7EDA.json
绛,B,Jiàng,kinh đô nước Tấn trong Thời Xuân Thu (770-475 TCN),"câu liên quan, Hán Việt",chars/7EDB.json
绝,A,jué,tuyệt đối,Hán Việt,chars/7EDD.json
绞,B,jiǎo,vặn (sợi thành chỉ); làm rối,câu liên quan,chars/7EDE.json
绠,B,gěng,(văn học) dây giếng (để kéo nước),"từ liên quan, câu liên quan, Hán Việt",chars/7EE0.json
绡,B,xiāo,lụa thô,"từ liên quan, câu liên quan, Hán Việt",chars/7EE1.json
绢,A,juàn,loại vải lụa mỏng và dai,Hán Việt,chars/7EE2.json
绤,C,xì,vải gai thô,"bộ thủ, từ liên quan, câu liên quan, Hán Việt",chars/7EE4.json
绥,B,suí,dẹp yên; Đài Loan phát âm [sui1],câu liên quan,chars/7EE5.json
绦,B,dí,xem 絛綸|绦纶[di2 lun2],"câu liên quan, Hán Việt",chars/7EE6.json
绨,B,tí,vải pongee thô màu đen xanh,"từ liên quan, câu liên quan, Hán Việt",chars/7EE8.json
绪,A,xù,khởi đầu; manh mối,Hán Việt,chars/7EEA.json
绫,B,líng,gấm; lụa mỏng,"từ liên quan, câu liên quan",chars/7EEB.json
绮,B,qǐ,đẹp; lụa hoa văn,"câu liên quan, Hán Việt",chars/7EEE.json
绯,A,fēi,đỏ thẫm; lụa tím,Hán Việt,chars/7EEF.json
绱,B,shàng,đóng đế giày,"từ liên quan, câu liên quan, Hán Việt",chars/7EF1.json
绲,B,gǔn,dây; thắt lưng thêu,"từ liên quan, câu liên quan, Hán Việt",chars/7EF2.json
维,A,Wéi,viết tắt của Duy Ngô Nhĩ 維吾爾|维吾尔[Wei2 wu2 er3]; họ [Wei2],Hán Việt,chars/7EF4.json
绵,C,mián,tơ tằm; liên tục,bộ thủ,chars/7EF5.json
绶,B,shòu,dây đeo ấn,"câu liên quan, Hán Việt",chars/7EF6.json
绷,A,běng,kéo dài mặt,Hán Việt,chars/7EF7.json
绸,A,chóu,lụa (mỏng); LT:匹[pi3],Hán Việt,chars/7EF8.json
绹,C,táo,buộc; dây,"bộ thủ, từ liên quan, câu liên quan, Hán Việt",chars/7EF9.json
绺,C,liǔ,con; chùm,"bộ thủ, từ liên quan, câu liên quan, Hán Việt",chars/7EFA.json
绻,B,quǎn,ràng buộc trong liên minh,câu liên quan,chars/7EFB.json
综,A,zèng,sợi dây trong khung cửi; Ấn phẩm Đài Loan: [zong4],Hán Việt,chars/7EFC.json
绽,A,zhàn,nở tung; toạc ra,Hán Việt,chars/7EFD.json
绾,B,wǎn,búi lại; xâu lại với nhau,"từ liên quan, câu liên quan, Hán Việt",chars/7EFE.json
缀,C,chuò,biến thể của 輟|辍[chuo4],"bộ thủ, Hán Việt",chars/7F00.json
缁,C,zī,người theo đạo Phật; lụa đen,"bộ thủ, từ liên quan, câu liên quan, Hán Việt",chars/7F01.json
缂,B,kè,dùng trong 緙絲|缂丝[ke4 si1],"câu liên quan, Hán Việt",chars/7F02.json
缃,B,xiāng,màu vàng nhạt,"từ liên quan, câu liên quan, Hán Việt",chars/7F03.json
缄,B,jiān,(hộp) gỗ; cốc,"câu liên quan, Hán Việt",chars/7F04.json
缅,A,Miǎn,Myanmar (trước đây là Miến Điện) (viết tắt của 緬甸|缅甸[Mian3 dian4]),Hán Việt,chars/7F05.json
缆,A,lǎn,cáp; dây cáp,Hán Việt,chars/7F06.json
缇,B,tí,lụa màu cam đỏ; màu cam đỏ,"từ liên quan, câu liên quan, Hán Việt",chars/7F07.json
缈,C,miǎo,mơ hồ,"bộ thủ, câu liên quan, Hán Việt",chars/7F08.json
缉,A,jī,bắt; bắt giữ,Hán Việt,chars/7F09.json
缊,B,yūn,màu cam; dùng trong 絪縕|𬘡缊[yin1 yun1],"từ liên quan, câu liên quan, Hán Việt",chars/7F0A.json
缋,B,huì,nhiều màu; vẽ,"từ liên quan, câu liên quan, Hán Việt",chars/7F0B.json
缌,B,sī,vải lanh mịn,"từ liên quan, câu liên quan, Hán Việt",chars/7F0C.json
缎,B,duàn,vải sa tanh,câu liên quan,chars/7F0E.json
缏,B,biàn,bím tóc,"từ liên quan, câu liên quan, Hán Việt",chars/7F0F.json
缑,B,Gōu,họ [Gou1],"từ liên quan, câu liên quan, Hán Việt",chars/7F11.json
缒,B,zhuì,thả xuống bằng dây,"từ liên quan, câu liên quan, Hán Việt",chars/7F12.json
缓,A,huǎn,làm chậm lại,Hán Việt,chars/7F13.json
缗,B,mín,dây; dây câu,"từ liên quan, câu liên quan",chars/7F17.json
缙,B,jìn,lụa đỏ,"câu liên quan, Hán Việt",chars/7F19.json
缚,A,fù,trói; buộc,Hán Việt,chars/7F1A.json
缜,B,zhěn,mịn và dày,"câu liên quan, Hán Việt",chars/7F1C.json
缝,A,féng,may; đường may,Hán Việt,chars/7F1D.json
缞,C,cuī,áo tang làm từ vải gai thô,"bộ thủ, từ liên quan, câu liên quan, Hán Việt",chars/7F1E.json
缟,B,gǎo,lụa trắng trơn,"câu liên quan, Hán Việt",chars/7F1F.json
缡,B,lí,khăn voan cưới hoặc khăn trùm đầu,"câu liên quan, Hán Việt",chars/7F21.json
缢,B,yì,(văn học) chết do treo cổ hoặc bóp cổ,câu liên quan,chars/7F22.json
缣,B,jiān,lụa dày chống thấm nước,"từ liên quan, câu liên quan, Hán Việt",chars/7F23.json
缤,A,bīn,hỗn loạn; đầy màu sắc,Hán Việt,chars/7F24.json
缥,B,piǎo,dùng trong 縹渺|缥渺[piao1 miao3]; cách phát âm ở Đài Loan: [piao3],"câu liên quan, Hán Việt",chars/7F25.json
缦,B,màn,lụa mỏng trơn; chậm,"từ liên quan, câu liên quan, Hán Việt",chars/7F26.json
缧,B,léi,(văn học) dây thừng dày dùng để trói phạm nhân,"từ liên quan, câu liên quan, Hán Việt",chars/7F27.json
缨,B,yīng,"tua đồ trang trí; vật gì có hình dạng như tua (ví dụ: lá cây, v.v.)","câu liên quan, Hán Việt",chars/7F28.json
缩,A,suō,co lại,Hán Việt,chars/7F29.json
缪,B,Miào,họ [Miao4],"câu liên quan, Hán Việt",chars/7F2A.json
缫,B,sāo,rút tơ từ kén,"từ liên quan, câu liên quan, Hán Việt",chars/7F2B.json
缬,B,xié,nút; thắt nút,"câu liên quan, Hán Việt",chars/7F2C.json
缭,B,liáo,quấn quanh; khâu mũi chéo,câu liên quan,chars/7F2D.json
缮,B,shàn,sửa chữa; vá,"câu liên quan, Hán Việt",chars/7F2E.json
缯,B,Zēng,họ [Zeng1],"từ liên quan, câu liên quan, Hán Việt",chars/7F2F.json
缰,B,jiāng,biến thể của 韁|缰[jiang1],"câu liên quan, Hán Việt",chars/7F30.json
缱,B,qiǎn,gắn bó; yêu thương,câu liên quan,chars/7F31.json
缲,B,qiāo,viền bằng mũi khâu ẩn,"từ liên quan, câu liên quan",chars/7F32.json
缳,B,huán,trói; buộc,"từ liên quan, câu liên quan, Hán Việt",chars/7F33.json
缵,B,zuǎn,(văn học) kế thừa,"từ liên quan, câu liên quan, Hán Việt",chars/7F35.json
缶,B,fǒu,"Ðồ sành, như cái vò cái chum, v.v","từ liên quan, câu liên quan",chars/7F36.json
罁,C,gāng,biến thể cũ của 缸[gang1],"bộ thủ, từ liên quan, câu liên quan, Hán Việt",chars/7F41.json
罂,B,yīng,biến thể của 罌|罂[ying1],"câu liên quan, Hán Việt",chars/7F42.json
罃,C,yīng,lọ đất sét có cổ dài,"bộ thủ, từ liên quan, câu liên quan, Hán Việt",chars/7F43.json
罅,C,xià,vết nứt; mối hằn thù,"bộ thủ, câu liên quan, Hán Việt",chars/7F45.json
罆,C,guàn,biến thể của 罐[guan4],"bộ thủ, từ liên quan, câu liên quan, Hán Việt",chars/7F46.json
罉,C,chēng,(phương ngữ) nồi nấu; biến thể của 鐺|铛[cheng1],"bộ thủ, từ liên quan, câu liên quan, Hán Việt",chars/7F49.json
罍,C,léi,chum rượu lớn bằng sành,"bộ thủ, từ liên quan, câu liên quan, Hán Việt",chars/7F4D.json
罎,C,tán,biến thể của 罈|坛[tan2],"bộ thủ, từ liên quan, câu liên quan, Hán Việt",chars/7F4E.json
罏,C,lú,đống đất để giữ chum rượu,"bộ thủ, từ liên quan, câu liên quan, Hán Việt",chars/7F4F.json
罐,A,guàn,lọ,Hán Việt,chars/7F50.json
罒,C,wǎng,lưới (bộ Khang Hy số 122),"bộ thủ, từ liên quan, câu liên quan, Hán Việt",chars/7F52.json
罓,C,wǎng,lưới (bộ Khang Hy số 122),"bộ thủ, từ liên quan, câu liên quan, Hán Việt",chars/7F53.json
罕,C,hǎn,hiếm,"bộ thủ, Hán Việt",chars/7F55.json
罖,C,xx,"một trong những ký tự dùng trong kwukyel (phát âm ""ra""), một hệ thống chữ viết cổ của Hàn Quốc","bộ thủ, từ liên quan, câu liên quan, Hán Việt",chars/7F56.json
罘,C,fú,tên địa danh,"bộ thủ, câu liên quan, Hán Việt",chars/7F58.json
罙,C,tàn,,"nghĩa, từ liên quan, câu liên quan, Hán Việt",chars/7F59.json
罚,C,fá,trừng phạt; phạt,bộ thủ,chars/7F5A.json
罛,C,gū,lưới đánh cá lớn,"bộ thủ, từ liên quan, câu liên quan, Hán Việt",chars/7F5B.json
罝,C,jū,lưới bắt thỏ,"bộ thủ, từ liên quan, câu liên quan, Hán Việt",chars/7F5D.json
罟,C,gǔ,liên lụy; lưới bắt chim hoặc cá,"bộ thủ, từ liên quan, câu liên quan, Hán Việt",chars/7F5F.json
罠,C,mín,bẫy động vật,"bộ thủ, từ liên quan, câu liên quan, Hán Việt",chars/7F60.json
罡,C,gāng,các ngôi sao của chòm Bắc Đẩu tạo thành đuôi gáo,"bộ thủ, từ liên quan, câu liên quan, Hán Việt",chars/7F61.json
罣,C,guà,biến thể của 掛|挂[gua4],"bộ thủ, từ liên quan, câu liên quan, Hán Việt",chars/7F63.json
罥,C,juàn,lưới bắt chim; buộc,"bộ thủ, từ liên quan, câu liên quan, Hán Việt",chars/7F65.json
罦,C,fú,lưới bắt chim,"bộ thủ, từ liên quan, câu liên quan, Hán Việt",chars/7F66.json
罨,C,yǎn,chườm; van,"bộ thủ, từ liên quan, câu liên quan, Hán Việt",chars/7F68.json
罩,C,zhào,che; cái che,"bộ thủ, Hán Việt",chars/7F69.json
罫,C,guà,ô vuông trên bàn cờ,"bộ thủ, từ liên quan, câu liên quan, Hán Việt",chars/7F6B.json
罭,C,yù,lưới kéo,"bộ thủ, từ liên quan, câu liên quan, Hán Việt",chars/7F6D.json
罱,C,lǎn,"một loại công cụ dùng để vớt cá, thực vật dưới nước hoặc bùn sông, gồm một cái lưới gắn vào cặp sào tre, được dùng để mở và đóng lưới; tát hoặc vớt bằng công cụ này","bộ thủ, từ liên quan, câu liên quan, Hán Việt",chars/7F71.json
署,C,shǔ,văn phòng; cục,bộ thủ,chars/7F72.json
罳,C,sī,bình phong,"bộ thủ, từ liên quan, câu liên quan, Hán Việt",chars/7F73.json
罴,C,pí,,"nghĩa, bộ thủ, từ liên quan, câu liên quan, Hán Việt",chars/7F74.json
罶,C,liǔ,giỏ cá; giỏ đựng cá,"bộ thủ, từ liên quan, câu liên quan, Hán Việt",chars/7F76.json
罹,B,lí,mắc phải; buồn,"câu liên quan, Hán Việt",chars/7F79.json
罻,C,wèi,lưới bắt chim,"bộ thủ, từ liên quan, câu liên quan, Hán Việt",chars/7F7B.json
罽,C,jì,(lưới đánh cá); tấm thảm len,"bộ thủ, từ liên quan, câu liên quan, Hán Việt",chars/7F7D.json
罾,C,zēng,lưới vuông lớn,"bộ thủ, từ liên quan, câu liên quan, Hán Việt",chars/7F7E.json
罿,C,tóng,lưới bắt chim,"bộ thủ, từ liên quan, câu liên quan, Hán Việt",chars/7F7F.json
羀,C,liǔ,biến thể cũ của 罶[liu3],"bộ thủ, từ liên quan, câu liên quan, Hán Việt",chars/7F80.json
羁,C,jī,cái cương; dây cương,"bộ thủ, Hán Việt",chars/7F81.json
羂,C,juàn,biến thể của 罥[juan4],"bộ thủ, từ liên quan, câu liên quan, Hán Việt",chars/7F82.json
羃,C,mì,tấm vải che thức ăn; mạng che mặt,"bộ thủ, từ liên quan, câu liên quan, Hán Việt",chars/7F83.json
羇,C,jī,biến thể của 羈|羁[ji1],"bộ thủ, từ liên quan, câu liên quan, Hán Việt",chars/7F87.json
羌,B,Qiāng,nhóm dân tộc Khương ở tây bắc Tứ Xuyên; họ [Qiang1],"câu liên quan, Hán Việt",chars/7F8C.json
羍,B,dá,cừu con,"từ liên quan, câu liên quan, Hán Việt",chars/7F8D.json
羑,C,yǒu,dẫn dắt,"bộ thủ, từ liên quan, câu liên quan, Hán Việt",chars/7F91.json
羔,A,gāo,cừu non,Hán Việt,chars/7F94.json
羕,C,yàng,,"nghĩa, bộ thủ, từ liên quan, câu liên quan, Hán Việt",chars/7F95.json
羖,C,gǔ,cừu cái màu đen,"bộ thủ, từ liên quan, câu liên quan, Hán Việt",chars/7F96.json
羚,B,líng,linh dương,"câu liên quan, Hán Việt",chars/7F9A.json
羜,C,zhù,cừu non năm tháng tuổi,"bộ thủ, từ liên quan, câu liên quan, Hán Việt",chars/7F9C.json
羝,B,dī,dê đực; cừu đực,câu liên quan,chars/7F9D.json
羞,C,xiū,xấu hổ; hổ thẹn,"bộ thủ, Hán Việt",chars/7F9E.json
羟,B,qiǎng,hyđroxyl (gốc),"câu liên quan, Hán Việt",chars/7F9F.json
羡,C,xiàn,đố kị,bộ thủ,chars/7FA1.json
羢,C,róng,lông cừu,"bộ thủ, từ liên quan, câu liên quan, Hán Việt",chars/7FA2.json
羧,C,suō,gốc cacboxyl (hóa học),"bộ thủ, câu liên quan, Hán Việt",chars/7FA7.json
羭,C,yú,cừu đực màu đen,"bộ thủ, từ liên quan, câu liên quan, Hán Việt",chars/7FAD.json
羮,C,gēng,biến thể của 羹[geng1],"bộ thủ, từ liên quan, câu liên quan",chars/7FAE.json
羯,B,Jié,"Người Jie, một bộ tộc ở miền bắc Trung Quốc vào khoảng thế kỷ 4","câu liên quan, Hán Việt",chars/7FAF.json
羰,C,tāng,cacbonyl (gốc),"bộ thủ, từ liên quan, câu liên quan, Hán Việt",chars/7FB0.json
羱,C,yuán,dê hoang sừng lớn,"bộ thủ, từ liên quan, câu liên quan, Hán Việt",chars/7FB1.json
羲,C,Xī,"giống như Phục Hy 伏羲[Fu2xi1], một vị hoàng đế huyền thoại; họ [Xi1]","bộ thủ, câu liên quan, Hán Việt",chars/7FB2.json
羵,C,fěn,linh hồn,"bộ thủ, từ liên quan, câu liên quan, Hán Việt",chars/7FB5.json
羶,C,shān,mùi hôi (của cừu hoặc dê),"bộ thủ, từ liên quan, câu liên quan, Hán Việt",chars/7FB6.json
羸,C,léi,vướng víu; gầy gò,"bộ thủ, câu liên quan, Hán Việt",chars/7FB8.json
羹,C,gēng,canh,"bộ thủ, Hán Việt",chars/7FB9.json
羼,B,chàn,trộn; phối,"câu liên quan, Hán Việt",chars/7FBC.json
羿,C,Yì,họ [Yi4]; tên một xạ thủ huyền thoại (còn gọi là Hậu Nghệ 后羿[Hou4 Yi4]),"bộ thủ, Hán Việt",chars/7FBF.json
翀,C,chōng,bay vút,"bộ thủ, từ liên quan, câu liên quan, Hán Việt",chars/7FC0.json
翃,C,hóng,bay theo đàn (côn trùng),"bộ thủ, từ liên quan, câu liên quan, Hán Việt",chars/7FC3.json
翅,A,chì,biến thể của 翅[chi4],Hán Việt,chars/7FC5.json
翊,B,yì,hỗ trợ; sẵn sàng bay,"từ liên quan, câu liên quan, Hán Việt",chars/7FCA.json
翌,C,yì,sáng; ngày mai,"bộ thủ, câu liên quan, Hán Việt",chars/7FCC.json
翎,B,líng,lông đuôi; lông vũ,câu liên quan,chars/7FCE.json
翏,C,liù,tiếng gió âm vang; lướt bay,"bộ thủ, từ liên quan, câu liên quan, Hán Việt",chars/7FCF.json
翔,A,xiáng,bay lượn; lướt,Hán Việt,chars/7FD4.json
翕,C,xī,"mở và đóng (miệng, v.v.); thân thiện","bộ thủ, câu liên quan",chars/7FD5.json
翖,C,xī,biến thể cũ của 翕[xi1],"bộ thủ, từ liên quan, câu liên quan, Hán Việt",chars/7FD6.json
翘,B,qiào,vểnh lên,"câu liên quan, Hán Việt",chars/7FD8.json
翙,C,huì,tiếng động cánh chim,"bộ thủ, từ liên quan, câu liên quan, Hán Việt",chars/7FD9.json
翚,C,huī,gà lôi; gà hoàng kim,"bộ thủ, từ liên quan, câu liên quan, Hán Việt",chars/7FDA.json
翛,C,shù,sự vội vã,"bộ thủ, từ liên quan, câu liên quan, Hán Việt",chars/7FDB.json
翟,C,Dí,"họ [Di2]; biến thể của 狄[Di2], tên gọi chung cho các dân tộc thiểu số phía bắc trong thời Tần và Hán (221 TCN-220 SCN)","bộ thủ, câu liên quan, Hán Việt",chars/7FDF.json
翣,C,shà,quạt gỗ mang trong đám rước,"bộ thủ, từ liên quan, câu liên quan, Hán Việt",chars/7FE3.json
翥,B,zhù,bay vút,"từ liên quan, câu liên quan",chars/7FE5.json
翦,B,Jiǎn,họ [Jian3],"từ liên quan, câu liên quan, Hán Việt",chars/7FE6.json
翩,B,piān,bay nhanh,câu liên quan,chars/7FE9.json
翪,C,zōng,chim bay không đều,"bộ thủ, từ liên quan, câu liên quan, Hán Việt",chars/7FEA.json
翮,B,hé,lông cán,"từ liên quan, câu liên quan, Hán Việt",chars/7FEE.json
翯,C,hè,bộ lông sáng chói của chim,"bộ thủ, từ liên quan, câu liên quan, Hán Việt",chars/7FEF.json
翰,A,Hàn,họ [Han4],Hán Việt,chars/7FF0.json
翱,B,áo,xem 翱翔[ao2 xiang2],"câu liên quan, Hán Việt",chars/7FF1.json
翳,B,yì,biến thể của 翳[yi4],"từ liên quan, câu liên quan, Hán Việt",chars/7FF3.json
翻,A,fān,lật,Hán Việt,chars/7FFB.json
翾,C,xuān,bay lượn; phấp phới,"bộ thủ, từ liên quan, câu liên quan, Hán Việt",chars/7FFE.json
翿,C,dào,cờ hoặc quạt lông vũ,"bộ thủ, từ liên quan, câu liên quan, Hán Việt",chars/7FFF.json
耀,C,yào,rực rỡ; vinh quang,"bộ thủ, Hán Việt",chars/8000.json
耂,C,lǎo,già; cũng như 老[lao3]; bộ Khang Hy số 125,"bộ thủ, từ liên quan, câu liên quan, Hán Việt",chars/8002.json
考,C,kǎo,thi,bộ thủ,chars/8003.json
耄,B,mào,tuổi rất cao (trong độ tuổi 80 hoặc 90); người tám mươi tuổi,"câu liên quan, Hán Việt",chars/8004.json
者,C,zhě,người đó,"bộ thủ, Hán Việt",chars/8005.json
耆,B,qí,người đàn ông sáu mươi hoặc bảy mươi tuổi,"câu liên quan, Hán Việt",chars/8006.json
耇,C,gǒu,khuôn mặt nhăn nheo của người cao tuổi,"bộ thủ, từ liên quan, câu liên quan, Hán Việt",chars/8007.json
耈,C,gǒu,biến thể cũ của 耇[gou3],"bộ thủ, từ liên quan, câu liên quan, Hán Việt",chars/8008.json
耉,C,gǒu,biến thể cũ của 耇[gou3],"bộ thủ, từ liên quan, câu liên quan, Hán Việt",chars/8009.json
耊,C,dié,biến thể cũ của 耋[die2],"bộ thủ, từ liên quan, câu liên quan, Hán Việt",chars/800A.json
耋,B,dié,cao tuổi; trong tuổi tám mươi,"câu liên quan, Hán Việt",chars/800B.json
而,A,ér,và; nhưng,Hán Việt,chars/800C.json
耍,C,shuǎ,chơi,"bộ thủ, Hán Việt",chars/800D.json
耎,C,ruǎn,biến thể cổ của 軟|软[ruan3],"bộ thủ, từ liên quan, câu liên quan, Hán Việt",chars/800E.json
耏,C,Er,họ [Er2],"bộ thủ, từ liên quan, câu liên quan, Hán Việt",chars/800F.json
耐,C,nài,chịu đựng,"bộ thủ, Hán Việt",chars/8010.json
耒,B,lěi,Cái cầy,câu liên quan,chars/8012.json
耔,B,zǐ,vun xới đất quanh cây trồng,"từ liên quan, câu liên quan, Hán Việt",chars/8014.json
耘,B,yún,làm cỏ,"câu liên quan, Hán Việt",chars/8018.json
耙,B,bà,cái bừa; bừa đất,câu liên quan,chars/8019.json
耜,B,sì,cái cày; lưỡi cày,"câu liên quan, Hán Việt",chars/801C.json
耝,C,qù,cày; (tên địa danh cổ),"bộ thủ, từ liên quan, câu liên quan, Hán Việt",chars/801D.json
耞,C,jiā,cái quạt dùng để đập lúa; biến thể cũ của 枷[jia1],"bộ thủ, từ liên quan, câu liên quan",chars/801E.json
耠,B,huō,một cái cuốc; cuốc,"từ liên quan, câu liên quan, Hán Việt",chars/8020.json
耡,C,chú,cây cuốc,"bộ thủ, từ liên quan, câu liên quan, Hán Việt",chars/8021.json
耢,B,lào,một loại nông cụ (dạng khung chữ nhật) dùng để san phẳng đất; san phẳng đất bằng cách kéo công cụ này,"từ liên quan, câu liên quan, Hán Việt",chars/8022.json
耤,B,jí,cày,"từ liên quan, câu liên quan, Hán Việt",chars/8024.json
耥,C,tāng,,"nghĩa, từ liên quan, câu liên quan, Hán Việt",chars/8025.json
耦,B,ǒu,một cặp; bạn đời,"câu liên quan, Hán Việt",chars/8026.json
耧,B,lóu,máy gieo hạt,"từ liên quan, câu liên quan, Hán Việt",chars/8027.json
耨,B,nòu,cái cuốc; cuốc,"từ liên quan, câu liên quan",chars/8028.json
耩,C,jiǎng,cày; bừa,"bộ thủ, từ liên quan, câu liên quan, Hán Việt",chars/8029.json
耪,B,pǎng,cuốc đất,"từ liên quan, câu liên quan, Hán Việt",chars/802A.json
耰,C,yōu,bừa,"bộ thủ, từ liên quan, câu liên quan, Hán Việt",chars/8030.json
耱,B,mò,xem 耮|耢[lao4],"từ liên quan, câu liên quan, Hán Việt",chars/8031.json
耵,B,dīng,dùng trong 耵聹|耵聍[ding1ning2]; Phiên âm Đài Loan: [ding3],"câu liên quan, Hán Việt",chars/8035.json
耶,A,yē,(phiên âm ye),Hán Việt,chars/8036.json
耷,B,dā,tai rủ xuống,"câu liên quan, Hán Việt",chars/8037.json
耸,A,sǒng,kích thích; nâng lên,Hán Việt,chars/8038.json
耻,A,chǐ,(hình thức kết hợp) xấu hổ; nhục nhã,Hán Việt,chars/803B.json
耼,C,dān,biến thể của 聃[dan1],"bộ thủ, từ liên quan, câu liên quan, Hán Việt",chars/803C.json
耿,A,Gěng,họ [Geng3],Hán Việt,chars/803F.json
聂,B,Niè,họ [Nie4],"câu liên quan, Hán Việt",chars/8042.json
聃,B,dān,tai không vành,"câu liên quan, Hán Việt",chars/8043.json
聆,A,líng,(văn học) nghe; lắng nghe,Hán Việt,chars/8046.json
聊,A,liáo,trò chuyện,Hán Việt,chars/804A.json
聋,A,lóng,điếc,Hán Việt,chars/804B.json
聍,B,níng,dùng trong 耵聹|耵聍[ding1 ning2],"câu liên quan, Hán Việt",chars/804D.json
聎,C,tiāo,ù tai,"bộ thủ, từ liên quan, câu liên quan, Hán Việt",chars/804E.json
聒,C,guō,ồn ào; ầm ĩ,"bộ thủ, câu liên quan, Hán Việt",chars/8052.json
聚,C,jù,tụ tập,bộ thủ,chars/805A.json
聝,C,guó,cắt tai trái của người bị giết,"bộ thủ, từ liên quan, câu liên quan, Hán Việt",chars/805D.json
聡,C,cōng,biến thể cũ của 聰|聪[cong1],"bộ thủ, từ liên quan, câu liên quan, Hán Việt",chars/8061.json
聦,C,cōng,biến thể của 聰|聪[cong1],"bộ thủ, từ liên quan, câu liên quan, Hán Việt",chars/8066.json
聨,C,lián,biến thể của 聯|联[lian2],"bộ thủ, từ liên quan, câu liên quan, Hán Việt",chars/8068.json
聩,B,kuì,điếc bẩm sinh; điếc,"câu liên quan, Hán Việt",chars/8069.json
聮,C,lián,biến thể cũ của 聯|联[lian2],"bộ thủ, từ liên quan, câu liên quan, Hán Việt",chars/806E.json
聱,B,áo,khó phát âm,"từ liên quan, câu liên quan, Hán Việt",chars/8071.json
聴,C,tīng,biến thể Nhật Bản của 聽|听[ting1],"bộ thủ, từ liên quan, câu liên quan, Hán Việt",chars/8074.json
聼,C,tīng,biến thể của 聽|听[ting1],"bộ thủ, từ liên quan, câu liên quan, Hán Việt",chars/807C.json
聿,B,yù,"Bèn, bui, chữ dùng làm tiếng phát ngữ","câu liên quan, Hán Việt",chars/807F.json
肀,C,yù,cây bút; biến thể cổ của 聿[yu4]; bộ Khang Hy số 129,"bộ thủ, từ liên quan, câu liên quan, Hán Việt",chars/8080.json
肃,A,Sù,họ [Su4],Hán Việt,chars/8083.json
肄,C,yì,học; tập luyện hoặc nghiên cứu (cũ),"bộ thủ, câu liên quan, Hán Việt",chars/8084.json
肆,C,sì,bốn (chữ số phòng chống gian lận trong ngân hàng); không kiềm chế,"bộ thủ, Hán Việt",chars/8086.json
肇,C,zhào,lúc đầu; nghĩ ra,"bộ thủ, Hán Việt",chars/8087.json
肉,A,ròu,thịt,Hán Việt,chars/8089.json
肊,C,yì,biến thể của 臆[yi4],"bộ thủ, từ liên quan, câu liên quan, Hán Việt",chars/808A.json
肋,C,lèi,xương sườn; tiếng Đài Loan đọc là [le4],"bộ thủ, câu liên quan, Hán Việt",chars/808B.json
肌,C,jī,(hình thức kết hợp) thịt; cơ,"bộ thủ, Hán Việt",chars/808C.json
肏,C,cào,địt (tục),"bộ thủ, từ liên quan, câu liên quan, Hán Việt",chars/808F.json
肓,C,huāng,vùng giữa tim và cơ hoành,"bộ thủ, câu liên quan, Hán Việt",chars/8093.json
肕,C,rèn,biến thể cũ của 韌|韧[ren4],"bộ thủ, từ liên quan, câu liên quan, Hán Việt",chars/8095.json
肖,A,Xiāo,họ [Xiao1]; phiên âm Đài Loan [Xiao4],Hán Việt,chars/8096.json
肘,C,zhǒu,khuỷu tay; thịt vai heo,"bộ thủ, Hán Việt",chars/8098.json
肙,C,yuān,một loại sâu nhỏ; vặn,"bộ thủ, từ liên quan, câu liên quan, Hán Việt",chars/8099.json
肚,C,dù,"bụng, dạ dày","bộ thủ, Hán Việt",chars/809A.json
肛,C,gāng,dùng trong 脫疘|脱肛[tuo1 gang1],"bộ thủ, câu liên quan, Hán Việt",chars/809B.json
肜,C,Róng,họ [Rong2],"bộ thủ, từ liên quan, câu liên quan, Hán Việt",chars/809C.json
肝,C,gān,gan,bộ thủ,chars/809D.json
肟,C,wò,oxime; oximide,"bộ thủ, từ liên quan, câu liên quan, Hán Việt",chars/809F.json
肠,C,cháng,ruột,"bộ thủ, Hán Việt",chars/80A0.json
股,C,gǔ,đùi,bộ thủ,chars/80A1.json
肢,C,zhī,chi (bộ phận cơ thể),bộ thủ,chars/80A2.json
肤,C,fū,da,"bộ thủ, Hán Việt",chars/80A4.json
肥,C,féi,rộng rãi,bộ thủ,chars/80A5.json
肩,C,jiān,vai,"bộ thủ, Hán Việt",chars/80A9.json
肪,C,fáng,mỡ động vật,"bộ thủ, Hán Việt",chars/80AA.json
肫,C,zhūn,mề,"bộ thủ, từ liên quan, câu liên quan, Hán Việt",chars/80AB.json
肬,C,yóu,biến thể của 疣[you2],"bộ thủ, từ liên quan, câu liên quan, Hán Việt",chars/80AC.json
肭,C,nà,dùng trong 膃肭|腽肭[wa4 na4],"bộ thủ, từ liên quan, câu liên quan",chars/80AD.json
肮,C,āng,bẩn; bẩn thỉu,"bộ thủ, câu liên quan, Hán Việt",chars/80AE.json
肯,C,kěn,đồng ý,bộ thủ,chars/80AF.json
肰,C,rán,thịt chó; biến thể cũ của 然[ran2],"bộ thủ, từ liên quan, câu liên quan, Hán Việt",chars/80B0.json
肱,C,gōng,cánh tay trên; cánh tay,"bộ thủ, câu liên quan",chars/80B1.json
肴,C,yáo,biến thể của 肴[yao2],"bộ thủ, Hán Việt",chars/80B4.json
肵,C,jìn,cái bàn,"bộ thủ, từ liên quan, câu liên quan, Hán Việt",chars/80B5.json
肷,C,qiǎn,(thường chỉ động vật) phần cơ thể ở bên hông giữa xương sườn và xương hông,"bộ thủ, từ liên quan, câu liên quan, Hán Việt",chars/80B7.json
肸,C,xì,cười khúc khích; tán loạn,"bộ thủ, từ liên quan, câu liên quan, Hán Việt",chars/80B8.json
肹,C,xī,biến thể cũ của 肸[xi1],"bộ thủ, từ liên quan, câu liên quan, Hán Việt",chars/80B9.json
肺,C,fèi,phổi,"bộ thủ, Hán Việt",chars/80BA.json
肼,C,jǐng,hydrazin,"bộ thủ, từ liên quan, câu liên quan, Hán Việt",chars/80BC.json
肽,C,tài,peptit (hai hoặc nhiều axit amin liên kết bằng liên kết peptit CO-NH),"bộ thủ, câu liên quan, Hán Việt",chars/80BD.json
肾,C,shèn,thận,bộ thủ,chars/80BE.json
肿,C,zhǒng,sưng; sưng lên,bộ thủ,chars/80BF.json
胀,C,zhàng,chướng bụng,bộ thủ,chars/80C0.json
胁,C,xié,mạn sườn (phía bên của thân); cưỡng ép,bộ thủ,chars/80C1.json
胂,C,shèn,arsine,"bộ thủ, từ liên quan, câu liên quan",chars/80C2.json
胃,C,wèi,dạ dày,"bộ thủ, Hán Việt",chars/80C3.json
胄,C,zhòu,mũ bảo hiểm; hậu duệ,"bộ thủ, câu liên quan",chars/80C4.json
胆,C,dǎn,sự can đảm,bộ thủ,chars/80C6.json
胇,C,fèi,biến thể cũ của 肺[fei4],"bộ thủ, từ liên quan, câu liên quan, Hán Việt",chars/80C7.json
胊,C,qú,ách,"bộ thủ, từ liên quan, câu liên quan, Hán Việt",chars/80CA.json
背,C,bēi,mang trên lưng; lưng,bộ thủ,chars/80CC.json
胍,C,guā,guanidine,"bộ thủ, từ liên quan, câu liên quan, Hán Việt",chars/80CD.json
胎,C,tāi,"phôi, bào thai (đơn vị đo lường cho phôi thai)",bộ thủ,chars/80CE.json
胏,C,zǐ,thịt khô có xương,"bộ thủ, từ liên quan, câu liên quan, Hán Việt",chars/80CF.json
胑,C,zhī,cánh chim; chân động vật,"bộ thủ, từ liên quan, câu liên quan, Hán Việt",chars/80D1.json
胔,C,zì,thịt thối; xương động vật chết,"bộ thủ, từ liên quan, câu liên quan, Hán Việt",chars/80D4.json
胖,C,pàng,béo,bộ thủ,chars/80D6.json
胗,C,zhēn,mề,"bộ thủ, từ liên quan, câu liên quan",chars/80D7.json
胙,C,zuò,ban tặng hoặc ban phát; thịt cúng tế dâng lên thần linh (cổ),"bộ thủ, từ liên quan, câu liên quan, Hán Việt",chars/80D9.json
胚,C,pēi,biến thể của 胚[pei1],"bộ thủ, Hán Việt",chars/80DA.json
胛,C,jiǎ,xương bả vai,"bộ thủ, câu liên quan, Hán Việt",chars/80DB.json
胜,C,shèng,chiến thắng,bộ thủ,chars/80DC.json
胝,C,zhī,dùng trong 胼胝[pian2 zhi1],"bộ thủ, câu liên quan",chars/80DD.json
胞,C,bāo,nhau thai; tử cung,bộ thủ,chars/80DE.json
胠,C,qū,mạn sườn của động vật; bên hông,"bộ thủ, từ liên quan, câu liên quan, Hán Việt",chars/80E0.json
胡,C,Hú,họ [Hu2],"bộ thủ, Hán Việt",chars/80E1.json
胤,C,yìn,hậu duệ; người thừa kế,"bộ thủ, câu liên quan",chars/80E4.json
胥,C,Xū,họ [Xu1],"bộ thủ, câu liên quan, Hán Việt",chars/80E5.json
胦,C,yāng,rốn,"bộ thủ, từ liên quan, câu liên quan, Hán Việt",chars/80E6.json
胧,A,lóng,dùng trong 朦朧|朦胧[meng2 long2],Hán Việt,chars/80E7.json
胨,C,dòng,xem 蛋白腖|蛋白胨[dan4 bai2 dong4],"bộ thủ, câu liên quan, Hán Việt",chars/80E8.json
胩,C,kǎ,cacbylamin; isoxyanide,"bộ thủ, từ liên quan, câu liên quan, Hán Việt",chars/80E9.json
胪,C,lú,bụng; da,"bộ thủ, từ liên quan, câu liên quan, Hán Việt",chars/80EA.json
胫,C,jìng,phần dưới của chân,"bộ thủ, câu liên quan, Hán Việt",chars/80EB.json
胬,B,nǔ,dùng trong 胬肉[nu3 rou4],"từ liên quan, câu liên quan, Hán Việt",chars/80EC.json
胭,C,yān,phấn hồng,"bộ thủ, câu liên quan",chars/80ED.json
胯,C,kuà,đũng; háng,"bộ thủ, câu liên quan, Hán Việt",chars/80EF.json
胰,C,yí,tuyến tụy,"bộ thủ, câu liên quan, Hán Việt",chars/80F0.json
胱,C,guāng,bàng quang,"bộ thủ, câu liên quan",chars/80F1.json
胲,C,hǎi,hydroxylamin (hóa học),"bộ thủ, từ liên quan, câu liên quan, Hán Việt",chars/80F2.json
胳,C,gē,biến thể của 胳[ge1],bộ thủ,chars/80F3.json
胴,C,dòng,ruột già; thân trên,"bộ thủ, câu liên quan, Hán Việt",chars/80F4.json
胶,C,jiāo,dán; keo,bộ thủ,chars/80F6.json
胸,C,xiōng,ngực,bộ thủ,chars/80F8.json
胹,C,ér,nấu nhừ; mềm,"bộ thủ, từ liên quan, câu liên quan, Hán Việt",chars/80F9.json
胺,C,àn,amin; tiếng Đài Loan đọc là [an1],"bộ thủ, câu liên quan",chars/80FA.json
胻,C,héng,bắp chân (phần chân dưới); (cổ) bụng,"bộ thủ, từ liên quan, câu liên quan, Hán Việt",chars/80FB.json
胼,C,pián,dùng trong 胼胝[pian2 zhi1],"bộ thủ, câu liên quan",chars/80FC.json
能,C,néng,có thể,bộ thủ,chars/80FD.json
胾,C,zì,cắt thịt thành miếng; thịt xắt nhỏ,"bộ thủ, từ liên quan, câu liên quan, Hán Việt",chars/80FE.json
脂,C,zhī,mỡ; phấn hồng (mỹ phẩm),"bộ thủ, Hán Việt",chars/8102.json
脆,C,cuì,giòn,"bộ thủ, Hán Việt",chars/8106.json
脉,C,mài,biến thể cũ của 脈|脉[mai4],"bộ thủ, Hán Việt",chars/8109.json
脊,C,jǐ,(hình thức kết hợp) cột sống; xương sống; (hình thức kết hợp) đường gờ,"bộ thủ, Hán Việt",chars/810A.json
脍,C,kuài,thịt hoặc cá băm,"bộ thủ, câu liên quan",chars/810D.json
脎,C,sà,,"nghĩa, bộ thủ, từ liên quan, câu liên quan, Hán Việt",chars/810E.json
脏,C,zāng,bẩn,bộ thủ,chars/810F.json
脐,C,qí,Rốn,"bộ thủ, Hán Việt",chars/8110.json
脑,C,nǎo,não; tâm trí,bộ thủ,chars/8111.json
脒,C,mǐ,amidin (hóa học),"bộ thủ, từ liên quan, câu liên quan, Hán Việt",chars/8112.json
脓,C,nóng,mủ,"bộ thủ, câu liên quan",chars/8113.json
脔,B,luán,thịt gầy; thịt cắt lát,"câu liên quan, Hán Việt",chars/8114.json
脖,C,bó,cổ,"bộ thủ, Hán Việt",chars/8116.json
脘,C,wǎn,khoang bên trong dạ dày,"bộ thủ, từ liên quan, câu liên quan, Hán Việt",chars/8118.json
脚,C,jiǎo,bàn chân,"bộ thủ, Hán Việt",chars/811A.json
脝,C,hēng,mập; phồng,"bộ thủ, từ liên quan, câu liên quan, Hán Việt",chars/811D.json
脞,C,cuǒ,thịt băm; vặt vãnh,"bộ thủ, từ liên quan, câu liên quan, Hán Việt",chars/811E.json
脡,C,tǐng,thịt ức; thẳng,"bộ thủ, từ liên quan, câu liên quan, Hán Việt",chars/8121.json
脢,C,méi,thịt trên lưng động vật,"bộ thủ, từ liên quan, câu liên quan, Hán Việt",chars/8122.json
脤,C,shèn,thịt cúng (sống),"bộ thủ, từ liên quan, câu liên quan, Hán Việt",chars/8124.json
脧,C,juān,(văn học) bóc lột; (văn học) giảm,"bộ thủ, từ liên quan, câu liên quan, Hán Việt",chars/8127.json
脨,C,jí,biến thể cũ của 瘠[ji2],"bộ thủ, từ liên quan, câu liên quan, Hán Việt",chars/8128.json
脬,C,pāo,bàng quang,"bộ thủ, từ liên quan, câu liên quan, Hán Việt",chars/812C.json
脯,C,fǔ,thịt khô; hoa quả sấy,"bộ thủ, câu liên quan, Hán Việt",chars/812F.json
脰,C,dòu,(văn học) cổ,"bộ thủ, từ liên quan, câu liên quan, Hán Việt",chars/8130.json
脱,C,tuō,cởi,bộ thủ,chars/8131.json
脲,C,niào,carbamit; urê (NH2)2CO,"bộ thủ, từ liên quan, câu liên quan, Hán Việt",chars/8132.json
脳,C,nǎo,biến thể tiếng Nhật của 腦|脑,"bộ thủ, từ liên quan, câu liên quan, Hán Việt",chars/8133.json
脶,C,luó,dấu vân tay,"bộ thủ, từ liên quan, câu liên quan, Hán Việt",chars/8136.json
脷,C,lì,lưỡi (bò) (tiếng Quảng Đông),"bộ thủ, từ liên quan, câu liên quan, Hán Việt",chars/8137.json
脸,C,liǎn,mặt,"bộ thủ, Hán Việt",chars/8138.json
脾,C,pí,lá lách,bộ thủ,chars/813E.json
脿,C,biāo,biến thể cũ của 膘[biao1],"bộ thủ, từ liên quan, câu liên quan",chars/813F.json
腄,C,chuí,vết chai ở tay hoặc chân; xương chân trên của ngựa hoặc chim,"bộ thủ, từ liên quan, câu liên quan, Hán Việt",chars/8144.json
腆,C,tiǎn,làm mạnh (như rượu); đức hạnh,"bộ thủ, Hán Việt",chars/8146.json
腈,C,jīng,acrylic,"bộ thủ, câu liên quan, Hán Việt",chars/8148.json
腊,C,xī,thịt khô; cũng đọc là [xi2],"bộ thủ, Hán Việt",chars/814A.json
腋,C,yè,nách; (sinh học) hố nách,"bộ thủ, câu liên quan",chars/814B.json
腌,C,yān,biến thể của 醃|腌[yan1],"bộ thủ, Hán Việt",chars/814C.json
腍,C,rěn,no nê; đã nấu chín,"bộ thủ, từ liên quan, câu liên quan, Hán Việt",chars/814D.json
腑,C,fǔ,nội tạng,"bộ thủ, câu liên quan",chars/8151.json
腒,C,jū,gia cầm khô,"bộ thủ, từ liên quan, câu liên quan, Hán Việt",chars/8152.json
腓,C,féi,bắp chân; phân hủy,"bộ thủ, câu liên quan, Hán Việt",chars/8153.json
腔,C,qiāng,khoang,bộ thủ,chars/8154.json
腕,C,wàn,"cổ tay; cánh tay (mực ống, sao biển,...)",bộ thủ,chars/8155.json
腘,C,guó,hõm gối; hõm khoeo (y học),"bộ thủ, từ liên quan, câu liên quan, Hán Việt",chars/8158.json
腙,C,zōng,hydrazone (hóa học),"bộ thủ, từ liên quan, câu liên quan, Hán Việt",chars/8159.json
腚,C,dìng,mông; đít,"bộ thủ, từ liên quan, câu liên quan, Hán Việt",chars/815A.json
腜,C,méi,thai máy,"bộ thủ, từ liên quan, câu liên quan, Hán Việt",chars/815C.json
腠,C,còu,mô giữa da và thịt,"bộ thủ, từ liên quan, câu liên quan, Hán Việt",chars/8160.json
腥,C,xīng,có mùi cá,bộ thủ,chars/8165.json
腧,C,shù,huyệt châm cứu; huyệt vị,"bộ thủ, từ liên quan, câu liên quan, Hán Việt",chars/8167.json
腩,C,nǎn,thịt ức; bụng bò,"bộ thủ, câu liên quan",chars/8169.json
腬,C,róu,nhờn (tiếng Quảng Đông),"bộ thủ, từ liên quan, câu liên quan, Hán Việt",chars/816C.json
腭,C,è,vòm miệng; nóc miệng,"bộ thủ, câu liên quan, Hán Việt",chars/816D.json
腮,C,sāi,má,"bộ thủ, Hán Việt",chars/816E.json
腯,C,tú,mập (của heo),"bộ thủ, từ liên quan, câu liên quan, Hán Việt",chars/816F.json
腰,C,yāo,eo,bộ thủ,chars/8170.json
腱,C,jiàn,gân; gân cốt,"bộ thủ, câu liên quan, Hán Việt",chars/8171.json
腴,C,yú,mỡ bụng; màu mỡ,"bộ thủ, câu liên quan, Hán Việt",chars/8174.json
腶,C,duàn,thịt khô,"bộ thủ, từ liên quan, câu liên quan, Hán Việt",chars/8176.json
腹,C,fù,bụng; dạ dày,bộ thủ,chars/8179.json
腺,C,xiàn,tuyến,"bộ thủ, câu liên quan, Hán Việt",chars/817A.json
腻,C,nì,béo; mềm,"bộ thủ, Hán Việt",chars/817B.json
腼,C,miǎn,e thẹn,"bộ thủ, Hán Việt",chars/817C.json
腽,C,wà,dùng trong 膃肭|腽肭[wa4 na4],"bộ thủ, từ liên quan, câu liên quan, Hán Việt",chars/817D.json
腾,A,téng,phi nước đại,Hán Việt,chars/817E.json
腿,C,tuǐ,chân,bộ thủ,chars/817F.json
膀,C,bǎng,cánh tay trên; cánh,"bộ thủ, Hán Việt",chars/8180.json
膂,C,lǚ,xương sống; sức mạnh,"bộ thủ, câu liên quan, Hán Việt",chars/8182.json
膆,C,sù,(văn học) mập; diều của chim (biến thể của 嗉[su4]),"bộ thủ, từ liên quan, câu liên quan, Hán Việt",chars/8186.json
膇,C,zhuì,sưng bàn chân,"bộ thủ, từ liên quan, câu liên quan, Hán Việt",chars/8187.json
膈,C,gé,cơ hoành (giải phẫu),"bộ thủ, câu liên quan, Hán Việt",chars/8188.json
膊,C,bó,vai; cánh tay trên,"bộ thủ, Hán Việt",chars/818A.json
膋,C,liáo,mỡ trên ruột,"bộ thủ, từ liên quan, câu liên quan, Hán Việt",chars/818B.json
膌,C,jí,biến thể cũ của 瘠[ji2],"bộ thủ, từ liên quan, câu liên quan, Hán Việt",chars/818C.json
膏,C,gāo,thuốc mỡ; cao,bộ thủ,chars/818F.json
膑,C,bìn,biến thể của 髕|髌[bin4],"bộ thủ, câu liên quan, Hán Việt",chars/8191.json
膔,C,biāo,biến thể của 膘[biao1],"bộ thủ, từ liên quan, câu liên quan, Hán Việt",chars/8194.json
膗,C,chuái,(phương ngữ) thừa cân nghiêm trọng; béo phì,"bộ thủ, từ liên quan, câu liên quan, Hán Việt",chars/8197.json
膘,C,biāo,mỡ của động vật nuôi,"bộ thủ, câu liên quan, Hán Việt",chars/8198.json
膙,C,jiǎng,(dạng kết hợp) vết chai,"bộ thủ, từ liên quan, câu liên quan, Hán Việt",chars/8199.json
膛,C,táng,(dạng kết hợp) khoang rỗng,"bộ thủ, Hán Việt",chars/819B.json
膜,C,mó,màng mỏng,"bộ thủ, Hán Việt",chars/819C.json
膝,C,xī,biến thể cũ của 膝[xi1],"bộ thủ, Hán Việt",chars/819D.json
膟,C,lǜ,thịt tế lễ,"bộ thủ, từ liên quan, câu liên quan, Hán Việt",chars/819F.json
膣,C,zhì,âm đạo,"bộ thủ, từ liên quan, câu liên quan, Hán Việt",chars/81A3.json
膦,C,lìn,phosphin,"bộ thủ, từ liên quan, câu liên quan, Hán Việt",chars/81A6.json
膨,C,péng,sưng; phồng,bộ thủ,chars/81A8.json
膪,C,chuài,dùng trong 囊膪[nang1 chuai4],"bộ thủ, từ liên quan, câu liên quan, Hán Việt",chars/81AA.json
膫,C,Liáo,tên một nước thời Tây Hán,"bộ thủ, từ liên quan, câu liên quan, Hán Việt",chars/81AB.json
膰,C,fán,thịt nấu chín dùng trong cúng tế,"bộ thủ, từ liên quan, câu liên quan, Hán Việt",chars/81B0.json
膲,C,jiāo,xem 三膲[san1 jiao1],"bộ thủ, từ liên quan, câu liên quan, Hán Việt",chars/81B2.json
膳,C,shàn,bữa ăn,"bộ thủ, Hán Việt",chars/81B3.json
膴,C,hū,miếng thịt lớn; thịt khô,"bộ thủ, từ liên quan, câu liên quan, Hán Việt",chars/81B4.json
膵,C,cuì,tuyến tụy,"bộ thủ, từ liên quan, câu liên quan, Hán Việt",chars/81B5.json
膷,C,xiāng,thịt bò băm; súp,"bộ thủ, từ liên quan, câu liên quan, Hán Việt",chars/81B7.json
膺,C,yīng,ngực; nhận,"bộ thủ, câu liên quan, Hán Việt",chars/81BA.json
膻,C,shān,một bầy cừu (hoặc dê); biến thể cũ của 膻[shan1],"bộ thủ, câu liên quan, Hán Việt",chars/81BB.json
臀,C,tún,mông; mông đít,"bộ thủ, câu liên quan, Hán Việt",chars/81C0.json
臁,C,lián,hai bên của phần dưới chân,"bộ thủ, từ liên quan, câu liên quan, Hán Việt",chars/81C1.json
臂,C,bì,cánh tay,"bộ thủ, Hán Việt",chars/81C2.json
臃,C,yōng,xem 臃腫|臃肿[yong1 zhong3],"bộ thủ, câu liên quan, Hán Việt",chars/81C3.json
臄,C,jué,vòm miệng; lạp xưởng,"bộ thủ, từ liên quan, câu liên quan, Hán Việt",chars/81C4.json
臆,C,yì,(hình thức ghép) ngực; ức; vú; (hình thức ghép) cảm xúc bên trong; chủ quan,"bộ thủ, câu liên quan, Hán Việt",chars/81C6.json
臇,C,juǎn,"béo, ngậy; món cá hầm","bộ thủ, từ liên quan, câu liên quan, Hán Việt",chars/81C7.json
臊,C,sāo,"có mùi nước tiểu (hoặc mồ hôi, v.v.)","bộ thủ, câu liên quan, Hán Việt",chars/81CA.json
臌,C,gǔ,phù thủng; sưng,"bộ thủ, từ liên quan, câu liên quan, Hán Việt",chars/81CC.json
臐,C,xūn,canh thịt cừu,"bộ thủ, từ liên quan, câu liên quan, Hán Việt",chars/81D0.json
臑,C,nào,cơ nhị đầu (trong y học Trung Quốc); (cổ) chi trước của động vật nuôi,"bộ thủ, từ liên quan, câu liên quan, Hán Việt",chars/81D1.json
臓,C,zàng,biến thể tiếng Nhật của 臟|脏,"bộ thủ, từ liên quan, câu liên quan, Hán Việt",chars/81D3.json
臖,C,xìng,sưng; phồng,"bộ thủ, từ liên quan, câu liên quan, Hán Việt",chars/81D6.json
臛,C,huò,(văn học) nước hầm thịt,"bộ thủ, từ liên quan, câu liên quan, Hán Việt",chars/81DB.json
臜,C,zā,xem 腌臢|腌臜[a1 za1],"bộ thủ, từ liên quan, câu liên quan, Hán Việt",chars/81DC.json
臞,C,qú,biến thể của 癯[qu2],"bộ thủ, từ liên quan, câu liên quan, Hán Việt",chars/81DE.json
臤,C,qiān,,"nghĩa, từ liên quan, câu liên quan, Hán Việt",chars/81E4.json
臧,B,Zāng,họ [Zang1],câu liên quan,chars/81E7.json
臬,C,niè,cột mốc; quy tắc,"bộ thủ, câu liên quan, Hán Việt",chars/81EC.json
臭,C,chòu,hôi thối,bộ thủ,chars/81ED.json
臲,C,niè,lảo đảo; không vững,"bộ thủ, từ liên quan, câu liên quan, Hán Việt",chars/81F2.json
臻,B,zhēn,đạt đến; đạt tới (đặc biệt là hoàn thiện),"câu liên quan, Hán Việt",chars/81FB.json
臼,B,jiù,"Cái cối, làm bằng gỗ hay bằng đá để giã các thứ",câu liên quan,chars/81FC.json
臽,C,xiàn,(cổ) hố; lỗ trên mặt đất; (cổ) biến thể của 陷[xian4],"bộ thủ, từ liên quan, câu liên quan, Hán Việt",chars/81FD.json
臾,C,Yú,họ [Yu2],"bộ thủ, câu liên quan, Hán Việt",chars/81FE.json
臿,C,chā,tách hạt khỏi vỏ,"bộ thủ, từ liên quan, câu liên quan, Hán Việt",chars/81FF.json
舀,C,yǎo,múc ra; múc lên,"bộ thủ, câu liên quan, Hán Việt",chars/8200.json
舁,B,yú,nhấc; nâng,"từ liên quan, câu liên quan, Hán Việt",chars/8201.json
舂,B,chōng,giã (ngũ cốc); đập,"từ liên quan, câu liên quan",chars/8202.json
舄,C,xì,giày; dép,"bộ thủ, từ liên quan, câu liên quan, Hán Việt",chars/8204.json
舅,C,jiù,cậu,bộ thủ,chars/8205.json
舆,C,yú,(văn chương) gầm xe ngựa (đối lập với mui xe 堪[kan1]); (văn chương) (bóng) trái đất (trong khi mui xe là phép ẩn dụ cho trời); đất đai; lãnh thổ,"bộ thủ, Hán Việt",chars/8206.json
舋,C,xìn,biến thể của 釁|衅; tranh cãi,"bộ thủ, từ liên quan, câu liên quan, Hán Việt",chars/820B.json
舎,C,shè,chữ Nhật của 舍[she4],"bộ thủ, từ liên quan, câu liên quan, Hán Việt",chars/820E.json
舐,B,shì,liếm; lap (lên),"câu liên quan, Hán Việt",chars/8210.json
舒,C,Shū,họ [Shu1],bộ thủ,chars/8212.json
舓,C,shì,biến thể cũ của 舐[shi4],"bộ thủ, từ liên quan, câu liên quan, Hán Việt",chars/8213.json
舔,B,tiǎn,liếm,"câu liên quan, Hán Việt",chars/8214.json
舗,C,pù,biến thể tiếng Nhật của 舖|铺,"bộ thủ, từ liên quan, câu liên quan, Hán Việt",chars/8217.json
舛,A,chuǎn,sai lầm; sai sót,Hán Việt,chars/821B.json
舜,C,Shùn,"Thuấn (khoảng thế kỷ 23 TCN), nhà hiền triết và lãnh đạo huyền thoại","bộ thủ, câu liên quan",chars/821C.json
舝,C,xiá,biến thể của 轄|辖[xia2],"bộ thủ, từ liên quan, câu liên quan, Hán Việt",chars/821D.json
舟,A,zhōu,thuyền,Hán Việt,chars/821F.json
舠,C,dāo,thuyền kayak,"bộ thủ, từ liên quan, câu liên quan, Hán Việt",chars/8220.json
舡,B,gāng,thuyền; tàu,"từ liên quan, câu liên quan, Hán Việt",chars/8221.json
舢,B,shān,xuồng tam bản,"câu liên quan, Hán Việt",chars/8222.json
舣,B,yǐ,neo thuyền vào bờ,"từ liên quan, câu liên quan, Hán Việt",chars/8223.json
舨,B,bǎn,xuồng tam bản,"câu liên quan, Hán Việt",chars/8228.json
舫,B,fǎng,hai thuyền buộc lại với nhau; thuyền lớn,"câu liên quan, Hán Việt",chars/822B.json
舭,B,bǐ,khoang đáy tàu,"từ liên quan, câu liên quan, Hán Việt",chars/822D.json
舰,A,jiàn,tàu chiến,Hán Việt,chars/8230.json
舱,C,cāng,buồng,"bộ thủ, Hán Việt",chars/8231.json
舲,B,líng,thuyền nhỏ có cửa sổ,"từ liên quan, câu liên quan, Hán Việt",chars/8232.json
舳,B,zhú,boong sau; lái thuyền,"từ liên quan, câu liên quan, Hán Việt",chars/8233.json
舴,B,zé,thuyền nhỏ,"từ liên quan, câu liên quan, Hán Việt",chars/8234.json
舵,A,duò,bánh lái,Hán Việt,chars/8235.json
舶,A,bó,tàu,Hán Việt,chars/8236.json
舷,B,xián,mặt bên của tàu hoặc máy bay,"câu liên quan, Hán Việt",chars/8237.json
舸,B,gě,sà lan,"từ liên quan, câu liên quan, Hán Việt",chars/8238.json
舺,C,xiá,thuyền; tiếng Đài Loan đọc là [jia3],"bộ thủ, từ liên quan, câu liên quan, Hán Việt",chars/823A.json
舻,B,lú,mũi tàu,"từ liên quan, câu liên quan, Hán Việt",chars/823B.json
舾,B,xī,dùng trong 舾裝|舾装[xi1 zhuang1],"từ liên quan, câu liên quan, Hán Việt",chars/823E.json
艁,C,zào,"biến thể của 造, làm; xây dựng","bộ thủ, từ liên quan, câu liên quan, Hán Việt",chars/8241.json
艄,B,shāo,đuôi thuyền,"câu liên quan, Hán Việt",chars/8244.json
艅,C,yú,dùng trong 艅艎[yu2 huang2],"bộ thủ, từ liên quan, câu liên quan, Hán Việt",chars/8245.json
艇,A,tǐng,tàu; thuyền nhỏ,Hán Việt,chars/8247.json
艉,C,wěi,đuôi tàu,"bộ thủ, từ liên quan, câu liên quan, Hán Việt",chars/8249.json
艋,B,měng,thuyền nhỏ,"từ liên quan, câu liên quan",chars/824B.json
艎,B,huáng,"thuyền nhanh; xem 艅艎, chiến hạm lớn","từ liên quan, câu liên quan, Hán Việt",chars/824E.json
艏,C,shǒu,mũi tàu,"bộ thủ, từ liên quan, câu liên quan, Hán Việt",chars/824F.json
艑,C,biàn,thuyền nhỏ,"bộ thủ, từ liên quan, câu liên quan, Hán Việt",chars/8251.json
艕,C,bàng,hai thuyền buộc song song,"bộ thủ, từ liên quan, câu liên quan, Hán Việt",chars/8255.json
艖,C,chā,bè; thuyền,"bộ thủ, từ liên quan, câu liên quan, Hán Việt",chars/8256.json
艗,C,yì,mũi thuyền Trung Quốc,"bộ thủ, từ liên quan, câu liên quan, Hán Việt",chars/8257.json
艘,B,sōu,cái (tàu thuyền),"từ liên quan, Hán Việt",chars/8258.json
艚,B,cáo,thuyền biển,"từ liên quan, câu liên quan",chars/825A.json
艜,C,dài,một loại thuyền dài hẹp có hai cột buồm,"bộ thủ, từ liên quan, câu liên quan, Hán Việt",chars/825C.json
艟,B,chōng,"xem 艨艟, chiến hạm bọc da cổ đại",câu liên quan,chars/825F.json
艨,B,méng,"tàu chiến cổ đại; xem 艨艟, tàu chiến bọc da cổ đại","câu liên quan, Hán Việt",chars/8268.json
艩,C,qí,cọc chèo,"bộ thủ, từ liên quan, câu liên quan, Hán Việt",chars/8269.json
艬,C,chán,thuyền lớn,"bộ thủ, từ liên quan, câu liên quan, Hán Việt",chars/826C.json
艭,C,shuāng,thuyền,"bộ thủ, từ liên quan, câu liên quan, Hán Việt",chars/826D.json
艮,B,gèn,"Quẻ ""cấn"" 艮","từ liên quan, câu liên quan",chars/826E.json
良,C,liáng,tốt,bộ thủ,chars/826F.json
艳,C,yàn,biến thể của 艷|艳[yan4],"bộ thủ, Hán Việt",chars/8273.json
艴,B,fú,tức giận,"từ liên quan, câu liên quan, Hán Việt",chars/8274.json
艹,B,cǎo,"Cỏ cây, thực vật.","từ liên quan, câu liên quan, Hán Việt",chars/8279.json
艻,B,lè,dùng trong 蘿艻|萝艻[luo2 le4],"từ liên quan, câu liên quan, Hán Việt",chars/827B.json
艽,B,jiāo,xem 秦艽[qin2 jiao1],"từ liên quan, câu liên quan, Hán Việt",chars/827D.json
艿,B,nǎi,xem 芋艿[yu4 nai3],"từ liên quan, câu liên quan",chars/827F.json
芀,C,tiáo,biến thể cũ của 苕[tiao2],"bộ thủ, từ liên quan, câu liên quan, Hán Việt",chars/8280.json
芃,C,péng,mọc um tùm,"bộ thủ, từ liên quan, câu liên quan",chars/8283.json
芄,B,wán,Metaplexis stauntoni,"từ liên quan, câu liên quan, Hán Việt",chars/8284.json
芈,C,Mǐ,họ [Mi3],"bộ thủ, từ liên quan, câu liên quan, Hán Việt",chars/8288.json
芊,C,qiān,xanh; mọc um tùm,"bộ thủ, từ liên quan, câu liên quan, Hán Việt",chars/828A.json
芋,B,yù,khoai môn; Colocasia antiquorum,"câu liên quan, Hán Việt",chars/828B.json
芍,B,Què,xem 芍陂[Que4 pi2],câu liên quan,chars/828D.json
芎,B,xiōng,xem 川芎[chuan1 xiong1]; cách phát âm ở Đài Loan: [qiong1],câu liên quan,chars/828E.json
芏,B,dù,dùng trong 茳芏[jiang1 du4]; phiên âm Đài Loan [tu3],"câu liên quan, Hán Việt",chars/828F.json
芑,B,qǐ,kê mao,"từ liên quan, câu liên quan, Hán Việt",chars/8291.json
芔,C,huì,một thuật ngữ chung cho thực vật,"bộ thủ, từ liên quan, câu liên quan, Hán Việt",chars/8294.json
芕,C,suī,một loại thảo dược,"bộ thủ, từ liên quan, câu liên quan, Hán Việt",chars/8295.json
芗,B,xiāng,cây thảo mộc thơm dùng làm gia vị; biến thể của 香[xiang1],"câu liên quan, Hán Việt",chars/8297.json
芘,B,pí,Malva sylvestris,"từ liên quan, câu liên quan, Hán Việt",chars/8298.json
芙,B,fú,"dùng trong 芙蓉[fu2 rong2], hoa sen",câu liên quan,chars/8299.json
芚,C,tún,mầm xanh; ngốc nghếch,"bộ thủ, từ liên quan, câu liên quan, Hán Việt",chars/829A.json
芜,B,wú,rậm rạp cỏ dại,"câu liên quan, Hán Việt",chars/829C.json
芞,C,qì,một loại thảo mộc thơm (cổ),"bộ thủ, từ liên quan, câu liên quan, Hán Việt",chars/829E.json
芟,C,shān,cắt; xén,"bộ thủ, từ liên quan, câu liên quan",chars/829F.json
芡,B,qiàn,cây khiếm thực; hạt khiếm thực (Gorgon euryale hoặc Euryale ferox),"câu liên quan, Hán Việt",chars/82A1.json
芣,C,fú,cây mã đề (Plantago); tiếng Đài Loan đọc là [fou2],"bộ thủ, từ liên quan, câu liên quan",chars/82A3.json
芤,B,kōu,rỗng; cọng hành,"từ liên quan, câu liên quan, Hán Việt",chars/82A4.json
芥,B,gài,xem 芥藍|芥蓝[gai4 lan2],"câu liên quan, Hán Việt",chars/82A5.json
芦,A,lú,cây sậy; cỏ lau,Hán Việt,chars/82A6.json
芧,C,xù,cây cói biển; hạt dẻ nhỏ,"bộ thủ, từ liên quan, câu liên quan, Hán Việt",chars/82A7.json
芨,B,jí,Bletilla hyacinthina (cây có chất nhầy); Chữ viết tắt của cây đậu tía Trung Quốc 菫草,"từ liên quan, câu liên quan, Hán Việt",chars/82A8.json
芩,B,qín,Phragmites japonica (cỏ sậy Nhật Bản),"từ liên quan, câu liên quan, Hán Việt",chars/82A9.json
芪,B,qí,xem 黃芪|黄芪[huang2 qi2],"câu liên quan, Hán Việt",chars/82AA.json
芫,B,yuán,dùng trong 芫荽[yan2 sui5],"câu liên quan, Hán Việt",chars/82AB.json
芬,A,fēn,nước hoa; hương thơm,Hán Việt,chars/82AC.json
芭,A,bā,một loại cỏ; cây chuối,Hán Việt,chars/82AD.json
芮,B,Ruì,họ [Rui4],câu liên quan,chars/82AE.json
芯,C,xīn,(dạng kết hợp) lõi cây bấc (dùng làm tim đèn),"bộ thủ, Hán Việt",chars/82AF.json
芰,B,jì,(cổ) cây ấu nước (Trapa natans),"từ liên quan, câu liên quan, Hán Việt",chars/82B0.json
芲,C,lún,tên cây (cổ),"bộ thủ, từ liên quan, câu liên quan",chars/82B2.json
芳,A,fāng,thơm,Hán Việt,chars/82B3.json
芴,B,hū,(cũ) mơ hồ; đột nhiên,"từ liên quan, câu liên quan, Hán Việt",chars/82B4.json
芷,B,zhǐ,angelica (một loại cây thuộc họ Hoa tán); rễ cây dùng trong y học cổ truyền Trung Quốc,câu liên quan,chars/82B7.json
芸,B,yì,biến thể tiếng Nhật của 藝|艺[yi4],"câu liên quan, Hán Việt",chars/82B8.json
芹,B,qín,cần tây Trung Quốc,câu liên quan,chars/82B9.json
芼,C,mào,chọn; lựa rau,"bộ thủ, từ liên quan, câu liên quan",chars/82BC.json
芽,A,yá,"chồi, mầm",Hán Việt,chars/82BD.json
芾,B,fèi,xem 蔽芾[bi4 fei4],câu liên quan,chars/82BE.json
芿,C,rèng,cỏ dại mọc lại từ rễ đã cắt,"bộ thủ, từ liên quan, câu liên quan",chars/82BF.json
苁,B,cōng,Boschniakia glabra,"từ liên quan, câu liên quan, Hán Việt",chars/82C1.json
苄,B,biàn,benzyl (hóa học),"từ liên quan, câu liên quan, Hán Việt",chars/82C4.json
苇,B,wěi,cây sậy; cói,"câu liên quan, Hán Việt",chars/82C7.json
苈,B,lì,Drabanemerosa hebecarpa,"từ liên quan, câu liên quan",chars/82C8.json
苉,C,pǐ,picene (C22H14),"bộ thủ, từ liên quan, câu liên quan, Hán Việt",chars/82C9.json
苊,B,è,acenaphthene (C12H10),"từ liên quan, câu liên quan, Hán Việt",chars/82CA.json
苋,B,xiàn,cây rau dền (chi Amaranthus); cây rau dền ba màu (Amaranthus tricolor),"câu liên quan, Hán Việt",chars/82CB.json
苌,B,Cháng,họ [Chang2],"từ liên quan, câu liên quan, Hán Việt",chars/82CC.json
苍,A,Cāng,họ [Cang1],Hán Việt,chars/82CD.json
苎,B,zhù,Boehmeria nivea; cây gai,"câu liên quan, Hán Việt",chars/82CE.json
苏,A,sū,dùng trong 嚕囌|噜苏[lu1 su1],Hán Việt,chars/82CF.json
苑,B,Yuàn,họ [Yuan4],câu liên quan,chars/82D1.json
苒,B,rǎn,cây cối tươi tốt; (thời gian) trôi qua,"câu liên quan, Hán Việt",chars/82D2.json
苓,B,líng,nấm; củ,câu liên quan,chars/82D3.json
苕,B,sháo,xem 紅苕|红苕[hong2 shao2],"câu liên quan, Hán Việt",chars/82D5.json
苘,B,qǐng,cây đay Trung Quốc (Abutilon theophrasti); cần sa Ấn Độ,"từ liên quan, câu liên quan, Hán Việt",chars/82D8.json
苙,C,lì,(thảo mộc); chuồng heo,"bộ thủ, từ liên quan, câu liên quan",chars/82D9.json
苛,A,kē,nghiêm khắc; khắt khe,Hán Việt,chars/82DB.json
苜,B,mù,cỏ ba lá,"câu liên quan, Hán Việt",chars/82DC.json
苞,C,bāo,nụ; đài hoa,"bộ thủ, câu liên quan, Hán Việt",chars/82DE.json
苟,A,gǒu,"nếu, giả sử, tạm bợ, cẩu thả",Hán Việt,chars/82DF.json
苠,B,mín,đông đúc; vỏ tre,"từ liên quan, câu liên quan, Hán Việt",chars/82E0.json
苡,B,yǐ,cây mã đề (Plantago major),"câu liên quan, Hán Việt",chars/82E1.json
苣,B,jù,"rau diếp, xem 萵苣|莴苣","câu liên quan, Hán Việt",chars/82E3.json
苤,B,piě,dùng trong 苤藍|苤蓝[pie3 lan5],"từ liên quan, câu liên quan",chars/82E4.json
苩,C,pā,biến thể cũ của 葩[pa1],"bộ thủ, từ liên quan, câu liên quan, Hán Việt",chars/82E9.json
苪,C,bǐng,"sáng; rực rỡ, lộng lẫy","bộ thủ, từ liên quan, câu liên quan, Hán Việt",chars/82EA.json
苫,B,shān,chiếu rơm; mái tranh,"từ liên quan, câu liên quan",chars/82EB.json
苯,B,běn,benzen; benzol (hóa học),"câu liên quan, Hán Việt",chars/82EF.json
苲,B,zhǎ,xem 苲草[zha3 cao3],"từ liên quan, câu liên quan",chars/82F2.json
苴,B,Jū,họ [Ju1],"từ liên quan, câu liên quan, Hán Việt",chars/82F4.json
苶,C,nié,mệt mỏi; mệt,"bộ thủ, từ liên quan, câu liên quan, Hán Việt",chars/82F6.json
苷,C,gān,cam thảo; glycoside,"bộ thủ, câu liên quan, Hán Việt",chars/82F7.json
苹,A,píng,(ngải cứu); bèo ong,Hán Việt,chars/82F9.json
苺,C,méi,"biến thể của 莓, quả mọng; dâu tây","bộ thủ, từ liên quan, câu liên quan, Hán Việt",chars/82FA.json
苻,B,fú,Angelica anomala,"câu liên quan, Hán Việt",chars/82FB.json
苾,C,bì,(phiên âm); thơm phức,"bộ thủ, từ liên quan, câu liên quan",chars/82FE.json
茀,B,fú,sự phát triển tươi tốt,"từ liên quan, câu liên quan",chars/8300.json
茁,C,zhuó,"thể hiện sự phát triển mạnh mẽ, mới; mọc mầm","bộ thủ, câu liên quan",chars/8301.json
茂,A,mào,tươi tốt; (hóa học) cyclopentadiene,Hán Việt,chars/8302.json
范,A,fàn,mô hình; kiểu mẫu,Hán Việt,chars/8303.json
茅,A,Máo,họ [Mao2],Hán Việt,chars/8305.json
茆,B,máo,biến thể của 茅[mao2]; lợp tranh,"từ liên quan, câu liên quan, Hán Việt",chars/8306.json
茇,B,bá,cây trầu,"từ liên quan, câu liên quan, Hán Việt",chars/8307.json
茈,B,zǐ,Cây đạm bì thông Âu (Lithospermum officinale),"từ liên quan, câu liên quan, Hán Việt",chars/8308.json
茉,B,mò,dùng trong 茉莉[mo4li4],"câu liên quan, Hán Việt",chars/8309.json
茊,C,zī,biến thể cũ của 茲|兹[zi1],"bộ thủ, từ liên quan, câu liên quan, Hán Việt",chars/830A.json
茌,B,Chí,tên một huyện ở Sơn Đông,câu liên quan,chars/830C.json
茍,C,jí,khẩn cấp,"bộ thủ, từ liên quan, câu liên quan, Hán Việt",chars/830D.json
茏,B,lóng,Polygonum posumbu,câu liên quan,chars/830F.json
茑,B,niǎo,"tầm gửi ký sinh (Loranthus parasiticus), đặc biệt trên cây dâu","từ liên quan, câu liên quan, Hán Việt",chars/8311.json
茔,C,yíng,(văn học) một ngôi mộ,"bộ thủ, câu liên quan, Hán Việt",chars/8314.json
茕,C,qióng,một mình; hoang vắng,"bộ thủ, câu liên quan, Hán Việt",chars/8315.json
茖,C,gé,cây tỏi rừng (allium victorialis),"bộ thủ, từ liên quan, câu liên quan, Hán Việt",chars/8316.json
茗,B,míng,cây chè (Thea sinensis); lá chè non,"câu liên quan, Hán Việt",chars/8317.json
茚,B,yìn,inden (hóa học),"từ liên quan, câu liên quan, Hán Việt",chars/831A.json
茛,B,gèn,cây mao lương,"câu liên quan, Hán Việt",chars/831B.json
茜,B,qiàn,Rubia cordifolia; cây mài đỏ,"câu liên quan, Hán Việt",chars/831C.json
茝,C,chǎi,"cây thơm, có thể là bạch chỉ 白芷[bai2 zhi3] (cổ đại)","bộ thủ, từ liên quan, câu liên quan, Hán Việt",chars/831D.json
茞,C,chén,cây thơm; đương quy,"bộ thủ, từ liên quan, câu liên quan, Hán Việt",chars/831E.json
茠,C,xiū,nhổ cỏ; loại bỏ,"bộ thủ, từ liên quan, câu liên quan, Hán Việt",chars/8320.json
茢,C,liè,cỏ lác; cỏ cói,"bộ thủ, từ liên quan, câu liên quan, Hán Việt",chars/8322.json
茥,C,guī,cây mâm xôi Rubus tokkura,"bộ thủ, từ liên quan, câu liên quan, Hán Việt",chars/8325.json
茦,C,cè,lá cỏ nhọn; châm chích,"bộ thủ, từ liên quan, câu liên quan",chars/8326.json
茧,C,jiǎn,(dạng kết hợp) kén; (dạng kết hợp) vết chai (biến thể của 趼[jian3]),"bộ thủ, câu liên quan",chars/8327.json
茨,A,cí,cây gai dầu (Tribulus terrestris); lợp mái (nhà),Hán Việt,chars/8328.json
茬,B,chá,đất gốc rạ sau khi thu hoạch; một vụ mùa hai thu được nhờ luân canh,"câu liên quan, Hán Việt",chars/832C.json
茭,B,jiāo,cây lúa hoang Zizania aquatica,"câu liên quan, Hán Việt",chars/832D.json
茯,B,fú,dùng trong 茯苓[fu2 ling2],"câu liên quan, Hán Việt",chars/832F.json
茱,B,zhū,quả nhót tây,"câu liên quan, Hán Việt",chars/8331.json
茳,B,jiāng,dùng trong 茳芏[jiang1 du4],"câu liên quan, Hán Việt",chars/8333.json
茴,B,huí,(dạng kết hợp) thì là,"câu liên quan, Hán Việt",chars/8334.json
茵,B,yīn,nệm,"câu liên quan, Hán Việt",chars/8335.json
茷,C,fá,sự rậm rạp của cỏ-lá,"bộ thủ, từ liên quan, câu liên quan, Hán Việt",chars/8337.json
茸,B,róng,(dạng kết hợp) (cỏ mới mọc) mềm và mịn; mượt như lông tơ,"câu liên quan, Hán Việt",chars/8338.json
茹,B,Rú,họ [Ru2],câu liên quan,chars/8339.json
茻,C,mǎng,cỏ mọc dày; cỏ dại um tùm,"bộ thủ, từ liên quan, câu liên quan, Hán Việt",chars/833B.json
茼,B,tóng,cải cúc,câu liên quan,chars/833C.json
荀,B,Xún,họ [Xun2],"câu liên quan, Hán Việt",chars/8340.json
荁,C,huán,(rau); Viola vaginata,"bộ thủ, từ liên quan, câu liên quan, Hán Việt",chars/8341.json
荃,B,quán,(cây thơm),"từ liên quan, câu liên quan, Hán Việt",chars/8343.json
荄,C,gāi,rễ cây,"bộ thủ, từ liên quan, câu liên quan",chars/8344.json
荅,B,dá,biến thể của 答[da1],"từ liên quan, câu liên quan, Hán Việt",chars/8345.json
荆,C,jīng,cây hoặc quả ngũ trảo (Vitex agnus-castus); tên gọi khác của nước Sở thời nhà Chu 楚國|楚国[Chu3 guo2],"bộ thủ, Hán Việt",chars/8346.json
荇,B,xìng,cây bèo cái vàng (Nymphoides peltatum),câu liên quan,chars/8347.json
荈,C,chuǎn,Thea sinensis,"bộ thủ, từ liên quan, câu liên quan, Hán Việt",chars/8348.json
荏,B,rěn,cây tía tô (Perilla frutescens); mềm,"câu liên quan, Hán Việt",chars/834F.json
荐,A,jiàn,giới thiệu; dâng cúng (cổ),Hán Việt,chars/8350.json
荑,B,tí,(cỏ),"từ liên quan, câu liên quan",chars/8351.json
荒,C,huāng,hoang vu,bộ thủ,chars/8352.json
荘,C,zhuāng,biến thể Nhật Bản của 莊|庄,"bộ thủ, từ liên quan, câu liên quan, Hán Việt",chars/8358.json
荙,C,dá,plantago major,"bộ thủ, từ liên quan, câu liên quan, Hán Việt",chars/8359.json
荚,B,jiá,quả đậu (thực vật),"câu liên quan, Hán Việt",chars/835A.json
荛,B,ráo,củi; cỏ,"từ liên quan, câu liên quan, Hán Việt",chars/835B.json
荜,B,bì,đậu; họ đậu,"câu liên quan, Hán Việt",chars/835C.json
荝,C,cè,"chi thực vật Aconitum, còn gọi là phụ tử hoặc ô đầu (dùng làm thuốc độc và thuốc chữa bệnh); cách đọc ở Đài Loan: [ze2]","bộ thủ, từ liên quan, câu liên quan, Hán Việt",chars/835D.json
荞,C,qiáo,cây kết lương (Malva sinensis); biến thể của 蕎|荞[qiao2],"bộ thủ, câu liên quan",chars/835E.json
荟,B,huì,phát triển mạnh; tăng trưởng um tùm,câu liên quan,chars/835F.json
荠,B,jì,xem 薺菜|荠菜[ji4 cai4],"câu liên quan, Hán Việt",chars/8360.json
荡,C,dàng,biến thể của 蕩|荡[dang4],"bộ thủ, Hán Việt",chars/8361.json
荤,A,hūn,"rau có mùi mạnh (tỏi, v.v.); đồ ăn mặn (thịt, cá, v.v.)",Hán Việt,chars/8364.json
荥,B,xíng,tên địa danh,"câu liên quan, Hán Việt",chars/8365.json
荦,B,luò,bò đốm; rõ ràng,"từ liên quan, câu liên quan, Hán Việt",chars/8366.json
荧,A,yíng,le lói; lấp lánh,Hán Việt,chars/8367.json
荨,B,xún,dùng trong 蕁麻|荨麻[qian2 ma2]; cũng đọc là [xun2],câu liên quan,chars/8368.json
荩,B,jìn,Arthraxon ciliare; trung thành,"từ liên quan, câu liên quan, Hán Việt",chars/8369.json
荪,B,sūn,cỏ thơm,"từ liên quan, câu liên quan, Hán Việt",chars/836A.json
荫,C,yìn,"biến thể của 蔭|荫[yin4], bóng râm",bộ thủ,chars/836B.json
荬,B,mǎi,xem 苣蕒菜|苣荬菜[ju4 mai3 cai4],"từ liên quan, câu liên quan, Hán Việt",chars/836C.json
荭,B,hóng,dùng trong 葒草|荭草[hong2 cao3],"từ liên quan, câu liên quan, Hán Việt",chars/836D.json
荮,B,zhòu,"(tiếng địa phương) gói bằng rơm; lượng từ cho một bó (bát, đĩa, v.v.) buộc bằng rơm","từ liên quan, câu liên quan, Hán Việt",chars/836E.json
荵,C,rěn,cây thủy xương bồ,"bộ thủ, từ liên quan, câu liên quan, Hán Việt",chars/8375.json
荷,A,Hé,Hà Lan; viết tắt của 荷蘭|荷兰[He2 lan2],Hán Việt,chars/8377.json
荸,B,bí,xem 荸薺|荸荠[bi2 qi2],câu liên quan,chars/8378.json
荻,B,dí,Anaphalis yedoensis (cúc ngọc); dùng trong tên Nhật Bản với giá trị ngữ âm Ogi,"câu liên quan, Hán Việt",chars/837B.json
荼,B,tú,cây kế; cải cúc dại (Sonchus oleraceus),câu liên quan,chars/837C.json
荽,B,suī,ngò rí,"câu liên quan, Hán Việt",chars/837D.json
莅,C,Lì,sông ở Hà Bắc,"bộ thủ, câu liên quan",chars/8385.json
莆,B,pú,tên địa danh,câu liên quan,chars/8386.json
莉,B,lì,dùng trong 茉莉[mo4 li4]; dùng trong phiên âm tên nữ,"câu liên quan, Hán Việt",chars/8389.json
莎,A,shā,"bọ ngựa (họ Tettigoniidae); phiên âm ""sha"" dùng trong phiên chuyển",Hán Việt,chars/838E.json
莒,B,Jǔ,nước chư hầu thời Chu ở khu vực tỉnh Sơn Đông ngày nay,"câu liên quan, Hán Việt",chars/8392.json
莔,C,méng,Fritillaria verticillata,"bộ thủ, từ liên quan, câu liên quan, Hán Việt",chars/8394.json
莕,C,xìng,Nymphoides peltatum,"bộ thủ, từ liên quan, câu liên quan, Hán Việt",chars/8395.json
莘,B,Shēn,họ [Shen1],"câu liên quan, Hán Việt",chars/8398.json
莙,C,jūn,loài thực vật dưới nước,"bộ thủ, từ liên quan, câu liên quan, Hán Việt",chars/8399.json
莚,C,yán,"chiếu tre; tiệc, buổi tiệc","bộ thủ, từ liên quan, câu liên quan, Hán Việt",chars/839A.json
莛,B,tíng,thân cỏ,"từ liên quan, câu liên quan, Hán Việt",chars/839B.json
莜,B,yóu,xem 莜麥|莜麦[you2 mai4],"câu liên quan, Hán Việt",chars/839C.json
莝,C,cuò,băm rơm nhuyễn cho động vật,"bộ thủ, từ liên quan, câu liên quan, Hán Việt",chars/839D.json
莞,B,guān,cây nguyệt quế Nhật Bản,"câu liên quan, Hán Việt",chars/839E.json
莠,B,yǒu,Setaria viridis; ác độc,"câu liên quan, Hán Việt",chars/83A0.json
莦,C,shāo,cỏ rừng; hang ổ,"bộ thủ, từ liên quan, câu liên quan, Hán Việt",chars/83A6.json
莨,B,làng,Scopalia japonica maxin,"câu liên quan, Hán Việt",chars/83A8.json
莩,B,fú,lớp màng bên trong thân cây hình trụ,"câu liên quan, Hán Việt",chars/83A9.json
莪,B,é,"ngải tím (Curcuma zedoaria), thân rễ thực vật giống nghệ","từ liên quan, câu liên quan",chars/83AA.json
莭,C,jié,biến thể của 節|节[jie2],"bộ thủ, từ liên quan, câu liên quan, Hán Việt",chars/83AD.json
莰,B,kǎn,camphane C10H18,câu liên quan,chars/83B0.json
莳,B,shí,dùng trong 蒔蘿|莳萝[shi2 luo2],"câu liên quan, Hán Việt",chars/83B3.json
莴,B,wō,"rau diếp, xem 萵苣|莴苣","câu liên quan, Hán Việt",chars/83B4.json
莶,C,xiān,,"nghĩa, từ liên quan, câu liên quan, Hán Việt",chars/83B6.json
莸,B,yóu,Caryopteris divaricata,"từ liên quan, câu liên quan, Hán Việt",chars/83B8.json
莹,C,yíng,độ bóng của đá quý,"bộ thủ, Hán Việt",chars/83B9.json
莺,C,yīng,"Chim vàng anh, chim oanh",bộ thủ,chars/83BA.json
莼,B,chún,cây thủy sinh ăn được; Brasenia schreberi,"câu liên quan, Hán Việt",chars/83BC.json
莽,C,mǎng,(hình thức kết hợp) cỏ mọc dày; (văn học) mênh mông; bao la,"bộ thủ, Hán Việt",chars/83BD.json
莿,C,cì,Urtica thunbergiana,"bộ thủ, từ liên quan, câu liên quan, Hán Việt",chars/83BF.json
菀,B,wǎn,hình thức kết hợp dùng trong 紫菀[zi3 wan3],"từ liên quan, câu liên quan, Hán Việt",chars/83C0.json
菁,B,jīng,hoa tỏi tây; tươi tốt,"câu liên quan, Hán Việt",chars/83C1.json
菅,B,jiān,(cỏ); cỏ lau Themeda forsbali,"câu liên quan, Hán Việt",chars/83C5.json
菆,C,zōu,mũi tên; cỏ dại,"bộ thủ, từ liên quan, câu liên quan, Hán Việt",chars/83C6.json
菇,A,gū,nấm,Hán Việt,chars/83C7.json
菉,C,lù,Arthraxon ciliare; xanh lá cây,"bộ thủ, từ liên quan, câu liên quan, Hán Việt",chars/83C9.json
菌,A,jūn,mầm; khuẩn,Hán Việt,chars/83CC.json
菎,C,kūn,ngọc đẹp; tre,"bộ thủ, từ liên quan, câu liên quan, Hán Việt",chars/83CE.json
菏,C,Hé,sông Hề ở Sơn Đông,"bộ thủ, câu liên quan, Hán Việt",chars/83CF.json
菐,C,pú,bụi rậm; nhàm chán,"bộ thủ, từ liên quan, câu liên quan, Hán Việt",chars/83D0.json
菑,C,Zī,họ [Zi1],"bộ thủ, từ liên quan, câu liên quan, Hán Việt",chars/83D1.json
菔,B,fú,củ cải,"từ liên quan, câu liên quan, Hán Việt",chars/83D4.json
菖,B,chāng,xem 菖蒲[chang1 pu2],"câu liên quan, Hán Việt",chars/83D6.json
菘,B,sōng,(cải bắp); Brassica chinensis,"câu liên quan, Hán Việt",chars/83D8.json
菜,A,cài,món ăn,Hán Việt,chars/83DC.json
菝,B,bá,cây mây rừng,"từ liên quan, câu liên quan, Hán Việt",chars/83DD.json
菟,B,tù,"dây tơ hồng (Cuscuta sinensis, một loại dây ký sinh có hạt dùng trong y học); còn gọi là 菟絲子|菟丝子",câu liên quan,chars/83DF.json
菠,A,bō,"cải bó xôi, rau chân vịt",Hán Việt,chars/83E0.json
菡,B,hàn,hoa sen,"từ liên quan, câu liên quan, Hán Việt",chars/83E1.json
菢,C,bào,ấp,"bộ thủ, từ liên quan, câu liên quan, Hán Việt",chars/83E2.json
菣,C,qìn,Artemisia apiacea,"bộ thủ, từ liên quan, câu liên quan, Hán Việt",chars/83E3.json
菥,B,xī,xem 菥蓂[xi1 mi4],"từ liên quan, câu liên quan, Hán Việt",chars/83E5.json
菧,C,dǐ,stibene,"bộ thủ, từ liên quan, câu liên quan, Hán Việt",chars/83E7.json
菪,B,dàng,cây cà độc dược,"câu liên quan, Hán Việt",chars/83EA.json
菫,C,jǐn,biến thể của 堇[jin3]; hoa violet,"bộ thủ, từ liên quan, câu liên quan",chars/83EB.json
菰,B,gū,"cỏ lúa hoang Mãn Châu (Zizania latifolia), hiện hiếm trong tự nhiên, trước đây được thu hoạch lấy hạt, giờ chủ yếu được trồng để lấy thân ăn được gọi là 茭白筍|茭白笋[jiao1 bai2 sun3], p","từ liên quan, câu liên quan, Hán Việt",chars/83F0.json
菱,B,líng,cây ấu (chi Trapa),câu liên quan,chars/83F1.json
菲,A,Fēi,viết tắt của Philippines 菲律賓|菲律宾[Fei1 lu:4 bin1],Hán Việt,chars/83F2.json
菶,C,běng,rậm rạp; cỏ dại mọc dày,"bộ thủ, từ liên quan, câu liên quan",chars/83F6.json
菷,C,zhǒu,biến thể của 帚[zhou3],"bộ thủ, từ liên quan, câu liên quan, Hán Việt",chars/83F7.json
菸,B,yān,biến thể của 煙|烟[yan1]; thuốc lá,"từ liên quan, câu liên quan, Hán Việt",chars/83F8.json
菹,B,zū,đầm lầy; bùn lầy,"từ liên quan, câu liên quan, Hán Việt",chars/83F9.json
菺,C,jiān,Althaea rosea,"bộ thủ, từ liên quan, câu liên quan, Hán Việt",chars/83FA.json
菻,C,lǐn,tên gọi cổ cho đế quốc La Mã đông,"bộ thủ, từ liên quan, câu liên quan",chars/83FB.json
菼,C,tǎn,cỏ bạc Amur (Miscanthus sacchariflorus); cỏ lau (Miscanthus sinensis),"bộ thủ, từ liên quan, câu liên quan, Hán Việt",chars/83FC.json
菽,B,shū,cây họ đậu (đậu hà lan và đậu),"câu liên quan, Hán Việt",chars/83FD.json
菾,C,tián,củ cải đường,"bộ thủ, từ liên quan, câu liên quan, Hán Việt",chars/83FE.json
萁,B,qí,thân cây họ đậu,"câu liên quan, Hán Việt",chars/8401.json
萃,A,cuì,thu thập; tập hợp,Hán Việt,chars/8403.json
萄,A,táo,dùng trong 葡萄[pu2 tao5],Hán Việt,chars/8404.json
萅,C,chūn,biến thể cũ của 春[chun1],"bộ thủ, từ liên quan, câu liên quan, Hán Việt",chars/8405.json
萆,B,bì,hạt thầu dầu,"từ liên quan, câu liên quan, Hán Việt",chars/8406.json
萈,C,huán,,"nghĩa, bộ thủ, từ liên quan, câu liên quan, Hán Việt",chars/8408.json
萋,B,qī,Celosia argentea; tươi tốt,"câu liên quan, Hán Việt",chars/840B.json
萎,A,wěi,héo; rũ,Hán Việt,chars/840E.json
萏,B,dàn,hoa sen,"từ liên quan, câu liên quan, Hán Việt",chars/840F.json
萐,C,shà,(loại thảo mộc cát tường),"bộ thủ, từ liên quan, câu liên quan, Hán Việt",chars/8410.json
萑,B,huán,một loại sậy,"từ liên quan, câu liên quan, Hán Việt",chars/8411.json
萕,C,jì,biến thể cũ của 薺|荠[ji4],"bộ thủ, từ liên quan, câu liên quan, Hán Việt",chars/8415.json
萘,B,nài,naphthalene C10H8,"từ liên quan, câu liên quan, Hán Việt",chars/8418.json
萚,C,tuò,lá rụng và vỏ cây,"bộ thủ, từ liên quan, câu liên quan, Hán Việt",chars/841A.json
萜,B,tiē,terpen (hóa học),"câu liên quan, Hán Việt",chars/841C.json
萠,C,méng,,"nghĩa, từ liên quan, câu liên quan, Hán Việt",chars/8420.json
萣,C,dìng,xem 茄萣[Qie2 ding4],"bộ thủ, từ liên quan, câu liên quan, Hán Việt",chars/8423.json
萤,B,yíng,con đom đóm; bọ phát sáng,câu liên quan,chars/8424.json
营,C,yíng,trại; doanh trại,"bộ thủ, Hán Việt",chars/8425.json
萦,B,yíng,(văn học) quấn quanh,câu liên quan,chars/8426.json
萧,C,Xiāo,họ [Xiao1],"bộ thủ, Hán Việt",chars/8427.json
萨,A,Sà,Bồ Tát; họ [Sa4],Hán Việt,chars/8428.json
萩,C,qiū,Lespedeza bicolor,"bộ thủ, từ liên quan, câu liên quan",chars/8429.json
萰,C,liàn,cây Ampelopsis japonica (dây leo với rễ dùng trong y học cổ truyền); giống như 白蘞|白蔹[bai2 lian3],"bộ thủ, từ liên quan, câu liên quan, Hán Việt",chars/8430.json
萱,B,xuān,cây hoa hiên màu cam (Hemerocallis flava),"câu liên quan, Hán Việt",chars/8431.json
萸,B,yú,quả nhót tây,"câu liên quan, Hán Việt",chars/8438.json
萹,C,biān,xem 萹蓄[bian1 xu4]; phiên âm Đài Loan [pian1],"bộ thủ, từ liên quan, câu liên quan, Hán Việt",chars/8439.json
萻,C,ān,ngôi chùa Phật nhỏ,"bộ thủ, từ liên quan, câu liên quan",chars/843B.json
萼,B,è,đài hoa,"câu liên quan, Hán Việt",chars/843C.json
葄,B,zuò,đệm rơm; gối,"từ liên quan, câu liên quan, Hán Việt",chars/8444.json
葅,C,zū,biến thể của 菹[zu1],"bộ thủ, từ liên quan, câu liên quan, Hán Việt",chars/8445.json
葆,B,bǎo,tán lá rậm rạp; che phủ,"từ liên quan, câu liên quan, Hán Việt",chars/8446.json
葇,C,róu,Elsholtria paltrini,"bộ thủ, từ liên quan, câu liên quan",chars/8447.json
葍,C,fú,cỏ dại,"bộ thủ, từ liên quan, câu liên quan, Hán Việt",chars/844D.json
葎,C,lǜ,Humulus japonicus,"bộ thủ, từ liên quan, câu liên quan, Hán Việt",chars/844E.json
葑,B,fēng,củ cải,"từ liên quan, câu liên quan, Hán Việt",chars/8451.json
葖,C,tú,củ cải; củ cải trắng; phiên âm Đài Loan [tu2],"bộ thủ, từ liên quan, câu liên quan",chars/8456.json
葙,B,xiāng,"xem 青葙, cây mào gà (Celosia argentea)","câu liên quan, Hán Việt",chars/8459.json
葚,B,shèn,quả dâu tằm; cũng đọc là [ren4],"từ liên quan, câu liên quan, Hán Việt",chars/845A.json
葛,A,Gě,họ [Ge3],Hán Việt,chars/845B.json
葜,C,qiā,,"nghĩa, từ liên quan, câu liên quan, Hán Việt",chars/845C.json
葡,A,Pú,Bồ Đào Nha; người Bồ Đào Nha,Hán Việt,chars/8461.json
葥,C,qián,Rubus palmatus,"bộ thủ, từ liên quan, câu liên quan, Hán Việt",chars/8465.json
葧,C,bó,Heleocharis plantaginea,"bộ thủ, từ liên quan, câu liên quan, Hán Việt",chars/8467.json
葩,B,pā,tràng hoa,câu liên quan,chars/8469.json
葫,B,hú,Allium scorodoprasum; bầu hồ lô,câu liên quan,chars/846B.json
葬,C,zàng,chôn cất,bộ thủ,chars/846C.json
葭,B,jiā,cây sậy; Phragmites communis,"từ liên quan, câu liên quan, Hán Việt",chars/846D.json
葱,B,cōng,hành lá,"câu liên quan, Hán Việt",chars/8471.json
葳,B,wēi,um tùm,"câu liên quan, Hán Việt",chars/8473.json
葴,C,zhēn,cây thù lù,"bộ thủ, từ liên quan, câu liên quan, Hán Việt",chars/8474.json
葶,B,tíng,Draba nemerosa bebe carpa,"từ liên quan, câu liên quan, Hán Việt",chars/8476.json
葸,B,xǐ,cảm thấy bất an; không vui,"từ liên quan, câu liên quan",chars/8478.json
葹,C,shī,cây ké đầu ngựa,"bộ thủ, từ liên quan, câu liên quan, Hán Việt",chars/8479.json
葺,B,qì,sửa chữa,"câu liên quan, Hán Việt",chars/847A.json
葽,C,yāo,"cây viễn chí; xanh tươi, um tùm (cỏ)","bộ thủ, từ liên quan, câu liên quan, Hán Việt",chars/847D.json
蒄,C,guān,(thảo mộc được nhắc đến trong văn bản cổ),"bộ thủ, từ liên quan, câu liên quan, Hán Việt",chars/8484.json
蒇,C,chǎn,hoàn thành; chuẩn bị,"bộ thủ, từ liên quan, câu liên quan, Hán Việt",chars/8487.json
蒈,C,kǎi,,"nghĩa, từ liên quan, câu liên quan, Hán Việt",chars/8488.json
蒉,B,Kuì,họ [Kui4],"từ liên quan, câu liên quan, Hán Việt",chars/8489.json
蒋,B,Jiǎng,họ [Jiang3]; Tưởng Giới Thạch 蔣介石|蒋介石[Jiang3 Jie4shi2],"câu liên quan, Hán Việt",chars/848B.json
蒌,B,lóu,cây ngải cứu; trầu không,"từ liên quan, câu liên quan, Hán Việt",chars/848C.json
蒎,B,pài,pinane,"từ liên quan, câu liên quan, Hán Việt",chars/848E.json
蒐,C,sōu,"cây thiên thảo; săn bắn, đặc biệt vào mùa xuân","bộ thủ, từ liên quan, câu liên quan, Hán Việt",chars/8490.json
蒗,B,làng,(thảo dược); tên địa danh,"câu liên quan, Hán Việt",chars/8497.json
蒜,B,suàn,tỏi,câu liên quan,chars/849C.json
蒟,B,jǔ,trầu,"từ liên quan, câu liên quan, Hán Việt",chars/849F.json
蒡,B,bàng,Arctium lappa; ngưu bàng,"câu liên quan, Hán Việt",chars/84A1.json
蒢,C,chú,cam thảo đỏ,"bộ thủ, từ liên quan, câu liên quan, Hán Việt",chars/84A2.json
蒦,B,huò,(cổ) đo lường,"từ liên quan, câu liên quan, Hán Việt",chars/84A6.json
蒨,C,qiàn,sự phát triển tươi tốt,"bộ thủ, từ liên quan, câu liên quan, Hán Việt",chars/84A8.json
蒪,C,pò,gừng myoga (Zingiber mioga),"bộ thủ, từ liên quan, câu liên quan, Hán Việt",chars/84AA.json
蒭,C,chú,biến thể cũ của 芻|刍[chu2],"bộ thủ, từ liên quan, câu liên quan, Hán Việt",chars/84AD.json
蒯,C,kuǎi,cỏ năn; scirpus cyperinus,"bộ thủ, từ liên quan, câu liên quan, Hán Việt",chars/84AF.json
蒱,C,pú,xem 樗蒱[chu1 pu2],"bộ thủ, từ liên quan, câu liên quan, Hán Việt",chars/84B1.json
蒲,B,Pú,họ [Pu2]; tên địa danh cũ,câu liên quan,chars/84B2.json
蒴,B,shuò,quả nang; vỏ quả,"câu liên quan, Hán Việt",chars/84B4.json
蒸,C,zhēng,hấp,bộ thủ,chars/84B8.json
蒹,B,jiān,cây sậy,"từ liên quan, câu liên quan, Hán Việt",chars/84B9.json
蒺,B,jí,Tribulus terrestris,"từ liên quan, câu liên quan, Hán Việt",chars/84BA.json
蒻,B,ruò,"cây hương bồ non (Typha japonica), một loại cỏ nến","từ liên quan, câu liên quan, Hán Việt",chars/84BB.json
蒽,B,ēn,anthracene,"từ liên quan, câu liên quan, Hán Việt",chars/84BD.json
蒿,B,hāo,cần tây ngải (Artemisia carvifolia); tỏa ra,"câu liên quan, Hán Việt",chars/84BF.json
蓁,B,zhēn,"cây cối tươi tốt, xum xuê","từ liên quan, câu liên quan, Hán Việt",chars/84C1.json
蓂,B,míng,nơi may mắn,"từ liên quan, câu liên quan, Hán Việt",chars/84C2.json
蓄,A,xù,"tích trữ, tích lũy; nuôi (tóc, râu)",Hán Việt,chars/84C4.json
蓇,C,gǔ,dùng trong 蓇葖[gu1tu1],"bộ thủ, từ liên quan, câu liên quan, Hán Việt",chars/84C7.json
蓉,B,Róng,tên gọi tắt của Thành Đô 成都[Cheng2 du1],câu liên quan,chars/84C9.json
蓊,B,wěng,cây cối um tùm,"từ liên quan, câu liên quan, Hán Việt",chars/84CA.json
蓌,C,cuò,ngồi xổm (để chào),"bộ thủ, từ liên quan, câu liên quan, Hán Việt",chars/84CC.json
蓍,B,shī,cây cỏ thi (Achillea millefolium),"từ liên quan, câu liên quan, Hán Việt",chars/84CD.json
蓏,C,luǒ,quả của cây cối (không phải của cây gỗ),"bộ thủ, từ liên quan, câu liên quan, Hán Việt",chars/84CF.json
蓐,B,rù,chiếu; cói,"từ liên quan, câu liên quan",chars/84D0.json
蓑,B,suō,biến thể của 蓑[suo1],"câu liên quan, Hán Việt",chars/84D1.json
蓒,C,xuān,một loại cây nước có mùi hôi,"bộ thủ, từ liên quan, câu liên quan, Hán Việt",chars/84D2.json
蓓,B,bèi,(nụ) hoa,câu liên quan,chars/84D3.json
蓔,B,yǎo,một loại cỏ,"từ liên quan, câu liên quan, Hán Việt",chars/84D4.json
蓖,B,bì,cây thầu dầu,"câu liên quan, Hán Việt",chars/84D6.json
蓟,B,Jì,họ [Ji4]; thành bang cổ của Trung Quốc gần Bắc Kinh ngày nay,"câu liên quan, Hán Việt",chars/84DF.json
蓠,B,lí,"tảo đỏ; Gracilaria, một số loài, một số ăn được","từ liên quan, câu liên quan",chars/84E0.json
蓣,B,yù,xem 薯蕷|薯蓣[shu3 yu4],câu liên quan,chars/84E3.json
蓥,C,yíng,đánh bóng,"bộ thủ, câu liên quan, Hán Việt",chars/84E5.json
蓦,A,mò,nhảy lên hoặc qua; đột nhiên,Hán Việt,chars/84E6.json
蓧,C,diào,giỏ tre,"bộ thủ, từ liên quan, câu liên quan, Hán Việt",chars/84E7.json
蓪,C,tōng,cây đinh lăng giấy,"bộ thủ, từ liên quan, câu liên quan, Hán Việt",chars/84EA.json
蓫,C,zhú,(cỏ dại); cây thương lục,"bộ thủ, từ liên quan, câu liên quan, Hán Việt",chars/84EB.json
蓰,B,xǐ,(cỏ); tăng gấp năm lần,"từ liên quan, câu liên quan, Hán Việt",chars/84F0.json
蓱,C,píng,biến thể của 萍[ping2],"bộ thủ, từ liên quan, câu liên quan, Hán Việt",chars/84F1.json
蓷,C,tuī,Leonurus macranthus,"bộ thủ, từ liên quan, câu liên quan, Hán Việt",chars/84F7.json
蓸,C,cáo,(một loại thảo mộc),"bộ thủ, từ liên quan, câu liên quan, Hán Việt",chars/84F8.json
蓺,C,yì,kỹ năng; nghệ thuật,"bộ thủ, từ liên quan, câu liên quan, Hán Việt",chars/84FA.json
蓼,B,liǎo,cây rau răm; cỏ thủy phách,"câu liên quan, Hán Việt",chars/84FC.json
蓿,B,xù,cỏ ba lá; cây linh lăng,"câu liên quan, Hán Việt",chars/84FF.json
蔀,C,bù,(văn học) che phủ; bảo vệ; (văn học) 76 năm (đơn vị thời gian trong lịch cổ đại),"bộ thủ, từ liên quan, câu liên quan, Hán Việt",chars/8500.json
蔂,C,léi,giỏ để mang đất,"bộ thủ, từ liên quan, câu liên quan, Hán Việt",chars/8502.json
蔃,C,qiáng,thuốc lá (tiếng lóng) (Quảng Đông),"bộ thủ, từ liên quan, câu liên quan, Hán Việt",chars/8503.json
蔇,C,jì,sự phát triển tươi tốt; cực kỳ,"bộ thủ, từ liên quan, câu liên quan, Hán Việt",chars/8507.json
蔉,C,gǔn,vun gốc cây,"bộ thủ, từ liên quan, câu liên quan, Hán Việt",chars/8509.json
蔊,C,hǎn,cây cải núi,"bộ thủ, từ liên quan, câu liên quan, Hán Việt",chars/850A.json
蔋,C,dí,khô; cháy sém,"bộ thủ, từ liên quan, câu liên quan, Hán Việt",chars/850B.json
蔌,C,Sù,họ [Su4],"bộ thủ, từ liên quan, câu liên quan, Hán Việt",chars/850C.json
蔎,C,shè,Thea sinensis,"bộ thủ, từ liên quan, câu liên quan, Hán Việt",chars/850E.json
蔑,C,miè,coi thường; không có gì,bộ thủ,chars/8511.json
蔓,C,mán,dùng trong 蔓菁[man2 jing5],bộ thủ,chars/8513.json
蔗,B,zhè,cây mía,câu liên quan,chars/8517.json
蔘,C,shēn,nhân sâm,"bộ thủ, từ liên quan, câu liên quan",chars/8518.json
蔙,C,xuàn,(thảo mộc),"bộ thủ, từ liên quan, câu liên quan, Hán Việt",chars/8519.json
蔚,A,Yù,họ [Yu4]; tên địa danh,Hán Việt,chars/851A.json
蔟,B,cù,tập hợp; giá cho tằm,"từ liên quan, câu liên quan, Hán Việt",chars/851F.json
蔡,C,Cài,họ [Cai4],"bộ thủ, Hán Việt",chars/8521.json
蔫,B,niān,héo; tàn úa,"câu liên quan, Hán Việt",chars/852B.json
蔬,A,shū,rau,Hán Việt,chars/852C.json
蔯,C,chén,một loại ngải cứu,"bộ thủ, từ liên quan, câu liên quan, Hán Việt",chars/852F.json
蔳,C,qiàn,biến thể cũ của 蒨[qian4],"bộ thủ, từ liên quan, câu liên quan, Hán Việt",chars/8533.json
蔵,C,cáng,biến thể tiếng Nhật của 藏,"bộ thủ, từ liên quan, câu liên quan, Hán Việt",chars/8535.json
蔷,B,qiáng,dùng trong 薔薇|蔷薇[qiang2 wei1],"câu liên quan, Hán Việt",chars/8537.json
蔸,B,dōu,rễ và thân dưới của một số loại cây; lượng từ cho mảnh và cụm,"từ liên quan, câu liên quan, Hán Việt",chars/8538.json
蔹,B,liǎn,cây leo; dây leo,"từ liên quan, câu liên quan, Hán Việt",chars/8539.json
蔺,B,Lìn,họ [Lin4],"câu liên quan, Hán Việt",chars/853A.json
蔻,B,kòu,dùng trong 豆蔻[dou4 kou4],"câu liên quan, Hán Việt",chars/853B.json
蔼,A,ǎi,thân thiện,Hán Việt,chars/853C.json
蔽,A,bì,che; phủ,Hán Việt,chars/853D.json
蔾,C,lí,rau giền,"bộ thủ, từ liên quan, câu liên quan, Hán Việt",chars/853E.json
蕃,B,bō,xem 吐蕃[Tu3 bo1],"câu liên quan, Hán Việt",chars/8543.json
蕈,B,xùn,mốc; nấm,"câu liên quan, Hán Việt",chars/8548.json
蕊,B,ruǐ,biến thể của 蕊[rui3],câu liên quan,chars/854A.json
蕍,C,yú,cây trạch tả (Alisma plantago-aquatica),"bộ thủ, từ liên quan, câu liên quan, Hán Việt",chars/854D.json
蕐,C,huá,biến thể cũ của 華|华[hua2],"bộ thủ, từ liên quan, câu liên quan, Hán Việt",chars/8550.json
蕑,B,Jiān,họ [Jian1],"từ liên quan, câu liên quan, Hán Việt",chars/8551.json
蕔,C,bāo,một loại cỏ (cũ),"bộ thủ, từ liên quan, câu liên quan, Hán Việt",chars/8554.json
蕖,B,qú,hoa sen,"từ liên quan, câu liên quan, Hán Việt",chars/8556.json
蕗,C,lù,leucacene,"bộ thủ, từ liên quan, câu liên quan, Hán Việt",chars/8557.json
蕙,B,huì,Coumarouna odorata,"từ liên quan, câu liên quan",chars/8559.json
蕝,C,jué,cỏ thô dùng để biểu thị cấp bậc,"bộ thủ, từ liên quan, câu liên quan, Hán Việt",chars/855D.json
蕞,B,zuì,tập hợp; nhỏ,"từ liên quan, câu liên quan",chars/855E.json
蕠,B,rú,biến thể của 茹[ru2]; xem 蕠藘[ru2 lu:2],"từ liên quan, câu liên quan, Hán Việt",chars/8560.json
蕡,C,fén,hạt gai; sang trọng,"bộ thủ, từ liên quan, câu liên quan, Hán Việt",chars/8561.json
蕣,C,shùn,Hibiscus syriacus,"bộ thủ, từ liên quan, câu liên quan, Hán Việt",chars/8563.json
蕤,B,ruí,tua rua; đầy hoa,"câu liên quan, Hán Việt",chars/8564.json
蕨,B,jué,Pteridium aquilinum; dương xỉ,"câu liên quan, Hán Việt",chars/8568.json
蕮,C,xì,cây mã đề (Plantago asiatica); cây mã đề nước (Alisma plantago-aquatica),"bộ thủ, từ liên quan, câu liên quan, Hán Việt",chars/856E.json
蕰,C,yùn,cây đuôi ngựa,"bộ thủ, từ liên quan, câu liên quan, Hán Việt",chars/8570.json
蕲,B,qí,(thảo dược); cầu xin,"câu liên quan, Hán Việt",chars/8572.json
蕳,C,jiān,hoa lan (giống như 蘭草|兰草); cây Eupatorium (giống như 蕑),"bộ thủ, từ liên quan, câu liên quan, Hán Việt",chars/8573.json
蕴,A,yùn,tích lũy; chứa đựng,Hán Việt,chars/8574.json
蕶,C,líng,"héo úa (cây, thảo mộc, v.v.)","bộ thủ, từ liên quan, câu liên quan, Hán Việt",chars/8576.json
蕸,C,xiá,lá súng,"bộ thủ, từ liên quan, câu liên quan, Hán Việt",chars/8578.json
蕹,B,wèng,"rau muống hoặc rau ong choy (Ipomoea aquatica), dùng làm rau ở phía nam Trung Quốc và Đông Nam Á; phiên âm Đài Loan: [yong1]","câu liên quan, Hán Việt",chars/8579.json
蕺,B,jí,Houttuynia cordata,"từ liên quan, câu liên quan, Hán Việt",chars/857A.json
蕻,B,hòng,dùng trong 雪裡蕻|雪里蕻[xue3 li3 hong2]; Phiên âm Đài Loan [hong4],"câu liên quan, Hán Việt",chars/857B.json
蕾,A,lěi,nụ,Hán Việt,chars/857E.json
薁,C,yù,Prunus japonica,"bộ thủ, từ liên quan, câu liên quan, Hán Việt",chars/8581.json
薃,C,hào,Cyperus amuricus,"bộ thủ, từ liên quan, câu liên quan, Hán Việt",chars/8583.json
薄,A,báo,mỏng,Hán Việt,chars/8584.json
薅,B,hāo,nhổ cỏ; nắm hoặc túm chặt,"từ liên quan, câu liên quan, Hán Việt",chars/8585.json
薆,C,ài,che phủ; ẩn giấu,"bộ thủ, từ liên quan, câu liên quan",chars/8586.json
薇,B,wēi,"Osmunda regalis, một loài dương xỉ; tiếng Đài Loan đọc là [wei2]","câu liên quan, Hán Việt",chars/8587.json
薉,C,wèi,nhiều cỏ dại,"bộ thủ, từ liên quan, câu liên quan, Hán Việt",chars/8589.json
薏,B,yì,xem 薏苡[yi4 yi3],câu liên quan,chars/858F.json
薐,C,léng,tên cũ của rau chân vịt,"bộ thủ, từ liên quan, câu liên quan, Hán Việt",chars/8590.json
薖,C,kē,to lớn; trông đói khát,"bộ thủ, từ liên quan, câu liên quan, Hán Việt",chars/8596.json
薛,C,Xuē,họ [Xue1]; chư hầu thời Chu (1046-256 TC),"bộ thủ, câu liên quan, Hán Việt",chars/859B.json
薜,B,bì,Cây vả bò,"từ liên quan, câu liên quan, Hán Việt",chars/859C.json
薠,C,fán,loài thực vật giống cỏ tranh 莎草[suo1 cao3] (cổ điển),"bộ thủ, từ liên quan, câu liên quan, Hán Việt",chars/85A0.json
薢,C,xiào,cây leo thân gỗ,"bộ thủ, từ liên quan, câu liên quan, Hán Việt",chars/85A2.json
薤,B,xiè,Allium bakeri; hành tăm,"từ liên quan, câu liên quan, Hán Việt",chars/85A4.json
薧,C,kǎo,thực phẩm khô,"bộ thủ, từ liên quan, câu liên quan, Hán Việt",chars/85A7.json
薨,C,hōng,cái chết của hoàng tử; bày đàn,"bộ thủ, từ liên quan, câu liên quan, Hán Việt",chars/85A8.json
薪,A,xīn,củi; nhiên liệu; lương,Hán Việt,chars/85AA.json
薫,C,xūn,biến thể tiếng Nhật của 薰,"bộ thủ, từ liên quan, câu liên quan, Hán Việt",chars/85AB.json
薬,C,yào,biến thể tiếng Nhật của 藥|药,"bộ thủ, từ liên quan, câu liên quan, Hán Việt",chars/85AC.json
薮,B,sǒu,đầm lầy; nơi tụ họp,câu liên quan,chars/85AE.json
薯,A,shǔ,khoai tây; khoai,Hán Việt,chars/85AF.json
薰,B,xūn,cỏ thơm; Coumarouna odorata,"câu liên quan, Hán Việt",chars/85B0.json
薳,B,Wěi,họ [Wei3],"từ liên quan, câu liên quan, Hán Việt",chars/85B3.json
薶,C,mái,biến thể cũ của 埋[mai2],"bộ thủ, từ liên quan, câu liên quan, Hán Việt",chars/85B6.json
薷,B,rú,Elshotria paltrini,"từ liên quan, câu liên quan",chars/85B7.json
薸,C,piāo,bèo,"bộ thủ, từ liên quan, câu liên quan, Hán Việt",chars/85B8.json
薹,B,tái,Carex dispalatha,"câu liên quan, Hán Việt",chars/85B9.json
薻,C,zǎo,biến thể cũ của 藻[zao3],"bộ thủ, từ liên quan, câu liên quan, Hán Việt",chars/85BB.json
薽,C,zhēn,(cỏ); (hoa lan),"bộ thủ, từ liên quan, câu liên quan, Hán Việt",chars/85BD.json
薾,C,ěr,hoa mọc sum suê,"bộ thủ, từ liên quan, câu liên quan, Hán Việt",chars/85BE.json
薿,C,nǐ,um tùm (cây cối),"bộ thủ, từ liên quan, câu liên quan, Hán Việt",chars/85BF.json
藁,B,gǎo,biến thể của 槁[gao3],"câu liên quan, Hán Việt",chars/85C1.json
藄,C,qí,(dương xỉ),"bộ thủ, từ liên quan, câu liên quan, Hán Việt",chars/85C4.json
藇,B,Xù,họ [Xu4],"từ liên quan, câu liên quan, Hán Việt",chars/85C7.json
藉,C,jiè,"Mượn, dựa vào; đệm, lót",bộ thủ,chars/85C9.json
藊,C,biǎn,xem 藊豆[bian3 dou4],"bộ thủ, từ liên quan, câu liên quan, Hán Việt",chars/85CA.json
藋,C,diào,cây cơm cháy Nhật Bản (Sambucus javanica),"bộ thủ, từ liên quan, câu liên quan, Hán Việt",chars/85CB.json
藏,A,cáng,cất trữ,Hán Việt,chars/85CF.json
藐,C,miǎo,coi thường; nhỏ,"bộ thủ, câu liên quan, Hán Việt",chars/85D0.json
藒,B,qiè,xem 藒車|藒车[qie4 che1],"từ liên quan, câu liên quan, Hán Việt",chars/85D2.json
藓,B,xiǎn,rêu; địa y,"câu liên quan, Hán Việt",chars/85D3.json
藕,B,ǒu,rễ sen,câu liên quan,chars/85D5.json
藘,B,lǘ,cây thiên thảo,"từ liên quan, câu liên quan, Hán Việt",chars/85D8.json
藙,C,yì,Zanthoxylum ailanthoides,"bộ thủ, từ liên quan, câu liên quan, Hán Việt",chars/85D9.json
藚,C,xù,Alisma plantago,"bộ thủ, từ liên quan, câu liên quan, Hán Việt",chars/85DA.json
藜,B,lí,"tên của cây cỏ dại (rau dền trắng, rau chân vịt trắng, cỏ xước, v.v.); Chenopodium album","từ liên quan, câu liên quan, Hán Việt",chars/85DC.json
藟,C,lěi,nụ; cây leo,"bộ thủ, từ liên quan, câu liên quan, Hán Việt",chars/85DF.json
藠,C,jiào,xem 藠頭|藠头[jiao4 tou5],"bộ thủ, từ liên quan, câu liên quan, Hán Việt",chars/85E0.json
藦,C,mó,Metaplexis stauntoni,"bộ thủ, từ liên quan, câu liên quan, Hán Việt",chars/85E6.json
藨,B,biāo,một loại mâm xôi,"từ liên quan, câu liên quan, Hán Việt",chars/85E8.json
藩,B,fān,hàng rào; hàng giậu; (văn học) bình phong; rào cản,"câu liên quan, Hán Việt",chars/85E9.json
藳,C,gǎo,biến thể cũ của 稿[gao3],"bộ thủ, từ liên quan, câu liên quan, Hán Việt",chars/85F3.json
藴,C,yùn,"biến thể của 蘊|蕴, tích luỹ; chứa đựng","bộ thủ, từ liên quan, câu liên quan, Hán Việt",chars/85F4.json
藻,A,zǎo,cỏ thủy sinh; tao nhã,Hán Việt,chars/85FB.json
藾,C,lài,(cây họ hoa môi có hương),"bộ thủ, từ liên quan, câu liên quan, Hán Việt",chars/85FE.json
藿,B,huò,Lophanthus rugosus; đậu,"câu liên quan, Hán Việt",chars/85FF.json
蘁,C,wù,không vâng lời; trái ngược,"bộ thủ, từ liên quan, câu liên quan, Hán Việt",chars/8601.json
蘅,B,héng,Cây gừng dại Asarum blumei,"từ liên quan, câu liên quan, Hán Việt",chars/8605.json
蘑,A,mó,nấm,Hán Việt,chars/8611.json
蘖,B,niè,chồi mới mọc từ cành hoặc gốc cây bị cắt,"câu liên quan, Hán Việt",chars/8616.json
蘗,C,niè,chồi từ gốc cây già,"bộ thủ, từ liên quan, câu liên quan, Hán Việt",chars/8617.json
蘘,B,ráng,một loại gừng dại,"từ liên quan, câu liên quan, Hán Việt",chars/8618.json
蘝,C,liǎn,"biến thể của 蘞|蔹, cây leo; dây leo","bộ thủ, từ liên quan, câu liên quan",chars/861D.json
蘧,B,Qú,họ [Qu2],"từ liên quan, câu liên quan, Hán Việt",chars/8627.json
蘩,B,fán,cây ngải Artemisia stellariana,"từ liên quan, câu liên quan, Hán Việt",chars/8629.json
蘵,B,zhí,Physalis angulata,"từ liên quan, câu liên quan, Hán Việt",chars/8635.json
蘸,C,zhàn,nhúng,"bộ thủ, từ liên quan, câu liên quan, Hán Việt",chars/8638.json
蘻,C,jì,một loại thảo mộc (cổ),"bộ thủ, từ liên quan, câu liên quan, Hán Việt",chars/863B.json
蘼,B,mí,kê,"từ liên quan, câu liên quan, Hán Việt",chars/863C.json
虀,C,jī,mảnh vụn; rau củ muối,"bộ thủ, từ liên quan, câu liên quan, Hán Việt",chars/8640.json
虍,B,xū,"Vằn con hổ, vằn con vện","từ liên quan, câu liên quan, Hán Việt",chars/864D.json
虏,A,lǔ,tù binh; bắt giữ,Hán Việt,chars/864F.json
虐,C,nüè,hà khắc; bạo ngược,bộ thủ,chars/8650.json
虒,C,sī,động vật lưỡng cư có một sừng,"bộ thủ, từ liên quan, câu liên quan, Hán Việt",chars/8652.json
虓,C,xiāo,tiếng hổ gầm,"bộ thủ, từ liên quan, câu liên quan, Hán Việt",chars/8653.json
虔,C,qián,hành động một cách tôn kính; tôn kính,bộ thủ,chars/8654.json
虖,C,hū,thở ra; gọi,"bộ thủ, từ liên quan, câu liên quan, Hán Việt",chars/8656.json
虗,C,xū,biến thể cũ của 虛|虚[xu1],"bộ thủ, từ liên quan, câu liên quan, Hán Việt",chars/8657.json
虘,C,cuó,,"nghĩa, từ liên quan, câu liên quan, Hán Việt",chars/8658.json
虚,C,xū,yếu đuối,bộ thủ,chars/865A.json
虞,B,Yú,họ [Yu2],"câu liên quan, Hán Việt",chars/865E.json
虡,C,jù,giá treo chuông,"bộ thủ, từ liên quan, câu liên quan, Hán Việt",chars/8661.json
虢,C,Guó,"họ [Guo2]; Quắc, một nhóm thân tộc có thành viên nắm giữ tước công trong lãnh thổ triều đại Chu, bao gồm Quắc Tây 西虢國|西虢国[Xi1 Guo2guo2] và Quắc Đông 東虢國|东虢国[Dong1 Guo2guo2]","bộ thủ, câu liên quan, Hán Việt",chars/8662.json
虣,C,bào,tàn bạo; bạo lực,"bộ thủ, từ liên quan, câu liên quan, Hán Việt",chars/8663.json
虥,C,zhàn,mèo rừng có sọc,"bộ thủ, từ liên quan, câu liên quan, Hán Việt",chars/8665.json
虩,C,xì,kinh hãi,"bộ thủ, từ liên quan, câu liên quan, Hán Việt",chars/8669.json
虬,C,qiú,rồng con có sừng,"bộ thủ, từ liên quan, câu liên quan",chars/866C.json
虮,B,jǐ,ấu trùng chấy,"từ liên quan, câu liên quan, Hán Việt",chars/866E.json
虰,C,dīng,xem 虰蛵[ding1 xing2],"bộ thủ, từ liên quan, câu liên quan, Hán Việt",chars/8670.json
虱,B,shī,con chấy,"câu liên quan, Hán Việt",chars/8671.json
虷,C,gān,sâu bọ,"bộ thủ, từ liên quan, câu liên quan, Hán Việt",chars/8677.json
虹,A,hóng,cầu vồng,Hán Việt,chars/8679.json
虺,B,huī,ốm yếu; không có tham vọng,"từ liên quan, câu liên quan, Hán Việt",chars/867A.json
虻,B,méng,ruồi trâu; người hay chỉ trích,"câu liên quan, Hán Việt",chars/867B.json
虼,B,gè,bọ chét,"từ liên quan, câu liên quan, Hán Việt",chars/867C.json
虾,A,xiā,tôm,Hán Việt,chars/867E.json
虿,B,chài,(bọ cạp); một loại côn trùng,"từ liên quan, câu liên quan, Hán Việt",chars/867F.json
蚀,C,shí,gặm nhấm; phá hủy,"bộ thủ, Hán Việt",chars/8680.json
蚁,B,yǐ,kiến,"câu liên quan, Hán Việt",chars/8681.json
蚂,B,mā,chuồn chuồn,"câu liên quan, Hán Việt",chars/8682.json
蚃,C,xiàng,ấu trùng,"bộ thủ, từ liên quan, câu liên quan, Hán Việt",chars/8683.json
蚆,C,bā,một loại vỏ sò,"bộ thủ, từ liên quan, câu liên quan, Hán Việt",chars/8686.json
蚈,C,qiān,(cổ) con đom đóm,"bộ thủ, từ liên quan, câu liên quan, Hán Việt",chars/8688.json
蚉,C,wén,biến thể cũ của 蚊[wen2],"bộ thủ, từ liên quan, câu liên quan, Hán Việt",chars/8689.json
蚊,A,wén,con muỗi,Hán Việt,chars/868A.json
蚋,B,ruì,(muỗi); Simulia lugubris,"từ liên quan, câu liên quan, Hán Việt",chars/868B.json
蚌,B,Bèng,"viết tắt cho địa cấp thị Bạng Phụ 蚌埠市[Beng4bu4 Shi4], An Huy","câu liên quan, Hán Việt",chars/868C.json
蚍,B,pí,xem 蚍蜉[pi2 fu2],"câu liên quan, Hán Việt",chars/868D.json
蚓,B,yǐn,dùng trong 蚯蚓[qiu1 yin3],câu liên quan,chars/8693.json
蚔,C,qí,ếch xanh,"bộ thủ, từ liên quan, câu liên quan, Hán Việt",chars/8694.json
蚕,B,cán,con tằm,câu liên quan,chars/8695.json
蚖,B,yuán,"Protura (một loại sâu bọ nguyên thủy sống trong đất); biến thể của 螈, kỳ giông","từ liên quan, câu liên quan, Hán Việt",chars/8696.json
蚜,B,yá,rệp vừng,câu liên quan,chars/869C.json
蚝,C,háo,con hàu,"bộ thủ, câu liên quan, Hán Việt",chars/869D.json
蚡,C,fén,(chuột chũi),"bộ thủ, từ liên quan, câu liên quan, Hán Việt",chars/86A1.json
蚣,B,gōng,con rết scolopendra,"câu liên quan, Hán Việt",chars/86A3.json
蚤,B,zǎo,bọ chét,câu liên quan,chars/86A4.json
蚦,C,rán,biến thể của 蚺[ran2],"bộ thủ, từ liên quan, câu liên quan, Hán Việt",chars/86A6.json
蚧,B,jiè,xem 蛤蚧[ge2 jie4],câu liên quan,chars/86A7.json
蚨,B,fú,(bọ nước); tiền,"từ liên quan, câu liên quan",chars/86A8.json
蚩,B,Chī,họ [Chi1],câu liên quan,chars/86A9.json
蚪,B,dǒu,nòng nọc,"câu liên quan, Hán Việt",chars/86AA.json
蚬,B,xiǎn,nghêu (thuộc họ Corbiculidae); (đặc biệt) Corbicula leana 真蜆|真蚬[zhen1 xian3],"từ liên quan, câu liên quan",chars/86AC.json
蚯,B,qiū,dùng trong 蚯蚓[qiu1 yin3],"câu liên quan, Hán Việt",chars/86AF.json
蚰,B,yóu,xem 蚰蜒[you2 yan5],"câu liên quan, Hán Việt",chars/86B0.json
蚱,B,zhà,châu chấu,"câu liên quan, Hán Việt",chars/86B1.json
蚳,C,chí,trứng kiến,"bộ thủ, từ liên quan, câu liên quan, Hán Việt",chars/86B3.json
蚴,C,yòu,ấu trùng,"bộ thủ, câu liên quan, Hán Việt",chars/86B4.json
蚵,B,é,"(Đài Loan) con hàu (từ tiếng Đài Loan, phát âm Tai-lo [ô])","từ liên quan, câu liên quan",chars/86B5.json
蚶,C,hān,nghêu nhỏ (Arca inflata),"bộ thủ, câu liên quan, Hán Việt",chars/86B6.json
蚹,C,fù,"vảy trên bụng rắn, giúp di chuyển; ốc sên","bộ thủ, từ liên quan, câu liên quan, Hán Việt",chars/86B9.json
蚺,B,rán,trăn,"từ liên quan, câu liên quan, Hán Việt",chars/86BA.json
蚻,C,zhá,Aphrophora martima,"bộ thủ, từ liên quan, câu liên quan, Hán Việt",chars/86BB.json
蚽,C,pí,một loại côn trùng (cũ),"bộ thủ, từ liên quan, câu liên quan, Hán Việt",chars/86BD.json
蚿,C,xián,con rết,"bộ thủ, từ liên quan, câu liên quan, Hán Việt",chars/86BF.json
蛀,B,zhù,mối; đục khoét (côn trùng),câu liên quan,chars/86C0.json
蛁,C,diāo,Pomponia maculatiocollis,"bộ thủ, từ liên quan, câu liên quan, Hán Việt",chars/86C1.json
蛄,B,gū,xem 螻蛄|蝼蛄[lou2 gu1],"câu liên quan, Hán Việt",chars/86C4.json
蛅,C,rán,một loại sâu bướm,"bộ thủ, từ liên quan, câu liên quan, Hán Việt",chars/86C5.json
蛆,B,qū,ấu trùng ruồi,"câu liên quan, Hán Việt",chars/86C6.json
蛉,B,líng,ruồi cát,"từ liên quan, câu liên quan, Hán Việt",chars/86C9.json
蛊,B,gǔ,cổ. côn trùng độc trong truyền thuyết; đầu độc,"câu liên quan, Hán Việt",chars/86CA.json
蛋,A,dàn,trứng,Hán Việt,chars/86CB.json
蛌,C,gǔ,con dế,"bộ thủ, từ liên quan, câu liên quan, Hán Việt",chars/86CC.json
蛍,C,yíng,biến thể Nhật Bản của 螢|萤,"bộ thủ, từ liên quan, câu liên quan, Hán Việt",chars/86CD.json
蛎,B,lì,con hàu,"câu liên quan, Hán Việt",chars/86CE.json
蛏,B,chēng,con trai; ốc móng tay,"từ liên quan, câu liên quan, Hán Việt",chars/86CF.json
蛐,B,qū,con dế,"câu liên quan, Hán Việt",chars/86D0.json
蛑,B,móu,cua biển,"từ liên quan, câu liên quan, Hán Việt",chars/86D1.json
蛓,C,cì,(văn học) sâu bướm,"bộ thủ, từ liên quan, câu liên quan, Hán Việt",chars/86D3.json
蛔,B,huí,biến thể cũ của 蛔[hui2],"câu liên quan, Hán Việt",chars/86D4.json
蛘,B,yáng,"một loại mọt gạo, v.v.","từ liên quan, câu liên quan, Hán Việt",chars/86D8.json
蛙,A,wā,con ếch; LT:隻|只[zhi1],Hán Việt,chars/86D9.json
蛚,C,liè,Cyrtoxiphus ritsemae,"bộ thủ, từ liên quan, câu liên quan, Hán Việt",chars/86DA.json
蛜,B,yī,bọ mù gỗ,"từ liên quan, câu liên quan, Hán Việt",chars/86DC.json
蛞,B,kuò,dùng trong 蛞螻|蛞蝼[kuo4 lou2]; dùng trong 蛞蝓[kuo4 yu2],"từ liên quan, câu liên quan, Hán Việt",chars/86DE.json
蛟,B,jiāo,một loài rồng huyền thoại có khả năng điều khiển mưa và lũ lụt; xem thêm 蛟龍|蛟龙[jiao1 long2],câu liên quan,chars/86DF.json
蛡,C,yì,(văn học) sáp ong; tổ ong,"bộ thủ, từ liên quan, câu liên quan, Hán Việt",chars/86E1.json
蛣,C,jié,bọ cánh cứng,"bộ thủ, từ liên quan, câu liên quan, Hán Việt",chars/86E3.json
蛤,B,gé,con nghêu,"câu liên quan, Hán Việt",chars/86E4.json
蛧,C,wǎng,biến thể cũ của 魍[wang3],"bộ thủ, từ liên quan, câu liên quan, Hán Việt",chars/86E7.json
蛩,B,qióng,lo lắng; châu chấu,"từ liên quan, câu liên quan, Hán Việt",chars/86E9.json
蛭,B,zhì,sán lá; đỉa,câu liên quan,chars/86ED.json
蛮,C,mán,rất,bộ thủ,chars/86EE.json
蛱,B,jiá,xem 蛺蝶|蛱蝶[jia2 die2],"câu liên quan, Hán Việt",chars/86F1.json
蛲,B,náo,giun ký sinh; giun kim ở người (Enterobius vermicularis),câu liên quan,chars/86F2.json
蛳,A,sī,ốc sên,Hán Việt,chars/86F3.json
蛴,B,qí,dùng trong 蠐螬|蛴螬[qi2 cao2]; dùng trong 蝤蠐|蝤蛴[qiu2 qi2],câu liên quan,chars/86F4.json
蛵,B,xíng,xem 虰蛵[ding1 xing2],"từ liên quan, câu liên quan, Hán Việt",chars/86F5.json
蛸,B,shāo,nhện chân dài,"câu liên quan, Hán Việt",chars/86F8.json
蛹,B,yǒng,nhộng; ấu trùng,câu liên quan,chars/86F9.json
蛾,B,é,(hình thức kết hợp) con ngài,"câu liên quan, Hán Việt",chars/86FE.json
蜀,B,Shǔ,"tên gọi tắt của tỉnh Tứ Xuyên 四川[Si4 chuan1]; một trong Tam Quốc 三國|三国[San1 guo2] sau triều đại nhà Hán, còn gọi là 蜀漢|蜀汉[Shu3 Han4], nằm quanh khu vực hiện nay là tỉnh Tứ Xuyên",câu liên quan,chars/8700.json
蜃,A,shèn,con trai khổng lồ; (thần thoại) quái vật trai được cho là thở ra hơi nước tạo thành ảo ảnh các tòa nhà,Hán Việt,chars/8703.json
蜅,C,fǔ,con cua,"bộ thủ, từ liên quan, câu liên quan",chars/8705.json
蜈,B,wú,con rết,"câu liên quan, Hán Việt",chars/8708.json
蜉,B,fú,(chuồn chuồn); (kiến lớn),"câu liên quan, Hán Việt",chars/8709.json
蜊,B,lí,con nghêu,"câu liên quan, Hán Việt",chars/870A.json
蜍,B,chú,Bufo vulgaris; con cóc,câu liên quan,chars/870D.json
蜎,B,Yuān,họ [Yuan1],"từ liên quan, câu liên quan, Hán Việt",chars/870E.json
蜐,C,jié,xem 石蜐[shi2 jie2],"bộ thủ, từ liên quan, câu liên quan, Hán Việt",chars/8710.json
蜑,C,Dàn,người Đản Gia,"bộ thủ, từ liên quan, câu liên quan, Hán Việt",chars/8711.json
蜒,B,yán,sên; trong 蜿蜒[wan1 yan2],"câu liên quan, Hán Việt",chars/8712.json
蜓,B,tíng,xem 蜻蜓[qing1 ting2],"câu liên quan, Hán Việt",chars/8713.json
蜕,C,tuì,da lột ra khi lột xác; xác lột,"bộ thủ, câu liên quan, Hán Việt",chars/8715.json
蜗,A,wō,ốc sên; phát âm ở Đài Loan [gua1],Hán Việt,chars/8717.json
蜘,A,zhī,xem 蜘蛛[zhi1 zhu1],Hán Việt,chars/8718.json
蜚,B,fěi,con mòng,câu liên quan,chars/871A.json
蜛,C,jū,Hydrophilus cognatus,"bộ thủ, từ liên quan, câu liên quan, Hán Việt",chars/871B.json
蜞,B,qí,cua bò,"từ liên quan, câu liên quan, Hán Việt",chars/871E.json
蜢,B,měng,châu chấu,"câu liên quan, Hán Việt",chars/8722.json
蜣,B,qiāng,bọ hung,"câu liên quan, Hán Việt",chars/8723.json
蜥,B,xī,xem 蜥蜴[xi1 yi4],"câu liên quan, Hán Việt",chars/8725.json
蜩,B,tiáo,ve sầu,"từ liên quan, câu liên quan, Hán Việt",chars/8729.json
蜮,B,yù,sinh vật huyền thoại; ếch nhái,"câu liên quan, Hán Việt",chars/872E.json
蜯,C,bàng,biến thể của 蚌[bang4],"bộ thủ, từ liên quan, câu liên quan, Hán Việt",chars/872F.json
蜱,B,pí,bọ ve (động vật học),"từ liên quan, câu liên quan, Hán Việt",chars/8731.json
蜴,B,yì,xem 蜥蜴[xi1 yi4],"câu liên quan, Hán Việt",chars/8734.json
蜷,C,quán,cuộn lại (như cuộn giấy); co ro,"bộ thủ, câu liên quan, Hán Việt",chars/8737.json
蜻,B,qīng,xem 蜻蜓[qing1 ting2],"câu liên quan, Hán Việt",chars/873B.json
蜽,C,liǎng,xem 蝄蜽[wang3 liang3],"bộ thủ, từ liên quan, câu liên quan, Hán Việt",chars/873D.json
蜾,B,guǒ,dùng trong 蜾蠃[guo3 luo3],"từ liên quan, câu liên quan, Hán Việt",chars/873E.json
蜿,C,wān,dùng trong 蜿蜒[wan1 yan2],"bộ thủ, câu liên quan, Hán Việt",chars/873F.json
蝃,C,dì,cầu vồng,"bộ thủ, từ liên quan, câu liên quan, Hán Việt",chars/8743.json
蝄,C,wǎng,xem 蝄蜽[wang3 liang3],"bộ thủ, từ liên quan, câu liên quan, Hán Việt",chars/8744.json
蝇,C,yíng,ruồi; chòm sao Con Ruồi,bộ thủ,chars/8747.json
蝈,B,guō,"ve sầu xanh nhỏ hoặc ếch (nghĩa không rõ, có thể tượng thanh); xem 蟈蟈|蝈蝈 châu chấu rau dài","câu liên quan, Hán Việt",chars/8748.json
蝉,B,chán,con ve sầu,"câu liên quan, Hán Việt",chars/8749.json
蝋,C,là,biến thể tiếng Nhật của 蠟|蜡[la4],"bộ thủ, từ liên quan, câu liên quan, Hán Việt",chars/874B.json
蝌,B,kē,nòng nọc,"câu liên quan, Hán Việt",chars/874C.json
蝍,C,jí,một loại rết,"bộ thủ, từ liên quan, câu liên quan, Hán Việt",chars/874D.json
蝎,B,xiē,biến thể của 蠍|蝎[xie1],câu liên quan,chars/874E.json
蝏,C,tíng,dùng trong 蜻蝏[qing1 ting2],"bộ thủ, từ liên quan, câu liên quan, Hán Việt",chars/874F.json
蝐,C,mào,xem 蝳蝐[dai4 mao4],"bộ thủ, từ liên quan, câu liên quan, Hán Việt",chars/8750.json
蝒,C,mián,"ve sầu lớn, màu đen; châu chấu","bộ thủ, từ liên quan, câu liên quan",chars/8752.json
蝓,B,yú,dùng trong 蛞蝓[kuo4 yu2],"từ liên quan, câu liên quan, Hán Việt",chars/8753.json
蝗,B,huáng,cào cào,"câu liên quan, Hán Việt",chars/8757.json
蝘,C,yǎn,Hemidactylus bowringii,"bộ thủ, từ liên quan, câu liên quan, Hán Việt",chars/8758.json
蝙,B,biān,dùng trong 蝙蝠[bian1 fu2],"câu liên quan, Hán Việt",chars/8759.json
蝛,C,wēi,xem 蛜蝛[yi1 wei1],"bộ thủ, từ liên quan, câu liên quan, Hán Việt",chars/875B.json
蝝,C,yuán,ấu trùng châu chấu không cánh,"bộ thủ, từ liên quan, câu liên quan, Hán Việt",chars/875D.json
蝠,B,fú,(hình thức kết hợp) con dơi,"câu liên quan, Hán Việt",chars/8760.json
蝣,B,yóu,Ephemera strigata,câu liên quan,chars/8763.json
蝤,B,qiú,dùng trong 蝤蠐|蝤蛴[qiu2 qi2],"từ liên quan, câu liên quan, Hán Việt",chars/8764.json
蝥,B,máo,biến thể của 蟊[mao2],"từ liên quan, câu liên quan, Hán Việt",chars/8765.json
蝮,B,fù,côn trùng; rắn độc (cổ đại),"câu liên quan, Hán Việt",chars/876E.json
蝰,B,kuí,dùng trong 蝰蛇[kui2 she2],"câu liên quan, Hán Việt",chars/8770.json
蝲,C,là,dùng trong 蝲蛄[la4 gu3]; dùng trong 蝲蝲蛄[la4 la4 gu3],"bộ thủ, từ liên quan, câu liên quan, Hán Việt",chars/8772.json
蝳,C,dài,xem 蝳蝐[dai4 mao4],"bộ thủ, từ liên quan, câu liên quan",chars/8773.json
蝻,B,nǎn,châu chấu chưa trưởng thành,"từ liên quan, câu liên quan, Hán Việt",chars/877B.json
蝼,B,lóu,xem 螻蛄|蝼蛄[lou2 gu1],câu liên quan,chars/877C.json
蝽,B,chūn,rệp,"từ liên quan, câu liên quan, Hán Việt",chars/877D.json
蝾,B,róng,con kỳ giông,"câu liên quan, Hán Việt",chars/877E.json
螀,C,jiāng,ve sầu (Cosmopsaltria opalifera),"bộ thủ, từ liên quan, câu liên quan, Hán Việt",chars/8780.json
螂,B,láng,biến thể của 螂[lang2],"câu liên quan, Hán Việt",chars/8782.json
螃,A,páng,dùng trong 螃蟹[pang2 xie4],Hán Việt,chars/8783.json
螅,B,xī,(giun sán),"câu liên quan, Hán Việt",chars/8785.json
螈,B,yuán,kỳ giông; sa giông,"câu liên quan, Hán Việt",chars/8788.json
螉,B,wēng,xem 蠮螉[ye1 weng1],"từ liên quan, câu liên quan",chars/8789.json
螋,B,sōu,dùng trong 蠼螋[qu2 sou1],"từ liên quan, câu liên quan, Hán Việt",chars/878B.json
融,A,róng,tuần hoàn,Hán Việt,chars/878D.json
螒,C,hàn,Aulacophora femoralis,"bộ thủ, từ liên quan, câu liên quan, Hán Việt",chars/8792.json
螓,B,qín,ve sầu nhỏ có đầu vuông,"từ liên quan, câu liên quan, Hán Việt",chars/8793.json
螗,B,táng,một loại ve sầu nhỏ có lưng màu xanh và tiếng kêu trong (trong sách cổ),"từ liên quan, câu liên quan, Hán Việt",chars/8797.json
螘,C,yǐ,kiến; biến thể của 蟻|蚁[yi3],"bộ thủ, từ liên quan, câu liên quan, Hán Việt",chars/8798.json
螙,C,dù,biến thể của 蠹[du4],"bộ thủ, từ liên quan, câu liên quan, Hán Việt",chars/8799.json
螚,C,nài,Eristalis tenax,"bộ thủ, từ liên quan, câu liên quan, Hán Việt",chars/879A.json
螟,B,míng,"côn trùng đục thân; sâu bướm ngài (Aphomia gullaris hoặc Plodia interpuncuella hoặc Heliothus armigera,...), loài gây hại nông nghiệp chính","câu liên quan, Hán Việt",chars/879F.json
螣,C,téng,rồng bay,"bộ thủ, từ liên quan, câu liên quan, Hán Việt",chars/87A3.json
螥,C,cāng,biến thể Nhật Bản của 蒼|苍 ruồi nhà,"bộ thủ, từ liên quan, câu liên quan, Hán Việt",chars/87A5.json
螨,B,mǎn,mạt,"câu liên quan, Hán Việt",chars/87A8.json
螫,B,shì,"(văn học) (của ong hoặc nhện, v.v.) đốt hoặc cắn","từ liên quan, câu liên quan, Hán Việt",chars/87AB.json
螬,B,cáo,dùng trong 蠐螬|蛴螬[qi2 cao2],"câu liên quan, Hán Việt",chars/87AC.json
螭,B,chī,rồng chưa mọc sừng (trong thần thoại hoặc huy hiệu); biến thể của 魑[chi1],"từ liên quan, câu liên quan, Hán Việt",chars/87AD.json
螯,B,áo,càng; móng (cua),"từ liên quan, câu liên quan, Hán Việt",chars/87AF.json
螳,B,táng,bọ ngựa,"câu liên quan, Hán Việt",chars/87B3.json
螵,B,piāo,dùng trong 螵蛸[piao1xiao1],"câu liên quan, Hán Việt",chars/87B5.json
螺,A,luó,vỏ ốc; ốc sên,Hán Việt,chars/87BA.json
螽,B,zhōng,(châu chấu); Gompsocleis mikado,"từ liên quan, câu liên quan, Hán Việt",chars/87BD.json
螾,C,yǐn,giun đất,"bộ thủ, từ liên quan, câu liên quan, Hán Việt",chars/87BE.json
蟀,A,shuài,dùng trong 蟋蟀[xi1 shuai4],Hán Việt,chars/87C0.json
蟅,C,zhè,châu chấu; bọ cánh cứng đất Trung Quốc (Eupolyphaga sinensis),"bộ thủ, từ liên quan, câu liên quan, Hán Việt",chars/87C5.json
蟆,B,má,cóc,"câu liên quan, Hán Việt",chars/87C6.json
蟊,B,máo,bọ cánh cứng Tây Ban Nha; con mọt ăn ngũ cốc,"câu liên quan, Hán Việt",chars/87CA.json
蟋,A,xī,dùng trong 蟋蟀[xi1 shuai4],Hán Việt,chars/87CB.json
蟏,B,xiāo,nhện chân dài,"từ liên quan, câu liên quan, Hán Việt",chars/87CF.json
蟑,B,zhāng,con gián,"câu liên quan, Hán Việt",chars/87D1.json
蟒,B,mǎng,con trăn,câu liên quan,chars/87D2.json
蟓,B,xiàng,tằm,"từ liên quan, câu liên quan, Hán Việt",chars/87D3.json
蟛,B,péng,(cua đồng); loài grapsus sp.,"từ liên quan, câu liên quan, Hán Việt",chars/87DB.json
蟜,B,Jiǎo,họ [Jiao3],"từ liên quan, câu liên quan, Hán Việt",chars/87DC.json
蟟,B,liáo,xem 蟭蟟[jiao1 liao2],"từ liên quan, câu liên quan",chars/87DF.json
蟠,B,pán,cuộn,"câu liên quan, Hán Việt",chars/87E0.json
蟢,B,xǐ,(nhện),"từ liên quan, câu liên quan, Hán Việt",chars/87E2.json
蟥,B,huáng,đỉa ngựa,"câu liên quan, Hán Việt",chars/87E5.json
蟨,C,jué,chuột nhảy Siberia,"bộ thủ, từ liên quan, câu liên quan, Hán Việt",chars/87E8.json
蟪,B,huì,(ve sầu); Platypleura kaempferi,"từ liên quan, câu liên quan, Hán Việt",chars/87EA.json
蟭,B,jiāo,trứng bọ ngựa,"từ liên quan, câu liên quan, Hán Việt",chars/87ED.json
蟮,B,shàn,xem 蛐蟮[qu1 shan5],"câu liên quan, Hán Việt",chars/87EE.json
蟳,C,xún,(cua lông),"bộ thủ, từ liên quan, câu liên quan",chars/87F3.json
蟷,C,dāng,bọ ngựa,"bộ thủ, từ liên quan, câu liên quan, Hán Việt",chars/87F7.json
蟹,A,xiè,cua,Hán Việt,chars/87F9.json
蟺,C,shàn,giun đất,"bộ thủ, từ liên quan, câu liên quan, Hán Việt",chars/87FA.json
蟾,B,chán,con cóc (chán đại diện cho âm thanh kêu của nó); (thần thoại) con cóc ba chân được cho là tồn tại trên mặt trăng,"câu liên quan, Hán Việt",chars/87FE.json
蟿,C,qì,(côn trùng); Tryxalis masuta,"bộ thủ, từ liên quan, câu liên quan, Hán Việt",chars/87FF.json
蠂,C,shè,Podisma mikado,"bộ thủ, từ liên quan, câu liên quan, Hán Việt",chars/8802.json
蠃,C,luǒ,dùng trong 蜾蠃[guo3 luo3],"bộ thủ, từ liên quan, câu liên quan, Hán Việt",chars/8803.json
蠉,C,xuān,bọ gậy; ấu trùng muỗi,"bộ thủ, từ liên quan, câu liên quan, Hán Việt",chars/8809.json
蠊,B,lián,con gián,"câu liên quan, Hán Việt",chars/880A.json
蠋,C,zhú,sâu bướm,"bộ thủ, từ liên quan, câu liên quan, Hán Việt",chars/880B.json
蠎,C,mǎng,biến thể cũ của 蟒[mang3],"bộ thủ, từ liên quan, câu liên quan, Hán Việt",chars/880E.json
蠓,B,měng,con châu chấu; con dĩn,"từ liên quan, câu liên quan",chars/8813.json
蠕,B,rú,biến thể của 蠕[ru2],"câu liên quan, Hán Việt",chars/8815.json
蠖,B,huò,sâu đo,"câu liên quan, Hán Việt",chars/8816.json
蠗,C,zhuó,(vượn); (vỏ sò),"bộ thủ, từ liên quan, câu liên quan, Hán Việt",chars/8817.json
蠚,C,hē,chích,"bộ thủ, từ liên quan, câu liên quan, Hán Việt",chars/881A.json
蠛,B,miè,ruồi nhỏ,"từ liên quan, câu liên quan",chars/881B.json
蠜,C,fán,cyrtophyllus sp.,"bộ thủ, từ liên quan, câu liên quan, Hán Việt",chars/881C.json
蠡,B,lí,quả bầu,câu liên quan,chars/8821.json
蠧,C,dù,biến thể của 蠹[du4],"bộ thủ, từ liên quan, câu liên quan, Hán Việt",chars/8827.json
蠩,C,zhū,con cóc,"bộ thủ, từ liên quan, câu liên quan, Hán Việt",chars/8829.json
蠮,B,yē,ong bắp cày họ Sphecidae,"từ liên quan, câu liên quan, Hán Việt",chars/882E.json
蠰,C,shàng,Cerambyx rugicollis,"bộ thủ, từ liên quan, câu liên quan, Hán Việt",chars/8830.json
蠲,B,juān,khấu trừ; cho thấy,"từ liên quan, câu liên quan, Hán Việt",chars/8832.json
蠵,B,xī,rùa lớn,"từ liên quan, câu liên quan, Hán Việt",chars/8835.json
蠷,C,qú,biến thể của 蠼[qu2],"bộ thủ, từ liên quan, câu liên quan, Hán Việt",chars/8837.json
蠸,C,quán,Aulacophora femoralis,"bộ thủ, từ liên quan, câu liên quan, Hán Việt",chars/8838.json
蠹,B,dù,"côn trùng đục sách, quần áo, v.v.; bị mọt ăn","câu liên quan, Hán Việt",chars/8839.json
蠼,B,qú,dùng trong 蠼螋[qu2 sou1],"từ liên quan, câu liên quan, Hán Việt",chars/883C.json
蠽,C,jié,ve sầu xanh nhỏ,"bộ thủ, từ liên quan, câu liên quan, Hán Việt",chars/883D.json
衁,C,huāng,máu,"bộ thủ, từ liên quan, câu liên quan, Hán Việt",chars/8841.json
衄,C,nǜ,biến thể cũ của 衄[nu:4],"bộ thủ, từ liên quan, câu liên quan, Hán Việt",chars/8844.json
衅,A,xìn,cãi nhau; tranh chấp,Hán Việt,chars/8845.json
衈,C,èr,máu của gia cầm hiến tế được rảy lên cửa và đồ vật,"bộ thủ, từ liên quan, câu liên quan, Hán Việt",chars/8848.json
衉,C,kè,nôn mửa,"bộ thủ, từ liên quan, câu liên quan, Hán Việt",chars/8849.json
衋,C,xì,buồn bã (cổ),"bộ thủ, từ liên quan, câu liên quan, Hán Việt",chars/884B.json
衍,C,yǎn,lan rộng; phát triển,"bộ thủ, Hán Việt",chars/884D.json
衎,C,kàn,vui vẻ,"bộ thủ, từ liên quan, câu liên quan, Hán Việt",chars/884E.json
衒,C,xuàn,biến thể của 炫[xuan4]; (văn học) khoe khoang,"bộ thủ, từ liên quan, câu liên quan, Hán Việt",chars/8852.json
衖,B,xiàng,biến thể của 巷[xiang4],"từ liên quan, câu liên quan, Hán Việt",chars/8856.json
街,A,jiē,đường phố,Hán Việt,chars/8857.json
衙,B,Yá,họ [Ya2],"câu liên quan, Hán Việt",chars/8859.json
衞,C,wèi,biến thể của 衛|卫[wei4]; bảo vệ,"bộ thủ, từ liên quan, câu liên quan, Hán Việt",chars/885E.json
衟,C,dào,biến thể cũ của 道[dao4],"bộ thủ, từ liên quan, câu liên quan, Hán Việt",chars/885F.json
衡,C,héng,cân; nặng,"bộ thủ, Hán Việt",chars/8861.json
衢,B,qú,đại lộ,"câu liên quan, Hán Việt",chars/8862.json
衤,B,yī,áo.,"từ liên quan, câu liên quan, Hán Việt",chars/8864.json
衩,B,chǎ,đường may hở của quần áo; quần đùi,"câu liên quan, Hán Việt",chars/8869.json
衬,A,chèn,(của quần áo) sát da; lót,Hán Việt,chars/886C.json
衭,C,fū,ve áo,"bộ thủ, từ liên quan, câu liên quan, Hán Việt",chars/886D.json
衮,B,gǔn,long bào,câu liên quan,chars/886E.json
衰,C,cuī,biến thể của 縗|缞[cui1],bộ thủ,chars/8870.json
衲,B,nà,áo cà sa; lót,"từ liên quan, câu liên quan",chars/8872.json
衵,C,nì,đồ lót nữ,"bộ thủ, từ liên quan, câu liên quan, Hán Việt",chars/8875.json
衷,C,zhōng,tâm tư tình cảm,"bộ thủ, Hán Việt",chars/8877.json
衹,B,qí,áo cà sa của hòa thượng hoặc ni cô,"từ liên quan, câu liên quan, Hán Việt",chars/8879.json
衽,B,rèn,(văn học) phần vạt áo chồng lên của trang phục Trung Quốc; vạt áo,"từ liên quan, câu liên quan, Hán Việt",chars/887D.json
衾,B,qīn,chăn; mền,câu liên quan,chars/887E.json
衿,B,jīn,cổ áo; thắt lưng,"từ liên quan, câu liên quan, Hán Việt",chars/887F.json
袁,C,Yuán,họ [Yuan2],"bộ thủ, câu liên quan, Hán Việt",chars/8881.json
袂,B,mèi,tay áo của áo choàng,"câu liên quan, Hán Việt",chars/8882.json
袄,B,ǎo,áo khoác; áo jacket,câu liên quan,chars/8884.json
袅,A,niǎo,mỏng manh; duyên dáng,Hán Việt,chars/8885.json
袆,C,huī,lễ phục của hoàng hậu,"bộ thủ, từ liên quan, câu liên quan, Hán Việt",chars/8886.json
袈,B,jiā,dùng trong 袈裟[jia1 sha1],câu liên quan,chars/8888.json
袍,C,páo,"áo choàng, áo bào",bộ thủ,chars/888D.json
袒,B,tǎn,để lộ,"câu liên quan, Hán Việt",chars/8892.json
袗,C,zhěn,áo không lót,"bộ thủ, từ liên quan, câu liên quan, Hán Việt",chars/8897.json
袚,C,fú,miếng đệm đầu gối; giày ủng nhẹ,"bộ thủ, từ liên quan, câu liên quan, Hán Việt",chars/889A.json
袜,A,wà,tất; vớ,Hán Việt,chars/889C.json
袟,B,Zhì,họ [Zhi4],"từ liên quan, câu liên quan, Hán Việt",chars/889F.json
袢,B,pàn,dùng trong 袷袢[qia1 pan4]; biến thể của 襻[pan4],"từ liên quan, câu liên quan, Hán Việt",chars/88A2.json
袤,B,mào,chiều dài; khoảng cách từ bắc tới nam,"câu liên quan, Hán Việt",chars/88A4.json
袪,C,qū,cửa tay áo,"bộ thủ, từ liên quan, câu liên quan, Hán Việt",chars/88AA.json
袭,C,xí,"Tập kích, tấn công bất ngờ; tập nhiễm, lan tràn; thừa hưởng",bộ thủ,chars/88AD.json
袮,C,Nǐ,Ngài; Chúa (thiên chúa),"bộ thủ, từ liên quan, câu liên quan, Hán Việt",chars/88AE.json
袯,B,bó,xem 襏襫|袯襫[bo2 shi4],"từ liên quan, câu liên quan, Hán Việt",chars/88AF.json
袱,C,fú,(dạng kết hợp) tấm vải dùng để gói hoặc phủ,"bộ thủ, Hán Việt",chars/88B1.json
袲,C,yí,tên địa danh,"bộ thủ, từ liên quan, câu liên quan, Hán Việt",chars/88B2.json
袷,B,jiá,có lớp lót,"từ liên quan, câu liên quan, Hán Việt",chars/88B7.json
袺,C,jié,vén váy,"bộ thủ, từ liên quan, câu liên quan, Hán Việt",chars/88BA.json
袼,B,gē,miếng nối vải; phần vải vừa khít dưới nách áo,"câu liên quan, Hán Việt",chars/88BC.json
袽,C,rú,giẻ rách cũ,"bộ thủ, từ liên quan, câu liên quan, Hán Việt",chars/88BD.json
袿,C,guà,biến thể cũ của 褂[gua4],"bộ thủ, từ liên quan, câu liên quan, Hán Việt",chars/88BF.json
裀,C,yīn,đệm; quần áo lót,"bộ thủ, từ liên quan, câu liên quan, Hán Việt",chars/88C0.json
裁,C,cái,cắt may,bộ thủ,chars/88C1.json
裂,A,liè,xé toạc,Hán Việt,chars/88C2.json
裆,B,dāng,đũng quần; phần đáy của một chiếc quần dài,"câu liên quan, Hán Việt",chars/88C6.json
裇,B,xū,xem T裇[T xu1],"từ liên quan, câu liên quan, Hán Việt",chars/88C7.json
裈,C,kūn,quần (cũ),"bộ thủ, từ liên quan, câu liên quan, Hán Việt",chars/88C8.json
裉,B,kèn,đường may bên sườn của áo trên,"từ liên quan, câu liên quan, Hán Việt",chars/88C9.json
裋,C,shù,quần áo thô làm từ lông lạc đà,"bộ thủ, từ liên quan, câu liên quan, Hán Việt",chars/88CB.json
裍,C,kǔn,đường viền hoặc dải ở mép váy,"bộ thủ, từ liên quan, câu liên quan, Hán Việt",chars/88CD.json
裎,C,chéng,cởi quần áo; khoả thân,"bộ thủ, từ liên quan, câu liên quan, Hán Việt",chars/88CE.json
裒,B,póu,thu thập,câu liên quan,chars/88D2.json
裔,C,yì,hậu duệ; biên cương,"bộ thủ, Hán Việt",chars/88D4.json
裛,C,yì,gói ghém; ẩm ướt,"bộ thủ, từ liên quan, câu liên quan, Hán Việt",chars/88DB.json
裟,B,shā,dùng trong 袈裟[jia1 sha1],"câu liên quan, Hán Việt",chars/88DF.json
裢,B,lián,túi đeo từ thắt lưng,"câu liên quan, Hán Việt",chars/88E2.json
裣,B,liǎn,xem 襝衽|裣衽[lian3 ren4],"từ liên quan, câu liên quan, Hán Việt",chars/88E3.json
裥,B,jiǎn,biến thể của 襉|裥[jian3],"từ liên quan, câu liên quan, Hán Việt",chars/88E5.json
裨,C,Pí,họ [Pi2],"bộ thủ, câu liên quan, Hán Việt",chars/88E8.json
裯,C,chóu,rèm giường; mền phủ,"bộ thủ, từ liên quan, câu liên quan, Hán Việt",chars/88EF.json
裰,C,duō,vá quần áo,"bộ thủ, từ liên quan, câu liên quan, Hán Việt",chars/88F0.json
裱,C,biǎo,treo (giấy); làm khung (tranh),"bộ thủ, câu liên quan",chars/88F1.json
裲,C,liǎng,áo gi-lê,"bộ thủ, từ liên quan, câu liên quan, Hán Việt",chars/88F2.json
裳,A,cháng,quần áo phía dưới; váy,Hán Việt,chars/88F3.json
裴,B,Péi,họ [Pei2],"từ liên quan, câu liên quan",chars/88F4.json
裹,A,guǒ,bọc,Hán Việt,chars/88F9.json
裼,C,tì,chăn em bé,"bộ thủ, từ liên quan, câu liên quan, Hán Việt",chars/88FC.json
裾,B,jū,trang phục,"từ liên quan, câu liên quan, Hán Việt",chars/88FE.json
褀,C,qí,biến thể của 綥[qi2],"bộ thủ, từ liên quan, câu liên quan, Hán Việt",chars/8900.json
褂,B,guà,áo không lót kiểu Trung Quốc; áo choàng,"câu liên quan, Hán Việt",chars/8902.json
褉,C,xiē,trang phục ngắn,"bộ thủ, từ liên quan, câu liên quan, Hán Việt",chars/8909.json
褊,B,biǎn,hẹp; gấp gáp,"câu liên quan, Hán Việt",chars/890A.json
褎,C,xiù,tay áo; trang phục rộng thùng thình,"bộ thủ, từ liên quan, câu liên quan, Hán Việt",chars/890E.json
褏,C,xiù,biến thể cũ của 袖[xiu4],"bộ thủ, từ liên quan, câu liên quan, Hán Việt",chars/890F.json
褐,A,hè,màu nâu; màu xám hoặc màu tối,Hán Việt,chars/8910.json
褒,B,bāo,khen ngợi; tuyên dương,"câu liên quan, Hán Việt",chars/8912.json
褓,C,bǎo,biến thể của 褓[bao3],bộ thủ,chars/8913.json
褔,C,fù,no đủ; lượng từ cho quần áo (cũ),"bộ thủ, từ liên quan, câu liên quan, Hán Việt",chars/8914.json
褕,C,yú,trang phục rộng rãi,"bộ thủ, từ liên quan, câu liên quan, Hán Việt",chars/8915.json
褙,B,bèi,giấy hoặc vải dán lại với nhau,"câu liên quan, Hán Việt",chars/8919.json
褚,B,Chǔ,họ [Chu3],"câu liên quan, Hán Việt",chars/891A.json
褛,B,lǚ,bẩn; rách nát,"câu liên quan, Hán Việt",chars/891B.json
褟,B,tā,áo lót; may vào quần áo,"từ liên quan, câu liên quan, Hán Việt",chars/891F.json
褡,B,dā,túi; áo không tay,"câu liên quan, Hán Việt",chars/8921.json
褢,C,huái,"mang trong ngực hoặc ống tay; bao bọc, che giấu","bộ thủ, từ liên quan, câu liên quan, Hán Việt",chars/8922.json
褥,B,rù,nệm,"câu liên quan, Hán Việt",chars/8925.json
褦,C,nài,không biết; mũ chống nắng,"bộ thủ, từ liên quan, câu liên quan, Hán Việt",chars/8926.json
褧,C,jiǒng,áo đơn không lót,"bộ thủ, từ liên quan, câu liên quan, Hán Việt",chars/8927.json
褪,C,tuì,cởi (quần áo); rụng lông,"bộ thủ, Hán Việt",chars/892A.json
褫,B,chǐ,tước bỏ; tước đoạt,"câu liên quan, Hán Việt",chars/892B.json
褯,C,jiè,tã lót,"bộ thủ, từ liên quan, câu liên quan, Hán Việt",chars/892F.json
褰,B,qiān,"vén (quần áo, ga trải giường); trang phục dưới","từ liên quan, câu liên quan, Hán Việt",chars/8930.json
褱,B,huái,"mang trong ngực hoặc ống tay; gói, giấu","từ liên quan, câu liên quan, Hán Việt",chars/8931.json
褴,B,lán,quần áo rách rưới,"câu liên quan, Hán Việt",chars/8934.json
褵,B,lí,khăn voan hoặc khăn trùm đầu của cô dâu,"từ liên quan, câu liên quan, Hán Việt",chars/8935.json
褶,B,xí,(arch.) trang phục triều đình,câu liên quan,chars/8936.json
褽,C,wèi,cổ áo,"bộ thủ, từ liên quan, câu liên quan, Hán Việt",chars/893D.json
褾,C,biǎo,cổ tay; viền hoặc mép (của quần áo),"bộ thủ, từ liên quan, câu liên quan, Hán Việt",chars/893E.json
襁,A,qiǎng,xâu tiền đồng; biến thể của 襁[qiang3],Hán Việt,chars/8941.json
襄,C,Xiāng,họ [Xiang1],"bộ thủ, câu liên quan, Hán Việt",chars/8944.json
襆,C,fú,(hình thức kết hợp) một loại khăn đội đầu nam giới thời cổ đại Trung Quốc (biến thể của 幞[fu2]); biến thể của 袱[fu2],"bộ thủ, từ liên quan, câu liên quan",chars/8946.json
襉,C,jiǎn,,"nghĩa, bộ thủ, từ liên quan, câu liên quan, Hán Việt",chars/8949.json
襋,C,jí,cổ áo,"bộ thủ, từ liên quan, câu liên quan, Hán Việt",chars/894B.json
襌,C,dān,áo không có lớp lót,"bộ thủ, từ liên quan, câu liên quan",chars/894C.json
襕,C,lán,áo dài (xưa),"bộ thủ, từ liên quan, câu liên quan, Hán Việt",chars/8955.json
襚,C,suì,quần áo liệm,"bộ thủ, từ liên quan, câu liên quan, Hán Việt",chars/895A.json
襛,C,nóng,ánh sáng rực rỡ; quần áo ấm,"bộ thủ, từ liên quan, câu liên quan, Hán Việt",chars/895B.json
襜,C,chān,vạt trước của quần áo,"bộ thủ, từ liên quan, câu liên quan, Hán Việt",chars/895C.json
襞,B,bì,nếp gấp; nếp gấp hoặc pli trong trang phục,"từ liên quan, câu liên quan, Hán Việt",chars/895E.json
襟,C,jīn,ve áo; phần vạt chồng của áo truyền thống Trung Quốc,"bộ thủ, câu liên quan, Hán Việt",chars/895F.json
襡,C,shú,váy ngắn hoặc áo ngắn,"bộ thủ, từ liên quan, câu liên quan, Hán Việt",chars/8961.json
襢,C,zhàn,trang phục giản dị nhưng thanh lịch,"bộ thủ, từ liên quan, câu liên quan, Hán Việt",chars/8962.json
襥,C,fú,biến thể cũ của 襆[fu2],"bộ thủ, từ liên quan, câu liên quan, Hán Việt",chars/8965.json
襦,B,rú,áo khoác; áo ngắn,"từ liên quan, câu liên quan, Hán Việt",chars/8966.json
襫,B,shì,xem 襏襫|袯襫[bo2 shi4],"từ liên quan, câu liên quan, Hán Việt",chars/896B.json
襭,C,xié,mang bằng vạt trước của áo choàng,"bộ thủ, từ liên quan, câu liên quan, Hán Việt",chars/896D.json
襮,C,bó,cổ áo thêu; lộ ra,"bộ thủ, từ liên quan, câu liên quan, Hán Việt",chars/896E.json
襶,C,dài,không gọn gàng (về trang phục),"bộ thủ, từ liên quan, câu liên quan, Hán Việt",chars/8976.json
襻,C,pàn,"vòng; vòng đai, vòng dây","bộ thủ, câu liên quan, Hán Việt",chars/897B.json
襼,C,yì,ống tay áo của váy,"bộ thủ, từ liên quan, câu liên quan, Hán Việt",chars/897C.json
襽,C,lán,biến thể cũ của 襴|襕[lan2]; gấm,"bộ thủ, từ liên quan, câu liên quan, Hán Việt",chars/897D.json
襾,B,yà,"Che đậy, úp lên","từ liên quan, câu liên quan, Hán Việt",chars/897E.json
西,C,xī,tây,bộ thủ,chars/897F.json
覀,C,xx,che; cũng như 襾[ya4]; bộ Khang Hy số 146,"bộ thủ, từ liên quan, câu liên quan, Hán Việt",chars/8980.json
要,C,yào,nếu,bộ thủ,chars/8981.json
覂,C,fěng,hất ngã người cưỡi,"bộ thủ, từ liên quan, câu liên quan, Hán Việt",chars/8982.json
覃,C,Qín,họ [Qin2],"bộ thủ, câu liên quan, Hán Việt",chars/8983.json
覅,C,fiào,viết tắt của 勿要; không được,"bộ thủ, từ liên quan, câu liên quan, Hán Việt",chars/8985.json
覆,A,fù,che phủ; tràn ra,Hán Việt,chars/8986.json
覉,C,jī,biến thể của 羈|羁[ji1],"bộ thủ, từ liên quan, câu liên quan, Hán Việt",chars/8989.json
覌,C,guān,biến thể của 觀|观[guan1],"bộ thủ, từ liên quan, câu liên quan, Hán Việt",chars/898C.json
覐,C,jiào,biến thể cũ của 覺|觉[jiao4],"bộ thủ, từ liên quan, câu liên quan, Hán Việt",chars/8990.json
覗,C,sī,nhìn trộm,"bộ thủ, từ liên quan, câu liên quan, Hán Việt",chars/8997.json
覚,C,jué,biến thể tiếng Nhật của 覺|觉[jue2],"bộ thủ, từ liên quan, câu liên quan, Hán Việt",chars/899A.json
覜,C,tiào,yết kiến,"bộ thủ, từ liên quan, câu liên quan, Hán Việt",chars/899C.json
覤,C,xì,biến thể của 虩[xi4],"bộ thủ, từ liên quan, câu liên quan, Hán Việt",chars/89A4.json
覧,C,lǎn,biến thể Nhật Bản của 覽|览,"bộ thủ, từ liên quan, câu liên quan, Hán Việt",chars/89A7.json
覰,C,qù,biến thể của 覷|觑[qu4],"bộ thủ, từ liên quan, câu liên quan, Hán Việt",chars/89B0.json
観,C,guān,biến thể tiếng Nhật của 觀|观[guan1],"bộ thủ, từ liên quan, câu liên quan, Hán Việt",chars/89B3.json
观,C,Guàn,họ [Guan4],bộ thủ,chars/89C2.json
觃,C,yàn,(dùng trong tên địa danh),"bộ thủ, từ liên quan, câu liên quan, Hán Việt",chars/89C3.json
规,C,guī,biến thể của 規|规[gui1],"bộ thủ, Hán Việt",chars/89C4.json
觅,C,mì,(văn học) tìm kiếm; tìm thấy,"bộ thủ, Hán Việt",chars/89C5.json
视,C,shì,biến thể của 視|视[shi4]; biến thể của 示[shi4],"bộ thủ, Hán Việt",chars/89C6.json
觇,C,chān,quan sát; theo dõi,"bộ thủ, câu liên quan, Hán Việt",chars/89C7.json
览,C,lǎn,nhìn; xem,bộ thủ,chars/89C8.json
觉,C,jiào,giấc ngủ,bộ thủ,chars/89C9.json
觊,C,jì,thèm muốn; khao khát,"bộ thủ, câu liên quan, Hán Việt",chars/89CA.json
觋,C,xí,pháp sư,"bộ thủ, từ liên quan, câu liên quan, Hán Việt",chars/89CB.json
觌,C,dí,mặt đối mặt,"bộ thủ, từ liên quan, câu liên quan, Hán Việt",chars/89CC.json
觍,C,tiǎn,đáng xấu hổ; không biết xấu hổ,"bộ thủ, từ liên quan, câu liên quan, Hán Việt",chars/89CD.json
觎,C,yú,khao khát mãnh liệt,"bộ thủ, câu liên quan, Hán Việt",chars/89CE.json
觏,C,gòu,hoàn thành; gặp bất ngờ,"bộ thủ, từ liên quan, câu liên quan, Hán Việt",chars/89CF.json
觐,C,jìn,(lịch sử) yết kiến Hoàng đế,"bộ thủ, câu liên quan, Hán Việt",chars/89D0.json
觑,C,qù,"Liếc, nhìn trộm; nhìn kỹ, xem xét","bộ thủ, Hán Việt",chars/89D1.json
觔,C,jīn,biến thể của 筋[jin1]; biến thể của 斤[jin1],"bộ thủ, từ liên quan, câu liên quan, Hán Việt",chars/89D4.json
觖,B,jué,không hài lòng,"từ liên quan, câu liên quan, Hán Việt",chars/89D6.json
觚,B,gū,cái cốc; quy tắc,"câu liên quan, Hán Việt",chars/89DA.json
觜,B,zī,"chòm sao số 20 trong Nhị thập bát tú 二十八宿, xấp xỉ chòm Lạp Hộ 獵戶座|猎户座","từ liên quan, câu liên quan, Hán Việt",chars/89DC.json
觝,C,dǐ,húc; chống cự,"bộ thủ, từ liên quan, câu liên quan, Hán Việt",chars/89DD.json
觞,B,shāng,yến tiệc; cốc,"câu liên quan, Hán Việt",chars/89DE.json
觡,C,gé,sừng; gạc,"bộ thủ, từ liên quan, câu liên quan",chars/89E1.json
觥,B,gōng,to; ly lớn làm từ sừng,"câu liên quan, Hán Việt",chars/89E5.json
觧,C,jiě,biến thể của 解[jie3],"bộ thủ, từ liên quan, câu liên quan, Hán Việt",chars/89E7.json
觩,C,qiú,cong lên; căng,"bộ thủ, từ liên quan, câu liên quan, Hán Việt",chars/89E9.json
觫,B,sù,dùng trong 觳觫[hu2 su4],"từ liên quan, câu liên quan, Hán Việt",chars/89EB.json
觭,C,jī,lẻ; một sừng lên và một sừng xuống,"bộ thủ, từ liên quan, câu liên quan, Hán Việt",chars/89ED.json
觯,B,zhì,ly có chân,"từ liên quan, câu liên quan, Hán Việt",chars/89EF.json
觱,B,bì,sốt; sừng Tartar,"từ liên quan, câu liên quan, Hán Việt",chars/89F1.json
觳,B,hú,đồ đo lường cổ (giống như 斛); sợ hãi,"từ liên quan, câu liên quan, Hán Việt",chars/89F3.json
觵,C,gōng,biến thể cũ của 觥[gong1],"bộ thủ, từ liên quan, câu liên quan, Hán Việt",chars/89F5.json
觷,C,xué,mài sừng,"bộ thủ, từ liên quan, câu liên quan, Hán Việt",chars/89F7.json
觺,C,yí,(sừng động vật) nhọn,"bộ thủ, từ liên quan, câu liên quan, Hán Việt",chars/89FA.json
觼,C,jué,khóa; cài,"bộ thủ, từ liên quan, câu liên quan, Hán Việt",chars/89FC.json
觽,C,xī,"biến thể của 觿, trâm ngà voi dùng để gỡ nút thắt","bộ thủ, từ liên quan, câu liên quan, Hán Việt",chars/89FD.json
觾,C,yàn,"biến thể của 燕[yan4], chim én","bộ thủ, từ liên quan, câu liên quan, Hán Việt",chars/89FE.json
觿,C,xī,dùi ngà để gỡ nút,"bộ thủ, từ liên quan, câu liên quan, Hán Việt",chars/89FF.json
訄,C,qiú,(văn học) ép buộc ai đó; cưỡng bách ai đó,"bộ thủ, từ liên quan, câu liên quan, Hán Việt",chars/8A04.json
訇,B,Hōng,họ [Hong1],"câu liên quan, Hán Việt",chars/8A07.json
訑,C,yí,kiêu ngạo; độc ác,"bộ thủ, từ liên quan, câu liên quan, Hán Việt",chars/8A11.json
訚,B,Yín,họ [Yin2],"từ liên quan, câu liên quan, Hán Việt",chars/8A1A.json
訧,C,yóu,lỗi; lầm,"bộ thủ, từ liên quan, câu liên quan, Hán Việt",chars/8A27.json
訬,C,chāo,ồn ào; náo động,"bộ thủ, từ liên quan, câu liên quan, Hán Việt",chars/8A2C.json
訳,C,yì,biến thể Nhật Bản của 譯|译[yi4],"bộ thủ, từ liên quan, câu liên quan, Hán Việt",chars/8A33.json
訹,C,xù,lừa phỉnh bằng chuyện bịa đặt,"bộ thủ, từ liên quan, câu liên quan, Hán Việt",chars/8A39.json
訾,B,Zī,họ [Zi1],"từ liên quan, câu liên quan, Hán Việt",chars/8A3E.json
詅,C,líng,bán,"bộ thủ, từ liên quan, câu liên quan, Hán Việt",chars/8A45.json
詈,C,lì,chửi; mắng,"bộ thủ, câu liên quan, Hán Việt",chars/8A48.json
詊,C,pàn,lời nói khéo; làm vui lòng,"bộ thủ, từ liên quan, câu liên quan, Hán Việt",chars/8A4A.json
詑,C,tuó,lừa dối,"bộ thủ, từ liên quan, câu liên quan, Hán Việt",chars/8A51.json
詟,C,zhé,bị sợ hãi,"bộ thủ, từ liên quan, câu liên quan, Hán Việt",chars/8A5F.json
詨,C,jiāo,"một loại ve sầu, cosmopsaltria","bộ thủ, từ liên quan, câu liên quan, Hán Việt",chars/8A68.json
詸,C,mí,biến thể của 謎|谜[mi2],"bộ thủ, từ liên quan, câu liên quan, Hán Việt",chars/8A78.json
詹,B,Zhān,họ [Zhan1],"câu liên quan, Hán Việt",chars/8A79.json
詻,C,è,khắc nghiệt; khó gần,"bộ thủ, từ liên quan, câu liên quan, Hán Việt",chars/8A7B.json
誂,C,tiǎo,dụ dỗ,"bộ thủ, từ liên quan, câu liên quan, Hán Việt",chars/8A82.json
誃,C,chǐ,tách rời,"bộ thủ, từ liên quan, câu liên quan, Hán Việt",chars/8A83.json
誉,C,yù,khen ngợi; tán dương,bộ thủ,chars/8A89.json
誊,B,téng,chép lại; sao chép,"câu liên quan, Hán Việt",chars/8A8A.json
誋,C,jì,biến thể của 忌[jì],"bộ thủ, từ liên quan, câu liên quan, Hán Việt",chars/8A8B.json
誙,B,kēng,(cổ) chắc chắn; đúng vậy!,"từ liên quan, câu liên quan, Hán Việt",chars/8A99.json
誧,C,pǔ,to lớn; khuyên răn,"bộ thủ, từ liên quan, câu liên quan, Hán Việt",chars/8AA7.json
読,C,dú,biến thể Nhật Bản của 讀|读[du2],"bộ thủ, từ liên quan, câu liên quan, Hán Việt",chars/8AAD.json
誯,C,chàng,(cổ) biến thể của 唱[chang4],"bộ thủ, từ liên quan, câu liên quan, Hán Việt",chars/8AAF.json
諆,C,qī,lừa dối; gian lận,"bộ thủ, từ liên quan, câu liên quan, Hán Việt",chars/8AC6.json
諌,C,jiàn,biến thể của 諫|谏[jian4],"bộ thủ, từ liên quan, câu liên quan, Hán Việt",chars/8ACC.json
諕,C,háo,hăm doạ,"bộ thủ, từ liên quan, câu liên quan, Hán Việt",chars/8AD5.json
諵,C,nán,lẩm bẩm lặp đi lặp lại,"bộ thủ, từ liên quan, câu liên quan, Hán Việt",chars/8AF5.json
謆,C,shàn,dụ dỗ; phỉnh phờ,"bộ thủ, từ liên quan, câu liên quan, Hán Việt",chars/8B06.json
謇,B,jiǎn,nói thẳng thắn,"từ liên quan, câu liên quan, Hán Việt",chars/8B07.json
謋,C,huò,tiếng thịt bị tách ra khỏi xương,"bộ thủ, từ liên quan, câu liên quan, Hán Việt",chars/8B0B.json
謍,C,yíng,âm thanh ngân nga,"bộ thủ, từ liên quan, câu liên quan, Hán Việt",chars/8B0D.json
謑,C,xì,xấu hổ; nhục nhã,"bộ thủ, từ liên quan, câu liên quan, Hán Việt",chars/8B11.json
謡,C,yáo,biến thể Nhật Bản của 謠|谣,"bộ thủ, từ liên quan, câu liên quan, Hán Việt",chars/8B21.json
謦,B,qì,ho nhẹ,"từ liên quan, câu liên quan, Hán Việt",chars/8B26.json
謪,C,shāng,tham khảo; thảo luận,"bộ thủ, từ liên quan, câu liên quan, Hán Việt",chars/8B2A.json
謷,C,áo,sự vĩ đại; phỉ báng,"bộ thủ, từ liên quan, câu liên quan, Hán Việt",chars/8B37.json
謼,C,hū,hô hào; kêu than,"bộ thủ, từ liên quan, câu liên quan, Hán Việt",chars/8B3C.json
譅,C,sè,nói nhiều; lắm lời,"bộ thủ, từ liên quan, câu liên quan, Hán Việt",chars/8B45.json
譈,C,duì,không thích; ghét,"bộ thủ, từ liên quan, câu liên quan, Hán Việt",chars/8B48.json
譊,C,náo,"tranh cãi, tranh chấp, tranh luận","bộ thủ, từ liên quan, câu liên quan, Hán Việt",chars/8B4A.json
譒,C,bò,ban hành; lan truyền,"bộ thủ, từ liên quan, câu liên quan, Hán Việt",chars/8B52.json
譡,C,dǎng,biến thể cũ của 讜|谠[dang3],"bộ thủ, từ liên quan, câu liên quan, Hán Việt",chars/8B61.json
譩,C,yī,"biến thể của 噫, tiếng ừ (thán từ tán thành); ợ","bộ thủ, từ liên quan, câu liên quan, Hán Việt",chars/8B69.json
譱,C,shàn,biến thể cổ của 善[shan4],"bộ thủ, từ liên quan, câu liên quan, Hán Việt",chars/8B71.json
譲,C,ràng,biến thể tiếng Nhật của 讓|让,"bộ thủ, từ liên quan, câu liên quan, Hán Việt",chars/8B72.json
譶,C,tà,nói nhanh,"bộ thủ, từ liên quan, câu liên quan, Hán Việt",chars/8B76.json
譹,C,háo,hét; gầm,"bộ thủ, từ liên quan, câu liên quan, Hán Việt",chars/8B79.json
譾,C,jiǎn,biến thể của 謭|谫[jian3],"bộ thủ, từ liên quan, câu liên quan, Hán Việt",chars/8B7E.json
讆,C,wèi,khoa trương; khó tin,"bộ thủ, từ liên quan, câu liên quan, Hán Việt",chars/8B86.json
讇,C,chǎn,nói mớ; biến thể cũ của 諂|谄[chan3],"bộ thủ, từ liên quan, câu liên quan, Hán Việt",chars/8B87.json
讏,C,wèi,biến thể của 讆[wei4],"bộ thủ, từ liên quan, câu liên quan, Hán Việt",chars/8B8F.json
讐,C,chóu,biến thể của 讎|雠[chou2],"bộ thủ, từ liên quan, câu liên quan, Hán Việt",chars/8B90.json
讘,C,niè,(cổ) nói nhiều; nói nhảm,"bộ thủ, từ liên quan, câu liên quan, Hán Việt",chars/8B98.json
讟,C,dú,,"nghĩa, bộ thủ, từ liên quan, câu liên quan, Hán Việt",chars/8B9F.json
讠,B,yán,"Lời nói, ngôn ngữ.","từ liên quan, câu liên quan, Hán Việt",chars/8BA0.json
讣,B,fù,báo tang; cáo phó,câu liên quan,chars/8BA3.json
讥,A,jī,chế nhạo,Hán Việt,chars/8BA5.json
讦,C,jié,buộc tội; tò mò tìm hiểu,"bộ thủ, câu liên quan, Hán Việt",chars/8BA6.json
讧,C,hòng,xung đột; mất trật tự,"bộ thủ, câu liên quan, Hán Việt",chars/8BA7.json
讪,B,shàn,chế nhạo; nhạo báng,"câu liên quan, Hán Việt",chars/8BAA.json
讫,B,qì,kết thúc,"câu liên quan, Hán Việt",chars/8BAB.json
讬,C,tuō,biến thể giản thể không chuẩn của 託|托[tuo1],"bộ thủ, từ liên quan, câu liên quan",chars/8BAC.json
讯,A,xùn,hỏi; hỏi thăm,Hán Việt,chars/8BAF.json
讱,C,rèn,(văn học) chậm nói,"bộ thủ, từ liên quan, câu liên quan, Hán Việt",chars/8BB1.json
讴,B,ōu,hát; ballad,"câu liên quan, Hán Việt",chars/8BB4.json
讵,B,jù,sao (thán từ ngạc nhiên),"từ liên quan, câu liên quan, Hán Việt",chars/8BB5.json
讶,A,yà,kinh ngạc,Hán Việt,chars/8BB6.json
讷,B,nè,nói chậm; không lưu loát,câu liên quan,chars/8BB7.json
诀,C,jué,từ biệt; biết quyết mẹo nghề,"bộ thủ, Hán Việt",chars/8BC0.json
诂,B,gǔ,chú thích; giải thích,"câu liên quan, Hán Việt",chars/8BC2.json
诃,B,hē,la mắng,"câu liên quan, Hán Việt",chars/8BC3.json
诅,B,zǔ,nguyền rủa; thề (lời thề),câu liên quan,chars/8BC5.json
识,A,shí,nhận biết,Hán Việt,chars/8BC6.json
诇,C,xiòng,(văn học) do thám; dò xét,"bộ thủ, từ liên quan, câu liên quan, Hán Việt",chars/8BC7.json
诉,A,sù,biến thể của 訴|诉[su4],Hán Việt,chars/8BC9.json
诋,B,dǐ,phỉ báng; vu khống,"câu liên quan, Hán Việt",chars/8BCB.json
诌,B,zhōu,bịa đặt (một câu chuyện); phiên âm Đài Loan [zou1],"câu liên quan, Hán Việt",chars/8BCC.json
词,A,cí,từ,Hán Việt,chars/8BCD.json
诎,B,qū,uốn cong; nhượng bộ,"từ liên quan, câu liên quan, Hán Việt",chars/8BCE.json
诏,C,zhào,(văn học) khiển trách; (dạng cố định) chiếu chỉ hoàng gia,"bộ thủ, câu liên quan",chars/8BCF.json
诐,C,bì,không công bằng; nịnh nọt,"bộ thủ, từ liên quan, câu liên quan, Hán Việt",chars/8BD0.json
诒,B,yí,(cổ) dâng; tặng lại,"từ liên quan, câu liên quan, Hán Việt",chars/8BD2.json
诓,B,kuāng,lừa dối; lừa gạt,"câu liên quan, Hán Việt",chars/8BD3.json
诔,B,lěi,ca ngợi người đã khuất; điếu văn,"từ liên quan, câu liên quan, Hán Việt",chars/8BD4.json
诖,B,guà,lừa dối; quấy rầy,"từ liên quan, câu liên quan, Hán Việt",chars/8BD6.json
诘,B,jié,điều tra; kiềm chế,câu liên quan,chars/8BD8.json
诙,B,huī,kỳ quặc; hài hước,"câu liên quan, Hán Việt",chars/8BD9.json
诛,B,zhū,xử tử (một tội phạm); trừng phạt,câu liên quan,chars/8BDB.json
诜,B,shēn,thông báo; hỏi thăm,"từ liên quan, câu liên quan, Hán Việt",chars/8BDC.json
诞,A,dàn,sinh; sinh nhật,Hán Việt,chars/8BDE.json
诟,B,gòu,ô nhục; chửi bới,"câu liên quan, Hán Việt",chars/8BDF.json
诠,B,quán,giải thích; bình luận,"câu liên quan, Hán Việt",chars/8BE0.json
诡,B,guǐ,(dạng kết hợp) xảo trá; gian xảo; (văn học) kỳ lạ; kỳ quái,"câu liên quan, Hán Việt",chars/8BE1.json
询,A,xún,hỏi về; tìm hiểu về,Hán Việt,chars/8BE2.json
诣,C,yì,đi (thăm người cấp trên); trình độ hiện tại trong học vấn hoặc nghệ thuật,"bộ thủ, Hán Việt",chars/8BE3.json
诤,C,zhèng,khuyên răn; cảnh báo ai về lỗi lầm,"bộ thủ, câu liên quan, Hán Việt",chars/8BE4.json
该,A,gāi,nên,Hán Việt,chars/8BE5.json
诧,A,chà,ngạc nhiên; kinh ngạc,Hán Việt,chars/8BE7.json
诨,B,hùn,lời đùa; tên hiệu,"câu liên quan, Hán Việt",chars/8BE8.json
诩,B,xǔ,khoe khoang; phổ biến,"câu liên quan, Hán Việt",chars/8BE9.json
诪,C,zhōu,(văn học) nguyền rủa; lừa dối,"bộ thủ, từ liên quan, câu liên quan, Hán Việt",chars/8BEA.json
诫,C,jiè,điều răn; cấm,"bộ thủ, Hán Việt",chars/8BEB.json
诬,C,wū,vu cáo,"bộ thủ, câu liên quan",chars/8BEC.json
诮,B,qiào,chế nhạo; đổ lỗi,"câu liên quan, Hán Việt",chars/8BEE.json
误,A,wù,sai lầm,Hán Việt,chars/8BEF.json
诰,C,gào,khẩn dặn; phong tặng (danh hiệu),"bộ thủ, từ liên quan, câu liên quan, Hán Việt",chars/8BF0.json
诱,C,yòu,(văn học) dụ dỗ; lôi kéo,bộ thủ,chars/8BF1.json
诲,B,huì,dạy; dạy bảo,câu liên quan,chars/8BF2.json
诳,C,kuáng,lừa dối; lừa gạt; sai sự thật; nói dối,"bộ thủ, câu liên quan, Hán Việt",chars/8BF3.json
诶,C,ēi,này (để gọi ai đó),"bộ thủ, từ liên quan, câu liên quan, Hán Việt",chars/8BF6.json
诹,C,zōu,lựa chọn; tham khảo ý kiến,"bộ thủ, từ liên quan, câu liên quan, Hán Việt",chars/8BF9.json
诼,B,zhuó,phàn nàn,"từ liên quan, câu liên quan, Hán Việt",chars/8BFC.json
诽,A,fěi,vu khống,Hán Việt,chars/8BFD.json
诿,B,wěi,trốn tránh; đổ lỗi,"câu liên quan, Hán Việt",chars/8BFF.json
谀,B,yú,tâng bốc,câu liên quan,chars/8C00.json
谁,A,shéi,ai,Hán Việt,chars/8C01.json
谂,C,shěn,biết; khiển trách,"bộ thủ, từ liên quan, câu liên quan, Hán Việt",chars/8C02.json
谄,B,chǎn,nịnh hót; tâng bốc,câu liên quan,chars/8C04.json
谆,C,zhūn,lặp đi lặp lại (khi khuyên nhủ); chân thành,"bộ thủ, Hán Việt",chars/8C06.json
谇,B,suì,chửi bới,"từ liên quan, câu liên quan, Hán Việt",chars/8C07.json
谉,C,shěn,điều tra; xét xử (trong tòa án),"bộ thủ, từ liên quan, câu liên quan, Hán Việt",chars/8C09.json
谊,C,yì,tình bạn; cũng đọc là [yi2],"bộ thủ, Hán Việt",chars/8C0A.json
谌,B,Chén,họ [Chen2],"từ liên quan, câu liên quan",chars/8C0C.json
谎,A,huǎng,lời nói dối; nói dối,Hán Việt,chars/8C0E.json
谏,B,Jiàn,họ [Jian4],câu liên quan,chars/8C0F.json
谑,C,xuè,vui đùa; đùa giỡn,"bộ thủ, câu liên quan",chars/8C11.json
谒,B,yè,thăm (bề trên),câu liên quan,chars/8C12.json
谓,A,Wèi,họ [Wei4],Hán Việt,chars/8C13.json
谔,B,è,lời nói thẳng thắn,"từ liên quan, câu liên quan, Hán Việt",chars/8C14.json
谕,B,yù,mệnh lệnh (từ cấp trên),câu liên quan,chars/8C15.json
谖,B,xuān,lừa dối; quên,"từ liên quan, câu liên quan, Hán Việt",chars/8C16.json
谗,B,chán,vu khống; phỉ báng,câu liên quan,chars/8C17.json
谘,C,zī,biến thể của 咨[zi1],"bộ thủ, từ liên quan, câu liên quan, Hán Việt",chars/8C18.json
谙,B,ān,thông thạo; biết rõ,câu liên quan,chars/8C19.json
谚,C,yàn,tục ngữ,"bộ thủ, câu liên quan",chars/8C1A.json
谛,B,dì,xem xét; sự thật (Phật giáo),"câu liên quan, Hán Việt",chars/8C1B.json
谜,C,mí,câu đố,bộ thủ,chars/8C1C.json
谝,B,piǎn,khoe khoang,"từ liên quan, câu liên quan, Hán Việt",chars/8C1D.json
谞,C,xū,(văn học) tài năng và trí tuệ; mưu kế,"bộ thủ, từ liên quan, câu liên quan, Hán Việt",chars/8C1E.json
谟,B,mó,kế hoạch; lên kế hoạch,câu liên quan,chars/8C1F.json
谠,B,dǎng,trung thực; thẳng thắn,"từ liên quan, câu liên quan, Hán Việt",chars/8C20.json
谡,B,sù,điềm tĩnh; đứng dậy,"từ liên quan, câu liên quan, Hán Việt",chars/8C21.json
谥,B,shì,thuỵ hiệu; phong thuỵ hiệu,"từ liên quan, câu liên quan, Hán Việt",chars/8C25.json
谧,B,mì,yên tĩnh,"câu liên quan, Hán Việt",chars/8C27.json
谩,B,mán,lừa dối,"câu liên quan, Hán Việt",chars/8C29.json
谪,B,zhé,giáng chức quan cao xuống vị trí nhỏ ở vùng xa (hình phạt thời Trung Quốc phong kiến); đày hoặc lưu đày,câu liên quan,chars/8C2A.json
谫,B,jiǎn,nông cạn; hời hợt,"từ liên quan, câu liên quan, Hán Việt",chars/8C2B.json
谬,A,miù,lừa dối; nhầm lẫn,Hán Việt,chars/8C2C.json
谭,B,Tán,họ [Tan2],"câu liên quan, Hán Việt",chars/8C2D.json
谮,B,zèn,vu khống,"từ liên quan, câu liên quan, Hán Việt",chars/8C2E.json
谯,B,Qiáo,họ [Qiao2],"câu liên quan, Hán Việt",chars/8C2F.json
谰,B,lán,vu cáo,"câu liên quan, Hán Việt",chars/8C30.json
谲,C,jué,xảo trá,"bộ thủ, câu liên quan",chars/8C32.json
谳,B,yàn,phán quyết tư pháp,"từ liên quan, câu liên quan, Hán Việt",chars/8C33.json
谵,C,zhān,(văn học) nói sảng; nói mê,"bộ thủ, từ liên quan, câu liên quan, Hán Việt",chars/8C35.json
谶,B,chèn,lời tiên tri; điềm báo,"câu liên quan, Hán Việt",chars/8C36.json
谽,C,hān,một cái miệng hoặc khe hở,"bộ thủ, từ liên quan, câu liên quan, Hán Việt",chars/8C3D.json
豁,A,huō,mở rộng,Hán Việt,chars/8C41.json
豅,C,lóng,thung lũng dài và rộng,"bộ thủ, từ liên quan, câu liên quan, Hán Việt",chars/8C45.json
豇,B,jiāng,đậu đũa; đậu trắng,"câu liên quan, Hán Việt",chars/8C47.json
豉,B,chǐ,đậu lên men muối,câu liên quan,chars/8C49.json
豊,C,fēng,biến thể của 豐|丰[feng1],"bộ thủ, từ liên quan, câu liên quan, Hán Việt",chars/8C4A.json
豋,C,dēng,đồ dùng nghi lễ,"bộ thủ, từ liên quan, câu liên quan, Hán Việt",chars/8C4B.json
豌,B,wān,đậu Hà Lan,"câu liên quan, Hán Việt",chars/8C4C.json
豍,C,bī,đậu Hà Lan (Pisum sativum),"bộ thủ, từ liên quan, câu liên quan, Hán Việt",chars/8C4D.json
豏,C,xiàn,đậu nửa lớn; biến thể của 餡|馅[xian4],"bộ thủ, từ liên quan, câu liên quan, Hán Việt",chars/8C4F.json
豑,C,zhì,biến thể cũ của 秩[zhi4],"bộ thủ, từ liên quan, câu liên quan, Hán Việt",chars/8C51.json
豕,B,shǐ,Con lợn,câu liên quan,chars/8C55.json
豖,C,chù,lợn bị xích,"bộ thủ, từ liên quan, câu liên quan, Hán Việt",chars/8C56.json
豗,C,huī,va chạm; tiếng lợn kêu,"bộ thủ, từ liên quan, câu liên quan, Hán Việt",chars/8C57.json
豚,C,tún,lợn sữa,"bộ thủ, câu liên quan, Hán Việt",chars/8C5A.json
豜,C,jiān,lợn đã trưởng thành; lợn 3 tuổi,"bộ thủ, từ liên quan, câu liên quan, Hán Việt",chars/8C5C.json
豝,C,bā,thịt bò muối; lợn cái,"bộ thủ, từ liên quan, câu liên quan, Hán Việt",chars/8C5D.json
豞,C,hòu,tiếng lợn kêu ủn ỉn,"bộ thủ, từ liên quan, câu liên quan, Hán Việt",chars/8C5E.json
象,C,xiàng,voi; LT:隻|只[zhi1],bộ thủ,chars/8C61.json
豢,B,huàn,nuôi; dưỡng (động vật),"câu liên quan, Hán Việt",chars/8C62.json
豣,C,jiān,biến thể của 豜[jian1],"bộ thủ, từ liên quan, câu liên quan, Hán Việt",chars/8C63.json
豦,B,qú,lợn rừng; chiến đấu,"từ liên quan, câu liên quan, Hán Việt",chars/8C66.json
豨,C,xī,lợn,"bộ thủ, từ liên quan, câu liên quan, Hán Việt",chars/8C68.json
豩,C,bīn,,"nghĩa, bộ thủ, từ liên quan, câu liên quan, Hán Việt",chars/8C69.json
豫,C,Yù,viết tắt của tỉnh Hà Nam 河南 ở Trung Quốc miền trung,"bộ thủ, Hán Việt",chars/8C6B.json
豭,C,jiā,lợn đực; heo đực,"bộ thủ, từ liên quan, câu liên quan, Hán Việt",chars/8C6D.json
豮,C,fén,heo bị thiến,"bộ thủ, từ liên quan, câu liên quan, Hán Việt",chars/8C6E.json
豱,B,wēn,lợn đầu ngắn,"từ liên quan, câu liên quan, Hán Việt",chars/8C71.json
豳,B,Bīn,tên một huyện cổ ở Thiểm Tây; biến thể của 彬[bin1],"từ liên quan, câu liên quan, Hán Việt",chars/8C73.json
豵,C,zōng,bầy heo; con heo nhỏ,"bộ thủ, từ liên quan, câu liên quan, Hán Việt",chars/8C75.json
豷,C,yì,hơi thở của heo,"bộ thủ, từ liên quan, câu liên quan, Hán Việt",chars/8C77.json
豸,B,zhì,"Loài bò sát, loài sâu không có chân gọi là ""trĩ"" 豸, sâu có chân gọi là ""trùng"" 虫",câu liên quan,chars/8C78.json
豻,B,àn,nhà giam,"từ liên quan, câu liên quan, Hán Việt",chars/8C7B.json
貂,B,diāo,chồn zibelin hoặc chồn marten (chi Martes),"câu liên quan, Hán Việt",chars/8C82.json
貅,B,xiū,"xem 貔貅[pi2 xiu1], con vật thần thoại tổng hợp (gốc là 貅 chỉ con cái)",câu liên quan,chars/8C85.json
貆,C,huán,con lửng,"bộ thủ, từ liên quan, câu liên quan, Hán Việt",chars/8C86.json
貇,C,kūn,,"nghĩa, bộ thủ, từ liên quan, câu liên quan, Hán Việt",chars/8C87.json
貉,B,hé,"chó gấu trúc (Nyctereutes procyonoides); chó gấu trúc Bắc Trung Quốc, Hàn Quốc và Nhật Bản (tiếng Nhật: tanuki)","câu liên quan, Hán Việt",chars/8C89.json
貊,C,mò,tên của một bộ tộc hoang dã; im lặng,"bộ thủ, từ liên quan, câu liên quan, Hán Việt",chars/8C8A.json
貌,C,mào,diện mạo,"bộ thủ, Hán Việt",chars/8C8C.json
貔,B,pí,"xem 貔貅[pi2 xiu1], loài vật thần thoại tổng hợp (nguyên gốc 貔 là giống đực)","câu liên quan, Hán Việt",chars/8C94.json
貘,B,mò,lợn vòi,"từ liên quan, câu liên quan, Hán Việt",chars/8C98.json
貜,C,jué,(vượn),"bộ thủ, từ liên quan, câu liên quan, Hán Việt",chars/8C9C.json
貤,C,yí,thăng chức; thưởng,"bộ thủ, từ liên quan, câu liên quan, Hán Việt",chars/8CA4.json
賌,C,gāi,biến thể cũ của 賅|赅[gai1],"bộ thủ, từ liên quan, câu liên quan, Hán Việt",chars/8CCC.json
賏,C,yìng,chuỗi ngọc trai hoặc vỏ sò xâu lại với nhau,"bộ thủ, từ liên quan, câu liên quan, Hán Việt",chars/8CCF.json
賝,C,chēn,(ngọc),"bộ thủ, từ liên quan, câu liên quan, Hán Việt",chars/8CDD.json
賥,C,suì,tiền bạc và tài sản,"bộ thủ, từ liên quan, câu liên quan",chars/8CE5.json
賨,C,cóng,cống nạp của các bộ lạc triều Hán,"bộ thủ, từ liên quan, câu liên quan, Hán Việt",chars/8CE8.json
賮,C,jìn,quà chia tay,"bộ thủ, từ liên quan, câu liên quan, Hán Việt",chars/8CEE.json
賸,C,shèng,còn lại; phồn thể của 剩[sheng4],"bộ thủ, từ liên quan, câu liên quan, Hán Việt",chars/8CF8.json
贉,C,tǎn,trả trước; bìa sách lụa,"bộ thủ, từ liên quan, câu liên quan, Hán Việt",chars/8D09.json
贕,C,dú,gà chết lưu (trong trứng chưa nở); biến thể của 殰|㱩[du2],"bộ thủ, từ liên quan, câu liên quan, Hán Việt",chars/8D15.json
贞,C,zhēn,trinh tiết,bộ thủ,chars/8D1E.json
贠,C,yuán,biến thể cũ của 員|员[yuan2],"bộ thủ, từ liên quan, câu liên quan, Hán Việt",chars/8D20.json
账,A,zhàng,tài khoản,Hán Việt,chars/8D26.json
贩,A,fàn,kinh doanh; mua bán,Hán Việt,chars/8D29.json
贫,C,pín,"Nghèo, nghèo khó",bộ thủ,chars/8D2B.json
贬,C,biǎn,"Giáng chức; chê bai, hạ thấp; giảm giá",bộ thủ,chars/8D2C.json
购,A,gòu,mua,Hán Việt,chars/8D2D.json
贮,C,zhù,lưu trữ; tích trữ,bộ thủ,chars/8D2E.json
贰,C,èr,hai (chữ số phòng chống gian lận của ngân hàng); phản bội,"bộ thủ, câu liên quan",chars/8D30.json
贱,C,jiàn,rẻ tiền,"bộ thủ, câu liên quan",chars/8D31.json
贲,C,bì,,"nghĩa, bộ thủ, từ liên quan, câu liên quan, Hán Việt",chars/8D32.json
贳,B,shì,mượn; mua chịu,"từ liên quan, câu liên quan",chars/8D33.json
贴,A,tiē,dán,Hán Việt,chars/8D34.json
贵,C,guì,đắt,bộ thủ,chars/8D35.json
贶,B,kuàng,ban tặng; phong tặng,"từ liên quan, câu liên quan, Hán Việt",chars/8D36.json
贷,A,dài,cho vay lấy lãi; vay,Hán Việt,chars/8D37.json
贸,A,mào,thương mại; mậu dịch,Hán Việt,chars/8D38.json
贻,B,yí,tặng; để lại,"câu liên quan, Hán Việt",chars/8D3B.json
贼,C,zéi,kẻ trộm,bộ thủ,chars/8D3C.json
贽,B,zhì,quà tặng cho cấp trên,"câu liên quan, Hán Việt",chars/8D3D.json
贾,A,Jiǎ,họ [Jia3],Hán Việt,chars/8D3E.json
贿,C,huì,(dạng kết hợp) hối lộ,"bộ thủ, Hán Việt",chars/8D3F.json
赀,B,zī,ước tính; phạt tiền (cổ),"từ liên quan, câu liên quan, Hán Việt",chars/8D40.json
赁,C,lìn,thuê,"bộ thủ, Hán Việt",chars/8D41.json
资,A,zī,tài nguyên; vốn,Hán Việt,chars/8D44.json
赅,B,Gāi,họ [Gai1],"câu liên quan, Hán Việt",chars/8D45.json
赆,B,jìn,quà tặng ly biệt,"từ liên quan, câu liên quan, Hán Việt",chars/8D46.json
赇,C,qiú,hối lộ,"bộ thủ, từ liên quan, câu liên quan, Hán Việt",chars/8D47.json
赈,B,zhèn,cứu trợ; hỗ trợ,"câu liên quan, Hán Việt",chars/8D48.json
赉,B,lài,ban tặng; phong tặng,"câu liên quan, Hán Việt",chars/8D49.json
赊,B,shē,mua hoặc bán chịu; xa,"câu liên quan, Hán Việt",chars/8D4A.json
赋,C,fù,bài thơ phú; sự đánh thuế,bộ thủ,chars/8D4B.json
赍,C,jī,tặng (quà); ôm giữ (cảm xúc),"bộ thủ, từ liên quan, câu liên quan, Hán Việt",chars/8D4D.json
赎,C,shú,chuộc lại,bộ thủ,chars/8D4E.json
赐,A,cì,ban cho,Hán Việt,chars/8D50.json
赑,C,bì,xem 贔屭|赑屃[Bi4 xi4],"bộ thủ, từ liên quan, câu liên quan, Hán Việt",chars/8D51.json
赒,B,zhōu,cứu trợ người nghèo; bố thí,"từ liên quan, câu liên quan, Hán Việt",chars/8D52.json
赓,B,gēng,tiếp tục (như một bài hát),"từ liên quan, câu liên quan, Hán Việt",chars/8D53.json
赔,A,péi,bị lỗ,Hán Việt,chars/8D54.json
赕,B,dǎn,(tiếng man di cổ) nộp phạt để chuộc tội; sông,"từ liên quan, câu liên quan, Hán Việt",chars/8D55.json
赖,A,lài,đổ lỗi,Hán Việt,chars/8D56.json
赗,C,fèng,"(văn học) tặng quà (tiền, v.v.) cho gia đình tang quyến; đóng góp chi phí tang lễ","bộ thủ, từ liên quan, câu liên quan",chars/8D57.json
赘,C,zhuì,(hình thức ghép) thừa thãi; (hình thức ghép) (người đàn ông) chuyển đến ở nhà vợ sau khi kết hôn; (bố mẹ cô dâu) cho chú rể vào ở rể,"bộ thủ, câu liên quan, Hán Việt",chars/8D58.json
赙,B,fù,đóng góp chi phí tang lễ,"từ liên quan, câu liên quan, Hán Việt",chars/8D59.json
赚,A,zhuàn,kiếm lợi,Hán Việt,chars/8D5A.json
赛,A,sài,thi đấu; trận đấu,Hán Việt,chars/8D5B.json
赜,B,zé,huyền bí,"từ liên quan, câu liên quan, Hán Việt",chars/8D5C.json
赝,C,yàn,biến thể của 贗|赝[yan4],"bộ thủ, câu liên quan, Hán Việt",chars/8D5D.json
赞,A,zàn,biến thể của 讚|赞[zan4],Hán Việt,chars/8D5E.json
赟,C,yūn,diện mạo tốt,"bộ thủ, từ liên quan, câu liên quan, Hán Việt",chars/8D5F.json
赢,A,yíng,thắng,Hán Việt,chars/8D62.json
赣,B,Gàn,biến thể của 贛|赣[Gan4],"câu liên quan, Hán Việt",chars/8D63.json
赦,B,shè,ân xá (một tù nhân),câu liên quan,chars/8D66.json
赧,B,nǎn,đỏ mặt vì xấu hổ,câu liên quan,chars/8D67.json
赩,C,xì,đỏ; đỏ tươi,"bộ thủ, từ liên quan, câu liên quan, Hán Việt",chars/8D69.json
赪,C,chēng,đỏ thẫm,"bộ thủ, từ liên quan, câu liên quan, Hán Việt",chars/8D6A.json
赫,C,Hè,họ [He4],bộ thủ,chars/8D6B.json
赭,B,zhě,màu đất,"câu liên quan, Hán Việt",chars/8D6D.json
赯,C,táng,đỏ; đỏ thẫm,"bộ thủ, từ liên quan, câu liên quan, Hán Việt",chars/8D6F.json
赱,C,zǒu,biến thể của 走[zou3],"bộ thủ, từ liên quan, câu liên quan, Hán Việt",chars/8D71.json
赳,B,jiū,xem 赳赳[jiu1 jiu1],"câu liên quan, Hán Việt",chars/8D73.json
赵,C,Zhào,họ [Zhao4]; một trong bảy nước thời Chiến Quốc (476-220 TCN),"bộ thủ, câu liên quan, Hán Việt",chars/8D75.json
赶,A,gǎn,"vội vàng, lái xe, đuổi kịp",Hán Việt,chars/8D76.json
赸,B,shàn,nhảy; rời đi,"từ liên quan, câu liên quan, Hán Việt",chars/8D78.json
趄,B,jū,dùng trong 趑趄[zi1 ju1],"câu liên quan, Hán Việt",chars/8D84.json
趐,C,xuè,(cổ) đi vào; bay,"bộ thủ, từ liên quan, câu liên quan, Hán Việt",chars/8D90.json
趑,C,zī,do dự; không thể di chuyển,"bộ thủ, câu liên quan, Hán Việt",chars/8D91.json
趒,C,tiáo,nhảy; vượt qua,"bộ thủ, từ liên quan, câu liên quan, Hán Việt",chars/8D92.json
趔,B,liè,dùng trong 趔趄|趔趄[lie4 qie5],"câu liên quan, Hán Việt",chars/8D94.json
趟,A,tàng,chuyến,Hán Việt,chars/8D9F.json
趡,C,cuǐ,tên địa danh,"bộ thủ, từ liên quan, câu liên quan, Hán Việt",chars/8DA1.json
趦,B,zī,"biến thể của 趑, do dự; không thể di chuyển","từ liên quan, câu liên quan, Hán Việt",chars/8DA6.json
趫,C,qiáo,nhanh nhẹn; đi cà kheo,"bộ thủ, từ liên quan, câu liên quan, Hán Việt",chars/8DAB.json
趮,C,zào,"dễ bị kích động, hấp tấp; dữ dội, tàn nhẫn","bộ thủ, từ liên quan, câu liên quan, Hán Việt",chars/8DAE.json
趯,B,tì,nhảy; cách tạo nét trong thư pháp,"từ liên quan, câu liên quan, Hán Việt",chars/8DAF.json
趱,B,zǎn,thúc giục; hối thúc,"từ liên quan, câu liên quan, Hán Việt",chars/8DB1.json
趴,A,pā,nằm sấp,Hán Việt,chars/8DB4.json
趵,B,bào,nhảy; bật,"từ liên quan, câu liên quan, Hán Việt",chars/8DB5.json
趷,C,kē,xóc nảy,"bộ thủ, từ liên quan, câu liên quan, Hán Việt",chars/8DB7.json
趸,C,dǔn,bán buôn,"bộ thủ, câu liên quan, Hán Việt",chars/8DB8.json
趹,C,jué,phi nước đại,"bộ thủ, từ liên quan, câu liên quan, Hán Việt",chars/8DB9.json
趺,B,fū,mu bàn chân; xương cổ chân,"câu liên quan, Hán Việt",chars/8DBA.json
趼,B,jiǎn,(hình thức giới hạn) vết chai,"từ liên quan, câu liên quan, Hán Việt",chars/8DBC.json
趾,B,zhǐ,ngón chân,câu liên quan,chars/8DBE.json
跁,C,pá,ngồi xổm; ngồi chồm hổm,"bộ thủ, từ liên quan, câu liên quan, Hán Việt",chars/8DC1.json
跂,B,jī,bàn chân,"từ liên quan, câu liên quan, Hán Việt",chars/8DC2.json
跄,B,qiāng,đi nhanh,"câu liên quan, Hán Việt",chars/8DC4.json
跅,C,tuò,không cẩn thận,"bộ thủ, từ liên quan, câu liên quan, Hán Việt",chars/8DC5.json
跆,B,tái,"giẫm đạp, đá","câu liên quan, Hán Việt",chars/8DC6.json
跋,A,bá,tái bút; leo trèo qua núi,Hán Việt,chars/8DCB.json
跌,C,diē,ngã,bộ thủ,chars/8DCC.json
跍,C,kū,ngồi xổm,"bộ thủ, từ liên quan, câu liên quan, Hán Việt",chars/8DCD.json
跎,B,tuó,vấp; ngốn thời gian,"câu liên quan, Hán Việt",chars/8DCE.json
跏,B,jiā,ngồi bắt chéo chân,"từ liên quan, câu liên quan, Hán Việt",chars/8DCF.json
跐,C,cǐ,dẫm; đạp,"bộ thủ, từ liên quan, câu liên quan, Hán Việt",chars/8DD0.json
跑,A,pǎo,chạy,Hán Việt,chars/8DD1.json
跕,C,dié,lê bước,"bộ thủ, từ liên quan, câu liên quan",chars/8DD5.json
跖,B,zhí,biến thể của 蹠[zhi2],"từ liên quan, câu liên quan, Hán Việt",chars/8DD6.json
跗,B,fū,mu bàn chân; xương cổ chân,"từ liên quan, câu liên quan, Hán Việt",chars/8DD7.json
跙,C,jǔ,"yếu, khập khiễng","bộ thủ, từ liên quan, câu liên quan, Hán Việt",chars/8DD9.json
跚,A,shān,dùng trong 蹣跚|蹒跚[pan2 shan1],Hán Việt,chars/8DDA.json
跛,B,bǒ,đi khập khiễng; què,"câu liên quan, Hán Việt",chars/8DDB.json
跞,B,lì,di chuyển; đi bộ,"từ liên quan, câu liên quan, Hán Việt",chars/8DDE.json
跣,B,xiǎn,chân trần,"câu liên quan, Hán Việt",chars/8DE3.json
跤,A,jiāo,ngã nhào; té ngã,Hán Việt,chars/8DE4.json
跦,C,zhū,đi tới lui; đi bộ,"bộ thủ, từ liên quan, câu liên quan, Hán Việt",chars/8DE6.json
跧,C,quán,co ro; ngồi xổm,"bộ thủ, từ liên quan, câu liên quan, Hán Việt",chars/8DE7.json
跨,A,kuà,bước qua,Hán Việt,chars/8DE8.json
跩,C,zhuǎi,đi lạch bạch; đi vênh váo,"bộ thủ, từ liên quan, câu liên quan",chars/8DE9.json
跪,B,guì,quỳ xuống,câu liên quan,chars/8DEA.json
跫,B,qióng,âm thanh bước chân,"từ liên quan, câu liên quan, Hán Việt",chars/8DEB.json
跬,B,kuǐ,bước ngắn; ngắn,"từ liên quan, câu liên quan",chars/8DEC.json
跮,C,chì,đi vội vàng,"bộ thủ, từ liên quan, câu liên quan",chars/8DEE.json
跱,C,zhì,ngồi xổm; dừng lại,"bộ thủ, từ liên quan, câu liên quan, Hán Việt",chars/8DF1.json
跲,C,jiá,vấp ngã,"bộ thủ, từ liên quan, câu liên quan, Hán Việt",chars/8DF2.json
践,A,jiàn,thực hiện (lời hứa); dẫm lên,Hán Việt,chars/8DF5.json
跶,B,dā,vấp; ngã,"từ liên quan, câu liên quan, Hán Việt",chars/8DF6.json
跷,B,qiāo,nhấc chân; đứng nhón gót,câu liên quan,chars/8DF7.json
跸,B,bì,dọn đường khi hoàng đế tuần du,"từ liên quan, câu liên quan, Hán Việt",chars/8DF8.json
跹,B,xiān,dáng điệu nhảy; đi xung quanh,"câu liên quan, Hán Việt",chars/8DF9.json
跺,B,duò,biến thể của 跺[duo4],"từ liên quan, câu liên quan, Hán Việt",chars/8DFA.json
跻,A,jī,(văn học) lên; trèo,Hán Việt,chars/8DFB.json
跼,C,jú,,"nghĩa, bộ thủ, từ liên quan, câu liên quan, Hán Việt",chars/8DFC.json
跽,B,jì,quỳ,"từ liên quan, câu liên quan, Hán Việt",chars/8DFD.json
踅,B,chì,đi với một chân,"từ liên quan, câu liên quan, Hán Việt",chars/8E05.json
踆,C,qūn,ngồi xổm,"bộ thủ, từ liên quan, câu liên quan, Hán Việt",chars/8E06.json
踈,C,shū,biến thể của 疏[shu1],"bộ thủ, từ liên quan, câu liên quan, Hán Việt",chars/8E08.json
踉,B,liáng,nhảy,"câu liên quan, Hán Việt",chars/8E09.json
踊,A,yǒng,nhảy,Hán Việt,chars/8E0A.json
踋,C,jiǎo,biến thể cũ của 腳|脚[jiao3],"bộ thủ, từ liên quan, câu liên quan, Hán Việt",chars/8E0B.json
踒,C,wō,trượt ngã và bong gân chân tay,"bộ thủ, từ liên quan, câu liên quan, Hán Việt",chars/8E12.json
踔,B,chuō,vượt trội; sải bước,"từ liên quan, câu liên quan",chars/8E14.json
踖,C,jí,bước; đi một cách cung kính,"bộ thủ, từ liên quan, câu liên quan",chars/8E16.json
踘,B,jū,quả bóng da; tiếng Đài Loan đọc là [ju2],"từ liên quan, câu liên quan",chars/8E18.json
踜,C,lèng,vấp; trượt,"bộ thủ, từ liên quan, câu liên quan, Hán Việt",chars/8E1C.json
踝,B,huái,mắt cá chân,"câu liên quan, Hán Việt",chars/8E1D.json
踞,C,jù,dựa vào; ngồi xổm,"bộ thủ, câu liên quan, Hán Việt",chars/8E1E.json
踟,A,chí,chần chừ; không quyết định,Hán Việt,chars/8E1F.json
踠,C,wǎn,mắt cá; chỗ khớp xương,"bộ thủ, từ liên quan, câu liên quan, Hán Việt",chars/8E20.json
踡,C,quán,cuộn lại,"bộ thủ, từ liên quan, câu liên quan, Hán Việt",chars/8E21.json
踢,A,tī,đá,Hán Việt,chars/8E22.json
踣,B,bó,thi thể; ngã sấp,"từ liên quan, câu liên quan",chars/8E23.json
踤,C,cù,húc vào,"bộ thủ, từ liên quan, câu liên quan",chars/8E24.json
踥,B,qiè,đi những bước nhỏ,"từ liên quan, câu liên quan, Hán Việt",chars/8E25.json
踦,C,jǐ,ống chân,"bộ thủ, từ liên quan, câu liên quan, Hán Việt",chars/8E26.json
踧,C,cù,một cách cẩn thận; bằng phẳng,"bộ thủ, từ liên quan, câu liên quan, Hán Việt",chars/8E27.json
踩,A,cǎi,giẫm,Hán Việt,chars/8E29.json
踬,B,zhì,"vấp, ngã","từ liên quan, câu liên quan, Hán Việt",chars/8E2C.json
踮,B,diǎn,đứng nhón chân; phiên âm Đài Loan: [dian4],"từ liên quan, câu liên quan, Hán Việt",chars/8E2E.json
踯,B,zhí,do dự; dừng lại,"câu liên quan, Hán Việt",chars/8E2F.json
踱,B,duó,đi dạo; đi từng bước,"câu liên quan, Hán Việt",chars/8E31.json
踵,B,zhǒng,đến; theo gót,"câu liên quan, Hán Việt",chars/8E35.json
踶,B,dì,đá; dẫm lên,"từ liên quan, câu liên quan, Hán Việt",chars/8E36.json
踹,B,chuài,đá,"từ liên quan, câu liên quan, Hán Việt",chars/8E39.json
踺,B,jiàn,dùng trong 踺子[jian4 zi5],"câu liên quan, Hán Việt",chars/8E3A.json
踼,C,táng,ngã sõng soài; ngã úp mặt,"bộ thủ, từ liên quan, câu liên quan, Hán Việt",chars/8E3C.json
踽,B,jǔ,gù lưng; đi một mình,"câu liên quan, Hán Việt",chars/8E3D.json
蹀,B,dié,giẫm lên; dậm chân,"câu liên quan, Hán Việt",chars/8E40.json
蹁,B,pián,đi khập khiễng,"từ liên quan, câu liên quan, Hán Việt",chars/8E41.json
蹂,B,róu,giẫm đạp,"câu liên quan, Hán Việt",chars/8E42.json
蹄,B,tí,móng; chân giò lợn,câu liên quan,chars/8E44.json
蹇,B,Jiǎn,họ [Jian3],câu liên quan,chars/8E47.json
蹉,C,cuō,sai lầm; trượt,"bộ thủ, câu liên quan",chars/8E49.json
蹊,B,xī,dùng trong 蹊蹺|蹊跷[qi1 qiao1]; cách phát âm ở Đài Loan: [xi1],"câu liên quan, Hán Việt",chars/8E4A.json
蹋,A,tà,dẫm lên,Hán Việt,chars/8E4B.json
蹎,C,diān,ngã chúi về phía trước (biến thể của 顛|颠[dian1]),"bộ thủ, từ liên quan, câu liên quan",chars/8E4E.json
蹐,C,jí,đi với bước ngắn,"bộ thủ, từ liên quan, câu liên quan, Hán Việt",chars/8E50.json
蹑,C,niè,đi nhón chân; đi nhẹ nhàng,"bộ thủ, câu liên quan, Hán Việt",chars/8E51.json
蹒,A,pán,dùng trong 蹣跚|蹒跚[pan2 shan1]; cách phát âm ở Đài Loan [man2],Hán Việt,chars/8E52.json
蹓,C,liù,đi dạo; dắt ngựa đi dạo,"bộ thủ, từ liên quan, câu liên quan, Hán Việt",chars/8E53.json
蹙,C,cù,nhăn (mày); nhăn nheo (mày),"bộ thủ, câu liên quan, Hán Việt",chars/8E59.json
蹚,B,tāng,lội; dẫm đạp,"từ liên quan, câu liên quan, Hán Việt",chars/8E5A.json
蹜,C,suō,đi cẩn thận,"bộ thủ, từ liên quan, câu liên quan",chars/8E5C.json
蹝,C,xǐ,dép lê,"bộ thủ, từ liên quan, câu liên quan, Hán Việt",chars/8E5D.json
蹠,C,zhí,,"nghĩa, bộ thủ, từ liên quan, câu liên quan, Hán Việt",chars/8E60.json
蹡,B,qiāng,(dáng đi),"từ liên quan, câu liên quan, Hán Việt",chars/8E61.json
蹢,C,dí,móng guốc,"bộ thủ, từ liên quan, câu liên quan",chars/8E62.json
蹦,A,bèng,"nhảy, nhảy lò cò",Hán Việt,chars/8E66.json
蹧,B,zāo,xem 蹧蹋[zao1 ta4],"từ liên quan, câu liên quan, Hán Việt",chars/8E67.json
蹩,C,bié,khập khiễng; bong gân (mắt cá chân hoặc cổ tay),"bộ thủ, câu liên quan, Hán Việt",chars/8E69.json
蹪,C,tuí,vấp; ngã,"bộ thủ, từ liên quan, câu liên quan, Hán Việt",chars/8E6A.json
蹬,B,dēng,đạp,"từ liên quan, câu liên quan, Hán Việt",chars/8E6C.json
蹭,B,cèng,xin xỏ,"câu liên quan, Hán Việt",chars/8E6D.json
蹮,C,xiān,biến thể cũ của 躚|跹[xian1],"bộ thủ, từ liên quan, câu liên quan, Hán Việt",chars/8E6E.json
蹯,B,fán,móng vuốt của động vật,"từ liên quan, câu liên quan, Hán Việt",chars/8E6F.json
蹰,A,chú,do dự; không quyết định,Hán Việt,chars/8E70.json
蹲,A,dūn,ngồi xổm,Hán Việt,chars/8E72.json
蹴,C,cù,một cách cẩn thận; đá,"bộ thủ, Hán Việt",chars/8E74.json
蹶,B,jué,vấp; ngã,"câu liên quan, Hán Việt",chars/8E76.json
蹼,B,pǔ,"màng (ở chân vịt, ếch, v.v.)","câu liên quan, Hán Việt",chars/8E7C.json
蹽,C,liāo,chạy; trốn,"bộ thủ, từ liên quan, câu liên quan",chars/8E7D.json
蹾,C,dūn,(khẩu ngữ) đặt mạnh xuống; đặt phịch xuống,"bộ thủ, từ liên quan, câu liên quan, Hán Việt",chars/8E7E.json
蹿,B,cuān,nhảy vọt lên; (khẩu ngữ) phun ra; bắn ra,"câu liên quan, Hán Việt",chars/8E7F.json
躃,C,bì,biến thể của 躄[bi4],"bộ thủ, từ liên quan, câu liên quan, Hán Việt",chars/8E83.json
躄,C,bì,què cả hai chân; phế,"bộ thủ, từ liên quan, câu liên quan, Hán Việt",chars/8E84.json
躅,C,zhú,đi cẩn thận; do dự,"bộ thủ, câu liên quan",chars/8E85.json
躏,B,lìn,dùng trong 蹂躪|蹂躏[rou2 lin4],"câu liên quan, Hán Việt",chars/8E8F.json
躐,B,liè,bước qua,"từ liên quan, câu liên quan",chars/8E90.json
躔,B,chán,(văn học) dấu chân động vật; quỹ đạo thiên thể,"từ liên quan, câu liên quan, Hán Việt",chars/8E94.json
躗,C,wèi,khoa trương; bịa đặt,"bộ thủ, từ liên quan, câu liên quan, Hán Việt",chars/8E97.json
躙,C,lìn,"biến thể của 躪|躏, giẫm đạp; áp bức","bộ thủ, từ liên quan, câu liên quan, Hán Việt",chars/8E99.json
躛,C,wèi,biến thể của 躗[wei4],"bộ thủ, từ liên quan, câu liên quan, Hán Việt",chars/8E9B.json
躜,B,zuān,nhảy,"từ liên quan, câu liên quan, Hán Việt",chars/8E9C.json
躞,B,xiè,đi bộ,"câu liên quan, Hán Việt",chars/8E9E.json
躠,C,xiè,đi khập khiễng,"bộ thủ, từ liên quan, câu liên quan, Hán Việt",chars/8EA0.json
躣,C,qú,(dáng đi),"bộ thủ, từ liên quan, câu liên quan, Hán Việt",chars/8EA3.json
躧,C,xǐ,giày; đạp,"bộ thủ, từ liên quan, câu liên quan, Hán Việt",chars/8EA7.json
躩,C,jué,uốn; cong,"bộ thủ, từ liên quan, câu liên quan, Hán Việt",chars/8EA9.json
躬,C,gōng,"cơ thể (con người, đặc biệt là phần thân); cúi (người)",bộ thủ,chars/8EAC.json
躯,B,qū,cơ thể con người,câu liên quan,chars/8EAF.json
躰,C,tǐ,biến thể của 體|体[ti3],"bộ thủ, từ liên quan, câu liên quan, Hán Việt",chars/8EB0.json
躲,A,duǒ,trốn; tránh né,Hán Việt,chars/8EB2.json
躹,C,jū,biến thể của 鞠[ju1],"bộ thủ, từ liên quan, câu liên quan, Hán Việt",chars/8EB9.json
軃,C,duǒ,biến thể của 嚲|亸[duo3],"bộ thủ, từ liên quan, câu liên quan, Hán Việt",chars/8EC3.json
軆,C,tǐ,biến thể cũ của 體|体[ti3],"bộ thủ, từ liên quan, câu liên quan, Hán Việt",chars/8EC6.json
軎,C,wèi,,"nghĩa, bộ thủ, từ liên quan, câu liên quan, Hán Việt",chars/8ECE.json
軖,C,kuáng,bánh xe quay (công cụ kéo sợi); xe cút kít,"bộ thủ, từ liên quan, câu liên quan, Hán Việt",chars/8ED6.json
軘,C,tún,chiến xa,"bộ thủ, từ liên quan, câu liên quan, Hán Việt",chars/8ED8.json
軜,C,nà,dây cương bên trong của xe ngựa bốn con,"bộ thủ, từ liên quan, câu liên quan, Hán Việt",chars/8EDC.json
軠,C,kuáng,biến thể cũ của 軖[kuang2],"bộ thủ, từ liên quan, câu liên quan, Hán Việt",chars/8EE0.json
軡,C,Qián,biến thể cũ của 黔[Qian2],"bộ thủ, từ liên quan, câu liên quan, Hán Việt",chars/8EE1.json
転,C,zhuǎn,biến thể tiếng Nhật của 轉|转,"bộ thủ, từ liên quan, câu liên quan, Hán Việt",chars/8EE2.json
軥,C,qú,đầu của ách,"bộ thủ, từ liên quan, câu liên quan, Hán Việt",chars/8EE5.json
軨,C,líng,khung lưới ở phía trước và hai bên,"bộ thủ, từ liên quan, câu liên quan, Hán Việt",chars/8EE8.json
軭,C,kuāng,làm hỏng (Quảng Đông); phá hủy,"bộ thủ, từ liên quan, câu liên quan, Hán Việt",chars/8EED.json
軱,C,gū,xương lớn,"bộ thủ, từ liên quan, câu liên quan, Hán Việt",chars/8EF1.json
軶,C,è,biến thể cũ của 軛|轭[e4],"bộ thủ, từ liên quan, câu liên quan, Hán Việt",chars/8EF6.json
軷,C,bá,hiến tế,"bộ thủ, từ liên quan, câu liên quan, Hán Việt",chars/8EF7.json
軽,C,qīng,biến thể Nhật Bản của 輕|轻[qing1],"bộ thủ, từ liên quan, câu liên quan, Hán Việt",chars/8EFD.json
軿,C,píng,xe có rèm che dùng cho phụ nữ; tập hợp lại,"bộ thủ, từ liên quan, câu liên quan",chars/8EFF.json
輀,C,ér,xe tang,"bộ thủ, từ liên quan, câu liên quan, Hán Việt",chars/8F00.json
輂,B,jú,xe ngựa (cũ),"từ liên quan, câu liên quan, Hán Việt",chars/8F02.json
輠,C,guǒ,nồi mỡ dưới xe,"bộ thủ, từ liên quan, câu liên quan, Hán Việt",chars/8F20.json
輣,C,péng,chiến xa (cổ),"bộ thủ, từ liên quan, câu liên quan, Hán Việt",chars/8F23.json
輤,C,qiàn,vải phủ xe tang,"bộ thủ, từ liên quan, câu liên quan, Hán Việt",chars/8F24.json
輫,C,pái,xe ngựa (cổ đại),"bộ thủ, từ liên quan, câu liên quan, Hán Việt",chars/8F2B.json
輴,C,chūn,xe tang,"bộ thủ, từ liên quan, câu liên quan, Hán Việt",chars/8F34.json
輵,C,gé,trận hình lớn của giáo mác và chiến xa,"bộ thủ, từ liên quan, câu liên quan, Hán Việt",chars/8F35.json
輹,C,fù,bộ phận của xe giữ trục bánh xe,"bộ thủ, từ liên quan, câu liên quan, Hán Việt",chars/8F39.json
輼,C,wēn,"biến thể của 轀|辒, xe tang","bộ thủ, từ liên quan, câu liên quan, Hán Việt",chars/8F3C.json
轇,C,jiū,"phức tạp, hỗn loạn; tranh chấp","bộ thủ, từ liên quan, câu liên quan, Hán Việt",chars/8F47.json
轏,C,zhàn,xe ngủ và di chuyển,"bộ thủ, từ liên quan, câu liên quan, Hán Việt",chars/8F4F.json
轑,C,lǎo,nan hoa,"bộ thủ, từ liên quan, câu liên quan, Hán Việt",chars/8F51.json
轒,C,fén,chiến xa,"bộ thủ, từ liên quan, câu liên quan, Hán Việt",chars/8F52.json
轕,C,gé,hỗn loạn; không trật tự,"bộ thủ, từ liên quan, câu liên quan, Hán Việt",chars/8F55.json
轖,C,sè,mui xe bằng da,"bộ thủ, từ liên quan, câu liên quan, Hán Việt",chars/8F56.json
轗,B,kǎn,không đạt được mục đích; đầy bất hạnh,"từ liên quan, câu liên quan, Hán Việt",chars/8F57.json
轘,B,huàn,xé bằng xe ngựa (như một hình phạt),"từ liên quan, câu liên quan, Hán Việt",chars/8F58.json
轙,C,yǐ,vòng trên ách xe,"bộ thủ, từ liên quan, câu liên quan, Hán Việt",chars/8F59.json
轜,C,ér,biến thể của 輀[er2],"bộ thủ, từ liên quan, câu liên quan, Hán Việt",chars/8F5C.json
轝,C,yú,biến thể của 輿|舆[yu2],"bộ thủ, từ liên quan, câu liên quan, Hán Việt",chars/8F5D.json
轞,C,xiàn,xe chở tù nhân,"bộ thủ, từ liên quan, câu liên quan, Hán Việt",chars/8F5E.json
轧,B,Yà,họ [Ya4],"câu liên quan, Hán Việt",chars/8F67.json
轫,B,rèn,phanh,"từ liên quan, câu liên quan, Hán Việt",chars/8F6B.json
轭,B,è,cái ách,"câu liên quan, Hán Việt",chars/8F6D.json
轰,C,hōng,đuổi đi,bộ thủ,chars/8F70.json
轱,B,gū,bánh xe; lăn,"câu liên quan, Hán Việt",chars/8F71.json
轲,B,Kē,tên tự của Mạnh Tử,"câu liên quan, Hán Việt",chars/8F72.json
轳,B,lú,tời quay,"câu liên quan, Hán Việt",chars/8F73.json
轵,B,zhǐ,đầu trục ngoài của moyơ,"từ liên quan, câu liên quan, Hán Việt",chars/8F75.json
轶,B,yì,xuất sắc; vượt qua,"câu liên quan, Hán Việt",chars/8F76.json
轷,B,hū,họ [Hu1],"từ liên quan, câu liên quan, Hán Việt",chars/8F77.json
轸,B,zhěn,vuông; mạnh mẽ (như về cảm xúc),"từ liên quan, câu liên quan, Hán Việt",chars/8F78.json
轹,B,lì,bắt nạt; vết bánh xe,"từ liên quan, câu liên quan, Hán Việt",chars/8F79.json
轺,B,yáo,xe nhẹ,"từ liên quan, câu liên quan, Hán Việt",chars/8F7A.json
轼,B,shì,(văn học) tay vịn phía trước xe ngựa hoặc chiến xa; cúi đầu dựa vào tay vịn này như một cử chỉ tôn kính,"câu liên quan, Hán Việt",chars/8F7C.json
轾,B,zhì,phía sau và thấp của xe ngựa; ngắn,"câu liên quan, Hán Việt",chars/8F7E.json
轿,C,jiào,kiệu kiên; kiệu,bộ thủ,chars/8F7F.json
辀,C,zhōu,(văn học) trục (xe ngựa); xe ngựa,"bộ thủ, từ liên quan, câu liên quan, Hán Việt",chars/8F80.json
辁,C,quán,hạn chế (về tài năng hoặc khả năng); (cổ) bánh xe đặc (không có nan),"bộ thủ, từ liên quan, câu liên quan, Hán Việt",chars/8F81.json
辂,B,lù,xe chiến,"từ liên quan, câu liên quan, Hán Việt",chars/8F82.json
较,A,jiào,tương đối; so sánh,Hán Việt,chars/8F83.json
辄,B,zhé,sau đó; ngay lập tức,"câu liên quan, Hán Việt",chars/8F84.json
辅,A,fǔ,hỗ trợ; bổ sung,Hán Việt,chars/8F85.json
辆,A,liàng,chiếc,Hán Việt,chars/8F86.json
辇,C,niǎn,(cổ) xe kéo bằng sức người; xe ngự dụng,"bộ thủ, từ liên quan, câu liên quan, Hán Việt",chars/8F87.json
辉,C,huī,rực rỡ; chiếu sáng,bộ thủ,chars/8F89.json
辊,B,gǔn,con lăn,"câu liên quan, Hán Việt",chars/8F8A.json
辋,B,wǎng,lốp xe; dải bánh xe,"từ liên quan, câu liên quan",chars/8F8B.json
辌,B,liáng,xem 轀輬|辒辌[wen1 liang2],"từ liên quan, câu liên quan, Hán Việt",chars/8F8C.json
辍,B,chuò,ngừng (trước khi hoàn thành); ngưng,"câu liên quan, Hán Việt",chars/8F8D.json
辎,B,zī,xe có mui; xe quân nhu,"từ liên quan, câu liên quan, Hán Việt",chars/8F8E.json
辏,B,còu,hội tụ; trục bánh xe,"từ liên quan, câu liên quan, Hán Việt",chars/8F8F.json
辐,A,fú,nan hoa của bánh xe,Hán Việt,chars/8F90.json
辑,A,jí,thu thập; sưu tầm,Hán Việt,chars/8F91.json
辒,B,wēn,xe tang,"từ liên quan, câu liên quan, Hán Việt",chars/8F92.json
辔,C,pèi,dây cương; dây cầm,"bộ thủ, câu liên quan, Hán Việt",chars/8F94.json
辕,B,yuán,cán xe; nghê môn,"câu liên quan, Hán Việt",chars/8F95.json
辗,B,zhǎn,lăn qua một bên; lật nửa người,"câu liên quan, Hán Việt",chars/8F97.json
辘,B,lù,tời quay,"câu liên quan, Hán Việt",chars/8F98.json
辙,C,chè,vết bánh xe (cách phát âm Đài Loan [che4]); (thông tục) hướng đi,"bộ thủ, Hán Việt",chars/8F99.json
辚,B,lín,tiếng bánh xe rầm rập,"từ liên quan, câu liên quan, Hán Việt",chars/8F9A.json
辜,A,Gū,họ [Gu1],Hán Việt,chars/8F9C.json
辞,C,cí,sa thải,bộ thủ,chars/8F9E.json
辡,C,biàn,,"nghĩa, bộ thủ, từ liên quan, câu liên quan, Hán Việt",chars/8FA1.json
辥,C,xuē,,"nghĩa, bộ thủ, từ liên quan, câu liên quan, Hán Việt",chars/8FA5.json
辨,C,biàn,phân biệt; nhận ra,bộ thủ,chars/8FA8.json
辩,A,biàn,tranh luận,Hán Việt,chars/8FA9.json
辫,A,biàn,bím tóc; tết tóc,Hán Việt,chars/8FAB.json
辰,A,chén,"chi thứ 5: 7-9 giờ sáng, tháng 3 âm lịch (5 tháng 4 - 4 tháng 5), năm Thìn; hướng la bàn cổ Trung Quốc: 120°",Hán Việt,chars/8FB0.json
辱,C,rǔ,nhục; ô nhục,bộ thủ,chars/8FB1.json
辵,B,chuò,"Đi, di chuyển, con đường.","từ liên quan, câu liên quan, Hán Việt",chars/8FB5.json
辶,B,chuò,"Đi, di chuyển, con đường.","từ liên quan, câu liên quan, Hán Việt",chars/8FB6.json
辺,C,biān,biến thể tiếng Nhật của 邊|边[bian1],"bộ thủ, từ liên quan, câu liên quan, Hán Việt",chars/8FBA.json
辻,C,shí,(chữ quốc tự Nhật Bản) góc phố; giao lộ,"bộ thủ, từ liên quan, câu liên quan, Hán Việt",chars/8FBB.json
込,C,xx,(chữ quốc tự Nhật Bản) đông đúc; đi vào,"bộ thủ, từ liên quan, câu liên quan, Hán Việt",chars/8FBC.json
辽,A,Liáo,tên gọi tắt của tỉnh Liêu Ninh 辽宁|遼寧[Liao2 ning2]; triều đại Liêu hoặc Khiết Đan (916-1125),Hán Việt,chars/8FBD.json
辿,C,chān,"dùng trong tên, ví dụ 龍王辿|龙王辿[Long2 wang2 Chan1] Longwang Chan, một địa danh ở tỉnh Thiểm Tây; (văn học) (nhịp độ đi) chậm","bộ thủ, từ liên quan, câu liên quan, Hán Việt",chars/8FBF.json
迂,B,yū,suy nghĩ máy móc; giáo điều,câu liên quan,chars/8FC2.json
迅,C,xùn,nhanh chóng; nhanh,"bộ thủ, Hán Việt",chars/8FC5.json
迆,C,yí,biến thể của 迤[yi2],"bộ thủ, từ liên quan, câu liên quan, Hán Việt",chars/8FC6.json
迈,C,mài,bước,bộ thủ,chars/8FC8.json
迋,C,wàng,lừa dối; doạ dẫm,"bộ thủ, từ liên quan, câu liên quan, Hán Việt",chars/8FCB.json
迍,C,zhūn,"do dự, ngập ngừng","bộ thủ, từ liên quan, câu liên quan",chars/8FCD.json
迓,B,yà,đón tiếp (như khách),"từ liên quan, câu liên quan, Hán Việt",chars/8FD3.json
返,C,fǎn,trở về,bộ thủ,chars/8FD4.json
迕,B,wǔ,"bướng bỉnh, ngang ngược","từ liên quan, câu liên quan, Hán Việt",chars/8FD5.json
这,A,zhè,điều này,Hán Việt,chars/8FD9.json
迢,B,tiáo,xa xôi,câu liên quan,chars/8FE2.json
迣,C,zhì,nhảy qua,"bộ thủ, từ liên quan, câu liên quan, Hán Việt",chars/8FE3.json
迤,B,yí,quanh co,"câu liên quan, Hán Việt",chars/8FE4.json
迥,C,jiǒng,biến thể của 迥[jiong3],"bộ thủ, câu liên quan, Hán Việt",chars/8FE5.json
迦,B,jiā,(âm đọc phiên âm cho các thuật ngữ Phật giáo),câu liên quan,chars/8FE6.json
迨,B,dài,cho đến; khi,"từ liên quan, câu liên quan, Hán Việt",chars/8FE8.json
迩,B,ěr,gần đây; gần,"câu liên quan, Hán Việt",chars/8FE9.json
迪,A,dí,khai sáng,Hán Việt,chars/8FEA.json
迮,B,zé,vội vã; ép,"từ liên quan, câu liên quan, Hán Việt",chars/8FEE.json
迳,B,jìng,đường; lối,"từ liên quan, câu liên quan, Hán Việt",chars/8FF3.json
迶,B,yòu,đi bộ,"từ liên quan, câu liên quan, Hán Việt",chars/8FF6.json
迸,B,bèng,bung ra; phun ra,"câu liên quan, Hán Việt",chars/8FF8.json
迻,C,yí,chuyển; dời,"bộ thủ, từ liên quan, câu liên quan",chars/8FFB.json
迿,C,xùn,là người đầu tiên bắt đầu cãi nhau,"bộ thủ, từ liên quan, câu liên quan, Hán Việt",chars/8FFF.json
适,A,kuò,xem 李适[Li3 Kuo4],Hán Việt,chars/9002.json
逄,B,Páng,họ [Pang2],"từ liên quan, câu liên quan, Hán Việt",chars/9004.json
逅,B,hòu,gặp một cách bất ngờ,"câu liên quan, Hán Việt",chars/9005.json
逆,C,nì,ngược,bộ thủ,chars/9006.json
逊,A,xùn,thoái vị; khiêm tốn,Hán Việt,chars/900A.json
逋,B,bū,bỏ trốn; vượt ngục,"từ liên quan, câu liên quan",chars/900B.json
逌,C,yóu,xa; vui vẻ,"bộ thủ, từ liên quan, câu liên quan, Hán Việt",chars/900C.json
逍,B,xiāo,thong thả; dễ chịu,"câu liên quan, Hán Việt",chars/900D.json
逑,B,qiú,thu thập; tương xứng,"từ liên quan, câu liên quan, Hán Việt",chars/9011.json
逓,C,dì,biến thể tiếng Nhật của 遞|递[di4],"bộ thủ, từ liên quan, câu liên quan, Hán Việt",chars/9013.json
逖,B,tì,(văn học) xa; xa xôi,"từ liên quan, câu liên quan, Hán Việt",chars/9016.json
逗,A,dòu,vui nhộn,Hán Việt,chars/9017.json
逛,A,guàng,dạo quanh,Hán Việt,chars/901B.json
逝,A,shì,(nước chảy hoặc thời gian) trôi qua; qua đời; chết,Hán Việt,chars/901D.json
逡,A,qūn,lùi lại (khỏi điều gì đó),Hán Việt,chars/9021.json
逦,B,lǐ,quanh co,"câu liên quan, Hán Việt",chars/9026.json
逭,B,huàn,trốn thoát khỏi,"từ liên quan, câu liên quan",chars/902D.json
逮,A,dài,bắt giữ,Hán Việt,chars/902E.json
逯,B,Lù,họ [Lu4],"từ liên quan, câu liên quan, Hán Việt",chars/902F.json
逴,C,chuò,rõ ràng; xa,"bộ thủ, từ liên quan, câu liên quan",chars/9034.json
逵,B,kuí,ngã tư; đại lộ,"câu liên quan, Hán Việt",chars/9035.json
逶,B,wēi,"quanh co, uốn lượn; điệu bộ","câu liên quan, Hán Việt",chars/9036.json
逸,C,yì,trốn thoát; nhàn nhã,bộ thủ,chars/9038.json
逹,C,dá,đạt tới; đạt được,"bộ thủ, từ liên quan, câu liên quan, Hán Việt",chars/9039.json
逺,C,yuǎn,biến thể cũ của 遠|远[yuan3],"bộ thủ, từ liên quan, câu liên quan, Hán Việt",chars/903A.json
逿,C,dàng,ngã; lảo đảo,"bộ thủ, từ liên quan, câu liên quan, Hán Việt",chars/903F.json
遀,C,suí,,"nghĩa, bộ thủ, từ liên quan, câu liên quan, Hán Việt",chars/9040.json
遁,C,dùn,trốn tránh; chạy trốn,"bộ thủ, câu liên quan",chars/9041.json
遄,B,chuán,vội vã; đi tới đi lui,"từ liên quan, câu liên quan, Hán Việt",chars/9044.json
遅,C,chí,biến thể Nhật Bản của 遲|迟,"bộ thủ, từ liên quan, câu liên quan, Hán Việt",chars/9045.json
遍,A,biàn,lần,Hán Việt,chars/904D.json
遐,A,xiá,xa xôi; lâu dài,Hán Việt,chars/9050.json
遑,B,huáng,nhàn rỗi,"từ liên quan, câu liên quan, Hán Việt",chars/9051.json
遒,B,qiú,mạnh mẽ; sôi nổi,"từ liên quan, câu liên quan, Hán Việt",chars/9052.json
遘,B,gòu,gặp bất ngờ,"từ liên quan, câu liên quan, Hán Việt",chars/9058.json
遛,B,liù,dạo chơi,"câu liên quan, Hán Việt",chars/905B.json
遝,C,tà,dồi dào; hỗn hợp,"bộ thủ, từ liên quan, câu liên quan, Hán Việt",chars/905D.json
遟,C,chí,biến thể của 遲|迟[chi2],"bộ thủ, từ liên quan, câu liên quan, Hán Việt",chars/905F.json
遢,B,tà,hình thức vô nghĩa chỉ dùng trong 邋遢[la1 ta5]; tiếng Đài Loan đọc là [ta4],"câu liên quan, Hán Việt",chars/9062.json
遨,C,áo,đi chơi; dạo chơi,"bộ thủ, câu liên quan",chars/9068.json
遫,C,sù,nhanh nhẹn; lanh lợi,"bộ thủ, từ liên quan, câu liên quan, Hán Việt",chars/906B.json
遮,A,zhē,che,Hán Việt,chars/906E.json
遰,C,dì,rời đi; di cư,"bộ thủ, từ liên quan, câu liên quan, Hán Việt",chars/9070.json
遴,B,Lín,họ [Lin2],câu liên quan,chars/9074.json
遵,C,zūn,tuân theo; nghe lời,bộ thủ,chars/9075.json
遹,C,Yù,họ [Yu4],"bộ thủ, từ liên quan, câu liên quan, Hán Việt",chars/9079.json
遻,C,wù,bướng bỉnh; gặp phải,"bộ thủ, từ liên quan, câu liên quan, Hán Việt",chars/907B.json
遽,B,jù,vội; vã,"câu liên quan, Hán Việt",chars/907D.json
邀,A,yāo,mời,Hán Việt,chars/9080.json
邂,B,xiè,gặp bất ngờ,"câu liên quan, Hán Việt",chars/9082.json
邃,A,suì,sâu; xa xăm,Hán Việt,chars/9083.json
邅,C,zhān,không tiến triển,"bộ thủ, từ liên quan, câu liên quan",chars/9085.json
邆,C,téng,(dùng trong địa danh),"bộ thủ, từ liên quan, câu liên quan, Hán Việt",chars/9086.json
邈,B,miǎo,sâu xa; xa xôi,"câu liên quan, Hán Việt",chars/9088.json
邉,C,biān,biến thể cũ của 邊|边[bian1],"bộ thủ, từ liên quan, câu liên quan, Hán Việt",chars/9089.json
邋,B,lā,hình thức kết hợp vô nghĩa chỉ dùng trong 邋遢[la1 ta5],"câu liên quan, Hán Việt",chars/908B.json
邎,C,yáo,biến thể của 遙|遥[yao2],"bộ thủ, từ liên quan, câu liên quan, Hán Việt",chars/908E.json
邑,B,yì,"Vùng đất, thành ấp, địa danh.",câu liên quan,chars/9091.json
邓,C,Dèng,họ [Deng4],"bộ thủ, câu liên quan",chars/9093.json
邕,C,Yōng,sông Ung (Quảng Tây); tên gọi tắt của Nam Ninh (Quảng Tây),"bộ thủ, câu liên quan, Hán Việt",chars/9095.json
邗,C,hán,tên của một con sông cổ,"bộ thủ, câu liên quan, Hán Việt",chars/9097.json
邘,C,Yú,họ [Yu2],"bộ thủ, từ liên quan, câu liên quan, Hán Việt",chars/9098.json
邙,C,Máng,"núi Mang ở Lạc Dương, Hà Nam, có nhiều lăng mộ hoàng gia các triều đại Hán, Ngụy và Tấn","bộ thủ, câu liên quan",chars/9099.json
邛,C,qióng,gò đất; tên địa danh,"bộ thủ, câu liên quan, Hán Việt",chars/909B.json
邝,C,Kuàng,họ [Kuang4],"bộ thủ, từ liên quan, câu liên quan, Hán Việt",chars/909D.json
邠,C,Bīn,biến thể của 豳[Bin1],"bộ thủ, từ liên quan, câu liên quan, Hán Việt",chars/90A0.json
邡,C,Fāng,tên của một huyện ở Tứ Xuyên,"bộ thủ, câu liên quan, Hán Việt",chars/90A1.json
邢,C,Xíng,họ [Xing2]; tên địa danh,"bộ thủ, câu liên quan, Hán Việt",chars/90A2.json
那,C,nà,đó,bộ thủ,chars/90A3.json
邦,C,bāng,(hình thức kết hợp) quốc gia; dân tộc,bộ thủ,chars/90A6.json
邧,C,yuán,tên địa danh,"bộ thủ, từ liên quan, câu liên quan, Hán Việt",chars/90A7.json
邨,C,Cūn,họ [Cun1],"bộ thủ, từ liên quan, câu liên quan, Hán Việt",chars/90A8.json
邪,C,xié,ác,bộ thủ,chars/90AA.json
邬,C,Wū,họ [Wu1]; tên địa danh cổ,"bộ thủ, từ liên quan, câu liên quan, Hán Việt",chars/90AC.json
邮,C,yóu,bưu điện; bưu phẩm,"bộ thủ, Hán Việt",chars/90AE.json
邯,C,hán,tên một quận ở Hà Bắc,"bộ thủ, câu liên quan, Hán Việt",chars/90AF.json
邰,C,Tái,họ [Tai2]; tên một nước chư hầu,"bộ thủ, từ liên quan, câu liên quan, Hán Việt",chars/90B0.json
邱,C,Qiū,họ [Qiu1],"bộ thủ, câu liên quan, Hán Việt",chars/90B1.json
邲,C,Bì,họ [Bi4]; tên địa danh cổ,"bộ thủ, từ liên quan, câu liên quan, Hán Việt",chars/90B2.json
邳,C,Pī,"họ [Pi1]; quận thời Hán, nay thuộc Giang Tô","bộ thủ, câu liên quan, Hán Việt",chars/90B3.json
邴,C,Bǐng,họ [Bing3],"bộ thủ, từ liên quan, câu liên quan, Hán Việt",chars/90B4.json
邵,C,Shào,họ [Shao4]; tên địa danh,"bộ thủ, câu liên quan, Hán Việt",chars/90B5.json
邶,C,bèi,tên một nước chư hầu,"bộ thủ, từ liên quan, câu liên quan, Hán Việt",chars/90B6.json
邷,C,Wǎ,tên địa danh cũ,"bộ thủ, từ liên quan, câu liên quan, Hán Việt",chars/90B7.json
邸,C,Dǐ,họ [Di3],"bộ thủ, câu liên quan, Hán Việt",chars/90B8.json
邹,C,Zōu,họ [Zou1]; nhà nước chư hầu thời nhà Chu (1046-256 TCN) ở đông nam Sơn Đông,"bộ thủ, câu liên quan, Hán Việt",chars/90B9.json
邺,C,Yè,họ [Ye4]; quận cổ ở tỉnh Hà Bắc hiện nay 河北省[He2bei3 Sheng3],"bộ thủ, câu liên quan, Hán Việt",chars/90BA.json
邻,C,lín,hàng xóm; gần kề,bộ thủ,chars/90BB.json
邽,C,Guī,họ [Gui1]; tên địa danh cổ,"bộ thủ, từ liên quan, câu liên quan, Hán Việt",chars/90BD.json
邾,C,Zhū,họ [Zhu1],"bộ thủ, từ liên quan, câu liên quan",chars/90BE.json
邿,C,shī,tên địa danh,"bộ thủ, từ liên quan, câu liên quan, Hán Việt",chars/90BF.json
郁,C,yù,biến thể của 鬱|郁[yu4],"bộ thủ, Hán Việt",chars/90C1.json
郃,C,hé,tên một người,"bộ thủ, từ liên quan, câu liên quan, Hán Việt",chars/90C3.json
郄,C,Qiè,họ [Qie4],"bộ thủ, từ liên quan, câu liên quan, Hán Việt",chars/90C4.json
郅,C,Zhì,họ [Zhi4],"bộ thủ, từ liên quan, câu liên quan, Hán Việt",chars/90C5.json
郇,C,xún,tên một nước chư hầu,"bộ thủ, từ liên quan, câu liên quan, Hán Việt",chars/90C7.json
郈,C,Hòu,họ [Hou4]; tên địa danh,"bộ thủ, từ liên quan, câu liên quan, Hán Việt",chars/90C8.json
郊,C,Jiāo,họ [Jiao1],"bộ thủ, Hán Việt",chars/90CA.json
郎,C,Láng,họ [Lang2],bộ thủ,chars/90CE.json
郏,C,jiá,tên một quận ở Hà Nam,"bộ thủ, câu liên quan, Hán Việt",chars/90CF.json
郐,C,Kuài,họ [Kuai4]; tên của một nước chư hầu,"bộ thủ, từ liên quan, câu liên quan, Hán Việt",chars/90D0.json
郑,C,Zhèng,nước Trịnh thời Chiến Quốc; họ [Zheng4],bộ thủ,chars/90D1.json
郓,C,yùn,địa danh,"bộ thủ, câu liên quan, Hán Việt",chars/90D3.json
郔,C,Yán,(tên địa danh),"bộ thủ, từ liên quan, câu liên quan, Hán Việt",chars/90D4.json
郕,C,Chéng,họ [Cheng2]; nhà nước chư hầu thời nhà Chu (1046-256 TCN),"bộ thủ, từ liên quan, câu liên quan, Hán Việt",chars/90D5.json
郗,C,Chī,họ [Chi1]; tên một thành phố cổ,"bộ thủ, từ liên quan, câu liên quan, Hán Việt",chars/90D7.json
郙,C,fǔ,tên địa danh cổ,"bộ thủ, từ liên quan, câu liên quan, Hán Việt",chars/90D9.json
郚,C,wú,tên địa danh,"bộ thủ, từ liên quan, câu liên quan, Hán Việt",chars/90DA.json
郛,C,fú,vùng ngoại ô,"bộ thủ, từ liên quan, câu liên quan, Hán Việt",chars/90DB.json
郜,C,Gào,họ [Gao4]; tên một nước chư hầu,"bộ thủ, từ liên quan, câu liên quan, Hán Việt",chars/90DC.json
郝,C,Hǎo,tên địa danh cổ; họ [Hao3],"bộ thủ, câu liên quan, Hán Việt",chars/90DD.json
郞,C,Láng,họ [Lang2] (biến thể của 郎[Lang2]),"bộ thủ, từ liên quan, câu liên quan, Hán Việt",chars/90DE.json
郠,C,Gěng,(tên địa danh),"bộ thủ, từ liên quan, câu liên quan, Hán Việt",chars/90E0.json
郡,C,jùn,quận; huyện,"bộ thủ, câu liên quan",chars/90E1.json
郢,C,Yǐng,"Yên, thủ đô cổ của nước Sở 楚 ở huyện Giang Lăng 江陵縣|江陵县, Hồ Bắc","bộ thủ, câu liên quan, Hán Việt",chars/90E2.json
郤,B,Xì,họ [Xi4],"từ liên quan, câu liên quan, Hán Việt",chars/90E4.json
郦,C,Lì,họ [Li4]; tên địa danh cổ,"bộ thủ, từ liên quan, câu liên quan, Hán Việt",chars/90E6.json
郧,C,yún,tên một nước chư hầu,"bộ thủ, câu liên quan, Hán Việt",chars/90E7.json
部,C,bù,quyển,bộ thủ,chars/90E8.json
郪,C,qī,tên một con sông; tên địa danh,"bộ thủ, từ liên quan, câu liên quan, Hán Việt",chars/90EA.json
郫,C,pí,tên địa danh,"bộ thủ, câu liên quan, Hán Việt",chars/90EB.json
郭,C,Guō,họ [Guo1],"bộ thủ, câu liên quan",chars/90ED.json
郯,C,Tán,họ [Tan2]; tên một thành phố cổ,"bộ thủ, câu liên quan, Hán Việt",chars/90EF.json
郰,C,zōu,nơi Khổng Tử sinh ra ở Sơn Đông,"bộ thủ, từ liên quan, câu liên quan, Hán Việt",chars/90F0.json
郲,C,Lái,"tên một nước thời Xuân Thu ở Sơn Đông hiện nay, bị nước Qi 齊|齐 tiêu diệt","bộ thủ, từ liên quan, câu liên quan, Hán Việt",chars/90F2.json
郳,C,ní,tên địa danh,"bộ thủ, từ liên quan, câu liên quan, Hán Việt",chars/90F3.json
郴,C,chēn,tên một quận ở Hồ Nam,"bộ thủ, câu liên quan, Hán Việt",chars/90F4.json
郷,C,xiāng,biến thể Nhật Bản của 鄉|乡,"bộ thủ, từ liên quan, câu liên quan, Hán Việt",chars/90F7.json
郸,C,Dān,tên một quận ở Hà Bắc,"bộ thủ, câu liên quan, Hán Việt",chars/90F8.json
郹,C,jú,tên địa danh,"bộ thủ, từ liên quan, câu liên quan, Hán Việt",chars/90F9.json
都,C,dōu,tất cả,bộ thủ,chars/90FD.json
郾,C,yǎn,tên địa danh,"bộ thủ, câu liên quan, Hán Việt",chars/90FE.json
郿,C,méi,tên địa danh cổ,"bộ thủ, từ liên quan, câu liên quan, Hán Việt",chars/90FF.json
鄀,C,ruò,tên địa danh,"bộ thủ, từ liên quan, câu liên quan, Hán Việt",chars/9100.json
鄂,C,E,họ [E4]; viết tắt của tỉnh Hồ Bắc 湖北省[Hu2bei3 Sheng3],"bộ thủ, câu liên quan, Hán Việt",chars/9102.json
鄄,C,Juàn,tên một huyện ở Sơn Đông,"bộ thủ, câu liên quan, Hán Việt",chars/9104.json
鄇,C,hòu,tên địa danh,"bộ thủ, từ liên quan, câu liên quan, Hán Việt",chars/9107.json
鄈,C,kuí,tên địa danh,"bộ thủ, từ liên quan, câu liên quan, Hán Việt",chars/9108.json
鄋,C,Sōu,xem 鄋瞞|鄋瞒[Sou1 man2],"bộ thủ, từ liên quan, câu liên quan, Hán Việt",chars/910B.json
鄍,C,míng,tên địa danh,"bộ thủ, từ liên quan, câu liên quan, Hán Việt",chars/910D.json
鄎,C,xì,tên địa danh,"bộ thủ, từ liên quan, câu liên quan, Hán Việt",chars/910E.json
鄏,C,rù,tên địa danh,"bộ thủ, từ liên quan, câu liên quan, Hán Việt",chars/910F.json
鄐,C,Chù,họ [Chu4],"bộ thủ, từ liên quan, câu liên quan, Hán Việt",chars/9110.json
鄑,C,zī,tên địa danh,"bộ thủ, từ liên quan, câu liên quan, Hán Việt",chars/9111.json
鄕,C,xiāng,biến thể của 鄉|乡[xiang1]; quê hương,"bộ thủ, từ liên quan, câu liên quan",chars/9115.json
鄗,C,hào,tên địa danh cổ,"bộ thủ, từ liên quan, câu liên quan, Hán Việt",chars/9117.json
鄘,C,Yōng,họ [Yong1]; tên một nước chư hầu,"bộ thủ, từ liên quan, câu liên quan, Hán Việt",chars/9118.json
鄙,C,bǐ,quê mùa; thấp hèn,bộ thủ,chars/9119.json
鄚,C,Mò,họ [Mo4],"bộ thủ, từ liên quan, câu liên quan, Hán Việt",chars/911A.json
鄜,C,fū,tên một địa khu ở Thiểm Tây,"bộ thủ, từ liên quan, câu liên quan, Hán Việt",chars/911C.json
鄞,C,yín,tên một địa khu ở Chiết Giang,"bộ thủ, câu liên quan, Hán Việt",chars/911E.json
鄠,C,hù,tên một quận ở Thiểm Tây,"bộ thủ, từ liên quan, câu liên quan, Hán Việt",chars/9120.json
鄢,C,Yān,họ [Yan1]; tên một quận ở Hà Nam,"bộ thủ, câu liên quan, Hán Việt",chars/9122.json
鄣,C,zhāng,tên địa danh,"bộ thủ, từ liên quan, câu liên quan, Hán Việt",chars/9123.json
鄤,C,màn,tên địa danh,"bộ thủ, từ liên quan, câu liên quan, Hán Việt",chars/9124.json
鄦,C,Xǔ,họ [Xu3]; chư hầu thời nhà Chu (1046-221 TCN),"bộ thủ, từ liên quan, câu liên quan, Hán Việt",chars/9126.json
鄫,C,Zéng,họ [Zeng1]; nước chư hầu thời Chu,"bộ thủ, từ liên quan, câu liên quan, Hán Việt",chars/912B.json
鄬,C,wéi,địa danh ở tỉnh Hà Nam,"bộ thủ, từ liên quan, câu liên quan, Hán Việt",chars/912C.json
鄮,C,mào,tên địa danh cổ,"bộ thủ, từ liên quan, câu liên quan, Hán Việt",chars/912E.json
鄯,C,shàn,tên một quận ở Tân Cương,"bộ thủ, câu liên quan, Hán Việt",chars/912F.json
鄱,C,pó,tên một hồ,"bộ thủ, câu liên quan, Hán Việt",chars/9131.json
鄵,C,Cào,"tên địa danh cổ (giữa huyện Tân Chứng 新鄭|新郑[Xin1 zheng4] và huyện Lỗ Sơn 魯山|鲁山[Lu3 shan1], Hà Nam)","bộ thủ, từ liên quan, câu liên quan, Hán Việt",chars/9135.json
鄷,C,Fēng,biến thể cũ của 酆[Feng1],"bộ thủ, từ liên quan, câu liên quan, Hán Việt",chars/9137.json
鄹,C,Zōu,tên một nước; họ [Zou1],"bộ thủ, từ liên quan, câu liên quan, Hán Việt",chars/9139.json
鄻,C,liǎn,tên địa danh,"bộ thủ, từ liên quan, câu liên quan, Hán Việt",chars/913B.json
鄾,C,yōu,tên địa danh,"bộ thủ, từ liên quan, câu liên quan, Hán Việt",chars/913E.json
鄿,C,qí,(thảo mộc); tên địa danh,"bộ thủ, từ liên quan, câu liên quan, Hán Việt",chars/913F.json
酂,C,zàn,nhóm 100 gia đình; tên địa danh,"bộ thủ, từ liên quan, câu liên quan, Hán Việt",chars/9142.json
酃,C,líng,tên một huyện ở Hồ Nam,"bộ thủ, câu liên quan, Hán Việt",chars/9143.json
酅,C,xī,tên địa danh,"bộ thủ, từ liên quan, câu liên quan, Hán Việt",chars/9145.json
酆,C,Fēng,kinh đô triều Chu; họ [Feng1],"bộ thủ, từ liên quan, câu liên quan, Hán Việt",chars/9146.json
酉,B,yǒu,Rượu,câu liên quan,chars/9149.json
酊,B,dīng,cồn thuốc (từ mượn),"câu liên quan, Hán Việt",chars/914A.json
酋,C,qiú,tù trưởng,"bộ thủ, câu liên quan, Hán Việt",chars/914B.json
酎,B,zhòu,rượu mạnh,"từ liên quan, câu liên quan, Hán Việt",chars/914E.json
酏,B,yí,dược thang; rượu ngọt,"từ liên quan, câu liên quan, Hán Việt",chars/914F.json
酐,B,gān,anhydrit,"từ liên quan, câu liên quan, Hán Việt",chars/9150.json
酒,A,jiǔ,rượu,Hán Việt,chars/9152.json
酔,C,zuì,biến thể tiếng Nhật của 醉,"bộ thủ, từ liên quan, câu liên quan, Hán Việt",chars/9154.json
酕,B,máo,rất say; say mèm,"từ liên quan, câu liên quan, Hán Việt",chars/9155.json
酖,C,dān,nghiện rượu,"bộ thủ, từ liên quan, câu liên quan",chars/9156.json
酗,C,xù,say rượu,"bộ thủ, Hán Việt",chars/9157.json
酚,B,fēn,phenol,"câu liên quan, Hán Việt",chars/915A.json
酝,A,yùn,ủ,Hán Việt,chars/915D.json
酞,B,tài,phthalein (hóa học),"câu liên quan, Hán Việt",chars/915E.json
酡,B,tuó,đỏ mặt (do uống rượu),"từ liên quan, câu liên quan, Hán Việt",chars/9161.json
酢,B,cù,biến thể của 醋[cu4],"câu liên quan, Hán Việt",chars/9162.json
酣,A,hān,say sưa,Hán Việt,chars/9163.json
酤,B,gū,buôn bán rượu,"từ liên quan, câu liên quan, Hán Việt",chars/9164.json
酥,A,sū,bơ,Hán Việt,chars/9165.json
酦,B,fā,dùng trong 醱酵|酦酵[fa1 jiao4]; cách đọc ở Đài Loan: [po4],"từ liên quan, câu liên quan, Hán Việt",chars/9166.json
酩,B,mǐng,dùng trong 酩酊[ming3 ding3],câu liên quan,chars/9169.json
酪,B,lào,sữa hoặc nước trái cây đông lại; cũng đọc là [luo4],"câu liên quan, Hán Việt",chars/916A.json
酮,B,tóng,xeton,"câu liên quan, Hán Việt",chars/916E.json
酯,B,zhǐ,este,"câu liên quan, Hán Việt",chars/916F.json
酰,B,xiān,gốc axit; -acyl (hóa học),"câu liên quan, Hán Việt",chars/9170.json
酲,B,chéng,(văn học) say rượu; mệt mỏi sau cơn say,"từ liên quan, câu liên quan",chars/9172.json
酴,B,tú,men,"từ liên quan, câu liên quan, Hán Việt",chars/9174.json
酵,A,jiào,men; chất gây nở; quá trình lên men,Hán Việt,chars/9175.json
酶,A,méi,enzym; chất lên men,Hán Việt,chars/9176.json
酸,C,suān,chua,"bộ thủ, Hán Việt",chars/9178.json
酹,C,lèi,rót rượu cúng; rưới,"bộ thủ, từ liên quan, câu liên quan, Hán Việt",chars/9179.json
酺,C,pú,uống nhiều; uống cùng nhau,"bộ thủ, từ liên quan, câu liên quan, Hán Việt",chars/917A.json
酽,C,yàn,đậm (trà),"bộ thủ, từ liên quan, câu liên quan, Hán Việt",chars/917D.json
酾,B,shī,(văn học) lọc (rượu); rót (rượu hoặc trà),"từ liên quan, câu liên quan, Hán Việt",chars/917E.json
酿,A,niàng,lên men; nấu rượu,Hán Việt,chars/917F.json
醁,C,lù,tên một loại rượu,"bộ thủ, từ liên quan, câu liên quan, Hán Việt",chars/9181.json
醄,B,táo,rất say; phê,"từ liên quan, câu liên quan, Hán Việt",chars/9184.json
醅,B,pēi,rượu chưa lọc,"từ liên quan, câu liên quan, Hán Việt",chars/9185.json
醆,C,zhǎn,chén rượu,"bộ thủ, từ liên quan, câu liên quan, Hán Việt",chars/9186.json
醇,C,chún,cồn; rượu có nồng độ cồn cao,"bộ thủ, Hán Việt",chars/9187.json
醉,A,zuì,say rượu,Hán Việt,chars/9189.json
醊,C,chuò,rưới rượu xuống đất,"bộ thủ, từ liên quan, câu liên quan, Hán Việt",chars/918A.json
醋,C,cù,giấm,"bộ thủ, Hán Việt",chars/918B.json
醌,B,kūn,quinone (hóa học),"từ liên quan, câu liên quan, Hán Việt",chars/918C.json
醍,B,tí,tinh dầu bơ,"câu liên quan, Hán Việt",chars/918D.json
醐,B,hú,loại kem tinh khiết nhất,"câu liên quan, Hán Việt",chars/9190.json
醑,B,xǔ,cồn; chưng cất rượu,"từ liên quan, câu liên quan, Hán Việt",chars/9191.json
醓,C,tǎn,nước muối thịt ngâm,"bộ thủ, từ liên quan, câu liên quan, Hán Việt",chars/9193.json
醖,C,yùn,biến thể của 醞|酝[yun4],"bộ thủ, từ liên quan, câu liên quan, Hán Việt",chars/9196.json
醚,B,mí,ete,"câu liên quan, Hán Việt",chars/919A.json
醛,B,quán,andehit,"câu liên quan, Hán Việt",chars/919B.json
醝,C,cuó,rượu; cồn,"bộ thủ, từ liên quan, câu liên quan",chars/919D.json
醟,C,yòng,uống quá độ; phóng đãng,"bộ thủ, từ liên quan, câu liên quan, Hán Việt",chars/919F.json
醡,C,zhà,ép để lấy rượu,"bộ thủ, từ liên quan, câu liên quan, Hán Việt",chars/91A1.json
醢,C,hǎi,thịt băm; thịt muối,"bộ thủ, từ liên quan, câu liên quan, Hán Việt",chars/91A2.json
醣,B,táng,carbohydrate; biến thể cũ của 糖[tang2],"từ liên quan, câu liên quan, Hán Việt",chars/91A3.json
醤,C,jiàng,biến thể tiếng Nhật của 醬|酱[jiang4],"bộ thủ, từ liên quan, câu liên quan, Hán Việt",chars/91A4.json
醨,C,lí,cặn rượu,"bộ thủ, từ liên quan, câu liên quan, Hán Việt",chars/91A8.json
醪,B,láo,rượu có cặn,"câu liên quan, Hán Việt",chars/91AA.json
醭,B,bú,mốc trên chất lỏng,"từ liên quan, câu liên quan, Hán Việt",chars/91AD.json
醮,B,jiào,cử hành tế lễ,"từ liên quan, câu liên quan, Hán Việt",chars/91AE.json
醯,B,xī,acyl,"từ liên quan, câu liên quan, Hán Việt",chars/91AF.json
醰,C,tán,vị đắng trong rượu; dư vị,"bộ thủ, từ liên quan, câu liên quan, Hán Việt",chars/91B0.json
醳,C,yì,rượu ngon; ban tặng (đồ ăn thức uống),"bộ thủ, từ liên quan, câu liên quan, Hán Việt",chars/91B3.json
醴,B,lǐ,rượu ngọt,"câu liên quan, Hán Việt",chars/91B4.json
醵,B,jù,góp tiền tổ chức tiệc; góp chung (tiền),"từ liên quan, câu liên quan, Hán Việt",chars/91B5.json
醸,C,niàng,biến thể tiếng Nhật của 釀|酿,"bộ thủ, từ liên quan, câu liên quan, Hán Việt",chars/91B8.json
醹,C,rú,nồng (rượu),"bộ thủ, từ liên quan, câu liên quan, Hán Việt",chars/91B9.json
醺,B,xūn,say không còn biết gì,"câu liên quan, Hán Việt",chars/91BA.json
醽,C,líng,tên một loại rượu,"bộ thủ, từ liên quan, câu liên quan, Hán Việt",chars/91BD.json
醾,C,mí,rượu chưa lọc; rượu ủ hai lần,"bộ thủ, từ liên quan, câu liên quan, Hán Việt",chars/91BE.json
釂,C,jiào,cạn ly,"bộ thủ, từ liên quan, câu liên quan, Hán Việt",chars/91C2.json
釆,B,biàn,"Phân biệt rõ, biện biệt","từ liên quan, câu liên quan, Hán Việt",chars/91C6.json
釈,C,shì,biến thể tiếng Nhật của 釋|释,"bộ thủ, từ liên quan, câu liên quan, Hán Việt",chars/91C8.json
釉,B,yòu,men (của sứ),"câu liên quan, Hán Việt",chars/91C9.json
量,A,liàng,dung lượng,Hán Việt,chars/91CF.json
釒,C,jīn,,"nghĩa, bộ thủ, từ liên quan, câu liên quan, Hán Việt",chars/91D2.json
釜,B,fǔ,ấm đun; nồi lớn,"câu liên quan, Hán Việt",chars/91DC.json
釡,C,fǔ,biến thể cũ của 釜[fu3],"bộ thủ, từ liên quan, câu liên quan, Hán Việt",chars/91E1.json
釢,C,nǎi,(cũ) neodymium; neptunium (hóa học),"bộ thủ, từ liên quan, câu liên quan, Hán Việt",chars/91E2.json
釪,C,yú,bát khất thực; một cái chuông nhỏ,"bộ thủ, từ liên quan, câu liên quan, Hán Việt",chars/91EA.json
釭,C,gāng,bát treo đèn hoặc cá,"bộ thủ, từ liên quan, câu liên quan",chars/91ED.json
釱,C,dì,xiềng xích; xiềng,"bộ thủ, từ liên quan, câu liên quan, Hán Việt",chars/91F1.json
釸,C,xī,biến thể của 矽[xi1],"bộ thủ, từ liên quan, câu liên quan, Hán Việt",chars/91F8.json
鈆,C,yán,biến thể cũ của 沿[yan2],"bộ thủ, từ liên quan, câu liên quan, Hán Việt",chars/9206.json
鈌,C,jué,"đâm, chọc","bộ thủ, từ liên quan, câu liên quan",chars/920C.json
鈤,C,rì,bản dịch cũ của nguyên tố gecmani Ge32 鍺|锗[zhe3],"bộ thủ, từ liên quan, câu liên quan, Hán Việt",chars/9224.json
鈬,C,Duó,họ [Duo2],"bộ thủ, từ liên quan, câu liên quan, Hán Việt",chars/922C.json
鉄,C,tiě,biến thể cũ của 鐵|铁[tie3],"bộ thủ, từ liên quan, câu liên quan, Hán Việt",chars/9244.json
鉆,C,zhēn,bảo vật,"bộ thủ, từ liên quan, câu liên quan, Hán Việt",chars/9246.json
鉌,C,hé,chuông nhỏ,"bộ thủ, từ liên quan, câu liên quan, Hán Việt",chars/924C.json
鉏,C,chú,cái cuốc,"bộ thủ, từ liên quan, câu liên quan, Hán Việt",chars/924F.json
鉠,C,yāng,(tượng thanh) reng; kêu leng keng,"bộ thủ, từ liên quan, câu liên quan, Hán Việt",chars/9260.json
鉨,C,nǐ,biến thể của 璽|玺 triện của vua,"bộ thủ, từ liên quan, câu liên quan, Hán Việt",chars/9268.json
鉱,C,kuàng,biến thể tiếng Nhật của 礦|矿,"bộ thủ, từ liên quan, câu liên quan, Hán Việt",chars/9271.json
鉲,C,kǎ,(hóa học) cadmium (cũ); (Đài Loan) californium,"bộ thủ, từ liên quan, câu liên quan, Hán Việt",chars/9272.json
鉳,C,běi,berkelium (hóa học) (Đài Loan),"bộ thủ, từ liên quan, câu liên quan, Hán Việt",chars/9273.json
鉴,A,jiàn,biến thể của 鑑|鉴[jian4],Hán Việt,chars/9274.json
鉼,C,bǐng,tấm,"bộ thủ, từ liên quan, câu liên quan, Hán Việt",chars/927C.json
鉾,C,móu,giáo,"bộ thủ, từ liên quan, câu liên quan, Hán Việt",chars/927E.json
銎,B,qiōng,lỗ tra cán rìu,"từ liên quan, câu liên quan, Hán Việt",chars/928E.json
銕,C,tiě,biến thể cũ của 鐵|铁[tie3],"bộ thủ, từ liên quan, câu liên quan, Hán Việt",chars/9295.json
銞,C,jūn,biến thể cũ của 鈞|钧[jun1],"bộ thủ, từ liên quan, câu liên quan, Hán Việt",chars/929E.json
銤,C,mǐ,từng được dùng cho các nguyên tố hóa học americi 鎇|镅[mei2] và osmi 鋨|锇[e2],"bộ thủ, từ liên quan, câu liên quan, Hán Việt",chars/92A4.json
銧,C,guāng,mũi kiếm,"bộ thủ, từ liên quan, câu liên quan, Hán Việt",chars/92A7.json
銭,C,qián,biến thể Nhật Bản của 錢|钱,"bộ thủ, từ liên quan, câu liên quan, Hán Việt",chars/92AD.json
銮,C,luán,hoàng gia,"bộ thủ, câu liên quan, Hán Việt",chars/92AE.json
銰,C,āi,"chữ từng được dùng ở Hàn Quốc để biểu thị âm ""ngai""","bộ thủ, từ liên quan, câu liên quan, Hán Việt",chars/92B0.json
銵,C,kēng,biến thể cũ của 鏗|铿[keng1],"bộ thủ, từ liên quan, câu liên quan, Hán Việt",chars/92B5.json
鋂,C,méi,americi (hóa học) (Đài Loan); (cổ) xích kim loại,"bộ thủ, từ liên quan, câu liên quan",chars/92C2.json
鋆,C,yún,vàng,"bộ thủ, từ liên quan, câu liên quan, Hán Việt",chars/92C6.json
鋈,B,wù,mạ-; mạ,"từ liên quan, câu liên quan, Hán Việt",chars/92C8.json
鋊,C,yù,que cời; mạt đồng,"bộ thủ, từ liên quan, câu liên quan, Hán Việt",chars/92CA.json
鋍,C,bó,"thuật ngữ cũ cho beryli, nay viết là 鈹|铍[pi2]; biến thể của 鈸|钹[bo2], chũm chọe","bộ thủ, từ liên quan, câu liên quan, Hán Việt",chars/92CD.json
鋑,C,cuān,"khắc hoặc chạm, như khắc bản in","bộ thủ, từ liên quan, câu liên quan, Hán Việt",chars/92D1.json
鋕,C,zhì,khắc; ghi chép,"bộ thủ, từ liên quan, câu liên quan, Hán Việt",chars/92D5.json
鋘,C,wú,trát; cái bay,"bộ thủ, từ liên quan, câu liên quan, Hán Việt",chars/92D8.json
鋡,C,hán,cầm; chứa đựng,"bộ thủ, từ liên quan, câu liên quan, Hán Việt",chars/92E1.json
鋭,C,ruì,biến thể Nhật Bản của 銳|锐,"bộ thủ, từ liên quan, câu liên quan",chars/92ED.json
鋳,C,zhù,biến thể Nhật Bản của 鑄|铸,"bộ thủ, từ liên quan, câu liên quan, Hán Việt",chars/92F3.json
鋺,C,wǎn,biến thể của 碗[wan3],"bộ thủ, từ liên quan, câu liên quan, Hán Việt",chars/92FA.json
錍,C,pī,mũi tên phẳng; lưỡi cày,"bộ thủ, từ liên quan, câu liên quan, Hán Việt",chars/930D.json
錔,C,tà,bọc kim loại ở đầu,"bộ thủ, từ liên quan, câu liên quan, Hán Việt",chars/9314.json
錬,C,liàn,Biến thể tiếng Nhật của 煉|炼[lian4],"bộ thủ, từ liên quan, câu liên quan, Hán Việt",chars/932C.json
録,C,lù,biến thể tiếng Nhật của 錄|录[lu4],"bộ thủ, từ liên quan, câu liên quan, Hán Việt",chars/9332.json
錴,C,lù,rhodium (hóa học) (cũ),"bộ thủ, từ liên quan, câu liên quan, Hán Việt",chars/9334.json
錵,C,huā,holmium (hóa học) (cũ),"bộ thủ, từ liên quan, câu liên quan, Hán Việt",chars/9335.json
錼,C,nài,neptunium (hoá học) (Đài Loan),"bộ thủ, từ liên quan, câu liên quan, Hán Việt",chars/933C.json
錾,C,zàn,chạm khắc,"bộ thủ, câu liên quan, Hán Việt",chars/933E.json
鍅,C,fǎ,francium (hoá học) (Đài Loan),"bộ thủ, từ liên quan, câu liên quan, Hán Việt",chars/9345.json
鍉,C,dī,cái thìa; chìa khóa,"bộ thủ, từ liên quan, câu liên quan, Hán Việt",chars/9349.json
鍏,C,wéi,cái thuổng,"bộ thủ, từ liên quan, câu liên quan, Hán Việt",chars/934F.json
鍐,C,cōng,"dây cương, đồ trang trí trên dây cương","bộ thủ, từ liên quan, câu liên quan, Hán Việt",chars/9350.json
鍪,B,móu,nồi sắt; mũ kim loại,"từ liên quan, câu liên quan, Hán Việt",chars/936A.json
鍱,C,yè,tấm kim loại mỏng,"bộ thủ, từ liên quan, câu liên quan, Hán Việt",chars/9371.json
鍴,C,duān,(cổ) cốc uống rượu,"bộ thủ, từ liên quan, câu liên quan, Hán Việt",chars/9374.json
鍹,C,xuān,cái xẻng; cái cuốc,"bộ thủ, từ liên quan, câu liên quan, Hán Việt",chars/9379.json
鎉,C,tà,thallium,"bộ thủ, từ liên quan, câu liên quan, Hán Việt",chars/9389.json
鎋,C,xiá,chốt hãm (dùng để gắn bánh xe vào trục) (biến thể của 轄|辖[xia2]),"bộ thủ, từ liên quan, câu liên quan, Hán Việt",chars/938B.json
鎍,C,suǒ,xích; dây kim loại,"bộ thủ, từ liên quan, câu liên quan, Hán Việt",chars/938D.json
鎏,B,liú,biến thể của 鎦|镏[liu2],"từ liên quan, câu liên quan, Hán Việt",chars/938F.json
鎒,C,nòu,biến thể của 耨[nou4],"bộ thủ, từ liên quan, câu liên quan, Hán Việt",chars/9392.json
鎞,C,bì,"lưỡi cày; ngạnh, dao mổ","bộ thủ, từ liên quan, câu liên quan, Hán Việt",chars/939E.json
鎤,C,huǎng,tiếng chuông; chuông nhỏ,"bộ thủ, từ liên quan, câu liên quan, Hán Việt",chars/93A4.json
鎭,C,zhèn,biến thể của 鎮|镇[zhen4]; thị trấn,"bộ thủ, từ liên quan, câu liên quan, Hán Việt",chars/93AD.json
鎴,C,xí,"stronti (cũ, nay là 鍶|锶[si1])","bộ thủ, từ liên quan, câu liên quan, Hán Việt",chars/93B4.json
鎸,C,juān,"biến thể của 鐫|镌, khắc (trên gỗ hoặc đá); khắc chữ","bộ thủ, từ liên quan, câu liên quan, Hán Việt",chars/93B8.json
鎹,C,xx,(chữ Nhật kokuji) đinh kẹp lớn đóng vào hai mảnh gỗ để giữ chúng lại với nhau; đọc là kasugai,"bộ thủ, từ liên quan, câu liên quan, Hán Việt",chars/93B9.json
鏁,C,suǒ,biến thể cũ của 鎖|锁[suo3],"bộ thủ, từ liên quan, câu liên quan, Hán Việt",chars/93C1.json
鏊,B,ào,chảo nướng,"từ liên quan, câu liên quan, Hán Việt",chars/93CA.json
鏖,B,áo,chiến đấu ác liệt,"câu liên quan, Hán Việt",chars/93D6.json
鏚,C,qī,rìu chiến; phiên âm Đài Loan [qi4],"bộ thủ, từ liên quan, câu liên quan, Hán Việt",chars/93DA.json
鏠,C,fēng,biến thể cũ của 鋒|锋[feng1],"bộ thủ, từ liên quan, câu liên quan, Hán Việt",chars/93E0.json
鏦,C,cōng,cây giáo; đâm (bằng giáo),"bộ thủ, từ liên quan, câu liên quan, Hán Việt",chars/93E6.json
鏸,C,huì,giáo ba cạnh; (dùng trong tên riêng),"bộ thủ, từ liên quan, câu liên quan, Hán Việt",chars/93F8.json
鏽,C,xiù,,"nghĩa, bộ thủ, từ liên quan, câu liên quan, Hán Việt",chars/93FD.json
鏾,C,sǎn,cò súng nỏ; nỏ,"bộ thủ, từ liên quan, câu liên quan, Hán Việt",chars/93FE.json
鐗,C,jiǎn,biến thể của 鐧|锏[jian3],"bộ thủ, từ liên quan, câu liên quan, Hán Việt",chars/9417.json
鐡,C,tiě,"biến thể của 鐵|铁[tie3], sắt","bộ thủ, từ liên quan, câu liên quan, Hán Việt",chars/9421.json
鐬,C,huì,,"nghĩa, bộ thủ, từ liên quan, câu liên quan, Hán Việt",chars/942C.json
鐱,C,jiàn,biến thể cũ của 劍|剑[jian4],"bộ thủ, từ liên quan, câu liên quan",chars/9431.json
鐻,C,jù,(nhạc cụ),"bộ thủ, từ liên quan, câu liên quan",chars/943B.json
鐾,B,bèi,mài (dao) trên đá hoặc dây da,"từ liên quan, câu liên quan, Hán Việt",chars/943E.json
鑀,C,ài,einsteini (hóa học) (Đài Loan); ionium (tên cũ của thorium),"bộ thủ, từ liên quan, câu liên quan, Hán Việt",chars/9440.json
鑅,C,héng,(từ tượng thanh) cho âm thanh của chuông (cổ),"bộ thủ, từ liên quan, câu liên quan",chars/9445.json
鑐,C,xū,then chốt của một ổ khóa Trung Quốc,"bộ thủ, từ liên quan, câu liên quan, Hán Việt",chars/9450.json
鑢,C,Lǜ,họ [Lu:4],"bộ thủ, từ liên quan, câu liên quan, Hán Việt",chars/9462.json
鑫,C,xīn,"(dùng trong tên người và cửa hàng, tượng trưng cho sự thịnh vượng)","bộ thủ, câu liên quan, Hán Việt",chars/946B.json
鑯,C,jiān,cái dùi; điểm sắt nhọn,"bộ thủ, từ liên quan, câu liên quan, Hán Việt",chars/946F.json
鑳,C,jiàn,biến thể cũ của 鍵|键[jian4],"bộ thủ, từ liên quan, câu liên quan, Hán Việt",chars/9473.json
鑴,C,xì,"khắc hoặc chạm, như một bản khắc để in","bộ thủ, từ liên quan, câu liên quan, Hán Việt",chars/9474.json
鑶,C,cáng,(từ tượng thanh) (âm thanh của chuông),"bộ thủ, từ liên quan, câu liên quan, Hán Việt",chars/9476.json
钃,C,shǔ,kim loại,"bộ thủ, từ liên quan, câu liên quan, Hán Việt",chars/9483.json
钅,B,jīn,"Kim loại, vàng, vật bằng kim loại.","từ liên quan, câu liên quan, Hán Việt",chars/9485.json
钆,B,gá,gadolinium (hoá học),"từ liên quan, câu liên quan, Hán Việt",chars/9486.json
钇,B,yǐ,yttri (hoá học),"từ liên quan, câu liên quan, Hán Việt",chars/9487.json
钊,C,zhāo,khích lệ; cắt,"bộ thủ, câu liên quan, Hán Việt",chars/948A.json
钋,B,pō,poloni (hoá học); cách đọc tại Đài Loan: [po4],"từ liên quan, câu liên quan, Hán Việt",chars/948B.json
钌,B,liǎo,ruthenium (hoá học),"từ liên quan, câu liên quan",chars/948C.json
钍,B,tǔ,thori (hoá học),"từ liên quan, câu liên quan, Hán Việt",chars/948D.json
钎,C,qiān,mũi khoan (để khoan đá),"bộ thủ, câu liên quan, Hán Việt",chars/948E.json
钏,B,Chuàn,họ [Chuan4],"từ liên quan, câu liên quan",chars/948F.json
钐,B,shān,samarium (hoá học),"từ liên quan, câu liên quan, Hán Việt",chars/9490.json
钑,C,jí,germanium (cũ),"bộ thủ, từ liên quan, câu liên quan, Hán Việt",chars/9491.json
钒,B,fán,vanadi (hóa học),"từ liên quan, câu liên quan, Hán Việt",chars/9492.json
钓,C,diào,câu cá,"bộ thủ, Hán Việt",chars/9493.json
钔,B,mén,mendelevium (hoá học),"từ liên quan, câu liên quan, Hán Việt",chars/9494.json
钕,B,nǚ,neodymium (hoá học),"từ liên quan, câu liên quan, Hán Việt",chars/9495.json
钖,C,yáng,đồ trang trí trên dây cương ngựa,"bộ thủ, từ liên quan, câu liên quan, Hán Việt",chars/9496.json
钗,C,chāi,trâm cài tóc,"bộ thủ, câu liên quan",chars/9497.json
钘,C,xíng,bình rượu cổ dài,"bộ thủ, từ liên quan, câu liên quan, Hán Việt",chars/9498.json
钙,B,gài,canxi,"câu liên quan, Hán Việt",chars/9499.json
钚,B,bù,plutonium (hóa học),"từ liên quan, câu liên quan, Hán Việt",chars/949A.json
钛,B,tài,titanium (nguyên tố hóa học),"câu liên quan, Hán Việt",chars/949B.json
钜,B,jù,sắt cứng; cái móc,"từ liên quan, câu liên quan, Hán Việt",chars/949C.json
钞,A,chāo,tiền; tiền giấy,Hán Việt,chars/949E.json
钠,A,nà,natri (hóa học),Hán Việt,chars/94A0.json
钡,B,bèi,bari (hóa học),"từ liên quan, câu liên quan, Hán Việt",chars/94A1.json
钣,B,bǎn,tấm kim loại; tấm kim loại mỏng,"từ liên quan, câu liên quan, Hán Việt",chars/94A3.json
钤,B,qián,then cửa; con dấu,"từ liên quan, câu liên quan",chars/94A4.json
钥,A,yuè,chìa khóa; cũng đọc là [yao4],Hán Việt,chars/94A5.json
钧,A,jūn,30 cân; lớn,Hán Việt,chars/94A7.json
钨,B,wū,tungsten (hóa học),"câu liên quan, Hán Việt",chars/94A8.json
钩,C,gōu,"móc, vướng vào","bộ thủ, Hán Việt",chars/94A9.json
钪,B,kàng,scandium (hóa học),"từ liên quan, câu liên quan, Hán Việt",chars/94AA.json
钫,B,fāng,franci (hóa học),"từ liên quan, câu liên quan, Hán Việt",chars/94AB.json
钬,B,huǒ,holmium (hóa học),"từ liên quan, câu liên quan, Hán Việt",chars/94AC.json
钭,C,Tǒu,họ [Tou3],"bộ thủ, từ liên quan, câu liên quan, Hán Việt",chars/94AD.json
钯,B,bǎ,palladi (hoá học); Phiên âm Đài Loan [ba1],"từ liên quan, câu liên quan, Hán Việt",chars/94AF.json
钰,C,yù,bảo vật; kim loại cứng,"bộ thủ, câu liên quan, Hán Việt",chars/94B0.json
钲,B,zhēng,cồng dùng để dừng quân,"từ liên quan, câu liên quan",chars/94B2.json
钴,B,gǔ,coban (hoá học); Phiên âm Đài Loan [gu1],"từ liên quan, câu liên quan, Hán Việt",chars/94B4.json
钶,B,kē,columbium,"từ liên quan, câu liên quan, Hán Việt",chars/94B6.json
钷,B,pǒ,prometi (hóa học),"từ liên quan, câu liên quan, Hán Việt",chars/94B7.json
钸,B,bū,tấm kim loại,"từ liên quan, câu liên quan",chars/94B8.json
钹,B,bó,chũm chọe,"từ liên quan, câu liên quan",chars/94B9.json
钺,B,yuè,rìu chiến,câu liên quan,chars/94BA.json
钻,A,zuān,"khoan, máy khoan",Hán Việt,chars/94BB.json
钼,B,mù,molypden (hóa học),"từ liên quan, câu liên quan, Hán Việt",chars/94BC.json
钽,B,tǎn,tantalum (hóa học),"từ liên quan, câu liên quan, Hán Việt",chars/94BD.json
钾,A,jiǎ,kali (hóa học),Hán Việt,chars/94BE.json
钿,B,diàn,"khảm vàng, bạc,...; đồ trang trí khảm cổ đại hình bông hoa","từ liên quan, câu liên quan, Hán Việt",chars/94BF.json
铀,B,yóu,uranium (hóa học); cách đọc ở Đài Loan: [you4],"câu liên quan, Hán Việt",chars/94C0.json
铂,B,bó,platinum (hóa học),"từ liên quan, câu liên quan",chars/94C2.json
铃,A,líng,chuông,Hán Việt,chars/94C3.json
铄,B,shuò,sáng; nấu chảy,câu liên quan,chars/94C4.json
铅,A,qiān,chì,Hán Việt,chars/94C5.json
铆,B,mǎo,tán đinh; (thông tục) dốc sức,"câu liên quan, Hán Việt",chars/94C6.json
铇,C,bào,biến thể của 刨[bao4],"bộ thủ, từ liên quan, câu liên quan",chars/94C7.json
铈,B,shì,xeri (hoá học),"từ liên quan, câu liên quan, Hán Việt",chars/94C8.json
铉,B,xuàn,"dụng cụ dạng que cắm vào quai đỉnh ba chân thời cổ đại để nhấc đỉnh lên; thường dùng trong tên Hàn Quốc, phiên âm là ""hyun""","câu liên quan, Hán Việt",chars/94C9.json
铊,B,tā,thallium trong hóa học,"từ liên quan, câu liên quan, Hán Việt",chars/94CA.json
铋,B,bì,bismuth (hóa học),"từ liên quan, câu liên quan, Hán Việt",chars/94CB.json
铌,B,ní,niobi (hoá học),"từ liên quan, câu liên quan",chars/94CC.json
铍,B,pí,berili (hóa học),"từ liên quan, câu liên quan, Hán Việt",chars/94CD.json
铎,B,Duó,họ [Duo2],câu liên quan,chars/94CE.json
铏,C,xíng,nồi canh; (cổ) đỉnh cúng tế có hai quai và nắp,"bộ thủ, từ liên quan, câu liên quan, Hán Việt",chars/94CF.json
铐,B,kào,còng; xích,"câu liên quan, Hán Việt",chars/94D0.json
铑,B,lǎo,rhodium (hóa học),"từ liên quan, câu liên quan, Hán Việt",chars/94D1.json
铒,B,ěr,erbium (hóa học),"từ liên quan, câu liên quan, Hán Việt",chars/94D2.json
铓,C,máng,điểm sắc; mũi kiếm,"bộ thủ, từ liên quan, câu liên quan, Hán Việt",chars/94D3.json
铔,C,yà,amoni (cũ),"bộ thủ, từ liên quan, câu liên quan, Hán Việt",chars/94D4.json
铕,B,yǒu,europi (hóa học),"từ liên quan, câu liên quan, Hán Việt",chars/94D5.json
铖,B,chéng,(dùng trong tên người),"từ liên quan, câu liên quan, Hán Việt",chars/94D6.json
铗,C,jiá,kẹp dùng cho lửa; kiếm,"bộ thủ, từ liên quan, câu liên quan, Hán Việt",chars/94D7.json
铘,C,yé,dùng trong 鏌鋣|镆铘[Mo4 ye2],"bộ thủ, từ liên quan, câu liên quan, Hán Việt",chars/94D8.json
铙,B,náo,cặp chũm chọe lớn,"từ liên quan, câu liên quan, Hán Việt",chars/94D9.json
铚,C,zhì,lưỡi liềm,"bộ thủ, từ liên quan, câu liên quan, Hán Việt",chars/94DA.json
铛,B,chēng,chảo rán; bếp nướng,"câu liên quan, Hán Việt",chars/94DB.json
铝,A,lǚ,nhôm,Hán Việt,chars/94DD.json
铞,B,diào,xem 釕銱兒|钌铞儿[liao4 diao4 r5],"từ liên quan, câu liên quan, Hán Việt",chars/94DE.json
铟,B,yīn,indium (hóa học),"từ liên quan, câu liên quan, Hán Việt",chars/94DF.json
铠,A,kǎi,áo giáp,Hán Việt,chars/94E0.json
铡,C,zhá,máy chém kiểu đòn bẩy; chém bằng loại máy chém này,"bộ thủ, câu liên quan, Hán Việt",chars/94E1.json
铢,B,zhū,một phần hai mươi tư của một lạng (2 hoặc 3 gram),"câu liên quan, Hán Việt",chars/94E2.json
铣,B,xǐ,phay (gia công); tiếng Đài Loan đọc là [xian3],câu liên quan,chars/94E3.json
铤,B,dìng,thỏi kim loại,"câu liên quan, Hán Việt",chars/94E4.json
铥,B,diū,thulium (hóa học),"từ liên quan, câu liên quan, Hán Việt",chars/94E5.json
铦,C,xiān,giáo cá; sắc bén,"bộ thủ, từ liên quan, câu liên quan, Hán Việt",chars/94E6.json
铧,B,huá,lưỡi cày; cái mai,"câu liên quan, Hán Việt",chars/94E7.json
铨,B,quán,đánh giá; chọn lựa,"câu liên quan, Hán Việt",chars/94E8.json
铩,C,shā,cây thương; làm tổn hại (văn học),"bộ thủ, câu liên quan, Hán Việt",chars/94E9.json
铪,B,hā,hafnium (hóa học),"từ liên quan, câu liên quan, Hán Việt",chars/94EA.json
铫,B,Yáo,họ [Yao2],"từ liên quan, câu liên quan, Hán Việt",chars/94EB.json
铬,B,gè,chromium (hóa học),"từ liên quan, câu liên quan",chars/94EC.json
铭,C,míng,khắc; châm ngôn được khắc,"bộ thủ, Hán Việt",chars/94ED.json
铮,B,zhēng,tiếng vang của kim loại; cồng nhỏ,"từ liên quan, câu liên quan",chars/94EE.json
铯,B,sè,xesi (hóa học),"từ liên quan, câu liên quan, Hán Việt",chars/94EF.json
铰,C,jiǎo,kéo; cắt (bằng kéo),"bộ thủ, câu liên quan, Hán Việt",chars/94F0.json
铱,B,yī,iridi (hóa học),"từ liên quan, câu liên quan, Hán Việt",chars/94F1.json
铳,B,chòng,hỏa khí cổ; súng,"từ liên quan, câu liên quan",chars/94F3.json
铴,C,tāng,,"nghĩa, từ liên quan, câu liên quan, Hán Việt",chars/94F4.json
铵,B,ǎn,amoni,"câu liên quan, Hán Việt",chars/94F5.json
铷,B,rú,rubidi (hóa học),"từ liên quan, câu liên quan, Hán Việt",chars/94F7.json
铸,A,zhù,đúc hoặc đổ khuôn kim loại,Hán Việt,chars/94F8.json
铹,B,láo,lawrenci (hóa học),"từ liên quan, câu liên quan",chars/94F9.json
铻,C,wú,cái cuốc,"bộ thủ, từ liên quan, câu liên quan, Hán Việt",chars/94FB.json
铼,B,lái,rhenium (hóa học),"từ liên quan, câu liên quan, Hán Việt",chars/94FC.json
铽,B,tè,terbi (hóa học),"từ liên quan, câu liên quan, Hán Việt",chars/94FD.json
链,C,liàn,"dây xích; sợi cáp (đơn vị đo chiều dài: 100 sải, khoảng 185 m)","bộ thủ, Hán Việt",chars/94FE.json
锂,B,lǐ,liti (hóa học),"câu liên quan, Hán Việt",chars/9502.json
锃,B,zèng,đánh bóng; sáng bóng,câu liên quan,chars/9503.json
锄,C,chú,cái cuốc; cuốc hoặc đào,"bộ thủ, câu liên quan, Hán Việt",chars/9504.json
锅,A,guō,nồi,Hán Việt,chars/9505.json
锆,B,gào,zirconi (hóa học),"từ liên quan, câu liên quan",chars/9506.json
锇,B,é,osmi (hóa học),"từ liên quan, câu liên quan, Hán Việt",chars/9507.json
锈,A,xiù,gỉ,Hán Việt,chars/9508.json
锉,B,cuò,(văn học) làm gãy (xương); (văn học) cắt,"câu liên quan, Hán Việt",chars/9509.json
锊,B,lüè,(đơn vị đo lường khối lượng cổ),"từ liên quan, câu liên quan, Hán Việt",chars/950A.json
锋,A,fēng,mũi giáo; lưỡi dụng cụ,Hán Việt,chars/950B.json
锌,B,xīn,kẽm (hóa học),"câu liên quan, Hán Việt",chars/950C.json
锎,B,kāi,californium (hóa học),"từ liên quan, câu liên quan, Hán Việt",chars/950E.json
锏,B,jiǎn,vũ khí cổ giống cây gậy kim loại dài,"câu liên quan, Hán Việt",chars/950F.json
锐,A,ruì,sắc bén,Hán Việt,chars/9510.json
锑,B,tī,antimon (hóa học),"từ liên quan, câu liên quan, Hán Việt",chars/9511.json
锒,B,láng,xích; trang sức,"câu liên quan, Hán Việt",chars/9512.json
锓,B,qín,khắc,"từ liên quan, câu liên quan",chars/9513.json
锔,B,jū,hàn gắn bằng cách ghim hoặc kẹp các mảnh vỡ lại với nhau,"từ liên quan, câu liên quan",chars/9514.json
锕,B,ā,actini (hóa học),"câu liên quan, Hán Việt",chars/9515.json
锖,C,qiāng,màu của khoáng chất,"bộ thủ, từ liên quan, câu liên quan",chars/9516.json
锗,B,zhě,germani (hóa học),"từ liên quan, câu liên quan",chars/9517.json
锘,B,nuò,nobelium (hóa học),"từ liên quan, câu liên quan, Hán Việt",chars/9518.json
锚,A,máo,mỏ neo,Hán Việt,chars/951A.json
锛,B,bēn,cái rìu đốn; cái búa đẽo,"từ liên quan, câu liên quan, Hán Việt",chars/951B.json
锜,C,qí,vạc ba chân (cổ); đục gỗ (cổ),"bộ thủ, từ liên quan, câu liên quan, Hán Việt",chars/951C.json
锝,B,dé,technetium (hoá học),"từ liên quan, câu liên quan, Hán Việt",chars/951D.json
锞,B,kè,cái nồi dầu mỡ cho xe; ngân đúc,"từ liên quan, câu liên quan",chars/951E.json
锟,B,kūn,kiếm thép,"câu liên quan, Hán Việt",chars/951F.json
锠,C,chāng,dụng cụ kim loại; lắp ráp,"bộ thủ, từ liên quan, câu liên quan",chars/9520.json
锢,C,gù,bệnh cố chấp; kiềm chế,"bộ thủ, câu liên quan, Hán Việt",chars/9522.json
锣,B,luó,cồng chiêng; LT:面[mian4],câu liên quan,chars/9523.json
锤,A,chuí,búa,Hán Việt,chars/9524.json
锥,B,zhuī,hình nón; cái dùi,câu liên quan,chars/9525.json
锦,C,jǐn,gấm; công việc thêu,bộ thủ,chars/9526.json
锧,C,zhì,đoạn đầu đài,"bộ thủ, từ liên quan, câu liên quan",chars/9527.json
锨,B,xiān,cái xẻng,"câu liên quan, Hán Việt",chars/9528.json
锩,B,juàn,uốn sắt,"từ liên quan, câu liên quan, Hán Việt",chars/9529.json
锪,B,huō,(liên quan đến kim loại) khoét lỗ; khoan miệng lỗ,"từ liên quan, câu liên quan, Hán Việt",chars/952A.json
锫,B,péi,berkelium (hóa học),"từ liên quan, câu liên quan, Hán Việt",chars/952B.json
锬,B,tán,giáo dài,"từ liên quan, câu liên quan, Hán Việt",chars/952C.json
键,A,jiàn,nút,Hán Việt,chars/952E.json
锰,B,měng,mangan (hóa học),"câu liên quan, Hán Việt",chars/9530.json
锱,B,zī,đơn vị trọng lượng cổ; một phần tám của một lạng,"câu liên quan, Hán Việt",chars/9531.json
锲,C,qiè,cắt; khắc,"bộ thủ, câu liên quan, Hán Việt",chars/9532.json
锳,C,yīng,(tượng thanh) reng; kêu leng keng,"bộ thủ, từ liên quan, câu liên quan, Hán Việt",chars/9533.json
锴,B,kǎi,sắt chất lượng cao,"từ liên quan, câu liên quan, Hán Việt",chars/9534.json
锵,A,qiāng,tiếng leng keng của chuông nhỏ,Hán Việt,chars/9535.json
锶,B,sī,stronti (hóa học),"từ liên quan, câu liên quan, Hán Việt",chars/9536.json
锷,B,è,lưỡi dao; sắc bén,"câu liên quan, Hán Việt",chars/9537.json
锸,B,chā,cái thuổng; cái xẻng,"từ liên quan, câu liên quan, Hán Việt",chars/9538.json
锹,B,qiāo,biến thể của 鍬|锹[qiao1],"câu liên quan, Hán Việt",chars/9539.json
锺,B,zhōng,biến thể giản thể không chuẩn của 鍾|钟[zhong1],"từ liên quan, câu liên quan",chars/953A.json
锻,A,duàn,rèn luyện; rèn dũa,Hán Việt,chars/953B.json
锼,B,sōu,chạm khắc (kim loại hoặc gỗ),"từ liên quan, câu liên quan, Hán Việt",chars/953C.json
锽,C,huáng,âm thanh trống và chuông; cái xiên ba chĩa,"bộ thủ, từ liên quan, câu liên quan, Hán Việt",chars/953D.json
锾,B,huán,đơn vị đo lường cổ đại; đơn vị tiền tệ cổ đại,"từ liên quan, câu liên quan, Hán Việt",chars/953E.json
锿,B,āi,einsteinium (hóa học),"từ liên quan, câu liên quan, Hán Việt",chars/953F.json
镀,B,dù,"mạ (vàng, bạc,...); (tiền tố) mạ -","câu liên quan, Hán Việt",chars/9540.json
镁,B,měi,magiê (hoá học),"câu liên quan, Hán Việt",chars/9541.json
镂,A,lòu,khắc; chạm,Hán Việt,chars/9542.json
镃,C,zī,cái cuốc; cái cuốc chim,"bộ thủ, từ liên quan, câu liên quan, Hán Việt",chars/9543.json
镄,B,fèi,fermium (hóa học),"từ liên quan, câu liên quan, Hán Việt",chars/9544.json
镅,B,méi,americium (hóa học),"từ liên quan, câu liên quan, Hán Việt",chars/9545.json
镆,B,mò,dùng trong 鏌鋣|镆铘[Mo4 ye2]; (hoá học) moscovi,"từ liên quan, câu liên quan",chars/9546.json
镈,B,bó,nhạc khí cổ hình cái chuông; cái cuốc,"từ liên quan, câu liên quan, Hán Việt",chars/9548.json
镉,B,gé,cadmi (hoá học),"từ liên quan, câu liên quan, Hán Việt",chars/9549.json
镊,B,niè,cái nhíp; kẹp,"câu liên quan, Hán Việt",chars/954A.json
镋,C,tǎng,biến thể cũ của 钂|镋[tang3],"bộ thủ, từ liên quan, câu liên quan, Hán Việt",chars/954B.json
镌,B,juān,khắc (trên gỗ hoặc đá); khắc chữ,"câu liên quan, Hán Việt",chars/954C.json
镍,B,niè,niken (hóa học),"từ liên quan, câu liên quan, Hán Việt",chars/954D.json
镎,B,ná,neptunium (hóa học),"từ liên quan, câu liên quan, Hán Việt",chars/954E.json
镏,C,liú,lutetium (hoá học) (Đài Loan),"bộ thủ, câu liên quan, Hán Việt",chars/954F.json
镐,B,gǎo,cái cuốc,câu liên quan,chars/9550.json
镑,A,bàng,bảng Anh (từ mượn),Hán Việt,chars/9551.json
镒,B,yì,đơn vị trọng lượng cổ bằng 20 hoặc 24 lạng 兩|两[liang3],"từ liên quan, câu liên quan",chars/9552.json
镓,B,jiā,gali (hóa học),"từ liên quan, câu liên quan, Hán Việt",chars/9553.json
镔,B,bīn,thép tốt,"từ liên quan, câu liên quan, Hán Việt",chars/9554.json
镕,C,róng,nấu chảy; dung hợp,"bộ thủ, câu liên quan, Hán Việt",chars/9555.json
镖,B,biāo,vũ khí phóng giống như phi tiêu; hàng hóa được bảo vệ bởi đoàn hộ tống vũ trang,câu liên quan,chars/9556.json
镗,B,tāng,tiếng ồn của trống,"từ liên quan, câu liên quan, Hán Việt",chars/9557.json
镘,B,màn,mặt không có chữ của đồng xu; bàn xoa,"từ liên quan, câu liên quan, Hán Việt",chars/9558.json
镚,B,bèng,đồng xu nhỏ; xu lẻ,"từ liên quan, câu liên quan, Hán Việt",chars/955A.json
镛,B,yōng,chuông lớn,"từ liên quan, câu liên quan, Hán Việt",chars/955B.json
镝,B,dī,đisprosi (hoá học),"từ liên quan, câu liên quan, Hán Việt",chars/955D.json
镞,B,zú,mũi tên; sắc nhọn,"câu liên quan, Hán Việt",chars/955E.json
镟,B,xuàn,gia công trên máy tiện; gọt bằng dao,"từ liên quan, câu liên quan, Hán Việt",chars/955F.json
镠,C,liú,vàng ròng,"bộ thủ, từ liên quan, câu liên quan, Hán Việt",chars/9560.json
镡,B,Tán,họ [Tan2],"từ liên quan, câu liên quan, Hán Việt",chars/9561.json
镢,B,jué,biến thể của 钁|䦆[jue2],"từ liên quan, câu liên quan, Hán Việt",chars/9562.json
镣,B,liào,xiềng chân; cùm,câu liên quan,chars/9563.json
镤,B,pú,protactini (hóa học),"từ liên quan, câu liên quan, Hán Việt",chars/9564.json
镥,B,lǔ,lutixi (hóa học),"từ liên quan, câu liên quan, Hán Việt",chars/9565.json
镦,B,dūn,gia công ngọn (phôi rèn),"từ liên quan, câu liên quan, Hán Việt",chars/9566.json
镧,B,lán,lantan (hóa học),"câu liên quan, Hán Việt",chars/9567.json
镨,B,pǔ,praseodymium (hóa học),"từ liên quan, câu liên quan, Hán Việt",chars/9568.json
镩,B,cuān,"dụng cụ đục băng (còn gọi là đục nước đá) có đầu nhọn; khoan lỗ trên băng (để câu cá, v.v.) bằng dụng cụ đục băng","câu liên quan, Hán Việt",chars/9569.json
镪,B,qiāng,axit sulfuric,"câu liên quan, Hán Việt",chars/956A.json
镫,B,dèng,bàn đạp,câu liên quan,chars/956B.json
镬,B,huò,chảo (phương ngữ); vạc (cổ),"từ liên quan, câu liên quan",chars/956C.json
镭,B,léi,radium (hoá học),"câu liên quan, Hán Việt",chars/956D.json
镮,C,huán,(trọng lượng cổ); vòng kim loại,"bộ thủ, từ liên quan, câu liên quan, Hán Việt",chars/956E.json
镰,A,lián,biến thể cũ của 鐮|镰[lian2],Hán Việt,chars/9570.json
镱,B,yì,ytterbium (hóa học),"từ liên quan, câu liên quan, Hán Việt",chars/9571.json
镲,B,chǎ,chũm chọe nhỏ,"từ liên quan, câu liên quan, Hán Việt",chars/9572.json
镳,C,biāo,khẩu thiệt (của dây cương); biến thể của 鏢|镖[biao1],"bộ thủ, câu liên quan, Hán Việt",chars/9573.json
镴,B,là,hàn; thiếc,"câu liên quan, Hán Việt",chars/9574.json
镵,C,chán,dụng cụ nhọn để đào,"bộ thủ, từ liên quan, câu liên quan, Hán Việt",chars/9575.json
镶,A,xiāng,khảm,Hán Việt,chars/9576.json
镸,C,cháng,"bộ ""trường"" hoặc ""sinh trưởng"" trong chữ Hán (bộ Khang Hy số 168)","bộ thủ, từ liên quan, câu liên quan, Hán Việt",chars/9578.json
镻,C,dié,tên loài rắn độc trong văn bản cổ đại,"bộ thủ, từ liên quan, câu liên quan, Hán Việt",chars/957B.json
长,C,cháng,dài; chiều dài,bộ thủ,chars/957F.json
閇,C,bì,biến thể cũ của 閉|闭[bi4],"bộ thủ, từ liên quan, câu liên quan, Hán Việt",chars/9587.json
閒,C,jiān,biến thể của 間|间[jian1],"bộ thủ, từ liên quan, câu liên quan, Hán Việt",chars/9592.json
閗,C,dòu,biến thể của 鬥|斗[dou4],"bộ thủ, từ liên quan, câu liên quan, Hán Việt",chars/9597.json
閛,C,pēng,âm thanh mở hoặc đóng cửa,"bộ thủ, từ liên quan, câu liên quan, Hán Việt",chars/959B.json
閟,C,bì,ẩn; che giấu,"bộ thủ, từ liên quan, câu liên quan, Hán Việt",chars/959F.json
関,C,guān,biến thể của 關|关[guan1],"bộ thủ, từ liên quan, câu liên quan, Hán Việt",chars/95A2.json
閤,C,gé,,"nghĩa, từ liên quan, câu liên quan, Hán Việt",chars/95A4.json
閦,C,chù,"đám đông; chuyển âm từ tiếng Phạn 'kso', ví dụ, Phật A Súc 阿閦佛","bộ thủ, từ liên quan, câu liên quan, Hán Việt",chars/95A6.json
閲,C,yuè,biến thể tiếng Nhật của 閱|阅,"bộ thủ, từ liên quan, câu liên quan",chars/95B2.json
閳,C,chǎn,biến thể cũ của 闡|阐[chan3],"bộ thủ, từ liên quan, câu liên quan, Hán Việt",chars/95B3.json
閺,C,wén,nhìn xuống,"bộ thủ, từ liên quan, câu liên quan, Hán Việt",chars/95BA.json
闁,C,bāo,biến thể cũ của 褒[bao1]; khen ngợi,"bộ thủ, từ liên quan, câu liên quan, Hán Việt",chars/95C1.json
闗,C,guān,biến thể cũ của 關|关[guan1],"bộ thủ, từ liên quan, câu liên quan, Hán Việt",chars/95D7.json
闘,C,dòu,biến thể tiếng Nhật của 鬥|斗,"bộ thủ, từ liên quan, câu liên quan, Hán Việt",chars/95D8.json
闟,C,xī,một cách yên bình; một cách yên tĩnh,"bộ thủ, từ liên quan, câu liên quan, Hán Việt",chars/95DF.json
闩,C,shuān,chốt; cài,"bộ thủ, câu liên quan, Hán Việt",chars/95E9.json
闪,A,shǎn,lóe sáng,Hán Việt,chars/95EA.json
闫,B,Yán,họ [Yan2],"từ liên quan, câu liên quan, Hán Việt",chars/95EB.json
闬,C,hàn,cổng làng,"bộ thủ, từ liên quan, câu liên quan, Hán Việt",chars/95EC.json
问,A,wèn,hỏi,Hán Việt,chars/95EE.json
闯,C,chuǎng,xông vào,bộ thủ,chars/95EF.json
闰,C,rùn,nhuận; thêm một ngày hoặc tháng vào lịch âm hoặc lịch dương (ví dụ: ngày 29 tháng 2),"bộ thủ, câu liên quan",chars/95F0.json
闱,B,wéi,cửa phòng phụ nữ; cổng vào cung điện,"từ liên quan, câu liên quan, Hán Việt",chars/95F1.json
闲,C,xián,rảnh rỗi,bộ thủ,chars/95F2.json
闳,B,Hóng,họ [Hong2],"từ liên quan, câu liên quan, Hán Việt",chars/95F3.json
闵,B,Mǐn,họ [Min3],"câu liên quan, Hán Việt",chars/95F5.json
闶,B,kāng,dùng trong 閌閬|闶阆[kang1 lang2]; tiếng Đài Loan đọc là [kang4],"từ liên quan, câu liên quan, Hán Việt",chars/95F6.json
闸,B,zhá,phanh,"câu liên quan, Hán Việt",chars/95F8.json
闹,C,nào,nói đùa,"bộ thủ, Hán Việt",chars/95F9.json
闼,B,tà,cửa của phòng bên trong,"từ liên quan, câu liên quan, Hán Việt",chars/95FC.json
闽,B,Mǐn,tên gọi tắt của tỉnh Phúc Kiến 福建[Fu2 jian4]; cũng đọc là [Min2],"câu liên quan, Hán Việt",chars/95FD.json
闾,B,lǘ,cổng làng; làng,"từ liên quan, câu liên quan, Hán Việt",chars/95FE.json
闿,C,kǎi,nới lỏng; mở,"bộ thủ, từ liên quan, câu liên quan, Hán Việt",chars/95FF.json
阀,A,fá,"cá nhân, gia đình hoặc nhóm quyền lực; phe phái",Hán Việt,chars/9600.json
阂,A,hé,cản trở,Hán Việt,chars/9602.json
阃,B,kǔn,ngưỡng cửa; phòng trong,"từ liên quan, câu liên quan, Hán Việt",chars/9603.json
阄,C,jiū,rút thăm; lá thăm (trong trò chơi may rủi),"bộ thủ, câu liên quan, Hán Việt",chars/9604.json
阅,A,yuè,kiểm tra; xem xét,Hán Việt,chars/9605.json
阆,C,láng,dùng trong 閌閬|闶阆[kang1 lang2],"bộ thủ, câu liên quan, Hán Việt",chars/9606.json
阇,C,dū,bệ phòng thủ trên cổng; phòng thành,"bộ thủ, từ liên quan, câu liên quan, Hán Việt",chars/9607.json
阈,C,yù,ngưỡng,"bộ thủ, câu liên quan",chars/9608.json
阉,B,yān,thiến; người bị thiến,"câu liên quan, Hán Việt",chars/9609.json
阊,C,chāng,cổng trời; cổng cung điện,"bộ thủ, câu liên quan, Hán Việt",chars/960A.json
阋,B,xì,cãi nhau; tranh cãi,câu liên quan,chars/960B.json
阌,C,wén,"huyện Wen, tỉnh Hà Nam","bộ thủ, từ liên quan, câu liên quan, Hán Việt",chars/960C.json
阍,B,hūn,người gác cổng,"từ liên quan, câu liên quan, Hán Việt",chars/960D.json
阎,A,Yán,họ [Yan2] (đôi khi viết 閆|闫[Yan2] trong những năm gần đây),Hán Việt,chars/960E.json
阏,B,è,chặn; kiềm chế,"từ liên quan, câu liên quan, Hán Việt",chars/960F.json
阒,B,qù,yên tĩnh; sống một mình,"câu liên quan, Hán Việt",chars/9612.json
阓,C,huì,cổng chợ,"bộ thủ, từ liên quan, câu liên quan, Hán Việt",chars/9613.json
阔,A,kuò,giàu có,Hán Việt,chars/9614.json
阕,B,què,(văn học) kết thúc; dừng; một trong những đoạn (thường là hai) của một bài từ 詞|词[ci2],"từ liên quan, câu liên quan, Hán Việt",chars/9615.json
阖,B,hé,cửa; đóng,"câu liên quan, Hán Việt",chars/9616.json
阗,C,tián,lấp đầy; âm thanh ầm ầm,"bộ thủ, từ liên quan, câu liên quan, Hán Việt",chars/9617.json
阘,C,tà,cửa sổ hoặc cửa trên tầng lầu,"bộ thủ, từ liên quan, câu liên quan, Hán Việt",chars/9618.json
阙,B,Quē,họ [Que1],"câu liên quan, Hán Việt",chars/9619.json
阚,B,Kàn,họ [Kan4],"từ liên quan, câu liên quan, Hán Việt",chars/961A.json
阛,C,huán,tường bao quanh nơi chợ búa,"bộ thủ, từ liên quan, câu liên quan, Hán Việt",chars/961B.json
阜,A,fù,dồi dào; gò đất,Hán Việt,chars/961C.json
阝,C,yì,"Vùng đất, thành ấp, địa danh.","bộ thủ, từ liên quan, câu liên quan, Hán Việt",chars/961D.json
阞,C,lè,lớp; mạch,"bộ thủ, từ liên quan, câu liên quan, Hán Việt",chars/961E.json
队,C,duì,"đội, nhóm",bộ thủ,chars/961F.json
阡,C,qiān,đường chạy theo hướng bắc nam,"bộ thủ, câu liên quan, Hán Việt",chars/9621.json
阢,C,wù,dùng trong 阢隉|阢陧[wu4 nie4],"bộ thủ, từ liên quan, câu liên quan, Hán Việt",chars/9622.json
阤,C,tuó,bờ; dốc,"bộ thủ, từ liên quan, câu liên quan, Hán Việt",chars/9624.json
阨,C,è,eo hẹp; đèo,"bộ thủ, từ liên quan, câu liên quan, Hán Việt",chars/9628.json
阪,C,bǎn,dốc; sườn đồi,"bộ thủ, câu liên quan, Hán Việt",chars/962A.json
阮,C,Ruǎn,họ [Ruan3]; nhà nước nhỏ trong thời Thương (1600-1046 TCN) nằm ở phía đông nam tỉnh Cam Túc ngày nay,"bộ thủ, câu liên quan",chars/962E.json
阯,C,zhǐ,,"nghĩa, bộ thủ, từ liên quan, câu liên quan, Hán Việt",chars/962F.json
阰,C,pí,núi ở nước Sở cổ đại,"bộ thủ, từ liên quan, câu liên quan, Hán Việt",chars/9630.json
阱,C,jǐng,biến thể của 阱[jing3],"bộ thủ, Hán Việt",chars/9631.json
防,C,fáng,phòng thủ,bộ thủ,chars/9632.json
阳,C,yáng,dương (điện); mặt trời,bộ thủ,chars/9633.json
阴,C,yīn,u ám,bộ thủ,chars/9634.json
阵,C,zhèn,một khoảng thời gian ngắn,bộ thủ,chars/9635.json
阶,C,jiē,biến thể của 階|阶[jie1],"bộ thủ, Hán Việt",chars/9636.json
阹,C,qū,một cái chuồng; vây quanh,"bộ thủ, từ liên quan, câu liên quan, Hán Việt",chars/9639.json
阻,C,zǔ,cản trở; chặn,bộ thủ,chars/963B.json
阼,C,zuò,bậc thềm dẫn đến cửa phía đông,"bộ thủ, từ liên quan, câu liên quan, Hán Việt",chars/963C.json
阽,C,diàn,nguy hiểm; cũng đọc là [yan2],"bộ thủ, từ liên quan, câu liên quan, Hán Việt",chars/963D.json
阿,C,A,viết tắt của Afghanistan 阿富汗[A1 fu4 han4],"bộ thủ, Hán Việt",chars/963F.json
陀,C,tuó,(phiên âm); dốc,"bộ thủ, câu liên quan, Hán Việt",chars/9640.json
陁,C,tuó,biến thể của 阤[tuo2]; biến thể của 陀[tuo2],"bộ thủ, từ liên quan, câu liên quan, Hán Việt",chars/9641.json
陂,C,bēi,hồ; ao,"bộ thủ, câu liên quan",chars/9642.json
附,C,fù,"gắn, đính kèm",bộ thủ,chars/9644.json
际,C,jì,biên giới; rìa,"bộ thủ, Hán Việt",chars/9645.json
陆,C,Lù,họ [Lu4],bộ thủ,chars/9646.json
陇,C,Lǒng,tên gọi tắt của tỉnh Cam Túc 甘肅省|甘肃省[Gan1 su4 Sheng3],"bộ thủ, câu liên quan",chars/9647.json
陈,C,Chén,"họ [Chen2]; Trần (khoảng 1045 - 479 TCN), một nước thời nhà Chu",bộ thủ,chars/9648.json
陉,C,xíng,bờ lò; ải,"bộ thủ, câu liên quan, Hán Việt",chars/9649.json
陋,C,lòu,thấp; khiêm tốn,bộ thủ,chars/964B.json
陌,C,mò,đường nâng cao; con đường,"bộ thủ, Hán Việt",chars/964C.json
降,C,jiàng,giảm,bộ thủ,chars/964D.json
陏,C,Suí,biến thể cũ của 隨|随[Sui2],"bộ thủ, từ liên quan, câu liên quan, Hán Việt",chars/964F.json
限,C,xiàn,giới hạn,bộ thủ,chars/9650.json
陑,C,Er,tên địa danh,"bộ thủ, từ liên quan, câu liên quan, Hán Việt",chars/9651.json
陔,C,gāi,bậc; thềm,"bộ thủ, từ liên quan, câu liên quan, Hán Việt",chars/9654.json
陕,C,Shǎn,viết tắt của tỉnh Thiểm Tây 陝西|陕西,"bộ thủ, câu liên quan, Hán Việt",chars/9655.json
陖,C,jùn,biến thể cũ của 峻[jun4],"bộ thủ, từ liên quan, câu liên quan, Hán Việt",chars/9656.json
陛,C,bì,bậc thềm lên ngôi vua,"bộ thủ, câu liên quan",chars/965B.json
陜,C,xiá,biến thể của 狹|狭[xia2]; biến thể của 峽|峡[xia2],"bộ thủ, từ liên quan, câu liên quan, Hán Việt",chars/965C.json
陟,C,zhì,tiến lên; tăng lên,"bộ thủ, câu liên quan, Hán Việt",chars/965F.json
陡,C,dǒu,đột ngột,"bộ thủ, Hán Việt",chars/9661.json
院,C,yuàn,viện,bộ thủ,chars/9662.json
除,C,chú,loại bỏ,bộ thủ,chars/9664.json
陥,C,xiàn,biến thể Nhật Bản của 陷[xian4],"bộ thủ, từ liên quan, câu liên quan, Hán Việt",chars/9665.json
陧,C,niè,nguy hiểm,"bộ thủ, từ liên quan, câu liên quan, Hán Việt",chars/9667.json
陨,C,yǔn,rơi; sao băng,"bộ thủ, Hán Việt",chars/9668.json
险,C,xiǎn,nguy hiểm,bộ thủ,chars/9669.json
陪,C,péi,đi cùng,"bộ thủ, Hán Việt",chars/966A.json
陬,C,zōu,góc; chân núi,"bộ thủ, từ liên quan, câu liên quan, Hán Việt",chars/966C.json
陲,C,chuí,biên giới,"bộ thủ, câu liên quan",chars/9672.json
陴,C,pí,tường chắn,"bộ thủ, từ liên quan, câu liên quan, Hán Việt",chars/9674.json
陵,C,líng,gò; mộ,bộ thủ,chars/9675.json
陶,C,Táo,họ [Tao2],"bộ thủ, Hán Việt",chars/9676.json
陷,C,xiàn,chìm xuống,bộ thủ,chars/9677.json
険,C,xiǎn,biến thể Nhật Bản của 險|险,"bộ thủ, từ liên quan, câu liên quan, Hán Việt",chars/967A.json
陼,C,zhǔ,cù lao; bờ,"bộ thủ, từ liên quan, câu liên quan, Hán Việt",chars/967C.json
陾,C,réng,âm thanh xẻng của thợ đá,"bộ thủ, từ liên quan, câu liên quan, Hán Việt",chars/967E.json
隃,C,yú,vượt; quá,"bộ thủ, từ liên quan, câu liên quan, Hán Việt",chars/9683.json
隅,C,yú,góc,"bộ thủ, câu liên quan, Hán Việt",chars/9685.json
隆,C,Lóng,"họ [Long2]; viết tắt của 吉隆坡[Ji2long2po1], Kuala Lumpur",bộ thủ,chars/9686.json
隈,C,wēi,vịnh; áo,"bộ thủ, từ liên quan, câu liên quan, Hán Việt",chars/9688.json
隋,C,Suí,triều đại Tùy (581-617 SCN); họ [Sui2],"bộ thủ, câu liên quan, Hán Việt",chars/968B.json
隍,C,huáng,hào khô; thần thành phố,"bộ thủ, câu liên quan, Hán Việt",chars/968D.json
隐,C,yǐn,(hình thức ghép) bí mật; ẩn,bộ thủ,chars/9690.json
隒,C,yǎn,"hình dáng núi, như hai cái nồi úp lên nhau; bờ dốc đứng của dòng suối","bộ thủ, từ liên quan, câu liên quan, Hán Việt",chars/9692.json
隔,C,gé,ngăn cách,bộ thủ,chars/9694.json
隗,C,Kuí,họ [Kui2]; nước chư hầu thời nhà Chu,"bộ thủ, từ liên quan, câu liên quan, Hán Việt",chars/9697.json
隘,C,ài,đèo; chỗ hẹp,bộ thủ,chars/9698.json
隙,C,xì,vết nứt; khe hở,bộ thủ,chars/9699.json
障,C,zhàng,chặn; cản trở,bộ thủ,chars/969C.json
隞,C,Aó,"Ao, kinh đô thời nhà Thương (phần đông bắc của Trịnh Châu, Hà Nam ngày nay)","bộ thủ, từ liên quan, câu liên quan, Hán Việt",chars/969E.json
隟,C,xì,biến thể cũ của 隙[xi4],"bộ thủ, từ liên quan, câu liên quan, Hán Việt",chars/969F.json
隠,C,yǐn,biến thể tiếng Nhật của 隱|隐[yin3],"bộ thủ, từ liên quan, câu liên quan, Hán Việt",chars/96A0.json
隧,C,suì,đường hầm; lối đi ngầm,"bộ thủ, Hán Việt",chars/96A7.json
隩,C,yù,vịnh; eo biển,"bộ thủ, từ liên quan, câu liên quan, Hán Việt",chars/96A9.json
隰,C,Xí,họ [Xi2],"bộ thủ, câu liên quan",chars/96B0.json
隳,C,huī,phá hủy; lật đổ,"bộ thủ, từ liên quan, câu liên quan, Hán Việt",chars/96B3.json
隶,A,lì,biến thể của 隸|隶[li4],Hán Việt,chars/96B6.json
隹,B,zhuì,chim đuôi ngắn,"từ liên quan, câu liên quan, Hán Việt",chars/96B9.json
隺,C,hú,,"nghĩa, bộ thủ, từ liên quan, câu liên quan, Hán Việt",chars/96BA.json
隼,B,sǔn,chim cắt; ở Đài Loan đọc là [zhun3],"từ liên quan, câu liên quan, Hán Việt",chars/96BC.json
隽,C,Juàn,họ [Juan4],"bộ thủ, câu liên quan",chars/96BD.json
雀,C,qiāo,vết tàn nhang; nám da,bộ thủ,chars/96C0.json
雁,A,yàn,ngỗng trời,Hán Việt,chars/96C1.json
雂,C,qín,(chim),"bộ thủ, từ liên quan, câu liên quan, Hán Việt",chars/96C2.json
雇,A,gù,thuê,Hán Việt,chars/96C7.json
雈,C,huán,một loại cú,"bộ thủ, từ liên quan, câu liên quan, Hán Việt",chars/96C8.json
雉,B,zhì,gà lôi,câu liên quan,chars/96C9.json
雊,C,gòu,tiếng gáy của gà lôi,"bộ thủ, từ liên quan, câu liên quan, Hán Việt",chars/96CA.json
雍,C,Yōng,họ [Yong1],"bộ thủ, câu liên quan",chars/96CD.json
雎,B,jū,chim ó; cắt ngư,"từ liên quan, câu liên quan, Hán Việt",chars/96CE.json
雏,B,chú,(hình thức kết hợp) gà con; chim non,"câu liên quan, Hán Việt",chars/96CF.json
雐,C,hū,,"nghĩa, từ liên quan, câu liên quan, Hán Việt",chars/96D0.json
雑,C,zá,biến thể Nhật Bản của 雜|杂,"bộ thủ, từ liên quan, câu liên quan, Hán Việt",chars/96D1.json
雒,C,luò,ngựa đen bờm trắng; sợ hãi,"bộ thủ, từ liên quan, câu liên quan, Hán Việt",chars/96D2.json
雔,C,chóu,,"nghĩa, bộ thủ, từ liên quan, câu liên quan, Hán Việt",chars/96D4.json
雗,C,hàn,một loại trĩ trắng,"bộ thủ, từ liên quan, câu liên quan, Hán Việt",chars/96D7.json
雘,C,huò,đất đỏ dùng để làm sơn,"bộ thủ, từ liên quan, câu liên quan, Hán Việt",chars/96D8.json
雚,C,guàn,(cổ) cò; diệc,"bộ thủ, từ liên quan, câu liên quan, Hán Việt",chars/96DA.json
雟,C,suí,chim sẻ; xoay chuyển,"bộ thủ, từ liên quan, câu liên quan, Hán Việt",chars/96DF.json
雠,C,chóu,đối chiếu; hiệu đính,"bộ thủ, từ liên quan, câu liên quan",chars/96E0.json
雩,C,yú,tế lễ cầu mưa mùa hè,"bộ thủ, từ liên quan, câu liên quan, Hán Việt",chars/96E9.json
雪,A,xuě,tuyết,Hán Việt,chars/96EA.json
雯,B,wén,mây nhiều màu,"câu liên quan, Hán Việt",chars/96EF.json
雰,C,fēn,mờ sương; mù mịt,"bộ thủ, từ liên quan, câu liên quan, Hán Việt",chars/96F0.json
雱,C,páng,(văn học) (mưa hoặc tuyết rơi) nặng hạt,"bộ thủ, từ liên quan, câu liên quan, Hán Việt",chars/96F1.json
雳,B,lì,tiếng sấm,câu liên quan,chars/96F3.json
雹,B,báo,mưa đá,"câu liên quan, Hán Việt",chars/96F9.json
需,A,xū,nhu cầu,Hán Việt,chars/9700.json
霁,B,jì,trời quang đãng,"câu liên quan, Hán Việt",chars/9701.json
霂,B,mù,dùng trong 霢霂[mai4mu4],"từ liên quan, câu liên quan",chars/9702.json
霄,C,xiāo,bầu trời; thiên đường,"bộ thủ, câu liên quan, Hán Việt",chars/9704.json
霅,C,Zhá,họ [Zha2],"bộ thủ, từ liên quan, câu liên quan, Hán Việt",chars/9705.json
霆,B,tíng,tiếng sấm,câu liên quan,chars/9706.json
震,A,zhèn,rung chuyển,Hán Việt,chars/9707.json
霈,C,pèi,mưa như trút nước,"bộ thủ, từ liên quan, câu liên quan",chars/9708.json
霉,A,méi,mốc; mốc meo,Hán Việt,chars/9709.json
霊,C,líng,biến thể tiếng Nhật của 靈|灵,"bộ thủ, từ liên quan, câu liên quan, Hán Việt",chars/970A.json
霍,C,Huò,họ [Huo4],bộ thủ,chars/970D.json
霎,B,shà,đột nhiên; mưa phùn,"câu liên quan, Hán Việt",chars/970E.json
霏,B,fēi,tuyết rơi,"từ liên quan, câu liên quan",chars/970F.json
霒,C,yīn,biến thể cũ của 陰|阴[yin1],"bộ thủ, từ liên quan, câu liên quan, Hán Việt",chars/9712.json
霓,C,ní,ve sầu Nhật Bản; biến thể cũ của 霓[ni2],bộ thủ,chars/9713.json
霖,B,lín,mưa dầm liên tục,câu liên quan,chars/9716.json
霙,C,yīng,mưa tuyết; hạt tuyết,"bộ thủ, từ liên quan, câu liên quan, Hán Việt",chars/9719.json
霛,C,líng,biến thể cũ của 靈|灵[ling2],"bộ thủ, từ liên quan, câu liên quan, Hán Việt",chars/971B.json
霝,B,líng,hạt mưa; rơi tí tách,"từ liên quan, câu liên quan, Hán Việt",chars/971D.json
霞,A,xiá,ráng mây,Hán Việt,chars/971E.json
霡,B,mài,biến thể cũ của 霢[mai4],"từ liên quan, câu liên quan, Hán Việt",chars/9721.json
霢,B,mài,dùng trong 霢霂[mai4mu4]; cách phát âm Đài Loan: [mo4],"từ liên quan, câu liên quan, Hán Việt",chars/9722.json
霣,C,yǔn,mưa bão; rơi,"bộ thủ, từ liên quan, câu liên quan, Hán Việt",chars/9723.json
霤,C,liù,nước mưa nhỏ giọt từ mái hiên,"bộ thủ, từ liên quan, câu liên quan, Hán Việt",chars/9724.json
霨,C,wèi,mây bay lên,"bộ thủ, từ liên quan, câu liên quan, Hán Việt",chars/9728.json
霩,C,kuò,biến thể của 廓[kuo4],"bộ thủ, từ liên quan, câu liên quan, Hán Việt",chars/9729.json
霪,C,yín,mưa to,"bộ thủ, câu liên quan",chars/972A.json
霫,C,xí,nhóm dân tộc Tùy-Đường,"bộ thủ, từ liên quan, câu liên quan, Hán Việt",chars/972B.json
霭,B,ǎi,sương; mù,"câu liên quan, Hán Việt",chars/972D.json
霮,C,dàn,mây dày đặc,"bộ thủ, từ liên quan, câu liên quan, Hán Việt",chars/972E.json
霰,B,xiàn,cầu tuyết; viên tuyết,"câu liên quan, Hán Việt",chars/9730.json
霹,B,pī,tiếng sấm,"câu liên quan, Hán Việt",chars/9739.json
霺,C,wēi,biến thể cũ của 溦[wei1],"bộ thủ, từ liên quan, câu liên quan, Hán Việt",chars/973A.json
霾,B,mái,sương mù,"câu liên quan, Hán Việt",chars/973E.json
靁,C,léi,biến thể cũ của 雷[lei2],"bộ thủ, từ liên quan, câu liên quan, Hán Việt",chars/9741.json
靐,C,bìng,sấm sét,"bộ thủ, từ liên quan, câu liên quan, Hán Việt",chars/9750.json
靑,C,qīng,biến thể của 青[qing1],"bộ thủ, từ liên quan, câu liên quan, Hán Việt",chars/9751.json
靓,C,jìng,trang điểm; chỉnh trang,"bộ thủ, câu liên quan, Hán Việt",chars/9753.json
靔,C,tiān,biến thể cũ của 天[tian1],"bộ thủ, từ liên quan, câu liên quan, Hán Việt",chars/9754.json
靖,C,Jìng,họ [Jing4],"bộ thủ, câu liên quan, Hán Việt",chars/9756.json
静,A,jìng,yên tĩnh,Hán Việt,chars/9759.json
靛,B,diàn,chất màu chàm,"câu liên quan, Hán Việt",chars/975B.json
靠,A,kào,phụ thuộc vào,Hán Việt,chars/9760.json
靡,B,mí,lãng phí (tiền),câu liên quan,chars/9761.json
面,A,miàn,một từ đo lường cho các bề mặt phẳng,Hán Việt,chars/9762.json
靣,C,miàn,biến thể của 面[mian4],"bộ thủ, từ liên quan, câu liên quan, Hán Việt",chars/9763.json
靥,B,yè,lúm đồng tiền,"câu liên quan, Hán Việt",chars/9765.json
革,A,gé,da động vật; da thuộc,Hán Việt,chars/9769.json
靪,C,dīng,vá giày; vá,"bộ thủ, từ liên quan, câu liên quan, Hán Việt",chars/976A.json
靬,C,jiān,"xem 犂靬[Li2 jian1], tên thời Hán cho các nước ở Tây vực","bộ thủ, từ liên quan, câu liên quan, Hán Việt",chars/976C.json
靮,C,dí,dây cương; khớp ngựa,"bộ thủ, từ liên quan, câu liên quan, Hán Việt",chars/976E.json
靰,C,wù,bịt chân giữ ấm,"bộ thủ, từ liên quan, câu liên quan, Hán Việt",chars/9770.json
靲,C,qín,giày da; thắt lưng da,"bộ thủ, từ liên quan, câu liên quan, Hán Việt",chars/9772.json
靳,B,Jìn,họ [Jin4],"từ liên quan, câu liên quan, Hán Việt",chars/9773.json
靴,A,xuē,ủng,Hán Việt,chars/9774.json
靶,A,bǎ,mục tiêu; dấu,Hán Việt,chars/9776.json
靷,C,yǐn,dây kéo (của xe ngựa),"bộ thủ, từ liên quan, câu liên quan, Hán Việt",chars/9777.json
靸,C,sǎ,giày trẻ em (cũ); đi giày kiểu xỏ gót,"bộ thủ, từ liên quan, câu liên quan, Hán Việt",chars/9778.json
靺,C,mò,tên một bộ tộc; tất,"bộ thủ, từ liên quan, câu liên quan, Hán Việt",chars/977A.json
靼,B,dá,(phiên âm); da thuộc,"câu liên quan, Hán Việt",chars/977C.json
靿,C,yào,ống của ủng hoặc tất,"bộ thủ, từ liên quan, câu liên quan, Hán Việt",chars/977F.json
鞁,C,bèi,đồ dùng đóng ngựa (các vật dụng như yên và cương ngựa); biến thể của 鞴[bei4],"bộ thủ, từ liên quan, câu liên quan, Hán Việt",chars/9781.json
鞃,C,hóng,tấm ván tựa trên xe ngựa,"bộ thủ, từ liên quan, câu liên quan, Hán Việt",chars/9783.json
鞄,C,páo,làm việc với da; túi da,"bộ thủ, từ liên quan, câu liên quan, Hán Việt",chars/9784.json
鞅,B,yāng,dây ngựa (một phần của bộ đóng ngựa); dùng trong 鞅鞅[yang1 yang1],câu liên quan,chars/9785.json
鞇,C,yīn,biến thể của 茵[yin1],"bộ thủ, từ liên quan, câu liên quan, Hán Việt",chars/9787.json
鞉,C,táo,biến thể cũ của 鼗[tao2],"bộ thủ, từ liên quan, câu liên quan, Hán Việt",chars/9789.json
鞍,B,ān,biến thể của 鞍[an1],câu liên quan,chars/978D.json
鞑,B,Dá,Người Tartar; một bộ tộc ở Trung Quốc,"câu liên quan, Hán Việt",chars/9791.json
鞒,B,qiáo,yên trước và yên sau của yên ngựa,"từ liên quan, câu liên quan, Hán Việt",chars/9792.json
鞔,C,mán,,"nghĩa, từ liên quan, câu liên quan, Hán Việt",chars/9794.json
鞗,C,tiáo,dây cương bằng da,"bộ thủ, từ liên quan, câu liên quan, Hán Việt",chars/9797.json
鞘,B,qiào,vỏ kiếm; bao,"câu liên quan, Hán Việt",chars/9798.json
鞙,C,xuàn,tinh xảo,"bộ thủ, từ liên quan, câu liên quan, Hán Việt",chars/9799.json
鞚,C,kòng,dây cương,"bộ thủ, từ liên quan, câu liên quan, Hán Việt",chars/979A.json
鞝,C,shàng,đóng đế giày; cũng viết là 緔|绱[shang4],"bộ thủ, từ liên quan, câu liên quan, Hán Việt",chars/979D.json
鞞,C,bǐng,vỏ kiếm,"bộ thủ, từ liên quan, câu liên quan, Hán Việt",chars/979E.json
鞡,C,la,tất ủ ấm chân,"bộ thủ, từ liên quan, câu liên quan, Hán Việt",chars/97A1.json
鞣,C,róu,da lộn; da sơn dương,"bộ thủ, câu liên quan, Hán Việt",chars/97A3.json
鞥,C,ēng,dây cương,"bộ thủ, từ liên quan, câu liên quan, Hán Việt",chars/97A5.json
鞧,C,qiū,dây đuôi ngựa; dây da,"bộ thủ, từ liên quan, câu liên quan, Hán Việt",chars/97A7.json
鞨,C,hé,giày cao cổ; tên một bộ lạc,"bộ thủ, từ liên quan, câu liên quan, Hán Việt",chars/97A8.json
鞫,C,jū,thẩm vấn; hỏi,"bộ thủ, từ liên quan, câu liên quan, Hán Việt",chars/97AB.json
鞬,C,jiān,ống tên trên ngựa; kho chứa,"bộ thủ, từ liên quan, câu liên quan, Hán Việt",chars/97AC.json
鞭,A,biān,roi hoặc dây da; đánh bằng roi,Hán Việt,chars/97AD.json
鞮,B,Dī,họ [Di1],"từ liên quan, câu liên quan, Hán Việt",chars/97AE.json
鞯,B,jiān,tấm trải yên ngựa,"từ liên quan, câu liên quan, Hán Việt",chars/97AF.json
鞲,B,gōu,biến thể của 韝[gou1],"từ liên quan, câu liên quan, Hán Việt",chars/97B2.json
鞴,C,bèi,lắp yên ngựa,"bộ thủ, từ liên quan, câu liên quan, Hán Việt",chars/97B4.json
鞶,C,pán,thắt lưng lớn,"bộ thủ, từ liên quan, câu liên quan, Hán Việt",chars/97B6.json
鞹,C,kuò,da,"bộ thủ, từ liên quan, câu liên quan, Hán Việt",chars/97B9.json
韀,C,jiān,biến thể của 韉|鞯[jian1],"bộ thủ, từ liên quan, câu liên quan, Hán Việt",chars/97C0.json
韅,C,xiǎn,đai da trên ngựa,"bộ thủ, từ liên quan, câu liên quan, Hán Việt",chars/97C5.json
韎,C,mèi,một loại cỏ cho thuốc nhuộm đỏ,"bộ thủ, từ liên quan, câu liên quan, Hán Việt",chars/97CE.json
韔,C,chàng,túi đựng cung,"bộ thủ, từ liên quan, câu liên quan, Hán Việt",chars/97D4.json
韖,C,róu,"thuộc da, làm mềm","bộ thủ, từ liên quan, câu liên quan, Hán Việt",chars/97D6.json
韘,C,shè,nhẫn bảo hộ ngón cái của cung thủ,"bộ thủ, từ liên quan, câu liên quan, Hán Việt",chars/97D8.json
韛,C,bài,ống bễ (thổi không khí vào lửa),"bộ thủ, từ liên quan, câu liên quan, Hán Việt",chars/97DB.json
韝,C,gōu,bảo vệ cánh tay của cung thủ,"bộ thủ, từ liên quan, câu liên quan, Hán Việt",chars/97DD.json
韡,C,wěi,lộng lẫy,"bộ thủ, từ liên quan, câu liên quan, Hán Việt",chars/97E1.json
韣,C,dú,hộp đựng cung,"bộ thủ, từ liên quan, câu liên quan, Hán Việt",chars/97E3.json
韦,C,Wéi,họ [Wei2],"bộ thủ, câu liên quan, Hán Việt",chars/97E6.json
韧,C,rèn,biến thể của 韌|韧[ren4],"bộ thủ, Hán Việt",chars/97E7.json
韨,C,fú,tấm bảo vệ đầu gối,"bộ thủ, từ liên quan, câu liên quan, Hán Việt",chars/97E8.json
韩,C,Hán,"Hàn, một trong Chiến Quốc Thất Hùng 戰國七雄|战国七雄; Triều Tiên từ sau khi triều đại Joseon sụp đổ năm 1897","bộ thủ, Hán Việt",chars/97E9.json
韪,C,wěi,đúng; phải,"bộ thủ, câu liên quan, Hán Việt",chars/97EA.json
韫,C,yùn,chứa đựng,"bộ thủ, từ liên quan, câu liên quan, Hán Việt",chars/97EB.json
韬,C,tāo,bao đựng cung hoặc vỏ kiếm; che giấu,"bộ thủ, câu liên quan, Hán Việt",chars/97EC.json
韭,B,jiǔ,"Rau hẹ, là một thứ rau thơm mà cay, lá nhỏ mà dẹp","câu liên quan, Hán Việt",chars/97ED.json
韱,C,xiān,hành hoặc tỏi rừng,"bộ thủ, từ liên quan, câu liên quan, Hán Việt",chars/97F1.json
韵,C,yùn,vần (của âm tiết) (ngữ âm học Trung Quốc); vần điệu,bộ thủ,chars/97F5.json
韶,C,Sháo,họ [Shao2],"bộ thủ, câu liên quan",chars/97F6.json
韹,C,huáng,âm nhạc chuông và trống,"bộ thủ, từ liên quan, câu liên quan, Hán Việt",chars/97F9.json
韺,C,yīng,âm nhạc của hoàng đế truyền thuyết Cổ,"bộ thủ, từ liên quan, câu liên quan, Hán Việt",chars/97FA.json
頀,C,hù,âm nhạc,"bộ thủ, từ liên quan, câu liên quan, Hán Việt",chars/9800.json
頄,C,qiú,gò má,"bộ thủ, từ liên quan, câu liên quan, Hán Việt",chars/9804.json
頖,C,pàn,giải tán,"bộ thủ, từ liên quan, câu liên quan, Hán Việt",chars/9816.json
頚,C,jǐng,biến thể cũ của 頸|颈[jing3],"bộ thủ, từ liên quan, câu liên quan, Hán Việt",chars/981A.json
頞,C,è,chỗ nối của mũi và trán,"bộ thủ, từ liên quan, câu liên quan, Hán Việt",chars/981E.json
頬,C,jiá,biến thể của 頰|颊[jia2],"bộ thủ, từ liên quan, câu liên quan, Hán Việt",chars/982C.json
頯,C,kuí,xương gò má; nhô ra,"bộ thủ, từ liên quan, câu liên quan, Hán Việt",chars/982F.json
頳,C,chēng,biến thể cũ của 赬|赪[cheng1],"bộ thủ, từ liên quan, câu liên quan, Hán Việt",chars/9833.json
顑,C,kǎn,vàng,"bộ thủ, từ liên quan, câu liên quan, Hán Việt",chars/9851.json
顕,C,xiǎn,biến thể Nhật Bản của 顯|显,"bộ thủ, từ liên quan, câu liên quan, Hán Việt",chars/9855.json
顚,C,diān,biến thể của 顛|颠[dian1],"bộ thủ, từ liên quan, câu liên quan, Hán Việt",chars/985A.json
顜,C,jiǎng,thành thật; ngay thẳng,"bộ thủ, từ liên quan, câu liên quan, Hán Việt",chars/985C.json
顣,C,qī,nhăn mặt,"bộ thủ, từ liên quan, câu liên quan, Hán Việt",chars/9863.json
页,A,yè,trang,Hán Việt,chars/9875.json
顷,C,qǐng,"lát nữa, chốc lát; đơn vị diện tích (khoảng 6.666,7 mét vuông)",bộ thủ,chars/9877.json
顸,C,hān,lề mề,"bộ thủ, từ liên quan, câu liên quan, Hán Việt",chars/9878.json
顼,C,xù,họ [Xu1]; âm đọc Đài Loan [Xu4],"bộ thủ, câu liên quan, Hán Việt",chars/987C.json
颀,B,qí,cao,"từ liên quan, câu liên quan, Hán Việt",chars/9880.json
颁,C,bān,ban hành; gửi đi,"bộ thủ, Hán Việt",chars/9881.json
颃,B,háng,bay xuống,"từ liên quan, câu liên quan, Hán Việt",chars/9883.json
颅,B,lú,trán; hộp sọ,"câu liên quan, Hán Việt",chars/9885.json
颈,A,jǐng,dùng trong 脖頸兒|脖颈儿[bo2 geng3 r5],Hán Việt,chars/9888.json
颉,B,Xié,họ [Xie2],câu liên quan,chars/9889.json
颊,C,jiá,má,"bộ thủ, Hán Việt",chars/988A.json
颋,C,tǐng,trán hẹp,"bộ thủ, từ liên quan, câu liên quan, Hán Việt",chars/988B.json
颌,B,hé,xương hàm trên và hàm dưới,"câu liên quan, Hán Việt",chars/988C.json
颍,B,Yǐng,họ [Ying3]; sông ở Hà Nam và An Huy,"câu liên quan, Hán Việt",chars/988D.json
颎,C,jiǒng,rực cháy; sáng,"bộ thủ, từ liên quan, câu liên quan, Hán Việt",chars/988E.json
颏,B,kē,cằm,"câu liên quan, Hán Việt",chars/988F.json
颐,A,yí,(văn học) cằm; hàm; (văn học) nuôi dưỡng; bảo vệ,Hán Việt,chars/9890.json
频,C,pín,tần suất; thường xuyên,"bộ thủ, Hán Việt",chars/9891.json
颓,C,tuí,biến thể của 頹|颓[tui2],"bộ thủ, Hán Việt",chars/9893.json
颔,B,hàn,cằm; gật đầu (đồng ý),"câu liên quan, Hán Việt",chars/9894.json
颕,C,yǐng,biến thể cũ của 穎|颖[ying3],"bộ thủ, từ liên quan, câu liên quan",chars/9895.json
颗,C,kē,hạt,"bộ thủ, Hán Việt",chars/9897.json
题,A,tí,đề bài,Hán Việt,chars/9898.json
颙,C,yóng,hoành tráng; oai vệ,"bộ thủ, từ liên quan, câu liên quan",chars/9899.json
颚,B,è,hàm; vòm miệng,"câu liên quan, Hán Việt",chars/989A.json
颛,B,Zhuān,họ [Zhuan1],"câu liên quan, Hán Việt",chars/989B.json
颜,A,Yán,họ [Yan2],Hán Việt,chars/989C.json
额,A,é,trán; hạn mức,Hán Việt,chars/989D.json
颞,B,niè,"xương thái dương (trên đầu người); xem 顳顬|颞颥, thái dương","câu liên quan, Hán Việt",chars/989E.json
颟,C,mān,la cà,"bộ thủ, từ liên quan, câu liên quan, Hán Việt",chars/989F.json
颡,B,sǎng,(văn học) trán,"từ liên quan, câu liên quan, Hán Việt",chars/98A1.json
颢,C,hào,(văn học) trắng và sáng,"bộ thủ, câu liên quan, Hán Việt",chars/98A2.json
颣,C,lèi,khuyết điểm; thắt nút,"bộ thủ, từ liên quan, câu liên quan, Hán Việt",chars/98A3.json
颤,A,chàn,run rẩy; rùng mình,Hán Việt,chars/98A4.json
颥,B,rú,"xem 顳顬|颞颥, thái dương (hai bên đầu người)","từ liên quan, câu liên quan, Hán Việt",chars/98A5.json
颦,C,pín,nhăn mặt; nhíu mày,"bộ thủ, câu liên quan, Hán Việt",chars/98A6.json
颧,B,quán,xương gò má,"câu liên quan, Hán Việt",chars/98A7.json
颽,C,kǎi,dịu; dễ chịu như gió,"bộ thủ, từ liên quan, câu liên quan, Hán Việt",chars/98BD.json
飂,C,liáo,gió ở nơi cao,"bộ thủ, từ liên quan, câu liên quan, Hán Việt",chars/98C2.json
飌,C,fēng,biến thể cũ của 風|风[feng1],"bộ thủ, từ liên quan, câu liên quan, Hán Việt",chars/98CC.json
风,C,fēng,gió,bộ thủ,chars/98CE.json
飏,C,yáng,bay lên; phiêu,"bộ thủ, từ liên quan, câu liên quan, Hán Việt",chars/98CF.json
飐,C,zhǎn,lung lay trong gió,"bộ thủ, từ liên quan, câu liên quan, Hán Việt",chars/98D0.json
飑,C,biāo,gió lốc,"bộ thủ, từ liên quan, câu liên quan, Hán Việt",chars/98D1.json
飒,C,sà,biến thể của 颯|飒[sa4],"bộ thủ, câu liên quan, Hán Việt",chars/98D2.json
飓,C,jù,bão,"bộ thủ, Hán Việt",chars/98D3.json
飔,C,sī,gió mát mùa thu,"bộ thủ, từ liên quan, câu liên quan, Hán Việt",chars/98D4.json
飕,C,sōu,thổi (như gió); tiếng gió,"bộ thủ, câu liên quan, Hán Việt",chars/98D5.json
飖,C,yáo,trôi nổi trong không trung,"bộ thủ, từ liên quan, câu liên quan, Hán Việt",chars/98D6.json
飗,C,liú,gió rít,"bộ thủ, từ liên quan, câu liên quan, Hán Việt",chars/98D7.json
飘,C,piāo,bay lượn trong không khí,"bộ thủ, Hán Việt",chars/98D8.json
飙,C,biāo,gió lốc; gió dữ dội,"bộ thủ, Hán Việt",chars/98D9.json
飚,C,biāo,biến thể của 飆|飙[biao1],"bộ thủ, từ liên quan, câu liên quan, Hán Việt",chars/98DA.json
飞,C,fēi,bay,bộ thủ,chars/98DE.json
食,A,shí,ăn; thức ăn,Hán Việt,chars/98DF.json
飡,C,cān,biến thể của 餐[can1],"bộ thủ, từ liên quan, câu liên quan, Hán Việt",chars/98E1.json
飧,C,sūn,(văn học) bữa tối,"bộ thủ, từ liên quan, câu liên quan, Hán Việt",chars/98E7.json
飨,B,xiǎng,(văn học) dâng đồ ăn thức uống; thiết đãi,"câu liên quan, Hán Việt",chars/98E8.json
飬,B,juàn,biến thể cũ của 餋[juan4],"từ liên quan, câu liên quan, Hán Việt",chars/98EC.json
飮,C,yǐn,biến thể của 飲|饮[yin3],"bộ thủ, từ liên quan, câu liên quan, Hán Việt",chars/98EE.json
飰,C,fàn,biến thể cũ của 飯|饭[fan4],"bộ thủ, từ liên quan, câu liên quan, Hán Việt",chars/98F0.json
飶,C,bì,hương thơm của thức ăn,"bộ thủ, từ liên quan, câu liên quan, Hán Việt",chars/98F6.json
餀,C,hài,thức ăn ôi thiu,"bộ thủ, từ liên quan, câu liên quan, Hán Việt",chars/9900.json
餂,C,tiǎn,lấy được bằng cách lừa dối,"bộ thủ, từ liên quan, câu liên quan, Hán Việt",chars/9902.json
餇,C,tóng,thức ăn,"bộ thủ, từ liên quan, câu liên quan, Hán Việt",chars/9907.json
餈,C,cí,bánh gạo chiên,"bộ thủ, từ liên quan, câu liên quan, Hán Việt",chars/9908.json
餋,C,juàn,cúng tế,"bộ thủ, từ liên quan, câu liên quan, Hán Việt",chars/990B.json
餍,B,yàn,ăn no,"từ liên quan, câu liên quan, Hán Việt",chars/990D.json
餐,A,cān,bữa ăn,Hán Việt,chars/9910.json
餟,C,zhuì,đi vòng quanh đền thờ và cúng tế,"bộ thủ, từ liên quan, câu liên quan, Hán Việt",chars/991F.json
餠,C,bǐng,biến thể của 餅|饼[bing3],"bộ thủ, từ liên quan, câu liên quan, Hán Việt",chars/9920.json
餤,C,tán,tiến tới,"bộ thủ, từ liên quan, câu liên quan, Hán Việt",chars/9924.json
餩,C,è,nấc cụt,"bộ thủ, từ liên quan, câu liên quan, Hán Việt",chars/9929.json
餪,C,nuǎn,gửi tặng một bữa tiệc,"bộ thủ, từ liên quan, câu liên quan, Hán Việt",chars/992A.json
餫,C,hún,biến thể của 餛|馄[hun2],"bộ thủ, từ liên quan, câu liên quan, Hán Việt",chars/992B.json
餮,B,tiè,(văn học) tham ăn; phàm ăn,"câu liên quan, Hán Việt",chars/992E.json
餯,C,huì,(đồ ăn) thối và hôi,"bộ thủ, từ liên quan, câu liên quan, Hán Việt",chars/992F.json
餲,C,hé,(văn học) (thức ăn) hỏng; chua,"bộ thủ, từ liên quan, câu liên quan",chars/9932.json
饄,C,táng,biến thể cũ của 糖[tang2],"bộ thủ, từ liên quan, câu liên quan, Hán Việt",chars/9944.json
饇,C,yù,ăn quá nhiều; phong tặng,"bộ thủ, từ liên quan, câu liên quan, Hán Việt",chars/9947.json
饎,C,chì,thức ăn; nấu ăn,"bộ thủ, từ liên quan, câu liên quan, Hán Việt",chars/994E.json
饐,C,yì,bị ôi thiu,"bộ thủ, từ liên quan, câu liên quan, Hán Việt",chars/9950.json
饔,B,yōng,(văn học) thức ăn chín; bữa sáng,"từ liên quan, câu liên quan, Hán Việt",chars/9954.json
饕,B,tāo,(văn học) tham lam; phàm ăn,"câu liên quan, Hán Việt",chars/9955.json
饙,C,fēn,hấp cơm,"bộ thủ, từ liên quan, câu liên quan, Hán Việt",chars/9959.json
饣,B,shí,"Ăn uống, thức ăn.","từ liên quan, câu liên quan, Hán Việt",chars/9963.json
饤,C,dìng,bày biện thức ăn chỉ để trưng; bày cúng,"bộ thủ, từ liên quan, câu liên quan, Hán Việt",chars/9964.json
饦,C,tuō,(bánh),"bộ thủ, từ liên quan, câu liên quan, Hán Việt",chars/9966.json
饧,B,xíng,nước đường mạch nha; mật mía,"từ liên quan, câu liên quan, Hán Việt",chars/9967.json
饨,A,tún,dùng trong 餛飩|馄饨[hun2 tun5]; phiên âm Đài Loan [dun4],Hán Việt,chars/9968.json
饩,B,xì,khẩu phần lương thực; vật hiến tế,"từ liên quan, câu liên quan, Hán Việt",chars/9969.json
饪,A,rèn,thức ăn đã nấu; chế biến (đến khi chín),Hán Việt,chars/996A.json
饫,B,yù,no (như ăn no),"từ liên quan, câu liên quan, Hán Việt",chars/996B.json
饬,B,chì,(dạng kết hợp) sắp xếp; ngăn nắp,câu liên quan,chars/996C.json
饭,A,fàn,bữa ăn,Hán Việt,chars/996D.json
饮,A,yǐn,biến thể cũ của 飲|饮[yin3],Hán Việt,chars/996E.json
饯,B,jiàn,tiệc tiễn biệt; đồ ngâm,"câu liên quan, Hán Việt",chars/996F.json
饰,A,shì,trang trí; trang hoàng,Hán Việt,chars/9970.json
饱,A,bǎo,no,Hán Việt,chars/9971.json
饲,A,sì,biến thể cũ của 飼|饲[si4],Hán Việt,chars/9972.json
饴,B,yí,xi-rô mạch nha,"câu liên quan, Hán Việt",chars/9974.json
饵,A,ěr,bánh ngọt; thức ăn,Hán Việt,chars/9975.json
饷,B,xiǎng,lương lính,"câu liên quan, Hán Việt",chars/9977.json
饸,B,hé,xem 餄餎|饸饹[he2 le5],"từ liên quan, câu liên quan, Hán Việt",chars/9978.json
饹,B,le,dùng trong 餎餷|饹馇[ge1 zha5],"từ liên quan, câu liên quan, Hán Việt",chars/9979.json
饺,A,jiǎo,sủi cảo nhân thịt,Hán Việt,chars/997A.json
饽,B,bō,bánh; bánh quy,"câu liên quan, Hán Việt",chars/997D.json
饾,C,dòu,bày biện thức ăn,"bộ thủ, từ liên quan, câu liên quan, Hán Việt",chars/997E.json
饿,A,è,đói,Hán Việt,chars/997F.json
馀,C,Yú,họ [Yu2],"bộ thủ, câu liên quan",chars/9980.json
馂,C,jùn,thức ăn thừa của cúng tế hoặc bữa ăn,"bộ thủ, từ liên quan, câu liên quan, Hán Việt",chars/9982.json
馃,C,guǒ,bánh,"bộ thủ, từ liên quan, câu liên quan, Hán Việt",chars/9983.json
馄,A,hún,dùng trong 餛飩|馄饨[hun2 tun5],Hán Việt,chars/9984.json
馅,C,xiàn,nhân; thịt xay,"bộ thủ, Hán Việt",chars/9985.json
馇,B,chā,"nấu và khuấy (thức ăn cho động vật); (khẩu ngữ) ninh (cháo, v.v.)","từ liên quan, câu liên quan, Hán Việt",chars/9987.json
馈,C,kuì,dâng lễ cho thần linh; biến thể của 饋|馈[kui4],"bộ thủ, Hán Việt",chars/9988.json
馊,C,sōu,bị ôi; thiu (như thức ăn),"bộ thủ, câu liên quan, Hán Việt",chars/998A.json
馋,B,chán,háu ăn,câu liên quan,chars/998B.json
馌,C,yè,mang đồ ăn ra đồng cho người lao động,"bộ thủ, từ liên quan, câu liên quan, Hán Việt",chars/998C.json
馍,B,mó,ổ bánh mì hấp nhỏ,"câu liên quan, Hán Việt",chars/998D.json
馎,C,bó,bánh gạo,"bộ thủ, từ liên quan, câu liên quan, Hán Việt",chars/998E.json
馏,C,liú,chưng cất; tách một chất lỏng thành các thành phần bằng cách đun sôi,"bộ thủ, câu liên quan, Hán Việt",chars/998F.json
馐,B,xiū,cao lương mỹ vị,"câu liên quan, Hán Việt",chars/9990.json
馑,C,jǐn,thời kỳ đói kém hoặc mất mùa,"bộ thủ, câu liên quan, Hán Việt",chars/9991.json
馒,A,mán,dùng trong 饅頭|馒头[man2 tou5],Hán Việt,chars/9992.json
馓,B,sǎn,dùng trong 饊子|馓子[san3 zi5],"câu liên quan, Hán Việt",chars/9993.json
馔,B,zhuàn,biến thể cũ của 饌|馔[zhuan4],"từ liên quan, câu liên quan, Hán Việt",chars/9994.json
馕,B,náng,một loại bánh mì dẹt,"từ liên quan, câu liên quan, Hán Việt",chars/9995.json
馗,B,kuí,gò má; ngã tư,"câu liên quan, Hán Việt",chars/9997.json
馘,C,guó,(văn học) cắt tai trái của kẻ địch bị giết; tai bị cắt của kẻ địch bị giết,"bộ thủ, từ liên quan, câu liên quan, Hán Việt",chars/9998.json
馝,C,bì,hương thơm,"bộ thủ, từ liên quan, câu liên quan, Hán Việt",chars/999D.json
馡,C,fēi,thơm ngát,"bộ thủ, từ liên quan, câu liên quan, Hán Việt",chars/99A1.json
馣,C,yǎn,mùi hương thơm,"bộ thủ, từ liên quan, câu liên quan, Hán Việt",chars/99A3.json
馥,B,fù,hương thơm; mùi,câu liên quan,chars/99A5.json
馯,C,hàn,biến thể cũ của 駻[han4],"bộ thủ, từ liên quan, câu liên quan, Hán Việt",chars/99AF.json
馲,C,tuō,lạc đà; phiên âm Đài Loan [luo4],"bộ thủ, từ liên quan, câu liên quan, Hán Việt",chars/99B2.json
馵,C,zhù,(ngựa),"bộ thủ, từ liên quan, câu liên quan, Hán Việt",chars/99B5.json
駄,C,tuó,biến thể tiếng Nhật của 馱|驮,"bộ thủ, từ liên quan, câu liên quan, Hán Việt",chars/99C4.json
駅,C,yì,biến thể tiếng Nhật của 驛|驿[yi4],"bộ thủ, từ liên quan, câu liên quan, Hán Việt",chars/99C5.json
駆,C,qū,biến thể tiếng Nhật của 驅|驱; phóng ngựa,"bộ thủ, từ liên quan, câu liên quan, Hán Việt",chars/99C6.json
駋,C,zhāo,(ngựa),"bộ thủ, từ liên quan, câu liên quan, Hán Việt",chars/99CB.json
駗,C,zhēn,vết nhám,"bộ thủ, từ liên quan, câu liên quan, Hán Việt",chars/99D7.json
駜,C,bì,ngựa khỏe,"bộ thủ, từ liên quan, câu liên quan, Hán Việt",chars/99DC.json
駠,C,liú,biến thể cũ của 騮|骝[liu2],"bộ thủ, từ liên quan, câu liên quan, Hán Việt",chars/99E0.json
駬,C,ěr,(ngựa),"bộ thủ, từ liên quan, câu liên quan, Hán Việt",chars/99EC.json
駯,C,zhū,mõm đen (của ngựa),"bộ thủ, từ liên quan, câu liên quan, Hán Việt",chars/99EF.json
駴,C,xiè,tiếng trống dồn dập,"bộ thủ, từ liên quan, câu liên quan, Hán Việt",chars/99F4.json
駵,C,liú,biến thể cũ của 騮|骝[liu2],"bộ thủ, từ liên quan, câu liên quan, Hán Việt",chars/99F5.json
駹,C,máng,ngựa đen mặt trắng,"bộ thủ, từ liên quan, câu liên quan, Hán Việt",chars/99F9.json
駻,C,hàn,(ngựa) dữ; dã,"bộ thủ, từ liên quan, câu liên quan, Hán Việt",chars/99FB.json
駽,C,xuàn,màu xám,"bộ thủ, từ liên quan, câu liên quan, Hán Việt",chars/99FD.json
駾,C,tuì,phi nước đại (trên ngựa),"bộ thủ, từ liên quan, câu liên quan, Hán Việt",chars/99FE.json
騃,C,ái,ngu ngốc; đần độn,"bộ thủ, từ liên quan, câu liên quan, Hán Việt",chars/9A03.json
騆,C,zhōu,ngựa thần,"bộ thủ, từ liên quan, câu liên quan, Hán Việt",chars/9A06.json
騇,C,shè,ngựa cái; ngựa mái,"bộ thủ, từ liên quan, câu liên quan, Hán Việt",chars/9A07.json
騉,C,kūn,ngựa đẹp,"bộ thủ, từ liên quan, câu liên quan, Hán Việt",chars/9A09.json
騋,C,lái,ngựa cái,"bộ thủ, từ liên quan, câu liên quan, Hán Việt",chars/9A0B.json
騑,C,fēi,ngựa bên (trong một đội ngựa kéo); ngựa,"bộ thủ, từ liên quan, câu liên quan, Hán Việt",chars/9A11.json
騒,C,sāo,biến thể tiếng Nhật của 騷|骚,"bộ thủ, từ liên quan, câu liên quan, Hán Việt",chars/9A12.json
験,C,yàn,biến thể tiếng Nhật của 驗|验,"bộ thủ, từ liên quan, câu liên quan, Hán Việt",chars/9A13.json
騕,C,yǎo,tên của một loài ngựa huyền thoại,"bộ thủ, từ liên quan, câu liên quan, Hán Việt",chars/9A15.json
騗,C,piàn,biến thể cũ của 騙|骗[pian4]; lên ngựa bằng cách đưa một chân qua,"bộ thủ, từ liên quan, câu liên quan, Hán Việt",chars/9A17.json
騘,C,cōng,biến thể cũ của 驄|骢[cong1],"bộ thủ, từ liên quan, câu liên quan, Hán Việt",chars/9A18.json
騢,C,xiá,(ngựa),"bộ thủ, từ liên quan, câu liên quan, Hán Việt",chars/9A22.json
騺,C,zhì,ngựa nặng; ngựa không di chuyển được vì chân bị què,"bộ thủ, từ liên quan, câu liên quan, Hán Việt",chars/9A3A.json
驆,C,bì,dùng trong phiên âm sách Phật giáo,"bộ thủ, từ liên quan, câu liên quan, Hán Việt",chars/9A46.json
驈,C,yù,ngựa đen có chân trắng,"bộ thủ, từ liên quan, câu liên quan, Hán Việt",chars/9A48.json
驒,C,tuó,(ngựa),"bộ thủ, từ liên quan, câu liên quan, Hán Việt",chars/9A52.json
驔,C,tán,ngựa đen,"bộ thủ, từ liên quan, câu liên quan, Hán Việt",chars/9A54.json
驖,C,tiě,ngựa màu nâu sẫm,"bộ thủ, từ liên quan, câu liên quan, Hán Việt",chars/9A56.json
驙,C,zhān,(ngựa),"bộ thủ, từ liên quan, câu liên quan, Hán Việt",chars/9A59.json
驮,B,tuó,cõng,"câu liên quan, Hán Việt",chars/9A6E.json
驰,A,chí,chạy nhanh; phóng nước đại,Hán Việt,chars/9A70.json
驱,A,qū,biến thể của 驅|驱[qu1],Hán Việt,chars/9A71.json
驲,C,rì,ngựa trạm,"bộ thủ, từ liên quan, câu liên quan, Hán Việt",chars/9A72.json
驴,B,lǘ,biến thể của 驢|驴[lu:2],"câu liên quan, Hán Việt",chars/9A74.json
驵,B,zǎng,ngựa mạnh,"từ liên quan, câu liên quan, Hán Việt",chars/9A75.json
驶,A,shǐ,"(phương tiện, ngựa,...) đi nhanh; lao nhanh; (phương tiện) chạy; di chuyển",Hán Việt,chars/9A76.json
驷,C,sì,đội bốn con ngựa,"bộ thủ, từ liên quan, câu liên quan, Hán Việt",chars/9A77.json
驸,B,fù,phò mã,câu liên quan,chars/9A78.json
驹,B,jū,ngựa con,câu liên quan,chars/9A79.json
驺,B,Zōu,họ [Zou1],"từ liên quan, câu liên quan, Hán Việt",chars/9A7A.json
驽,B,nú,(văn học) ngựa kém,"câu liên quan, Hán Việt",chars/9A7D.json
驿,B,yì,ngựa trạm; trạm chuyển phát,câu liên quan,chars/9A7F.json
骀,B,tái,ngựa mệt mỏi; kiệt sức,"từ liên quan, câu liên quan, Hán Việt",chars/9A80.json
骁,B,xiāo,ngựa tốt; dũng mãnh,"câu liên quan, Hán Việt",chars/9A81.json
骃,C,yīn,ngựa màu xám sắt,"bộ thủ, từ liên quan, câu liên quan, Hán Việt",chars/9A83.json
骄,C,jiāo,tự hào; kiêu ngạo,"bộ thủ, câu liên quan",chars/9A84.json
骅,B,huá,ngựa sắc lông hạt dẻ,"câu liên quan, Hán Việt",chars/9A85.json
骆,A,Luò,họ [Luo4],Hán Việt,chars/9A86.json
骈,C,Pián,họ [Pian2],"bộ thủ, câu liên quan",chars/9A88.json
骉,C,biāo,một bầy ngựa,"bộ thủ, từ liên quan, câu liên quan, Hán Việt",chars/9A89.json
骊,B,lí,ngựa đen; ngựa ô tốt,"câu liên quan, Hán Việt",chars/9A8A.json
骋,B,chěng,nhanh chóng; chạy,"câu liên quan, Hán Việt",chars/9A8B.json
验,A,yàn,"kiểm tra, khảo sát",Hán Việt,chars/9A8C.json
骍,C,xīng,ngựa (hoặc gia súc) màu đỏ; nâu đỏ,"bộ thủ, từ liên quan, câu liên quan, Hán Việt",chars/9A8D.json
骎,C,qīn,ngựa phi nhanh,"bộ thủ, từ liên quan, câu liên quan",chars/9A8E.json
骐,B,qí,"ngựa lang; dùng cho 麒[qi2], kỳ lân huyền thoại","từ liên quan, câu liên quan, Hán Việt",chars/9A90.json
骒,B,kè,"(dạng kết hợp) cái (của ngựa, la, lạc đà, v.v.)","câu liên quan, Hán Việt",chars/9A92.json
骓,B,Zhuī,họ [Zhui1],"từ liên quan, câu liên quan",chars/9A93.json
骔,C,zōng,biến thể của 騣|鬃[zong1],"bộ thủ, từ liên quan, câu liên quan, Hán Việt",chars/9A94.json
骕,B,sù,dùng trong 驌驦|骕骦[su4 shuang1],"từ liên quan, câu liên quan, Hán Việt",chars/9A95.json
骖,B,cān,ngựa phía ngoài trong đội 4 con,"từ liên quan, câu liên quan, Hán Việt",chars/9A96.json
骗,A,piàn,lừa,Hán Việt,chars/9A97.json
骘,C,zhì,ngựa giống; tăng lên,"bộ thủ, từ liên quan, câu liên quan, Hán Việt",chars/9A98.json
骙,C,kuí,(ngựa) khỏe mạnh; mạnh mẽ,"bộ thủ, từ liên quan, câu liên quan, Hán Việt",chars/9A99.json
骚,C,sāo,(hình thức ràng buộc) quấy rầy; làm gián đoạn; ve vãn; lẳng lơ,bộ thủ,chars/9A9A.json
骛,C,wù,(hình thức kết hợp) chạy toán loạn; phấn đấu vì,"bộ thủ, câu liên quan, Hán Việt",chars/9A9B.json
骜,C,ào,ngựa quý (văn học); (ngựa) không được thuần,"bộ thủ, câu liên quan, Hán Việt",chars/9A9C.json
骝,B,liú,"ngựa màu nâu đỏ, bờm đen","từ liên quan, câu liên quan, Hán Việt",chars/9A9D.json
骞,C,qiān,"nâng lên, vươn lên","bộ thủ, câu liên quan, Hán Việt",chars/9A9E.json
骟,B,shàn,thiến,"từ liên quan, câu liên quan, Hán Việt",chars/9A9F.json
骠,B,piào,ngựa trắng,"từ liên quan, câu liên quan, Hán Việt",chars/9AA0.json
骡,B,luó,"con la; LT:匹[pi3],頭|头[tou2]","câu liên quan, Hán Việt",chars/9AA1.json
骢,B,cōng,ngựa lông màu vàng nhạt,"từ liên quan, câu liên quan, Hán Việt",chars/9AA2.json
骣,B,chǎn,(văn học) cưỡi ngựa không yên,"từ liên quan, câu liên quan, Hán Việt",chars/9AA3.json
骥,B,jì,ngựa nòi; tinh tế và đức hạnh,"câu liên quan, Hán Việt",chars/9AA5.json
骦,B,shuāng,dùng trong 驌驦|骕骦[su4 shuang1],"từ liên quan, câu liên quan, Hán Việt",chars/9AA6.json
骧,B,xiāng,(văn học) ngựa chạy tung tăng; nâng lên,"câu liên quan, Hán Việt",chars/9AA7.json
骫,C,wěi,bị cong; xiêu vẹo (về xương),"bộ thủ, từ liên quan, câu liên quan, Hán Việt",chars/9AAB.json
骭,C,gàn,xương ống chân,"bộ thủ, từ liên quan, câu liên quan, Hán Việt",chars/9AAD.json
骰,C,tóu,xí ngầu,"bộ thủ, câu liên quan, Hán Việt",chars/9AB0.json
骱,C,xiè,khớp xương,"bộ thủ, từ liên quan, câu liên quan, Hán Việt",chars/9AB1.json
骴,C,cī,xác thối rữa,"bộ thủ, từ liên quan, câu liên quan, Hán Việt",chars/9AB4.json
骶,B,dǐ,(hình thức kết hợp) xương cùng,"câu liên quan, Hán Việt",chars/9AB6.json
骷,B,kū,dùng trong 骷髏|骷髅[ku1lou2],"câu liên quan, Hán Việt",chars/9AB7.json
骸,B,hái,xương của cơ thể,câu liên quan,chars/9AB8.json
骺,C,hóu,(giải phẫu) đầu xương,"bộ thủ, từ liên quan, câu liên quan, Hán Việt",chars/9ABA.json
骼,B,gé,bộ xương,"câu liên quan, Hán Việt",chars/9ABC.json
骾,C,gěng,,"nghĩa, bộ thủ, từ liên quan, câu liên quan",chars/9ABE.json
髀,C,bì,mông; đùi,"bộ thủ, câu liên quan, Hán Việt",chars/9AC0.json
髁,B,kē,lồi cầu,"từ liên quan, câu liên quan, Hán Việt",chars/9AC1.json
髂,B,qià,xương chậu; xương ngoài cùng của đai chậu,"câu liên quan, Hán Việt",chars/9AC2.json
髄,C,suǐ,biến thể của 髓[sui3],"bộ thủ, từ liên quan, câu liên quan, Hán Việt",chars/9AC4.json
髅,B,lóu,dùng trong 髑髏|髑髅[du2lou2]; dùng trong 骷髏|骷髅[ku1lou2],câu liên quan,chars/9AC5.json
髆,C,bó,xương bả vai,"bộ thủ, từ liên quan, câu liên quan, Hán Việt",chars/9AC6.json
髇,C,xiāo,(từ tượng thanh) âm thanh của mũi tên,"bộ thủ, từ liên quan, câu liên quan, Hán Việt",chars/9AC7.json
髋,B,kuān,xương chậu; thuộc về xương chậu,"câu liên quan, Hán Việt",chars/9ACB.json
髌,B,bìn,đánh vào xương bánh chè; chặt hoặc đập gãy xương bánh chè như một hình phạt thể xác,"câu liên quan, Hán Việt",chars/9ACC.json
髍,C,mó,liệt một bên cơ thể,"bộ thủ, từ liên quan, câu liên quan, Hán Việt",chars/9ACD.json
髎,C,liáo,(văn học) xương hông; (Đông y) khoảng giữa hai khớp,"bộ thủ, từ liên quan, câu liên quan, Hán Việt",chars/9ACE.json
髑,B,dú,dùng trong 髑髏|髑髅[du2lou2],"từ liên quan, câu liên quan, Hán Việt",chars/9AD1.json
髙,C,gāo,biến thể của 高[gao1],"bộ thủ, từ liên quan, câu liên quan, Hán Việt",chars/9AD9.json
髝,C,láo,dùng trong 髝髞[lao2 sao4],"bộ thủ, từ liên quan, câu liên quan, Hán Việt",chars/9ADD.json
髞,C,sào,cao; oai vệ,"bộ thủ, từ liên quan, câu liên quan, Hán Việt",chars/9ADE.json
髟,B,biāo,Tóc dài lượt thượt,"từ liên quan, câu liên quan, Hán Việt",chars/9ADF.json
髠,C,kūn,biến thể của 髡[kun1],"bộ thủ, từ liên quan, câu liên quan, Hán Việt",chars/9AE0.json
髡,B,kūn,cạo đầu; làm trọc đầu (như một hình phạt),"từ liên quan, câu liên quan, Hán Việt",chars/9AE1.json
髢,C,dí,biến thể cũ của 鬄[di2],"bộ thủ, từ liên quan, câu liên quan, Hán Việt",chars/9AE2.json
髣,C,fǎng,dường như,"bộ thủ, từ liên quan, câu liên quan, Hán Việt",chars/9AE3.json
髧,C,dàn,tóc dài,"bộ thủ, từ liên quan, câu liên quan, Hán Việt",chars/9AE7.json
髨,C,kūn,biến thể cũ của 髡[kun1],"bộ thủ, từ liên quan, câu liên quan, Hán Việt",chars/9AE8.json
髩,C,bìn,biến thể cũ của 鬢|鬓[bin4],"bộ thủ, từ liên quan, câu liên quan, Hán Việt",chars/9AE9.json
髪,C,fà,biến thể tiếng Nhật của 髮|发,"bộ thủ, từ liên quan, câu liên quan, Hán Việt",chars/9AEA.json
髫,B,tiáo,(văn học) tóc xõa phía trước (kiểu tóc trẻ em),"câu liên quan, Hán Việt",chars/9AEB.json
髭,B,zī,ria mép,"từ liên quan, câu liên quan, Hán Việt",chars/9AED.json
髯,B,rán,biến thể cũ của 髯[ran2],câu liên quan,chars/9AEF.json
髲,C,pì,tóc giả,"bộ thủ, từ liên quan, câu liên quan, Hán Việt",chars/9AF2.json
髳,C,máo,tóc mái; hợp thời,"bộ thủ, từ liên quan, câu liên quan, Hán Việt",chars/9AF3.json
髹,B,xiū,sơn mài đỏ; sơn mài,"từ liên quan, câu liên quan, Hán Việt",chars/9AF9.json
髺,C,kuò,tóc cuộn lên thành búi,"bộ thủ, từ liên quan, câu liên quan, Hán Việt",chars/9AFA.json
髻,B,jì,"tóc cuộn lên thành búi, búi tóc","câu liên quan, Hán Việt",chars/9AFB.json
髽,C,zhuā,búi tóc,"bộ thủ, từ liên quan, câu liên quan, Hán Việt",chars/9AFD.json
髾,C,shāo,đuôi sao chổi; tóc dài,"bộ thủ, từ liên quan, câu liên quan, Hán Việt",chars/9AFE.json
鬁,C,lì,hói; tróc vảy,"bộ thủ, từ liên quan, câu liên quan, Hán Việt",chars/9B01.json
鬃,B,zōng,biến thể của 鬃[zong1],"câu liên quan, Hán Việt",chars/9B03.json
鬄,C,dí,tóc giả; tiếng Đài Loan đọc là [ti4],"bộ thủ, từ liên quan, câu liên quan, Hán Việt",chars/9B04.json
鬅,C,péng,rối bù,"bộ thủ, từ liên quan, câu liên quan, Hán Việt",chars/9B05.json
鬈,C,quán,uốn; xoăn,"bộ thủ, từ liên quan, câu liên quan, Hán Việt",chars/9B08.json
鬋,C,jiān,xoã xuống (tóc),"bộ thủ, từ liên quan, câu liên quan, Hán Việt",chars/9B0B.json
鬎,C,là,hói; có vảy,"bộ thủ, từ liên quan, câu liên quan, Hán Việt",chars/9B0E.json
鬏,B,jiū,búi (tóc),"từ liên quan, câu liên quan, Hán Việt",chars/9B0F.json
鬐,C,qí,vây lưng; bờm ngựa,"bộ thủ, từ liên quan, câu liên quan, Hán Việt",chars/9B10.json
鬑,C,lián,tóc mai rủ,"bộ thủ, từ liên quan, câu liên quan, Hán Việt",chars/9B11.json
鬒,B,zhěn,tóc đen rậm,"từ liên quan, câu liên quan, Hán Việt",chars/9B12.json
鬓,B,bìn,thái dương; tóc mai,"câu liên quan, Hán Việt",chars/9B13.json
鬖,C,sān,tóc bù xù,"bộ thủ, từ liên quan, câu liên quan, Hán Việt",chars/9B16.json
鬗,C,màn,trang sức đầu; tóc đẹp,"bộ thủ, từ liên quan, câu liên quan, Hán Việt",chars/9B17.json
鬘,C,mán,(tóc phụ nữ) đẹp; vòng hoa đội làm trang sức,"bộ thủ, từ liên quan, câu liên quan, Hán Việt",chars/9B18.json
鬙,C,sēng,tóc ngắn; không chải chuốt,"bộ thủ, từ liên quan, câu liên quan, Hán Việt",chars/9B19.json
鬟,C,huán,búi tóc trên đỉnh đầu,"bộ thủ, câu liên quan, Hán Việt",chars/9B1F.json
鬠,C,kuài,buộc tóc thành búi,"bộ thủ, từ liên quan, câu liên quan",chars/9B20.json
鬣,C,liè,lông cứng; bờm,"bộ thủ, câu liên quan, Hán Việt",chars/9B23.json
鬫,C,kàn,biến thể của 闞|阚[kan4]; gầm,"bộ thủ, từ liên quan, câu liên quan, Hán Việt",chars/9B2B.json
鬬,C,dòu,biến thể của 鬥|斗[dou4],"bộ thủ, từ liên quan, câu liên quan, Hán Việt",chars/9B2C.json
鬯,B,chàng,Rượu nếp,"từ liên quan, câu liên quan, Hán Việt",chars/9B2F.json
鬲,B,gé,Tên một nước ngày xưa,"từ liên quan, câu liên quan, Hán Việt",chars/9B32.json
鬴,C,fǔ,biến thể của 釜[fu3],"bộ thủ, từ liên quan, câu liên quan, Hán Việt",chars/9B34.json
鬵,C,qián,nồi sắt lớn; vạc,"bộ thủ, từ liên quan, câu liên quan, Hán Việt",chars/9B35.json
鬷,C,zōng,cái ấm có chân,"bộ thủ, từ liên quan, câu liên quan, Hán Việt",chars/9B37.json
鬻,C,yù,"bán, đặc biệt trong hoàn cảnh khó khăn","bộ thủ, từ liên quan, câu liên quan, Hán Việt",chars/9B3B.json
魀,C,gà,biến thể cũ của 尬[ga4],"bộ thủ, từ liên quan, câu liên quan, Hán Việt",chars/9B40.json
魁,C,kuí,đứng đầu; người đứng đầu,bộ thủ,chars/9B41.json
魃,B,bá,yêu quái hạn hán,"từ liên quan, câu liên quan, Hán Việt",chars/9B43.json
魅,C,mèi,yêu ma; phép thuật,"bộ thủ, Hán Việt",chars/9B45.json
魆,B,xù,mờ; tối; chợt,"từ liên quan, câu liên quan, Hán Việt",chars/9B46.json
魇,B,yǎn,gặp ác mộng,"câu liên quan, Hán Việt",chars/9B47.json
魈,B,xiāo,dùng trong 山魈[shan1 xiao1],"từ liên quan, câu liên quan, Hán Việt",chars/9B48.json
魉,B,liǎng,dùng trong 魍魎|魍魉[wang3liang3],"câu liên quan, Hán Việt",chars/9B49.json
魊,C,yù,ma quỷ của trẻ em,"bộ thủ, từ liên quan, câu liên quan, Hán Việt",chars/9B4A.json
魋,C,tuí,gấu nâu Nhật Bản,"bộ thủ, từ liên quan, câu liên quan, Hán Việt",chars/9B4B.json
魌,C,qī,mặt nạ thần dùng trong nghi lễ trừ tà và xua đuổi dịch bệnh; (cổ) xấu xí,"bộ thủ, từ liên quan, câu liên quan, Hán Việt",chars/9B4C.json
魍,B,wǎng,dùng trong 魍魎|魍魉[wang3liang3],"câu liên quan, Hán Việt",chars/9B4D.json
魏,B,Wèi,"họ [Wei4]; tên của một nước chư hầu thời nhà Chu từ năm 661 TCN ở Sơn Tây, một trong Chiến Quốc Thất Hùng","câu liên quan, Hán Việt",chars/9B4F.json
魑,B,chī,dùng trong 魑魅[chi1mei4],"câu liên quan, Hán Việt",chars/9B51.json
魖,B,xū,dùng trong 黑魖魖[hei1 xu1 xu1],"từ liên quan, câu liên quan, Hán Việt",chars/9B56.json
魠,B,tuō,dùng trong 土魠魚|土魠鱼[tu3 tuo1 yu2],"từ liên quan, câu liên quan, Hán Việt",chars/9B60.json
魣,C,yú,cá rô,"bộ thủ, từ liên quan, câu liên quan, Hán Việt",chars/9B63.json
魦,C,shā,"họ cá mập, bao gồm một số loài cá đuối","bộ thủ, từ liên quan, câu liên quan, Hán Việt",chars/9B66.json
魬,C,fǎn,cá bơn hoặc cá bềnh bự,"bộ thủ, từ liên quan, câu liên quan, Hán Việt",chars/9B6C.json
魭,C,yuán,biến thể cũ của 黿|鼋[yuan2],"bộ thủ, từ liên quan, câu liên quan, Hán Việt",chars/9B6D.json
魵,C,fén,tôm,"bộ thủ, từ liên quan, câu liên quan, Hán Việt",chars/9B75.json
魸,C,piàn,cá trê,"bộ thủ, từ liên quan, câu liên quan, Hán Việt",chars/9B78.json
鮨,B,qí,sushi; cá mú (Bồ Đào Nha: garoupa),"từ liên quan, câu liên quan, Hán Việt",chars/9BA8.json
鮿,C,zhé,(cá nước ngọt),"bộ thủ, từ liên quan, câu liên quan, Hán Việt",chars/9BBF.json
鯆,C,fǔ,cá đuối,"bộ thủ, từ liên quan, câu liên quan, Hán Việt",chars/9BC6.json
鯈,C,chóu,Leuciscus macropus,"bộ thủ, từ liên quan, câu liên quan, Hán Việt",chars/9BC8.json
鯙,C,chún,Scomberomorus sinensis,"bộ thủ, từ liên quan, câu liên quan, Hán Việt",chars/9BD9.json
鯠,C,lái,ban tặng; ban cho cấp dưới,"bộ thủ, từ liên quan, câu liên quan, Hán Việt",chars/9BE0.json
鯥,C,lù,Pomatomus saltatrix; cá xanh,"bộ thủ, từ liên quan, câu liên quan, Hán Việt",chars/9BE5.json
鯸,C,hóu,cá nóc,"bộ thủ, từ liên quan, câu liên quan, Hán Việt",chars/9BF8.json
鰅,C,yú,một loại cá có sọc,"bộ thủ, từ liên quan, câu liên quan, Hán Việt",chars/9C05.json
鰋,C,yǎn,cá lòng tong,"bộ thủ, từ liên quan, câu liên quan, Hán Việt",chars/9C0B.json
鰕,C,xiā,biến thể của 蝦|虾[xia1],"bộ thủ, từ liên quan, câu liên quan, Hán Việt",chars/9C15.json
鰛,C,wēn,"biến thể của 鰮|鳁, cá mòi","bộ thủ, từ liên quan, câu liên quan, Hán Việt",chars/9C1B.json
鰦,C,zī,(cổ) một loại cá màu đen; người xấu (tiếng lóng Quảng Đông),"bộ thủ, từ liên quan, câu liên quan, Hán Việt",chars/9C26.json
鰫,C,yóng,cá mè hoa,"bộ thủ, từ liên quan, câu liên quan, Hán Việt",chars/9C2B.json
鰽,C,qiú,cá trích,"bộ thủ, từ liên quan, câu liên quan, Hán Việt",chars/9C3D.json
鱄,B,Zhuān,họ [Zhuan1],"từ liên quan, câu liên quan, Hán Việt",chars/9C44.json
鱆,C,zhāng,,"nghĩa, từ liên quan, câu liên quan, Hán Việt",chars/9C46.json
鱎,C,jiǎo,(cá),"bộ thủ, từ liên quan, câu liên quan, Hán Việt",chars/9C4E.json
鱐,C,sù,cá khô,"bộ thủ, từ liên quan, câu liên quan, Hán Việt",chars/9C50.json
鱥,B,guì,cá tuế,"từ liên quan, câu liên quan, Hán Việt",chars/9C65.json
鱮,C,xù,cá mè hoa (Hypophthalmichthys moritrix),"bộ thủ, từ liên quan, câu liên quan, Hán Việt",chars/9C6E.json
鱵,C,zhēn,Hyporhampus sajuri,"bộ thủ, từ liên quan, câu liên quan, Hán Việt",chars/9C75.json
鱽,C,dāo,Coilia ectenes,"bộ thủ, từ liên quan, câu liên quan, Hán Việt",chars/9C7D.json
鱿,B,yóu,mực nang,"câu liên quan, Hán Việt",chars/9C7F.json
鲀,C,tún,cá nóc (họ Tetraodontidae),"bộ thủ, từ liên quan, câu liên quan, Hán Việt",chars/9C80.json
鲂,B,fáng,cá tráp; Zeus japanicus,"từ liên quan, câu liên quan, Hán Việt",chars/9C82.json
鲃,B,bā,dùng trong 䰾魚|鲃鱼[ba1 yu2],"từ liên quan, câu liên quan, Hán Việt",chars/9C83.json
鲅,B,bà,(dạng kết hợp) cá thu Tây Ban Nha,"câu liên quan, Hán Việt",chars/9C85.json
鲆,B,píng,họ cá bơn; cá bơn,"từ liên quan, câu liên quan, Hán Việt",chars/9C86.json
鲇,B,nián,cá trê (Parasilurus asotus); cá trê phương Đông,"câu liên quan, Hán Việt",chars/9C87.json
鲈,B,lú,cá rô phi; cá vược,câu liên quan,chars/9C88.json
鲊,C,zhǎ,"cá muối; món ăn làm từ rau xay, bột và gia vị khác","bộ thủ, từ liên quan, câu liên quan, Hán Việt",chars/9C8A.json
鲋,B,fù,cá mè,"câu liên quan, Hán Việt",chars/9C8B.json
鲍,B,Bào,họ [Bao4],"câu liên quan, Hán Việt",chars/9C8D.json
鲎,B,hòu,cua móng ngựa,"từ liên quan, câu liên quan, Hán Việt",chars/9C8E.json
鲏,C,pí,"xem 鰟鮍|鳑鲏, cá chép nhỏ","bộ thủ, từ liên quan, câu liên quan, Hán Việt",chars/9C8F.json
鲐,B,tái,cá thu; cá thu Nhật (Pneumatophorus japonicus),"từ liên quan, câu liên quan, Hán Việt",chars/9C90.json
鲑,B,guī,cá hồi; cá hồi vân,"câu liên quan, Hán Việt",chars/9C91.json
鲒,B,jié,hàu,"từ liên quan, câu liên quan, Hán Việt",chars/9C92.json
鲔,B,wěi,cá ngừ nhỏ; Euthynnus alletteratus,"câu liên quan, Hán Việt",chars/9C94.json
鲕,B,ér,trứng cá; roe cá,"từ liên quan, câu liên quan, Hán Việt",chars/9C95.json
鲖,C,tóng,cá quả,"bộ thủ, từ liên quan, câu liên quan, Hán Việt",chars/9C96.json
鲗,B,zéi,mực nang,"từ liên quan, câu liên quan, Hán Việt",chars/9C97.json
鲘,C,hòu,xem 鱯|鳠[hu4],"bộ thủ, từ liên quan, câu liên quan, Hán Việt",chars/9C98.json
鲙,B,kuài,dùng trong 鱠魚|鲙鱼[kuai4 yu2]; cá băm hoặc thái nhỏ (biến thể của 膾|脍[kuai4]),"từ liên quan, câu liên quan",chars/9C99.json
鲚,B,jì,cá cháo biển (Coilia nasus),"từ liên quan, câu liên quan, Hán Việt",chars/9C9A.json
鲛,B,jiāo,(hình thức kết hợp) cá mập,"câu liên quan, Hán Việt",chars/9C9B.json
鲜,A,xiān,ngon,Hán Việt,chars/9C9C.json
鲝,C,zhǎ,biến thể của 鮓|鲊[zha3]; biến thể của 苲[zha3],"bộ thủ, từ liên quan, câu liên quan, Hán Việt",chars/9C9D.json
鲞,B,xiǎng,cá khô,"câu liên quan, Hán Việt",chars/9C9E.json
鲟,B,xún,cá tầm; Acipenser sturio,"câu liên quan, Hán Việt",chars/9C9F.json
鲠,B,gěng,mắc nghẹn vì một mẩu thức ăn,"câu liên quan, Hán Việt",chars/9CA0.json
鲡,B,lí,cá chình,"câu liên quan, Hán Việt",chars/9CA1.json
鲢,B,lián,Hypophthalmichthys moritrix,câu liên quan,chars/9CA2.json
鲣,B,jiān,cá ngừ sọc dưa,"từ liên quan, câu liên quan, Hán Việt",chars/9CA3.json
鲤,A,lǐ,cá chép,Hán Việt,chars/9CA4.json
鲥,B,shí,cá shad; Ilisha elongata,"câu liên quan, Hán Việt",chars/9CA5.json
鲦,B,tiáo,"cá bụng nhọn Hàn Quốc (cá, Hemiculter leucisculus); cá trích","từ liên quan, câu liên quan, Hán Việt",chars/9CA6.json
鲧,B,Gǔn,biến thể của 鯀|鲧[Gun3],"từ liên quan, câu liên quan, Hán Việt",chars/9CA7.json
鲨,A,shā,cá mập,Hán Việt,chars/9CA8.json
鲩,B,huàn,cá chép,"từ liên quan, câu liên quan, Hán Việt",chars/9CA9.json
鲪,C,jūn,Sebastodes guntheri,"bộ thủ, từ liên quan, câu liên quan, Hán Việt",chars/9CAA.json
鲫,B,jì,cá chép bạc; cá rô cát,"câu liên quan, Hán Việt",chars/9CAB.json
鲭,B,qīng,cá thu,"từ liên quan, câu liên quan, Hán Việt",chars/9CAD.json
鲮,B,líng,cá trôi bùn (Cirrhina molitorella),"câu liên quan, Hán Việt",chars/9CAE.json
鲯,B,qí,cá mahi-mahi (Coryphaena hippurus); cá dorado,"từ liên quan, câu liên quan, Hán Việt",chars/9CAF.json
鲰,C,Zōu,họ [Zou1],"bộ thủ, từ liên quan, câu liên quan, Hán Việt",chars/9CB0.json
鲱,B,fēi,cá trích Thái Bình Dương,"câu liên quan, Hán Việt",chars/9CB1.json
鲲,B,kūn,cá bột (cá mới nở); con cá khổng lồ trong truyền thuyết có thể biến thành chim khổng lồ 鵬|鹏[Peng2],"từ liên quan, câu liên quan, Hán Việt",chars/9CB2.json
鲳,B,chāng,xem 鯧魚|鲳鱼[chang1 yu2],"câu liên quan, Hán Việt",chars/9CB3.json
鲴,B,gù,"Xenocypris, chi cá chép tìm thấy ở Đông Á","từ liên quan, câu liên quan, Hán Việt",chars/9CB4.json
鲵,B,ní,Cryptobranchus japonicus; kỳ giông,câu liên quan,chars/9CB5.json
鲶,B,nián,cá trê (Parasilurus asotus); cá trê Đông phương,"câu liên quan, Hán Việt",chars/9CB6.json
鲷,B,diāo,cá tráp; pagrus major,"từ liên quan, câu liên quan, Hán Việt",chars/9CB7.json
鲸,B,jīng,cá voi,câu liên quan,chars/9CB8.json
鲹,C,shēn,cá khế (động vật học),"bộ thủ, từ liên quan, câu liên quan, Hán Việt",chars/9CB9.json
鲺,C,shī,,"nghĩa, từ liên quan, câu liên quan, Hán Việt",chars/9CBA.json
鲻,B,zī,cá đối,"từ liên quan, câu liên quan, Hán Việt",chars/9CBB.json
鲼,B,fèn,bất kỳ loài cá đuối nào thuộc bộ Myliobatiformes,"từ liên quan, câu liên quan, Hán Việt",chars/9CBC.json
鲽,B,dié,cá bơn,"từ liên quan, câu liên quan, Hán Việt",chars/9CBD.json
鲿,C,cháng,họ cá trê (Bagridae),"bộ thủ, từ liên quan, câu liên quan, Hán Việt",chars/9CBF.json
鳀,B,tí,cá cơm,"từ liên quan, câu liên quan, Hán Việt",chars/9CC0.json
鳁,C,wēn,cá mòi,"bộ thủ, từ liên quan, câu liên quan, Hán Việt",chars/9CC1.json
鳃,B,sāi,mang cá,"câu liên quan, Hán Việt",chars/9CC3.json
鳄,A,è,biến thể của 鱷|鳄[e4],Hán Việt,chars/9CC4.json
鳅,B,qiū,cá chạch,"câu liên quan, Hán Việt",chars/9CC5.json
鳆,B,fù,Haliotis gigantea; bào ngư,"từ liên quan, câu liên quan, Hán Việt",chars/9CC6.json
鳇,B,huáng,cá tầm,"từ liên quan, câu liên quan, Hán Việt",chars/9CC7.json
鳊,B,biān,cá mè,"từ liên quan, câu liên quan, Hán Việt",chars/9CCA.json
鳋,C,sāo,,"nghĩa, từ liên quan, câu liên quan, Hán Việt",chars/9CCB.json
鳌,B,áo,rùa biển trong thần thoại,"câu liên quan, Hán Việt",chars/9CCC.json
鳍,B,qí,vây,"câu liên quan, Hán Việt",chars/9CCD.json
鳎,B,tǎ,cá bơn,"từ liên quan, câu liên quan, Hán Việt",chars/9CCE.json
鳏,B,guān,người đàn ông góa vợ,"câu liên quan, Hán Việt",chars/9CCF.json
鳐,B,yáo,cá đuối (loài cá sụn thuộc họ Rajidae); cá đuối,"từ liên quan, câu liên quan, Hán Việt",chars/9CD0.json
鳑,B,páng,"xem 鰟鮍|鳑鲏, cá chép nhỏ","từ liên quan, câu liên quan, Hán Việt",chars/9CD1.json
鳒,C,jiān,cá bơn; cá thờn bơn,"bộ thủ, từ liên quan, câu liên quan, Hán Việt",chars/9CD2.json
鳓,B,lè,cá trích Trung Quốc (Ilisha elongata); cá trích trắng,"từ liên quan, câu liên quan, Hán Việt",chars/9CD3.json
鳔,B,biào,bóng cá; bóng hơi của cá,"câu liên quan, Hán Việt",chars/9CD4.json
鳕,B,xuě,cá tuyết; Gadus macrocephalus,"câu liên quan, Hán Việt",chars/9CD5.json
鳖,B,biē,rùa mai mềm nước ngọt,"câu liên quan, Hán Việt",chars/9CD6.json
鳗,B,mán,lươn (Anguilla japonica),"câu liên quan, Hán Việt",chars/9CD7.json
鳘,B,mǐn,cá tuyết,"từ liên quan, câu liên quan, Hán Việt",chars/9CD8.json
鳙,B,yōng,xem 鱅魚|鳙鱼[yong1 yu2],"câu liên quan, Hán Việt",chars/9CD9.json
鳛,C,xí,cá chạch; cá nhét,"bộ thủ, từ liên quan, câu liên quan, Hán Việt",chars/9CDB.json
鳜,B,guì,cá quế; cá vược Trung Quốc (Siniperca chuatsi),"câu liên quan, Hán Việt",chars/9CDC.json
鳝,B,shàn,biến thể của 鱔|鳝[shan4],"câu liên quan, Hán Việt",chars/9CDD.json
鳞,B,lín,vảy (của cá),"câu liên quan, Hán Việt",chars/9CDE.json
鳟,B,zūn,cá hồi; cá chép nhỏ,"câu liên quan, Hán Việt",chars/9CDF.json
鳠,C,hù,một loài cá trê nước ngọt,"bộ thủ, từ liên quan, câu liên quan, Hán Việt",chars/9CE0.json
鳢,B,lǐ,cá lóc; cá quả,"câu liên quan, Hán Việt",chars/9CE2.json
鳣,B,shàn,xem 鱔|鳝[shan4],"từ liên quan, câu liên quan, Hán Việt",chars/9CE3.json
鳦,C,yǐ,một loại chim én,"bộ thủ, từ liên quan, câu liên quan, Hán Việt",chars/9CE6.json
鳫,C,yàn,biến thể cũ của 雁[yan4],"bộ thủ, từ liên quan, câu liên quan, Hán Việt",chars/9CEB.json
鳯,C,fèng,biến thể của 鳳|凤[feng4],"bộ thủ, từ liên quan, câu liên quan, Hán Việt",chars/9CEF.json
鳷,C,zhī,thuật ngữ chung cho các loài giẻ cùi; Garrulus lidthi,"bộ thủ, từ liên quan, câu liên quan, Hán Việt",chars/9CF7.json
鳻,C,fēn,chim bồ câu rừng,"bộ thủ, từ liên quan, câu liên quan, Hán Việt",chars/9CFB.json
鳽,C,yán,(dùng để đặt tên cho loài vạc và một số loài diệc khác); cũng đọc là [jian1],"bộ thủ, từ liên quan, câu liên quan, Hán Việt",chars/9CFD.json
鴂,B,jué,chim chích lá (Orthotomus spp.); chim thợ dệt (họ Ploceidae),"từ liên quan, câu liên quan, Hán Việt",chars/9D02.json
鴃,C,jué,chim bách thanh,"bộ thủ, từ liên quan, câu liên quan, Hán Việt",chars/9D03.json
鴄,C,pī,vịt trời,"bộ thủ, từ liên quan, câu liên quan, Hán Việt",chars/9D04.json
鴎,C,ōu,biến thể Nhật Bản của 鷗|鸥,"bộ thủ, từ liên quan, câu liên quan, Hán Việt",chars/9D0E.json
鴔,B,fú,xem 鵖鴔[bi1 fu2],"từ liên quan, câu liên quan, Hán Việt",chars/9D14.json
鴗,C,lì,Alcedo bengalensis,"bộ thủ, từ liên quan, câu liên quan, Hán Việt",chars/9D17.json
鴠,C,dàn,một loại sơn ca,"bộ thủ, từ liên quan, câu liên quan, Hán Việt",chars/9D20.json
鴢,C,yòu,(vịt),"bộ thủ, từ liên quan, câu liên quan, Hán Việt",chars/9D22.json
鴥,C,yù,(chim) bay nhanh; lao xuống,"bộ thủ, từ liên quan, câu liên quan, Hán Việt",chars/9D25.json
鴪,C,yù,biến thể cũ của 鴥[yu4],"bộ thủ, từ liên quan, câu liên quan, Hán Việt",chars/9D2A.json
鴳,C,yàn,chim cút,"bộ thủ, từ liên quan, câu liên quan, Hán Việt",chars/9D33.json
鴽,C,rú,chim giống chim cút,"bộ thủ, từ liên quan, câu liên quan, Hán Việt",chars/9D3D.json
鵀,C,rèn,chim đầu rìu,"bộ thủ, từ liên quan, câu liên quan, Hán Việt",chars/9D40.json
鵖,C,bī,xem 鵖鴔[bi1 fu2],"bộ thủ, từ liên quan, câu liên quan, Hán Việt",chars/9D56.json
鵗,C,xī,gà lôi,"bộ thủ, từ liên quan, câu liên quan, Hán Việt",chars/9D57.json
鵙,C,jú,chim ác là,"bộ thủ, từ liên quan, câu liên quan, Hán Việt",chars/9D59.json
鵩,C,fú,cú,"bộ thủ, từ liên quan, câu liên quan, Hán Việt",chars/9D69.json
鵫,C,zhào,gà lôi,"bộ thủ, từ liên quan, câu liên quan, Hán Việt",chars/9D6B.json
鵵,C,tù,Scops semitorques,"bộ thủ, từ liên quan, câu liên quan, Hán Việt",chars/9D75.json
鵺,C,yè,một loại chim giống gà lôi,"bộ thủ, từ liên quan, câu liên quan, Hán Việt",chars/9D7A.json
鵻,C,zhuī,chim dẽ cu; chim cu gáy,"bộ thủ, từ liên quan, câu liên quan, Hán Việt",chars/9D7B.json
鶂,C,yì,chim ưng,"bộ thủ, từ liên quan, câu liên quan, Hán Việt",chars/9D82.json
鶏,C,jī,biến thể Nhật Bản của 雞|鸡,"bộ thủ, từ liên quan, câu liên quan, Hán Việt",chars/9D8F.json
鶒,C,chì,một loại chim nước,"bộ thủ, từ liên quan, câu liên quan, Hán Việt",chars/9D92.json
鶕,C,ān,biến thể cũ của 鵪|鹌[an1],"bộ thủ, từ liên quan, câu liên quan, Hán Việt",chars/9D95.json
鶗,C,tí,một loại diều hâu,"bộ thủ, từ liên quan, câu liên quan, Hán Việt",chars/9D97.json
鶤,C,kūn,"biến thể của 鵾|鹍, chim lớn, có thể liên quan đến sếu hoặc thiên nga (cổ đại); chim huyền thoại quái dị, so với chim roc của Sinbad","bộ thủ, từ liên quan, câu liên quan, Hán Việt",chars/9DA4.json
鶦,C,hú,bồ nông,"bộ thủ, từ liên quan, câu liên quan, Hán Việt",chars/9DA6.json
鶵,C,chú,biến thể của 雛|雏[chu2],"bộ thủ, từ liên quan, câu liên quan, Hán Việt",chars/9DB5.json
鶸,C,ruò,chim sẻ vàng,"bộ thủ, từ liên quan, câu liên quan, Hán Việt",chars/9DB8.json
鷃,C,yàn,loài chim giống chim cút,"bộ thủ, từ liên quan, câu liên quan, Hán Việt",chars/9DC3.json
鷄,B,jī,biến thể của 雞|鸡[ji1],"từ liên quan, câu liên quan, Hán Việt",chars/9DC4.json
鷇,C,kòu,chim non,"bộ thủ, từ liên quan, câu liên quan, Hán Việt",chars/9DC7.json
鷏,C,zhēn,tên chim,"bộ thủ, từ liên quan, câu liên quan, Hán Việt",chars/9DCF.json
鷕,C,yǎo,tiếng kêu của gà lôi mái,"bộ thủ, từ liên quan, câu liên quan, Hán Việt",chars/9DD5.json
鷞,C,shuāng,biến thể của 鸘|鹴[shuang1],"bộ thủ, từ liên quan, câu liên quan, Hán Việt",chars/9DDE.json
鷩,C,bì,phasianus pictus,"bộ thủ, từ liên quan, câu liên quan, Hán Việt",chars/9DE9.json
鷬,C,huáng,chim vàng anh gáy đen (Oriolus chinensis),"bộ thủ, từ liên quan, câu liên quan, Hán Việt",chars/9DEC.json
鷾,C,yì,một loại chim én,"bộ thủ, từ liên quan, câu liên quan, Hán Việt",chars/9DFE.json
鸁,C,luó,chim lặn; chim họa mi,"bộ thủ, từ liên quan, câu liên quan, Hán Việt",chars/9E01.json
鸐,C,dí,gà lôi Reeves (Syrmaticus reevesii),"bộ thủ, từ liên quan, câu liên quan, Hán Việt",chars/9E10.json
鸒,C,yú,chim giẻ cùi Đông Á,"bộ thủ, từ liên quan, câu liên quan, Hán Việt",chars/9E12.json
鸓,C,lěi,sóc bay,"bộ thủ, từ liên quan, câu liên quan, Hán Việt",chars/9E13.json
鸖,C,hè,biến thể cũ của 鶴|鹤[he4],"bộ thủ, từ liên quan, câu liên quan, Hán Việt",chars/9E16.json
鸜,C,qú,biến thể của 鴝|鸲[qu2],"bộ thủ, từ liên quan, câu liên quan",chars/9E1C.json
鸠,B,jiū,chim cu gáy; (văn học) tụ tập,câu liên quan,chars/9E20.json
鸡,A,jī,gà,Hán Việt,chars/9E21.json
鸢,B,yuān,diều hâu (chim săn nhỏ),câu liên quan,chars/9E22.json
鸣,C,míng,"kêu (chim, côn trùng), hót; reo (chuông), vang (tiếng súng)","bộ thủ, Hán Việt",chars/9E23.json
鸤,C,shī,chim cu gáy,"bộ thủ, từ liên quan, câu liên quan, Hán Việt",chars/9E24.json
鸥,A,ōu,mòng biển thường,Hán Việt,chars/9E25.json
鸦,A,yā,quạ,Hán Việt,chars/9E26.json
鸧,B,cāng,chim hoàng oanh,"từ liên quan, câu liên quan, Hán Việt",chars/9E27.json
鸨,B,bǎo,chim ô tác Trung Quốc; mụ chủ nhà thổ,"câu liên quan, Hán Việt",chars/9E28.json
鸩,B,zhèn,chim huyền thoại có lông dùng làm chất độc; độc,"câu liên quan, Hán Việt",chars/9E29.json
鸪,B,gū,chim đa đa; Francolinus chinensis,"câu liên quan, Hán Việt",chars/9E2A.json
鸫,B,dōng,chim hét (loài chim thuộc chi Turdus),"từ liên quan, câu liên quan, Hán Việt",chars/9E2B.json
鸬,B,lú,dùng trong 鸕鶿|鸬鹚[lu2 ci2],"câu liên quan, Hán Việt",chars/9E2C.json
鸭,A,yā,vịt (LT:隻|只[zhi1]); (tiếng lóng) trai mại dâm,Hán Việt,chars/9E2D.json
鸮,B,xiāo,cú mèo (bộ Strigiformes),"từ liên quan, câu liên quan, Hán Việt",chars/9E2E.json
鸯,B,yāng,vịt uyên ương,câu liên quan,chars/9E2F.json
鸰,B,líng,chim chìa vôi; chim sơn ca,"từ liên quan, câu liên quan, Hán Việt",chars/9E30.json
鸱,B,chī,cú mèo scops,"từ liên quan, câu liên quan, Hán Việt",chars/9E31.json
鸲,B,qú,"(dạng kết hợp, dùng trong tên các loài chim, đặc biệt là robin và đỏ đuôi)","từ liên quan, câu liên quan",chars/9E32.json
鸳,B,yuān,vịt uyên ương,câu liên quan,chars/9E33.json
鸴,C,xué,nhiều loài chim sẻ (cũ),"bộ thủ, từ liên quan, câu liên quan, Hán Việt",chars/9E34.json
鸵,B,tuó,đà điểu,"câu liên quan, Hán Việt",chars/9E35.json
鸶,B,sī,diệc,"từ liên quan, câu liên quan, Hán Việt",chars/9E36.json
鸷,B,zhì,dữ dằn; tàn bạo,"từ liên quan, câu liên quan, Hán Việt",chars/9E37.json
鸸,B,ér,xem 鴯鶓|鸸鹋[er2 miao2],"câu liên quan, Hán Việt",chars/9E38.json
鸹,B,guā,một loại quạ,"câu liên quan, Hán Việt",chars/9E39.json
鸺,B,xiū,cú,"từ liên quan, câu liên quan, Hán Việt",chars/9E3A.json
鸻,C,héng,chim choi choi,"bộ thủ, từ liên quan, câu liên quan, Hán Việt",chars/9E3B.json
鸽,A,gē,chim bồ câu; bồ câu,Hán Việt,chars/9E3D.json
鸾,C,luán,loài chim huyền thoại liên quan đến phượng hoàng,"bộ thủ, câu liên quan",chars/9E3E.json
鹀,C,wú,chim sẻ hoàng; cũng đọc [wu1],"bộ thủ, từ liên quan, câu liên quan, Hán Việt",chars/9E40.json
鹁,B,bó,chim bồ câu rừng,"câu liên quan, Hán Việt",chars/9E41.json
鹂,B,lí,chim hoàng oanh Trung Quốc,"câu liên quan, Hán Việt",chars/9E42.json
鹃,B,juān,chim cuốc,"câu liên quan, Hán Việt",chars/9E43.json
鹄,B,gǔ,tâm hoặc hồng tâm của bia bắn cung (cũ); mục tiêu,"câu liên quan, Hán Việt",chars/9E44.json
鹅,A,é,ngỗng,Hán Việt,chars/9E45.json
鹆,B,yù,chim sáo,"từ liên quan, câu liên quan",chars/9E46.json
鹇,B,xián,biến thể của 鷴|鹇[xian2],"từ liên quan, câu liên quan, Hán Việt",chars/9E47.json
鹈,B,tí,dùng trong 鵜鶘|鹈鹕[ti2 hu2],"câu liên quan, Hán Việt",chars/9E48.json
鹉,B,wǔ,vẹt,câu liên quan,chars/9E49.json
鹊,B,què,chim ác là,câu liên quan,chars/9E4A.json
鹋,B,miáo,xem 鴯鶓|鸸鹋[er2 miao2],"câu liên quan, Hán Việt",chars/9E4B.json
鹌,B,ān,chim cút,"câu liên quan, Hán Việt",chars/9E4C.json
鹍,B,kūn,"chim lớn, có thể liên quan đến sếu hoặc thiên nga (cổ đại); chim quái vật trong thần thoại, so sánh với chim roc của Sinbad","từ liên quan, câu liên quan, Hán Việt",chars/9E4D.json
鹎,B,bēi,họ Chim chào mào (họ Pycnonotidae),"từ liên quan, câu liên quan, Hán Việt",chars/9E4E.json
鹑,B,chún,chim cút,"câu liên quan, Hán Việt",chars/9E51.json
鹒,B,gēng,chim hoàng oanh,"từ liên quan, câu liên quan, Hán Việt",chars/9E52.json
鹓,C,yuān,chim lửa (thần thoại),"bộ thủ, từ liên quan, câu liên quan, Hán Việt",chars/9E53.json
鹔,B,sù,dùng trong 鷫鸘|鹔鹴[su4 shuang1],"từ liên quan, câu liên quan, Hán Việt",chars/9E54.json
鹕,B,hú,dùng trong 鵜鶘|鹈鹕[ti2 hu2],"câu liên quan, Hán Việt",chars/9E55.json
鹖,C,hé,chim mỏ chéo; gà lôi đuôi dài,"bộ thủ, từ liên quan, câu liên quan, Hán Việt",chars/9E56.json
鹗,B,è,(loài chim ở Trung Quốc) chim ưng biển phương tây (Pandion haliaetus),"từ liên quan, câu liên quan, Hán Việt",chars/9E57.json
鹘,B,hú,chim cắt; chim di cư,"câu liên quan, Hán Việt",chars/9E58.json
鹙,B,qiū,xem 鶖鷺|鹙鹭[qiu1 lu4],"từ liên quan, câu liên quan, Hán Việt",chars/9E59.json
鹚,B,cí,dùng trong 鸕鶿|鸬鹚[lu2 ci2],"câu liên quan, Hán Việt",chars/9E5A.json
鹛,B,méi,chim khướu (chim),"từ liên quan, câu liên quan, Hán Việt",chars/9E5B.json
鹜,A,wù,vịt,Hán Việt,chars/9E5C.json
鹝,C,yì,gà lôi; gà tây,"bộ thủ, từ liên quan, câu liên quan, Hán Việt",chars/9E5D.json
鹞,B,yào,chim ưng nhỏ; Accipiter nisus,"từ liên quan, câu liên quan",chars/9E5E.json
鹟,C,wēng,chim bắt ruồi,"bộ thủ, từ liên quan, câu liên quan, Hán Việt",chars/9E5F.json
鹠,B,liú,xem 鵂鶹|鸺鹠[xiu1 liu2],"từ liên quan, câu liên quan, Hán Việt",chars/9E60.json
鹡,B,jí,chim chìa vôi đuôi trắng,"từ liên quan, câu liên quan",chars/9E61.json
鹢,C,yì,một loại chim nước,"bộ thủ, từ liên quan, câu liên quan, Hán Việt",chars/9E62.json
鹣,B,jiān,chim thần thoại có một mắt và một cánh; xem thêm 鰈鶼|鲽鹣[die2 jian1],"từ liên quan, câu liên quan, Hán Việt",chars/9E63.json
鹥,C,yī,"vịt mào (Anas penelope, một loài vịt Âu-Á); mòng biển (cổ)","bộ thủ, từ liên quan, câu liên quan, Hán Việt",chars/9E65.json
鹦,B,yīng,con vẹt,"câu liên quan, Hán Việt",chars/9E66.json
鹧,B,zhè,gà gô; Francolinus chinensis,"câu liên quan, Hán Việt",chars/9E67.json
鹨,B,liù,chim chiền chiện (chi Anthus),"từ liên quan, câu liên quan, Hán Việt",chars/9E68.json
鹩,B,liáo,chim liêu đông,"câu liên quan, Hán Việt",chars/9E69.json
鹪,B,jiāo,chim hồng tước đông,"câu liên quan, Hán Việt",chars/9E6A.json
鹫,B,jiù,kền kền,"câu liên quan, Hán Việt",chars/9E6B.json
鹬,B,yù,dẽ cả; dẽ,"câu liên quan, Hán Việt",chars/9E6C.json
鹭,B,lù,con diệc,"câu liên quan, Hán Việt",chars/9E6D.json
鹮,B,huán,cò quăm; cò mỏ thìa,"từ liên quan, câu liên quan, Hán Việt",chars/9E6E.json
鹯,C,zhān,cắt nhỏ; chim én,"bộ thủ, từ liên quan, câu liên quan, Hán Việt",chars/9E6F.json
鹱,B,hù,"(dạng kết hợp) chim họ Procellariidae, bao gồm chim hải âu, hải yến,...","từ liên quan, câu liên quan, Hán Việt",chars/9E71.json
鹲,C,méng,chim nhiệt đới,"bộ thủ, từ liên quan, câu liên quan",chars/9E72.json
鹳,B,guàn,sếu; cò,"câu liên quan, Hán Việt",chars/9E73.json
鹴,B,shuāng,dùng trong 鷫鸘|鹔鹴[su4 shuang1],"từ liên quan, câu liên quan, Hán Việt",chars/9E74.json
鹸,C,jiǎn,biến thể tiếng Nhật của 鹼|碱[jian3],"bộ thủ, từ liên quan, câu liên quan, Hán Việt",chars/9E78.json
鹾,C,cuó,nước muối; muối,"bộ thủ, từ liên quan, câu liên quan, Hán Việt",chars/9E7E.json
鹿,B,lù,hươu,câu liên quan,chars/9E7F.json
麀,C,yōu,nai cái; hươu cái,"bộ thủ, từ liên quan, câu liên quan, Hán Việt",chars/9E80.json
麁,C,cū,biến thể của 麤|粗[cu1],"bộ thủ, từ liên quan, câu liên quan, Hán Việt",chars/9E81.json
麂,B,jǐ,nai hoẵng,câu liên quan,chars/9E82.json
麃,C,biāo,nhổ cỏ,"bộ thủ, từ liên quan, câu liên quan, Hán Việt",chars/9E83.json
麄,C,cū,biến thể của 粗[cu1],"bộ thủ, từ liên quan, câu liên quan, Hán Việt",chars/9E84.json
麅,C,páo,biến thể của 狍[pao2],"bộ thủ, từ liên quan, câu liên quan, Hán Việt",chars/9E85.json
麇,B,jūn,nai không sừng,"từ liên quan, câu liên quan, Hán Việt",chars/9E87.json
麈,B,zhǔ,đầu đàn; hươu đực,"từ liên quan, câu liên quan, Hán Việt",chars/9E88.json
麋,B,Mí,họ [Mi2],"câu liên quan, Hán Việt",chars/9E8B.json
麌,C,wú,hươu đực; bầy đàn,"bộ thủ, từ liên quan, câu liên quan, Hán Việt",chars/9E8C.json
麑,C,ní,nai con,"bộ thủ, từ liên quan, câu liên quan",chars/9E91.json
麒,B,qí,dùng trong 麒麟[qi2 lin2],câu liên quan,chars/9E92.json
麓,C,lù,chân đồi,"bộ thủ, câu liên quan, Hán Việt",chars/9E93.json
麕,C,jūn,biến thể của 麇[jun1],"bộ thủ, từ liên quan, câu liên quan, Hán Việt",chars/9E95.json
麖,C,jīng,nai đỏ,"bộ thủ, từ liên quan, câu liên quan, Hán Việt",chars/9E96.json
麚,C,jiā,hươu đực; tuần lộc đực,"bộ thủ, từ liên quan, câu liên quan, Hán Việt",chars/9E9A.json
麛,C,mí,nai con; con non của động vật,"bộ thủ, từ liên quan, câu liên quan, Hán Việt",chars/9E9B.json
麝,B,shè,hươu xạ (Moschus moschiferus); còn gọi là 香獐子,câu liên quan,chars/9E9D.json
麟,B,lín,biến thể của 麟[lin2],câu liên quan,chars/9E9F.json
麠,C,jīng,nai đỏ; hươu sambar,"bộ thủ, từ liên quan, câu liên quan, Hán Việt",chars/9EA0.json
麣,C,yán,dê (cổ đại),"bộ thủ, từ liên quan, câu liên quan, Hán Việt",chars/9EA3.json
麦,C,Mài,họ [Mai4],bộ thủ,chars/9EA6.json
麫,C,miàn,biến thể của 麵|面[mian4],"bộ thủ, từ liên quan, câu liên quan, Hán Việt",chars/9EAB.json
麭,C,pào,bánh ngọt; bánh nướng,"bộ thủ, từ liên quan, câu liên quan, Hán Việt",chars/9EAD.json
麮,C,qù,cháo,"bộ thủ, từ liên quan, câu liên quan, Hán Việt",chars/9EAE.json
麯,B,Qū,họ [Qu1],"từ liên quan, câu liên quan, Hán Việt",chars/9EAF.json
麰,C,móu,lúa mạch,"bộ thủ, từ liên quan, câu liên quan, Hán Việt",chars/9EB0.json
麴,B,Qū,họ [Qu1],"từ liên quan, câu liên quan, Hán Việt",chars/9EB4.json
麸,C,fū,biến thể của 麩|麸[fu1],"bộ thủ, câu liên quan, Hán Việt",chars/9EB8.json
麺,C,miàn,biến thể cũ của 麵|面[mian4],"bộ thủ, từ liên quan, câu liên quan",chars/9EBA.json
麽,C,mó,nhỏ bé; không đáng kể,"bộ thủ, câu liên quan",chars/9EBD.json
麾,C,huī,cờ hiệu; ra hiệu,"bộ thủ, câu liên quan, Hán Việt",chars/9EBE.json
麿,C,mǒ,"(chữ quốc tự Nhật Bản) ta, tôi (cổ); hậu tố gắn vào tên người hoặc thú cưng","bộ thủ, câu liên quan, Hán Việt",chars/9EBF.json
黀,C,zōu,thân cây gai,"bộ thủ, từ liên quan, câu liên quan, Hán Việt",chars/9EC0.json
黁,C,nún,ấm và thơm,"bộ thủ, từ liên quan, câu liên quan, Hán Việt",chars/9EC1.json
黄,C,huáng,vàng,bộ thủ,chars/9EC4.json
黇,C,tiān,dùng trong 黇鹿[tian1 lu4],"bộ thủ, từ liên quan, câu liên quan, Hán Việt",chars/9EC7.json
黈,C,tǒu,màu vàng,"bộ thủ, từ liên quan, câu liên quan, Hán Việt",chars/9EC8.json
黉,C,hóng,trường học,"bộ thủ, từ liên quan, câu liên quan, Hán Việt",chars/9EC9.json
黍,B,shǔ,"Lúa, lúa mùa","câu liên quan, Hán Việt",chars/9ECD.json
黎,C,Lí,nhóm dân tộc Li ở tỉnh Hải Nam; họ [Li2],bộ thủ,chars/9ECE.json
黏,B,nián,dính,"câu liên quan, Hán Việt",chars/9ECF.json
黐,C,chī,nhựa bẫy chim,"bộ thủ, từ liên quan, câu liên quan, Hán Việt",chars/9ED0.json
黒,C,hēi,biến thể tiếng Nhật của 黑,"bộ thủ, từ liên quan, câu liên quan, Hán Việt",chars/9ED2.json
黓,C,yì,màu đen,"bộ thủ, từ liên quan, câu liên quan, Hán Việt",chars/9ED3.json
黔,B,Qián,viết tắt của tỉnh Quý Châu 貴州|贵州[Gui4 zhou1],"câu liên quan, Hán Việt",chars/9ED4.json
黕,C,zhěn,đỏ,"bộ thủ, từ liên quan, câu liên quan, Hán Việt",chars/9ED5.json
黗,C,tūn,đen vàng,"bộ thủ, từ liên quan, câu liên quan, Hán Việt",chars/9ED7.json
默,C,mò,im lặng; viết từ trí nhớ,bộ thủ,chars/9ED8.json
黙,C,mò,biến thể tiếng Nhật của 默,"bộ thủ, từ liên quan, câu liên quan, Hán Việt",chars/9ED9.json
黛,B,dài,thuốc nhuộm đen nâu để vẽ lông mày,"câu liên quan, Hán Việt",chars/9EDB.json
黜,B,chù,cách chức; đuổi,"câu liên quan, Hán Việt",chars/9EDC.json
黝,B,yǒu,đen; xanh đậm,"câu liên quan, Hán Việt",chars/9EDD.json
黟,B,yī,đen và bóng như gỗ mun,"câu liên quan, Hán Việt",chars/9EDF.json
黠,B,xiá,(phiên âm); xảo quyệt,"câu liên quan, Hán Việt",chars/9EE0.json
黡,C,yǎn,đốm đen trên cơ thể,"bộ thủ, từ liên quan, câu liên quan, Hán Việt",chars/9EE1.json
黢,B,qū,đen; tối,"câu liên quan, Hán Việt",chars/9EE2.json
黥,B,Qíng,họ [Qing2],"từ liên quan, câu liên quan, Hán Việt",chars/9EE5.json
黦,C,yù,đen hơi vàng,"bộ thủ, từ liên quan, câu liên quan, Hán Việt",chars/9EE6.json
黧,B,lí,màu tối; vàng vọt,"câu liên quan, Hán Việt",chars/9EE7.json
黩,C,dú,bôi đen; liên tục,"bộ thủ, câu liên quan, Hán Việt",chars/9EE9.json
黪,B,cǎn,tối; mờ mịt,"từ liên quan, câu liên quan, Hán Việt",chars/9EEA.json
黮,C,tán,"đen, tối; không rõ","bộ thủ, từ liên quan, câu liên quan, Hán Việt",chars/9EEE.json
黯,A,àn,(dạng kết hợp) tối; xỉn (màu),Hán Việt,chars/9EEF.json
黰,C,zhěn,tóc đen rậm,"bộ thủ, từ liên quan, câu liên quan, Hán Việt",chars/9EF0.json
黱,C,dài,biến thể cũ của 黛[dai4],"bộ thủ, từ liên quan, câu liên quan, Hán Việt",chars/9EF1.json
黹,B,zhǐ,May áo (cái áo dùng kim chỉ may nên),"từ liên quan, câu liên quan, Hán Việt",chars/9EF9.json
黻,B,fú,(cổ) thêu bằng chỉ đen và xanh,"từ liên quan, câu liên quan, Hán Việt",chars/9EFB.json
黼,B,fǔ,"(cổ) họa tiết rìu với cán đen và lưỡi trắng, biểu tượng quyền lực thêu trên lễ phục","từ liên quan, câu liên quan, Hán Việt",chars/9EFC.json
黾,C,mǐn,con cóc,"bộ thủ, từ liên quan, câu liên quan, Hán Việt",chars/9EFE.json
鼂,B,Cháo,họ [Chao2],"từ liên quan, câu liên quan, Hán Việt",chars/9F02.json
鼄,C,zhū,biến thể cũ của 蛛[zhu1],"bộ thủ, từ liên quan, câu liên quan, Hán Việt",chars/9F04.json
鼅,C,zhī,biến thể cũ của 蜘[zhi1],"bộ thủ, từ liên quan, câu liên quan, Hán Việt",chars/9F05.json
鼋,C,yuán,rùa biển,"bộ thủ, câu liên quan, Hán Việt",chars/9F0B.json
鼍,C,tuó,cá sấu Trung Quốc (Alligator sinensis),"bộ thủ, từ liên quan, câu liên quan, Hán Việt",chars/9F0D.json
鼏,C,mì,nắp vạc,"bộ thủ, từ liên quan, câu liên quan, Hán Việt",chars/9F0F.json
鼐,B,nài,lư hương,"từ liên quan, câu liên quan, Hán Việt",chars/9F10.json
鼒,C,zī,đỉnh có mở nhỏ ở trên,"bộ thủ, từ liên quan, câu liên quan, Hán Việt",chars/9F12.json
鼓,A,gǔ,trống,Hán Việt,chars/9F13.json
鼖,C,fén,trống đồng lớn,"bộ thủ, từ liên quan, câu liên quan, Hán Việt",chars/9F16.json
鼗,B,táo,trống cầm tay dùng bởi người bán rong,"từ liên quan, câu liên quan, Hán Việt",chars/9F17.json
鼙,C,pí,trống mang trên lưng ngựa,"bộ thủ, từ liên quan, câu liên quan, Hán Việt",chars/9F19.json
鼚,C,chāng,tiếng trống,"bộ thủ, từ liên quan, câu liên quan, Hán Việt",chars/9F1A.json
鼛,C,gāo,trống lớn,"bộ thủ, từ liên quan, câu liên quan, Hán Việt",chars/9F1B.json
鼠,A,shǔ,chuột,Hán Việt,chars/9F20.json
鼡,C,shǔ,biến thể của 鼠[shu3],"bộ thủ, từ liên quan, câu liên quan, Hán Việt",chars/9F21.json
鼢,B,fén,(chuột chũi),"từ liên quan, câu liên quan, Hán Việt",chars/9F22.json
鼩,B,qú,dùng trong 鼩鼱[qu2 jing1],"từ liên quan, câu liên quan, Hán Việt",chars/9F29.json
鼪,C,shēng,chồn đồi; chồn,"bộ thủ, từ liên quan, câu liên quan, Hán Việt",chars/9F2A.json
鼫,C,shí,con macmot đuôi dài,"bộ thủ, từ liên quan, câu liên quan, Hán Việt",chars/9F2B.json
鼬,B,yòu,(động vật học) chồn,"câu liên quan, Hán Việt",chars/9F2C.json
鼭,C,shí,một loại chuột,"bộ thủ, từ liên quan, câu liên quan, Hán Việt",chars/9F2D.json
鼯,B,wú,sóc bay,"câu liên quan, Hán Việt",chars/9F2F.json
鼱,B,jīng,dùng trong 鼩鼱[qu2 jing1],"từ liên quan, câu liên quan, Hán Việt",chars/9F31.json
鼷,B,xī,chuột,"từ liên quan, câu liên quan, Hán Việt",chars/9F37.json
鼹,B,yǎn,chuột chũi,"câu liên quan, Hán Việt",chars/9F39.json
鼻,A,bí,mũi,Hán Việt,chars/9F3B.json
鼽,B,qiú,ngạt mũi,"từ liên quan, câu liên quan, Hán Việt",chars/9F3D.json
鼾,B,hān,ngáy,"câu liên quan, Hán Việt",chars/9F3E.json
齁,C,hōu,ngáy; khát do ăn quá mặn hoặc ngọt,"bộ thủ, từ liên quan, câu liên quan, Hán Việt",chars/9F41.json
齄,C,zhā,,"nghĩa, từ liên quan, câu liên quan, Hán Việt",chars/9F44.json
齆,C,wèng,nghẹt (mũi); giọng mũi,"bộ thủ, từ liên quan, câu liên quan, Hán Việt",chars/9F46.json
齇,C,zhā,bệnh rosacea,"bộ thủ, từ liên quan, câu liên quan, Hán Việt",chars/9F47.json
齈,C,nóng,cảm lạnh sổ mũi,"bộ thủ, từ liên quan, câu liên quan, Hán Việt",chars/9F48.json
齉,C,nàng,nghẹt (mũi); giọng mũi,"bộ thủ, từ liên quan, câu liên quan, Hán Việt",chars/9F49.json
齌,B,jì,dùng trong 齌怒[ji4 nu4],"từ liên quan, câu liên quan, Hán Việt",chars/9F4C.json
齐,C,qí,gọn gàng,bộ thủ,chars/9F50.json
齑,B,jī,thịt hoặc rau băm nhuyễn; dạng bột hoặc mảnh vụn,"câu liên quan, Hán Việt",chars/9F51.json
齚,C,zé,biến thể của 齰[ze2],"bộ thủ, từ liên quan, câu liên quan, Hán Việt",chars/9F5A.json
齞,C,niàn,nhe răng,"bộ thủ, từ liên quan, câu liên quan, Hán Việt",chars/9F5E.json
齢,C,líng,biến thể tiếng Nhật của 齡|龄,"bộ thủ, từ liên quan, câu liên quan, Hán Việt",chars/9F62.json
齧,B,Niè,họ [Nie4],"từ liên quan, câu liên quan, Hán Việt",chars/9F67.json
齰,C,zé,cắn,"bộ thủ, từ liên quan, câu liên quan, Hán Việt",chars/9F70.json
齱,B,zōu,răng không đều; răng hô,"từ liên quan, câu liên quan, Hán Việt",chars/9F71.json
齵,B,yú,không đều (răng),"từ liên quan, câu liên quan, Hán Việt",chars/9F75.json
齾,C,yà,mẻ; sứt,"bộ thủ, từ liên quan, câu liên quan, Hán Việt",chars/9F7E.json
龀,C,chèn,thay răng sữa,"bộ thủ, từ liên quan, câu liên quan, Hán Việt",chars/9F80.json
龁,C,hé,(văn học) gặm; cắn,"bộ thủ, từ liên quan, câu liên quan, Hán Việt",chars/9F81.json
龂,C,yín,biến thể cũ của 齦|龈[yin2],"bộ thủ, từ liên quan, câu liên quan, Hán Việt",chars/9F82.json
龃,C,jǔ,dùng trong 齟齬|龃龉[ju3 yu3],"bộ thủ, câu liên quan, Hán Việt",chars/9F83.json
龄,C,líng,"tuổi; thâm niên, thời gian tham gia, thành viên, v.v.","bộ thủ, Hán Việt",chars/9F84.json
龅,C,bāo,răng hô,"bộ thủ, câu liên quan, Hán Việt",chars/9F85.json
龆,C,tiáo,rụng răng sữa; trẻ tuổi,"bộ thủ, từ liên quan, câu liên quan, Hán Việt",chars/9F86.json
龇,C,zī,răng hô; nhăn răng,"bộ thủ, câu liên quan, Hán Việt",chars/9F87.json
龈,C,kěn,biến thể của 啃[ken3],"bộ thủ, câu liên quan, Hán Việt",chars/9F88.json
龉,C,yǔ,dùng trong 齟齬|龃龉[ju3 yu3],"bộ thủ, câu liên quan, Hán Việt",chars/9F89.json
龊,B,chuò,dùng trong 齷齪|龌龊[wo4 chuo4],"câu liên quan, Hán Việt",chars/9F8A.json
龋,C,qǔ,răng sâu; sâu răng,"bộ thủ, câu liên quan, Hán Việt",chars/9F8B.json
龌,C,wò,bẩn; đầu óc hẹp hòi,"bộ thủ, câu liên quan, Hán Việt",chars/9F8C.json
龒,C,lóng,biến thể cũ của 龍|龙[long2],"bộ thủ, từ liên quan, câu liên quan, Hán Việt",chars/9F92.json
龖,C,dá,cảnh tượng rồng đang bay,"bộ thủ, từ liên quan, câu liên quan, Hán Việt",chars/9F96.json
龘,C,dá,biến thể cũ của 龖[da2],"bộ thủ, từ liên quan, câu liên quan, Hán Việt",chars/9F98.json
龙,C,lóng,rồng,bộ thủ,chars/9F99.json
龚,C,Gōng,họ [Gong1],"bộ thủ, câu liên quan, Hán Việt",chars/9F9A.json
龛,C,kān,(hình thức kết hợp) hốc; điện thờ,"bộ thủ, câu liên quan, Hán Việt",chars/9F9B.json
龝,C,qiū,biến thể cũ của 秋[qiu1],"bộ thủ, từ liên quan, câu liên quan, Hán Việt",chars/9F9D.json
龟,C,guī,rùa,"bộ thủ, Hán Việt",chars/9F9F.json
龠,B,yuè,"Cái dược, một thứ như cái sáo có ba lỗ","từ liên quan, câu liên quan, Hán Việt",chars/9FA0.json
龡,C,chuì,thổi (sáo); cách viết cổ của 吹,"bộ thủ, từ liên quan, câu liên quan, Hán Việt",chars/9FA1.json
龤,C,xié,hòa hợp; phù hợp,"bộ thủ, từ liên quan, câu liên quan, Hán Việt",chars/9FA4.json
龥,B,yù,biến thể của 籲|吁[yu4],"từ liên quan, câu liên quan, Hán Việt",chars/9FA5.json
龰,C,zhǐ,,"nghĩa, bộ thủ, từ liên quan, câu liên quan, Hán Việt",chars/9FB0.json
龶,C,xx,"thành phần trong chữ Hán, xuất hiện trong 青, 毒, 素 v.v., được gọi là 青字頭|青字头[qing1 zi4 tou2]","bộ thủ, từ liên quan, câu liên quan, Hán Việt",chars/9FB6.json
龹,C,quǎn,,"nghĩa, bộ thủ, từ liên quan, câu liên quan, Hán Việt",chars/9FB9.json
龺,C,gān,,"nghĩa, bộ thủ, từ liên quan, câu liên quan, Hán Việt",chars/9FBA.json
鿏,C,mài,meitnerium (hóa học),"bộ thủ, từ liên quan, câu liên quan, Hán Việt",chars/9FCF.json
鿔,C,gē,copernicium (hóa học),"bộ thủ, từ liên quan, câu liên quan",chars/9FD4.json
𠂇,C,zuǒ,,"nghĩa, bộ thủ, từ liên quan, câu liên quan, Hán Việt",chars/20087.json
𠂤,C,duī,,"nghĩa, bộ thủ, từ liên quan, câu liên quan, Hán Việt",chars/200A4.json
𠇹,C,jìng,(văn học) đi qua; thẳng,"bộ thủ, từ liên quan, câu liên quan, Hán Việt",chars/201F9.json
𠮶,C,gè,kia (tiếng Quảng Đông); tương đương trong Quan thoại: 那[na4],"bộ thủ, từ liên quan, câu liên quan, Hán Việt",chars/20BB6.json
𠯠,C,huī,nói sai hoặc không đúng; xấu xí,"bộ thủ, từ liên quan, câu liên quan",chars/20BE0.json
𡈼,C,tǐng,,"nghĩa, bộ thủ, từ liên quan, câu liên quan, Hán Việt",chars/2123C.json
𡒄,C,lǎn,thất vọng,"bộ thủ, từ liên quan, câu liên quan",chars/21484.json
𡥧,C,lái,cuối cùng,"bộ thủ, từ liên quan, câu liên quan, Hán Việt",chars/21967.json
𡶴,C,chǎn,đường núi quanh co,"bộ thủ, từ liên quan, câu liên quan, Hán Việt",chars/21DB4.json
𢆶,C,yōu,,"nghĩa, bộ thủ, từ liên quan, câu liên quan, Hán Việt",chars/221B6.json
𢇇,C,guān,,"nghĩa, bộ thủ, từ liên quan, câu liên quan, Hán Việt",chars/221C7.json
𢎘,C,hàn,,"nghĩa, bộ thủ, từ liên quan, câu liên quan, Hán Việt",chars/22398.json
𢙐,B,náo,dùng trong 懊憹|懊𢙐[ao4 nao2],"từ liên quan, câu liên quan, Hán Việt",chars/22650.json
𢦔,C,zāi,,"nghĩa, bộ thủ, từ liên quan, câu liên quan, Hán Việt",chars/22994.json
𢬍,C,yè,ấn xuống,"bộ thủ, từ liên quan, câu liên quan, Hán Việt",chars/22B0D.json
𣍰,C,qiǎn,khung chậu; phần bụng dưới,"bộ thủ, từ liên quan, câu liên quan, Hán Việt",chars/23370.json
𣎆,C,luò,,"nghĩa, bộ thủ, từ liên quan, câu liên quan, Hán Việt",chars/23386.json
𣏟,C,má,,"nghĩa, bộ thủ, từ liên quan, câu liên quan, Hán Việt",chars/233DF.json
𣦼,C,cán,,"nghĩa, bộ thủ, từ liên quan, câu liên quan, Hán Việt",chars/239BC.json
𣨼,C,tì,mệt mỏi,"bộ thủ, từ liên quan, câu liên quan, Hán Việt",chars/23A3C.json
𣲗,C,wéi,nước chảy ngược,"bộ thủ, từ liên quan, câu liên quan, Hán Việt",chars/23C97.json
𣲘,C,wǔ,sông ở Hà Nam,"bộ thủ, từ liên quan, câu liên quan, Hán Việt",chars/23C98.json
𣶒,C,yuān,,"nghĩa, bộ thủ, từ liên quan, câu liên quan, Hán Việt",chars/23D92.json
𣸣,C,fén,mép nước,"bộ thủ, từ liên quan, câu liên quan, Hán Việt",chars/23E23.json
𤈶,C,yún,(màu vàng),"bộ thủ, từ liên quan, câu liên quan, Hán Việt",chars/24236.json
𤞤,C,xiǎn,biến thể của 獫|猃[xian3],"bộ thủ, từ liên quan, câu liên quan, Hán Việt",chars/247A4.json
𤣩,C,yù,,"nghĩa, bộ thủ, từ liên quan, câu liên quan, Hán Việt",chars/248E9.json
𤶊,C,guài,(văn học) bệnh nặng; (Quảng Đông) biến thể của 攰[gui4],"bộ thủ, từ liên quan, câu liên quan",chars/24D8A.json
𥁕,C,wēn,,"nghĩa, bộ thủ, từ liên quan, câu liên quan, Hán Việt",chars/25055.json
𥆧,C,rún,giật (cơ hoặc mí mắt),"bộ thủ, từ liên quan, câu liên quan, Hán Việt",chars/251A7.json
𥫣,C,yú,giỏ tròn dùng để cho gia súc ăn,"bộ thủ, từ liên quan, câu liên quan, Hán Việt",chars/25AE3.json
𥬠,C,chōu,giỏ để lọc; lọc,"bộ thủ, từ liên quan, câu liên quan",chars/25B20.json
𦈌,C,shū,một loại vải gai thô,"bộ thủ, từ liên quan, câu liên quan, Hán Việt",chars/2620C.json
𦈏,C,mín,biến thể cũ của 緡|缗[min2],"bộ thủ, từ liên quan, câu liên quan, Hán Việt",chars/2620F.json
𦈕,C,yú,lưới,"bộ thủ, từ liên quan, câu liên quan, Hán Việt",chars/26215.json
𦈡,C,xū,"lụa nhiều màu; mảnh lụa xé đôi, dùng để xác minh danh tính bằng cách ghép hai nửa lại","bộ thủ, từ liên quan, câu liên quan, Hán Việt",chars/26221.json
𧏖,C,bīn,hàu ngọc trai,"bộ thủ, từ liên quan, câu liên quan, Hán Việt",chars/273D6.json
𧮪,C,zhān,lắm lời; thì thầm,"bộ thủ, từ liên quan, câu liên quan, Hán Việt",chars/27BAA.json
𧴪,C,suǒ,,"nghĩa, bộ thủ, từ liên quan, câu liên quan, Hán Việt",chars/27D2A.json
𨀁,C,lóng,đi,"bộ thủ, từ liên quan, câu liên quan",chars/28001.json
𨅬,C,lán,đi qua; bước qua,"bộ thủ, từ liên quan, câu liên quan, Hán Việt",chars/2816C.json
𨰿,C,xì,(cổ) sừng kim loại gắn làm khiên cho ngựa hoặc trục xe ngựa,"bộ thủ, từ liên quan, câu liên quan, Hán Việt",chars/28C3F.json
𨱇,C,qiú,cuốc một đầu; đục đá,"bộ thủ, từ liên quan, câu liên quan, Hán Việt",chars/28C47.json
𨱍,C,láng,búa lớn,"bộ thủ, từ liên quan, câu liên quan, Hán Việt",chars/28C4D.json
𨱏,C,tǎ,technetium (hóa học) (Đài Loan),"bộ thủ, từ liên quan, câu liên quan, Hán Việt",chars/28C4F.json
𨱑,C,héng,chuông,"bộ thủ, từ liên quan, câu liên quan",chars/28C51.json
𨱔,C,zūn,chuôi giáo,"bộ thủ, từ liên quan, câu liên quan, Hán Việt",chars/28C54.json
𩙫,C,sāo,gió thổi,"bộ thủ, từ liên quan, câu liên quan, Hán Việt",chars/2966B.json
𩠌,C,sòng,"món ăn, thường ăn với cơm (tiếng Quảng Đông)","bộ thủ, từ liên quan, câu liên quan, Hán Việt",chars/2980C.json
𩽾,C,ān,dùng trong 鮟鱇|𩽾𩾌[an1 kang1]; tiếng Đài Loan đọc là [an4],"bộ thủ, từ liên quan, câu liên quan, Hán Việt",chars/29F7E.json
𩾁,C,qiú,Lepidotrigla strauchi,"bộ thủ, từ liên quan, câu liên quan, Hán Việt",chars/29F81.json
𩾃,C,miǎn,Sciaena albiflora; cá đù,"bộ thủ, từ liên quan, câu liên quan, Hán Việt",chars/29F83.json
𩾌,C,kāng,dùng trong 鮟鱇|𩽾𩾌[an1 kang1],"bộ thủ, từ liên quan, câu liên quan, Hán Việt",chars/29F8C.json
𪟝,C,jì,công trạng; thành tựu (biến thể của 績|绩[ji4]),"bộ thủ, từ liên quan, câu liên quan, Hán Việt",chars/2A7DD.json
𪣻,C,lǒu,gò nhỏ,"bộ thủ, từ liên quan, câu liên quan, Hán Việt",chars/2A8FB.json
𪧘,C,jù,nghèo; mộc mạc,"bộ thủ, từ liên quan, câu liên quan",chars/2A9D8.json
𪨊,C,sóng,(khẩu ngữ) tinh dịch; (khẩu ngữ) yếu và bất tài,"bộ thủ, từ liên quan, câu liên quan, Hán Việt",chars/2AA0A.json
𪨶,C,Shē,biến thể cũ của 畬|畲[She1],"bộ thủ, từ liên quan, câu liên quan, Hán Việt",chars/2AA36.json
𪩘,C,yǎn,đỉnh núi,"bộ thủ, từ liên quan, câu liên quan, Hán Việt",chars/2AA58.json
𪾢,C,xiàn,trợn mắt,"bộ thủ, từ liên quan, câu liên quan, Hán Việt",chars/2AFA2.json
𫄧,C,yán,tua rua mũ,"bộ thủ, từ liên quan, câu liên quan, Hán Việt",chars/2B127.json
𫄨,C,chī,sợi mịn của gai; lanh,"bộ thủ, từ liên quan, câu liên quan",chars/2B128.json
𫄸,C,xūn,đỏ thẫm,"bộ thủ, từ liên quan, câu liên quan, Hán Việt",chars/2B138.json
𫍯,C,xián,hòa hợp; chân thành,"bộ thủ, từ liên quan, câu liên quan, Hán Việt",chars/2B36F.json
𫍲,C,sǒu,gây ra,"bộ thủ, từ liên quan, câu liên quan, Hán Việt",chars/2B372.json
𫍽,C,xuān,thường dùng trong tên; giỏi giang,"bộ thủ, từ liên quan, câu liên quan, Hán Việt",chars/2B37D.json
𫐄,C,yuè,thanh ngang để thắng ngựa,"bộ thủ, từ liên quan, câu liên quan",chars/2B404.json
𫐐,C,ní,kẹp cho thanh ngang của xe ngựa,"bộ thủ, từ liên quan, câu liên quan, Hán Việt",chars/2B410.json
𫐓,C,róu,đai bánh xe,"bộ thủ, từ liên quan, câu liên quan, Hán Việt",chars/2B413.json
𫓧,C,fū,(văn học) dao chặt cỏ; (hóa học) flerovi,"bộ thủ, từ liên quan, câu liên quan, Hán Việt",chars/2B4E7.json
𫓹,C,jī,cái cuốc,"bộ thủ, từ liên quan, câu liên quan, Hán Việt",chars/2B4F9.json
𫔍,C,fán,vanadi,"bộ thủ, từ liên quan, câu liên quan, Hán Việt",chars/2B50D.json
𫔶,C,niè,thanh dọc của lối cửa,"bộ thủ, từ liên quan, câu liên quan, Hán Việt",chars/2B536.json
𫖮,B,yǐ,dễ chịu; cung cách tôn trọng,"từ liên quan, câu liên quan, Hán Việt",chars/2B5AE.json
𫖯,C,fǔ,biến thể của 俯[fu3],"bộ thủ, từ liên quan, câu liên quan, Hán Việt",chars/2B5AF.json
𫗧,C,sù,nồi cơm đã nấu,"bộ thủ, từ liên quan, câu liên quan, Hán Việt",chars/2B5E7.json
𫗴,C,zhān,cháo đặc,"bộ thủ, từ liên quan, câu liên quan, Hán Việt",chars/2B5F4.json
𫘝,C,kuài,nhanh (ngựa),"bộ thủ, từ liên quan, câu liên quan, Hán Việt",chars/2B61D.json
𫘧,C,lù,(ngựa),"bộ thủ, từ liên quan, câu liên quan, Hán Việt",chars/2B627.json
𫘨,C,tí,ngựa đầy khí thế,"bộ thủ, từ liên quan, câu liên quan, Hán Việt",chars/2B628.json
𫘪,C,yuán,ngựa màu hạt dẻ với bụng trắng,"bộ thủ, từ liên quan, câu liên quan, Hán Việt",chars/2B62A.json
𫚉,C,hóng,cá đuối; Phát âm ở Đài Loan: [hong1],"bộ thủ, từ liên quan, câu liên quan, Hán Việt",chars/2B689.json
𫚕,C,shī,cá cam (Seriola qinqueradiata),"bộ thủ, từ liên quan, câu liên quan, Hán Việt",chars/2B695.json
𫚖,C,jì,(cá),"bộ thủ, từ liên quan, câu liên quan, Hán Việt",chars/2B696.json
𫚭,C,liè,cá tuế,"bộ thủ, từ liên quan, câu liên quan, Hán Việt",chars/2B6AD.json
𫛭,C,kuáng,chim ó (chi Buteo),"bộ thủ, từ liên quan, câu liên quan, Hán Việt",chars/2B6ED.json
𫞩,C,mén,(đá quý); phấn hồng,"bộ thủ, từ liên quan, câu liên quan, Hán Việt",chars/2B7A9.json
𫟷,C,lì,livermorium (hóa học); (cũ) lire Ý (từ mượn),"bộ thủ, từ liên quan, câu liên quan, Hán Việt",chars/2B7F7.json
𫟼,C,dá,darmstadtium (hóa học),"bộ thủ, từ liên quan, câu liên quan, Hán Việt",chars/2B7FC.json
𫠆,C,kuǐ,ngẩng đầu,"bộ thủ, từ liên quan, câu liên quan, Hán Việt",chars/2B806.json
𫠜,C,ní,răng mọc khi già,"bộ thủ, từ liên quan, câu liên quan, Hán Việt",chars/2B81C.json
𫢸,C,dàn,to lớn; nghiêm trọng,"bộ thủ, từ liên quan, câu liên quan",chars/2B8B8.json
𫫇,C,ě,"biến thể của 惡|恶[e4], dùng trong tên hợp chất hóa học","bộ thủ, từ liên quan, câu liên quan",chars/2BAC7.json
𫮃,C,shàn,nơi bằng phẳng để tế lễ,"bộ thủ, từ liên quan, câu liên quan, Hán Việt",chars/2BB83.json
𫷷,C,xīn,(văn học) sắp xếp theo trật tự; cũng đọc là [qin1],"bộ thủ, từ liên quan, câu liên quan, Hán Việt",chars/2BDF7.json
𫸩,C,kōu,đầu mút của cung; kéo căng,"bộ thủ, từ liên quan, câu liên quan, Hán Việt",chars/2BE29.json
𬀩,C,wěi,ánh sáng rực rỡ của mặt trời,"bộ thủ, từ liên quan, câu liên quan, Hán Việt",chars/2C029.json
𬀪,C,xiàn,xuất hiện (mặt trời),"bộ thủ, từ liên quan, câu liên quan, Hán Việt",chars/2C02A.json
𬂩,C,jiā,(cũ) đũa; tiếng Đài Loan phát âm [jia2],"bộ thủ, từ liên quan, câu liên quan, Hán Việt",chars/2C0A9.json
𬇕,C,màn,biến thể của 漫[man4]; nước tràn,"bộ thủ, từ liên quan, câu liên quan, Hán Việt",chars/2C1D5.json
𬉼,B,ōu,hạn hán nghiêm trọng; thời tiết nóng bức bất thường,"từ liên quan, câu liên quan, Hán Việt",chars/2C27C.json
𬊈,C,xún,hâm nóng (thức ăn),"bộ thủ, từ liên quan, câu liên quan, Hán Việt",chars/2C288.json
𬊤,C,chǎn,nhóm lửa,"bộ thủ, từ liên quan, câu liên quan, Hán Việt",chars/2C2A4.json
𬍛,C,lì,rực rỡ (ngọc trai),"bộ thủ, từ liên quan, câu liên quan, Hán Việt",chars/2C35B.json
𬒈,C,hú,(cổ) đá quý,"bộ thủ, từ liên quan, câu liên quan, Hán Việt",chars/2C488.json
𬕂,C,gōng,nón tre,"bộ thủ, từ liên quan, câu liên quan, Hán Việt",chars/2C542.json
𬘓,C,xún,buộc; dây lụa,"bộ thủ, từ liên quan, câu liên quan, Hán Việt",chars/2C613.json
𬘘,C,dǎn,tua lụa của mũ miện,"bộ thủ, từ liên quan, câu liên quan, Hán Việt",chars/2C618.json
𬘡,C,yīn,lực sinh thành; phát xạ ma thuật,"bộ thủ, từ liên quan, câu liên quan, Hán Việt",chars/2C621.json
𬘬,C,qiàn,màu đỏ sẫm (của sản phẩm lụa),"bộ thủ, từ liên quan, câu liên quan, Hán Việt",chars/2C62C.json
𬘭,C,chēn,(văn học) dừng; tốt bụng,"bộ thủ, từ liên quan, câu liên quan, Hán Việt",chars/2C62D.json
𬙂,C,yǐn,dài,"bộ thủ, từ liên quan, câu liên quan, Hán Việt",chars/2C642.json
𬙊,C,mò,buộc; dây thừng,"bộ thủ, từ liên quan, câu liên quan, Hán Việt",chars/2C64A.json
𬙋,C,xiāng,dây để giữ ống tay áo,"bộ thủ, từ liên quan, câu liên quan, Hán Việt",chars/2C64B.json
𬞟,B,pín,cây dương xỉ cỏ (Marsilea quadrifolia),"từ liên quan, câu liên quan",chars/2C79F.json
𬟁,C,yì,xem 虉草|𬟁草[yi4 cao3],"bộ thủ, từ liên quan, câu liên quan, Hán Việt",chars/2C7C1.json
𬟽,C,dōng,cầu vồng,"bộ thủ, từ liên quan, câu liên quan, Hán Việt",chars/2C7FD.json
𬣙,C,xū,khoe khoang; vĩ đại,"bộ thủ, từ liên quan, câu liên quan, Hán Việt",chars/2C8D9.json
𬣞,C,zhǔ,trí tuệ,"bộ thủ, từ liên quan, câu liên quan, Hán Việt",chars/2C8DE.json
𬤊,C,shì,xem xét; phán xét,"bộ thủ, từ liên quan, câu liên quan, Hán Việt",chars/2C90A.json
𬨂,C,qí,đầu trục xe,"bộ thủ, từ liên quan, câu liên quan, Hán Việt",chars/2CA02.json
𬨎,C,yóu,xe nhẹ; không đáng kể,"bộ thủ, từ liên quan, câu liên quan, Hán Việt",chars/2CA0E.json
𬩽,C,Xún,họ [Xun2]; tên địa danh,"bộ thủ, từ liên quan, câu liên quan, Hán Việt",chars/2CA7D.json
𬪩,C,nóng,đậm đặc; rượu mạnh,"bộ thủ, từ liên quan, câu liên quan, Hán Việt",chars/2CAA9.json
𬬭,C,lún,(kim loại); roentgeni (hóa học),"bộ thủ, từ liên quan, câu liên quan, Hán Việt",chars/2CB2D.json
𬬮,C,chǎng,sắc bén; lưỡi sắc,"bộ thủ, từ liên quan, câu liên quan, Hán Việt",chars/2CB2E.json
𬬸,C,shù,acmite,"bộ thủ, từ liên quan, câu liên quan, Hán Việt",chars/2CB38.json
𬬻,C,lú,rutherfordi (hóa học),"bộ thủ, từ liên quan, câu liên quan, Hán Việt",chars/2CB3B.json
𬬿,C,zhāo,cái liềm,"bộ thủ, từ liên quan, câu liên quan",chars/2CB3F.json
𬭁,C,mǔ,xem 鈷鉧|钴𬭁[gu3 mu3],"bộ thủ, từ liên quan, câu liên quan, Hán Việt",chars/2CB41.json
𬭊,C,dù,đubini (hóa học),"bộ thủ, từ liên quan, câu liên quan, Hán Việt",chars/2CB4A.json
𬭎,C,hóng,dụng cụ; thiết bị,"bộ thủ, từ liên quan, câu liên quan, Hán Việt",chars/2CB4E.json
𬭚,C,chún,trống đồng,"bộ thủ, từ liên quan, câu liên quan, Hán Việt",chars/2CB5A.json
𬭛,C,bō,bohri (bohrium) (hóa học),"bộ thủ, từ liên quan, câu liên quan, Hán Việt",chars/2CB5B.json
𬭤,C,hóu,đầu mũi tên kim loại,"bộ thủ, từ liên quan, câu liên quan, Hán Việt",chars/2CB64.json
𬭩,C,wēng,xẻng; mai,"bộ thủ, từ liên quan, câu liên quan, Hán Việt",chars/2CB69.json
𬭳,C,xǐ,seaborgium (hóa học),"bộ thủ, từ liên quan, câu liên quan, Hán Việt",chars/2CB73.json
𬭶,C,hēi,hassium (hóa học),"bộ thủ, từ liên quan, câu liên quan, Hán Việt",chars/2CB76.json
𬭸,C,lín,phosphonium,"bộ thủ, từ liên quan, câu liên quan, Hán Việt",chars/2CB78.json
𬭼,C,suì,(văn học) gương đồng dùng nhóm lửa bằng cách tập trung tia nắng mặt trời,"bộ thủ, từ liên quan, câu liên quan, Hán Việt",chars/2CB7C.json
𬮱,B,Yīn,họ [Yin1],"từ liên quan, câu liên quan, Hán Việt",chars/2CBB1.json
𬯀,C,jī,bay lên; rơi,"bộ thủ, từ liên quan, câu liên quan, Hán Việt",chars/2CBC0.json
𬯎,C,tuí,biến thể của 頹|颓[tui2],"bộ thủ, từ liên quan, câu liên quan, Hán Việt",chars/2CBCE.json
𬱖,C,dí,tốt; đẹp,"bộ thủ, từ liên quan, câu liên quan, Hán Việt",chars/2CC56.json
𬱟,C,wěi,dáng đầu thư thái,"bộ thủ, từ liên quan, câu liên quan, Hán Việt",chars/2CC5F.json
𬳵,C,pī,(ngựa),"bộ thủ, từ liên quan, câu liên quan, Hán Việt",chars/2CCF5.json
𬳶,C,jiǒng,trong tình trạng tốt (như ngựa),"bộ thủ, từ liên quan, câu liên quan, Hán Việt",chars/2CCF6.json
𬳽,C,shēn,đám đông lớn,"bộ thủ, từ liên quan, câu liên quan, Hán Việt",chars/2CCFD.json
𬴊,B,lín,"biến thể của 麟[lin2], kỳ lân cái","từ liên quan, câu liên quan, Hán Việt",chars/2CD0A.json
𬶍,C,tuó,cá da trơn; một loại cá nhỏ,"bộ thủ, từ liên quan, câu liên quan, Hán Việt",chars/2CD8D.json
𬶏,C,wéi,một loại cá trích có đầu giống cá tằm,"bộ thủ, từ liên quan, câu liên quan, Hán Việt",chars/2CD8F.json
𬶨,B,jì,xem 白鱀豚|白𬶨豚[bai2 ji4 tun2],"từ liên quan, câu liên quan, Hán Việt",chars/2CDA8.json
𬶭,C,jì,Konosirus punctatus,"bộ thủ, từ liên quan, câu liên quan, Hán Việt",chars/2CDAD.json
𬸚,C,yuè,dùng trong 鸑鷟|𬸚𬸦[yue4 zhuo2],"bộ thủ, từ liên quan, câu liên quan, Hán Việt",chars/2CE1A.json
𬸣,C,xuān,bay lên,"bộ thủ, từ liên quan, câu liên quan, Hán Việt",chars/2CE23.json
𬸦,C,zhuó,dùng trong 鸑鷟|𬸚𬸦[yue4 zhuo2],"bộ thủ, từ liên quan, câu liên quan",chars/2CE26.json
𬸪,C,fán,gà nước; gallinula,"bộ thủ, từ liên quan, câu liên quan, Hán Việt",chars/2CE2A.json
𬺈,B,Yǐ,họ [Yi3],"từ liên quan, câu liên quan, Hán Việt",chars/2CE88.json
