char,tier,status,inputForm,mainForm,radicalName,kangxiNo,resolutionType,source
㐄,C,not-resolved,,,,,not-resolved,data/chars/3404.json
㐅,C,not-resolved,,,,,not-resolved,data/chars/3405.json
㐆,C,not-resolved,,,,,not-resolved,data/chars/3406.json
㐌,B,resolved,亻,人,Bộ Nhân,9,record-radical,data/chars/340C.json
㐖,C,not-resolved,,,,,not-resolved,data/chars/3416.json
㐜,C,not-resolved,,,,,not-resolved,data/chars/341C.json
㐡,C,not-resolved,,,,,not-resolved,data/chars/3421.json
㐤,C,not-resolved,,,,,not-resolved,data/chars/3424.json
㐫,C,not-resolved,,,,,not-resolved,data/chars/342B.json
㐬,C,not-resolved,,,,,not-resolved,data/chars/342C.json
㐭,C,not-resolved,,,,,not-resolved,data/chars/342D.json
㐰,C,not-resolved,,,,,not-resolved,data/chars/3430.json
㐱,C,resolved,彡,彡,Bộ Sam,59,record-radical,data/chars/3431.json
㐷,C,not-resolved,,,,,not-resolved,data/chars/3437.json
㐺,C,not-resolved,,,,,not-resolved,data/chars/343A.json
㑇,C,not-resolved,,,,,not-resolved,data/chars/3447.json
㑩,B,resolved,亻,人,Bộ Nhân,9,record-radical,data/chars/3469.json
㒳,C,not-resolved,,,,,not-resolved,data/chars/34B3.json
㒸,B,resolved,八,八,Bộ Bát,12,record-radical,data/chars/34B8.json
㒼,C,not-resolved,◎,,,,not-resolved,data/chars/34BC.json
㓞,C,resolved,刀,刀,Bộ Đao,18,record-radical,data/chars/34DE.json
㔾,C,not-resolved,,,,,not-resolved,data/chars/353E.json
㕡,C,not-resolved,,,,,not-resolved,data/chars/3561.json
㕥,C,not-resolved,,,,,not-resolved,data/chars/3565.json
㕯,C,not-resolved,,,,,not-resolved,data/chars/356F.json
㕻,C,not-resolved,,,,,not-resolved,data/chars/357B.json
㖊,C,not-resolved,,,,,not-resolved,data/chars/358A.json
㖞,C,not-resolved,,,,,not-resolved,data/chars/359E.json
㗂,C,not-resolved,,,,,not-resolved,data/chars/35C2.json
㗎,C,not-resolved,,,,,not-resolved,data/chars/35CE.json
㚔,C,not-resolved,,,,,not-resolved,data/chars/3694.json
㚻,C,not-resolved,,,,,not-resolved,data/chars/36BB.json
㛀,C,not-resolved,,,,,not-resolved,data/chars/36C0.json
㛂,C,not-resolved,,,,,not-resolved,data/chars/36C2.json
㝄,C,not-resolved,,,,,not-resolved,data/chars/3744.json
㝇,C,not-resolved,,,,,not-resolved,data/chars/3747.json
㝉,B,resolved,宀,宀,Bộ Miên,40,record-radical,data/chars/3749.json
㝵,B,resolved,貝,貝,Bộ Bối,154,record-radical,data/chars/3775.json
㞎,C,not-resolved,,,,,not-resolved,data/chars/378E.json
㞗,C,not-resolved,,,,,not-resolved,data/chars/3797.json
㞙,C,not-resolved,,,,,not-resolved,data/chars/3799.json
㟥,C,not-resolved,,,,,not-resolved,data/chars/37E5.json
㡭,C,not-resolved,,,,,not-resolved,data/chars/386D.json
㡿,C,not-resolved,,,,,not-resolved,data/chars/387F.json
㢆,C,not-resolved,,,,,not-resolved,data/chars/3886.json
㢟,C,not-resolved,,,,,not-resolved,data/chars/389F.json
㢲,C,not-resolved,,,,,not-resolved,data/chars/38B2.json
㢴,C,not-resolved,,,,,not-resolved,data/chars/38B4.json
㣎,C,not-resolved,,,,,not-resolved,data/chars/38CE.json
㤅,C,not-resolved,,,,,not-resolved,data/chars/3905.json
㤽,C,not-resolved,,,,,not-resolved,data/chars/393D.json
㥁,C,not-resolved,,,,,not-resolved,data/chars/3941.json
㥏,C,not-resolved,,,,,not-resolved,data/chars/394F.json
㥯,B,resolved,心,心,Bộ Tâm,61,record-radical,data/chars/396F.json
㦂,C,not-resolved,,,,,not-resolved,data/chars/3982.json
㧑,C,not-resolved,,,,,not-resolved,data/chars/39D1.json
㧜,C,not-resolved,,,,,not-resolved,data/chars/39DC.json
㧯,C,not-resolved,,,,,not-resolved,data/chars/39EF.json
㧰,C,not-resolved,,,,,not-resolved,data/chars/39F0.json
㨃,C,not-resolved,,,,,not-resolved,data/chars/3A03.json
㨫,C,not-resolved,,,,,not-resolved,data/chars/3A2B.json
㩐,C,not-resolved,,,,,not-resolved,data/chars/3A50.json
㪃,C,not-resolved,,,,,not-resolved,data/chars/3A83.json
㪋,C,not-resolved,,,,,not-resolved,data/chars/3A8B.json
㫃,C,not-resolved,,,,,not-resolved,data/chars/3AC3.json
㫺,C,not-resolved,,,,,not-resolved,data/chars/3AFA.json
㬎,C,not-resolved,,,,,not-resolved,data/chars/3B0E.json
㮎,C,not-resolved,,,,,not-resolved,data/chars/3B8E.json
㮚,C,not-resolved,,,,,not-resolved,data/chars/3B9A.json
㮸,C,not-resolved,,,,,not-resolved,data/chars/3BB8.json
㯳,C,not-resolved,,,,,not-resolved,data/chars/3BF3.json
㱩,C,not-resolved,,,,,not-resolved,data/chars/3C69.json
㱮,C,not-resolved,,,,,not-resolved,data/chars/3C6E.json
㱾,C,not-resolved,,,,,not-resolved,data/chars/3C7E.json
㲈,C,not-resolved,,,,,not-resolved,data/chars/3C88.json
㲋,C,not-resolved,,,,,not-resolved,data/chars/3C8B.json
㲱,C,not-resolved,,,,,not-resolved,data/chars/3CB1.json
㲾,C,not-resolved,,,,,not-resolved,data/chars/3CBE.json
㳂,C,not-resolved,,,,,not-resolved,data/chars/3CC2.json
㳮,C,not-resolved,,,,,not-resolved,data/chars/3CEE.json
㴋,C,not-resolved,,,,,not-resolved,data/chars/3D0B.json
㵪,C,not-resolved,,,,,not-resolved,data/chars/3D6A.json
㵮,C,not-resolved,,,,,not-resolved,data/chars/3D6E.json
㶉,C,not-resolved,,,,,not-resolved,data/chars/3D89.json
㶶,C,not-resolved,,,,,not-resolved,data/chars/3DB6.json
㶸,C,not-resolved,,,,,not-resolved,data/chars/3DB8.json
㷖,C,not-resolved,,,,,not-resolved,data/chars/3DD6.json
㷭,C,not-resolved,,,,,not-resolved,data/chars/3DED.json
㹠,C,not-resolved,,,,,not-resolved,data/chars/3E60.json
㹢,C,not-resolved,,,,,not-resolved,data/chars/3E62.json
㹴,C,not-resolved,,,,,not-resolved,data/chars/3E74.json
㺍,C,not-resolved,,,,,not-resolved,data/chars/3E8D.json
㺢,C,not-resolved,,,,,not-resolved,data/chars/3EA2.json
㺵,C,not-resolved,,,,,not-resolved,data/chars/3EB5.json
㻅,C,not-resolved,,,,,not-resolved,data/chars/3EC5.json
㻽,C,not-resolved,,,,,not-resolved,data/chars/3EFD.json
㼌,C,not-resolved,,,,,not-resolved,data/chars/3F0C.json
㽮,C,not-resolved,,,,,not-resolved,data/chars/3F6E.json
㿝,C,not-resolved,,,,,not-resolved,data/chars/3FDD.json
㿽,C,resolved,皿,皿,Bộ Mãnh,108,record-radical,data/chars/3FFD.json
䁖,B,resolved,目,目,Bộ Mục,109,record-radical,data/chars/4056.json
䂖,C,not-resolved,,,,,not-resolved,data/chars/4096.json
䂲,C,not-resolved,,,,,not-resolved,data/chars/40B2.json
䂶,C,not-resolved,,,,,not-resolved,data/chars/40B6.json
䃉,C,not-resolved,,,,,not-resolved,data/chars/40C9.json
䅟,C,not-resolved,,,,,not-resolved,data/chars/415F.json
䅵,C,not-resolved,,,,,not-resolved,data/chars/4175.json
䇂,C,not-resolved,,,,,not-resolved,data/chars/41C2.json
䇲,C,not-resolved,,,,,not-resolved,data/chars/41F2.json
䉤,C,not-resolved,,,,,not-resolved,data/chars/4264.json
䌷,C,not-resolved,,,,,not-resolved,data/chars/4337.json
䌸,C,not-resolved,,,,,not-resolved,data/chars/4338.json
䌹,C,not-resolved,,,,,not-resolved,data/chars/4339.json
䌽,B,resolved,糹,糸,Bộ Mịch,120,record-radical,data/chars/433D.json
䍁,C,not-resolved,,,,,not-resolved,data/chars/4341.json
䍃,B,resolved,缶,缶,"Bộ Phẫu, Phữu",121,record-radical,data/chars/4343.json
䍹,C,not-resolved,,,,,not-resolved,data/chars/4379.json
䒗,C,not-resolved,,,,,not-resolved,data/chars/4497.json
䓕,B,resolved,艹,艸,Bộ Thảo,140,record-radical,data/chars/44D5.json
䓖,B,resolved,艹,艸,Bộ Thảo,140,record-radical,data/chars/44D6.json
䔢,C,not-resolved,,,,,not-resolved,data/chars/4522.json
䕭,B,resolved,艹,艸,Bộ Thảo,140,record-radical,data/chars/456D.json
䖒,C,not-resolved,,,,,not-resolved,data/chars/4592.json
䖟,C,not-resolved,,,,,not-resolved,data/chars/459F.json
䖸,C,not-resolved,,,,,not-resolved,data/chars/45B8.json
䗈,C,not-resolved,,,,,not-resolved,data/chars/45C8.json
䗖,B,resolved,虫,虫,Bộ Trùng,142,record-radical,data/chars/45D6.json
䗥,C,not-resolved,,,,,not-resolved,data/chars/45E5.json
䗪,C,not-resolved,,,,,not-resolved,data/chars/45EA.json
䗶,C,not-resolved,,,,,not-resolved,data/chars/45F6.json
䙓,C,not-resolved,,,,,not-resolved,data/chars/4653.json
䙴,C,not-resolved,㔾,,,,not-resolved,data/chars/4674.json
䛟,C,not-resolved,,,,,not-resolved,data/chars/46DF.json
䜌,C,not-resolved,,,,,not-resolved,data/chars/470C.json
䜣,B,resolved,言,言,Bộ Ngôn,149,record-radical,data/chars/4723.json
䜩,B,resolved,言,言,Bộ Ngôn,149,record-radical,data/chars/4729.json
䝓,C,not-resolved,,,,,not-resolved,data/chars/4753.json
䝙,C,not-resolved,,,,,not-resolved,data/chars/4759.json
䞓,C,not-resolved,,,,,not-resolved,data/chars/4793.json
䟆,C,not-resolved,,,,,not-resolved,data/chars/47C6.json
䟖,C,not-resolved,,,,,not-resolved,data/chars/47D6.json
䠀,B,resolved,足,足,Bộ Túc,157,record-radical,data/chars/4800.json
䠞,C,not-resolved,,,,,not-resolved,data/chars/481E.json
䤈,C,not-resolved,,,,,not-resolved,data/chars/4908.json
䥯,C,not-resolved,,,,,not-resolved,data/chars/496F.json
䦆,C,not-resolved,,,,,not-resolved,data/chars/4986.json
䦉,C,not-resolved,,,,,not-resolved,data/chars/4989.json
䦕,C,not-resolved,,,,,not-resolved,data/chars/4995.json
䧹,C,resolved,爿,爿,Bộ,90,record-radical,data/chars/49F9.json
䩄,B,resolved,面,面,Bộ Diện,176,record-radical,data/chars/4A44.json
䩦,C,not-resolved,,,,,not-resolved,data/chars/4A66.json
䫏,C,not-resolved,,,,,not-resolved,data/chars/4ACF.json
䬠,C,not-resolved,,,,,not-resolved,data/chars/4B20.json
䬪,C,not-resolved,,,,,not-resolved,data/chars/4B2A.json
䯄,C,not-resolved,,,,,not-resolved,data/chars/4BC4.json
䯝,C,not-resolved,,,,,not-resolved,data/chars/4BDD.json
䲔,C,not-resolved,,,,,not-resolved,data/chars/4C94.json
䲟,C,not-resolved,,,,,not-resolved,data/chars/4C9F.json
䲠,B,resolved,魚,魚,Bộ Ngư,195,record-radical,data/chars/4CA0.json
䳗,C,not-resolved,,,,,not-resolved,data/chars/4CD7.json
䴓,C,not-resolved,,,,,not-resolved,data/chars/4D13.json
䴔,C,not-resolved,,,,,not-resolved,data/chars/4D14.json
䴕,C,not-resolved,,,,,not-resolved,data/chars/4D15.json
䴘,B,resolved,鳥,鳥,Bộ Điểu,196,record-radical,data/chars/4D18.json
䴙,B,resolved,鳥,鳥,Bộ Điểu,196,record-radical,data/chars/4D19.json
䵹,C,not-resolved,,,,,not-resolved,data/chars/4D79.json
䶑,C,not-resolved,,,,,not-resolved,data/chars/4D91.json
䶮,C,not-resolved,,,,,not-resolved,data/chars/4DAE.json
一,A,resolved,一,一,Bộ Nhất,1,self-radical,radical_learning_notes.json
丁,C,not-resolved,,,,,not-resolved,data/chars/4E01.json
丂,C,not-resolved,,,,,not-resolved,data/chars/4E02.json
七,C,not-resolved,,,,,not-resolved,data/chars/4E03.json
丄,C,not-resolved,,,,,not-resolved,data/chars/4E04.json
丅,C,not-resolved,,,,,not-resolved,data/chars/4E05.json
丆,C,not-resolved,,,,,not-resolved,data/chars/4E06.json
万,C,not-resolved,,,,,not-resolved,data/chars/4E07.json
丈,A,resolved,十,十,Bộ Thập,24,record-radical,data/chars/4E08.json
三,C,not-resolved,,,,,not-resolved,data/chars/4E09.json
上,C,not-resolved,,,,,not-resolved,data/chars/4E0A.json
下,C,not-resolved,,,,,not-resolved,data/chars/4E0B.json
丌,C,not-resolved,,,,,not-resolved,data/chars/4E0C.json
不,C,not-resolved,,,,,not-resolved,data/chars/4E0D.json
与,C,not-resolved,舁,,,,not-resolved,data/chars/4E0E.json
丏,C,not-resolved,,,,,not-resolved,data/chars/4E0F.json
丐,C,not-resolved,,,,,not-resolved,data/chars/4E10.json
丑,C,not-resolved,,,,,not-resolved,data/chars/4E11.json
丒,C,not-resolved,,,,,not-resolved,data/chars/4E12.json
专,C,not-resolved,叀,,,,not-resolved,data/chars/4E13.json
且,C,not-resolved,,,,,not-resolved,data/chars/4E14.json
丕,C,not-resolved,,,,,not-resolved,data/chars/4E15.json
世,C,not-resolved,,,,,not-resolved,data/chars/4E16.json
丗,C,not-resolved,,,,,not-resolved,data/chars/4E17.json
丘,C,not-resolved,,,,,not-resolved,data/chars/4E18.json
丙,C,not-resolved,,,,,not-resolved,data/chars/4E19.json
业,C,not-resolved,,,,,not-resolved,data/chars/4E1A.json
丛,A,resolved,一,一,Bộ Nhất,1,record-radical,data/chars/4E1B.json
东,C,not-resolved,,,,,not-resolved,data/chars/4E1C.json
丝,A,resolved,纟,糸,Bộ Mịch,120,record-radical,data/chars/4E1D.json
丞,B,resolved,一,一,Bộ Nhất,1,record-radical,data/chars/4E1E.json
丠,C,not-resolved,,,,,not-resolved,data/chars/4E20.json
両,C,not-resolved,,,,,not-resolved,data/chars/4E21.json
丢,A,resolved,一,一,Bộ Nhất,1,record-radical,data/chars/4E22.json
丣,C,not-resolved,,,,,not-resolved,data/chars/4E23.json
两,C,not-resolved,,,,,not-resolved,data/chars/4E24.json
严,C,not-resolved,喦,,,,not-resolved,data/chars/4E25.json
丧,C,not-resolved,,,,,not-resolved,data/chars/4E27.json
丨,B,resolved,丨,丨,"Bộ Thụ, Cổn",2,self-radical,radical_learning_notes.json
丩,C,not-resolved,,,,,not-resolved,data/chars/4E29.json
个,C,not-resolved,,,,,not-resolved,data/chars/4E2A.json
丫,C,not-resolved,,,,,not-resolved,data/chars/4E2B.json
丬,C,not-resolved,,,,,not-resolved,data/chars/4E2C.json
中,C,not-resolved,,,,,not-resolved,data/chars/4E2D.json
丮,C,not-resolved,,,,,not-resolved,data/chars/4E2E.json
丰,C,not-resolved,,,,,not-resolved,data/chars/4E30.json
丱,C,not-resolved,,,,,not-resolved,data/chars/4E31.json
串,C,not-resolved,,,,,not-resolved,data/chars/4E32.json
丳,C,not-resolved,,,,,not-resolved,data/chars/4E33.json
临,C,not-resolved,监,,,,not-resolved,data/chars/4E34.json
丵,C,not-resolved,,,,,not-resolved,data/chars/4E35.json
丶,B,resolved,丶,丶,Bộ Chủ,3,self-radical,radical_learning_notes.json
丷,C,not-resolved,,,,,not-resolved,data/chars/4E37.json
丸,C,not-resolved,,,,,not-resolved,data/chars/4E38.json
丹,C,not-resolved,,,,,not-resolved,data/chars/4E39.json
为,A,resolved,又,又,Bộ Hựu,29,record-radical,data/chars/4E3A.json
主,C,not-resolved,,,,,not-resolved,data/chars/4E3B.json
丼,C,not-resolved,,,,,not-resolved,data/chars/4E3C.json
丽,C,not-resolved,◎,,,,not-resolved,data/chars/4E3D.json
举,A,resolved,手,手,Bộ Thủ,64,record-radical,data/chars/4E3E.json
丿,B,resolved,丿,丿,"Bộ Phách, Phiệt",4,self-radical,radical_learning_notes.json
乀,C,not-resolved,,,,,not-resolved,data/chars/4E40.json
乂,C,not-resolved,,,,,not-resolved,data/chars/4E42.json
乃,C,not-resolved,,,,,not-resolved,data/chars/4E43.json
久,C,not-resolved,,,,,not-resolved,data/chars/4E45.json
乆,C,not-resolved,,,,,not-resolved,data/chars/4E46.json
乇,C,not-resolved,,,,,not-resolved,data/chars/4E47.json
么,C,not-resolved,,,,,not-resolved,data/chars/4E48.json
义,A,resolved,羊,羊,Bộ Dương,123,record-radical,data/chars/4E49.json
乊,C,not-resolved,,,,,not-resolved,data/chars/4E4A.json
之,C,not-resolved,,,,,not-resolved,data/chars/4E4B.json
乌,C,not-resolved,,,,,not-resolved,data/chars/4E4C.json
乍,C,not-resolved,,,,,not-resolved,data/chars/4E4D.json
乎,C,not-resolved,丂,,,,not-resolved,data/chars/4E4E.json
乏,C,not-resolved,之,,,,not-resolved,data/chars/4E4F.json
乐,A,resolved,幺,幺,Bộ Yêu,52,record-radical,data/chars/4E50.json
乑,C,not-resolved,,,,,not-resolved,data/chars/4E51.json
乒,C,not-resolved,,,,,not-resolved,data/chars/4E52.json
乓,C,not-resolved,,,,,not-resolved,data/chars/4E53.json
乔,A,resolved,大,大,Bộ Đại,37,record-radical,data/chars/4E54.json
乕,C,not-resolved,,,,,not-resolved,data/chars/4E55.json
乖,C,not-resolved,,,,,not-resolved,data/chars/4E56.json
乗,C,not-resolved,,,,,not-resolved,data/chars/4E57.json
乘,A,resolved,人,人,Bộ Nhân,9,record-radical,data/chars/4E58.json
乙,A,resolved,乙,乙,Bộ Ất,5,self-radical,radical_learning_notes.json
乚,C,not-resolved,,,,,not-resolved,data/chars/4E5A.json
乛,C,not-resolved,,,,,not-resolved,data/chars/4E5B.json
乜,C,not-resolved,,,,,not-resolved,data/chars/4E5C.json
九,C,not-resolved,,,,,not-resolved,data/chars/4E5D.json
乞,C,not-resolved,,,,,not-resolved,data/chars/4E5E.json
也,C,not-resolved,,,,,not-resolved,data/chars/4E5F.json
习,A,resolved,羽,羽,Bộ Vũ,124,record-radical,data/chars/4E60.json
乡,A,resolved,卩,卩,Bộ Tiết,26,record-radical,data/chars/4E61.json
乢,C,not-resolved,,,,,not-resolved,data/chars/4E62.json
乣,C,not-resolved,,,,,not-resolved,data/chars/4E63.json
乤,C,not-resolved,,,,,not-resolved,data/chars/4E64.json
乥,C,not-resolved,,,,,not-resolved,data/chars/4E65.json
书,A,resolved,聿,聿,Bộ Duật,129,record-radical,data/chars/4E66.json
乧,C,not-resolved,,,,,not-resolved,data/chars/4E67.json
乨,C,not-resolved,,,,,not-resolved,data/chars/4E68.json
乩,C,not-resolved,占,,,,not-resolved,data/chars/4E69.json
乪,C,not-resolved,,,,,not-resolved,data/chars/4E6A.json
乫,C,not-resolved,,,,,not-resolved,data/chars/4E6B.json
乭,C,not-resolved,,,,,not-resolved,data/chars/4E6D.json
买,A,resolved,网,网,Bộ Võng,122,record-radical,data/chars/4E70.json
乱,A,resolved,舌,舌,Bộ Thiệt,135,record-radical,data/chars/4E71.json
乳,C,not-resolved,乚,,,,not-resolved,data/chars/4E73.json
乴,C,not-resolved,,,,,not-resolved,data/chars/4E74.json
乵,C,not-resolved,,,,,not-resolved,data/chars/4E75.json
乶,B,resolved,乙,乙,Bộ Ất,5,record-radical,data/chars/4E76.json
乷,C,not-resolved,,,,,not-resolved,data/chars/4E77.json
乸,C,not-resolved,,,,,not-resolved,data/chars/4E78.json
乺,C,not-resolved,,,,,not-resolved,data/chars/4E7A.json
乼,C,not-resolved,,,,,not-resolved,data/chars/4E7C.json
乾,C,not-resolved,倝,,,,not-resolved,data/chars/4E7E.json
乿,C,not-resolved,,,,,not-resolved,data/chars/4E7F.json
亀,C,not-resolved,,,,,not-resolved,data/chars/4E80.json
亃,C,not-resolved,,,,,not-resolved,data/chars/4E83.json
亄,C,not-resolved,,,,,not-resolved,data/chars/4E84.json
亅,B,resolved,亅,亅,Bộ Quyết,6,self-radical,radical_learning_notes.json
了,C,not-resolved,,,,,not-resolved,data/chars/4E86.json
亇,C,not-resolved,,,,,not-resolved,data/chars/4E87.json
予,C,not-resolved,,,,,not-resolved,data/chars/4E88.json
争,A,resolved,又,又,Bộ Hựu,29,record-radical,data/chars/4E89.json
亊,C,not-resolved,,,,,not-resolved,data/chars/4E8A.json
事,C,not-resolved,◎,,,,not-resolved,data/chars/4E8B.json
二,A,resolved,二,二,Bộ Nhị,7,self-radical,radical_learning_notes.json
亍,C,not-resolved,,,,,not-resolved,data/chars/4E8D.json
于,C,not-resolved,,,,,not-resolved,data/chars/4E8E.json
亏,C,not-resolved,,,,,not-resolved,data/chars/4E8F.json
亐,C,not-resolved,,,,,not-resolved,data/chars/4E90.json
云,C,not-resolved,,,,,not-resolved,data/chars/4E91.json
互,C,not-resolved,,,,,not-resolved,data/chars/4E92.json
亓,C,not-resolved,,,,,not-resolved,data/chars/4E93.json
五,C,not-resolved,,,,,not-resolved,data/chars/4E94.json
井,C,not-resolved,,,,,not-resolved,data/chars/4E95.json
亖,C,not-resolved,,,,,not-resolved,data/chars/4E96.json
亘,C,not-resolved,,,,,not-resolved,data/chars/4E98.json
亚,C,not-resolved,,,,,not-resolved,data/chars/4E9A.json
些,C,not-resolved,此,,,,not-resolved,data/chars/4E9B.json
亜,C,not-resolved,,,,,not-resolved,data/chars/4E9C.json
亝,C,not-resolved,,,,,not-resolved,data/chars/4E9D.json
亟,B,resolved,口,口,Bộ Khẩu,30,record-radical,data/chars/4E9F.json
亠,B,resolved,亠,亠,Bộ Đầu,8,self-radical,radical_learning_notes.json
亡,C,not-resolved,,,,,not-resolved,data/chars/4EA1.json
亢,C,not-resolved,,,,,not-resolved,data/chars/4EA2.json
交,C,not-resolved,,,,,not-resolved,data/chars/4EA4.json
亥,C,not-resolved,,,,,not-resolved,data/chars/4EA5.json
亦,A,resolved,大,大,Bộ Đại,37,record-radical,data/chars/4EA6.json
产,A,resolved,生,生,Bộ Sinh,100,record-radical,data/chars/4EA7.json
亨,C,not-resolved,,,,,not-resolved,data/chars/4EA8.json
亩,B,resolved,田,田,Bộ Điền,102,record-radical,data/chars/4EA9.json
亪,C,not-resolved,,,,,not-resolved,data/chars/4EAA.json
享,C,not-resolved,,,,,not-resolved,data/chars/4EAB.json
京,C,not-resolved,,,,,not-resolved,data/chars/4EAC.json
亭,C,not-resolved,京,,,,not-resolved,data/chars/4EAD.json
亮,A,resolved,人,人,Bộ Nhân,9,record-radical,data/chars/4EAE.json
亲,A,resolved,辛,辛,Bộ Tân,160,record-radical,data/chars/4EB2.json
亳,C,not-resolved,,,,,not-resolved,data/chars/4EB3.json
亵,C,not-resolved,,,,,not-resolved,data/chars/4EB5.json
亶,C,not-resolved,旦,,,,not-resolved,data/chars/4EB6.json
亸,C,not-resolved,,,,,not-resolved,data/chars/4EB8.json
亹,C,not-resolved,,,,,not-resolved,data/chars/4EB9.json
人,A,resolved,人,人,Bộ Nhân,9,self-radical,radical_learning_notes.json
亻,B,resolved,亻,人,Bộ Nhân,9,radical-variant,radical_alias_index.json
亼,C,not-resolved,,,,,not-resolved,data/chars/4EBC.json
亽,C,not-resolved,,,,,not-resolved,data/chars/4EBD.json
亿,A,resolved,亻,人,Bộ Nhân,9,record-radical,data/chars/4EBF.json
什,A,resolved,亻,人,Bộ Nhân,9,record-radical,data/chars/4EC0.json
仁,C,not-resolved,,,,,not-resolved,data/chars/4EC1.json
仂,B,resolved,力,力,Bộ Lực,19,record-radical,data/chars/4EC2.json
仃,B,resolved,亻,人,Bộ Nhân,9,record-radical,data/chars/4EC3.json
仄,C,not-resolved,,,,,not-resolved,data/chars/4EC4.json
仅,A,resolved,亻,人,Bộ Nhân,9,record-radical,data/chars/4EC5.json
仆,A,resolved,亻,人,Bộ Nhân,9,record-radical,data/chars/4EC6.json
仇,A,resolved,亻,人,Bộ Nhân,9,record-radical,data/chars/4EC7.json
仈,C,not-resolved,,,,,not-resolved,data/chars/4EC8.json
仉,C,not-resolved,,,,,not-resolved,data/chars/4EC9.json
今,C,not-resolved,,,,,not-resolved,data/chars/4ECA.json
介,A,resolved,人,人,Bộ Nhân,9,record-radical,data/chars/4ECB.json
仌,C,not-resolved,,,,,not-resolved,data/chars/4ECC.json
仍,C,not-resolved,乃,,,,not-resolved,data/chars/4ECD.json
从,C,not-resolved,,,,,not-resolved,data/chars/4ECE.json
仏,C,not-resolved,,,,,not-resolved,data/chars/4ECF.json
仑,C,not-resolved,◎,,,,not-resolved,data/chars/4ED1.json
仒,C,not-resolved,,,,,not-resolved,data/chars/4ED2.json
仓,C,not-resolved,合,,,,not-resolved,data/chars/4ED3.json
仔,A,resolved,亻,人,Bộ Nhân,9,record-radical,data/chars/4ED4.json
仕,A,resolved,亻,人,Bộ Nhân,9,record-radical,data/chars/4ED5.json
他,A,resolved,亻,人,Bộ Nhân,9,record-radical,data/chars/4ED6.json
仗,A,resolved,亻,人,Bộ Nhân,9,record-radical,data/chars/4ED7.json
付,A,resolved,亻,人,Bộ Nhân,9,record-radical,data/chars/4ED8.json
仙,A,resolved,亻,人,Bộ Nhân,9,record-radical,data/chars/4ED9.json
仚,C,not-resolved,,,,,not-resolved,data/chars/4EDA.json
仞,C,not-resolved,刃,,,,not-resolved,data/chars/4EDE.json
仟,B,resolved,亻,人,Bộ Nhân,9,record-radical,data/chars/4EDF.json
仡,C,not-resolved,,,,,not-resolved,data/chars/4EE1.json
代,A,resolved,亻,人,Bộ Nhân,9,record-radical,data/chars/4EE3.json
令,A,resolved,口,口,Bộ Khẩu,30,record-radical,data/chars/4EE4.json
以,C,not-resolved,◎,,,,not-resolved,data/chars/4EE5.json
仨,C,not-resolved,三,,,,not-resolved,data/chars/4EE8.json
仪,C,not-resolved,义,,,,not-resolved,data/chars/4EEA.json
仫,B,resolved,亻,人,Bộ Nhân,9,record-radical,data/chars/4EEB.json
们,A,resolved,亻,人,Bộ Nhân,9,record-radical,data/chars/4EEC.json
仮,C,not-resolved,,,,,not-resolved,data/chars/4EEE.json
仰,C,not-resolved,,,,,not-resolved,data/chars/4EF0.json
仲,C,not-resolved,,,,,not-resolved,data/chars/4EF2.json
仳,B,resolved,亻,人,Bộ Nhân,9,record-radical,data/chars/4EF3.json
仵,B,resolved,亻,人,Bộ Nhân,9,record-radical,data/chars/4EF5.json
件,A,resolved,亻,人,Bộ Nhân,9,record-radical,data/chars/4EF6.json
价,A,resolved,亻,人,Bộ Nhân,9,record-radical,data/chars/4EF7.json
任,A,resolved,亻,人,Bộ Nhân,9,record-radical,data/chars/4EFB.json
份,A,resolved,亻,人,Bộ Nhân,9,record-radical,data/chars/4EFD.json
仿,A,resolved,亻,人,Bộ Nhân,9,record-radical,data/chars/4EFF.json
伀,C,not-resolved,,,,,not-resolved,data/chars/4F00.json
企,A,resolved,人,人,Bộ Nhân,9,record-radical,data/chars/4F01.json
伄,B,resolved,亻,人,Bộ Nhân,9,record-radical,data/chars/4F04.json
伇,C,not-resolved,,,,,not-resolved,data/chars/4F07.json
伈,C,not-resolved,,,,,not-resolved,data/chars/4F08.json
伉,B,resolved,亻,人,Bộ Nhân,9,record-radical,data/chars/4F09.json
伊,A,resolved,亻,人,Bộ Nhân,9,record-radical,data/chars/4F0A.json
伋,C,not-resolved,,,,,not-resolved,data/chars/4F0B.json
伍,C,not-resolved,,,,,not-resolved,data/chars/4F0D.json
伎,C,not-resolved,,,,,not-resolved,data/chars/4F0E.json
伏,C,not-resolved,,,,,not-resolved,data/chars/4F0F.json
伐,C,not-resolved,,,,,not-resolved,data/chars/4F10.json
休,A,resolved,亻,人,Bộ Nhân,9,record-radical,data/chars/4F11.json
伕,C,not-resolved,,,,,not-resolved,data/chars/4F15.json
众,A,resolved,人,人,Bộ Nhân,9,record-radical,data/chars/4F17.json
优,A,resolved,亻,人,Bộ Nhân,9,record-radical,data/chars/4F18.json
伙,A,resolved,亻,人,Bộ Nhân,9,record-radical,data/chars/4F19.json
会,C,not-resolved,,,,,not-resolved,data/chars/4F1A.json
伛,C,not-resolved,,,,,not-resolved,data/chars/4F1B.json
伜,C,not-resolved,,,,,not-resolved,data/chars/4F1C.json
伝,C,not-resolved,,,,,not-resolved,data/chars/4F1D.json
伞,C,not-resolved,,,,,not-resolved,data/chars/4F1E.json
伟,A,resolved,亻,人,Bộ Nhân,9,record-radical,data/chars/4F1F.json
传,A,resolved,亻,人,Bộ Nhân,9,record-radical,data/chars/4F20.json
伢,B,resolved,亻,人,Bộ Nhân,9,record-radical,data/chars/4F22.json
伣,C,not-resolved,,,,,not-resolved,data/chars/4F23.json
伤,A,resolved,亻,人,Bộ Nhân,9,record-radical,data/chars/4F24.json
伥,B,resolved,亻,人,Bộ Nhân,9,record-radical,data/chars/4F25.json
伦,A,resolved,亻,人,Bộ Nhân,9,record-radical,data/chars/4F26.json
伧,C,not-resolved,,,,,not-resolved,data/chars/4F27.json
伩,C,not-resolved,,,,,not-resolved,data/chars/4F29.json
伪,A,resolved,亻,人,Bộ Nhân,9,record-radical,data/chars/4F2A.json
伫,C,not-resolved,,,,,not-resolved,data/chars/4F2B.json
伯,A,resolved,亻,人,Bộ Nhân,9,record-radical,data/chars/4F2F.json
估,A,resolved,亻,人,Bộ Nhân,9,record-radical,data/chars/4F30.json
伱,C,not-resolved,,,,,not-resolved,data/chars/4F31.json
伲,B,resolved,亻,人,Bộ Nhân,9,record-radical,data/chars/4F32.json
伴,A,resolved,亻,人,Bộ Nhân,9,record-radical,data/chars/4F34.json
伶,B,resolved,亻,人,Bộ Nhân,9,record-radical,data/chars/4F36.json
伸,C,not-resolved,,,,,not-resolved,data/chars/4F38.json
伹,C,not-resolved,,,,,not-resolved,data/chars/4F39.json
伺,A,resolved,亻,人,Bộ Nhân,9,record-radical,data/chars/4F3A.json
伻,C,not-resolved,,,,,not-resolved,data/chars/4F3B.json
似,A,resolved,亻,人,Bộ Nhân,9,record-radical,data/chars/4F3C.json
伽,A,resolved,亻,人,Bộ Nhân,9,record-radical,data/chars/4F3D.json
伾,C,not-resolved,,,,,not-resolved,data/chars/4F3E.json
佃,C,not-resolved,,,,,not-resolved,data/chars/4F43.json
但,A,resolved,亻,人,Bộ Nhân,9,record-radical,data/chars/4F46.json
佉,B,resolved,亻,人,Bộ Nhân,9,record-radical,data/chars/4F49.json
佌,C,not-resolved,,,,,not-resolved,data/chars/4F4C.json
位,A,resolved,亻,人,Bộ Nhân,9,record-radical,data/chars/4F4D.json
低,A,resolved,亻,人,Bộ Nhân,9,record-radical,data/chars/4F4E.json
住,A,resolved,亻,人,Bộ Nhân,9,record-radical,data/chars/4F4F.json
佐,A,resolved,亻,人,Bộ Nhân,9,record-radical,data/chars/4F50.json
佑,A,resolved,亻,人,Bộ Nhân,9,record-radical,data/chars/4F51.json
体,A,resolved,亻,人,Bộ Nhân,9,record-radical,data/chars/4F53.json
何,A,resolved,亻,人,Bộ Nhân,9,record-radical,data/chars/4F55.json
佗,C,not-resolved,,,,,not-resolved,data/chars/4F57.json
佘,B,resolved,人,人,Bộ Nhân,9,record-radical,data/chars/4F58.json
余,C,not-resolved,,,,,not-resolved,data/chars/4F59.json
佚,C,not-resolved,,,,,not-resolved,data/chars/4F5A.json
佛,A,resolved,亻,人,Bộ Nhân,9,record-radical,data/chars/4F5B.json
作,A,resolved,亻,人,Bộ Nhân,9,record-radical,data/chars/4F5C.json
佝,C,not-resolved,,,,,not-resolved,data/chars/4F5D.json
佞,C,not-resolved,,,,,not-resolved,data/chars/4F5E.json
佟,B,resolved,亻,人,Bộ Nhân,9,record-radical,data/chars/4F5F.json
你,A,resolved,亻,人,Bộ Nhân,9,record-radical,data/chars/4F60.json
佡,C,not-resolved,,,,,not-resolved,data/chars/4F61.json
佢,C,not-resolved,,,,,not-resolved,data/chars/4F62.json
佣,C,not-resolved,,,,,not-resolved,data/chars/4F63.json
佤,B,resolved,亻,人,Bộ Nhân,9,record-radical,data/chars/4F64.json
佥,C,not-resolved,◎,,,,not-resolved,data/chars/4F65.json
佧,B,resolved,亻,人,Bộ Nhân,9,record-radical,data/chars/4F67.json
佩,C,not-resolved,,,,,not-resolved,data/chars/4F69.json
佪,C,not-resolved,,,,,not-resolved,data/chars/4F6A.json
佫,C,not-resolved,,,,,not-resolved,data/chars/4F6B.json
佬,C,not-resolved,,,,,not-resolved,data/chars/4F6C.json
佯,B,resolved,亻,人,Bộ Nhân,9,record-radical,data/chars/4F6F.json
佰,C,not-resolved,,,,,not-resolved,data/chars/4F70.json
佱,C,not-resolved,,,,,not-resolved,data/chars/4F71.json
佳,A,resolved,亻,人,Bộ Nhân,9,record-radical,data/chars/4F73.json
佴,C,not-resolved,,,,,not-resolved,data/chars/4F74.json
佶,B,resolved,亻,人,Bộ Nhân,9,record-radical,data/chars/4F76.json
佷,C,not-resolved,,,,,not-resolved,data/chars/4F77.json
佸,C,not-resolved,,,,,not-resolved,data/chars/4F78.json
佹,C,not-resolved,,,,,not-resolved,data/chars/4F79.json
佺,C,not-resolved,,,,,not-resolved,data/chars/4F7A.json
佻,C,not-resolved,,,,,not-resolved,data/chars/4F7B.json
佼,B,resolved,亻,人,Bộ Nhân,9,record-radical,data/chars/4F7C.json
佽,B,resolved,亻,人,Bộ Nhân,9,record-radical,data/chars/4F7D.json
佾,C,not-resolved,,,,,not-resolved,data/chars/4F7E.json
使,A,resolved,亻,人,Bộ Nhân,9,record-radical,data/chars/4F7F.json
侀,C,not-resolved,,,,,not-resolved,data/chars/4F80.json
侁,C,not-resolved,,,,,not-resolved,data/chars/4F81.json
侂,C,not-resolved,,,,,not-resolved,data/chars/4F82.json
侃,C,not-resolved,,,,,not-resolved,data/chars/4F83.json
侄,A,resolved,亻,人,Bộ Nhân,9,record-radical,data/chars/4F84.json
侅,C,not-resolved,,,,,not-resolved,data/chars/4F85.json
侇,C,not-resolved,,,,,not-resolved,data/chars/4F87.json
侈,C,not-resolved,,,,,not-resolved,data/chars/4F88.json
侉,B,resolved,亻,人,Bộ Nhân,9,record-radical,data/chars/4F89.json
例,A,resolved,亻,人,Bộ Nhân,9,record-radical,data/chars/4F8B.json
侌,C,not-resolved,今,,,,not-resolved,data/chars/4F8C.json
侍,A,resolved,亻,人,Bộ Nhân,9,record-radical,data/chars/4F8D.json
侏,B,resolved,亻,人,Bộ Nhân,9,record-radical,data/chars/4F8F.json
侐,C,not-resolved,,,,,not-resolved,data/chars/4F90.json
侑,B,resolved,亻,人,Bộ Nhân,9,record-radical,data/chars/4F91.json
侔,B,resolved,亻,人,Bộ Nhân,9,record-radical,data/chars/4F94.json
侗,B,resolved,亻,人,Bộ Nhân,9,record-radical,data/chars/4F97.json
侘,C,not-resolved,,,,,not-resolved,data/chars/4F98.json
侚,C,not-resolved,,,,,not-resolved,data/chars/4F9A.json
供,A,resolved,亻,人,Bộ Nhân,9,record-radical,data/chars/4F9B.json
侜,C,not-resolved,,,,,not-resolved,data/chars/4F9C.json
依,A,resolved,亻,人,Bộ Nhân,9,record-radical,data/chars/4F9D.json
侠,A,resolved,亻,人,Bộ Nhân,9,record-radical,data/chars/4FA0.json
価,C,not-resolved,,,,,not-resolved,data/chars/4FA1.json
侢,C,not-resolved,,,,,not-resolved,data/chars/4FA2.json
侣,A,resolved,亻,人,Bộ Nhân,9,record-radical,data/chars/4FA3.json
侥,B,resolved,亻,人,Bộ Nhân,9,record-radical,data/chars/4FA5.json
侦,A,resolved,亻,人,Bộ Nhân,9,record-radical,data/chars/4FA6.json
侧,A,resolved,亻,人,Bộ Nhân,9,record-radical,data/chars/4FA7.json
侨,A,resolved,亻,人,Bộ Nhân,9,record-radical,data/chars/4FA8.json
侩,C,not-resolved,,,,,not-resolved,data/chars/4FA9.json
侪,B,resolved,亻,人,Bộ Nhân,9,record-radical,data/chars/4FAA.json
侬,B,resolved,亻,人,Bộ Nhân,9,record-radical,data/chars/4FAC.json
侮,C,not-resolved,,,,,not-resolved,data/chars/4FAE.json
侯,B,resolved,亻,人,Bộ Nhân,9,record-radical,data/chars/4FAF.json
侵,C,not-resolved,,,,,not-resolved,data/chars/4FB5.json
侽,C,not-resolved,,,,,not-resolved,data/chars/4FBD.json
便,A,resolved,亻,人,Bộ Nhân,9,record-radical,data/chars/4FBF.json
促,C,not-resolved,,,,,not-resolved,data/chars/4FC3.json
俄,A,resolved,亻,人,Bộ Nhân,9,record-radical,data/chars/4FC4.json
俅,C,not-resolved,求,,,,not-resolved,data/chars/4FC5.json
俉,B,resolved,亻,人,Bộ Nhân,9,record-radical,data/chars/4FC9.json
俊,A,resolved,亻,人,Bộ Nhân,9,record-radical,data/chars/4FCA.json
俎,C,not-resolved,,,,,not-resolved,data/chars/4FCE.json
俏,C,not-resolved,,,,,not-resolved,data/chars/4FCF.json
俐,B,resolved,亻,人,Bộ Nhân,9,record-radical,data/chars/4FD0.json
俑,A,resolved,亻,人,Bộ Nhân,9,record-radical,data/chars/4FD1.json
俗,A,resolved,亻,人,Bộ Nhân,9,record-radical,data/chars/4FD7.json
俘,A,resolved,亻,人,Bộ Nhân,9,record-radical,data/chars/4FD8.json
俚,B,resolved,亻,人,Bộ Nhân,9,record-radical,data/chars/4FDA.json
俛,C,not-resolved,,,,,not-resolved,data/chars/4FDB.json
俜,C,not-resolved,,,,,not-resolved,data/chars/4FDC.json
保,A,resolved,亻,人,Bộ Nhân,9,record-radical,data/chars/4FDD.json
俞,C,not-resolved,,,,,not-resolved,data/chars/4FDE.json
俟,C,not-resolved,,,,,not-resolved,data/chars/4FDF.json
信,A,resolved,亻,人,Bộ Nhân,9,record-radical,data/chars/4FE1.json
俣,B,resolved,亻,人,Bộ Nhân,9,record-radical,data/chars/4FE3.json
俤,C,not-resolved,,,,,not-resolved,data/chars/4FE4.json
俦,C,not-resolved,,,,,not-resolved,data/chars/4FE6.json
俨,B,resolved,亻,人,Bộ Nhân,9,record-radical,data/chars/4FE8.json
俩,A,resolved,亻,人,Bộ Nhân,9,record-radical,data/chars/4FE9.json
俪,B,resolved,亻,人,Bộ Nhân,9,record-radical,data/chars/4FEA.json
俭,A,resolved,亻,人,Bộ Nhân,9,record-radical,data/chars/4FED.json
修,A,resolved,彡,彡,Bộ Sam,59,record-radical,data/chars/4FEE.json
俯,A,resolved,亻,人,Bộ Nhân,9,record-radical,data/chars/4FEF.json
俱,A,resolved,亻,人,Bộ Nhân,9,record-radical,data/chars/4FF1.json
俳,B,resolved,亻,人,Bộ Nhân,9,record-radical,data/chars/4FF3.json
俴,C,not-resolved,,,,,not-resolved,data/chars/4FF4.json
俵,C,not-resolved,,,,,not-resolved,data/chars/4FF5.json
俶,C,not-resolved,,,,,not-resolved,data/chars/4FF6.json
俷,C,not-resolved,,,,,not-resolved,data/chars/4FF7.json
俸,C,not-resolved,,,,,not-resolved,data/chars/4FF8.json
俺,B,resolved,亻,人,Bộ Nhân,9,record-radical,data/chars/4FFA.json
俾,C,not-resolved,卑,,,,not-resolved,data/chars/4FFE.json
倂,C,not-resolved,,,,,not-resolved,data/chars/5002.json
倃,C,not-resolved,,,,,not-resolved,data/chars/5003.json
倅,C,not-resolved,,,,,not-resolved,data/chars/5005.json
倌,B,resolved,亻,人,Bộ Nhân,9,record-radical,data/chars/500C.json
倍,C,not-resolved,,,,,not-resolved,data/chars/500D.json
倏,B,resolved,犬,犬,Bộ Khuyển,94,record-radical,data/chars/500F.json
倒,A,resolved,亻,人,Bộ Nhân,9,record-radical,data/chars/5012.json
倓,C,not-resolved,,,,,not-resolved,data/chars/5013.json
倔,C,not-resolved,,,,,not-resolved,data/chars/5014.json
倘,A,resolved,亻,人,Bộ Nhân,9,record-radical,data/chars/5018.json
候,A,resolved,亻,人,Bộ Nhân,9,record-radical,data/chars/5019.json
倚,B,resolved,亻,人,Bộ Nhân,9,record-radical,data/chars/501A.json
倜,C,not-resolved,,,,,not-resolved,data/chars/501C.json
倝,C,not-resolved,早,,,,not-resolved,data/chars/501D.json
倞,C,not-resolved,,,,,not-resolved,data/chars/501E.json
借,A,resolved,亻,人,Bộ Nhân,9,record-radical,data/chars/501F.json
倡,C,not-resolved,,,,,not-resolved,data/chars/5021.json
倢,C,not-resolved,,,,,not-resolved,data/chars/5022.json
値,C,not-resolved,,,,,not-resolved,data/chars/5024.json
倥,B,resolved,亻,人,Bộ Nhân,9,record-radical,data/chars/5025.json
倦,C,not-resolved,,,,,not-resolved,data/chars/5026.json
倨,B,resolved,亻,人,Bộ Nhân,9,record-radical,data/chars/5028.json
倩,C,not-resolved,,,,,not-resolved,data/chars/5029.json
倪,C,not-resolved,,,,,not-resolved,data/chars/502A.json
倬,B,resolved,亻,人,Bộ Nhân,9,record-radical,data/chars/502C.json
倭,B,resolved,亻,人,Bộ Nhân,9,record-radical,data/chars/502D.json
倮,B,resolved,亻,人,Bộ Nhân,9,record-radical,data/chars/502E.json
倵,C,not-resolved,,,,,not-resolved,data/chars/5035.json
倶,C,not-resolved,,,,,not-resolved,data/chars/5036.json
倷,C,not-resolved,,,,,not-resolved,data/chars/5037.json
倹,C,not-resolved,,,,,not-resolved,data/chars/5039.json
债,C,not-resolved,,,,,not-resolved,data/chars/503A.json
倻,B,resolved,亻,人,Bộ Nhân,9,record-radical,data/chars/503B.json
值,A,resolved,亻,人,Bộ Nhân,9,record-radical,data/chars/503C.json
倽,C,not-resolved,,,,,not-resolved,data/chars/503D.json
倾,A,resolved,亻,人,Bộ Nhân,9,record-radical,data/chars/503E.json
偁,C,not-resolved,,,,,not-resolved,data/chars/5041.json
偃,B,resolved,亻,人,Bộ Nhân,9,record-radical,data/chars/5043.json
假,A,resolved,亻,人,Bộ Nhân,9,record-radical,data/chars/5047.json
偈,C,not-resolved,,,,,not-resolved,data/chars/5048.json
偌,B,resolved,亻,人,Bộ Nhân,9,record-radical,data/chars/504C.json
偎,C,not-resolved,,,,,not-resolved,data/chars/504E.json
偏,A,resolved,亻,人,Bộ Nhân,9,record-radical,data/chars/504F.json
偓,C,not-resolved,,,,,not-resolved,data/chars/5053.json
偕,A,resolved,亻,人,Bộ Nhân,9,record-radical,data/chars/5055.json
做,C,not-resolved,作,,,,not-resolved,data/chars/505A.json
停,A,resolved,亻,人,Bộ Nhân,9,record-radical,data/chars/505C.json
偝,C,not-resolved,,,,,not-resolved,data/chars/505D.json
偟,C,not-resolved,,,,,not-resolved,data/chars/505F.json
偢,C,not-resolved,,,,,not-resolved,data/chars/5062.json
健,A,resolved,亻,人,Bộ Nhân,9,record-radical,data/chars/5065.json
偨,C,not-resolved,,,,,not-resolved,data/chars/5068.json
偩,C,not-resolved,,,,,not-resolved,data/chars/5069.json
偫,C,not-resolved,,,,,not-resolved,data/chars/506B.json
偬,C,not-resolved,,,,,not-resolved,data/chars/506C.json
偭,C,not-resolved,,,,,not-resolved,data/chars/506D.json
偯,C,not-resolved,,,,,not-resolved,data/chars/506F.json
偰,C,not-resolved,,,,,not-resolved,data/chars/5070.json
偱,C,not-resolved,,,,,not-resolved,data/chars/5071.json
偲,C,not-resolved,,,,,not-resolved,data/chars/5072.json
偶,A,resolved,亻,人,Bộ Nhân,9,record-radical,data/chars/5076.json
偷,A,resolved,亻,人,Bộ Nhân,9,record-radical,data/chars/5077.json
偸,C,not-resolved,,,,,not-resolved,data/chars/5078.json
偻,B,resolved,亻,人,Bộ Nhân,9,record-radical,data/chars/507B.json
偾,B,resolved,亻,人,Bộ Nhân,9,record-radical,data/chars/507E.json
偿,A,resolved,亻,人,Bộ Nhân,9,record-radical,data/chars/507F.json
傀,B,resolved,亻,人,Bộ Nhân,9,record-radical,data/chars/5080.json
傅,C,not-resolved,,,,,not-resolved,data/chars/5085.json
傈,B,resolved,亻,人,Bộ Nhân,9,record-radical,data/chars/5088.json
傍,C,not-resolved,,,,,not-resolved,data/chars/508D.json
傎,C,not-resolved,,,,,not-resolved,data/chars/508E.json
傒,C,not-resolved,,,,,not-resolved,data/chars/5092.json
傓,C,not-resolved,,,,,not-resolved,data/chars/5093.json
傔,C,not-resolved,,,,,not-resolved,data/chars/5094.json
傕,B,resolved,亻,人,Bộ Nhân,9,record-radical,data/chars/5095.json
傜,C,not-resolved,,,,,not-resolved,data/chars/509C.json
傞,C,not-resolved,,,,,not-resolved,data/chars/509E.json
傣,B,resolved,亻,人,Bộ Nhân,9,record-radical,data/chars/50A3.json
傤,C,not-resolved,,,,,not-resolved,data/chars/50A4.json
傥,B,resolved,亻,人,Bộ Nhân,9,record-radical,data/chars/50A5.json
傧,C,not-resolved,,,,,not-resolved,data/chars/50A7.json
储,A,resolved,亻,人,Bộ Nhân,9,record-radical,data/chars/50A8.json
傩,B,resolved,亻,人,Bộ Nhân,9,record-radical,data/chars/50A9.json
催,A,resolved,亻,人,Bộ Nhân,9,record-radical,data/chars/50AC.json
傮,C,not-resolved,,,,,not-resolved,data/chars/50AE.json
傲,A,resolved,亻,人,Bộ Nhân,9,record-radical,data/chars/50B2.json
傺,B,resolved,亻,人,Bộ Nhân,9,record-radical,data/chars/50BA.json
傻,A,resolved,亻,人,Bộ Nhân,9,record-radical,data/chars/50BB.json
傿,B,resolved,亻,人,Bộ Nhân,9,record-radical,data/chars/50BF.json
僃,C,not-resolved,,,,,not-resolved,data/chars/50C3.json
僄,C,not-resolved,,,,,not-resolved,data/chars/50C4.json
僇,C,not-resolved,,,,,not-resolved,data/chars/50C7.json
働,C,not-resolved,,,,,not-resolved,data/chars/50CD.json
僎,C,not-resolved,,,,,not-resolved,data/chars/50CE.json
像,A,resolved,亻,人,Bộ Nhân,9,record-radical,data/chars/50CF.json
僔,C,not-resolved,,,,,not-resolved,data/chars/50D4.json
僖,C,not-resolved,,,,,not-resolved,data/chars/50D6.json
僚,A,resolved,亻,人,Bộ Nhân,9,record-radical,data/chars/50DA.json
僜,C,not-resolved,,,,,not-resolved,data/chars/50DC.json
僝,C,not-resolved,,,,,not-resolved,data/chars/50DD.json
僣,C,not-resolved,,,,,not-resolved,data/chars/50E3.json
僦,B,resolved,亻,人,Bộ Nhân,9,record-radical,data/chars/50E6.json
僧,A,resolved,亻,人,Bộ Nhân,9,record-radical,data/chars/50E7.json
僩,C,not-resolved,,,,,not-resolved,data/chars/50E9.json
僬,B,resolved,亻,人,Bộ Nhân,9,record-radical,data/chars/50EC.json
僭,B,resolved,亻,人,Bộ Nhân,9,record-radical,data/chars/50ED.json
僮,C,not-resolved,,,,,not-resolved,data/chars/50EE.json
僯,C,not-resolved,,,,,not-resolved,data/chars/50EF.json
僰,C,not-resolved,,,,,not-resolved,data/chars/50F0.json
僳,B,resolved,亻,人,Bộ Nhân,9,record-radical,data/chars/50F3.json
僴,C,not-resolved,,,,,not-resolved,data/chars/50F4.json
僵,A,resolved,亻,人,Bộ Nhân,9,record-radical,data/chars/50F5.json
僻,A,resolved,亻,人,Bộ Nhân,9,record-radical,data/chars/50FB.json
僾,C,not-resolved,,,,,not-resolved,data/chars/50FE.json
僿,C,not-resolved,,,,,not-resolved,data/chars/50FF.json
儃,C,not-resolved,,,,,not-resolved,data/chars/5103.json
儅,B,resolved,亻,人,Bộ Nhân,9,record-radical,data/chars/5105.json
儆,B,resolved,亻,人,Bộ Nhân,9,record-radical,data/chars/5106.json
儇,B,resolved,亻,人,Bộ Nhân,9,record-radical,data/chars/5107.json
儊,C,not-resolved,,,,,not-resolved,data/chars/510A.json
儋,B,resolved,亻,人,Bộ Nhân,9,record-radical,data/chars/510B.json
儌,C,not-resolved,,,,,not-resolved,data/chars/510C.json
儍,C,not-resolved,,,,,not-resolved,data/chars/510D.json
儒,A,resolved,亻,人,Bộ Nhân,9,record-radical,data/chars/5112.json
儓,C,not-resolved,,,,,not-resolved,data/chars/5113.json
儜,C,not-resolved,,,,,not-resolved,data/chars/511C.json
儞,C,not-resolved,,,,,not-resolved,data/chars/511E.json
儡,B,resolved,亻,人,Bộ Nhân,9,record-radical,data/chars/5121.json
儤,C,not-resolved,,,,,not-resolved,data/chars/5124.json
儦,C,not-resolved,,,,,not-resolved,data/chars/5126.json
儩,C,not-resolved,,,,,not-resolved,data/chars/5129.json
儭,C,not-resolved,,,,,not-resolved,data/chars/512D.json
儱,C,not-resolved,,,,,not-resolved,data/chars/5131.json
儳,C,not-resolved,,,,,not-resolved,data/chars/5133.json
儹,C,not-resolved,,,,,not-resolved,data/chars/5139.json
儽,C,not-resolved,,,,,not-resolved,data/chars/513D.json
儿,A,resolved,儿,儿,Bộ Nhi,10,self-radical,radical_learning_notes.json
兀,C,not-resolved,,,,,not-resolved,data/chars/5140.json
允,C,not-resolved,◎,,,,not-resolved,data/chars/5141.json
元,C,not-resolved,,,,,not-resolved,data/chars/5143.json
兄,A,resolved,口,口,Bộ Khẩu,30,record-radical,data/chars/5144.json
充,A,resolved,子,子,"Bộ Tử, Tý",39,record-radical,data/chars/5145.json
兆,C,not-resolved,,,,,not-resolved,data/chars/5146.json
先,A,resolved,止,止,Bộ Chỉ,77,record-radical,data/chars/5148.json
光,A,resolved,火,火,Bộ Hỏa,86,record-radical,data/chars/5149.json
克,C,not-resolved,◎,,,,not-resolved,data/chars/514B.json
免,C,not-resolved,,,,,not-resolved,data/chars/514D.json
児,C,not-resolved,,,,,not-resolved,data/chars/5150.json
兑,A,resolved,八,八,Bộ Bát,12,record-radical,data/chars/5151.json
兔,C,not-resolved,,,,,not-resolved,data/chars/5154.json
兕,C,not-resolved,,,,,not-resolved,data/chars/5155.json
兖,C,not-resolved,,,,,not-resolved,data/chars/5156.json
兘,C,not-resolved,,,,,not-resolved,data/chars/5158.json
兙,C,not-resolved,,,,,not-resolved,data/chars/5159.json
党,A,resolved,儿,儿,Bộ Nhi,10,record-radical,data/chars/515A.json
兛,C,not-resolved,,,,,not-resolved,data/chars/515B.json
兜,C,not-resolved,,,,,not-resolved,data/chars/515C.json
兝,C,not-resolved,,,,,not-resolved,data/chars/515D.json
兞,C,not-resolved,,,,,not-resolved,data/chars/515E.json
兟,C,not-resolved,先,,,,not-resolved,data/chars/515F.json
兡,C,not-resolved,,,,,not-resolved,data/chars/5161.json
兢,C,not-resolved,,,,,not-resolved,data/chars/5162.json
兣,C,not-resolved,,,,,not-resolved,data/chars/5163.json
入,A,resolved,入,入,Bộ Nhập,11,self-radical,radical_learning_notes.json
全,A,resolved,入,入,Bộ Nhập,11,record-radical,data/chars/5168.json
兪,C,not-resolved,,,,,not-resolved,data/chars/516A.json
八,A,resolved,八,八,Bộ Bát,12,self-radical,radical_learning_notes.json
公,C,not-resolved,,,,,not-resolved,data/chars/516C.json
六,C,not-resolved,,,,,not-resolved,data/chars/516D.json
兮,B,resolved,八,八,Bộ Bát,12,record-radical,data/chars/516E.json
兰,A,resolved,艹,艸,Bộ Thảo,140,record-radical,data/chars/5170.json
共,C,not-resolved,◎,,,,not-resolved,data/chars/5171.json
兲,C,not-resolved,,,,,not-resolved,data/chars/5172.json
关,A,resolved,門,門,Bộ Môn,169,record-radical,data/chars/5173.json
兴,C,not-resolved,舁,,,,not-resolved,data/chars/5174.json
兵,A,resolved,斤,斤,Bộ Cân,69,record-radical,data/chars/5175.json
其,C,not-resolved,,,,,not-resolved,data/chars/5176.json
具,A,resolved,鼎,鼎,Bộ Đỉnh,206,record-radical,data/chars/5177.json
典,C,not-resolved,冊,,,,not-resolved,data/chars/5178.json
兹,C,not-resolved,,,,,not-resolved,data/chars/5179.json
养,C,not-resolved,介,,,,not-resolved,data/chars/517B.json
兼,A,resolved,禾,禾,Bộ Hòa,115,record-radical,data/chars/517C.json
兽,C,not-resolved,,,,,not-resolved,data/chars/517D.json
冀,C,not-resolved,北,,,,not-resolved,data/chars/5180.json
冁,C,not-resolved,,,,,not-resolved,data/chars/5181.json
冂,B,resolved,冂,冂,Bộ Quynh,13,self-radical,radical_learning_notes.json
冃,C,not-resolved,,,,,not-resolved,data/chars/5183.json
内,A,resolved,入,入,Bộ Nhập,11,record-radical,data/chars/5185.json
円,C,not-resolved,,,,,not-resolved,data/chars/5186.json
冇,C,not-resolved,,,,,not-resolved,data/chars/5187.json
冈,A,resolved,山,山,Bộ Sơn,46,record-radical,data/chars/5188.json
冉,C,not-resolved,,,,,not-resolved,data/chars/5189.json
冋,C,not-resolved,,,,,not-resolved,data/chars/518B.json
册,C,not-resolved,,,,,not-resolved,data/chars/518C.json
再,A,resolved,二,二,Bộ Nhị,7,record-radical,data/chars/518D.json
冎,C,not-resolved,,,,,not-resolved,data/chars/518E.json
冏,C,not-resolved,,,,,not-resolved,data/chars/518F.json
冑,C,not-resolved,,,,,not-resolved,data/chars/5191.json
冒,C,not-resolved,冃,,,,not-resolved,data/chars/5192.json
冓,C,not-resolved,,,,,not-resolved,data/chars/5193.json
冔,C,not-resolved,,,,,not-resolved,data/chars/5194.json
冕,C,not-resolved,冃,,,,not-resolved,data/chars/5195.json
冖,B,resolved,冖,冖,Bộ Mật,14,self-radical,radical_learning_notes.json
冗,C,not-resolved,,,,,not-resolved,data/chars/5197.json
冘,C,not-resolved,◎,,,,not-resolved,data/chars/5198.json
写,A,resolved,冖,冖,Bộ Mật,14,record-radical,data/chars/5199.json
军,A,resolved,冖,冖,Bộ Mật,14,record-radical,data/chars/519B.json
农,A,resolved,辰,辰,"Bộ Thần, Thìn",161,record-radical,data/chars/519C.json
冝,C,not-resolved,,,,,not-resolved,data/chars/519D.json
冞,C,not-resolved,,,,,not-resolved,data/chars/519E.json
冠,C,not-resolved,,,,,not-resolved,data/chars/51A0.json
冡,C,not-resolved,,,,,not-resolved,data/chars/51A1.json
冢,B,resolved,冖,冖,Bộ Mật,14,record-radical,data/chars/51A2.json
冣,B,resolved,冖,冖,Bộ Mật,14,record-radical,data/chars/51A3.json
冤,C,not-resolved,,,,,not-resolved,data/chars/51A4.json
冥,C,not-resolved,,,,,not-resolved,data/chars/51A5.json
冧,C,not-resolved,,,,,not-resolved,data/chars/51A7.json
冫,B,resolved,冫,冫,Bộ Băng,15,self-radical,radical_learning_notes.json
冬,A,resolved,夂,夂,Bộ Tuy,34,record-radical,data/chars/51AC.json
冯,B,resolved,马,馬,Bộ Mã,187,record-radical,data/chars/51AF.json
冰,A,resolved,水,水,Bộ Thủy,85,record-radical,data/chars/51B0.json
冱,B,resolved,冫,冫,Bộ Băng,15,record-radical,data/chars/51B1.json
冲,A,resolved,冫,冫,Bộ Băng,15,record-radical,data/chars/51B2.json
决,A,resolved,冫,冫,Bộ Băng,15,record-radical,data/chars/51B3.json
况,A,resolved,冫,冫,Bộ Băng,15,record-radical,data/chars/51B5.json
冶,C,not-resolved,,,,,not-resolved,data/chars/51B6.json
冷,A,resolved,冫,冫,Bộ Băng,15,record-radical,data/chars/51B7.json
冻,A,resolved,冫,冫,Bộ Băng,15,record-radical,data/chars/51BB.json
冼,C,not-resolved,先,,,,not-resolved,data/chars/51BC.json
冽,B,resolved,冫,冫,Bộ Băng,15,record-radical,data/chars/51BD.json
净,A,resolved,冫,冫,Bộ Băng,15,record-radical,data/chars/51C0.json
凃,C,not-resolved,,,,,not-resolved,data/chars/51C3.json
凄,A,resolved,冫,冫,Bộ Băng,15,record-radical,data/chars/51C4.json
凅,C,not-resolved,,,,,not-resolved,data/chars/51C5.json
准,A,resolved,冫,冫,Bộ Băng,15,record-radical,data/chars/51C6.json
凇,B,resolved,冫,冫,Bộ Băng,15,record-radical,data/chars/51C7.json
凉,A,resolved,冫,冫,Bộ Băng,15,record-radical,data/chars/51C9.json
凊,C,not-resolved,,,,,not-resolved,data/chars/51CA.json
凋,B,resolved,冫,冫,Bộ Băng,15,record-radical,data/chars/51CB.json
凌,A,resolved,冫,冫,Bộ Băng,15,record-radical,data/chars/51CC.json
减,A,resolved,冫,冫,Bộ Băng,15,record-radical,data/chars/51CF.json
凑,A,resolved,冫,冫,Bộ Băng,15,record-radical,data/chars/51D1.json
凓,C,not-resolved,,,,,not-resolved,data/chars/51D3.json
凔,C,not-resolved,,,,,not-resolved,data/chars/51D4.json
凛,A,resolved,冫,冫,Bộ Băng,15,record-radical,data/chars/51DB.json
凝,A,resolved,冫,冫,Bộ Băng,15,record-radical,data/chars/51DD.json
凞,C,not-resolved,,,,,not-resolved,data/chars/51DE.json
凟,C,not-resolved,,,,,not-resolved,data/chars/51DF.json
几,A,resolved,几,几,Bộ Kỷ,16,self-radical,radical_learning_notes.json
凡,C,not-resolved,,,,,not-resolved,data/chars/51E1.json
凤,A,resolved,又,又,Bộ Hựu,29,record-radical,data/chars/51E4.json
凥,C,not-resolved,,,,,not-resolved,data/chars/51E5.json
処,B,resolved,夂,夂,Bộ Tuy,34,record-radical,data/chars/51E6.json
凫,B,resolved,鸟,鳥,Bộ Điểu,196,record-radical,data/chars/51EB.json
凭,C,not-resolved,,,,,not-resolved,data/chars/51ED.json
凮,C,not-resolved,,,,,not-resolved,data/chars/51EE.json
凯,A,resolved,几,几,Bộ Kỷ,16,record-radical,data/chars/51EF.json
凰,A,resolved,几,几,Bộ Kỷ,16,record-radical,data/chars/51F0.json
凳,A,resolved,几,几,Bộ Kỷ,16,record-radical,data/chars/51F3.json
凵,B,resolved,凵,凵,Bộ Khảm,17,self-radical,radical_learning_notes.json
凶,C,not-resolved,,,,,not-resolved,data/chars/51F6.json
凸,C,not-resolved,,,,,not-resolved,data/chars/51F8.json
凹,C,not-resolved,,,,,not-resolved,data/chars/51F9.json
出,A,resolved,止,止,Bộ Chỉ,77,record-radical,data/chars/51FA.json
击,C,not-resolved,◎,,,,not-resolved,data/chars/51FB.json
凼,C,not-resolved,,,,,not-resolved,data/chars/51FC.json
函,C,not-resolved,,,,,not-resolved,data/chars/51FD.json
凿,C,not-resolved,,,,,not-resolved,data/chars/51FF.json
刀,A,resolved,刀,刀,Bộ Đao,18,self-radical,radical_learning_notes.json
刁,C,not-resolved,,,,,not-resolved,data/chars/5201.json
刂,B,resolved,刂,刀,Bộ Đao,18,radical-variant,radical_alias_index.json
刃,C,not-resolved,,,,,not-resolved,data/chars/5203.json
刅,C,resolved,刀,刀,Bộ Đao,18,record-radical,data/chars/5205.json
分,A,resolved,八,八,Bộ Bát,12,record-radical,data/chars/5206.json
切,A,resolved,刀,刀,Bộ Đao,18,record-radical,data/chars/5207.json
刈,B,resolved,刂,刀,Bộ Đao,18,record-radical,data/chars/5208.json
刊,A,resolved,刂,刀,Bộ Đao,18,record-radical,data/chars/520A.json
刌,C,not-resolved,,,,,not-resolved,data/chars/520C.json
刍,C,not-resolved,,,,,not-resolved,data/chars/520D.json
刎,B,resolved,刂,刀,Bộ Đao,18,record-radical,data/chars/520E.json
刑,A,resolved,刂,刀,Bộ Đao,18,record-radical,data/chars/5211.json
划,A,resolved,刂,刀,Bộ Đao,18,record-radical,data/chars/5212.json
刓,C,not-resolved,,,,,not-resolved,data/chars/5213.json
刖,B,resolved,刂,刀,Bộ Đao,18,record-radical,data/chars/5216.json
列,A,resolved,刂,刀,Bộ Đao,18,record-radical,data/chars/5217.json
刘,B,resolved,刂,刀,Bộ Đao,18,record-radical,data/chars/5218.json
则,A,resolved,鼎,鼎,Bộ Đỉnh,206,record-radical,data/chars/5219.json
刚,A,resolved,刂,刀,Bộ Đao,18,record-radical,data/chars/521A.json
创,A,resolved,刂,刀,Bộ Đao,18,record-radical,data/chars/521B.json
刜,C,not-resolved,,,,,not-resolved,data/chars/521C.json
初,A,resolved,衤,衣,Bộ Y,145,record-radical,data/chars/521D.json
刞,C,not-resolved,,,,,not-resolved,data/chars/521E.json
删,C,not-resolved,,,,,not-resolved,data/chars/5220.json
刡,C,not-resolved,,,,,not-resolved,data/chars/5221.json
判,A,resolved,刂,刀,Bộ Đao,18,record-radical,data/chars/5224.json
刨,B,resolved,刂,刀,Bộ Đao,18,record-radical,data/chars/5228.json
利,A,resolved,禾,禾,Bộ Hòa,115,record-radical,data/chars/5229.json
别,C,not-resolved,冎,,,,not-resolved,data/chars/522B.json
刬,C,not-resolved,,,,,not-resolved,data/chars/522C.json
刭,B,resolved,刂,刀,Bộ Đao,18,record-radical,data/chars/522D.json
刮,A,resolved,刂,刀,Bộ Đao,18,record-radical,data/chars/522E.json
到,A,resolved,至,至,Bộ Chí,133,record-radical,data/chars/5230.json
刱,C,not-resolved,,,,,not-resolved,data/chars/5231.json
刲,C,not-resolved,,,,,not-resolved,data/chars/5232.json
刳,B,resolved,刂,刀,Bộ Đao,18,record-radical,data/chars/5233.json
刴,C,not-resolved,,,,,not-resolved,data/chars/5234.json
刵,C,not-resolved,,,,,not-resolved,data/chars/5235.json
制,A,resolved,木,木,Bộ Mộc,75,record-radical,data/chars/5236.json
刷,A,resolved,刂,刀,Bộ Đao,18,record-radical,data/chars/5237.json
券,A,resolved,刀,刀,Bộ Đao,18,record-radical,data/chars/5238.json
刹,A,resolved,刂,刀,Bộ Đao,18,record-radical,data/chars/5239.json
刺,A,resolved,刂,刀,Bộ Đao,18,record-radical,data/chars/523A.json
刻,A,resolved,刂,刀,Bộ Đao,18,record-radical,data/chars/523B.json
刽,B,resolved,刂,刀,Bộ Đao,18,record-radical,data/chars/523D.json
刾,C,not-resolved,,,,,not-resolved,data/chars/523E.json
刿,B,resolved,刂,刀,Bộ Đao,18,record-radical,data/chars/523F.json
剀,B,resolved,刂,刀,Bộ Đao,18,record-radical,data/chars/5240.json
剁,B,resolved,刂,刀,Bộ Đao,18,record-radical,data/chars/5241.json
剂,A,resolved,刂,刀,Bộ Đao,18,record-radical,data/chars/5242.json
剃,B,resolved,刂,刀,Bộ Đao,18,record-radical,data/chars/5243.json
削,A,resolved,刂,刀,Bộ Đao,18,record-radical,data/chars/524A.json
剌,B,resolved,刂,刀,Bộ Đao,18,record-radical,data/chars/524C.json
前,A,resolved,止,止,Bộ Chỉ,77,record-radical,data/chars/524D.json
剐,B,resolved,刂,刀,Bộ Đao,18,record-radical,data/chars/5250.json
剑,A,resolved,刂,刀,Bộ Đao,18,record-radical,data/chars/5251.json
剒,C,not-resolved,,,,,not-resolved,data/chars/5252.json
剔,A,resolved,刂,刀,Bộ Đao,18,record-radical,data/chars/5254.json
剕,C,not-resolved,,,,,not-resolved,data/chars/5255.json
剖,A,resolved,刂,刀,Bộ Đao,18,record-radical,data/chars/5256.json
剚,C,not-resolved,,,,,not-resolved,data/chars/525A.json
剜,B,resolved,刂,刀,Bộ Đao,18,record-radical,data/chars/525C.json
剞,B,resolved,刂,刀,Bộ Đao,18,record-radical,data/chars/525E.json
剟,C,not-resolved,,,,,not-resolved,data/chars/525F.json
剡,B,resolved,刂,刀,Bộ Đao,18,record-radical,data/chars/5261.json
剣,C,not-resolved,,,,,not-resolved,data/chars/5263.json
剤,C,not-resolved,,,,,not-resolved,data/chars/5264.json
剥,A,resolved,刂,刀,Bộ Đao,18,record-radical,data/chars/5265.json
剧,A,resolved,刂,刀,Bộ Đao,18,record-radical,data/chars/5267.json
剩,A,resolved,刂,刀,Bộ Đao,18,record-radical,data/chars/5269.json
剪,A,resolved,刀,刀,Bộ Đao,18,record-radical,data/chars/526A.json
副,A,resolved,刂,刀,Bộ Đao,18,record-radical,data/chars/526F.json
剰,C,not-resolved,,,,,not-resolved,data/chars/5270.json
割,A,resolved,刂,刀,Bộ Đao,18,record-radical,data/chars/5272.json
剳,C,not-resolved,荅,,,,not-resolved,data/chars/5273.json
剸,C,not-resolved,,,,,not-resolved,data/chars/5278.json
剺,C,not-resolved,,,,,not-resolved,data/chars/527A.json
剽,B,resolved,刂,刀,Bộ Đao,18,record-radical,data/chars/527D.json
剿,A,resolved,刂,刀,Bộ Đao,18,record-radical,data/chars/527F.json
劁,B,resolved,刂,刀,Bộ Đao,18,record-radical,data/chars/5281.json
劂,B,resolved,刂,刀,Bộ Đao,18,record-radical,data/chars/5282.json
劄,C,not-resolved,答,,,,not-resolved,data/chars/5284.json
劈,B,resolved,刀,刀,Bộ Đao,18,record-radical,data/chars/5288.json
劐,B,resolved,刂,刀,Bộ Đao,18,record-radical,data/chars/5290.json
劓,C,not-resolved,,,,,not-resolved,data/chars/5293.json
劖,C,not-resolved,,,,,not-resolved,data/chars/5296.json
劘,C,not-resolved,,,,,not-resolved,data/chars/5298.json
劙,C,not-resolved,,,,,not-resolved,data/chars/5299.json
力,A,resolved,力,力,Bộ Lực,19,self-radical,radical_learning_notes.json
劝,C,not-resolved,,,,,not-resolved,data/chars/529D.json
办,A,resolved,力,力,Bộ Lực,19,record-radical,data/chars/529E.json
功,A,resolved,力,力,Bộ Lực,19,record-radical,data/chars/529F.json
加,A,resolved,力,力,Bộ Lực,19,record-radical,data/chars/52A0.json
务,A,resolved,攵,攴,Bộ Phộc,66,record-radical,data/chars/52A1.json
劢,B,resolved,力,力,Bộ Lực,19,record-radical,data/chars/52A2.json
劣,C,not-resolved,少,,,,not-resolved,data/chars/52A3.json
劦,B,resolved,力,力,Bộ Lực,19,record-radical,data/chars/52A6.json
动,A,resolved,力,力,Bộ Lực,19,record-radical,data/chars/52A8.json
助,A,resolved,力,力,Bộ Lực,19,record-radical,data/chars/52A9.json
努,A,resolved,力,力,Bộ Lực,19,record-radical,data/chars/52AA.json
劫,A,resolved,力,力,Bộ Lực,19,record-radical,data/chars/52AB.json
劬,B,resolved,力,力,Bộ Lực,19,record-radical,data/chars/52AC.json
劭,B,resolved,力,力,Bộ Lực,19,record-radical,data/chars/52AD.json
劮,C,not-resolved,,,,,not-resolved,data/chars/52AE.json
励,A,resolved,力,力,Bộ Lực,19,record-radical,data/chars/52B1.json
劲,A,resolved,力,力,Bộ Lực,19,record-radical,data/chars/52B2.json
劳,A,resolved,力,力,Bộ Lực,19,record-radical,data/chars/52B3.json
労,C,not-resolved,,,,,not-resolved,data/chars/52B4.json
劵,B,resolved,力,力,Bộ Lực,19,record-radical,data/chars/52B5.json
劻,C,not-resolved,,,,,not-resolved,data/chars/52BB.json
劼,B,resolved,力,力,Bộ Lực,19,record-radical,data/chars/52BC.json
劾,B,resolved,力,力,Bộ Lực,19,record-radical,data/chars/52BE.json
势,A,resolved,力,力,Bộ Lực,19,record-radical,data/chars/52BF.json
勃,A,resolved,力,力,Bộ Lực,19,record-radical,data/chars/52C3.json
勄,C,not-resolved,,,,,not-resolved,data/chars/52C4.json
勇,A,resolved,力,力,Bộ Lực,19,record-radical,data/chars/52C7.json
勈,B,resolved,力,力,Bộ Lực,19,record-radical,data/chars/52C8.json
勉,A,resolved,力,力,Bộ Lực,19,record-radical,data/chars/52C9.json
勋,A,resolved,力,力,Bộ Lực,19,record-radical,data/chars/52CB.json
勍,C,not-resolved,,,,,not-resolved,data/chars/52CD.json
勐,B,resolved,力,力,Bộ Lực,19,record-radical,data/chars/52D0.json
勒,A,resolved,力,力,Bộ Lực,19,record-radical,data/chars/52D2.json
勔,C,not-resolved,,,,,not-resolved,data/chars/52D4.json
勖,B,resolved,力,力,Bộ Lực,19,record-radical,data/chars/52D6.json
勗,C,not-resolved,,,,,not-resolved,data/chars/52D7.json
勘,A,resolved,力,力,Bộ Lực,19,record-radical,data/chars/52D8.json
勚,C,not-resolved,,,,,not-resolved,data/chars/52DA.json
募,A,resolved,力,力,Bộ Lực,19,record-radical,data/chars/52DF.json
勤,A,resolved,力,力,Bộ Lực,19,record-radical,data/chars/52E4.json
勧,C,not-resolved,,,,,not-resolved,data/chars/52E7.json
勯,C,not-resolved,,,,,not-resolved,data/chars/52EF.json
勰,C,not-resolved,思,,,,not-resolved,data/chars/52F0.json
勷,C,not-resolved,,,,,not-resolved,data/chars/52F7.json
勹,B,resolved,勹,勹,Bộ Bao,20,self-radical,radical_learning_notes.json
勺,C,not-resolved,,,,,not-resolved,data/chars/52FA.json
勾,C,not-resolved,,,,,not-resolved,data/chars/52FE.json
勿,A,resolved,刀,刀,Bộ Đao,18,record-radical,data/chars/52FF.json
匀,C,not-resolved,螾,,,,not-resolved,data/chars/5300.json
匁,C,not-resolved,,,,,not-resolved,data/chars/5301.json
包,C,not-resolved,,,,,not-resolved,data/chars/5305.json
匆,C,not-resolved,,,,,not-resolved,data/chars/5306.json
匈,B,resolved,勹,勹,Bộ Bao,20,record-radical,data/chars/5308.json
匉,C,not-resolved,,,,,not-resolved,data/chars/5309.json
匊,C,not-resolved,,,,,not-resolved,data/chars/530A.json
匋,B,resolved,缶,缶,"Bộ Phẫu, Phữu",121,record-radical,data/chars/530B.json
匍,B,resolved,勹,勹,Bộ Bao,20,record-radical,data/chars/530D.json
匏,C,not-resolved,夸,,,,not-resolved,data/chars/530F.json
匐,B,resolved,勹,勹,Bộ Bao,20,record-radical,data/chars/5310.json
匑,C,not-resolved,,,,,not-resolved,data/chars/5311.json
匔,C,not-resolved,,,,,not-resolved,data/chars/5314.json
匕,B,resolved,匕,匕,"Bộ Tỷ, Chủy",21,self-radical,radical_learning_notes.json
化,A,resolved,亻,人,Bộ Nhân,9,record-radical,data/chars/5316.json
北,A,resolved,人,人,Bộ Nhân,9,record-radical,data/chars/5317.json
匘,C,not-resolved,,,,,not-resolved,data/chars/5318.json
匙,A,resolved,匕,匕,"Bộ Tỷ, Chủy",21,record-radical,data/chars/5319.json
匚,B,resolved,匚,匚,Bộ Phương,22,self-radical,radical_learning_notes.json
匜,C,not-resolved,,,,,not-resolved,data/chars/531C.json
匝,C,not-resolved,,,,,not-resolved,data/chars/531D.json
匞,C,not-resolved,,,,,not-resolved,data/chars/531E.json
匠,C,not-resolved,,,,,not-resolved,data/chars/5320.json
匡,B,resolved,匚,匚,Bộ Phương,22,record-radical,data/chars/5321.json
匣,A,resolved,匚,匚,Bộ Phương,22,record-radical,data/chars/5323.json
匦,B,resolved,匚,匚,Bộ Phương,22,record-radical,data/chars/5326.json
匧,B,resolved,匚,匚,Bộ Phương,22,record-radical,data/chars/5327.json
匪,A,resolved,匚,匚,Bộ Phương,22,record-radical,data/chars/532A.json
匮,A,resolved,匚,匚,Bộ Phương,22,record-radical,data/chars/532E.json
匴,C,not-resolved,,,,,not-resolved,data/chars/5334.json
匵,C,not-resolved,,,,,not-resolved,data/chars/5335.json
匶,C,not-resolved,,,,,not-resolved,data/chars/5336.json
匸,B,resolved,匸,匸,Bộ Hễ,23,self-radical,radical_learning_notes.json
匹,C,not-resolved,,,,,not-resolved,data/chars/5339.json
区,A,resolved,匚,匚,Bộ Phương,22,record-radical,data/chars/533A.json
医,A,resolved,酉,酉,Bộ Dậu,164,record-radical,data/chars/533B.json
匽,B,resolved,匸,匸,Bộ Hễ,23,record-radical,data/chars/533D.json
匾,C,not-resolved,,,,,not-resolved,data/chars/533E.json
匿,A,resolved,匸,匸,Bộ Hễ,23,record-radical,data/chars/533F.json
十,A,resolved,十,十,Bộ Thập,24,self-radical,radical_learning_notes.json
卂,C,not-resolved,,,,,not-resolved,data/chars/5342.json
千,A,resolved,一,一,Bộ Nhất,1,record-radical,data/chars/5343.json
卄,C,not-resolved,,,,,not-resolved,data/chars/5344.json
卅,C,not-resolved,,,,,not-resolved,data/chars/5345.json
卆,C,not-resolved,,,,,not-resolved,data/chars/5346.json
升,C,not-resolved,,,,,not-resolved,data/chars/5347.json
午,C,not-resolved,,,,,not-resolved,data/chars/5348.json
卉,C,not-resolved,,,,,not-resolved,data/chars/5349.json
半,A,resolved,八,八,Bộ Bát,12,record-radical,data/chars/534A.json
卋,C,not-resolved,,,,,not-resolved,data/chars/534B.json
卌,C,not-resolved,,,,,not-resolved,data/chars/534C.json
卍,C,not-resolved,,,,,not-resolved,data/chars/534D.json
华,C,not-resolved,化,,,,not-resolved,data/chars/534E.json
协,C,not-resolved,办,,,,not-resolved,data/chars/534F.json
卐,C,not-resolved,,,,,not-resolved,data/chars/5350.json
卑,C,not-resolved,,,,,not-resolved,data/chars/5351.json
卒,B,resolved,衣,衣,Bộ Y,145,record-radical,data/chars/5352.json
卓,C,not-resolved,,,,,not-resolved,data/chars/5353.json
单,C,not-resolved,,,,,not-resolved,data/chars/5355.json
卖,C,not-resolved,出,,,,not-resolved,data/chars/5356.json
南,C,not-resolved,,,,,not-resolved,data/chars/5357.json
単,C,not-resolved,,,,,not-resolved,data/chars/5358.json
博,A,resolved,十,十,Bộ Thập,24,record-radical,data/chars/535A.json
卛,C,not-resolved,,,,,not-resolved,data/chars/535B.json
卜,A,resolved,卜,卜,Bộ Bốc,25,self-radical,radical_learning_notes.json
卝,C,not-resolved,,,,,not-resolved,data/chars/535D.json
卞,C,not-resolved,,,,,not-resolved,data/chars/535E.json
卟,C,not-resolved,,,,,not-resolved,data/chars/535F.json
占,A,resolved,卜,卜,Bộ Bốc,25,record-radical,data/chars/5360.json
卡,C,not-resolved,上,,,,not-resolved,data/chars/5361.json
卢,B,resolved,虍,虍,Bộ Hô,141,record-radical,data/chars/5362.json
卣,C,not-resolved,,,,,not-resolved,data/chars/5363.json
卤,C,not-resolved,,,,,not-resolved,data/chars/5364.json
卦,A,resolved,卜,卜,Bộ Bốc,25,record-radical,data/chars/5366.json
卧,A,resolved,臣,臣,Bộ Thần,131,record-radical,data/chars/5367.json
卨,C,not-resolved,,,,,not-resolved,data/chars/5368.json
卩,B,resolved,卩,卩,Bộ Tiết,26,self-radical,radical_learning_notes.json
卪,C,not-resolved,,,,,not-resolved,data/chars/536A.json
卫,C,not-resolved,,,,,not-resolved,data/chars/536B.json
卬,B,resolved,人,人,Bộ Nhân,9,record-radical,data/chars/536C.json
卮,C,not-resolved,,,,,not-resolved,data/chars/536E.json
卯,C,not-resolved,,,,,not-resolved,data/chars/536F.json
印,A,resolved,爪,爪,Bộ Trảo,87,record-radical,data/chars/5370.json
危,A,resolved,人,人,Bộ Nhân,9,record-radical,data/chars/5371.json
卲,C,not-resolved,,,,,not-resolved,data/chars/5372.json
即,C,not-resolved,皀,,,,not-resolved,data/chars/5373.json
却,A,resolved,卩,卩,Bộ Tiết,26,record-radical,data/chars/5374.json
卵,C,not-resolved,,,,,not-resolved,data/chars/5375.json
卷,A,resolved,卩,卩,Bộ Tiết,26,record-radical,data/chars/5377.json
卸,A,resolved,止,止,Bộ Chỉ,77,record-radical,data/chars/5378.json
卺,C,not-resolved,㔾,,,,not-resolved,data/chars/537A.json
卼,C,not-resolved,,,,,not-resolved,data/chars/537C.json
卽,C,not-resolved,,,,,not-resolved,data/chars/537D.json
卿,C,not-resolved,,,,,not-resolved,data/chars/537F.json
厂,A,resolved,厂,厂,Bộ,27,self-radical,radical_learning_notes.json
厃,C,not-resolved,,,,,not-resolved,data/chars/5383.json
厄,C,not-resolved,,,,,not-resolved,data/chars/5384.json
厅,A,resolved,广,广,Bộ Nghiễm,53,record-radical,data/chars/5385.json
历,A,resolved,厂,厂,Bộ,27,record-radical,data/chars/5386.json
厉,A,resolved,厂,厂,Bộ,27,record-radical,data/chars/5389.json
压,A,resolved,土,土,Bộ Thổ,32,record-radical,data/chars/538B.json
厌,A,resolved,犬,犬,Bộ Khuyển,94,record-radical,data/chars/538C.json
厍,B,resolved,车,車,Bộ Xa,159,record-radical,data/chars/538D.json
厎,C,not-resolved,,,,,not-resolved,data/chars/538E.json
厐,C,not-resolved,,,,,not-resolved,data/chars/5390.json
厓,C,not-resolved,,,,,not-resolved,data/chars/5393.json
厔,C,not-resolved,,,,,not-resolved,data/chars/5394.json
厕,A,resolved,厂,厂,Bộ,27,record-radical,data/chars/5395.json
厖,C,not-resolved,,,,,not-resolved,data/chars/5396.json
厗,C,not-resolved,,,,,not-resolved,data/chars/5397.json
厘,A,resolved,厂,厂,Bộ,27,record-radical,data/chars/5398.json
厚,A,resolved,厂,厂,Bộ,27,record-radical,data/chars/539A.json
厜,C,not-resolved,,,,,not-resolved,data/chars/539C.json
厝,C,not-resolved,,,,,not-resolved,data/chars/539D.json
厞,C,not-resolved,,,,,not-resolved,data/chars/539E.json
原,A,resolved,厂,厂,Bộ,27,record-radical,data/chars/539F.json
厢,A,resolved,厂,厂,Bộ,27,record-radical,data/chars/53A2.json
厣,C,not-resolved,甲,,,,not-resolved,data/chars/53A3.json
厥,C,not-resolved,欮,,,,not-resolved,data/chars/53A5.json
厦,A,resolved,厂,厂,Bộ,27,record-radical,data/chars/53A6.json
厨,A,resolved,厂,厂,Bộ,27,record-radical,data/chars/53A8.json
厩,B,resolved,厂,厂,Bộ,27,record-radical,data/chars/53A9.json
厪,B,resolved,厂,厂,Bộ,27,record-radical,data/chars/53AA.json
厮,B,resolved,厂,厂,Bộ,27,record-radical,data/chars/53AE.json
厰,C,not-resolved,,,,,not-resolved,data/chars/53B0.json
厳,C,not-resolved,,,,,not-resolved,data/chars/53B3.json
厶,B,resolved,厶,厶,"Bộ Kh, Tư",28,self-radical,radical_learning_notes.json
厷,C,not-resolved,,,,,not-resolved,data/chars/53B7.json
厹,C,not-resolved,,,,,not-resolved,data/chars/53B9.json
厺,C,not-resolved,,,,,not-resolved,data/chars/53BA.json
去,A,resolved,大,大,Bộ Đại,37,record-radical,data/chars/53BB.json
厼,C,not-resolved,,,,,not-resolved,data/chars/53BC.json
厾,C,not-resolved,,,,,not-resolved,data/chars/53BE.json
县,A,resolved,首,首,Bộ Thủ,185,record-radical,data/chars/53BF.json
叀,C,not-resolved,,,,,not-resolved,data/chars/53C0.json
叁,C,not-resolved,,,,,not-resolved,data/chars/53C1.json
参,C,not-resolved,◎,,,,not-resolved,data/chars/53C2.json
叄,C,not-resolved,,,,,not-resolved,data/chars/53C4.json
叆,C,not-resolved,,,,,not-resolved,data/chars/53C6.json
叇,C,not-resolved,,,,,not-resolved,data/chars/53C7.json
又,A,resolved,又,又,Bộ Hựu,29,self-radical,radical_learning_notes.json
叉,C,not-resolved,,,,,not-resolved,data/chars/53C9.json
及,A,resolved,人,人,Bộ Nhân,9,record-radical,data/chars/53CA.json
友,A,resolved,又,又,Bộ Hựu,29,record-radical,data/chars/53CB.json
双,A,resolved,又,又,Bộ Hựu,29,record-radical,data/chars/53CC.json
反,A,resolved,厂,厂,Bộ,27,record-radical,data/chars/53CD.json
収,C,not-resolved,,,,,not-resolved,data/chars/53CE.json
发,C,not-resolved,,,,,not-resolved,data/chars/53D1.json
叒,C,not-resolved,,,,,not-resolved,data/chars/53D2.json
叔,A,resolved,又,又,Bộ Hựu,29,record-radical,data/chars/53D4.json
叕,C,not-resolved,,,,,not-resolved,data/chars/53D5.json
取,A,resolved,耳,耳,Bộ Nhĩ,128,record-radical,data/chars/53D6.json
受,A,resolved,又,又,Bộ Hựu,29,record-radical,data/chars/53D7.json
变,A,resolved,夂,夂,Bộ Tuy,34,record-radical,data/chars/53D8.json
叙,A,resolved,又,又,Bộ Hựu,29,record-radical,data/chars/53D9.json
叛,C,not-resolved,反,,,,not-resolved,data/chars/53DB.json
叟,B,resolved,宀,宀,Bộ Miên,40,record-radical,data/chars/53DF.json
叠,C,not-resolved,,,,,not-resolved,data/chars/53E0.json
口,A,resolved,口,口,Bộ Khẩu,30,self-radical,radical_learning_notes.json
古,C,not-resolved,,,,,not-resolved,data/chars/53E4.json
句,A,resolved,口,口,Bộ Khẩu,30,record-radical,data/chars/53E5.json
另,A,resolved,口,口,Bộ Khẩu,30,record-radical,data/chars/53E6.json
叨,A,resolved,口,口,Bộ Khẩu,30,record-radical,data/chars/53E8.json
叩,B,resolved,卩,卩,Bộ Tiết,26,record-radical,data/chars/53E9.json
只,C,not-resolved,,,,,not-resolved,data/chars/53EA.json
叫,A,resolved,口,口,Bộ Khẩu,30,record-radical,data/chars/53EB.json
召,A,resolved,口,口,Bộ Khẩu,30,record-radical,data/chars/53EC.json
叭,A,resolved,口,口,Bộ Khẩu,30,record-radical,data/chars/53ED.json
叮,A,resolved,口,口,Bộ Khẩu,30,record-radical,data/chars/53EE.json
可,A,resolved,口,口,Bộ Khẩu,30,record-radical,data/chars/53EF.json
台,A,resolved,口,口,Bộ Khẩu,30,record-radical,data/chars/53F0.json
叱,B,resolved,口,口,Bộ Khẩu,30,record-radical,data/chars/53F1.json
史,C,not-resolved,◎,,,,not-resolved,data/chars/53F2.json
右,A,resolved,口,口,Bộ Khẩu,30,record-radical,data/chars/53F3.json
叵,C,not-resolved,,,,,not-resolved,data/chars/53F5.json
叶,A,resolved,口,口,Bộ Khẩu,30,record-radical,data/chars/53F6.json
号,A,resolved,口,口,Bộ Khẩu,30,record-radical,data/chars/53F7.json
司,C,not-resolved,,,,,not-resolved,data/chars/53F8.json
叹,C,not-resolved,,,,,not-resolved,data/chars/53F9.json
叻,C,not-resolved,,,,,not-resolved,data/chars/53FB.json
叼,B,resolved,口,口,Bộ Khẩu,30,record-radical,data/chars/53FC.json
叽,B,resolved,口,口,Bộ Khẩu,30,record-radical,data/chars/53FD.json
吁,A,resolved,口,口,Bộ Khẩu,30,record-radical,data/chars/5401.json
吃,A,resolved,口,口,Bộ Khẩu,30,record-radical,data/chars/5403.json
各,A,resolved,夂,夂,Bộ Tuy,34,record-radical,data/chars/5404.json
吅,C,not-resolved,,,,,not-resolved,data/chars/5405.json
吆,B,resolved,口,口,Bộ Khẩu,30,record-radical,data/chars/5406.json
合,A,resolved,口,口,Bộ Khẩu,30,record-radical,data/chars/5408.json
吉,A,resolved,士,士,Bộ Sĩ,33,record-radical,data/chars/5409.json
吊,C,not-resolved,,,,,not-resolved,data/chars/540A.json
吋,C,not-resolved,,,,,not-resolved,data/chars/540B.json
同,A,resolved,口,口,Bộ Khẩu,30,record-radical,data/chars/540C.json
名,A,resolved,夕,夕,Bộ Tịch,36,record-radical,data/chars/540D.json
后,C,not-resolved,,,,,not-resolved,data/chars/540E.json
吏,C,not-resolved,◎,,,,not-resolved,data/chars/540F.json
吐,A,resolved,口,口,Bộ Khẩu,30,record-radical,data/chars/5410.json
向,A,resolved,宀,宀,Bộ Miên,40,record-radical,data/chars/5411.json
吒,B,resolved,口,口,Bộ Khẩu,30,record-radical,data/chars/5412.json
吓,A,resolved,口,口,Bộ Khẩu,30,record-radical,data/chars/5413.json
吔,C,not-resolved,,,,,not-resolved,data/chars/5414.json
吕,C,not-resolved,,,,,not-resolved,data/chars/5415.json
吖,B,resolved,口,口,Bộ Khẩu,30,record-radical,data/chars/5416.json
吗,A,resolved,口,口,Bộ Khẩu,30,record-radical,data/chars/5417.json
君,A,resolved,口,口,Bộ Khẩu,30,record-radical,data/chars/541B.json
吜,C,not-resolved,,,,,not-resolved,data/chars/541C.json
吝,C,not-resolved,,,,,not-resolved,data/chars/541D.json
吞,A,resolved,口,口,Bộ Khẩu,30,record-radical,data/chars/541E.json
吟,A,resolved,口,口,Bộ Khẩu,30,record-radical,data/chars/541F.json
吠,C,not-resolved,,,,,not-resolved,data/chars/5420.json
吡,B,resolved,口,口,Bộ Khẩu,30,record-radical,data/chars/5421.json
吣,B,resolved,口,口,Bộ Khẩu,30,record-radical,data/chars/5423.json
吥,C,not-resolved,,,,,not-resolved,data/chars/5425.json
否,C,not-resolved,不,,,,not-resolved,data/chars/5426.json
吧,A,resolved,口,口,Bộ Khẩu,30,record-radical,data/chars/5427.json
吨,A,resolved,口,口,Bộ Khẩu,30,record-radical,data/chars/5428.json
吩,A,resolved,口,口,Bộ Khẩu,30,record-radical,data/chars/5429.json
吪,C,not-resolved,,,,,not-resolved,data/chars/542A.json
含,A,resolved,口,口,Bộ Khẩu,30,record-radical,data/chars/542B.json
听,A,resolved,口,口,Bộ Khẩu,30,record-radical,data/chars/542C.json
吭,A,resolved,口,口,Bộ Khẩu,30,record-radical,data/chars/542D.json
吮,B,resolved,口,口,Bộ Khẩu,30,record-radical,data/chars/542E.json
启,C,not-resolved,,,,,not-resolved,data/chars/542F.json
吰,C,not-resolved,,,,,not-resolved,data/chars/5430.json
吱,B,resolved,口,口,Bộ Khẩu,30,record-radical,data/chars/5431.json
吲,C,not-resolved,,,,,not-resolved,data/chars/5432.json
吴,B,resolved,口,口,Bộ Khẩu,30,record-radical,data/chars/5434.json
吵,A,resolved,口,口,Bộ Khẩu,30,record-radical,data/chars/5435.json
吸,A,resolved,口,口,Bộ Khẩu,30,record-radical,data/chars/5438.json
吹,A,resolved,口,口,Bộ Khẩu,30,record-radical,data/chars/5439.json
吻,A,resolved,口,口,Bộ Khẩu,30,record-radical,data/chars/543B.json
吼,A,resolved,口,口,Bộ Khẩu,30,record-radical,data/chars/543C.json
吽,C,not-resolved,,,,,not-resolved,data/chars/543D.json
吾,B,resolved,口,口,Bộ Khẩu,30,record-radical,data/chars/543E.json
呀,A,resolved,口,口,Bộ Khẩu,30,record-radical,data/chars/5440.json
呃,B,resolved,口,口,Bộ Khẩu,30,record-radical,data/chars/5443.json
呆,A,resolved,口,口,Bộ Khẩu,30,record-radical,data/chars/5446.json
呇,C,not-resolved,,,,,not-resolved,data/chars/5447.json
呈,A,resolved,口,口,Bộ Khẩu,30,record-radical,data/chars/5448.json
呉,C,not-resolved,,,,,not-resolved,data/chars/5449.json
告,C,not-resolved,◎,,,,not-resolved,data/chars/544A.json
呋,B,resolved,口,口,Bộ Khẩu,30,record-radical,data/chars/544B.json
呎,B,resolved,口,口,Bộ Khẩu,30,record-radical,data/chars/544E.json
呏,C,not-resolved,,,,,not-resolved,data/chars/544F.json
呐,A,resolved,口,口,Bộ Khẩu,30,record-radical,data/chars/5450.json
呑,B,resolved,口,口,Bộ Khẩu,30,record-radical,data/chars/5451.json
呒,B,resolved,口,口,Bộ Khẩu,30,record-radical,data/chars/5452.json
呓,B,resolved,口,口,Bộ Khẩu,30,record-radical,data/chars/5453.json
呔,C,not-resolved,太,,,,not-resolved,data/chars/5454.json
呕,A,resolved,口,口,Bộ Khẩu,30,record-radical,data/chars/5455.json
呖,B,resolved,口,口,Bộ Khẩu,30,record-radical,data/chars/5456.json
呗,B,resolved,口,口,Bộ Khẩu,30,record-radical,data/chars/5457.json
员,A,resolved,口,口,Bộ Khẩu,30,record-radical,data/chars/5458.json
呙,C,not-resolved,,,,,not-resolved,data/chars/5459.json
呛,A,resolved,口,口,Bộ Khẩu,30,record-radical,data/chars/545B.json
呜,A,resolved,口,口,Bộ Khẩu,30,record-radical,data/chars/545C.json
呝,C,not-resolved,,,,,not-resolved,data/chars/545D.json
呠,C,not-resolved,,,,,not-resolved,data/chars/5460.json
呡,C,not-resolved,,,,,not-resolved,data/chars/5461.json
呢,A,resolved,口,口,Bộ Khẩu,30,record-radical,data/chars/5462.json
呣,B,resolved,口,口,Bộ Khẩu,30,record-radical,data/chars/5463.json
呤,B,resolved,口,口,Bộ Khẩu,30,record-radical,data/chars/5464.json
呦,B,resolved,口,口,Bộ Khẩu,30,record-radical,data/chars/5466.json
呧,C,not-resolved,,,,,not-resolved,data/chars/5467.json
周,C,not-resolved,,,,,not-resolved,data/chars/5468.json
呫,C,not-resolved,,,,,not-resolved,data/chars/546B.json
呬,C,not-resolved,,,,,not-resolved,data/chars/546C.json
呯,C,not-resolved,,,,,not-resolved,data/chars/546F.json
呰,C,not-resolved,,,,,not-resolved,data/chars/5470.json
呱,B,resolved,口,口,Bộ Khẩu,30,record-radical,data/chars/5471.json
呲,B,resolved,口,口,Bộ Khẩu,30,record-radical,data/chars/5472.json
味,A,resolved,口,口,Bộ Khẩu,30,record-radical,data/chars/5473.json
呴,C,not-resolved,,,,,not-resolved,data/chars/5474.json
呵,A,resolved,口,口,Bộ Khẩu,30,record-radical,data/chars/5475.json
呶,B,resolved,口,口,Bộ Khẩu,30,record-radical,data/chars/5476.json
呷,B,resolved,口,口,Bộ Khẩu,30,record-radical,data/chars/5477.json
呸,B,resolved,口,口,Bộ Khẩu,30,record-radical,data/chars/5478.json
呺,C,not-resolved,,,,,not-resolved,data/chars/547A.json
呻,A,resolved,口,口,Bộ Khẩu,30,record-radical,data/chars/547B.json
呼,A,resolved,口,口,Bộ Khẩu,30,record-radical,data/chars/547C.json
命,A,resolved,口,口,Bộ Khẩu,30,record-radical,data/chars/547D.json
呿,C,not-resolved,,,,,not-resolved,data/chars/547F.json
咀,A,resolved,口,口,Bộ Khẩu,30,record-radical,data/chars/5480.json
咁,C,not-resolved,,,,,not-resolved,data/chars/5481.json
咂,B,resolved,口,口,Bộ Khẩu,30,record-radical,data/chars/5482.json
咄,B,resolved,口,口,Bộ Khẩu,30,record-radical,data/chars/5484.json
咅,C,not-resolved,◎,,,,not-resolved,data/chars/5485.json
咆,B,resolved,口,口,Bộ Khẩu,30,record-radical,data/chars/5486.json
咇,C,not-resolved,,,,,not-resolved,data/chars/5487.json
咈,C,not-resolved,,,,,not-resolved,data/chars/5488.json
咋,B,resolved,口,口,Bộ Khẩu,30,record-radical,data/chars/548B.json
和,A,resolved,口,口,Bộ Khẩu,30,record-radical,data/chars/548C.json
咍,C,not-resolved,,,,,not-resolved,data/chars/548D.json
咎,B,resolved,口,口,Bộ Khẩu,30,record-radical,data/chars/548E.json
咏,A,resolved,口,口,Bộ Khẩu,30,record-radical,data/chars/548F.json
咐,A,resolved,口,口,Bộ Khẩu,30,record-radical,data/chars/5490.json
咑,B,resolved,口,口,Bộ Khẩu,30,record-radical,data/chars/5491.json
咒,C,not-resolved,,,,,not-resolved,data/chars/5492.json
咔,B,resolved,口,口,Bộ Khẩu,30,record-radical,data/chars/5494.json
咕,A,resolved,口,口,Bộ Khẩu,30,record-radical,data/chars/5495.json
咖,A,resolved,口,口,Bộ Khẩu,30,record-radical,data/chars/5496.json
咗,C,not-resolved,,,,,not-resolved,data/chars/5497.json
咙,A,resolved,口,口,Bộ Khẩu,30,record-radical,data/chars/5499.json
咚,B,resolved,口,口,Bộ Khẩu,30,record-radical,data/chars/549A.json
咛,B,resolved,口,口,Bộ Khẩu,30,record-radical,data/chars/549B.json
咝,B,resolved,口,口,Bộ Khẩu,30,record-radical,data/chars/549D.json
咠,C,not-resolved,,,,,not-resolved,data/chars/54A0.json
咡,C,not-resolved,,,,,not-resolved,data/chars/54A1.json
咢,C,not-resolved,,,,,not-resolved,data/chars/54A2.json
咣,B,resolved,口,口,Bộ Khẩu,30,record-radical,data/chars/54A3.json
咤,B,resolved,口,口,Bộ Khẩu,30,record-radical,data/chars/54A4.json
咥,B,resolved,口,口,Bộ Khẩu,30,record-radical,data/chars/54A5.json
咦,B,resolved,口,口,Bộ Khẩu,30,record-radical,data/chars/54A6.json
咧,A,resolved,口,口,Bộ Khẩu,30,record-radical,data/chars/54A7.json
咨,A,resolved,口,口,Bộ Khẩu,30,record-radical,data/chars/54A8.json
咩,C,not-resolved,,,,,not-resolved,data/chars/54A9.json
咪,B,resolved,口,口,Bộ Khẩu,30,record-radical,data/chars/54AA.json
咫,C,not-resolved,尺,,,,not-resolved,data/chars/54AB.json
咬,A,resolved,口,口,Bộ Khẩu,30,record-radical,data/chars/54AC.json
咭,B,resolved,口,口,Bộ Khẩu,30,record-radical,data/chars/54AD.json
咮,C,not-resolved,,,,,not-resolved,data/chars/54AE.json
咯,B,resolved,口,口,Bộ Khẩu,30,record-radical,data/chars/54AF.json
咱,A,resolved,口,口,Bộ Khẩu,30,record-radical,data/chars/54B1.json
咳,A,resolved,口,口,Bộ Khẩu,30,record-radical,data/chars/54B3.json
咴,B,resolved,口,口,Bộ Khẩu,30,record-radical,data/chars/54B4.json
咸,C,not-resolved,戌,,,,not-resolved,data/chars/54B8.json
咹,C,not-resolved,,,,,not-resolved,data/chars/54B9.json
咺,C,not-resolved,,,,,not-resolved,data/chars/54BA.json
咻,B,resolved,口,口,Bộ Khẩu,30,record-radical,data/chars/54BB.json
咽,A,resolved,口,口,Bộ Khẩu,30,record-radical,data/chars/54BD.json
咾,B,resolved,口,口,Bộ Khẩu,30,record-radical,data/chars/54BE.json
咿,B,resolved,口,口,Bộ Khẩu,30,record-radical,data/chars/54BF.json
哀,A,resolved,口,口,Bộ Khẩu,30,record-radical,data/chars/54C0.json
品,A,resolved,口,口,Bộ Khẩu,30,record-radical,data/chars/54C1.json
哂,B,resolved,口,口,Bộ Khẩu,30,record-radical,data/chars/54C2.json
哄,A,resolved,口,口,Bộ Khẩu,30,record-radical,data/chars/54C4.json
哆,A,resolved,口,口,Bộ Khẩu,30,record-radical,data/chars/54C6.json
哇,B,resolved,口,口,Bộ Khẩu,30,record-radical,data/chars/54C7.json
哈,A,resolved,口,口,Bộ Khẩu,30,record-radical,data/chars/54C8.json
哉,B,resolved,口,口,Bộ Khẩu,30,record-radical,data/chars/54C9.json
哋,C,not-resolved,,,,,not-resolved,data/chars/54CB.json
哌,B,resolved,口,口,Bộ Khẩu,30,record-radical,data/chars/54CC.json
响,A,resolved,口,口,Bộ Khẩu,30,record-radical,data/chars/54CD.json
哎,A,resolved,口,口,Bộ Khẩu,30,record-radical,data/chars/54CE.json
哏,B,resolved,口,口,Bộ Khẩu,30,record-radical,data/chars/54CF.json
哐,B,resolved,口,口,Bộ Khẩu,30,record-radical,data/chars/54D0.json
哑,A,resolved,口,口,Bộ Khẩu,30,record-radical,data/chars/54D1.json
哒,A,resolved,口,口,Bộ Khẩu,30,record-radical,data/chars/54D2.json
哓,B,resolved,口,口,Bộ Khẩu,30,record-radical,data/chars/54D3.json
哔,B,resolved,口,口,Bộ Khẩu,30,record-radical,data/chars/54D4.json
哕,B,resolved,口,口,Bộ Khẩu,30,record-radical,data/chars/54D5.json
哗,A,resolved,口,口,Bộ Khẩu,30,record-radical,data/chars/54D7.json
哙,B,resolved,口,口,Bộ Khẩu,30,record-radical,data/chars/54D9.json
哚,B,resolved,口,口,Bộ Khẩu,30,record-radical,data/chars/54DA.json
哜,B,resolved,口,口,Bộ Khẩu,30,record-radical,data/chars/54DC.json
哝,B,resolved,口,口,Bộ Khẩu,30,record-radical,data/chars/54DD.json
哞,B,resolved,口,口,Bộ Khẩu,30,record-radical,data/chars/54DE.json
哟,B,resolved,口,口,Bộ Khẩu,30,record-radical,data/chars/54DF.json
哢,C,not-resolved,,,,,not-resolved,data/chars/54E2.json
哤,C,not-resolved,,,,,not-resolved,data/chars/54E4.json
哥,C,not-resolved,可,,,,not-resolved,data/chars/54E5.json
哦,B,resolved,口,口,Bộ Khẩu,30,record-radical,data/chars/54E6.json
哧,B,resolved,口,口,Bộ Khẩu,30,record-radical,data/chars/54E7.json
哨,A,resolved,口,口,Bộ Khẩu,30,record-radical,data/chars/54E8.json
哩,B,resolved,口,口,Bộ Khẩu,30,record-radical,data/chars/54E9.json
哪,A,resolved,口,口,Bộ Khẩu,30,record-radical,data/chars/54EA.json
哫,C,not-resolved,,,,,not-resolved,data/chars/54EB.json
哭,C,not-resolved,吅,,,,not-resolved,data/chars/54ED.json
哮,A,resolved,口,口,Bộ Khẩu,30,record-radical,data/chars/54EE.json
哰,C,not-resolved,,,,,not-resolved,data/chars/54F0.json
哱,B,resolved,口,口,Bộ Khẩu,30,record-radical,data/chars/54F1.json
哲,A,resolved,口,口,Bộ Khẩu,30,record-radical,data/chars/54F2.json
哳,B,resolved,口,口,Bộ Khẩu,30,record-radical,data/chars/54F3.json
哺,A,resolved,口,口,Bộ Khẩu,30,record-radical,data/chars/54FA.json
哼,A,resolved,口,口,Bộ Khẩu,30,record-radical,data/chars/54FC.json
哽,B,resolved,口,口,Bộ Khẩu,30,record-radical,data/chars/54FD.json
哿,C,not-resolved,加,,,,not-resolved,data/chars/54FF.json
唁,B,resolved,口,口,Bộ Khẩu,30,record-radical,data/chars/5501.json
唂,C,not-resolved,,,,,not-resolved,data/chars/5502.json
唃,C,not-resolved,,,,,not-resolved,data/chars/5503.json
唅,C,not-resolved,,,,,not-resolved,data/chars/5505.json
唆,A,resolved,口,口,Bộ Khẩu,30,record-radical,data/chars/5506.json
唇,A,resolved,口,口,Bộ Khẩu,30,record-radical,data/chars/5507.json
唈,C,not-resolved,,,,,not-resolved,data/chars/5508.json
唉,A,resolved,口,口,Bộ Khẩu,30,record-radical,data/chars/5509.json
唊,C,not-resolved,,,,,not-resolved,data/chars/550A.json
唎,B,resolved,口,口,Bộ Khẩu,30,record-radical,data/chars/550E.json
唏,A,resolved,口,口,Bộ Khẩu,30,record-radical,data/chars/550F.json
唐,A,resolved,口,口,Bộ Khẩu,30,record-radical,data/chars/5510.json
唑,B,resolved,口,口,Bộ Khẩu,30,record-radical,data/chars/5511.json
唔,B,resolved,口,口,Bộ Khẩu,30,record-radical,data/chars/5514.json
唛,B,resolved,口,口,Bộ Khẩu,30,record-radical,data/chars/551B.json
唝,B,resolved,口,口,Bộ Khẩu,30,record-radical,data/chars/551D.json
唞,C,not-resolved,,,,,not-resolved,data/chars/551E.json
唠,A,resolved,口,口,Bộ Khẩu,30,record-radical,data/chars/5520.json
唡,C,not-resolved,,,,,not-resolved,data/chars/5521.json
唢,C,not-resolved,,,,,not-resolved,data/chars/5522.json
唣,B,resolved,口,口,Bộ Khẩu,30,record-radical,data/chars/5523.json
唤,A,resolved,口,口,Bộ Khẩu,30,record-radical,data/chars/5524.json
唧,B,resolved,口,口,Bộ Khẩu,30,record-radical,data/chars/5527.json
唪,B,resolved,口,口,Bộ Khẩu,30,record-radical,data/chars/552A.json
唫,B,resolved,口,口,Bộ Khẩu,30,record-radical,data/chars/552B.json
唬,A,resolved,口,口,Bộ Khẩu,30,record-radical,data/chars/552C.json
售,A,resolved,口,口,Bộ Khẩu,30,record-radical,data/chars/552E.json
唯,A,resolved,口,口,Bộ Khẩu,30,record-radical,data/chars/552F.json
唰,B,resolved,口,口,Bộ Khẩu,30,record-radical,data/chars/5530.json
唱,A,resolved,口,口,Bộ Khẩu,30,record-radical,data/chars/5531.json
唲,C,not-resolved,,,,,not-resolved,data/chars/5532.json
唳,B,resolved,口,口,Bộ Khẩu,30,record-radical,data/chars/5533.json
唵,B,resolved,口,口,Bộ Khẩu,30,record-radical,data/chars/5535.json
唶,C,not-resolved,,,,,not-resolved,data/chars/5536.json
唷,B,resolved,口,口,Bộ Khẩu,30,record-radical,data/chars/5537.json
唹,C,not-resolved,,,,,not-resolved,data/chars/5539.json
唻,C,not-resolved,,,,,not-resolved,data/chars/553B.json
唼,B,resolved,口,口,Bộ Khẩu,30,record-radical,data/chars/553C.json
唾,A,resolved,口,口,Bộ Khẩu,30,record-radical,data/chars/553E.json
唿,B,resolved,口,口,Bộ Khẩu,30,record-radical,data/chars/553F.json
啀,C,not-resolved,,,,,not-resolved,data/chars/5540.json
啁,B,resolved,口,口,Bộ Khẩu,30,record-radical,data/chars/5541.json
啃,B,resolved,口,口,Bộ Khẩu,30,record-radical,data/chars/5543.json
啄,B,resolved,口,口,Bộ Khẩu,30,record-radical,data/chars/5544.json
啅,C,not-resolved,,,,,not-resolved,data/chars/5545.json
商,A,resolved,辛,辛,Bộ Tân,160,record-radical,data/chars/5546.json
啇,C,not-resolved,,,,,not-resolved,data/chars/5547.json
啉,B,resolved,口,口,Bộ Khẩu,30,record-radical,data/chars/5549.json
啊,A,resolved,口,口,Bộ Khẩu,30,record-radical,data/chars/554A.json
啍,C,not-resolved,,,,,not-resolved,data/chars/554D.json
啎,C,not-resolved,,,,,not-resolved,data/chars/554E.json
啐,B,resolved,口,口,Bộ Khẩu,30,record-radical,data/chars/5550.json
啕,B,resolved,口,口,Bộ Khẩu,30,record-radical,data/chars/5555.json
啖,B,resolved,口,口,Bộ Khẩu,30,record-radical,data/chars/5556.json
啚,C,not-resolved,,,,,not-resolved,data/chars/555A.json
啜,B,resolved,口,口,Bộ Khẩu,30,record-radical,data/chars/555C.json
啡,A,resolved,口,口,Bộ Khẩu,30,record-radical,data/chars/5561.json
啤,A,resolved,口,口,Bộ Khẩu,30,record-radical,data/chars/5564.json
啥,B,resolved,口,口,Bộ Khẩu,30,record-radical,data/chars/5565.json
啦,B,resolved,口,口,Bộ Khẩu,30,record-radical,data/chars/5566.json
啧,B,resolved,口,口,Bộ Khẩu,30,record-radical,data/chars/5567.json
啪,B,resolved,口,口,Bộ Khẩu,30,record-radical,data/chars/556A.json
啫,B,resolved,口,口,Bộ Khẩu,30,record-radical,data/chars/556B.json
啬,C,not-resolved,麦,,,,not-resolved,data/chars/556C.json
啭,B,resolved,口,口,Bộ Khẩu,30,record-radical,data/chars/556D.json
啮,A,resolved,口,口,Bộ Khẩu,30,record-radical,data/chars/556E.json
啯,C,not-resolved,,,,,not-resolved,data/chars/556F.json
啰,A,resolved,口,口,Bộ Khẩu,30,record-radical,data/chars/5570.json
啱,C,not-resolved,,,,,not-resolved,data/chars/5571.json
啲,C,not-resolved,,,,,not-resolved,data/chars/5572.json
啴,B,resolved,口,口,Bộ Khẩu,30,record-radical,data/chars/5574.json
啵,C,not-resolved,,,,,not-resolved,data/chars/5575.json
啶,B,resolved,口,口,Bộ Khẩu,30,record-radical,data/chars/5576.json
啷,B,resolved,口,口,Bộ Khẩu,30,record-radical,data/chars/5577.json
啸,A,resolved,口,口,Bộ Khẩu,30,record-radical,data/chars/5578.json
啺,C,not-resolved,,,,,not-resolved,data/chars/557A.json
啻,B,resolved,口,口,Bộ Khẩu,30,record-radical,data/chars/557B.json
啼,A,resolved,口,口,Bộ Khẩu,30,record-radical,data/chars/557C.json
啽,C,not-resolved,,,,,not-resolved,data/chars/557D.json
啾,B,resolved,口,口,Bộ Khẩu,30,record-radical,data/chars/557E.json
喀,B,resolved,口,口,Bộ Khẩu,30,record-radical,data/chars/5580.json
喁,B,resolved,口,口,Bộ Khẩu,30,record-radical,data/chars/5581.json
喂,A,resolved,口,口,Bộ Khẩu,30,record-radical,data/chars/5582.json
喃,B,resolved,口,口,Bộ Khẩu,30,record-radical,data/chars/5583.json
善,A,resolved,羊,羊,Bộ Dương,123,record-radical,data/chars/5584.json
喇,A,resolved,口,口,Bộ Khẩu,30,record-radical,data/chars/5587.json
喈,B,resolved,口,口,Bộ Khẩu,30,record-radical,data/chars/5588.json
喉,A,resolved,口,口,Bộ Khẩu,30,record-radical,data/chars/5589.json
喊,A,resolved,口,口,Bộ Khẩu,30,record-radical,data/chars/558A.json
喋,B,resolved,口,口,Bộ Khẩu,30,record-radical,data/chars/558B.json
喌,C,not-resolved,,,,,not-resolved,data/chars/558C.json
喏,B,resolved,口,口,Bộ Khẩu,30,record-radical,data/chars/558F.json
喑,B,resolved,口,口,Bộ Khẩu,30,record-radical,data/chars/5591.json
喓,C,not-resolved,,,,,not-resolved,data/chars/5593.json
喔,B,resolved,口,口,Bộ Khẩu,30,record-radical,data/chars/5594.json
喘,A,resolved,口,口,Bộ Khẩu,30,record-radical,data/chars/5598.json
喙,C,not-resolved,,,,,not-resolved,data/chars/5599.json
喜,C,not-resolved,壴,,,,not-resolved,data/chars/559C.json
喝,A,resolved,口,口,Bộ Khẩu,30,record-radical,data/chars/559D.json
喟,B,resolved,口,口,Bộ Khẩu,30,record-radical,data/chars/559F.json
喣,C,not-resolved,,,,,not-resolved,data/chars/55A3.json
喤,C,not-resolved,,,,,not-resolved,data/chars/55A4.json
喥,C,not-resolved,,,,,not-resolved,data/chars/55A5.json
喦,C,not-resolved,,,,,not-resolved,data/chars/55A6.json
喧,A,resolved,口,口,Bộ Khẩu,30,record-radical,data/chars/55A7.json
喨,B,resolved,口,口,Bộ Khẩu,30,record-radical,data/chars/55A8.json
喩,C,not-resolved,,,,,not-resolved,data/chars/55A9.json
喭,C,not-resolved,,,,,not-resolved,data/chars/55AD.json
喰,C,not-resolved,,,,,not-resolved,data/chars/55B0.json
喱,C,not-resolved,,,,,not-resolved,data/chars/55B1.json
喳,B,resolved,口,口,Bộ Khẩu,30,record-radical,data/chars/55B3.json
喵,B,resolved,口,口,Bộ Khẩu,30,record-radical,data/chars/55B5.json
営,C,not-resolved,,,,,not-resolved,data/chars/55B6.json
喷,A,resolved,口,口,Bộ Khẩu,30,record-radical,data/chars/55B7.json
喹,B,resolved,口,口,Bộ Khẩu,30,record-radical,data/chars/55B9.json
喺,C,not-resolved,,,,,not-resolved,data/chars/55BA.json
喻,A,resolved,口,口,Bộ Khẩu,30,record-radical,data/chars/55BB.json
喼,B,resolved,口,口,Bộ Khẩu,30,record-radical,data/chars/55BC.json
喽,B,resolved,口,口,Bộ Khẩu,30,record-radical,data/chars/55BD.json
喾,C,not-resolved,,,,,not-resolved,data/chars/55BE.json
喿,C,not-resolved,品,,,,not-resolved,data/chars/55BF.json
嗀,C,not-resolved,,,,,not-resolved,data/chars/55C0.json
嗃,C,not-resolved,,,,,not-resolved,data/chars/55C3.json
嗄,B,resolved,口,口,Bộ Khẩu,30,record-radical,data/chars/55C4.json
嗅,C,not-resolved,,,,,not-resolved,data/chars/55C5.json
嗈,C,not-resolved,,,,,not-resolved,data/chars/55C8.json
嗉,B,resolved,口,口,Bộ Khẩu,30,record-radical,data/chars/55C9.json
嗌,B,resolved,口,口,Bộ Khẩu,30,record-radical,data/chars/55CC.json
嗍,B,resolved,口,口,Bộ Khẩu,30,record-radical,data/chars/55CD.json
嗐,B,resolved,口,口,Bộ Khẩu,30,record-radical,data/chars/55D0.json
嗑,A,resolved,口,口,Bộ Khẩu,30,record-radical,data/chars/55D1.json
嗒,B,resolved,口,口,Bộ Khẩu,30,record-radical,data/chars/55D2.json
嗓,A,resolved,口,口,Bộ Khẩu,30,record-radical,data/chars/55D3.json
嗔,B,resolved,口,口,Bộ Khẩu,30,record-radical,data/chars/55D4.json
嗕,C,not-resolved,,,,,not-resolved,data/chars/55D5.json
嗖,B,resolved,口,口,Bộ Khẩu,30,record-radical,data/chars/55D6.json
嗙,C,not-resolved,,,,,not-resolved,data/chars/55D9.json
嗛,C,not-resolved,,,,,not-resolved,data/chars/55DB.json
嗜,A,resolved,口,口,Bộ Khẩu,30,record-radical,data/chars/55DC.json
嗝,A,resolved,口,口,Bộ Khẩu,30,record-radical,data/chars/55DD.json
嗟,B,resolved,口,口,Bộ Khẩu,30,record-radical,data/chars/55DF.json
嗡,B,resolved,口,口,Bộ Khẩu,30,record-radical,data/chars/55E1.json
嗣,C,not-resolved,冊,,,,not-resolved,data/chars/55E3.json
嗤,C,not-resolved,,,,,not-resolved,data/chars/55E4.json
嗥,B,resolved,口,口,Bộ Khẩu,30,record-radical,data/chars/55E5.json
嗦,A,resolved,口,口,Bộ Khẩu,30,record-radical,data/chars/55E6.json
嗨,B,resolved,口,口,Bộ Khẩu,30,record-radical,data/chars/55E8.json
嗪,B,resolved,口,口,Bộ Khẩu,30,record-radical,data/chars/55EA.json
嗫,B,resolved,口,口,Bộ Khẩu,30,record-radical,data/chars/55EB.json
嗬,B,resolved,口,口,Bộ Khẩu,30,record-radical,data/chars/55EC.json
嗯,B,resolved,口,口,Bộ Khẩu,30,record-radical,data/chars/55EF.json
嗲,B,resolved,口,口,Bộ Khẩu,30,record-radical,data/chars/55F2.json
嗳,B,resolved,口,口,Bộ Khẩu,30,record-radical,data/chars/55F3.json
嗵,B,resolved,口,口,Bộ Khẩu,30,record-radical,data/chars/55F5.json
嗷,B,resolved,口,口,Bộ Khẩu,30,record-radical,data/chars/55F7.json
嗹,C,not-resolved,,,,,not-resolved,data/chars/55F9.json
嗻,C,not-resolved,,,,,not-resolved,data/chars/55FB.json
嗽,A,resolved,口,口,Bộ Khẩu,30,record-radical,data/chars/55FD.json
嗾,C,not-resolved,,,,,not-resolved,data/chars/55FE.json
嗿,C,not-resolved,,,,,not-resolved,data/chars/55FF.json
嘀,B,resolved,口,口,Bộ Khẩu,30,record-radical,data/chars/5600.json
嘁,B,resolved,口,口,Bộ Khẩu,30,record-radical,data/chars/5601.json
嘂,C,not-resolved,,,,,not-resolved,data/chars/5602.json
嘅,B,resolved,口,口,Bộ Khẩu,30,record-radical,data/chars/5605.json
嘈,A,resolved,口,口,Bộ Khẩu,30,record-radical,data/chars/5608.json
嘉,C,not-resolved,壴,,,,not-resolved,data/chars/5609.json
嘌,B,resolved,口,口,Bộ Khẩu,30,record-radical,data/chars/560C.json
嘎,B,resolved,口,口,Bộ Khẩu,30,record-radical,data/chars/560E.json
嘏,C,not-resolved,叚,,,,not-resolved,data/chars/560F.json
嘐,C,not-resolved,,,,,not-resolved,data/chars/5610.json
嘒,C,not-resolved,,,,,not-resolved,data/chars/5612.json
嘘,A,resolved,口,口,Bộ Khẩu,30,record-radical,data/chars/5618.json
嘚,B,resolved,口,口,Bộ Khẩu,30,record-radical,data/chars/561A.json
嘛,A,resolved,口,口,Bộ Khẩu,30,record-radical,data/chars/561B.json
嘞,B,resolved,口,口,Bộ Khẩu,30,record-radical,data/chars/561E.json
嘟,A,resolved,口,口,Bộ Khẩu,30,record-radical,data/chars/561F.json
嘡,C,not-resolved,,,,,not-resolved,data/chars/5621.json
嘢,B,resolved,口,口,Bộ Khẩu,30,record-radical,data/chars/5622.json
嘣,B,resolved,口,口,Bộ Khẩu,30,record-radical,data/chars/5623.json
嘤,B,resolved,口,口,Bộ Khẩu,30,record-radical,data/chars/5624.json
嘥,C,not-resolved,,,,,not-resolved,data/chars/5625.json
嘦,C,not-resolved,,,,,not-resolved,data/chars/5626.json
嘧,B,resolved,口,口,Bộ Khẩu,30,record-radical,data/chars/5627.json
嘫,C,not-resolved,,,,,not-resolved,data/chars/562B.json
嘬,B,resolved,口,口,Bộ Khẩu,30,record-radical,data/chars/562C.json
嘭,B,resolved,口,口,Bộ Khẩu,30,record-radical,data/chars/562D.json
嘱,A,resolved,口,口,Bộ Khẩu,30,record-radical,data/chars/5631.json
嘲,A,resolved,口,口,Bộ Khẩu,30,record-radical,data/chars/5632.json
嘴,A,resolved,口,口,Bộ Khẩu,30,record-radical,data/chars/5634.json
嘶,B,resolved,口,口,Bộ Khẩu,30,record-radical,data/chars/5636.json
嘹,B,resolved,口,口,Bộ Khẩu,30,record-radical,data/chars/5639.json
嘻,C,not-resolved,,,,,not-resolved,data/chars/563B.json
嘿,A,resolved,口,口,Bộ Khẩu,30,record-radical,data/chars/563F.json
噀,C,not-resolved,,,,,not-resolved,data/chars/5640.json
噂,C,not-resolved,,,,,not-resolved,data/chars/5642.json
噇,C,not-resolved,,,,,not-resolved,data/chars/5647.json
噌,B,resolved,口,口,Bộ Khẩu,30,record-radical,data/chars/564C.json
噍,B,resolved,口,口,Bộ Khẩu,30,record-radical,data/chars/564D.json
噎,B,resolved,口,口,Bộ Khẩu,30,record-radical,data/chars/564E.json
噏,C,not-resolved,,,,,not-resolved,data/chars/564F.json
噔,B,resolved,口,口,Bộ Khẩu,30,record-radical,data/chars/5654.json
噗,B,resolved,口,口,Bộ Khẩu,30,record-radical,data/chars/5657.json
噘,A,resolved,口,口,Bộ Khẩu,30,record-radical,data/chars/5658.json
噙,B,resolved,口,口,Bộ Khẩu,30,record-radical,data/chars/5659.json
噛,C,not-resolved,,,,,not-resolved,data/chars/565B.json
噜,B,resolved,口,口,Bộ Khẩu,30,record-radical,data/chars/565C.json
噞,C,not-resolved,,,,,not-resolved,data/chars/565E.json
噢,B,resolved,口,口,Bộ Khẩu,30,record-radical,data/chars/5662.json
噤,C,not-resolved,,,,,not-resolved,data/chars/5664.json
器,A,resolved,口,口,Bộ Khẩu,30,record-radical,data/chars/5668.json
噩,C,not-resolved,,,,,not-resolved,data/chars/5669.json
噪,C,not-resolved,,,,,not-resolved,data/chars/566A.json
噫,B,resolved,口,口,Bộ Khẩu,30,record-radical,data/chars/566B.json
噬,A,resolved,口,口,Bộ Khẩu,30,record-radical,data/chars/566C.json
噭,C,not-resolved,,,,,not-resolved,data/chars/566D.json
噱,B,resolved,口,口,Bộ Khẩu,30,record-radical,data/chars/5671.json
噳,C,not-resolved,,,,,not-resolved,data/chars/5673.json
噶,B,resolved,口,口,Bộ Khẩu,30,record-radical,data/chars/5676.json
噷,C,not-resolved,,,,,not-resolved,data/chars/5677.json
噻,B,resolved,口,口,Bộ Khẩu,30,record-radical,data/chars/567B.json
噼,B,resolved,口,口,Bộ Khẩu,30,record-radical,data/chars/567C.json
嚃,C,not-resolved,,,,,not-resolved,data/chars/5683.json
嚄,B,resolved,口,口,Bộ Khẩu,30,record-radical,data/chars/5684.json
嚅,B,resolved,口,口,Bộ Khẩu,30,record-radical,data/chars/5685.json
嚆,B,resolved,口,口,Bộ Khẩu,30,record-radical,data/chars/5686.json
嚉,C,not-resolved,,,,,not-resolved,data/chars/5689.json
嚎,B,resolved,口,口,Bộ Khẩu,30,record-radical,data/chars/568E.json
嚏,A,resolved,口,口,Bộ Khẩu,30,record-radical,data/chars/568F.json
嚓,B,resolved,口,口,Bộ Khẩu,30,record-radical,data/chars/5693.json
嚔,C,not-resolved,,,,,not-resolved,data/chars/5694.json
嚚,C,not-resolved,,,,,not-resolved,data/chars/569A.json
嚜,C,not-resolved,,,,,not-resolved,data/chars/569C.json
嚝,C,not-resolved,,,,,not-resolved,data/chars/569D.json
嚞,C,not-resolved,,,,,not-resolved,data/chars/569E.json
嚟,C,not-resolved,,,,,not-resolved,data/chars/569F.json
嚣,C,not-resolved,,,,,not-resolved,data/chars/56A3.json
嚬,C,not-resolved,,,,,not-resolved,data/chars/56AC.json
嚭,C,not-resolved,,,,,not-resolved,data/chars/56AD.json
嚯,B,resolved,口,口,Bộ Khẩu,30,record-radical,data/chars/56AF.json
嚱,C,not-resolved,,,,,not-resolved,data/chars/56B1.json
嚵,C,not-resolved,,,,,not-resolved,data/chars/56B5.json
嚷,A,resolved,口,口,Bộ Khẩu,30,record-radical,data/chars/56B7.json
嚼,A,resolved,口,口,Bộ Khẩu,30,record-radical,data/chars/56BC.json
囆,C,not-resolved,,,,,not-resolved,data/chars/56C6.json
囊,A,resolved,口,口,Bộ Khẩu,30,record-radical,data/chars/56CA.json
囍,C,not-resolved,,,,,not-resolved,data/chars/56CD.json
囒,C,not-resolved,,,,,not-resolved,data/chars/56D2.json
囔,A,resolved,口,口,Bộ Khẩu,30,record-radical,data/chars/56D4.json
囖,C,not-resolved,,,,,not-resolved,data/chars/56D6.json
囗,B,resolved,囗,囗,Bộ Vi,31,self-radical,radical_learning_notes.json
囘,C,not-resolved,,,,,not-resolved,data/chars/56D8.json
囚,A,resolved,囗,囗,Bộ Vi,31,record-radical,data/chars/56DA.json
四,C,not-resolved,,,,,not-resolved,data/chars/56DB.json
囝,C,not-resolved,,,,,not-resolved,data/chars/56DD.json
回,C,not-resolved,,,,,not-resolved,data/chars/56DE.json
囟,C,not-resolved,,,,,not-resolved,data/chars/56DF.json
因,A,resolved,囗,囗,Bộ Vi,31,record-radical,data/chars/56E0.json
囡,C,not-resolved,,,,,not-resolved,data/chars/56E1.json
团,A,resolved,囗,囗,Bộ Vi,31,record-radical,data/chars/56E2.json
団,C,not-resolved,,,,,not-resolved,data/chars/56E3.json
囤,B,resolved,囗,囗,Bộ Vi,31,record-radical,data/chars/56E4.json
囥,C,not-resolved,,,,,not-resolved,data/chars/56E5.json
囦,C,not-resolved,,,,,not-resolved,data/chars/56E6.json
囧,C,not-resolved,,,,,not-resolved,data/chars/56E7.json
囨,C,not-resolved,,,,,not-resolved,data/chars/56E8.json
囫,B,resolved,囗,囗,Bộ Vi,31,record-radical,data/chars/56EB.json
囬,C,not-resolved,,,,,not-resolved,data/chars/56EC.json
园,A,resolved,囗,囗,Bộ Vi,31,record-radical,data/chars/56ED.json
囮,C,not-resolved,,,,,not-resolved,data/chars/56EE.json
囯,C,not-resolved,,,,,not-resolved,data/chars/56EF.json
困,A,resolved,囗,囗,Bộ Vi,31,record-radical,data/chars/56F0.json
囱,C,not-resolved,,,,,not-resolved,data/chars/56F1.json
囲,C,not-resolved,,,,,not-resolved,data/chars/56F2.json
図,C,not-resolved,,,,,not-resolved,data/chars/56F3.json
围,A,resolved,囗,囗,Bộ Vi,31,record-radical,data/chars/56F4.json
囵,B,resolved,囗,囗,Bộ Vi,31,record-radical,data/chars/56F5.json
囶,C,not-resolved,,,,,not-resolved,data/chars/56F6.json
囷,C,not-resolved,,,,,not-resolved,data/chars/56F7.json
囸,C,not-resolved,,,,,not-resolved,data/chars/56F8.json
囹,B,resolved,囗,囗,Bộ Vi,31,record-radical,data/chars/56F9.json
固,A,resolved,囗,囗,Bộ Vi,31,record-radical,data/chars/56FA.json
囻,C,not-resolved,,,,,not-resolved,data/chars/56FB.json
国,A,resolved,囗,囗,Bộ Vi,31,record-radical,data/chars/56FD.json
图,A,resolved,囗,囗,Bộ Vi,31,record-radical,data/chars/56FE.json
囿,B,resolved,囗,囗,Bộ Vi,31,record-radical,data/chars/56FF.json
圀,C,not-resolved,,,,,not-resolved,data/chars/5700.json
圂,C,not-resolved,,,,,not-resolved,data/chars/5702.json
圃,B,resolved,囗,囗,Bộ Vi,31,record-radical,data/chars/5703.json
圄,B,resolved,囗,囗,Bộ Vi,31,record-radical,data/chars/5704.json
圆,A,resolved,囗,囗,Bộ Vi,31,record-radical,data/chars/5706.json
圈,A,resolved,囗,囗,Bộ Vi,31,record-radical,data/chars/5708.json
圉,B,resolved,囗,囗,Bộ Vi,31,record-radical,data/chars/5709.json
圊,B,resolved,囗,囗,Bộ Vi,31,record-radical,data/chars/570A.json
圌,C,not-resolved,,,,,not-resolved,data/chars/570C.json
圏,C,not-resolved,,,,,not-resolved,data/chars/570F.json
圐,C,not-resolved,,,,,not-resolved,data/chars/5710.json
圕,C,not-resolved,,,,,not-resolved,data/chars/5715.json
圙,B,resolved,囗,囗,Bộ Vi,31,record-radical,data/chars/5719.json
圛,C,not-resolved,,,,,not-resolved,data/chars/571B.json
圜,C,not-resolved,,,,,not-resolved,data/chars/571C.json
圞,C,not-resolved,,,,,not-resolved,data/chars/571E.json
土,A,resolved,土,土,Bộ Thổ,32,self-radical,radical_learning_notes.json
圣,A,resolved,又,又,Bộ Hựu,29,record-radical,data/chars/5723.json
圥,C,not-resolved,,,,,not-resolved,data/chars/5725.json
圧,C,not-resolved,,,,,not-resolved,data/chars/5727.json
在,C,not-resolved,才,,,,not-resolved,data/chars/5728.json
圩,B,resolved,土,土,Bộ Thổ,32,record-radical,data/chars/5729.json
圪,B,resolved,土,土,Bộ Thổ,32,record-radical,data/chars/572A.json
圬,B,resolved,土,土,Bộ Thổ,32,record-radical,data/chars/572C.json
圭,B,resolved,土,土,Bộ Thổ,32,record-radical,data/chars/572D.json
圮,B,resolved,土,土,Bộ Thổ,32,record-radical,data/chars/572E.json
圯,B,resolved,土,土,Bộ Thổ,32,record-radical,data/chars/572F.json
地,A,resolved,土,土,Bộ Thổ,32,record-radical,data/chars/5730.json
圱,C,not-resolved,,,,,not-resolved,data/chars/5731.json
圳,C,not-resolved,,,,,not-resolved,data/chars/5733.json
圴,C,not-resolved,,,,,not-resolved,data/chars/5734.json
圹,B,resolved,土,土,Bộ Thổ,32,record-radical,data/chars/5739.json
场,A,resolved,土,土,Bộ Thổ,32,record-radical,data/chars/573A.json
圻,B,resolved,土,土,Bộ Thổ,32,record-radical,data/chars/573B.json
圼,C,resolved,土,土,Bộ Thổ,32,record-radical,data/chars/573C.json
圾,A,resolved,土,土,Bộ Thổ,32,record-radical,data/chars/573E.json
址,A,resolved,土,土,Bộ Thổ,32,record-radical,data/chars/5740.json
坂,B,resolved,土,土,Bộ Thổ,32,record-radical,data/chars/5742.json
坆,C,not-resolved,,,,,not-resolved,data/chars/5746.json
均,A,resolved,土,土,Bộ Thổ,32,record-radical,data/chars/5747.json
坈,C,not-resolved,,,,,not-resolved,data/chars/5748.json
坊,A,resolved,土,土,Bộ Thổ,32,record-radical,data/chars/574A.json
坋,C,not-resolved,,,,,not-resolved,data/chars/574B.json
坌,B,resolved,土,土,Bộ Thổ,32,record-radical,data/chars/574C.json
坍,B,resolved,土,土,Bộ Thổ,32,record-radical,data/chars/574D.json
坎,A,resolved,土,土,Bộ Thổ,32,record-radical,data/chars/574E.json
坏,A,resolved,土,土,Bộ Thổ,32,record-radical,data/chars/574F.json
坐,A,resolved,人,人,Bộ Nhân,9,record-radical,data/chars/5750.json
坑,A,resolved,土,土,Bộ Thổ,32,record-radical,data/chars/5751.json
坒,C,not-resolved,,,,,not-resolved,data/chars/5752.json
坓,C,not-resolved,,,,,not-resolved,data/chars/5753.json
坕,C,not-resolved,,,,,not-resolved,data/chars/5755.json
块,A,resolved,土,土,Bộ Thổ,32,record-radical,data/chars/5757.json
坚,A,resolved,土,土,Bộ Thổ,32,record-radical,data/chars/575A.json
坛,A,resolved,土,土,Bộ Thổ,32,record-radical,data/chars/575B.json
坜,B,resolved,土,土,Bộ Thổ,32,record-radical,data/chars/575C.json
坝,A,resolved,土,土,Bộ Thổ,32,record-radical,data/chars/575D.json
坞,A,resolved,土,土,Bộ Thổ,32,record-radical,data/chars/575E.json
坟,A,resolved,土,土,Bộ Thổ,32,record-radical,data/chars/575F.json
坠,A,resolved,土,土,Bộ Thổ,32,record-radical,data/chars/5760.json
坡,A,resolved,土,土,Bộ Thổ,32,record-radical,data/chars/5761.json
坤,C,not-resolved,申,,,,not-resolved,data/chars/5764.json
坦,A,resolved,土,土,Bộ Thổ,32,record-radical,data/chars/5766.json
坨,B,resolved,土,土,Bộ Thổ,32,record-radical,data/chars/5768.json
坩,B,resolved,土,土,Bộ Thổ,32,record-radical,data/chars/5769.json
坪,A,resolved,土,土,Bộ Thổ,32,record-radical,data/chars/576A.json
坫,B,resolved,土,土,Bộ Thổ,32,record-radical,data/chars/576B.json
坭,B,resolved,土,土,Bộ Thổ,32,record-radical,data/chars/576D.json
坯,B,resolved,土,土,Bộ Thổ,32,record-radical,data/chars/576F.json
坰,C,not-resolved,,,,,not-resolved,data/chars/5770.json
坱,C,not-resolved,,,,,not-resolved,data/chars/5771.json
坲,C,not-resolved,,,,,not-resolved,data/chars/5772.json
坳,B,resolved,土,土,Bộ Thổ,32,record-radical,data/chars/5773.json
坴,B,resolved,土,土,Bộ Thổ,32,record-radical,data/chars/5774.json
坶,C,resolved,土,土,Bộ Thổ,32,record-radical,data/chars/5776.json
坷,A,resolved,土,土,Bộ Thổ,32,record-radical,data/chars/5777.json
坻,B,resolved,土,土,Bộ Thổ,32,record-radical,data/chars/577B.json
坼,B,resolved,土,土,Bộ Thổ,32,record-radical,data/chars/577C.json
垂,C,not-resolved,,,,,not-resolved,data/chars/5782.json
垃,A,resolved,土,土,Bộ Thổ,32,record-radical,data/chars/5783.json
垄,A,resolved,土,土,Bộ Thổ,32,record-radical,data/chars/5784.json
垅,B,resolved,土,土,Bộ Thổ,32,record-radical,data/chars/5785.json
垆,C,not-resolved,,,,,not-resolved,data/chars/5786.json
垈,C,not-resolved,,,,,not-resolved,data/chars/5788.json
型,A,resolved,土,土,Bộ Thổ,32,record-radical,data/chars/578B.json
垌,B,resolved,土,土,Bộ Thổ,32,record-radical,data/chars/578C.json
垍,C,not-resolved,,,,,not-resolved,data/chars/578D.json
垒,A,resolved,土,土,Bộ Thổ,32,record-radical,data/chars/5792.json
垓,B,resolved,土,土,Bộ Thổ,32,record-radical,data/chars/5793.json
垔,C,not-resolved,西,,,,not-resolved,data/chars/5794.json
垕,C,not-resolved,,,,,not-resolved,data/chars/5795.json
垖,C,not-resolved,,,,,not-resolved,data/chars/5796.json
垗,C,not-resolved,,,,,not-resolved,data/chars/5797.json
垚,C,not-resolved,,,,,not-resolved,data/chars/579A.json
垛,B,resolved,土,土,Bộ Thổ,32,record-radical,data/chars/579B.json
垝,C,not-resolved,,,,,not-resolved,data/chars/579D.json
垞,C,not-resolved,,,,,not-resolved,data/chars/579E.json
垟,C,not-resolved,,,,,not-resolved,data/chars/579F.json
垠,B,resolved,土,土,Bộ Thổ,32,record-radical,data/chars/57A0.json
垡,B,resolved,土,土,Bộ Thổ,32,record-radical,data/chars/57A1.json
垢,B,resolved,土,土,Bộ Thổ,32,record-radical,data/chars/57A2.json
垣,B,resolved,土,土,Bộ Thổ,32,record-radical,data/chars/57A3.json
垤,B,resolved,土,土,Bộ Thổ,32,record-radical,data/chars/57A4.json
垦,A,resolved,土,土,Bộ Thổ,32,record-radical,data/chars/57A6.json
垧,B,resolved,土,土,Bộ Thổ,32,record-radical,data/chars/57A7.json
垩,B,resolved,土,土,Bộ Thổ,32,record-radical,data/chars/57A9.json
垫,A,resolved,土,土,Bộ Thổ,32,record-radical,data/chars/57AB.json
垭,B,resolved,土,土,Bộ Thổ,32,record-radical,data/chars/57AD.json
垮,B,resolved,土,土,Bộ Thổ,32,record-radical,data/chars/57AE.json
垯,B,resolved,土,土,Bộ Thổ,32,record-radical,data/chars/57AF.json
垱,C,not-resolved,,,,,not-resolved,data/chars/57B1.json
垲,B,resolved,土,土,Bộ Thổ,32,record-radical,data/chars/57B2.json
垴,B,resolved,土,土,Bộ Thổ,32,record-radical,data/chars/57B4.json
垵,C,not-resolved,,,,,not-resolved,data/chars/57B5.json
垸,C,resolved,土,土,Bộ Thổ,32,record-radical,data/chars/57B8.json
垺,C,not-resolved,,,,,not-resolved,data/chars/57BA.json
垾,C,not-resolved,,,,,not-resolved,data/chars/57BE.json
垿,C,not-resolved,,,,,not-resolved,data/chars/57BF.json
埀,C,not-resolved,,,,,not-resolved,data/chars/57C0.json
埂,B,resolved,土,土,Bộ Thổ,32,record-radical,data/chars/57C2.json
埃,A,resolved,土,土,Bộ Thổ,32,record-radical,data/chars/57C3.json
埄,B,resolved,土,土,Bộ Thổ,32,record-radical,data/chars/57C4.json
埆,C,not-resolved,,,,,not-resolved,data/chars/57C6.json
埇,B,resolved,土,土,Bộ Thổ,32,record-radical,data/chars/57C7.json
埈,C,not-resolved,,,,,not-resolved,data/chars/57C8.json
埋,A,resolved,土,土,Bộ Thổ,32,record-radical,data/chars/57CB.json
埌,C,not-resolved,,,,,not-resolved,data/chars/57CC.json
城,A,resolved,土,土,Bộ Thổ,32,record-radical,data/chars/57CE.json
埏,C,not-resolved,,,,,not-resolved,data/chars/57CF.json
埒,B,resolved,土,土,Bộ Thổ,32,record-radical,data/chars/57D2.json
埔,B,resolved,土,土,Bộ Thổ,32,record-radical,data/chars/57D4.json
埕,B,resolved,土,土,Bộ Thổ,32,record-radical,data/chars/57D5.json
埗,B,resolved,土,土,Bộ Thổ,32,record-radical,data/chars/57D7.json
埘,B,resolved,土,土,Bộ Thổ,32,record-radical,data/chars/57D8.json
埙,B,resolved,土,土,Bộ Thổ,32,record-radical,data/chars/57D9.json
埚,B,resolved,土,土,Bộ Thổ,32,record-radical,data/chars/57DA.json
埛,C,not-resolved,,,,,not-resolved,data/chars/57DB.json
埝,B,resolved,土,土,Bộ Thổ,32,record-radical,data/chars/57DD.json
域,A,resolved,土,土,Bộ Thổ,32,record-radical,data/chars/57DF.json
埠,B,resolved,土,土,Bộ Thổ,32,record-radical,data/chars/57E0.json
埤,B,resolved,土,土,Bộ Thổ,32,record-radical,data/chars/57E4.json
埦,C,not-resolved,,,,,not-resolved,data/chars/57E6.json
埧,C,not-resolved,,,,,not-resolved,data/chars/57E7.json
埫,C,not-resolved,,,,,not-resolved,data/chars/57EB.json
埭,B,resolved,土,土,Bộ Thổ,32,record-radical,data/chars/57ED.json
埯,B,resolved,土,土,Bộ Thổ,32,record-radical,data/chars/57EF.json
埰,C,not-resolved,,,,,not-resolved,data/chars/57F0.json
埲,B,resolved,土,土,Bộ Thổ,32,record-radical,data/chars/57F2.json
埴,B,resolved,土,土,Bộ Thổ,32,record-radical,data/chars/57F4.json
埵,B,resolved,土,土,Bộ Thổ,32,record-radical,data/chars/57F5.json
埶,C,not-resolved,◎,,,,not-resolved,data/chars/57F6.json
埸,B,resolved,土,土,Bộ Thổ,32,record-radical,data/chars/57F8.json
培,A,resolved,土,土,Bộ Thổ,32,record-radical,data/chars/57F9.json
基,A,resolved,土,土,Bộ Thổ,32,record-radical,data/chars/57FA.json
埼,B,resolved,土,土,Bộ Thổ,32,record-radical,data/chars/57FC.json
埽,C,not-resolved,,,,,not-resolved,data/chars/57FD.json
堀,B,resolved,土,土,Bộ Thổ,32,record-radical,data/chars/5800.json
堂,C,not-resolved,尚,,,,not-resolved,data/chars/5802.json
堄,C,not-resolved,,,,,not-resolved,data/chars/5804.json
堆,A,resolved,土,土,Bộ Thổ,32,record-radical,data/chars/5806.json
堇,B,resolved,口,口,Bộ Khẩu,30,record-radical,data/chars/5807.json
堈,C,not-resolved,,,,,not-resolved,data/chars/5808.json
堉,C,not-resolved,,,,,not-resolved,data/chars/5809.json
堋,B,resolved,土,土,Bộ Thổ,32,record-radical,data/chars/580B.json
堌,C,not-resolved,,,,,not-resolved,data/chars/580C.json
堍,B,resolved,土,土,Bộ Thổ,32,record-radical,data/chars/580D.json
堎,C,not-resolved,,,,,not-resolved,data/chars/580E.json
堑,B,resolved,土,土,Bộ Thổ,32,record-radical,data/chars/5811.json
堕,A,resolved,土,土,Bộ Thổ,32,record-radical,data/chars/5815.json
堙,B,resolved,土,土,Bộ Thổ,32,record-radical,data/chars/5819.json
堞,C,not-resolved,,,,,not-resolved,data/chars/581E.json
堠,B,resolved,土,土,Bộ Thổ,32,record-radical,data/chars/5820.json
堡,A,resolved,土,土,Bộ Thổ,32,record-radical,data/chars/5821.json
堤,A,resolved,土,土,Bộ Thổ,32,record-radical,data/chars/5824.json
堧,C,not-resolved,,,,,not-resolved,data/chars/5827.json
堨,C,not-resolved,,,,,not-resolved,data/chars/5828.json
堪,C,not-resolved,,,,,not-resolved,data/chars/582A.json
堭,C,not-resolved,,,,,not-resolved,data/chars/582D.json
堮,C,not-resolved,,,,,not-resolved,data/chars/582E.json
堰,B,resolved,土,土,Bộ Thổ,32,record-radical,data/chars/5830.json
堲,C,not-resolved,,,,,not-resolved,data/chars/5832.json
堳,C,not-resolved,,,,,not-resolved,data/chars/5833.json
堵,A,resolved,土,土,Bộ Thổ,32,record-radical,data/chars/5835.json
堽,C,not-resolved,,,,,not-resolved,data/chars/583D.json
堿,B,resolved,土,土,Bộ Thổ,32,record-radical,data/chars/583F.json
塁,C,not-resolved,,,,,not-resolved,data/chars/5841.json
塂,C,not-resolved,,,,,not-resolved,data/chars/5842.json
塄,B,resolved,土,土,Bộ Thổ,32,record-radical,data/chars/5844.json
塆,C,not-resolved,,,,,not-resolved,data/chars/5846.json
塈,C,not-resolved,,,,,not-resolved,data/chars/5848.json
塌,A,resolved,土,土,Bộ Thổ,32,record-radical,data/chars/584C.json
塍,B,resolved,土,土,Bộ Thổ,32,record-radical,data/chars/584D.json
塑,A,resolved,土,土,Bộ Thổ,32,record-radical,data/chars/5851.json
塓,C,not-resolved,,,,,not-resolved,data/chars/5853.json
塔,A,resolved,土,土,Bộ Thổ,32,record-radical,data/chars/5854.json
塕,B,resolved,土,土,Bộ Thổ,32,record-radical,data/chars/5855.json
塘,A,resolved,土,土,Bộ Thổ,32,record-radical,data/chars/5858.json
塙,C,not-resolved,,,,,not-resolved,data/chars/5859.json
塝,C,not-resolved,,,,,not-resolved,data/chars/585D.json
塞,A,resolved,宀,宀,Bộ Miên,40,record-radical,data/chars/585E.json
塠,C,not-resolved,,,,,not-resolved,data/chars/5860.json
塡,C,not-resolved,,,,,not-resolved,data/chars/5861.json
塥,B,resolved,土,土,Bộ Thổ,32,record-radical,data/chars/5865.json
塩,C,not-resolved,,,,,not-resolved,data/chars/5869.json
填,A,resolved,土,土,Bộ Thổ,32,record-radical,data/chars/586B.json
塬,B,resolved,土,土,Bộ Thổ,32,record-radical,data/chars/586C.json
塱,C,not-resolved,,,,,not-resolved,data/chars/5871.json
塽,C,not-resolved,,,,,not-resolved,data/chars/587D.json
塾,B,resolved,土,土,Bộ Thổ,32,record-radical,data/chars/587E.json
墀,B,resolved,土,土,Bộ Thổ,32,record-radical,data/chars/5880.json
墁,B,resolved,土,土,Bộ Thổ,32,record-radical,data/chars/5881.json
境,A,resolved,土,土,Bộ Thổ,32,record-radical,data/chars/5883.json
墅,C,not-resolved,野,,,,not-resolved,data/chars/5885.json
墈,C,not-resolved,,,,,not-resolved,data/chars/5888.json
墉,B,resolved,土,土,Bộ Thổ,32,record-radical,data/chars/5889.json
墐,C,not-resolved,,,,,not-resolved,data/chars/5890.json
墒,B,resolved,土,土,Bộ Thổ,32,record-radical,data/chars/5892.json
墓,A,resolved,土,土,Bộ Thổ,32,record-radical,data/chars/5893.json
増,C,not-resolved,,,,,not-resolved,data/chars/5897.json
墙,A,resolved,土,土,Bộ Thổ,32,record-radical,data/chars/5899.json
墚,C,resolved,土,土,Bộ Thổ,32,record-radical,data/chars/589A.json
墝,C,not-resolved,,,,,not-resolved,data/chars/589D.json
增,A,resolved,土,土,Bộ Thổ,32,record-radical,data/chars/589E.json
墟,A,resolved,土,土,Bộ Thổ,32,record-radical,data/chars/589F.json
墦,C,not-resolved,,,,,not-resolved,data/chars/58A6.json
墨,C,not-resolved,,,,,not-resolved,data/chars/58A8.json
墩,A,resolved,土,土,Bộ Thổ,32,record-radical,data/chars/58A9.json
墫,C,not-resolved,,,,,not-resolved,data/chars/58AB.json
墬,C,not-resolved,,,,,not-resolved,data/chars/58AC.json
墰,C,not-resolved,,,,,not-resolved,data/chars/58B0.json
墵,C,not-resolved,,,,,not-resolved,data/chars/58B5.json
墺,C,not-resolved,,,,,not-resolved,data/chars/58BA.json
墼,B,resolved,土,土,Bộ Thổ,32,record-radical,data/chars/58BC.json
壁,A,resolved,土,土,Bộ Thổ,32,record-radical,data/chars/58C1.json
壅,B,resolved,土,土,Bộ Thổ,32,record-radical,data/chars/58C5.json
壆,C,not-resolved,,,,,not-resolved,data/chars/58C6.json
壊,C,not-resolved,,,,,not-resolved,data/chars/58CA.json
壌,C,not-resolved,,,,,not-resolved,data/chars/58CC.json
壎,C,not-resolved,,,,,not-resolved,data/chars/58CE.json
壑,C,not-resolved,,,,,not-resolved,data/chars/58D1.json
壒,C,not-resolved,,,,,not-resolved,data/chars/58D2.json
壔,C,not-resolved,,,,,not-resolved,data/chars/58D4.json
壕,B,resolved,土,土,Bộ Thổ,32,record-radical,data/chars/58D5.json
壖,C,not-resolved,,,,,not-resolved,data/chars/58D6.json
壜,C,not-resolved,,,,,not-resolved,data/chars/58DC.json
壝,C,not-resolved,,,,,not-resolved,data/chars/58DD.json
壡,C,not-resolved,,,,,not-resolved,data/chars/58E1.json
壤,A,resolved,土,土,Bộ Thổ,32,record-radical,data/chars/58E4.json
士,A,resolved,士,士,Bộ Sĩ,33,self-radical,radical_learning_notes.json
壬,C,not-resolved,,,,,not-resolved,data/chars/58EC.json
壭,C,not-resolved,,,,,not-resolved,data/chars/58ED.json
壮,A,resolved,士,士,Bộ Sĩ,33,record-radical,data/chars/58EE.json
声,C,not-resolved,,,,,not-resolved,data/chars/58F0.json
壱,C,not-resolved,,,,,not-resolved,data/chars/58F1.json
売,C,not-resolved,,,,,not-resolved,data/chars/58F2.json
壳,C,not-resolved,,,,,not-resolved,data/chars/58F3.json
壴,C,not-resolved,◎,,,,not-resolved,data/chars/58F4.json
壶,C,not-resolved,,,,,not-resolved,data/chars/58F6.json
壸,C,not-resolved,,,,,not-resolved,data/chars/58F8.json
壹,C,not-resolved,,,,,not-resolved,data/chars/58F9.json
壿,C,not-resolved,,,,,not-resolved,data/chars/58FF.json
夀,C,not-resolved,,,,,not-resolved,data/chars/5900.json
夂,B,resolved,夂,夂,Bộ Tuy,34,self-radical,radical_learning_notes.json
处,A,resolved,夂,夂,Bộ Tuy,34,record-radical,data/chars/5904.json
夅,C,not-resolved,,,,,not-resolved,data/chars/5905.json
夆,B,resolved,夂,夂,Bộ Tuy,34,record-radical,data/chars/5906.json
备,A,resolved,亻,人,Bộ Nhân,9,record-radical,data/chars/5907.json
変,C,not-resolved,,,,,not-resolved,data/chars/5909.json
夊,B,resolved,夊,夊,Bộ Tuy,35,self-radical,radical_learning_notes.json
夋,C,resolved,夂,夂,Bộ Tuy,34,record-radical,data/chars/590B.json
夌,C,not-resolved,,,,,not-resolved,data/chars/590C.json
复,C,not-resolved,◎,,,,not-resolved,data/chars/590D.json
夏,A,resolved,日,日,Bộ Nhật,72,record-radical,data/chars/590F.json
夓,C,not-resolved,,,,,not-resolved,data/chars/5913.json
夔,C,not-resolved,,,,,not-resolved,data/chars/5914.json
夕,A,resolved,夕,夕,Bộ Tịch,36,self-radical,radical_learning_notes.json
外,A,resolved,卜,卜,Bộ Bốc,25,record-radical,data/chars/5916.json
夗,B,resolved,夕,夕,Bộ Tịch,36,record-radical,data/chars/5917.json
夙,C,not-resolved,,,,,not-resolved,data/chars/5919.json
多,C,not-resolved,,,,,not-resolved,data/chars/591A.json
夜,A,resolved,夕,夕,Bộ Tịch,36,record-radical,data/chars/591C.json
够,C,not-resolved,多,,,,not-resolved,data/chars/591F.json
夣,C,not-resolved,,,,,not-resolved,data/chars/5923.json
夤,B,resolved,夕,夕,Bộ Tịch,36,record-radical,data/chars/5924.json
夥,C,not-resolved,多,,,,not-resolved,data/chars/5925.json
大,A,resolved,大,大,Bộ Đại,37,self-radical,radical_learning_notes.json
天,C,not-resolved,◎,,,,not-resolved,data/chars/5929.json
太,A,resolved,大,大,Bộ Đại,37,record-radical,data/chars/592A.json
夫,C,not-resolved,◎,,,,not-resolved,data/chars/592B.json
夬,C,not-resolved,,,,,not-resolved,data/chars/592C.json
夭,C,not-resolved,,,,,not-resolved,data/chars/592D.json
央,C,not-resolved,◎,,,,not-resolved,data/chars/592E.json
夯,C,not-resolved,,,,,not-resolved,data/chars/592F.json
失,A,resolved,手,手,Bộ Thủ,64,record-radical,data/chars/5931.json
夲,C,not-resolved,,,,,not-resolved,data/chars/5932.json
头,A,resolved,豆,豆,Bộ Đậu,151,record-radical,data/chars/5934.json
夶,C,not-resolved,,,,,not-resolved,data/chars/5936.json
夷,C,not-resolved,,,,,not-resolved,data/chars/5937.json
夸,A,resolved,大,大,Bộ Đại,37,record-radical,data/chars/5938.json
夹,A,resolved,大,大,Bộ Đại,37,record-radical,data/chars/5939.json
夺,C,not-resolved,,,,,not-resolved,data/chars/593A.json
夼,C,not-resolved,,,,,not-resolved,data/chars/593C.json
奁,C,not-resolved,,,,,not-resolved,data/chars/5941.json
奂,B,resolved,大,大,Bộ Đại,37,record-radical,data/chars/5942.json
奄,A,resolved,大,大,Bộ Đại,37,record-radical,data/chars/5944.json
奇,A,resolved,大,大,Bộ Đại,37,record-radical,data/chars/5947.json
奈,C,not-resolved,,,,,not-resolved,data/chars/5948.json
奉,A,resolved,廾,廾,Bộ Củng,55,record-radical,data/chars/5949.json
奋,A,resolved,大,大,Bộ Đại,37,record-radical,data/chars/594B.json
奌,C,not-resolved,,,,,not-resolved,data/chars/594C.json
奎,B,resolved,大,大,Bộ Đại,37,record-radical,data/chars/594E.json
奏,C,not-resolved,,,,,not-resolved,data/chars/594F.json
契,C,not-resolved,,,,,not-resolved,data/chars/5951.json
奓,C,not-resolved,,,,,not-resolved,data/chars/5953.json
奔,C,not-resolved,,,,,not-resolved,data/chars/5954.json
奕,B,resolved,大,大,Bộ Đại,37,record-radical,data/chars/5955.json
奖,A,resolved,大,大,Bộ Đại,37,record-radical,data/chars/5956.json
套,A,resolved,大,大,Bộ Đại,37,record-radical,data/chars/5957.json
奘,B,resolved,大,大,Bộ Đại,37,record-radical,data/chars/5958.json
奚,B,resolved,爪,爪,Bộ Trảo,87,record-radical,data/chars/595A.json
奜,C,not-resolved,,,,,not-resolved,data/chars/595C.json
奠,A,resolved,酉,酉,Bộ Dậu,164,record-radical,data/chars/5960.json
奡,C,not-resolved,,,,,not-resolved,data/chars/5961.json
奢,A,resolved,大,大,Bộ Đại,37,record-radical,data/chars/5962.json
奣,C,not-resolved,,,,,not-resolved,data/chars/5963.json
奥,A,resolved,宀,宀,Bộ Miên,40,record-radical,data/chars/5965.json
奨,C,not-resolved,,,,,not-resolved,data/chars/5968.json
奫,C,not-resolved,,,,,not-resolved,data/chars/596B.json
奬,C,not-resolved,,,,,not-resolved,data/chars/596C.json
奭,C,not-resolved,,,,,not-resolved,data/chars/596D.json
奰,C,not-resolved,,,,,not-resolved,data/chars/5970.json
女,A,resolved,女,女,Bộ Nữ,38,self-radical,radical_learning_notes.json
奴,A,resolved,女,女,Bộ Nữ,38,record-radical,data/chars/5974.json
奶,A,resolved,女,女,Bộ Nữ,38,record-radical,data/chars/5976.json
奸,A,resolved,女,女,Bộ Nữ,38,record-radical,data/chars/5978.json
她,A,resolved,女,女,Bộ Nữ,38,record-radical,data/chars/5979.json
好,A,resolved,女,女,Bộ Nữ,38,record-radical,data/chars/597D.json
妁,B,resolved,女,女,Bộ Nữ,38,record-radical,data/chars/5981.json
如,A,resolved,口,口,Bộ Khẩu,30,record-radical,data/chars/5982.json
妃,C,not-resolved,,,,,not-resolved,data/chars/5983.json
妄,A,resolved,女,女,Bộ Nữ,38,record-radical,data/chars/5984.json
妅,C,not-resolved,,,,,not-resolved,data/chars/5985.json
妆,A,resolved,女,女,Bộ Nữ,38,record-radical,data/chars/5986.json
妇,A,resolved,女,女,Bộ Nữ,38,record-radical,data/chars/5987.json
妈,A,resolved,女,女,Bộ Nữ,38,record-radical,data/chars/5988.json
妉,C,not-resolved,,,,,not-resolved,data/chars/5989.json
妊,B,resolved,女,女,Bộ Nữ,38,record-radical,data/chars/598A.json
妍,C,not-resolved,,,,,not-resolved,data/chars/598D.json
妏,C,not-resolved,,,,,not-resolved,data/chars/598F.json
妒,A,resolved,女,女,Bộ Nữ,38,record-radical,data/chars/5992.json
妓,C,not-resolved,,,,,not-resolved,data/chars/5993.json
妖,A,resolved,女,女,Bộ Nữ,38,record-radical,data/chars/5996.json
妗,B,resolved,女,女,Bộ Nữ,38,record-radical,data/chars/5997.json
妙,A,resolved,女,女,Bộ Nữ,38,record-radical,data/chars/5999.json
妚,C,not-resolved,,,,,not-resolved,data/chars/599A.json
妞,B,resolved,女,女,Bộ Nữ,38,record-radical,data/chars/599E.json
妟,C,not-resolved,,,,,not-resolved,data/chars/599F.json
妣,B,resolved,女,女,Bộ Nữ,38,record-radical,data/chars/59A3.json
妤,B,resolved,女,女,Bộ Nữ,38,record-radical,data/chars/59A4.json
妥,C,not-resolved,,,,,not-resolved,data/chars/59A5.json
妨,A,resolved,女,女,Bộ Nữ,38,record-radical,data/chars/59A8.json
妩,B,resolved,女,女,Bộ Nữ,38,record-radical,data/chars/59A9.json
妪,C,not-resolved,,,,,not-resolved,data/chars/59AA.json
妫,C,not-resolved,,,,,not-resolved,data/chars/59AB.json
妮,B,resolved,女,女,Bộ Nữ,38,record-radical,data/chars/59AE.json
妯,B,resolved,女,女,Bộ Nữ,38,record-radical,data/chars/59AF.json
妲,B,resolved,女,女,Bộ Nữ,38,record-radical,data/chars/59B2.json
妳,C,not-resolved,,,,,not-resolved,data/chars/59B3.json
妵,C,not-resolved,,,,,not-resolved,data/chars/59B5.json
妸,C,not-resolved,,,,,not-resolved,data/chars/59B8.json
妹,A,resolved,女,女,Bộ Nữ,38,record-radical,data/chars/59B9.json
妺,C,not-resolved,,,,,not-resolved,data/chars/59BA.json
妻,C,not-resolved,◎,,,,not-resolved,data/chars/59BB.json
妽,C,not-resolved,,,,,not-resolved,data/chars/59BD.json
妾,B,resolved,辛,辛,Bộ Tân,160,record-radical,data/chars/59BE.json
姁,C,not-resolved,,,,,not-resolved,data/chars/59C1.json
姄,C,not-resolved,,,,,not-resolved,data/chars/59C4.json
姅,C,not-resolved,,,,,not-resolved,data/chars/59C5.json
姆,A,resolved,女,女,Bộ Nữ,38,record-radical,data/chars/59C6.json
姊,C,not-resolved,,,,,not-resolved,data/chars/59CA.json
始,A,resolved,女,女,Bộ Nữ,38,record-radical,data/chars/59CB.json
姐,A,resolved,女,女,Bộ Nữ,38,record-radical,data/chars/59D0.json
姑,A,resolved,女,女,Bộ Nữ,38,record-radical,data/chars/59D1.json
姒,B,resolved,女,女,Bộ Nữ,38,record-radical,data/chars/59D2.json
姓,A,resolved,女,女,Bộ Nữ,38,record-radical,data/chars/59D3.json
委,A,resolved,禾,禾,Bộ Hòa,115,record-radical,data/chars/59D4.json
姗,B,resolved,女,女,Bộ Nữ,38,record-radical,data/chars/59D7.json
姘,C,not-resolved,,,,,not-resolved,data/chars/59D8.json
姚,B,resolved,女,女,Bộ Nữ,38,record-radical,data/chars/59DA.json
姜,C,not-resolved,,,,,not-resolved,data/chars/59DC.json
姝,B,resolved,女,女,Bộ Nữ,38,record-radical,data/chars/59DD.json
姞,C,not-resolved,,,,,not-resolved,data/chars/59DE.json
姣,B,resolved,女,女,Bộ Nữ,38,record-radical,data/chars/59E3.json
姤,C,not-resolved,,,,,not-resolved,data/chars/59E4.json
姥,C,not-resolved,,,,,not-resolved,data/chars/59E5.json
姧,C,not-resolved,,,,,not-resolved,data/chars/59E7.json
姨,B,resolved,女,女,Bộ Nữ,38,record-radical,data/chars/59E8.json
姫,C,not-resolved,,,,,not-resolved,data/chars/59EB.json
姬,C,not-resolved,,,,,not-resolved,data/chars/59EC.json
姮,B,resolved,女,女,Bộ Nữ,38,record-radical,data/chars/59EE.json
姱,C,not-resolved,,,,,not-resolved,data/chars/59F1.json
姵,C,not-resolved,,,,,not-resolved,data/chars/59F5.json
姸,C,not-resolved,,,,,not-resolved,data/chars/59F8.json
姹,B,resolved,女,女,Bộ Nữ,38,record-radical,data/chars/59F9.json
姺,C,not-resolved,,,,,not-resolved,data/chars/59FA.json
姻,C,not-resolved,,,,,not-resolved,data/chars/59FB.json
姽,C,not-resolved,,,,,not-resolved,data/chars/59FD.json
姿,A,resolved,女,女,Bộ Nữ,38,record-radical,data/chars/59FF.json
娀,C,not-resolved,,,,,not-resolved,data/chars/5A00.json
威,C,not-resolved,戌,,,,not-resolved,data/chars/5A01.json
娂,C,not-resolved,,,,,not-resolved,data/chars/5A02.json
娃,C,not-resolved,,,,,not-resolved,data/chars/5A03.json
娄,B,resolved,米,米,Bộ Mễ,119,record-radical,data/chars/5A04.json
娅,B,resolved,女,女,Bộ Nữ,38,record-radical,data/chars/5A05.json
娆,B,resolved,女,女,Bộ Nữ,38,record-radical,data/chars/5A06.json
娇,A,resolved,女,女,Bộ Nữ,38,record-radical,data/chars/5A07.json
娈,C,not-resolved,,,,,not-resolved,data/chars/5A08.json
娉,B,resolved,女,女,Bộ Nữ,38,record-radical,data/chars/5A09.json
娌,B,resolved,女,女,Bộ Nữ,38,record-radical,data/chars/5A0C.json
娑,B,resolved,女,女,Bộ Nữ,38,record-radical,data/chars/5A11.json
娓,B,resolved,女,女,Bộ Nữ,38,record-radical,data/chars/5A13.json
娘,A,resolved,女,女,Bộ Nữ,38,record-radical,data/chars/5A18.json
娚,C,not-resolved,,,,,not-resolved,data/chars/5A1A.json
娜,B,resolved,女,女,Bộ Nữ,38,record-radical,data/chars/5A1C.json
娟,B,resolved,女,女,Bộ Nữ,38,record-radical,data/chars/5A1F.json
娠,B,resolved,女,女,Bộ Nữ,38,record-radical,data/chars/5A20.json
娣,B,resolved,女,女,Bộ Nữ,38,record-radical,data/chars/5A23.json
娥,A,resolved,女,女,Bộ Nữ,38,record-radical,data/chars/5A25.json
娩,B,resolved,女,女,Bộ Nữ,38,record-radical,data/chars/5A29.json
娭,B,resolved,女,女,Bộ Nữ,38,record-radical,data/chars/5A2D.json
娯,C,not-resolved,,,,,not-resolved,data/chars/5A2F.json
娱,A,resolved,女,女,Bộ Nữ,38,record-radical,data/chars/5A31.json
娲,B,resolved,女,女,Bộ Nữ,38,record-radical,data/chars/5A32.json
娴,B,resolved,女,女,Bộ Nữ,38,record-radical,data/chars/5A34.json
娵,C,not-resolved,,,,,not-resolved,data/chars/5A35.json
娶,C,not-resolved,,,,,not-resolved,data/chars/5A36.json
娸,C,not-resolved,,,,,not-resolved,data/chars/5A38.json
娼,A,resolved,女,女,Bộ Nữ,38,record-radical,data/chars/5A3C.json
婀,B,resolved,女,女,Bộ Nữ,38,record-radical,data/chars/5A40.json
婆,A,resolved,女,女,Bộ Nữ,38,record-radical,data/chars/5A46.json
婉,A,resolved,女,女,Bộ Nữ,38,record-radical,data/chars/5A49.json
婊,B,resolved,女,女,Bộ Nữ,38,record-radical,data/chars/5A4A.json
婐,C,not-resolved,,,,,not-resolved,data/chars/5A50.json
婕,B,resolved,女,女,Bộ Nữ,38,record-radical,data/chars/5A55.json
婙,C,not-resolved,,,,,not-resolved,data/chars/5A59.json
婚,A,resolved,女,女,Bộ Nữ,38,record-radical,data/chars/5A5A.json
婞,C,not-resolved,,,,,not-resolved,data/chars/5A5E.json
婢,C,not-resolved,,,,,not-resolved,data/chars/5A62.json
婤,C,not-resolved,,,,,not-resolved,data/chars/5A64.json
婥,C,not-resolved,,,,,not-resolved,data/chars/5A65.json
婧,C,not-resolved,,,,,not-resolved,data/chars/5A67.json
婨,C,not-resolved,,,,,not-resolved,data/chars/5A68.json
婪,A,resolved,女,女,Bộ Nữ,38,record-radical,data/chars/5A6A.json
婬,C,not-resolved,,,,,not-resolved,data/chars/5A6C.json
婮,C,not-resolved,,,,,not-resolved,data/chars/5A6E.json
婳,C,not-resolved,,,,,not-resolved,data/chars/5A73.json
婴,A,resolved,女,女,Bộ Nữ,38,record-radical,data/chars/5A74.json
婵,B,resolved,女,女,Bộ Nữ,38,record-radical,data/chars/5A75.json
婶,B,resolved,女,女,Bộ Nữ,38,record-radical,data/chars/5A76.json
婷,B,resolved,女,女,Bộ Nữ,38,record-radical,data/chars/5A77.json
婹,C,not-resolved,,,,,not-resolved,data/chars/5A79.json
婺,B,resolved,女,女,Bộ Nữ,38,record-radical,data/chars/5A7A.json
婼,C,not-resolved,,,,,not-resolved,data/chars/5A7C.json
婽,C,not-resolved,,,,,not-resolved,data/chars/5A7D.json
婿,B,resolved,女,女,Bộ Nữ,38,record-radical,data/chars/5A7F.json
媁,C,not-resolved,,,,,not-resolved,data/chars/5A81.json
媄,C,not-resolved,,,,,not-resolved,data/chars/5A84.json
媅,C,not-resolved,,,,,not-resolved,data/chars/5A85.json
媊,C,not-resolved,,,,,not-resolved,data/chars/5A8A.json
媏,C,not-resolved,,,,,not-resolved,data/chars/5A8F.json
媒,A,resolved,女,女,Bộ Nữ,38,record-radical,data/chars/5A92.json
媕,B,resolved,女,女,Bộ Nữ,38,record-radical,data/chars/5A95.json
媖,C,not-resolved,,,,,not-resolved,data/chars/5A96.json
媚,A,resolved,女,女,Bộ Nữ,38,record-radical,data/chars/5A9A.json
媛,B,resolved,女,女,Bộ Nữ,38,record-radical,data/chars/5A9B.json
媞,C,not-resolved,,,,,not-resolved,data/chars/5A9E.json
媟,C,not-resolved,,,,,not-resolved,data/chars/5A9F.json
媠,B,resolved,女,女,Bộ Nữ,38,record-radical,data/chars/5AA0.json
媢,C,not-resolved,,,,,not-resolved,data/chars/5AA2.json
媩,C,not-resolved,,,,,not-resolved,data/chars/5AA9.json
媪,B,resolved,女,女,Bộ Nữ,38,record-radical,data/chars/5AAA.json
媬,C,not-resolved,,,,,not-resolved,data/chars/5AAC.json
媭,C,not-resolved,,,,,not-resolved,data/chars/5AAD.json
媮,C,not-resolved,,,,,not-resolved,data/chars/5AAE.json
媲,A,resolved,女,女,Bộ Nữ,38,record-radical,data/chars/5AB2.json
媳,A,resolved,女,女,Bộ Nữ,38,record-radical,data/chars/5AB3.json
媵,B,resolved,女,女,Bộ Nữ,38,record-radical,data/chars/5AB5.json
媸,B,resolved,女,女,Bộ Nữ,38,record-radical,data/chars/5AB8.json
媺,C,not-resolved,,,,,not-resolved,data/chars/5ABA.json
媻,C,not-resolved,,,,,not-resolved,data/chars/5ABB.json
媾,C,not-resolved,,,,,not-resolved,data/chars/5ABE.json
嫁,A,resolved,女,女,Bộ Nữ,38,record-radical,data/chars/5AC1.json
嫂,B,resolved,女,女,Bộ Nữ,38,record-radical,data/chars/5AC2.json
嫄,C,not-resolved,,,,,not-resolved,data/chars/5AC4.json
嫈,C,not-resolved,,,,,not-resolved,data/chars/5AC8.json
嫉,C,not-resolved,,,,,not-resolved,data/chars/5AC9.json
嫌,A,resolved,女,女,Bộ Nữ,38,record-radical,data/chars/5ACC.json
嫏,C,not-resolved,,,,,not-resolved,data/chars/5ACF.json
嫐,C,not-resolved,,,,,not-resolved,data/chars/5AD0.json
嫑,C,not-resolved,,,,,not-resolved,data/chars/5AD1.json
嫒,B,resolved,女,女,Bộ Nữ,38,record-radical,data/chars/5AD2.json
嫔,B,resolved,女,女,Bộ Nữ,38,record-radical,data/chars/5AD4.json
嫕,C,not-resolved,,,,,not-resolved,data/chars/5AD5.json
嫖,B,resolved,女,女,Bộ Nữ,38,record-radical,data/chars/5AD6.json
嫘,B,resolved,女,女,Bộ Nữ,38,record-radical,data/chars/5AD8.json
嫙,C,not-resolved,,,,,not-resolved,data/chars/5AD9.json
嫚,B,resolved,女,女,Bộ Nữ,38,record-radical,data/chars/5ADA.json
嫜,B,resolved,女,女,Bộ Nữ,38,record-radical,data/chars/5ADC.json
嫠,B,resolved,女,女,Bộ Nữ,38,record-radical,data/chars/5AE0.json
嫡,B,resolved,女,女,Bộ Nữ,38,record-radical,data/chars/5AE1.json
嫣,B,resolved,女,女,Bộ Nữ,38,record-radical,data/chars/5AE3.json
嫦,A,resolved,女,女,Bộ Nữ,38,record-radical,data/chars/5AE6.json
嫩,A,resolved,女,女,Bộ Nữ,38,record-radical,data/chars/5AE9.json
嫪,B,resolved,女,女,Bộ Nữ,38,record-radical,data/chars/5AEA.json
嫫,B,resolved,女,女,Bộ Nữ,38,record-radical,data/chars/5AEB.json
嫬,C,not-resolved,,,,,not-resolved,data/chars/5AEC.json
嫭,C,not-resolved,,,,,not-resolved,data/chars/5AED.json
嫮,C,not-resolved,,,,,not-resolved,data/chars/5AEE.json
嫱,B,resolved,女,女,Bộ Nữ,38,record-radical,data/chars/5AF1.json
嫽,C,not-resolved,,,,,not-resolved,data/chars/5AFD.json
嬅,C,not-resolved,,,,,not-resolved,data/chars/5B05.json
嬉,A,resolved,女,女,Bộ Nữ,38,record-radical,data/chars/5B09.json
嬔,C,not-resolved,,,,,not-resolved,data/chars/5B14.json
嬖,B,resolved,女,女,Bộ Nữ,38,record-radical,data/chars/5B16.json
嬗,B,resolved,女,女,Bộ Nữ,38,record-radical,data/chars/5B17.json
嬛,C,not-resolved,,,,,not-resolved,data/chars/5B1B.json
嬢,C,not-resolved,,,,,not-resolved,data/chars/5B22.json
嬦,C,not-resolved,,,,,not-resolved,data/chars/5B26.json
嬫,C,not-resolved,,,,,not-resolved,data/chars/5B2B.json
嬬,C,not-resolved,,,,,not-resolved,data/chars/5B2C.json
嬲,C,not-resolved,,,,,not-resolved,data/chars/5B32.json
嬴,C,not-resolved,,,,,not-resolved,data/chars/5B34.json
嬷,B,resolved,女,女,Bộ Nữ,38,record-radical,data/chars/5B37.json
嬹,C,not-resolved,,,,,not-resolved,data/chars/5B39.json
嬿,C,not-resolved,,,,,not-resolved,data/chars/5B3F.json
孀,B,resolved,女,女,Bộ Nữ,38,record-radical,data/chars/5B40.json
孄,C,not-resolved,,,,,not-resolved,data/chars/5B44.json
孅,C,not-resolved,,,,,not-resolved,data/chars/5B45.json
孏,C,not-resolved,,,,,not-resolved,data/chars/5B4F.json
子,A,resolved,子,子,"Bộ Tử, Tý",39,self-radical,radical_learning_notes.json
孑,C,not-resolved,,,,,not-resolved,data/chars/5B51.json
孓,B,resolved,子,子,"Bộ Tử, Tý",39,record-radical,data/chars/5B53.json
孔,C,not-resolved,,,,,not-resolved,data/chars/5B54.json
孕,C,not-resolved,,,,,not-resolved,data/chars/5B55.json
孖,C,not-resolved,,,,,not-resolved,data/chars/5B56.json
字,A,resolved,宀,宀,Bộ Miên,40,record-radical,data/chars/5B57.json
存,A,resolved,子,子,"Bộ Tử, Tý",39,record-radical,data/chars/5B58.json
孙,A,resolved,子,子,"Bộ Tử, Tý",39,record-radical,data/chars/5B59.json
孚,C,not-resolved,,,,,not-resolved,data/chars/5B5A.json
孛,C,not-resolved,,,,,not-resolved,data/chars/5B5B.json
孜,B,resolved,攵,攴,Bộ Phộc,66,record-radical,data/chars/5B5C.json
孝,C,not-resolved,耂,,,,not-resolved,data/chars/5B5D.json
孟,C,not-resolved,,,,,not-resolved,data/chars/5B5F.json
孢,B,resolved,子,子,"Bộ Tử, Tý",39,record-radical,data/chars/5B62.json
季,A,resolved,禾,禾,Bộ Hòa,115,record-radical,data/chars/5B63.json
孤,A,resolved,子,子,"Bộ Tử, Tý",39,record-radical,data/chars/5B64.json
孥,B,resolved,子,子,"Bộ Tử, Tý",39,record-radical,data/chars/5B65.json
学,C,not-resolved,◎,,,,not-resolved,data/chars/5B66.json
孨,C,not-resolved,,,,,not-resolved,data/chars/5B68.json
孩,A,resolved,子,子,"Bộ Tử, Tý",39,record-radical,data/chars/5B69.json
孪,C,not-resolved,,,,,not-resolved,data/chars/5B6A.json
孬,C,not-resolved,,,,,not-resolved,data/chars/5B6C.json
孭,C,not-resolved,,,,,not-resolved,data/chars/5B6D.json
孰,C,not-resolved,享,,,,not-resolved,data/chars/5B70.json
孱,C,not-resolved,,,,,not-resolved,data/chars/5B71.json
孳,B,resolved,子,子,"Bộ Tử, Tý",39,record-radical,data/chars/5B73.json
孵,C,not-resolved,,,,,not-resolved,data/chars/5B75.json
孶,C,not-resolved,,,,,not-resolved,data/chars/5B76.json
孺,B,resolved,子,子,"Bộ Tử, Tý",39,record-radical,data/chars/5B7A.json
孽,B,resolved,子,子,"Bộ Tử, Tý",39,record-radical,data/chars/5B7D.json
宀,B,resolved,宀,宀,Bộ Miên,40,self-radical,radical_learning_notes.json
宁,A,resolved,宀,宀,Bộ Miên,40,record-radical,data/chars/5B81.json
它,C,not-resolved,,,,,not-resolved,data/chars/5B83.json
宄,B,resolved,宀,宀,Bộ Miên,40,record-radical,data/chars/5B84.json
宅,A,resolved,宀,宀,Bộ Miên,40,record-radical,data/chars/5B85.json
宇,A,resolved,宀,宀,Bộ Miên,40,record-radical,data/chars/5B87.json
守,A,resolved,宀,宀,Bộ Miên,40,record-radical,data/chars/5B88.json
安,A,resolved,宀,宀,Bộ Miên,40,record-radical,data/chars/5B89.json
宊,C,not-resolved,,,,,not-resolved,data/chars/5B8A.json
宋,B,resolved,宀,宀,Bộ Miên,40,record-radical,data/chars/5B8B.json
完,A,resolved,宀,宀,Bộ Miên,40,record-radical,data/chars/5B8C.json
宍,C,not-resolved,,,,,not-resolved,data/chars/5B8D.json
宏,A,resolved,宀,宀,Bộ Miên,40,record-radical,data/chars/5B8F.json
宓,B,resolved,宀,宀,Bộ Miên,40,record-radical,data/chars/5B93.json
宕,C,not-resolved,,,,,not-resolved,data/chars/5B95.json
宗,A,resolved,宀,宀,Bộ Miên,40,record-radical,data/chars/5B97.json
官,A,resolved,宀,宀,Bộ Miên,40,record-radical,data/chars/5B98.json
宙,A,resolved,宀,宀,Bộ Miên,40,record-radical,data/chars/5B99.json
定,A,resolved,宀,宀,Bộ Miên,40,record-radical,data/chars/5B9A.json
宛,B,resolved,宀,宀,Bộ Miên,40,record-radical,data/chars/5B9B.json
宜,C,not-resolved,◎,,,,not-resolved,data/chars/5B9C.json
宝,A,resolved,宀,宀,Bộ Miên,40,record-radical,data/chars/5B9D.json
实,A,resolved,宀,宀,Bộ Miên,40,record-radical,data/chars/5B9E.json
実,C,not-resolved,,,,,not-resolved,data/chars/5B9F.json
宠,A,resolved,宀,宀,Bộ Miên,40,record-radical,data/chars/5BA0.json
审,A,resolved,宀,宀,Bộ Miên,40,record-radical,data/chars/5BA1.json
客,A,resolved,宀,宀,Bộ Miên,40,record-radical,data/chars/5BA2.json
宣,A,resolved,宀,宀,Bộ Miên,40,record-radical,data/chars/5BA3.json
室,A,resolved,宀,宀,Bộ Miên,40,record-radical,data/chars/5BA4.json
宥,B,resolved,宀,宀,Bộ Miên,40,record-radical,data/chars/5BA5.json
宦,C,not-resolved,,,,,not-resolved,data/chars/5BA6.json
宧,C,not-resolved,,,,,not-resolved,data/chars/5BA7.json
宨,C,not-resolved,,,,,not-resolved,data/chars/5BA8.json
宩,C,not-resolved,,,,,not-resolved,data/chars/5BA9.json
宪,A,resolved,宀,宀,Bộ Miên,40,record-radical,data/chars/5BAA.json
宫,A,resolved,宀,宀,Bộ Miên,40,record-radical,data/chars/5BAB.json
宬,C,not-resolved,,,,,not-resolved,data/chars/5BAC.json
宰,C,not-resolved,,,,,not-resolved,data/chars/5BB0.json
害,C,not-resolved,,,,,not-resolved,data/chars/5BB3.json
宴,C,not-resolved,,,,,not-resolved,data/chars/5BB4.json
宵,A,resolved,宀,宀,Bộ Miên,40,record-radical,data/chars/5BB5.json
家,A,resolved,宀,宀,Bộ Miên,40,record-radical,data/chars/5BB6.json
宸,B,resolved,宀,宀,Bộ Miên,40,record-radical,data/chars/5BB8.json
容,A,resolved,宀,宀,Bộ Miên,40,record-radical,data/chars/5BB9.json
宽,A,resolved,宀,宀,Bộ Miên,40,record-radical,data/chars/5BBD.json
宾,A,resolved,宀,宀,Bộ Miên,40,record-radical,data/chars/5BBE.json
宿,C,not-resolved,,,,,not-resolved,data/chars/5BBF.json
寀,C,not-resolved,,,,,not-resolved,data/chars/5BC0.json
寁,C,not-resolved,,,,,not-resolved,data/chars/5BC1.json
寂,A,resolved,宀,宀,Bộ Miên,40,record-radical,data/chars/5BC2.json
寄,A,resolved,宀,宀,Bộ Miên,40,record-radical,data/chars/5BC4.json
寅,B,resolved,矢,矢,Bộ Thỉ,111,record-radical,data/chars/5BC5.json
密,A,resolved,山,山,Bộ Sơn,46,record-radical,data/chars/5BC6.json
寇,C,not-resolved,,,,,not-resolved,data/chars/5BC7.json
寉,C,not-resolved,,,,,not-resolved,data/chars/5BC9.json
富,A,resolved,宀,宀,Bộ Miên,40,record-radical,data/chars/5BCC.json
寎,C,not-resolved,,,,,not-resolved,data/chars/5BCE.json
寐,C,not-resolved,,,,,not-resolved,data/chars/5BD0.json
寒,C,not-resolved,,,,,not-resolved,data/chars/5BD2.json
寓,A,resolved,宀,宀,Bộ Miên,40,record-radical,data/chars/5BD3.json
寔,C,not-resolved,,,,,not-resolved,data/chars/5BD4.json
寖,C,not-resolved,,,,,not-resolved,data/chars/5BD6.json
寗,C,not-resolved,,,,,not-resolved,data/chars/5BD7.json
寘,C,not-resolved,,,,,not-resolved,data/chars/5BD8.json
寙,C,not-resolved,,,,,not-resolved,data/chars/5BD9.json
寛,C,not-resolved,,,,,not-resolved,data/chars/5BDB.json
寝,C,not-resolved,,,,,not-resolved,data/chars/5BDD.json
寞,A,resolved,宀,宀,Bộ Miên,40,record-radical,data/chars/5BDE.json
察,A,resolved,宀,宀,Bộ Miên,40,record-radical,data/chars/5BDF.json
寡,C,not-resolved,,,,,not-resolved,data/chars/5BE1.json
寤,B,resolved,宀,宀,Bộ Miên,40,record-radical,data/chars/5BE4.json
寥,A,resolved,宀,宀,Bộ Miên,40,record-radical,data/chars/5BE5.json
寨,C,not-resolved,,,,,not-resolved,data/chars/5BE8.json
寪,C,not-resolved,,,,,not-resolved,data/chars/5BEA.json
寮,B,resolved,宀,宀,Bộ Miên,40,record-radical,data/chars/5BEE.json
寰,B,resolved,宀,宀,Bộ Miên,40,record-radical,data/chars/5BF0.json
寸,A,resolved,寸,寸,Bộ Thốn,41,self-radical,radical_learning_notes.json
对,A,resolved,又,又,Bộ Hựu,29,record-radical,data/chars/5BF9.json
寺,A,resolved,寸,寸,Bộ Thốn,41,record-radical,data/chars/5BFA.json
寻,C,not-resolved,,,,,not-resolved,data/chars/5BFB.json
导,A,resolved,寸,寸,Bộ Thốn,41,record-radical,data/chars/5BFC.json
寽,C,not-resolved,,,,,not-resolved,data/chars/5BFD.json
対,C,not-resolved,,,,,not-resolved,data/chars/5BFE.json
寿,C,not-resolved,耂,,,,not-resolved,data/chars/5BFF.json
封,A,resolved,寸,寸,Bộ Thốn,41,record-radical,data/chars/5C01.json
専,C,not-resolved,,,,,not-resolved,data/chars/5C02.json
尃,B,resolved,寸,寸,Bộ Thốn,41,record-radical,data/chars/5C03.json
射,C,not-resolved,◎,,,,not-resolved,data/chars/5C04.json
将,C,not-resolved,丬,,,,not-resolved,data/chars/5C06.json
尉,C,not-resolved,,,,,not-resolved,data/chars/5C09.json
尊,C,not-resolved,酋,,,,not-resolved,data/chars/5C0A.json
尌,B,resolved,屮,屮,Bộ Triệt,45,record-radical,data/chars/5C0C.json
小,A,resolved,小,小,Bộ Tiểu,42,self-radical,radical_learning_notes.json
尐,C,not-resolved,,,,,not-resolved,data/chars/5C10.json
少,C,not-resolved,,,,,not-resolved,data/chars/5C11.json
尓,C,not-resolved,,,,,not-resolved,data/chars/5C13.json
尔,C,not-resolved,,,,,not-resolved,data/chars/5C14.json
尕,B,resolved,小,小,Bộ Tiểu,42,record-radical,data/chars/5C15.json
尖,C,not-resolved,,,,,not-resolved,data/chars/5C16.json
尗,C,not-resolved,,,,,not-resolved,data/chars/5C17.json
尘,C,not-resolved,,,,,not-resolved,data/chars/5C18.json
尙,C,not-resolved,,,,,not-resolved,data/chars/5C19.json
尚,A,resolved,冂,冂,Bộ Quynh,13,record-radical,data/chars/5C1A.json
尜,C,not-resolved,,,,,not-resolved,data/chars/5C1C.json
尝,C,not-resolved,云,,,,not-resolved,data/chars/5C1D.json
尞,C,resolved,日,日,Bộ Nhật,72,record-radical,data/chars/5C1E.json
尢,B,resolved,尢,尢,Bộ Uông,43,self-radical,radical_learning_notes.json
尣,C,not-resolved,,,,,not-resolved,data/chars/5C23.json
尤,C,not-resolved,,,,,not-resolved,data/chars/5C24.json
尥,C,not-resolved,,,,,not-resolved,data/chars/5C25.json
尧,B,resolved,土,土,Bộ Thổ,32,record-radical,data/chars/5C27.json
尨,C,not-resolved,,,,,not-resolved,data/chars/5C28.json
尩,C,not-resolved,,,,,not-resolved,data/chars/5C29.json
尪,C,not-resolved,,,,,not-resolved,data/chars/5C2A.json
尬,A,resolved,尢,尢,Bộ Uông,43,record-radical,data/chars/5C2C.json
尭,C,not-resolved,,,,,not-resolved,data/chars/5C2D.json
尰,C,not-resolved,,,,,not-resolved,data/chars/5C30.json
就,C,not-resolved,京,,,,not-resolved,data/chars/5C31.json
尲,C,not-resolved,,,,,not-resolved,data/chars/5C32.json
尴,A,resolved,尢,尢,Bộ Uông,43,record-radical,data/chars/5C34.json
尶,C,not-resolved,,,,,not-resolved,data/chars/5C36.json
尸,A,resolved,尸,尸,Bộ Thi,44,self-radical,radical_learning_notes.json
尹,B,resolved,又,又,Bộ Hựu,29,record-radical,data/chars/5C39.json
尺,C,not-resolved,,,,,not-resolved,data/chars/5C3A.json
尻,B,resolved,尸,尸,Bộ Thi,44,record-radical,data/chars/5C3B.json
尼,A,resolved,尸,尸,Bộ Thi,44,record-radical,data/chars/5C3C.json
尽,A,resolved,又,又,Bộ Hựu,29,record-radical,data/chars/5C3D.json
尾,C,not-resolved,◎,,,,not-resolved,data/chars/5C3E.json
尿,C,not-resolved,,,,,not-resolved,data/chars/5C3F.json
局,A,resolved,口,口,Bộ Khẩu,30,record-radical,data/chars/5C40.json
屁,A,resolved,尸,尸,Bộ Thi,44,record-radical,data/chars/5C41.json
层,A,resolved,尸,尸,Bộ Thi,44,record-radical,data/chars/5C42.json
屃,C,not-resolved,,,,,not-resolved,data/chars/5C43.json
屄,C,not-resolved,,,,,not-resolved,data/chars/5C44.json
居,C,not-resolved,户,,,,not-resolved,data/chars/5C45.json
屇,C,not-resolved,,,,,not-resolved,data/chars/5C47.json
屈,A,resolved,尸,尸,Bộ Thi,44,record-radical,data/chars/5C48.json
屉,C,not-resolved,,,,,not-resolved,data/chars/5C49.json
届,C,not-resolved,,,,,not-resolved,data/chars/5C4A.json
屋,A,resolved,尸,尸,Bộ Thi,44,record-radical,data/chars/5C4B.json
屌,C,not-resolved,,,,,not-resolved,data/chars/5C4C.json
屎,C,not-resolved,,,,,not-resolved,data/chars/5C4E.json
屏,C,not-resolved,户,,,,not-resolved,data/chars/5C4F.json
屐,B,resolved,彳,彳,Bộ Xích,60,record-radical,data/chars/5C50.json
屑,A,resolved,尸,尸,Bộ Thi,44,record-radical,data/chars/5C51.json
展,A,resolved,尸,尸,Bộ Thi,44,record-radical,data/chars/5C55.json
屖,C,not-resolved,,,,,not-resolved,data/chars/5C56.json
屘,C,not-resolved,,,,,not-resolved,data/chars/5C58.json
屙,B,resolved,尸,尸,Bộ Thi,44,record-radical,data/chars/5C59.json
屛,C,not-resolved,,,,,not-resolved,data/chars/5C5B.json
屝,C,not-resolved,,,,,not-resolved,data/chars/5C5D.json
属,C,not-resolved,尾,,,,not-resolved,data/chars/5C5E.json
屠,A,resolved,尸,尸,Bộ Thi,44,record-radical,data/chars/5C60.json
屡,A,resolved,尸,尸,Bộ Thi,44,record-radical,data/chars/5C61.json
屣,C,not-resolved,,,,,not-resolved,data/chars/5C63.json
履,C,not-resolved,,,,,not-resolved,data/chars/5C65.json
屦,B,resolved,彳,彳,Bộ Xích,60,record-radical,data/chars/5C66.json
屧,C,not-resolved,,,,,not-resolved,data/chars/5C67.json
屩,C,not-resolved,,,,,not-resolved,data/chars/5C69.json
屪,C,not-resolved,,,,,not-resolved,data/chars/5C6A.json
屫,C,not-resolved,,,,,not-resolved,data/chars/5C6B.json
屮,B,resolved,屮,屮,Bộ Triệt,45,self-radical,radical_learning_notes.json
屯,C,not-resolved,,,,,not-resolved,data/chars/5C6F.json
屰,C,not-resolved,,,,,not-resolved,data/chars/5C70.json
山,A,resolved,山,山,Bộ Sơn,46,self-radical,radical_learning_notes.json
屴,C,not-resolved,,,,,not-resolved,data/chars/5C74.json
屹,A,resolved,山,山,Bộ Sơn,46,record-radical,data/chars/5C79.json
屺,B,resolved,山,山,Bộ Sơn,46,record-radical,data/chars/5C7A.json
屼,C,not-resolved,,,,,not-resolved,data/chars/5C7C.json
屾,C,not-resolved,,,,,not-resolved,data/chars/5C7E.json
屿,A,resolved,山,山,Bộ Sơn,46,record-radical,data/chars/5C7F.json
岀,C,not-resolved,,,,,not-resolved,data/chars/5C80.json
岁,A,resolved,山,山,Bộ Sơn,46,record-radical,data/chars/5C81.json
岂,A,resolved,山,山,Bộ Sơn,46,record-radical,data/chars/5C82.json
岈,B,resolved,山,山,Bộ Sơn,46,record-radical,data/chars/5C88.json
岊,C,not-resolved,,,,,not-resolved,data/chars/5C8A.json
岌,B,resolved,山,山,Bộ Sơn,46,record-radical,data/chars/5C8C.json
岍,B,resolved,山,山,Bộ Sơn,46,record-radical,data/chars/5C8D.json
岐,B,resolved,山,山,Bộ Sơn,46,record-radical,data/chars/5C90.json
岑,B,resolved,山,山,Bộ Sơn,46,record-radical,data/chars/5C91.json
岒,C,not-resolved,,,,,not-resolved,data/chars/5C92.json
岔,C,not-resolved,,,,,not-resolved,data/chars/5C94.json
岖,A,resolved,山,山,Bộ Sơn,46,record-radical,data/chars/5C96.json
岗,A,resolved,山,山,Bộ Sơn,46,record-radical,data/chars/5C97.json
岘,C,not-resolved,,,,,not-resolved,data/chars/5C98.json
岙,B,resolved,山,山,Bộ Sơn,46,record-radical,data/chars/5C99.json
岚,C,not-resolved,,,,,not-resolved,data/chars/5C9A.json
岛,A,resolved,山,山,Bộ Sơn,46,record-radical,data/chars/5C9B.json
岜,B,resolved,山,山,Bộ Sơn,46,record-radical,data/chars/5C9C.json
岝,C,not-resolved,,,,,not-resolved,data/chars/5C9D.json
岢,B,resolved,山,山,Bộ Sơn,46,record-radical,data/chars/5CA2.json
岣,B,resolved,山,山,Bộ Sơn,46,record-radical,data/chars/5CA3.json
岧,C,not-resolved,,,,,not-resolved,data/chars/5CA7.json
岨,C,not-resolved,,,,,not-resolved,data/chars/5CA8.json
岩,C,not-resolved,,,,,not-resolved,data/chars/5CA9.json
岫,B,resolved,山,山,Bộ Sơn,46,record-radical,data/chars/5CAB.json
岬,B,resolved,山,山,Bộ Sơn,46,record-radical,data/chars/5CAC.json
岭,A,resolved,山,山,Bộ Sơn,46,record-radical,data/chars/5CAD.json
岱,B,resolved,山,山,Bộ Sơn,46,record-radical,data/chars/5CB1.json
岳,C,not-resolved,,,,,not-resolved,data/chars/5CB3.json
岵,B,resolved,山,山,Bộ Sơn,46,record-radical,data/chars/5CB5.json
岷,B,resolved,山,山,Bộ Sơn,46,record-radical,data/chars/5CB7.json
岸,A,resolved,山,山,Bộ Sơn,46,record-radical,data/chars/5CB8.json
岹,C,not-resolved,,,,,not-resolved,data/chars/5CB9.json
岽,B,resolved,山,山,Bộ Sơn,46,record-radical,data/chars/5CBD.json
岿,B,resolved,山,山,Bộ Sơn,46,record-radical,data/chars/5CBF.json
峀,C,not-resolved,,,,,not-resolved,data/chars/5CC0.json
峁,B,resolved,山,山,Bộ Sơn,46,record-radical,data/chars/5CC1.json
峂,C,not-resolved,,,,,not-resolved,data/chars/5CC2.json
峃,C,not-resolved,,,,,not-resolved,data/chars/5CC3.json
峄,B,resolved,山,山,Bộ Sơn,46,record-radical,data/chars/5CC4.json
峇,B,resolved,山,山,Bộ Sơn,46,record-radical,data/chars/5CC7.json
峋,B,resolved,山,山,Bộ Sơn,46,record-radical,data/chars/5CCB.json
峒,B,resolved,山,山,Bộ Sơn,46,record-radical,data/chars/5CD2.json
峓,C,not-resolved,,,,,not-resolved,data/chars/5CD3.json
峙,A,resolved,山,山,Bộ Sơn,46,record-radical,data/chars/5CD9.json
峚,C,not-resolved,,,,,not-resolved,data/chars/5CDA.json
峞,C,not-resolved,,,,,not-resolved,data/chars/5CDE.json
峠,C,not-resolved,,,,,not-resolved,data/chars/5CE0.json
峡,C,not-resolved,,,,,not-resolved,data/chars/5CE1.json
峣,C,not-resolved,,,,,not-resolved,data/chars/5CE3.json
峤,C,not-resolved,,,,,not-resolved,data/chars/5CE4.json
峥,B,resolved,山,山,Bộ Sơn,46,record-radical,data/chars/5CE5.json
峦,A,resolved,山,山,Bộ Sơn,46,record-radical,data/chars/5CE6.json
峨,B,resolved,山,山,Bộ Sơn,46,record-radical,data/chars/5CE8.json
峪,C,not-resolved,,,,,not-resolved,data/chars/5CEA.json
峭,A,resolved,山,山,Bộ Sơn,46,record-radical,data/chars/5CED.json
峰,A,resolved,山,山,Bộ Sơn,46,record-radical,data/chars/5CF0.json
峱,C,not-resolved,,,,,not-resolved,data/chars/5CF1.json
峹,C,not-resolved,,,,,not-resolved,data/chars/5CF9.json
峻,A,resolved,山,山,Bộ Sơn,46,record-radical,data/chars/5CFB.json
峿,C,not-resolved,,,,,not-resolved,data/chars/5CFF.json
崀,C,not-resolved,,,,,not-resolved,data/chars/5D00.json
崁,C,not-resolved,,,,,not-resolved,data/chars/5D01.json
崂,B,resolved,山,山,Bộ Sơn,46,record-radical,data/chars/5D02.json
崃,B,resolved,山,山,Bộ Sơn,46,record-radical,data/chars/5D03.json
崄,C,not-resolved,,,,,not-resolved,data/chars/5D04.json
崆,B,resolved,山,山,Bộ Sơn,46,record-radical,data/chars/5D06.json
崇,A,resolved,山,山,Bộ Sơn,46,record-radical,data/chars/5D07.json
崋,C,not-resolved,,,,,not-resolved,data/chars/5D0B.json
崌,C,not-resolved,,,,,not-resolved,data/chars/5D0C.json
崎,A,resolved,山,山,Bộ Sơn,46,record-radical,data/chars/5D0E.json
崏,C,not-resolved,,,,,not-resolved,data/chars/5D0F.json
崒,B,resolved,山,山,Bộ Sơn,46,record-radical,data/chars/5D12.json
崓,C,not-resolved,,,,,not-resolved,data/chars/5D13.json
崔,C,not-resolved,,,,,not-resolved,data/chars/5D14.json
崖,C,not-resolved,,,,,not-resolved,data/chars/5D16.json
崚,C,not-resolved,,,,,not-resolved,data/chars/5D1A.json
崛,A,resolved,山,山,Bộ Sơn,46,record-radical,data/chars/5D1B.json
崞,B,resolved,山,山,Bộ Sơn,46,record-radical,data/chars/5D1E.json
崟,C,not-resolved,,,,,not-resolved,data/chars/5D1F.json
崠,C,not-resolved,,,,,not-resolved,data/chars/5D20.json
崤,B,resolved,山,山,Bộ Sơn,46,record-radical,data/chars/5D24.json
崦,B,resolved,山,山,Bộ Sơn,46,record-radical,data/chars/5D26.json
崧,B,resolved,山,山,Bộ Sơn,46,record-radical,data/chars/5D27.json
崩,A,resolved,山,山,Bộ Sơn,46,record-radical,data/chars/5D29.json
崭,A,resolved,山,山,Bộ Sơn,46,record-radical,data/chars/5D2D.json
崮,B,resolved,山,山,Bộ Sơn,46,record-radical,data/chars/5D2E.json
崯,C,not-resolved,,,,,not-resolved,data/chars/5D2F.json
崱,C,not-resolved,,,,,not-resolved,data/chars/5D31.json
崳,C,not-resolved,,,,,not-resolved,data/chars/5D33.json
崴,B,resolved,山,山,Bộ Sơn,46,record-radical,data/chars/5D34.json
崶,C,not-resolved,,,,,not-resolved,data/chars/5D36.json
崽,C,not-resolved,,,,,not-resolved,data/chars/5D3D.json
崾,B,resolved,山,山,Bộ Sơn,46,record-radical,data/chars/5D3E.json
崿,C,not-resolved,,,,,not-resolved,data/chars/5D3F.json
嵂,C,not-resolved,,,,,not-resolved,data/chars/5D42.json
嵄,C,not-resolved,,,,,not-resolved,data/chars/5D44.json
嵇,B,resolved,山,山,Bộ Sơn,46,record-radical,data/chars/5D47.json
嵊,B,resolved,山,山,Bộ Sơn,46,record-radical,data/chars/5D4A.json
嵋,B,resolved,山,山,Bộ Sơn,46,record-radical,data/chars/5D4B.json
嵌,A,resolved,山,山,Bộ Sơn,46,record-radical,data/chars/5D4C.json
嵎,C,not-resolved,,,,,not-resolved,data/chars/5D4E.json
嵓,C,not-resolved,,,,,not-resolved,data/chars/5D53.json
嵘,B,resolved,山,山,Bộ Sơn,46,record-radical,data/chars/5D58.json
嵙,C,not-resolved,,,,,not-resolved,data/chars/5D59.json
嵚,C,not-resolved,,,,,not-resolved,data/chars/5D5A.json
嵛,B,resolved,山,山,Bộ Sơn,46,record-radical,data/chars/5D5B.json
嵝,B,resolved,山,山,Bộ Sơn,46,record-radical,data/chars/5D5D.json
嵞,C,not-resolved,屾,,,,not-resolved,data/chars/5D5E.json
嵡,C,not-resolved,,,,,not-resolved,data/chars/5D61.json
嵩,C,not-resolved,,,,,not-resolved,data/chars/5D69.json
嵫,B,resolved,山,山,Bộ Sơn,46,record-radical,data/chars/5D6B.json
嵬,B,resolved,山,山,Bộ Sơn,46,record-radical,data/chars/5D6C.json
嵯,B,resolved,山,山,Bộ Sơn,46,record-radical,data/chars/5D6F.json
嵴,C,not-resolved,,,,,not-resolved,data/chars/5D74.json
嶂,B,resolved,山,山,Bộ Sơn,46,record-radical,data/chars/5D82.json
嶋,C,not-resolved,,,,,not-resolved,data/chars/5D8B.json
嶌,C,not-resolved,,,,,not-resolved,data/chars/5D8C.json
嶒,C,not-resolved,,,,,not-resolved,data/chars/5D92.json
嶓,C,not-resolved,,,,,not-resolved,data/chars/5D93.json
嶖,C,not-resolved,,,,,not-resolved,data/chars/5D96.json
嶙,B,resolved,山,山,Bộ Sơn,46,record-radical,data/chars/5D99.json
嶝,C,not-resolved,,,,,not-resolved,data/chars/5D9D.json
嶞,C,not-resolved,,,,,not-resolved,data/chars/5D9E.json
嶡,B,resolved,山,山,Bộ Sơn,46,record-radical,data/chars/5DA1.json
嶪,B,resolved,山,山,Bộ Sơn,46,record-radical,data/chars/5DAA.json
嶫,C,not-resolved,,,,,not-resolved,data/chars/5DAB.json
嶭,C,not-resolved,,,,,not-resolved,data/chars/5DAD.json
嶰,C,not-resolved,,,,,not-resolved,data/chars/5DB0.json
嶲,C,not-resolved,,,,,not-resolved,data/chars/5DB2.json
嶷,B,resolved,山,山,Bộ Sơn,46,record-radical,data/chars/5DB7.json
巂,C,not-resolved,冏,,,,not-resolved,data/chars/5DC2.json
巃,C,not-resolved,,,,,not-resolved,data/chars/5DC3.json
巅,C,not-resolved,,,,,not-resolved,data/chars/5DC5.json
巆,C,resolved,山,山,Bộ Sơn,46,record-radical,data/chars/5DC6.json
巇,C,not-resolved,,,,,not-resolved,data/chars/5DC7.json
巉,C,not-resolved,,,,,not-resolved,data/chars/5DC9.json
巌,C,not-resolved,,,,,not-resolved,data/chars/5DCC.json
巍,B,resolved,山,山,Bộ Sơn,46,record-radical,data/chars/5DCD.json
巓,C,not-resolved,,,,,not-resolved,data/chars/5DD3.json
巚,C,not-resolved,,,,,not-resolved,data/chars/5DDA.json
巛,B,resolved,巛,巛,Bộ Xuyên,47,self-radical,radical_learning_notes.json
巜,C,not-resolved,,,,,not-resolved,data/chars/5DDC.json
川,C,not-resolved,,,,,not-resolved,data/chars/5DDD.json
州,C,not-resolved,,,,,not-resolved,data/chars/5DDE.json
巟,C,not-resolved,,,,,not-resolved,data/chars/5DDF.json
巠,C,not-resolved,,,,,not-resolved,data/chars/5DE0.json
巡,C,not-resolved,,,,,not-resolved,data/chars/5DE1.json
巢,C,not-resolved,,,,,not-resolved,data/chars/5DE2.json
巣,C,not-resolved,,,,,not-resolved,data/chars/5DE3.json
巤,C,not-resolved,,,,,not-resolved,data/chars/5DE4.json
工,A,resolved,工,工,Bộ Công,48,self-radical,radical_learning_notes.json
左,A,resolved,工,工,Bộ Công,48,record-radical,data/chars/5DE6.json
巧,A,resolved,工,工,Bộ Công,48,record-radical,data/chars/5DE7.json
巨,C,not-resolved,,,,,not-resolved,data/chars/5DE8.json
巩,C,not-resolved,凡,,,,not-resolved,data/chars/5DE9.json
巫,C,not-resolved,,,,,not-resolved,data/chars/5DEB.json
差,A,resolved,麥,麥,Bộ Mạch,199,record-radical,data/chars/5DEE.json
巯,C,not-resolved,㐬,,,,not-resolved,data/chars/5DEF.json
己,A,resolved,己,己,Bộ Kỷ,49,self-radical,radical_learning_notes.json
已,C,not-resolved,,,,,not-resolved,data/chars/5DF2.json
巳,C,not-resolved,,,,,not-resolved,data/chars/5DF3.json
巴,C,not-resolved,,,,,not-resolved,data/chars/5DF4.json
巷,A,resolved,邑,邑,Bộ Ấp,163,record-radical,data/chars/5DF7.json
巻,C,not-resolved,,,,,not-resolved,data/chars/5DFB.json
巽,C,not-resolved,共,,,,not-resolved,data/chars/5DFD.json
巾,A,resolved,巾,巾,Bộ Cân,50,self-radical,radical_learning_notes.json
巿,C,not-resolved,,,,,not-resolved,data/chars/5DFF.json
币,A,resolved,巾,巾,Bộ Cân,50,record-radical,data/chars/5E01.json
市,C,not-resolved,兮,,,,not-resolved,data/chars/5E02.json
布,A,resolved,巾,巾,Bộ Cân,50,record-radical,data/chars/5E03.json
帄,C,not-resolved,,,,,not-resolved,data/chars/5E04.json
帅,A,resolved,刂,刀,Bộ Đao,18,record-radical,data/chars/5E05.json
帆,A,resolved,巾,巾,Bộ Cân,50,record-radical,data/chars/5E06.json
师,A,resolved,刂,刀,Bộ Đao,18,record-radical,data/chars/5E08.json
希,A,resolved,巾,巾,Bộ Cân,50,record-radical,data/chars/5E0C.json
帏,B,resolved,巾,巾,Bộ Cân,50,record-radical,data/chars/5E0F.json
帐,A,resolved,巾,巾,Bộ Cân,50,record-radical,data/chars/5E10.json
帑,C,not-resolved,,,,,not-resolved,data/chars/5E11.json
帔,B,resolved,巾,巾,Bộ Cân,50,record-radical,data/chars/5E14.json
帕,C,not-resolved,,,,,not-resolved,data/chars/5E15.json
帖,C,not-resolved,,,,,not-resolved,data/chars/5E16.json
帗,C,not-resolved,,,,,not-resolved,data/chars/5E17.json
帘,C,not-resolved,,,,,not-resolved,data/chars/5E18.json
帙,B,resolved,巾,巾,Bộ Cân,50,record-radical,data/chars/5E19.json
帚,A,resolved,又,又,Bộ Hựu,29,record-radical,data/chars/5E1A.json
帛,A,resolved,巾,巾,Bộ Cân,50,record-radical,data/chars/5E1B.json
帜,A,resolved,巾,巾,Bộ Cân,50,record-radical,data/chars/5E1C.json
帝,C,not-resolved,,,,,not-resolved,data/chars/5E1D.json
帟,C,not-resolved,,,,,not-resolved,data/chars/5E1F.json
帡,C,not-resolved,,,,,not-resolved,data/chars/5E21.json
帣,C,not-resolved,,,,,not-resolved,data/chars/5E23.json
带,C,not-resolved,,,,,not-resolved,data/chars/5E26.json
帧,A,resolved,巾,巾,Bộ Cân,50,record-radical,data/chars/5E27.json
帨,C,not-resolved,,,,,not-resolved,data/chars/5E28.json
席,A,resolved,巾,巾,Bộ Cân,50,record-radical,data/chars/5E2D.json
帮,A,resolved,巾,巾,Bộ Cân,50,record-radical,data/chars/5E2E.json
帯,C,not-resolved,,,,,not-resolved,data/chars/5E2F.json
帰,C,not-resolved,,,,,not-resolved,data/chars/5E30.json
帱,B,resolved,巾,巾,Bộ Cân,50,record-radical,data/chars/5E31.json
帲,C,not-resolved,,,,,not-resolved,data/chars/5E32.json
帷,B,resolved,巾,巾,Bộ Cân,50,record-radical,data/chars/5E37.json
常,A,resolved,巾,巾,Bộ Cân,50,record-radical,data/chars/5E38.json
帹,C,not-resolved,,,,,not-resolved,data/chars/5E39.json
帺,C,not-resolved,,,,,not-resolved,data/chars/5E3A.json
帻,B,resolved,巾,巾,Bộ Cân,50,record-radical,data/chars/5E3B.json
帼,B,resolved,巾,巾,Bộ Cân,50,record-radical,data/chars/5E3C.json
帽,A,resolved,巾,巾,Bộ Cân,50,record-radical,data/chars/5E3D.json
幂,C,not-resolved,,,,,not-resolved,data/chars/5E42.json
幄,C,not-resolved,,,,,not-resolved,data/chars/5E44.json
幅,C,not-resolved,,,,,not-resolved,data/chars/5E45.json
幈,C,not-resolved,,,,,not-resolved,data/chars/5E48.json
幋,C,not-resolved,,,,,not-resolved,data/chars/5E4B.json
幌,B,resolved,巾,巾,Bộ Cân,50,record-radical,data/chars/5E4C.json
幏,C,not-resolved,,,,,not-resolved,data/chars/5E4F.json
幔,B,resolved,巾,巾,Bộ Cân,50,record-radical,data/chars/5E54.json
幕,A,resolved,巾,巾,Bộ Cân,50,record-radical,data/chars/5E55.json
幛,C,not-resolved,,,,,not-resolved,data/chars/5E5B.json
幞,B,resolved,巾,巾,Bộ Cân,50,record-radical,data/chars/5E5E.json
幠,C,not-resolved,,,,,not-resolved,data/chars/5E60.json
幡,A,resolved,巾,巾,Bộ Cân,50,record-radical,data/chars/5E61.json
幢,B,resolved,巾,巾,Bộ Cân,50,record-radical,data/chars/5E62.json
幦,C,not-resolved,,,,,not-resolved,data/chars/5E66.json
幨,C,not-resolved,,,,,not-resolved,data/chars/5E68.json
幩,C,not-resolved,,,,,not-resolved,data/chars/5E69.json
幪,C,not-resolved,,,,,not-resolved,data/chars/5E6A.json
幭,C,not-resolved,,,,,not-resolved,data/chars/5E6D.json
幮,C,not-resolved,,,,,not-resolved,data/chars/5E6E.json
幯,C,not-resolved,,,,,not-resolved,data/chars/5E6F.json
幰,C,not-resolved,,,,,not-resolved,data/chars/5E70.json
干,A,resolved,干,干,Bộ Can,51,self-radical,radical_learning_notes.json
平,C,not-resolved,,,,,not-resolved,data/chars/5E73.json
年,A,resolved,禾,禾,Bộ Hòa,115,record-radical,data/chars/5E74.json
幵,C,not-resolved,,,,,not-resolved,data/chars/5E75.json
并,A,resolved,立,立,Bộ Lập,117,record-radical,data/chars/5E76.json
幷,C,not-resolved,,,,,not-resolved,data/chars/5E77.json
幸,C,not-resolved,夭,,,,not-resolved,data/chars/5E78.json
幺,B,resolved,幺,幺,Bộ Yêu,52,self-radical,radical_learning_notes.json
幻,C,not-resolved,,,,,not-resolved,data/chars/5E7B.json
幼,C,not-resolved,,,,,not-resolved,data/chars/5E7C.json
幽,A,resolved,山,山,Bộ Sơn,46,record-radical,data/chars/5E7D.json
广,A,resolved,广,广,Bộ Nghiễm,53,self-radical,radical_learning_notes.json
庀,B,resolved,广,广,Bộ Nghiễm,53,record-radical,data/chars/5E80.json
庁,C,not-resolved,,,,,not-resolved,data/chars/5E81.json
広,C,not-resolved,,,,,not-resolved,data/chars/5E83.json
庄,A,resolved,广,广,Bộ Nghiễm,53,record-radical,data/chars/5E84.json
庆,A,resolved,广,广,Bộ Nghiễm,53,record-radical,data/chars/5E86.json
庇,B,resolved,广,广,Bộ Nghiễm,53,record-radical,data/chars/5E87.json
庈,C,not-resolved,,,,,not-resolved,data/chars/5E88.json
庉,C,not-resolved,,,,,not-resolved,data/chars/5E89.json
床,A,resolved,木,木,Bộ Mộc,75,record-radical,data/chars/5E8A.json
庋,B,resolved,广,广,Bộ Nghiễm,53,record-radical,data/chars/5E8B.json
序,A,resolved,广,广,Bộ Nghiễm,53,record-radical,data/chars/5E8F.json
庐,C,not-resolved,,,,,not-resolved,data/chars/5E90.json
庑,B,resolved,广,广,Bộ Nghiễm,53,record-radical,data/chars/5E91.json
庒,C,not-resolved,,,,,not-resolved,data/chars/5E92.json
库,A,resolved,广,广,Bộ Nghiễm,53,record-radical,data/chars/5E93.json
应,A,resolved,心,心,Bộ Tâm,61,record-radical,data/chars/5E94.json
底,A,resolved,广,广,Bộ Nghiễm,53,record-radical,data/chars/5E95.json
庖,B,resolved,广,广,Bộ Nghiễm,53,record-radical,data/chars/5E96.json
店,A,resolved,广,广,Bộ Nghiễm,53,record-radical,data/chars/5E97.json
庙,C,not-resolved,,,,,not-resolved,data/chars/5E99.json
庚,C,not-resolved,,,,,not-resolved,data/chars/5E9A.json
府,A,resolved,广,广,Bộ Nghiễm,53,record-radical,data/chars/5E9C.json
庞,C,not-resolved,,,,,not-resolved,data/chars/5E9E.json
废,A,resolved,广,广,Bộ Nghiễm,53,record-radical,data/chars/5E9F.json
庠,B,resolved,广,广,Bộ Nghiễm,53,record-radical,data/chars/5EA0.json
庤,C,not-resolved,,,,,not-resolved,data/chars/5EA4.json
庥,B,resolved,广,广,Bộ Nghiễm,53,record-radical,data/chars/5EA5.json
度,A,resolved,又,又,Bộ Hựu,29,record-radical,data/chars/5EA6.json
座,A,resolved,广,广,Bộ Nghiễm,53,record-radical,data/chars/5EA7.json
庬,C,not-resolved,,,,,not-resolved,data/chars/5EAC.json
庭,A,resolved,广,广,Bộ Nghiễm,53,record-radical,data/chars/5EAD.json
庱,C,not-resolved,,,,,not-resolved,data/chars/5EB1.json
庳,C,not-resolved,,,,,not-resolved,data/chars/5EB3.json
庴,C,not-resolved,,,,,not-resolved,data/chars/5EB4.json
庵,C,not-resolved,,,,,not-resolved,data/chars/5EB5.json
庶,B,resolved,石,石,Bộ Thạch,112,record-radical,data/chars/5EB6.json
康,A,resolved,米,米,Bộ Mễ,119,record-radical,data/chars/5EB7.json
庸,A,resolved,用,用,Bộ Dụng,101,record-radical,data/chars/5EB8.json
庹,B,resolved,广,广,Bộ Nghiễm,53,record-radical,data/chars/5EB9.json
庼,C,not-resolved,,,,,not-resolved,data/chars/5EBC.json
庾,B,resolved,广,广,Bộ Nghiễm,53,record-radical,data/chars/5EBE.json
庿,C,not-resolved,,,,,not-resolved,data/chars/5EBF.json
廀,C,not-resolved,,,,,not-resolved,data/chars/5EC0.json
廃,C,not-resolved,,,,,not-resolved,data/chars/5EC3.json
廆,C,not-resolved,,,,,not-resolved,data/chars/5EC6.json
廉,C,not-resolved,,,,,not-resolved,data/chars/5EC9.json
廊,A,resolved,广,广,Bộ Nghiễm,53,record-radical,data/chars/5ECA.json
廋,C,not-resolved,,,,,not-resolved,data/chars/5ECB.json
廌,C,not-resolved,,,,,not-resolved,data/chars/5ECC.json
廏,C,not-resolved,,,,,not-resolved,data/chars/5ECF.json
廑,B,resolved,广,广,Bộ Nghiễm,53,record-radical,data/chars/5ED1.json
廒,B,resolved,广,广,Bộ Nghiễm,53,record-radical,data/chars/5ED2.json
廓,A,resolved,广,广,Bộ Nghiễm,53,record-radical,data/chars/5ED3.json
廖,C,not-resolved,,,,,not-resolved,data/chars/5ED6.json
廙,C,not-resolved,,,,,not-resolved,data/chars/5ED9.json
廛,B,resolved,广,广,Bộ Nghiễm,53,record-radical,data/chars/5EDB.json
廥,C,not-resolved,,,,,not-resolved,data/chars/5EE5.json
廧,C,not-resolved,,,,,not-resolved,data/chars/5EE7.json
廨,B,resolved,广,广,Bộ Nghiễm,53,record-radical,data/chars/5EE8.json
廪,B,resolved,广,广,Bộ Nghiễm,53,record-radical,data/chars/5EEA.json
廱,C,not-resolved,,,,,not-resolved,data/chars/5EF1.json
廴,B,resolved,廴,廴,Bộ Dẫn,54,self-radical,radical_learning_notes.json
延,A,resolved,疋,疋,Bộ Sơ,103,record-radical,data/chars/5EF6.json
廷,A,resolved,廴,廴,Bộ Dẫn,54,record-radical,data/chars/5EF7.json
廸,C,not-resolved,,,,,not-resolved,data/chars/5EF8.json
建,A,resolved,聿,聿,Bộ Duật,129,record-radical,data/chars/5EFA.json
廻,C,not-resolved,,,,,not-resolved,data/chars/5EFB.json
廾,B,resolved,廾,廾,Bộ Củng,55,self-radical,radical_learning_notes.json
廿,C,not-resolved,,,,,not-resolved,data/chars/5EFF.json
开,A,resolved,門,門,Bộ Môn,169,record-radical,data/chars/5F00.json
弁,C,not-resolved,,,,,not-resolved,data/chars/5F01.json
异,A,resolved,廾,廾,Bộ Củng,55,record-radical,data/chars/5F02.json
弃,A,resolved,子,子,"Bộ Tử, Tý",39,record-radical,data/chars/5F03.json
弄,A,resolved,玉,玉,Bộ Ngọc,96,record-radical,data/chars/5F04.json
弇,C,not-resolved,,,,,not-resolved,data/chars/5F07.json
弈,B,resolved,廾,廾,Bộ Củng,55,record-radical,data/chars/5F08.json
弊,C,not-resolved,,,,,not-resolved,data/chars/5F0A.json
弋,B,resolved,弋,弋,"Bộ Dặc, Dực",56,self-radical,radical_learning_notes.json
弌,C,not-resolved,,,,,not-resolved,data/chars/5F0C.json
弍,C,not-resolved,,,,,not-resolved,data/chars/5F0D.json
弎,C,not-resolved,,,,,not-resolved,data/chars/5F0E.json
式,A,resolved,工,工,Bộ Công,48,record-radical,data/chars/5F0F.json
弐,C,not-resolved,,,,,not-resolved,data/chars/5F10.json
弑,C,not-resolved,杀,,,,not-resolved,data/chars/5F11.json
弓,B,resolved,弓,弓,Bộ Cung,57,self-radical,radical_learning_notes.json
引,A,resolved,弓,弓,Bộ Cung,57,record-radical,data/chars/5F15.json
弗,C,not-resolved,,,,,not-resolved,data/chars/5F17.json
弘,C,not-resolved,,,,,not-resolved,data/chars/5F18.json
弛,A,resolved,弓,弓,Bộ Cung,57,record-radical,data/chars/5F1B.json
弝,C,not-resolved,,,,,not-resolved,data/chars/5F1D.json
弟,A,resolved,戈,戈,Bộ Qua,62,record-radical,data/chars/5F1F.json
张,A,resolved,弓,弓,Bộ Cung,57,record-radical,data/chars/5F20.json
弢,C,not-resolved,,,,,not-resolved,data/chars/5F22.json
弣,C,not-resolved,,,,,not-resolved,data/chars/5F23.json
弤,C,not-resolved,,,,,not-resolved,data/chars/5F24.json
弥,A,resolved,弓,弓,Bộ Cung,57,record-radical,data/chars/5F25.json
弦,A,resolved,弓,弓,Bộ Cung,57,record-radical,data/chars/5F26.json
弧,A,resolved,弓,弓,Bộ Cung,57,record-radical,data/chars/5F27.json
弨,C,not-resolved,,,,,not-resolved,data/chars/5F28.json
弩,A,resolved,弓,弓,Bộ Cung,57,record-radical,data/chars/5F29.json
弪,B,resolved,弓,弓,Bộ Cung,57,record-radical,data/chars/5F2A.json
弫,C,not-resolved,,,,,not-resolved,data/chars/5F2B.json
弭,C,not-resolved,,,,,not-resolved,data/chars/5F2D.json
弮,B,resolved,弓,弓,Bộ Cung,57,record-radical,data/chars/5F2E.json
弯,A,resolved,弓,弓,Bộ Cung,57,record-radical,data/chars/5F2F.json
弰,C,not-resolved,,,,,not-resolved,data/chars/5F30.json
弱,A,resolved,弓,弓,Bộ Cung,57,record-radical,data/chars/5F31.json
弶,C,not-resolved,,,,,not-resolved,data/chars/5F36.json
弸,C,not-resolved,,,,,not-resolved,data/chars/5F38.json
弹,A,resolved,弓,弓,Bộ Cung,57,record-radical,data/chars/5F39.json
强,A,resolved,弓,弓,Bộ Cung,57,record-radical,data/chars/5F3A.json
弼,C,not-resolved,,,,,not-resolved,data/chars/5F3C.json
弾,C,not-resolved,,,,,not-resolved,data/chars/5F3E.json
彀,C,not-resolved,,,,,not-resolved,data/chars/5F40.json
彐,B,resolved,彐,彐,Bộ Ký,58,self-radical,radical_learning_notes.json
彑,C,not-resolved,,,,,not-resolved,data/chars/5F51.json
归,A,resolved,刂,刀,Bộ Đao,18,record-radical,data/chars/5F52.json
当,A,resolved,田,田,Bộ Điền,102,record-radical,data/chars/5F53.json
彔,C,not-resolved,◎,,,,not-resolved,data/chars/5F54.json
录,A,resolved,金,金,Bộ Kim,167,record-radical,data/chars/5F55.json
彖,C,not-resolved,,,,,not-resolved,data/chars/5F56.json
彗,C,not-resolved,,,,,not-resolved,data/chars/5F57.json
彘,C,not-resolved,彑,,,,not-resolved,data/chars/5F58.json
彛,C,not-resolved,,,,,not-resolved,data/chars/5F5B.json
彝,C,not-resolved,,,,,not-resolved,data/chars/5F5D.json
彟,C,not-resolved,蒦,,,,not-resolved,data/chars/5F5F.json
彡,B,resolved,彡,彡,Bộ Sam,59,self-radical,radical_learning_notes.json
形,A,resolved,彡,彡,Bộ Sam,59,record-radical,data/chars/5F62.json
彤,C,not-resolved,丹,,,,not-resolved,data/chars/5F64.json
彦,B,resolved,文,文,Bộ Văn,67,record-radical,data/chars/5F66.json
彧,C,not-resolved,,,,,not-resolved,data/chars/5F67.json
彨,C,not-resolved,,,,,not-resolved,data/chars/5F68.json
彩,A,resolved,彡,彡,Bộ Sam,59,record-radical,data/chars/5F69.json
彪,C,not-resolved,,,,,not-resolved,data/chars/5F6A.json
彬,B,resolved,彡,彡,Bộ Sam,59,record-radical,data/chars/5F6C.json
彭,C,not-resolved,,,,,not-resolved,data/chars/5F6D.json
彰,A,resolved,彡,彡,Bộ Sam,59,record-radical,data/chars/5F70.json
影,A,resolved,彡,彡,Bộ Sam,59,record-radical,data/chars/5F71.json
彳,B,resolved,彳,彳,Bộ Xích,60,self-radical,radical_learning_notes.json
彴,C,not-resolved,,,,,not-resolved,data/chars/5F74.json
彷,A,resolved,彳,彳,Bộ Xích,60,record-radical,data/chars/5F77.json
彸,B,resolved,彳,彳,Bộ Xích,60,record-radical,data/chars/5F78.json
役,C,not-resolved,,,,,not-resolved,data/chars/5F79.json
彻,C,not-resolved,切,,,,not-resolved,data/chars/5F7B.json
彼,A,resolved,彳,彳,Bộ Xích,60,record-radical,data/chars/5F7C.json
彽,C,not-resolved,,,,,not-resolved,data/chars/5F7D.json
往,A,resolved,彳,彳,Bộ Xích,60,record-radical,data/chars/5F80.json
征,A,resolved,彳,彳,Bộ Xích,60,record-radical,data/chars/5F81.json
徂,B,resolved,彳,彳,Bộ Xích,60,record-radical,data/chars/5F82.json
径,A,resolved,彳,彳,Bộ Xích,60,record-radical,data/chars/5F84.json
待,A,resolved,彳,彳,Bộ Xích,60,record-radical,data/chars/5F85.json
徇,B,resolved,彳,彳,Bộ Xích,60,record-radical,data/chars/5F87.json
很,A,resolved,彳,彳,Bộ Xích,60,record-radical,data/chars/5F88.json
徉,B,resolved,彳,彳,Bộ Xích,60,record-radical,data/chars/5F89.json
徊,C,not-resolved,,,,,not-resolved,data/chars/5F8A.json
律,A,resolved,彳,彳,Bộ Xích,60,record-radical,data/chars/5F8B.json
徐,A,resolved,彳,彳,Bộ Xích,60,record-radical,data/chars/5F90.json
徒,C,not-resolved,,,,,not-resolved,data/chars/5F92.json
従,C,not-resolved,,,,,not-resolved,data/chars/5F93.json
徕,B,resolved,彳,彳,Bộ Xích,60,record-radical,data/chars/5F95.json
得,A,resolved,彳,彳,Bộ Xích,60,record-radical,data/chars/5F97.json
徘,A,resolved,彳,彳,Bộ Xích,60,record-radical,data/chars/5F98.json
徙,C,not-resolved,,,,,not-resolved,data/chars/5F99.json
徜,B,resolved,彳,彳,Bộ Xích,60,record-radical,data/chars/5F9C.json
御,A,resolved,彳,彳,Bộ Xích,60,record-radical,data/chars/5FA1.json
徨,A,resolved,彳,彳,Bộ Xích,60,record-radical,data/chars/5FA8.json
循,A,resolved,彳,彳,Bộ Xích,60,record-radical,data/chars/5FAA.json
徬,C,not-resolved,,,,,not-resolved,data/chars/5FAC.json
徭,B,resolved,彳,彳,Bộ Xích,60,record-radical,data/chars/5FAD.json
微,A,resolved,彳,彳,Bộ Xích,60,record-radical,data/chars/5FAE.json
徯,B,resolved,彳,彳,Bộ Xích,60,record-radical,data/chars/5FAF.json
徳,C,not-resolved,,,,,not-resolved,data/chars/5FB3.json
徴,C,not-resolved,,,,,not-resolved,data/chars/5FB4.json
徵,B,resolved,彳,彳,Bộ Xích,60,record-radical,data/chars/5FB5.json
德,A,resolved,彳,彳,Bộ Xích,60,record-radical,data/chars/5FB7.json
徻,C,not-resolved,,,,,not-resolved,data/chars/5FBB.json
徼,B,resolved,彳,彳,Bộ Xích,60,record-radical,data/chars/5FBC.json
徽,C,not-resolved,,,,,not-resolved,data/chars/5FBD.json
忀,C,not-resolved,,,,,not-resolved,data/chars/5FC0.json
忂,C,not-resolved,,,,,not-resolved,data/chars/5FC2.json
心,A,resolved,心,心,Bộ Tâm,61,self-radical,radical_learning_notes.json
忄,B,resolved,忄,心,Bộ Tâm,61,radical-variant,radical_alias_index.json
必,C,not-resolved,,,,,not-resolved,data/chars/5FC5.json
忆,A,resolved,忄,心,Bộ Tâm,61,record-radical,data/chars/5FC6.json
忉,B,resolved,忄,心,Bộ Tâm,61,record-radical,data/chars/5FC9.json
忌,A,resolved,心,心,Bộ Tâm,61,record-radical,data/chars/5FCC.json
忍,A,resolved,心,心,Bộ Tâm,61,record-radical,data/chars/5FCD.json
忏,B,resolved,忄,心,Bộ Tâm,61,record-radical,data/chars/5FCF.json
忐,C,not-resolved,,,,,not-resolved,data/chars/5FD0.json
忑,C,not-resolved,,,,,not-resolved,data/chars/5FD1.json
忒,B,resolved,心,心,Bộ Tâm,61,record-radical,data/chars/5FD2.json
忕,B,resolved,忄,心,Bộ Tâm,61,record-radical,data/chars/5FD5.json
忖,B,resolved,忄,心,Bộ Tâm,61,record-radical,data/chars/5FD6.json
志,A,resolved,心,心,Bộ Tâm,61,record-radical,data/chars/5FD7.json
忘,A,resolved,心,心,Bộ Tâm,61,record-radical,data/chars/5FD8.json
忙,A,resolved,忄,心,Bộ Tâm,61,record-radical,data/chars/5FD9.json
忛,C,not-resolved,,,,,not-resolved,data/chars/5FDB.json
応,C,not-resolved,,,,,not-resolved,data/chars/5FDC.json
忝,C,not-resolved,⺗,,,,not-resolved,data/chars/5FDD.json
忞,B,resolved,心,心,Bộ Tâm,61,record-radical,data/chars/5FDE.json
忠,A,resolved,心,心,Bộ Tâm,61,record-radical,data/chars/5FE0.json
忡,B,resolved,忄,心,Bộ Tâm,61,record-radical,data/chars/5FE1.json
忤,B,resolved,忄,心,Bộ Tâm,61,record-radical,data/chars/5FE4.json
忧,A,resolved,忄,心,Bộ Tâm,61,record-radical,data/chars/5FE7.json
忪,A,resolved,忄,心,Bộ Tâm,61,record-radical,data/chars/5FEA.json
快,A,resolved,忄,心,Bộ Tâm,61,record-radical,data/chars/5FEB.json
忬,C,not-resolved,,,,,not-resolved,data/chars/5FEC.json
忭,B,resolved,忄,心,Bộ Tâm,61,record-radical,data/chars/5FED.json
忮,B,resolved,忄,心,Bộ Tâm,61,record-radical,data/chars/5FEE.json
忱,B,resolved,忄,心,Bộ Tâm,61,record-radical,data/chars/5FF1.json
忲,C,not-resolved,,,,,not-resolved,data/chars/5FF2.json
念,A,resolved,心,心,Bộ Tâm,61,record-radical,data/chars/5FF5.json
忸,B,resolved,忄,心,Bộ Tâm,61,record-radical,data/chars/5FF8.json
忻,B,resolved,忄,心,Bộ Tâm,61,record-radical,data/chars/5FFB.json
忽,A,resolved,心,心,Bộ Tâm,61,record-radical,data/chars/5FFD.json
忾,C,not-resolved,,,,,not-resolved,data/chars/5FFE.json
忿,B,resolved,心,心,Bộ Tâm,61,record-radical,data/chars/5FFF.json
怀,A,resolved,忄,心,Bộ Tâm,61,record-radical,data/chars/6000.json
态,A,resolved,心,心,Bộ Tâm,61,record-radical,data/chars/6001.json
怂,B,resolved,心,心,Bộ Tâm,61,record-radical,data/chars/6002.json
怃,B,resolved,忄,心,Bộ Tâm,61,record-radical,data/chars/6003.json
怄,B,resolved,忄,心,Bộ Tâm,61,record-radical,data/chars/6004.json
怅,A,resolved,忄,心,Bộ Tâm,61,record-radical,data/chars/6005.json
怆,B,resolved,忄,心,Bộ Tâm,61,record-radical,data/chars/6006.json
怊,B,resolved,忄,心,Bộ Tâm,61,record-radical,data/chars/600A.json
怍,B,resolved,忄,心,Bộ Tâm,61,record-radical,data/chars/600D.json
怎,A,resolved,心,心,Bộ Tâm,61,record-radical,data/chars/600E.json
怏,B,resolved,忄,心,Bộ Tâm,61,record-radical,data/chars/600F.json
怒,A,resolved,心,心,Bộ Tâm,61,record-radical,data/chars/6012.json
怔,B,resolved,忄,心,Bộ Tâm,61,record-radical,data/chars/6014.json
怕,A,resolved,忄,心,Bộ Tâm,61,record-radical,data/chars/6015.json
怖,A,resolved,忄,心,Bộ Tâm,61,record-radical,data/chars/6016.json
怗,C,not-resolved,,,,,not-resolved,data/chars/6017.json
怙,B,resolved,忄,心,Bộ Tâm,61,record-radical,data/chars/6019.json
怚,C,not-resolved,,,,,not-resolved,data/chars/601A.json
怛,B,resolved,忄,心,Bộ Tâm,61,record-radical,data/chars/601B.json
怜,A,resolved,忄,心,Bộ Tâm,61,record-radical,data/chars/601C.json
思,C,not-resolved,囟,,,,not-resolved,data/chars/601D.json
怞,C,not-resolved,,,,,not-resolved,data/chars/601E.json
怠,A,resolved,心,心,Bộ Tâm,61,record-radical,data/chars/6020.json
怡,A,resolved,忄,心,Bộ Tâm,61,record-radical,data/chars/6021.json
急,A,resolved,心,心,Bộ Tâm,61,record-radical,data/chars/6025.json
怦,B,resolved,忄,心,Bộ Tâm,61,record-radical,data/chars/6026.json
性,A,resolved,忄,心,Bộ Tâm,61,record-radical,data/chars/6027.json
怨,A,resolved,心,心,Bộ Tâm,61,record-radical,data/chars/6028.json
怩,B,resolved,忄,心,Bộ Tâm,61,record-radical,data/chars/6029.json
怪,A,resolved,忄,心,Bộ Tâm,61,record-radical,data/chars/602A.json
怫,B,resolved,忄,心,Bộ Tâm,61,record-radical,data/chars/602B.json
怭,C,not-resolved,,,,,not-resolved,data/chars/602D.json
怯,A,resolved,忄,心,Bộ Tâm,61,record-radical,data/chars/602F.json
怲,C,not-resolved,,,,,not-resolved,data/chars/6032.json
怵,B,resolved,忄,心,Bộ Tâm,61,record-radical,data/chars/6035.json
怸,C,not-resolved,,,,,not-resolved,data/chars/6038.json
怹,C,not-resolved,,,,,not-resolved,data/chars/6039.json
总,A,resolved,糹,糸,Bộ Mịch,120,record-radical,data/chars/603B.json
怼,B,resolved,心,心,Bộ Tâm,61,record-radical,data/chars/603C.json
怿,B,resolved,忄,心,Bộ Tâm,61,record-radical,data/chars/603F.json
恁,B,resolved,心,心,Bộ Tâm,61,record-radical,data/chars/6041.json
恂,B,resolved,忄,心,Bộ Tâm,61,record-radical,data/chars/6042.json
恃,B,resolved,忄,心,Bộ Tâm,61,record-radical,data/chars/6043.json
恇,C,not-resolved,,,,,not-resolved,data/chars/6047.json
恉,C,not-resolved,,,,,not-resolved,data/chars/6049.json
恋,A,resolved,心,心,Bộ Tâm,61,record-radical,data/chars/604B.json
恌,C,not-resolved,,,,,not-resolved,data/chars/604C.json
恍,A,resolved,忄,心,Bộ Tâm,61,record-radical,data/chars/604D.json
恏,C,not-resolved,,,,,not-resolved,data/chars/604F.json
恐,A,resolved,心,心,Bộ Tâm,61,record-radical,data/chars/6050.json
恒,C,not-resolved,,,,,not-resolved,data/chars/6052.json
恓,B,resolved,忄,心,Bộ Tâm,61,record-radical,data/chars/6053.json
恔,C,not-resolved,,,,,not-resolved,data/chars/6054.json
恕,A,resolved,心,心,Bộ Tâm,61,record-radical,data/chars/6055.json
恘,C,not-resolved,,,,,not-resolved,data/chars/6058.json
恙,A,resolved,心,心,Bộ Tâm,61,record-radical,data/chars/6059.json
恚,B,resolved,心,心,Bộ Tâm,61,record-radical,data/chars/605A.json
恛,C,not-resolved,,,,,not-resolved,data/chars/605B.json
恝,B,resolved,心,心,Bộ Tâm,61,record-radical,data/chars/605D.json
恞,C,not-resolved,,,,,not-resolved,data/chars/605E.json
恟,C,not-resolved,,,,,not-resolved,data/chars/605F.json
恢,A,resolved,忄,心,Bộ Tâm,61,record-radical,data/chars/6062.json
恣,B,resolved,心,心,Bộ Tâm,61,record-radical,data/chars/6063.json
恤,A,resolved,忄,心,Bộ Tâm,61,record-radical,data/chars/6064.json
恧,B,resolved,心,心,Bộ Tâm,61,record-radical,data/chars/6067.json
恨,A,resolved,忄,心,Bộ Tâm,61,record-radical,data/chars/6068.json
恩,A,resolved,心,心,Bộ Tâm,61,record-radical,data/chars/6069.json
恪,B,resolved,忄,心,Bộ Tâm,61,record-radical,data/chars/606A.json
恫,B,resolved,忄,心,Bộ Tâm,61,record-radical,data/chars/606B.json
恬,B,resolved,忄,心,Bộ Tâm,61,record-radical,data/chars/606C.json
恭,C,not-resolved,⺗,,,,not-resolved,data/chars/606D.json
息,A,resolved,自,自,Bộ Tự,132,record-radical,data/chars/606F.json
恰,A,resolved,忄,心,Bộ Tâm,61,record-radical,data/chars/6070.json
恳,A,resolved,心,心,Bộ Tâm,61,record-radical,data/chars/6073.json
恵,C,not-resolved,,,,,not-resolved,data/chars/6075.json
恶,A,resolved,心,心,Bộ Tâm,61,record-radical,data/chars/6076.json
恸,C,not-resolved,,,,,not-resolved,data/chars/6078.json
恹,B,resolved,忄,心,Bộ Tâm,61,record-radical,data/chars/6079.json
恺,B,resolved,忄,心,Bộ Tâm,61,record-radical,data/chars/607A.json
恻,B,resolved,忄,心,Bộ Tâm,61,record-radical,data/chars/607B.json
恼,A,resolved,忄,心,Bộ Tâm,61,record-radical,data/chars/607C.json
恽,C,not-resolved,,,,,not-resolved,data/chars/607D.json
恿,B,resolved,心,心,Bộ Tâm,61,record-radical,data/chars/607F.json
悀,C,not-resolved,,,,,not-resolved,data/chars/6080.json
悁,C,not-resolved,,,,,not-resolved,data/chars/6081.json
悃,B,resolved,忄,心,Bộ Tâm,61,record-radical,data/chars/6083.json
悄,A,resolved,忄,心,Bộ Tâm,61,record-radical,data/chars/6084.json
悆,C,not-resolved,,,,,not-resolved,data/chars/6086.json
悉,A,resolved,心,心,Bộ Tâm,61,record-radical,data/chars/6089.json
悊,C,not-resolved,,,,,not-resolved,data/chars/608A.json
悌,C,not-resolved,,,,,not-resolved,data/chars/608C.json
悍,B,resolved,忄,心,Bộ Tâm,61,record-radical,data/chars/608D.json
悐,C,not-resolved,,,,,not-resolved,data/chars/6090.json
悑,C,not-resolved,,,,,not-resolved,data/chars/6091.json
悒,B,resolved,忄,心,Bộ Tâm,61,record-radical,data/chars/6092.json
悔,A,resolved,忄,心,Bộ Tâm,61,record-radical,data/chars/6094.json
悖,B,resolved,忄,心,Bộ Tâm,61,record-radical,data/chars/6096.json
悚,B,resolved,忄,心,Bộ Tâm,61,record-radical,data/chars/609A.json
悛,B,resolved,忄,心,Bộ Tâm,61,record-radical,data/chars/609B.json
悜,C,not-resolved,,,,,not-resolved,data/chars/609C.json
悝,B,resolved,忄,心,Bộ Tâm,61,record-radical,data/chars/609D.json
悟,A,resolved,忄,心,Bộ Tâm,61,record-radical,data/chars/609F.json
悠,A,resolved,心,心,Bộ Tâm,61,record-radical,data/chars/60A0.json
患,A,resolved,心,心,Bộ Tâm,61,record-radical,data/chars/60A3.json
悦,A,resolved,忄,心,Bộ Tâm,61,record-radical,data/chars/60A6.json
悧,C,not-resolved,,,,,not-resolved,data/chars/60A7.json
您,A,resolved,心,心,Bộ Tâm,61,record-radical,data/chars/60A8.json
悩,C,not-resolved,,,,,not-resolved,data/chars/60A9.json
悪,C,not-resolved,,,,,not-resolved,data/chars/60AA.json
悫,B,resolved,心,心,Bộ Tâm,61,record-radical,data/chars/60AB.json
悬,C,not-resolved,,,,,not-resolved,data/chars/60AC.json
悭,C,not-resolved,,,,,not-resolved,data/chars/60AD.json
悮,C,not-resolved,,,,,not-resolved,data/chars/60AE.json
悯,A,resolved,忄,心,Bộ Tâm,61,record-radical,data/chars/60AF.json
悰,C,not-resolved,,,,,not-resolved,data/chars/60B0.json
悱,B,resolved,忄,心,Bộ Tâm,61,record-radical,data/chars/60B1.json
悲,A,resolved,心,心,Bộ Tâm,61,record-radical,data/chars/60B2.json
悴,B,resolved,忄,心,Bộ Tâm,61,record-radical,data/chars/60B4.json
悷,C,not-resolved,,,,,not-resolved,data/chars/60B7.json
悸,B,resolved,忄,心,Bộ Tâm,61,record-radical,data/chars/60B8.json
悻,A,resolved,忄,心,Bộ Tâm,61,record-radical,data/chars/60BB.json
悼,A,resolved,忄,心,Bộ Tâm,61,record-radical,data/chars/60BC.json
悾,C,not-resolved,,,,,not-resolved,data/chars/60BE.json
惄,C,not-resolved,,,,,not-resolved,data/chars/60C4.json
情,A,resolved,忄,心,Bộ Tâm,61,record-radical,data/chars/60C5.json
惆,B,resolved,忄,心,Bộ Tâm,61,record-radical,data/chars/60C6.json
惇,C,not-resolved,,,,,not-resolved,data/chars/60C7.json
惈,C,not-resolved,,,,,not-resolved,data/chars/60C8.json
惊,A,resolved,忄,心,Bộ Tâm,61,record-radical,data/chars/60CA.json
惋,A,resolved,忄,心,Bộ Tâm,61,record-radical,data/chars/60CB.json
惌,C,not-resolved,,,,,not-resolved,data/chars/60CC.json
惎,C,not-resolved,,,,,not-resolved,data/chars/60CE.json
惏,C,not-resolved,,,,,not-resolved,data/chars/60CF.json
惑,C,not-resolved,,,,,not-resolved,data/chars/60D1.json
惒,C,not-resolved,,,,,not-resolved,data/chars/60D2.json
惓,B,resolved,忄,心,Bộ Tâm,61,record-radical,data/chars/60D3.json
惔,C,not-resolved,,,,,not-resolved,data/chars/60D4.json
惕,A,resolved,忄,心,Bộ Tâm,61,record-radical,data/chars/60D5.json
惘,B,resolved,忄,心,Bộ Tâm,61,record-radical,data/chars/60D8.json
惙,B,resolved,忄,心,Bộ Tâm,61,record-radical,data/chars/60D9.json
惚,C,not-resolved,,,,,not-resolved,data/chars/60DA.json
惛,C,not-resolved,,,,,not-resolved,data/chars/60DB.json
惜,C,not-resolved,,,,,not-resolved,data/chars/60DC.json
惝,B,resolved,忄,心,Bộ Tâm,61,record-radical,data/chars/60DD.json
惟,C,not-resolved,,,,,not-resolved,data/chars/60DF.json
惠,A,resolved,心,心,Bộ Tâm,61,record-radical,data/chars/60E0.json
惦,A,resolved,忄,心,Bộ Tâm,61,record-radical,data/chars/60E6.json
惧,A,resolved,忄,心,Bộ Tâm,61,record-radical,data/chars/60E7.json
惨,A,resolved,忄,心,Bộ Tâm,61,record-radical,data/chars/60E8.json
惩,A,resolved,心,心,Bộ Tâm,61,record-radical,data/chars/60E9.json
惫,C,not-resolved,思,,,,not-resolved,data/chars/60EB.json
惬,A,resolved,忄,心,Bộ Tâm,61,record-radical,data/chars/60EC.json
惭,A,resolved,忄,心,Bộ Tâm,61,record-radical,data/chars/60ED.json
惮,B,resolved,忄,心,Bộ Tâm,61,record-radical,data/chars/60EE.json
惯,A,resolved,忄,心,Bộ Tâm,61,record-radical,data/chars/60EF.json
惰,A,resolved,忄,心,Bộ Tâm,61,record-radical,data/chars/60F0.json
想,A,resolved,心,心,Bộ Tâm,61,record-radical,data/chars/60F3.json
惴,B,resolved,忄,心,Bộ Tâm,61,record-radical,data/chars/60F4.json
惶,B,resolved,忄,心,Bộ Tâm,61,record-radical,data/chars/60F6.json
惸,C,not-resolved,,,,,not-resolved,data/chars/60F8.json
惹,A,resolved,心,心,Bộ Tâm,61,record-radical,data/chars/60F9.json
惺,C,not-resolved,,,,,not-resolved,data/chars/60FA.json
愀,B,resolved,忄,心,Bộ Tâm,61,record-radical,data/chars/6100.json
愁,A,resolved,心,心,Bộ Tâm,61,record-radical,data/chars/6101.json
愃,C,not-resolved,,,,,not-resolved,data/chars/6103.json
愆,B,resolved,心,心,Bộ Tâm,61,record-radical,data/chars/6106.json
愈,A,resolved,心,心,Bộ Tâm,61,record-radical,data/chars/6108.json
愉,A,resolved,忄,心,Bộ Tâm,61,record-radical,data/chars/6109.json
愊,C,not-resolved,,,,,not-resolved,data/chars/610A.json
愍,B,resolved,心,心,Bộ Tâm,61,record-radical,data/chars/610D.json
愎,C,not-resolved,,,,,not-resolved,data/chars/610E.json
意,A,resolved,心,心,Bộ Tâm,61,record-radical,data/chars/610F.json
愐,C,not-resolved,,,,,not-resolved,data/chars/6110.json
愑,C,not-resolved,,,,,not-resolved,data/chars/6111.json
愒,C,not-resolved,,,,,not-resolved,data/chars/6112.json
愓,C,not-resolved,,,,,not-resolved,data/chars/6113.json
愔,C,not-resolved,,,,,not-resolved,data/chars/6114.json
愕,B,resolved,忄,心,Bộ Tâm,61,record-radical,data/chars/6115.json
愚,A,resolved,心,心,Bộ Tâm,61,record-radical,data/chars/611A.json
感,A,resolved,心,心,Bộ Tâm,61,record-radical,data/chars/611F.json
愠,B,resolved,忄,心,Bộ Tâm,61,record-radical,data/chars/6120.json
愣,A,resolved,忄,心,Bộ Tâm,61,record-radical,data/chars/6123.json
愤,A,resolved,忄,心,Bộ Tâm,61,record-radical,data/chars/6124.json
愦,B,resolved,忄,心,Bộ Tâm,61,record-radical,data/chars/6126.json
愧,A,resolved,忄,心,Bộ Tâm,61,record-radical,data/chars/6127.json
愫,C,not-resolved,,,,,not-resolved,data/chars/612B.json
愮,C,not-resolved,,,,,not-resolved,data/chars/612E.json
愯,C,not-resolved,,,,,not-resolved,data/chars/612F.json
愼,C,not-resolved,,,,,not-resolved,data/chars/613C.json
愿,A,resolved,心,心,Bộ Tâm,61,record-radical,data/chars/613F.json
慁,C,not-resolved,,,,,not-resolved,data/chars/6141.json
慅,C,not-resolved,,,,,not-resolved,data/chars/6145.json
慆,C,not-resolved,,,,,not-resolved,data/chars/6146.json
慇,C,not-resolved,,,,,not-resolved,data/chars/6147.json
慈,A,resolved,心,心,Bộ Tâm,61,record-radical,data/chars/6148.json
慉,C,not-resolved,,,,,not-resolved,data/chars/6149.json
慊,B,resolved,忄,心,Bộ Tâm,61,record-radical,data/chars/614A.json
慌,A,resolved,忄,心,Bộ Tâm,61,record-radical,data/chars/614C.json
慎,A,resolved,忄,心,Bộ Tâm,61,record-radical,data/chars/614E.json
慑,A,resolved,忄,心,Bộ Tâm,61,record-radical,data/chars/6151.json
慕,C,not-resolved,⺗,,,,not-resolved,data/chars/6155.json
慜,C,not-resolved,,,,,not-resolved,data/chars/615C.json
慝,C,not-resolved,,,,,not-resolved,data/chars/615D.json
慢,A,resolved,忄,心,Bộ Tâm,61,record-radical,data/chars/6162.json
慥,C,not-resolved,,,,,not-resolved,data/chars/6165.json
慧,A,resolved,心,心,Bộ Tâm,61,record-radical,data/chars/6167.json
慨,A,resolved,忄,心,Bộ Tâm,61,record-radical,data/chars/6168.json
慬,C,not-resolved,,,,,not-resolved,data/chars/616C.json
慭,C,not-resolved,,,,,not-resolved,data/chars/616D.json
慰,A,resolved,心,心,Bộ Tâm,61,record-radical,data/chars/6170.json
慱,C,not-resolved,,,,,not-resolved,data/chars/6171.json
慵,B,resolved,忄,心,Bộ Tâm,61,record-radical,data/chars/6175.json
慷,A,resolved,忄,心,Bộ Tâm,61,record-radical,data/chars/6177.json
慿,C,not-resolved,,,,,not-resolved,data/chars/617F.json
憀,C,not-resolved,,,,,not-resolved,data/chars/6180.json
憃,C,not-resolved,,,,,not-resolved,data/chars/6183.json
憋,B,resolved,心,心,Bộ Tâm,61,record-radical,data/chars/618B.json
憍,C,not-resolved,,,,,not-resolved,data/chars/618D.json
憎,A,resolved,忄,心,Bộ Tâm,61,record-radical,data/chars/618E.json
憔,B,resolved,忄,心,Bộ Tâm,61,record-radical,data/chars/6194.json
憙,C,not-resolved,,,,,not-resolved,data/chars/6199.json
憝,B,resolved,心,心,Bộ Tâm,61,record-radical,data/chars/619D.json
憧,B,resolved,忄,心,Bộ Tâm,61,record-radical,data/chars/61A7.json
憨,A,resolved,心,心,Bộ Tâm,61,record-radical,data/chars/61A8.json
憩,A,resolved,心,心,Bộ Tâm,61,record-radical,data/chars/61A9.json
憪,C,not-resolved,,,,,not-resolved,data/chars/61AA.json
憬,B,resolved,忄,心,Bộ Tâm,61,record-radical,data/chars/61AC.json
憭,C,not-resolved,,,,,not-resolved,data/chars/61AD.json
憯,C,not-resolved,,,,,not-resolved,data/chars/61AF.json
憷,C,not-resolved,,,,,not-resolved,data/chars/61B7.json
憸,C,not-resolved,,,,,not-resolved,data/chars/61B8.json
憺,C,not-resolved,,,,,not-resolved,data/chars/61BA.json
憾,A,resolved,忄,心,Bộ Tâm,61,record-radical,data/chars/61BE.json
懂,A,resolved,忄,心,Bộ Tâm,61,record-radical,data/chars/61C2.json
懅,C,not-resolved,,,,,not-resolved,data/chars/61C5.json
懆,C,not-resolved,,,,,not-resolved,data/chars/61C6.json
懈,A,resolved,忄,心,Bộ Tâm,61,record-radical,data/chars/61C8.json
懊,A,resolved,忄,心,Bộ Tâm,61,record-radical,data/chars/61CA.json
懋,B,resolved,心,心,Bộ Tâm,61,record-radical,data/chars/61CB.json
懐,C,not-resolved,,,,,not-resolved,data/chars/61D0.json
懑,C,not-resolved,,,,,not-resolved,data/chars/61D1.json
懒,A,resolved,忄,心,Bộ Tâm,61,record-radical,data/chars/61D2.json
懔,B,resolved,忄,心,Bộ Tâm,61,record-radical,data/chars/61D4.json
懞,B,resolved,忄,心,Bộ Tâm,61,record-radical,data/chars/61DE.json
懠,C,not-resolved,,,,,not-resolved,data/chars/61E0.json
懥,C,not-resolved,,,,,not-resolved,data/chars/61E5.json
懦,B,resolved,忄,心,Bộ Tâm,61,record-radical,data/chars/61E6.json
懫,C,not-resolved,,,,,not-resolved,data/chars/61EB.json
懮,B,resolved,忄,心,Bộ Tâm,61,record-radical,data/chars/61EE.json
懰,C,not-resolved,,,,,not-resolved,data/chars/61F0.json
懱,C,not-resolved,,,,,not-resolved,data/chars/61F1.json
懵,B,resolved,忄,心,Bộ Tâm,61,record-radical,data/chars/61F5.json
懿,B,resolved,心,心,Bộ Tâm,61,record-radical,data/chars/61FF.json
戁,C,not-resolved,,,,,not-resolved,data/chars/6201.json
戄,C,not-resolved,,,,,not-resolved,data/chars/6204.json
戆,B,resolved,心,心,Bộ Tâm,61,record-radical,data/chars/6206.json
戈,A,resolved,戈,戈,Bộ Qua,62,self-radical,radical_learning_notes.json
戉,C,not-resolved,,,,,not-resolved,data/chars/6209.json
戊,C,not-resolved,,,,,not-resolved,data/chars/620A.json
戋,B,resolved,戈,戈,Bộ Qua,62,record-radical,data/chars/620B.json
戌,C,not-resolved,,,,,not-resolved,data/chars/620C.json
戍,B,resolved,人,人,Bộ Nhân,9,record-radical,data/chars/620D.json
戎,C,not-resolved,,,,,not-resolved,data/chars/620E.json
戏,A,resolved,戈,戈,Bộ Qua,62,record-radical,data/chars/620F.json
成,C,not-resolved,戊,,,,not-resolved,data/chars/6210.json
我,A,resolved,戈,戈,Bộ Qua,62,record-radical,data/chars/6211.json
戒,A,resolved,戈,戈,Bộ Qua,62,record-radical,data/chars/6212.json
戕,B,resolved,戈,戈,Bộ Qua,62,record-radical,data/chars/6215.json
或,A,resolved,口,口,Bộ Khẩu,30,record-radical,data/chars/6216.json
戗,B,resolved,戈,戈,Bộ Qua,62,record-radical,data/chars/6217.json
战,A,resolved,戈,戈,Bộ Qua,62,record-radical,data/chars/6218.json
戚,C,not-resolved,,,,,not-resolved,data/chars/621A.json
戛,C,not-resolved,,,,,not-resolved,data/chars/621B.json
戜,C,not-resolved,,,,,not-resolved,data/chars/621C.json
戝,C,not-resolved,,,,,not-resolved,data/chars/621D.json
戟,C,not-resolved,,,,,not-resolved,data/chars/621F.json
戠,B,resolved,音,音,Bộ Âm,180,record-radical,data/chars/6220.json
戡,B,resolved,戈,戈,Bộ Qua,62,record-radical,data/chars/6221.json
戢,B,resolved,戈,戈,Bộ Qua,62,record-radical,data/chars/6222.json
戣,C,not-resolved,,,,,not-resolved,data/chars/6223.json
戤,C,not-resolved,盈,,,,not-resolved,data/chars/6224.json
戥,B,resolved,戈,戈,Bộ Qua,62,record-radical,data/chars/6225.json
戦,C,not-resolved,,,,,not-resolved,data/chars/6226.json
截,C,not-resolved,,,,,not-resolved,data/chars/622A.json
戬,B,resolved,戈,戈,Bộ Qua,62,record-radical,data/chars/622C.json
戭,C,not-resolved,,,,,not-resolved,data/chars/622D.json
戮,B,resolved,戈,戈,Bộ Qua,62,record-radical,data/chars/622E.json
戱,C,not-resolved,,,,,not-resolved,data/chars/6231.json
戳,A,resolved,戈,戈,Bộ Qua,62,record-radical,data/chars/6233.json
戴,C,not-resolved,𢦔,,,,not-resolved,data/chars/6234.json
户,C,not-resolved,,,,,not-resolved,data/chars/6237.json
戸,C,not-resolved,,,,,not-resolved,data/chars/6238.json
戺,C,not-resolved,,,,,not-resolved,data/chars/623A.json
戻,C,not-resolved,,,,,not-resolved,data/chars/623B.json
戽,B,resolved,斗,斗,"Bộ Đấu, Đẩu",68,record-radical,data/chars/623D.json
戾,C,not-resolved,户,,,,not-resolved,data/chars/623E.json
房,A,resolved,戶,戶,Bộ Hộ,63,record-radical,data/chars/623F.json
所,A,resolved,斤,斤,Bộ Cân,69,record-radical,data/chars/6240.json
扁,C,not-resolved,户,,,,not-resolved,data/chars/6241.json
扂,C,not-resolved,户,,,,not-resolved,data/chars/6242.json
扃,C,not-resolved,户,,,,not-resolved,data/chars/6243.json
扆,C,not-resolved,,,,,not-resolved,data/chars/6246.json
扇,C,not-resolved,,,,,not-resolved,data/chars/6247.json
扈,B,resolved,邑,邑,Bộ Ấp,163,record-radical,data/chars/6248.json
扉,C,not-resolved,户,,,,not-resolved,data/chars/6249.json
扊,C,not-resolved,,,,,not-resolved,data/chars/624A.json
手,A,resolved,手,手,Bộ Thủ,64,self-radical,radical_learning_notes.json
扌,B,resolved,扌,手,Bộ Thủ,64,radical-variant,radical_alias_index.json
才,C,not-resolved,,,,,not-resolved,data/chars/624D.json
扎,C,not-resolved,,,,,not-resolved,data/chars/624E.json
扐,C,not-resolved,,,,,not-resolved,data/chars/6250.json
扑,A,resolved,扌,手,Bộ Thủ,64,record-radical,data/chars/6251.json
扒,B,resolved,扌,手,Bộ Thủ,64,record-radical,data/chars/6252.json
打,A,resolved,扌,手,Bộ Thủ,64,record-radical,data/chars/6253.json
扔,A,resolved,扌,手,Bộ Thủ,64,record-radical,data/chars/6254.json
払,B,resolved,扌,手,Bộ Thủ,64,record-radical,data/chars/6255.json
扗,C,not-resolved,,,,,not-resolved,data/chars/6257.json
托,A,resolved,扌,手,Bộ Thủ,64,record-radical,data/chars/6258.json
扛,C,not-resolved,,,,,not-resolved,data/chars/625B.json
扠,C,not-resolved,,,,,not-resolved,data/chars/6260.json
扡,C,not-resolved,,,,,not-resolved,data/chars/6261.json
扢,B,resolved,扌,手,Bộ Thủ,64,record-radical,data/chars/6262.json
扣,A,resolved,扌,手,Bộ Thủ,64,record-radical,data/chars/6263.json
扤,C,not-resolved,,,,,not-resolved,data/chars/6264.json
扦,B,resolved,扌,手,Bộ Thủ,64,record-radical,data/chars/6266.json
执,A,resolved,扌,手,Bộ Thủ,64,record-radical,data/chars/6267.json
扩,A,resolved,广,广,Bộ Nghiễm,53,record-radical,data/chars/6269.json
扪,B,resolved,扌,手,Bộ Thủ,64,record-radical,data/chars/626A.json
扫,A,resolved,扌,手,Bộ Thủ,64,record-radical,data/chars/626B.json
扬,A,resolved,扌,手,Bộ Thủ,64,record-radical,data/chars/626C.json
扭,A,resolved,扌,手,Bộ Thủ,64,record-radical,data/chars/626D.json
扮,A,resolved,扌,手,Bộ Thủ,64,record-radical,data/chars/626E.json
扯,A,resolved,扌,手,Bộ Thủ,64,record-radical,data/chars/626F.json
扰,A,resolved,扌,手,Bộ Thủ,64,record-radical,data/chars/6270.json
扱,C,not-resolved,,,,,not-resolved,data/chars/6271.json
扳,B,resolved,扌,手,Bộ Thủ,64,record-radical,data/chars/6273.json
扶,A,resolved,扌,手,Bộ Thủ,64,record-radical,data/chars/6276.json
批,A,resolved,扌,手,Bộ Thủ,64,record-radical,data/chars/6279.json
扻,C,not-resolved,,,,,not-resolved,data/chars/627B.json
扼,A,resolved,扌,手,Bộ Thủ,64,record-radical,data/chars/627C.json
扽,C,not-resolved,,,,,not-resolved,data/chars/627D.json
找,A,resolved,扌,手,Bộ Thủ,64,record-radical,data/chars/627E.json
承,C,not-resolved,◎,,,,not-resolved,data/chars/627F.json
技,A,resolved,扌,手,Bộ Thủ,64,record-radical,data/chars/6280.json
抃,B,resolved,扌,手,Bộ Thủ,64,record-radical,data/chars/6283.json
抄,A,resolved,扌,手,Bộ Thủ,64,record-radical,data/chars/6284.json
抆,C,not-resolved,,,,,not-resolved,data/chars/6286.json
抈,C,not-resolved,,,,,not-resolved,data/chars/6288.json
抉,C,not-resolved,,,,,not-resolved,data/chars/6289.json
把,A,resolved,扌,手,Bộ Thủ,64,record-radical,data/chars/628A.json
抌,C,not-resolved,,,,,not-resolved,data/chars/628C.json
抏,C,not-resolved,,,,,not-resolved,data/chars/628F.json
抑,A,resolved,扌,手,Bộ Thủ,64,record-radical,data/chars/6291.json
抒,C,not-resolved,予,,,,not-resolved,data/chars/6292.json
抓,A,resolved,扌,手,Bộ Thủ,64,record-radical,data/chars/6293.json
抔,C,not-resolved,,,,,not-resolved,data/chars/6294.json
投,A,resolved,扌,手,Bộ Thủ,64,record-radical,data/chars/6295.json
抖,A,resolved,扌,手,Bộ Thủ,64,record-radical,data/chars/6296.json
抗,A,resolved,扌,手,Bộ Thủ,64,record-radical,data/chars/6297.json
折,A,resolved,扌,手,Bộ Thủ,64,record-radical,data/chars/6298.json
抚,A,resolved,扌,手,Bộ Thủ,64,record-radical,data/chars/629A.json
抛,A,resolved,扌,手,Bộ Thủ,64,record-radical,data/chars/629B.json
抜,C,not-resolved,,,,,not-resolved,data/chars/629C.json
択,C,not-resolved,,,,,not-resolved,data/chars/629E.json
抟,B,resolved,扌,手,Bộ Thủ,64,record-radical,data/chars/629F.json
抠,B,resolved,扌,手,Bộ Thủ,64,record-radical,data/chars/62A0.json
抡,B,resolved,扌,手,Bộ Thủ,64,record-radical,data/chars/62A1.json
抢,A,resolved,扌,手,Bộ Thủ,64,record-radical,data/chars/62A2.json
护,A,resolved,扌,手,Bộ Thủ,64,record-radical,data/chars/62A4.json
报,A,resolved,扌,手,Bộ Thủ,64,record-radical,data/chars/62A5.json
抦,C,not-resolved,,,,,not-resolved,data/chars/62A6.json
抨,A,resolved,扌,手,Bộ Thủ,64,record-radical,data/chars/62A8.json
披,C,not-resolved,,,,,not-resolved,data/chars/62AB.json
抬,A,resolved,扌,手,Bộ Thủ,64,record-radical,data/chars/62AC.json
抱,A,resolved,扌,手,Bộ Thủ,64,record-radical,data/chars/62B1.json
抴,C,not-resolved,,,,,not-resolved,data/chars/62B4.json
抵,A,resolved,扌,手,Bộ Thủ,64,record-radical,data/chars/62B5.json
抶,C,not-resolved,,,,,not-resolved,data/chars/62B6.json
抹,A,resolved,扌,手,Bộ Thủ,64,record-radical,data/chars/62B9.json
抻,B,resolved,扌,手,Bộ Thủ,64,record-radical,data/chars/62BB.json
押,A,resolved,扌,手,Bộ Thủ,64,record-radical,data/chars/62BC.json
抽,A,resolved,扌,手,Bộ Thủ,64,record-radical,data/chars/62BD.json
抿,B,resolved,扌,手,Bộ Thủ,64,record-radical,data/chars/62BF.json
拂,A,resolved,扌,手,Bộ Thủ,64,record-radical,data/chars/62C2.json
拃,C,not-resolved,,,,,not-resolved,data/chars/62C3.json
拄,B,resolved,扌,手,Bộ Thủ,64,record-radical,data/chars/62C4.json
担,A,resolved,扌,手,Bộ Thủ,64,record-radical,data/chars/62C5.json
拆,A,resolved,扌,手,Bộ Thủ,64,record-radical,data/chars/62C6.json
拇,B,resolved,扌,手,Bộ Thủ,64,record-radical,data/chars/62C7.json
拈,C,not-resolved,,,,,not-resolved,data/chars/62C8.json
拉,A,resolved,扌,手,Bộ Thủ,64,record-radical,data/chars/62C9.json
拊,B,resolved,扌,手,Bộ Thủ,64,record-radical,data/chars/62CA.json
拌,A,resolved,扌,手,Bộ Thủ,64,record-radical,data/chars/62CC.json
拍,A,resolved,扌,手,Bộ Thủ,64,record-radical,data/chars/62CD.json
拎,B,resolved,扌,手,Bộ Thủ,64,record-radical,data/chars/62CE.json
拐,C,not-resolved,,,,,not-resolved,data/chars/62D0.json
拑,B,resolved,扌,手,Bộ Thủ,64,record-radical,data/chars/62D1.json
拒,A,resolved,扌,手,Bộ Thủ,64,record-radical,data/chars/62D2.json
拓,A,resolved,扌,手,Bộ Thủ,64,record-radical,data/chars/62D3.json
拔,A,resolved,扌,手,Bộ Thủ,64,record-radical,data/chars/62D4.json
拖,A,resolved,扌,手,Bộ Thủ,64,record-radical,data/chars/62D6.json
拗,A,resolved,扌,手,Bộ Thủ,64,record-radical,data/chars/62D7.json
拘,A,resolved,扌,手,Bộ Thủ,64,record-radical,data/chars/62D8.json
拙,A,resolved,扌,手,Bộ Thủ,64,record-radical,data/chars/62D9.json
拚,B,resolved,扌,手,Bộ Thủ,64,record-radical,data/chars/62DA.json
招,A,resolved,扌,手,Bộ Thủ,64,record-radical,data/chars/62DB.json
拜,A,resolved,手,手,Bộ Thủ,64,record-radical,data/chars/62DC.json
拝,C,not-resolved,,,,,not-resolved,data/chars/62DD.json
拟,A,resolved,扌,手,Bộ Thủ,64,record-radical,data/chars/62DF.json
拠,C,not-resolved,,,,,not-resolved,data/chars/62E0.json
拡,C,not-resolved,,,,,not-resolved,data/chars/62E1.json
拢,A,resolved,扌,手,Bộ Thủ,64,record-radical,data/chars/62E2.json
拣,B,resolved,扌,手,Bộ Thủ,64,record-radical,data/chars/62E3.json
拥,A,resolved,扌,手,Bộ Thủ,64,record-radical,data/chars/62E5.json
拦,A,resolved,扌,手,Bộ Thủ,64,record-radical,data/chars/62E6.json
拧,A,resolved,扌,手,Bộ Thủ,64,record-radical,data/chars/62E7.json
拨,C,not-resolved,,,,,not-resolved,data/chars/62E8.json
择,A,resolved,扌,手,Bộ Thủ,64,record-radical,data/chars/62E9.json
拪,C,not-resolved,,,,,not-resolved,data/chars/62EA.json
拫,C,not-resolved,,,,,not-resolved,data/chars/62EB.json
括,A,resolved,扌,手,Bộ Thủ,64,record-radical,data/chars/62EC.json
拭,A,resolved,扌,手,Bộ Thủ,64,record-radical,data/chars/62ED.json
拮,B,resolved,扌,手,Bộ Thủ,64,record-radical,data/chars/62EE.json
拯,C,not-resolved,,,,,not-resolved,data/chars/62EF.json
拱,B,resolved,扌,手,Bộ Thủ,64,record-radical,data/chars/62F1.json
拳,A,resolved,手,手,Bộ Thủ,64,record-radical,data/chars/62F3.json
拴,B,resolved,扌,手,Bộ Thủ,64,record-radical,data/chars/62F4.json
拶,B,resolved,扌,手,Bộ Thủ,64,record-radical,data/chars/62F6.json
拷,C,not-resolved,,,,,not-resolved,data/chars/62F7.json
拼,A,resolved,扌,手,Bộ Thủ,64,record-radical,data/chars/62FC.json
拽,C,not-resolved,,,,,not-resolved,data/chars/62FD.json
拾,A,resolved,扌,手,Bộ Thủ,64,record-radical,data/chars/62FE.json
拿,C,not-resolved,合,,,,not-resolved,data/chars/62FF.json
持,A,resolved,扌,手,Bộ Thủ,64,record-radical,data/chars/6301.json
挂,A,resolved,扌,手,Bộ Thủ,64,record-radical,data/chars/6302.json
指,A,resolved,扌,手,Bộ Thủ,64,record-radical,data/chars/6307.json
挈,B,resolved,手,手,Bộ Thủ,64,record-radical,data/chars/6308.json
按,A,resolved,扌,手,Bộ Thủ,64,record-radical,data/chars/6309.json
挊,C,not-resolved,,,,,not-resolved,data/chars/630A.json
挌,C,not-resolved,,,,,not-resolved,data/chars/630C.json
挍,C,not-resolved,,,,,not-resolved,data/chars/630D.json
挎,B,resolved,扌,手,Bộ Thủ,64,record-radical,data/chars/630E.json
挐,C,not-resolved,,,,,not-resolved,data/chars/6310.json
挑,A,resolved,扌,手,Bộ Thủ,64,record-radical,data/chars/6311.json
挓,C,not-resolved,,,,,not-resolved,data/chars/6313.json
挔,C,not-resolved,,,,,not-resolved,data/chars/6314.json
挖,C,not-resolved,,,,,not-resolved,data/chars/6316.json
挙,C,not-resolved,,,,,not-resolved,data/chars/6319.json
挚,C,not-resolved,,,,,not-resolved,data/chars/631A.json
挛,B,resolved,手,手,Bộ Thủ,64,record-radical,data/chars/631B.json
挜,C,not-resolved,,,,,not-resolved,data/chars/631C.json
挝,B,resolved,扌,手,Bộ Thủ,64,record-radical,data/chars/631D.json
挞,B,resolved,扌,手,Bộ Thủ,64,record-radical,data/chars/631E.json
挟,C,not-resolved,,,,,not-resolved,data/chars/631F.json
挠,A,resolved,扌,手,Bộ Thủ,64,record-radical,data/chars/6320.json
挡,C,not-resolved,,,,,not-resolved,data/chars/6321.json
挢,B,resolved,扌,手,Bộ Thủ,64,record-radical,data/chars/6322.json
挣,C,not-resolved,,,,,not-resolved,data/chars/6323.json
挤,A,resolved,扌,手,Bộ Thủ,64,record-radical,data/chars/6324.json
挥,A,resolved,扌,手,Bộ Thủ,64,record-radical,data/chars/6325.json
挦,C,not-resolved,,,,,not-resolved,data/chars/6326.json
挨,A,resolved,扌,手,Bộ Thủ,64,record-radical,data/chars/6328.json
挪,A,resolved,扌,手,Bộ Thủ,64,record-radical,data/chars/632A.json
挫,A,resolved,扌,手,Bộ Thủ,64,record-radical,data/chars/632B.json
振,A,resolved,扌,手,Bộ Thủ,64,record-radical,data/chars/632F.json
挲,B,resolved,手,手,Bộ Thủ,64,record-radical,data/chars/6332.json
挶,C,not-resolved,,,,,not-resolved,data/chars/6336.json
挹,B,resolved,扌,手,Bộ Thủ,64,record-radical,data/chars/6339.json
挺,A,resolved,扌,手,Bộ Thủ,64,record-radical,data/chars/633A.json
挼,C,not-resolved,,,,,not-resolved,data/chars/633C.json
挽,A,resolved,扌,手,Bộ Thủ,64,record-radical,data/chars/633D.json
挿,C,not-resolved,,,,,not-resolved,data/chars/633F.json
捂,C,not-resolved,,,,,not-resolved,data/chars/6342.json
捃,B,resolved,扌,手,Bộ Thủ,64,record-radical,data/chars/6343.json
捅,B,resolved,扌,手,Bộ Thủ,64,record-radical,data/chars/6345.json
捆,B,resolved,扌,手,Bộ Thủ,64,record-radical,data/chars/6346.json
捉,A,resolved,扌,手,Bộ Thủ,64,record-radical,data/chars/6349.json
捋,C,not-resolved,,,,,not-resolved,data/chars/634B.json
捌,C,not-resolved,,,,,not-resolved,data/chars/634C.json
捍,A,resolved,扌,手,Bộ Thủ,64,record-radical,data/chars/634D.json
捎,B,resolved,扌,手,Bộ Thủ,64,record-radical,data/chars/634E.json
捏,A,resolved,扌,手,Bộ Thủ,64,record-radical,data/chars/634F.json
捐,A,resolved,扌,手,Bộ Thủ,64,record-radical,data/chars/6350.json
捓,C,not-resolved,,,,,not-resolved,data/chars/6353.json
捕,A,resolved,扌,手,Bộ Thủ,64,record-radical,data/chars/6355.json
捗,C,not-resolved,,,,,not-resolved,data/chars/6357.json
捘,C,not-resolved,,,,,not-resolved,data/chars/6358.json
捙,C,not-resolved,,,,,not-resolved,data/chars/6359.json
捜,C,not-resolved,,,,,not-resolved,data/chars/635C.json
捞,A,resolved,扌,手,Bộ Thủ,64,record-radical,data/chars/635E.json
损,A,resolved,扌,手,Bộ Thủ,64,record-radical,data/chars/635F.json
捡,B,resolved,扌,手,Bộ Thủ,64,record-radical,data/chars/6361.json
换,A,resolved,扌,手,Bộ Thủ,64,record-radical,data/chars/6362.json
捣,A,resolved,扌,手,Bộ Thủ,64,record-radical,data/chars/6363.json
捥,C,not-resolved,,,,,not-resolved,data/chars/6365.json
捧,C,not-resolved,,,,,not-resolved,data/chars/6367.json
捩,B,resolved,扌,手,Bộ Thủ,64,record-radical,data/chars/6369.json
捭,B,resolved,扌,手,Bộ Thủ,64,record-radical,data/chars/636D.json
据,A,resolved,扌,手,Bộ Thủ,64,record-radical,data/chars/636E.json
捱,B,resolved,扌,手,Bộ Thủ,64,record-radical,data/chars/6371.json
捶,A,resolved,扌,手,Bộ Thủ,64,record-radical,data/chars/6376.json
捷,A,resolved,扌,手,Bộ Thủ,64,record-radical,data/chars/6377.json
捺,B,resolved,扌,手,Bộ Thủ,64,record-radical,data/chars/637A.json
捻,B,resolved,扌,手,Bộ Thủ,64,record-radical,data/chars/637B.json
捼,C,not-resolved,,,,,not-resolved,data/chars/637C.json
捽,C,not-resolved,,,,,not-resolved,data/chars/637D.json
掀,A,resolved,扌,手,Bộ Thủ,64,record-radical,data/chars/6380.json
掂,B,resolved,扌,手,Bộ Thủ,64,record-radical,data/chars/6382.json
掇,B,resolved,扌,手,Bộ Thủ,64,record-radical,data/chars/6387.json
授,A,resolved,扌,手,Bộ Thủ,64,record-radical,data/chars/6388.json
掉,A,resolved,扌,手,Bộ Thủ,64,record-radical,data/chars/6389.json
掊,B,resolved,扌,手,Bộ Thủ,64,record-radical,data/chars/638A.json
掌,A,resolved,手,手,Bộ Thủ,64,record-radical,data/chars/638C.json
掍,C,not-resolved,,,,,not-resolved,data/chars/638D.json
掎,B,resolved,扌,手,Bộ Thủ,64,record-radical,data/chars/638E.json
掏,A,resolved,扌,手,Bộ Thủ,64,record-radical,data/chars/638F.json
掐,B,resolved,扌,手,Bộ Thủ,64,record-radical,data/chars/6390.json
排,A,resolved,扌,手,Bộ Thủ,64,record-radical,data/chars/6392.json
掔,C,not-resolved,,,,,not-resolved,data/chars/6394.json
掖,B,resolved,扌,手,Bộ Thủ,64,record-radical,data/chars/6396.json
掘,A,resolved,扌,手,Bộ Thủ,64,record-radical,data/chars/6398.json
掞,C,not-resolved,,,,,not-resolved,data/chars/639E.json
掠,A,resolved,扌,手,Bộ Thủ,64,record-radical,data/chars/63A0.json
探,A,resolved,扌,手,Bộ Thủ,64,record-radical,data/chars/63A2.json
掣,B,resolved,手,手,Bộ Thủ,64,record-radical,data/chars/63A3.json
掤,C,not-resolved,,,,,not-resolved,data/chars/63A4.json
接,A,resolved,扌,手,Bộ Thủ,64,record-radical,data/chars/63A5.json
控,A,resolved,扌,手,Bộ Thủ,64,record-radical,data/chars/63A7.json
推,A,resolved,扌,手,Bộ Thủ,64,record-radical,data/chars/63A8.json
掩,A,resolved,扌,手,Bộ Thủ,64,record-radical,data/chars/63A9.json
措,A,resolved,扌,手,Bộ Thủ,64,record-radical,data/chars/63AA.json
掫,C,not-resolved,,,,,not-resolved,data/chars/63AB.json
掬,C,not-resolved,,,,,not-resolved,data/chars/63AC.json
掭,C,resolved,扌,手,Bộ Thủ,64,record-radical,data/chars/63AD.json
掮,C,not-resolved,,,,,not-resolved,data/chars/63AE.json
掯,C,not-resolved,,,,,not-resolved,data/chars/63AF.json
掰,C,not-resolved,,,,,not-resolved,data/chars/63B0.json
掱,C,not-resolved,,,,,not-resolved,data/chars/63B1.json
掲,C,not-resolved,,,,,not-resolved,data/chars/63B2.json
掳,C,not-resolved,,,,,not-resolved,data/chars/63B3.json
掴,B,resolved,扌,手,Bộ Thủ,64,record-radical,data/chars/63B4.json
掷,A,resolved,扌,手,Bộ Thủ,64,record-radical,data/chars/63B7.json
掸,B,resolved,扌,手,Bộ Thủ,64,record-radical,data/chars/63B8.json
掺,A,resolved,扌,手,Bộ Thủ,64,record-radical,data/chars/63BA.json
掼,B,resolved,扌,手,Bộ Thủ,64,record-radical,data/chars/63BC.json
掾,B,resolved,扌,手,Bộ Thủ,64,record-radical,data/chars/63BE.json
揃,C,not-resolved,,,,,not-resolved,data/chars/63C3.json
揄,B,resolved,扌,手,Bộ Thủ,64,record-radical,data/chars/63C4.json
揅,C,not-resolved,,,,,not-resolved,data/chars/63C5.json
揆,B,resolved,扌,手,Bộ Thủ,64,record-radical,data/chars/63C6.json
揉,C,not-resolved,,,,,not-resolved,data/chars/63C9.json
揌,C,not-resolved,,,,,not-resolved,data/chars/63CC.json
揍,B,resolved,扌,手,Bộ Thủ,64,record-radical,data/chars/63CD.json
揎,B,resolved,扌,手,Bộ Thủ,64,record-radical,data/chars/63CE.json
描,A,resolved,扌,手,Bộ Thủ,64,record-radical,data/chars/63CF.json
提,A,resolved,扌,手,Bộ Thủ,64,record-radical,data/chars/63D0.json
插,A,resolved,扌,手,Bộ Thủ,64,record-radical,data/chars/63D2.json
揓,C,not-resolved,,,,,not-resolved,data/chars/63D3.json
揕,C,not-resolved,,,,,not-resolved,data/chars/63D5.json
揖,B,resolved,扌,手,Bộ Thủ,64,record-radical,data/chars/63D6.json
揗,C,not-resolved,,,,,not-resolved,data/chars/63D7.json
揘,C,not-resolved,,,,,not-resolved,data/chars/63D8.json
揜,C,not-resolved,,,,,not-resolved,data/chars/63DC.json
揝,C,not-resolved,,,,,not-resolved,data/chars/63DD.json
揞,B,resolved,扌,手,Bộ Thủ,64,record-radical,data/chars/63DE.json
揠,B,resolved,扌,手,Bộ Thủ,64,record-radical,data/chars/63E0.json
握,A,resolved,扌,手,Bộ Thủ,64,record-radical,data/chars/63E1.json
揣,A,resolved,扌,手,Bộ Thủ,64,record-radical,data/chars/63E3.json
揥,C,not-resolved,,,,,not-resolved,data/chars/63E5.json
揦,C,not-resolved,,,,,not-resolved,data/chars/63E6.json
揩,B,resolved,扌,手,Bộ Thủ,64,record-radical,data/chars/63E9.json
揪,A,resolved,扌,手,Bộ Thủ,64,record-radical,data/chars/63EA.json
揫,C,not-resolved,,,,,not-resolved,data/chars/63EB.json
揭,A,resolved,扌,手,Bộ Thủ,64,record-radical,data/chars/63ED.json
揰,C,not-resolved,,,,,not-resolved,data/chars/63F0.json
揲,B,resolved,扌,手,Bộ Thủ,64,record-radical,data/chars/63F2.json
援,C,not-resolved,,,,,not-resolved,data/chars/63F4.json
揵,C,not-resolved,,,,,not-resolved,data/chars/63F5.json
揶,B,resolved,扌,手,Bộ Thủ,64,record-radical,data/chars/63F6.json
揸,B,resolved,扌,手,Bộ Thủ,64,record-radical,data/chars/63F8.json
揺,C,not-resolved,,,,,not-resolved,data/chars/63FA.json
揻,C,not-resolved,,,,,not-resolved,data/chars/63FB.json
揽,A,resolved,扌,手,Bộ Thủ,64,record-radical,data/chars/63FD.json
揾,C,not-resolved,,,,,not-resolved,data/chars/63FE.json
揿,B,resolved,扌,手,Bộ Thủ,64,record-radical,data/chars/63FF.json
搀,B,resolved,扌,手,Bộ Thủ,64,record-radical,data/chars/6400.json
搁,A,resolved,扌,手,Bộ Thủ,64,record-radical,data/chars/6401.json
搂,B,resolved,扌,手,Bộ Thủ,64,record-radical,data/chars/6402.json
搅,A,resolved,扌,手,Bộ Thủ,64,record-radical,data/chars/6405.json
搉,C,not-resolved,,,,,not-resolved,data/chars/6409.json
搊,C,not-resolved,,,,,not-resolved,data/chars/640A.json
搋,B,resolved,扌,手,Bộ Thủ,64,record-radical,data/chars/640B.json
搌,B,resolved,扌,手,Bộ Thủ,64,record-radical,data/chars/640C.json
搎,C,not-resolved,,,,,not-resolved,data/chars/640E.json
搏,A,resolved,扌,手,Bộ Thủ,64,record-radical,data/chars/640F.json
搐,B,resolved,扌,手,Bộ Thủ,64,record-radical,data/chars/6410.json
搒,C,not-resolved,,,,,not-resolved,data/chars/6412.json
搓,A,resolved,扌,手,Bộ Thủ,64,record-radical,data/chars/6413.json
搔,C,not-resolved,,,,,not-resolved,data/chars/6414.json
搕,C,not-resolved,,,,,not-resolved,data/chars/6415.json
搘,C,not-resolved,,,,,not-resolved,data/chars/6418.json
搛,C,not-resolved,,,,,not-resolved,data/chars/641B.json
搜,A,resolved,扌,手,Bộ Thủ,64,record-radical,data/chars/641C.json
搞,A,resolved,扌,手,Bộ Thủ,64,record-radical,data/chars/641E.json
搠,B,resolved,扌,手,Bộ Thủ,64,record-radical,data/chars/6420.json
搡,B,resolved,扌,手,Bộ Thủ,64,record-radical,data/chars/6421.json
搢,C,not-resolved,,,,,not-resolved,data/chars/6422.json
搣,C,not-resolved,,,,,not-resolved,data/chars/6423.json
搦,B,resolved,扌,手,Bộ Thủ,64,record-radical,data/chars/6426.json
搧,C,not-resolved,,,,,not-resolved,data/chars/6427.json
搨,C,not-resolved,,,,,not-resolved,data/chars/6428.json
搪,B,resolved,扌,手,Bộ Thủ,64,record-radical,data/chars/642A.json
搬,A,resolved,扌,手,Bộ Thủ,64,record-radical,data/chars/642C.json
搭,A,resolved,扌,手,Bộ Thủ,64,record-radical,data/chars/642D.json
搰,C,not-resolved,,,,,not-resolved,data/chars/6430.json
搲,C,not-resolved,,,,,not-resolved,data/chars/6432.json
搳,C,not-resolved,,,,,not-resolved,data/chars/6433.json
搴,B,resolved,手,手,Bộ Thủ,64,record-radical,data/chars/6434.json
搷,C,not-resolved,,,,,not-resolved,data/chars/6437.json
携,A,resolved,扌,手,Bộ Thủ,64,record-radical,data/chars/643A.json
搽,B,resolved,扌,手,Bộ Thủ,64,record-radical,data/chars/643D.json
搿,C,not-resolved,,,,,not-resolved,data/chars/643F.json
摀,B,resolved,扌,手,Bộ Thủ,64,record-radical,data/chars/6440.json
摁,B,resolved,扌,手,Bộ Thủ,64,record-radical,data/chars/6441.json
摂,C,not-resolved,,,,,not-resolved,data/chars/6442.json
摄,A,resolved,扌,手,Bộ Thủ,64,record-radical,data/chars/6444.json
摅,B,resolved,扌,手,Bộ Thủ,64,record-radical,data/chars/6445.json
摆,A,resolved,扌,手,Bộ Thủ,64,record-radical,data/chars/6446.json
摇,A,resolved,扌,手,Bộ Thủ,64,record-radical,data/chars/6447.json
摈,B,resolved,扌,手,Bộ Thủ,64,record-radical,data/chars/6448.json
摊,A,resolved,扌,手,Bộ Thủ,64,record-radical,data/chars/644A.json
摎,C,not-resolved,,,,,not-resolved,data/chars/644E.json
摒,B,resolved,扌,手,Bộ Thủ,64,record-radical,data/chars/6452.json
摓,C,not-resolved,,,,,not-resolved,data/chars/6453.json
摔,A,resolved,扌,手,Bộ Thủ,64,record-radical,data/chars/6454.json
摘,C,not-resolved,,,,,not-resolved,data/chars/6458.json
摙,C,not-resolved,,,,,not-resolved,data/chars/6459.json
摛,C,not-resolved,,,,,not-resolved,data/chars/645B.json
摞,C,not-resolved,,,,,not-resolved,data/chars/645E.json
摠,C,not-resolved,,,,,not-resolved,data/chars/6460.json
摦,C,not-resolved,,,,,not-resolved,data/chars/6466.json
摧,A,resolved,扌,手,Bộ Thủ,64,record-radical,data/chars/6467.json
摩,A,resolved,手,手,Bộ Thủ,64,record-radical,data/chars/6469.json
摭,B,resolved,扌,手,Bộ Thủ,64,record-radical,data/chars/646D.json
摮,C,not-resolved,,,,,not-resolved,data/chars/646E.json
摰,C,not-resolved,,,,,not-resolved,data/chars/6470.json
摲,C,not-resolved,,,,,not-resolved,data/chars/6472.json
摴,C,not-resolved,,,,,not-resolved,data/chars/6474.json
摷,C,not-resolved,,,,,not-resolved,data/chars/6477.json
摸,A,resolved,扌,手,Bộ Thủ,64,record-radical,data/chars/6478.json
摹,B,resolved,手,手,Bộ Thủ,64,record-radical,data/chars/6479.json
摺,C,not-resolved,,,,,not-resolved,data/chars/647A.json
摽,B,resolved,扌,手,Bộ Thủ,64,record-radical,data/chars/647D.json
摿,C,not-resolved,,,,,not-resolved,data/chars/647F.json
撂,B,resolved,扌,手,Bộ Thủ,64,record-radical,data/chars/6482.json
撃,C,not-resolved,,,,,not-resolved,data/chars/6483.json
撄,B,resolved,扌,手,Bộ Thủ,64,record-radical,data/chars/6484.json
撅,B,resolved,扌,手,Bộ Thủ,64,record-radical,data/chars/6485.json
撆,C,not-resolved,,,,,not-resolved,data/chars/6486.json
撇,A,resolved,扌,手,Bộ Thủ,64,record-radical,data/chars/6487.json
撊,C,not-resolved,,,,,not-resolved,data/chars/648A.json
撋,C,not-resolved,,,,,not-resolved,data/chars/648B.json
撑,A,resolved,扌,手,Bộ Thủ,64,record-radical,data/chars/6491.json
撒,A,resolved,扌,手,Bộ Thủ,64,record-radical,data/chars/6492.json
撕,A,resolved,扌,手,Bộ Thủ,64,record-radical,data/chars/6495.json
撙,B,resolved,扌,手,Bộ Thủ,64,record-radical,data/chars/6499.json
撚,C,not-resolved,,,,,not-resolved,data/chars/649A.json
撞,A,resolved,扌,手,Bộ Thủ,64,record-radical,data/chars/649E.json
撢,C,not-resolved,,,,,not-resolved,data/chars/64A2.json
撤,C,not-resolved,,,,,not-resolved,data/chars/64A4.json
撧,C,not-resolved,,,,,not-resolved,data/chars/64A7.json
撩,B,resolved,扌,手,Bộ Thủ,64,record-radical,data/chars/64A9.json
撬,B,resolved,扌,手,Bộ Thủ,64,record-radical,data/chars/64AC.json
播,A,resolved,扌,手,Bộ Thủ,64,record-radical,data/chars/64AD.json
撮,A,resolved,扌,手,Bộ Thủ,64,record-radical,data/chars/64AE.json
撰,A,resolved,扌,手,Bộ Thủ,64,record-radical,data/chars/64B0.json
撱,C,not-resolved,,,,,not-resolved,data/chars/64B1.json
撵,B,resolved,扌,手,Bộ Thủ,64,record-radical,data/chars/64B5.json
撷,B,resolved,扌,手,Bộ Thủ,64,record-radical,data/chars/64B7.json
撸,B,resolved,扌,手,Bộ Thủ,64,record-radical,data/chars/64B8.json
撺,B,resolved,扌,手,Bộ Thủ,64,record-radical,data/chars/64BA.json
撼,A,resolved,扌,手,Bộ Thủ,64,record-radical,data/chars/64BC.json
擀,A,resolved,扌,手,Bộ Thủ,64,record-radical,data/chars/64C0.json
擂,B,resolved,扌,手,Bộ Thủ,64,record-radical,data/chars/64C2.json
擅,A,resolved,扌,手,Bộ Thủ,64,record-radical,data/chars/64C5.json
擉,C,not-resolved,,,,,not-resolved,data/chars/64C9.json
操,A,resolved,扌,手,Bộ Thủ,64,record-radical,data/chars/64CD.json
擎,A,resolved,手,手,Bộ Thủ,64,record-radical,data/chars/64CE.json
擐,C,not-resolved,,,,,not-resolved,data/chars/64D0.json
擒,C,not-resolved,,,,,not-resolved,data/chars/64D2.json
擖,C,not-resolved,,,,,not-resolved,data/chars/64D6.json
擗,B,resolved,扌,手,Bộ Thủ,64,record-radical,data/chars/64D7.json
擘,B,resolved,手,手,Bộ Thủ,64,record-radical,data/chars/64D8.json
擞,B,resolved,扌,手,Bộ Thủ,64,record-radical,data/chars/64DE.json
擡,C,not-resolved,,,,,not-resolved,data/chars/64E1.json
擢,B,resolved,扌,手,Bộ Thủ,64,record-radical,data/chars/64E2.json
擣,C,not-resolved,,,,,not-resolved,data/chars/64E3.json
擤,C,not-resolved,,,,,not-resolved,data/chars/64E4.json
擥,C,not-resolved,,,,,not-resolved,data/chars/64E5.json
擦,A,resolved,扌,手,Bộ Thủ,64,record-radical,data/chars/64E6.json
擨,C,not-resolved,,,,,not-resolved,data/chars/64E8.json
擩,C,not-resolved,,,,,not-resolved,data/chars/64E9.json
擭,C,not-resolved,,,,,not-resolved,data/chars/64ED.json
擸,C,not-resolved,,,,,not-resolved,data/chars/64F8.json
擿,C,not-resolved,,,,,not-resolved,data/chars/64FF.json
攀,A,resolved,手,手,Bộ Thủ,64,record-radical,data/chars/6500.json
攂,C,not-resolved,,,,,not-resolved,data/chars/6502.json
攃,C,not-resolved,,,,,not-resolved,data/chars/6503.json
攈,C,not-resolved,,,,,not-resolved,data/chars/6508.json
攉,C,not-resolved,,,,,not-resolved,data/chars/6509.json
攋,C,not-resolved,,,,,not-resolved,data/chars/650B.json
攐,C,not-resolved,,,,,not-resolved,data/chars/6510.json
攒,A,resolved,扌,手,Bộ Thủ,64,record-radical,data/chars/6512.json
攓,C,not-resolved,,,,,not-resolved,data/chars/6513.json
攘,A,resolved,扌,手,Bộ Thủ,64,record-radical,data/chars/6518.json
攟,C,not-resolved,,,,,not-resolved,data/chars/651F.json
攥,B,resolved,扌,手,Bộ Thủ,64,record-radical,data/chars/6525.json
攧,C,not-resolved,,,,,not-resolved,data/chars/6527.json
攫,B,resolved,扌,手,Bộ Thủ,64,record-radical,data/chars/652B.json
攮,B,resolved,扌,手,Bộ Thủ,64,record-radical,data/chars/652E.json
支,A,resolved,支,支,Bộ Chi,65,self-radical,radical_learning_notes.json
攰,C,not-resolved,,,,,not-resolved,data/chars/6530.json
攲,C,not-resolved,,,,,not-resolved,data/chars/6532.json
攴,B,resolved,攴,攴,Bộ Phộc,66,self-radical,radical_learning_notes.json
攵,B,resolved,攵,攴,Bộ Phộc,66,radical-variant,radical_alias_index.json
收,A,resolved,攵,攴,Bộ Phộc,66,record-radical,data/chars/6536.json
攸,A,resolved,亻,人,Bộ Nhân,9,record-radical,data/chars/6538.json
改,A,resolved,攵,攴,Bộ Phộc,66,record-radical,data/chars/6539.json
攺,C,not-resolved,,,,,not-resolved,data/chars/653A.json
攻,A,resolved,攵,攴,Bộ Phộc,66,record-radical,data/chars/653B.json
攼,C,not-resolved,,,,,not-resolved,data/chars/653C.json
攽,C,not-resolved,,,,,not-resolved,data/chars/653D.json
放,A,resolved,攵,攴,Bộ Phộc,66,record-radical,data/chars/653E.json
政,A,resolved,攵,攴,Bộ Phộc,66,record-radical,data/chars/653F.json
敁,C,not-resolved,,,,,not-resolved,data/chars/6541.json
敃,B,resolved,攵,攴,Bộ Phộc,66,record-radical,data/chars/6543.json
敄,C,not-resolved,,,,,not-resolved,data/chars/6544.json
故,A,resolved,攵,攴,Bộ Phộc,66,record-radical,data/chars/6545.json
敇,C,not-resolved,,,,,not-resolved,data/chars/6547.json
效,A,resolved,攵,攴,Bộ Phộc,66,record-radical,data/chars/6548.json
敉,B,resolved,攵,攴,Bộ Phộc,66,record-radical,data/chars/6549.json
敌,A,resolved,攵,攴,Bộ Phộc,66,record-radical,data/chars/654C.json
敎,C,not-resolved,,,,,not-resolved,data/chars/654E.json
敏,A,resolved,攵,攴,Bộ Phộc,66,record-radical,data/chars/654F.json
救,A,resolved,攵,攴,Bộ Phộc,66,record-radical,data/chars/6551.json
敔,C,not-resolved,,,,,not-resolved,data/chars/6554.json
敕,B,resolved,攵,攴,Bộ Phộc,66,record-radical,data/chars/6555.json
敖,B,resolved,攵,攴,Bộ Phộc,66,record-radical,data/chars/6556.json
教,A,resolved,攵,攴,Bộ Phộc,66,record-radical,data/chars/6559.json
敚,C,not-resolved,,,,,not-resolved,data/chars/655A.json
敛,A,resolved,攵,攴,Bộ Phộc,66,record-radical,data/chars/655B.json
敜,C,not-resolved,,,,,not-resolved,data/chars/655C.json
敝,A,resolved,攵,攴,Bộ Phộc,66,record-radical,data/chars/655D.json
敞,A,resolved,攵,攴,Bộ Phộc,66,record-radical,data/chars/655E.json
敢,C,not-resolved,爭,,,,not-resolved,data/chars/6562.json
散,A,resolved,竹,竹,Bộ Trúc,118,record-radical,data/chars/6563.json
敦,C,not-resolved,享,,,,not-resolved,data/chars/6566.json
敧,C,not-resolved,,,,,not-resolved,data/chars/6567.json
敪,B,resolved,攵,攴,Bộ Phộc,66,record-radical,data/chars/656A.json
敫,B,resolved,白,白,Bộ Bạch,106,record-radical,data/chars/656B.json
敬,C,not-resolved,茍,,,,not-resolved,data/chars/656C.json
数,A,resolved,攵,攴,Bộ Phộc,66,record-radical,data/chars/6570.json
敲,A,resolved,攴,攴,Bộ Phộc,66,record-radical,data/chars/6572.json
敳,C,not-resolved,,,,,not-resolved,data/chars/6573.json
整,C,not-resolved,敕,,,,not-resolved,data/chars/6574.json
敷,A,resolved,攵,攴,Bộ Phộc,66,record-radical,data/chars/6577.json
敹,C,not-resolved,,,,,not-resolved,data/chars/6579.json
敻,B,resolved,夂,夂,Bộ Tuy,34,record-radical,data/chars/657B.json
敽,C,not-resolved,,,,,not-resolved,data/chars/657D.json
敿,C,not-resolved,,,,,not-resolved,data/chars/657F.json
斁,C,not-resolved,,,,,not-resolved,data/chars/6581.json
斄,C,not-resolved,,,,,not-resolved,data/chars/6584.json
文,A,resolved,文,文,Bộ Văn,67,self-radical,radical_learning_notes.json
斈,C,not-resolved,,,,,not-resolved,data/chars/6588.json
斉,C,not-resolved,,,,,not-resolved,data/chars/6589.json
斋,B,resolved,文,文,Bộ Văn,67,record-radical,data/chars/658B.json
斌,B,resolved,文,文,Bộ Văn,67,record-radical,data/chars/658C.json
斎,C,not-resolved,,,,,not-resolved,data/chars/658E.json
斐,B,resolved,文,文,Bộ Văn,67,record-radical,data/chars/6590.json
斑,C,not-resolved,,,,,not-resolved,data/chars/6591.json
斒,C,not-resolved,,,,,not-resolved,data/chars/6592.json
斓,A,resolved,文,文,Bộ Văn,67,record-radical,data/chars/6593.json
斔,C,not-resolved,,,,,not-resolved,data/chars/6594.json
斗,A,resolved,斗,斗,"Bộ Đấu, Đẩu",68,self-radical,radical_learning_notes.json
料,A,resolved,米,米,Bộ Mễ,119,record-radical,data/chars/6599.json
斚,C,not-resolved,,,,,not-resolved,data/chars/659A.json
斛,B,resolved,斗,斗,"Bộ Đấu, Đẩu",68,record-radical,data/chars/659B.json
斜,A,resolved,斗,斗,"Bộ Đấu, Đẩu",68,record-radical,data/chars/659C.json
斝,C,not-resolved,,,,,not-resolved,data/chars/659D.json
斞,C,not-resolved,,,,,not-resolved,data/chars/659E.json
斟,A,resolved,斗,斗,"Bộ Đấu, Đẩu",68,record-radical,data/chars/659F.json
斠,C,not-resolved,,,,,not-resolved,data/chars/65A0.json
斡,C,not-resolved,,,,,not-resolved,data/chars/65A1.json
斢,C,not-resolved,,,,,not-resolved,data/chars/65A2.json
斤,A,resolved,斤,斤,Bộ Cân,69,self-radical,radical_learning_notes.json
斥,C,not-resolved,屰,,,,not-resolved,data/chars/65A5.json
斧,A,resolved,斤,斤,Bộ Cân,69,record-radical,data/chars/65A7.json
斨,C,not-resolved,,,,,not-resolved,data/chars/65A8.json
斩,A,resolved,车,車,Bộ Xa,159,record-radical,data/chars/65A9.json
斫,B,resolved,斤,斤,Bộ Cân,69,record-radical,data/chars/65AB.json
断,C,not-resolved,◎,,,,not-resolved,data/chars/65AD.json
斮,C,not-resolved,,,,,not-resolved,data/chars/65AE.json
斯,A,resolved,斤,斤,Bộ Cân,69,record-radical,data/chars/65AF.json
新,A,resolved,斤,斤,Bộ Cân,69,record-radical,data/chars/65B0.json
斸,C,not-resolved,,,,,not-resolved,data/chars/65B8.json
方,A,resolved,方,方,Bộ Phương,70,self-radical,radical_learning_notes.json
於,C,not-resolved,,,,,not-resolved,data/chars/65BC.json
施,C,not-resolved,㫃,,,,not-resolved,data/chars/65BD.json
斾,C,not-resolved,,,,,not-resolved,data/chars/65BE.json
斿,C,not-resolved,㫃,,,,not-resolved,data/chars/65BF.json
旀,C,not-resolved,,,,,not-resolved,data/chars/65C0.json
旁,C,not-resolved,◎,,,,not-resolved,data/chars/65C1.json
旃,B,resolved,方,方,Bộ Phương,70,record-radical,data/chars/65C3.json
旄,C,not-resolved,,,,,not-resolved,data/chars/65C4.json
旅,C,not-resolved,㫃,,,,not-resolved,data/chars/65C5.json
旆,B,resolved,方,方,Bộ Phương,70,record-radical,data/chars/65C6.json
旉,C,resolved,方,方,Bộ Phương,70,record-radical,data/chars/65C9.json
旊,C,not-resolved,,,,,not-resolved,data/chars/65CA.json
旋,C,not-resolved,,,,,not-resolved,data/chars/65CB.json
旌,B,resolved,方,方,Bộ Phương,70,record-radical,data/chars/65CC.json
旎,B,resolved,方,方,Bộ Phương,70,record-radical,data/chars/65CE.json
族,C,not-resolved,㫃,,,,not-resolved,data/chars/65CF.json
旐,C,not-resolved,,,,,not-resolved,data/chars/65D0.json
旒,B,resolved,方,方,Bộ Phương,70,record-radical,data/chars/65D2.json
旓,C,not-resolved,,,,,not-resolved,data/chars/65D3.json
旖,B,resolved,方,方,Bộ Phương,70,record-radical,data/chars/65D6.json
旗,A,resolved,方,方,Bộ Phương,70,record-radical,data/chars/65D7.json
旛,C,not-resolved,,,,,not-resolved,data/chars/65DB.json
旝,C,not-resolved,,,,,not-resolved,data/chars/65DD.json
旟,C,not-resolved,,,,,not-resolved,data/chars/65DF.json
无,A,resolved,无,无,Bộ Vô,71,self-radical,radical_learning_notes.json
旡,B,resolved,口,口,Bộ Khẩu,30,record-radical,data/chars/65E1.json
既,C,not-resolved,皀,,,,not-resolved,data/chars/65E2.json
旣,C,not-resolved,,,,,not-resolved,data/chars/65E3.json
日,A,resolved,日,日,Bộ Nhật,72,self-radical,radical_learning_notes.json
旦,A,resolved,日,日,Bộ Nhật,72,record-radical,data/chars/65E6.json
旧,A,resolved,丨,丨,"Bộ Thụ, Cổn",2,record-radical,data/chars/65E7.json
旨,A,resolved,匕,匕,"Bộ Tỷ, Chủy",21,record-radical,data/chars/65E8.json
早,A,resolved,日,日,Bộ Nhật,72,record-radical,data/chars/65E9.json
旪,C,not-resolved,,,,,not-resolved,data/chars/65EA.json
旬,A,resolved,日,日,Bộ Nhật,72,record-radical,data/chars/65EC.json
旭,A,resolved,日,日,Bộ Nhật,72,record-radical,data/chars/65ED.json
旮,C,not-resolved,,,,,not-resolved,data/chars/65EE.json
旯,C,not-resolved,,,,,not-resolved,data/chars/65EF.json
旰,B,resolved,日,日,Bộ Nhật,72,record-radical,data/chars/65F0.json
旱,A,resolved,日,日,Bộ Nhật,72,record-radical,data/chars/65F1.json
旲,C,resolved,日,日,Bộ Nhật,72,record-radical,data/chars/65F2.json
旴,C,not-resolved,,,,,not-resolved,data/chars/65F4.json
时,A,resolved,日,日,Bộ Nhật,72,record-radical,data/chars/65F6.json
旷,C,not-resolved,,,,,not-resolved,data/chars/65F7.json
旸,C,not-resolved,,,,,not-resolved,data/chars/65F8.json
旺,A,resolved,日,日,Bộ Nhật,72,record-radical,data/chars/65FA.json
旻,C,not-resolved,,,,,not-resolved,data/chars/65FB.json
旼,C,not-resolved,,,,,not-resolved,data/chars/65FC.json
旽,C,not-resolved,,,,,not-resolved,data/chars/65FD.json
昀,B,resolved,日,日,Bộ Nhật,72,record-radical,data/chars/6600.json
昂,A,resolved,日,日,Bộ Nhật,72,record-radical,data/chars/6602.json
昃,C,not-resolved,,,,,not-resolved,data/chars/6603.json
昄,C,not-resolved,,,,,not-resolved,data/chars/6604.json
昆,A,resolved,日,日,Bộ Nhật,72,record-radical,data/chars/6606.json
昉,B,resolved,日,日,Bộ Nhật,72,record-radical,data/chars/6609.json
昊,C,not-resolved,,,,,not-resolved,data/chars/660A.json
昌,A,resolved,日,日,Bộ Nhật,72,record-radical,data/chars/660C.json
明,C,not-resolved,囧,,,,not-resolved,data/chars/660E.json
昏,C,not-resolved,氐,,,,not-resolved,data/chars/660F.json
昑,C,not-resolved,,,,,not-resolved,data/chars/6611.json
昒,C,not-resolved,,,,,not-resolved,data/chars/6612.json
易,A,resolved,皿,皿,Bộ Mãnh,108,record-radical,data/chars/6613.json
昔,C,not-resolved,◎,,,,not-resolved,data/chars/6614.json
昕,B,resolved,日,日,Bộ Nhật,72,record-radical,data/chars/6615.json
昙,C,not-resolved,,,,,not-resolved,data/chars/6619.json
昜,B,resolved,日,日,Bộ Nhật,72,record-radical,data/chars/661C.json
昝,C,not-resolved,,,,,not-resolved,data/chars/661D.json
昞,C,not-resolved,,,,,not-resolved,data/chars/661E.json
星,A,resolved,日,日,Bộ Nhật,72,record-radical,data/chars/661F.json
映,A,resolved,日,日,Bộ Nhật,72,record-radical,data/chars/6620.json
昡,C,not-resolved,,,,,not-resolved,data/chars/6621.json
昤,C,not-resolved,,,,,not-resolved,data/chars/6624.json
春,A,resolved,日,日,Bộ Nhật,72,record-radical,data/chars/6625.json
昦,C,not-resolved,,,,,not-resolved,data/chars/6626.json
昧,A,resolved,日,日,Bộ Nhật,72,record-radical,data/chars/6627.json
昨,A,resolved,日,日,Bộ Nhật,72,record-radical,data/chars/6628.json
昫,B,resolved,日,日,Bộ Nhật,72,record-radical,data/chars/662B.json
昭,B,resolved,日,日,Bộ Nhật,72,record-radical,data/chars/662D.json
是,C,not-resolved,旦,,,,not-resolved,data/chars/662F.json
昱,B,resolved,日,日,Bộ Nhật,72,record-radical,data/chars/6631.json
昳,C,not-resolved,,,,,not-resolved,data/chars/6633.json
昴,B,resolved,日,日,Bộ Nhật,72,record-radical,data/chars/6634.json
昵,B,resolved,日,日,Bộ Nhật,72,record-radical,data/chars/6635.json
昶,C,not-resolved,,,,,not-resolved,data/chars/6636.json
昷,C,not-resolved,,,,,not-resolved,data/chars/6637.json
昺,C,not-resolved,,,,,not-resolved,data/chars/663A.json
昻,C,not-resolved,,,,,not-resolved,data/chars/663B.json
昼,C,not-resolved,,,,,not-resolved,data/chars/663C.json
昽,C,not-resolved,,,,,not-resolved,data/chars/663D.json
显,A,resolved,日,日,Bộ Nhật,72,record-radical,data/chars/663E.json
晁,B,resolved,日,日,Bộ Nhật,72,record-radical,data/chars/6641.json
晃,A,resolved,日,日,Bộ Nhật,72,record-radical,data/chars/6643.json
晄,C,not-resolved,,,,,not-resolved,data/chars/6644.json
晅,C,not-resolved,,,,,not-resolved,data/chars/6645.json
晋,C,not-resolved,,,,,not-resolved,data/chars/664B.json
晌,B,resolved,日,日,Bộ Nhật,72,record-radical,data/chars/664C.json
晏,C,not-resolved,,,,,not-resolved,data/chars/664F.json
晑,C,not-resolved,,,,,not-resolved,data/chars/6651.json
晒,A,resolved,日,日,Bộ Nhật,72,record-radical,data/chars/6652.json
晓,A,resolved,日,日,Bộ Nhật,72,record-radical,data/chars/6653.json
晔,C,not-resolved,,,,,not-resolved,data/chars/6654.json
晕,A,resolved,日,日,Bộ Nhật,72,record-radical,data/chars/6655.json
晖,A,resolved,日,日,Bộ Nhật,72,record-radical,data/chars/6656.json
晗,B,resolved,日,日,Bộ Nhật,72,record-radical,data/chars/6657.json
晚,A,resolved,日,日,Bộ Nhật,72,record-radical,data/chars/665A.json
晜,C,not-resolved,,,,,not-resolved,data/chars/665C.json
晞,C,not-resolved,,,,,not-resolved,data/chars/665E.json
晟,B,resolved,日,日,Bộ Nhật,72,record-radical,data/chars/665F.json
晡,B,resolved,日,日,Bộ Nhật,72,record-radical,data/chars/6661.json
晢,C,not-resolved,,,,,not-resolved,data/chars/6662.json
晤,A,resolved,日,日,Bộ Nhật,72,record-radical,data/chars/6664.json
晥,C,not-resolved,,,,,not-resolved,data/chars/6665.json
晦,A,resolved,日,日,Bộ Nhật,72,record-radical,data/chars/6666.json
晨,A,resolved,日,日,Bộ Nhật,72,record-radical,data/chars/6668.json
晩,C,not-resolved,,,,,not-resolved,data/chars/6669.json
晬,B,resolved,日,日,Bộ Nhật,72,record-radical,data/chars/666C.json
普,A,resolved,日,日,Bộ Nhật,72,record-radical,data/chars/666E.json
景,A,resolved,日,日,Bộ Nhật,72,record-radical,data/chars/666F.json
晰,A,resolved,日,日,Bộ Nhật,72,record-radical,data/chars/6670.json
晴,A,resolved,日,日,Bộ Nhật,72,record-radical,data/chars/6674.json
晶,C,not-resolved,,,,,not-resolved,data/chars/6676.json
晷,B,resolved,日,日,Bộ Nhật,72,record-radical,data/chars/6677.json
智,C,not-resolved,册,,,,not-resolved,data/chars/667A.json
晾,A,resolved,日,日,Bộ Nhật,72,record-radical,data/chars/667E.json
晿,C,not-resolved,,,,,not-resolved,data/chars/667F.json
暁,C,not-resolved,,,,,not-resolved,data/chars/6681.json
暂,A,resolved,日,日,Bộ Nhật,72,record-radical,data/chars/6682.json
暄,A,resolved,日,日,Bộ Nhật,72,record-radical,data/chars/6684.json
暆,B,resolved,日,日,Bộ Nhật,72,record-radical,data/chars/6686.json
暇,A,resolved,日,日,Bộ Nhật,72,record-radical,data/chars/6687.json
暋,C,not-resolved,,,,,not-resolved,data/chars/668B.json
暌,B,resolved,日,日,Bộ Nhật,72,record-radical,data/chars/668C.json
暍,C,not-resolved,,,,,not-resolved,data/chars/668D.json
暑,A,resolved,日,日,Bộ Nhật,72,record-radical,data/chars/6691.json
暒,C,not-resolved,,,,,not-resolved,data/chars/6692.json
暔,C,not-resolved,,,,,not-resolved,data/chars/6694.json
暕,C,not-resolved,,,,,not-resolved,data/chars/6695.json
暖,A,resolved,日,日,Bộ Nhật,72,record-radical,data/chars/6696.json
暗,A,resolved,日,日,Bộ Nhật,72,record-radical,data/chars/6697.json
暜,C,not-resolved,,,,,not-resolved,data/chars/669C.json
暝,B,resolved,日,日,Bộ Nhật,72,record-radical,data/chars/669D.json
暞,C,not-resolved,,,,,not-resolved,data/chars/669E.json
暠,B,resolved,日,日,Bộ Nhật,72,record-radical,data/chars/66A0.json
暡,B,resolved,日,日,Bộ Nhật,72,record-radical,data/chars/66A1.json
暦,C,not-resolved,,,,,not-resolved,data/chars/66A6.json
暧,A,resolved,日,日,Bộ Nhật,72,record-radical,data/chars/66A7.json
暨,C,not-resolved,旦,,,,not-resolved,data/chars/66A8.json
暪,C,not-resolved,,,,,not-resolved,data/chars/66AA.json
暮,A,resolved,日,日,Bộ Nhật,72,record-radical,data/chars/66AE.json
暲,C,not-resolved,,,,,not-resolved,data/chars/66B2.json
暴,A,resolved,日,日,Bộ Nhật,72,record-radical,data/chars/66B4.json
暵,C,not-resolved,,,,,not-resolved,data/chars/66B5.json
暸,C,not-resolved,,,,,not-resolved,data/chars/66B8.json
暹,C,not-resolved,,,,,not-resolved,data/chars/66B9.json
暻,C,not-resolved,,,,,not-resolved,data/chars/66BB.json
暾,B,resolved,日,日,Bộ Nhật,72,record-radical,data/chars/66BE.json
曀,C,not-resolved,,,,,not-resolved,data/chars/66C0.json
曈,C,not-resolved,,,,,not-resolved,data/chars/66C8.json
曌,C,not-resolved,,,,,not-resolved,data/chars/66CC.json
曐,C,not-resolved,,,,,not-resolved,data/chars/66D0.json
曑,C,not-resolved,,,,,not-resolved,data/chars/66D1.json
曒,C,not-resolved,,,,,not-resolved,data/chars/66D2.json
曓,C,not-resolved,,,,,not-resolved,data/chars/66D3.json
曘,C,not-resolved,,,,,not-resolved,data/chars/66D8.json
曙,A,resolved,日,日,Bộ Nhật,72,record-radical,data/chars/66D9.json
曚,B,resolved,日,日,Bộ Nhật,72,record-radical,data/chars/66DA.json
曛,B,resolved,日,日,Bộ Nhật,72,record-radical,data/chars/66DB.json
曜,C,not-resolved,,,,,not-resolved,data/chars/66DC.json
曝,A,resolved,日,日,Bộ Nhật,72,record-radical,data/chars/66DD.json
曦,B,resolved,日,日,Bộ Nhật,72,record-radical,data/chars/66E6.json
曩,B,resolved,日,日,Bộ Nhật,72,record-radical,data/chars/66E9.json
曰,B,resolved,曰,曰,Bộ Viết,73,self-radical,radical_learning_notes.json
曱,B,resolved,曰,曰,Bộ Viết,73,record-radical,data/chars/66F1.json
曲,C,not-resolved,,,,,not-resolved,data/chars/66F2.json
曳,C,not-resolved,,,,,not-resolved,data/chars/66F3.json
更,A,resolved,攴,攴,Bộ Phộc,66,record-radical,data/chars/66F4.json
曷,B,resolved,曰,曰,Bộ Viết,73,record-radical,data/chars/66F7.json
曹,C,not-resolved,東,,,,not-resolved,data/chars/66F9.json
曻,C,not-resolved,,,,,not-resolved,data/chars/66FB.json
曼,C,not-resolved,冃,,,,not-resolved,data/chars/66FC.json
曽,C,not-resolved,,,,,not-resolved,data/chars/66FD.json
曾,C,not-resolved,,,,,not-resolved,data/chars/66FE.json
替,A,resolved,曰,曰,Bộ Viết,73,record-radical,data/chars/66FF.json
最,C,not-resolved,冃,,,,not-resolved,data/chars/6700.json
朁,C,not-resolved,,,,,not-resolved,data/chars/6701.json
朅,C,not-resolved,,,,,not-resolved,data/chars/6705.json
朆,C,not-resolved,,,,,not-resolved,data/chars/6706.json
月,A,resolved,月,月,"Bộ Nguyệt,Nhục",74,self-radical,radical_learning_notes.json
有,A,resolved,又,又,Bộ Hựu,29,record-radical,data/chars/6709.json
朊,C,not-resolved,⺼,,,,not-resolved,data/chars/670A.json
朋,C,not-resolved,,,,,not-resolved,data/chars/670B.json
服,C,not-resolved,◎,,,,not-resolved,data/chars/670D.json
朏,C,not-resolved,,,,,not-resolved,data/chars/670F.json
朐,B,resolved,月,月,"Bộ Nguyệt,Nhục",74,record-radical,data/chars/6710.json
朓,C,not-resolved,,,,,not-resolved,data/chars/6713.json
朔,B,resolved,月,月,"Bộ Nguyệt,Nhục",74,record-radical,data/chars/6714.json
朕,C,not-resolved,,,,,not-resolved,data/chars/6715.json
朗,A,resolved,月,月,"Bộ Nguyệt,Nhục",74,record-radical,data/chars/6717.json
朘,C,not-resolved,,,,,not-resolved,data/chars/6718.json
朙,C,not-resolved,,,,,not-resolved,data/chars/6719.json
望,C,not-resolved,亡,,,,not-resolved,data/chars/671B.json
朝,A,resolved,屮,屮,Bộ Triệt,45,record-radical,data/chars/671D.json
期,A,resolved,月,月,"Bộ Nguyệt,Nhục",74,record-radical,data/chars/671F.json
朠,C,not-resolved,,,,,not-resolved,data/chars/6720.json
朣,C,not-resolved,,,,,not-resolved,data/chars/6723.json
朦,A,resolved,月,月,"Bộ Nguyệt,Nhục",74,record-radical,data/chars/6726.json
木,A,resolved,木,木,Bộ Mộc,75,self-radical,radical_learning_notes.json
朩,C,not-resolved,,,,,not-resolved,data/chars/6729.json
未,C,not-resolved,,,,,not-resolved,data/chars/672A.json
末,C,not-resolved,,,,,not-resolved,data/chars/672B.json
本,A,resolved,木,木,Bộ Mộc,75,record-radical,data/chars/672C.json
札,C,not-resolved,,,,,not-resolved,data/chars/672D.json
朮,C,not-resolved,,,,,not-resolved,data/chars/672E.json
术,A,resolved,行,行,Bộ Hành,144,record-radical,data/chars/672F.json
朰,C,not-resolved,,,,,not-resolved,data/chars/6730.json
朱,A,resolved,木,木,Bộ Mộc,75,record-radical,data/chars/6731.json
朳,C,not-resolved,,,,,not-resolved,data/chars/6733.json
朴,A,resolved,木,木,Bộ Mộc,75,record-radical,data/chars/6734.json
朵,C,not-resolved,,,,,not-resolved,data/chars/6735.json
机,A,resolved,木,木,Bộ Mộc,75,record-radical,data/chars/673A.json
朽,C,not-resolved,,,,,not-resolved,data/chars/673D.json
朾,C,not-resolved,,,,,not-resolved,data/chars/673E.json
朿,C,not-resolved,,,,,not-resolved,data/chars/673F.json
杀,C,not-resolved,,,,,not-resolved,data/chars/6740.json
杂,C,not-resolved,九,,,,not-resolved,data/chars/6742.json
权,A,resolved,木,木,Bộ Mộc,75,record-radical,data/chars/6743.json
杅,C,not-resolved,,,,,not-resolved,data/chars/6745.json
杆,A,resolved,木,木,Bộ Mộc,75,record-radical,data/chars/6746.json
杇,C,not-resolved,,,,,not-resolved,data/chars/6747.json
杈,C,not-resolved,,,,,not-resolved,data/chars/6748.json
杉,B,resolved,木,木,Bộ Mộc,75,record-radical,data/chars/6749.json
杌,C,not-resolved,,,,,not-resolved,data/chars/674C.json
李,A,resolved,木,木,Bộ Mộc,75,record-radical,data/chars/674E.json
杏,C,not-resolved,,,,,not-resolved,data/chars/674F.json
材,A,resolved,木,木,Bộ Mộc,75,record-radical,data/chars/6750.json
村,A,resolved,木,木,Bộ Mộc,75,record-radical,data/chars/6751.json
杓,C,not-resolved,,,,,not-resolved,data/chars/6753.json
杕,C,not-resolved,,,,,not-resolved,data/chars/6755.json
杖,A,resolved,木,木,Bộ Mộc,75,record-radical,data/chars/6756.json
杗,C,not-resolved,,,,,not-resolved,data/chars/6757.json
杙,C,not-resolved,,,,,not-resolved,data/chars/6759.json
杜,A,resolved,木,木,Bộ Mộc,75,record-radical,data/chars/675C.json
杝,C,not-resolved,,,,,not-resolved,data/chars/675D.json
杞,B,resolved,木,木,Bộ Mộc,75,record-radical,data/chars/675E.json
束,C,not-resolved,,,,,not-resolved,data/chars/675F.json
杠,C,not-resolved,,,,,not-resolved,data/chars/6760.json
条,A,resolved,木,木,Bộ Mộc,75,record-radical,data/chars/6761.json
来,C,not-resolved,,,,,not-resolved,data/chars/6765.json
杨,A,resolved,木,木,Bộ Mộc,75,record-radical,data/chars/6768.json
杩,B,resolved,木,木,Bộ Mộc,75,record-radical,data/chars/6769.json
杪,C,not-resolved,,,,,not-resolved,data/chars/676A.json
杭,A,resolved,木,木,Bộ Mộc,75,record-radical,data/chars/676D.json
杯,A,resolved,木,木,Bộ Mộc,75,record-radical,data/chars/676F.json
杰,A,resolved,木,木,Bộ Mộc,75,record-radical,data/chars/6770.json
杲,C,not-resolved,,,,,not-resolved,data/chars/6772.json
杳,C,not-resolved,,,,,not-resolved,data/chars/6773.json
杴,C,not-resolved,,,,,not-resolved,data/chars/6774.json
杵,B,resolved,木,木,Bộ Mộc,75,record-radical,data/chars/6775.json
杶,C,not-resolved,,,,,not-resolved,data/chars/6776.json
杷,B,resolved,木,木,Bộ Mộc,75,record-radical,data/chars/6777.json
杸,C,not-resolved,,,,,not-resolved,data/chars/6778.json
杻,C,not-resolved,,,,,not-resolved,data/chars/677B.json
杼,B,resolved,木,木,Bộ Mộc,75,record-radical,data/chars/677C.json
杽,C,not-resolved,,,,,not-resolved,data/chars/677D.json
松,A,resolved,木,木,Bộ Mộc,75,record-radical,data/chars/677E.json
板,A,resolved,木,木,Bộ Mộc,75,record-radical,data/chars/677F.json
极,A,resolved,木,木,Bộ Mộc,75,record-radical,data/chars/6781.json
构,A,resolved,木,木,Bộ Mộc,75,record-radical,data/chars/6784.json
枇,B,resolved,木,木,Bộ Mộc,75,record-radical,data/chars/6787.json
枉,A,resolved,木,木,Bộ Mộc,75,record-radical,data/chars/6789.json
枋,C,not-resolved,,,,,not-resolved,data/chars/678B.json
枌,C,not-resolved,,,,,not-resolved,data/chars/678C.json
析,C,not-resolved,,,,,not-resolved,data/chars/6790.json
枒,B,resolved,木,木,Bộ Mộc,75,record-radical,data/chars/6792.json
枓,B,resolved,木,木,Bộ Mộc,75,record-radical,data/chars/6793.json
枕,A,resolved,木,木,Bộ Mộc,75,record-radical,data/chars/6795.json
林,A,resolved,木,木,Bộ Mộc,75,record-radical,data/chars/6797.json
枘,B,resolved,木,木,Bộ Mộc,75,record-radical,data/chars/6798.json
枙,C,not-resolved,,,,,not-resolved,data/chars/6799.json
枚,A,resolved,木,木,Bộ Mộc,75,record-radical,data/chars/679A.json
果,C,not-resolved,◎,,,,not-resolved,data/chars/679C.json
枝,A,resolved,木,木,Bộ Mộc,75,record-radical,data/chars/679D.json
枞,B,resolved,木,木,Bộ Mộc,75,record-radical,data/chars/679E.json
枟,C,not-resolved,,,,,not-resolved,data/chars/679F.json
枢,A,resolved,木,木,Bộ Mộc,75,record-radical,data/chars/67A2.json
枣,C,not-resolved,,,,,not-resolved,data/chars/67A3.json
枥,B,resolved,木,木,Bộ Mộc,75,record-radical,data/chars/67A5.json
枧,B,resolved,木,木,Bộ Mộc,75,record-radical,data/chars/67A7.json
枨,B,resolved,木,木,Bộ Mộc,75,record-radical,data/chars/67A8.json
枪,A,resolved,木,木,Bộ Mộc,75,record-radical,data/chars/67AA.json
枫,B,resolved,木,木,Bộ Mộc,75,record-radical,data/chars/67AB.json
枭,C,not-resolved,,,,,not-resolved,data/chars/67AD.json
枯,C,not-resolved,,,,,not-resolved,data/chars/67AF.json
枰,C,not-resolved,,,,,not-resolved,data/chars/67B0.json
枱,C,not-resolved,,,,,not-resolved,data/chars/67B1.json
枲,C,not-resolved,,,,,not-resolved,data/chars/67B2.json
枳,B,resolved,木,木,Bộ Mộc,75,record-radical,data/chars/67B3.json
枴,C,not-resolved,,,,,not-resolved,data/chars/67B4.json
枵,B,resolved,木,木,Bộ Mộc,75,record-radical,data/chars/67B5.json
架,A,resolved,木,木,Bộ Mộc,75,record-radical,data/chars/67B6.json
枷,B,resolved,木,木,Bộ Mộc,75,record-radical,data/chars/67B7.json
枸,B,resolved,木,木,Bộ Mộc,75,record-radical,data/chars/67B8.json
枹,C,not-resolved,,,,,not-resolved,data/chars/67B9.json
枻,C,not-resolved,,,,,not-resolved,data/chars/67BB.json
枼,C,resolved,木,木,Bộ Mộc,75,record-radical,data/chars/67BC.json
柁,B,resolved,木,木,Bộ Mộc,75,record-radical,data/chars/67C1.json
柂,C,not-resolved,,,,,not-resolved,data/chars/67C2.json
柃,B,resolved,木,木,Bộ Mộc,75,record-radical,data/chars/67C3.json
柄,A,resolved,木,木,Bộ Mộc,75,record-radical,data/chars/67C4.json
柅,C,not-resolved,,,,,not-resolved,data/chars/67C5.json
柈,C,not-resolved,,,,,not-resolved,data/chars/67C8.json
柊,C,not-resolved,,,,,not-resolved,data/chars/67CA.json
柎,C,not-resolved,,,,,not-resolved,data/chars/67CE.json
柏,A,resolved,木,木,Bộ Mộc,75,record-radical,data/chars/67CF.json
某,A,resolved,甘,甘,Bộ Cam,99,record-radical,data/chars/67D0.json
柑,C,not-resolved,,,,,not-resolved,data/chars/67D1.json
柒,C,not-resolved,,,,,not-resolved,data/chars/67D2.json
染,C,not-resolved,,,,,not-resolved,data/chars/67D3.json
柔,C,not-resolved,,,,,not-resolved,data/chars/67D4.json
柘,B,resolved,木,木,Bộ Mộc,75,record-radical,data/chars/67D8.json
柙,B,resolved,木,木,Bộ Mộc,75,record-radical,data/chars/67D9.json
柚,B,resolved,木,木,Bộ Mộc,75,record-radical,data/chars/67DA.json
柜,A,resolved,木,木,Bộ Mộc,75,record-radical,data/chars/67DC.json
柝,C,not-resolved,,,,,not-resolved,data/chars/67DD.json
柞,B,resolved,木,木,Bộ Mộc,75,record-radical,data/chars/67DE.json
柠,A,resolved,木,木,Bộ Mộc,75,record-radical,data/chars/67E0.json
柢,B,resolved,木,木,Bộ Mộc,75,record-radical,data/chars/67E2.json
柣,C,not-resolved,,,,,not-resolved,data/chars/67E3.json
柤,C,not-resolved,,,,,not-resolved,data/chars/67E4.json
查,A,resolved,木,木,Bộ Mộc,75,record-radical,data/chars/67E5.json
柦,C,not-resolved,,,,,not-resolved,data/chars/67E6.json
柩,C,not-resolved,,,,,not-resolved,data/chars/67E9.json
柬,C,not-resolved,,,,,not-resolved,data/chars/67EC.json
柮,C,not-resolved,,,,,not-resolved,data/chars/67EE.json
柯,B,resolved,木,木,Bộ Mộc,75,record-radical,data/chars/67EF.json
柰,B,resolved,木,木,Bộ Mộc,75,record-radical,data/chars/67F0.json
柱,A,resolved,木,木,Bộ Mộc,75,record-radical,data/chars/67F1.json
柲,C,not-resolved,,,,,not-resolved,data/chars/67F2.json
柳,A,resolved,木,木,Bộ Mộc,75,record-radical,data/chars/67F3.json
柴,A,resolved,木,木,Bộ Mộc,75,record-radical,data/chars/67F4.json
柶,C,not-resolved,,,,,not-resolved,data/chars/67F6.json
柷,C,not-resolved,,,,,not-resolved,data/chars/67F7.json
柸,C,not-resolved,,,,,not-resolved,data/chars/67F8.json
柺,C,not-resolved,,,,,not-resolved,data/chars/67FA.json
査,C,not-resolved,,,,,not-resolved,data/chars/67FB.json
柽,B,resolved,木,木,Bộ Mộc,75,record-radical,data/chars/67FD.json
柿,A,resolved,木,木,Bộ Mộc,75,record-radical,data/chars/67FF.json
栀,B,resolved,木,木,Bộ Mộc,75,record-radical,data/chars/6800.json
栃,C,not-resolved,,,,,not-resolved,data/chars/6803.json
栄,C,not-resolved,,,,,not-resolved,data/chars/6804.json
栅,C,not-resolved,,,,,not-resolved,data/chars/6805.json
标,A,resolved,木,木,Bộ Mộc,75,record-radical,data/chars/6807.json
栈,B,resolved,木,木,Bộ Mộc,75,record-radical,data/chars/6808.json
栉,C,not-resolved,,,,,not-resolved,data/chars/6809.json
栊,B,resolved,木,木,Bộ Mộc,75,record-radical,data/chars/680A.json
栋,A,resolved,木,木,Bộ Mộc,75,record-radical,data/chars/680B.json
栌,B,resolved,木,木,Bộ Mộc,75,record-radical,data/chars/680C.json
栎,B,resolved,木,木,Bộ Mộc,75,record-radical,data/chars/680E.json
栏,A,resolved,木,木,Bộ Mộc,75,record-radical,data/chars/680F.json
树,A,resolved,木,木,Bộ Mộc,75,record-radical,data/chars/6811.json
栒,C,not-resolved,,,,,not-resolved,data/chars/6812.json
栓,A,resolved,木,木,Bộ Mộc,75,record-radical,data/chars/6813.json
栔,C,not-resolved,,,,,not-resolved,data/chars/6814.json
栖,A,resolved,木,木,Bộ Mộc,75,record-radical,data/chars/6816.json
栗,C,not-resolved,,,,,not-resolved,data/chars/6817.json
栘,C,not-resolved,,,,,not-resolved,data/chars/6818.json
栝,B,resolved,木,木,Bộ Mộc,75,record-radical,data/chars/681D.json
栟,C,not-resolved,,,,,not-resolved,data/chars/681F.json
校,A,resolved,木,木,Bộ Mộc,75,record-radical,data/chars/6821.json
栩,A,resolved,木,木,Bộ Mộc,75,record-radical,data/chars/6829.json
株,A,resolved,木,木,Bộ Mộc,75,record-radical,data/chars/682A.json
栫,C,not-resolved,,,,,not-resolved,data/chars/682B.json
栭,C,not-resolved,,,,,not-resolved,data/chars/682D.json
栱,B,resolved,木,木,Bộ Mộc,75,record-radical,data/chars/6831.json
栲,B,resolved,木,木,Bộ Mộc,75,record-radical,data/chars/6832.json
栳,B,resolved,木,木,Bộ Mộc,75,record-radical,data/chars/6833.json
栴,B,resolved,木,木,Bộ Mộc,75,record-radical,data/chars/6834.json
栵,C,not-resolved,,,,,not-resolved,data/chars/6835.json
样,A,resolved,木,木,Bộ Mộc,75,record-radical,data/chars/6837.json
核,A,resolved,木,木,Bộ Mộc,75,record-radical,data/chars/6838.json
根,A,resolved,木,木,Bộ Mộc,75,record-radical,data/chars/6839.json
栻,C,not-resolved,,,,,not-resolved,data/chars/683B.json
格,A,resolved,木,木,Bộ Mộc,75,record-radical,data/chars/683C.json
栽,A,resolved,木,木,Bộ Mộc,75,record-radical,data/chars/683D.json
栾,B,resolved,木,木,Bộ Mộc,75,record-radical,data/chars/683E.json
桀,B,resolved,舛,舛,Bộ Suyễn,136,record-radical,data/chars/6840.json
桁,B,resolved,木,木,Bộ Mộc,75,record-radical,data/chars/6841.json
桂,A,resolved,木,木,Bộ Mộc,75,record-radical,data/chars/6842.json
桃,A,resolved,木,木,Bộ Mộc,75,record-radical,data/chars/6843.json
桄,B,resolved,木,木,Bộ Mộc,75,record-radical,data/chars/6844.json
桅,B,resolved,木,木,Bộ Mộc,75,record-radical,data/chars/6845.json
框,A,resolved,木,木,Bộ Mộc,75,record-radical,data/chars/6846.json
案,A,resolved,木,木,Bộ Mộc,75,record-radical,data/chars/6848.json
桉,B,resolved,木,木,Bộ Mộc,75,record-radical,data/chars/6849.json
桊,C,resolved,木,木,Bộ Mộc,75,record-radical,data/chars/684A.json
桋,C,not-resolved,,,,,not-resolved,data/chars/684B.json
桌,A,resolved,木,木,Bộ Mộc,75,record-radical,data/chars/684C.json
桎,B,resolved,木,木,Bộ Mộc,75,record-radical,data/chars/684E.json
桐,B,resolved,木,木,Bộ Mộc,75,record-radical,data/chars/6850.json
桑,C,not-resolved,,,,,not-resolved,data/chars/6851.json
桓,B,resolved,木,木,Bộ Mộc,75,record-radical,data/chars/6853.json
桔,B,resolved,木,木,Bộ Mộc,75,record-radical,data/chars/6854.json
桕,B,resolved,木,木,Bộ Mộc,75,record-radical,data/chars/6855.json
桚,C,not-resolved,,,,,not-resolved,data/chars/685A.json
桜,C,not-resolved,,,,,not-resolved,data/chars/685C.json
桟,C,not-resolved,,,,,not-resolved,data/chars/685F.json
桠,B,resolved,木,木,Bộ Mộc,75,record-radical,data/chars/6860.json
桡,B,resolved,木,木,Bộ Mộc,75,record-radical,data/chars/6861.json
桢,B,resolved,木,木,Bộ Mộc,75,record-radical,data/chars/6862.json
档,A,resolved,木,木,Bộ Mộc,75,record-radical,data/chars/6863.json
桤,B,resolved,木,木,Bộ Mộc,75,record-radical,data/chars/6864.json
桥,A,resolved,木,木,Bộ Mộc,75,record-radical,data/chars/6865.json
桦,B,resolved,木,木,Bộ Mộc,75,record-radical,data/chars/6866.json
桧,B,resolved,木,木,Bộ Mộc,75,record-radical,data/chars/6867.json
桨,A,resolved,木,木,Bộ Mộc,75,record-radical,data/chars/6868.json
桩,A,resolved,木,木,Bộ Mộc,75,record-radical,data/chars/6869.json
桫,B,resolved,木,木,Bộ Mộc,75,record-radical,data/chars/686B.json
桭,C,not-resolved,,,,,not-resolved,data/chars/686D.json
桯,C,not-resolved,,,,,not-resolved,data/chars/686F.json
桲,B,resolved,木,木,Bộ Mộc,75,record-radical,data/chars/6872.json
桴,B,resolved,木,木,Bộ Mộc,75,record-radical,data/chars/6874.json
桶,A,resolved,木,木,Bộ Mộc,75,record-radical,data/chars/6876.json
桷,B,resolved,木,木,Bộ Mộc,75,record-radical,data/chars/6877.json
桹,C,not-resolved,,,,,not-resolved,data/chars/6879.json
桼,C,not-resolved,,,,,not-resolved,data/chars/687C.json
梁,C,not-resolved,,,,,not-resolved,data/chars/6881.json
梃,B,resolved,木,木,Bộ Mộc,75,record-radical,data/chars/6883.json
梅,B,resolved,木,木,Bộ Mộc,75,record-radical,data/chars/6885.json
梆,B,resolved,木,木,Bộ Mộc,75,record-radical,data/chars/6886.json
梊,C,not-resolved,,,,,not-resolved,data/chars/688A.json
梍,C,not-resolved,,,,,not-resolved,data/chars/688D.json
梏,B,resolved,木,木,Bộ Mộc,75,record-radical,data/chars/688F.json
梐,C,not-resolved,,,,,not-resolved,data/chars/6890.json
梓,B,resolved,木,木,Bộ Mộc,75,record-radical,data/chars/6893.json
梗,B,resolved,木,木,Bộ Mộc,75,record-radical,data/chars/6897.json
梠,C,not-resolved,,,,,not-resolved,data/chars/68A0.json
梡,C,not-resolved,,,,,not-resolved,data/chars/68A1.json
梢,A,resolved,木,木,Bộ Mộc,75,record-radical,data/chars/68A2.json
梣,B,resolved,木,木,Bộ Mộc,75,record-radical,data/chars/68A3.json
梥,C,not-resolved,,,,,not-resolved,data/chars/68A5.json
梦,A,resolved,夕,夕,Bộ Tịch,36,record-radical,data/chars/68A6.json
梧,B,resolved,木,木,Bộ Mộc,75,record-radical,data/chars/68A7.json
梨,A,resolved,木,木,Bộ Mộc,75,record-radical,data/chars/68A8.json
梩,C,not-resolved,,,,,not-resolved,data/chars/68A9.json
梭,B,resolved,木,木,Bộ Mộc,75,record-radical,data/chars/68AD.json
梯,A,resolved,木,木,Bộ Mộc,75,record-radical,data/chars/68AF.json
械,A,resolved,木,木,Bộ Mộc,75,record-radical,data/chars/68B0.json
梱,C,not-resolved,,,,,not-resolved,data/chars/68B1.json
梲,C,not-resolved,,,,,not-resolved,data/chars/68B2.json
梳,A,resolved,木,木,Bộ Mộc,75,record-radical,data/chars/68B3.json
梴,C,not-resolved,,,,,not-resolved,data/chars/68B4.json
梵,C,not-resolved,林,,,,not-resolved,data/chars/68B5.json
梸,C,not-resolved,,,,,not-resolved,data/chars/68B8.json
梹,C,not-resolved,,,,,not-resolved,data/chars/68B9.json
梼,B,resolved,木,木,Bộ Mộc,75,record-radical,data/chars/68BC.json
梾,B,resolved,木,木,Bộ Mộc,75,record-radical,data/chars/68BE.json
梿,B,resolved,木,木,Bộ Mộc,75,record-radical,data/chars/68BF.json
检,A,resolved,木,木,Bộ Mộc,75,record-radical,data/chars/68C0.json
棁,C,not-resolved,,,,,not-resolved,data/chars/68C1.json
棂,B,resolved,木,木,Bộ Mộc,75,record-radical,data/chars/68C2.json
棃,C,not-resolved,,,,,not-resolved,data/chars/68C3.json
棉,C,not-resolved,,,,,not-resolved,data/chars/68C9.json
棋,A,resolved,木,木,Bộ Mộc,75,record-radical,data/chars/68CB.json
棍,A,resolved,木,木,Bộ Mộc,75,record-radical,data/chars/68CD.json
棐,C,not-resolved,,,,,not-resolved,data/chars/68D0.json
棑,C,not-resolved,,,,,not-resolved,data/chars/68D1.json
棒,A,resolved,木,木,Bộ Mộc,75,record-radical,data/chars/68D2.json
棕,A,resolved,木,木,Bộ Mộc,75,record-radical,data/chars/68D5.json
棘,C,not-resolved,朿,,,,not-resolved,data/chars/68D8.json
棚,A,resolved,木,木,Bộ Mộc,75,record-radical,data/chars/68DA.json
棜,C,not-resolved,,,,,not-resolved,data/chars/68DC.json
棠,A,resolved,木,木,Bộ Mộc,75,record-radical,data/chars/68E0.json
棣,B,resolved,木,木,Bộ Mộc,75,record-radical,data/chars/68E3.json
棤,C,not-resolved,,,,,not-resolved,data/chars/68E4.json
棥,C,not-resolved,,,,,not-resolved,data/chars/68E5.json
棨,C,not-resolved,,,,,not-resolved,data/chars/68E8.json
棩,C,not-resolved,,,,,not-resolved,data/chars/68E9.json
棪,C,not-resolved,,,,,not-resolved,data/chars/68EA.json
棫,C,not-resolved,,,,,not-resolved,data/chars/68EB.json
棬,C,not-resolved,,,,,not-resolved,data/chars/68EC.json
森,A,resolved,木,木,Bộ Mộc,75,record-radical,data/chars/68EE.json
棯,C,not-resolved,,,,,not-resolved,data/chars/68EF.json
棰,B,resolved,木,木,Bộ Mộc,75,record-radical,data/chars/68F0.json
棱,A,resolved,木,木,Bộ Mộc,75,record-radical,data/chars/68F1.json
棳,C,not-resolved,,,,,not-resolved,data/chars/68F3.json
棵,A,resolved,木,木,Bộ Mộc,75,record-radical,data/chars/68F5.json
棸,C,not-resolved,,,,,not-resolved,data/chars/68F8.json
棹,B,resolved,木,木,Bộ Mộc,75,record-radical,data/chars/68F9.json
棺,A,resolved,木,木,Bộ Mộc,75,record-radical,data/chars/68FA.json
棻,B,resolved,木,木,Bộ Mộc,75,record-radical,data/chars/68FB.json
棼,C,not-resolved,林,,,,not-resolved,data/chars/68FC.json
椁,B,resolved,木,木,Bộ Mộc,75,record-radical,data/chars/6901.json
椄,C,not-resolved,,,,,not-resolved,data/chars/6904.json
椅,A,resolved,木,木,Bộ Mộc,75,record-radical,data/chars/6905.json
椆,B,resolved,木,木,Bộ Mộc,75,record-radical,data/chars/6906.json
椈,C,not-resolved,,,,,not-resolved,data/chars/6908.json
椊,C,not-resolved,,,,,not-resolved,data/chars/690A.json
椋,B,resolved,木,木,Bộ Mộc,75,record-radical,data/chars/690B.json
椌,C,not-resolved,,,,,not-resolved,data/chars/690C.json
植,A,resolved,木,木,Bộ Mộc,75,record-radical,data/chars/690D.json
椎,A,resolved,木,木,Bộ Mộc,75,record-radical,data/chars/690E.json
椐,B,resolved,木,木,Bộ Mộc,75,record-radical,data/chars/6910.json
椑,C,not-resolved,,,,,not-resolved,data/chars/6911.json
椒,A,resolved,木,木,Bộ Mộc,75,record-radical,data/chars/6912.json
椓,C,not-resolved,,,,,not-resolved,data/chars/6913.json
検,C,not-resolved,,,,,not-resolved,data/chars/691C.json
椝,C,not-resolved,,,,,not-resolved,data/chars/691D.json
椟,B,resolved,木,木,Bộ Mộc,75,record-radical,data/chars/691F.json
椠,B,resolved,木,木,Bộ Mộc,75,record-radical,data/chars/6920.json
椤,B,resolved,木,木,Bộ Mộc,75,record-radical,data/chars/6924.json
椥,B,resolved,木,木,Bộ Mộc,75,record-radical,data/chars/6925.json
椪,B,resolved,木,木,Bộ Mộc,75,record-radical,data/chars/692A.json
椫,C,not-resolved,,,,,not-resolved,data/chars/692B.json
椭,A,resolved,木,木,Bộ Mộc,75,record-radical,data/chars/692D.json
椮,C,not-resolved,,,,,not-resolved,data/chars/692E.json
椰,A,resolved,木,木,Bộ Mộc,75,record-radical,data/chars/6930.json
椳,C,not-resolved,,,,,not-resolved,data/chars/6933.json
椴,B,resolved,木,木,Bộ Mộc,75,record-radical,data/chars/6934.json
椵,C,not-resolved,,,,,not-resolved,data/chars/6935.json
椸,C,not-resolved,,,,,not-resolved,data/chars/6938.json
椹,B,resolved,木,木,Bộ Mộc,75,record-radical,data/chars/6939.json
椽,B,resolved,木,木,Bộ Mộc,75,record-radical,data/chars/693D.json
椿,B,resolved,木,木,Bộ Mộc,75,record-radical,data/chars/693F.json
楀,C,not-resolved,,,,,not-resolved,data/chars/6940.json
楂,B,resolved,木,木,Bộ Mộc,75,record-radical,data/chars/6942.json
楅,C,not-resolved,,,,,not-resolved,data/chars/6945.json
楋,C,not-resolved,,,,,not-resolved,data/chars/694B.json
楍,C,not-resolved,,,,,not-resolved,data/chars/694D.json
楎,C,not-resolved,,,,,not-resolved,data/chars/694E.json
楔,B,resolved,木,木,Bộ Mộc,75,record-radical,data/chars/6954.json
楗,B,resolved,木,木,Bộ Mộc,75,record-radical,data/chars/6957.json
楘,C,not-resolved,,,,,not-resolved,data/chars/6958.json
楙,B,resolved,木,木,Bộ Mộc,75,record-radical,data/chars/6959.json
楚,C,not-resolved,林,,,,not-resolved,data/chars/695A.json
楛,C,not-resolved,,,,,not-resolved,data/chars/695B.json
楝,B,resolved,木,木,Bộ Mộc,75,record-radical,data/chars/695D.json
楞,B,resolved,木,木,Bộ Mộc,75,record-radical,data/chars/695E.json
楟,C,not-resolved,,,,,not-resolved,data/chars/695F.json
楠,B,resolved,木,木,Bộ Mộc,75,record-radical,data/chars/6960.json
楢,C,not-resolved,,,,,not-resolved,data/chars/6962.json
楣,B,resolved,木,木,Bộ Mộc,75,record-radical,data/chars/6963.json
楦,B,resolved,木,木,Bộ Mộc,75,record-radical,data/chars/6966.json
楩,C,not-resolved,,,,,not-resolved,data/chars/6969.json
楪,C,not-resolved,,,,,not-resolved,data/chars/696A.json
楫,B,resolved,木,木,Bộ Mộc,75,record-radical,data/chars/696B.json
楬,C,not-resolved,,,,,not-resolved,data/chars/696C.json
楮,B,resolved,木,木,Bộ Mộc,75,record-radical,data/chars/696E.json
楯,C,not-resolved,,,,,not-resolved,data/chars/696F.json
楰,C,not-resolved,,,,,not-resolved,data/chars/6970.json
楷,C,not-resolved,,,,,not-resolved,data/chars/6977.json
楸,B,resolved,木,木,Bộ Mộc,75,record-radical,data/chars/6978.json
楹,B,resolved,木,木,Bộ Mộc,75,record-radical,data/chars/6979.json
楻,C,not-resolved,,,,,not-resolved,data/chars/697B.json
楼,A,resolved,木,木,Bộ Mộc,75,record-radical,data/chars/697C.json
楽,C,not-resolved,,,,,not-resolved,data/chars/697D.json
榀,B,resolved,木,木,Bộ Mộc,75,record-radical,data/chars/6980.json
概,A,resolved,木,木,Bộ Mộc,75,record-radical,data/chars/6982.json
榃,C,not-resolved,,,,,not-resolved,data/chars/6983.json
榄,A,resolved,木,木,Bộ Mộc,75,record-radical,data/chars/6984.json
榅,B,resolved,木,木,Bộ Mộc,75,record-radical,data/chars/6985.json
榆,B,resolved,木,木,Bộ Mộc,75,record-radical,data/chars/6986.json
榇,B,resolved,木,木,Bộ Mộc,75,record-radical,data/chars/6987.json
榈,A,resolved,木,木,Bộ Mộc,75,record-radical,data/chars/6988.json
榉,B,resolved,木,木,Bộ Mộc,75,record-radical,data/chars/6989.json
榊,C,not-resolved,,,,,not-resolved,data/chars/698A.json
榎,C,not-resolved,,,,,not-resolved,data/chars/698E.json
榔,B,resolved,木,木,Bộ Mộc,75,record-radical,data/chars/6994.json
榕,B,resolved,木,木,Bộ Mộc,75,record-radical,data/chars/6995.json
榖,C,not-resolved,,,,,not-resolved,data/chars/6996.json
榛,B,resolved,木,木,Bộ Mộc,75,record-radical,data/chars/699B.json
榜,C,not-resolved,,,,,not-resolved,data/chars/699C.json
榠,C,not-resolved,,,,,not-resolved,data/chars/69A0.json
榡,C,not-resolved,,,,,not-resolved,data/chars/69A1.json
榤,C,not-resolved,,,,,not-resolved,data/chars/69A4.json
榥,C,not-resolved,,,,,not-resolved,data/chars/69A5.json
榦,C,not-resolved,,,,,not-resolved,data/chars/69A6.json
榧,B,resolved,木,木,Bộ Mộc,75,record-radical,data/chars/69A7.json
榨,A,resolved,木,木,Bộ Mộc,75,record-radical,data/chars/69A8.json
榫,B,resolved,木,木,Bộ Mộc,75,record-radical,data/chars/69AB.json
榭,B,resolved,木,木,Bộ Mộc,75,record-radical,data/chars/69AD.json
榰,C,not-resolved,,,,,not-resolved,data/chars/69B0.json
榱,B,resolved,木,木,Bộ Mộc,75,record-radical,data/chars/69B1.json
榴,B,resolved,木,木,Bộ Mộc,75,record-radical,data/chars/69B4.json
榷,B,resolved,木,木,Bộ Mộc,75,record-radical,data/chars/69B7.json
榻,C,not-resolved,,,,,not-resolved,data/chars/69BB.json
榼,C,not-resolved,,,,,not-resolved,data/chars/69BC.json
榾,C,not-resolved,,,,,not-resolved,data/chars/69BE.json
槁,B,resolved,木,木,Bộ Mộc,75,record-radical,data/chars/69C1.json
槃,B,resolved,木,木,Bộ Mộc,75,record-radical,data/chars/69C3.json
槊,B,resolved,木,木,Bộ Mộc,75,record-radical,data/chars/69CA.json
槌,B,resolved,木,木,Bộ Mộc,75,record-radical,data/chars/69CC.json
槎,B,resolved,木,木,Bộ Mộc,75,record-radical,data/chars/69CE.json
槐,A,resolved,木,木,Bộ Mộc,75,record-radical,data/chars/69D0.json
槔,B,resolved,木,木,Bộ Mộc,75,record-radical,data/chars/69D4.json
槖,C,not-resolved,,,,,not-resolved,data/chars/69D6.json
様,C,not-resolved,,,,,not-resolved,data/chars/69D8.json
槚,C,not-resolved,,,,,not-resolved,data/chars/69DA.json
槛,A,resolved,木,木,Bộ Mộc,75,record-radical,data/chars/69DB.json
槜,B,resolved,木,木,Bộ Mộc,75,record-radical,data/chars/69DC.json
槟,B,resolved,木,木,Bộ Mộc,75,record-radical,data/chars/69DF.json
槠,B,resolved,木,木,Bộ Mộc,75,record-radical,data/chars/69E0.json
槢,C,not-resolved,,,,,not-resolved,data/chars/69E2.json
槥,C,not-resolved,,,,,not-resolved,data/chars/69E5.json
槪,C,not-resolved,,,,,not-resolved,data/chars/69EA.json
槭,B,resolved,木,木,Bộ Mộc,75,record-radical,data/chars/69ED.json
槱,C,not-resolved,,,,,not-resolved,data/chars/69F1.json
槲,B,resolved,木,木,Bộ Mộc,75,record-radical,data/chars/69F2.json
槵,C,not-resolved,,,,,not-resolved,data/chars/69F5.json
槹,C,not-resolved,,,,,not-resolved,data/chars/69F9.json
槺,B,resolved,木,木,Bộ Mộc,75,record-radical,data/chars/69FA.json
槻,C,not-resolved,,,,,not-resolved,data/chars/69FB.json
槽,A,resolved,木,木,Bộ Mộc,75,record-radical,data/chars/69FD.json
槾,C,not-resolved,,,,,not-resolved,data/chars/69FE.json
槿,B,resolved,木,木,Bộ Mộc,75,record-radical,data/chars/69FF.json
樆,B,resolved,木,木,Bộ Mộc,75,record-radical,data/chars/6A06.json
樊,B,resolved,大,大,Bộ Đại,37,record-radical,data/chars/6A0A.json
樎,C,not-resolved,,,,,not-resolved,data/chars/6A0E.json
樏,C,not-resolved,,,,,not-resolved,data/chars/6A0F.json
樕,C,not-resolved,,,,,not-resolved,data/chars/6A15.json
樗,B,resolved,木,木,Bộ Mộc,75,record-radical,data/chars/6A17.json
樘,B,resolved,木,木,Bộ Mộc,75,record-radical,data/chars/6A18.json
樛,C,not-resolved,,,,,not-resolved,data/chars/6A1B.json
樟,A,resolved,木,木,Bộ Mộc,75,record-radical,data/chars/6A1F.json
樠,C,not-resolved,,,,,not-resolved,data/chars/6A20.json
模,A,resolved,木,木,Bộ Mộc,75,record-radical,data/chars/6A21.json
樧,C,not-resolved,,,,,not-resolved,data/chars/6A27.json
樨,B,resolved,木,木,Bộ Mộc,75,record-radical,data/chars/6A28.json
権,C,not-resolved,,,,,not-resolved,data/chars/6A29.json
横,A,resolved,木,木,Bộ Mộc,75,record-radical,data/chars/6A2A.json
樯,B,resolved,木,木,Bộ Mộc,75,record-radical,data/chars/6A2F.json
樱,A,resolved,木,木,Bộ Mộc,75,record-radical,data/chars/6A31.json
樲,C,not-resolved,,,,,not-resolved,data/chars/6A32.json
樴,C,not-resolved,,,,,not-resolved,data/chars/6A34.json
樵,C,not-resolved,,,,,not-resolved,data/chars/6A35.json
樶,C,not-resolved,,,,,not-resolved,data/chars/6A36.json
樻,C,not-resolved,,,,,not-resolved,data/chars/6A3B.json
樽,C,not-resolved,,,,,not-resolved,data/chars/6A3D.json
樾,B,resolved,木,木,Bộ Mộc,75,record-radical,data/chars/6A3E.json
橁,C,not-resolved,,,,,not-resolved,data/chars/6A41.json
橃,C,not-resolved,,,,,not-resolved,data/chars/6A43.json
橄,A,resolved,木,木,Bộ Mộc,75,record-radical,data/chars/6A44.json
橆,C,not-resolved,,,,,not-resolved,data/chars/6A46.json
橇,B,resolved,木,木,Bộ Mộc,75,record-radical,data/chars/6A47.json
橊,C,not-resolved,,,,,not-resolved,data/chars/6A4A.json
橎,C,not-resolved,,,,,not-resolved,data/chars/6A4E.json
橐,C,not-resolved,,,,,not-resolved,data/chars/6A50.json
橕,C,not-resolved,,,,,not-resolved,data/chars/6A55.json
橘,A,resolved,木,木,Bộ Mộc,75,record-radical,data/chars/6A58.json
橙,A,resolved,木,木,Bộ Mộc,75,record-radical,data/chars/6A59.json
橚,C,not-resolved,,,,,not-resolved,data/chars/6A5A.json
橛,B,resolved,木,木,Bộ Mộc,75,record-radical,data/chars/6A5B.json
橡,A,resolved,木,木,Bộ Mộc,75,record-radical,data/chars/6A61.json
橥,B,resolved,木,木,Bộ Mộc,75,record-radical,data/chars/6A65.json
橧,C,not-resolved,,,,,not-resolved,data/chars/6A67.json
橱,C,not-resolved,,,,,not-resolved,data/chars/6A71.json
橹,B,resolved,木,木,Bộ Mộc,75,record-radical,data/chars/6A79.json
橼,B,resolved,木,木,Bộ Mộc,75,record-radical,data/chars/6A7C.json
橾,B,resolved,木,木,Bộ Mộc,75,record-radical,data/chars/6A7E.json
橿,C,not-resolved,,,,,not-resolved,data/chars/6A7F.json
檀,B,resolved,木,木,Bộ Mộc,75,record-radical,data/chars/6A80.json
檃,B,resolved,木,木,Bộ Mộc,75,record-radical,data/chars/6A83.json
檄,C,not-resolved,,,,,not-resolved,data/chars/6A84.json
檇,C,not-resolved,,,,,not-resolved,data/chars/6A87.json
檊,C,not-resolved,,,,,not-resolved,data/chars/6A8A.json
檍,C,not-resolved,,,,,not-resolved,data/chars/6A8D.json
檎,B,resolved,木,木,Bộ Mộc,75,record-radical,data/chars/6A8E.json
檐,A,resolved,木,木,Bộ Mộc,75,record-radical,data/chars/6A90.json
檑,C,not-resolved,,,,,not-resolved,data/chars/6A91.json
檖,C,not-resolved,,,,,not-resolved,data/chars/6A96.json
檗,B,resolved,木,木,Bộ Mộc,75,record-radical,data/chars/6A97.json
檠,B,resolved,木,木,Bộ Mộc,75,record-radical,data/chars/6AA0.json
檥,C,not-resolved,,,,,not-resolved,data/chars/6AA5.json
檨,C,not-resolved,,,,,not-resolved,data/chars/6AA8.json
檩,B,resolved,木,木,Bộ Mộc,75,record-radical,data/chars/6AA9.json
檪,C,not-resolved,,,,,not-resolved,data/chars/6AAA.json
檫,B,resolved,木,木,Bộ Mộc,75,record-radical,data/chars/6AAB.json
檬,A,resolved,木,木,Bộ Mộc,75,record-radical,data/chars/6AAC.json
檴,C,not-resolved,,,,,not-resolved,data/chars/6AB4.json
檵,B,resolved,木,木,Bộ Mộc,75,record-radical,data/chars/6AB5.json
櫆,B,resolved,木,木,Bộ Mộc,75,record-radical,data/chars/6AC6.json
櫌,C,not-resolved,,,,,not-resolved,data/chars/6ACC.json
櫜,C,not-resolved,,,,,not-resolved,data/chars/6ADC.json
櫠,C,not-resolved,,,,,not-resolved,data/chars/6AE0.json
櫡,C,not-resolved,,,,,not-resolved,data/chars/6AE1.json
櫹,C,not-resolved,,,,,not-resolved,data/chars/6AF9.json
櫽,C,not-resolved,,,,,not-resolved,data/chars/6AFD.json
欀,C,not-resolved,,,,,not-resolved,data/chars/6B00.json
欂,C,not-resolved,,,,,not-resolved,data/chars/6B02.json
欃,C,not-resolved,,,,,not-resolved,data/chars/6B03.json
欎,C,not-resolved,,,,,not-resolved,data/chars/6B0E.json
欐,C,not-resolved,,,,,not-resolved,data/chars/6B10.json
欑,C,not-resolved,,,,,not-resolved,data/chars/6B11.json
欙,C,not-resolved,,,,,not-resolved,data/chars/6B19.json
欛,C,not-resolved,,,,,not-resolved,data/chars/6B1B.json
欠,A,resolved,欠,欠,Bộ Khiếm,76,self-radical,radical_learning_notes.json
次,A,resolved,二,二,Bộ Nhị,7,record-radical,data/chars/6B21.json
欢,A,resolved,欠,欠,Bộ Khiếm,76,record-radical,data/chars/6B22.json
欣,A,resolved,欠,欠,Bộ Khiếm,76,record-radical,data/chars/6B23.json
欤,B,resolved,欠,欠,Bộ Khiếm,76,record-radical,data/chars/6B24.json
欧,A,resolved,欠,欠,Bộ Khiếm,76,record-radical,data/chars/6B27.json
欨,C,not-resolved,,,,,not-resolved,data/chars/6B28.json
欬,C,not-resolved,,,,,not-resolved,data/chars/6B2C.json
欮,C,not-resolved,,,,,not-resolved,data/chars/6B2E.json
欱,C,not-resolved,,,,,not-resolved,data/chars/6B31.json
欲,A,resolved,欠,欠,Bộ Khiếm,76,record-radical,data/chars/6B32.json
欵,C,not-resolved,,,,,not-resolved,data/chars/6B35.json
欶,B,resolved,欠,欠,Bộ Khiếm,76,record-radical,data/chars/6B36.json
欷,B,resolved,欠,欠,Bộ Khiếm,76,record-radical,data/chars/6B37.json
欸,C,not-resolved,,,,,not-resolved,data/chars/6B38.json
欹,B,resolved,欠,欠,Bộ Khiếm,76,record-radical,data/chars/6B39.json
欺,A,resolved,欠,欠,Bộ Khiếm,76,record-radical,data/chars/6B3A.json
欻,C,not-resolved,,,,,not-resolved,data/chars/6B3B.json
欼,C,not-resolved,,,,,not-resolved,data/chars/6B3C.json
款,A,resolved,士,士,Bộ Sĩ,33,record-radical,data/chars/6B3E.json
欿,C,not-resolved,臽,,,,not-resolved,data/chars/6B3F.json
歁,C,not-resolved,,,,,not-resolved,data/chars/6B41.json
歃,B,resolved,欠,欠,Bộ Khiếm,76,record-radical,data/chars/6B43.json
歆,B,resolved,欠,欠,Bộ Khiếm,76,record-radical,data/chars/6B46.json
歇,A,resolved,欠,欠,Bộ Khiếm,76,record-radical,data/chars/6B47.json
歈,C,not-resolved,,,,,not-resolved,data/chars/6B48.json
歉,A,resolved,欠,欠,Bộ Khiếm,76,record-radical,data/chars/6B49.json
歊,C,not-resolved,,,,,not-resolved,data/chars/6B4A.json
歌,A,resolved,欠,欠,Bộ Khiếm,76,record-radical,data/chars/6B4C.json
歓,C,not-resolved,,,,,not-resolved,data/chars/6B53.json
歔,B,resolved,欠,欠,Bộ Khiếm,76,record-radical,data/chars/6B54.json
歕,C,not-resolved,,,,,not-resolved,data/chars/6B55.json
歗,C,not-resolved,,,,,not-resolved,data/chars/6B57.json
歘,C,not-resolved,,,,,not-resolved,data/chars/6B58.json
歙,B,resolved,欠,欠,Bộ Khiếm,76,record-radical,data/chars/6B59.json
歛,B,resolved,欠,欠,Bộ Khiếm,76,record-radical,data/chars/6B5B.json
歜,C,not-resolved,,,,,not-resolved,data/chars/6B5C.json
歠,C,not-resolved,,,,,not-resolved,data/chars/6B60.json
止,A,resolved,止,止,Bộ Chỉ,77,self-radical,radical_learning_notes.json
正,C,not-resolved,◎,,,,not-resolved,data/chars/6B63.json
此,A,resolved,止,止,Bộ Chỉ,77,record-radical,data/chars/6B64.json
步,A,resolved,止,止,Bộ Chỉ,77,record-radical,data/chars/6B65.json
武,A,resolved,戈,戈,Bộ Qua,62,record-radical,data/chars/6B66.json
歧,A,resolved,止,止,Bộ Chỉ,77,record-radical,data/chars/6B67.json
歨,C,not-resolved,,,,,not-resolved,data/chars/6B68.json
歩,C,not-resolved,,,,,not-resolved,data/chars/6B69.json
歪,C,not-resolved,,,,,not-resolved,data/chars/6B6A.json
歫,C,not-resolved,,,,,not-resolved,data/chars/6B6B.json
歮,C,not-resolved,,,,,not-resolved,data/chars/6B6E.json
歯,C,not-resolved,,,,,not-resolved,data/chars/6B6F.json
歰,C,not-resolved,,,,,not-resolved,data/chars/6B70.json
歳,C,not-resolved,,,,,not-resolved,data/chars/6B73.json
歹,A,resolved,歹,歹,Bộ Đãi,78,self-radical,radical_learning_notes.json
歺,C,not-resolved,,,,,not-resolved,data/chars/6B7A.json
死,A,resolved,歹,歹,Bộ Đãi,78,record-radical,data/chars/6B7B.json
歼,C,not-resolved,,,,,not-resolved,data/chars/6B7C.json
歾,C,not-resolved,,,,,not-resolved,data/chars/6B7E.json
殁,B,resolved,歹,歹,Bộ Đãi,78,record-radical,data/chars/6B81.json
殂,B,resolved,歹,歹,Bộ Đãi,78,record-radical,data/chars/6B82.json
殃,A,resolved,歹,歹,Bộ Đãi,78,record-radical,data/chars/6B83.json
殄,B,resolved,歹,歹,Bộ Đãi,78,record-radical,data/chars/6B84.json
殆,A,resolved,歹,歹,Bộ Đãi,78,record-radical,data/chars/6B86.json
殇,B,resolved,歹,歹,Bộ Đãi,78,record-radical,data/chars/6B87.json
殈,C,not-resolved,,,,,not-resolved,data/chars/6B88.json
殉,B,resolved,歹,歹,Bộ Đãi,78,record-radical,data/chars/6B89.json
殊,A,resolved,歹,歹,Bộ Đãi,78,record-radical,data/chars/6B8A.json
残,A,resolved,歹,歹,Bộ Đãi,78,record-radical,data/chars/6B8B.json
殍,B,resolved,歹,歹,Bộ Đãi,78,record-radical,data/chars/6B8D.json
殑,C,not-resolved,,,,,not-resolved,data/chars/6B91.json
殒,B,resolved,歹,歹,Bộ Đãi,78,record-radical,data/chars/6B92.json
殓,B,resolved,歹,歹,Bộ Đãi,78,record-radical,data/chars/6B93.json
殖,A,resolved,歹,歹,Bộ Đãi,78,record-radical,data/chars/6B96.json
殗,B,resolved,歹,歹,Bộ Đãi,78,record-radical,data/chars/6B97.json
殙,C,not-resolved,,,,,not-resolved,data/chars/6B99.json
殚,B,resolved,歹,歹,Bộ Đãi,78,record-radical,data/chars/6B9A.json
殛,B,resolved,歹,歹,Bộ Đãi,78,record-radical,data/chars/6B9B.json
殜,C,not-resolved,,,,,not-resolved,data/chars/6B9C.json
殠,C,not-resolved,,,,,not-resolved,data/chars/6BA0.json
殡,B,resolved,歹,歹,Bộ Đãi,78,record-radical,data/chars/6BA1.json
殣,C,not-resolved,,,,,not-resolved,data/chars/6BA3.json
殥,C,not-resolved,,,,,not-resolved,data/chars/6BA5.json
殪,B,resolved,歹,歹,Bộ Đãi,78,record-radical,data/chars/6BAA.json
殳,B,resolved,殳,殳,Bộ Thù,79,self-radical,radical_learning_notes.json
殴,A,resolved,殳,殳,Bộ Thù,79,record-radical,data/chars/6BB4.json
段,A,resolved,石,石,Bộ Thạch,112,record-radical,data/chars/6BB5.json
殷,C,not-resolved,,,,,not-resolved,data/chars/6BB7.json
殸,C,not-resolved,声,,,,not-resolved,data/chars/6BB8.json
殹,C,not-resolved,◎,,,,not-resolved,data/chars/6BB9.json
殻,C,not-resolved,,,,,not-resolved,data/chars/6BBB.json
殿,C,not-resolved,,,,,not-resolved,data/chars/6BBF.json
毁,C,not-resolved,兒,,,,not-resolved,data/chars/6BC1.json
毂,B,resolved,车,車,Bộ Xa,159,record-radical,data/chars/6BC2.json
毄,C,resolved,殳,殳,Bộ Thù,79,record-radical,data/chars/6BC4.json
毅,A,resolved,殳,殳,Bộ Thù,79,record-radical,data/chars/6BC5.json
毈,C,not-resolved,,,,,not-resolved,data/chars/6BC8.json
毉,C,not-resolved,,,,,not-resolved,data/chars/6BC9.json
毋,B,resolved,毋,毋,Bộ Vô,80,self-radical,radical_learning_notes.json
毌,C,not-resolved,,,,,not-resolved,data/chars/6BCC.json
母,C,not-resolved,,,,,not-resolved,data/chars/6BCD.json
毎,C,not-resolved,,,,,not-resolved,data/chars/6BCE.json
每,C,not-resolved,◎,,,,not-resolved,data/chars/6BCF.json
毐,C,not-resolved,,,,,not-resolved,data/chars/6BD0.json
毑,C,not-resolved,,,,,not-resolved,data/chars/6BD1.json
毒,A,resolved,屮,屮,Bộ Triệt,45,record-radical,data/chars/6BD2.json
毓,C,not-resolved,母,,,,not-resolved,data/chars/6BD3.json
比,A,resolved,比,比,Bộ Tỷ,81,self-radical,radical_learning_notes.json
毕,A,resolved,比,比,Bộ Tỷ,81,record-radical,data/chars/6BD5.json
毖,B,resolved,比,比,Bộ Tỷ,81,record-radical,data/chars/6BD6.json
毗,B,resolved,田,田,Bộ Điền,102,record-radical,data/chars/6BD7.json
毙,C,not-resolved,死,,,,not-resolved,data/chars/6BD9.json
毚,C,not-resolved,,,,,not-resolved,data/chars/6BDA.json
毛,A,resolved,毛,毛,Bộ Mao,82,self-radical,radical_learning_notes.json
毡,B,resolved,毛,毛,Bộ Mao,82,record-radical,data/chars/6BE1.json
毧,C,not-resolved,,,,,not-resolved,data/chars/6BE7.json
毪,B,resolved,毛,毛,Bộ Mao,82,record-radical,data/chars/6BEA.json
毫,A,resolved,毛,毛,Bộ Mao,82,record-radical,data/chars/6BEB.json
毬,C,not-resolved,,,,,not-resolved,data/chars/6BEC.json
毯,A,resolved,毛,毛,Bộ Mao,82,record-radical,data/chars/6BEF.json
毳,C,not-resolved,,,,,not-resolved,data/chars/6BF3.json
毴,C,not-resolved,,,,,not-resolved,data/chars/6BF4.json
毵,B,resolved,毛,毛,Bộ Mao,82,record-radical,data/chars/6BF5.json
毷,C,not-resolved,,,,,not-resolved,data/chars/6BF7.json
毹,B,resolved,毛,毛,Bộ Mao,82,record-radical,data/chars/6BF9.json
毽,B,resolved,毛,毛,Bộ Mao,82,record-radical,data/chars/6BFD.json
毾,C,not-resolved,,,,,not-resolved,data/chars/6BFE.json
氄,C,not-resolved,,,,,not-resolved,data/chars/6C04.json
氅,B,resolved,毛,毛,Bộ Mao,82,record-radical,data/chars/6C05.json
氆,B,resolved,毛,毛,Bộ Mao,82,record-radical,data/chars/6C06.json
氇,B,resolved,毛,毛,Bộ Mao,82,record-radical,data/chars/6C07.json
氉,C,not-resolved,,,,,not-resolved,data/chars/6C09.json
氍,B,resolved,毛,毛,Bộ Mao,82,record-radical,data/chars/6C0D.json
氏,A,resolved,氏,氏,Bộ Thị,83,self-radical,radical_learning_notes.json
氐,B,resolved,氏,氏,Bộ Thị,83,record-radical,data/chars/6C10.json
民,C,not-resolved,,,,,not-resolved,data/chars/6C11.json
氓,C,not-resolved,民,,,,not-resolved,data/chars/6C13.json
气,A,resolved,气,气,Bộ Khí,84,self-radical,radical_learning_notes.json
氕,B,resolved,气,气,Bộ Khí,84,record-radical,data/chars/6C15.json
氖,B,resolved,气,气,Bộ Khí,84,record-radical,data/chars/6C16.json
気,C,not-resolved,,,,,not-resolved,data/chars/6C17.json
氘,B,resolved,气,气,Bộ Khí,84,record-radical,data/chars/6C18.json
氙,B,resolved,气,气,Bộ Khí,84,record-radical,data/chars/6C19.json
氚,B,resolved,气,气,Bộ Khí,84,record-radical,data/chars/6C1A.json
氛,A,resolved,气,气,Bộ Khí,84,record-radical,data/chars/6C1B.json
氜,C,not-resolved,,,,,not-resolved,data/chars/6C1C.json
氝,C,not-resolved,,,,,not-resolved,data/chars/6C1D.json
氟,B,resolved,气,气,Bộ Khí,84,record-radical,data/chars/6C1F.json
氠,C,not-resolved,,,,,not-resolved,data/chars/6C20.json
氡,B,resolved,气,气,Bộ Khí,84,record-radical,data/chars/6C21.json
氢,A,resolved,气,气,Bộ Khí,84,record-radical,data/chars/6C22.json
氤,B,resolved,气,气,Bộ Khí,84,record-radical,data/chars/6C24.json
氥,C,not-resolved,,,,,not-resolved,data/chars/6C25.json
氦,B,resolved,气,气,Bộ Khí,84,record-radical,data/chars/6C26.json
氧,A,resolved,气,气,Bộ Khí,84,record-radical,data/chars/6C27.json
氨,B,resolved,气,气,Bộ Khí,84,record-radical,data/chars/6C28.json
氩,B,resolved,气,气,Bộ Khí,84,record-radical,data/chars/6C29.json
氪,B,resolved,气,气,Bộ Khí,84,record-radical,data/chars/6C2A.json
氮,A,resolved,气,气,Bộ Khí,84,record-radical,data/chars/6C2E.json
氯,A,resolved,气,气,Bộ Khí,84,record-radical,data/chars/6C2F.json
氰,B,resolved,气,气,Bộ Khí,84,record-radical,data/chars/6C30.json
氲,B,resolved,气,气,Bộ Khí,84,record-radical,data/chars/6C32.json
水,A,resolved,水,水,Bộ Thủy,85,self-radical,radical_learning_notes.json
氵,B,resolved,氵,水,Bộ Thủy,85,radical-variant,radical_alias_index.json
氶,C,resolved,水,水,Bộ Thủy,85,record-radical,data/chars/6C36.json
永,C,not-resolved,,,,,not-resolved,data/chars/6C38.json
氹,C,not-resolved,,,,,not-resolved,data/chars/6C39.json
氺,C,not-resolved,,,,,not-resolved,data/chars/6C3A.json
氼,C,not-resolved,,,,,not-resolved,data/chars/6C3C.json
氽,B,resolved,水,水,Bộ Thủy,85,record-radical,data/chars/6C3D.json
氿,B,resolved,氵,水,Bộ Thủy,85,record-radical,data/chars/6C3F.json
汀,B,resolved,氵,水,Bộ Thủy,85,record-radical,data/chars/6C40.json
汁,A,resolved,氵,水,Bộ Thủy,85,record-radical,data/chars/6C41.json
求,C,not-resolved,,,,,not-resolved,data/chars/6C42.json
汅,C,not-resolved,,,,,not-resolved,data/chars/6C45.json
汆,B,resolved,水,水,Bộ Thủy,85,record-radical,data/chars/6C46.json
汇,A,resolved,匚,匚,Bộ Phương,22,record-radical,data/chars/6C47.json
汈,C,not-resolved,,,,,not-resolved,data/chars/6C48.json
汉,A,resolved,氵,水,Bộ Thủy,85,record-radical,data/chars/6C49.json
汊,C,not-resolved,,,,,not-resolved,data/chars/6C4A.json
汋,C,not-resolved,,,,,not-resolved,data/chars/6C4B.json
汍,C,not-resolved,,,,,not-resolved,data/chars/6C4D.json
汏,C,not-resolved,,,,,not-resolved,data/chars/6C4F.json
汐,C,not-resolved,,,,,not-resolved,data/chars/6C50.json
汔,B,resolved,氵,水,Bộ Thủy,85,record-radical,data/chars/6C54.json
汕,B,resolved,氵,水,Bộ Thủy,85,record-radical,data/chars/6C55.json
汗,A,resolved,氵,水,Bộ Thủy,85,record-radical,data/chars/6C57.json
汙,C,not-resolved,,,,,not-resolved,data/chars/6C59.json
汛,A,resolved,氵,水,Bộ Thủy,85,record-radical,data/chars/6C5B.json
汜,B,resolved,氵,水,Bộ Thủy,85,record-radical,data/chars/6C5C.json
汝,B,resolved,氵,水,Bộ Thủy,85,record-radical,data/chars/6C5D.json
汞,B,resolved,水,水,Bộ Thủy,85,record-radical,data/chars/6C5E.json
江,A,resolved,氵,水,Bộ Thủy,85,record-radical,data/chars/6C5F.json
池,A,resolved,氵,水,Bộ Thủy,85,record-radical,data/chars/6C60.json
污,A,resolved,氵,水,Bộ Thủy,85,record-radical,data/chars/6C61.json
汤,A,resolved,氵,水,Bộ Thủy,85,record-radical,data/chars/6C64.json
汧,B,resolved,氵,水,Bộ Thủy,85,record-radical,data/chars/6C67.json
汨,B,resolved,氵,水,Bộ Thủy,85,record-radical,data/chars/6C68.json
汩,C,not-resolved,,,,,not-resolved,data/chars/6C69.json
汪,A,resolved,氵,水,Bộ Thủy,85,record-radical,data/chars/6C6A.json
汫,C,not-resolved,,,,,not-resolved,data/chars/6C6B.json
汭,C,not-resolved,,,,,not-resolved,data/chars/6C6D.json
汰,A,resolved,氵,水,Bộ Thủy,85,record-radical,data/chars/6C70.json
汲,A,resolved,氵,水,Bộ Thủy,85,record-radical,data/chars/6C72.json
汳,C,not-resolved,,,,,not-resolved,data/chars/6C73.json
汴,B,resolved,氵,水,Bộ Thủy,85,record-radical,data/chars/6C74.json
汶,B,resolved,氵,水,Bộ Thủy,85,record-radical,data/chars/6C76.json
汷,C,not-resolved,,,,,not-resolved,data/chars/6C77.json
汹,A,resolved,氵,水,Bộ Thủy,85,record-radical,data/chars/6C79.json
汽,A,resolved,氵,水,Bộ Thủy,85,record-radical,data/chars/6C7D.json
汾,B,resolved,氵,水,Bộ Thủy,85,record-radical,data/chars/6C7E.json
沁,B,resolved,氵,水,Bộ Thủy,85,record-radical,data/chars/6C81.json
沂,B,resolved,氵,水,Bộ Thủy,85,record-radical,data/chars/6C82.json
沃,A,resolved,氵,水,Bộ Thủy,85,record-radical,data/chars/6C83.json
沄,C,not-resolved,,,,,not-resolved,data/chars/6C84.json
沅,B,resolved,氵,水,Bộ Thủy,85,record-radical,data/chars/6C85.json
沆,B,resolved,氵,水,Bộ Thủy,85,record-radical,data/chars/6C86.json
沇,B,resolved,氵,水,Bộ Thủy,85,record-radical,data/chars/6C87.json
沈,B,resolved,氵,水,Bộ Thủy,85,record-radical,data/chars/6C88.json
沉,A,resolved,氵,水,Bộ Thủy,85,record-radical,data/chars/6C89.json
沌,B,resolved,氵,水,Bộ Thủy,85,record-radical,data/chars/6C8C.json
沍,C,not-resolved,,,,,not-resolved,data/chars/6C8D.json
沏,B,resolved,氵,水,Bộ Thủy,85,record-radical,data/chars/6C8F.json
沐,A,resolved,氵,水,Bộ Thủy,85,record-radical,data/chars/6C90.json
沓,C,not-resolved,,,,,not-resolved,data/chars/6C93.json
沔,B,resolved,氵,水,Bộ Thủy,85,record-radical,data/chars/6C94.json
沕,C,not-resolved,,,,,not-resolved,data/chars/6C95.json
沘,C,not-resolved,,,,,not-resolved,data/chars/6C98.json
沙,A,resolved,氵,水,Bộ Thủy,85,record-radical,data/chars/6C99.json
沚,C,not-resolved,,,,,not-resolved,data/chars/6C9A.json
沛,C,not-resolved,,,,,not-resolved,data/chars/6C9B.json
沟,A,resolved,氵,水,Bộ Thủy,85,record-radical,data/chars/6C9F.json
没,A,resolved,氵,水,Bộ Thủy,85,record-radical,data/chars/6CA1.json
沢,C,not-resolved,,,,,not-resolved,data/chars/6CA2.json
沣,B,resolved,氵,水,Bộ Thủy,85,record-radical,data/chars/6CA3.json
沤,B,resolved,氵,水,Bộ Thủy,85,record-radical,data/chars/6CA4.json
沥,B,resolved,氵,水,Bộ Thủy,85,record-radical,data/chars/6CA5.json
沦,A,resolved,氵,水,Bộ Thủy,85,record-radical,data/chars/6CA6.json
沧,A,resolved,氵,水,Bộ Thủy,85,record-radical,data/chars/6CA7.json
沨,C,not-resolved,,,,,not-resolved,data/chars/6CA8.json
沩,B,resolved,氵,水,Bộ Thủy,85,record-radical,data/chars/6CA9.json
沪,B,resolved,氵,水,Bộ Thủy,85,record-radical,data/chars/6CAA.json
沫,A,resolved,氵,水,Bộ Thủy,85,record-radical,data/chars/6CAB.json
沬,C,not-resolved,,,,,not-resolved,data/chars/6CAC.json
沭,B,resolved,氵,水,Bộ Thủy,85,record-radical,data/chars/6CAD.json
沮,A,resolved,氵,水,Bộ Thủy,85,record-radical,data/chars/6CAE.json
沰,C,not-resolved,,,,,not-resolved,data/chars/6CB0.json
沱,B,resolved,氵,水,Bộ Thủy,85,record-radical,data/chars/6CB1.json
沲,C,resolved,氵,水,Bộ Thủy,85,record-radical,data/chars/6CB2.json
河,A,resolved,氵,水,Bộ Thủy,85,record-radical,data/chars/6CB3.json
沴,C,not-resolved,,,,,not-resolved,data/chars/6CB4.json
沷,C,not-resolved,,,,,not-resolved,data/chars/6CB7.json
沸,A,resolved,氵,水,Bộ Thủy,85,record-radical,data/chars/6CB8.json
油,A,resolved,氵,水,Bộ Thủy,85,record-radical,data/chars/6CB9.json
沺,C,not-resolved,,,,,not-resolved,data/chars/6CBA.json
治,A,resolved,氵,水,Bộ Thủy,85,record-radical,data/chars/6CBB.json
沼,A,resolved,氵,水,Bộ Thủy,85,record-radical,data/chars/6CBC.json
沽,A,resolved,氵,水,Bộ Thủy,85,record-radical,data/chars/6CBD.json
沾,A,resolved,氵,水,Bộ Thủy,85,record-radical,data/chars/6CBE.json
沿,A,resolved,氵,水,Bộ Thủy,85,record-radical,data/chars/6CBF.json
泂,C,not-resolved,,,,,not-resolved,data/chars/6CC2.json
泄,A,resolved,氵,水,Bộ Thủy,85,record-radical,data/chars/6CC4.json
泅,B,resolved,氵,水,Bộ Thủy,85,record-radical,data/chars/6CC5.json
泆,B,resolved,氵,水,Bộ Thủy,85,record-radical,data/chars/6CC6.json
泈,C,not-resolved,,,,,not-resolved,data/chars/6CC8.json
泉,C,not-resolved,◎,,,,not-resolved,data/chars/6CC9.json
泊,A,resolved,氵,水,Bộ Thủy,85,record-radical,data/chars/6CCA.json
泌,A,resolved,氵,水,Bộ Thủy,85,record-radical,data/chars/6CCC.json
泐,C,not-resolved,,,,,not-resolved,data/chars/6CD0.json
泑,C,not-resolved,,,,,not-resolved,data/chars/6CD1.json
泒,C,not-resolved,,,,,not-resolved,data/chars/6CD2.json
泓,C,not-resolved,,,,,not-resolved,data/chars/6CD3.json
泔,C,not-resolved,,,,,not-resolved,data/chars/6CD4.json
法,A,resolved,氵,水,Bộ Thủy,85,record-radical,data/chars/6CD5.json
泖,B,resolved,氵,水,Bộ Thủy,85,record-radical,data/chars/6CD6.json
泗,A,resolved,氵,水,Bộ Thủy,85,record-radical,data/chars/6CD7.json
泙,B,resolved,氵,水,Bộ Thủy,85,record-radical,data/chars/6CD9.json
泚,C,not-resolved,,,,,not-resolved,data/chars/6CDA.json
泛,A,resolved,氵,水,Bộ Thủy,85,record-radical,data/chars/6CDB.json
泜,C,not-resolved,,,,,not-resolved,data/chars/6CDC.json
泝,C,not-resolved,,,,,not-resolved,data/chars/6CDD.json
泞,C,not-resolved,,,,,not-resolved,data/chars/6CDE.json
泠,B,resolved,氵,水,Bộ Thủy,85,record-radical,data/chars/6CE0.json
泡,A,resolved,氵,水,Bộ Thủy,85,record-radical,data/chars/6CE1.json
波,A,resolved,氵,水,Bộ Thủy,85,record-radical,data/chars/6CE2.json
泣,A,resolved,氵,水,Bộ Thủy,85,record-radical,data/chars/6CE3.json
泥,A,resolved,氵,水,Bộ Thủy,85,record-radical,data/chars/6CE5.json
注,A,resolved,氵,水,Bộ Thủy,85,record-radical,data/chars/6CE8.json
泩,C,not-resolved,,,,,not-resolved,data/chars/6CE9.json
泪,A,resolved,氵,水,Bộ Thủy,85,record-radical,data/chars/6CEA.json
泫,B,resolved,氵,水,Bộ Thủy,85,record-radical,data/chars/6CEB.json
泭,C,not-resolved,,,,,not-resolved,data/chars/6CED.json
泮,B,resolved,氵,水,Bộ Thủy,85,record-radical,data/chars/6CEE.json
泯,B,resolved,氵,水,Bộ Thủy,85,record-radical,data/chars/6CEF.json
泰,C,not-resolved,,,,,not-resolved,data/chars/6CF0.json
泱,B,resolved,氵,水,Bộ Thủy,85,record-radical,data/chars/6CF1.json
泲,C,not-resolved,,,,,not-resolved,data/chars/6CF2.json
泳,A,resolved,氵,水,Bộ Thủy,85,record-radical,data/chars/6CF3.json
泵,C,not-resolved,,,,,not-resolved,data/chars/6CF5.json
泷,B,resolved,氵,水,Bộ Thủy,85,record-radical,data/chars/6CF7.json
泸,B,resolved,氵,水,Bộ Thủy,85,record-radical,data/chars/6CF8.json
泺,B,resolved,氵,水,Bộ Thủy,85,record-radical,data/chars/6CFA.json
泻,A,resolved,氵,水,Bộ Thủy,85,record-radical,data/chars/6CFB.json
泼,A,resolved,氵,水,Bộ Thủy,85,record-radical,data/chars/6CFC.json
泽,A,resolved,氵,水,Bộ Thủy,85,record-radical,data/chars/6CFD.json
泾,B,resolved,氵,水,Bộ Thủy,85,record-radical,data/chars/6CFE.json
洁,A,resolved,氵,水,Bộ Thủy,85,record-radical,data/chars/6D01.json
洄,C,not-resolved,,,,,not-resolved,data/chars/6D04.json
洇,B,resolved,氵,水,Bộ Thủy,85,record-radical,data/chars/6D07.json
洊,C,not-resolved,,,,,not-resolved,data/chars/6D0A.json
洋,A,resolved,氵,水,Bộ Thủy,85,record-radical,data/chars/6D0B.json
洌,B,resolved,氵,水,Bộ Thủy,85,record-radical,data/chars/6D0C.json
洎,B,resolved,氵,水,Bộ Thủy,85,record-radical,data/chars/6D0E.json
洏,C,not-resolved,,,,,not-resolved,data/chars/6D0F.json
洑,C,not-resolved,,,,,not-resolved,data/chars/6D11.json
洒,A,resolved,氵,水,Bộ Thủy,85,record-radical,data/chars/6D12.json
洗,A,resolved,氵,水,Bộ Thủy,85,record-radical,data/chars/6D17.json
洙,B,resolved,氵,水,Bộ Thủy,85,record-radical,data/chars/6D19.json
洚,B,resolved,氵,水,Bộ Thủy,85,record-radical,data/chars/6D1A.json
洛,A,resolved,氵,水,Bộ Thủy,85,record-radical,data/chars/6D1B.json
洞,A,resolved,氵,水,Bộ Thủy,85,record-radical,data/chars/6D1E.json
洟,C,not-resolved,,,,,not-resolved,data/chars/6D1F.json
洢,C,not-resolved,,,,,not-resolved,data/chars/6D22.json
洣,B,resolved,氵,水,Bộ Thủy,85,record-radical,data/chars/6D23.json
津,A,resolved,氵,水,Bộ Thủy,85,record-radical,data/chars/6D25.json
洧,B,resolved,氵,水,Bộ Thủy,85,record-radical,data/chars/6D27.json
洨,B,resolved,氵,水,Bộ Thủy,85,record-radical,data/chars/6D28.json
洪,C,not-resolved,,,,,not-resolved,data/chars/6D2A.json
洫,B,resolved,氵,水,Bộ Thủy,85,record-radical,data/chars/6D2B.json
洮,B,resolved,氵,水,Bộ Thủy,85,record-radical,data/chars/6D2E.json
洰,C,resolved,氵,水,Bộ Thủy,85,record-radical,data/chars/6D30.json
洱,B,resolved,氵,水,Bộ Thủy,85,record-radical,data/chars/6D31.json
洲,A,resolved,氵,水,Bộ Thủy,85,record-radical,data/chars/6D32.json
洳,B,resolved,氵,水,Bộ Thủy,85,record-radical,data/chars/6D33.json
洴,C,not-resolved,,,,,not-resolved,data/chars/6D34.json
洵,B,resolved,氵,水,Bộ Thủy,85,record-radical,data/chars/6D35.json
洸,C,not-resolved,,,,,not-resolved,data/chars/6D38.json
洹,B,resolved,氵,水,Bộ Thủy,85,record-radical,data/chars/6D39.json
洺,C,not-resolved,,,,,not-resolved,data/chars/6D3A.json
活,A,resolved,氵,水,Bộ Thủy,85,record-radical,data/chars/6D3B.json
洼,A,resolved,氵,水,Bộ Thủy,85,record-radical,data/chars/6D3C.json
洽,C,not-resolved,,,,,not-resolved,data/chars/6D3D.json
派,A,resolved,氵,水,Bộ Thủy,85,record-radical,data/chars/6D3E.json
洿,C,not-resolved,,,,,not-resolved,data/chars/6D3F.json
流,A,resolved,氵,水,Bộ Thủy,85,record-radical,data/chars/6D41.json
浃,B,resolved,氵,水,Bộ Thủy,85,record-radical,data/chars/6D43.json
浄,C,not-resolved,,,,,not-resolved,data/chars/6D44.json
浅,A,resolved,氵,水,Bộ Thủy,85,record-radical,data/chars/6D45.json
浆,A,resolved,水,水,Bộ Thủy,85,record-radical,data/chars/6D46.json
浇,A,resolved,氵,水,Bộ Thủy,85,record-radical,data/chars/6D47.json
浈,B,resolved,氵,水,Bộ Thủy,85,record-radical,data/chars/6D48.json
浉,B,resolved,氵,水,Bộ Thủy,85,record-radical,data/chars/6D49.json
浊,C,not-resolved,,,,,not-resolved,data/chars/6D4A.json
测,A,resolved,氵,水,Bộ Thủy,85,record-radical,data/chars/6D4B.json
浍,B,resolved,氵,水,Bộ Thủy,85,record-radical,data/chars/6D4D.json
济,A,resolved,氵,水,Bộ Thủy,85,record-radical,data/chars/6D4E.json
浏,A,resolved,氵,水,Bộ Thủy,85,record-radical,data/chars/6D4F.json
浐,B,resolved,氵,水,Bộ Thủy,85,record-radical,data/chars/6D50.json
浑,A,resolved,氵,水,Bộ Thủy,85,record-radical,data/chars/6D51.json
浒,B,resolved,氵,水,Bộ Thủy,85,record-radical,data/chars/6D52.json
浓,A,resolved,氵,水,Bộ Thủy,85,record-radical,data/chars/6D53.json
浔,B,resolved,氵,水,Bộ Thủy,85,record-radical,data/chars/6D54.json
浕,C,not-resolved,,,,,not-resolved,data/chars/6D55.json
浙,A,resolved,氵,水,Bộ Thủy,85,record-radical,data/chars/6D59.json
浚,B,resolved,氵,水,Bộ Thủy,85,record-radical,data/chars/6D5A.json
浜,B,resolved,氵,水,Bộ Thủy,85,record-radical,data/chars/6D5C.json
浞,B,resolved,氵,水,Bộ Thủy,85,record-radical,data/chars/6D5E.json
浠,B,resolved,氵,水,Bộ Thủy,85,record-radical,data/chars/6D60.json
浡,C,not-resolved,,,,,not-resolved,data/chars/6D61.json
浣,B,resolved,氵,水,Bộ Thủy,85,record-radical,data/chars/6D63.json
浤,C,not-resolved,,,,,not-resolved,data/chars/6D64.json
浥,C,not-resolved,,,,,not-resolved,data/chars/6D65.json
浦,B,resolved,氵,水,Bộ Thủy,85,record-radical,data/chars/6D66.json
浩,A,resolved,氵,水,Bộ Thủy,85,record-radical,data/chars/6D69.json
浪,A,resolved,氵,水,Bộ Thủy,85,record-radical,data/chars/6D6A.json
浬,C,not-resolved,,,,,not-resolved,data/chars/6D6C.json
浭,C,not-resolved,,,,,not-resolved,data/chars/6D6D.json
浮,A,resolved,氵,水,Bộ Thủy,85,record-radical,data/chars/6D6E.json
浯,B,resolved,氵,水,Bộ Thủy,85,record-radical,data/chars/6D6F.json
浰,C,not-resolved,,,,,not-resolved,data/chars/6D70.json
浴,A,resolved,氵,水,Bộ Thủy,85,record-radical,data/chars/6D74.json
海,A,resolved,氵,水,Bộ Thủy,85,record-radical,data/chars/6D77.json
浸,A,resolved,氵,水,Bộ Thủy,85,record-radical,data/chars/6D78.json
浼,B,resolved,氵,水,Bộ Thủy,85,record-radical,data/chars/6D7C.json
浽,B,resolved,氵,水,Bộ Thủy,85,record-radical,data/chars/6D7D.json
涂,A,resolved,氵,水,Bộ Thủy,85,record-radical,data/chars/6D82.json
涅,A,resolved,氵,水,Bộ Thủy,85,record-radical,data/chars/6D85.json
消,A,resolved,氵,水,Bộ Thủy,85,record-radical,data/chars/6D88.json
涉,C,not-resolved,,,,,not-resolved,data/chars/6D89.json
涊,C,not-resolved,,,,,not-resolved,data/chars/6D8A.json
涌,A,resolved,氵,水,Bộ Thủy,85,record-radical,data/chars/6D8C.json
涎,B,resolved,氵,水,Bộ Thủy,85,record-radical,data/chars/6D8E.json
涐,C,not-resolved,,,,,not-resolved,data/chars/6D90.json
涑,B,resolved,氵,水,Bộ Thủy,85,record-radical,data/chars/6D91.json
涒,C,not-resolved,,,,,not-resolved,data/chars/6D92.json
涓,B,resolved,氵,水,Bộ Thủy,85,record-radical,data/chars/6D93.json
涔,B,resolved,氵,水,Bộ Thủy,85,record-radical,data/chars/6D94.json
涕,A,resolved,氵,水,Bộ Thủy,85,record-radical,data/chars/6D95.json
涘,C,not-resolved,,,,,not-resolved,data/chars/6D98.json
涙,C,not-resolved,,,,,not-resolved,data/chars/6D99.json
涛,A,resolved,氵,水,Bộ Thủy,85,record-radical,data/chars/6D9B.json
涝,A,resolved,氵,水,Bộ Thủy,85,record-radical,data/chars/6D9D.json
涞,B,resolved,氵,水,Bộ Thủy,85,record-radical,data/chars/6D9E.json
涟,A,resolved,氵,水,Bộ Thủy,85,record-radical,data/chars/6D9F.json
涠,B,resolved,氵,水,Bộ Thủy,85,record-radical,data/chars/6DA0.json
涡,C,not-resolved,,,,,not-resolved,data/chars/6DA1.json
涢,C,not-resolved,,,,,not-resolved,data/chars/6DA2.json
涣,B,resolved,氵,水,Bộ Thủy,85,record-radical,data/chars/6DA3.json
涤,B,resolved,氵,水,Bộ Thủy,85,record-radical,data/chars/6DA4.json
润,A,resolved,氵,水,Bộ Thủy,85,record-radical,data/chars/6DA6.json
涧,C,not-resolved,,,,,not-resolved,data/chars/6DA7.json
涨,A,resolved,氵,水,Bộ Thủy,85,record-radical,data/chars/6DA8.json
涩,C,not-resolved,,,,,not-resolved,data/chars/6DA9.json
涪,B,resolved,氵,水,Bộ Thủy,85,record-radical,data/chars/6DAA.json
涫,B,resolved,氵,水,Bộ Thủy,85,record-radical,data/chars/6DAB.json
涬,C,not-resolved,,,,,not-resolved,data/chars/6DAC.json
涮,B,resolved,氵,水,Bộ Thủy,85,record-radical,data/chars/6DAE.json
涯,A,resolved,氵,水,Bộ Thủy,85,record-radical,data/chars/6DAF.json
液,A,resolved,氵,水,Bộ Thủy,85,record-radical,data/chars/6DB2.json
涴,C,not-resolved,,,,,not-resolved,data/chars/6DB4.json
涵,A,resolved,氵,水,Bộ Thủy,85,record-radical,data/chars/6DB5.json
涶,C,not-resolved,,,,,not-resolved,data/chars/6DB6.json
涷,C,not-resolved,,,,,not-resolved,data/chars/6DB7.json
涸,C,not-resolved,,,,,not-resolved,data/chars/6DB8.json
涿,B,resolved,氵,水,Bộ Thủy,85,record-radical,data/chars/6DBF.json
淀,A,resolved,氵,水,Bộ Thủy,85,record-radical,data/chars/6DC0.json
淂,C,not-resolved,,,,,not-resolved,data/chars/6DC2.json
淄,B,resolved,氵,水,Bộ Thủy,85,record-radical,data/chars/6DC4.json
淅,B,resolved,氵,水,Bộ Thủy,85,record-radical,data/chars/6DC5.json
淆,A,resolved,氵,水,Bộ Thủy,85,record-radical,data/chars/6DC6.json
淇,A,resolved,氵,水,Bộ Thủy,85,record-radical,data/chars/6DC7.json
淊,C,not-resolved,,,,,not-resolved,data/chars/6DCA.json
淋,A,resolved,氵,水,Bộ Thủy,85,record-radical,data/chars/6DCB.json
淌,A,resolved,氵,水,Bộ Thủy,85,record-radical,data/chars/6DCC.json
淑,B,resolved,氵,水,Bộ Thủy,85,record-radical,data/chars/6DD1.json
淓,C,not-resolved,,,,,not-resolved,data/chars/6DD3.json
淖,B,resolved,氵,水,Bộ Thủy,85,record-radical,data/chars/6DD6.json
淘,A,resolved,氵,水,Bộ Thủy,85,record-radical,data/chars/6DD8.json
淙,B,resolved,氵,水,Bộ Thủy,85,record-radical,data/chars/6DD9.json
淜,C,not-resolved,,,,,not-resolved,data/chars/6DDC.json
淝,B,resolved,氵,水,Bộ Thủy,85,record-radical,data/chars/6DDD.json
淞,B,resolved,氵,水,Bộ Thủy,85,record-radical,data/chars/6DDE.json
淟,C,not-resolved,,,,,not-resolved,data/chars/6DDF.json
淠,B,resolved,氵,水,Bộ Thủy,85,record-radical,data/chars/6DE0.json
淡,A,resolved,氵,水,Bộ Thủy,85,record-radical,data/chars/6DE1.json
淢,C,not-resolved,,,,,not-resolved,data/chars/6DE2.json
淤,B,resolved,氵,水,Bộ Thủy,85,record-radical,data/chars/6DE4.json
淦,B,resolved,氵,水,Bộ Thủy,85,record-radical,data/chars/6DE6.json
淩,B,resolved,氵,水,Bộ Thủy,85,record-radical,data/chars/6DE9.json
淫,C,not-resolved,,,,,not-resolved,data/chars/6DEB.json
淬,B,resolved,氵,水,Bộ Thủy,85,record-radical,data/chars/6DEC.json
淮,B,resolved,氵,水,Bộ Thủy,85,record-radical,data/chars/6DEE.json
淯,B,resolved,氵,水,Bộ Thủy,85,record-radical,data/chars/6DEF.json
淰,C,not-resolved,,,,,not-resolved,data/chars/6DF0.json
深,A,resolved,氵,水,Bộ Thủy,85,record-radical,data/chars/6DF1.json
淳,A,resolved,氵,水,Bộ Thủy,85,record-radical,data/chars/6DF3.json
混,A,resolved,氵,水,Bộ Thủy,85,record-radical,data/chars/6DF7.json
淸,C,not-resolved,,,,,not-resolved,data/chars/6DF8.json
淹,A,resolved,氵,水,Bộ Thủy,85,record-radical,data/chars/6DF9.json
添,A,resolved,氵,水,Bộ Thủy,85,record-radical,data/chars/6DFB.json
淼,C,not-resolved,,,,,not-resolved,data/chars/6DFC.json
清,A,resolved,氵,水,Bộ Thủy,85,record-radical,data/chars/6E05.json
渇,C,not-resolved,,,,,not-resolved,data/chars/6E07.json
済,C,not-resolved,,,,,not-resolved,data/chars/6E08.json
渉,C,not-resolved,,,,,not-resolved,data/chars/6E09.json
渊,A,resolved,氵,水,Bộ Thủy,85,record-radical,data/chars/6E0A.json
渋,C,not-resolved,,,,,not-resolved,data/chars/6E0B.json
渌,B,resolved,氵,水,Bộ Thủy,85,record-radical,data/chars/6E0C.json
渍,A,resolved,氵,水,Bộ Thủy,85,record-radical,data/chars/6E0D.json
渎,B,resolved,氵,水,Bộ Thủy,85,record-radical,data/chars/6E0E.json
渐,A,resolved,氵,水,Bộ Thủy,85,record-radical,data/chars/6E10.json
渑,B,resolved,氵,水,Bộ Thủy,85,record-radical,data/chars/6E11.json
渓,C,not-resolved,,,,,not-resolved,data/chars/6E13.json
渔,C,not-resolved,,,,,not-resolved,data/chars/6E14.json
渕,C,not-resolved,,,,,not-resolved,data/chars/6E15.json
渖,B,resolved,氵,水,Bộ Thủy,85,record-radical,data/chars/6E16.json
渗,A,resolved,氵,水,Bộ Thủy,85,record-radical,data/chars/6E17.json
渚,B,resolved,氵,水,Bộ Thủy,85,record-radical,data/chars/6E1A.json
渝,A,resolved,氵,水,Bộ Thủy,85,record-radical,data/chars/6E1D.json
渟,C,not-resolved,,,,,not-resolved,data/chars/6E1F.json
渠,C,not-resolved,,,,,not-resolved,data/chars/6E20.json
渡,A,resolved,氵,水,Bộ Thủy,85,record-radical,data/chars/6E21.json
渣,A,resolved,氵,水,Bộ Thủy,85,record-radical,data/chars/6E23.json
渤,B,resolved,氵,水,Bộ Thủy,85,record-radical,data/chars/6E24.json
渥,B,resolved,氵,水,Bộ Thủy,85,record-radical,data/chars/6E25.json
渧,C,not-resolved,,,,,not-resolved,data/chars/6E27.json
渨,C,not-resolved,,,,,not-resolved,data/chars/6E28.json
温,A,resolved,氵,水,Bộ Thủy,85,record-radical,data/chars/6E29.json
渫,B,resolved,氵,水,Bộ Thủy,85,record-radical,data/chars/6E2B.json
渭,B,resolved,氵,水,Bộ Thủy,85,record-radical,data/chars/6E2D.json
渮,C,not-resolved,,,,,not-resolved,data/chars/6E2E.json
港,A,resolved,氵,水,Bộ Thủy,85,record-radical,data/chars/6E2F.json
渰,C,not-resolved,,,,,not-resolved,data/chars/6E30.json
渲,B,resolved,氵,水,Bộ Thủy,85,record-radical,data/chars/6E32.json
渴,A,resolved,氵,水,Bộ Thủy,85,record-radical,data/chars/6E34.json
渶,C,not-resolved,,,,,not-resolved,data/chars/6E36.json
游,A,resolved,氵,水,Bộ Thủy,85,record-radical,data/chars/6E38.json
渺,A,resolved,氵,水,Bộ Thủy,85,record-radical,data/chars/6E3A.json
渼,C,not-resolved,,,,,not-resolved,data/chars/6E3C.json
湃,A,resolved,氵,水,Bộ Thủy,85,record-radical,data/chars/6E43.json
湄,B,resolved,氵,水,Bộ Thủy,85,record-radical,data/chars/6E44.json
湅,C,not-resolved,,,,,not-resolved,data/chars/6E45.json
湉,C,not-resolved,,,,,not-resolved,data/chars/6E49.json
湌,C,not-resolved,,,,,not-resolved,data/chars/6E4C.json
湍,B,resolved,氵,水,Bộ Thủy,85,record-radical,data/chars/6E4D.json
湎,C,not-resolved,,,,,not-resolved,data/chars/6E4E.json
湑,C,not-resolved,,,,,not-resolved,data/chars/6E51.json
湓,B,resolved,氵,水,Bộ Thủy,85,record-radical,data/chars/6E53.json
湔,B,resolved,氵,水,Bộ Thủy,85,record-radical,data/chars/6E54.json
湖,A,resolved,氵,水,Bộ Thủy,85,record-radical,data/chars/6E56.json
湘,B,resolved,氵,水,Bộ Thủy,85,record-radical,data/chars/6E58.json
湛,C,not-resolved,,,,,not-resolved,data/chars/6E5B.json
湜,C,not-resolved,,,,,not-resolved,data/chars/6E5C.json
湝,C,not-resolved,,,,,not-resolved,data/chars/6E5D.json
湟,B,resolved,氵,水,Bộ Thủy,85,record-radical,data/chars/6E5F.json
湢,C,not-resolved,,,,,not-resolved,data/chars/6E62.json
湣,B,resolved,氵,水,Bộ Thủy,85,record-radical,data/chars/6E63.json
湩,C,not-resolved,,,,,not-resolved,data/chars/6E69.json
湫,B,resolved,氵,水,Bộ Thủy,85,record-radical,data/chars/6E6B.json
湮,C,not-resolved,,,,,not-resolved,data/chars/6E6E.json
湱,C,not-resolved,,,,,not-resolved,data/chars/6E71.json
湲,C,not-resolved,,,,,not-resolved,data/chars/6E72.json
湴,B,resolved,氵,水,Bộ Thủy,85,record-radical,data/chars/6E74.json
湾,A,resolved,氵,水,Bộ Thủy,85,record-radical,data/chars/6E7E.json
湿,A,resolved,氵,水,Bộ Thủy,85,record-radical,data/chars/6E7F.json
満,C,not-resolved,,,,,not-resolved,data/chars/6E80.json
溃,A,resolved,氵,水,Bộ Thủy,85,record-radical,data/chars/6E83.json
溅,B,resolved,氵,水,Bộ Thủy,85,record-radical,data/chars/6E85.json
溆,B,resolved,氵,水,Bộ Thủy,85,record-radical,data/chars/6E86.json
溇,C,not-resolved,,,,,not-resolved,data/chars/6E87.json
溉,A,resolved,氵,水,Bộ Thủy,85,record-radical,data/chars/6E89.json
溍,C,not-resolved,,,,,not-resolved,data/chars/6E8D.json
溎,C,not-resolved,,,,,not-resolved,data/chars/6E8E.json
溏,B,resolved,氵,水,Bộ Thủy,85,record-radical,data/chars/6E8F.json
源,A,resolved,氵,水,Bộ Thủy,85,record-radical,data/chars/6E90.json
溘,B,resolved,氵,水,Bộ Thủy,85,record-radical,data/chars/6E98.json
溛,C,not-resolved,,,,,not-resolved,data/chars/6E9B.json
溜,A,resolved,氵,水,Bộ Thủy,85,record-radical,data/chars/6E9C.json
溟,C,not-resolved,,,,,not-resolved,data/chars/6E9F.json
溠,C,not-resolved,,,,,not-resolved,data/chars/6EA0.json
溢,A,resolved,氵,水,Bộ Thủy,85,record-radical,data/chars/6EA2.json
溤,C,not-resolved,,,,,not-resolved,data/chars/6EA4.json
溥,B,resolved,氵,水,Bộ Thủy,85,record-radical,data/chars/6EA5.json
溦,B,resolved,氵,水,Bộ Thủy,85,record-radical,data/chars/6EA6.json
溧,B,resolved,氵,水,Bộ Thủy,85,record-radical,data/chars/6EA7.json
溪,A,resolved,氵,水,Bộ Thủy,85,record-radical,data/chars/6EAA.json
溯,C,not-resolved,,,,,not-resolved,data/chars/6EAF.json
溱,B,resolved,氵,水,Bộ Thủy,85,record-radical,data/chars/6EB1.json
溲,B,resolved,氵,水,Bộ Thủy,85,record-radical,data/chars/6EB2.json
溴,C,not-resolved,,,,,not-resolved,data/chars/6EB4.json
溵,C,not-resolved,,,,,not-resolved,data/chars/6EB5.json
溶,A,resolved,氵,水,Bộ Thủy,85,record-radical,data/chars/6EB6.json
溷,C,not-resolved,,,,,not-resolved,data/chars/6EB7.json
溺,A,resolved,氵,水,Bộ Thủy,85,record-radical,data/chars/6EBA.json
溻,B,resolved,氵,水,Bộ Thủy,85,record-radical,data/chars/6EBB.json
溽,B,resolved,氵,水,Bộ Thủy,85,record-radical,data/chars/6EBD.json
溾,C,not-resolved,,,,,not-resolved,data/chars/6EBE.json
滁,B,resolved,氵,水,Bộ Thủy,85,record-radical,data/chars/6EC1.json
滂,B,resolved,氵,水,Bộ Thủy,85,record-radical,data/chars/6EC2.json
滃,C,not-resolved,,,,,not-resolved,data/chars/6EC3.json
滇,B,resolved,氵,水,Bộ Thủy,85,record-radical,data/chars/6EC7.json
滉,C,not-resolved,,,,,not-resolved,data/chars/6EC9.json
滊,B,resolved,氵,水,Bộ Thủy,85,record-radical,data/chars/6ECA.json
滋,A,resolved,氵,水,Bộ Thủy,85,record-radical,data/chars/6ECB.json
滏,B,resolved,氵,水,Bộ Thủy,85,record-radical,data/chars/6ECF.json
滑,A,resolved,氵,水,Bộ Thủy,85,record-radical,data/chars/6ED1.json
滓,B,resolved,氵,水,Bộ Thủy,85,record-radical,data/chars/6ED3.json
滔,A,resolved,氵,水,Bộ Thủy,85,record-radical,data/chars/6ED4.json
滕,C,not-resolved,,,,,not-resolved,data/chars/6ED5.json
滗,B,resolved,氵,水,Bộ Thủy,85,record-radical,data/chars/6ED7.json
滘,C,not-resolved,,,,,not-resolved,data/chars/6ED8.json
滚,A,resolved,氵,水,Bộ Thủy,85,record-radical,data/chars/6EDA.json
滝,C,not-resolved,,,,,not-resolved,data/chars/6EDD.json
滞,A,resolved,氵,水,Bộ Thủy,85,record-radical,data/chars/6EDE.json
滟,C,not-resolved,,,,,not-resolved,data/chars/6EDF.json
滠,B,resolved,氵,水,Bộ Thủy,85,record-radical,data/chars/6EE0.json
满,A,resolved,氵,水,Bộ Thủy,85,record-radical,data/chars/6EE1.json
滢,C,not-resolved,,,,,not-resolved,data/chars/6EE2.json
滤,A,resolved,氵,水,Bộ Thủy,85,record-radical,data/chars/6EE4.json
滥,A,resolved,氵,水,Bộ Thủy,85,record-radical,data/chars/6EE5.json
滦,B,resolved,氵,水,Bộ Thủy,85,record-radical,data/chars/6EE6.json
滨,A,resolved,氵,水,Bộ Thủy,85,record-radical,data/chars/6EE8.json
滩,C,not-resolved,,,,,not-resolved,data/chars/6EE9.json
滪,C,not-resolved,,,,,not-resolved,data/chars/6EEA.json
滫,C,not-resolved,,,,,not-resolved,data/chars/6EEB.json
滮,C,not-resolved,,,,,not-resolved,data/chars/6EEE.json
滴,A,resolved,氵,水,Bộ Thủy,85,record-radical,data/chars/6EF4.json
滹,B,resolved,氵,水,Bộ Thủy,85,record-radical,data/chars/6EF9.json
漂,A,resolved,氵,水,Bộ Thủy,85,record-radical,data/chars/6F02.json
漄,C,not-resolved,,,,,not-resolved,data/chars/6F04.json
漆,C,not-resolved,,,,,not-resolved,data/chars/6F06.json
漈,C,not-resolved,,,,,not-resolved,data/chars/6F08.json
漉,A,resolved,氵,水,Bộ Thủy,85,record-radical,data/chars/6F09.json
漎,C,not-resolved,,,,,not-resolved,data/chars/6F0E.json
漏,C,not-resolved,,,,,not-resolved,data/chars/6F0F.json
漓,A,resolved,氵,水,Bộ Thủy,85,record-radical,data/chars/6F13.json
演,A,resolved,氵,水,Bộ Thủy,85,record-radical,data/chars/6F14.json
漕,B,resolved,氵,水,Bộ Thủy,85,record-radical,data/chars/6F15.json
漖,C,not-resolved,,,,,not-resolved,data/chars/6F16.json
漘,C,not-resolved,,,,,not-resolved,data/chars/6F18.json
漙,C,not-resolved,,,,,not-resolved,data/chars/6F19.json
漜,C,not-resolved,,,,,not-resolved,data/chars/6F1C.json
漠,A,resolved,氵,水,Bộ Thủy,85,record-radical,data/chars/6F20.json
漡,C,not-resolved,,,,,not-resolved,data/chars/6F21.json
漤,B,resolved,氵,水,Bộ Thủy,85,record-radical,data/chars/6F24.json
漥,C,not-resolved,,,,,not-resolved,data/chars/6F25.json
漦,C,not-resolved,,,,,not-resolved,data/chars/6F26.json
漩,C,not-resolved,,,,,not-resolved,data/chars/6F29.json
漪,A,resolved,氵,水,Bộ Thủy,85,record-radical,data/chars/6F2A.json
漫,A,resolved,氵,水,Bộ Thủy,85,record-radical,data/chars/6F2B.json
漭,B,resolved,氵,水,Bộ Thủy,85,record-radical,data/chars/6F2D.json
漯,B,resolved,氵,水,Bộ Thủy,85,record-radical,data/chars/6F2F.json
漰,C,not-resolved,,,,,not-resolved,data/chars/6F30.json
漱,C,not-resolved,,,,,not-resolved,data/chars/6F31.json
漳,B,resolved,氵,水,Bộ Thủy,85,record-radical,data/chars/6F33.json
漶,B,resolved,氵,水,Bộ Thủy,85,record-radical,data/chars/6F36.json
漷,C,not-resolved,,,,,not-resolved,data/chars/6F37.json
漼,C,not-resolved,,,,,not-resolved,data/chars/6F3C.json
漾,A,resolved,氵,水,Bộ Thủy,85,record-radical,data/chars/6F3E.json
潀,C,not-resolved,,,,,not-resolved,data/chars/6F40.json
潃,C,not-resolved,,,,,not-resolved,data/chars/6F43.json
潆,C,not-resolved,,,,,not-resolved,data/chars/6F46.json
潇,A,resolved,氵,水,Bộ Thủy,85,record-radical,data/chars/6F47.json
潋,B,resolved,氵,水,Bộ Thủy,85,record-radical,data/chars/6F4B.json
潍,B,resolved,氵,水,Bộ Thủy,85,record-radical,data/chars/6F4D.json
潎,C,not-resolved,,,,,not-resolved,data/chars/6F4E.json
潏,C,not-resolved,,,,,not-resolved,data/chars/6F4F.json
潗,C,not-resolved,,,,,not-resolved,data/chars/6F57.json
潘,B,resolved,氵,水,Bộ Thủy,85,record-radical,data/chars/6F58.json
潜,A,resolved,氵,水,Bộ Thủy,85,record-radical,data/chars/6F5C.json
潝,C,not-resolved,,,,,not-resolved,data/chars/6F5D.json
潞,B,resolved,氵,水,Bộ Thủy,85,record-radical,data/chars/6F5E.json
潟,B,resolved,氵,水,Bộ Thủy,85,record-radical,data/chars/6F5F.json
潠,C,not-resolved,,,,,not-resolved,data/chars/6F60.json
潢,B,resolved,氵,水,Bộ Thủy,85,record-radical,data/chars/6F62.json
潦,A,resolved,氵,水,Bộ Thủy,85,record-radical,data/chars/6F66.json
潭,A,resolved,氵,水,Bộ Thủy,85,record-radical,data/chars/6F6D.json
潮,A,resolved,氵,水,Bộ Thủy,85,record-radical,data/chars/6F6E.json
潲,C,not-resolved,,,,,not-resolved,data/chars/6F72.json
潴,B,resolved,氵,水,Bộ Thủy,85,record-radical,data/chars/6F74.json
潵,C,not-resolved,,,,,not-resolved,data/chars/6F75.json
潸,C,not-resolved,,,,,not-resolved,data/chars/6F78.json
潺,A,resolved,氵,水,Bộ Thủy,85,record-radical,data/chars/6F7A.json
潼,B,resolved,氵,水,Bộ Thủy,85,record-radical,data/chars/6F7C.json
潽,B,resolved,氵,水,Bộ Thủy,85,record-radical,data/chars/6F7D.json
潾,C,not-resolved,,,,,not-resolved,data/chars/6F7E.json
澃,C,not-resolved,,,,,not-resolved,data/chars/6F83.json
澄,A,resolved,氵,水,Bộ Thủy,85,record-radical,data/chars/6F84.json
澈,A,resolved,氵,水,Bộ Thủy,85,record-radical,data/chars/6F88.json
澉,B,resolved,氵,水,Bộ Thủy,85,record-radical,data/chars/6F89.json
澌,B,resolved,氵,水,Bộ Thủy,85,record-radical,data/chars/6F8C.json
澍,C,not-resolved,,,,,not-resolved,data/chars/6F8D.json
澎,A,resolved,氵,水,Bộ Thủy,85,record-radical,data/chars/6F8E.json
澐,C,not-resolved,,,,,not-resolved,data/chars/6F90.json
澒,C,not-resolved,,,,,not-resolved,data/chars/6F92.json
澔,C,not-resolved,,,,,not-resolved,data/chars/6F94.json
澙,C,not-resolved,,,,,not-resolved,data/chars/6F99.json
澜,A,resolved,氵,水,Bộ Thủy,85,record-radical,data/chars/6F9C.json
澟,C,not-resolved,,,,,not-resolved,data/chars/6F9F.json
澡,A,resolved,氵,水,Bộ Thủy,85,record-radical,data/chars/6FA1.json
澥,B,resolved,氵,水,Bộ Thủy,85,record-radical,data/chars/6FA5.json
澧,B,resolved,氵,水,Bộ Thủy,85,record-radical,data/chars/6FA7.json
澨,C,not-resolved,,,,,not-resolved,data/chars/6FA8.json
澬,C,not-resolved,,,,,not-resolved,data/chars/6FAC.json
澰,C,not-resolved,,,,,not-resolved,data/chars/6FB0.json
澳,A,resolved,氵,水,Bộ Thủy,85,record-radical,data/chars/6FB3.json
澴,C,not-resolved,,,,,not-resolved,data/chars/6FB4.json
澶,B,resolved,氵,水,Bộ Thủy,85,record-radical,data/chars/6FB6.json
澹,B,resolved,氵,水,Bộ Thủy,85,record-radical,data/chars/6FB9.json
澼,C,not-resolved,,,,,not-resolved,data/chars/6FBC.json
澽,C,not-resolved,,,,,not-resolved,data/chars/6FBD.json
激,A,resolved,氵,水,Bộ Thủy,85,record-radical,data/chars/6FC0.json
濂,B,resolved,氵,水,Bộ Thủy,85,record-radical,data/chars/6FC2.json
濇,C,not-resolved,,,,,not-resolved,data/chars/6FC7.json
濈,C,not-resolved,,,,,not-resolved,data/chars/6FC8.json
濉,B,resolved,氵,水,Bộ Thủy,85,record-radical,data/chars/6FC9.json
濊,B,resolved,氵,水,Bộ Thủy,85,record-radical,data/chars/6FCA.json
濋,C,not-resolved,,,,,not-resolved,data/chars/6FCB.json
濍,C,not-resolved,,,,,not-resolved,data/chars/6FCD.json
濑,B,resolved,氵,水,Bộ Thủy,85,record-radical,data/chars/6FD1.json
濒,A,resolved,氵,水,Bộ Thủy,85,record-radical,data/chars/6FD2.json
濔,C,not-resolved,,,,,not-resolved,data/chars/6FD4.json
濞,B,resolved,氵,水,Bộ Thủy,85,record-radical,data/chars/6FDE.json
濠,B,resolved,氵,水,Bộ Thủy,85,record-radical,data/chars/6FE0.json
濡,C,not-resolved,,,,,not-resolved,data/chars/6FE1.json
濩,C,not-resolved,,,,,not-resolved,data/chars/6FE9.json
濮,B,resolved,氵,水,Bộ Thủy,85,record-radical,data/chars/6FEE.json
濯,B,resolved,氵,水,Bộ Thủy,85,record-radical,data/chars/6FEF.json
濲,C,not-resolved,,,,,not-resolved,data/chars/6FF2.json
濿,C,not-resolved,,,,,not-resolved,data/chars/6FFF.json
瀁,C,not-resolved,,,,,not-resolved,data/chars/7001.json
瀌,C,not-resolved,,,,,not-resolved,data/chars/700C.json
瀍,C,not-resolved,,,,,not-resolved,data/chars/700D.json
瀑,C,not-resolved,,,,,not-resolved,data/chars/7011.json
瀒,C,not-resolved,,,,,not-resolved,data/chars/7012.json
瀔,C,not-resolved,,,,,not-resolved,data/chars/7014.json
瀚,B,resolved,氵,水,Bộ Thủy,85,record-radical,data/chars/701A.json
瀛,B,resolved,氵,水,Bộ Thủy,85,record-radical,data/chars/701B.json
瀡,C,not-resolved,,,,,not-resolved,data/chars/7021.json
瀣,B,resolved,氵,水,Bộ Thủy,85,record-radical,data/chars/7023.json
瀬,C,not-resolved,,,,,not-resolved,data/chars/702C.json
瀳,C,not-resolved,,,,,not-resolved,data/chars/7033.json
瀵,B,resolved,氵,水,Bộ Thủy,85,record-radical,data/chars/7035.json
瀹,B,resolved,氵,水,Bộ Thủy,85,record-radical,data/chars/7039.json
瀺,C,not-resolved,,,,,not-resolved,data/chars/703A.json
瀼,C,not-resolved,,,,,not-resolved,data/chars/703C.json
灉,C,not-resolved,,,,,not-resolved,data/chars/7049.json
灌,A,resolved,氵,水,Bộ Thủy,85,record-radical,data/chars/704C.json
灏,B,resolved,氵,水,Bộ Thủy,85,record-radical,data/chars/704F.json
灒,C,not-resolved,,,,,not-resolved,data/chars/7052.json
灖,C,not-resolved,,,,,not-resolved,data/chars/7056.json
灞,B,resolved,氵,水,Bộ Thủy,85,record-radical,data/chars/705E.json
灠,C,not-resolved,,,,,not-resolved,data/chars/7060.json
灢,C,not-resolved,,,,,not-resolved,data/chars/7062.json
灥,C,not-resolved,,,,,not-resolved,data/chars/7065.json
灪,C,not-resolved,,,,,not-resolved,data/chars/706A.json
火,A,resolved,火,火,Bộ Hỏa,86,self-radical,radical_learning_notes.json
灬,B,resolved,灬,火,Bộ Hỏa,86,radical-variant,radical_alias_index.json
灭,A,resolved,火,火,Bộ Hỏa,86,record-radical,data/chars/706D.json
灮,C,not-resolved,,,,,not-resolved,data/chars/706E.json
灯,A,resolved,火,火,Bộ Hỏa,86,record-radical,data/chars/706F.json
灰,A,resolved,又,又,Bộ Hựu,29,record-radical,data/chars/7070.json
灴,C,not-resolved,,,,,not-resolved,data/chars/7074.json
灵,A,resolved,火,火,Bộ Hỏa,86,record-radical,data/chars/7075.json
灶,C,not-resolved,,,,,not-resolved,data/chars/7076.json
灸,A,resolved,火,火,Bộ Hỏa,86,record-radical,data/chars/7078.json
灺,C,not-resolved,,,,,not-resolved,data/chars/707A.json
灼,A,resolved,火,火,Bộ Hỏa,86,record-radical,data/chars/707C.json
灾,A,resolved,宀,宀,Bộ Miên,40,record-radical,data/chars/707E.json
灿,A,resolved,火,火,Bộ Hỏa,86,record-radical,data/chars/707F.json
炀,B,resolved,火,火,Bộ Hỏa,86,record-radical,data/chars/7080.json
炁,C,not-resolved,,,,,not-resolved,data/chars/7081.json
炅,C,not-resolved,,,,,not-resolved,data/chars/7085.json
炆,B,resolved,火,火,Bộ Hỏa,86,record-radical,data/chars/7086.json
炉,C,not-resolved,,,,,not-resolved,data/chars/7089.json
炊,A,resolved,火,火,Bộ Hỏa,86,record-radical,data/chars/708A.json
炎,A,resolved,火,火,Bộ Hỏa,86,record-radical,data/chars/708E.json
炏,C,not-resolved,,,,,not-resolved,data/chars/708F.json
炒,A,resolved,火,火,Bộ Hỏa,86,record-radical,data/chars/7092.json
炔,B,resolved,火,火,Bộ Hỏa,86,record-radical,data/chars/7094.json
炕,B,resolved,火,火,Bộ Hỏa,86,record-radical,data/chars/7095.json
炖,A,resolved,火,火,Bộ Hỏa,86,record-radical,data/chars/7096.json
炗,C,not-resolved,,,,,not-resolved,data/chars/7097.json
炘,C,not-resolved,,,,,not-resolved,data/chars/7098.json
炙,A,resolved,火,火,Bộ Hỏa,86,record-radical,data/chars/7099.json
炜,B,resolved,火,火,Bộ Hỏa,86,record-radical,data/chars/709C.json
炝,B,resolved,火,火,Bộ Hỏa,86,record-radical,data/chars/709D.json
炤,B,resolved,火,火,Bộ Hỏa,86,record-radical,data/chars/70A4.json
炫,A,resolved,火,火,Bộ Hỏa,86,record-radical,data/chars/70AB.json
炬,A,resolved,火,火,Bộ Hỏa,86,record-radical,data/chars/70AC.json
炭,C,not-resolved,灰,,,,not-resolved,data/chars/70AD.json
炮,A,resolved,火,火,Bộ Hỏa,86,record-radical,data/chars/70AE.json
炯,B,resolved,火,火,Bộ Hỏa,86,record-radical,data/chars/70AF.json
炰,C,not-resolved,,,,,not-resolved,data/chars/70B0.json
炱,B,resolved,火,火,Bộ Hỏa,86,record-radical,data/chars/70B1.json
炲,C,not-resolved,,,,,not-resolved,data/chars/70B2.json
炳,B,resolved,火,火,Bộ Hỏa,86,record-radical,data/chars/70B3.json
炴,C,not-resolved,,,,,not-resolved,data/chars/70B4.json
炷,B,resolved,火,火,Bộ Hỏa,86,record-radical,data/chars/70B7.json
炸,A,resolved,火,火,Bộ Hỏa,86,record-radical,data/chars/70B8.json
点,C,not-resolved,占,,,,not-resolved,data/chars/70B9.json
炻,C,not-resolved,,,,,not-resolved,data/chars/70BB.json
炼,A,resolved,火,火,Bộ Hỏa,86,record-radical,data/chars/70BC.json
炽,B,resolved,火,火,Bộ Hỏa,86,record-radical,data/chars/70BD.json
炾,C,not-resolved,,,,,not-resolved,data/chars/70BE.json
烀,B,resolved,火,火,Bộ Hỏa,86,record-radical,data/chars/70C0.json
烁,C,not-resolved,,,,,not-resolved,data/chars/70C1.json
烂,A,resolved,火,火,Bộ Hỏa,86,record-radical,data/chars/70C2.json
烃,B,resolved,火,火,Bộ Hỏa,86,record-radical,data/chars/70C3.json
烈,A,resolved,灬,火,Bộ Hỏa,86,record-radical,data/chars/70C8.json
烉,C,not-resolved,,,,,not-resolved,data/chars/70C9.json
烊,B,resolved,火,火,Bộ Hỏa,86,record-radical,data/chars/70CA.json
烋,C,not-resolved,,,,,not-resolved,data/chars/70CB.json
烓,C,not-resolved,,,,,not-resolved,data/chars/70D3.json
烔,C,not-resolved,,,,,not-resolved,data/chars/70D4.json
烕,C,not-resolved,,,,,not-resolved,data/chars/70D5.json
烘,A,resolved,火,火,Bộ Hỏa,86,record-radical,data/chars/70D8.json
烙,A,resolved,火,火,Bộ Hỏa,86,record-radical,data/chars/70D9.json
烛,A,resolved,火,火,Bộ Hỏa,86,record-radical,data/chars/70DB.json
烜,C,not-resolved,,,,,not-resolved,data/chars/70DC.json
烝,C,not-resolved,,,,,not-resolved,data/chars/70DD.json
烟,A,resolved,火,火,Bộ Hỏa,86,record-radical,data/chars/70DF.json
烤,A,resolved,火,火,Bộ Hỏa,86,record-radical,data/chars/70E4.json
烦,A,resolved,火,火,Bộ Hỏa,86,record-radical,data/chars/70E6.json
烧,A,resolved,火,火,Bộ Hỏa,86,record-radical,data/chars/70E7.json
烨,C,not-resolved,,,,,not-resolved,data/chars/70E8.json
烩,B,resolved,火,火,Bộ Hỏa,86,record-radical,data/chars/70E9.json
烫,A,resolved,火,火,Bộ Hỏa,86,record-radical,data/chars/70EB.json
烬,C,not-resolved,,,,,not-resolved,data/chars/70EC.json
热,A,resolved,灬,火,Bộ Hỏa,86,record-radical,data/chars/70ED.json
烯,B,resolved,火,火,Bộ Hỏa,86,record-radical,data/chars/70EF.json
烳,C,not-resolved,,,,,not-resolved,data/chars/70F3.json
烷,B,resolved,火,火,Bộ Hỏa,86,record-radical,data/chars/70F7.json
烹,A,resolved,灬,火,Bộ Hỏa,86,record-radical,data/chars/70F9.json
烺,C,not-resolved,,,,,not-resolved,data/chars/70FA.json
烽,B,resolved,火,火,Bộ Hỏa,86,record-radical,data/chars/70FD.json
焃,C,not-resolved,,,,,not-resolved,data/chars/7103.json
焄,C,not-resolved,,,,,not-resolved,data/chars/7104.json
焈,C,not-resolved,,,,,not-resolved,data/chars/7108.json
焉,C,not-resolved,,,,,not-resolved,data/chars/7109.json
焊,B,resolved,火,火,Bộ Hỏa,86,record-radical,data/chars/710A.json
焌,B,resolved,火,火,Bộ Hỏa,86,record-radical,data/chars/710C.json
焐,A,resolved,火,火,Bộ Hỏa,86,record-radical,data/chars/7110.json
焓,B,resolved,火,火,Bộ Hỏa,86,record-radical,data/chars/7113.json
焔,C,not-resolved,,,,,not-resolved,data/chars/7114.json
焕,A,resolved,火,火,Bộ Hỏa,86,record-radical,data/chars/7115.json
焖,B,resolved,火,火,Bộ Hỏa,86,record-radical,data/chars/7116.json
焗,B,resolved,火,火,Bộ Hỏa,86,record-radical,data/chars/7117.json
焘,B,resolved,灬,火,Bộ Hỏa,86,record-radical,data/chars/7118.json
焙,B,resolved,火,火,Bộ Hỏa,86,record-radical,data/chars/7119.json
焚,C,not-resolved,,,,,not-resolved,data/chars/711A.json
焜,C,not-resolved,,,,,not-resolved,data/chars/711C.json
焞,C,not-resolved,,,,,not-resolved,data/chars/711E.json
焟,C,not-resolved,,,,,not-resolved,data/chars/711F.json
焠,C,not-resolved,,,,,not-resolved,data/chars/7120.json
焢,B,resolved,火,火,Bộ Hỏa,86,record-radical,data/chars/7122.json
焦,A,resolved,灬,火,Bộ Hỏa,86,record-radical,data/chars/7126.json
焮,C,not-resolved,,,,,not-resolved,data/chars/712E.json
焯,B,resolved,火,火,Bộ Hỏa,86,record-radical,data/chars/712F.json
焰,A,resolved,火,火,Bộ Hỏa,86,record-radical,data/chars/7130.json
焱,C,not-resolved,,,,,not-resolved,data/chars/7131.json
焴,C,not-resolved,,,,,not-resolved,data/chars/7134.json
然,A,resolved,灬,火,Bộ Hỏa,86,record-radical,data/chars/7136.json
焼,C,not-resolved,,,,,not-resolved,data/chars/713C.json
焿,C,not-resolved,,,,,not-resolved,data/chars/713F.json
煁,C,not-resolved,,,,,not-resolved,data/chars/7141.json
煃,C,not-resolved,,,,,not-resolved,data/chars/7143.json
煅,B,resolved,火,火,Bộ Hỏa,86,record-radical,data/chars/7145.json
煆,B,resolved,火,火,Bộ Hỏa,86,record-radical,data/chars/7146.json
煇,C,not-resolved,,,,,not-resolved,data/chars/7147.json
煊,B,resolved,火,火,Bộ Hỏa,86,record-radical,data/chars/714A.json
煌,A,resolved,火,火,Bộ Hỏa,86,record-radical,data/chars/714C.json
煍,C,not-resolved,,,,,not-resolved,data/chars/714D.json
煎,A,resolved,灬,火,Bộ Hỏa,86,record-radical,data/chars/714E.json
煏,C,not-resolved,,,,,not-resolved,data/chars/714F.json
煐,C,not-resolved,,,,,not-resolved,data/chars/7150.json
煕,C,not-resolved,,,,,not-resolved,data/chars/7155.json
煚,C,not-resolved,,,,,not-resolved,data/chars/715A.json
煜,C,not-resolved,,,,,not-resolved,data/chars/715C.json
煝,C,not-resolved,,,,,not-resolved,data/chars/715D.json
煞,C,not-resolved,,,,,not-resolved,data/chars/715E.json
煟,C,not-resolved,,,,,not-resolved,data/chars/715F.json
煠,C,not-resolved,,,,,not-resolved,data/chars/7160.json
煤,A,resolved,火,火,Bộ Hỏa,86,record-radical,data/chars/7164.json
煦,C,not-resolved,,,,,not-resolved,data/chars/7166.json
照,A,resolved,灬,火,Bộ Hỏa,86,record-radical,data/chars/7167.json
煨,B,resolved,火,火,Bộ Hỏa,86,record-radical,data/chars/7168.json
煮,A,resolved,灬,火,Bộ Hỏa,86,record-radical,data/chars/716E.json
煰,C,not-resolved,,,,,not-resolved,data/chars/7170.json
煲,B,resolved,火,火,Bộ Hỏa,86,record-radical,data/chars/7172.json
煳,C,not-resolved,,,,,not-resolved,data/chars/7173.json
煴,C,not-resolved,,,,,not-resolved,data/chars/7174.json
煸,B,resolved,火,火,Bộ Hỏa,86,record-radical,data/chars/7178.json
煺,C,not-resolved,,,,,not-resolved,data/chars/717A.json
煻,C,not-resolved,,,,,not-resolved,data/chars/717B.json
煽,C,not-resolved,,,,,not-resolved,data/chars/717D.json
熀,C,not-resolved,,,,,not-resolved,data/chars/7180.json
熁,C,not-resolved,,,,,not-resolved,data/chars/7181.json
熄,C,not-resolved,,,,,not-resolved,data/chars/7184.json
熇,C,not-resolved,,,,,not-resolved,data/chars/7187.json
熊,C,not-resolved,能,,,,not-resolved,data/chars/718A.json
熏,A,resolved,灬,火,Bộ Hỏa,86,record-radical,data/chars/718F.json
熔,C,not-resolved,,,,,not-resolved,data/chars/7194.json
熘,B,resolved,火,火,Bộ Hỏa,86,record-radical,data/chars/7198.json
熙,A,resolved,灬,火,Bộ Hỏa,86,record-radical,data/chars/7199.json
熛,C,not-resolved,,,,,not-resolved,data/chars/719B.json
熜,B,resolved,火,火,Bộ Hỏa,86,record-radical,data/chars/719C.json
熟,A,resolved,灬,火,Bộ Hỏa,86,record-radical,data/chars/719F.json
熠,B,resolved,火,火,Bộ Hỏa,86,record-radical,data/chars/71A0.json
熤,C,not-resolved,,,,,not-resolved,data/chars/71A4.json
熨,B,resolved,火,火,Bộ Hỏa,86,record-radical,data/chars/71A8.json
熬,A,resolved,灬,火,Bộ Hỏa,86,record-radical,data/chars/71AC.json
熯,C,not-resolved,,,,,not-resolved,data/chars/71AF.json
熳,B,resolved,火,火,Bộ Hỏa,86,record-radical,data/chars/71B3.json
熴,C,not-resolved,,,,,not-resolved,data/chars/71B4.json
熵,B,resolved,火,火,Bộ Hỏa,86,record-radical,data/chars/71B5.json
熸,C,not-resolved,,,,,not-resolved,data/chars/71B8.json
熹,B,resolved,灬,火,Bộ Hỏa,86,record-radical,data/chars/71B9.json
熿,C,not-resolved,,,,,not-resolved,data/chars/71BF.json
燂,C,not-resolved,,,,,not-resolved,data/chars/71C2.json
燃,A,resolved,火,火,Bộ Hỏa,86,record-radical,data/chars/71C3.json
燅,C,not-resolved,炎,,,,not-resolved,data/chars/71C5.json
燇,C,not-resolved,,,,,not-resolved,data/chars/71C7.json
燊,C,not-resolved,,,,,not-resolved,data/chars/71CA.json
燋,C,not-resolved,,,,,not-resolved,data/chars/71CB.json
燎,B,resolved,火,火,Bộ Hỏa,86,record-radical,data/chars/71CE.json
燏,C,not-resolved,,,,,not-resolved,data/chars/71CF.json
燔,C,not-resolved,,,,,not-resolved,data/chars/71D4.json
燕,C,not-resolved,,,,,not-resolved,data/chars/71D5.json
燗,C,not-resolved,,,,,not-resolved,data/chars/71D7.json
燚,C,not-resolved,,,,,not-resolved,data/chars/71DA.json
燠,B,resolved,火,火,Bộ Hỏa,86,record-radical,data/chars/71E0.json
燡,C,not-resolved,,,,,not-resolved,data/chars/71E1.json
燥,A,resolved,火,火,Bộ Hỏa,86,record-radical,data/chars/71E5.json
燧,B,resolved,火,火,Bộ Hỏa,86,record-radical,data/chars/71E7.json
燨,C,not-resolved,,,,,not-resolved,data/chars/71E8.json
燮,C,not-resolved,,,,,not-resolved,data/chars/71EE.json
燰,C,not-resolved,,,,,not-resolved,data/chars/71F0.json
燹,B,resolved,火,火,Bộ Hỏa,86,record-radical,data/chars/71F9.json
燽,C,not-resolved,,,,,not-resolved,data/chars/71FD.json
燿,C,not-resolved,,,,,not-resolved,data/chars/71FF.json
爆,A,resolved,火,火,Bộ Hỏa,86,record-radical,data/chars/7206.json
爇,C,not-resolved,熱,,,,not-resolved,data/chars/7207.json
爊,C,not-resolved,,,,,not-resolved,data/chars/720A.json
爌,B,resolved,火,火,Bộ Hỏa,86,record-radical,data/chars/720C.json
爓,C,not-resolved,,,,,not-resolved,data/chars/7213.json
爚,C,not-resolved,,,,,not-resolved,data/chars/721A.json
爝,B,resolved,火,火,Bộ Hỏa,86,record-radical,data/chars/721D.json
爟,C,not-resolved,,,,,not-resolved,data/chars/721F.json
爤,C,not-resolved,,,,,not-resolved,data/chars/7224.json
爥,C,not-resolved,,,,,not-resolved,data/chars/7225.json
爨,B,resolved,火,火,Bộ Hỏa,86,record-radical,data/chars/7228.json
爪,A,resolved,爪,爪,Bộ Trảo,87,self-radical,radical_learning_notes.json
爫,C,not-resolved,,,,,not-resolved,data/chars/722B.json
爬,A,resolved,爪,爪,Bộ Trảo,87,record-radical,data/chars/722C.json
爯,B,resolved,爪,爪,Bộ Trảo,87,record-radical,data/chars/722F.json
爰,B,resolved,爪,爪,Bộ Trảo,87,record-radical,data/chars/7230.json
爱,C,not-resolved,友,,,,not-resolved,data/chars/7231.json
爵,C,not-resolved,,,,,not-resolved,data/chars/7235.json
父,A,resolved,父,父,Bộ Phụ,88,self-radical,radical_learning_notes.json
爷,A,resolved,父,父,Bộ Phụ,88,record-radical,data/chars/7237.json
爸,A,resolved,父,父,Bộ Phụ,88,record-radical,data/chars/7238.json
爹,B,resolved,父,父,Bộ Phụ,88,record-radical,data/chars/7239.json
爻,B,resolved,爻,爻,Bộ Hào,89,self-radical,radical_learning_notes.json
爽,C,not-resolved,,,,,not-resolved,data/chars/723D.json
爿,B,resolved,爿,爿,Bộ,90,self-radical,radical_learning_notes.json
牁,C,not-resolved,,,,,not-resolved,data/chars/7241.json
牂,C,not-resolved,,,,,not-resolved,data/chars/7242.json
牄,C,not-resolved,,,,,not-resolved,data/chars/7244.json
片,A,resolved,片,片,Bộ Phiến,91,self-radical,radical_learning_notes.json
版,A,resolved,片,片,Bộ Phiến,91,record-radical,data/chars/7248.json
牌,A,resolved,片,片,Bộ Phiến,91,record-radical,data/chars/724C.json
牍,B,resolved,片,片,Bộ Phiến,91,record-radical,data/chars/724D.json
牏,C,not-resolved,,,,,not-resolved,data/chars/724F.json
牒,C,not-resolved,,,,,not-resolved,data/chars/7252.json
牖,C,not-resolved,户,,,,not-resolved,data/chars/7256.json
牙,A,resolved,牙,牙,Bộ Nha,92,self-radical,radical_learning_notes.json
牚,C,not-resolved,尚,,,,not-resolved,data/chars/725A.json
牛,A,resolved,牛,牛,Bộ Ngưu,93,self-radical,radical_learning_notes.json
牝,B,resolved,牛,牛,Bộ Ngưu,93,record-radical,data/chars/725D.json
牟,A,resolved,牛,牛,Bộ Ngưu,93,record-radical,data/chars/725F.json
牠,C,not-resolved,,,,,not-resolved,data/chars/7260.json
牡,A,resolved,牛,牛,Bộ Ngưu,93,record-radical,data/chars/7261.json
牢,C,not-resolved,,,,,not-resolved,data/chars/7262.json
牣,C,not-resolved,,,,,not-resolved,data/chars/7263.json
牤,C,not-resolved,,,,,not-resolved,data/chars/7264.json
牦,C,not-resolved,,,,,not-resolved,data/chars/7266.json
牧,C,not-resolved,,,,,not-resolved,data/chars/7267.json
物,A,resolved,牛,牛,Bộ Ngưu,93,record-radical,data/chars/7269.json
牮,C,not-resolved,,,,,not-resolved,data/chars/726E.json
牯,B,resolved,牛,牛,Bộ Ngưu,93,record-radical,data/chars/726F.json
牲,A,resolved,牛,牛,Bộ Ngưu,93,record-radical,data/chars/7272.json
牳,C,not-resolved,,,,,not-resolved,data/chars/7273.json
牴,B,resolved,牛,牛,Bộ Ngưu,93,record-radical,data/chars/7274.json
牵,C,not-resolved,,,,,not-resolved,data/chars/7275.json
牷,C,not-resolved,,,,,not-resolved,data/chars/7277.json
牸,B,resolved,牛,牛,Bộ Ngưu,93,record-radical,data/chars/7278.json
特,A,resolved,牛,牛,Bộ Ngưu,93,record-radical,data/chars/7279.json
牺,A,resolved,牛,牛,Bộ Ngưu,93,record-radical,data/chars/727A.json
牻,C,not-resolved,,,,,not-resolved,data/chars/727B.json
牼,C,not-resolved,,,,,not-resolved,data/chars/727C.json
牾,B,resolved,牛,牛,Bộ Ngưu,93,record-radical,data/chars/727E.json
牿,B,resolved,牛,牛,Bộ Ngưu,93,record-radical,data/chars/727F.json
犀,C,not-resolved,,,,,not-resolved,data/chars/7280.json
犁,C,not-resolved,,,,,not-resolved,data/chars/7281.json
犂,C,not-resolved,,,,,not-resolved,data/chars/7282.json
犄,B,resolved,牛,牛,Bộ Ngưu,93,record-radical,data/chars/7284.json
犆,C,not-resolved,,,,,not-resolved,data/chars/7286.json
犉,C,not-resolved,,,,,not-resolved,data/chars/7289.json
犊,C,not-resolved,,,,,not-resolved,data/chars/728A.json
犍,B,resolved,牛,牛,Bộ Ngưu,93,record-radical,data/chars/728D.json
犎,B,resolved,牛,牛,Bộ Ngưu,93,record-radical,data/chars/728E.json
犏,B,resolved,牛,牛,Bộ Ngưu,93,record-radical,data/chars/728F.json
犒,B,resolved,牛,牛,Bộ Ngưu,93,record-radical,data/chars/7292.json
犗,C,not-resolved,,,,,not-resolved,data/chars/7297.json
犛,C,not-resolved,,,,,not-resolved,data/chars/729B.json
犟,B,resolved,牛,牛,Bộ Ngưu,93,record-radical,data/chars/729F.json
犠,C,not-resolved,,,,,not-resolved,data/chars/72A0.json
犨,C,not-resolved,,,,,not-resolved,data/chars/72A8.json
犩,C,not-resolved,,,,,not-resolved,data/chars/72A9.json
犪,B,resolved,牛,牛,Bộ Ngưu,93,record-radical,data/chars/72AA.json
犫,C,not-resolved,,,,,not-resolved,data/chars/72AB.json
犬,A,resolved,犬,犬,Bộ Khuyển,94,self-radical,radical_learning_notes.json
犭,B,resolved,犭,犬,Bộ Khuyển,94,radical-variant,radical_alias_index.json
犮,C,not-resolved,,,,,not-resolved,data/chars/72AE.json
犯,A,resolved,犭,犬,Bộ Khuyển,94,record-radical,data/chars/72AF.json
犰,B,resolved,犭,犬,Bộ Khuyển,94,record-radical,data/chars/72B0.json
犴,B,resolved,犭,犬,Bộ Khuyển,94,record-radical,data/chars/72B4.json
犵,C,not-resolved,,,,,not-resolved,data/chars/72B5.json
状,A,resolved,犬,犬,Bộ Khuyển,94,record-radical,data/chars/72B6.json
犷,B,resolved,犭,犬,Bộ Khuyển,94,record-radical,data/chars/72B7.json
犸,B,resolved,犭,犬,Bộ Khuyển,94,record-radical,data/chars/72B8.json
犹,A,resolved,犭,犬,Bộ Khuyển,94,record-radical,data/chars/72B9.json
犺,C,not-resolved,,,,,not-resolved,data/chars/72BA.json
狁,B,resolved,犭,犬,Bộ Khuyển,94,record-radical,data/chars/72C1.json
狂,A,resolved,犭,犬,Bộ Khuyển,94,record-radical,data/chars/72C2.json
狃,B,resolved,犭,犬,Bộ Khuyển,94,record-radical,data/chars/72C3.json
狄,B,resolved,犭,犬,Bộ Khuyển,94,record-radical,data/chars/72C4.json
狆,C,not-resolved,,,,,not-resolved,data/chars/72C6.json
狈,A,resolved,犭,犬,Bộ Khuyển,94,record-radical,data/chars/72C8.json
狉,B,resolved,犭,犬,Bộ Khuyển,94,record-radical,data/chars/72C9.json
狍,B,resolved,犭,犬,Bộ Khuyển,94,record-radical,data/chars/72CD.json
狎,B,resolved,犭,犬,Bộ Khuyển,94,record-radical,data/chars/72CE.json
狐,B,resolved,犭,犬,Bộ Khuyển,94,record-radical,data/chars/72D0.json
狒,B,resolved,犭,犬,Bộ Khuyển,94,record-radical,data/chars/72D2.json
狓,C,not-resolved,,,,,not-resolved,data/chars/72D3.json
狗,A,resolved,犭,犬,Bộ Khuyển,94,record-radical,data/chars/72D7.json
狘,C,not-resolved,,,,,not-resolved,data/chars/72D8.json
狙,B,resolved,犭,犬,Bộ Khuyển,94,record-radical,data/chars/72D9.json
狝,C,not-resolved,,,,,not-resolved,data/chars/72DD.json
狞,B,resolved,犭,犬,Bộ Khuyển,94,record-radical,data/chars/72DE.json
狠,A,resolved,犭,犬,Bộ Khuyển,94,record-radical,data/chars/72E0.json
狡,A,resolved,犭,犬,Bộ Khuyển,94,record-radical,data/chars/72E1.json
狦,C,not-resolved,,,,,not-resolved,data/chars/72E6.json
狨,B,resolved,犭,犬,Bộ Khuyển,94,record-radical,data/chars/72E8.json
狩,A,resolved,犭,犬,Bộ Khuyển,94,record-radical,data/chars/72E9.json
狫,C,not-resolved,,,,,not-resolved,data/chars/72EB.json
独,A,resolved,犭,犬,Bộ Khuyển,94,record-radical,data/chars/72EC.json
狭,A,resolved,犭,犬,Bộ Khuyển,94,record-radical,data/chars/72ED.json
狮,A,resolved,犭,犬,Bộ Khuyển,94,record-radical,data/chars/72EE.json
狯,B,resolved,犭,犬,Bộ Khuyển,94,record-radical,data/chars/72EF.json
狰,B,resolved,犭,犬,Bộ Khuyển,94,record-radical,data/chars/72F0.json
狱,A,resolved,讠,言,Bộ Ngôn,149,record-radical,data/chars/72F1.json
狲,B,resolved,犭,犬,Bộ Khuyển,94,record-radical,data/chars/72F2.json
狳,B,resolved,犭,犬,Bộ Khuyển,94,record-radical,data/chars/72F3.json
狴,B,resolved,犭,犬,Bộ Khuyển,94,record-radical,data/chars/72F4.json
狷,B,resolved,犭,犬,Bộ Khuyển,94,record-radical,data/chars/72F7.json
狸,B,resolved,犭,犬,Bộ Khuyển,94,record-radical,data/chars/72F8.json
狺,B,resolved,犭,犬,Bộ Khuyển,94,record-radical,data/chars/72FA.json
狻,B,resolved,犭,犬,Bộ Khuyển,94,record-radical,data/chars/72FB.json
狼,A,resolved,犭,犬,Bộ Khuyển,94,record-radical,data/chars/72FC.json
猁,B,resolved,犭,犬,Bộ Khuyển,94,record-radical,data/chars/7301.json
猃,B,resolved,犭,犬,Bộ Khuyển,94,record-radical,data/chars/7303.json
猇,C,not-resolved,虎,,,,not-resolved,data/chars/7307.json
猈,C,not-resolved,,,,,not-resolved,data/chars/7308.json
猊,B,resolved,犭,犬,Bộ Khuyển,94,record-radical,data/chars/730A.json
猋,C,not-resolved,,,,,not-resolved,data/chars/730B.json
猎,A,resolved,犭,犬,Bộ Khuyển,94,record-radical,data/chars/730E.json
猓,B,resolved,犭,犬,Bộ Khuyển,94,record-radical,data/chars/7313.json
猕,B,resolved,犭,犬,Bộ Khuyển,94,record-radical,data/chars/7315.json
猖,A,resolved,犭,犬,Bộ Khuyển,94,record-radical,data/chars/7316.json
猗,B,resolved,犭,犬,Bộ Khuyển,94,record-radical,data/chars/7317.json
猘,C,not-resolved,,,,,not-resolved,data/chars/7318.json
猛,A,resolved,犭,犬,Bộ Khuyển,94,record-radical,data/chars/731B.json
猜,A,resolved,犭,犬,Bộ Khuyển,94,record-radical,data/chars/731C.json
猝,A,resolved,犭,犬,Bộ Khuyển,94,record-radical,data/chars/731D.json
猞,B,resolved,犭,犬,Bộ Khuyển,94,record-radical,data/chars/731E.json
猟,C,not-resolved,,,,,not-resolved,data/chars/731F.json
猡,B,resolved,犭,犬,Bộ Khuyển,94,record-radical,data/chars/7321.json
猢,B,resolved,犭,犬,Bộ Khuyển,94,record-radical,data/chars/7322.json
猣,C,not-resolved,,,,,not-resolved,data/chars/7323.json
猥,B,resolved,犭,犬,Bộ Khuyển,94,record-radical,data/chars/7325.json
猩,A,resolved,犭,犬,Bộ Khuyển,94,record-radical,data/chars/7329.json
猪,A,resolved,犭,犬,Bộ Khuyển,94,record-radical,data/chars/732A.json
猫,A,resolved,犭,犬,Bộ Khuyển,94,record-radical,data/chars/732B.json
猬,B,resolved,犭,犬,Bộ Khuyển,94,record-radical,data/chars/732C.json
猭,C,not-resolved,,,,,not-resolved,data/chars/732D.json
献,C,not-resolved,南,,,,not-resolved,data/chars/732E.json
猱,B,resolved,犭,犬,Bộ Khuyển,94,record-radical,data/chars/7331.json
猲,B,resolved,犭,犬,Bộ Khuyển,94,record-radical,data/chars/7332.json
猳,B,resolved,犭,犬,Bộ Khuyển,94,record-radical,data/chars/7333.json
猴,A,resolved,犭,犬,Bộ Khuyển,94,record-radical,data/chars/7334.json
猵,B,resolved,犭,犬,Bộ Khuyển,94,record-radical,data/chars/7335.json
猷,B,resolved,犬,犬,Bộ Khuyển,94,record-radical,data/chars/7337.json
猸,B,resolved,犭,犬,Bộ Khuyển,94,record-radical,data/chars/7338.json
猹,B,resolved,犭,犬,Bộ Khuyển,94,record-radical,data/chars/7339.json
猺,C,not-resolved,,,,,not-resolved,data/chars/733A.json
猾,A,resolved,犭,犬,Bộ Khuyển,94,record-radical,data/chars/733E.json
猿,B,resolved,犭,犬,Bộ Khuyển,94,record-radical,data/chars/733F.json
獀,C,not-resolved,,,,,not-resolved,data/chars/7340.json
獃,C,not-resolved,,,,,not-resolved,data/chars/7343.json
獉,C,not-resolved,,,,,not-resolved,data/chars/7349.json
獍,B,resolved,犭,犬,Bộ Khuyển,94,record-radical,data/chars/734D.json
獏,C,not-resolved,,,,,not-resolved,data/chars/734F.json
獐,B,resolved,犭,犬,Bộ Khuyển,94,record-radical,data/chars/7350.json
獒,B,resolved,犬,犬,Bộ Khuyển,94,record-radical,data/chars/7352.json
獕,C,not-resolved,,,,,not-resolved,data/chars/7355.json
獗,B,resolved,犭,犬,Bộ Khuyển,94,record-radical,data/chars/7357.json
獙,C,not-resolved,,,,,not-resolved,data/chars/7359.json
獚,C,not-resolved,,,,,not-resolved,data/chars/735A.json
獜,C,not-resolved,,,,,not-resolved,data/chars/735C.json
獝,C,not-resolved,,,,,not-resolved,data/chars/735D.json
獞,C,not-resolved,,,,,not-resolved,data/chars/735E.json
獠,C,not-resolved,,,,,not-resolved,data/chars/7360.json
獢,C,not-resolved,,,,,not-resolved,data/chars/7362.json
獣,C,not-resolved,,,,,not-resolved,data/chars/7363.json
獬,B,resolved,犭,犬,Bộ Khuyển,94,record-radical,data/chars/736C.json
獭,B,resolved,犭,犬,Bộ Khuyển,94,record-radical,data/chars/736D.json
獯,B,resolved,犭,犬,Bộ Khuyển,94,record-radical,data/chars/736F.json
獳,C,not-resolved,,,,,not-resolved,data/chars/7373.json
獴,C,not-resolved,,,,,not-resolved,data/chars/7374.json
獾,B,resolved,犭,犬,Bộ Khuyển,94,record-radical,data/chars/737E.json
玂,C,not-resolved,,,,,not-resolved,data/chars/7382.json
玃,B,resolved,犭,犬,Bộ Khuyển,94,record-radical,data/chars/7383.json
玄,A,resolved,玄,玄,Bộ Huyền,95,self-radical,radical_learning_notes.json
玆,C,not-resolved,,,,,not-resolved,data/chars/7386.json
率,C,not-resolved,系,,,,not-resolved,data/chars/7387.json
玈,C,not-resolved,,,,,not-resolved,data/chars/7388.json
玉,A,resolved,玉,玉,Bộ Ngọc,96,self-radical,radical_learning_notes.json
玊,C,not-resolved,,,,,not-resolved,data/chars/738A.json
王,C,not-resolved,,,,,not-resolved,data/chars/738B.json
玍,C,not-resolved,,,,,not-resolved,data/chars/738D.json
玎,C,not-resolved,王,,,,not-resolved,data/chars/738E.json
玑,C,not-resolved,王,,,,not-resolved,data/chars/7391.json
玓,C,not-resolved,王,,,,not-resolved,data/chars/7393.json
玔,C,not-resolved,,,,,not-resolved,data/chars/7394.json
玕,C,not-resolved,,,,,not-resolved,data/chars/7395.json
玖,C,not-resolved,王,,,,not-resolved,data/chars/7396.json
玗,C,not-resolved,王,,,,not-resolved,data/chars/7397.json
玘,C,not-resolved,,,,,not-resolved,data/chars/7398.json
玙,C,not-resolved,,,,,not-resolved,data/chars/7399.json
玛,C,not-resolved,王,,,,not-resolved,data/chars/739B.json
玞,C,not-resolved,,,,,not-resolved,data/chars/739E.json
玟,C,not-resolved,王,,,,not-resolved,data/chars/739F.json
玠,C,not-resolved,,,,,not-resolved,data/chars/73A0.json
玡,C,not-resolved,王,,,,not-resolved,data/chars/73A1.json
玢,C,not-resolved,王,,,,not-resolved,data/chars/73A2.json
玤,C,not-resolved,,,,,not-resolved,data/chars/73A4.json
玥,C,not-resolved,,,,,not-resolved,data/chars/73A5.json
玦,C,not-resolved,,,,,not-resolved,data/chars/73A6.json
玩,C,not-resolved,𤣩,,,,not-resolved,data/chars/73A9.json
玫,C,not-resolved,王,,,,not-resolved,data/chars/73AB.json
玭,C,not-resolved,,,,,not-resolved,data/chars/73AD.json
玮,C,not-resolved,王,,,,not-resolved,data/chars/73AE.json
环,C,not-resolved,王,,,,not-resolved,data/chars/73AF.json
现,C,not-resolved,𤣩,,,,not-resolved,data/chars/73B0.json
玱,C,not-resolved,,,,,not-resolved,data/chars/73B1.json
玲,C,not-resolved,王,,,,not-resolved,data/chars/73B2.json
玳,C,not-resolved,王,,,,not-resolved,data/chars/73B3.json
玶,C,not-resolved,,,,,not-resolved,data/chars/73B6.json
玷,C,not-resolved,王,,,,not-resolved,data/chars/73B7.json
玹,C,not-resolved,,,,,not-resolved,data/chars/73B9.json
玺,B,resolved,玉,玉,Bộ Ngọc,96,record-radical,data/chars/73BA.json
玻,C,not-resolved,王,,,,not-resolved,data/chars/73BB.json
玼,C,not-resolved,,,,,not-resolved,data/chars/73BC.json
珀,C,not-resolved,,,,,not-resolved,data/chars/73C0.json
珂,C,not-resolved,,,,,not-resolved,data/chars/73C2.json
珃,C,not-resolved,,,,,not-resolved,data/chars/73C3.json
珅,C,not-resolved,,,,,not-resolved,data/chars/73C5.json
珇,C,not-resolved,,,,,not-resolved,data/chars/73C7.json
珈,C,not-resolved,,,,,not-resolved,data/chars/73C8.json
珉,C,not-resolved,王,,,,not-resolved,data/chars/73C9.json
珊,C,not-resolved,王,,,,not-resolved,data/chars/73CA.json
珌,C,not-resolved,,,,,not-resolved,data/chars/73CC.json
珍,C,not-resolved,王,,,,not-resolved,data/chars/73CD.json
珏,C,not-resolved,,,,,not-resolved,data/chars/73CF.json
珐,C,not-resolved,王,,,,not-resolved,data/chars/73D0.json
珑,C,not-resolved,王,,,,not-resolved,data/chars/73D1.json
珓,C,not-resolved,,,,,not-resolved,data/chars/73D3.json
珔,C,not-resolved,,,,,not-resolved,data/chars/73D4.json
珖,C,not-resolved,,,,,not-resolved,data/chars/73D6.json
珙,C,not-resolved,王,,,,not-resolved,data/chars/73D9.json
珚,C,not-resolved,,,,,not-resolved,data/chars/73DA.json
珛,C,not-resolved,,,,,not-resolved,data/chars/73DB.json
珞,C,not-resolved,王,,,,not-resolved,data/chars/73DE.json
珠,C,not-resolved,王,,,,not-resolved,data/chars/73E0.json
珡,C,not-resolved,,,,,not-resolved,data/chars/73E1.json
珣,C,not-resolved,,,,,not-resolved,data/chars/73E3.json
珤,C,not-resolved,王,,,,not-resolved,data/chars/73E4.json
珥,C,not-resolved,,,,,not-resolved,data/chars/73E5.json
珧,C,not-resolved,王,,,,not-resolved,data/chars/73E7.json
珩,C,not-resolved,王,,,,not-resolved,data/chars/73E9.json
珪,C,not-resolved,,,,,not-resolved,data/chars/73EA.json
班,C,not-resolved,玨,,,,not-resolved,data/chars/73ED.json
珰,C,not-resolved,,,,,not-resolved,data/chars/73F0.json
珲,C,not-resolved,王,,,,not-resolved,data/chars/73F2.json
珳,C,not-resolved,,,,,not-resolved,data/chars/73F3.json
珵,C,not-resolved,,,,,not-resolved,data/chars/73F5.json
珶,C,not-resolved,,,,,not-resolved,data/chars/73F6.json
珷,C,not-resolved,,,,,not-resolved,data/chars/73F7.json
珺,C,not-resolved,,,,,not-resolved,data/chars/73FA.json
珻,C,not-resolved,,,,,not-resolved,data/chars/73FB.json
珽,C,not-resolved,,,,,not-resolved,data/chars/73FD.json
琀,C,not-resolved,,,,,not-resolved,data/chars/7400.json
琁,C,not-resolved,,,,,not-resolved,data/chars/7401.json
球,C,not-resolved,𤣩,,,,not-resolved,data/chars/7403.json
琅,C,not-resolved,王,,,,not-resolved,data/chars/7405.json
理,C,not-resolved,𤣩,,,,not-resolved,data/chars/7406.json
琇,C,not-resolved,,,,,not-resolved,data/chars/7407.json
琉,C,not-resolved,王,,,,not-resolved,data/chars/7409.json
琎,C,not-resolved,,,,,not-resolved,data/chars/740E.json
琏,C,not-resolved,王,,,,not-resolved,data/chars/740F.json
琐,C,not-resolved,王,,,,not-resolved,data/chars/7410.json
琖,C,not-resolved,,,,,not-resolved,data/chars/7416.json
琚,C,not-resolved,王,,,,not-resolved,data/chars/741A.json
琛,C,not-resolved,王,,,,not-resolved,data/chars/741B.json
琝,C,not-resolved,,,,,not-resolved,data/chars/741D.json
琠,C,not-resolved,,,,,not-resolved,data/chars/7420.json
琢,C,not-resolved,王,,,,not-resolved,data/chars/7422.json
琤,C,not-resolved,,,,,not-resolved,data/chars/7424.json
琥,C,not-resolved,,,,,not-resolved,data/chars/7425.json
琦,C,not-resolved,王,,,,not-resolved,data/chars/7426.json
琨,C,not-resolved,王,,,,not-resolved,data/chars/7428.json
琪,C,not-resolved,王,,,,not-resolved,data/chars/742A.json
琫,C,not-resolved,,,,,not-resolved,data/chars/742B.json
琬,C,not-resolved,王,,,,not-resolved,data/chars/742C.json
琭,C,not-resolved,,,,,not-resolved,data/chars/742D.json
琮,C,not-resolved,王,,,,not-resolved,data/chars/742E.json
琯,C,not-resolved,,,,,not-resolved,data/chars/742F.json
琰,C,not-resolved,,,,,not-resolved,data/chars/7430.json
琱,C,not-resolved,,,,,not-resolved,data/chars/7431.json
琲,C,not-resolved,,,,,not-resolved,data/chars/7432.json
琳,C,not-resolved,王,,,,not-resolved,data/chars/7433.json
琴,C,not-resolved,◎,,,,not-resolved,data/chars/7434.json
琵,C,not-resolved,玨,,,,not-resolved,data/chars/7435.json
琶,C,not-resolved,玨,,,,not-resolved,data/chars/7436.json
琼,C,not-resolved,王,,,,not-resolved,data/chars/743C.json
瑀,C,not-resolved,,,,,not-resolved,data/chars/7440.json
瑁,C,not-resolved,王,,,,not-resolved,data/chars/7441.json
瑂,C,not-resolved,,,,,not-resolved,data/chars/7442.json
瑃,C,not-resolved,,,,,not-resolved,data/chars/7443.json
瑄,C,not-resolved,王,,,,not-resolved,data/chars/7444.json
瑉,C,not-resolved,,,,,not-resolved,data/chars/7449.json
瑏,C,not-resolved,,,,,not-resolved,data/chars/744F.json
瑑,C,not-resolved,,,,,not-resolved,data/chars/7451.json
瑔,C,not-resolved,,,,,not-resolved,data/chars/7454.json
瑕,C,not-resolved,王,,,,not-resolved,data/chars/7455.json
瑗,C,not-resolved,王,,,,not-resolved,data/chars/7457.json
瑙,C,not-resolved,王,,,,not-resolved,data/chars/7459.json
瑚,C,not-resolved,王,,,,not-resolved,data/chars/745A.json
瑛,C,not-resolved,王,,,,not-resolved,data/chars/745B.json
瑜,C,not-resolved,王,,,,not-resolved,data/chars/745C.json
瑞,C,not-resolved,王,,,,not-resolved,data/chars/745E.json
瑟,C,not-resolved,玨,,,,not-resolved,data/chars/745F.json
瑢,C,not-resolved,,,,,not-resolved,data/chars/7462.json
瑭,C,not-resolved,王,,,,not-resolved,data/chars/746D.json
瑰,C,not-resolved,王,,,,not-resolved,data/chars/7470.json
瑱,C,not-resolved,王,,,,not-resolved,data/chars/7471.json
瑳,C,not-resolved,,,,,not-resolved,data/chars/7473.json
瑶,C,not-resolved,王,,,,not-resolved,data/chars/7476.json
瑷,C,not-resolved,王,,,,not-resolved,data/chars/7477.json
瑽,C,not-resolved,,,,,not-resolved,data/chars/747D.json
瑾,C,not-resolved,王,,,,not-resolved,data/chars/747E.json
瑿,C,not-resolved,,,,,not-resolved,data/chars/747F.json
璀,C,not-resolved,王,,,,not-resolved,data/chars/7480.json
璁,C,not-resolved,王,,,,not-resolved,data/chars/7481.json
璃,C,not-resolved,王,,,,not-resolved,data/chars/7483.json
璅,C,not-resolved,,,,,not-resolved,data/chars/7485.json
璆,C,not-resolved,,,,,not-resolved,data/chars/7486.json
璇,C,not-resolved,,,,,not-resolved,data/chars/7487.json
璈,C,not-resolved,,,,,not-resolved,data/chars/7488.json
璋,C,not-resolved,王,,,,not-resolved,data/chars/748B.json
璎,C,not-resolved,王,,,,not-resolved,data/chars/748E.json
璐,C,not-resolved,王,,,,not-resolved,data/chars/7490.json
璘,C,not-resolved,,,,,not-resolved,data/chars/7498.json
璚,C,not-resolved,王,,,,not-resolved,data/chars/749A.json
璜,C,not-resolved,王,,,,not-resolved,data/chars/749C.json
璝,C,not-resolved,,,,,not-resolved,data/chars/749D.json
璞,C,not-resolved,王,,,,not-resolved,data/chars/749E.json
璟,C,not-resolved,,,,,not-resolved,data/chars/749F.json
璠,C,not-resolved,,,,,not-resolved,data/chars/74A0.json
璥,C,not-resolved,,,,,not-resolved,data/chars/74A5.json
璧,B,resolved,玉,玉,Bộ Ngọc,96,record-radical,data/chars/74A7.json
璨,C,not-resolved,,,,,not-resolved,data/chars/74A8.json
璩,C,not-resolved,王,,,,not-resolved,data/chars/74A9.json
璪,C,not-resolved,,,,,not-resolved,data/chars/74AA.json
璱,C,not-resolved,,,,,not-resolved,data/chars/74B1.json
璲,C,not-resolved,,,,,not-resolved,data/chars/74B2.json
璸,C,not-resolved,,,,,not-resolved,data/chars/74B8.json
璺,B,resolved,玉,玉,Bộ Ngọc,96,record-radical,data/chars/74BA.json
瓀,C,not-resolved,,,,,not-resolved,data/chars/74C0.json
瓁,C,not-resolved,,,,,not-resolved,data/chars/74C1.json
瓒,C,not-resolved,王,,,,not-resolved,data/chars/74D2.json
瓖,C,not-resolved,,,,,not-resolved,data/chars/74D6.json
瓘,C,not-resolved,,,,,not-resolved,data/chars/74D8.json
瓛,C,not-resolved,,,,,not-resolved,data/chars/74DB.json
瓜,A,resolved,瓜,瓜,Bộ Qua,97,self-radical,radical_learning_notes.json
瓞,B,resolved,瓜,瓜,Bộ Qua,97,record-radical,data/chars/74DE.json
瓠,B,resolved,瓜,瓜,Bộ Qua,97,record-radical,data/chars/74E0.json
瓢,B,resolved,瓜,瓜,Bộ Qua,97,record-radical,data/chars/74E2.json
瓣,A,resolved,瓜,瓜,Bộ Qua,97,record-radical,data/chars/74E3.json
瓤,B,resolved,瓜,瓜,Bộ Qua,97,record-radical,data/chars/74E4.json
瓦,A,resolved,瓦,瓦,Bộ Ngõa,98,self-radical,radical_learning_notes.json
瓧,C,not-resolved,,,,,not-resolved,data/chars/74E7.json
瓩,C,not-resolved,,,,,not-resolved,data/chars/74E9.json
瓬,C,not-resolved,,,,,not-resolved,data/chars/74EC.json
瓮,B,resolved,瓦,瓦,Bộ Ngõa,98,record-radical,data/chars/74EE.json
瓯,B,resolved,瓦,瓦,Bộ Ngõa,98,record-radical,data/chars/74EF.json
瓰,C,not-resolved,,,,,not-resolved,data/chars/74F0.json
瓱,C,not-resolved,,,,,not-resolved,data/chars/74F1.json
瓴,B,resolved,瓦,瓦,Bộ Ngõa,98,record-radical,data/chars/74F4.json
瓵,C,not-resolved,,,,,not-resolved,data/chars/74F5.json
瓶,A,resolved,瓦,瓦,Bộ Ngõa,98,record-radical,data/chars/74F6.json
瓷,A,resolved,瓦,瓦,Bộ Ngõa,98,record-radical,data/chars/74F7.json
瓸,C,not-resolved,,,,,not-resolved,data/chars/74F8.json
瓻,C,not-resolved,,,,,not-resolved,data/chars/74FB.json
瓼,C,not-resolved,,,,,not-resolved,data/chars/74FC.json
瓿,B,resolved,瓦,瓦,Bộ Ngõa,98,record-radical,data/chars/74FF.json
甀,C,not-resolved,,,,,not-resolved,data/chars/7500.json
甁,C,not-resolved,,,,,not-resolved,data/chars/7501.json
甃,C,not-resolved,,,,,not-resolved,data/chars/7503.json
甄,B,resolved,瓦,瓦,Bộ Ngõa,98,record-radical,data/chars/7504.json
甇,C,not-resolved,,,,,not-resolved,data/chars/7507.json
甋,C,not-resolved,,,,,not-resolved,data/chars/750B.json
甍,C,not-resolved,,,,,not-resolved,data/chars/750D.json
甏,B,resolved,瓦,瓦,Bộ Ngõa,98,record-radical,data/chars/750F.json
甑,B,resolved,瓦,瓦,Bộ Ngõa,98,record-radical,data/chars/7511.json
甒,C,not-resolved,,,,,not-resolved,data/chars/7512.json
甓,B,resolved,瓦,瓦,Bộ Ngõa,98,record-radical,data/chars/7513.json
甔,C,not-resolved,,,,,not-resolved,data/chars/7514.json
甗,C,not-resolved,,,,,not-resolved,data/chars/7517.json
甘,A,resolved,甘,甘,Bộ Cam,99,self-radical,radical_learning_notes.json
甙,B,resolved,甘,甘,Bộ Cam,99,record-radical,data/chars/7519.json
甚,A,resolved,甘,甘,Bộ Cam,99,record-radical,data/chars/751A.json
甛,C,not-resolved,,,,,not-resolved,data/chars/751B.json
甜,A,resolved,舌,舌,Bộ Thiệt,135,record-radical,data/chars/751C.json
甝,C,not-resolved,,,,,not-resolved,data/chars/751D.json
生,A,resolved,生,生,Bộ Sinh,100,self-radical,radical_learning_notes.json
甡,C,not-resolved,,,,,not-resolved,data/chars/7521.json
産,B,resolved,生,生,Bộ Sinh,100,record-radical,data/chars/7523.json
甤,C,resolved,生,生,Bộ Sinh,100,record-radical,data/chars/7524.json
甥,C,not-resolved,男,,,,not-resolved,data/chars/7525.json
用,A,resolved,用,用,Bộ Dụng,101,self-radical,radical_learning_notes.json
甩,C,not-resolved,,,,,not-resolved,data/chars/7529.json
甪,C,not-resolved,,,,,not-resolved,data/chars/752A.json
甫,B,resolved,屮,屮,Bộ Triệt,45,record-radical,data/chars/752B.json
甬,C,not-resolved,◎,,,,not-resolved,data/chars/752C.json
甭,C,not-resolved,,,,,not-resolved,data/chars/752D.json
甮,C,not-resolved,,,,,not-resolved,data/chars/752E.json
田,A,resolved,田,田,Bộ Điền,102,self-radical,radical_learning_notes.json
由,C,not-resolved,,,,,not-resolved,data/chars/7531.json
甲,C,not-resolved,,,,,not-resolved,data/chars/7532.json
申,C,not-resolved,,,,,not-resolved,data/chars/7533.json
甴,C,not-resolved,,,,,not-resolved,data/chars/7534.json
电,C,not-resolved,,,,,not-resolved,data/chars/7535.json
男,A,resolved,田,田,Bộ Điền,102,record-radical,data/chars/7537.json
甸,A,resolved,勹,勹,Bộ Bao,20,record-radical,data/chars/7538.json
甹,C,not-resolved,由,,,,not-resolved,data/chars/7539.json
町,B,resolved,田,田,Bộ Điền,102,record-radical,data/chars/753A.json
画,A,resolved,聿,聿,Bộ Duật,129,record-radical,data/chars/753B.json
甽,C,not-resolved,,,,,not-resolved,data/chars/753D.json
甾,C,not-resolved,,,,,not-resolved,data/chars/753E.json
甿,C,not-resolved,,,,,not-resolved,data/chars/753F.json
畀,C,not-resolved,,,,,not-resolved,data/chars/7540.json
畁,C,not-resolved,,,,,not-resolved,data/chars/7541.json
畄,C,not-resolved,,,,,not-resolved,data/chars/7544.json
畅,C,not-resolved,申,,,,not-resolved,data/chars/7545.json
畇,C,not-resolved,,,,,not-resolved,data/chars/7547.json
畈,B,resolved,田,田,Bộ Điền,102,record-radical,data/chars/7548.json
畋,C,not-resolved,,,,,not-resolved,data/chars/754B.json
界,A,resolved,田,田,Bộ Điền,102,record-radical,data/chars/754C.json
畎,B,resolved,田,田,Bộ Điền,102,record-radical,data/chars/754E.json
畏,A,resolved,鬼,鬼,Bộ Quỷ,194,record-radical,data/chars/754F.json
畐,C,not-resolved,,,,,not-resolved,data/chars/7550.json
畑,C,not-resolved,,,,,not-resolved,data/chars/7551.json
畒,C,not-resolved,,,,,not-resolved,data/chars/7552.json
畓,C,not-resolved,,,,,not-resolved,data/chars/7553.json
畔,C,not-resolved,,,,,not-resolved,data/chars/7554.json
留,A,resolved,田,田,Bộ Điền,102,record-radical,data/chars/7559.json
畚,C,not-resolved,,,,,not-resolved,data/chars/755A.json
畛,B,resolved,田,田,Bộ Điền,102,record-radical,data/chars/755B.json
畜,A,resolved,田,田,Bộ Điền,102,record-radical,data/chars/755C.json
畟,C,not-resolved,,,,,not-resolved,data/chars/755F.json
畤,C,not-resolved,,,,,not-resolved,data/chars/7564.json
略,A,resolved,田,田,Bộ Điền,102,record-radical,data/chars/7565.json
畦,B,resolved,田,田,Bộ Điền,102,record-radical,data/chars/7566.json
番,A,resolved,田,田,Bộ Điền,102,record-radical,data/chars/756A.json
畯,C,not-resolved,,,,,not-resolved,data/chars/756F.json
畲,C,not-resolved,,,,,not-resolved,data/chars/7572.json
畳,C,not-resolved,,,,,not-resolved,data/chars/7573.json
畴,A,resolved,田,田,Bộ Điền,102,record-radical,data/chars/7574.json
畵,C,not-resolved,,,,,not-resolved,data/chars/7575.json
畷,C,not-resolved,,,,,not-resolved,data/chars/7577.json
畸,C,not-resolved,,,,,not-resolved,data/chars/7578.json
畹,B,resolved,田,田,Bộ Điền,102,record-radical,data/chars/7579.json
畺,C,not-resolved,,,,,not-resolved,data/chars/757A.json
畽,C,not-resolved,,,,,not-resolved,data/chars/757D.json
畾,C,not-resolved,,,,,not-resolved,data/chars/757E.json
畿,B,resolved,田,田,Bộ Điền,102,record-radical,data/chars/757F.json
疃,B,resolved,田,田,Bộ Điền,102,record-radical,data/chars/7583.json
疆,C,not-resolved,,,,,not-resolved,data/chars/7586.json
疋,B,resolved,疋,疋,Bộ Sơ,103,self-radical,radical_learning_notes.json
疌,C,resolved,疋,疋,Bộ Sơ,103,record-radical,data/chars/758C.json
疍,C,not-resolved,,,,,not-resolved,data/chars/758D.json
疏,C,not-resolved,,,,,not-resolved,data/chars/758F.json
疐,C,not-resolved,,,,,not-resolved,data/chars/7590.json
疑,C,not-resolved,龰,,,,not-resolved,data/chars/7591.json
疒,B,resolved,疒,疒,Bộ Nạch,104,self-radical,radical_learning_notes.json
疔,B,resolved,疒,疒,Bộ Nạch,104,record-radical,data/chars/7594.json
疕,C,not-resolved,,,,,not-resolved,data/chars/7595.json
疖,B,resolved,疒,疒,Bộ Nạch,104,record-radical,data/chars/7596.json
疗,A,resolved,疒,疒,Bộ Nạch,104,record-radical,data/chars/7597.json
疙,A,resolved,疒,疒,Bộ Nạch,104,record-radical,data/chars/7599.json
疚,A,resolved,疒,疒,Bộ Nạch,104,record-radical,data/chars/759A.json
疝,B,resolved,疒,疒,Bộ Nạch,104,record-radical,data/chars/759D.json
疟,B,resolved,疒,疒,Bộ Nạch,104,record-radical,data/chars/759F.json
疠,C,not-resolved,,,,,not-resolved,data/chars/75A0.json
疡,B,resolved,疒,疒,Bộ Nạch,104,record-radical,data/chars/75A1.json
疢,C,not-resolved,,,,,not-resolved,data/chars/75A2.json
疣,B,resolved,疒,疒,Bộ Nạch,104,record-radical,data/chars/75A3.json
疤,A,resolved,疒,疒,Bộ Nạch,104,record-radical,data/chars/75A4.json
疥,B,resolved,疒,疒,Bộ Nạch,104,record-radical,data/chars/75A5.json
疧,C,not-resolved,,,,,not-resolved,data/chars/75A7.json
疫,A,resolved,疒,疒,Bộ Nạch,104,record-radical,data/chars/75AB.json
疬,B,resolved,疒,疒,Bộ Nạch,104,record-radical,data/chars/75AC.json
疭,B,resolved,疒,疒,Bộ Nạch,104,record-radical,data/chars/75AD.json
疮,B,resolved,疒,疒,Bộ Nạch,104,record-radical,data/chars/75AE.json
疯,A,resolved,疒,疒,Bộ Nạch,104,record-radical,data/chars/75AF.json
疱,B,resolved,疒,疒,Bộ Nạch,104,record-radical,data/chars/75B1.json
疲,A,resolved,疒,疒,Bộ Nạch,104,record-radical,data/chars/75B2.json
疳,B,resolved,疒,疒,Bộ Nạch,104,record-radical,data/chars/75B3.json
疴,B,resolved,疒,疒,Bộ Nạch,104,record-radical,data/chars/75B4.json
疵,B,resolved,疒,疒,Bộ Nạch,104,record-radical,data/chars/75B5.json
疶,C,not-resolved,,,,,not-resolved,data/chars/75B6.json
疸,B,resolved,疒,疒,Bộ Nạch,104,record-radical,data/chars/75B8.json
疹,B,resolved,疒,疒,Bộ Nạch,104,record-radical,data/chars/75B9.json
疼,A,resolved,疒,疒,Bộ Nạch,104,record-radical,data/chars/75BC.json
疽,B,resolved,疒,疒,Bộ Nạch,104,record-radical,data/chars/75BD.json
疾,A,resolved,疒,疒,Bộ Nạch,104,record-radical,data/chars/75BE.json
痁,C,not-resolved,,,,,not-resolved,data/chars/75C1.json
痂,B,resolved,疒,疒,Bộ Nạch,104,record-radical,data/chars/75C2.json
痃,C,resolved,疒,疒,Bộ Nạch,104,record-radical,data/chars/75C3.json
痄,B,resolved,疒,疒,Bộ Nạch,104,record-radical,data/chars/75C4.json
病,A,resolved,疒,疒,Bộ Nạch,104,record-radical,data/chars/75C5.json
症,A,resolved,疒,疒,Bộ Nạch,104,record-radical,data/chars/75C7.json
痈,B,resolved,疒,疒,Bộ Nạch,104,record-radical,data/chars/75C8.json
痉,B,resolved,疒,疒,Bộ Nạch,104,record-radical,data/chars/75C9.json
痊,C,not-resolved,,,,,not-resolved,data/chars/75CA.json
痌,C,not-resolved,,,,,not-resolved,data/chars/75CC.json
痍,B,resolved,疒,疒,Bộ Nạch,104,record-radical,data/chars/75CD.json
痏,C,not-resolved,,,,,not-resolved,data/chars/75CF.json
痒,A,resolved,疒,疒,Bộ Nạch,104,record-radical,data/chars/75D2.json
痔,B,resolved,疒,疒,Bộ Nạch,104,record-radical,data/chars/75D4.json
痕,A,resolved,疒,疒,Bộ Nạch,104,record-radical,data/chars/75D5.json
痖,B,resolved,疒,疒,Bộ Nạch,104,record-radical,data/chars/75D6.json
痗,C,not-resolved,,,,,not-resolved,data/chars/75D7.json
痘,A,resolved,疒,疒,Bộ Nạch,104,record-radical,data/chars/75D8.json
痚,C,not-resolved,,,,,not-resolved,data/chars/75DA.json
痛,A,resolved,疒,疒,Bộ Nạch,104,record-radical,data/chars/75DB.json
痜,C,not-resolved,,,,,not-resolved,data/chars/75DC.json
痞,B,resolved,疒,疒,Bộ Nạch,104,record-radical,data/chars/75DE.json
痠,C,not-resolved,,,,,not-resolved,data/chars/75E0.json
痡,C,not-resolved,,,,,not-resolved,data/chars/75E1.json
痢,B,resolved,疒,疒,Bộ Nạch,104,record-radical,data/chars/75E2.json
痣,C,not-resolved,,,,,not-resolved,data/chars/75E3.json
痤,B,resolved,疒,疒,Bộ Nạch,104,record-radical,data/chars/75E4.json
痦,B,resolved,疒,疒,Bộ Nạch,104,record-radical,data/chars/75E6.json
痧,B,resolved,疒,疒,Bộ Nạch,104,record-radical,data/chars/75E7.json
痨,B,resolved,疒,疒,Bộ Nạch,104,record-radical,data/chars/75E8.json
痩,C,not-resolved,,,,,not-resolved,data/chars/75E9.json
痪,A,resolved,疒,疒,Bộ Nạch,104,record-radical,data/chars/75EA.json
痫,B,resolved,疒,疒,Bộ Nạch,104,record-radical,data/chars/75EB.json
痭,C,not-resolved,,,,,not-resolved,data/chars/75ED.json
痯,C,not-resolved,,,,,not-resolved,data/chars/75EF.json
痰,A,resolved,疒,疒,Bộ Nạch,104,record-radical,data/chars/75F0.json
痱,B,resolved,疒,疒,Bộ Nạch,104,record-radical,data/chars/75F1.json
痲,B,resolved,疒,疒,Bộ Nạch,104,record-radical,data/chars/75F2.json
痳,C,not-resolved,,,,,not-resolved,data/chars/75F3.json
痴,A,resolved,疒,疒,Bộ Nạch,104,record-radical,data/chars/75F4.json
痵,C,not-resolved,,,,,not-resolved,data/chars/75F5.json
痹,A,resolved,疒,疒,Bộ Nạch,104,record-radical,data/chars/75F9.json
痻,C,not-resolved,,,,,not-resolved,data/chars/75FB.json
痼,B,resolved,疒,疒,Bộ Nạch,104,record-radical,data/chars/75FC.json
痿,B,resolved,疒,疒,Bộ Nạch,104,record-radical,data/chars/75FF.json
瘀,B,resolved,疒,疒,Bộ Nạch,104,record-radical,data/chars/7600.json
瘁,B,resolved,疒,疒,Bộ Nạch,104,record-radical,data/chars/7601.json
瘃,B,resolved,疒,疒,Bộ Nạch,104,record-radical,data/chars/7603.json
瘅,B,resolved,疒,疒,Bộ Nạch,104,record-radical,data/chars/7605.json
瘆,C,not-resolved,,,,,not-resolved,data/chars/7606.json
瘈,C,not-resolved,,,,,not-resolved,data/chars/7608.json
瘉,C,not-resolved,,,,,not-resolved,data/chars/7609.json
瘊,B,resolved,疒,疒,Bộ Nạch,104,record-radical,data/chars/760A.json
瘌,B,resolved,疒,疒,Bộ Nạch,104,record-radical,data/chars/760C.json
瘏,C,not-resolved,,,,,not-resolved,data/chars/760F.json
瘐,B,resolved,疒,疒,Bộ Nạch,104,record-radical,data/chars/7610.json
瘕,B,resolved,疒,疒,Bộ Nạch,104,record-radical,data/chars/7615.json
瘖,C,not-resolved,,,,,not-resolved,data/chars/7616.json
瘗,B,resolved,土,土,Bộ Thổ,32,record-radical,data/chars/7617.json
瘘,B,resolved,疒,疒,Bộ Nạch,104,record-radical,data/chars/7618.json
瘙,B,resolved,疒,疒,Bộ Nạch,104,record-radical,data/chars/7619.json
瘚,C,not-resolved,,,,,not-resolved,data/chars/761A.json
瘛,B,resolved,疒,疒,Bộ Nạch,104,record-radical,data/chars/761B.json
瘜,B,resolved,疒,疒,Bộ Nạch,104,record-radical,data/chars/761C.json
瘝,C,not-resolved,,,,,not-resolved,data/chars/761D.json
瘟,A,resolved,疒,疒,Bộ Nạch,104,record-radical,data/chars/761F.json
瘠,B,resolved,疒,疒,Bộ Nạch,104,record-radical,data/chars/7620.json
瘢,B,resolved,疒,疒,Bộ Nạch,104,record-radical,data/chars/7622.json
瘤,A,resolved,疒,疒,Bộ Nạch,104,record-radical,data/chars/7624.json
瘥,B,resolved,疒,疒,Bộ Nạch,104,record-radical,data/chars/7625.json
瘦,A,resolved,疒,疒,Bộ Nạch,104,record-radical,data/chars/7626.json
瘨,C,not-resolved,,,,,not-resolved,data/chars/7628.json
瘩,A,resolved,疒,疒,Bộ Nạch,104,record-radical,data/chars/7629.json
瘪,B,resolved,疒,疒,Bộ Nạch,104,record-radical,data/chars/762A.json
瘫,A,resolved,疒,疒,Bộ Nạch,104,record-radical,data/chars/762B.json
瘭,B,resolved,疒,疒,Bộ Nạch,104,record-radical,data/chars/762D.json
瘯,C,not-resolved,,,,,not-resolved,data/chars/762F.json
瘰,B,resolved,疒,疒,Bộ Nạch,104,record-radical,data/chars/7630.json
瘳,B,resolved,疒,疒,Bộ Nạch,104,record-radical,data/chars/7633.json
瘴,B,resolved,疒,疒,Bộ Nạch,104,record-radical,data/chars/7634.json
瘵,B,resolved,疒,疒,Bộ Nạch,104,record-radical,data/chars/7635.json
瘸,B,resolved,疒,疒,Bộ Nạch,104,record-radical,data/chars/7638.json
瘺,C,not-resolved,,,,,not-resolved,data/chars/763A.json
瘼,B,resolved,疒,疒,Bộ Nạch,104,record-radical,data/chars/763C.json
瘾,A,resolved,疒,疒,Bộ Nạch,104,record-radical,data/chars/763E.json
瘿,B,resolved,疒,疒,Bộ Nạch,104,record-radical,data/chars/763F.json
癀,B,resolved,疒,疒,Bộ Nạch,104,record-radical,data/chars/7640.json
癃,B,resolved,疒,疒,Bộ Nạch,104,record-radical,data/chars/7643.json
癌,A,resolved,疒,疒,Bộ Nạch,104,record-radical,data/chars/764C.json
癍,C,not-resolved,,,,,not-resolved,data/chars/764D.json
癎,C,not-resolved,,,,,not-resolved,data/chars/764E.json
癔,B,resolved,疒,疒,Bộ Nạch,104,record-radical,data/chars/7654.json
癕,C,not-resolved,,,,,not-resolved,data/chars/7655.json
癖,B,resolved,疒,疒,Bộ Nạch,104,record-radical,data/chars/7656.json
癙,C,not-resolved,,,,,not-resolved,data/chars/7659.json
癜,B,resolved,疒,疒,Bộ Nạch,104,record-radical,data/chars/765C.json
癞,B,resolved,疒,疒,Bộ Nạch,104,record-radical,data/chars/765E.json
癠,C,not-resolved,,,,,not-resolved,data/chars/7660.json
癣,B,resolved,疒,疒,Bộ Nạch,104,record-radical,data/chars/7663.json
癪,C,not-resolved,,,,,not-resolved,data/chars/766A.json
癫,B,resolved,疒,疒,Bộ Nạch,104,record-radical,data/chars/766B.json
癯,B,resolved,疒,疒,Bộ Nạch,104,record-radical,data/chars/766F.json
癶,B,resolved,癶,癶,Bộ Bát,105,self-radical,radical_learning_notes.json
癸,C,not-resolved,,,,,not-resolved,data/chars/7678.json
発,C,not-resolved,,,,,not-resolved,data/chars/767A.json
登,A,resolved,舛,舛,Bộ Suyễn,136,record-radical,data/chars/767B.json
白,A,resolved,白,白,Bộ Bạch,106,self-radical,radical_learning_notes.json
百,A,resolved,一,一,Bộ Nhất,1,record-radical,data/chars/767E.json
癿,C,not-resolved,,,,,not-resolved,data/chars/767F.json
皀,C,not-resolved,,,,,not-resolved,data/chars/7680.json
皁,C,not-resolved,,,,,not-resolved,data/chars/7681.json
皂,C,not-resolved,,,,,not-resolved,data/chars/7682.json
皃,C,not-resolved,,,,,not-resolved,data/chars/7683.json
的,A,resolved,白,白,Bộ Bạch,106,record-radical,data/chars/7684.json
皅,C,resolved,白,白,Bộ Bạch,106,record-radical,data/chars/7685.json
皆,A,resolved,比,比,Bộ Tỷ,81,record-radical,data/chars/7686.json
皇,C,not-resolved,王,,,,not-resolved,data/chars/7687.json
皈,C,not-resolved,,,,,not-resolved,data/chars/7688.json
皋,C,not-resolved,夲,,,,not-resolved,data/chars/768B.json
皌,C,not-resolved,,,,,not-resolved,data/chars/768C.json
皎,B,resolved,白,白,Bộ Bạch,106,record-radical,data/chars/768E.json
皑,B,resolved,白,白,Bộ Bạch,106,record-radical,data/chars/7691.json
皒,B,resolved,白,白,Bộ Bạch,106,record-radical,data/chars/7692.json
皓,B,resolved,白,白,Bộ Bạch,106,record-radical,data/chars/7693.json
皕,C,not-resolved,,,,,not-resolved,data/chars/7695.json
皖,B,resolved,白,白,Bộ Bạch,106,record-radical,data/chars/7696.json
皘,C,not-resolved,,,,,not-resolved,data/chars/7698.json
皝,C,not-resolved,,,,,not-resolved,data/chars/769D.json
皞,C,not-resolved,,,,,not-resolved,data/chars/769E.json
皤,B,resolved,白,白,Bộ Bạch,106,record-radical,data/chars/76A4.json
皦,B,resolved,白,白,Bộ Bạch,106,record-radical,data/chars/76A6.json
皨,C,not-resolved,,,,,not-resolved,data/chars/76A8.json
皪,C,not-resolved,,,,,not-resolved,data/chars/76AA.json
皫,C,not-resolved,,,,,not-resolved,data/chars/76AB.json
皭,C,not-resolved,,,,,not-resolved,data/chars/76AD.json
皮,A,resolved,皮,皮,Bộ Bì,107,self-radical,radical_learning_notes.json
皱,A,resolved,皮,皮,Bộ Bì,107,record-radical,data/chars/76B1.json
皲,B,resolved,皮,皮,Bộ Bì,107,record-radical,data/chars/76B2.json
皴,B,resolved,皮,皮,Bộ Bì,107,record-radical,data/chars/76B4.json
皻,C,not-resolved,,,,,not-resolved,data/chars/76BB.json
皽,C,not-resolved,,,,,not-resolved,data/chars/76BD.json
皿,A,resolved,皿,皿,Bộ Mãnh,108,self-radical,radical_learning_notes.json
盂,B,resolved,皿,皿,Bộ Mãnh,108,record-radical,data/chars/76C2.json
盅,B,resolved,皿,皿,Bộ Mãnh,108,record-radical,data/chars/76C5.json
盆,A,resolved,皿,皿,Bộ Mãnh,108,record-radical,data/chars/76C6.json
盈,A,resolved,皿,皿,Bộ Mãnh,108,record-radical,data/chars/76C8.json
益,C,not-resolved,◎,,,,not-resolved,data/chars/76CA.json
盋,C,not-resolved,,,,,not-resolved,data/chars/76CB.json
盍,C,not-resolved,去,,,,not-resolved,data/chars/76CD.json
盎,B,resolved,皿,皿,Bộ Mãnh,108,record-radical,data/chars/76CE.json
盏,C,not-resolved,,,,,not-resolved,data/chars/76CF.json
盐,C,not-resolved,,,,,not-resolved,data/chars/76D0.json
监,A,resolved,目,目,Bộ Mục,109,record-radical,data/chars/76D1.json
盒,A,resolved,皿,皿,Bộ Mãnh,108,record-radical,data/chars/76D2.json
盔,A,resolved,皿,皿,Bộ Mãnh,108,record-radical,data/chars/76D4.json
盖,A,resolved,艹,艸,Bộ Thảo,140,record-radical,data/chars/76D6.json
盗,C,not-resolved,,,,,not-resolved,data/chars/76D7.json
盘,A,resolved,皿,皿,Bộ Mãnh,108,record-radical,data/chars/76D8.json
盚,C,not-resolved,,,,,not-resolved,data/chars/76DA.json
盛,A,resolved,皿,皿,Bộ Mãnh,108,record-radical,data/chars/76DB.json
盝,C,not-resolved,,,,,not-resolved,data/chars/76DD.json
盟,A,resolved,皿,皿,Bộ Mãnh,108,record-radical,data/chars/76DF.json
盥,C,not-resolved,,,,,not-resolved,data/chars/76E5.json
盦,C,not-resolved,,,,,not-resolved,data/chars/76E6.json
盩,C,not-resolved,,,,,not-resolved,data/chars/76E9.json
盬,C,not-resolved,,,,,not-resolved,data/chars/76EC.json
盭,C,not-resolved,,,,,not-resolved,data/chars/76ED.json
目,A,resolved,目,目,Bộ Mục,109,self-radical,radical_learning_notes.json
盯,A,resolved,目,目,Bộ Mục,109,record-radical,data/chars/76EF.json
盱,B,resolved,目,目,Bộ Mục,109,record-radical,data/chars/76F1.json
盲,C,not-resolved,,,,,not-resolved,data/chars/76F2.json
直,C,not-resolved,◎,,,,not-resolved,data/chars/76F4.json
盵,C,not-resolved,,,,,not-resolved,data/chars/76F5.json
相,A,resolved,木,木,Bộ Mộc,75,record-radical,data/chars/76F8.json
盹,A,resolved,目,目,Bộ Mục,109,record-radical,data/chars/76F9.json
盻,C,not-resolved,,,,,not-resolved,data/chars/76FB.json
盼,A,resolved,目,目,Bộ Mục,109,record-radical,data/chars/76FC.json
盾,C,not-resolved,,,,,not-resolved,data/chars/76FE.json
省,A,resolved,目,目,Bộ Mục,109,record-radical,data/chars/7701.json
眂,C,not-resolved,,,,,not-resolved,data/chars/7702.json
眄,B,resolved,目,目,Bộ Mục,109,record-radical,data/chars/7704.json
眅,C,not-resolved,,,,,not-resolved,data/chars/7705.json
眇,C,not-resolved,,,,,not-resolved,data/chars/7707.json
眈,B,resolved,目,目,Bộ Mục,109,record-radical,data/chars/7708.json
眉,C,not-resolved,,,,,not-resolved,data/chars/7709.json
眊,C,not-resolved,,,,,not-resolved,data/chars/770A.json
看,A,resolved,手,手,Bộ Thủ,64,record-radical,data/chars/770B.json
県,B,resolved,目,目,Bộ Mục,109,record-radical,data/chars/770C.json
眍,B,resolved,目,目,Bộ Mục,109,record-radical,data/chars/770D.json
眑,C,not-resolved,,,,,not-resolved,data/chars/7711.json
眔,C,resolved,目,目,Bộ Mục,109,record-radical,data/chars/7714.json
眕,C,not-resolved,,,,,not-resolved,data/chars/7715.json
眙,B,resolved,目,目,Bộ Mục,109,record-radical,data/chars/7719.json
眚,B,resolved,目,目,Bộ Mục,109,record-radical,data/chars/771A.json
眛,C,not-resolved,,,,,not-resolved,data/chars/771B.json
眞,C,not-resolved,,,,,not-resolved,data/chars/771E.json
真,A,resolved,匕,匕,"Bộ Tỷ, Chủy",21,record-radical,data/chars/771F.json
眠,A,resolved,目,目,Bộ Mục,109,record-radical,data/chars/7720.json
眢,B,resolved,目,目,Bộ Mục,109,record-radical,data/chars/7722.json
眣,C,not-resolved,,,,,not-resolved,data/chars/7723.json
眦,B,resolved,目,目,Bộ Mục,109,record-radical,data/chars/7726.json
眨,C,not-resolved,,,,,not-resolved,data/chars/7728.json
眩,A,resolved,目,目,Bộ Mục,109,record-radical,data/chars/7729.json
眬,B,resolved,目,目,Bộ Mục,109,record-radical,data/chars/772C.json
眭,B,resolved,目,目,Bộ Mục,109,record-radical,data/chars/772D.json
眯,A,resolved,目,目,Bộ Mục,109,record-radical,data/chars/772F.json
眰,C,not-resolved,,,,,not-resolved,data/chars/7730.json
眳,B,resolved,目,目,Bộ Mục,109,record-radical,data/chars/7733.json
眴,C,not-resolved,,,,,not-resolved,data/chars/7734.json
眵,B,resolved,目,目,Bộ Mục,109,record-radical,data/chars/7735.json
眶,A,resolved,目,目,Bộ Mục,109,record-radical,data/chars/7736.json
眷,A,resolved,目,目,Bộ Mục,109,record-radical,data/chars/7737.json
眸,A,resolved,目,目,Bộ Mục,109,record-radical,data/chars/7738.json
眹,C,not-resolved,,,,,not-resolved,data/chars/7739.json
眺,A,resolved,目,目,Bộ Mục,109,record-radical,data/chars/773A.json
眼,A,resolved,目,目,Bộ Mục,109,record-radical,data/chars/773C.json
眽,B,resolved,目,目,Bộ Mục,109,record-radical,data/chars/773D.json
着,A,resolved,艹,艸,Bộ Thảo,140,record-radical,data/chars/7740.json
睁,A,resolved,目,目,Bộ Mục,109,record-radical,data/chars/7741.json
睂,C,not-resolved,,,,,not-resolved,data/chars/7742.json
睃,B,resolved,目,目,Bộ Mục,109,record-radical,data/chars/7743.json
睅,C,not-resolved,,,,,not-resolved,data/chars/7745.json
睆,C,not-resolved,,,,,not-resolved,data/chars/7746.json
睇,B,resolved,目,目,Bộ Mục,109,record-radical,data/chars/7747.json
睊,C,not-resolved,,,,,not-resolved,data/chars/774A.json
睎,C,not-resolved,,,,,not-resolved,data/chars/774E.json
睐,B,resolved,目,目,Bộ Mục,109,record-radical,data/chars/7750.json
睑,B,resolved,目,目,Bộ Mục,109,record-radical,data/chars/7751.json
睒,C,not-resolved,,,,,not-resolved,data/chars/7752.json
睓,C,not-resolved,,,,,not-resolved,data/chars/7753.json
睖,C,not-resolved,,,,,not-resolved,data/chars/7756.json
睘,B,resolved,目,目,Bộ Mục,109,record-radical,data/chars/7758.json
睙,C,not-resolved,,,,,not-resolved,data/chars/7759.json
睚,B,resolved,目,目,Bộ Mục,109,record-radical,data/chars/775A.json
睛,A,resolved,目,目,Bộ Mục,109,record-radical,data/chars/775B.json
睟,C,not-resolved,,,,,not-resolved,data/chars/775F.json
睡,A,resolved,目,目,Bộ Mục,109,record-radical,data/chars/7761.json
睢,B,resolved,目,目,Bộ Mục,109,record-radical,data/chars/7762.json
督,A,resolved,目,目,Bộ Mục,109,record-radical,data/chars/7763.json
睥,B,resolved,目,目,Bộ Mục,109,record-radical,data/chars/7765.json
睦,A,resolved,目,目,Bộ Mục,109,record-radical,data/chars/7766.json
睨,B,resolved,目,目,Bộ Mục,109,record-radical,data/chars/7768.json
睪,B,resolved,目,目,Bộ Mục,109,record-radical,data/chars/776A.json
睫,B,resolved,目,目,Bộ Mục,109,record-radical,data/chars/776B.json
睬,A,resolved,目,目,Bộ Mục,109,record-radical,data/chars/776C.json
睯,C,not-resolved,,,,,not-resolved,data/chars/776F.json
睹,A,resolved,目,目,Bộ Mục,109,record-radical,data/chars/7779.json
睺,C,not-resolved,,,,,not-resolved,data/chars/777A.json
睽,B,resolved,目,目,Bộ Mục,109,record-radical,data/chars/777D.json
睾,C,not-resolved,,,,,not-resolved,data/chars/777E.json
睿,C,not-resolved,,,,,not-resolved,data/chars/777F.json
瞀,C,not-resolved,,,,,not-resolved,data/chars/7780.json
瞄,A,resolved,目,目,Bộ Mục,109,record-radical,data/chars/7784.json
瞅,B,resolved,目,目,Bộ Mục,109,record-radical,data/chars/7785.json
瞈,C,not-resolved,,,,,not-resolved,data/chars/7788.json
瞋,B,resolved,目,目,Bộ Mục,109,record-radical,data/chars/778B.json
瞌,B,resolved,目,目,Bộ Mục,109,record-radical,data/chars/778C.json
瞍,C,not-resolved,,,,,not-resolved,data/chars/778D.json
瞎,C,not-resolved,,,,,not-resolved,data/chars/778E.json
瞏,C,not-resolved,,,,,not-resolved,data/chars/778F.json
瞑,C,not-resolved,,,,,not-resolved,data/chars/7791.json
瞒,A,resolved,目,目,Bộ Mục,109,record-radical,data/chars/7792.json
瞓,B,resolved,目,目,Bộ Mục,109,record-radical,data/chars/7793.json
瞕,C,not-resolved,,,,,not-resolved,data/chars/7795.json
瞟,B,resolved,目,目,Bộ Mục,109,record-radical,data/chars/779F.json
瞠,B,resolved,目,目,Bộ Mục,109,record-radical,data/chars/77A0.json
瞢,C,not-resolved,,,,,not-resolved,data/chars/77A2.json
瞥,A,resolved,目,目,Bộ Mục,109,record-radical,data/chars/77A5.json
瞧,A,resolved,目,目,Bộ Mục,109,record-radical,data/chars/77A7.json
瞩,A,resolved,目,目,Bộ Mục,109,record-radical,data/chars/77A9.json
瞪,A,resolved,目,目,Bộ Mục,109,record-radical,data/chars/77AA.json
瞫,C,not-resolved,,,,,not-resolved,data/chars/77AB.json
瞬,A,resolved,目,目,Bộ Mục,109,record-radical,data/chars/77AC.json
瞭,B,resolved,目,目,Bộ Mục,109,record-radical,data/chars/77AD.json
瞰,A,resolved,目,目,Bộ Mục,109,record-radical,data/chars/77B0.json
瞳,B,resolved,目,目,Bộ Mục,109,record-radical,data/chars/77B3.json
瞵,B,resolved,目,目,Bộ Mục,109,record-radical,data/chars/77B5.json
瞷,C,not-resolved,,,,,not-resolved,data/chars/77B7.json
瞹,C,not-resolved,,,,,not-resolved,data/chars/77B9.json
瞻,A,resolved,目,目,Bộ Mục,109,record-radical,data/chars/77BB.json
瞽,B,resolved,目,目,Bộ Mục,109,record-radical,data/chars/77BD.json
瞿,C,not-resolved,,,,,not-resolved,data/chars/77BF.json
矉,C,not-resolved,,,,,not-resolved,data/chars/77C9.json
矍,C,not-resolved,,,,,not-resolved,data/chars/77CD.json
矔,C,not-resolved,,,,,not-resolved,data/chars/77D4.json
矗,C,not-resolved,,,,,not-resolved,data/chars/77D7.json
矛,A,resolved,矛,矛,Bộ Mâu,110,self-radical,radical_learning_notes.json
矜,B,resolved,矛,矛,Bộ Mâu,110,record-radical,data/chars/77DC.json
矞,C,not-resolved,,,,,not-resolved,data/chars/77DE.json
矟,C,not-resolved,,,,,not-resolved,data/chars/77DF.json
矠,C,not-resolved,,,,,not-resolved,data/chars/77E0.json
矢,A,resolved,矢,矢,Bộ Thỉ,111,self-radical,radical_learning_notes.json
矣,C,not-resolved,,,,,not-resolved,data/chars/77E3.json
知,A,resolved,口,口,Bộ Khẩu,30,record-radical,data/chars/77E5.json
矦,B,resolved,厂,厂,Bộ,27,record-radical,data/chars/77E6.json
矧,C,not-resolved,引,,,,not-resolved,data/chars/77E7.json
矨,C,not-resolved,,,,,not-resolved,data/chars/77E8.json
矩,A,resolved,矢,矢,Bộ Thỉ,111,record-radical,data/chars/77E9.json
矫,A,resolved,矢,矢,Bộ Thỉ,111,record-radical,data/chars/77EB.json
矬,B,resolved,矢,矢,Bộ Thỉ,111,record-radical,data/chars/77EC.json
短,A,resolved,矢,矢,Bộ Thỉ,111,record-radical,data/chars/77ED.json
矮,A,resolved,矢,矢,Bộ Thỉ,111,record-radical,data/chars/77EE.json
矰,C,not-resolved,,,,,not-resolved,data/chars/77F0.json
矱,C,not-resolved,,,,,not-resolved,data/chars/77F1.json
石,A,resolved,石,石,Bộ Thạch,112,self-radical,radical_learning_notes.json
矶,B,resolved,石,石,Bộ Thạch,112,record-radical,data/chars/77F6.json
矷,C,not-resolved,,,,,not-resolved,data/chars/77F7.json
矸,B,resolved,石,石,Bộ Thạch,112,record-radical,data/chars/77F8.json
矻,B,resolved,石,石,Bộ Thạch,112,record-radical,data/chars/77FB.json
矼,C,not-resolved,,,,,not-resolved,data/chars/77FC.json
矽,B,resolved,石,石,Bộ Thạch,112,record-radical,data/chars/77FD.json
矾,B,resolved,石,石,Bộ Thạch,112,record-radical,data/chars/77FE.json
矿,A,resolved,石,石,Bộ Thạch,112,record-radical,data/chars/77FF.json
砀,C,not-resolved,,,,,not-resolved,data/chars/7800.json
码,A,resolved,石,石,Bộ Thạch,112,record-radical,data/chars/7801.json
砂,C,not-resolved,,,,,not-resolved,data/chars/7802.json
砃,C,not-resolved,,,,,not-resolved,data/chars/7803.json
砄,C,not-resolved,,,,,not-resolved,data/chars/7804.json
砅,C,not-resolved,,,,,not-resolved,data/chars/7805.json
砆,C,not-resolved,,,,,not-resolved,data/chars/7806.json
砈,C,not-resolved,,,,,not-resolved,data/chars/7808.json
砉,C,not-resolved,,,,,not-resolved,data/chars/7809.json
砌,C,not-resolved,,,,,not-resolved,data/chars/780C.json
砍,A,resolved,石,石,Bộ Thạch,112,record-radical,data/chars/780D.json
砑,C,not-resolved,,,,,not-resolved,data/chars/7811.json
砒,B,resolved,石,石,Bộ Thạch,112,record-radical,data/chars/7812.json
研,A,resolved,石,石,Bộ Thạch,112,record-radical,data/chars/7814.json
砕,C,not-resolved,,,,,not-resolved,data/chars/7815.json
砖,A,resolved,石,石,Bộ Thạch,112,record-radical,data/chars/7816.json
砗,B,resolved,石,石,Bộ Thạch,112,record-radical,data/chars/7817.json
砘,B,resolved,石,石,Bộ Thạch,112,record-radical,data/chars/7818.json
砚,B,resolved,石,石,Bộ Thạch,112,record-radical,data/chars/781A.json
砜,B,resolved,石,石,Bộ Thạch,112,record-radical,data/chars/781C.json
砝,B,resolved,石,石,Bộ Thạch,112,record-radical,data/chars/781D.json
砟,B,resolved,石,石,Bộ Thạch,112,record-radical,data/chars/781F.json
砠,C,not-resolved,,,,,not-resolved,data/chars/7820.json
砢,C,not-resolved,,,,,not-resolved,data/chars/7822.json
砣,B,resolved,石,石,Bộ Thạch,112,record-radical,data/chars/7823.json
砥,B,resolved,石,石,Bộ Thạch,112,record-radical,data/chars/7825.json
砧,B,resolved,石,石,Bộ Thạch,112,record-radical,data/chars/7827.json
砩,B,resolved,石,石,Bộ Thạch,112,record-radical,data/chars/7829.json
砫,C,not-resolved,,,,,not-resolved,data/chars/782B.json
砬,C,not-resolved,,,,,not-resolved,data/chars/782C.json
砭,B,resolved,石,石,Bộ Thạch,112,record-radical,data/chars/782D.json
砮,C,not-resolved,,,,,not-resolved,data/chars/782E.json
砯,C,not-resolved,,,,,not-resolved,data/chars/782F.json
砰,B,resolved,石,石,Bộ Thạch,112,record-radical,data/chars/7830.json
砳,C,not-resolved,,,,,not-resolved,data/chars/7833.json
破,A,resolved,石,石,Bộ Thạch,112,record-radical,data/chars/7834.json
砵,C,not-resolved,,,,,not-resolved,data/chars/7835.json
砷,B,resolved,石,石,Bộ Thạch,112,record-radical,data/chars/7837.json
砸,A,resolved,石,石,Bộ Thạch,112,record-radical,data/chars/7838.json
砹,B,resolved,石,石,Bộ Thạch,112,record-radical,data/chars/7839.json
砺,C,not-resolved,,,,,not-resolved,data/chars/783A.json
砻,B,resolved,石,石,Bộ Thạch,112,record-radical,data/chars/783B.json
砼,B,resolved,石,石,Bộ Thạch,112,record-radical,data/chars/783C.json
砾,B,resolved,石,石,Bộ Thạch,112,record-radical,data/chars/783E.json
础,A,resolved,石,石,Bộ Thạch,112,record-radical,data/chars/7840.json
硁,C,not-resolved,,,,,not-resolved,data/chars/7841.json
硅,B,resolved,石,石,Bộ Thạch,112,record-radical,data/chars/7845.json
硇,C,not-resolved,,,,,not-resolved,data/chars/7847.json
硌,B,resolved,石,石,Bộ Thạch,112,record-radical,data/chars/784C.json
硍,C,not-resolved,,,,,not-resolved,data/chars/784D.json
硎,B,resolved,石,石,Bộ Thạch,112,record-radical,data/chars/784E.json
硏,C,not-resolved,,,,,not-resolved,data/chars/784F.json
硐,B,resolved,石,石,Bộ Thạch,112,record-radical,data/chars/7850.json
硑,C,not-resolved,,,,,not-resolved,data/chars/7851.json
硒,B,resolved,石,石,Bộ Thạch,112,record-radical,data/chars/7852.json
硕,C,not-resolved,,,,,not-resolved,data/chars/7855.json
硖,B,resolved,石,石,Bộ Thạch,112,record-radical,data/chars/7856.json
硗,B,resolved,石,石,Bộ Thạch,112,record-radical,data/chars/7857.json
硙,B,resolved,石,石,Bộ Thạch,112,record-radical,data/chars/7859.json
硚,C,not-resolved,,,,,not-resolved,data/chars/785A.json
硝,B,resolved,石,石,Bộ Thạch,112,record-radical,data/chars/785D.json
硪,B,resolved,石,石,Bộ Thạch,112,record-radical,data/chars/786A.json
硫,B,resolved,石,石,Bộ Thạch,112,record-radical,data/chars/786B.json
硬,A,resolved,石,石,Bộ Thạch,112,record-radical,data/chars/786C.json
硭,B,resolved,石,石,Bộ Thạch,112,record-radical,data/chars/786D.json
确,A,resolved,石,石,Bộ Thạch,112,record-radical,data/chars/786E.json
硵,C,not-resolved,,,,,not-resolved,data/chars/7875.json
硷,B,resolved,石,石,Bộ Thạch,112,record-radical,data/chars/7877.json
硻,C,not-resolved,,,,,not-resolved,data/chars/787B.json
硼,B,resolved,石,石,Bộ Thạch,112,record-radical,data/chars/787C.json
硾,C,not-resolved,,,,,not-resolved,data/chars/787E.json
碃,C,not-resolved,,,,,not-resolved,data/chars/7883.json
碇,A,resolved,石,石,Bộ Thạch,112,record-radical,data/chars/7887.json
碈,C,not-resolved,,,,,not-resolved,data/chars/7888.json
碉,B,resolved,石,石,Bộ Thạch,112,record-radical,data/chars/7889.json
碌,A,resolved,石,石,Bộ Thạch,112,record-radical,data/chars/788C.json
碍,A,resolved,石,石,Bộ Thạch,112,record-radical,data/chars/788D.json
碎,A,resolved,石,石,Bộ Thạch,112,record-radical,data/chars/788E.json
碏,C,not-resolved,,,,,not-resolved,data/chars/788F.json
碑,A,resolved,石,石,Bộ Thạch,112,record-radical,data/chars/7891.json
碓,B,resolved,石,石,Bộ Thạch,112,record-radical,data/chars/7893.json
碔,C,not-resolved,,,,,not-resolved,data/chars/7894.json
碗,A,resolved,石,石,Bộ Thạch,112,record-radical,data/chars/7897.json
碘,B,resolved,石,石,Bộ Thạch,112,record-radical,data/chars/7898.json
碚,B,resolved,石,石,Bộ Thạch,112,record-radical,data/chars/789A.json
碛,B,resolved,石,石,Bộ Thạch,112,record-radical,data/chars/789B.json
碜,B,resolved,石,石,Bộ Thạch,112,record-radical,data/chars/789C.json
碝,C,not-resolved,,,,,not-resolved,data/chars/789D.json
碞,C,not-resolved,,,,,not-resolved,data/chars/789E.json
碟,C,not-resolved,,,,,not-resolved,data/chars/789F.json
碡,B,resolved,石,石,Bộ Thạch,112,record-radical,data/chars/78A1.json
碣,B,resolved,石,石,Bộ Thạch,112,record-radical,data/chars/78A3.json
碧,C,not-resolved,,,,,not-resolved,data/chars/78A7.json
碫,C,not-resolved,,,,,not-resolved,data/chars/78AB.json
碬,C,not-resolved,,,,,not-resolved,data/chars/78AC.json
碯,C,not-resolved,,,,,not-resolved,data/chars/78AF.json
碰,A,resolved,石,石,Bộ Thạch,112,record-radical,data/chars/78B0.json
碱,A,resolved,石,石,Bộ Thạch,112,record-radical,data/chars/78B1.json
碲,B,resolved,石,石,Bộ Thạch,112,record-radical,data/chars/78B2.json
碳,A,resolved,石,石,Bộ Thạch,112,record-radical,data/chars/78B3.json
碴,B,resolved,石,石,Bộ Thạch,112,record-radical,data/chars/78B4.json
碻,C,not-resolved,,,,,not-resolved,data/chars/78BB.json
碾,B,resolved,石,石,Bộ Thạch,112,record-radical,data/chars/78BE.json
磁,A,resolved,石,石,Bộ Thạch,112,record-radical,data/chars/78C1.json
磅,B,resolved,石,石,Bộ Thạch,112,record-radical,data/chars/78C5.json
磈,C,not-resolved,,,,,not-resolved,data/chars/78C8.json
磉,B,resolved,石,石,Bộ Thạch,112,record-radical,data/chars/78C9.json
磊,C,not-resolved,,,,,not-resolved,data/chars/78CA.json
磋,B,resolved,石,石,Bộ Thạch,112,record-radical,data/chars/78CB.json
磎,C,not-resolved,,,,,not-resolved,data/chars/78CE.json
磐,B,resolved,石,石,Bộ Thạch,112,record-radical,data/chars/78D0.json
磔,B,resolved,石,石,Bộ Thạch,112,record-radical,data/chars/78D4.json
磕,B,resolved,石,石,Bộ Thạch,112,record-radical,data/chars/78D5.json
磖,C,not-resolved,,,,,not-resolved,data/chars/78D6.json
磙,B,resolved,石,石,Bộ Thạch,112,record-radical,data/chars/78D9.json
磛,C,not-resolved,,,,,not-resolved,data/chars/78DB.json
磡,C,not-resolved,,,,,not-resolved,data/chars/78E1.json
磤,C,not-resolved,,,,,not-resolved,data/chars/78E4.json
磥,C,not-resolved,,,,,not-resolved,data/chars/78E5.json
磨,A,resolved,石,石,Bộ Thạch,112,record-radical,data/chars/78E8.json
磪,C,not-resolved,,,,,not-resolved,data/chars/78EA.json
磬,B,resolved,石,石,Bộ Thạch,112,record-radical,data/chars/78EC.json
磭,C,not-resolved,,,,,not-resolved,data/chars/78ED.json
磲,B,resolved,石,石,Bộ Thạch,112,record-radical,data/chars/78F2.json
磴,C,not-resolved,,,,,not-resolved,data/chars/78F4.json
磵,C,not-resolved,,,,,not-resolved,data/chars/78F5.json
磷,A,resolved,石,石,Bộ Thạch,112,record-radical,data/chars/78F7.json
磹,C,not-resolved,,,,,not-resolved,data/chars/78F9.json
磺,C,not-resolved,,,,,not-resolved,data/chars/78FA.json
磻,C,not-resolved,,,,,not-resolved,data/chars/78FB.json
礀,C,not-resolved,,,,,not-resolved,data/chars/7900.json
礁,A,resolved,石,石,Bộ Thạch,112,record-radical,data/chars/7901.json
礅,B,resolved,石,石,Bộ Thạch,112,record-radical,data/chars/7905.json
礌,C,not-resolved,,,,,not-resolved,data/chars/790C.json
礓,B,resolved,石,石,Bộ Thạch,112,record-radical,data/chars/7913.json
礗,C,not-resolved,,,,,not-resolved,data/chars/7917.json
礚,C,not-resolved,,,,,not-resolved,data/chars/791A.json
礜,C,not-resolved,,,,,not-resolved,data/chars/791C.json
礝,C,not-resolved,,,,,not-resolved,data/chars/791D.json
礞,B,resolved,石,石,Bộ Thạch,112,record-radical,data/chars/791E.json
礤,B,resolved,石,石,Bộ Thạch,112,record-radical,data/chars/7924.json
礧,C,not-resolved,,,,,not-resolved,data/chars/7927.json
礮,C,not-resolved,,,,,not-resolved,data/chars/792E.json
礲,C,not-resolved,,,,,not-resolved,data/chars/7932.json
礴,B,resolved,石,石,Bộ Thạch,112,record-radical,data/chars/7934.json
礵,C,not-resolved,,,,,not-resolved,data/chars/7935.json
示,A,resolved,示,示,"Bộ Thị, Kì",113,self-radical,radical_learning_notes.json
礻,C,not-resolved,,,,,not-resolved,data/chars/793B.json
礼,C,not-resolved,礻,,,,not-resolved,data/chars/793C.json
礽,C,not-resolved,,,,,not-resolved,data/chars/793D.json
社,C,not-resolved,礻,,,,not-resolved,data/chars/793E.json
礿,C,not-resolved,,,,,not-resolved,data/chars/793F.json
祀,C,not-resolved,礻,,,,not-resolved,data/chars/7940.json
祁,C,not-resolved,礻,,,,not-resolved,data/chars/7941.json
祂,C,not-resolved,,,,,not-resolved,data/chars/7942.json
祃,C,not-resolved,,,,,not-resolved,data/chars/7943.json
祄,C,not-resolved,,,,,not-resolved,data/chars/7944.json
祅,C,not-resolved,,,,,not-resolved,data/chars/7945.json
祆,C,not-resolved,,,,,not-resolved,data/chars/7946.json
祇,C,not-resolved,礻,,,,not-resolved,data/chars/7947.json
祈,C,not-resolved,礻,,,,not-resolved,data/chars/7948.json
祉,C,not-resolved,礻,,,,not-resolved,data/chars/7949.json
祊,C,not-resolved,,,,,not-resolved,data/chars/794A.json
祍,C,not-resolved,,,,,not-resolved,data/chars/794D.json
祎,C,not-resolved,礻,,,,not-resolved,data/chars/794E.json
祏,C,not-resolved,,,,,not-resolved,data/chars/794F.json
祐,C,not-resolved,,,,,not-resolved,data/chars/7950.json
祓,C,not-resolved,礻,,,,not-resolved,data/chars/7953.json
祔,C,not-resolved,,,,,not-resolved,data/chars/7954.json
祖,C,not-resolved,礻,,,,not-resolved,data/chars/7956.json
祗,C,not-resolved,礻,,,,not-resolved,data/chars/7957.json
祘,C,not-resolved,,,,,not-resolved,data/chars/7958.json
祚,C,not-resolved,礻,,,,not-resolved,data/chars/795A.json
祛,C,not-resolved,,,,,not-resolved,data/chars/795B.json
祜,C,not-resolved,礻,,,,not-resolved,data/chars/795C.json
祝,C,not-resolved,礻,,,,not-resolved,data/chars/795D.json
神,C,not-resolved,礻,,,,not-resolved,data/chars/795E.json
祟,B,resolved,示,示,"Bộ Thị, Kì",113,record-radical,data/chars/795F.json
祠,C,not-resolved,礻,,,,not-resolved,data/chars/7960.json
祢,C,not-resolved,礻,,,,not-resolved,data/chars/7962.json
祥,C,not-resolved,礻,,,,not-resolved,data/chars/7965.json
祦,C,not-resolved,,,,,not-resolved,data/chars/7966.json
祧,C,not-resolved,礻,,,,not-resolved,data/chars/7967.json
票,C,not-resolved,覀,,,,not-resolved,data/chars/7968.json
祫,C,not-resolved,,,,,not-resolved,data/chars/796B.json
祭,A,resolved,示,示,"Bộ Thị, Kì",113,record-radical,data/chars/796D.json
祯,C,not-resolved,礻,,,,not-resolved,data/chars/796F.json
祲,C,not-resolved,,,,,not-resolved,data/chars/7972.json
祷,C,not-resolved,礻,,,,not-resolved,data/chars/7977.json
祸,C,not-resolved,礻,,,,not-resolved,data/chars/7978.json
祺,C,not-resolved,礻,,,,not-resolved,data/chars/797A.json
祻,C,not-resolved,,,,,not-resolved,data/chars/797B.json
祼,C,not-resolved,,,,,not-resolved,data/chars/797C.json
禀,C,not-resolved,,,,,not-resolved,data/chars/7980.json
禁,A,resolved,示,示,"Bộ Thị, Kì",113,record-radical,data/chars/7981.json
禂,C,not-resolved,,,,,not-resolved,data/chars/7982.json
禄,C,not-resolved,礻,,,,not-resolved,data/chars/7984.json
禅,C,not-resolved,,,,,not-resolved,data/chars/7985.json
禇,C,not-resolved,,,,,not-resolved,data/chars/7987.json
禊,C,not-resolved,礻,,,,not-resolved,data/chars/798A.json
禋,C,not-resolved,,,,,not-resolved,data/chars/798B.json
福,C,not-resolved,礻,,,,not-resolved,data/chars/798F.json
禔,C,not-resolved,,,,,not-resolved,data/chars/7994.json
禖,C,not-resolved,,,,,not-resolved,data/chars/7996.json
禘,C,not-resolved,,,,,not-resolved,data/chars/7998.json
禚,C,not-resolved,,,,,not-resolved,data/chars/799A.json
禛,C,not-resolved,礻,,,,not-resolved,data/chars/799B.json
禜,C,not-resolved,,,,,not-resolved,data/chars/799C.json
禝,C,not-resolved,,,,,not-resolved,data/chars/799D.json
禠,C,not-resolved,,,,,not-resolved,data/chars/79A0.json
禢,C,not-resolved,,,,,not-resolved,data/chars/79A2.json
禤,C,not-resolved,,,,,not-resolved,data/chars/79A4.json
禥,C,not-resolved,,,,,not-resolved,data/chars/79A5.json
禧,C,not-resolved,,,,,not-resolved,data/chars/79A7.json
禨,C,not-resolved,,,,,not-resolved,data/chars/79A8.json
禫,C,not-resolved,,,,,not-resolved,data/chars/79AB.json
禳,C,not-resolved,,,,,not-resolved,data/chars/79B3.json
禴,C,not-resolved,,,,,not-resolved,data/chars/79B4.json
禸,B,resolved,禸,禸,"Bộ Nhựu,Nhiễu",114,self-radical,radical_learning_notes.json
禹,C,not-resolved,,,,,not-resolved,data/chars/79B9.json
禺,C,not-resolved,,,,,not-resolved,data/chars/79BA.json
离,C,not-resolved,,,,,not-resolved,data/chars/79BB.json
禼,C,not-resolved,,,,,not-resolved,data/chars/79BC.json
禽,C,not-resolved,,,,,not-resolved,data/chars/79BD.json
禾,A,resolved,禾,禾,Bộ Hòa,115,self-radical,radical_learning_notes.json
秀,A,resolved,禾,禾,Bộ Hòa,115,record-radical,data/chars/79C0.json
私,A,resolved,禾,禾,Bộ Hòa,115,record-radical,data/chars/79C1.json
秃,C,not-resolved,,,,,not-resolved,data/chars/79C3.json
秆,C,not-resolved,,,,,not-resolved,data/chars/79C6.json
秈,C,not-resolved,,,,,not-resolved,data/chars/79C8.json
秉,C,not-resolved,,,,,not-resolved,data/chars/79C9.json
秋,A,resolved,禾,禾,Bộ Hòa,115,record-radical,data/chars/79CB.json
种,A,resolved,禾,禾,Bộ Hòa,115,record-radical,data/chars/79CD.json
秏,C,not-resolved,,,,,not-resolved,data/chars/79CF.json
科,A,resolved,禾,禾,Bộ Hòa,115,record-radical,data/chars/79D1.json
秒,A,resolved,禾,禾,Bộ Hòa,115,record-radical,data/chars/79D2.json
秕,B,resolved,禾,禾,Bộ Hòa,115,record-radical,data/chars/79D5.json
秘,A,resolved,禾,禾,Bộ Hòa,115,record-radical,data/chars/79D8.json
秚,C,not-resolved,,,,,not-resolved,data/chars/79DA.json
秝,C,not-resolved,,,,,not-resolved,data/chars/79DD.json
租,A,resolved,禾,禾,Bộ Hòa,115,record-radical,data/chars/79DF.json
秠,C,not-resolved,,,,,not-resolved,data/chars/79E0.json
秣,B,resolved,禾,禾,Bộ Hòa,115,record-radical,data/chars/79E3.json
秤,C,not-resolved,,,,,not-resolved,data/chars/79E4.json
秦,C,not-resolved,,,,,not-resolved,data/chars/79E6.json
秧,A,resolved,禾,禾,Bộ Hòa,115,record-radical,data/chars/79E7.json
秩,A,resolved,禾,禾,Bộ Hòa,115,record-radical,data/chars/79E9.json
秫,B,resolved,禾,禾,Bộ Hòa,115,record-radical,data/chars/79EB.json
秬,C,not-resolved,,,,,not-resolved,data/chars/79EC.json
秭,B,resolved,禾,禾,Bộ Hòa,115,record-radical,data/chars/79ED.json
积,A,resolved,禾,禾,Bộ Hòa,115,record-radical,data/chars/79EF.json
称,A,resolved,禾,禾,Bộ Hòa,115,record-radical,data/chars/79F0.json
秷,C,not-resolved,,,,,not-resolved,data/chars/79F7.json
秸,A,resolved,禾,禾,Bộ Hòa,115,record-radical,data/chars/79F8.json
移,A,resolved,禾,禾,Bộ Hòa,115,record-radical,data/chars/79FB.json
秽,A,resolved,禾,禾,Bộ Hòa,115,record-radical,data/chars/79FD.json
秾,C,not-resolved,,,,,not-resolved,data/chars/79FE.json
稀,A,resolved,禾,禾,Bộ Hòa,115,record-radical,data/chars/7A00.json
稂,B,resolved,禾,禾,Bộ Hòa,115,record-radical,data/chars/7A02.json
稃,B,resolved,禾,禾,Bộ Hòa,115,record-radical,data/chars/7A03.json
稆,B,resolved,禾,禾,Bộ Hòa,115,record-radical,data/chars/7A06.json
稊,C,not-resolved,,,,,not-resolved,data/chars/7A0A.json
程,A,resolved,禾,禾,Bộ Hòa,115,record-radical,data/chars/7A0B.json
稌,C,not-resolved,,,,,not-resolved,data/chars/7A0C.json
稍,A,resolved,禾,禾,Bộ Hòa,115,record-radical,data/chars/7A0D.json
税,A,resolved,禾,禾,Bộ Hòa,115,record-radical,data/chars/7A0E.json
稑,C,not-resolved,,,,,not-resolved,data/chars/7A11.json
稔,B,resolved,禾,禾,Bộ Hòa,115,record-radical,data/chars/7A14.json
稗,B,resolved,禾,禾,Bộ Hòa,115,record-radical,data/chars/7A17.json
稙,B,resolved,禾,禾,Bộ Hòa,115,record-radical,data/chars/7A19.json
稚,A,resolved,禾,禾,Bộ Hòa,115,record-radical,data/chars/7A1A.json
稛,C,not-resolved,,,,,not-resolved,data/chars/7A1B.json
稞,C,not-resolved,,,,,not-resolved,data/chars/7A1E.json
稠,A,resolved,禾,禾,Bộ Hòa,115,record-radical,data/chars/7A20.json
稣,A,resolved,禾,禾,Bộ Hòa,115,record-radical,data/chars/7A23.json
稨,B,resolved,禾,禾,Bộ Hòa,115,record-radical,data/chars/7A28.json
稲,C,not-resolved,,,,,not-resolved,data/chars/7A32.json
稳,A,resolved,禾,禾,Bộ Hòa,115,record-radical,data/chars/7A33.json
稷,B,resolved,禾,禾,Bộ Hòa,115,record-radical,data/chars/7A37.json
稹,B,resolved,禾,禾,Bộ Hòa,115,record-radical,data/chars/7A39.json
稻,A,resolved,禾,禾,Bộ Hòa,115,record-radical,data/chars/7A3B.json
稼,A,resolved,禾,禾,Bộ Hòa,115,record-radical,data/chars/7A3C.json
稽,A,resolved,禾,禾,Bộ Hòa,115,record-radical,data/chars/7A3D.json
稿,A,resolved,禾,禾,Bộ Hòa,115,record-radical,data/chars/7A3F.json
穂,C,not-resolved,,,,,not-resolved,data/chars/7A42.json
穄,C,not-resolved,,,,,not-resolved,data/chars/7A44.json
穆,A,resolved,禾,禾,Bộ Hòa,115,record-radical,data/chars/7A46.json
穈,C,not-resolved,,,,,not-resolved,data/chars/7A48.json
穊,C,not-resolved,,,,,not-resolved,data/chars/7A4A.json
穋,C,not-resolved,,,,,not-resolved,data/chars/7A4B.json
穏,C,not-resolved,,,,,not-resolved,data/chars/7A4F.json
穑,B,resolved,禾,禾,Bộ Hòa,115,record-radical,data/chars/7A51.json
穗,A,resolved,禾,禾,Bộ Hòa,115,record-radical,data/chars/7A57.json
穜,C,not-resolved,,,,,not-resolved,data/chars/7A5C.json
穞,C,not-resolved,,,,,not-resolved,data/chars/7A5E.json
穟,C,not-resolved,,,,,not-resolved,data/chars/7A5F.json
穣,C,not-resolved,,,,,not-resolved,data/chars/7A63.json
穧,C,not-resolved,,,,,not-resolved,data/chars/7A67.json
穮,C,not-resolved,,,,,not-resolved,data/chars/7A6E.json
穯,C,not-resolved,,,,,not-resolved,data/chars/7A6F.json
穰,B,resolved,禾,禾,Bộ Hòa,115,record-radical,data/chars/7A70.json
穴,A,resolved,穴,穴,Bộ Huyệt,116,self-radical,radical_learning_notes.json
穵,B,resolved,穴,穴,Bộ Huyệt,116,record-radical,data/chars/7A75.json
究,A,resolved,穴,穴,Bộ Huyệt,116,record-radical,data/chars/7A76.json
穷,A,resolved,力,力,Bộ Lực,19,record-radical,data/chars/7A77.json
穸,C,not-resolved,,,,,not-resolved,data/chars/7A78.json
穹,B,resolved,穴,穴,Bộ Huyệt,116,record-radical,data/chars/7A79.json
空,A,resolved,穴,穴,Bộ Huyệt,116,record-radical,data/chars/7A7A.json
穿,A,resolved,穴,穴,Bộ Huyệt,116,record-radical,data/chars/7A7F.json
窀,B,resolved,穴,穴,Bộ Huyệt,116,record-radical,data/chars/7A80.json
突,A,resolved,穴,穴,Bộ Huyệt,116,record-radical,data/chars/7A81.json
窂,C,not-resolved,,,,,not-resolved,data/chars/7A82.json
窃,A,resolved,穴,穴,Bộ Huyệt,116,record-radical,data/chars/7A83.json
窄,A,resolved,穴,穴,Bộ Huyệt,116,record-radical,data/chars/7A84.json
窅,C,not-resolved,,,,,not-resolved,data/chars/7A85.json
窆,B,resolved,穴,穴,Bộ Huyệt,116,record-radical,data/chars/7A86.json
窈,B,resolved,穴,穴,Bộ Huyệt,116,record-radical,data/chars/7A88.json
窊,C,not-resolved,,,,,not-resolved,data/chars/7A8A.json
窋,C,not-resolved,,,,,not-resolved,data/chars/7A8B.json
窌,C,not-resolved,,,,,not-resolved,data/chars/7A8C.json
窍,A,resolved,穴,穴,Bộ Huyệt,116,record-radical,data/chars/7A8D.json
窎,C,not-resolved,,,,,not-resolved,data/chars/7A8E.json
窑,C,not-resolved,,,,,not-resolved,data/chars/7A91.json
窒,A,resolved,穴,穴,Bộ Huyệt,116,record-radical,data/chars/7A92.json
窔,C,not-resolved,,,,,not-resolved,data/chars/7A94.json
窕,B,resolved,穴,穴,Bộ Huyệt,116,record-radical,data/chars/7A95.json
窖,A,resolved,穴,穴,Bộ Huyệt,116,record-radical,data/chars/7A96.json
窗,A,resolved,穴,穴,Bộ Huyệt,116,record-radical,data/chars/7A97.json
窘,A,resolved,穴,穴,Bộ Huyệt,116,record-radical,data/chars/7A98.json
窜,B,resolved,穴,穴,Bộ Huyệt,116,record-radical,data/chars/7A9C.json
窝,A,resolved,穴,穴,Bộ Huyệt,116,record-radical,data/chars/7A9D.json
窞,C,not-resolved,,,,,not-resolved,data/chars/7A9E.json
窟,A,resolved,穴,穴,Bộ Huyệt,116,record-radical,data/chars/7A9F.json
窠,B,resolved,穴,穴,Bộ Huyệt,116,record-radical,data/chars/7AA0.json
窣,B,resolved,穴,穴,Bộ Huyệt,116,record-radical,data/chars/7AA3.json
窥,A,resolved,穴,穴,Bộ Huyệt,116,record-radical,data/chars/7AA5.json
窦,C,not-resolved,,,,,not-resolved,data/chars/7AA6.json
窨,B,resolved,穴,穴,Bộ Huyệt,116,record-radical,data/chars/7AA8.json
窬,B,resolved,穴,穴,Bộ Huyệt,116,record-radical,data/chars/7AAC.json
窭,B,resolved,穴,穴,Bộ Huyệt,116,record-radical,data/chars/7AAD.json
窳,B,resolved,穴,穴,Bộ Huyệt,116,record-radical,data/chars/7AB3.json
窴,C,not-resolved,,,,,not-resolved,data/chars/7AB4.json
窸,B,resolved,穴,穴,Bộ Huyệt,116,record-radical,data/chars/7AB8.json
窾,B,resolved,穴,穴,Bộ Huyệt,116,record-radical,data/chars/7ABE.json
窿,A,resolved,穴,穴,Bộ Huyệt,116,record-radical,data/chars/7ABF.json
竁,C,not-resolved,,,,,not-resolved,data/chars/7AC1.json
竃,C,not-resolved,,,,,not-resolved,data/chars/7AC3.json
立,A,resolved,立,立,Bộ Lập,117,self-radical,radical_learning_notes.json
竑,C,not-resolved,,,,,not-resolved,data/chars/7AD1.json
竖,C,not-resolved,,,,,not-resolved,data/chars/7AD6.json
站,A,resolved,立,立,Bộ Lập,117,record-radical,data/chars/7AD9.json
竜,C,not-resolved,,,,,not-resolved,data/chars/7ADC.json
竞,C,not-resolved,,,,,not-resolved,data/chars/7ADE.json
竟,A,resolved,音,音,Bộ Âm,180,record-radical,data/chars/7ADF.json
章,A,resolved,立,立,Bộ Lập,117,record-radical,data/chars/7AE0.json
竡,C,not-resolved,,,,,not-resolved,data/chars/7AE1.json
竣,A,resolved,立,立,Bộ Lập,117,record-radical,data/chars/7AE3.json
童,A,resolved,辛,辛,Bộ Tân,160,record-radical,data/chars/7AE5.json
竦,C,not-resolved,,,,,not-resolved,data/chars/7AE6.json
竭,A,resolved,立,立,Bộ Lập,117,record-radical,data/chars/7AED.json
端,A,resolved,立,立,Bộ Lập,117,record-radical,data/chars/7AEF.json
竹,A,resolved,竹,竹,Bộ Trúc,118,self-radical,radical_learning_notes.json
竺,C,not-resolved,,,,,not-resolved,data/chars/7AFA.json
竽,C,not-resolved,⺮,,,,not-resolved,data/chars/7AFD.json
竾,C,not-resolved,,,,,not-resolved,data/chars/7AFE.json
竿,C,not-resolved,⺮,,,,not-resolved,data/chars/7AFF.json
笀,C,not-resolved,,,,,not-resolved,data/chars/7B00.json
笃,C,not-resolved,,,,,not-resolved,data/chars/7B03.json
笄,C,not-resolved,⺮,,,,not-resolved,data/chars/7B04.json
笆,C,not-resolved,⺮,,,,not-resolved,data/chars/7B06.json
笈,C,not-resolved,⺮,,,,not-resolved,data/chars/7B08.json
笉,C,not-resolved,,,,,not-resolved,data/chars/7B09.json
笊,C,not-resolved,⺮,,,,not-resolved,data/chars/7B0A.json
笋,C,not-resolved,⺮,,,,not-resolved,data/chars/7B0B.json
笎,C,not-resolved,,,,,not-resolved,data/chars/7B0E.json
笏,C,not-resolved,⺮,,,,not-resolved,data/chars/7B0F.json
笐,C,not-resolved,,,,,not-resolved,data/chars/7B10.json
笑,C,not-resolved,⺮,,,,not-resolved,data/chars/7B11.json
笓,C,not-resolved,,,,,not-resolved,data/chars/7B13.json
笔,C,not-resolved,⺮,,,,not-resolved,data/chars/7B14.json
笕,C,not-resolved,⺮,,,,not-resolved,data/chars/7B15.json
笙,C,not-resolved,⺮,,,,not-resolved,data/chars/7B19.json
笛,C,not-resolved,,,,,not-resolved,data/chars/7B1B.json
笞,C,not-resolved,⺮,,,,not-resolved,data/chars/7B1E.json
笠,C,not-resolved,⺮,,,,not-resolved,data/chars/7B20.json
笤,C,not-resolved,⺮,,,,not-resolved,data/chars/7B24.json
笥,C,not-resolved,⺮,,,,not-resolved,data/chars/7B25.json
符,C,not-resolved,⺮,,,,not-resolved,data/chars/7B26.json
笨,C,not-resolved,⺮,,,,not-resolved,data/chars/7B28.json
笪,C,not-resolved,⺮,,,,not-resolved,data/chars/7B2A.json
笫,C,not-resolved,⺮,,,,not-resolved,data/chars/7B2B.json
第,C,not-resolved,⺮,,,,not-resolved,data/chars/7B2C.json
笭,C,not-resolved,,,,,not-resolved,data/chars/7B2D.json
笮,C,not-resolved,⺮,,,,not-resolved,data/chars/7B2E.json
笰,C,not-resolved,,,,,not-resolved,data/chars/7B30.json
笱,C,not-resolved,⺮,,,,not-resolved,data/chars/7B31.json
笲,C,not-resolved,,,,,not-resolved,data/chars/7B32.json
笳,C,not-resolved,⺮,,,,not-resolved,data/chars/7B33.json
笵,C,not-resolved,,,,,not-resolved,data/chars/7B35.json
笸,C,not-resolved,⺮,,,,not-resolved,data/chars/7B38.json
笺,C,not-resolved,⺮,,,,not-resolved,data/chars/7B3A.json
笻,C,not-resolved,,,,,not-resolved,data/chars/7B3B.json
笼,C,not-resolved,⺮,,,,not-resolved,data/chars/7B3C.json
笾,C,not-resolved,⺮,,,,not-resolved,data/chars/7B3E.json
筀,C,not-resolved,⺮,,,,not-resolved,data/chars/7B40.json
筃,C,not-resolved,,,,,not-resolved,data/chars/7B43.json
筅,C,not-resolved,⺮,,,,not-resolved,data/chars/7B45.json
筇,C,not-resolved,⺮,,,,not-resolved,data/chars/7B47.json
筈,C,not-resolved,,,,,not-resolved,data/chars/7B48.json
等,C,not-resolved,⺮,,,,not-resolved,data/chars/7B49.json
筊,C,not-resolved,,,,,not-resolved,data/chars/7B4A.json
筋,C,not-resolved,,,,,not-resolved,data/chars/7B4B.json
筌,C,not-resolved,⺮,,,,not-resolved,data/chars/7B4C.json
筎,C,not-resolved,,,,,not-resolved,data/chars/7B4E.json
筏,C,not-resolved,⺮,,,,not-resolved,data/chars/7B4F.json
筐,C,not-resolved,⺮,,,,not-resolved,data/chars/7B50.json
筑,C,not-resolved,,,,,not-resolved,data/chars/7B51.json
筒,C,not-resolved,⺮,,,,not-resolved,data/chars/7B52.json
答,C,not-resolved,⺮,,,,not-resolved,data/chars/7B54.json
筕,C,not-resolved,⺮,,,,not-resolved,data/chars/7B55.json
策,C,not-resolved,⺮,,,,not-resolved,data/chars/7B56.json
筘,C,not-resolved,⺮,,,,not-resolved,data/chars/7B58.json
筚,C,not-resolved,⺮,,,,not-resolved,data/chars/7B5A.json
筛,C,not-resolved,⺮,,,,not-resolved,data/chars/7B5B.json
筜,C,not-resolved,⺮,,,,not-resolved,data/chars/7B5C.json
筝,C,not-resolved,⺮,,,,not-resolved,data/chars/7B5D.json
筠,C,not-resolved,⺮,,,,not-resolved,data/chars/7B60.json
筢,C,not-resolved,⺮,,,,not-resolved,data/chars/7B62.json
筤,C,not-resolved,,,,,not-resolved,data/chars/7B64.json
筥,C,not-resolved,,,,,not-resolved,data/chars/7B65.json
筦,C,not-resolved,⺮,,,,not-resolved,data/chars/7B66.json
筭,C,not-resolved,,,,,not-resolved,data/chars/7B6D.json
筮,C,not-resolved,巫,,,,not-resolved,data/chars/7B6E.json
筰,C,not-resolved,,,,,not-resolved,data/chars/7B70.json
筱,C,not-resolved,,,,,not-resolved,data/chars/7B71.json
筲,C,not-resolved,⺮,,,,not-resolved,data/chars/7B72.json
筳,C,not-resolved,,,,,not-resolved,data/chars/7B73.json
筵,C,not-resolved,⺮,,,,not-resolved,data/chars/7B75.json
筷,C,not-resolved,⺮,,,,not-resolved,data/chars/7B77.json
筸,C,not-resolved,,,,,not-resolved,data/chars/7B78.json
筹,C,not-resolved,⺮,,,,not-resolved,data/chars/7B79.json
筻,C,not-resolved,⺮,,,,not-resolved,data/chars/7B7B.json
筼,C,not-resolved,⺮,,,,not-resolved,data/chars/7B7C.json
签,C,not-resolved,⺮,,,,not-resolved,data/chars/7B7E.json
简,C,not-resolved,⺮,,,,not-resolved,data/chars/7B80.json
箂,C,not-resolved,,,,,not-resolved,data/chars/7B82.json
箊,C,not-resolved,,,,,not-resolved,data/chars/7B8A.json
箍,C,not-resolved,,,,,not-resolved,data/chars/7B8D.json
箎,C,not-resolved,,,,,not-resolved,data/chars/7B8E.json
箐,C,not-resolved,⺮,,,,not-resolved,data/chars/7B90.json
箑,C,not-resolved,,,,,not-resolved,data/chars/7B91.json
箓,C,not-resolved,,,,,not-resolved,data/chars/7B93.json
箔,C,not-resolved,⺮,,,,not-resolved,data/chars/7B94.json
箕,C,not-resolved,⺮,,,,not-resolved,data/chars/7B95.json
算,C,not-resolved,⺮,,,,not-resolved,data/chars/7B97.json
箘,C,not-resolved,,,,,not-resolved,data/chars/7B98.json
箙,C,not-resolved,,,,,not-resolved,data/chars/7B99.json
箛,C,not-resolved,,,,,not-resolved,data/chars/7B9B.json
箜,C,not-resolved,⺮,,,,not-resolved,data/chars/7B9C.json
箝,C,not-resolved,,,,,not-resolved,data/chars/7B9D.json
管,C,not-resolved,⺮,,,,not-resolved,data/chars/7BA1.json
箦,C,not-resolved,⺮,,,,not-resolved,data/chars/7BA6.json
箧,C,not-resolved,,,,,not-resolved,data/chars/7BA7.json
箨,C,not-resolved,⺮,,,,not-resolved,data/chars/7BA8.json
箩,C,not-resolved,⺮,,,,not-resolved,data/chars/7BA9.json
箪,C,not-resolved,⺮,,,,not-resolved,data/chars/7BAA.json
箫,C,not-resolved,⺮,,,,not-resolved,data/chars/7BAB.json
箬,C,not-resolved,⺮,,,,not-resolved,data/chars/7BAC.json
箭,C,not-resolved,⺮,,,,not-resolved,data/chars/7BAD.json
箮,C,not-resolved,,,,,not-resolved,data/chars/7BAE.json
箯,C,not-resolved,,,,,not-resolved,data/chars/7BAF.json
箱,C,not-resolved,⺮,,,,not-resolved,data/chars/7BB1.json
箴,C,not-resolved,⺮,,,,not-resolved,data/chars/7BB4.json
箸,C,not-resolved,⺮,,,,not-resolved,data/chars/7BB8.json
箾,C,not-resolved,,,,,not-resolved,data/chars/7BBE.json
篁,C,not-resolved,⺮,,,,not-resolved,data/chars/7BC1.json
篃,C,not-resolved,,,,,not-resolved,data/chars/7BC3.json
篆,C,not-resolved,⺮,,,,not-resolved,data/chars/7BC6.json
篇,C,not-resolved,,,,,not-resolved,data/chars/7BC7.json
篌,C,not-resolved,⺮,,,,not-resolved,data/chars/7BCC.json
篑,C,not-resolved,⺮,,,,not-resolved,data/chars/7BD1.json
篓,C,not-resolved,⺮,,,,not-resolved,data/chars/7BD3.json
篖,C,not-resolved,,,,,not-resolved,data/chars/7BD6.json
篙,C,not-resolved,⺮,,,,not-resolved,data/chars/7BD9.json
篚,C,not-resolved,⺮,,,,not-resolved,data/chars/7BDA.json
篛,C,not-resolved,,,,,not-resolved,data/chars/7BDB.json
篜,C,not-resolved,,,,,not-resolved,data/chars/7BDC.json
篝,C,not-resolved,⺮,,,,not-resolved,data/chars/7BDD.json
篟,C,not-resolved,,,,,not-resolved,data/chars/7BDF.json
篠,C,not-resolved,,,,,not-resolved,data/chars/7BE0.json
篡,B,resolved,厶,厶,"Bộ Kh, Tư",28,record-radical,data/chars/7BE1.json
篥,C,not-resolved,⺮,,,,not-resolved,data/chars/7BE5.json
篦,C,not-resolved,,,,,not-resolved,data/chars/7BE6.json
篧,C,not-resolved,,,,,not-resolved,data/chars/7BE7.json
篨,C,not-resolved,,,,,not-resolved,data/chars/7BE8.json
篪,C,not-resolved,⺮,,,,not-resolved,data/chars/7BEA.json
篭,C,not-resolved,,,,,not-resolved,data/chars/7BED.json
篮,C,not-resolved,⺮,,,,not-resolved,data/chars/7BEE.json
篯,C,not-resolved,,,,,not-resolved,data/chars/7BEF.json
篰,C,not-resolved,,,,,not-resolved,data/chars/7BF0.json
篱,C,not-resolved,⺮,,,,not-resolved,data/chars/7BF1.json
篲,C,not-resolved,,,,,not-resolved,data/chars/7BF2.json
篴,C,not-resolved,,,,,not-resolved,data/chars/7BF4.json
篶,C,not-resolved,,,,,not-resolved,data/chars/7BF6.json
篷,C,not-resolved,⺮,,,,not-resolved,data/chars/7BF7.json
篹,C,not-resolved,㔾,,,,not-resolved,data/chars/7BF9.json
篼,C,not-resolved,,,,,not-resolved,data/chars/7BFC.json
篾,C,not-resolved,,,,,not-resolved,data/chars/7BFE.json
簁,C,not-resolved,,,,,not-resolved,data/chars/7C01.json
簃,C,not-resolved,,,,,not-resolved,data/chars/7C03.json
簆,C,not-resolved,,,,,not-resolved,data/chars/7C06.json
簇,C,not-resolved,⺮,,,,not-resolved,data/chars/7C07.json
簉,C,not-resolved,⺮,,,,not-resolved,data/chars/7C09.json
簋,C,not-resolved,,,,,not-resolved,data/chars/7C0B.json
簌,C,not-resolved,⺮,,,,not-resolved,data/chars/7C0C.json
簏,C,not-resolved,⺮,,,,not-resolved,data/chars/7C0F.json
簖,C,not-resolved,⺮,,,,not-resolved,data/chars/7C16.json
簗,C,not-resolved,,,,,not-resolved,data/chars/7C17.json
簜,C,not-resolved,,,,,not-resolved,data/chars/7C1C.json
簟,C,not-resolved,⺮,,,,not-resolved,data/chars/7C1F.json
簠,C,not-resolved,,,,,not-resolved,data/chars/7C20.json
簥,C,not-resolved,,,,,not-resolved,data/chars/7C25.json
簦,C,not-resolved,⺮,,,,not-resolved,data/chars/7C26.json
簧,C,not-resolved,⺮,,,,not-resolved,data/chars/7C27.json
簨,C,not-resolved,,,,,not-resolved,data/chars/7C28.json
簪,C,not-resolved,⺮,,,,not-resolved,data/chars/7C2A.json
簬,C,not-resolved,,,,,not-resolved,data/chars/7C2C.json
簰,C,not-resolved,,,,,not-resolved,data/chars/7C30.json
簸,C,not-resolved,⺮,,,,not-resolved,data/chars/7C38.json
簻,C,not-resolved,,,,,not-resolved,data/chars/7C3B.json
簿,C,not-resolved,⺮,,,,not-resolved,data/chars/7C3F.json
籀,C,not-resolved,,,,,not-resolved,data/chars/7C40.json
籁,C,not-resolved,⺮,,,,not-resolved,data/chars/7C41.json
籊,C,not-resolved,,,,,not-resolved,data/chars/7C4A.json
籍,C,not-resolved,⺮,,,,not-resolved,data/chars/7C4D.json
籑,B,resolved,食,食,Bộ Thực,184,record-radical,data/chars/7C51.json
籒,C,not-resolved,,,,,not-resolved,data/chars/7C52.json
籓,C,not-resolved,,,,,not-resolved,data/chars/7C53.json
籚,C,not-resolved,,,,,not-resolved,data/chars/7C5A.json
籝,C,not-resolved,,,,,not-resolved,data/chars/7C5D.json
籣,C,not-resolved,,,,,not-resolved,data/chars/7C63.json
籥,C,not-resolved,,,,,not-resolved,data/chars/7C65.json
籧,C,not-resolved,,,,,not-resolved,data/chars/7C67.json
籫,C,not-resolved,,,,,not-resolved,data/chars/7C6B.json
籭,C,not-resolved,,,,,not-resolved,data/chars/7C6D.json
籯,C,not-resolved,,,,,not-resolved,data/chars/7C6F.json
米,A,resolved,米,米,Bộ Mễ,119,self-radical,radical_learning_notes.json
籴,C,not-resolved,,,,,not-resolved,data/chars/7C74.json
籵,C,not-resolved,,,,,not-resolved,data/chars/7C75.json
籸,C,not-resolved,,,,,not-resolved,data/chars/7C78.json
籹,C,not-resolved,,,,,not-resolved,data/chars/7C79.json
类,A,resolved,米,米,Bộ Mễ,119,record-radical,data/chars/7C7B.json
籼,B,resolved,米,米,Bộ Mễ,119,record-radical,data/chars/7C7C.json
籽,C,not-resolved,,,,,not-resolved,data/chars/7C7D.json
粀,C,not-resolved,,,,,not-resolved,data/chars/7C80.json
粁,C,not-resolved,,,,,not-resolved,data/chars/7C81.json
粄,C,not-resolved,,,,,not-resolved,data/chars/7C84.json
粉,A,resolved,米,米,Bộ Mễ,119,record-radical,data/chars/7C89.json
粋,C,not-resolved,,,,,not-resolved,data/chars/7C8B.json
粑,B,resolved,米,米,Bộ Mễ,119,record-radical,data/chars/7C91.json
粒,A,resolved,米,米,Bộ Mễ,119,record-radical,data/chars/7C92.json
粔,C,not-resolved,,,,,not-resolved,data/chars/7C94.json
粕,B,resolved,米,米,Bộ Mễ,119,record-radical,data/chars/7C95.json
粗,A,resolved,米,米,Bộ Mễ,119,record-radical,data/chars/7C97.json
粘,A,resolved,米,米,Bộ Mễ,119,record-radical,data/chars/7C98.json
粚,C,not-resolved,,,,,not-resolved,data/chars/7C9A.json
粛,C,not-resolved,,,,,not-resolved,data/chars/7C9B.json
粜,C,not-resolved,,,,,not-resolved,data/chars/7C9C.json
粝,C,not-resolved,,,,,not-resolved,data/chars/7C9D.json
粞,B,resolved,米,米,Bộ Mễ,119,record-radical,data/chars/7C9E.json
粟,C,not-resolved,,,,,not-resolved,data/chars/7C9F.json
粢,B,resolved,米,米,Bộ Mễ,119,record-radical,data/chars/7CA2.json
粤,C,not-resolved,,,,,not-resolved,data/chars/7CA4.json
粥,C,not-resolved,,,,,not-resolved,data/chars/7CA5.json
粨,C,not-resolved,,,,,not-resolved,data/chars/7CA8.json
粩,C,not-resolved,,,,,not-resolved,data/chars/7CA9.json
粪,A,resolved,米,米,Bộ Mễ,119,record-radical,data/chars/7CAA.json
粬,C,not-resolved,,,,,not-resolved,data/chars/7CAC.json
粮,A,resolved,米,米,Bộ Mễ,119,record-radical,data/chars/7CAE.json
粰,C,not-resolved,,,,,not-resolved,data/chars/7CB0.json
粱,A,resolved,米,米,Bộ Mễ,119,record-radical,data/chars/7CB1.json
粲,C,not-resolved,,,,,not-resolved,data/chars/7CB2.json
粳,B,resolved,米,米,Bộ Mễ,119,record-radical,data/chars/7CB3.json
粹,A,resolved,米,米,Bộ Mễ,119,record-radical,data/chars/7CB9.json
粻,C,not-resolved,,,,,not-resolved,data/chars/7CBB.json
粼,A,resolved,巛,巛,Bộ Xuyên,47,record-radical,data/chars/7CBC.json
粽,A,resolved,米,米,Bộ Mễ,119,record-radical,data/chars/7CBD.json
精,A,resolved,米,米,Bộ Mễ,119,record-radical,data/chars/7CBE.json
粿,C,not-resolved,,,,,not-resolved,data/chars/7CBF.json
糁,B,resolved,米,米,Bộ Mễ,119,record-radical,data/chars/7CC1.json
糅,B,resolved,米,米,Bộ Mễ,119,record-radical,data/chars/7CC5.json
糆,C,not-resolved,,,,,not-resolved,data/chars/7CC6.json
糇,B,resolved,米,米,Bộ Mễ,119,record-radical,data/chars/7CC7.json
糈,B,resolved,米,米,Bộ Mễ,119,record-radical,data/chars/7CC8.json
糊,A,resolved,米,米,Bộ Mễ,119,record-radical,data/chars/7CCA.json
糌,B,resolved,米,米,Bộ Mễ,119,record-radical,data/chars/7CCC.json
糍,B,resolved,米,米,Bộ Mễ,119,record-radical,data/chars/7CCD.json
糒,C,not-resolved,,,,,not-resolved,data/chars/7CD2.json
糔,C,not-resolved,,,,,not-resolved,data/chars/7CD4.json
糕,A,resolved,米,米,Bộ Mễ,119,record-radical,data/chars/7CD5.json
糖,A,resolved,米,米,Bộ Mễ,119,record-radical,data/chars/7CD6.json
糗,C,not-resolved,,,,,not-resolved,data/chars/7CD7.json
糙,A,resolved,米,米,Bộ Mễ,119,record-radical,data/chars/7CD9.json
糜,B,resolved,米,米,Bộ Mễ,119,record-radical,data/chars/7CDC.json
糟,A,resolved,米,米,Bộ Mễ,119,record-radical,data/chars/7CDF.json
糠,B,resolved,米,米,Bộ Mễ,119,record-radical,data/chars/7CE0.json
糢,B,resolved,米,米,Bộ Mễ,119,record-radical,data/chars/7CE2.json
糨,B,resolved,米,米,Bộ Mễ,119,record-radical,data/chars/7CE8.json
糬,B,resolved,米,米,Bộ Mễ,119,record-radical,data/chars/7CEC.json
糭,C,not-resolved,,,,,not-resolved,data/chars/7CED.json
糯,B,resolved,米,米,Bộ Mễ,119,record-radical,data/chars/7CEF.json
糱,C,not-resolved,,,,,not-resolved,data/chars/7CF1.json
糸,B,resolved,糸,糸,Bộ Mịch,120,self-radical,radical_learning_notes.json
糹,B,resolved,糹,糸,Bộ Mịch,120,radical-variant,radical_alias_index.json
糺,C,not-resolved,,,,,not-resolved,data/chars/7CFA.json
系,A,resolved,又,又,Bộ Hựu,29,record-radical,data/chars/7CFB.json
紊,A,resolved,糸,糸,Bộ Mịch,120,record-radical,data/chars/7D0A.json
紑,C,not-resolved,,,,,not-resolved,data/chars/7D11.json
紟,C,not-resolved,,,,,not-resolved,data/chars/7D1F.json
素,A,resolved,糸,糸,Bộ Mịch,120,record-radical,data/chars/7D20.json
索,A,resolved,廾,廾,Bộ Củng,55,record-radical,data/chars/7D22.json
紧,A,resolved,又,又,Bộ Hựu,29,record-radical,data/chars/7D27.json
紩,C,not-resolved,,,,,not-resolved,data/chars/7D29.json
紫,A,resolved,糸,糸,Bộ Mịch,120,record-radical,data/chars/7D2B.json
累,C,not-resolved,,,,,not-resolved,data/chars/7D2F.json
紽,C,not-resolved,,,,,not-resolved,data/chars/7D3D.json
紾,C,not-resolved,,,,,not-resolved,data/chars/7D3E.json
絁,C,not-resolved,,,,,not-resolved,data/chars/7D41.json
絃,C,not-resolved,,,,,not-resolved,data/chars/7D43.json
経,C,not-resolved,,,,,not-resolved,data/chars/7D4C.json
絍,C,not-resolved,,,,,not-resolved,data/chars/7D4D.json
絓,B,resolved,糹,糸,Bộ Mịch,120,record-radical,data/chars/7D53.json
絖,C,not-resolved,,,,,not-resolved,data/chars/7D56.json
絘,B,resolved,糹,糸,Bộ Mịch,120,record-radical,data/chars/7D58.json
絚,C,not-resolved,,,,,not-resolved,data/chars/7D5A.json
絜,B,resolved,糸,糸,Bộ Mịch,120,record-radical,data/chars/7D5C.json
絣,C,not-resolved,,,,,not-resolved,data/chars/7D63.json
絫,C,not-resolved,,,,,not-resolved,data/chars/7D6B.json
絮,A,resolved,糸,糸,Bộ Mịch,120,record-radical,data/chars/7D6E.json
絵,C,not-resolved,,,,,not-resolved,data/chars/7D75.json
絷,C,not-resolved,,,,,not-resolved,data/chars/7D77.json
絻,B,resolved,糹,糸,Bộ Mịch,120,record-radical,data/chars/7D7B.json
絿,C,not-resolved,,,,,not-resolved,data/chars/7D7F.json
綂,C,not-resolved,,,,,not-resolved,data/chars/7D82.json
綅,C,not-resolved,,,,,not-resolved,data/chars/7D85.json
綍,C,not-resolved,,,,,not-resolved,data/chars/7D8D.json
綎,C,not-resolved,,,,,not-resolved,data/chars/7D8E.json
綗,C,not-resolved,,,,,not-resolved,data/chars/7D97.json
綘,C,not-resolved,,,,,not-resolved,data/chars/7D98.json
継,C,not-resolved,,,,,not-resolved,data/chars/7D99.json
続,C,not-resolved,,,,,not-resolved,data/chars/7D9A.json
綥,C,not-resolved,,,,,not-resolved,data/chars/7DA5.json
綦,B,resolved,糸,糸,Bộ Mịch,120,record-radical,data/chars/7DA6.json
綮,C,not-resolved,,,,,not-resolved,data/chars/7DAE.json
綷,B,resolved,糹,糸,Bộ Mịch,120,record-radical,data/chars/7DB7.json
緁,C,not-resolved,,,,,not-resolved,data/chars/7DC1.json
緅,C,not-resolved,,,,,not-resolved,data/chars/7DC5.json
緆,C,not-resolved,,,,,not-resolved,data/chars/7DC6.json
緌,C,not-resolved,,,,,not-resolved,data/chars/7DCC.json
緎,C,not-resolved,,,,,not-resolved,data/chars/7DCE.json
総,C,not-resolved,,,,,not-resolved,data/chars/7DCF.json
緑,C,not-resolved,,,,,not-resolved,data/chars/7DD1.json
緖,C,not-resolved,,,,,not-resolved,data/chars/7DD6.json
緤,C,not-resolved,,,,,not-resolved,data/chars/7DE4.json
緪,C,not-resolved,,,,,not-resolved,data/chars/7DEA.json
緫,C,not-resolved,,,,,not-resolved,data/chars/7DEB.json
縁,C,not-resolved,,,,,not-resolved,data/chars/7E01.json
縂,C,not-resolved,,,,,not-resolved,data/chars/7E02.json
縃,C,not-resolved,,,,,not-resolved,data/chars/7E03.json
縄,C,not-resolved,,,,,not-resolved,data/chars/7E04.json
縏,C,not-resolved,,,,,not-resolved,data/chars/7E0F.json
縚,C,not-resolved,,,,,not-resolved,data/chars/7E1A.json
縠,C,not-resolved,,,,,not-resolved,data/chars/7E20.json
縡,C,not-resolved,,,,,not-resolved,data/chars/7E21.json
縢,C,not-resolved,,,,,not-resolved,data/chars/7E22.json
縦,C,not-resolved,,,,,not-resolved,data/chars/7E26.json
縩,B,resolved,糹,糸,Bộ Mịch,120,record-radical,data/chars/7E29.json
縰,C,not-resolved,,,,,not-resolved,data/chars/7E30.json
縻,B,resolved,糸,糸,Bộ Mịch,120,record-radical,data/chars/7E3B.json
縿,C,not-resolved,,,,,not-resolved,data/chars/7E3F.json
繁,A,resolved,糸,糸,Bộ Mịch,120,record-radical,data/chars/7E41.json
繄,C,not-resolved,,,,,not-resolved,data/chars/7E44.json
繇,C,not-resolved,系,,,,not-resolved,data/chars/7E47.json
繈,C,not-resolved,,,,,not-resolved,data/chars/7E48.json
繊,C,not-resolved,,,,,not-resolved,data/chars/7E4A.json
繋,C,not-resolved,,,,,not-resolved,data/chars/7E4B.json
繐,C,not-resolved,,,,,not-resolved,data/chars/7E50.json
繘,C,not-resolved,,,,,not-resolved,data/chars/7E58.json
繙,C,not-resolved,,,,,not-resolved,data/chars/7E59.json
繠,C,not-resolved,,,,,not-resolved,data/chars/7E60.json
繣,C,not-resolved,,,,,not-resolved,data/chars/7E63.json
繨,C,not-resolved,,,,,not-resolved,data/chars/7E68.json
纂,B,resolved,糸,糸,Bộ Mịch,120,record-radical,data/chars/7E82.json
纉,C,not-resolved,,,,,not-resolved,data/chars/7E89.json
纎,C,not-resolved,,,,,not-resolved,data/chars/7E8E.json
纑,C,not-resolved,,,,,not-resolved,data/chars/7E91.json
纒,C,not-resolved,,,,,not-resolved,data/chars/7E92.json
纙,C,not-resolved,,,,,not-resolved,data/chars/7E99.json
纚,C,not-resolved,,,,,not-resolved,data/chars/7E9A.json
纛,C,not-resolved,,,,,not-resolved,data/chars/7E9B.json
纟,B,resolved,纟,糸,Bộ Mịch,120,radical-variant,radical_alias_index.json
纠,A,resolved,纟,糸,Bộ Mịch,120,record-radical,data/chars/7EA0.json
纡,B,resolved,纟,糸,Bộ Mịch,120,record-radical,data/chars/7EA1.json
红,A,resolved,纟,糸,Bộ Mịch,120,record-radical,data/chars/7EA2.json
纣,B,resolved,纟,糸,Bộ Mịch,120,record-radical,data/chars/7EA3.json
纤,A,resolved,纟,糸,Bộ Mịch,120,record-radical,data/chars/7EA4.json
纥,C,not-resolved,乞,,,,not-resolved,data/chars/7EA5.json
约,A,resolved,纟,糸,Bộ Mịch,120,record-radical,data/chars/7EA6.json
级,A,resolved,纟,糸,Bộ Mịch,120,record-radical,data/chars/7EA7.json
纨,B,resolved,纟,糸,Bộ Mịch,120,record-radical,data/chars/7EA8.json
纩,B,resolved,纟,糸,Bộ Mịch,120,record-radical,data/chars/7EA9.json
纪,A,resolved,纟,糸,Bộ Mịch,120,record-radical,data/chars/7EAA.json
纫,C,not-resolved,,,,,not-resolved,data/chars/7EAB.json
纬,A,resolved,纟,糸,Bộ Mịch,120,record-radical,data/chars/7EAC.json
纭,B,resolved,纟,糸,Bộ Mịch,120,record-radical,data/chars/7EAD.json
纮,C,not-resolved,,,,,not-resolved,data/chars/7EAE.json
纯,A,resolved,纟,糸,Bộ Mịch,120,record-radical,data/chars/7EAF.json
纰,B,resolved,纟,糸,Bộ Mịch,120,record-radical,data/chars/7EB0.json
纱,A,resolved,纟,糸,Bộ Mịch,120,record-radical,data/chars/7EB1.json
纲,A,resolved,纟,糸,Bộ Mịch,120,record-radical,data/chars/7EB2.json
纳,A,resolved,纟,糸,Bộ Mịch,120,record-radical,data/chars/7EB3.json
纴,B,resolved,纟,糸,Bộ Mịch,120,record-radical,data/chars/7EB4.json
纵,A,resolved,纟,糸,Bộ Mịch,120,record-radical,data/chars/7EB5.json
纶,C,not-resolved,,,,,not-resolved,data/chars/7EB6.json
纷,A,resolved,纟,糸,Bộ Mịch,120,record-radical,data/chars/7EB7.json
纸,A,resolved,纟,糸,Bộ Mịch,120,record-radical,data/chars/7EB8.json
纹,A,resolved,纟,糸,Bộ Mịch,120,record-radical,data/chars/7EB9.json
纺,A,resolved,纟,糸,Bộ Mịch,120,record-radical,data/chars/7EBA.json
纻,C,not-resolved,,,,,not-resolved,data/chars/7EBB.json
纽,A,resolved,纟,糸,Bộ Mịch,120,record-radical,data/chars/7EBD.json
纾,C,not-resolved,,,,,not-resolved,data/chars/7EBE.json
线,A,resolved,纟,糸,Bộ Mịch,120,record-radical,data/chars/7EBF.json
绀,B,resolved,纟,糸,Bộ Mịch,120,record-radical,data/chars/7EC0.json
绁,B,resolved,纟,糸,Bộ Mịch,120,record-radical,data/chars/7EC1.json
绂,C,not-resolved,,,,,not-resolved,data/chars/7EC2.json
练,A,resolved,纟,糸,Bộ Mịch,120,record-radical,data/chars/7EC3.json
组,A,resolved,纟,糸,Bộ Mịch,120,record-radical,data/chars/7EC4.json
绅,A,resolved,纟,糸,Bộ Mịch,120,record-radical,data/chars/7EC5.json
细,A,resolved,纟,糸,Bộ Mịch,120,record-radical,data/chars/7EC6.json
织,A,resolved,纟,糸,Bộ Mịch,120,record-radical,data/chars/7EC7.json
终,A,resolved,纟,糸,Bộ Mịch,120,record-radical,data/chars/7EC8.json
绉,B,resolved,纟,糸,Bộ Mịch,120,record-radical,data/chars/7EC9.json
绊,B,resolved,纟,糸,Bộ Mịch,120,record-radical,data/chars/7ECA.json
绋,B,resolved,纟,糸,Bộ Mịch,120,record-radical,data/chars/7ECB.json
绌,B,resolved,纟,糸,Bộ Mịch,120,record-radical,data/chars/7ECC.json
绍,A,resolved,纟,糸,Bộ Mịch,120,record-radical,data/chars/7ECD.json
绎,A,resolved,纟,糸,Bộ Mịch,120,record-radical,data/chars/7ECE.json
经,A,resolved,纟,糸,Bộ Mịch,120,record-radical,data/chars/7ECF.json
绐,B,resolved,纟,糸,Bộ Mịch,120,record-radical,data/chars/7ED0.json
绑,A,resolved,纟,糸,Bộ Mịch,120,record-radical,data/chars/7ED1.json
绒,B,resolved,纟,糸,Bộ Mịch,120,record-radical,data/chars/7ED2.json
结,A,resolved,纟,糸,Bộ Mịch,120,record-radical,data/chars/7ED3.json
绔,C,not-resolved,,,,,not-resolved,data/chars/7ED4.json
绕,A,resolved,纟,糸,Bộ Mịch,120,record-radical,data/chars/7ED5.json
绖,C,not-resolved,,,,,not-resolved,data/chars/7ED6.json
绗,B,resolved,纟,糸,Bộ Mịch,120,record-radical,data/chars/7ED7.json
绘,A,resolved,纟,糸,Bộ Mịch,120,record-radical,data/chars/7ED8.json
给,A,resolved,纟,糸,Bộ Mịch,120,record-radical,data/chars/7ED9.json
绚,A,resolved,纟,糸,Bộ Mịch,120,record-radical,data/chars/7EDA.json
绛,B,resolved,纟,糸,Bộ Mịch,120,record-radical,data/chars/7EDB.json
络,A,resolved,纟,糸,Bộ Mịch,120,record-radical,data/chars/7EDC.json
绝,A,resolved,纟,糸,Bộ Mịch,120,record-radical,data/chars/7EDD.json
绞,B,resolved,纟,糸,Bộ Mịch,120,record-radical,data/chars/7EDE.json
统,A,resolved,纟,糸,Bộ Mịch,120,record-radical,data/chars/7EDF.json
绠,B,resolved,纟,糸,Bộ Mịch,120,record-radical,data/chars/7EE0.json
绡,B,resolved,纟,糸,Bộ Mịch,120,record-radical,data/chars/7EE1.json
绢,A,resolved,纟,糸,Bộ Mịch,120,record-radical,data/chars/7EE2.json
绣,A,resolved,纟,糸,Bộ Mịch,120,record-radical,data/chars/7EE3.json
绤,C,not-resolved,,,,,not-resolved,data/chars/7EE4.json
绥,B,resolved,纟,糸,Bộ Mịch,120,record-radical,data/chars/7EE5.json
绦,B,resolved,纟,糸,Bộ Mịch,120,record-radical,data/chars/7EE6.json
继,A,resolved,纟,糸,Bộ Mịch,120,record-radical,data/chars/7EE7.json
绨,B,resolved,纟,糸,Bộ Mịch,120,record-radical,data/chars/7EE8.json
绩,A,resolved,糹,糸,Bộ Mịch,120,record-radical,data/chars/7EE9.json
绪,A,resolved,纟,糸,Bộ Mịch,120,record-radical,data/chars/7EEA.json
绫,B,resolved,纟,糸,Bộ Mịch,120,record-radical,data/chars/7EEB.json
续,A,resolved,纟,糸,Bộ Mịch,120,record-radical,data/chars/7EED.json
绮,B,resolved,纟,糸,Bộ Mịch,120,record-radical,data/chars/7EEE.json
绯,A,resolved,纟,糸,Bộ Mịch,120,record-radical,data/chars/7EEF.json
绰,A,resolved,纟,糸,Bộ Mịch,120,record-radical,data/chars/7EF0.json
绱,B,resolved,纟,糸,Bộ Mịch,120,record-radical,data/chars/7EF1.json
绲,B,resolved,纟,糸,Bộ Mịch,120,record-radical,data/chars/7EF2.json
绳,A,resolved,纟,糸,Bộ Mịch,120,record-radical,data/chars/7EF3.json
维,A,resolved,纟,糸,Bộ Mịch,120,record-radical,data/chars/7EF4.json
绵,C,not-resolved,,,,,not-resolved,data/chars/7EF5.json
绶,B,resolved,纟,糸,Bộ Mịch,120,record-radical,data/chars/7EF6.json
绷,A,resolved,纟,糸,Bộ Mịch,120,record-radical,data/chars/7EF7.json
绸,A,resolved,纟,糸,Bộ Mịch,120,record-radical,data/chars/7EF8.json
绹,C,not-resolved,,,,,not-resolved,data/chars/7EF9.json
绺,C,not-resolved,,,,,not-resolved,data/chars/7EFA.json
绻,B,resolved,纟,糸,Bộ Mịch,120,record-radical,data/chars/7EFB.json
综,A,resolved,纟,糸,Bộ Mịch,120,record-radical,data/chars/7EFC.json
绽,A,resolved,纟,糸,Bộ Mịch,120,record-radical,data/chars/7EFD.json
绾,B,resolved,纟,糸,Bộ Mịch,120,record-radical,data/chars/7EFE.json
绿,A,resolved,纟,糸,Bộ Mịch,120,record-radical,data/chars/7EFF.json
缀,C,not-resolved,,,,,not-resolved,data/chars/7F00.json
缁,C,not-resolved,,,,,not-resolved,data/chars/7F01.json
缂,B,resolved,纟,糸,Bộ Mịch,120,record-radical,data/chars/7F02.json
缃,B,resolved,纟,糸,Bộ Mịch,120,record-radical,data/chars/7F03.json
缄,B,resolved,纟,糸,Bộ Mịch,120,record-radical,data/chars/7F04.json
缅,A,resolved,纟,糸,Bộ Mịch,120,record-radical,data/chars/7F05.json
缆,A,resolved,纟,糸,Bộ Mịch,120,record-radical,data/chars/7F06.json
缇,B,resolved,纟,糸,Bộ Mịch,120,record-radical,data/chars/7F07.json
缈,C,not-resolved,,,,,not-resolved,data/chars/7F08.json
缉,A,resolved,纟,糸,Bộ Mịch,120,record-radical,data/chars/7F09.json
缊,B,resolved,纟,糸,Bộ Mịch,120,record-radical,data/chars/7F0A.json
缋,B,resolved,纟,糸,Bộ Mịch,120,record-radical,data/chars/7F0B.json
缌,B,resolved,纟,糸,Bộ Mịch,120,record-radical,data/chars/7F0C.json
缎,B,resolved,纟,糸,Bộ Mịch,120,record-radical,data/chars/7F0E.json
缏,B,resolved,纟,糸,Bộ Mịch,120,record-radical,data/chars/7F0F.json
缑,B,resolved,纟,糸,Bộ Mịch,120,record-radical,data/chars/7F11.json
缒,B,resolved,纟,糸,Bộ Mịch,120,record-radical,data/chars/7F12.json
缓,A,resolved,纟,糸,Bộ Mịch,120,record-radical,data/chars/7F13.json
缔,A,resolved,纟,糸,Bộ Mịch,120,record-radical,data/chars/7F14.json
缕,A,resolved,纟,糸,Bộ Mịch,120,record-radical,data/chars/7F15.json
编,A,resolved,纟,糸,Bộ Mịch,120,record-radical,data/chars/7F16.json
缗,B,resolved,纟,糸,Bộ Mịch,120,record-radical,data/chars/7F17.json
缘,A,resolved,纟,糸,Bộ Mịch,120,record-radical,data/chars/7F18.json
缙,B,resolved,纟,糸,Bộ Mịch,120,record-radical,data/chars/7F19.json
缚,A,resolved,纟,糸,Bộ Mịch,120,record-radical,data/chars/7F1A.json
缛,A,resolved,纟,糸,Bộ Mịch,120,record-radical,data/chars/7F1B.json
缜,B,resolved,纟,糸,Bộ Mịch,120,record-radical,data/chars/7F1C.json
缝,A,resolved,纟,糸,Bộ Mịch,120,record-radical,data/chars/7F1D.json
缞,C,not-resolved,,,,,not-resolved,data/chars/7F1E.json
缟,B,resolved,纟,糸,Bộ Mịch,120,record-radical,data/chars/7F1F.json
缠,A,resolved,纟,糸,Bộ Mịch,120,record-radical,data/chars/7F20.json
缡,B,resolved,纟,糸,Bộ Mịch,120,record-radical,data/chars/7F21.json
缢,B,resolved,纟,糸,Bộ Mịch,120,record-radical,data/chars/7F22.json
缣,B,resolved,纟,糸,Bộ Mịch,120,record-radical,data/chars/7F23.json
缤,A,resolved,纟,糸,Bộ Mịch,120,record-radical,data/chars/7F24.json
缥,B,resolved,纟,糸,Bộ Mịch,120,record-radical,data/chars/7F25.json
缦,B,resolved,纟,糸,Bộ Mịch,120,record-radical,data/chars/7F26.json
缧,B,resolved,纟,糸,Bộ Mịch,120,record-radical,data/chars/7F27.json
缨,B,resolved,纟,糸,Bộ Mịch,120,record-radical,data/chars/7F28.json
缩,A,resolved,纟,糸,Bộ Mịch,120,record-radical,data/chars/7F29.json
缪,B,resolved,纟,糸,Bộ Mịch,120,record-radical,data/chars/7F2A.json
缫,B,resolved,纟,糸,Bộ Mịch,120,record-radical,data/chars/7F2B.json
缬,B,resolved,纟,糸,Bộ Mịch,120,record-radical,data/chars/7F2C.json
缭,B,resolved,纟,糸,Bộ Mịch,120,record-radical,data/chars/7F2D.json
缮,B,resolved,纟,糸,Bộ Mịch,120,record-radical,data/chars/7F2E.json
缯,B,resolved,纟,糸,Bộ Mịch,120,record-radical,data/chars/7F2F.json
缰,B,resolved,纟,糸,Bộ Mịch,120,record-radical,data/chars/7F30.json
缱,B,resolved,纟,糸,Bộ Mịch,120,record-radical,data/chars/7F31.json
缲,B,resolved,纟,糸,Bộ Mịch,120,record-radical,data/chars/7F32.json
缳,B,resolved,纟,糸,Bộ Mịch,120,record-radical,data/chars/7F33.json
缴,A,resolved,纟,糸,Bộ Mịch,120,record-radical,data/chars/7F34.json
缵,B,resolved,纟,糸,Bộ Mịch,120,record-radical,data/chars/7F35.json
缶,B,resolved,缶,缶,"Bộ Phẫu, Phữu",121,self-radical,radical_learning_notes.json
缸,A,resolved,缶,缶,"Bộ Phẫu, Phữu",121,record-radical,data/chars/7F38.json
缺,A,resolved,缶,缶,"Bộ Phẫu, Phữu",121,record-radical,data/chars/7F3A.json
罁,C,not-resolved,,,,,not-resolved,data/chars/7F41.json
罂,B,resolved,缶,缶,"Bộ Phẫu, Phữu",121,record-radical,data/chars/7F42.json
罃,C,not-resolved,,,,,not-resolved,data/chars/7F43.json
罄,A,resolved,缶,缶,"Bộ Phẫu, Phữu",121,record-radical,data/chars/7F44.json
罅,C,not-resolved,,,,,not-resolved,data/chars/7F45.json
罆,C,not-resolved,,,,,not-resolved,data/chars/7F46.json
罉,C,not-resolved,,,,,not-resolved,data/chars/7F49.json
罍,C,not-resolved,,,,,not-resolved,data/chars/7F4D.json
罎,C,not-resolved,,,,,not-resolved,data/chars/7F4E.json
罏,C,not-resolved,,,,,not-resolved,data/chars/7F4F.json
罐,A,resolved,缶,缶,"Bộ Phẫu, Phữu",121,record-radical,data/chars/7F50.json
网,A,resolved,网,网,Bộ Võng,122,self-radical,radical_learning_notes.json
罒,C,not-resolved,,,,,not-resolved,data/chars/7F52.json
罓,C,not-resolved,,,,,not-resolved,data/chars/7F53.json
罔,A,resolved,网,网,Bộ Võng,122,record-radical,data/chars/7F54.json
罕,C,not-resolved,,,,,not-resolved,data/chars/7F55.json
罖,C,not-resolved,,,,,not-resolved,data/chars/7F56.json
罗,A,resolved,网,网,Bộ Võng,122,record-radical,data/chars/7F57.json
罘,C,not-resolved,罒,,,,not-resolved,data/chars/7F58.json
罙,C,resolved,穴,穴,Bộ Huyệt,116,record-radical,data/chars/7F59.json
罚,C,not-resolved,,,,,not-resolved,data/chars/7F5A.json
罛,C,not-resolved,,,,,not-resolved,data/chars/7F5B.json
罝,C,not-resolved,,,,,not-resolved,data/chars/7F5D.json
罟,C,not-resolved,罒,,,,not-resolved,data/chars/7F5F.json
罠,C,not-resolved,,,,,not-resolved,data/chars/7F60.json
罡,C,not-resolved,罒,,,,not-resolved,data/chars/7F61.json
罢,A,resolved,网,网,Bộ Võng,122,record-radical,data/chars/7F62.json
罣,C,not-resolved,,,,,not-resolved,data/chars/7F63.json
罥,C,not-resolved,,,,,not-resolved,data/chars/7F65.json
罦,C,not-resolved,,,,,not-resolved,data/chars/7F66.json
罨,C,not-resolved,罒,,,,not-resolved,data/chars/7F68.json
罩,C,not-resolved,罒,,,,not-resolved,data/chars/7F69.json
罪,A,resolved,网,网,Bộ Võng,122,record-radical,data/chars/7F6A.json
罫,C,not-resolved,,,,,not-resolved,data/chars/7F6B.json
罭,C,not-resolved,,,,,not-resolved,data/chars/7F6D.json
置,A,resolved,网,网,Bộ Võng,122,record-radical,data/chars/7F6E.json
罱,C,not-resolved,罒,,,,not-resolved,data/chars/7F71.json
署,C,not-resolved,罒,,,,not-resolved,data/chars/7F72.json
罳,C,not-resolved,,,,,not-resolved,data/chars/7F73.json
罴,C,not-resolved,熊,,,,not-resolved,data/chars/7F74.json
罶,C,not-resolved,,,,,not-resolved,data/chars/7F76.json
罹,B,resolved,忄,心,Bộ Tâm,61,record-radical,data/chars/7F79.json
罻,C,not-resolved,,,,,not-resolved,data/chars/7F7B.json
罽,C,not-resolved,,,,,not-resolved,data/chars/7F7D.json
罾,C,not-resolved,罒,,,,not-resolved,data/chars/7F7E.json
罿,C,not-resolved,,,,,not-resolved,data/chars/7F7F.json
羀,C,not-resolved,,,,,not-resolved,data/chars/7F80.json
羁,C,not-resolved,,,,,not-resolved,data/chars/7F81.json
羂,C,not-resolved,,,,,not-resolved,data/chars/7F82.json
羃,C,not-resolved,,,,,not-resolved,data/chars/7F83.json
羇,C,not-resolved,,,,,not-resolved,data/chars/7F87.json
羊,A,resolved,羊,羊,Bộ Dương,123,self-radical,radical_learning_notes.json
羌,B,resolved,羊,羊,Bộ Dương,123,record-radical,data/chars/7F8C.json
羍,B,resolved,羊,羊,Bộ Dương,123,record-radical,data/chars/7F8D.json
美,A,resolved,羊,羊,Bộ Dương,123,record-radical,data/chars/7F8E.json
羑,C,not-resolved,,,,,not-resolved,data/chars/7F91.json
羔,A,resolved,羊,羊,Bộ Dương,123,record-radical,data/chars/7F94.json
羕,C,not-resolved,永,,,,not-resolved,data/chars/7F95.json
羖,C,not-resolved,,,,,not-resolved,data/chars/7F96.json
羚,B,resolved,羊,羊,Bộ Dương,123,record-radical,data/chars/7F9A.json
羜,C,not-resolved,,,,,not-resolved,data/chars/7F9C.json
羝,B,resolved,羊,羊,Bộ Dương,123,record-radical,data/chars/7F9D.json
羞,C,not-resolved,,,,,not-resolved,data/chars/7F9E.json
羟,B,resolved,羊,羊,Bộ Dương,123,record-radical,data/chars/7F9F.json
羡,C,not-resolved,,,,,not-resolved,data/chars/7FA1.json
羢,C,not-resolved,,,,,not-resolved,data/chars/7FA2.json
群,A,resolved,羊,羊,Bộ Dương,123,record-radical,data/chars/7FA4.json
羧,C,not-resolved,,,,,not-resolved,data/chars/7FA7.json
羭,C,not-resolved,,,,,not-resolved,data/chars/7FAD.json
羮,C,not-resolved,,,,,not-resolved,data/chars/7FAE.json
羯,B,resolved,羊,羊,Bộ Dương,123,record-radical,data/chars/7FAF.json
羰,C,not-resolved,炭,,,,not-resolved,data/chars/7FB0.json
羱,C,not-resolved,,,,,not-resolved,data/chars/7FB1.json
羲,C,not-resolved,,,,,not-resolved,data/chars/7FB2.json
羵,C,not-resolved,,,,,not-resolved,data/chars/7FB5.json
羶,C,not-resolved,,,,,not-resolved,data/chars/7FB6.json
羸,C,not-resolved,,,,,not-resolved,data/chars/7FB8.json
羹,C,not-resolved,,,,,not-resolved,data/chars/7FB9.json
羼,B,resolved,尸,尸,Bộ Thi,44,record-radical,data/chars/7FBC.json
羽,A,resolved,羽,羽,Bộ Vũ,124,self-radical,radical_learning_notes.json
羿,C,not-resolved,,,,,not-resolved,data/chars/7FBF.json
翀,C,not-resolved,,,,,not-resolved,data/chars/7FC0.json
翁,A,resolved,羽,羽,Bộ Vũ,124,record-radical,data/chars/7FC1.json
翃,C,not-resolved,,,,,not-resolved,data/chars/7FC3.json
翅,A,resolved,羽,羽,Bộ Vũ,124,record-radical,data/chars/7FC5.json
翊,B,resolved,羽,羽,Bộ Vũ,124,record-radical,data/chars/7FCA.json
翌,C,not-resolved,,,,,not-resolved,data/chars/7FCC.json
翎,B,resolved,羽,羽,Bộ Vũ,124,record-radical,data/chars/7FCE.json
翏,C,not-resolved,,,,,not-resolved,data/chars/7FCF.json
翔,A,resolved,羽,羽,Bộ Vũ,124,record-radical,data/chars/7FD4.json
翕,C,not-resolved,,,,,not-resolved,data/chars/7FD5.json
翖,C,not-resolved,,,,,not-resolved,data/chars/7FD6.json
翘,B,resolved,羽,羽,Bộ Vũ,124,record-radical,data/chars/7FD8.json
翙,C,not-resolved,,,,,not-resolved,data/chars/7FD9.json
翚,C,not-resolved,,,,,not-resolved,data/chars/7FDA.json
翛,C,not-resolved,,,,,not-resolved,data/chars/7FDB.json
翟,C,not-resolved,,,,,not-resolved,data/chars/7FDF.json
翠,A,resolved,羽,羽,Bộ Vũ,124,record-radical,data/chars/7FE0.json
翡,A,resolved,羽,羽,Bộ Vũ,124,record-radical,data/chars/7FE1.json
翣,C,not-resolved,,,,,not-resolved,data/chars/7FE3.json
翥,B,resolved,羽,羽,Bộ Vũ,124,record-radical,data/chars/7FE5.json
翦,B,resolved,羽,羽,Bộ Vũ,124,record-radical,data/chars/7FE6.json
翩,B,resolved,羽,羽,Bộ Vũ,124,record-radical,data/chars/7FE9.json
翪,C,not-resolved,,,,,not-resolved,data/chars/7FEA.json
翮,B,resolved,羽,羽,Bộ Vũ,124,record-radical,data/chars/7FEE.json
翯,C,not-resolved,,,,,not-resolved,data/chars/7FEF.json
翰,A,resolved,羽,羽,Bộ Vũ,124,record-radical,data/chars/7FF0.json
翱,B,resolved,羽,羽,Bộ Vũ,124,record-radical,data/chars/7FF1.json
翳,B,resolved,羽,羽,Bộ Vũ,124,record-radical,data/chars/7FF3.json
翻,A,resolved,羽,羽,Bộ Vũ,124,record-radical,data/chars/7FFB.json
翼,A,resolved,羽,羽,Bộ Vũ,124,record-radical,data/chars/7FFC.json
翾,C,not-resolved,,,,,not-resolved,data/chars/7FFE.json
翿,C,not-resolved,,,,,not-resolved,data/chars/7FFF.json
耀,C,not-resolved,,,,,not-resolved,data/chars/8000.json
老,A,resolved,老,老,Bộ Lão,125,self-radical,radical_learning_notes.json
耂,C,not-resolved,,,,,not-resolved,data/chars/8002.json
考,C,not-resolved,耂,,,,not-resolved,data/chars/8003.json
耄,B,resolved,老,老,Bộ Lão,125,record-radical,data/chars/8004.json
者,C,not-resolved,,,,,not-resolved,data/chars/8005.json
耆,B,resolved,老,老,Bộ Lão,125,record-radical,data/chars/8006.json
耇,C,not-resolved,,,,,not-resolved,data/chars/8007.json
耈,C,not-resolved,,,,,not-resolved,data/chars/8008.json
耉,C,not-resolved,,,,,not-resolved,data/chars/8009.json
耊,C,not-resolved,,,,,not-resolved,data/chars/800A.json
耋,B,resolved,老,老,Bộ Lão,125,record-radical,data/chars/800B.json
而,A,resolved,而,而,Bộ Nhi,126,self-radical,radical_learning_notes.json
耍,C,not-resolved,,,,,not-resolved,data/chars/800D.json
耎,C,not-resolved,,,,,not-resolved,data/chars/800E.json
耏,C,not-resolved,,,,,not-resolved,data/chars/800F.json
耐,C,not-resolved,,,,,not-resolved,data/chars/8010.json
耒,B,resolved,耒,耒,Bộ Lỗi,127,self-radical,radical_learning_notes.json
耔,B,resolved,耒,耒,Bộ Lỗi,127,record-radical,data/chars/8014.json
耕,A,resolved,耒,耒,Bộ Lỗi,127,record-radical,data/chars/8015.json
耗,A,resolved,耒,耒,Bộ Lỗi,127,record-radical,data/chars/8017.json
耘,B,resolved,耒,耒,Bộ Lỗi,127,record-radical,data/chars/8018.json
耙,B,resolved,耒,耒,Bộ Lỗi,127,record-radical,data/chars/8019.json
耜,B,resolved,耒,耒,Bộ Lỗi,127,record-radical,data/chars/801C.json
耝,C,not-resolved,,,,,not-resolved,data/chars/801D.json
耞,C,not-resolved,,,,,not-resolved,data/chars/801E.json
耠,B,resolved,耒,耒,Bộ Lỗi,127,record-radical,data/chars/8020.json
耡,C,not-resolved,,,,,not-resolved,data/chars/8021.json
耢,B,resolved,耒,耒,Bộ Lỗi,127,record-radical,data/chars/8022.json
耤,B,resolved,耒,耒,Bộ Lỗi,127,record-radical,data/chars/8024.json
耥,C,resolved,耒,耒,Bộ Lỗi,127,record-radical,data/chars/8025.json
耦,B,resolved,耒,耒,Bộ Lỗi,127,record-radical,data/chars/8026.json
耧,B,resolved,耒,耒,Bộ Lỗi,127,record-radical,data/chars/8027.json
耨,B,resolved,耒,耒,Bộ Lỗi,127,record-radical,data/chars/8028.json
耩,C,not-resolved,,,,,not-resolved,data/chars/8029.json
耪,B,resolved,耒,耒,Bộ Lỗi,127,record-radical,data/chars/802A.json
耰,C,not-resolved,,,,,not-resolved,data/chars/8030.json
耱,B,resolved,耒,耒,Bộ Lỗi,127,record-radical,data/chars/8031.json
耳,A,resolved,耳,耳,Bộ Nhĩ,128,self-radical,radical_learning_notes.json
耵,B,resolved,耳,耳,Bộ Nhĩ,128,record-radical,data/chars/8035.json
耶,A,resolved,耳,耳,Bộ Nhĩ,128,record-radical,data/chars/8036.json
耷,B,resolved,耳,耳,Bộ Nhĩ,128,record-radical,data/chars/8037.json
耸,A,resolved,耳,耳,Bộ Nhĩ,128,record-radical,data/chars/8038.json
耻,A,resolved,耳,耳,Bộ Nhĩ,128,record-radical,data/chars/803B.json
耼,C,not-resolved,,,,,not-resolved,data/chars/803C.json
耽,A,resolved,耳,耳,Bộ Nhĩ,128,record-radical,data/chars/803D.json
耿,A,resolved,火,火,Bộ Hỏa,86,record-radical,data/chars/803F.json
聂,B,resolved,耳,耳,Bộ Nhĩ,128,record-radical,data/chars/8042.json
聃,B,resolved,耳,耳,Bộ Nhĩ,128,record-radical,data/chars/8043.json
聆,A,resolved,耳,耳,Bộ Nhĩ,128,record-radical,data/chars/8046.json
聊,A,resolved,耳,耳,Bộ Nhĩ,128,record-radical,data/chars/804A.json
聋,A,resolved,耳,耳,Bộ Nhĩ,128,record-radical,data/chars/804B.json
职,A,resolved,耳,耳,Bộ Nhĩ,128,record-radical,data/chars/804C.json
聍,B,resolved,耳,耳,Bộ Nhĩ,128,record-radical,data/chars/804D.json
聎,C,not-resolved,,,,,not-resolved,data/chars/804E.json
聒,C,not-resolved,,,,,not-resolved,data/chars/8052.json
联,A,resolved,耳,耳,Bộ Nhĩ,128,record-radical,data/chars/8054.json
聘,A,resolved,耳,耳,Bộ Nhĩ,128,record-radical,data/chars/8058.json
聚,C,not-resolved,众,,,,not-resolved,data/chars/805A.json
聝,C,not-resolved,,,,,not-resolved,data/chars/805D.json
聡,C,not-resolved,,,,,not-resolved,data/chars/8061.json
聦,C,not-resolved,,,,,not-resolved,data/chars/8066.json
聨,C,not-resolved,,,,,not-resolved,data/chars/8068.json
聩,B,resolved,耳,耳,Bộ Nhĩ,128,record-radical,data/chars/8069.json
聪,A,resolved,耳,耳,Bộ Nhĩ,128,record-radical,data/chars/806A.json
聮,C,not-resolved,,,,,not-resolved,data/chars/806E.json
聱,B,resolved,耳,耳,Bộ Nhĩ,128,record-radical,data/chars/8071.json
聴,C,not-resolved,,,,,not-resolved,data/chars/8074.json
聼,C,not-resolved,,,,,not-resolved,data/chars/807C.json
聿,B,resolved,聿,聿,Bộ Duật,129,self-radical,radical_learning_notes.json
肀,C,not-resolved,,,,,not-resolved,data/chars/8080.json
肃,A,resolved,聿,聿,Bộ Duật,129,record-radical,data/chars/8083.json
肄,C,not-resolved,,,,,not-resolved,data/chars/8084.json
肆,C,not-resolved,,,,,not-resolved,data/chars/8086.json
肇,C,not-resolved,,,,,not-resolved,data/chars/8087.json
肉,A,resolved,肉,肉,Bộ Nhục,130,self-radical,radical_learning_notes.json
肊,C,not-resolved,,,,,not-resolved,data/chars/808A.json
肋,C,not-resolved,⺼,,,,not-resolved,data/chars/808B.json
肌,C,not-resolved,⺼,,,,not-resolved,data/chars/808C.json
肏,C,not-resolved,,,,,not-resolved,data/chars/808F.json
肓,C,not-resolved,⺼,,,,not-resolved,data/chars/8093.json
肕,C,not-resolved,,,,,not-resolved,data/chars/8095.json
肖,A,resolved,小,小,Bộ Tiểu,42,record-radical,data/chars/8096.json
肘,C,not-resolved,,,,,not-resolved,data/chars/8098.json
肙,C,not-resolved,,,,,not-resolved,data/chars/8099.json
肚,C,not-resolved,⺼,,,,not-resolved,data/chars/809A.json
肛,C,not-resolved,⺼,,,,not-resolved,data/chars/809B.json
肜,C,not-resolved,⺼,,,,not-resolved,data/chars/809C.json
肝,C,not-resolved,⺼,,,,not-resolved,data/chars/809D.json
肟,C,not-resolved,⺼,,,,not-resolved,data/chars/809F.json
肠,C,not-resolved,⺼,,,,not-resolved,data/chars/80A0.json
股,C,not-resolved,⺼,,,,not-resolved,data/chars/80A1.json
肢,C,not-resolved,⺼,,,,not-resolved,data/chars/80A2.json
肤,C,not-resolved,⺼,,,,not-resolved,data/chars/80A4.json
肥,C,not-resolved,⺼,,,,not-resolved,data/chars/80A5.json
肩,C,not-resolved,,,,,not-resolved,data/chars/80A9.json
肪,C,not-resolved,⺼,,,,not-resolved,data/chars/80AA.json
肫,C,not-resolved,⺼,,,,not-resolved,data/chars/80AB.json
肬,C,not-resolved,,,,,not-resolved,data/chars/80AC.json
肭,C,not-resolved,⺼,,,,not-resolved,data/chars/80AD.json
肮,C,not-resolved,⺼,,,,not-resolved,data/chars/80AE.json
肯,C,not-resolved,冎,,,,not-resolved,data/chars/80AF.json
肰,C,not-resolved,⺼,,,,not-resolved,data/chars/80B0.json
肱,C,not-resolved,⺼,,,,not-resolved,data/chars/80B1.json
育,A,resolved,子,子,"Bộ Tử, Tý",39,record-radical,data/chars/80B2.json
肴,C,not-resolved,⺼,,,,not-resolved,data/chars/80B4.json
肵,C,not-resolved,,,,,not-resolved,data/chars/80B5.json
肷,C,not-resolved,⺼,,,,not-resolved,data/chars/80B7.json
肸,C,not-resolved,,,,,not-resolved,data/chars/80B8.json
肹,C,not-resolved,,,,,not-resolved,data/chars/80B9.json
肺,C,not-resolved,⺼,,,,not-resolved,data/chars/80BA.json
肼,C,not-resolved,⺼,,,,not-resolved,data/chars/80BC.json
肽,C,not-resolved,⺼,,,,not-resolved,data/chars/80BD.json
肾,C,not-resolved,⺼,,,,not-resolved,data/chars/80BE.json
肿,C,not-resolved,⺼,,,,not-resolved,data/chars/80BF.json
胀,C,not-resolved,⺼,,,,not-resolved,data/chars/80C0.json
胁,C,not-resolved,⺼,,,,not-resolved,data/chars/80C1.json
胂,C,not-resolved,⺼,,,,not-resolved,data/chars/80C2.json
胃,C,not-resolved,⺼,,,,not-resolved,data/chars/80C3.json
胄,C,not-resolved,,,,,not-resolved,data/chars/80C4.json
胆,C,not-resolved,⺼,,,,not-resolved,data/chars/80C6.json
胇,C,not-resolved,,,,,not-resolved,data/chars/80C7.json
胊,C,not-resolved,,,,,not-resolved,data/chars/80CA.json
背,C,not-resolved,⺼,,,,not-resolved,data/chars/80CC.json
胍,C,not-resolved,⺼,,,,not-resolved,data/chars/80CD.json
胎,C,not-resolved,⺼,,,,not-resolved,data/chars/80CE.json
胏,C,not-resolved,,,,,not-resolved,data/chars/80CF.json
胑,C,not-resolved,,,,,not-resolved,data/chars/80D1.json
胔,C,not-resolved,,,,,not-resolved,data/chars/80D4.json
胖,C,not-resolved,⺼,,,,not-resolved,data/chars/80D6.json
胗,C,not-resolved,⺼,,,,not-resolved,data/chars/80D7.json
胙,C,not-resolved,⺼,,,,not-resolved,data/chars/80D9.json
胚,C,not-resolved,⺼,,,,not-resolved,data/chars/80DA.json
胛,C,not-resolved,⺼,,,,not-resolved,data/chars/80DB.json
胜,C,not-resolved,⺼,,,,not-resolved,data/chars/80DC.json
胝,C,not-resolved,⺼,,,,not-resolved,data/chars/80DD.json
胞,C,not-resolved,⺼,,,,not-resolved,data/chars/80DE.json
胠,C,not-resolved,,,,,not-resolved,data/chars/80E0.json
胡,C,not-resolved,⺼,,,,not-resolved,data/chars/80E1.json
胤,C,not-resolved,,,,,not-resolved,data/chars/80E4.json
胥,C,not-resolved,,,,,not-resolved,data/chars/80E5.json
胦,C,not-resolved,,,,,not-resolved,data/chars/80E6.json
胧,A,resolved,月,月,"Bộ Nguyệt,Nhục",74,record-radical,data/chars/80E7.json
胨,C,not-resolved,⺼,,,,not-resolved,data/chars/80E8.json
胩,C,not-resolved,⺼,,,,not-resolved,data/chars/80E9.json
胪,C,not-resolved,⺼,,,,not-resolved,data/chars/80EA.json
胫,C,not-resolved,⺼,,,,not-resolved,data/chars/80EB.json
胬,B,resolved,肉,肉,Bộ Nhục,130,record-radical,data/chars/80EC.json
胭,C,not-resolved,⺼,,,,not-resolved,data/chars/80ED.json
胯,C,not-resolved,⺼,,,,not-resolved,data/chars/80EF.json
胰,C,not-resolved,⺼,,,,not-resolved,data/chars/80F0.json
胱,C,not-resolved,⺼,,,,not-resolved,data/chars/80F1.json
胲,C,not-resolved,⺼,,,,not-resolved,data/chars/80F2.json
胳,C,not-resolved,⺼,,,,not-resolved,data/chars/80F3.json
胴,C,not-resolved,⺼,,,,not-resolved,data/chars/80F4.json
胶,C,not-resolved,,,,,not-resolved,data/chars/80F6.json
胸,C,not-resolved,⺼,,,,not-resolved,data/chars/80F8.json
胹,C,not-resolved,,,,,not-resolved,data/chars/80F9.json
胺,C,not-resolved,⺼,,,,not-resolved,data/chars/80FA.json
胻,C,not-resolved,,,,,not-resolved,data/chars/80FB.json
胼,C,not-resolved,⺼,,,,not-resolved,data/chars/80FC.json
能,C,not-resolved,◎,,,,not-resolved,data/chars/80FD.json
胾,C,not-resolved,,,,,not-resolved,data/chars/80FE.json
脂,C,not-resolved,⺼,,,,not-resolved,data/chars/8102.json
脆,C,not-resolved,,,,,not-resolved,data/chars/8106.json
脉,C,not-resolved,,,,,not-resolved,data/chars/8109.json
脊,C,not-resolved,,,,,not-resolved,data/chars/810A.json
脍,C,not-resolved,⺼,,,,not-resolved,data/chars/810D.json
脎,C,not-resolved,⺼,,,,not-resolved,data/chars/810E.json
脏,C,not-resolved,⺼,,,,not-resolved,data/chars/810F.json
脐,C,not-resolved,⺼,,,,not-resolved,data/chars/8110.json
脑,C,not-resolved,⺼,,,,not-resolved,data/chars/8111.json
脒,C,not-resolved,⺼,,,,not-resolved,data/chars/8112.json
脓,C,not-resolved,⺼,,,,not-resolved,data/chars/8113.json
脔,B,resolved,肉,肉,Bộ Nhục,130,record-radical,data/chars/8114.json
脖,C,not-resolved,⺼,,,,not-resolved,data/chars/8116.json
脘,C,not-resolved,⺼,,,,not-resolved,data/chars/8118.json
脚,C,not-resolved,⺼,,,,not-resolved,data/chars/811A.json
脝,C,not-resolved,,,,,not-resolved,data/chars/811D.json
脞,C,not-resolved,⺼,,,,not-resolved,data/chars/811E.json
脡,C,not-resolved,,,,,not-resolved,data/chars/8121.json
脢,C,not-resolved,⺼,,,,not-resolved,data/chars/8122.json
脤,C,not-resolved,,,,,not-resolved,data/chars/8124.json
脧,C,not-resolved,,,,,not-resolved,data/chars/8127.json
脨,C,not-resolved,,,,,not-resolved,data/chars/8128.json
脬,C,not-resolved,⺼,,,,not-resolved,data/chars/812C.json
脯,C,not-resolved,⺼,,,,not-resolved,data/chars/812F.json
脰,C,not-resolved,,,,,not-resolved,data/chars/8130.json
脱,C,not-resolved,⺼,,,,not-resolved,data/chars/8131.json
脲,C,not-resolved,⺼,,,,not-resolved,data/chars/8132.json
脳,C,not-resolved,,,,,not-resolved,data/chars/8133.json
脶,C,not-resolved,⺼,,,,not-resolved,data/chars/8136.json
脷,C,not-resolved,⺼,,,,not-resolved,data/chars/8137.json
脸,C,not-resolved,⺼,,,,not-resolved,data/chars/8138.json
脾,C,not-resolved,⺼,,,,not-resolved,data/chars/813E.json
脿,C,not-resolved,,,,,not-resolved,data/chars/813F.json
腄,C,not-resolved,,,,,not-resolved,data/chars/8144.json
腆,C,not-resolved,⺼,,,,not-resolved,data/chars/8146.json
腈,C,not-resolved,⺼,,,,not-resolved,data/chars/8148.json
腊,C,not-resolved,,,,,not-resolved,data/chars/814A.json
腋,C,not-resolved,⺼,,,,not-resolved,data/chars/814B.json
腌,C,not-resolved,,,,,not-resolved,data/chars/814C.json
腍,C,not-resolved,,,,,not-resolved,data/chars/814D.json
腐,A,resolved,肉,肉,Bộ Nhục,130,record-radical,data/chars/8150.json
腑,C,not-resolved,⺼,,,,not-resolved,data/chars/8151.json
腒,C,not-resolved,,,,,not-resolved,data/chars/8152.json
腓,C,not-resolved,⺼,,,,not-resolved,data/chars/8153.json
腔,C,not-resolved,⺼,,,,not-resolved,data/chars/8154.json
腕,C,not-resolved,⺼,,,,not-resolved,data/chars/8155.json
腘,C,not-resolved,⺼,,,,not-resolved,data/chars/8158.json
腙,C,not-resolved,⺼,,,,not-resolved,data/chars/8159.json
腚,C,not-resolved,⺼,,,,not-resolved,data/chars/815A.json
腜,C,not-resolved,,,,,not-resolved,data/chars/815C.json
腠,C,not-resolved,⺼,,,,not-resolved,data/chars/8160.json
腥,C,not-resolved,⺼,,,,not-resolved,data/chars/8165.json
腧,C,not-resolved,⺼,,,,not-resolved,data/chars/8167.json
腩,C,not-resolved,⺼,,,,not-resolved,data/chars/8169.json
腬,C,not-resolved,,,,,not-resolved,data/chars/816C.json
腭,C,not-resolved,⺼,,,,not-resolved,data/chars/816D.json
腮,C,not-resolved,⺼,,,,not-resolved,data/chars/816E.json
腯,C,not-resolved,,,,,not-resolved,data/chars/816F.json
腰,C,not-resolved,⺼,,,,not-resolved,data/chars/8170.json
腱,C,not-resolved,⺼,,,,not-resolved,data/chars/8171.json
腴,C,not-resolved,⺼,,,,not-resolved,data/chars/8174.json
腶,C,not-resolved,,,,,not-resolved,data/chars/8176.json
腹,C,not-resolved,⺼,,,,not-resolved,data/chars/8179.json
腺,C,not-resolved,⺼,,,,not-resolved,data/chars/817A.json
腻,C,not-resolved,⺼,,,,not-resolved,data/chars/817B.json
腼,C,not-resolved,⺼,,,,not-resolved,data/chars/817C.json
腽,C,not-resolved,⺼,,,,not-resolved,data/chars/817D.json
腾,A,resolved,马,馬,Bộ Mã,187,record-radical,data/chars/817E.json
腿,C,not-resolved,⺼,,,,not-resolved,data/chars/817F.json
膀,C,not-resolved,,,,,not-resolved,data/chars/8180.json
膂,C,not-resolved,⺼,,,,not-resolved,data/chars/8182.json
膆,C,not-resolved,,,,,not-resolved,data/chars/8186.json
膇,C,not-resolved,,,,,not-resolved,data/chars/8187.json
膈,C,not-resolved,⺼,,,,not-resolved,data/chars/8188.json
膊,C,not-resolved,⺼,,,,not-resolved,data/chars/818A.json
膋,C,not-resolved,,,,,not-resolved,data/chars/818B.json
膌,C,not-resolved,,,,,not-resolved,data/chars/818C.json
膏,C,not-resolved,⺼,,,,not-resolved,data/chars/818F.json
膑,C,not-resolved,⺼,,,,not-resolved,data/chars/8191.json
膔,C,not-resolved,,,,,not-resolved,data/chars/8194.json
膗,C,not-resolved,,,,,not-resolved,data/chars/8197.json
膘,C,not-resolved,⺼,,,,not-resolved,data/chars/8198.json
膙,C,not-resolved,,,,,not-resolved,data/chars/8199.json
膛,C,not-resolved,,,,,not-resolved,data/chars/819B.json
膜,C,not-resolved,⺼,,,,not-resolved,data/chars/819C.json
膝,C,not-resolved,⺼,,,,not-resolved,data/chars/819D.json
膟,C,not-resolved,,,,,not-resolved,data/chars/819F.json
膣,C,not-resolved,⺼,,,,not-resolved,data/chars/81A3.json
膦,C,not-resolved,,,,,not-resolved,data/chars/81A6.json
膨,C,not-resolved,⺼,,,,not-resolved,data/chars/81A8.json
膪,C,not-resolved,⺼,,,,not-resolved,data/chars/81AA.json
膫,C,not-resolved,⺼,,,,not-resolved,data/chars/81AB.json
膰,C,not-resolved,,,,,not-resolved,data/chars/81B0.json
膲,C,not-resolved,⺼,,,,not-resolved,data/chars/81B2.json
膳,C,not-resolved,⺼,,,,not-resolved,data/chars/81B3.json
膴,C,not-resolved,,,,,not-resolved,data/chars/81B4.json
膵,C,not-resolved,,,,,not-resolved,data/chars/81B5.json
膷,C,not-resolved,,,,,not-resolved,data/chars/81B7.json
膺,C,not-resolved,⺼,,,,not-resolved,data/chars/81BA.json
膻,C,not-resolved,⺼,,,,not-resolved,data/chars/81BB.json
臀,C,not-resolved,⺼,,,,not-resolved,data/chars/81C0.json
臁,C,not-resolved,⺼,,,,not-resolved,data/chars/81C1.json
臂,C,not-resolved,⺼,,,,not-resolved,data/chars/81C2.json
臃,C,not-resolved,⺼,,,,not-resolved,data/chars/81C3.json
臄,C,not-resolved,,,,,not-resolved,data/chars/81C4.json
臆,C,not-resolved,,,,,not-resolved,data/chars/81C6.json
臇,C,not-resolved,,,,,not-resolved,data/chars/81C7.json
臊,C,not-resolved,⺼,,,,not-resolved,data/chars/81CA.json
臌,C,not-resolved,⺼,,,,not-resolved,data/chars/81CC.json
臐,C,not-resolved,,,,,not-resolved,data/chars/81D0.json
臑,C,not-resolved,,,,,not-resolved,data/chars/81D1.json
臓,C,not-resolved,,,,,not-resolved,data/chars/81D3.json
臖,C,not-resolved,,,,,not-resolved,data/chars/81D6.json
臛,C,not-resolved,,,,,not-resolved,data/chars/81DB.json
臜,C,not-resolved,⺼,,,,not-resolved,data/chars/81DC.json
臞,C,not-resolved,,,,,not-resolved,data/chars/81DE.json
臣,A,resolved,臣,臣,Bộ Thần,131,self-radical,radical_learning_notes.json
臤,C,resolved,又,又,Bộ Hựu,29,record-radical,data/chars/81E4.json
臧,B,resolved,臣,臣,Bộ Thần,131,record-radical,data/chars/81E7.json
自,A,resolved,自,自,Bộ Tự,132,self-radical,radical_learning_notes.json
臬,C,not-resolved,,,,,not-resolved,data/chars/81EC.json
臭,C,not-resolved,,,,,not-resolved,data/chars/81ED.json
臲,C,not-resolved,危,,,,not-resolved,data/chars/81F2.json
至,A,resolved,至,至,Bộ Chí,133,self-radical,radical_learning_notes.json
致,A,resolved,攵,攴,Bộ Phộc,66,record-radical,data/chars/81F4.json
臻,B,resolved,至,至,Bộ Chí,133,record-radical,data/chars/81FB.json
臼,B,resolved,臼,臼,Bộ Cữu,134,self-radical,radical_learning_notes.json
臽,C,not-resolved,,,,,not-resolved,data/chars/81FD.json
臾,C,not-resolved,,,,,not-resolved,data/chars/81FE.json
臿,C,not-resolved,,,,,not-resolved,data/chars/81FF.json
舀,C,not-resolved,,,,,not-resolved,data/chars/8200.json
舁,B,resolved,又,又,Bộ Hựu,29,record-radical,data/chars/8201.json
舂,B,resolved,臼,臼,Bộ Cữu,134,record-radical,data/chars/8202.json
舄,C,not-resolved,,,,,not-resolved,data/chars/8204.json
舅,C,not-resolved,男,,,,not-resolved,data/chars/8205.json
舆,C,not-resolved,,,,,not-resolved,data/chars/8206.json
舋,C,not-resolved,,,,,not-resolved,data/chars/820B.json
舌,A,resolved,舌,舌,Bộ Thiệt,135,self-radical,radical_learning_notes.json
舍,A,resolved,口,口,Bộ Khẩu,30,record-radical,data/chars/820D.json
舎,C,not-resolved,,,,,not-resolved,data/chars/820E.json
舐,B,resolved,舌,舌,Bộ Thiệt,135,record-radical,data/chars/8210.json
舒,C,not-resolved,舍,,,,not-resolved,data/chars/8212.json
舓,C,not-resolved,,,,,not-resolved,data/chars/8213.json
舔,B,resolved,舌,舌,Bộ Thiệt,135,record-radical,data/chars/8214.json
舗,C,not-resolved,,,,,not-resolved,data/chars/8217.json
舛,A,resolved,舛,舛,Bộ Suyễn,136,self-radical,radical_learning_notes.json
舜,C,not-resolved,爫,,,,not-resolved,data/chars/821C.json
舝,C,not-resolved,,,,,not-resolved,data/chars/821D.json
舞,A,resolved,舛,舛,Bộ Suyễn,136,record-radical,data/chars/821E.json
舟,A,resolved,舟,舟,"Bộ Chu,Châu",137,self-radical,radical_learning_notes.json
舠,C,not-resolved,,,,,not-resolved,data/chars/8220.json
舡,B,resolved,舟,舟,"Bộ Chu,Châu",137,record-radical,data/chars/8221.json
舢,B,resolved,舟,舟,"Bộ Chu,Châu",137,record-radical,data/chars/8222.json
舣,B,resolved,舟,舟,"Bộ Chu,Châu",137,record-radical,data/chars/8223.json
舨,B,resolved,舟,舟,"Bộ Chu,Châu",137,record-radical,data/chars/8228.json
航,A,resolved,舟,舟,"Bộ Chu,Châu",137,record-radical,data/chars/822A.json
舫,B,resolved,舟,舟,"Bộ Chu,Châu",137,record-radical,data/chars/822B.json
般,A,resolved,殳,殳,Bộ Thù,79,record-radical,data/chars/822C.json
舭,B,resolved,舟,舟,"Bộ Chu,Châu",137,record-radical,data/chars/822D.json
舰,A,resolved,舟,舟,"Bộ Chu,Châu",137,record-radical,data/chars/8230.json
舱,C,not-resolved,,,,,not-resolved,data/chars/8231.json
舲,B,resolved,舟,舟,"Bộ Chu,Châu",137,record-radical,data/chars/8232.json
舳,B,resolved,舟,舟,"Bộ Chu,Châu",137,record-radical,data/chars/8233.json
舴,B,resolved,舟,舟,"Bộ Chu,Châu",137,record-radical,data/chars/8234.json
舵,A,resolved,舟,舟,"Bộ Chu,Châu",137,record-radical,data/chars/8235.json
舶,A,resolved,舟,舟,"Bộ Chu,Châu",137,record-radical,data/chars/8236.json
舷,B,resolved,舟,舟,"Bộ Chu,Châu",137,record-radical,data/chars/8237.json
舸,B,resolved,舟,舟,"Bộ Chu,Châu",137,record-radical,data/chars/8238.json
船,A,resolved,舟,舟,"Bộ Chu,Châu",137,record-radical,data/chars/8239.json
舺,C,not-resolved,,,,,not-resolved,data/chars/823A.json
舻,B,resolved,舟,舟,"Bộ Chu,Châu",137,record-radical,data/chars/823B.json
舾,B,resolved,舟,舟,"Bộ Chu,Châu",137,record-radical,data/chars/823E.json
艁,C,not-resolved,,,,,not-resolved,data/chars/8241.json
艄,B,resolved,舟,舟,"Bộ Chu,Châu",137,record-radical,data/chars/8244.json
艅,C,not-resolved,,,,,not-resolved,data/chars/8245.json
艇,A,resolved,舟,舟,"Bộ Chu,Châu",137,record-radical,data/chars/8247.json
艉,C,not-resolved,,,,,not-resolved,data/chars/8249.json
艋,B,resolved,舟,舟,"Bộ Chu,Châu",137,record-radical,data/chars/824B.json
艎,B,resolved,舟,舟,"Bộ Chu,Châu",137,record-radical,data/chars/824E.json
艏,C,not-resolved,,,,,not-resolved,data/chars/824F.json
艑,C,not-resolved,,,,,not-resolved,data/chars/8251.json
艕,C,not-resolved,,,,,not-resolved,data/chars/8255.json
艖,C,not-resolved,,,,,not-resolved,data/chars/8256.json
艗,C,not-resolved,,,,,not-resolved,data/chars/8257.json
艘,B,resolved,舟,舟,"Bộ Chu,Châu",137,record-radical,data/chars/8258.json
艚,B,resolved,舟,舟,"Bộ Chu,Châu",137,record-radical,data/chars/825A.json
艜,C,not-resolved,,,,,not-resolved,data/chars/825C.json
艟,B,resolved,舟,舟,"Bộ Chu,Châu",137,record-radical,data/chars/825F.json
艨,B,resolved,舟,舟,"Bộ Chu,Châu",137,record-radical,data/chars/8268.json
艩,C,not-resolved,,,,,not-resolved,data/chars/8269.json
艬,C,not-resolved,,,,,not-resolved,data/chars/826C.json
艭,C,not-resolved,,,,,not-resolved,data/chars/826D.json
艮,B,resolved,艮,艮,Bộ Cấn,138,self-radical,radical_learning_notes.json
良,C,not-resolved,,,,,not-resolved,data/chars/826F.json
艰,A,resolved,艮,艮,Bộ Cấn,138,record-radical,data/chars/8270.json
色,A,resolved,色,色,Bộ Sắc,139,self-radical,radical_learning_notes.json
艳,C,not-resolved,,,,,not-resolved,data/chars/8273.json
艴,B,resolved,色,色,Bộ Sắc,139,record-radical,data/chars/8274.json
艹,B,resolved,艹,艸,Bộ Thảo,140,radical-variant,radical_alias_index.json
艺,A,resolved,艹,艸,Bộ Thảo,140,record-radical,data/chars/827A.json
艻,B,resolved,艹,艸,Bộ Thảo,140,record-radical,data/chars/827B.json
艽,B,resolved,艹,艸,Bộ Thảo,140,record-radical,data/chars/827D.json
艾,A,resolved,艹,艸,Bộ Thảo,140,record-radical,data/chars/827E.json
艿,B,resolved,艹,艸,Bộ Thảo,140,record-radical,data/chars/827F.json
芀,C,not-resolved,,,,,not-resolved,data/chars/8280.json
节,A,resolved,艹,艸,Bộ Thảo,140,record-radical,data/chars/8282.json
芃,C,not-resolved,,,,,not-resolved,data/chars/8283.json
芄,B,resolved,艹,艸,Bộ Thảo,140,record-radical,data/chars/8284.json
芈,C,not-resolved,,,,,not-resolved,data/chars/8288.json
芊,C,not-resolved,,,,,not-resolved,data/chars/828A.json
芋,B,resolved,艹,艸,Bộ Thảo,140,record-radical,data/chars/828B.json
芍,B,resolved,艹,艸,Bộ Thảo,140,record-radical,data/chars/828D.json
芎,B,resolved,艹,艸,Bộ Thảo,140,record-radical,data/chars/828E.json
芏,B,resolved,艹,艸,Bộ Thảo,140,record-radical,data/chars/828F.json
芑,B,resolved,艹,艸,Bộ Thảo,140,record-radical,data/chars/8291.json
芒,A,resolved,艹,艸,Bộ Thảo,140,record-radical,data/chars/8292.json
芔,C,not-resolved,,,,,not-resolved,data/chars/8294.json
芕,C,not-resolved,,,,,not-resolved,data/chars/8295.json
芗,B,resolved,艹,艸,Bộ Thảo,140,record-radical,data/chars/8297.json
芘,B,resolved,艹,艸,Bộ Thảo,140,record-radical,data/chars/8298.json
芙,B,resolved,艹,艸,Bộ Thảo,140,record-radical,data/chars/8299.json
芚,C,not-resolved,,,,,not-resolved,data/chars/829A.json
芜,B,resolved,艹,艸,Bộ Thảo,140,record-radical,data/chars/829C.json
芝,A,resolved,艹,艸,Bộ Thảo,140,record-radical,data/chars/829D.json
芞,C,not-resolved,,,,,not-resolved,data/chars/829E.json
芟,C,not-resolved,,,,,not-resolved,data/chars/829F.json
芡,B,resolved,艹,艸,Bộ Thảo,140,record-radical,data/chars/82A1.json
芣,C,not-resolved,,,,,not-resolved,data/chars/82A3.json
芤,B,resolved,艹,艸,Bộ Thảo,140,record-radical,data/chars/82A4.json
芥,B,resolved,艹,艸,Bộ Thảo,140,record-radical,data/chars/82A5.json
芦,A,resolved,艹,艸,Bộ Thảo,140,record-radical,data/chars/82A6.json
芧,C,not-resolved,,,,,not-resolved,data/chars/82A7.json
芨,B,resolved,艹,艸,Bộ Thảo,140,record-radical,data/chars/82A8.json
芩,B,resolved,艹,艸,Bộ Thảo,140,record-radical,data/chars/82A9.json
芪,B,resolved,艹,艸,Bộ Thảo,140,record-radical,data/chars/82AA.json
芫,B,resolved,艹,艸,Bộ Thảo,140,record-radical,data/chars/82AB.json
芬,A,resolved,艹,艸,Bộ Thảo,140,record-radical,data/chars/82AC.json
芭,A,resolved,艹,艸,Bộ Thảo,140,record-radical,data/chars/82AD.json
芮,B,resolved,艹,艸,Bộ Thảo,140,record-radical,data/chars/82AE.json
芯,C,not-resolved,,,,,not-resolved,data/chars/82AF.json
芰,B,resolved,艹,艸,Bộ Thảo,140,record-radical,data/chars/82B0.json
花,A,resolved,艹,艸,Bộ Thảo,140,record-radical,data/chars/82B1.json
芲,C,not-resolved,,,,,not-resolved,data/chars/82B2.json
芳,A,resolved,艹,艸,Bộ Thảo,140,record-radical,data/chars/82B3.json
芴,B,resolved,艹,艸,Bộ Thảo,140,record-radical,data/chars/82B4.json
芷,B,resolved,艹,艸,Bộ Thảo,140,record-radical,data/chars/82B7.json
芸,B,resolved,艹,艸,Bộ Thảo,140,record-radical,data/chars/82B8.json
芹,B,resolved,艹,艸,Bộ Thảo,140,record-radical,data/chars/82B9.json
芼,C,not-resolved,,,,,not-resolved,data/chars/82BC.json
芽,A,resolved,艹,艸,Bộ Thảo,140,record-radical,data/chars/82BD.json
芾,B,resolved,艹,艸,Bộ Thảo,140,record-radical,data/chars/82BE.json
芿,C,not-resolved,,,,,not-resolved,data/chars/82BF.json
苁,B,resolved,艹,艸,Bộ Thảo,140,record-radical,data/chars/82C1.json
苄,B,resolved,艹,艸,Bộ Thảo,140,record-radical,data/chars/82C4.json
苇,B,resolved,艹,艸,Bộ Thảo,140,record-radical,data/chars/82C7.json
苈,B,resolved,艹,艸,Bộ Thảo,140,record-radical,data/chars/82C8.json
苉,C,not-resolved,,,,,not-resolved,data/chars/82C9.json
苊,B,resolved,艹,艸,Bộ Thảo,140,record-radical,data/chars/82CA.json
苋,B,resolved,艹,艸,Bộ Thảo,140,record-radical,data/chars/82CB.json
苌,B,resolved,艹,艸,Bộ Thảo,140,record-radical,data/chars/82CC.json
苍,A,resolved,艹,艸,Bộ Thảo,140,record-radical,data/chars/82CD.json
苎,B,resolved,艹,艸,Bộ Thảo,140,record-radical,data/chars/82CE.json
苏,A,resolved,艹,艸,Bộ Thảo,140,record-radical,data/chars/82CF.json
苑,B,resolved,艹,艸,Bộ Thảo,140,record-radical,data/chars/82D1.json
苒,B,resolved,艹,艸,Bộ Thảo,140,record-radical,data/chars/82D2.json
苓,B,resolved,艹,艸,Bộ Thảo,140,record-radical,data/chars/82D3.json
苔,A,resolved,艹,艸,Bộ Thảo,140,record-radical,data/chars/82D4.json
苕,B,resolved,艹,艸,Bộ Thảo,140,record-radical,data/chars/82D5.json
苗,A,resolved,艹,艸,Bộ Thảo,140,record-radical,data/chars/82D7.json
苘,B,resolved,艹,艸,Bộ Thảo,140,record-radical,data/chars/82D8.json
苙,C,not-resolved,,,,,not-resolved,data/chars/82D9.json
苛,A,resolved,艹,艸,Bộ Thảo,140,record-radical,data/chars/82DB.json
苜,B,resolved,艹,艸,Bộ Thảo,140,record-radical,data/chars/82DC.json
苞,C,not-resolved,,,,,not-resolved,data/chars/82DE.json
苟,A,resolved,艹,艸,Bộ Thảo,140,record-radical,data/chars/82DF.json
苠,B,resolved,艹,艸,Bộ Thảo,140,record-radical,data/chars/82E0.json
苡,B,resolved,艹,艸,Bộ Thảo,140,record-radical,data/chars/82E1.json
苣,B,resolved,艹,艸,Bộ Thảo,140,record-radical,data/chars/82E3.json
苤,B,resolved,艹,艸,Bộ Thảo,140,record-radical,data/chars/82E4.json
若,A,resolved,口,口,Bộ Khẩu,30,record-radical,data/chars/82E5.json
苦,A,resolved,艹,艸,Bộ Thảo,140,record-radical,data/chars/82E6.json
苩,C,not-resolved,,,,,not-resolved,data/chars/82E9.json
苪,C,not-resolved,,,,,not-resolved,data/chars/82EA.json
苫,B,resolved,艹,艸,Bộ Thảo,140,record-radical,data/chars/82EB.json
苯,B,resolved,艹,艸,Bộ Thảo,140,record-radical,data/chars/82EF.json
英,A,resolved,艹,艸,Bộ Thảo,140,record-radical,data/chars/82F1.json
苲,B,resolved,艹,艸,Bộ Thảo,140,record-radical,data/chars/82F2.json
苴,B,resolved,艹,艸,Bộ Thảo,140,record-radical,data/chars/82F4.json
苶,C,not-resolved,,,,,not-resolved,data/chars/82F6.json
苷,C,not-resolved,,,,,not-resolved,data/chars/82F7.json
苹,A,resolved,艹,艸,Bộ Thảo,140,record-radical,data/chars/82F9.json
苺,C,not-resolved,,,,,not-resolved,data/chars/82FA.json
苻,B,resolved,艹,艸,Bộ Thảo,140,record-radical,data/chars/82FB.json
苾,C,not-resolved,,,,,not-resolved,data/chars/82FE.json
茀,B,resolved,艹,艸,Bộ Thảo,140,record-radical,data/chars/8300.json
茁,C,not-resolved,,,,,not-resolved,data/chars/8301.json
茂,A,resolved,艹,艸,Bộ Thảo,140,record-radical,data/chars/8302.json
范,A,resolved,艹,艸,Bộ Thảo,140,record-radical,data/chars/8303.json
茄,A,resolved,艹,艸,Bộ Thảo,140,record-radical,data/chars/8304.json
茅,A,resolved,艹,艸,Bộ Thảo,140,record-radical,data/chars/8305.json
茆,B,resolved,艹,艸,Bộ Thảo,140,record-radical,data/chars/8306.json
茇,B,resolved,艹,艸,Bộ Thảo,140,record-radical,data/chars/8307.json
茈,B,resolved,艹,艸,Bộ Thảo,140,record-radical,data/chars/8308.json
茉,B,resolved,艹,艸,Bộ Thảo,140,record-radical,data/chars/8309.json
茊,C,not-resolved,,,,,not-resolved,data/chars/830A.json
茌,B,resolved,艹,艸,Bộ Thảo,140,record-radical,data/chars/830C.json
茍,C,not-resolved,,,,,not-resolved,data/chars/830D.json
茎,A,resolved,艹,艸,Bộ Thảo,140,record-radical,data/chars/830E.json
茏,B,resolved,艹,艸,Bộ Thảo,140,record-radical,data/chars/830F.json
茑,B,resolved,艹,艸,Bộ Thảo,140,record-radical,data/chars/8311.json
茔,C,not-resolved,,,,,not-resolved,data/chars/8314.json
茕,C,not-resolved,,,,,not-resolved,data/chars/8315.json
茖,C,not-resolved,,,,,not-resolved,data/chars/8316.json
茗,B,resolved,艹,艸,Bộ Thảo,140,record-radical,data/chars/8317.json
茚,B,resolved,艹,艸,Bộ Thảo,140,record-radical,data/chars/831A.json
茛,B,resolved,艹,艸,Bộ Thảo,140,record-radical,data/chars/831B.json
茜,B,resolved,艹,艸,Bộ Thảo,140,record-radical,data/chars/831C.json
茝,C,not-resolved,,,,,not-resolved,data/chars/831D.json
茞,C,not-resolved,,,,,not-resolved,data/chars/831E.json
茠,C,not-resolved,,,,,not-resolved,data/chars/8320.json
茢,C,not-resolved,,,,,not-resolved,data/chars/8322.json
茥,C,not-resolved,,,,,not-resolved,data/chars/8325.json
茦,C,not-resolved,,,,,not-resolved,data/chars/8326.json
茧,C,not-resolved,,,,,not-resolved,data/chars/8327.json
茨,A,resolved,艹,艸,Bộ Thảo,140,record-radical,data/chars/8328.json
茫,A,resolved,艹,艸,Bộ Thảo,140,record-radical,data/chars/832B.json
茬,B,resolved,艹,艸,Bộ Thảo,140,record-radical,data/chars/832C.json
茭,B,resolved,艹,艸,Bộ Thảo,140,record-radical,data/chars/832D.json
茯,B,resolved,艹,艸,Bộ Thảo,140,record-radical,data/chars/832F.json
茱,B,resolved,艹,艸,Bộ Thảo,140,record-radical,data/chars/8331.json
茳,B,resolved,艹,艸,Bộ Thảo,140,record-radical,data/chars/8333.json
茴,B,resolved,艹,艸,Bộ Thảo,140,record-radical,data/chars/8334.json
茵,B,resolved,艹,艸,Bộ Thảo,140,record-radical,data/chars/8335.json
茶,A,resolved,艹,艸,Bộ Thảo,140,record-radical,data/chars/8336.json
茷,C,not-resolved,,,,,not-resolved,data/chars/8337.json
茸,B,resolved,艹,艸,Bộ Thảo,140,record-radical,data/chars/8338.json
茹,B,resolved,艹,艸,Bộ Thảo,140,record-radical,data/chars/8339.json
茻,C,not-resolved,,,,,not-resolved,data/chars/833B.json
茼,B,resolved,艹,艸,Bộ Thảo,140,record-radical,data/chars/833C.json
荀,B,resolved,艹,艸,Bộ Thảo,140,record-radical,data/chars/8340.json
荁,C,not-resolved,,,,,not-resolved,data/chars/8341.json
荃,B,resolved,艹,艸,Bộ Thảo,140,record-radical,data/chars/8343.json
荄,C,not-resolved,,,,,not-resolved,data/chars/8344.json
荅,B,resolved,艹,艸,Bộ Thảo,140,record-radical,data/chars/8345.json
荆,C,not-resolved,,,,,not-resolved,data/chars/8346.json
荇,B,resolved,艹,艸,Bộ Thảo,140,record-radical,data/chars/8347.json
荈,C,not-resolved,,,,,not-resolved,data/chars/8348.json
草,A,resolved,艹,艸,Bộ Thảo,140,record-radical,data/chars/8349.json
荏,B,resolved,艹,艸,Bộ Thảo,140,record-radical,data/chars/834F.json
荐,A,resolved,艹,艸,Bộ Thảo,140,record-radical,data/chars/8350.json
荑,B,resolved,艹,艸,Bộ Thảo,140,record-radical,data/chars/8351.json
荒,C,not-resolved,芒,,,,not-resolved,data/chars/8352.json
荔,A,resolved,艹,艸,Bộ Thảo,140,record-radical,data/chars/8354.json
荘,C,not-resolved,,,,,not-resolved,data/chars/8358.json
荙,C,not-resolved,,,,,not-resolved,data/chars/8359.json
荚,B,resolved,艹,艸,Bộ Thảo,140,record-radical,data/chars/835A.json
荛,B,resolved,艹,艸,Bộ Thảo,140,record-radical,data/chars/835B.json
荜,B,resolved,艹,艸,Bộ Thảo,140,record-radical,data/chars/835C.json
荝,C,not-resolved,,,,,not-resolved,data/chars/835D.json
荞,C,not-resolved,,,,,not-resolved,data/chars/835E.json
荟,B,resolved,艹,艸,Bộ Thảo,140,record-radical,data/chars/835F.json
荠,B,resolved,艹,艸,Bộ Thảo,140,record-radical,data/chars/8360.json
荡,C,not-resolved,,,,,not-resolved,data/chars/8361.json
荣,A,resolved,艹,艸,Bộ Thảo,140,record-radical,data/chars/8363.json
荤,A,resolved,艹,艸,Bộ Thảo,140,record-radical,data/chars/8364.json
荥,B,resolved,水,水,Bộ Thủy,85,record-radical,data/chars/8365.json
荦,B,resolved,牛,牛,Bộ Ngưu,93,record-radical,data/chars/8366.json
荧,A,resolved,火,火,Bộ Hỏa,86,record-radical,data/chars/8367.json
荨,B,resolved,艹,艸,Bộ Thảo,140,record-radical,data/chars/8368.json
荩,B,resolved,艹,艸,Bộ Thảo,140,record-radical,data/chars/8369.json
荪,B,resolved,艹,艸,Bộ Thảo,140,record-radical,data/chars/836A.json
荫,C,not-resolved,,,,,not-resolved,data/chars/836B.json
荬,B,resolved,艹,艸,Bộ Thảo,140,record-radical,data/chars/836C.json
荭,B,resolved,艹,艸,Bộ Thảo,140,record-radical,data/chars/836D.json
荮,B,resolved,艹,艸,Bộ Thảo,140,record-radical,data/chars/836E.json
药,A,resolved,艹,艸,Bộ Thảo,140,record-radical,data/chars/836F.json
荵,C,not-resolved,,,,,not-resolved,data/chars/8375.json
荷,A,resolved,艹,艸,Bộ Thảo,140,record-radical,data/chars/8377.json
荸,B,resolved,艹,艸,Bộ Thảo,140,record-radical,data/chars/8378.json
荻,B,resolved,艹,艸,Bộ Thảo,140,record-radical,data/chars/837B.json
荼,B,resolved,艹,艸,Bộ Thảo,140,record-radical,data/chars/837C.json
荽,B,resolved,艹,艸,Bộ Thảo,140,record-radical,data/chars/837D.json
莅,C,not-resolved,,,,,not-resolved,data/chars/8385.json
莆,B,resolved,艹,艸,Bộ Thảo,140,record-radical,data/chars/8386.json
莉,B,resolved,艹,艸,Bộ Thảo,140,record-radical,data/chars/8389.json
莎,A,resolved,艹,艸,Bộ Thảo,140,record-radical,data/chars/838E.json
莒,B,resolved,艹,艸,Bộ Thảo,140,record-radical,data/chars/8392.json
莓,A,resolved,艹,艸,Bộ Thảo,140,record-radical,data/chars/8393.json
莔,C,not-resolved,,,,,not-resolved,data/chars/8394.json
莕,C,not-resolved,,,,,not-resolved,data/chars/8395.json
莘,B,resolved,艹,艸,Bộ Thảo,140,record-radical,data/chars/8398.json
莙,C,not-resolved,,,,,not-resolved,data/chars/8399.json
莚,C,not-resolved,,,,,not-resolved,data/chars/839A.json
莛,B,resolved,艹,艸,Bộ Thảo,140,record-radical,data/chars/839B.json
莜,B,resolved,艹,艸,Bộ Thảo,140,record-radical,data/chars/839C.json
莝,C,not-resolved,,,,,not-resolved,data/chars/839D.json
莞,B,resolved,艹,艸,Bộ Thảo,140,record-radical,data/chars/839E.json
莠,B,resolved,艹,艸,Bộ Thảo,140,record-radical,data/chars/83A0.json
莦,C,not-resolved,,,,,not-resolved,data/chars/83A6.json
莨,B,resolved,艹,艸,Bộ Thảo,140,record-radical,data/chars/83A8.json
莩,B,resolved,艹,艸,Bộ Thảo,140,record-radical,data/chars/83A9.json
莪,B,resolved,艹,艸,Bộ Thảo,140,record-radical,data/chars/83AA.json
莫,A,resolved,艹,艸,Bộ Thảo,140,record-radical,data/chars/83AB.json
莭,C,not-resolved,,,,,not-resolved,data/chars/83AD.json
莰,B,resolved,艹,艸,Bộ Thảo,140,record-radical,data/chars/83B0.json
莱,A,resolved,艹,艸,Bộ Thảo,140,record-radical,data/chars/83B1.json
莲,A,resolved,艹,艸,Bộ Thảo,140,record-radical,data/chars/83B2.json
莳,B,resolved,艹,艸,Bộ Thảo,140,record-radical,data/chars/83B3.json
莴,B,resolved,艹,艸,Bộ Thảo,140,record-radical,data/chars/83B4.json
莶,C,resolved,艹,艸,Bộ Thảo,140,record-radical,data/chars/83B6.json
获,A,resolved,犭,犬,Bộ Khuyển,94,record-radical,data/chars/83B7.json
莸,B,resolved,艹,艸,Bộ Thảo,140,record-radical,data/chars/83B8.json
莹,C,not-resolved,,,,,not-resolved,data/chars/83B9.json
莺,C,not-resolved,,,,,not-resolved,data/chars/83BA.json
莼,B,resolved,艹,艸,Bộ Thảo,140,record-radical,data/chars/83BC.json
莽,C,not-resolved,,,,,not-resolved,data/chars/83BD.json
莿,C,not-resolved,,,,,not-resolved,data/chars/83BF.json
菀,B,resolved,艹,艸,Bộ Thảo,140,record-radical,data/chars/83C0.json
菁,B,resolved,艹,艸,Bộ Thảo,140,record-radical,data/chars/83C1.json
菅,B,resolved,艹,艸,Bộ Thảo,140,record-radical,data/chars/83C5.json
菆,C,not-resolved,,,,,not-resolved,data/chars/83C6.json
菇,A,resolved,艹,艸,Bộ Thảo,140,record-radical,data/chars/83C7.json
菉,C,not-resolved,,,,,not-resolved,data/chars/83C9.json
菊,A,resolved,艹,艸,Bộ Thảo,140,record-radical,data/chars/83CA.json
菌,A,resolved,艹,艸,Bộ Thảo,140,record-radical,data/chars/83CC.json
菎,C,not-resolved,,,,,not-resolved,data/chars/83CE.json
菏,C,not-resolved,,,,,not-resolved,data/chars/83CF.json
菐,C,not-resolved,,,,,not-resolved,data/chars/83D0.json
菑,C,not-resolved,,,,,not-resolved,data/chars/83D1.json
菔,B,resolved,艹,艸,Bộ Thảo,140,record-radical,data/chars/83D4.json
菖,B,resolved,艹,艸,Bộ Thảo,140,record-radical,data/chars/83D6.json
菘,B,resolved,艹,艸,Bộ Thảo,140,record-radical,data/chars/83D8.json
菜,A,resolved,艹,艸,Bộ Thảo,140,record-radical,data/chars/83DC.json
菝,B,resolved,艹,艸,Bộ Thảo,140,record-radical,data/chars/83DD.json
菟,B,resolved,艹,艸,Bộ Thảo,140,record-radical,data/chars/83DF.json
菠,A,resolved,艹,艸,Bộ Thảo,140,record-radical,data/chars/83E0.json
菡,B,resolved,艹,艸,Bộ Thảo,140,record-radical,data/chars/83E1.json
菢,C,not-resolved,,,,,not-resolved,data/chars/83E2.json
菣,C,not-resolved,,,,,not-resolved,data/chars/83E3.json
菥,B,resolved,艹,艸,Bộ Thảo,140,record-radical,data/chars/83E5.json
菧,C,not-resolved,,,,,not-resolved,data/chars/83E7.json
菩,A,resolved,艹,艸,Bộ Thảo,140,record-radical,data/chars/83E9.json
菪,B,resolved,艹,艸,Bộ Thảo,140,record-radical,data/chars/83EA.json
菫,C,not-resolved,,,,,not-resolved,data/chars/83EB.json
菰,B,resolved,艹,艸,Bộ Thảo,140,record-radical,data/chars/83F0.json
菱,B,resolved,艹,艸,Bộ Thảo,140,record-radical,data/chars/83F1.json
菲,A,resolved,艹,艸,Bộ Thảo,140,record-radical,data/chars/83F2.json
菶,C,not-resolved,,,,,not-resolved,data/chars/83F6.json
菷,C,not-resolved,,,,,not-resolved,data/chars/83F7.json
菸,B,resolved,艹,艸,Bộ Thảo,140,record-radical,data/chars/83F8.json
菹,B,resolved,艹,艸,Bộ Thảo,140,record-radical,data/chars/83F9.json
菺,C,not-resolved,,,,,not-resolved,data/chars/83FA.json
菻,C,not-resolved,,,,,not-resolved,data/chars/83FB.json
菼,C,not-resolved,,,,,not-resolved,data/chars/83FC.json
菽,B,resolved,艹,艸,Bộ Thảo,140,record-radical,data/chars/83FD.json
菾,C,not-resolved,,,,,not-resolved,data/chars/83FE.json
萁,B,resolved,艹,艸,Bộ Thảo,140,record-radical,data/chars/8401.json
萃,A,resolved,艹,艸,Bộ Thảo,140,record-radical,data/chars/8403.json
萄,A,resolved,艹,艸,Bộ Thảo,140,record-radical,data/chars/8404.json
萅,C,not-resolved,,,,,not-resolved,data/chars/8405.json
萆,B,resolved,艹,艸,Bộ Thảo,140,record-radical,data/chars/8406.json
萈,C,not-resolved,,,,,not-resolved,data/chars/8408.json
萋,B,resolved,艹,艸,Bộ Thảo,140,record-radical,data/chars/840B.json
萌,A,resolved,艹,艸,Bộ Thảo,140,record-radical,data/chars/840C.json
萍,A,resolved,艹,艸,Bộ Thảo,140,record-radical,data/chars/840D.json
萎,A,resolved,艹,艸,Bộ Thảo,140,record-radical,data/chars/840E.json
萏,B,resolved,艹,艸,Bộ Thảo,140,record-radical,data/chars/840F.json
萐,C,not-resolved,,,,,not-resolved,data/chars/8410.json
萑,B,resolved,艹,艸,Bộ Thảo,140,record-radical,data/chars/8411.json
萕,C,not-resolved,,,,,not-resolved,data/chars/8415.json
萘,B,resolved,艹,艸,Bộ Thảo,140,record-radical,data/chars/8418.json
萚,C,not-resolved,,,,,not-resolved,data/chars/841A.json
萜,B,resolved,艹,艸,Bộ Thảo,140,record-radical,data/chars/841C.json
萝,A,resolved,艹,艸,Bộ Thảo,140,record-radical,data/chars/841D.json
萠,C,resolved,艹,艸,Bộ Thảo,140,record-radical,data/chars/8420.json
萣,C,not-resolved,,,,,not-resolved,data/chars/8423.json
萤,B,resolved,虫,虫,Bộ Trùng,142,record-radical,data/chars/8424.json
营,C,not-resolved,宮,,,,not-resolved,data/chars/8425.json
萦,B,resolved,糸,糸,Bộ Mịch,120,record-radical,data/chars/8426.json
萧,C,not-resolved,肃,,,,not-resolved,data/chars/8427.json
萨,A,resolved,艹,艸,Bộ Thảo,140,record-radical,data/chars/8428.json
萩,C,not-resolved,,,,,not-resolved,data/chars/8429.json
萰,C,not-resolved,,,,,not-resolved,data/chars/8430.json
萱,B,resolved,艹,艸,Bộ Thảo,140,record-radical,data/chars/8431.json
萸,B,resolved,艹,艸,Bộ Thảo,140,record-radical,data/chars/8438.json
萹,C,not-resolved,,,,,not-resolved,data/chars/8439.json
萻,C,not-resolved,,,,,not-resolved,data/chars/843B.json
萼,B,resolved,艹,艸,Bộ Thảo,140,record-radical,data/chars/843C.json
落,A,resolved,艹,艸,Bộ Thảo,140,record-radical,data/chars/843D.json
葄,B,resolved,艹,艸,Bộ Thảo,140,record-radical,data/chars/8444.json
葅,C,not-resolved,,,,,not-resolved,data/chars/8445.json
葆,B,resolved,艹,艸,Bộ Thảo,140,record-radical,data/chars/8446.json
葇,C,not-resolved,,,,,not-resolved,data/chars/8447.json
葍,C,not-resolved,,,,,not-resolved,data/chars/844D.json
葎,C,not-resolved,,,,,not-resolved,data/chars/844E.json
葑,B,resolved,艹,艸,Bộ Thảo,140,record-radical,data/chars/8451.json
葖,C,not-resolved,,,,,not-resolved,data/chars/8456.json
著,A,resolved,艹,艸,Bộ Thảo,140,record-radical,data/chars/8457.json
葙,B,resolved,艹,艸,Bộ Thảo,140,record-radical,data/chars/8459.json
葚,B,resolved,艹,艸,Bộ Thảo,140,record-radical,data/chars/845A.json
葛,A,resolved,艹,艸,Bộ Thảo,140,record-radical,data/chars/845B.json
葜,C,resolved,艹,艸,Bộ Thảo,140,record-radical,data/chars/845C.json
葡,A,resolved,艹,艸,Bộ Thảo,140,record-radical,data/chars/8461.json
董,A,resolved,艹,艸,Bộ Thảo,140,record-radical,data/chars/8463.json
葥,C,not-resolved,,,,,not-resolved,data/chars/8465.json
葧,C,not-resolved,,,,,not-resolved,data/chars/8467.json
葩,B,resolved,艹,艸,Bộ Thảo,140,record-radical,data/chars/8469.json
葫,B,resolved,艹,艸,Bộ Thảo,140,record-radical,data/chars/846B.json
葬,C,not-resolved,死,,,,not-resolved,data/chars/846C.json
葭,B,resolved,艹,艸,Bộ Thảo,140,record-radical,data/chars/846D.json
葱,B,resolved,艹,艸,Bộ Thảo,140,record-radical,data/chars/8471.json
葳,B,resolved,艹,艸,Bộ Thảo,140,record-radical,data/chars/8473.json
葴,C,not-resolved,,,,,not-resolved,data/chars/8474.json
葵,A,resolved,艹,艸,Bộ Thảo,140,record-radical,data/chars/8475.json
葶,B,resolved,艹,艸,Bộ Thảo,140,record-radical,data/chars/8476.json
葸,B,resolved,心,心,Bộ Tâm,61,record-radical,data/chars/8478.json
葹,C,not-resolved,,,,,not-resolved,data/chars/8479.json
葺,B,resolved,艹,艸,Bộ Thảo,140,record-radical,data/chars/847A.json
葽,C,not-resolved,,,,,not-resolved,data/chars/847D.json
蒂,A,resolved,艹,艸,Bộ Thảo,140,record-radical,data/chars/8482.json
蒄,C,not-resolved,,,,,not-resolved,data/chars/8484.json
蒇,C,not-resolved,,,,,not-resolved,data/chars/8487.json
蒈,C,resolved,艹,艸,Bộ Thảo,140,record-radical,data/chars/8488.json
蒉,B,resolved,艹,艸,Bộ Thảo,140,record-radical,data/chars/8489.json
蒋,B,resolved,艹,艸,Bộ Thảo,140,record-radical,data/chars/848B.json
蒌,B,resolved,艹,艸,Bộ Thảo,140,record-radical,data/chars/848C.json
蒎,B,resolved,艹,艸,Bộ Thảo,140,record-radical,data/chars/848E.json
蒐,C,not-resolved,,,,,not-resolved,data/chars/8490.json
蒗,B,resolved,艹,艸,Bộ Thảo,140,record-radical,data/chars/8497.json
蒙,A,resolved,艹,艸,Bộ Thảo,140,record-radical,data/chars/8499.json
蒜,B,resolved,艹,艸,Bộ Thảo,140,record-radical,data/chars/849C.json
蒟,B,resolved,艹,艸,Bộ Thảo,140,record-radical,data/chars/849F.json
蒡,B,resolved,艹,艸,Bộ Thảo,140,record-radical,data/chars/84A1.json
蒢,C,not-resolved,,,,,not-resolved,data/chars/84A2.json
蒦,B,resolved,艹,艸,Bộ Thảo,140,record-radical,data/chars/84A6.json
蒨,C,not-resolved,,,,,not-resolved,data/chars/84A8.json
蒪,C,not-resolved,,,,,not-resolved,data/chars/84AA.json
蒭,C,not-resolved,,,,,not-resolved,data/chars/84AD.json
蒯,C,not-resolved,,,,,not-resolved,data/chars/84AF.json
蒱,C,not-resolved,,,,,not-resolved,data/chars/84B1.json
蒲,B,resolved,艹,艸,Bộ Thảo,140,record-radical,data/chars/84B2.json
蒴,B,resolved,艹,艸,Bộ Thảo,140,record-radical,data/chars/84B4.json
蒸,C,not-resolved,,,,,not-resolved,data/chars/84B8.json
蒹,B,resolved,艹,艸,Bộ Thảo,140,record-radical,data/chars/84B9.json
蒺,B,resolved,艹,艸,Bộ Thảo,140,record-radical,data/chars/84BA.json
蒻,B,resolved,艹,艸,Bộ Thảo,140,record-radical,data/chars/84BB.json
蒽,B,resolved,艹,艸,Bộ Thảo,140,record-radical,data/chars/84BD.json
蒿,B,resolved,艹,艸,Bộ Thảo,140,record-radical,data/chars/84BF.json
蓁,B,resolved,艹,艸,Bộ Thảo,140,record-radical,data/chars/84C1.json
蓂,B,resolved,艹,艸,Bộ Thảo,140,record-radical,data/chars/84C2.json
蓄,A,resolved,艹,艸,Bộ Thảo,140,record-radical,data/chars/84C4.json
蓇,C,not-resolved,,,,,not-resolved,data/chars/84C7.json
蓉,B,resolved,艹,艸,Bộ Thảo,140,record-radical,data/chars/84C9.json
蓊,B,resolved,艹,艸,Bộ Thảo,140,record-radical,data/chars/84CA.json
蓌,C,not-resolved,,,,,not-resolved,data/chars/84CC.json
蓍,B,resolved,艹,艸,Bộ Thảo,140,record-radical,data/chars/84CD.json
蓏,C,not-resolved,,,,,not-resolved,data/chars/84CF.json
蓐,B,resolved,艹,艸,Bộ Thảo,140,record-radical,data/chars/84D0.json
蓑,B,resolved,艹,艸,Bộ Thảo,140,record-radical,data/chars/84D1.json
蓒,C,not-resolved,,,,,not-resolved,data/chars/84D2.json
蓓,B,resolved,艹,艸,Bộ Thảo,140,record-radical,data/chars/84D3.json
蓔,B,resolved,艹,艸,Bộ Thảo,140,record-radical,data/chars/84D4.json
蓖,B,resolved,艹,艸,Bộ Thảo,140,record-radical,data/chars/84D6.json
蓝,A,resolved,艹,艸,Bộ Thảo,140,record-radical,data/chars/84DD.json
蓟,B,resolved,艹,艸,Bộ Thảo,140,record-radical,data/chars/84DF.json
蓠,B,resolved,艹,艸,Bộ Thảo,140,record-radical,data/chars/84E0.json
蓣,B,resolved,艹,艸,Bộ Thảo,140,record-radical,data/chars/84E3.json
蓥,C,not-resolved,,,,,not-resolved,data/chars/84E5.json
蓦,A,resolved,马,馬,Bộ Mã,187,record-radical,data/chars/84E6.json
蓧,C,not-resolved,,,,,not-resolved,data/chars/84E7.json
蓪,C,not-resolved,,,,,not-resolved,data/chars/84EA.json
蓫,C,not-resolved,,,,,not-resolved,data/chars/84EB.json
蓬,A,resolved,艹,艸,Bộ Thảo,140,record-radical,data/chars/84EC.json
蓰,B,resolved,艹,艸,Bộ Thảo,140,record-radical,data/chars/84F0.json
蓱,C,not-resolved,,,,,not-resolved,data/chars/84F1.json
蓷,C,not-resolved,,,,,not-resolved,data/chars/84F7.json
蓸,C,not-resolved,,,,,not-resolved,data/chars/84F8.json
蓺,C,not-resolved,,,,,not-resolved,data/chars/84FA.json
蓼,B,resolved,艹,艸,Bộ Thảo,140,record-radical,data/chars/84FC.json
蓿,B,resolved,艹,艸,Bộ Thảo,140,record-radical,data/chars/84FF.json
蔀,C,not-resolved,,,,,not-resolved,data/chars/8500.json
蔂,C,not-resolved,,,,,not-resolved,data/chars/8502.json
蔃,C,not-resolved,,,,,not-resolved,data/chars/8503.json
蔇,C,not-resolved,,,,,not-resolved,data/chars/8507.json
蔉,C,not-resolved,,,,,not-resolved,data/chars/8509.json
蔊,C,not-resolved,,,,,not-resolved,data/chars/850A.json
蔋,C,not-resolved,,,,,not-resolved,data/chars/850B.json
蔌,C,not-resolved,,,,,not-resolved,data/chars/850C.json
蔎,C,not-resolved,,,,,not-resolved,data/chars/850E.json
蔑,C,not-resolved,,,,,not-resolved,data/chars/8511.json
蔓,C,not-resolved,,,,,not-resolved,data/chars/8513.json
蔗,B,resolved,艹,艸,Bộ Thảo,140,record-radical,data/chars/8517.json
蔘,C,not-resolved,,,,,not-resolved,data/chars/8518.json
蔙,C,not-resolved,,,,,not-resolved,data/chars/8519.json
蔚,A,resolved,艹,艸,Bộ Thảo,140,record-radical,data/chars/851A.json
蔟,B,resolved,艹,艸,Bộ Thảo,140,record-radical,data/chars/851F.json
蔡,C,not-resolved,,,,,not-resolved,data/chars/8521.json
蔫,B,resolved,艹,艸,Bộ Thảo,140,record-radical,data/chars/852B.json
蔬,A,resolved,艹,艸,Bộ Thảo,140,record-radical,data/chars/852C.json
蔯,C,not-resolved,,,,,not-resolved,data/chars/852F.json
蔳,C,not-resolved,,,,,not-resolved,data/chars/8533.json
蔵,C,not-resolved,,,,,not-resolved,data/chars/8535.json
蔷,B,resolved,艹,艸,Bộ Thảo,140,record-radical,data/chars/8537.json
蔸,B,resolved,艹,艸,Bộ Thảo,140,record-radical,data/chars/8538.json
蔹,B,resolved,艹,艸,Bộ Thảo,140,record-radical,data/chars/8539.json
蔺,B,resolved,艹,艸,Bộ Thảo,140,record-radical,data/chars/853A.json
蔻,B,resolved,艹,艸,Bộ Thảo,140,record-radical,data/chars/853B.json
蔼,A,resolved,艹,艸,Bộ Thảo,140,record-radical,data/chars/853C.json
蔽,A,resolved,艹,艸,Bộ Thảo,140,record-radical,data/chars/853D.json
蔾,C,not-resolved,,,,,not-resolved,data/chars/853E.json
蕃,B,resolved,艹,艸,Bộ Thảo,140,record-radical,data/chars/8543.json
蕈,B,resolved,艹,艸,Bộ Thảo,140,record-radical,data/chars/8548.json
蕉,A,resolved,艹,艸,Bộ Thảo,140,record-radical,data/chars/8549.json
蕊,B,resolved,艹,艸,Bộ Thảo,140,record-radical,data/chars/854A.json
蕍,C,not-resolved,,,,,not-resolved,data/chars/854D.json
蕐,C,not-resolved,,,,,not-resolved,data/chars/8550.json
蕑,B,resolved,艹,艸,Bộ Thảo,140,record-radical,data/chars/8551.json
蕔,C,not-resolved,,,,,not-resolved,data/chars/8554.json
蕖,B,resolved,艹,艸,Bộ Thảo,140,record-radical,data/chars/8556.json
蕗,C,not-resolved,,,,,not-resolved,data/chars/8557.json
蕙,B,resolved,艹,艸,Bộ Thảo,140,record-radical,data/chars/8559.json
蕝,C,not-resolved,,,,,not-resolved,data/chars/855D.json
蕞,B,resolved,艹,艸,Bộ Thảo,140,record-radical,data/chars/855E.json
蕠,B,resolved,艹,艸,Bộ Thảo,140,record-radical,data/chars/8560.json
蕡,C,not-resolved,,,,,not-resolved,data/chars/8561.json
蕣,C,not-resolved,,,,,not-resolved,data/chars/8563.json
蕤,B,resolved,艹,艸,Bộ Thảo,140,record-radical,data/chars/8564.json
蕨,B,resolved,艹,艸,Bộ Thảo,140,record-radical,data/chars/8568.json
蕮,C,not-resolved,,,,,not-resolved,data/chars/856E.json
蕰,C,not-resolved,,,,,not-resolved,data/chars/8570.json
蕲,B,resolved,艹,艸,Bộ Thảo,140,record-radical,data/chars/8572.json
蕳,C,not-resolved,,,,,not-resolved,data/chars/8573.json
蕴,A,resolved,艹,艸,Bộ Thảo,140,record-radical,data/chars/8574.json
蕶,C,not-resolved,,,,,not-resolved,data/chars/8576.json
蕸,C,not-resolved,,,,,not-resolved,data/chars/8578.json
蕹,B,resolved,艹,艸,Bộ Thảo,140,record-radical,data/chars/8579.json
蕺,B,resolved,艹,艸,Bộ Thảo,140,record-radical,data/chars/857A.json
蕻,B,resolved,艹,艸,Bộ Thảo,140,record-radical,data/chars/857B.json
蕾,A,resolved,艹,艸,Bộ Thảo,140,record-radical,data/chars/857E.json
薁,C,not-resolved,,,,,not-resolved,data/chars/8581.json
薃,C,not-resolved,,,,,not-resolved,data/chars/8583.json
薄,A,resolved,艹,艸,Bộ Thảo,140,record-radical,data/chars/8584.json
薅,B,resolved,艹,艸,Bộ Thảo,140,record-radical,data/chars/8585.json
薆,C,not-resolved,,,,,not-resolved,data/chars/8586.json
薇,B,resolved,艹,艸,Bộ Thảo,140,record-radical,data/chars/8587.json
薉,C,not-resolved,,,,,not-resolved,data/chars/8589.json
薏,B,resolved,艹,艸,Bộ Thảo,140,record-radical,data/chars/858F.json
薐,C,not-resolved,,,,,not-resolved,data/chars/8590.json
薖,C,not-resolved,,,,,not-resolved,data/chars/8596.json
薛,C,not-resolved,,,,,not-resolved,data/chars/859B.json
薜,B,resolved,艹,艸,Bộ Thảo,140,record-radical,data/chars/859C.json
薠,C,not-resolved,,,,,not-resolved,data/chars/85A0.json
薢,C,not-resolved,,,,,not-resolved,data/chars/85A2.json
薤,B,resolved,艹,艸,Bộ Thảo,140,record-radical,data/chars/85A4.json
薧,C,not-resolved,,,,,not-resolved,data/chars/85A7.json
薨,C,not-resolved,死,,,,not-resolved,data/chars/85A8.json
薪,A,resolved,艹,艸,Bộ Thảo,140,record-radical,data/chars/85AA.json
薫,C,not-resolved,,,,,not-resolved,data/chars/85AB.json
薬,C,not-resolved,,,,,not-resolved,data/chars/85AC.json
薮,B,resolved,艹,艸,Bộ Thảo,140,record-radical,data/chars/85AE.json
薯,A,resolved,艹,艸,Bộ Thảo,140,record-radical,data/chars/85AF.json
薰,B,resolved,艹,艸,Bộ Thảo,140,record-radical,data/chars/85B0.json
薳,B,resolved,艹,艸,Bộ Thảo,140,record-radical,data/chars/85B3.json
薶,C,not-resolved,,,,,not-resolved,data/chars/85B6.json
薷,B,resolved,艹,艸,Bộ Thảo,140,record-radical,data/chars/85B7.json
薸,C,not-resolved,,,,,not-resolved,data/chars/85B8.json
薹,B,resolved,艹,艸,Bộ Thảo,140,record-radical,data/chars/85B9.json
薻,C,not-resolved,,,,,not-resolved,data/chars/85BB.json
薽,C,not-resolved,,,,,not-resolved,data/chars/85BD.json
薾,C,not-resolved,,,,,not-resolved,data/chars/85BE.json
薿,C,not-resolved,,,,,not-resolved,data/chars/85BF.json
藁,B,resolved,艹,艸,Bộ Thảo,140,record-radical,data/chars/85C1.json
藄,C,not-resolved,,,,,not-resolved,data/chars/85C4.json
藇,B,resolved,艹,艸,Bộ Thảo,140,record-radical,data/chars/85C7.json
藉,C,not-resolved,,,,,not-resolved,data/chars/85C9.json
藊,C,not-resolved,,,,,not-resolved,data/chars/85CA.json
藋,C,not-resolved,,,,,not-resolved,data/chars/85CB.json
藏,A,resolved,艹,艸,Bộ Thảo,140,record-radical,data/chars/85CF.json
藐,C,not-resolved,,,,,not-resolved,data/chars/85D0.json
藒,B,resolved,艹,艸,Bộ Thảo,140,record-radical,data/chars/85D2.json
藓,B,resolved,艹,艸,Bộ Thảo,140,record-radical,data/chars/85D3.json
藕,B,resolved,艹,艸,Bộ Thảo,140,record-radical,data/chars/85D5.json
藘,B,resolved,艹,艸,Bộ Thảo,140,record-radical,data/chars/85D8.json
藙,C,not-resolved,,,,,not-resolved,data/chars/85D9.json
藚,C,not-resolved,,,,,not-resolved,data/chars/85DA.json
藜,B,resolved,艹,艸,Bộ Thảo,140,record-radical,data/chars/85DC.json
藟,C,not-resolved,,,,,not-resolved,data/chars/85DF.json
藠,C,not-resolved,,,,,not-resolved,data/chars/85E0.json
藤,A,resolved,艹,艸,Bộ Thảo,140,record-radical,data/chars/85E4.json
藦,C,not-resolved,,,,,not-resolved,data/chars/85E6.json
藨,B,resolved,艹,艸,Bộ Thảo,140,record-radical,data/chars/85E8.json
藩,B,resolved,艹,艸,Bộ Thảo,140,record-radical,data/chars/85E9.json
藳,C,not-resolved,,,,,not-resolved,data/chars/85F3.json
藴,C,not-resolved,,,,,not-resolved,data/chars/85F4.json
藻,A,resolved,艹,艸,Bộ Thảo,140,record-radical,data/chars/85FB.json
藾,C,not-resolved,,,,,not-resolved,data/chars/85FE.json
藿,B,resolved,艹,艸,Bộ Thảo,140,record-radical,data/chars/85FF.json
蘁,C,not-resolved,,,,,not-resolved,data/chars/8601.json
蘅,B,resolved,艹,艸,Bộ Thảo,140,record-radical,data/chars/8605.json
蘑,A,resolved,艹,艸,Bộ Thảo,140,record-radical,data/chars/8611.json
蘖,B,resolved,木,木,Bộ Mộc,75,record-radical,data/chars/8616.json
蘗,C,not-resolved,,,,,not-resolved,data/chars/8617.json
蘘,B,resolved,艹,艸,Bộ Thảo,140,record-radical,data/chars/8618.json
蘝,C,not-resolved,,,,,not-resolved,data/chars/861D.json
蘧,B,resolved,艹,艸,Bộ Thảo,140,record-radical,data/chars/8627.json
蘩,B,resolved,艹,艸,Bộ Thảo,140,record-radical,data/chars/8629.json
蘵,B,resolved,艹,艸,Bộ Thảo,140,record-radical,data/chars/8635.json
蘸,C,not-resolved,,,,,not-resolved,data/chars/8638.json
蘻,C,not-resolved,,,,,not-resolved,data/chars/863B.json
蘼,B,resolved,艹,艸,Bộ Thảo,140,record-radical,data/chars/863C.json
虀,C,not-resolved,,,,,not-resolved,data/chars/8640.json
虍,B,resolved,虍,虍,Bộ Hô,141,self-radical,radical_learning_notes.json
虎,A,resolved,虍,虍,Bộ Hô,141,record-radical,data/chars/864E.json
虏,A,resolved,力,力,Bộ Lực,19,record-radical,data/chars/864F.json
虐,C,not-resolved,,,,,not-resolved,data/chars/8650.json
虑,A,resolved,心,心,Bộ Tâm,61,record-radical,data/chars/8651.json
虒,C,not-resolved,,,,,not-resolved,data/chars/8652.json
虓,C,not-resolved,,,,,not-resolved,data/chars/8653.json
虔,C,not-resolved,,,,,not-resolved,data/chars/8654.json
虖,C,not-resolved,,,,,not-resolved,data/chars/8656.json
虗,C,not-resolved,,,,,not-resolved,data/chars/8657.json
虘,C,resolved,虍,虍,Bộ Hô,141,record-radical,data/chars/8658.json
虚,C,not-resolved,,,,,not-resolved,data/chars/865A.json
虞,B,resolved,虍,虍,Bộ Hô,141,record-radical,data/chars/865E.json
虡,C,not-resolved,,,,,not-resolved,data/chars/8661.json
虢,C,not-resolved,,,,,not-resolved,data/chars/8662.json
虣,C,not-resolved,,,,,not-resolved,data/chars/8663.json
虥,C,not-resolved,,,,,not-resolved,data/chars/8665.json
虩,C,not-resolved,,,,,not-resolved,data/chars/8669.json
虫,A,resolved,虫,虫,Bộ Trùng,142,self-radical,radical_learning_notes.json
虬,C,not-resolved,,,,,not-resolved,data/chars/866C.json
虮,B,resolved,虫,虫,Bộ Trùng,142,record-radical,data/chars/866E.json
虰,C,not-resolved,,,,,not-resolved,data/chars/8670.json
虱,B,resolved,虫,虫,Bộ Trùng,142,record-radical,data/chars/8671.json
虷,C,not-resolved,,,,,not-resolved,data/chars/8677.json
虹,A,resolved,虫,虫,Bộ Trùng,142,record-radical,data/chars/8679.json
虺,B,resolved,虫,虫,Bộ Trùng,142,record-radical,data/chars/867A.json
虻,B,resolved,虫,虫,Bộ Trùng,142,record-radical,data/chars/867B.json
虼,B,resolved,虫,虫,Bộ Trùng,142,record-radical,data/chars/867C.json
虽,A,resolved,口,口,Bộ Khẩu,30,record-radical,data/chars/867D.json
虾,A,resolved,虫,虫,Bộ Trùng,142,record-radical,data/chars/867E.json
虿,B,resolved,虫,虫,Bộ Trùng,142,record-radical,data/chars/867F.json
蚀,C,not-resolved,,,,,not-resolved,data/chars/8680.json
蚁,B,resolved,虫,虫,Bộ Trùng,142,record-radical,data/chars/8681.json
蚂,B,resolved,虫,虫,Bộ Trùng,142,record-radical,data/chars/8682.json
蚃,C,not-resolved,,,,,not-resolved,data/chars/8683.json
蚆,C,not-resolved,,,,,not-resolved,data/chars/8686.json
蚈,C,not-resolved,,,,,not-resolved,data/chars/8688.json
蚉,C,not-resolved,,,,,not-resolved,data/chars/8689.json
蚊,A,resolved,虫,虫,Bộ Trùng,142,record-radical,data/chars/868A.json
蚋,B,resolved,虫,虫,Bộ Trùng,142,record-radical,data/chars/868B.json
蚌,B,resolved,虫,虫,Bộ Trùng,142,record-radical,data/chars/868C.json
蚍,B,resolved,虫,虫,Bộ Trùng,142,record-radical,data/chars/868D.json
蚓,B,resolved,虫,虫,Bộ Trùng,142,record-radical,data/chars/8693.json
蚔,C,not-resolved,,,,,not-resolved,data/chars/8694.json
蚕,B,resolved,虫,虫,Bộ Trùng,142,record-radical,data/chars/8695.json
蚖,B,resolved,虫,虫,Bộ Trùng,142,record-radical,data/chars/8696.json
蚜,B,resolved,虫,虫,Bộ Trùng,142,record-radical,data/chars/869C.json
蚝,C,not-resolved,,,,,not-resolved,data/chars/869D.json
蚡,C,not-resolved,,,,,not-resolved,data/chars/86A1.json
蚣,B,resolved,虫,虫,Bộ Trùng,142,record-radical,data/chars/86A3.json
蚤,B,resolved,虫,虫,Bộ Trùng,142,record-radical,data/chars/86A4.json
蚦,C,not-resolved,,,,,not-resolved,data/chars/86A6.json
蚧,B,resolved,虫,虫,Bộ Trùng,142,record-radical,data/chars/86A7.json
蚨,B,resolved,虫,虫,Bộ Trùng,142,record-radical,data/chars/86A8.json
蚩,B,resolved,虫,虫,Bộ Trùng,142,record-radical,data/chars/86A9.json
蚪,B,resolved,虫,虫,Bộ Trùng,142,record-radical,data/chars/86AA.json
蚬,B,resolved,虫,虫,Bộ Trùng,142,record-radical,data/chars/86AC.json
蚯,B,resolved,虫,虫,Bộ Trùng,142,record-radical,data/chars/86AF.json
蚰,B,resolved,虫,虫,Bộ Trùng,142,record-radical,data/chars/86B0.json
蚱,B,resolved,虫,虫,Bộ Trùng,142,record-radical,data/chars/86B1.json
蚳,C,not-resolved,,,,,not-resolved,data/chars/86B3.json
蚴,C,not-resolved,,,,,not-resolved,data/chars/86B4.json
蚵,B,resolved,虫,虫,Bộ Trùng,142,record-radical,data/chars/86B5.json
蚶,C,not-resolved,,,,,not-resolved,data/chars/86B6.json
蚹,C,not-resolved,,,,,not-resolved,data/chars/86B9.json
蚺,B,resolved,虫,虫,Bộ Trùng,142,record-radical,data/chars/86BA.json
蚻,C,not-resolved,,,,,not-resolved,data/chars/86BB.json
蚽,C,not-resolved,,,,,not-resolved,data/chars/86BD.json
蚿,C,not-resolved,,,,,not-resolved,data/chars/86BF.json
蛀,B,resolved,虫,虫,Bộ Trùng,142,record-radical,data/chars/86C0.json
蛁,C,not-resolved,,,,,not-resolved,data/chars/86C1.json
蛄,B,resolved,虫,虫,Bộ Trùng,142,record-radical,data/chars/86C4.json
蛅,C,not-resolved,,,,,not-resolved,data/chars/86C5.json
蛆,B,resolved,虫,虫,Bộ Trùng,142,record-radical,data/chars/86C6.json
蛇,A,resolved,虫,虫,Bộ Trùng,142,record-radical,data/chars/86C7.json
蛉,B,resolved,虫,虫,Bộ Trùng,142,record-radical,data/chars/86C9.json
蛊,B,resolved,虫,虫,Bộ Trùng,142,record-radical,data/chars/86CA.json
蛋,A,resolved,虫,虫,Bộ Trùng,142,record-radical,data/chars/86CB.json
蛌,C,not-resolved,,,,,not-resolved,data/chars/86CC.json
蛍,C,not-resolved,,,,,not-resolved,data/chars/86CD.json
蛎,B,resolved,虫,虫,Bộ Trùng,142,record-radical,data/chars/86CE.json
蛏,B,resolved,虫,虫,Bộ Trùng,142,record-radical,data/chars/86CF.json
蛐,B,resolved,虫,虫,Bộ Trùng,142,record-radical,data/chars/86D0.json
蛑,B,resolved,虫,虫,Bộ Trùng,142,record-radical,data/chars/86D1.json
蛓,C,not-resolved,,,,,not-resolved,data/chars/86D3.json
蛔,B,resolved,虫,虫,Bộ Trùng,142,record-radical,data/chars/86D4.json
蛘,B,resolved,虫,虫,Bộ Trùng,142,record-radical,data/chars/86D8.json
蛙,A,resolved,虫,虫,Bộ Trùng,142,record-radical,data/chars/86D9.json
蛚,C,not-resolved,,,,,not-resolved,data/chars/86DA.json
蛛,A,resolved,虫,虫,Bộ Trùng,142,record-radical,data/chars/86DB.json
蛜,B,resolved,虫,虫,Bộ Trùng,142,record-radical,data/chars/86DC.json
蛞,B,resolved,虫,虫,Bộ Trùng,142,record-radical,data/chars/86DE.json
蛟,B,resolved,虫,虫,Bộ Trùng,142,record-radical,data/chars/86DF.json
蛡,C,not-resolved,,,,,not-resolved,data/chars/86E1.json
蛣,C,not-resolved,,,,,not-resolved,data/chars/86E3.json
蛤,B,resolved,虫,虫,Bộ Trùng,142,record-radical,data/chars/86E4.json
蛧,C,not-resolved,,,,,not-resolved,data/chars/86E7.json
蛩,B,resolved,虫,虫,Bộ Trùng,142,record-radical,data/chars/86E9.json
蛭,B,resolved,虫,虫,Bộ Trùng,142,record-radical,data/chars/86ED.json
蛮,C,not-resolved,,,,,not-resolved,data/chars/86EE.json
蛰,A,resolved,虫,虫,Bộ Trùng,142,record-radical,data/chars/86F0.json
蛱,B,resolved,虫,虫,Bộ Trùng,142,record-radical,data/chars/86F1.json
蛲,B,resolved,虫,虫,Bộ Trùng,142,record-radical,data/chars/86F2.json
蛳,A,resolved,虫,虫,Bộ Trùng,142,record-radical,data/chars/86F3.json
蛴,B,resolved,虫,虫,Bộ Trùng,142,record-radical,data/chars/86F4.json
蛵,B,resolved,虫,虫,Bộ Trùng,142,record-radical,data/chars/86F5.json
蛸,B,resolved,虫,虫,Bộ Trùng,142,record-radical,data/chars/86F8.json
蛹,B,resolved,虫,虫,Bộ Trùng,142,record-radical,data/chars/86F9.json
蛾,B,resolved,虫,虫,Bộ Trùng,142,record-radical,data/chars/86FE.json
蜀,B,resolved,虫,虫,Bộ Trùng,142,record-radical,data/chars/8700.json
蜂,A,resolved,虫,虫,Bộ Trùng,142,record-radical,data/chars/8702.json
蜃,A,resolved,虫,虫,Bộ Trùng,142,record-radical,data/chars/8703.json
蜅,C,not-resolved,,,,,not-resolved,data/chars/8705.json
蜇,A,resolved,虫,虫,Bộ Trùng,142,record-radical,data/chars/8707.json
蜈,B,resolved,虫,虫,Bộ Trùng,142,record-radical,data/chars/8708.json
蜉,B,resolved,虫,虫,Bộ Trùng,142,record-radical,data/chars/8709.json
蜊,B,resolved,虫,虫,Bộ Trùng,142,record-radical,data/chars/870A.json
蜍,B,resolved,虫,虫,Bộ Trùng,142,record-radical,data/chars/870D.json
蜎,B,resolved,虫,虫,Bộ Trùng,142,record-radical,data/chars/870E.json
蜐,C,not-resolved,,,,,not-resolved,data/chars/8710.json
蜑,C,not-resolved,,,,,not-resolved,data/chars/8711.json
蜒,B,resolved,虫,虫,Bộ Trùng,142,record-radical,data/chars/8712.json
蜓,B,resolved,虫,虫,Bộ Trùng,142,record-radical,data/chars/8713.json
蜕,C,not-resolved,,,,,not-resolved,data/chars/8715.json
蜗,A,resolved,虫,虫,Bộ Trùng,142,record-radical,data/chars/8717.json
蜘,A,resolved,虫,虫,Bộ Trùng,142,record-radical,data/chars/8718.json
蜚,B,resolved,虫,虫,Bộ Trùng,142,record-radical,data/chars/871A.json
蜛,C,not-resolved,,,,,not-resolved,data/chars/871B.json
蜜,A,resolved,虫,虫,Bộ Trùng,142,record-radical,data/chars/871C.json
蜞,B,resolved,虫,虫,Bộ Trùng,142,record-radical,data/chars/871E.json
蜡,A,resolved,虫,虫,Bộ Trùng,142,record-radical,data/chars/8721.json
蜢,B,resolved,虫,虫,Bộ Trùng,142,record-radical,data/chars/8722.json
蜣,B,resolved,虫,虫,Bộ Trùng,142,record-radical,data/chars/8723.json
蜥,B,resolved,虫,虫,Bộ Trùng,142,record-radical,data/chars/8725.json
蜩,B,resolved,虫,虫,Bộ Trùng,142,record-radical,data/chars/8729.json
蜮,B,resolved,虫,虫,Bộ Trùng,142,record-radical,data/chars/872E.json
蜯,C,not-resolved,,,,,not-resolved,data/chars/872F.json
蜱,B,resolved,虫,虫,Bộ Trùng,142,record-radical,data/chars/8731.json
蜴,B,resolved,虫,虫,Bộ Trùng,142,record-radical,data/chars/8734.json
蜷,C,not-resolved,,,,,not-resolved,data/chars/8737.json
蜻,B,resolved,虫,虫,Bộ Trùng,142,record-radical,data/chars/873B.json
蜽,C,not-resolved,,,,,not-resolved,data/chars/873D.json
蜾,B,resolved,虫,虫,Bộ Trùng,142,record-radical,data/chars/873E.json
蜿,C,not-resolved,,,,,not-resolved,data/chars/873F.json
蝃,C,not-resolved,,,,,not-resolved,data/chars/8743.json
蝄,C,not-resolved,,,,,not-resolved,data/chars/8744.json
蝇,C,not-resolved,,,,,not-resolved,data/chars/8747.json
蝈,B,resolved,虫,虫,Bộ Trùng,142,record-radical,data/chars/8748.json
蝉,B,resolved,虫,虫,Bộ Trùng,142,record-radical,data/chars/8749.json
蝋,C,not-resolved,,,,,not-resolved,data/chars/874B.json
蝌,B,resolved,虫,虫,Bộ Trùng,142,record-radical,data/chars/874C.json
蝍,C,not-resolved,,,,,not-resolved,data/chars/874D.json
蝎,B,resolved,虫,虫,Bộ Trùng,142,record-radical,data/chars/874E.json
蝏,C,not-resolved,,,,,not-resolved,data/chars/874F.json
蝐,C,not-resolved,,,,,not-resolved,data/chars/8750.json
蝒,C,not-resolved,,,,,not-resolved,data/chars/8752.json
蝓,B,resolved,虫,虫,Bộ Trùng,142,record-radical,data/chars/8753.json
蝗,B,resolved,虫,虫,Bộ Trùng,142,record-radical,data/chars/8757.json
蝘,C,not-resolved,,,,,not-resolved,data/chars/8758.json
蝙,B,resolved,虫,虫,Bộ Trùng,142,record-radical,data/chars/8759.json
蝛,C,not-resolved,,,,,not-resolved,data/chars/875B.json
蝝,C,not-resolved,,,,,not-resolved,data/chars/875D.json
蝠,B,resolved,虫,虫,Bộ Trùng,142,record-radical,data/chars/8760.json
蝣,B,resolved,虫,虫,Bộ Trùng,142,record-radical,data/chars/8763.json
蝤,B,resolved,虫,虫,Bộ Trùng,142,record-radical,data/chars/8764.json
蝥,B,resolved,虫,虫,Bộ Trùng,142,record-radical,data/chars/8765.json
蝮,B,resolved,虫,虫,Bộ Trùng,142,record-radical,data/chars/876E.json
蝰,B,resolved,虫,虫,Bộ Trùng,142,record-radical,data/chars/8770.json
蝲,C,not-resolved,,,,,not-resolved,data/chars/8772.json
蝳,C,not-resolved,,,,,not-resolved,data/chars/8773.json
蝴,A,resolved,虫,虫,Bộ Trùng,142,record-radical,data/chars/8774.json
蝶,A,resolved,虫,虫,Bộ Trùng,142,record-radical,data/chars/8776.json
蝻,B,resolved,虫,虫,Bộ Trùng,142,record-radical,data/chars/877B.json
蝼,B,resolved,虫,虫,Bộ Trùng,142,record-radical,data/chars/877C.json
蝽,B,resolved,虫,虫,Bộ Trùng,142,record-radical,data/chars/877D.json
蝾,B,resolved,虫,虫,Bộ Trùng,142,record-radical,data/chars/877E.json
螀,C,not-resolved,,,,,not-resolved,data/chars/8780.json
螂,B,resolved,虫,虫,Bộ Trùng,142,record-radical,data/chars/8782.json
螃,A,resolved,虫,虫,Bộ Trùng,142,record-radical,data/chars/8783.json
螅,B,resolved,虫,虫,Bộ Trùng,142,record-radical,data/chars/8785.json
螈,B,resolved,虫,虫,Bộ Trùng,142,record-radical,data/chars/8788.json
螉,B,resolved,虫,虫,Bộ Trùng,142,record-radical,data/chars/8789.json
螋,B,resolved,虫,虫,Bộ Trùng,142,record-radical,data/chars/878B.json
融,A,resolved,鬲,鬲,Bộ Cách,193,record-radical,data/chars/878D.json
螒,C,not-resolved,,,,,not-resolved,data/chars/8792.json
螓,B,resolved,虫,虫,Bộ Trùng,142,record-radical,data/chars/8793.json
螗,B,resolved,虫,虫,Bộ Trùng,142,record-radical,data/chars/8797.json
螘,C,not-resolved,,,,,not-resolved,data/chars/8798.json
螙,C,not-resolved,,,,,not-resolved,data/chars/8799.json
螚,C,not-resolved,,,,,not-resolved,data/chars/879A.json
螟,B,resolved,虫,虫,Bộ Trùng,142,record-radical,data/chars/879F.json
螣,C,not-resolved,,,,,not-resolved,data/chars/87A3.json
螥,C,not-resolved,,,,,not-resolved,data/chars/87A5.json
螨,B,resolved,虫,虫,Bộ Trùng,142,record-radical,data/chars/87A8.json
螫,B,resolved,虫,虫,Bộ Trùng,142,record-radical,data/chars/87AB.json
螬,B,resolved,虫,虫,Bộ Trùng,142,record-radical,data/chars/87AC.json
螭,B,resolved,虫,虫,Bộ Trùng,142,record-radical,data/chars/87AD.json
螯,B,resolved,虫,虫,Bộ Trùng,142,record-radical,data/chars/87AF.json
螳,B,resolved,虫,虫,Bộ Trùng,142,record-radical,data/chars/87B3.json
螵,B,resolved,虫,虫,Bộ Trùng,142,record-radical,data/chars/87B5.json
螺,A,resolved,虫,虫,Bộ Trùng,142,record-radical,data/chars/87BA.json
螽,B,resolved,虫,虫,Bộ Trùng,142,record-radical,data/chars/87BD.json
螾,C,not-resolved,,,,,not-resolved,data/chars/87BE.json
蟀,A,resolved,虫,虫,Bộ Trùng,142,record-radical,data/chars/87C0.json
蟅,C,not-resolved,,,,,not-resolved,data/chars/87C5.json
蟆,B,resolved,虫,虫,Bộ Trùng,142,record-radical,data/chars/87C6.json
蟊,B,resolved,虫,虫,Bộ Trùng,142,record-radical,data/chars/87CA.json
蟋,A,resolved,虫,虫,Bộ Trùng,142,record-radical,data/chars/87CB.json
蟏,B,resolved,虫,虫,Bộ Trùng,142,record-radical,data/chars/87CF.json
蟑,B,resolved,虫,虫,Bộ Trùng,142,record-radical,data/chars/87D1.json
蟒,B,resolved,虫,虫,Bộ Trùng,142,record-radical,data/chars/87D2.json
蟓,B,resolved,虫,虫,Bộ Trùng,142,record-radical,data/chars/87D3.json
蟛,B,resolved,虫,虫,Bộ Trùng,142,record-radical,data/chars/87DB.json
蟜,B,resolved,虫,虫,Bộ Trùng,142,record-radical,data/chars/87DC.json
蟟,B,resolved,虫,虫,Bộ Trùng,142,record-radical,data/chars/87DF.json
蟠,B,resolved,虫,虫,Bộ Trùng,142,record-radical,data/chars/87E0.json
蟢,B,resolved,虫,虫,Bộ Trùng,142,record-radical,data/chars/87E2.json
蟥,B,resolved,虫,虫,Bộ Trùng,142,record-radical,data/chars/87E5.json
蟨,C,not-resolved,,,,,not-resolved,data/chars/87E8.json
蟪,B,resolved,虫,虫,Bộ Trùng,142,record-radical,data/chars/87EA.json
蟭,B,resolved,虫,虫,Bộ Trùng,142,record-radical,data/chars/87ED.json
蟮,B,resolved,虫,虫,Bộ Trùng,142,record-radical,data/chars/87EE.json
蟳,C,not-resolved,,,,,not-resolved,data/chars/87F3.json
蟷,C,not-resolved,,,,,not-resolved,data/chars/87F7.json
蟹,A,resolved,虫,虫,Bộ Trùng,142,record-radical,data/chars/87F9.json
蟺,C,not-resolved,,,,,not-resolved,data/chars/87FA.json
蟾,B,resolved,虫,虫,Bộ Trùng,142,record-radical,data/chars/87FE.json
蟿,C,not-resolved,,,,,not-resolved,data/chars/87FF.json
蠂,C,not-resolved,,,,,not-resolved,data/chars/8802.json
蠃,C,not-resolved,,,,,not-resolved,data/chars/8803.json
蠉,C,not-resolved,,,,,not-resolved,data/chars/8809.json
蠊,B,resolved,虫,虫,Bộ Trùng,142,record-radical,data/chars/880A.json
蠋,C,not-resolved,,,,,not-resolved,data/chars/880B.json
蠎,C,not-resolved,,,,,not-resolved,data/chars/880E.json
蠓,B,resolved,虫,虫,Bộ Trùng,142,record-radical,data/chars/8813.json
蠕,B,resolved,虫,虫,Bộ Trùng,142,record-radical,data/chars/8815.json
蠖,B,resolved,虫,虫,Bộ Trùng,142,record-radical,data/chars/8816.json
蠗,C,not-resolved,,,,,not-resolved,data/chars/8817.json
蠚,C,not-resolved,,,,,not-resolved,data/chars/881A.json
蠛,B,resolved,虫,虫,Bộ Trùng,142,record-radical,data/chars/881B.json
蠜,C,not-resolved,,,,,not-resolved,data/chars/881C.json
蠡,B,resolved,虫,虫,Bộ Trùng,142,record-radical,data/chars/8821.json
蠢,A,resolved,虫,虫,Bộ Trùng,142,record-radical,data/chars/8822.json
蠧,C,not-resolved,,,,,not-resolved,data/chars/8827.json
蠩,C,not-resolved,,,,,not-resolved,data/chars/8829.json
蠮,B,resolved,虫,虫,Bộ Trùng,142,record-radical,data/chars/882E.json
蠰,C,not-resolved,,,,,not-resolved,data/chars/8830.json
蠲,B,resolved,虫,虫,Bộ Trùng,142,record-radical,data/chars/8832.json
蠵,B,resolved,虫,虫,Bộ Trùng,142,record-radical,data/chars/8835.json
蠷,C,not-resolved,,,,,not-resolved,data/chars/8837.json
蠸,C,not-resolved,,,,,not-resolved,data/chars/8838.json
蠹,B,resolved,虫,虫,Bộ Trùng,142,record-radical,data/chars/8839.json
蠼,B,resolved,虫,虫,Bộ Trùng,142,record-radical,data/chars/883C.json
蠽,C,not-resolved,,,,,not-resolved,data/chars/883D.json
血,A,resolved,血,血,Bộ Huyết,143,self-radical,radical_learning_notes.json
衁,C,not-resolved,,,,,not-resolved,data/chars/8841.json
衄,C,not-resolved,,,,,not-resolved,data/chars/8844.json
衅,A,resolved,血,血,Bộ Huyết,143,record-radical,data/chars/8845.json
衈,C,not-resolved,,,,,not-resolved,data/chars/8848.json
衉,C,not-resolved,,,,,not-resolved,data/chars/8849.json
衋,C,not-resolved,,,,,not-resolved,data/chars/884B.json
行,A,resolved,行,行,Bộ Hành,144,self-radical,radical_learning_notes.json
衍,C,not-resolved,,,,,not-resolved,data/chars/884D.json
衎,C,not-resolved,,,,,not-resolved,data/chars/884E.json
衒,C,not-resolved,,,,,not-resolved,data/chars/8852.json
衔,A,resolved,钅,金,Bộ Kim,167,record-radical,data/chars/8854.json
衖,B,resolved,行,行,Bộ Hành,144,record-radical,data/chars/8856.json
街,A,resolved,行,行,Bộ Hành,144,record-radical,data/chars/8857.json
衙,B,resolved,行,行,Bộ Hành,144,record-radical,data/chars/8859.json
衞,C,not-resolved,,,,,not-resolved,data/chars/885E.json
衟,C,not-resolved,,,,,not-resolved,data/chars/885F.json
衡,C,not-resolved,,,,,not-resolved,data/chars/8861.json
衢,B,resolved,行,行,Bộ Hành,144,record-radical,data/chars/8862.json
衣,A,resolved,衣,衣,Bộ Y,145,self-radical,radical_learning_notes.json
衤,B,resolved,衤,衣,Bộ Y,145,radical-variant,radical_alias_index.json
补,A,resolved,衤,衣,Bộ Y,145,record-radical,data/chars/8865.json
表,A,resolved,毛,毛,Bộ Mao,82,record-radical,data/chars/8868.json
衩,B,resolved,衤,衣,Bộ Y,145,record-radical,data/chars/8869.json
衫,A,resolved,衤,衣,Bộ Y,145,record-radical,data/chars/886B.json
衬,A,resolved,衤,衣,Bộ Y,145,record-radical,data/chars/886C.json
衭,C,not-resolved,,,,,not-resolved,data/chars/886D.json
衮,B,resolved,衣,衣,Bộ Y,145,record-radical,data/chars/886E.json
衰,C,not-resolved,,,,,not-resolved,data/chars/8870.json
衲,B,resolved,衤,衣,Bộ Y,145,record-radical,data/chars/8872.json
衵,C,not-resolved,,,,,not-resolved,data/chars/8875.json
衷,C,not-resolved,,,,,not-resolved,data/chars/8877.json
衹,B,resolved,衤,衣,Bộ Y,145,record-radical,data/chars/8879.json
衽,B,resolved,衤,衣,Bộ Y,145,record-radical,data/chars/887D.json
衾,B,resolved,衣,衣,Bộ Y,145,record-radical,data/chars/887E.json
衿,B,resolved,衤,衣,Bộ Y,145,record-radical,data/chars/887F.json
袁,C,not-resolved,◎,,,,not-resolved,data/chars/8881.json
袂,B,resolved,衤,衣,Bộ Y,145,record-radical,data/chars/8882.json
袄,B,resolved,衤,衣,Bộ Y,145,record-radical,data/chars/8884.json
袅,A,resolved,衣,衣,Bộ Y,145,record-radical,data/chars/8885.json
袆,C,not-resolved,,,,,not-resolved,data/chars/8886.json
袈,B,resolved,衣,衣,Bộ Y,145,record-radical,data/chars/8888.json
袋,A,resolved,衣,衣,Bộ Y,145,record-radical,data/chars/888B.json
袍,C,not-resolved,,,,,not-resolved,data/chars/888D.json
袒,B,resolved,衤,衣,Bộ Y,145,record-radical,data/chars/8892.json
袖,A,resolved,衤,衣,Bộ Y,145,record-radical,data/chars/8896.json
袗,C,not-resolved,,,,,not-resolved,data/chars/8897.json
袚,C,not-resolved,,,,,not-resolved,data/chars/889A.json
袜,A,resolved,衤,衣,Bộ Y,145,record-radical,data/chars/889C.json
袟,B,resolved,衤,衣,Bộ Y,145,record-radical,data/chars/889F.json
袢,B,resolved,衤,衣,Bộ Y,145,record-radical,data/chars/88A2.json
袤,B,resolved,衣,衣,Bộ Y,145,record-radical,data/chars/88A4.json
袪,C,not-resolved,,,,,not-resolved,data/chars/88AA.json
被,A,resolved,衤,衣,Bộ Y,145,record-radical,data/chars/88AB.json
袭,C,not-resolved,龙,,,,not-resolved,data/chars/88AD.json
袮,C,not-resolved,尔,,,,not-resolved,data/chars/88AE.json
袯,B,resolved,衤,衣,Bộ Y,145,record-radical,data/chars/88AF.json
袱,C,not-resolved,,,,,not-resolved,data/chars/88B1.json
袲,C,not-resolved,,,,,not-resolved,data/chars/88B2.json
袷,B,resolved,衤,衣,Bộ Y,145,record-radical,data/chars/88B7.json
袺,C,not-resolved,,,,,not-resolved,data/chars/88BA.json
袼,B,resolved,衤,衣,Bộ Y,145,record-radical,data/chars/88BC.json
袽,C,not-resolved,,,,,not-resolved,data/chars/88BD.json
袿,C,not-resolved,,,,,not-resolved,data/chars/88BF.json
裀,C,not-resolved,,,,,not-resolved,data/chars/88C0.json
裁,C,not-resolved,,,,,not-resolved,data/chars/88C1.json
裂,A,resolved,衣,衣,Bộ Y,145,record-radical,data/chars/88C2.json
装,A,resolved,衣,衣,Bộ Y,145,record-radical,data/chars/88C5.json
裆,B,resolved,衤,衣,Bộ Y,145,record-radical,data/chars/88C6.json
裇,B,resolved,衤,衣,Bộ Y,145,record-radical,data/chars/88C7.json
裈,C,not-resolved,,,,,not-resolved,data/chars/88C8.json
裉,B,resolved,衤,衣,Bộ Y,145,record-radical,data/chars/88C9.json
裋,C,not-resolved,,,,,not-resolved,data/chars/88CB.json
裍,C,not-resolved,,,,,not-resolved,data/chars/88CD.json
裎,C,not-resolved,,,,,not-resolved,data/chars/88CE.json
裒,B,resolved,衣,衣,Bộ Y,145,record-radical,data/chars/88D2.json
裔,C,not-resolved,冏,,,,not-resolved,data/chars/88D4.json
裕,A,resolved,衤,衣,Bộ Y,145,record-radical,data/chars/88D5.json
裘,A,resolved,衣,衣,Bộ Y,145,record-radical,data/chars/88D8.json
裙,A,resolved,衤,衣,Bộ Y,145,record-radical,data/chars/88D9.json
裛,C,not-resolved,,,,,not-resolved,data/chars/88DB.json
裟,B,resolved,衣,衣,Bộ Y,145,record-radical,data/chars/88DF.json
裢,B,resolved,衤,衣,Bộ Y,145,record-radical,data/chars/88E2.json
裣,B,resolved,衤,衣,Bộ Y,145,record-radical,data/chars/88E3.json
裤,A,resolved,衤,衣,Bộ Y,145,record-radical,data/chars/88E4.json
裥,B,resolved,衤,衣,Bộ Y,145,record-radical,data/chars/88E5.json
裨,C,not-resolved,,,,,not-resolved,data/chars/88E8.json
裯,C,not-resolved,,,,,not-resolved,data/chars/88EF.json
裰,C,not-resolved,,,,,not-resolved,data/chars/88F0.json
裱,C,not-resolved,,,,,not-resolved,data/chars/88F1.json
裲,C,not-resolved,,,,,not-resolved,data/chars/88F2.json
裳,A,resolved,衣,衣,Bộ Y,145,record-radical,data/chars/88F3.json
裴,B,resolved,衣,衣,Bộ Y,145,record-radical,data/chars/88F4.json
裸,A,resolved,衤,衣,Bộ Y,145,record-radical,data/chars/88F8.json
裹,A,resolved,衣,衣,Bộ Y,145,record-radical,data/chars/88F9.json
裼,C,not-resolved,,,,,not-resolved,data/chars/88FC.json
裾,B,resolved,衤,衣,Bộ Y,145,record-radical,data/chars/88FE.json
褀,C,not-resolved,,,,,not-resolved,data/chars/8900.json
褂,B,resolved,衤,衣,Bộ Y,145,record-radical,data/chars/8902.json
褉,C,not-resolved,,,,,not-resolved,data/chars/8909.json
褊,B,resolved,衤,衣,Bộ Y,145,record-radical,data/chars/890A.json
褎,C,not-resolved,,,,,not-resolved,data/chars/890E.json
褏,C,not-resolved,,,,,not-resolved,data/chars/890F.json
褐,A,resolved,衤,衣,Bộ Y,145,record-radical,data/chars/8910.json
褒,B,resolved,衣,衣,Bộ Y,145,record-radical,data/chars/8912.json
褓,C,not-resolved,,,,,not-resolved,data/chars/8913.json
褔,C,not-resolved,,,,,not-resolved,data/chars/8914.json
褕,C,not-resolved,,,,,not-resolved,data/chars/8915.json
褙,B,resolved,衤,衣,Bộ Y,145,record-radical,data/chars/8919.json
褚,B,resolved,衤,衣,Bộ Y,145,record-radical,data/chars/891A.json
褛,B,resolved,衤,衣,Bộ Y,145,record-radical,data/chars/891B.json
褟,B,resolved,衤,衣,Bộ Y,145,record-radical,data/chars/891F.json
褡,B,resolved,衤,衣,Bộ Y,145,record-radical,data/chars/8921.json
褢,C,not-resolved,,,,,not-resolved,data/chars/8922.json
褥,B,resolved,衤,衣,Bộ Y,145,record-radical,data/chars/8925.json
褦,C,not-resolved,,,,,not-resolved,data/chars/8926.json
褧,C,not-resolved,,,,,not-resolved,data/chars/8927.json
褪,C,not-resolved,,,,,not-resolved,data/chars/892A.json
褫,B,resolved,衤,衣,Bộ Y,145,record-radical,data/chars/892B.json
褯,C,not-resolved,,,,,not-resolved,data/chars/892F.json
褰,B,resolved,衣,衣,Bộ Y,145,record-radical,data/chars/8930.json
褱,B,resolved,衣,衣,Bộ Y,145,record-radical,data/chars/8931.json
褴,B,resolved,衤,衣,Bộ Y,145,record-radical,data/chars/8934.json
褵,B,resolved,衤,衣,Bộ Y,145,record-radical,data/chars/8935.json
褶,B,resolved,衤,衣,Bộ Y,145,record-radical,data/chars/8936.json
褽,C,not-resolved,,,,,not-resolved,data/chars/893D.json
褾,C,not-resolved,,,,,not-resolved,data/chars/893E.json
襁,A,resolved,衤,衣,Bộ Y,145,record-radical,data/chars/8941.json
襄,C,not-resolved,,,,,not-resolved,data/chars/8944.json
襆,C,not-resolved,,,,,not-resolved,data/chars/8946.json
襉,C,not-resolved,,,,,not-resolved,data/chars/8949.json
襋,C,not-resolved,,,,,not-resolved,data/chars/894B.json
襌,C,not-resolved,,,,,not-resolved,data/chars/894C.json
襕,C,not-resolved,,,,,not-resolved,data/chars/8955.json
襚,C,not-resolved,,,,,not-resolved,data/chars/895A.json
襛,C,not-resolved,,,,,not-resolved,data/chars/895B.json
襜,C,not-resolved,,,,,not-resolved,data/chars/895C.json
襞,B,resolved,衣,衣,Bộ Y,145,record-radical,data/chars/895E.json
襟,C,not-resolved,,,,,not-resolved,data/chars/895F.json
襡,C,not-resolved,,,,,not-resolved,data/chars/8961.json
襢,C,not-resolved,,,,,not-resolved,data/chars/8962.json
襥,C,not-resolved,,,,,not-resolved,data/chars/8965.json
襦,B,resolved,衤,衣,Bộ Y,145,record-radical,data/chars/8966.json
襫,B,resolved,衤,衣,Bộ Y,145,record-radical,data/chars/896B.json
襭,C,not-resolved,,,,,not-resolved,data/chars/896D.json
襮,C,not-resolved,,,,,not-resolved,data/chars/896E.json
襶,C,not-resolved,,,,,not-resolved,data/chars/8976.json
襻,C,not-resolved,,,,,not-resolved,data/chars/897B.json
襼,C,not-resolved,,,,,not-resolved,data/chars/897C.json
襽,C,not-resolved,,,,,not-resolved,data/chars/897D.json
襾,B,resolved,襾,襾,Bộ Á,146,self-radical,radical_learning_notes.json
西,C,not-resolved,,,,,not-resolved,data/chars/897F.json
覀,C,not-resolved,,,,,not-resolved,data/chars/8980.json
要,C,not-resolved,覀,,,,not-resolved,data/chars/8981.json
覂,C,not-resolved,,,,,not-resolved,data/chars/8982.json
覃,C,not-resolved,,,,,not-resolved,data/chars/8983.json
覅,C,not-resolved,,,,,not-resolved,data/chars/8985.json
覆,A,resolved,襾,襾,Bộ Á,146,record-radical,data/chars/8986.json
覉,C,not-resolved,,,,,not-resolved,data/chars/8989.json
覌,C,not-resolved,,,,,not-resolved,data/chars/898C.json
覐,C,not-resolved,,,,,not-resolved,data/chars/8990.json
覗,C,not-resolved,,,,,not-resolved,data/chars/8997.json
覚,C,not-resolved,,,,,not-resolved,data/chars/899A.json
覜,C,not-resolved,,,,,not-resolved,data/chars/899C.json
覤,C,not-resolved,,,,,not-resolved,data/chars/89A4.json
覧,C,not-resolved,,,,,not-resolved,data/chars/89A7.json
覰,C,not-resolved,,,,,not-resolved,data/chars/89B0.json
観,C,not-resolved,,,,,not-resolved,data/chars/89B3.json
见,A,resolved,目,目,Bộ Mục,109,record-radical,data/chars/89C1.json
观,C,not-resolved,见,,,,not-resolved,data/chars/89C2.json
觃,C,not-resolved,,,,,not-resolved,data/chars/89C3.json
规,C,not-resolved,见,,,,not-resolved,data/chars/89C4.json
觅,C,not-resolved,,,,,not-resolved,data/chars/89C5.json
视,C,not-resolved,见,,,,not-resolved,data/chars/89C6.json
觇,C,not-resolved,,,,,not-resolved,data/chars/89C7.json
览,C,not-resolved,见,,,,not-resolved,data/chars/89C8.json
觉,C,not-resolved,见,,,,not-resolved,data/chars/89C9.json
觊,C,not-resolved,见,,,,not-resolved,data/chars/89CA.json
觋,C,not-resolved,,,,,not-resolved,data/chars/89CB.json
觌,C,not-resolved,见,,,,not-resolved,data/chars/89CC.json
觍,C,not-resolved,,,,,not-resolved,data/chars/89CD.json
觎,C,not-resolved,见,,,,not-resolved,data/chars/89CE.json
觏,C,not-resolved,见,,,,not-resolved,data/chars/89CF.json
觐,C,not-resolved,见,,,,not-resolved,data/chars/89D0.json
觑,C,not-resolved,见,,,,not-resolved,data/chars/89D1.json
角,A,resolved,角,角,"Bộ Giác, Giốc",148,self-radical,radical_learning_notes.json
觔,C,not-resolved,,,,,not-resolved,data/chars/89D4.json
觖,B,resolved,角,角,"Bộ Giác, Giốc",148,record-radical,data/chars/89D6.json
觚,B,resolved,角,角,"Bộ Giác, Giốc",148,record-radical,data/chars/89DA.json
觜,B,resolved,角,角,"Bộ Giác, Giốc",148,record-radical,data/chars/89DC.json
觝,C,not-resolved,,,,,not-resolved,data/chars/89DD.json
觞,B,resolved,角,角,"Bộ Giác, Giốc",148,record-radical,data/chars/89DE.json
觡,C,not-resolved,,,,,not-resolved,data/chars/89E1.json
解,A,resolved,角,角,"Bộ Giác, Giốc",148,record-radical,data/chars/89E3.json
觥,B,resolved,角,角,"Bộ Giác, Giốc",148,record-radical,data/chars/89E5.json
触,A,resolved,角,角,"Bộ Giác, Giốc",148,record-radical,data/chars/89E6.json
觧,C,not-resolved,,,,,not-resolved,data/chars/89E7.json
觩,C,not-resolved,,,,,not-resolved,data/chars/89E9.json
觫,B,resolved,角,角,"Bộ Giác, Giốc",148,record-radical,data/chars/89EB.json
觭,C,not-resolved,,,,,not-resolved,data/chars/89ED.json
觯,B,resolved,角,角,"Bộ Giác, Giốc",148,record-radical,data/chars/89EF.json
觱,B,resolved,角,角,"Bộ Giác, Giốc",148,record-radical,data/chars/89F1.json
觳,B,resolved,角,角,"Bộ Giác, Giốc",148,record-radical,data/chars/89F3.json
觵,C,not-resolved,,,,,not-resolved,data/chars/89F5.json
觷,C,not-resolved,,,,,not-resolved,data/chars/89F7.json
觺,C,not-resolved,,,,,not-resolved,data/chars/89FA.json
觼,C,not-resolved,,,,,not-resolved,data/chars/89FC.json
觽,C,not-resolved,,,,,not-resolved,data/chars/89FD.json
觾,C,not-resolved,,,,,not-resolved,data/chars/89FE.json
觿,C,not-resolved,,,,,not-resolved,data/chars/89FF.json
言,A,resolved,言,言,Bộ Ngôn,149,self-radical,radical_learning_notes.json
訄,C,not-resolved,,,,,not-resolved,data/chars/8A04.json
訇,B,resolved,言,言,Bộ Ngôn,149,record-radical,data/chars/8A07.json
訑,C,not-resolved,,,,,not-resolved,data/chars/8A11.json
訚,B,resolved,言,言,Bộ Ngôn,149,record-radical,data/chars/8A1A.json
訧,C,not-resolved,,,,,not-resolved,data/chars/8A27.json
訬,C,not-resolved,,,,,not-resolved,data/chars/8A2C.json
訳,C,not-resolved,,,,,not-resolved,data/chars/8A33.json
訹,C,not-resolved,,,,,not-resolved,data/chars/8A39.json
訾,B,resolved,言,言,Bộ Ngôn,149,record-radical,data/chars/8A3E.json
詅,C,not-resolved,,,,,not-resolved,data/chars/8A45.json
詈,C,not-resolved,,,,,not-resolved,data/chars/8A48.json
詊,C,not-resolved,,,,,not-resolved,data/chars/8A4A.json
詑,C,not-resolved,,,,,not-resolved,data/chars/8A51.json
詟,C,not-resolved,,,,,not-resolved,data/chars/8A5F.json
詨,C,not-resolved,,,,,not-resolved,data/chars/8A68.json
詸,C,not-resolved,,,,,not-resolved,data/chars/8A78.json
詹,B,resolved,言,言,Bộ Ngôn,149,record-radical,data/chars/8A79.json
詻,C,not-resolved,,,,,not-resolved,data/chars/8A7B.json
誂,C,not-resolved,,,,,not-resolved,data/chars/8A82.json
誃,C,not-resolved,,,,,not-resolved,data/chars/8A83.json
誉,C,not-resolved,,,,,not-resolved,data/chars/8A89.json
誊,B,resolved,言,言,Bộ Ngôn,149,record-radical,data/chars/8A8A.json
誋,C,not-resolved,,,,,not-resolved,data/chars/8A8B.json
誓,A,resolved,言,言,Bộ Ngôn,149,record-radical,data/chars/8A93.json
誙,B,resolved,言,言,Bộ Ngôn,149,record-radical,data/chars/8A99.json
誧,C,not-resolved,,,,,not-resolved,data/chars/8AA7.json
読,C,not-resolved,,,,,not-resolved,data/chars/8AAD.json
誯,C,not-resolved,,,,,not-resolved,data/chars/8AAF.json
諆,C,not-resolved,,,,,not-resolved,data/chars/8AC6.json
諌,C,not-resolved,,,,,not-resolved,data/chars/8ACC.json
諕,C,not-resolved,,,,,not-resolved,data/chars/8AD5.json
諵,C,not-resolved,,,,,not-resolved,data/chars/8AF5.json
謆,C,not-resolved,,,,,not-resolved,data/chars/8B06.json
謇,B,resolved,言,言,Bộ Ngôn,149,record-radical,data/chars/8B07.json
謋,C,not-resolved,,,,,not-resolved,data/chars/8B0B.json
謍,C,not-resolved,,,,,not-resolved,data/chars/8B0D.json
謑,C,not-resolved,,,,,not-resolved,data/chars/8B11.json
謡,C,not-resolved,,,,,not-resolved,data/chars/8B21.json
謦,B,resolved,言,言,Bộ Ngôn,149,record-radical,data/chars/8B26.json
謪,C,not-resolved,,,,,not-resolved,data/chars/8B2A.json
謷,C,not-resolved,,,,,not-resolved,data/chars/8B37.json
謼,C,not-resolved,,,,,not-resolved,data/chars/8B3C.json
譅,C,not-resolved,,,,,not-resolved,data/chars/8B45.json
譈,C,not-resolved,,,,,not-resolved,data/chars/8B48.json
譊,C,not-resolved,,,,,not-resolved,data/chars/8B4A.json
譒,C,not-resolved,,,,,not-resolved,data/chars/8B52.json
譡,C,not-resolved,,,,,not-resolved,data/chars/8B61.json
警,A,resolved,言,言,Bộ Ngôn,149,record-radical,data/chars/8B66.json
譩,C,not-resolved,,,,,not-resolved,data/chars/8B69.json
譬,A,resolved,言,言,Bộ Ngôn,149,record-radical,data/chars/8B6C.json
譱,C,not-resolved,,,,,not-resolved,data/chars/8B71.json
譲,C,not-resolved,,,,,not-resolved,data/chars/8B72.json
譶,C,not-resolved,,,,,not-resolved,data/chars/8B76.json
譹,C,not-resolved,,,,,not-resolved,data/chars/8B79.json
譾,C,not-resolved,,,,,not-resolved,data/chars/8B7E.json
讆,C,not-resolved,,,,,not-resolved,data/chars/8B86.json
讇,C,not-resolved,,,,,not-resolved,data/chars/8B87.json
讏,C,not-resolved,,,,,not-resolved,data/chars/8B8F.json
讐,C,not-resolved,,,,,not-resolved,data/chars/8B90.json
讘,C,not-resolved,,,,,not-resolved,data/chars/8B98.json
讟,C,not-resolved,,,,,not-resolved,data/chars/8B9F.json
讠,B,resolved,讠,言,Bộ Ngôn,149,radical-variant,radical_alias_index.json
计,A,resolved,讠,言,Bộ Ngôn,149,record-radical,data/chars/8BA1.json
订,A,resolved,讠,言,Bộ Ngôn,149,record-radical,data/chars/8BA2.json
讣,B,resolved,讠,言,Bộ Ngôn,149,record-radical,data/chars/8BA3.json
认,A,resolved,讠,言,Bộ Ngôn,149,record-radical,data/chars/8BA4.json
讥,A,resolved,讠,言,Bộ Ngôn,149,record-radical,data/chars/8BA5.json
讦,C,not-resolved,,,,,not-resolved,data/chars/8BA6.json
讧,C,not-resolved,,,,,not-resolved,data/chars/8BA7.json
讨,A,resolved,讠,言,Bộ Ngôn,149,record-radical,data/chars/8BA8.json
让,A,resolved,讠,言,Bộ Ngôn,149,record-radical,data/chars/8BA9.json
讪,B,resolved,讠,言,Bộ Ngôn,149,record-radical,data/chars/8BAA.json
讫,B,resolved,讠,言,Bộ Ngôn,149,record-radical,data/chars/8BAB.json
讬,C,not-resolved,,,,,not-resolved,data/chars/8BAC.json
训,A,resolved,讠,言,Bộ Ngôn,149,record-radical,data/chars/8BAD.json
议,A,resolved,讠,言,Bộ Ngôn,149,record-radical,data/chars/8BAE.json
讯,A,resolved,讠,言,Bộ Ngôn,149,record-radical,data/chars/8BAF.json
记,A,resolved,讠,言,Bộ Ngôn,149,record-radical,data/chars/8BB0.json
讱,C,not-resolved,,,,,not-resolved,data/chars/8BB1.json
讲,A,resolved,讠,言,Bộ Ngôn,149,record-radical,data/chars/8BB2.json
讳,A,resolved,讠,言,Bộ Ngôn,149,record-radical,data/chars/8BB3.json
讴,B,resolved,讠,言,Bộ Ngôn,149,record-radical,data/chars/8BB4.json
讵,B,resolved,讠,言,Bộ Ngôn,149,record-radical,data/chars/8BB5.json
讶,A,resolved,讠,言,Bộ Ngôn,149,record-radical,data/chars/8BB6.json
讷,B,resolved,讠,言,Bộ Ngôn,149,record-radical,data/chars/8BB7.json
许,A,resolved,讠,言,Bộ Ngôn,149,record-radical,data/chars/8BB8.json
讹,A,resolved,讠,言,Bộ Ngôn,149,record-radical,data/chars/8BB9.json
论,A,resolved,讠,言,Bộ Ngôn,149,record-radical,data/chars/8BBA.json
讼,A,resolved,讠,言,Bộ Ngôn,149,record-radical,data/chars/8BBC.json
讽,A,resolved,讠,言,Bộ Ngôn,149,record-radical,data/chars/8BBD.json
设,A,resolved,讠,言,Bộ Ngôn,149,record-radical,data/chars/8BBE.json
访,A,resolved,讠,言,Bộ Ngôn,149,record-radical,data/chars/8BBF.json
诀,C,not-resolved,,,,,not-resolved,data/chars/8BC0.json
证,A,resolved,讠,言,Bộ Ngôn,149,record-radical,data/chars/8BC1.json
诂,B,resolved,讠,言,Bộ Ngôn,149,record-radical,data/chars/8BC2.json
诃,B,resolved,讠,言,Bộ Ngôn,149,record-radical,data/chars/8BC3.json
评,A,resolved,讠,言,Bộ Ngôn,149,record-radical,data/chars/8BC4.json
诅,B,resolved,讠,言,Bộ Ngôn,149,record-radical,data/chars/8BC5.json
识,A,resolved,讠,言,Bộ Ngôn,149,record-radical,data/chars/8BC6.json
诇,C,not-resolved,,,,,not-resolved,data/chars/8BC7.json
诈,A,resolved,讠,言,Bộ Ngôn,149,record-radical,data/chars/8BC8.json
诉,A,resolved,讠,言,Bộ Ngôn,149,record-radical,data/chars/8BC9.json
诊,A,resolved,讠,言,Bộ Ngôn,149,record-radical,data/chars/8BCA.json
诋,B,resolved,讠,言,Bộ Ngôn,149,record-radical,data/chars/8BCB.json
诌,B,resolved,讠,言,Bộ Ngôn,149,record-radical,data/chars/8BCC.json
词,A,resolved,讠,言,Bộ Ngôn,149,record-radical,data/chars/8BCD.json
诎,B,resolved,讠,言,Bộ Ngôn,149,record-radical,data/chars/8BCE.json
诏,C,not-resolved,,,,,not-resolved,data/chars/8BCF.json
诐,C,not-resolved,,,,,not-resolved,data/chars/8BD0.json
译,A,resolved,讠,言,Bộ Ngôn,149,record-radical,data/chars/8BD1.json
诒,B,resolved,讠,言,Bộ Ngôn,149,record-radical,data/chars/8BD2.json
诓,B,resolved,讠,言,Bộ Ngôn,149,record-radical,data/chars/8BD3.json
诔,B,resolved,讠,言,Bộ Ngôn,149,record-radical,data/chars/8BD4.json
试,A,resolved,讠,言,Bộ Ngôn,149,record-radical,data/chars/8BD5.json
诖,B,resolved,讠,言,Bộ Ngôn,149,record-radical,data/chars/8BD6.json
诗,A,resolved,讠,言,Bộ Ngôn,149,record-radical,data/chars/8BD7.json
诘,B,resolved,讠,言,Bộ Ngôn,149,record-radical,data/chars/8BD8.json
诙,B,resolved,讠,言,Bộ Ngôn,149,record-radical,data/chars/8BD9.json
诚,A,resolved,讠,言,Bộ Ngôn,149,record-radical,data/chars/8BDA.json
诛,B,resolved,讠,言,Bộ Ngôn,149,record-radical,data/chars/8BDB.json
诜,B,resolved,讠,言,Bộ Ngôn,149,record-radical,data/chars/8BDC.json
话,A,resolved,言,言,Bộ Ngôn,149,record-radical,data/chars/8BDD.json
诞,A,resolved,讠,言,Bộ Ngôn,149,record-radical,data/chars/8BDE.json
诟,B,resolved,讠,言,Bộ Ngôn,149,record-radical,data/chars/8BDF.json
诠,B,resolved,讠,言,Bộ Ngôn,149,record-radical,data/chars/8BE0.json
诡,B,resolved,讠,言,Bộ Ngôn,149,record-radical,data/chars/8BE1.json
询,A,resolved,讠,言,Bộ Ngôn,149,record-radical,data/chars/8BE2.json
诣,C,not-resolved,,,,,not-resolved,data/chars/8BE3.json
诤,C,not-resolved,,,,,not-resolved,data/chars/8BE4.json
该,A,resolved,言,言,Bộ Ngôn,149,record-radical,data/chars/8BE5.json
详,A,resolved,讠,言,Bộ Ngôn,149,record-radical,data/chars/8BE6.json
诧,A,resolved,讠,言,Bộ Ngôn,149,record-radical,data/chars/8BE7.json
诨,B,resolved,讠,言,Bộ Ngôn,149,record-radical,data/chars/8BE8.json
诩,B,resolved,讠,言,Bộ Ngôn,149,record-radical,data/chars/8BE9.json
诪,C,not-resolved,,,,,not-resolved,data/chars/8BEA.json
诫,C,not-resolved,,,,,not-resolved,data/chars/8BEB.json
诬,C,not-resolved,,,,,not-resolved,data/chars/8BEC.json
语,A,resolved,讠,言,Bộ Ngôn,149,record-radical,data/chars/8BED.json
诮,B,resolved,讠,言,Bộ Ngôn,149,record-radical,data/chars/8BEE.json
误,A,resolved,讠,言,Bộ Ngôn,149,record-radical,data/chars/8BEF.json
诰,C,not-resolved,,,,,not-resolved,data/chars/8BF0.json
诱,C,not-resolved,,,,,not-resolved,data/chars/8BF1.json
诲,B,resolved,讠,言,Bộ Ngôn,149,record-radical,data/chars/8BF2.json
诳,C,not-resolved,,,,,not-resolved,data/chars/8BF3.json
说,A,resolved,讠,言,Bộ Ngôn,149,record-radical,data/chars/8BF4.json
诵,A,resolved,讠,言,Bộ Ngôn,149,record-radical,data/chars/8BF5.json
诶,C,not-resolved,,,,,not-resolved,data/chars/8BF6.json
请,A,resolved,讠,言,Bộ Ngôn,149,record-radical,data/chars/8BF7.json
诸,A,resolved,讠,言,Bộ Ngôn,149,record-radical,data/chars/8BF8.json
诹,C,not-resolved,,,,,not-resolved,data/chars/8BF9.json
诺,A,resolved,讠,言,Bộ Ngôn,149,record-radical,data/chars/8BFA.json
读,A,resolved,讠,言,Bộ Ngôn,149,record-radical,data/chars/8BFB.json
诼,B,resolved,讠,言,Bộ Ngôn,149,record-radical,data/chars/8BFC.json
诽,A,resolved,讠,言,Bộ Ngôn,149,record-radical,data/chars/8BFD.json
课,A,resolved,讠,言,Bộ Ngôn,149,record-radical,data/chars/8BFE.json
诿,B,resolved,讠,言,Bộ Ngôn,149,record-radical,data/chars/8BFF.json
谀,B,resolved,讠,言,Bộ Ngôn,149,record-radical,data/chars/8C00.json
谁,A,resolved,讠,言,Bộ Ngôn,149,record-radical,data/chars/8C01.json
谂,C,not-resolved,,,,,not-resolved,data/chars/8C02.json
调,A,resolved,讠,言,Bộ Ngôn,149,record-radical,data/chars/8C03.json
谄,B,resolved,讠,言,Bộ Ngôn,149,record-radical,data/chars/8C04.json
谅,A,resolved,讠,言,Bộ Ngôn,149,record-radical,data/chars/8C05.json
谆,C,not-resolved,,,,,not-resolved,data/chars/8C06.json
谇,B,resolved,讠,言,Bộ Ngôn,149,record-radical,data/chars/8C07.json
谈,A,resolved,讠,言,Bộ Ngôn,149,record-radical,data/chars/8C08.json
谉,C,not-resolved,,,,,not-resolved,data/chars/8C09.json
谊,C,not-resolved,,,,,not-resolved,data/chars/8C0A.json
谋,A,resolved,讠,言,Bộ Ngôn,149,record-radical,data/chars/8C0B.json
谌,B,resolved,讠,言,Bộ Ngôn,149,record-radical,data/chars/8C0C.json
谍,A,resolved,讠,言,Bộ Ngôn,149,record-radical,data/chars/8C0D.json
谎,A,resolved,讠,言,Bộ Ngôn,149,record-radical,data/chars/8C0E.json
谏,B,resolved,讠,言,Bộ Ngôn,149,record-radical,data/chars/8C0F.json
谐,A,resolved,讠,言,Bộ Ngôn,149,record-radical,data/chars/8C10.json
谑,C,not-resolved,,,,,not-resolved,data/chars/8C11.json
谒,B,resolved,讠,言,Bộ Ngôn,149,record-radical,data/chars/8C12.json
谓,A,resolved,讠,言,Bộ Ngôn,149,record-radical,data/chars/8C13.json
谔,B,resolved,讠,言,Bộ Ngôn,149,record-radical,data/chars/8C14.json
谕,B,resolved,讠,言,Bộ Ngôn,149,record-radical,data/chars/8C15.json
谖,B,resolved,讠,言,Bộ Ngôn,149,record-radical,data/chars/8C16.json
谗,B,resolved,讠,言,Bộ Ngôn,149,record-radical,data/chars/8C17.json
谘,C,not-resolved,,,,,not-resolved,data/chars/8C18.json
谙,B,resolved,讠,言,Bộ Ngôn,149,record-radical,data/chars/8C19.json
谚,C,not-resolved,,,,,not-resolved,data/chars/8C1A.json
谛,B,resolved,讠,言,Bộ Ngôn,149,record-radical,data/chars/8C1B.json
谜,C,not-resolved,,,,,not-resolved,data/chars/8C1C.json
谝,B,resolved,讠,言,Bộ Ngôn,149,record-radical,data/chars/8C1D.json
谞,C,not-resolved,,,,,not-resolved,data/chars/8C1E.json
谟,B,resolved,讠,言,Bộ Ngôn,149,record-radical,data/chars/8C1F.json
谠,B,resolved,讠,言,Bộ Ngôn,149,record-radical,data/chars/8C20.json
谡,B,resolved,讠,言,Bộ Ngôn,149,record-radical,data/chars/8C21.json
谢,A,resolved,讠,言,Bộ Ngôn,149,record-radical,data/chars/8C22.json
谣,A,resolved,讠,言,Bộ Ngôn,149,record-radical,data/chars/8C23.json
谤,A,resolved,讠,言,Bộ Ngôn,149,record-radical,data/chars/8C24.json
谥,B,resolved,讠,言,Bộ Ngôn,149,record-radical,data/chars/8C25.json
谦,A,resolved,讠,言,Bộ Ngôn,149,record-radical,data/chars/8C26.json
谧,B,resolved,讠,言,Bộ Ngôn,149,record-radical,data/chars/8C27.json
谨,A,resolved,讠,言,Bộ Ngôn,149,record-radical,data/chars/8C28.json
谩,B,resolved,讠,言,Bộ Ngôn,149,record-radical,data/chars/8C29.json
谪,B,resolved,讠,言,Bộ Ngôn,149,record-radical,data/chars/8C2A.json
谫,B,resolved,讠,言,Bộ Ngôn,149,record-radical,data/chars/8C2B.json
谬,A,resolved,讠,言,Bộ Ngôn,149,record-radical,data/chars/8C2C.json
谭,B,resolved,讠,言,Bộ Ngôn,149,record-radical,data/chars/8C2D.json
谮,B,resolved,讠,言,Bộ Ngôn,149,record-radical,data/chars/8C2E.json
谯,B,resolved,讠,言,Bộ Ngôn,149,record-radical,data/chars/8C2F.json
谰,B,resolved,讠,言,Bộ Ngôn,149,record-radical,data/chars/8C30.json
谱,A,resolved,讠,言,Bộ Ngôn,149,record-radical,data/chars/8C31.json
谲,C,not-resolved,,,,,not-resolved,data/chars/8C32.json
谳,B,resolved,讠,言,Bộ Ngôn,149,record-radical,data/chars/8C33.json
谴,A,resolved,讠,言,Bộ Ngôn,149,record-radical,data/chars/8C34.json
谵,C,not-resolved,,,,,not-resolved,data/chars/8C35.json
谶,B,resolved,讠,言,Bộ Ngôn,149,record-radical,data/chars/8C36.json
谷,A,resolved,谷,谷,Bộ Cốc,150,self-radical,radical_learning_notes.json
谽,C,not-resolved,,,,,not-resolved,data/chars/8C3D.json
豁,A,resolved,谷,谷,Bộ Cốc,150,record-radical,data/chars/8C41.json
豅,C,not-resolved,,,,,not-resolved,data/chars/8C45.json
豆,A,resolved,豆,豆,Bộ Đậu,151,self-radical,radical_learning_notes.json
豇,B,resolved,豆,豆,Bộ Đậu,151,record-radical,data/chars/8C47.json
豉,B,resolved,豆,豆,Bộ Đậu,151,record-radical,data/chars/8C49.json
豊,C,not-resolved,玨,,,,not-resolved,data/chars/8C4A.json
豋,C,not-resolved,,,,,not-resolved,data/chars/8C4B.json
豌,B,resolved,豆,豆,Bộ Đậu,151,record-radical,data/chars/8C4C.json
豍,C,not-resolved,,,,,not-resolved,data/chars/8C4D.json
豏,C,not-resolved,,,,,not-resolved,data/chars/8C4F.json
豑,C,not-resolved,,,,,not-resolved,data/chars/8C51.json
豕,B,resolved,豕,豕,Bộ Thỉ,152,self-radical,radical_learning_notes.json
豖,C,not-resolved,,,,,not-resolved,data/chars/8C56.json
豗,C,not-resolved,,,,,not-resolved,data/chars/8C57.json
豚,C,not-resolved,,,,,not-resolved,data/chars/8C5A.json
豜,C,not-resolved,,,,,not-resolved,data/chars/8C5C.json
豝,C,not-resolved,,,,,not-resolved,data/chars/8C5D.json
豞,C,not-resolved,,,,,not-resolved,data/chars/8C5E.json
象,C,not-resolved,,,,,not-resolved,data/chars/8C61.json
豢,B,resolved,豕,豕,Bộ Thỉ,152,record-radical,data/chars/8C62.json
豣,C,not-resolved,,,,,not-resolved,data/chars/8C63.json
豦,B,resolved,豕,豕,Bộ Thỉ,152,record-radical,data/chars/8C66.json
豨,C,not-resolved,,,,,not-resolved,data/chars/8C68.json
豩,C,not-resolved,,,,,not-resolved,data/chars/8C69.json
豪,A,resolved,豕,豕,Bộ Thỉ,152,record-radical,data/chars/8C6A.json
豫,C,not-resolved,象,,,,not-resolved,data/chars/8C6B.json
豭,C,not-resolved,,,,,not-resolved,data/chars/8C6D.json
豮,C,not-resolved,,,,,not-resolved,data/chars/8C6E.json
豱,B,resolved,豕,豕,Bộ Thỉ,152,record-radical,data/chars/8C71.json
豳,B,resolved,山,山,Bộ Sơn,46,record-radical,data/chars/8C73.json
豵,C,not-resolved,,,,,not-resolved,data/chars/8C75.json
豷,C,not-resolved,,,,,not-resolved,data/chars/8C77.json
豸,B,resolved,豸,豸,Bộ Trĩ,153,self-radical,radical_learning_notes.json
豹,A,resolved,豸,豸,Bộ Trĩ,153,record-radical,data/chars/8C79.json
豺,A,resolved,豸,豸,Bộ Trĩ,153,record-radical,data/chars/8C7A.json
豻,B,resolved,豸,豸,Bộ Trĩ,153,record-radical,data/chars/8C7B.json
貂,B,resolved,豸,豸,Bộ Trĩ,153,record-radical,data/chars/8C82.json
貅,B,resolved,豸,豸,Bộ Trĩ,153,record-radical,data/chars/8C85.json
貆,C,not-resolved,,,,,not-resolved,data/chars/8C86.json
貇,C,not-resolved,,,,,not-resolved,data/chars/8C87.json
貉,B,resolved,豸,豸,Bộ Trĩ,153,record-radical,data/chars/8C89.json
貊,C,not-resolved,,,,,not-resolved,data/chars/8C8A.json
貌,C,not-resolved,,,,,not-resolved,data/chars/8C8C.json
貔,B,resolved,豸,豸,Bộ Trĩ,153,record-radical,data/chars/8C94.json
貘,B,resolved,豸,豸,Bộ Trĩ,153,record-radical,data/chars/8C98.json
貜,C,not-resolved,,,,,not-resolved,data/chars/8C9C.json
貤,C,not-resolved,,,,,not-resolved,data/chars/8CA4.json
賌,C,not-resolved,,,,,not-resolved,data/chars/8CCC.json
賏,C,not-resolved,,,,,not-resolved,data/chars/8CCF.json
賝,C,not-resolved,,,,,not-resolved,data/chars/8CDD.json
賥,C,not-resolved,,,,,not-resolved,data/chars/8CE5.json
賨,C,not-resolved,,,,,not-resolved,data/chars/8CE8.json
賮,C,not-resolved,,,,,not-resolved,data/chars/8CEE.json
賸,C,not-resolved,,,,,not-resolved,data/chars/8CF8.json
贉,C,not-resolved,,,,,not-resolved,data/chars/8D09.json
贕,C,not-resolved,,,,,not-resolved,data/chars/8D15.json
贝,A,resolved,贝,貝,Bộ Bối,154,radical-variant,radical_alias_index.json
贞,C,not-resolved,,,,,not-resolved,data/chars/8D1E.json
负,A,resolved,人,人,Bộ Nhân,9,record-radical,data/chars/8D1F.json
贠,C,not-resolved,,,,,not-resolved,data/chars/8D20.json
贡,A,resolved,贝,貝,Bộ Bối,154,record-radical,data/chars/8D21.json
财,A,resolved,贝,貝,Bộ Bối,154,record-radical,data/chars/8D22.json
责,A,resolved,貝,貝,Bộ Bối,154,record-radical,data/chars/8D23.json
贤,A,resolved,贝,貝,Bộ Bối,154,record-radical,data/chars/8D24.json
败,A,resolved,攵,攴,Bộ Phộc,66,record-radical,data/chars/8D25.json
账,A,resolved,贝,貝,Bộ Bối,154,record-radical,data/chars/8D26.json
货,A,resolved,贝,貝,Bộ Bối,154,record-radical,data/chars/8D27.json
质,A,resolved,斤,斤,Bộ Cân,69,record-radical,data/chars/8D28.json
贩,A,resolved,贝,貝,Bộ Bối,154,record-radical,data/chars/8D29.json
贪,A,resolved,贝,貝,Bộ Bối,154,record-radical,data/chars/8D2A.json
贫,C,not-resolved,,,,,not-resolved,data/chars/8D2B.json
贬,C,not-resolved,,,,,not-resolved,data/chars/8D2C.json
购,A,resolved,貝,貝,Bộ Bối,154,record-radical,data/chars/8D2D.json
贮,C,not-resolved,,,,,not-resolved,data/chars/8D2E.json
贯,A,resolved,贝,貝,Bộ Bối,154,record-radical,data/chars/8D2F.json
贰,C,not-resolved,,,,,not-resolved,data/chars/8D30.json
贱,C,not-resolved,,,,,not-resolved,data/chars/8D31.json
贲,C,not-resolved,卉,,,,not-resolved,data/chars/8D32.json
贳,B,resolved,贝,貝,Bộ Bối,154,record-radical,data/chars/8D33.json
贴,A,resolved,贝,貝,Bộ Bối,154,record-radical,data/chars/8D34.json
贵,C,not-resolved,◎,,,,not-resolved,data/chars/8D35.json
贶,B,resolved,贝,貝,Bộ Bối,154,record-radical,data/chars/8D36.json
贷,A,resolved,贝,貝,Bộ Bối,154,record-radical,data/chars/8D37.json
贸,A,resolved,贝,貝,Bộ Bối,154,record-radical,data/chars/8D38.json
费,A,resolved,贝,貝,Bộ Bối,154,record-radical,data/chars/8D39.json
贺,A,resolved,贝,貝,Bộ Bối,154,record-radical,data/chars/8D3A.json
贻,B,resolved,贝,貝,Bộ Bối,154,record-radical,data/chars/8D3B.json
贼,C,not-resolved,戎,,,,not-resolved,data/chars/8D3C.json
贽,B,resolved,贝,貝,Bộ Bối,154,record-radical,data/chars/8D3D.json
贾,A,resolved,贝,貝,Bộ Bối,154,record-radical,data/chars/8D3E.json
贿,C,not-resolved,,,,,not-resolved,data/chars/8D3F.json
赀,B,resolved,贝,貝,Bộ Bối,154,record-radical,data/chars/8D40.json
赁,C,not-resolved,,,,,not-resolved,data/chars/8D41.json
赂,A,resolved,貝,貝,Bộ Bối,154,record-radical,data/chars/8D42.json
赃,A,resolved,贝,貝,Bộ Bối,154,record-radical,data/chars/8D43.json
资,A,resolved,贝,貝,Bộ Bối,154,record-radical,data/chars/8D44.json
赅,B,resolved,贝,貝,Bộ Bối,154,record-radical,data/chars/8D45.json
赆,B,resolved,贝,貝,Bộ Bối,154,record-radical,data/chars/8D46.json
赇,C,not-resolved,,,,,not-resolved,data/chars/8D47.json
赈,B,resolved,贝,貝,Bộ Bối,154,record-radical,data/chars/8D48.json
赉,B,resolved,贝,貝,Bộ Bối,154,record-radical,data/chars/8D49.json
赊,B,resolved,贝,貝,Bộ Bối,154,record-radical,data/chars/8D4A.json
赋,C,not-resolved,,,,,not-resolved,data/chars/8D4B.json
赌,A,resolved,贝,貝,Bộ Bối,154,record-radical,data/chars/8D4C.json
赍,C,not-resolved,,,,,not-resolved,data/chars/8D4D.json
赎,C,not-resolved,,,,,not-resolved,data/chars/8D4E.json
赏,A,resolved,贝,貝,Bộ Bối,154,record-radical,data/chars/8D4F.json
赐,A,resolved,贝,貝,Bộ Bối,154,record-radical,data/chars/8D50.json
赑,C,not-resolved,,,,,not-resolved,data/chars/8D51.json
赒,B,resolved,贝,貝,Bộ Bối,154,record-radical,data/chars/8D52.json
赓,B,resolved,贝,貝,Bộ Bối,154,record-radical,data/chars/8D53.json
赔,A,resolved,贝,貝,Bộ Bối,154,record-radical,data/chars/8D54.json
赕,B,resolved,贝,貝,Bộ Bối,154,record-radical,data/chars/8D55.json
赖,A,resolved,贝,貝,Bộ Bối,154,record-radical,data/chars/8D56.json
赗,C,not-resolved,,,,,not-resolved,data/chars/8D57.json
赘,C,not-resolved,敖,,,,not-resolved,data/chars/8D58.json
赙,B,resolved,贝,貝,Bộ Bối,154,record-radical,data/chars/8D59.json
赚,A,resolved,贝,貝,Bộ Bối,154,record-radical,data/chars/8D5A.json
赛,A,resolved,贝,貝,Bộ Bối,154,record-radical,data/chars/8D5B.json
赜,B,resolved,臣,臣,Bộ Thần,131,record-radical,data/chars/8D5C.json
赝,C,not-resolved,,,,,not-resolved,data/chars/8D5D.json
赞,A,resolved,贝,貝,Bộ Bối,154,record-radical,data/chars/8D5E.json
赟,C,not-resolved,,,,,not-resolved,data/chars/8D5F.json
赠,A,resolved,贝,貝,Bộ Bối,154,record-radical,data/chars/8D60.json
赡,A,resolved,贝,貝,Bộ Bối,154,record-radical,data/chars/8D61.json
赢,A,resolved,贝,貝,Bộ Bối,154,record-radical,data/chars/8D62.json
赣,B,resolved,夂,夂,Bộ Tuy,34,record-radical,data/chars/8D63.json
赤,A,resolved,赤,赤,Bộ Xích,155,self-radical,radical_learning_notes.json
赦,B,resolved,攵,攴,Bộ Phộc,66,record-radical,data/chars/8D66.json
赧,B,resolved,赤,赤,Bộ Xích,155,record-radical,data/chars/8D67.json
赩,C,not-resolved,,,,,not-resolved,data/chars/8D69.json
赪,C,not-resolved,,,,,not-resolved,data/chars/8D6A.json
赫,C,not-resolved,,,,,not-resolved,data/chars/8D6B.json
赭,B,resolved,赤,赤,Bộ Xích,155,record-radical,data/chars/8D6D.json
赯,C,not-resolved,,,,,not-resolved,data/chars/8D6F.json
走,A,resolved,走,走,Bộ Tẩu,156,self-radical,radical_learning_notes.json
赱,C,not-resolved,,,,,not-resolved,data/chars/8D71.json
赳,B,resolved,走,走,Bộ Tẩu,156,record-radical,data/chars/8D73.json
赴,A,resolved,走,走,Bộ Tẩu,156,record-radical,data/chars/8D74.json
赵,C,not-resolved,,,,,not-resolved,data/chars/8D75.json
赶,A,resolved,走,走,Bộ Tẩu,156,record-radical,data/chars/8D76.json
起,A,resolved,走,走,Bộ Tẩu,156,record-radical,data/chars/8D77.json
赸,B,resolved,走,走,Bộ Tẩu,156,record-radical,data/chars/8D78.json
趁,A,resolved,走,走,Bộ Tẩu,156,record-radical,data/chars/8D81.json
趄,B,resolved,走,走,Bộ Tẩu,156,record-radical,data/chars/8D84.json
超,A,resolved,走,走,Bộ Tẩu,156,record-radical,data/chars/8D85.json
越,A,resolved,走,走,Bộ Tẩu,156,record-radical,data/chars/8D8A.json
趋,A,resolved,走,走,Bộ Tẩu,156,record-radical,data/chars/8D8B.json
趐,C,not-resolved,,,,,not-resolved,data/chars/8D90.json
趑,C,not-resolved,,,,,not-resolved,data/chars/8D91.json
趒,C,not-resolved,,,,,not-resolved,data/chars/8D92.json
趔,B,resolved,走,走,Bộ Tẩu,156,record-radical,data/chars/8D94.json
趟,A,resolved,走,走,Bộ Tẩu,156,record-radical,data/chars/8D9F.json
趡,C,not-resolved,,,,,not-resolved,data/chars/8DA1.json
趣,A,resolved,走,走,Bộ Tẩu,156,record-radical,data/chars/8DA3.json
趦,B,resolved,走,走,Bộ Tẩu,156,record-radical,data/chars/8DA6.json
趫,C,not-resolved,,,,,not-resolved,data/chars/8DAB.json
趮,C,not-resolved,,,,,not-resolved,data/chars/8DAE.json
趯,B,resolved,走,走,Bộ Tẩu,156,record-radical,data/chars/8DAF.json
趱,B,resolved,走,走,Bộ Tẩu,156,record-radical,data/chars/8DB1.json
足,A,resolved,足,足,Bộ Túc,157,self-radical,radical_learning_notes.json
趴,A,resolved,足,足,Bộ Túc,157,record-radical,data/chars/8DB4.json
趵,B,resolved,足,足,Bộ Túc,157,record-radical,data/chars/8DB5.json
趷,C,not-resolved,,,,,not-resolved,data/chars/8DB7.json
趸,C,not-resolved,,,,,not-resolved,data/chars/8DB8.json
趹,C,not-resolved,,,,,not-resolved,data/chars/8DB9.json
趺,B,resolved,足,足,Bộ Túc,157,record-radical,data/chars/8DBA.json
趼,B,resolved,足,足,Bộ Túc,157,record-radical,data/chars/8DBC.json
趾,B,resolved,足,足,Bộ Túc,157,record-radical,data/chars/8DBE.json
趿,A,resolved,足,足,Bộ Túc,157,record-radical,data/chars/8DBF.json
跁,C,not-resolved,,,,,not-resolved,data/chars/8DC1.json
跂,B,resolved,足,足,Bộ Túc,157,record-radical,data/chars/8DC2.json
跃,A,resolved,足,足,Bộ Túc,157,record-radical,data/chars/8DC3.json
跄,B,resolved,足,足,Bộ Túc,157,record-radical,data/chars/8DC4.json
跅,C,not-resolved,,,,,not-resolved,data/chars/8DC5.json
跆,B,resolved,足,足,Bộ Túc,157,record-radical,data/chars/8DC6.json
跋,A,resolved,足,足,Bộ Túc,157,record-radical,data/chars/8DCB.json
跌,C,not-resolved,,,,,not-resolved,data/chars/8DCC.json
跍,C,not-resolved,,,,,not-resolved,data/chars/8DCD.json
跎,B,resolved,足,足,Bộ Túc,157,record-radical,data/chars/8DCE.json
跏,B,resolved,足,足,Bộ Túc,157,record-radical,data/chars/8DCF.json
跐,C,not-resolved,,,,,not-resolved,data/chars/8DD0.json
跑,A,resolved,足,足,Bộ Túc,157,record-radical,data/chars/8DD1.json
跕,C,not-resolved,,,,,not-resolved,data/chars/8DD5.json
跖,B,resolved,足,足,Bộ Túc,157,record-radical,data/chars/8DD6.json
跗,B,resolved,足,足,Bộ Túc,157,record-radical,data/chars/8DD7.json
跙,C,not-resolved,,,,,not-resolved,data/chars/8DD9.json
跚,A,resolved,足,足,Bộ Túc,157,record-radical,data/chars/8DDA.json
跛,B,resolved,足,足,Bộ Túc,157,record-radical,data/chars/8DDB.json
距,A,resolved,足,足,Bộ Túc,157,record-radical,data/chars/8DDD.json
跞,B,resolved,足,足,Bộ Túc,157,record-radical,data/chars/8DDE.json
跟,A,resolved,足,足,Bộ Túc,157,record-radical,data/chars/8DDF.json
跣,B,resolved,足,足,Bộ Túc,157,record-radical,data/chars/8DE3.json
跤,A,resolved,足,足,Bộ Túc,157,record-radical,data/chars/8DE4.json
跦,C,not-resolved,,,,,not-resolved,data/chars/8DE6.json
跧,C,not-resolved,,,,,not-resolved,data/chars/8DE7.json
跨,A,resolved,足,足,Bộ Túc,157,record-radical,data/chars/8DE8.json
跩,C,not-resolved,,,,,not-resolved,data/chars/8DE9.json
跪,B,resolved,足,足,Bộ Túc,157,record-radical,data/chars/8DEA.json
跫,B,resolved,足,足,Bộ Túc,157,record-radical,data/chars/8DEB.json
跬,B,resolved,足,足,Bộ Túc,157,record-radical,data/chars/8DEC.json
跮,C,not-resolved,,,,,not-resolved,data/chars/8DEE.json
路,A,resolved,足,足,Bộ Túc,157,record-radical,data/chars/8DEF.json
跱,C,not-resolved,,,,,not-resolved,data/chars/8DF1.json
跲,C,not-resolved,,,,,not-resolved,data/chars/8DF2.json
跳,A,resolved,足,足,Bộ Túc,157,record-radical,data/chars/8DF3.json
践,A,resolved,足,足,Bộ Túc,157,record-radical,data/chars/8DF5.json
跶,B,resolved,足,足,Bộ Túc,157,record-radical,data/chars/8DF6.json
跷,B,resolved,足,足,Bộ Túc,157,record-radical,data/chars/8DF7.json
跸,B,resolved,足,足,Bộ Túc,157,record-radical,data/chars/8DF8.json
跹,B,resolved,足,足,Bộ Túc,157,record-radical,data/chars/8DF9.json
跺,B,resolved,足,足,Bộ Túc,157,record-radical,data/chars/8DFA.json
跻,A,resolved,足,足,Bộ Túc,157,record-radical,data/chars/8DFB.json
跼,C,not-resolved,,,,,not-resolved,data/chars/8DFC.json
跽,B,resolved,足,足,Bộ Túc,157,record-radical,data/chars/8DFD.json
踅,B,resolved,足,足,Bộ Túc,157,record-radical,data/chars/8E05.json
踆,C,not-resolved,,,,,not-resolved,data/chars/8E06.json
踈,C,not-resolved,,,,,not-resolved,data/chars/8E08.json
踉,B,resolved,足,足,Bộ Túc,157,record-radical,data/chars/8E09.json
踊,A,resolved,足,足,Bộ Túc,157,record-radical,data/chars/8E0A.json
踋,C,not-resolved,,,,,not-resolved,data/chars/8E0B.json
踌,A,resolved,足,足,Bộ Túc,157,record-radical,data/chars/8E0C.json
踏,A,resolved,足,足,Bộ Túc,157,record-radical,data/chars/8E0F.json
踒,C,not-resolved,,,,,not-resolved,data/chars/8E12.json
踔,B,resolved,足,足,Bộ Túc,157,record-radical,data/chars/8E14.json
踖,C,not-resolved,,,,,not-resolved,data/chars/8E16.json
踘,B,resolved,足,足,Bộ Túc,157,record-radical,data/chars/8E18.json
踜,C,not-resolved,,,,,not-resolved,data/chars/8E1C.json
踝,B,resolved,足,足,Bộ Túc,157,record-radical,data/chars/8E1D.json
踞,C,not-resolved,,,,,not-resolved,data/chars/8E1E.json
踟,A,resolved,足,足,Bộ Túc,157,record-radical,data/chars/8E1F.json
踠,C,not-resolved,,,,,not-resolved,data/chars/8E20.json
踡,C,not-resolved,,,,,not-resolved,data/chars/8E21.json
踢,A,resolved,足,足,Bộ Túc,157,record-radical,data/chars/8E22.json
踣,B,resolved,足,足,Bộ Túc,157,record-radical,data/chars/8E23.json
踤,C,not-resolved,,,,,not-resolved,data/chars/8E24.json
踥,B,resolved,足,足,Bộ Túc,157,record-radical,data/chars/8E25.json
踦,C,not-resolved,,,,,not-resolved,data/chars/8E26.json
踧,C,not-resolved,,,,,not-resolved,data/chars/8E27.json
踩,A,resolved,足,足,Bộ Túc,157,record-radical,data/chars/8E29.json
踪,A,resolved,足,足,Bộ Túc,157,record-radical,data/chars/8E2A.json
踬,B,resolved,足,足,Bộ Túc,157,record-radical,data/chars/8E2C.json
踮,B,resolved,足,足,Bộ Túc,157,record-radical,data/chars/8E2E.json
踯,B,resolved,足,足,Bộ Túc,157,record-radical,data/chars/8E2F.json
踱,B,resolved,足,足,Bộ Túc,157,record-radical,data/chars/8E31.json
踵,B,resolved,足,足,Bộ Túc,157,record-radical,data/chars/8E35.json
踶,B,resolved,足,足,Bộ Túc,157,record-radical,data/chars/8E36.json
踹,B,resolved,足,足,Bộ Túc,157,record-radical,data/chars/8E39.json
踺,B,resolved,足,足,Bộ Túc,157,record-radical,data/chars/8E3A.json
踼,C,not-resolved,,,,,not-resolved,data/chars/8E3C.json
踽,B,resolved,足,足,Bộ Túc,157,record-radical,data/chars/8E3D.json
蹀,B,resolved,足,足,Bộ Túc,157,record-radical,data/chars/8E40.json
蹁,B,resolved,足,足,Bộ Túc,157,record-radical,data/chars/8E41.json
蹂,B,resolved,足,足,Bộ Túc,157,record-radical,data/chars/8E42.json
蹄,B,resolved,足,足,Bộ Túc,157,record-radical,data/chars/8E44.json
蹇,B,resolved,足,足,Bộ Túc,157,record-radical,data/chars/8E47.json
蹈,A,resolved,足,足,Bộ Túc,157,record-radical,data/chars/8E48.json
蹉,C,not-resolved,,,,,not-resolved,data/chars/8E49.json
蹊,B,resolved,足,足,Bộ Túc,157,record-radical,data/chars/8E4A.json
蹋,A,resolved,足,足,Bộ Túc,157,record-radical,data/chars/8E4B.json
蹎,C,not-resolved,,,,,not-resolved,data/chars/8E4E.json
蹐,C,not-resolved,,,,,not-resolved,data/chars/8E50.json
蹑,C,not-resolved,,,,,not-resolved,data/chars/8E51.json
蹒,A,resolved,足,足,Bộ Túc,157,record-radical,data/chars/8E52.json
蹓,C,not-resolved,,,,,not-resolved,data/chars/8E53.json
蹙,C,not-resolved,戚,,,,not-resolved,data/chars/8E59.json
蹚,B,resolved,足,足,Bộ Túc,157,record-radical,data/chars/8E5A.json
蹜,C,not-resolved,,,,,not-resolved,data/chars/8E5C.json
蹝,C,not-resolved,,,,,not-resolved,data/chars/8E5D.json
蹠,C,not-resolved,,,,,not-resolved,data/chars/8E60.json
蹡,B,resolved,足,足,Bộ Túc,157,record-radical,data/chars/8E61.json
蹢,C,not-resolved,,,,,not-resolved,data/chars/8E62.json
蹦,A,resolved,足,足,Bộ Túc,157,record-radical,data/chars/8E66.json
蹧,B,resolved,足,足,Bộ Túc,157,record-radical,data/chars/8E67.json
蹩,C,not-resolved,,,,,not-resolved,data/chars/8E69.json
蹪,C,not-resolved,,,,,not-resolved,data/chars/8E6A.json
蹬,B,resolved,足,足,Bộ Túc,157,record-radical,data/chars/8E6C.json
蹭,B,resolved,足,足,Bộ Túc,157,record-radical,data/chars/8E6D.json
蹮,C,not-resolved,,,,,not-resolved,data/chars/8E6E.json
蹯,B,resolved,足,足,Bộ Túc,157,record-radical,data/chars/8E6F.json
蹰,A,resolved,足,足,Bộ Túc,157,record-radical,data/chars/8E70.json
蹲,A,resolved,足,足,Bộ Túc,157,record-radical,data/chars/8E72.json
蹴,C,not-resolved,,,,,not-resolved,data/chars/8E74.json
蹶,B,resolved,足,足,Bộ Túc,157,record-radical,data/chars/8E76.json
蹼,B,resolved,足,足,Bộ Túc,157,record-radical,data/chars/8E7C.json
蹽,C,not-resolved,,,,,not-resolved,data/chars/8E7D.json
蹾,C,not-resolved,,,,,not-resolved,data/chars/8E7E.json
蹿,B,resolved,足,足,Bộ Túc,157,record-radical,data/chars/8E7F.json
躁,A,resolved,足,足,Bộ Túc,157,record-radical,data/chars/8E81.json
躃,C,not-resolved,,,,,not-resolved,data/chars/8E83.json
躄,C,not-resolved,,,,,not-resolved,data/chars/8E84.json
躅,C,not-resolved,蜀,,,,not-resolved,data/chars/8E85.json
躇,A,resolved,足,足,Bộ Túc,157,record-radical,data/chars/8E87.json
躏,B,resolved,足,足,Bộ Túc,157,record-radical,data/chars/8E8F.json
躐,B,resolved,足,足,Bộ Túc,157,record-radical,data/chars/8E90.json
躔,B,resolved,足,足,Bộ Túc,157,record-radical,data/chars/8E94.json
躗,C,not-resolved,,,,,not-resolved,data/chars/8E97.json
躙,C,not-resolved,,,,,not-resolved,data/chars/8E99.json
躛,C,not-resolved,,,,,not-resolved,data/chars/8E9B.json
躜,B,resolved,足,足,Bộ Túc,157,record-radical,data/chars/8E9C.json
躞,B,resolved,足,足,Bộ Túc,157,record-radical,data/chars/8E9E.json
躠,C,not-resolved,,,,,not-resolved,data/chars/8EA0.json
躣,C,not-resolved,,,,,not-resolved,data/chars/8EA3.json
躧,C,not-resolved,,,,,not-resolved,data/chars/8EA7.json
躩,C,not-resolved,,,,,not-resolved,data/chars/8EA9.json
身,A,resolved,身,身,Bộ Thân,158,self-radical,radical_learning_notes.json
躬,C,not-resolved,,,,,not-resolved,data/chars/8EAC.json
躯,B,resolved,身,身,Bộ Thân,158,record-radical,data/chars/8EAF.json
躰,C,not-resolved,,,,,not-resolved,data/chars/8EB0.json
躲,A,resolved,身,身,Bộ Thân,158,record-radical,data/chars/8EB2.json
躹,C,not-resolved,,,,,not-resolved,data/chars/8EB9.json
躺,A,resolved,身,身,Bộ Thân,158,record-radical,data/chars/8EBA.json
軃,C,not-resolved,,,,,not-resolved,data/chars/8EC3.json
軆,C,not-resolved,,,,,not-resolved,data/chars/8EC6.json
軎,C,not-resolved,,,,,not-resolved,data/chars/8ECE.json
軖,C,not-resolved,,,,,not-resolved,data/chars/8ED6.json
軘,C,not-resolved,,,,,not-resolved,data/chars/8ED8.json
軜,C,not-resolved,,,,,not-resolved,data/chars/8EDC.json
軠,C,not-resolved,,,,,not-resolved,data/chars/8EE0.json
軡,C,not-resolved,,,,,not-resolved,data/chars/8EE1.json
転,C,not-resolved,,,,,not-resolved,data/chars/8EE2.json
軥,C,not-resolved,,,,,not-resolved,data/chars/8EE5.json
軨,C,not-resolved,,,,,not-resolved,data/chars/8EE8.json
軭,C,not-resolved,,,,,not-resolved,data/chars/8EED.json
軱,C,not-resolved,,,,,not-resolved,data/chars/8EF1.json
軶,C,not-resolved,,,,,not-resolved,data/chars/8EF6.json
軷,C,not-resolved,,,,,not-resolved,data/chars/8EF7.json
軽,C,not-resolved,,,,,not-resolved,data/chars/8EFD.json
軿,C,not-resolved,,,,,not-resolved,data/chars/8EFF.json
輀,C,not-resolved,,,,,not-resolved,data/chars/8F00.json
輂,B,resolved,車,車,Bộ Xa,159,record-radical,data/chars/8F02.json
輠,C,not-resolved,,,,,not-resolved,data/chars/8F20.json
輣,C,not-resolved,,,,,not-resolved,data/chars/8F23.json
輤,C,not-resolved,,,,,not-resolved,data/chars/8F24.json
輫,C,not-resolved,,,,,not-resolved,data/chars/8F2B.json
輴,C,not-resolved,,,,,not-resolved,data/chars/8F34.json
輵,C,not-resolved,,,,,not-resolved,data/chars/8F35.json
輹,C,not-resolved,,,,,not-resolved,data/chars/8F39.json
輼,C,not-resolved,,,,,not-resolved,data/chars/8F3C.json
轇,C,not-resolved,,,,,not-resolved,data/chars/8F47.json
轏,C,not-resolved,,,,,not-resolved,data/chars/8F4F.json
轑,C,not-resolved,,,,,not-resolved,data/chars/8F51.json
轒,C,not-resolved,,,,,not-resolved,data/chars/8F52.json
轕,C,not-resolved,,,,,not-resolved,data/chars/8F55.json
轖,C,not-resolved,,,,,not-resolved,data/chars/8F56.json
轗,B,resolved,車,車,Bộ Xa,159,record-radical,data/chars/8F57.json
轘,B,resolved,車,車,Bộ Xa,159,record-radical,data/chars/8F58.json
轙,C,not-resolved,,,,,not-resolved,data/chars/8F59.json
轜,C,not-resolved,,,,,not-resolved,data/chars/8F5C.json
轝,C,not-resolved,,,,,not-resolved,data/chars/8F5D.json
轞,C,not-resolved,,,,,not-resolved,data/chars/8F5E.json
车,A,resolved,车,車,Bộ Xa,159,radical-variant,radical_alias_index.json
轧,B,resolved,车,車,Bộ Xa,159,record-radical,data/chars/8F67.json
轨,A,resolved,车,車,Bộ Xa,159,record-radical,data/chars/8F68.json
轩,A,resolved,车,車,Bộ Xa,159,record-radical,data/chars/8F69.json
轫,B,resolved,车,車,Bộ Xa,159,record-radical,data/chars/8F6B.json
转,A,resolved,车,車,Bộ Xa,159,record-radical,data/chars/8F6C.json
轭,B,resolved,车,車,Bộ Xa,159,record-radical,data/chars/8F6D.json
轮,A,resolved,车,車,Bộ Xa,159,record-radical,data/chars/8F6E.json
软,A,resolved,车,車,Bộ Xa,159,record-radical,data/chars/8F6F.json
轰,C,not-resolved,,,,,not-resolved,data/chars/8F70.json
轱,B,resolved,车,車,Bộ Xa,159,record-radical,data/chars/8F71.json
轲,B,resolved,车,車,Bộ Xa,159,record-radical,data/chars/8F72.json
轳,B,resolved,车,車,Bộ Xa,159,record-radical,data/chars/8F73.json
轴,A,resolved,车,車,Bộ Xa,159,record-radical,data/chars/8F74.json
轵,B,resolved,车,車,Bộ Xa,159,record-radical,data/chars/8F75.json
轶,B,resolved,车,車,Bộ Xa,159,record-radical,data/chars/8F76.json
轷,B,resolved,车,車,Bộ Xa,159,record-radical,data/chars/8F77.json
轸,B,resolved,车,車,Bộ Xa,159,record-radical,data/chars/8F78.json
轹,B,resolved,车,車,Bộ Xa,159,record-radical,data/chars/8F79.json
轺,B,resolved,车,車,Bộ Xa,159,record-radical,data/chars/8F7A.json
轻,A,resolved,车,車,Bộ Xa,159,record-radical,data/chars/8F7B.json
轼,B,resolved,车,車,Bộ Xa,159,record-radical,data/chars/8F7C.json
载,A,resolved,车,車,Bộ Xa,159,record-radical,data/chars/8F7D.json
轾,B,resolved,车,車,Bộ Xa,159,record-radical,data/chars/8F7E.json
轿,C,not-resolved,,,,,not-resolved,data/chars/8F7F.json
辀,C,not-resolved,,,,,not-resolved,data/chars/8F80.json
辁,C,not-resolved,,,,,not-resolved,data/chars/8F81.json
辂,B,resolved,车,車,Bộ Xa,159,record-radical,data/chars/8F82.json
较,A,resolved,车,車,Bộ Xa,159,record-radical,data/chars/8F83.json
辄,B,resolved,车,車,Bộ Xa,159,record-radical,data/chars/8F84.json
辅,A,resolved,车,車,Bộ Xa,159,record-radical,data/chars/8F85.json
辆,A,resolved,车,車,Bộ Xa,159,record-radical,data/chars/8F86.json
辇,C,not-resolved,,,,,not-resolved,data/chars/8F87.json
辈,A,resolved,车,車,Bộ Xa,159,record-radical,data/chars/8F88.json
辉,C,not-resolved,光,,,,not-resolved,data/chars/8F89.json
辊,B,resolved,车,車,Bộ Xa,159,record-radical,data/chars/8F8A.json
辋,B,resolved,车,車,Bộ Xa,159,record-radical,data/chars/8F8B.json
辌,B,resolved,车,車,Bộ Xa,159,record-radical,data/chars/8F8C.json
辍,B,resolved,车,車,Bộ Xa,159,record-radical,data/chars/8F8D.json
辎,B,resolved,车,車,Bộ Xa,159,record-radical,data/chars/8F8E.json
辏,B,resolved,车,車,Bộ Xa,159,record-radical,data/chars/8F8F.json
辐,A,resolved,车,車,Bộ Xa,159,record-radical,data/chars/8F90.json
辑,A,resolved,车,車,Bộ Xa,159,record-radical,data/chars/8F91.json
辒,B,resolved,车,車,Bộ Xa,159,record-radical,data/chars/8F92.json
输,A,resolved,车,車,Bộ Xa,159,record-radical,data/chars/8F93.json
辔,C,not-resolved,,,,,not-resolved,data/chars/8F94.json
辕,B,resolved,车,車,Bộ Xa,159,record-radical,data/chars/8F95.json
辖,A,resolved,车,車,Bộ Xa,159,record-radical,data/chars/8F96.json
辗,B,resolved,车,車,Bộ Xa,159,record-radical,data/chars/8F97.json
辘,B,resolved,车,車,Bộ Xa,159,record-radical,data/chars/8F98.json
辙,C,not-resolved,,,,,not-resolved,data/chars/8F99.json
辚,B,resolved,车,車,Bộ Xa,159,record-radical,data/chars/8F9A.json
辛,A,resolved,辛,辛,Bộ Tân,160,self-radical,radical_learning_notes.json
辜,A,resolved,辛,辛,Bộ Tân,160,record-radical,data/chars/8F9C.json
辞,C,not-resolved,,,,,not-resolved,data/chars/8F9E.json
辟,A,resolved,口,口,Bộ Khẩu,30,record-radical,data/chars/8F9F.json
辡,C,not-resolved,,,,,not-resolved,data/chars/8FA1.json
辣,A,resolved,辛,辛,Bộ Tân,160,record-radical,data/chars/8FA3.json
辥,C,not-resolved,,,,,not-resolved,data/chars/8FA5.json
辨,C,not-resolved,,,,,not-resolved,data/chars/8FA8.json
辩,A,resolved,讠,言,Bộ Ngôn,149,record-radical,data/chars/8FA9.json
辫,A,resolved,纟,糸,Bộ Mịch,120,record-radical,data/chars/8FAB.json
辰,A,resolved,辰,辰,"Bộ Thần, Thìn",161,self-radical,radical_learning_notes.json
辱,C,not-resolved,,,,,not-resolved,data/chars/8FB1.json
辵,B,resolved,辵,辵,Bộ Sước,162,self-radical,radical_learning_notes.json
辶,B,resolved,辶,辵,Bộ Sước,162,radical-variant,radical_alias_index.json
边,A,resolved,辶,辵,Bộ Sước,162,record-radical,data/chars/8FB9.json
辺,C,not-resolved,,,,,not-resolved,data/chars/8FBA.json
辻,C,not-resolved,,,,,not-resolved,data/chars/8FBB.json
込,C,not-resolved,,,,,not-resolved,data/chars/8FBC.json
辽,A,resolved,辶,辵,Bộ Sước,162,record-radical,data/chars/8FBD.json
达,A,resolved,辶,辵,Bộ Sước,162,record-radical,data/chars/8FBE.json
辿,C,not-resolved,,,,,not-resolved,data/chars/8FBF.json
迁,A,resolved,辶,辵,Bộ Sước,162,record-radical,data/chars/8FC1.json
迂,B,resolved,辶,辵,Bộ Sước,162,record-radical,data/chars/8FC2.json
迄,A,resolved,辶,辵,Bộ Sước,162,record-radical,data/chars/8FC4.json
迅,C,not-resolved,,,,,not-resolved,data/chars/8FC5.json
迆,C,not-resolved,,,,,not-resolved,data/chars/8FC6.json
过,A,resolved,辶,辵,Bộ Sước,162,record-radical,data/chars/8FC7.json
迈,C,not-resolved,,,,,not-resolved,data/chars/8FC8.json
迋,C,not-resolved,,,,,not-resolved,data/chars/8FCB.json
迍,C,not-resolved,,,,,not-resolved,data/chars/8FCD.json
迎,A,resolved,辶,辵,Bộ Sước,162,record-radical,data/chars/8FCE.json
运,A,resolved,辶,辵,Bộ Sước,162,record-radical,data/chars/8FD0.json
近,A,resolved,辶,辵,Bộ Sước,162,record-radical,data/chars/8FD1.json
迓,B,resolved,辶,辵,Bộ Sước,162,record-radical,data/chars/8FD3.json
返,C,not-resolved,,,,,not-resolved,data/chars/8FD4.json
迕,B,resolved,辶,辵,Bộ Sước,162,record-radical,data/chars/8FD5.json
还,A,resolved,辶,辵,Bộ Sước,162,record-radical,data/chars/8FD8.json
这,A,resolved,辶,辵,Bộ Sước,162,record-radical,data/chars/8FD9.json
进,A,resolved,辶,辵,Bộ Sước,162,record-radical,data/chars/8FDB.json
远,A,resolved,辶,辵,Bộ Sước,162,record-radical,data/chars/8FDC.json
违,A,resolved,辶,辵,Bộ Sước,162,record-radical,data/chars/8FDD.json
连,A,resolved,车,車,Bộ Xa,159,record-radical,data/chars/8FDE.json
迟,A,resolved,辶,辵,Bộ Sước,162,record-radical,data/chars/8FDF.json
迢,B,resolved,辶,辵,Bộ Sước,162,record-radical,data/chars/8FE2.json
迣,C,not-resolved,,,,,not-resolved,data/chars/8FE3.json
迤,B,resolved,辶,辵,Bộ Sước,162,record-radical,data/chars/8FE4.json
迥,C,not-resolved,,,,,not-resolved,data/chars/8FE5.json
迦,B,resolved,辶,辵,Bộ Sước,162,record-radical,data/chars/8FE6.json
迨,B,resolved,辶,辵,Bộ Sước,162,record-radical,data/chars/8FE8.json
迩,B,resolved,辶,辵,Bộ Sước,162,record-radical,data/chars/8FE9.json
迪,A,resolved,辶,辵,Bộ Sước,162,record-radical,data/chars/8FEA.json
迫,A,resolved,辶,辵,Bộ Sước,162,record-radical,data/chars/8FEB.json
迭,A,resolved,辶,辵,Bộ Sước,162,record-radical,data/chars/8FED.json
迮,B,resolved,辶,辵,Bộ Sước,162,record-radical,data/chars/8FEE.json
述,A,resolved,辶,辵,Bộ Sước,162,record-radical,data/chars/8FF0.json
迳,B,resolved,辶,辵,Bộ Sước,162,record-radical,data/chars/8FF3.json
迶,B,resolved,辶,辵,Bộ Sước,162,record-radical,data/chars/8FF6.json
迷,A,resolved,辶,辵,Bộ Sước,162,record-radical,data/chars/8FF7.json
迸,B,resolved,辶,辵,Bộ Sước,162,record-radical,data/chars/8FF8.json
迹,A,resolved,辶,辵,Bộ Sước,162,record-radical,data/chars/8FF9.json
迻,C,not-resolved,,,,,not-resolved,data/chars/8FFB.json
追,A,resolved,辶,辵,Bộ Sước,162,record-radical,data/chars/8FFD.json
迿,C,not-resolved,,,,,not-resolved,data/chars/8FFF.json
退,A,resolved,辶,辵,Bộ Sước,162,record-radical,data/chars/9000.json
送,A,resolved,辶,辵,Bộ Sước,162,record-radical,data/chars/9001.json
适,A,resolved,辶,辵,Bộ Sước,162,record-radical,data/chars/9002.json
逃,A,resolved,辶,辵,Bộ Sước,162,record-radical,data/chars/9003.json
逄,B,resolved,辶,辵,Bộ Sước,162,record-radical,data/chars/9004.json
逅,B,resolved,辶,辵,Bộ Sước,162,record-radical,data/chars/9005.json
逆,C,not-resolved,屰,,,,not-resolved,data/chars/9006.json
选,A,resolved,辶,辵,Bộ Sước,162,record-radical,data/chars/9009.json
逊,A,resolved,辶,辵,Bộ Sước,162,record-radical,data/chars/900A.json
逋,B,resolved,辶,辵,Bộ Sước,162,record-radical,data/chars/900B.json
逌,C,not-resolved,,,,,not-resolved,data/chars/900C.json
逍,B,resolved,辶,辵,Bộ Sước,162,record-radical,data/chars/900D.json
透,A,resolved,辶,辵,Bộ Sước,162,record-radical,data/chars/900F.json
逐,A,resolved,辶,辵,Bộ Sước,162,record-radical,data/chars/9010.json
逑,B,resolved,辶,辵,Bộ Sước,162,record-radical,data/chars/9011.json
递,A,resolved,辶,辵,Bộ Sước,162,record-radical,data/chars/9012.json
逓,C,not-resolved,,,,,not-resolved,data/chars/9013.json
途,A,resolved,辶,辵,Bộ Sước,162,record-radical,data/chars/9014.json
逖,B,resolved,辶,辵,Bộ Sước,162,record-radical,data/chars/9016.json
逗,A,resolved,辶,辵,Bộ Sước,162,record-radical,data/chars/9017.json
通,A,resolved,辶,辵,Bộ Sước,162,record-radical,data/chars/901A.json
逛,A,resolved,辶,辵,Bộ Sước,162,record-radical,data/chars/901B.json
逝,A,resolved,辶,辵,Bộ Sước,162,record-radical,data/chars/901D.json
逞,A,resolved,辶,辵,Bộ Sước,162,record-radical,data/chars/901E.json
速,A,resolved,辶,辵,Bộ Sước,162,record-radical,data/chars/901F.json
造,A,resolved,辶,辵,Bộ Sước,162,record-radical,data/chars/9020.json
逡,A,resolved,辶,辵,Bộ Sước,162,record-radical,data/chars/9021.json
逢,A,resolved,辶,辵,Bộ Sước,162,record-radical,data/chars/9022.json
逦,B,resolved,辶,辵,Bộ Sước,162,record-radical,data/chars/9026.json
逭,B,resolved,辶,辵,Bộ Sước,162,record-radical,data/chars/902D.json
逮,A,resolved,辶,辵,Bộ Sước,162,record-radical,data/chars/902E.json
逯,B,resolved,辶,辵,Bộ Sước,162,record-radical,data/chars/902F.json
逴,C,not-resolved,,,,,not-resolved,data/chars/9034.json
逵,B,resolved,辶,辵,Bộ Sước,162,record-radical,data/chars/9035.json
逶,B,resolved,辶,辵,Bộ Sước,162,record-radical,data/chars/9036.json
逸,C,not-resolved,,,,,not-resolved,data/chars/9038.json
逹,C,not-resolved,,,,,not-resolved,data/chars/9039.json
逺,C,not-resolved,,,,,not-resolved,data/chars/903A.json
逻,A,resolved,辶,辵,Bộ Sước,162,record-radical,data/chars/903B.json
逼,A,resolved,辶,辵,Bộ Sước,162,record-radical,data/chars/903C.json
逾,A,resolved,辶,辵,Bộ Sước,162,record-radical,data/chars/903E.json
逿,C,not-resolved,,,,,not-resolved,data/chars/903F.json
遀,C,not-resolved,,,,,not-resolved,data/chars/9040.json
遁,C,not-resolved,,,,,not-resolved,data/chars/9041.json
遂,A,resolved,辶,辵,Bộ Sước,162,record-radical,data/chars/9042.json
遄,B,resolved,辶,辵,Bộ Sước,162,record-radical,data/chars/9044.json
遅,C,not-resolved,,,,,not-resolved,data/chars/9045.json
遇,A,resolved,辶,辵,Bộ Sước,162,record-radical,data/chars/9047.json
遍,A,resolved,辶,辵,Bộ Sước,162,record-radical,data/chars/904D.json
遏,A,resolved,辶,辵,Bộ Sước,162,record-radical,data/chars/904F.json
遐,A,resolved,辶,辵,Bộ Sước,162,record-radical,data/chars/9050.json
遑,B,resolved,辶,辵,Bộ Sước,162,record-radical,data/chars/9051.json
遒,B,resolved,辶,辵,Bộ Sước,162,record-radical,data/chars/9052.json
道,A,resolved,辶,辵,Bộ Sước,162,record-radical,data/chars/9053.json
遗,A,resolved,辶,辵,Bộ Sước,162,record-radical,data/chars/9057.json
遘,B,resolved,辶,辵,Bộ Sước,162,record-radical,data/chars/9058.json
遛,B,resolved,辶,辵,Bộ Sước,162,record-radical,data/chars/905B.json
遝,C,not-resolved,,,,,not-resolved,data/chars/905D.json
遟,C,not-resolved,,,,,not-resolved,data/chars/905F.json
遢,B,resolved,辶,辵,Bộ Sước,162,record-radical,data/chars/9062.json
遣,A,resolved,辶,辵,Bộ Sước,162,record-radical,data/chars/9063.json
遥,A,resolved,辶,辵,Bộ Sước,162,record-radical,data/chars/9065.json
遨,C,not-resolved,,,,,not-resolved,data/chars/9068.json
遫,C,not-resolved,,,,,not-resolved,data/chars/906B.json
遭,A,resolved,辶,辵,Bộ Sước,162,record-radical,data/chars/906D.json
遮,A,resolved,辶,辵,Bộ Sước,162,record-radical,data/chars/906E.json
遰,C,not-resolved,,,,,not-resolved,data/chars/9070.json
遴,B,resolved,辶,辵,Bộ Sước,162,record-radical,data/chars/9074.json
遵,C,not-resolved,,,,,not-resolved,data/chars/9075.json
遹,C,not-resolved,,,,,not-resolved,data/chars/9079.json
遻,C,not-resolved,,,,,not-resolved,data/chars/907B.json
遽,B,resolved,辶,辵,Bộ Sước,162,record-radical,data/chars/907D.json
避,A,resolved,辶,辵,Bộ Sước,162,record-radical,data/chars/907F.json
邀,A,resolved,辶,辵,Bộ Sước,162,record-radical,data/chars/9080.json
邂,B,resolved,辶,辵,Bộ Sước,162,record-radical,data/chars/9082.json
邃,A,resolved,穴,穴,Bộ Huyệt,116,record-radical,data/chars/9083.json
邅,C,not-resolved,,,,,not-resolved,data/chars/9085.json
邆,C,not-resolved,,,,,not-resolved,data/chars/9086.json
邈,B,resolved,辶,辵,Bộ Sước,162,record-radical,data/chars/9088.json
邉,C,not-resolved,,,,,not-resolved,data/chars/9089.json
邋,B,resolved,辶,辵,Bộ Sước,162,record-radical,data/chars/908B.json
邎,C,not-resolved,,,,,not-resolved,data/chars/908E.json
邑,B,resolved,邑,邑,Bộ Ấp,163,self-radical,radical_learning_notes.json
邓,C,not-resolved,阝,,,,not-resolved,data/chars/9093.json
邕,C,not-resolved,,,,,not-resolved,data/chars/9095.json
邗,C,not-resolved,阝,,,,not-resolved,data/chars/9097.json
邘,C,not-resolved,阝,,,,not-resolved,data/chars/9098.json
邙,C,not-resolved,阝,,,,not-resolved,data/chars/9099.json
邛,C,not-resolved,阝,,,,not-resolved,data/chars/909B.json
邝,C,not-resolved,阝,,,,not-resolved,data/chars/909D.json
邠,C,not-resolved,阝,,,,not-resolved,data/chars/90A0.json
邡,C,not-resolved,阝,,,,not-resolved,data/chars/90A1.json
邢,C,not-resolved,阝,,,,not-resolved,data/chars/90A2.json
那,C,not-resolved,⻏,,,,not-resolved,data/chars/90A3.json
邦,C,not-resolved,⻏,,,,not-resolved,data/chars/90A6.json
邧,C,not-resolved,,,,,not-resolved,data/chars/90A7.json
邨,C,not-resolved,,,,,not-resolved,data/chars/90A8.json
邪,C,not-resolved,,,,,not-resolved,data/chars/90AA.json
邬,C,not-resolved,阝,,,,not-resolved,data/chars/90AC.json
邮,C,not-resolved,阝,,,,not-resolved,data/chars/90AE.json
邯,C,not-resolved,阝,,,,not-resolved,data/chars/90AF.json
邰,C,not-resolved,阝,,,,not-resolved,data/chars/90B0.json
邱,C,not-resolved,,,,,not-resolved,data/chars/90B1.json
邲,C,not-resolved,,,,,not-resolved,data/chars/90B2.json
邳,C,not-resolved,阝,,,,not-resolved,data/chars/90B3.json
邴,C,not-resolved,阝,,,,not-resolved,data/chars/90B4.json
邵,C,not-resolved,阝,,,,not-resolved,data/chars/90B5.json
邶,C,not-resolved,阝,,,,not-resolved,data/chars/90B6.json
邷,C,not-resolved,,,,,not-resolved,data/chars/90B7.json
邸,C,not-resolved,阝,,,,not-resolved,data/chars/90B8.json
邹,C,not-resolved,阝,,,,not-resolved,data/chars/90B9.json
邺,C,not-resolved,阝,,,,not-resolved,data/chars/90BA.json
邻,C,not-resolved,阝,,,,not-resolved,data/chars/90BB.json
邽,C,not-resolved,,,,,not-resolved,data/chars/90BD.json
邾,C,not-resolved,阝,,,,not-resolved,data/chars/90BE.json
邿,C,not-resolved,,,,,not-resolved,data/chars/90BF.json
郁,C,not-resolved,阝,,,,not-resolved,data/chars/90C1.json
郃,C,not-resolved,,,,,not-resolved,data/chars/90C3.json
郄,C,not-resolved,,,,,not-resolved,data/chars/90C4.json
郅,C,not-resolved,阝,,,,not-resolved,data/chars/90C5.json
郇,C,not-resolved,阝,,,,not-resolved,data/chars/90C7.json
郈,C,not-resolved,,,,,not-resolved,data/chars/90C8.json
郊,C,not-resolved,阝,,,,not-resolved,data/chars/90CA.json
郎,C,not-resolved,⻏,,,,not-resolved,data/chars/90CE.json
郏,C,not-resolved,阝,,,,not-resolved,data/chars/90CF.json
郐,C,not-resolved,阝,,,,not-resolved,data/chars/90D0.json
郑,C,not-resolved,⻏,,,,not-resolved,data/chars/90D1.json
郓,C,not-resolved,阝,,,,not-resolved,data/chars/90D3.json
郔,C,not-resolved,,,,,not-resolved,data/chars/90D4.json
郕,C,not-resolved,,,,,not-resolved,data/chars/90D5.json
郗,C,not-resolved,阝,,,,not-resolved,data/chars/90D7.json
郙,C,not-resolved,,,,,not-resolved,data/chars/90D9.json
郚,C,not-resolved,,,,,not-resolved,data/chars/90DA.json
郛,C,not-resolved,阝,,,,not-resolved,data/chars/90DB.json
郜,C,not-resolved,阝,,,,not-resolved,data/chars/90DC.json
郝,C,not-resolved,阝,,,,not-resolved,data/chars/90DD.json
郞,C,not-resolved,,,,,not-resolved,data/chars/90DE.json
郠,C,not-resolved,,,,,not-resolved,data/chars/90E0.json
郡,C,not-resolved,阝,,,,not-resolved,data/chars/90E1.json
郢,C,not-resolved,阝,,,,not-resolved,data/chars/90E2.json
郤,B,resolved,谷,谷,Bộ Cốc,150,record-radical,data/chars/90E4.json
郦,C,not-resolved,阝,,,,not-resolved,data/chars/90E6.json
郧,C,not-resolved,阝,,,,not-resolved,data/chars/90E7.json
部,C,not-resolved,⻏,,,,not-resolved,data/chars/90E8.json
郪,C,not-resolved,,,,,not-resolved,data/chars/90EA.json
郫,C,not-resolved,阝,,,,not-resolved,data/chars/90EB.json
郭,C,not-resolved,,,,,not-resolved,data/chars/90ED.json
郯,C,not-resolved,阝,,,,not-resolved,data/chars/90EF.json
郰,C,not-resolved,,,,,not-resolved,data/chars/90F0.json
郲,C,not-resolved,,,,,not-resolved,data/chars/90F2.json
郳,C,not-resolved,,,,,not-resolved,data/chars/90F3.json
郴,C,not-resolved,阝,,,,not-resolved,data/chars/90F4.json
郷,C,not-resolved,,,,,not-resolved,data/chars/90F7.json
郸,C,not-resolved,阝,,,,not-resolved,data/chars/90F8.json
郹,C,not-resolved,,,,,not-resolved,data/chars/90F9.json
都,C,not-resolved,⻏,,,,not-resolved,data/chars/90FD.json
郾,C,not-resolved,阝,,,,not-resolved,data/chars/90FE.json
郿,C,not-resolved,,,,,not-resolved,data/chars/90FF.json
鄀,C,not-resolved,,,,,not-resolved,data/chars/9100.json
鄂,C,not-resolved,阝,,,,not-resolved,data/chars/9102.json
鄄,C,not-resolved,阝,,,,not-resolved,data/chars/9104.json
鄇,C,not-resolved,,,,,not-resolved,data/chars/9107.json
鄈,C,not-resolved,,,,,not-resolved,data/chars/9108.json
鄋,C,not-resolved,阝,,,,not-resolved,data/chars/910B.json
鄍,C,not-resolved,,,,,not-resolved,data/chars/910D.json
鄎,C,not-resolved,,,,,not-resolved,data/chars/910E.json
鄏,C,not-resolved,,,,,not-resolved,data/chars/910F.json
鄐,C,not-resolved,,,,,not-resolved,data/chars/9110.json
鄑,C,not-resolved,,,,,not-resolved,data/chars/9111.json
鄕,C,not-resolved,,,,,not-resolved,data/chars/9115.json
鄗,C,not-resolved,,,,,not-resolved,data/chars/9117.json
鄘,C,not-resolved,,,,,not-resolved,data/chars/9118.json
鄙,C,not-resolved,阝,,,,not-resolved,data/chars/9119.json
鄚,C,not-resolved,,,,,not-resolved,data/chars/911A.json
鄜,C,not-resolved,,,,,not-resolved,data/chars/911C.json
鄞,C,not-resolved,阝,,,,not-resolved,data/chars/911E.json
鄠,C,not-resolved,,,,,not-resolved,data/chars/9120.json
鄢,C,not-resolved,阝,,,,not-resolved,data/chars/9122.json
鄣,C,not-resolved,阝,,,,not-resolved,data/chars/9123.json
鄤,C,not-resolved,,,,,not-resolved,data/chars/9124.json
鄦,C,not-resolved,阝,,,,not-resolved,data/chars/9126.json
鄫,C,not-resolved,,,,,not-resolved,data/chars/912B.json
鄬,C,not-resolved,,,,,not-resolved,data/chars/912C.json
鄮,C,not-resolved,,,,,not-resolved,data/chars/912E.json
鄯,C,not-resolved,阝,,,,not-resolved,data/chars/912F.json
鄱,C,not-resolved,阝,,,,not-resolved,data/chars/9131.json
鄵,C,not-resolved,,,,,not-resolved,data/chars/9135.json
鄷,C,not-resolved,,,,,not-resolved,data/chars/9137.json
鄹,C,not-resolved,阝,,,,not-resolved,data/chars/9139.json
鄻,C,not-resolved,,,,,not-resolved,data/chars/913B.json
鄾,C,not-resolved,,,,,not-resolved,data/chars/913E.json
鄿,C,not-resolved,,,,,not-resolved,data/chars/913F.json
酂,C,not-resolved,,,,,not-resolved,data/chars/9142.json
酃,C,not-resolved,阝,,,,not-resolved,data/chars/9143.json
酅,C,not-resolved,,,,,not-resolved,data/chars/9145.json
酆,C,not-resolved,阝,,,,not-resolved,data/chars/9146.json
酉,B,resolved,酉,酉,Bộ Dậu,164,self-radical,radical_learning_notes.json
酊,B,resolved,酉,酉,Bộ Dậu,164,record-radical,data/chars/914A.json
酋,C,not-resolved,◎,,,,not-resolved,data/chars/914B.json
酌,A,resolved,酉,酉,Bộ Dậu,164,record-radical,data/chars/914C.json
配,A,resolved,酉,酉,Bộ Dậu,164,record-radical,data/chars/914D.json
酎,B,resolved,酉,酉,Bộ Dậu,164,record-radical,data/chars/914E.json
酏,B,resolved,酉,酉,Bộ Dậu,164,record-radical,data/chars/914F.json
酐,B,resolved,酉,酉,Bộ Dậu,164,record-radical,data/chars/9150.json
酒,A,resolved,氵,水,Bộ Thủy,85,record-radical,data/chars/9152.json
酔,C,not-resolved,,,,,not-resolved,data/chars/9154.json
酕,B,resolved,酉,酉,Bộ Dậu,164,record-radical,data/chars/9155.json
酖,C,not-resolved,,,,,not-resolved,data/chars/9156.json
酗,C,not-resolved,,,,,not-resolved,data/chars/9157.json
酚,B,resolved,酉,酉,Bộ Dậu,164,record-radical,data/chars/915A.json
酝,A,resolved,酉,酉,Bộ Dậu,164,record-radical,data/chars/915D.json
酞,B,resolved,酉,酉,Bộ Dậu,164,record-radical,data/chars/915E.json
酡,B,resolved,酉,酉,Bộ Dậu,164,record-radical,data/chars/9161.json
酢,B,resolved,酉,酉,Bộ Dậu,164,record-radical,data/chars/9162.json
酣,A,resolved,酉,酉,Bộ Dậu,164,record-radical,data/chars/9163.json
酤,B,resolved,酉,酉,Bộ Dậu,164,record-radical,data/chars/9164.json
酥,A,resolved,禾,禾,Bộ Hòa,115,record-radical,data/chars/9165.json
酦,B,resolved,酉,酉,Bộ Dậu,164,record-radical,data/chars/9166.json
酩,B,resolved,酉,酉,Bộ Dậu,164,record-radical,data/chars/9169.json
酪,B,resolved,酉,酉,Bộ Dậu,164,record-radical,data/chars/916A.json
酬,A,resolved,酉,酉,Bộ Dậu,164,record-radical,data/chars/916C.json
酮,B,resolved,酉,酉,Bộ Dậu,164,record-radical,data/chars/916E.json
酯,B,resolved,酉,酉,Bộ Dậu,164,record-radical,data/chars/916F.json
酰,B,resolved,酉,酉,Bộ Dậu,164,record-radical,data/chars/9170.json
酱,A,resolved,酉,酉,Bộ Dậu,164,record-radical,data/chars/9171.json
酲,B,resolved,酉,酉,Bộ Dậu,164,record-radical,data/chars/9172.json
酴,B,resolved,酉,酉,Bộ Dậu,164,record-radical,data/chars/9174.json
酵,A,resolved,酉,酉,Bộ Dậu,164,record-radical,data/chars/9175.json
酶,A,resolved,酉,酉,Bộ Dậu,164,record-radical,data/chars/9176.json
酷,A,resolved,酉,酉,Bộ Dậu,164,record-radical,data/chars/9177.json
酸,C,not-resolved,,,,,not-resolved,data/chars/9178.json
酹,C,not-resolved,,,,,not-resolved,data/chars/9179.json
酺,C,not-resolved,,,,,not-resolved,data/chars/917A.json
酽,C,not-resolved,,,,,not-resolved,data/chars/917D.json
酾,B,resolved,酉,酉,Bộ Dậu,164,record-radical,data/chars/917E.json
酿,A,resolved,酉,酉,Bộ Dậu,164,record-radical,data/chars/917F.json
醁,C,not-resolved,,,,,not-resolved,data/chars/9181.json
醄,B,resolved,酉,酉,Bộ Dậu,164,record-radical,data/chars/9184.json
醅,B,resolved,酉,酉,Bộ Dậu,164,record-radical,data/chars/9185.json
醆,C,not-resolved,,,,,not-resolved,data/chars/9186.json
醇,C,not-resolved,,,,,not-resolved,data/chars/9187.json
醉,A,resolved,酉,酉,Bộ Dậu,164,record-radical,data/chars/9189.json
醊,C,not-resolved,,,,,not-resolved,data/chars/918A.json
醋,C,not-resolved,,,,,not-resolved,data/chars/918B.json
醌,B,resolved,酉,酉,Bộ Dậu,164,record-radical,data/chars/918C.json
醍,B,resolved,酉,酉,Bộ Dậu,164,record-radical,data/chars/918D.json
醐,B,resolved,酉,酉,Bộ Dậu,164,record-radical,data/chars/9190.json
醑,B,resolved,酉,酉,Bộ Dậu,164,record-radical,data/chars/9191.json
醒,A,resolved,酉,酉,Bộ Dậu,164,record-radical,data/chars/9192.json
醓,C,not-resolved,,,,,not-resolved,data/chars/9193.json
醖,C,not-resolved,,,,,not-resolved,data/chars/9196.json
醚,B,resolved,酉,酉,Bộ Dậu,164,record-radical,data/chars/919A.json
醛,B,resolved,酉,酉,Bộ Dậu,164,record-radical,data/chars/919B.json
醝,C,not-resolved,,,,,not-resolved,data/chars/919D.json
醟,C,not-resolved,,,,,not-resolved,data/chars/919F.json
醡,C,not-resolved,,,,,not-resolved,data/chars/91A1.json
醢,C,not-resolved,,,,,not-resolved,data/chars/91A2.json
醣,B,resolved,酉,酉,Bộ Dậu,164,record-radical,data/chars/91A3.json
醤,C,not-resolved,,,,,not-resolved,data/chars/91A4.json
醨,C,not-resolved,,,,,not-resolved,data/chars/91A8.json
醪,B,resolved,酉,酉,Bộ Dậu,164,record-radical,data/chars/91AA.json
醭,B,resolved,酉,酉,Bộ Dậu,164,record-radical,data/chars/91AD.json
醮,B,resolved,酉,酉,Bộ Dậu,164,record-radical,data/chars/91AE.json
醯,B,resolved,酉,酉,Bộ Dậu,164,record-radical,data/chars/91AF.json
醰,C,not-resolved,,,,,not-resolved,data/chars/91B0.json
醳,C,not-resolved,,,,,not-resolved,data/chars/91B3.json
醴,B,resolved,酉,酉,Bộ Dậu,164,record-radical,data/chars/91B4.json
醵,B,resolved,酉,酉,Bộ Dậu,164,record-radical,data/chars/91B5.json
醸,C,not-resolved,,,,,not-resolved,data/chars/91B8.json
醹,C,not-resolved,,,,,not-resolved,data/chars/91B9.json
醺,B,resolved,酉,酉,Bộ Dậu,164,record-radical,data/chars/91BA.json
醽,C,not-resolved,,,,,not-resolved,data/chars/91BD.json
醾,C,not-resolved,,,,,not-resolved,data/chars/91BE.json
釂,C,not-resolved,,,,,not-resolved,data/chars/91C2.json
釆,B,resolved,釆,釆,Bộ Biện,165,self-radical,radical_learning_notes.json
采,A,resolved,爪,爪,Bộ Trảo,87,record-radical,data/chars/91C7.json
釈,C,not-resolved,,,,,not-resolved,data/chars/91C8.json
釉,B,resolved,釆,釆,Bộ Biện,165,record-radical,data/chars/91C9.json
释,A,resolved,釆,釆,Bộ Biện,165,record-radical,data/chars/91CA.json
里,A,resolved,里,里,Bộ Lí,166,self-radical,radical_learning_notes.json
重,A,resolved,亻,人,Bộ Nhân,9,record-radical,data/chars/91CD.json
野,A,resolved,田,田,Bộ Điền,102,record-radical,data/chars/91CE.json
量,A,resolved,里,里,Bộ Lí,166,record-radical,data/chars/91CF.json
金,A,resolved,金,金,Bộ Kim,167,self-radical,radical_learning_notes.json
釒,C,not-resolved,,,,,not-resolved,data/chars/91D2.json
釜,B,resolved,金,金,Bộ Kim,167,record-radical,data/chars/91DC.json
釡,C,not-resolved,,,,,not-resolved,data/chars/91E1.json
釢,C,not-resolved,,,,,not-resolved,data/chars/91E2.json
釪,C,not-resolved,,,,,not-resolved,data/chars/91EA.json
釭,C,not-resolved,,,,,not-resolved,data/chars/91ED.json
釱,C,not-resolved,,,,,not-resolved,data/chars/91F1.json
釸,C,not-resolved,,,,,not-resolved,data/chars/91F8.json
鈆,C,not-resolved,釒,,,,not-resolved,data/chars/9206.json
鈌,C,not-resolved,,,,,not-resolved,data/chars/920C.json
鈤,C,not-resolved,,,,,not-resolved,data/chars/9224.json
鈬,C,not-resolved,釒,,,,not-resolved,data/chars/922C.json
鉄,C,not-resolved,釒,,,,not-resolved,data/chars/9244.json
鉆,C,not-resolved,,,,,not-resolved,data/chars/9246.json
鉌,C,not-resolved,,,,,not-resolved,data/chars/924C.json
鉏,C,not-resolved,,,,,not-resolved,data/chars/924F.json
鉠,C,not-resolved,,,,,not-resolved,data/chars/9260.json
鉨,C,not-resolved,,,,,not-resolved,data/chars/9268.json
鉱,C,not-resolved,,,,,not-resolved,data/chars/9271.json
鉲,C,not-resolved,,,,,not-resolved,data/chars/9272.json
鉳,C,not-resolved,,,,,not-resolved,data/chars/9273.json
鉴,A,resolved,金,金,Bộ Kim,167,record-radical,data/chars/9274.json
鉼,C,not-resolved,,,,,not-resolved,data/chars/927C.json
鉾,C,not-resolved,釒,,,,not-resolved,data/chars/927E.json
銎,B,resolved,金,金,Bộ Kim,167,record-radical,data/chars/928E.json
銕,C,not-resolved,,,,,not-resolved,data/chars/9295.json
銞,C,not-resolved,,,,,not-resolved,data/chars/929E.json
銤,C,not-resolved,,,,,not-resolved,data/chars/92A4.json
銧,C,not-resolved,,,,,not-resolved,data/chars/92A7.json
銭,C,not-resolved,,,,,not-resolved,data/chars/92AD.json
銮,C,not-resolved,,,,,not-resolved,data/chars/92AE.json
銰,C,not-resolved,,,,,not-resolved,data/chars/92B0.json
銵,C,not-resolved,,,,,not-resolved,data/chars/92B5.json
鋂,C,not-resolved,,,,,not-resolved,data/chars/92C2.json
鋆,C,not-resolved,,,,,not-resolved,data/chars/92C6.json
鋈,B,resolved,金,金,Bộ Kim,167,record-radical,data/chars/92C8.json
鋊,C,not-resolved,,,,,not-resolved,data/chars/92CA.json
鋍,C,not-resolved,,,,,not-resolved,data/chars/92CD.json
鋑,C,not-resolved,,,,,not-resolved,data/chars/92D1.json
鋕,C,not-resolved,,,,,not-resolved,data/chars/92D5.json
鋘,C,not-resolved,,,,,not-resolved,data/chars/92D8.json
鋡,C,not-resolved,,,,,not-resolved,data/chars/92E1.json
鋭,C,not-resolved,,,,,not-resolved,data/chars/92ED.json
鋳,C,not-resolved,,,,,not-resolved,data/chars/92F3.json
鋺,C,not-resolved,,,,,not-resolved,data/chars/92FA.json
錍,C,not-resolved,,,,,not-resolved,data/chars/930D.json
錔,C,not-resolved,,,,,not-resolved,data/chars/9314.json
錬,C,not-resolved,,,,,not-resolved,data/chars/932C.json
録,C,not-resolved,,,,,not-resolved,data/chars/9332.json
錴,C,not-resolved,,,,,not-resolved,data/chars/9334.json
錵,C,not-resolved,,,,,not-resolved,data/chars/9335.json
錼,C,not-resolved,,,,,not-resolved,data/chars/933C.json
錾,C,not-resolved,,,,,not-resolved,data/chars/933E.json
鍅,C,not-resolved,,,,,not-resolved,data/chars/9345.json
鍉,C,not-resolved,,,,,not-resolved,data/chars/9349.json
鍏,C,not-resolved,,,,,not-resolved,data/chars/934F.json
鍐,C,not-resolved,,,,,not-resolved,data/chars/9350.json
鍪,B,resolved,金,金,Bộ Kim,167,record-radical,data/chars/936A.json
鍱,C,not-resolved,,,,,not-resolved,data/chars/9371.json
鍴,C,not-resolved,,,,,not-resolved,data/chars/9374.json
鍹,C,not-resolved,,,,,not-resolved,data/chars/9379.json
鎉,C,not-resolved,,,,,not-resolved,data/chars/9389.json
鎋,C,not-resolved,,,,,not-resolved,data/chars/938B.json
鎍,C,not-resolved,,,,,not-resolved,data/chars/938D.json
鎏,B,resolved,金,金,Bộ Kim,167,record-radical,data/chars/938F.json
鎒,C,not-resolved,,,,,not-resolved,data/chars/9392.json
鎞,C,not-resolved,,,,,not-resolved,data/chars/939E.json
鎤,C,not-resolved,,,,,not-resolved,data/chars/93A4.json
鎭,C,not-resolved,,,,,not-resolved,data/chars/93AD.json
鎴,C,not-resolved,,,,,not-resolved,data/chars/93B4.json
鎸,C,not-resolved,,,,,not-resolved,data/chars/93B8.json
鎹,C,not-resolved,,,,,not-resolved,data/chars/93B9.json
鏁,C,not-resolved,,,,,not-resolved,data/chars/93C1.json
鏊,B,resolved,金,金,Bộ Kim,167,record-radical,data/chars/93CA.json
鏖,B,resolved,金,金,Bộ Kim,167,record-radical,data/chars/93D6.json
鏚,C,not-resolved,,,,,not-resolved,data/chars/93DA.json
鏠,C,not-resolved,,,,,not-resolved,data/chars/93E0.json
鏦,C,not-resolved,,,,,not-resolved,data/chars/93E6.json
鏸,C,not-resolved,,,,,not-resolved,data/chars/93F8.json
鏽,C,not-resolved,釒,,,,not-resolved,data/chars/93FD.json
鏾,C,not-resolved,,,,,not-resolved,data/chars/93FE.json
鐗,C,not-resolved,,,,,not-resolved,data/chars/9417.json
鐡,C,not-resolved,,,,,not-resolved,data/chars/9421.json
鐬,C,not-resolved,,,,,not-resolved,data/chars/942C.json
鐱,C,not-resolved,,,,,not-resolved,data/chars/9431.json
鐻,C,not-resolved,,,,,not-resolved,data/chars/943B.json
鐾,B,resolved,金,金,Bộ Kim,167,record-radical,data/chars/943E.json
鑀,C,not-resolved,,,,,not-resolved,data/chars/9440.json
鑅,C,not-resolved,,,,,not-resolved,data/chars/9445.json
鑐,C,not-resolved,,,,,not-resolved,data/chars/9450.json
鑢,C,not-resolved,釒,,,,not-resolved,data/chars/9462.json
鑫,C,not-resolved,,,,,not-resolved,data/chars/946B.json
鑯,C,not-resolved,,,,,not-resolved,data/chars/946F.json
鑳,C,not-resolved,,,,,not-resolved,data/chars/9473.json
鑴,C,not-resolved,,,,,not-resolved,data/chars/9474.json
鑶,C,not-resolved,,,,,not-resolved,data/chars/9476.json
钃,C,not-resolved,,,,,not-resolved,data/chars/9483.json
钅,B,resolved,钅,金,Bộ Kim,167,radical-variant,radical_alias_index.json
钆,B,resolved,钅,金,Bộ Kim,167,record-radical,data/chars/9486.json
钇,B,resolved,钅,金,Bộ Kim,167,record-radical,data/chars/9487.json
针,A,resolved,钅,金,Bộ Kim,167,record-radical,data/chars/9488.json
钉,A,resolved,金,金,Bộ Kim,167,record-radical,data/chars/9489.json
钊,C,not-resolved,,,,,not-resolved,data/chars/948A.json
钋,B,resolved,钅,金,Bộ Kim,167,record-radical,data/chars/948B.json
钌,B,resolved,钅,金,Bộ Kim,167,record-radical,data/chars/948C.json
钍,B,resolved,钅,金,Bộ Kim,167,record-radical,data/chars/948D.json
钎,C,not-resolved,,,,,not-resolved,data/chars/948E.json
钏,B,resolved,钅,金,Bộ Kim,167,record-radical,data/chars/948F.json
钐,B,resolved,钅,金,Bộ Kim,167,record-radical,data/chars/9490.json
钑,C,not-resolved,,,,,not-resolved,data/chars/9491.json
钒,B,resolved,钅,金,Bộ Kim,167,record-radical,data/chars/9492.json
钓,C,not-resolved,,,,,not-resolved,data/chars/9493.json
钔,B,resolved,钅,金,Bộ Kim,167,record-radical,data/chars/9494.json
钕,B,resolved,钅,金,Bộ Kim,167,record-radical,data/chars/9495.json
钖,C,not-resolved,,,,,not-resolved,data/chars/9496.json
钗,C,not-resolved,,,,,not-resolved,data/chars/9497.json
钘,C,not-resolved,,,,,not-resolved,data/chars/9498.json
钙,B,resolved,钅,金,Bộ Kim,167,record-radical,data/chars/9499.json
钚,B,resolved,钅,金,Bộ Kim,167,record-radical,data/chars/949A.json
钛,B,resolved,钅,金,Bộ Kim,167,record-radical,data/chars/949B.json
钜,B,resolved,钅,金,Bộ Kim,167,record-radical,data/chars/949C.json
钝,A,resolved,钅,金,Bộ Kim,167,record-radical,data/chars/949D.json
钞,A,resolved,钅,金,Bộ Kim,167,record-radical,data/chars/949E.json
钟,A,resolved,钅,金,Bộ Kim,167,record-radical,data/chars/949F.json
钠,A,resolved,钅,金,Bộ Kim,167,record-radical,data/chars/94A0.json
钡,B,resolved,钅,金,Bộ Kim,167,record-radical,data/chars/94A1.json
钢,A,resolved,钅,金,Bộ Kim,167,record-radical,data/chars/94A2.json
钣,B,resolved,钅,金,Bộ Kim,167,record-radical,data/chars/94A3.json
钤,B,resolved,钅,金,Bộ Kim,167,record-radical,data/chars/94A4.json
钥,A,resolved,钅,金,Bộ Kim,167,record-radical,data/chars/94A5.json
钦,A,resolved,钅,金,Bộ Kim,167,record-radical,data/chars/94A6.json
钧,A,resolved,钅,金,Bộ Kim,167,record-radical,data/chars/94A7.json
钨,B,resolved,钅,金,Bộ Kim,167,record-radical,data/chars/94A8.json
钩,C,not-resolved,,,,,not-resolved,data/chars/94A9.json
钪,B,resolved,钅,金,Bộ Kim,167,record-radical,data/chars/94AA.json
钫,B,resolved,钅,金,Bộ Kim,167,record-radical,data/chars/94AB.json
钬,B,resolved,钅,金,Bộ Kim,167,record-radical,data/chars/94AC.json
钭,C,not-resolved,,,,,not-resolved,data/chars/94AD.json
钮,A,resolved,钅,金,Bộ Kim,167,record-radical,data/chars/94AE.json
钯,B,resolved,钅,金,Bộ Kim,167,record-radical,data/chars/94AF.json
钰,C,not-resolved,,,,,not-resolved,data/chars/94B0.json
钱,A,resolved,金,金,Bộ Kim,167,record-radical,data/chars/94B1.json
钲,B,resolved,钅,金,Bộ Kim,167,record-radical,data/chars/94B2.json
钳,A,resolved,钅,金,Bộ Kim,167,record-radical,data/chars/94B3.json
钴,B,resolved,钅,金,Bộ Kim,167,record-radical,data/chars/94B4.json
钵,A,resolved,钅,金,Bộ Kim,167,record-radical,data/chars/94B5.json
钶,B,resolved,钅,金,Bộ Kim,167,record-radical,data/chars/94B6.json
钷,B,resolved,钅,金,Bộ Kim,167,record-radical,data/chars/94B7.json
钸,B,resolved,钅,金,Bộ Kim,167,record-radical,data/chars/94B8.json
钹,B,resolved,钅,金,Bộ Kim,167,record-radical,data/chars/94B9.json
钺,B,resolved,钅,金,Bộ Kim,167,record-radical,data/chars/94BA.json
钻,A,resolved,钅,金,Bộ Kim,167,record-radical,data/chars/94BB.json
钼,B,resolved,钅,金,Bộ Kim,167,record-radical,data/chars/94BC.json
钽,B,resolved,钅,金,Bộ Kim,167,record-radical,data/chars/94BD.json
钾,A,resolved,钅,金,Bộ Kim,167,record-radical,data/chars/94BE.json
钿,B,resolved,钅,金,Bộ Kim,167,record-radical,data/chars/94BF.json
铀,B,resolved,钅,金,Bộ Kim,167,record-radical,data/chars/94C0.json
铁,A,resolved,钅,金,Bộ Kim,167,record-radical,data/chars/94C1.json
铂,B,resolved,钅,金,Bộ Kim,167,record-radical,data/chars/94C2.json
铃,A,resolved,钅,金,Bộ Kim,167,record-radical,data/chars/94C3.json
铄,B,resolved,钅,金,Bộ Kim,167,record-radical,data/chars/94C4.json
铅,A,resolved,钅,金,Bộ Kim,167,record-radical,data/chars/94C5.json
铆,B,resolved,钅,金,Bộ Kim,167,record-radical,data/chars/94C6.json
铇,C,not-resolved,,,,,not-resolved,data/chars/94C7.json
铈,B,resolved,钅,金,Bộ Kim,167,record-radical,data/chars/94C8.json
铉,B,resolved,钅,金,Bộ Kim,167,record-radical,data/chars/94C9.json
铊,B,resolved,钅,金,Bộ Kim,167,record-radical,data/chars/94CA.json
铋,B,resolved,钅,金,Bộ Kim,167,record-radical,data/chars/94CB.json
铌,B,resolved,钅,金,Bộ Kim,167,record-radical,data/chars/94CC.json
铍,B,resolved,钅,金,Bộ Kim,167,record-radical,data/chars/94CD.json
铎,B,resolved,钅,金,Bộ Kim,167,record-radical,data/chars/94CE.json
铏,C,not-resolved,,,,,not-resolved,data/chars/94CF.json
铐,B,resolved,钅,金,Bộ Kim,167,record-radical,data/chars/94D0.json
铑,B,resolved,钅,金,Bộ Kim,167,record-radical,data/chars/94D1.json
铒,B,resolved,钅,金,Bộ Kim,167,record-radical,data/chars/94D2.json
铓,C,not-resolved,,,,,not-resolved,data/chars/94D3.json
铔,C,not-resolved,,,,,not-resolved,data/chars/94D4.json
铕,B,resolved,钅,金,Bộ Kim,167,record-radical,data/chars/94D5.json
铖,B,resolved,钅,金,Bộ Kim,167,record-radical,data/chars/94D6.json
铗,C,not-resolved,,,,,not-resolved,data/chars/94D7.json
铘,C,not-resolved,,,,,not-resolved,data/chars/94D8.json
铙,B,resolved,钅,金,Bộ Kim,167,record-radical,data/chars/94D9.json
铚,C,not-resolved,,,,,not-resolved,data/chars/94DA.json
铛,B,resolved,钅,金,Bộ Kim,167,record-radical,data/chars/94DB.json
铜,A,resolved,钅,金,Bộ Kim,167,record-radical,data/chars/94DC.json
铝,A,resolved,钅,金,Bộ Kim,167,record-radical,data/chars/94DD.json
铞,B,resolved,钅,金,Bộ Kim,167,record-radical,data/chars/94DE.json
铟,B,resolved,钅,金,Bộ Kim,167,record-radical,data/chars/94DF.json
铠,A,resolved,钅,金,Bộ Kim,167,record-radical,data/chars/94E0.json
铡,C,not-resolved,,,,,not-resolved,data/chars/94E1.json
铢,B,resolved,钅,金,Bộ Kim,167,record-radical,data/chars/94E2.json
铣,B,resolved,钅,金,Bộ Kim,167,record-radical,data/chars/94E3.json
铤,B,resolved,钅,金,Bộ Kim,167,record-radical,data/chars/94E4.json
铥,B,resolved,钅,金,Bộ Kim,167,record-radical,data/chars/94E5.json
铦,C,not-resolved,,,,,not-resolved,data/chars/94E6.json
铧,B,resolved,钅,金,Bộ Kim,167,record-radical,data/chars/94E7.json
铨,B,resolved,钅,金,Bộ Kim,167,record-radical,data/chars/94E8.json
铩,C,not-resolved,,,,,not-resolved,data/chars/94E9.json
铪,B,resolved,钅,金,Bộ Kim,167,record-radical,data/chars/94EA.json
铫,B,resolved,钅,金,Bộ Kim,167,record-radical,data/chars/94EB.json
铬,B,resolved,钅,金,Bộ Kim,167,record-radical,data/chars/94EC.json
铭,C,not-resolved,,,,,not-resolved,data/chars/94ED.json
铮,B,resolved,钅,金,Bộ Kim,167,record-radical,data/chars/94EE.json
铯,B,resolved,钅,金,Bộ Kim,167,record-radical,data/chars/94EF.json
铰,C,not-resolved,,,,,not-resolved,data/chars/94F0.json
铱,B,resolved,钅,金,Bộ Kim,167,record-radical,data/chars/94F1.json
铲,A,resolved,钅,金,Bộ Kim,167,record-radical,data/chars/94F2.json
铳,B,resolved,钅,金,Bộ Kim,167,record-radical,data/chars/94F3.json
铴,C,resolved,钅,金,Bộ Kim,167,record-radical,data/chars/94F4.json
铵,B,resolved,钅,金,Bộ Kim,167,record-radical,data/chars/94F5.json
银,A,resolved,钅,金,Bộ Kim,167,record-radical,data/chars/94F6.json
铷,B,resolved,钅,金,Bộ Kim,167,record-radical,data/chars/94F7.json
铸,A,resolved,钅,金,Bộ Kim,167,record-radical,data/chars/94F8.json
铹,B,resolved,钅,金,Bộ Kim,167,record-radical,data/chars/94F9.json
铺,A,resolved,钅,金,Bộ Kim,167,record-radical,data/chars/94FA.json
铻,C,not-resolved,,,,,not-resolved,data/chars/94FB.json
铼,B,resolved,钅,金,Bộ Kim,167,record-radical,data/chars/94FC.json
铽,B,resolved,钅,金,Bộ Kim,167,record-radical,data/chars/94FD.json
链,C,not-resolved,,,,,not-resolved,data/chars/94FE.json
铿,A,resolved,钅,金,Bộ Kim,167,record-radical,data/chars/94FF.json
销,A,resolved,钅,金,Bộ Kim,167,record-radical,data/chars/9500.json
锁,A,resolved,金,金,Bộ Kim,167,record-radical,data/chars/9501.json
锂,B,resolved,钅,金,Bộ Kim,167,record-radical,data/chars/9502.json
锃,B,resolved,钅,金,Bộ Kim,167,record-radical,data/chars/9503.json
锄,C,not-resolved,,,,,not-resolved,data/chars/9504.json
锅,A,resolved,钅,金,Bộ Kim,167,record-radical,data/chars/9505.json
锆,B,resolved,钅,金,Bộ Kim,167,record-radical,data/chars/9506.json
锇,B,resolved,钅,金,Bộ Kim,167,record-radical,data/chars/9507.json
锈,A,resolved,钅,金,Bộ Kim,167,record-radical,data/chars/9508.json
锉,B,resolved,钅,金,Bộ Kim,167,record-radical,data/chars/9509.json
锊,B,resolved,钅,金,Bộ Kim,167,record-radical,data/chars/950A.json
锋,A,resolved,钅,金,Bộ Kim,167,record-radical,data/chars/950B.json
锌,B,resolved,钅,金,Bộ Kim,167,record-radical,data/chars/950C.json
锎,B,resolved,钅,金,Bộ Kim,167,record-radical,data/chars/950E.json
锏,B,resolved,钅,金,Bộ Kim,167,record-radical,data/chars/950F.json
锐,A,resolved,钅,金,Bộ Kim,167,record-radical,data/chars/9510.json
锑,B,resolved,钅,金,Bộ Kim,167,record-radical,data/chars/9511.json
锒,B,resolved,钅,金,Bộ Kim,167,record-radical,data/chars/9512.json
锓,B,resolved,钅,金,Bộ Kim,167,record-radical,data/chars/9513.json
锔,B,resolved,钅,金,Bộ Kim,167,record-radical,data/chars/9514.json
锕,B,resolved,钅,金,Bộ Kim,167,record-radical,data/chars/9515.json
锖,C,not-resolved,,,,,not-resolved,data/chars/9516.json
锗,B,resolved,钅,金,Bộ Kim,167,record-radical,data/chars/9517.json
锘,B,resolved,钅,金,Bộ Kim,167,record-radical,data/chars/9518.json
错,A,resolved,钅,金,Bộ Kim,167,record-radical,data/chars/9519.json
锚,A,resolved,钅,金,Bộ Kim,167,record-radical,data/chars/951A.json
锛,B,resolved,钅,金,Bộ Kim,167,record-radical,data/chars/951B.json
锜,C,not-resolved,,,,,not-resolved,data/chars/951C.json
锝,B,resolved,钅,金,Bộ Kim,167,record-radical,data/chars/951D.json
锞,B,resolved,钅,金,Bộ Kim,167,record-radical,data/chars/951E.json
锟,B,resolved,钅,金,Bộ Kim,167,record-radical,data/chars/951F.json
锠,C,not-resolved,,,,,not-resolved,data/chars/9520.json
锡,A,resolved,钅,金,Bộ Kim,167,record-radical,data/chars/9521.json
锢,C,not-resolved,,,,,not-resolved,data/chars/9522.json
锣,B,resolved,钅,金,Bộ Kim,167,record-radical,data/chars/9523.json
锤,A,resolved,钅,金,Bộ Kim,167,record-radical,data/chars/9524.json
锥,B,resolved,钅,金,Bộ Kim,167,record-radical,data/chars/9525.json
锦,C,not-resolved,,,,,not-resolved,data/chars/9526.json
锧,C,not-resolved,,,,,not-resolved,data/chars/9527.json
锨,B,resolved,钅,金,Bộ Kim,167,record-radical,data/chars/9528.json
锩,B,resolved,钅,金,Bộ Kim,167,record-radical,data/chars/9529.json
锪,B,resolved,钅,金,Bộ Kim,167,record-radical,data/chars/952A.json
锫,B,resolved,钅,金,Bộ Kim,167,record-radical,data/chars/952B.json
锬,B,resolved,钅,金,Bộ Kim,167,record-radical,data/chars/952C.json
锭,A,resolved,钅,金,Bộ Kim,167,record-radical,data/chars/952D.json
键,A,resolved,钅,金,Bộ Kim,167,record-radical,data/chars/952E.json
锯,A,resolved,钅,金,Bộ Kim,167,record-radical,data/chars/952F.json
锰,B,resolved,钅,金,Bộ Kim,167,record-radical,data/chars/9530.json
锱,B,resolved,钅,金,Bộ Kim,167,record-radical,data/chars/9531.json
锲,C,not-resolved,,,,,not-resolved,data/chars/9532.json
锳,C,not-resolved,,,,,not-resolved,data/chars/9533.json
锴,B,resolved,钅,金,Bộ Kim,167,record-radical,data/chars/9534.json
锵,A,resolved,钅,金,Bộ Kim,167,record-radical,data/chars/9535.json
锶,B,resolved,钅,金,Bộ Kim,167,record-radical,data/chars/9536.json
锷,B,resolved,钅,金,Bộ Kim,167,record-radical,data/chars/9537.json
锸,B,resolved,钅,金,Bộ Kim,167,record-radical,data/chars/9538.json
锹,B,resolved,钅,金,Bộ Kim,167,record-radical,data/chars/9539.json
锺,B,resolved,钅,金,Bộ Kim,167,record-radical,data/chars/953A.json
锻,A,resolved,钅,金,Bộ Kim,167,record-radical,data/chars/953B.json
锼,B,resolved,钅,金,Bộ Kim,167,record-radical,data/chars/953C.json
锽,C,not-resolved,,,,,not-resolved,data/chars/953D.json
锾,B,resolved,钅,金,Bộ Kim,167,record-radical,data/chars/953E.json
锿,B,resolved,钅,金,Bộ Kim,167,record-radical,data/chars/953F.json
镀,B,resolved,钅,金,Bộ Kim,167,record-radical,data/chars/9540.json
镁,B,resolved,钅,金,Bộ Kim,167,record-radical,data/chars/9541.json
镂,A,resolved,钅,金,Bộ Kim,167,record-radical,data/chars/9542.json
镃,C,not-resolved,,,,,not-resolved,data/chars/9543.json
镄,B,resolved,钅,金,Bộ Kim,167,record-radical,data/chars/9544.json
镅,B,resolved,钅,金,Bộ Kim,167,record-radical,data/chars/9545.json
镆,B,resolved,钅,金,Bộ Kim,167,record-radical,data/chars/9546.json
镇,A,resolved,钅,金,Bộ Kim,167,record-radical,data/chars/9547.json
镈,B,resolved,钅,金,Bộ Kim,167,record-radical,data/chars/9548.json
镉,B,resolved,钅,金,Bộ Kim,167,record-radical,data/chars/9549.json
镊,B,resolved,钅,金,Bộ Kim,167,record-radical,data/chars/954A.json
镋,C,not-resolved,,,,,not-resolved,data/chars/954B.json
镌,B,resolved,钅,金,Bộ Kim,167,record-radical,data/chars/954C.json
镍,B,resolved,钅,金,Bộ Kim,167,record-radical,data/chars/954D.json
镎,B,resolved,钅,金,Bộ Kim,167,record-radical,data/chars/954E.json
镏,C,not-resolved,,,,,not-resolved,data/chars/954F.json
镐,B,resolved,钅,金,Bộ Kim,167,record-radical,data/chars/9550.json
镑,A,resolved,钅,金,Bộ Kim,167,record-radical,data/chars/9551.json
镒,B,resolved,钅,金,Bộ Kim,167,record-radical,data/chars/9552.json
镓,B,resolved,钅,金,Bộ Kim,167,record-radical,data/chars/9553.json
镔,B,resolved,钅,金,Bộ Kim,167,record-radical,data/chars/9554.json
镕,C,not-resolved,,,,,not-resolved,data/chars/9555.json
镖,B,resolved,钅,金,Bộ Kim,167,record-radical,data/chars/9556.json
镗,B,resolved,钅,金,Bộ Kim,167,record-radical,data/chars/9557.json
镘,B,resolved,钅,金,Bộ Kim,167,record-radical,data/chars/9558.json
镚,B,resolved,钅,金,Bộ Kim,167,record-radical,data/chars/955A.json
镛,B,resolved,钅,金,Bộ Kim,167,record-radical,data/chars/955B.json
镜,A,resolved,钅,金,Bộ Kim,167,record-radical,data/chars/955C.json
镝,B,resolved,钅,金,Bộ Kim,167,record-radical,data/chars/955D.json
镞,B,resolved,钅,金,Bộ Kim,167,record-radical,data/chars/955E.json
镟,B,resolved,钅,金,Bộ Kim,167,record-radical,data/chars/955F.json
镠,C,not-resolved,,,,,not-resolved,data/chars/9560.json
镡,B,resolved,钅,金,Bộ Kim,167,record-radical,data/chars/9561.json
镢,B,resolved,钅,金,Bộ Kim,167,record-radical,data/chars/9562.json
镣,B,resolved,钅,金,Bộ Kim,167,record-radical,data/chars/9563.json
镤,B,resolved,钅,金,Bộ Kim,167,record-radical,data/chars/9564.json
镥,B,resolved,钅,金,Bộ Kim,167,record-radical,data/chars/9565.json
镦,B,resolved,钅,金,Bộ Kim,167,record-radical,data/chars/9566.json
镧,B,resolved,钅,金,Bộ Kim,167,record-radical,data/chars/9567.json
镨,B,resolved,钅,金,Bộ Kim,167,record-radical,data/chars/9568.json
镩,B,resolved,钅,金,Bộ Kim,167,record-radical,data/chars/9569.json
镪,B,resolved,钅,金,Bộ Kim,167,record-radical,data/chars/956A.json
镫,B,resolved,钅,金,Bộ Kim,167,record-radical,data/chars/956B.json
镬,B,resolved,钅,金,Bộ Kim,167,record-radical,data/chars/956C.json
镭,B,resolved,钅,金,Bộ Kim,167,record-radical,data/chars/956D.json
镮,C,not-resolved,,,,,not-resolved,data/chars/956E.json
镯,A,resolved,钅,金,Bộ Kim,167,record-radical,data/chars/956F.json
镰,A,resolved,钅,金,Bộ Kim,167,record-radical,data/chars/9570.json
镱,B,resolved,钅,金,Bộ Kim,167,record-radical,data/chars/9571.json
镲,B,resolved,钅,金,Bộ Kim,167,record-radical,data/chars/9572.json
镳,C,not-resolved,,,,,not-resolved,data/chars/9573.json
镴,B,resolved,钅,金,Bộ Kim,167,record-radical,data/chars/9574.json
镵,C,not-resolved,,,,,not-resolved,data/chars/9575.json
镶,A,resolved,钅,金,Bộ Kim,167,record-radical,data/chars/9576.json
镸,C,not-resolved,,,,,not-resolved,data/chars/9578.json
镻,C,not-resolved,,,,,not-resolved,data/chars/957B.json
长,C,not-resolved,,,,,not-resolved,data/chars/957F.json
閇,C,not-resolved,,,,,not-resolved,data/chars/9587.json
閒,C,not-resolved,,,,,not-resolved,data/chars/9592.json
閗,C,not-resolved,,,,,not-resolved,data/chars/9597.json
閛,C,not-resolved,,,,,not-resolved,data/chars/959B.json
閟,C,not-resolved,,,,,not-resolved,data/chars/959F.json
関,C,not-resolved,,,,,not-resolved,data/chars/95A2.json
閤,C,resolved,門,門,Bộ Môn,169,record-radical,data/chars/95A4.json
閦,C,not-resolved,,,,,not-resolved,data/chars/95A6.json
閲,C,not-resolved,,,,,not-resolved,data/chars/95B2.json
閳,C,not-resolved,,,,,not-resolved,data/chars/95B3.json
閺,C,not-resolved,,,,,not-resolved,data/chars/95BA.json
闁,C,not-resolved,,,,,not-resolved,data/chars/95C1.json
闗,C,not-resolved,,,,,not-resolved,data/chars/95D7.json
闘,C,not-resolved,,,,,not-resolved,data/chars/95D8.json
闟,C,not-resolved,,,,,not-resolved,data/chars/95DF.json
门,A,resolved,门,門,Bộ Môn,169,radical-variant,radical_alias_index.json
闩,C,not-resolved,,,,,not-resolved,data/chars/95E9.json
闪,A,resolved,门,門,Bộ Môn,169,record-radical,data/chars/95EA.json
闫,B,resolved,门,門,Bộ Môn,169,record-radical,data/chars/95EB.json
闬,C,not-resolved,,,,,not-resolved,data/chars/95EC.json
闭,A,resolved,门,門,Bộ Môn,169,record-radical,data/chars/95ED.json
问,A,resolved,口,口,Bộ Khẩu,30,record-radical,data/chars/95EE.json
闯,C,not-resolved,,,,,not-resolved,data/chars/95EF.json
闰,C,not-resolved,王,,,,not-resolved,data/chars/95F0.json
闱,B,resolved,门,門,Bộ Môn,169,record-radical,data/chars/95F1.json
闲,C,not-resolved,,,,,not-resolved,data/chars/95F2.json
闳,B,resolved,门,門,Bộ Môn,169,record-radical,data/chars/95F3.json
间,A,resolved,门,門,Bộ Môn,169,record-radical,data/chars/95F4.json
闵,B,resolved,文,文,Bộ Văn,67,record-radical,data/chars/95F5.json
闶,B,resolved,门,門,Bộ Môn,169,record-radical,data/chars/95F6.json
闷,A,resolved,心,心,Bộ Tâm,61,record-radical,data/chars/95F7.json
闸,B,resolved,门,門,Bộ Môn,169,record-radical,data/chars/95F8.json
闹,C,not-resolved,市,,,,not-resolved,data/chars/95F9.json
闺,A,resolved,门,門,Bộ Môn,169,record-radical,data/chars/95FA.json
闻,A,resolved,耳,耳,Bộ Nhĩ,128,record-radical,data/chars/95FB.json
闼,B,resolved,门,門,Bộ Môn,169,record-radical,data/chars/95FC.json
闽,B,resolved,虫,虫,Bộ Trùng,142,record-radical,data/chars/95FD.json
闾,B,resolved,门,門,Bộ Môn,169,record-radical,data/chars/95FE.json
闿,C,not-resolved,,,,,not-resolved,data/chars/95FF.json
阀,A,resolved,门,門,Bộ Môn,169,record-radical,data/chars/9600.json
阁,A,resolved,门,門,Bộ Môn,169,record-radical,data/chars/9601.json
阂,A,resolved,门,門,Bộ Môn,169,record-radical,data/chars/9602.json
阃,B,resolved,门,門,Bộ Môn,169,record-radical,data/chars/9603.json
阄,C,not-resolved,,,,,not-resolved,data/chars/9604.json
阅,A,resolved,门,門,Bộ Môn,169,record-radical,data/chars/9605.json
阆,C,not-resolved,,,,,not-resolved,data/chars/9606.json
阇,C,not-resolved,,,,,not-resolved,data/chars/9607.json
阈,C,not-resolved,,,,,not-resolved,data/chars/9608.json
阉,B,resolved,门,門,Bộ Môn,169,record-radical,data/chars/9609.json
阊,C,not-resolved,,,,,not-resolved,data/chars/960A.json
阋,B,resolved,门,門,Bộ Môn,169,record-radical,data/chars/960B.json
阌,C,not-resolved,,,,,not-resolved,data/chars/960C.json
阍,B,resolved,门,門,Bộ Môn,169,record-radical,data/chars/960D.json
阎,A,resolved,门,門,Bộ Môn,169,record-radical,data/chars/960E.json
阏,B,resolved,门,門,Bộ Môn,169,record-radical,data/chars/960F.json
阐,A,resolved,门,門,Bộ Môn,169,record-radical,data/chars/9610.json
阑,A,resolved,门,門,Bộ Môn,169,record-radical,data/chars/9611.json
阒,B,resolved,门,門,Bộ Môn,169,record-radical,data/chars/9612.json
阓,C,not-resolved,,,,,not-resolved,data/chars/9613.json
阔,A,resolved,门,門,Bộ Môn,169,record-radical,data/chars/9614.json
阕,B,resolved,门,門,Bộ Môn,169,record-radical,data/chars/9615.json
阖,B,resolved,门,門,Bộ Môn,169,record-radical,data/chars/9616.json
阗,C,not-resolved,,,,,not-resolved,data/chars/9617.json
阘,C,not-resolved,,,,,not-resolved,data/chars/9618.json
阙,B,resolved,门,門,Bộ Môn,169,record-radical,data/chars/9619.json
阚,B,resolved,门,門,Bộ Môn,169,record-radical,data/chars/961A.json
阛,C,not-resolved,,,,,not-resolved,data/chars/961B.json
阜,A,resolved,阜,阜,Bộ Phụ,170,self-radical,radical_learning_notes.json
阝,C,not-resolved,,,,,not-resolved,data/chars/961D.json
阞,C,not-resolved,阝,,,,not-resolved,data/chars/961E.json
队,C,not-resolved,阝,,,,not-resolved,data/chars/961F.json
阡,C,not-resolved,阝,,,,not-resolved,data/chars/9621.json
阢,C,not-resolved,兀,,,,not-resolved,data/chars/9622.json
阤,C,not-resolved,,,,,not-resolved,data/chars/9624.json
阨,C,not-resolved,,,,,not-resolved,data/chars/9628.json
阪,C,not-resolved,阝,,,,not-resolved,data/chars/962A.json
阮,C,not-resolved,元,,,,not-resolved,data/chars/962E.json
阯,C,not-resolved,,,,,not-resolved,data/chars/962F.json
阰,C,not-resolved,,,,,not-resolved,data/chars/9630.json
阱,C,not-resolved,,,,,not-resolved,data/chars/9631.json
防,C,not-resolved,阝,,,,not-resolved,data/chars/9632.json
阳,C,not-resolved,阝,,,,not-resolved,data/chars/9633.json
阴,C,not-resolved,阝,,,,not-resolved,data/chars/9634.json
阵,C,not-resolved,阝,,,,not-resolved,data/chars/9635.json
阶,C,not-resolved,阝,,,,not-resolved,data/chars/9636.json
阹,C,not-resolved,,,,,not-resolved,data/chars/9639.json
阻,C,not-resolved,阝,,,,not-resolved,data/chars/963B.json
阼,C,not-resolved,阝,,,,not-resolved,data/chars/963C.json
阽,C,not-resolved,,,,,not-resolved,data/chars/963D.json
阿,C,not-resolved,阝,,,,not-resolved,data/chars/963F.json
陀,C,not-resolved,它,,,,not-resolved,data/chars/9640.json
陁,C,not-resolved,,,,,not-resolved,data/chars/9641.json
陂,C,not-resolved,阝,,,,not-resolved,data/chars/9642.json
附,C,not-resolved,阝,,,,not-resolved,data/chars/9644.json
际,C,not-resolved,阝,,,,not-resolved,data/chars/9645.json
陆,C,not-resolved,阝,,,,not-resolved,data/chars/9646.json
陇,C,not-resolved,阝,,,,not-resolved,data/chars/9647.json
陈,C,not-resolved,阝,,,,not-resolved,data/chars/9648.json
陉,C,not-resolved,阝,,,,not-resolved,data/chars/9649.json
陋,C,not-resolved,阝,,,,not-resolved,data/chars/964B.json
陌,C,not-resolved,,,,,not-resolved,data/chars/964C.json
降,C,not-resolved,阝,,,,not-resolved,data/chars/964D.json
陏,C,not-resolved,阝,,,,not-resolved,data/chars/964F.json
限,C,not-resolved,阝,,,,not-resolved,data/chars/9650.json
陑,C,not-resolved,,,,,not-resolved,data/chars/9651.json
陔,C,not-resolved,阝,,,,not-resolved,data/chars/9654.json
陕,C,not-resolved,,,,,not-resolved,data/chars/9655.json
陖,C,not-resolved,,,,,not-resolved,data/chars/9656.json
陛,C,not-resolved,阝,,,,not-resolved,data/chars/965B.json
陜,C,not-resolved,,,,,not-resolved,data/chars/965C.json
陟,C,not-resolved,步,,,,not-resolved,data/chars/965F.json
陡,C,not-resolved,阝,,,,not-resolved,data/chars/9661.json
院,C,not-resolved,阝,,,,not-resolved,data/chars/9662.json
除,C,not-resolved,阝,,,,not-resolved,data/chars/9664.json
陥,C,not-resolved,,,,,not-resolved,data/chars/9665.json
陧,C,not-resolved,阝,,,,not-resolved,data/chars/9667.json
陨,C,not-resolved,阝,,,,not-resolved,data/chars/9668.json
险,C,not-resolved,阝,,,,not-resolved,data/chars/9669.json
陪,C,not-resolved,阝,,,,not-resolved,data/chars/966A.json
陬,C,not-resolved,阝,,,,not-resolved,data/chars/966C.json
陲,C,not-resolved,阝,,,,not-resolved,data/chars/9672.json
陴,C,not-resolved,阝,,,,not-resolved,data/chars/9674.json
陵,C,not-resolved,,,,,not-resolved,data/chars/9675.json
陶,C,not-resolved,,,,,not-resolved,data/chars/9676.json
陷,C,not-resolved,,,,,not-resolved,data/chars/9677.json
険,C,not-resolved,,,,,not-resolved,data/chars/967A.json
陼,C,not-resolved,,,,,not-resolved,data/chars/967C.json
陾,C,not-resolved,,,,,not-resolved,data/chars/967E.json
隃,C,not-resolved,,,,,not-resolved,data/chars/9683.json
隅,C,not-resolved,阝,,,,not-resolved,data/chars/9685.json
隆,C,not-resolved,,,,,not-resolved,data/chars/9686.json
隈,C,not-resolved,阝,,,,not-resolved,data/chars/9688.json
隋,C,not-resolved,阝,,,,not-resolved,data/chars/968B.json
隍,C,not-resolved,阝,,,,not-resolved,data/chars/968D.json
随,A,resolved,辶,辵,Bộ Sước,162,record-radical,data/chars/968F.json
隐,C,not-resolved,阝,,,,not-resolved,data/chars/9690.json
隒,C,not-resolved,,,,,not-resolved,data/chars/9692.json
隔,C,not-resolved,阝,,,,not-resolved,data/chars/9694.json
隗,C,not-resolved,阝,,,,not-resolved,data/chars/9697.json
隘,C,not-resolved,阝,,,,not-resolved,data/chars/9698.json
隙,C,not-resolved,,,,,not-resolved,data/chars/9699.json
障,C,not-resolved,阝,,,,not-resolved,data/chars/969C.json
隞,C,not-resolved,,,,,not-resolved,data/chars/969E.json
隟,C,not-resolved,,,,,not-resolved,data/chars/969F.json
隠,C,not-resolved,,,,,not-resolved,data/chars/96A0.json
隧,C,not-resolved,阝,,,,not-resolved,data/chars/96A7.json
隩,C,not-resolved,,,,,not-resolved,data/chars/96A9.json
隰,C,not-resolved,阝,,,,not-resolved,data/chars/96B0.json
隳,C,not-resolved,隋,,,,not-resolved,data/chars/96B3.json
隶,A,resolved,隶,隶,"Bộ Lệ, Đãi",171,self-radical,radical_learning_notes.json
隹,B,resolved,隹,隹,Bộ Chuy,172,self-radical,radical_learning_notes.json
隺,C,not-resolved,,,,,not-resolved,data/chars/96BA.json
隼,B,resolved,隹,隹,Bộ Chuy,172,record-radical,data/chars/96BC.json
隽,C,not-resolved,,,,,not-resolved,data/chars/96BD.json
难,A,resolved,隹,隹,Bộ Chuy,172,record-radical,data/chars/96BE.json
雀,C,not-resolved,,,,,not-resolved,data/chars/96C0.json
雁,A,resolved,隹,隹,Bộ Chuy,172,record-radical,data/chars/96C1.json
雂,C,not-resolved,,,,,not-resolved,data/chars/96C2.json
雄,A,resolved,隹,隹,Bộ Chuy,172,record-radical,data/chars/96C4.json
雅,A,resolved,隹,隹,Bộ Chuy,172,record-radical,data/chars/96C5.json
集,A,resolved,隹,隹,Bộ Chuy,172,record-radical,data/chars/96C6.json
雇,A,resolved,隹,隹,Bộ Chuy,172,record-radical,data/chars/96C7.json
雈,C,not-resolved,◎,,,,not-resolved,data/chars/96C8.json
雉,B,resolved,隹,隹,Bộ Chuy,172,record-radical,data/chars/96C9.json
雊,C,not-resolved,,,,,not-resolved,data/chars/96CA.json
雌,A,resolved,隹,隹,Bộ Chuy,172,record-radical,data/chars/96CC.json
雍,C,not-resolved,,,,,not-resolved,data/chars/96CD.json
雎,B,resolved,隹,隹,Bộ Chuy,172,record-radical,data/chars/96CE.json
雏,B,resolved,隹,隹,Bộ Chuy,172,record-radical,data/chars/96CF.json
雐,C,resolved,隹,隹,Bộ Chuy,172,record-radical,data/chars/96D0.json
雑,C,not-resolved,,,,,not-resolved,data/chars/96D1.json
雒,C,not-resolved,,,,,not-resolved,data/chars/96D2.json
雔,C,not-resolved,,,,,not-resolved,data/chars/96D4.json
雕,A,resolved,隹,隹,Bộ Chuy,172,record-radical,data/chars/96D5.json
雗,C,not-resolved,,,,,not-resolved,data/chars/96D7.json
雘,C,not-resolved,,,,,not-resolved,data/chars/96D8.json
雚,C,not-resolved,雈,,,,not-resolved,data/chars/96DA.json
雟,C,not-resolved,,,,,not-resolved,data/chars/96DF.json
雠,C,not-resolved,,,,,not-resolved,data/chars/96E0.json
雨,A,resolved,雨,雨,Bộ Vũ,173,self-radical,radical_learning_notes.json
雩,C,not-resolved,,,,,not-resolved,data/chars/96E9.json
雪,A,resolved,雨,雨,Bộ Vũ,173,record-radical,data/chars/96EA.json
雯,B,resolved,雨,雨,Bộ Vũ,173,record-radical,data/chars/96EF.json
雰,C,not-resolved,,,,,not-resolved,data/chars/96F0.json
雱,C,not-resolved,,,,,not-resolved,data/chars/96F1.json
雳,B,resolved,雨,雨,Bộ Vũ,173,record-radical,data/chars/96F3.json
零,A,resolved,雨,雨,Bộ Vũ,173,record-radical,data/chars/96F6.json
雷,A,resolved,雨,雨,Bộ Vũ,173,record-radical,data/chars/96F7.json
雹,B,resolved,雨,雨,Bộ Vũ,173,record-radical,data/chars/96F9.json
雾,A,resolved,雨,雨,Bộ Vũ,173,record-radical,data/chars/96FE.json
需,A,resolved,雨,雨,Bộ Vũ,173,record-radical,data/chars/9700.json
霁,B,resolved,雨,雨,Bộ Vũ,173,record-radical,data/chars/9701.json
霂,B,resolved,雨,雨,Bộ Vũ,173,record-radical,data/chars/9702.json
霄,C,not-resolved,,,,,not-resolved,data/chars/9704.json
霅,C,not-resolved,,,,,not-resolved,data/chars/9705.json
霆,B,resolved,雨,雨,Bộ Vũ,173,record-radical,data/chars/9706.json
震,A,resolved,雨,雨,Bộ Vũ,173,record-radical,data/chars/9707.json
霈,C,not-resolved,,,,,not-resolved,data/chars/9708.json
霉,A,resolved,雨,雨,Bộ Vũ,173,record-radical,data/chars/9709.json
霊,C,not-resolved,,,,,not-resolved,data/chars/970A.json
霍,C,not-resolved,,,,,not-resolved,data/chars/970D.json
霎,B,resolved,雨,雨,Bộ Vũ,173,record-radical,data/chars/970E.json
霏,B,resolved,雨,雨,Bộ Vũ,173,record-radical,data/chars/970F.json
霒,C,not-resolved,,,,,not-resolved,data/chars/9712.json
霓,C,not-resolved,,,,,not-resolved,data/chars/9713.json
霖,B,resolved,雨,雨,Bộ Vũ,173,record-radical,data/chars/9716.json
霙,C,not-resolved,,,,,not-resolved,data/chars/9719.json
霛,C,not-resolved,,,,,not-resolved,data/chars/971B.json
霜,A,resolved,雨,雨,Bộ Vũ,173,record-radical,data/chars/971C.json
霝,B,resolved,雨,雨,Bộ Vũ,173,record-radical,data/chars/971D.json
霞,A,resolved,雨,雨,Bộ Vũ,173,record-radical,data/chars/971E.json
霡,B,resolved,雨,雨,Bộ Vũ,173,record-radical,data/chars/9721.json
霢,B,resolved,雨,雨,Bộ Vũ,173,record-radical,data/chars/9722.json
霣,C,not-resolved,,,,,not-resolved,data/chars/9723.json
霤,C,not-resolved,,,,,not-resolved,data/chars/9724.json
霨,C,not-resolved,,,,,not-resolved,data/chars/9728.json
霩,C,not-resolved,,,,,not-resolved,data/chars/9729.json
霪,C,not-resolved,,,,,not-resolved,data/chars/972A.json
霫,C,not-resolved,,,,,not-resolved,data/chars/972B.json
霭,B,resolved,雨,雨,Bộ Vũ,173,record-radical,data/chars/972D.json
霮,C,not-resolved,,,,,not-resolved,data/chars/972E.json
霰,B,resolved,雨,雨,Bộ Vũ,173,record-radical,data/chars/9730.json
露,A,resolved,雨,雨,Bộ Vũ,173,record-radical,data/chars/9732.json
霸,A,resolved,雨,雨,Bộ Vũ,173,record-radical,data/chars/9738.json
霹,B,resolved,雨,雨,Bộ Vũ,173,record-radical,data/chars/9739.json
霺,C,not-resolved,,,,,not-resolved,data/chars/973A.json
霾,B,resolved,雨,雨,Bộ Vũ,173,record-radical,data/chars/973E.json
靁,C,not-resolved,,,,,not-resolved,data/chars/9741.json
靐,C,not-resolved,,,,,not-resolved,data/chars/9750.json
靑,C,not-resolved,,,,,not-resolved,data/chars/9751.json
青,A,resolved,青,青,Bộ Thanh,174,self-radical,radical_learning_notes.json
靓,C,not-resolved,见,,,,not-resolved,data/chars/9753.json
靔,C,not-resolved,,,,,not-resolved,data/chars/9754.json
靖,C,not-resolved,,,,,not-resolved,data/chars/9756.json
静,A,resolved,青,青,Bộ Thanh,174,record-radical,data/chars/9759.json
靛,B,resolved,青,青,Bộ Thanh,174,record-radical,data/chars/975B.json
非,A,resolved,非,非,Bộ Phi,175,self-radical,radical_learning_notes.json
靠,A,resolved,非,非,Bộ Phi,175,record-radical,data/chars/9760.json
靡,B,resolved,非,非,Bộ Phi,175,record-radical,data/chars/9761.json
面,A,resolved,面,面,Bộ Diện,176,self-radical,radical_learning_notes.json
靣,C,not-resolved,,,,,not-resolved,data/chars/9763.json
靥,B,resolved,面,面,Bộ Diện,176,record-radical,data/chars/9765.json
革,A,resolved,革,革,Bộ Cách,177,self-radical,radical_learning_notes.json
靪,C,not-resolved,,,,,not-resolved,data/chars/976A.json
靬,C,not-resolved,,,,,not-resolved,data/chars/976C.json
靮,C,not-resolved,,,,,not-resolved,data/chars/976E.json
靰,C,not-resolved,,,,,not-resolved,data/chars/9770.json
靲,C,not-resolved,,,,,not-resolved,data/chars/9772.json
靳,B,resolved,革,革,Bộ Cách,177,record-radical,data/chars/9773.json
靴,A,resolved,革,革,Bộ Cách,177,record-radical,data/chars/9774.json
靶,A,resolved,革,革,Bộ Cách,177,record-radical,data/chars/9776.json
靷,C,not-resolved,,,,,not-resolved,data/chars/9777.json
靸,C,not-resolved,,,,,not-resolved,data/chars/9778.json
靺,C,not-resolved,,,,,not-resolved,data/chars/977A.json
靼,B,resolved,革,革,Bộ Cách,177,record-radical,data/chars/977C.json
靿,C,not-resolved,,,,,not-resolved,data/chars/977F.json
鞁,C,not-resolved,,,,,not-resolved,data/chars/9781.json
鞃,C,not-resolved,,,,,not-resolved,data/chars/9783.json
鞄,C,not-resolved,,,,,not-resolved,data/chars/9784.json
鞅,B,resolved,革,革,Bộ Cách,177,record-radical,data/chars/9785.json
鞇,C,not-resolved,,,,,not-resolved,data/chars/9787.json
鞉,C,not-resolved,,,,,not-resolved,data/chars/9789.json
鞋,A,resolved,革,革,Bộ Cách,177,record-radical,data/chars/978B.json
鞍,B,resolved,革,革,Bộ Cách,177,record-radical,data/chars/978D.json
鞑,B,resolved,革,革,Bộ Cách,177,record-radical,data/chars/9791.json
鞒,B,resolved,革,革,Bộ Cách,177,record-radical,data/chars/9792.json
鞔,C,resolved,革,革,Bộ Cách,177,record-radical,data/chars/9794.json
鞗,C,not-resolved,,,,,not-resolved,data/chars/9797.json
鞘,B,resolved,革,革,Bộ Cách,177,record-radical,data/chars/9798.json
鞙,C,not-resolved,,,,,not-resolved,data/chars/9799.json
鞚,C,not-resolved,,,,,not-resolved,data/chars/979A.json
鞝,C,not-resolved,,,,,not-resolved,data/chars/979D.json
鞞,C,not-resolved,,,,,not-resolved,data/chars/979E.json
鞠,A,resolved,革,革,Bộ Cách,177,record-radical,data/chars/97A0.json
鞡,C,not-resolved,,,,,not-resolved,data/chars/97A1.json
鞣,C,not-resolved,,,,,not-resolved,data/chars/97A3.json
鞥,C,not-resolved,,,,,not-resolved,data/chars/97A5.json
鞧,C,not-resolved,,,,,not-resolved,data/chars/97A7.json
鞨,C,not-resolved,,,,,not-resolved,data/chars/97A8.json
鞫,C,not-resolved,訇,,,,not-resolved,data/chars/97AB.json
鞬,C,not-resolved,,,,,not-resolved,data/chars/97AC.json
鞭,A,resolved,革,革,Bộ Cách,177,record-radical,data/chars/97AD.json
鞮,B,resolved,革,革,Bộ Cách,177,record-radical,data/chars/97AE.json
鞯,B,resolved,革,革,Bộ Cách,177,record-radical,data/chars/97AF.json
鞲,B,resolved,革,革,Bộ Cách,177,record-radical,data/chars/97B2.json
鞴,C,not-resolved,,,,,not-resolved,data/chars/97B4.json
鞶,C,not-resolved,,,,,not-resolved,data/chars/97B6.json
鞹,C,not-resolved,,,,,not-resolved,data/chars/97B9.json
韀,C,not-resolved,,,,,not-resolved,data/chars/97C0.json
韅,C,not-resolved,,,,,not-resolved,data/chars/97C5.json
韎,C,not-resolved,,,,,not-resolved,data/chars/97CE.json
韔,C,not-resolved,,,,,not-resolved,data/chars/97D4.json
韖,C,not-resolved,,,,,not-resolved,data/chars/97D6.json
韘,C,not-resolved,,,,,not-resolved,data/chars/97D8.json
韛,C,not-resolved,,,,,not-resolved,data/chars/97DB.json
韝,C,not-resolved,,,,,not-resolved,data/chars/97DD.json
韡,C,not-resolved,,,,,not-resolved,data/chars/97E1.json
韣,C,not-resolved,,,,,not-resolved,data/chars/97E3.json
韦,C,not-resolved,,,,,not-resolved,data/chars/97E6.json
韧,C,not-resolved,韦,,,,not-resolved,data/chars/97E7.json
韨,C,not-resolved,,,,,not-resolved,data/chars/97E8.json
韩,C,not-resolved,,,,,not-resolved,data/chars/97E9.json
韪,C,not-resolved,是,,,,not-resolved,data/chars/97EA.json
韫,C,not-resolved,韦,,,,not-resolved,data/chars/97EB.json
韬,C,not-resolved,韦,,,,not-resolved,data/chars/97EC.json
韭,B,resolved,韭,韭,Bộ Cửu,179,self-radical,radical_learning_notes.json
韱,C,not-resolved,,,,,not-resolved,data/chars/97F1.json
音,A,resolved,音,音,Bộ Âm,180,self-radical,radical_learning_notes.json
韵,C,not-resolved,,,,,not-resolved,data/chars/97F5.json
韶,C,not-resolved,,,,,not-resolved,data/chars/97F6.json
韹,C,not-resolved,,,,,not-resolved,data/chars/97F9.json
韺,C,not-resolved,,,,,not-resolved,data/chars/97FA.json
頀,C,not-resolved,,,,,not-resolved,data/chars/9800.json
頄,C,not-resolved,,,,,not-resolved,data/chars/9804.json
頖,C,not-resolved,,,,,not-resolved,data/chars/9816.json
頚,C,not-resolved,,,,,not-resolved,data/chars/981A.json
頞,C,not-resolved,,,,,not-resolved,data/chars/981E.json
頬,C,not-resolved,,,,,not-resolved,data/chars/982C.json
頯,C,not-resolved,,,,,not-resolved,data/chars/982F.json
頳,C,not-resolved,,,,,not-resolved,data/chars/9833.json
顑,C,not-resolved,,,,,not-resolved,data/chars/9851.json
顕,C,not-resolved,,,,,not-resolved,data/chars/9855.json
顚,C,not-resolved,,,,,not-resolved,data/chars/985A.json
顜,C,not-resolved,,,,,not-resolved,data/chars/985C.json
顣,C,not-resolved,,,,,not-resolved,data/chars/9863.json
页,A,resolved,页,頁,Bộ Hiệt,181,radical-variant,radical_alias_index.json
顶,A,resolved,页,頁,Bộ Hiệt,181,record-radical,data/chars/9876.json
顷,C,not-resolved,,,,,not-resolved,data/chars/9877.json
顸,C,not-resolved,,,,,not-resolved,data/chars/9878.json
项,A,resolved,页,頁,Bộ Hiệt,181,record-radical,data/chars/9879.json
顺,A,resolved,页,頁,Bộ Hiệt,181,record-radical,data/chars/987A.json
须,A,resolved,彡,彡,Bộ Sam,59,record-radical,data/chars/987B.json
顼,C,not-resolved,,,,,not-resolved,data/chars/987C.json
顽,A,resolved,页,頁,Bộ Hiệt,181,record-radical,data/chars/987D.json
顾,A,resolved,页,頁,Bộ Hiệt,181,record-radical,data/chars/987E.json
顿,A,resolved,页,頁,Bộ Hiệt,181,record-radical,data/chars/987F.json
颀,B,resolved,页,頁,Bộ Hiệt,181,record-radical,data/chars/9880.json
颁,C,not-resolved,,,,,not-resolved,data/chars/9881.json
颂,A,resolved,页,頁,Bộ Hiệt,181,record-radical,data/chars/9882.json
颃,B,resolved,页,頁,Bộ Hiệt,181,record-radical,data/chars/9883.json
预,A,resolved,页,頁,Bộ Hiệt,181,record-radical,data/chars/9884.json
颅,B,resolved,页,頁,Bộ Hiệt,181,record-radical,data/chars/9885.json
领,A,resolved,页,頁,Bộ Hiệt,181,record-radical,data/chars/9886.json
颇,A,resolved,页,頁,Bộ Hiệt,181,record-radical,data/chars/9887.json
颈,A,resolved,页,頁,Bộ Hiệt,181,record-radical,data/chars/9888.json
颉,B,resolved,页,頁,Bộ Hiệt,181,record-radical,data/chars/9889.json
颊,C,not-resolved,,,,,not-resolved,data/chars/988A.json
颋,C,not-resolved,,,,,not-resolved,data/chars/988B.json
颌,B,resolved,页,頁,Bộ Hiệt,181,record-radical,data/chars/988C.json
颍,B,resolved,水,水,Bộ Thủy,85,record-radical,data/chars/988D.json
颎,C,not-resolved,,,,,not-resolved,data/chars/988E.json
颏,B,resolved,页,頁,Bộ Hiệt,181,record-radical,data/chars/988F.json
颐,A,resolved,页,頁,Bộ Hiệt,181,record-radical,data/chars/9890.json
频,C,not-resolved,步,,,,not-resolved,data/chars/9891.json
颓,C,not-resolved,,,,,not-resolved,data/chars/9893.json
颔,B,resolved,页,頁,Bộ Hiệt,181,record-radical,data/chars/9894.json
颕,C,not-resolved,,,,,not-resolved,data/chars/9895.json
颖,A,resolved,禾,禾,Bộ Hòa,115,record-radical,data/chars/9896.json
颗,C,not-resolved,果,,,,not-resolved,data/chars/9897.json
题,A,resolved,頁,頁,Bộ Hiệt,181,record-radical,data/chars/9898.json
颙,C,not-resolved,,,,,not-resolved,data/chars/9899.json
颚,B,resolved,页,頁,Bộ Hiệt,181,record-radical,data/chars/989A.json
颛,B,resolved,页,頁,Bộ Hiệt,181,record-radical,data/chars/989B.json
颜,A,resolved,页,頁,Bộ Hiệt,181,record-radical,data/chars/989C.json
额,A,resolved,页,頁,Bộ Hiệt,181,record-radical,data/chars/989D.json
颞,B,resolved,页,頁,Bộ Hiệt,181,record-radical,data/chars/989E.json
颟,C,not-resolved,,,,,not-resolved,data/chars/989F.json
颠,A,resolved,页,頁,Bộ Hiệt,181,record-radical,data/chars/98A0.json
颡,B,resolved,页,頁,Bộ Hiệt,181,record-radical,data/chars/98A1.json
颢,C,not-resolved,,,,,not-resolved,data/chars/98A2.json
颣,C,not-resolved,,,,,not-resolved,data/chars/98A3.json
颤,A,resolved,页,頁,Bộ Hiệt,181,record-radical,data/chars/98A4.json
颥,B,resolved,页,頁,Bộ Hiệt,181,record-radical,data/chars/98A5.json
颦,C,not-resolved,卑,,,,not-resolved,data/chars/98A6.json
颧,B,resolved,页,頁,Bộ Hiệt,181,record-radical,data/chars/98A7.json
颽,C,not-resolved,,,,,not-resolved,data/chars/98BD.json
飂,C,not-resolved,,,,,not-resolved,data/chars/98C2.json
飌,C,not-resolved,,,,,not-resolved,data/chars/98CC.json
风,C,not-resolved,凡,,,,not-resolved,data/chars/98CE.json
飏,C,not-resolved,,,,,not-resolved,data/chars/98CF.json
飐,C,not-resolved,风,,,,not-resolved,data/chars/98D0.json
飑,C,not-resolved,,,,,not-resolved,data/chars/98D1.json
飒,C,not-resolved,风,,,,not-resolved,data/chars/98D2.json
飓,C,not-resolved,风,,,,not-resolved,data/chars/98D3.json
飔,C,not-resolved,,,,,not-resolved,data/chars/98D4.json
飕,C,not-resolved,风,,,,not-resolved,data/chars/98D5.json
飖,C,not-resolved,风,,,,not-resolved,data/chars/98D6.json
飗,C,not-resolved,,,,,not-resolved,data/chars/98D7.json
飘,C,not-resolved,风,,,,not-resolved,data/chars/98D8.json
飙,C,not-resolved,,,,,not-resolved,data/chars/98D9.json
飚,C,not-resolved,,,,,not-resolved,data/chars/98DA.json
飞,C,not-resolved,,,,,not-resolved,data/chars/98DE.json
食,A,resolved,食,食,Bộ Thực,184,self-radical,radical_learning_notes.json
飡,C,not-resolved,,,,,not-resolved,data/chars/98E1.json
飧,C,not-resolved,,,,,not-resolved,data/chars/98E7.json
飨,B,resolved,食,食,Bộ Thực,184,record-radical,data/chars/98E8.json
飬,B,resolved,食,食,Bộ Thực,184,record-radical,data/chars/98EC.json
飮,C,not-resolved,,,,,not-resolved,data/chars/98EE.json
飰,C,not-resolved,,,,,not-resolved,data/chars/98F0.json
飶,C,not-resolved,,,,,not-resolved,data/chars/98F6.json
餀,C,not-resolved,,,,,not-resolved,data/chars/9900.json
餂,C,not-resolved,,,,,not-resolved,data/chars/9902.json
餇,C,not-resolved,,,,,not-resolved,data/chars/9907.json
餈,C,not-resolved,,,,,not-resolved,data/chars/9908.json
餋,C,not-resolved,,,,,not-resolved,data/chars/990B.json
餍,B,resolved,食,食,Bộ Thực,184,record-radical,data/chars/990D.json
餐,A,resolved,食,食,Bộ Thực,184,record-radical,data/chars/9910.json
餟,C,not-resolved,,,,,not-resolved,data/chars/991F.json
餠,C,not-resolved,,,,,not-resolved,data/chars/9920.json
餤,C,not-resolved,,,,,not-resolved,data/chars/9924.json
餩,C,not-resolved,,,,,not-resolved,data/chars/9929.json
餪,C,not-resolved,,,,,not-resolved,data/chars/992A.json
餫,C,not-resolved,,,,,not-resolved,data/chars/992B.json
餮,B,resolved,食,食,Bộ Thực,184,record-radical,data/chars/992E.json
餯,C,not-resolved,,,,,not-resolved,data/chars/992F.json
餲,C,not-resolved,,,,,not-resolved,data/chars/9932.json
饄,C,not-resolved,,,,,not-resolved,data/chars/9944.json
饇,C,not-resolved,,,,,not-resolved,data/chars/9947.json
饎,C,not-resolved,,,,,not-resolved,data/chars/994E.json
饐,C,not-resolved,,,,,not-resolved,data/chars/9950.json
饔,B,resolved,食,食,Bộ Thực,184,record-radical,data/chars/9954.json
饕,B,resolved,食,食,Bộ Thực,184,record-radical,data/chars/9955.json
饙,C,not-resolved,,,,,not-resolved,data/chars/9959.json
饣,B,resolved,饣,食,Bộ Thực,184,radical-variant,radical_alias_index.json
饤,C,not-resolved,,,,,not-resolved,data/chars/9964.json
饥,A,resolved,饣,食,Bộ Thực,184,record-radical,data/chars/9965.json
饦,C,not-resolved,,,,,not-resolved,data/chars/9966.json
饧,B,resolved,饣,食,Bộ Thực,184,record-radical,data/chars/9967.json
饨,A,resolved,饣,食,Bộ Thực,184,record-radical,data/chars/9968.json
饩,B,resolved,饣,食,Bộ Thực,184,record-radical,data/chars/9969.json
饪,A,resolved,饣,食,Bộ Thực,184,record-radical,data/chars/996A.json
饫,B,resolved,饣,食,Bộ Thực,184,record-radical,data/chars/996B.json
饬,B,resolved,力,力,Bộ Lực,19,record-radical,data/chars/996C.json
饭,A,resolved,饣,食,Bộ Thực,184,record-radical,data/chars/996D.json
饮,A,resolved,饣,食,Bộ Thực,184,record-radical,data/chars/996E.json
饯,B,resolved,饣,食,Bộ Thực,184,record-radical,data/chars/996F.json
饰,A,resolved,巾,巾,Bộ Cân,50,record-radical,data/chars/9970.json
饱,A,resolved,饣,食,Bộ Thực,184,record-radical,data/chars/9971.json
饲,A,resolved,饣,食,Bộ Thực,184,record-radical,data/chars/9972.json
饴,B,resolved,饣,食,Bộ Thực,184,record-radical,data/chars/9974.json
饵,A,resolved,饣,食,Bộ Thực,184,record-radical,data/chars/9975.json
饶,A,resolved,饣,食,Bộ Thực,184,record-radical,data/chars/9976.json
饷,B,resolved,饣,食,Bộ Thực,184,record-radical,data/chars/9977.json
饸,B,resolved,饣,食,Bộ Thực,184,record-radical,data/chars/9978.json
饹,B,resolved,饣,食,Bộ Thực,184,record-radical,data/chars/9979.json
饺,A,resolved,饣,食,Bộ Thực,184,record-radical,data/chars/997A.json
饼,A,resolved,饣,食,Bộ Thực,184,record-radical,data/chars/997C.json
饽,B,resolved,饣,食,Bộ Thực,184,record-radical,data/chars/997D.json
饾,C,not-resolved,,,,,not-resolved,data/chars/997E.json
饿,A,resolved,饣,食,Bộ Thực,184,record-radical,data/chars/997F.json
馀,C,not-resolved,,,,,not-resolved,data/chars/9980.json
馁,A,resolved,饣,食,Bộ Thực,184,record-radical,data/chars/9981.json
馂,C,not-resolved,,,,,not-resolved,data/chars/9982.json
馃,C,not-resolved,,,,,not-resolved,data/chars/9983.json
馄,A,resolved,饣,食,Bộ Thực,184,record-radical,data/chars/9984.json
馅,C,not-resolved,,,,,not-resolved,data/chars/9985.json
馆,A,resolved,饣,食,Bộ Thực,184,record-radical,data/chars/9986.json
馇,B,resolved,饣,食,Bộ Thực,184,record-radical,data/chars/9987.json
馈,C,not-resolved,,,,,not-resolved,data/chars/9988.json
馊,C,not-resolved,,,,,not-resolved,data/chars/998A.json
馋,B,resolved,饣,食,Bộ Thực,184,record-radical,data/chars/998B.json
馌,C,not-resolved,,,,,not-resolved,data/chars/998C.json
馍,B,resolved,饣,食,Bộ Thực,184,record-radical,data/chars/998D.json
馎,C,not-resolved,,,,,not-resolved,data/chars/998E.json
馏,C,not-resolved,,,,,not-resolved,data/chars/998F.json
馐,B,resolved,饣,食,Bộ Thực,184,record-radical,data/chars/9990.json
馑,C,not-resolved,,,,,not-resolved,data/chars/9991.json
馒,A,resolved,饣,食,Bộ Thực,184,record-radical,data/chars/9992.json
馓,B,resolved,饣,食,Bộ Thực,184,record-radical,data/chars/9993.json
馔,B,resolved,饣,食,Bộ Thực,184,record-radical,data/chars/9994.json
馕,B,resolved,饣,食,Bộ Thực,184,record-radical,data/chars/9995.json
首,A,resolved,首,首,Bộ Thủ,185,self-radical,radical_learning_notes.json
馗,B,resolved,首,首,Bộ Thủ,185,record-radical,data/chars/9997.json
馘,C,not-resolved,,,,,not-resolved,data/chars/9998.json
香,A,resolved,香,香,Bộ Hương,186,self-radical,radical_learning_notes.json
馝,C,not-resolved,,,,,not-resolved,data/chars/999D.json
馡,C,not-resolved,,,,,not-resolved,data/chars/99A1.json
馣,C,not-resolved,,,,,not-resolved,data/chars/99A3.json
馥,B,resolved,香,香,Bộ Hương,186,record-radical,data/chars/99A5.json
馨,A,resolved,香,香,Bộ Hương,186,record-radical,data/chars/99A8.json
馯,C,not-resolved,,,,,not-resolved,data/chars/99AF.json
馲,C,not-resolved,,,,,not-resolved,data/chars/99B2.json
馵,C,not-resolved,,,,,not-resolved,data/chars/99B5.json
駄,C,not-resolved,,,,,not-resolved,data/chars/99C4.json
駅,C,not-resolved,,,,,not-resolved,data/chars/99C5.json
駆,C,not-resolved,,,,,not-resolved,data/chars/99C6.json
駋,C,not-resolved,,,,,not-resolved,data/chars/99CB.json
駗,C,not-resolved,,,,,not-resolved,data/chars/99D7.json
駜,C,not-resolved,,,,,not-resolved,data/chars/99DC.json
駠,C,not-resolved,,,,,not-resolved,data/chars/99E0.json
駬,C,not-resolved,,,,,not-resolved,data/chars/99EC.json
駯,C,not-resolved,,,,,not-resolved,data/chars/99EF.json
駴,C,not-resolved,,,,,not-resolved,data/chars/99F4.json
駵,C,not-resolved,,,,,not-resolved,data/chars/99F5.json
駹,C,not-resolved,,,,,not-resolved,data/chars/99F9.json
駻,C,not-resolved,,,,,not-resolved,data/chars/99FB.json
駽,C,not-resolved,,,,,not-resolved,data/chars/99FD.json
駾,C,not-resolved,,,,,not-resolved,data/chars/99FE.json
騃,C,not-resolved,,,,,not-resolved,data/chars/9A03.json
騆,C,not-resolved,,,,,not-resolved,data/chars/9A06.json
騇,C,not-resolved,,,,,not-resolved,data/chars/9A07.json
騉,C,not-resolved,,,,,not-resolved,data/chars/9A09.json
騋,C,not-resolved,,,,,not-resolved,data/chars/9A0B.json
騑,C,not-resolved,,,,,not-resolved,data/chars/9A11.json
騒,C,not-resolved,,,,,not-resolved,data/chars/9A12.json
験,C,not-resolved,,,,,not-resolved,data/chars/9A13.json
騕,C,not-resolved,,,,,not-resolved,data/chars/9A15.json
騗,C,not-resolved,,,,,not-resolved,data/chars/9A17.json
騘,C,not-resolved,,,,,not-resolved,data/chars/9A18.json
騢,C,not-resolved,,,,,not-resolved,data/chars/9A22.json
騺,C,not-resolved,,,,,not-resolved,data/chars/9A3A.json
驆,C,not-resolved,,,,,not-resolved,data/chars/9A46.json
驈,C,not-resolved,,,,,not-resolved,data/chars/9A48.json
驒,C,not-resolved,,,,,not-resolved,data/chars/9A52.json
驔,C,not-resolved,,,,,not-resolved,data/chars/9A54.json
驖,C,not-resolved,,,,,not-resolved,data/chars/9A56.json
驙,C,not-resolved,,,,,not-resolved,data/chars/9A59.json
马,A,resolved,马,馬,Bộ Mã,187,radical-variant,radical_alias_index.json
驭,A,resolved,马,馬,Bộ Mã,187,record-radical,data/chars/9A6D.json
驮,B,resolved,马,馬,Bộ Mã,187,record-radical,data/chars/9A6E.json
驯,A,resolved,马,馬,Bộ Mã,187,record-radical,data/chars/9A6F.json
驰,A,resolved,马,馬,Bộ Mã,187,record-radical,data/chars/9A70.json
驱,A,resolved,马,馬,Bộ Mã,187,record-radical,data/chars/9A71.json
驲,C,not-resolved,,,,,not-resolved,data/chars/9A72.json
驳,A,resolved,马,馬,Bộ Mã,187,record-radical,data/chars/9A73.json
驴,B,resolved,马,馬,Bộ Mã,187,record-radical,data/chars/9A74.json
驵,B,resolved,马,馬,Bộ Mã,187,record-radical,data/chars/9A75.json
驶,A,resolved,马,馬,Bộ Mã,187,record-radical,data/chars/9A76.json
驷,C,not-resolved,,,,,not-resolved,data/chars/9A77.json
驸,B,resolved,马,馬,Bộ Mã,187,record-radical,data/chars/9A78.json
驹,B,resolved,马,馬,Bộ Mã,187,record-radical,data/chars/9A79.json
驺,B,resolved,马,馬,Bộ Mã,187,record-radical,data/chars/9A7A.json
驻,A,resolved,马,馬,Bộ Mã,187,record-radical,data/chars/9A7B.json
驼,A,resolved,马,馬,Bộ Mã,187,record-radical,data/chars/9A7C.json
驽,B,resolved,马,馬,Bộ Mã,187,record-radical,data/chars/9A7D.json
驾,A,resolved,马,馬,Bộ Mã,187,record-radical,data/chars/9A7E.json
驿,B,resolved,马,馬,Bộ Mã,187,record-radical,data/chars/9A7F.json
骀,B,resolved,马,馬,Bộ Mã,187,record-radical,data/chars/9A80.json
骁,B,resolved,马,馬,Bộ Mã,187,record-radical,data/chars/9A81.json
骂,A,resolved,口,口,Bộ Khẩu,30,record-radical,data/chars/9A82.json
骃,C,not-resolved,,,,,not-resolved,data/chars/9A83.json
骄,C,not-resolved,,,,,not-resolved,data/chars/9A84.json
骅,B,resolved,马,馬,Bộ Mã,187,record-radical,data/chars/9A85.json
骆,A,resolved,马,馬,Bộ Mã,187,record-radical,data/chars/9A86.json
骇,A,resolved,马,馬,Bộ Mã,187,record-radical,data/chars/9A87.json
骈,C,not-resolved,,,,,not-resolved,data/chars/9A88.json
骉,C,not-resolved,,,,,not-resolved,data/chars/9A89.json
骊,B,resolved,马,馬,Bộ Mã,187,record-radical,data/chars/9A8A.json
骋,B,resolved,马,馬,Bộ Mã,187,record-radical,data/chars/9A8B.json
验,A,resolved,马,馬,Bộ Mã,187,record-radical,data/chars/9A8C.json
骍,C,not-resolved,,,,,not-resolved,data/chars/9A8D.json
骎,C,not-resolved,,,,,not-resolved,data/chars/9A8E.json
骏,A,resolved,马,馬,Bộ Mã,187,record-radical,data/chars/9A8F.json
骐,B,resolved,马,馬,Bộ Mã,187,record-radical,data/chars/9A90.json
骑,A,resolved,马,馬,Bộ Mã,187,record-radical,data/chars/9A91.json
骒,B,resolved,马,馬,Bộ Mã,187,record-radical,data/chars/9A92.json
骓,B,resolved,马,馬,Bộ Mã,187,record-radical,data/chars/9A93.json
骔,C,not-resolved,,,,,not-resolved,data/chars/9A94.json
骕,B,resolved,马,馬,Bộ Mã,187,record-radical,data/chars/9A95.json
骖,B,resolved,马,馬,Bộ Mã,187,record-radical,data/chars/9A96.json
骗,A,resolved,马,馬,Bộ Mã,187,record-radical,data/chars/9A97.json
骘,C,not-resolved,,,,,not-resolved,data/chars/9A98.json
骙,C,not-resolved,,,,,not-resolved,data/chars/9A99.json
骚,C,not-resolved,,,,,not-resolved,data/chars/9A9A.json
骛,C,not-resolved,,,,,not-resolved,data/chars/9A9B.json
骜,C,not-resolved,,,,,not-resolved,data/chars/9A9C.json
骝,B,resolved,马,馬,Bộ Mã,187,record-radical,data/chars/9A9D.json
骞,C,not-resolved,,,,,not-resolved,data/chars/9A9E.json
骟,B,resolved,马,馬,Bộ Mã,187,record-radical,data/chars/9A9F.json
骠,B,resolved,马,馬,Bộ Mã,187,record-radical,data/chars/9AA0.json
骡,B,resolved,马,馬,Bộ Mã,187,record-radical,data/chars/9AA1.json
骢,B,resolved,马,馬,Bộ Mã,187,record-radical,data/chars/9AA2.json
骣,B,resolved,马,馬,Bộ Mã,187,record-radical,data/chars/9AA3.json
骤,A,resolved,马,馬,Bộ Mã,187,record-radical,data/chars/9AA4.json
骥,B,resolved,马,馬,Bộ Mã,187,record-radical,data/chars/9AA5.json
骦,B,resolved,马,馬,Bộ Mã,187,record-radical,data/chars/9AA6.json
骧,B,resolved,马,馬,Bộ Mã,187,record-radical,data/chars/9AA7.json
骨,A,resolved,骨,骨,Bộ Cốt,188,self-radical,radical_learning_notes.json
骫,C,not-resolved,,,,,not-resolved,data/chars/9AAB.json
骭,C,not-resolved,,,,,not-resolved,data/chars/9AAD.json
骰,C,not-resolved,,,,,not-resolved,data/chars/9AB0.json
骱,C,not-resolved,,,,,not-resolved,data/chars/9AB1.json
骴,C,not-resolved,,,,,not-resolved,data/chars/9AB4.json
骶,B,resolved,骨,骨,Bộ Cốt,188,record-radical,data/chars/9AB6.json
骷,B,resolved,骨,骨,Bộ Cốt,188,record-radical,data/chars/9AB7.json
骸,B,resolved,骨,骨,Bộ Cốt,188,record-radical,data/chars/9AB8.json
骺,C,not-resolved,,,,,not-resolved,data/chars/9ABA.json
骼,B,resolved,骨,骨,Bộ Cốt,188,record-radical,data/chars/9ABC.json
骾,C,not-resolved,,,,,not-resolved,data/chars/9ABE.json
髀,C,not-resolved,,,,,not-resolved,data/chars/9AC0.json
髁,B,resolved,骨,骨,Bộ Cốt,188,record-radical,data/chars/9AC1.json
髂,B,resolved,骨,骨,Bộ Cốt,188,record-radical,data/chars/9AC2.json
髄,C,not-resolved,,,,,not-resolved,data/chars/9AC4.json
髅,B,resolved,骨,骨,Bộ Cốt,188,record-radical,data/chars/9AC5.json
髆,C,not-resolved,,,,,not-resolved,data/chars/9AC6.json
髇,C,not-resolved,,,,,not-resolved,data/chars/9AC7.json
髋,B,resolved,骨,骨,Bộ Cốt,188,record-radical,data/chars/9ACB.json
髌,B,resolved,骨,骨,Bộ Cốt,188,record-radical,data/chars/9ACC.json
髍,C,not-resolved,,,,,not-resolved,data/chars/9ACD.json
髎,C,not-resolved,,,,,not-resolved,data/chars/9ACE.json
髑,B,resolved,骨,骨,Bộ Cốt,188,record-radical,data/chars/9AD1.json
髓,A,resolved,骨,骨,Bộ Cốt,188,record-radical,data/chars/9AD3.json
高,A,resolved,高,高,Bộ Cao,189,self-radical,radical_learning_notes.json
髙,C,not-resolved,,,,,not-resolved,data/chars/9AD9.json
髝,C,not-resolved,,,,,not-resolved,data/chars/9ADD.json
髞,C,not-resolved,,,,,not-resolved,data/chars/9ADE.json
髟,B,resolved,髟,髟,Bộ Tiêu,190,self-radical,radical_learning_notes.json
髠,C,not-resolved,,,,,not-resolved,data/chars/9AE0.json
髡,B,resolved,髟,髟,Bộ Tiêu,190,record-radical,data/chars/9AE1.json
髢,C,not-resolved,,,,,not-resolved,data/chars/9AE2.json
髣,C,not-resolved,,,,,not-resolved,data/chars/9AE3.json
髦,A,resolved,髟,髟,Bộ Tiêu,190,record-radical,data/chars/9AE6.json
髧,C,not-resolved,,,,,not-resolved,data/chars/9AE7.json
髨,C,not-resolved,,,,,not-resolved,data/chars/9AE8.json
髩,C,not-resolved,,,,,not-resolved,data/chars/9AE9.json
髪,C,not-resolved,,,,,not-resolved,data/chars/9AEA.json
髫,B,resolved,髟,髟,Bộ Tiêu,190,record-radical,data/chars/9AEB.json
髭,B,resolved,髟,髟,Bộ Tiêu,190,record-radical,data/chars/9AED.json
髯,B,resolved,髟,髟,Bộ Tiêu,190,record-radical,data/chars/9AEF.json
髲,C,not-resolved,,,,,not-resolved,data/chars/9AF2.json
髳,C,not-resolved,,,,,not-resolved,data/chars/9AF3.json
髹,B,resolved,髟,髟,Bộ Tiêu,190,record-radical,data/chars/9AF9.json
髺,C,not-resolved,,,,,not-resolved,data/chars/9AFA.json
髻,B,resolved,髟,髟,Bộ Tiêu,190,record-radical,data/chars/9AFB.json
髽,C,not-resolved,,,,,not-resolved,data/chars/9AFD.json
髾,C,not-resolved,,,,,not-resolved,data/chars/9AFE.json
鬁,C,not-resolved,,,,,not-resolved,data/chars/9B01.json
鬃,B,resolved,髟,髟,Bộ Tiêu,190,record-radical,data/chars/9B03.json
鬄,C,not-resolved,,,,,not-resolved,data/chars/9B04.json
鬅,C,not-resolved,,,,,not-resolved,data/chars/9B05.json
鬈,C,not-resolved,,,,,not-resolved,data/chars/9B08.json
鬋,C,not-resolved,,,,,not-resolved,data/chars/9B0B.json
鬎,C,not-resolved,,,,,not-resolved,data/chars/9B0E.json
鬏,B,resolved,髟,髟,Bộ Tiêu,190,record-radical,data/chars/9B0F.json
鬐,C,not-resolved,,,,,not-resolved,data/chars/9B10.json
鬑,C,not-resolved,,,,,not-resolved,data/chars/9B11.json
鬒,B,resolved,髟,髟,Bộ Tiêu,190,record-radical,data/chars/9B12.json
鬓,B,resolved,髟,髟,Bộ Tiêu,190,record-radical,data/chars/9B13.json
鬖,C,not-resolved,,,,,not-resolved,data/chars/9B16.json
鬗,C,not-resolved,,,,,not-resolved,data/chars/9B17.json
鬘,C,not-resolved,,,,,not-resolved,data/chars/9B18.json
鬙,C,not-resolved,,,,,not-resolved,data/chars/9B19.json
鬟,C,not-resolved,,,,,not-resolved,data/chars/9B1F.json
鬠,C,not-resolved,,,,,not-resolved,data/chars/9B20.json
鬣,C,not-resolved,,,,,not-resolved,data/chars/9B23.json
鬫,C,not-resolved,,,,,not-resolved,data/chars/9B2B.json
鬬,C,not-resolved,,,,,not-resolved,data/chars/9B2C.json
鬯,B,resolved,鬯,鬯,Bộ Sưởng,192,self-radical,radical_learning_notes.json
鬲,B,resolved,鬲,鬲,Bộ Cách,193,self-radical,radical_learning_notes.json
鬴,C,not-resolved,,,,,not-resolved,data/chars/9B34.json
鬵,C,not-resolved,,,,,not-resolved,data/chars/9B35.json
鬷,C,not-resolved,,,,,not-resolved,data/chars/9B37.json
鬻,C,not-resolved,,,,,not-resolved,data/chars/9B3B.json
鬼,A,resolved,鬼,鬼,Bộ Quỷ,194,self-radical,radical_learning_notes.json
魀,C,not-resolved,,,,,not-resolved,data/chars/9B40.json
魁,C,not-resolved,,,,,not-resolved,data/chars/9B41.json
魂,A,resolved,鬼,鬼,Bộ Quỷ,194,record-radical,data/chars/9B42.json
魃,B,resolved,鬼,鬼,Bộ Quỷ,194,record-radical,data/chars/9B43.json
魄,A,resolved,鬼,鬼,Bộ Quỷ,194,record-radical,data/chars/9B44.json
魅,C,not-resolved,,,,,not-resolved,data/chars/9B45.json
魆,B,resolved,鬼,鬼,Bộ Quỷ,194,record-radical,data/chars/9B46.json
魇,B,resolved,鬼,鬼,Bộ Quỷ,194,record-radical,data/chars/9B47.json
魈,B,resolved,鬼,鬼,Bộ Quỷ,194,record-radical,data/chars/9B48.json
魉,B,resolved,鬼,鬼,Bộ Quỷ,194,record-radical,data/chars/9B49.json
魊,C,not-resolved,,,,,not-resolved,data/chars/9B4A.json
魋,C,not-resolved,,,,,not-resolved,data/chars/9B4B.json
魌,C,not-resolved,,,,,not-resolved,data/chars/9B4C.json
魍,B,resolved,鬼,鬼,Bộ Quỷ,194,record-radical,data/chars/9B4D.json
魏,B,resolved,鬼,鬼,Bộ Quỷ,194,record-radical,data/chars/9B4F.json
魑,B,resolved,鬼,鬼,Bộ Quỷ,194,record-radical,data/chars/9B51.json
魔,A,resolved,鬼,鬼,Bộ Quỷ,194,record-radical,data/chars/9B54.json
魖,B,resolved,鬼,鬼,Bộ Quỷ,194,record-radical,data/chars/9B56.json
魠,B,resolved,魚,魚,Bộ Ngư,195,record-radical,data/chars/9B60.json
魣,C,not-resolved,,,,,not-resolved,data/chars/9B63.json
魦,C,not-resolved,,,,,not-resolved,data/chars/9B66.json
魬,C,not-resolved,,,,,not-resolved,data/chars/9B6C.json
魭,C,not-resolved,,,,,not-resolved,data/chars/9B6D.json
魵,C,not-resolved,,,,,not-resolved,data/chars/9B75.json
魸,C,not-resolved,,,,,not-resolved,data/chars/9B78.json
鮨,B,resolved,魚,魚,Bộ Ngư,195,record-radical,data/chars/9BA8.json
鮿,C,not-resolved,,,,,not-resolved,data/chars/9BBF.json
鯆,C,not-resolved,,,,,not-resolved,data/chars/9BC6.json
鯈,C,not-resolved,,,,,not-resolved,data/chars/9BC8.json
鯙,C,not-resolved,,,,,not-resolved,data/chars/9BD9.json
鯠,C,not-resolved,,,,,not-resolved,data/chars/9BE0.json
鯥,C,not-resolved,,,,,not-resolved,data/chars/9BE5.json
鯸,C,not-resolved,,,,,not-resolved,data/chars/9BF8.json
鰅,C,not-resolved,,,,,not-resolved,data/chars/9C05.json
鰋,C,not-resolved,,,,,not-resolved,data/chars/9C0B.json
鰕,C,not-resolved,,,,,not-resolved,data/chars/9C15.json
鰛,C,not-resolved,,,,,not-resolved,data/chars/9C1B.json
鰦,C,not-resolved,,,,,not-resolved,data/chars/9C26.json
鰫,C,not-resolved,,,,,not-resolved,data/chars/9C2B.json
鰽,C,not-resolved,,,,,not-resolved,data/chars/9C3D.json
鱄,B,resolved,魚,魚,Bộ Ngư,195,record-radical,data/chars/9C44.json
鱆,C,resolved,魚,魚,Bộ Ngư,195,record-radical,data/chars/9C46.json
鱎,C,not-resolved,,,,,not-resolved,data/chars/9C4E.json
鱐,C,not-resolved,,,,,not-resolved,data/chars/9C50.json
鱥,B,resolved,魚,魚,Bộ Ngư,195,record-radical,data/chars/9C65.json
鱮,C,not-resolved,,,,,not-resolved,data/chars/9C6E.json
鱵,C,not-resolved,,,,,not-resolved,data/chars/9C75.json
鱼,A,resolved,鱼,魚,Bộ Ngư,195,radical-variant,radical_alias_index.json
鱽,C,not-resolved,,,,,not-resolved,data/chars/9C7D.json
鱿,B,resolved,鱼,魚,Bộ Ngư,195,record-radical,data/chars/9C7F.json
鲀,C,not-resolved,,,,,not-resolved,data/chars/9C80.json
鲁,A,resolved,甘,甘,Bộ Cam,99,record-radical,data/chars/9C81.json
鲂,B,resolved,鱼,魚,Bộ Ngư,195,record-radical,data/chars/9C82.json
鲃,B,resolved,鱼,魚,Bộ Ngư,195,record-radical,data/chars/9C83.json
鲅,B,resolved,鱼,魚,Bộ Ngư,195,record-radical,data/chars/9C85.json
鲆,B,resolved,鱼,魚,Bộ Ngư,195,record-radical,data/chars/9C86.json
鲇,B,resolved,鱼,魚,Bộ Ngư,195,record-radical,data/chars/9C87.json
鲈,B,resolved,鱼,魚,Bộ Ngư,195,record-radical,data/chars/9C88.json
鲊,C,not-resolved,,,,,not-resolved,data/chars/9C8A.json
鲋,B,resolved,鱼,魚,Bộ Ngư,195,record-radical,data/chars/9C8B.json
鲍,B,resolved,鱼,魚,Bộ Ngư,195,record-radical,data/chars/9C8D.json
鲎,B,resolved,鱼,魚,Bộ Ngư,195,record-radical,data/chars/9C8E.json
鲏,C,not-resolved,,,,,not-resolved,data/chars/9C8F.json
鲐,B,resolved,鱼,魚,Bộ Ngư,195,record-radical,data/chars/9C90.json
鲑,B,resolved,鱼,魚,Bộ Ngư,195,record-radical,data/chars/9C91.json
鲒,B,resolved,鱼,魚,Bộ Ngư,195,record-radical,data/chars/9C92.json
鲔,B,resolved,鱼,魚,Bộ Ngư,195,record-radical,data/chars/9C94.json
鲕,B,resolved,鱼,魚,Bộ Ngư,195,record-radical,data/chars/9C95.json
鲖,C,not-resolved,,,,,not-resolved,data/chars/9C96.json
鲗,B,resolved,鱼,魚,Bộ Ngư,195,record-radical,data/chars/9C97.json
鲘,C,not-resolved,,,,,not-resolved,data/chars/9C98.json
鲙,B,resolved,鱼,魚,Bộ Ngư,195,record-radical,data/chars/9C99.json
鲚,B,resolved,鱼,魚,Bộ Ngư,195,record-radical,data/chars/9C9A.json
鲛,B,resolved,鱼,魚,Bộ Ngư,195,record-radical,data/chars/9C9B.json
鲜,A,resolved,鱼,魚,Bộ Ngư,195,record-radical,data/chars/9C9C.json
鲝,C,not-resolved,,,,,not-resolved,data/chars/9C9D.json
鲞,B,resolved,鱼,魚,Bộ Ngư,195,record-radical,data/chars/9C9E.json
鲟,B,resolved,鱼,魚,Bộ Ngư,195,record-radical,data/chars/9C9F.json
鲠,B,resolved,鱼,魚,Bộ Ngư,195,record-radical,data/chars/9CA0.json
鲡,B,resolved,鱼,魚,Bộ Ngư,195,record-radical,data/chars/9CA1.json
鲢,B,resolved,鱼,魚,Bộ Ngư,195,record-radical,data/chars/9CA2.json
鲣,B,resolved,鱼,魚,Bộ Ngư,195,record-radical,data/chars/9CA3.json
鲤,A,resolved,鱼,魚,Bộ Ngư,195,record-radical,data/chars/9CA4.json
鲥,B,resolved,鱼,魚,Bộ Ngư,195,record-radical,data/chars/9CA5.json
鲦,B,resolved,鱼,魚,Bộ Ngư,195,record-radical,data/chars/9CA6.json
鲧,B,resolved,鱼,魚,Bộ Ngư,195,record-radical,data/chars/9CA7.json
鲨,A,resolved,鱼,魚,Bộ Ngư,195,record-radical,data/chars/9CA8.json
鲩,B,resolved,鱼,魚,Bộ Ngư,195,record-radical,data/chars/9CA9.json
鲪,C,not-resolved,,,,,not-resolved,data/chars/9CAA.json
鲫,B,resolved,鱼,魚,Bộ Ngư,195,record-radical,data/chars/9CAB.json
鲭,B,resolved,鱼,魚,Bộ Ngư,195,record-radical,data/chars/9CAD.json
鲮,B,resolved,鱼,魚,Bộ Ngư,195,record-radical,data/chars/9CAE.json
鲯,B,resolved,鱼,魚,Bộ Ngư,195,record-radical,data/chars/9CAF.json
鲰,C,not-resolved,取,,,,not-resolved,data/chars/9CB0.json
鲱,B,resolved,鱼,魚,Bộ Ngư,195,record-radical,data/chars/9CB1.json
鲲,B,resolved,鱼,魚,Bộ Ngư,195,record-radical,data/chars/9CB2.json
鲳,B,resolved,鱼,魚,Bộ Ngư,195,record-radical,data/chars/9CB3.json
鲴,B,resolved,鱼,魚,Bộ Ngư,195,record-radical,data/chars/9CB4.json
鲵,B,resolved,鱼,魚,Bộ Ngư,195,record-radical,data/chars/9CB5.json
鲶,B,resolved,鱼,魚,Bộ Ngư,195,record-radical,data/chars/9CB6.json
鲷,B,resolved,鱼,魚,Bộ Ngư,195,record-radical,data/chars/9CB7.json
鲸,B,resolved,鱼,魚,Bộ Ngư,195,record-radical,data/chars/9CB8.json
鲹,C,not-resolved,,,,,not-resolved,data/chars/9CB9.json
鲺,C,resolved,鱼,魚,Bộ Ngư,195,record-radical,data/chars/9CBA.json
鲻,B,resolved,鱼,魚,Bộ Ngư,195,record-radical,data/chars/9CBB.json
鲼,B,resolved,鱼,魚,Bộ Ngư,195,record-radical,data/chars/9CBC.json
鲽,B,resolved,鱼,魚,Bộ Ngư,195,record-radical,data/chars/9CBD.json
鲿,C,not-resolved,,,,,not-resolved,data/chars/9CBF.json
鳀,B,resolved,鱼,魚,Bộ Ngư,195,record-radical,data/chars/9CC0.json
鳁,C,not-resolved,,,,,not-resolved,data/chars/9CC1.json
鳃,B,resolved,鱼,魚,Bộ Ngư,195,record-radical,data/chars/9CC3.json
鳄,A,resolved,鱼,魚,Bộ Ngư,195,record-radical,data/chars/9CC4.json
鳅,B,resolved,鱼,魚,Bộ Ngư,195,record-radical,data/chars/9CC5.json
鳆,B,resolved,鱼,魚,Bộ Ngư,195,record-radical,data/chars/9CC6.json
鳇,B,resolved,鱼,魚,Bộ Ngư,195,record-radical,data/chars/9CC7.json
鳊,B,resolved,鱼,魚,Bộ Ngư,195,record-radical,data/chars/9CCA.json
鳋,C,resolved,鱼,魚,Bộ Ngư,195,record-radical,data/chars/9CCB.json
鳌,B,resolved,鱼,魚,Bộ Ngư,195,record-radical,data/chars/9CCC.json
鳍,B,resolved,鱼,魚,Bộ Ngư,195,record-radical,data/chars/9CCD.json
鳎,B,resolved,鱼,魚,Bộ Ngư,195,record-radical,data/chars/9CCE.json
鳏,B,resolved,鱼,魚,Bộ Ngư,195,record-radical,data/chars/9CCF.json
鳐,B,resolved,鱼,魚,Bộ Ngư,195,record-radical,data/chars/9CD0.json
鳑,B,resolved,鱼,魚,Bộ Ngư,195,record-radical,data/chars/9CD1.json
鳒,C,not-resolved,,,,,not-resolved,data/chars/9CD2.json
鳓,B,resolved,鱼,魚,Bộ Ngư,195,record-radical,data/chars/9CD3.json
鳔,B,resolved,鱼,魚,Bộ Ngư,195,record-radical,data/chars/9CD4.json
鳕,B,resolved,鱼,魚,Bộ Ngư,195,record-radical,data/chars/9CD5.json
鳖,B,resolved,鱼,魚,Bộ Ngư,195,record-radical,data/chars/9CD6.json
鳗,B,resolved,鱼,魚,Bộ Ngư,195,record-radical,data/chars/9CD7.json
鳘,B,resolved,鱼,魚,Bộ Ngư,195,record-radical,data/chars/9CD8.json
鳙,B,resolved,鱼,魚,Bộ Ngư,195,record-radical,data/chars/9CD9.json
鳛,C,not-resolved,,,,,not-resolved,data/chars/9CDB.json
鳜,B,resolved,鱼,魚,Bộ Ngư,195,record-radical,data/chars/9CDC.json
鳝,B,resolved,鱼,魚,Bộ Ngư,195,record-radical,data/chars/9CDD.json
鳞,B,resolved,鱼,魚,Bộ Ngư,195,record-radical,data/chars/9CDE.json
鳟,B,resolved,鱼,魚,Bộ Ngư,195,record-radical,data/chars/9CDF.json
鳠,C,not-resolved,,,,,not-resolved,data/chars/9CE0.json
鳢,B,resolved,鱼,魚,Bộ Ngư,195,record-radical,data/chars/9CE2.json
鳣,B,resolved,鱼,魚,Bộ Ngư,195,record-radical,data/chars/9CE3.json
鳦,C,not-resolved,,,,,not-resolved,data/chars/9CE6.json
鳫,C,not-resolved,,,,,not-resolved,data/chars/9CEB.json
鳯,C,not-resolved,,,,,not-resolved,data/chars/9CEF.json
鳷,C,not-resolved,,,,,not-resolved,data/chars/9CF7.json
鳻,C,not-resolved,,,,,not-resolved,data/chars/9CFB.json
鳽,C,not-resolved,,,,,not-resolved,data/chars/9CFD.json
鴂,B,resolved,鳥,鳥,Bộ Điểu,196,record-radical,data/chars/9D02.json
鴃,C,not-resolved,,,,,not-resolved,data/chars/9D03.json
鴄,C,not-resolved,,,,,not-resolved,data/chars/9D04.json
鴎,C,not-resolved,,,,,not-resolved,data/chars/9D0E.json
鴔,B,resolved,鳥,鳥,Bộ Điểu,196,record-radical,data/chars/9D14.json
鴗,C,not-resolved,,,,,not-resolved,data/chars/9D17.json
鴠,C,not-resolved,,,,,not-resolved,data/chars/9D20.json
鴢,C,not-resolved,,,,,not-resolved,data/chars/9D22.json
鴥,C,not-resolved,,,,,not-resolved,data/chars/9D25.json
鴪,C,not-resolved,,,,,not-resolved,data/chars/9D2A.json
鴳,C,not-resolved,,,,,not-resolved,data/chars/9D33.json
鴽,C,not-resolved,,,,,not-resolved,data/chars/9D3D.json
鵀,C,not-resolved,,,,,not-resolved,data/chars/9D40.json
鵖,C,not-resolved,,,,,not-resolved,data/chars/9D56.json
鵗,C,not-resolved,,,,,not-resolved,data/chars/9D57.json
鵙,C,not-resolved,,,,,not-resolved,data/chars/9D59.json
鵩,C,not-resolved,,,,,not-resolved,data/chars/9D69.json
鵫,C,not-resolved,,,,,not-resolved,data/chars/9D6B.json
鵵,C,not-resolved,,,,,not-resolved,data/chars/9D75.json
鵺,C,not-resolved,,,,,not-resolved,data/chars/9D7A.json
鵻,C,not-resolved,,,,,not-resolved,data/chars/9D7B.json
鶂,C,not-resolved,,,,,not-resolved,data/chars/9D82.json
鶏,C,not-resolved,,,,,not-resolved,data/chars/9D8F.json
鶒,C,not-resolved,,,,,not-resolved,data/chars/9D92.json
鶕,C,not-resolved,,,,,not-resolved,data/chars/9D95.json
鶗,C,not-resolved,,,,,not-resolved,data/chars/9D97.json
鶤,C,not-resolved,,,,,not-resolved,data/chars/9DA4.json
鶦,C,not-resolved,,,,,not-resolved,data/chars/9DA6.json
鶵,C,not-resolved,,,,,not-resolved,data/chars/9DB5.json
鶸,C,not-resolved,,,,,not-resolved,data/chars/9DB8.json
鷃,C,not-resolved,,,,,not-resolved,data/chars/9DC3.json
鷄,B,resolved,鳥,鳥,Bộ Điểu,196,record-radical,data/chars/9DC4.json
鷇,C,not-resolved,,,,,not-resolved,data/chars/9DC7.json
鷏,C,not-resolved,,,,,not-resolved,data/chars/9DCF.json
鷕,C,not-resolved,,,,,not-resolved,data/chars/9DD5.json
鷞,C,not-resolved,,,,,not-resolved,data/chars/9DDE.json
鷩,C,not-resolved,,,,,not-resolved,data/chars/9DE9.json
鷬,C,not-resolved,,,,,not-resolved,data/chars/9DEC.json
鷾,C,not-resolved,,,,,not-resolved,data/chars/9DFE.json
鸁,C,not-resolved,,,,,not-resolved,data/chars/9E01.json
鸐,C,not-resolved,,,,,not-resolved,data/chars/9E10.json
鸒,C,not-resolved,,,,,not-resolved,data/chars/9E12.json
鸓,C,not-resolved,,,,,not-resolved,data/chars/9E13.json
鸖,C,not-resolved,,,,,not-resolved,data/chars/9E16.json
鸜,C,not-resolved,,,,,not-resolved,data/chars/9E1C.json
鸟,A,resolved,鸟,鳥,Bộ Điểu,196,radical-variant,radical_alias_index.json
鸠,B,resolved,鸟,鳥,Bộ Điểu,196,record-radical,data/chars/9E20.json
鸡,A,resolved,鸟,鳥,Bộ Điểu,196,record-radical,data/chars/9E21.json
鸢,B,resolved,鸟,鳥,Bộ Điểu,196,record-radical,data/chars/9E22.json
鸣,C,not-resolved,,,,,not-resolved,data/chars/9E23.json
鸤,C,not-resolved,,,,,not-resolved,data/chars/9E24.json
鸥,A,resolved,鸟,鳥,Bộ Điểu,196,record-radical,data/chars/9E25.json
鸦,A,resolved,鸟,鳥,Bộ Điểu,196,record-radical,data/chars/9E26.json
鸧,B,resolved,鸟,鳥,Bộ Điểu,196,record-radical,data/chars/9E27.json
鸨,B,resolved,鸟,鳥,Bộ Điểu,196,record-radical,data/chars/9E28.json
鸩,B,resolved,鸟,鳥,Bộ Điểu,196,record-radical,data/chars/9E29.json
鸪,B,resolved,鸟,鳥,Bộ Điểu,196,record-radical,data/chars/9E2A.json
鸫,B,resolved,鸟,鳥,Bộ Điểu,196,record-radical,data/chars/9E2B.json
鸬,B,resolved,鸟,鳥,Bộ Điểu,196,record-radical,data/chars/9E2C.json
鸭,A,resolved,鸟,鳥,Bộ Điểu,196,record-radical,data/chars/9E2D.json
鸮,B,resolved,鸟,鳥,Bộ Điểu,196,record-radical,data/chars/9E2E.json
鸯,B,resolved,鸟,鳥,Bộ Điểu,196,record-radical,data/chars/9E2F.json
鸰,B,resolved,鸟,鳥,Bộ Điểu,196,record-radical,data/chars/9E30.json
鸱,B,resolved,鸟,鳥,Bộ Điểu,196,record-radical,data/chars/9E31.json
鸲,B,resolved,鸟,鳥,Bộ Điểu,196,record-radical,data/chars/9E32.json
鸳,B,resolved,鸟,鳥,Bộ Điểu,196,record-radical,data/chars/9E33.json
鸴,C,not-resolved,,,,,not-resolved,data/chars/9E34.json
鸵,B,resolved,鸟,鳥,Bộ Điểu,196,record-radical,data/chars/9E35.json
鸶,B,resolved,鸟,鳥,Bộ Điểu,196,record-radical,data/chars/9E36.json
鸷,B,resolved,鸟,鳥,Bộ Điểu,196,record-radical,data/chars/9E37.json
鸸,B,resolved,鸟,鳥,Bộ Điểu,196,record-radical,data/chars/9E38.json
鸹,B,resolved,鸟,鳥,Bộ Điểu,196,record-radical,data/chars/9E39.json
鸺,B,resolved,鸟,鳥,Bộ Điểu,196,record-radical,data/chars/9E3A.json
鸻,C,not-resolved,,,,,not-resolved,data/chars/9E3B.json
鸽,A,resolved,鸟,鳥,Bộ Điểu,196,record-radical,data/chars/9E3D.json
鸾,C,not-resolved,亦,,,,not-resolved,data/chars/9E3E.json
鸿,A,resolved,鸟,鳥,Bộ Điểu,196,record-radical,data/chars/9E3F.json
鹀,C,not-resolved,,,,,not-resolved,data/chars/9E40.json
鹁,B,resolved,鸟,鳥,Bộ Điểu,196,record-radical,data/chars/9E41.json
鹂,B,resolved,鸟,鳥,Bộ Điểu,196,record-radical,data/chars/9E42.json
鹃,B,resolved,鸟,鳥,Bộ Điểu,196,record-radical,data/chars/9E43.json
鹄,B,resolved,鸟,鳥,Bộ Điểu,196,record-radical,data/chars/9E44.json
鹅,A,resolved,鸟,鳥,Bộ Điểu,196,record-radical,data/chars/9E45.json
鹆,B,resolved,鸟,鳥,Bộ Điểu,196,record-radical,data/chars/9E46.json
鹇,B,resolved,鸟,鳥,Bộ Điểu,196,record-radical,data/chars/9E47.json
鹈,B,resolved,鸟,鳥,Bộ Điểu,196,record-radical,data/chars/9E48.json
鹉,B,resolved,鸟,鳥,Bộ Điểu,196,record-radical,data/chars/9E49.json
鹊,B,resolved,鸟,鳥,Bộ Điểu,196,record-radical,data/chars/9E4A.json
鹋,B,resolved,鸟,鳥,Bộ Điểu,196,record-radical,data/chars/9E4B.json
鹌,B,resolved,鸟,鳥,Bộ Điểu,196,record-radical,data/chars/9E4C.json
鹍,B,resolved,鸟,鳥,Bộ Điểu,196,record-radical,data/chars/9E4D.json
鹎,B,resolved,鸟,鳥,Bộ Điểu,196,record-radical,data/chars/9E4E.json
鹏,A,resolved,鸟,鳥,Bộ Điểu,196,record-radical,data/chars/9E4F.json
鹑,B,resolved,鸟,鳥,Bộ Điểu,196,record-radical,data/chars/9E51.json
鹒,B,resolved,鸟,鳥,Bộ Điểu,196,record-radical,data/chars/9E52.json
鹓,C,not-resolved,,,,,not-resolved,data/chars/9E53.json
鹔,B,resolved,鸟,鳥,Bộ Điểu,196,record-radical,data/chars/9E54.json
鹕,B,resolved,鸟,鳥,Bộ Điểu,196,record-radical,data/chars/9E55.json
鹖,C,not-resolved,,,,,not-resolved,data/chars/9E56.json
鹗,B,resolved,鸟,鳥,Bộ Điểu,196,record-radical,data/chars/9E57.json
鹘,B,resolved,鸟,鳥,Bộ Điểu,196,record-radical,data/chars/9E58.json
鹙,B,resolved,鸟,鳥,Bộ Điểu,196,record-radical,data/chars/9E59.json
鹚,B,resolved,鸟,鳥,Bộ Điểu,196,record-radical,data/chars/9E5A.json
鹛,B,resolved,鸟,鳥,Bộ Điểu,196,record-radical,data/chars/9E5B.json
鹜,A,resolved,鸟,鳥,Bộ Điểu,196,record-radical,data/chars/9E5C.json
鹝,C,not-resolved,,,,,not-resolved,data/chars/9E5D.json
鹞,B,resolved,鸟,鳥,Bộ Điểu,196,record-radical,data/chars/9E5E.json
鹟,C,not-resolved,,,,,not-resolved,data/chars/9E5F.json
鹠,B,resolved,鸟,鳥,Bộ Điểu,196,record-radical,data/chars/9E60.json
鹡,B,resolved,鸟,鳥,Bộ Điểu,196,record-radical,data/chars/9E61.json
鹢,C,not-resolved,,,,,not-resolved,data/chars/9E62.json
鹣,B,resolved,鸟,鳥,Bộ Điểu,196,record-radical,data/chars/9E63.json
鹤,A,resolved,鸟,鳥,Bộ Điểu,196,record-radical,data/chars/9E64.json
鹥,C,not-resolved,,,,,not-resolved,data/chars/9E65.json
鹦,B,resolved,鸟,鳥,Bộ Điểu,196,record-radical,data/chars/9E66.json
鹧,B,resolved,鸟,鳥,Bộ Điểu,196,record-radical,data/chars/9E67.json
鹨,B,resolved,鸟,鳥,Bộ Điểu,196,record-radical,data/chars/9E68.json
鹩,B,resolved,鸟,鳥,Bộ Điểu,196,record-radical,data/chars/9E69.json
鹪,B,resolved,鸟,鳥,Bộ Điểu,196,record-radical,data/chars/9E6A.json
鹫,B,resolved,鸟,鳥,Bộ Điểu,196,record-radical,data/chars/9E6B.json
鹬,B,resolved,鸟,鳥,Bộ Điểu,196,record-radical,data/chars/9E6C.json
鹭,B,resolved,鸟,鳥,Bộ Điểu,196,record-radical,data/chars/9E6D.json
鹮,B,resolved,鸟,鳥,Bộ Điểu,196,record-radical,data/chars/9E6E.json
鹯,C,not-resolved,,,,,not-resolved,data/chars/9E6F.json
鹰,A,resolved,鸟,鳥,Bộ Điểu,196,record-radical,data/chars/9E70.json
鹱,B,resolved,鸟,鳥,Bộ Điểu,196,record-radical,data/chars/9E71.json
鹲,C,not-resolved,,,,,not-resolved,data/chars/9E72.json
鹳,B,resolved,鸟,鳥,Bộ Điểu,196,record-radical,data/chars/9E73.json
鹴,B,resolved,鸟,鳥,Bộ Điểu,196,record-radical,data/chars/9E74.json
鹸,C,not-resolved,,,,,not-resolved,data/chars/9E78.json
鹾,C,not-resolved,卤,,,,not-resolved,data/chars/9E7E.json
鹿,B,resolved,鹿,鹿,Bộ Lộc,198,self-radical,radical_learning_notes.json
麀,C,not-resolved,,,,,not-resolved,data/chars/9E80.json
麁,C,not-resolved,,,,,not-resolved,data/chars/9E81.json
麂,B,resolved,鹿,鹿,Bộ Lộc,198,record-radical,data/chars/9E82.json
麃,C,not-resolved,,,,,not-resolved,data/chars/9E83.json
麄,C,not-resolved,,,,,not-resolved,data/chars/9E84.json
麅,C,not-resolved,,,,,not-resolved,data/chars/9E85.json
麇,B,resolved,鹿,鹿,Bộ Lộc,198,record-radical,data/chars/9E87.json
麈,B,resolved,鹿,鹿,Bộ Lộc,198,record-radical,data/chars/9E88.json
麋,B,resolved,鹿,鹿,Bộ Lộc,198,record-radical,data/chars/9E8B.json
麌,C,not-resolved,,,,,not-resolved,data/chars/9E8C.json
麑,C,not-resolved,,,,,not-resolved,data/chars/9E91.json
麒,B,resolved,鹿,鹿,Bộ Lộc,198,record-radical,data/chars/9E92.json
麓,C,not-resolved,林,,,,not-resolved,data/chars/9E93.json
麕,C,not-resolved,,,,,not-resolved,data/chars/9E95.json
麖,C,not-resolved,,,,,not-resolved,data/chars/9E96.json
麚,C,not-resolved,,,,,not-resolved,data/chars/9E9A.json
麛,C,not-resolved,,,,,not-resolved,data/chars/9E9B.json
麝,B,resolved,鹿,鹿,Bộ Lộc,198,record-radical,data/chars/9E9D.json
麟,B,resolved,鹿,鹿,Bộ Lộc,198,record-radical,data/chars/9E9F.json
麠,C,not-resolved,,,,,not-resolved,data/chars/9EA0.json
麣,C,not-resolved,,,,,not-resolved,data/chars/9EA3.json
麦,C,not-resolved,來,,,,not-resolved,data/chars/9EA6.json
麫,C,not-resolved,,,,,not-resolved,data/chars/9EAB.json
麭,C,not-resolved,,,,,not-resolved,data/chars/9EAD.json
麮,C,not-resolved,,,,,not-resolved,data/chars/9EAE.json
麯,B,resolved,麥,麥,Bộ Mạch,199,record-radical,data/chars/9EAF.json
麰,C,not-resolved,,,,,not-resolved,data/chars/9EB0.json
麴,B,resolved,麥,麥,Bộ Mạch,199,record-radical,data/chars/9EB4.json
麸,C,not-resolved,麦,,,,not-resolved,data/chars/9EB8.json
麺,C,not-resolved,,,,,not-resolved,data/chars/9EBA.json
麻,A,resolved,麻,麻,Bộ Ma,200,self-radical,radical_learning_notes.json
麽,C,not-resolved,么,,,,not-resolved,data/chars/9EBD.json
麾,C,not-resolved,,,,,not-resolved,data/chars/9EBE.json
麿,C,not-resolved,,,,,not-resolved,data/chars/9EBF.json
黀,C,not-resolved,,,,,not-resolved,data/chars/9EC0.json
黁,C,not-resolved,,,,,not-resolved,data/chars/9EC1.json
黄,C,not-resolved,,,,,not-resolved,data/chars/9EC4.json
黇,C,not-resolved,,,,,not-resolved,data/chars/9EC7.json
黈,C,not-resolved,,,,,not-resolved,data/chars/9EC8.json
黉,C,not-resolved,,,,,not-resolved,data/chars/9EC9.json
黍,B,resolved,黍,黍,Bộ Thử,202,self-radical,radical_learning_notes.json
黎,C,not-resolved,,,,,not-resolved,data/chars/9ECE.json
黏,B,resolved,黍,黍,Bộ Thử,202,record-radical,data/chars/9ECF.json
黐,C,not-resolved,,,,,not-resolved,data/chars/9ED0.json
黑,A,resolved,黑,黑,Bộ Hắc,203,self-radical,radical_learning_notes.json
黒,C,not-resolved,,,,,not-resolved,data/chars/9ED2.json
黓,C,not-resolved,,,,,not-resolved,data/chars/9ED3.json
黔,B,resolved,黑,黑,Bộ Hắc,203,record-radical,data/chars/9ED4.json
黕,C,not-resolved,,,,,not-resolved,data/chars/9ED5.json
黗,C,not-resolved,,,,,not-resolved,data/chars/9ED7.json
默,C,not-resolved,,,,,not-resolved,data/chars/9ED8.json
黙,C,not-resolved,,,,,not-resolved,data/chars/9ED9.json
黛,B,resolved,黑,黑,Bộ Hắc,203,record-radical,data/chars/9EDB.json
黜,B,resolved,黑,黑,Bộ Hắc,203,record-radical,data/chars/9EDC.json
黝,B,resolved,黑,黑,Bộ Hắc,203,record-radical,data/chars/9EDD.json
黟,B,resolved,黑,黑,Bộ Hắc,203,record-radical,data/chars/9EDF.json
黠,B,resolved,黑,黑,Bộ Hắc,203,record-radical,data/chars/9EE0.json
黡,C,not-resolved,,,,,not-resolved,data/chars/9EE1.json
黢,B,resolved,黑,黑,Bộ Hắc,203,record-radical,data/chars/9EE2.json
黥,B,resolved,黑,黑,Bộ Hắc,203,record-radical,data/chars/9EE5.json
黦,C,not-resolved,,,,,not-resolved,data/chars/9EE6.json
黧,B,resolved,黑,黑,Bộ Hắc,203,record-radical,data/chars/9EE7.json
黩,C,not-resolved,卖,,,,not-resolved,data/chars/9EE9.json
黪,B,resolved,黑,黑,Bộ Hắc,203,record-radical,data/chars/9EEA.json
黮,C,not-resolved,,,,,not-resolved,data/chars/9EEE.json
黯,A,resolved,黑,黑,Bộ Hắc,203,record-radical,data/chars/9EEF.json
黰,C,not-resolved,,,,,not-resolved,data/chars/9EF0.json
黱,C,not-resolved,,,,,not-resolved,data/chars/9EF1.json
黹,B,resolved,黹,黹,Bộ Chỉ,204,self-radical,radical_learning_notes.json
黻,B,resolved,黹,黹,Bộ Chỉ,204,record-radical,data/chars/9EFB.json
黼,B,resolved,黹,黹,Bộ Chỉ,204,record-radical,data/chars/9EFC.json
黾,C,not-resolved,,,,,not-resolved,data/chars/9EFE.json
鼂,B,resolved,黽,黽,Bộ Mẫn,205,record-radical,data/chars/9F02.json
鼄,C,not-resolved,,,,,not-resolved,data/chars/9F04.json
鼅,C,not-resolved,,,,,not-resolved,data/chars/9F05.json
鼋,C,not-resolved,黾,,,,not-resolved,data/chars/9F0B.json
鼍,C,not-resolved,黾,,,,not-resolved,data/chars/9F0D.json
鼎,A,resolved,鼎,鼎,Bộ Đỉnh,206,self-radical,radical_learning_notes.json
鼏,C,not-resolved,,,,,not-resolved,data/chars/9F0F.json
鼐,B,resolved,鼎,鼎,Bộ Đỉnh,206,record-radical,data/chars/9F10.json
鼒,C,not-resolved,,,,,not-resolved,data/chars/9F12.json
鼓,A,resolved,鼓,鼓,Bộ Cổ,207,self-radical,radical_learning_notes.json
鼖,C,not-resolved,,,,,not-resolved,data/chars/9F16.json
鼗,B,resolved,鼓,鼓,Bộ Cổ,207,record-radical,data/chars/9F17.json
鼙,C,not-resolved,卑,,,,not-resolved,data/chars/9F19.json
鼚,C,not-resolved,,,,,not-resolved,data/chars/9F1A.json
鼛,C,not-resolved,,,,,not-resolved,data/chars/9F1B.json
鼠,A,resolved,鼠,鼠,Bộ Thử,208,self-radical,radical_learning_notes.json
鼡,C,not-resolved,,,,,not-resolved,data/chars/9F21.json
鼢,B,resolved,鼠,鼠,Bộ Thử,208,record-radical,data/chars/9F22.json
鼩,B,resolved,鼠,鼠,Bộ Thử,208,record-radical,data/chars/9F29.json
鼪,C,not-resolved,,,,,not-resolved,data/chars/9F2A.json
鼫,C,not-resolved,,,,,not-resolved,data/chars/9F2B.json
鼬,B,resolved,鼠,鼠,Bộ Thử,208,record-radical,data/chars/9F2C.json
鼭,C,not-resolved,,,,,not-resolved,data/chars/9F2D.json
鼯,B,resolved,鼠,鼠,Bộ Thử,208,record-radical,data/chars/9F2F.json
鼱,B,resolved,鼠,鼠,Bộ Thử,208,record-radical,data/chars/9F31.json
鼷,B,resolved,鼠,鼠,Bộ Thử,208,record-radical,data/chars/9F37.json
鼹,B,resolved,鼠,鼠,Bộ Thử,208,record-radical,data/chars/9F39.json
鼻,A,resolved,鼻,鼻,Bộ Tị,209,self-radical,radical_learning_notes.json
鼽,B,resolved,鼻,鼻,Bộ Tị,209,record-radical,data/chars/9F3D.json
鼾,B,resolved,鼻,鼻,Bộ Tị,209,record-radical,data/chars/9F3E.json
齁,C,not-resolved,,,,,not-resolved,data/chars/9F41.json
齄,C,resolved,鼻,鼻,Bộ Tị,209,record-radical,data/chars/9F44.json
齆,C,not-resolved,,,,,not-resolved,data/chars/9F46.json
齇,C,not-resolved,,,,,not-resolved,data/chars/9F47.json
齈,C,not-resolved,,,,,not-resolved,data/chars/9F48.json
齉,C,not-resolved,,,,,not-resolved,data/chars/9F49.json
齌,B,resolved,火,火,Bộ Hỏa,86,record-radical,data/chars/9F4C.json
齐,C,not-resolved,,,,,not-resolved,data/chars/9F50.json
齑,B,resolved,韭,韭,Bộ Cửu,179,record-radical,data/chars/9F51.json
齚,C,not-resolved,,,,,not-resolved,data/chars/9F5A.json
齞,C,not-resolved,,,,,not-resolved,data/chars/9F5E.json
齢,C,not-resolved,,,,,not-resolved,data/chars/9F62.json
齧,B,resolved,齒,齒,Bộ Xỉ,211,record-radical,data/chars/9F67.json
齰,C,not-resolved,,,,,not-resolved,data/chars/9F70.json
齱,B,resolved,齒,齒,Bộ Xỉ,211,record-radical,data/chars/9F71.json
齵,B,resolved,齒,齒,Bộ Xỉ,211,record-radical,data/chars/9F75.json
齾,C,not-resolved,,,,,not-resolved,data/chars/9F7E.json
齿,A,resolved,止,止,Bộ Chỉ,77,record-radical,data/chars/9F7F.json
龀,C,not-resolved,齿,,,,not-resolved,data/chars/9F80.json
龁,C,not-resolved,,,,,not-resolved,data/chars/9F81.json
龂,C,not-resolved,,,,,not-resolved,data/chars/9F82.json
龃,C,not-resolved,齿,,,,not-resolved,data/chars/9F83.json
龄,C,not-resolved,齿,,,,not-resolved,data/chars/9F84.json
龅,C,not-resolved,齿,,,,not-resolved,data/chars/9F85.json
龆,C,not-resolved,齿,,,,not-resolved,data/chars/9F86.json
龇,C,not-resolved,齿,,,,not-resolved,data/chars/9F87.json
龈,C,not-resolved,齿,,,,not-resolved,data/chars/9F88.json
龉,C,not-resolved,齿,,,,not-resolved,data/chars/9F89.json
龊,B,resolved,足,足,Bộ Túc,157,record-radical,data/chars/9F8A.json
龋,C,not-resolved,齿,,,,not-resolved,data/chars/9F8B.json
龌,C,not-resolved,齿,,,,not-resolved,data/chars/9F8C.json
龒,C,not-resolved,,,,,not-resolved,data/chars/9F92.json
龖,C,not-resolved,,,,,not-resolved,data/chars/9F96.json
龘,C,not-resolved,,,,,not-resolved,data/chars/9F98.json
龙,C,not-resolved,,,,,not-resolved,data/chars/9F99.json
龚,C,not-resolved,龙,,,,not-resolved,data/chars/9F9A.json
龛,C,not-resolved,龙,,,,not-resolved,data/chars/9F9B.json
龝,C,not-resolved,,,,,not-resolved,data/chars/9F9D.json
龟,C,not-resolved,,,,,not-resolved,data/chars/9F9F.json
龠,B,resolved,龠,龠,Bộ Dược,214,self-radical,radical_learning_notes.json
龡,C,not-resolved,,,,,not-resolved,data/chars/9FA1.json
龤,C,not-resolved,,,,,not-resolved,data/chars/9FA4.json
龥,B,resolved,頁,頁,Bộ Hiệt,181,record-radical,data/chars/9FA5.json
龰,C,not-resolved,,,,,not-resolved,data/chars/9FB0.json
龶,C,not-resolved,,,,,not-resolved,data/chars/9FB6.json
龹,C,not-resolved,,,,,not-resolved,data/chars/9FB9.json
龺,C,not-resolved,,,,,not-resolved,data/chars/9FBA.json
鿏,C,not-resolved,,,,,not-resolved,data/chars/9FCF.json
鿔,C,not-resolved,,,,,not-resolved,data/chars/9FD4.json
𠂇,C,not-resolved,,,,,not-resolved,data/chars/20087.json
𠂤,C,not-resolved,,,,,not-resolved,data/chars/200A4.json
𠇹,C,not-resolved,,,,,not-resolved,data/chars/201F9.json
𠮶,C,not-resolved,,,,,not-resolved,data/chars/20BB6.json
𠯠,C,not-resolved,,,,,not-resolved,data/chars/20BE0.json
𡈼,C,not-resolved,,,,,not-resolved,data/chars/2123C.json
𡒄,C,not-resolved,,,,,not-resolved,data/chars/21484.json
𡥧,C,not-resolved,,,,,not-resolved,data/chars/21967.json
𡶴,C,not-resolved,,,,,not-resolved,data/chars/21DB4.json
𢆶,C,not-resolved,,,,,not-resolved,data/chars/221B6.json
𢇇,C,not-resolved,,,,,not-resolved,data/chars/221C7.json
𢎘,C,not-resolved,,,,,not-resolved,data/chars/22398.json
𢙐,B,resolved,忄,心,Bộ Tâm,61,record-radical,data/chars/22650.json
𢦔,C,not-resolved,,,,,not-resolved,data/chars/22994.json
𢬍,C,not-resolved,,,,,not-resolved,data/chars/22B0D.json
𣍰,C,not-resolved,,,,,not-resolved,data/chars/23370.json
𣎆,C,not-resolved,,,,,not-resolved,data/chars/23386.json
𣏟,C,not-resolved,,,,,not-resolved,data/chars/233DF.json
𣦼,C,not-resolved,,,,,not-resolved,data/chars/239BC.json
𣨼,C,not-resolved,,,,,not-resolved,data/chars/23A3C.json
𣲗,C,not-resolved,,,,,not-resolved,data/chars/23C97.json
𣲘,C,not-resolved,,,,,not-resolved,data/chars/23C98.json
𣶒,C,not-resolved,,,,,not-resolved,data/chars/23D92.json
𣸣,C,not-resolved,,,,,not-resolved,data/chars/23E23.json
𤈶,C,not-resolved,,,,,not-resolved,data/chars/24236.json
𤞤,C,not-resolved,,,,,not-resolved,data/chars/247A4.json
𤣩,C,not-resolved,,,,,not-resolved,data/chars/248E9.json
𤶊,C,not-resolved,,,,,not-resolved,data/chars/24D8A.json
𥁕,C,not-resolved,,,,,not-resolved,data/chars/25055.json
𥆧,C,not-resolved,,,,,not-resolved,data/chars/251A7.json
𥫣,C,not-resolved,,,,,not-resolved,data/chars/25AE3.json
𥬠,C,not-resolved,,,,,not-resolved,data/chars/25B20.json
𦈌,C,not-resolved,,,,,not-resolved,data/chars/2620C.json
𦈏,C,not-resolved,,,,,not-resolved,data/chars/2620F.json
𦈕,C,not-resolved,,,,,not-resolved,data/chars/26215.json
𦈡,C,not-resolved,,,,,not-resolved,data/chars/26221.json
𧏖,C,not-resolved,,,,,not-resolved,data/chars/273D6.json
𧮪,C,not-resolved,,,,,not-resolved,data/chars/27BAA.json
𧴪,C,not-resolved,,,,,not-resolved,data/chars/27D2A.json
𨀁,C,not-resolved,,,,,not-resolved,data/chars/28001.json
𨅬,C,not-resolved,,,,,not-resolved,data/chars/2816C.json
𨰿,C,not-resolved,,,,,not-resolved,data/chars/28C3F.json
𨱇,C,not-resolved,,,,,not-resolved,data/chars/28C47.json
𨱍,C,not-resolved,,,,,not-resolved,data/chars/28C4D.json
𨱏,C,not-resolved,,,,,not-resolved,data/chars/28C4F.json
𨱑,C,not-resolved,,,,,not-resolved,data/chars/28C51.json
𨱔,C,not-resolved,,,,,not-resolved,data/chars/28C54.json
𩙫,C,not-resolved,,,,,not-resolved,data/chars/2966B.json
𩠌,C,not-resolved,,,,,not-resolved,data/chars/2980C.json
𩽾,C,not-resolved,,,,,not-resolved,data/chars/29F7E.json
𩾁,C,not-resolved,,,,,not-resolved,data/chars/29F81.json
𩾃,C,not-resolved,,,,,not-resolved,data/chars/29F83.json
𩾌,C,not-resolved,,,,,not-resolved,data/chars/29F8C.json
𪟝,C,not-resolved,,,,,not-resolved,data/chars/2A7DD.json
𪣻,C,not-resolved,,,,,not-resolved,data/chars/2A8FB.json
𪧘,C,not-resolved,,,,,not-resolved,data/chars/2A9D8.json
𪨊,C,not-resolved,,,,,not-resolved,data/chars/2AA0A.json
𪨶,C,not-resolved,,,,,not-resolved,data/chars/2AA36.json
𪩘,C,not-resolved,,,,,not-resolved,data/chars/2AA58.json
𪾢,C,not-resolved,,,,,not-resolved,data/chars/2AFA2.json
𫄧,C,not-resolved,,,,,not-resolved,data/chars/2B127.json
𫄨,C,not-resolved,,,,,not-resolved,data/chars/2B128.json
𫄸,C,not-resolved,,,,,not-resolved,data/chars/2B138.json
𫍯,C,not-resolved,,,,,not-resolved,data/chars/2B36F.json
𫍲,C,not-resolved,,,,,not-resolved,data/chars/2B372.json
𫍽,C,not-resolved,,,,,not-resolved,data/chars/2B37D.json
𫐄,C,not-resolved,,,,,not-resolved,data/chars/2B404.json
𫐐,C,not-resolved,,,,,not-resolved,data/chars/2B410.json
𫐓,C,not-resolved,,,,,not-resolved,data/chars/2B413.json
𫓧,C,not-resolved,,,,,not-resolved,data/chars/2B4E7.json
𫓹,C,not-resolved,,,,,not-resolved,data/chars/2B4F9.json
𫔍,C,not-resolved,,,,,not-resolved,data/chars/2B50D.json
𫔶,C,not-resolved,,,,,not-resolved,data/chars/2B536.json
𫖮,B,resolved,頁,頁,Bộ Hiệt,181,record-radical,data/chars/2B5AE.json
𫖯,C,not-resolved,,,,,not-resolved,data/chars/2B5AF.json
𫗧,C,not-resolved,,,,,not-resolved,data/chars/2B5E7.json
𫗴,C,not-resolved,,,,,not-resolved,data/chars/2B5F4.json
𫘝,C,not-resolved,,,,,not-resolved,data/chars/2B61D.json
𫘧,C,not-resolved,,,,,not-resolved,data/chars/2B627.json
𫘨,C,not-resolved,,,,,not-resolved,data/chars/2B628.json
𫘪,C,not-resolved,,,,,not-resolved,data/chars/2B62A.json
𫚉,C,not-resolved,,,,,not-resolved,data/chars/2B689.json
𫚕,C,not-resolved,,,,,not-resolved,data/chars/2B695.json
𫚖,C,not-resolved,,,,,not-resolved,data/chars/2B696.json
𫚭,C,not-resolved,,,,,not-resolved,data/chars/2B6AD.json
𫛭,C,not-resolved,,,,,not-resolved,data/chars/2B6ED.json
𫞩,C,not-resolved,,,,,not-resolved,data/chars/2B7A9.json
𫟷,C,not-resolved,,,,,not-resolved,data/chars/2B7F7.json
𫟼,C,not-resolved,,,,,not-resolved,data/chars/2B7FC.json
𫠆,C,not-resolved,,,,,not-resolved,data/chars/2B806.json
𫠜,C,not-resolved,,,,,not-resolved,data/chars/2B81C.json
𫢸,C,not-resolved,,,,,not-resolved,data/chars/2B8B8.json
𫫇,C,not-resolved,惡,,,,not-resolved,data/chars/2BAC7.json
𫮃,C,not-resolved,,,,,not-resolved,data/chars/2BB83.json
𫷷,C,not-resolved,,,,,not-resolved,data/chars/2BDF7.json
𫸩,C,not-resolved,,,,,not-resolved,data/chars/2BE29.json
𬀩,C,not-resolved,,,,,not-resolved,data/chars/2C029.json
𬀪,C,not-resolved,,,,,not-resolved,data/chars/2C02A.json
𬂩,C,not-resolved,,,,,not-resolved,data/chars/2C0A9.json
𬇕,C,not-resolved,,,,,not-resolved,data/chars/2C1D5.json
𬉼,B,resolved,火,火,Bộ Hỏa,86,record-radical,data/chars/2C27C.json
𬊈,C,not-resolved,,,,,not-resolved,data/chars/2C288.json
𬊤,C,not-resolved,,,,,not-resolved,data/chars/2C2A4.json
𬍛,C,not-resolved,王,,,,not-resolved,data/chars/2C35B.json
𬒈,C,not-resolved,,,,,not-resolved,data/chars/2C488.json
𬕂,C,not-resolved,,,,,not-resolved,data/chars/2C542.json
𬘓,C,not-resolved,,,,,not-resolved,data/chars/2C613.json
𬘘,C,not-resolved,,,,,not-resolved,data/chars/2C618.json
𬘡,C,not-resolved,,,,,not-resolved,data/chars/2C621.json
𬘬,C,not-resolved,,,,,not-resolved,data/chars/2C62C.json
𬘭,C,not-resolved,,,,,not-resolved,data/chars/2C62D.json
𬙂,C,not-resolved,,,,,not-resolved,data/chars/2C642.json
𬙊,C,not-resolved,,,,,not-resolved,data/chars/2C64A.json
𬙋,C,not-resolved,,,,,not-resolved,data/chars/2C64B.json
𬞟,B,resolved,艹,艸,Bộ Thảo,140,record-radical,data/chars/2C79F.json
𬟁,C,not-resolved,,,,,not-resolved,data/chars/2C7C1.json
𬟽,C,not-resolved,,,,,not-resolved,data/chars/2C7FD.json
𬣙,C,not-resolved,,,,,not-resolved,data/chars/2C8D9.json
𬣞,C,not-resolved,,,,,not-resolved,data/chars/2C8DE.json
𬤊,C,not-resolved,,,,,not-resolved,data/chars/2C90A.json
𬨂,C,not-resolved,,,,,not-resolved,data/chars/2CA02.json
𬨎,C,not-resolved,,,,,not-resolved,data/chars/2CA0E.json
𬩽,C,not-resolved,,,,,not-resolved,data/chars/2CA7D.json
𬪩,C,not-resolved,,,,,not-resolved,data/chars/2CAA9.json
𬬭,C,not-resolved,,,,,not-resolved,data/chars/2CB2D.json
𬬮,C,not-resolved,,,,,not-resolved,data/chars/2CB2E.json
𬬸,C,not-resolved,,,,,not-resolved,data/chars/2CB38.json
𬬻,C,not-resolved,釒,,,,not-resolved,data/chars/2CB3B.json
𬬿,C,not-resolved,,,,,not-resolved,data/chars/2CB3F.json
𬭁,C,not-resolved,釒,,,,not-resolved,data/chars/2CB41.json
𬭊,C,not-resolved,,,,,not-resolved,data/chars/2CB4A.json
𬭎,C,not-resolved,,,,,not-resolved,data/chars/2CB4E.json
𬭚,C,not-resolved,,,,,not-resolved,data/chars/2CB5A.json
𬭛,C,not-resolved,,,,,not-resolved,data/chars/2CB5B.json
𬭤,C,not-resolved,,,,,not-resolved,data/chars/2CB64.json
𬭩,C,not-resolved,,,,,not-resolved,data/chars/2CB69.json
𬭳,C,not-resolved,,,,,not-resolved,data/chars/2CB73.json
𬭶,C,not-resolved,,,,,not-resolved,data/chars/2CB76.json
𬭸,C,not-resolved,,,,,not-resolved,data/chars/2CB78.json
𬭼,C,not-resolved,,,,,not-resolved,data/chars/2CB7C.json
𬮱,B,resolved,門,門,Bộ Môn,169,record-radical,data/chars/2CBB1.json
𬯀,C,not-resolved,,,,,not-resolved,data/chars/2CBC0.json
𬯎,C,not-resolved,,,,,not-resolved,data/chars/2CBCE.json
𬱖,C,not-resolved,,,,,not-resolved,data/chars/2CC56.json
𬱟,C,not-resolved,,,,,not-resolved,data/chars/2CC5F.json
𬳵,C,not-resolved,,,,,not-resolved,data/chars/2CCF5.json
𬳶,C,not-resolved,,,,,not-resolved,data/chars/2CCF6.json
𬳽,C,not-resolved,,,,,not-resolved,data/chars/2CCFD.json
𬴊,B,resolved,馬,馬,Bộ Mã,187,record-radical,data/chars/2CD0A.json
𬶍,C,not-resolved,,,,,not-resolved,data/chars/2CD8D.json
𬶏,C,not-resolved,,,,,not-resolved,data/chars/2CD8F.json
𬶨,B,resolved,魚,魚,Bộ Ngư,195,record-radical,data/chars/2CDA8.json
𬶭,C,not-resolved,,,,,not-resolved,data/chars/2CDAD.json
𬸚,C,not-resolved,,,,,not-resolved,data/chars/2CE1A.json
𬸣,C,not-resolved,,,,,not-resolved,data/chars/2CE23.json
𬸦,C,not-resolved,,,,,not-resolved,data/chars/2CE26.json
𬸪,C,not-resolved,,,,,not-resolved,data/chars/2CE2A.json
𬺈,B,resolved,齒,齒,Bộ Xỉ,211,record-radical,data/chars/2CE88.json
