target,pinyin,meaning,status,mainForm,name,resolutionType,componentOfCount
一,yī,một,resolved,一,Bộ Nhất,self-radical,4
丁,dīng,thứ tư,not-resolved,,,not-resolved,0
七,qī,bảy,not-resolved,,,not-resolved,0
万,wàn,Mười ngàn,not-resolved,,,not-resolved,0
丈,zhàng,"đơn vị đo chiều dài, bằng mười thước Trung Quốc (3,3 m); đo lường",resolved,十,Bộ Thập,record-radical,2
三,sān,ba,not-resolved,,,not-resolved,0
上,shàng,trên,not-resolved,,,not-resolved,0
下,xià,sau,not-resolved,,,not-resolved,0
不,bù,không,not-resolved,,,not-resolved,0
与,yǔ,"và, với",not-resolved,,,not-resolved,0
丐,gài,ăn xin; người ăn xin,not-resolved,,,not-resolved,0
丑,Chǒu,họ [Chou3],not-resolved,,,not-resolved,0
专,zhuān,"cho một người, dịp, mục đích cụ thể; tập trung vào một việc",not-resolved,,,not-resolved,0
且,qiě,thậm chí,not-resolved,,,not-resolved,0
世,Shì,họ [Shi4],not-resolved,,,not-resolved,0
丘,Qiū,họ [Qiu1],not-resolved,,,not-resolved,0
丙,bǐng,thứ ba,not-resolved,,,not-resolved,0
业,yè,ngành công nghiệp,not-resolved,,,not-resolved,0
丛,cóng,"bụi, cụm",resolved,一,Bộ Nhất,record-radical,4
东,dōng,đông,not-resolved,,,not-resolved,0
丝,sī,sợi,resolved,糸,Bộ Mịch,record-radical,24
丢,diū,"đánh rơi, mất",resolved,一,Bộ Nhất,record-radical,4
两,liǎng,hai,not-resolved,,,not-resolved,0
严,yán,nghiêm khắc,not-resolved,,,not-resolved,0
丧,sāng,đồ tang; đám tang,not-resolved,,,not-resolved,0
丨,shù,Bộ cổn,resolved,丨,"Bộ Thụ, Cổn",self-radical,1
个,gè,"miếng, đơn vị (một từ để đo)",not-resolved,,,not-resolved,0
丫,yā,nhánh; rẽ,not-resolved,,,not-resolved,0
中,zhōng,trong,not-resolved,,,not-resolved,0
丰,fēng,sum suê; đẫy đà,not-resolved,,,not-resolved,0
串,chuàn,chuỗi,not-resolved,,,not-resolved,0
临,lín,sắp,not-resolved,,,not-resolved,0
丶,zhǔ,"Phàm cái gì cần có phân biệt, sự gì cần biết nên chăng, lòng đã có định, thì đánh dấu chữ ""chủ"" để nhớ lấy",resolved,丶,Bộ Chủ,self-radical,0
丸,wán,viên thuốc,not-resolved,,,not-resolved,0
丹,dān,đỏ; viên thuốc,not-resolved,,,not-resolved,0
为,wèi,cho,resolved,又,Bộ Hựu,record-radical,17
主,zhǔ,"quản lý, chịu trách nhiệm",not-resolved,,,not-resolved,0
丽,Lí,Hàn Quốc,not-resolved,,,not-resolved,0
举,jǔ,"trích dẫn, liệt kê",resolved,手,Bộ Thủ,record-radical,24
丿,piě,"Ta gọi là cái phẩy, là một nét phẩy của chữ",resolved,丿,"Bộ Phách, Phiệt",self-radical,0
乃,nǎi,không gì khác hơn,not-resolved,,,not-resolved,0
久,jiǔ,"lâu, đã lâu",not-resolved,,,not-resolved,0
么,má,trợ từ cảm thán cuối câu,not-resolved,,,not-resolved,0
义,Yì,"họ [Yi4]; (Đài Loan) viết tắt của 義大利|义大利[Yi4da4li4], Ý",resolved,羊,Bộ Dương,record-radical,5
之,zhī,của,not-resolved,,,not-resolved,0
乌,Wū,viết tắt của Ukraine 烏克蘭|乌克兰[Wu1ke4lan2]; họ [Wu1],not-resolved,,,not-resolved,0
乎,hū,(trợ từ cổ điển tương tự 於|于[yu2]) trong; tại,not-resolved,,,not-resolved,0
乏,fá,"Mệt mỏi, thiếu thốn, không đủ",not-resolved,,,not-resolved,0
乐,lè,vui vẻ,resolved,幺,Bộ Yêu,record-radical,1
乒,pīng,(từ tượng thanh) ping; bing,not-resolved,,,not-resolved,0
乓,pāng,(từ tượng thanh) băng,not-resolved,,,not-resolved,0
乔,Qiáo,họ [Qiao2],resolved,大,Bộ Đại,record-radical,12
乖,guāi,ngoan,not-resolved,,,not-resolved,0
乘,chéng,đi,resolved,人,Bộ Nhân,record-radical,24
乙,yǐ,hai,resolved,乙,Bộ Ất,self-radical,0
九,jiǔ,chín,not-resolved,,,not-resolved,0
乞,qǐ,ăn xin,not-resolved,,,not-resolved,0
也,yě,cũng,not-resolved,,,not-resolved,0
习,Xí,họ [Xi2],resolved,羽,Bộ Vũ,record-radical,8
乡,xiāng,nông thôn; quê hương,resolved,卩,Bộ Tiết,record-radical,3
书,shū,sách,resolved,聿,Bộ Duật,record-radical,4
买,mǎi,mua,resolved,网,Bộ Võng,record-radical,5
乱,luàn,bừa bãi,resolved,舌,Bộ Thiệt,record-radical,3
乳,rǔ,vú; sữa,not-resolved,,,not-resolved,0
亅,shù,Tức là cái nét xổ có móc,resolved,亅,Bộ Quyết,self-radical,0
了,le,"trợ từ ""le""",not-resolved,,,not-resolved,0
予,yǔ,"cho, ban cho, cấp cho",not-resolved,,,not-resolved,0
争,zhēng,tranh đấu,resolved,又,Bộ Hựu,record-radical,17
事,shì,việc,not-resolved,,,not-resolved,0
二,èr,hai,resolved,二,Bộ Nhị,self-radical,2
于,yú,ở,not-resolved,,,not-resolved,0
亏,kuī,lỗ (tiền); bị thiếu hụt; bị thiếu,not-resolved,,,not-resolved,0
云,yún,mây,not-resolved,,,not-resolved,0
互,hù,lẫn nhau,not-resolved,,,not-resolved,0
五,wǔ,năm,not-resolved,,,not-resolved,0
井,jǐng,cái giếng,not-resolved,,,not-resolved,0
亚,Yà,châu Á; người châu Á,not-resolved,,,not-resolved,0
些,xiē,một vài,not-resolved,,,not-resolved,0
亠,tóu,Không có ý nghĩa riêng,resolved,亠,Bộ Đầu,self-radical,0
亡,wáng,chết; mất,not-resolved,,,not-resolved,0
交,jiāo,giao,not-resolved,,,not-resolved,0
亦,yì,cũng,resolved,大,Bộ Đại,record-radical,12
产,chǎn,sản xuất,resolved,生,Bộ Sinh,record-radical,1
亩,mǔ,mẫu (đơn vị diện tích = 1/15 ha),resolved,田,Bộ Điền,record-radical,10
享,xiǎng,tận hưởng,not-resolved,,,not-resolved,0
京,Jīng,họ [Jing1]; dân tộc Jing,not-resolved,,,not-resolved,0
亭,tíng,đình; quầy,not-resolved,,,not-resolved,0
亮,liàng,sáng; phát sáng,resolved,人,Bộ Nhân,record-radical,24
亲,qīn,liên quan đến huyết thống,resolved,辛,Bộ Tân,record-radical,5
人,rén,người,resolved,人,Bộ Nhân,self-radical,24
亻,rén,"Người, hành vi, quan hệ.",resolved,人,Bộ Nhân,radical-variant,24
亿,yì,một trăm triệu,resolved,人,Bộ Nhân,record-radical,24
什,shén,gì,resolved,人,Bộ Nhân,record-radical,24
仁,rén,"nhân (lòng nhân ái, lòng thương người)",not-resolved,,,not-resolved,0
仅,jǐn,chỉ,resolved,人,Bộ Nhân,record-radical,24
仆,pū,ngã sấp; ngã nhào,resolved,人,Bộ Nhân,record-radical,24
仇,chóu,kẻ thù,resolved,人,Bộ Nhân,record-radical,24
今,jīn,bây giờ; thời gian hiện tại,not-resolved,,,not-resolved,0
介,jiè,giới thiệu; nằm giữa,resolved,人,Bộ Nhân,record-radical,24
仍,réng,vẫn,not-resolved,,,not-resolved,0
从,cóng,từ,not-resolved,,,not-resolved,0
仑,lún,sắp xếp,not-resolved,,,not-resolved,0
仓,cāng,kho; thương khố,not-resolved,,,not-resolved,0
仔,zǎi,biến thể của 崽[zai3]; (tiếng địa phương) (hình thức kết hợp) chàng trai,resolved,人,Bộ Nhân,record-radical,24
他,tā,anh ấy,resolved,人,Bộ Nhân,record-radical,24
仗,zhàng,"Dựa vào, cậy vào; trận (chiến)",resolved,人,Bộ Nhân,record-radical,24
付,fù,trả,resolved,人,Bộ Nhân,record-radical,24
仙,xiān,tiên,resolved,人,Bộ Nhân,record-radical,24
代,dài,thay mặt,resolved,人,Bộ Nhân,record-radical,24
令,lìng,mệnh lệnh,resolved,口,Bộ Khẩu,record-radical,24
以,yǐ,"vì, cho, bởi",not-resolved,,,not-resolved,0
仪,yí,thiết bị; nghi thức,not-resolved,,,not-resolved,0
们,men,một hậu tố chỉ số nhiều,resolved,人,Bộ Nhân,record-radical,24
仰,yǎng,ngẩng mặt lên,not-resolved,,,not-resolved,0
仲,Zhòng,họ [Zhong4],not-resolved,,,not-resolved,0
件,jiàn,"cái, chiếc",resolved,人,Bộ Nhân,record-radical,24
价,jià,giá trị; giá,resolved,人,Bộ Nhân,record-radical,24
任,rèn,phục vụ trong một vị trí,resolved,人,Bộ Nhân,record-radical,24
份,fèn,phần,resolved,人,Bộ Nhân,record-radical,24
仿,fǎng,bắt chước,resolved,人,Bộ Nhân,record-radical,24
企,qǐ,(hình thức ràng buộc) nhón chân và nhìn; mong chờ; trông đợi; viết tắt của 企業|企业[qi3 ye4],resolved,人,Bộ Nhân,record-radical,24
伊,Yī,"họ [Yi1]; viết tắt của 伊拉克[Yi1la1ke4], Iraq",resolved,人,Bộ Nhân,record-radical,24
伍,Wǔ,họ [Wu3],not-resolved,,,not-resolved,0
伏,Fú,họ [Fu2],not-resolved,,,not-resolved,0
伐,fá,chặt; hạ xuống,not-resolved,,,not-resolved,0
休,Xiū,họ [Xiu1],resolved,人,Bộ Nhân,record-radical,24
众,Zhòng,"viết tắt của 眾議院|众议院[Zhong4 yi4 yuan4], Hạ nghị viện",resolved,人,Bộ Nhân,record-radical,24
优,yōu,tuyệt vời,resolved,人,Bộ Nhân,record-radical,24
伙,huǒ,bạn,resolved,人,Bộ Nhân,record-radical,24
会,huì,có thể,not-resolved,,,not-resolved,0
伞,sǎn,cái ô,not-resolved,,,not-resolved,0
伟,wěi,to; lớn,resolved,人,Bộ Nhân,record-radical,24
传,chuán,truyền,resolved,人,Bộ Nhân,record-radical,24
伤,shāng,vết thương,resolved,人,Bộ Nhân,record-radical,24
伦,lún,mối quan hệ giữa người với người; trật tự,resolved,人,Bộ Nhân,record-radical,24
伪,wěi,giả; giả mạo,resolved,人,Bộ Nhân,record-radical,24
伯,bà,biến thể của 霸[ba4],resolved,人,Bộ Nhân,record-radical,24
估,gū,ước lượng,resolved,人,Bộ Nhân,record-radical,24
伴,bàn,bạn đồng hành; đồng chí; cộng sự; đồng hành,resolved,人,Bộ Nhân,record-radical,24
伸,shēn,duỗi ra,not-resolved,,,not-resolved,0
伺,cì,dùng trong 伺候[ci4hou5],resolved,人,Bộ Nhân,record-radical,24
似,shì,dùng trong 似的[shi4de5],resolved,人,Bộ Nhân,record-radical,24
但,dàn,nhưng,resolved,人,Bộ Nhân,record-radical,24
位,wèi,vị (từ để chỉ người kính trọng),resolved,人,Bộ Nhân,record-radical,24
低,dī,thấp,resolved,人,Bộ Nhân,record-radical,24
住,zhù,"Sống, cư trú",resolved,人,Bộ Nhân,record-radical,24
佐,zuǒ,hỗ trợ; trợ lý,resolved,人,Bộ Nhân,record-radical,24
佑,yòu,(hình thức kết hợp) phù hộ; bảo vệ,resolved,人,Bộ Nhân,record-radical,24
体,tǐ,cơ thể; hình thức,resolved,人,Bộ Nhân,record-radical,24
何,Hé,họ [He2],resolved,人,Bộ Nhân,record-radical,24
余,yú,dư thừa,not-resolved,,,not-resolved,0
佛,fó,Phật,resolved,人,Bộ Nhân,record-radical,24
作,zuō,(hình thức kết hợp) công nhân; (hình thức kết hợp) xưởng,resolved,人,Bộ Nhân,record-radical,24
佞,nìng,tâng bốc; xu nịnh,not-resolved,,,not-resolved,0
你,nǐ,bạn,resolved,人,Bộ Nhân,record-radical,24
佣,yòng,tiền hoa hồng (cho người môi giới); phí môi giới,not-resolved,,,not-resolved,0
佩,pèi,"kính trọng; đeo (thắt lưng,...)",not-resolved,,,not-resolved,0
佳,jiā,"tốt đẹp, tuyệt vời",resolved,人,Bộ Nhân,record-radical,24
使,shǐ,khiến,resolved,人,Bộ Nhân,record-radical,24
侃,kǎn,ngay thẳng và trung thực; vui vẻ,not-resolved,,,not-resolved,0
侄,zhí,biến thể của 姪|侄[zhi2],resolved,人,Bộ Nhân,record-radical,24
侈,chǐ,xa hoa; lãng phí,not-resolved,,,not-resolved,0
例,lì,ví dụ; tiền lệ,resolved,人,Bộ Nhân,record-radical,24
侍,shì,phục vụ; chăm sóc,resolved,人,Bộ Nhân,record-radical,24
供,gōng,cung cấp,resolved,人,Bộ Nhân,record-radical,24
依,yī,dựa theo,resolved,人,Bộ Nhân,record-radical,24
侠,xiá,hiệp sĩ; dũng cảm và hào hiệp,resolved,人,Bộ Nhân,record-radical,24
侣,lǚ,bạn đồng hành,resolved,人,Bộ Nhân,record-radical,24
侦,zhēn,do thám; phát hiện,resolved,人,Bộ Nhân,record-radical,24
侧,cè,bên cạnh,resolved,人,Bộ Nhân,record-radical,24
侨,qiáo,người di cư; cư trú ở nước ngoài,resolved,人,Bộ Nhân,record-radical,24
侮,wǔ,lăng mạ; chế nhạo,not-resolved,,,not-resolved,0
侵,qīn,xâm lược; xâm phạm,not-resolved,,,not-resolved,0
便,biàn,tiện lợi,resolved,人,Bộ Nhân,record-radical,24
促,cù,(hình thức kết hợp) thời gian ngắn; vội vàng; nhanh chóng; (hình thức kết hợp) thúc giục; thúc đẩy,not-resolved,,,not-resolved,0
俄,E,Nga; tiếng Nga,resolved,人,Bộ Nhân,record-radical,24
俊,jùn,đẹp,resolved,人,Bộ Nhân,record-radical,24
俏,qiào,ưa nhìn; quyến rũ,not-resolved,,,not-resolved,0
俗,sú,phong tục,resolved,人,Bộ Nhân,record-radical,24
俘,fú,bắt làm tù binh; tù binh chiến tranh,resolved,人,Bộ Nhân,record-radical,24
保,bǎo,bảo quản,resolved,人,Bộ Nhân,record-radical,24
信,xìn,thư,resolved,人,Bộ Nhân,record-radical,24
俩,liǎ,hai,resolved,人,Bộ Nhân,record-radical,24
俭,jiǎn,(hình thức kết hợp) tiết kiệm; tằn tiện,resolved,人,Bộ Nhân,record-radical,24
修,xiū,sửa chữa,resolved,彡,Bộ Sam,record-radical,7
俯,fǔ,biến thể của 俯[fu3],resolved,人,Bộ Nhân,record-radical,24
俱,jù,(văn học) tất cả; cả hai; hoàn toàn; không ngoại lệ; (văn học) cùng nhau,resolved,人,Bộ Nhân,record-radical,24
倍,bèi,"lần, bội số",not-resolved,,,not-resolved,0
倒,dǎo,"ngã, đổ; lộn ngược",resolved,人,Bộ Nhân,record-radical,24
倔,juè,bướng bỉnh,not-resolved,,,not-resolved,0
倘,tǎng,"Nếu, giả sử, nếu như",resolved,人,Bộ Nhân,record-radical,24
候,hòu,đợi; hỏi thăm,resolved,人,Bộ Nhân,record-radical,24
倚,yǐ,dựa vào,resolved,人,Bộ Nhân,record-radical,24
借,jiè,"vay, mượn",resolved,人,Bộ Nhân,record-radical,24
倡,chàng,khởi xướng; kích động,not-resolved,,,not-resolved,0
倦,juàn,mệt mỏi,not-resolved,,,not-resolved,0
倪,Ní,họ [Ni2],not-resolved,,,not-resolved,0
债,zhài,nợ,not-resolved,,,not-resolved,0
值,zhí,"giá, giá trị",resolved,人,Bộ Nhân,record-radical,24
倾,qīng,lật đổ; sụp đổ,resolved,人,Bộ Nhân,record-radical,24
假,jiǎ,giả; giả mạo; giả vờ,resolved,人,Bộ Nhân,record-radical,24
偏,piān,nghiêng,resolved,人,Bộ Nhân,record-radical,24
做,zuò,làm,not-resolved,,,not-resolved,0
停,tíng,dừng; đậu xe,resolved,人,Bộ Nhân,record-radical,24
健,jiàn,khỏe mạnh; làm cho cường tráng,resolved,人,Bộ Nhân,record-radical,24
偶,ǒu,tình cờ; hình ảnh,resolved,人,Bộ Nhân,record-radical,24
偷,tōu,ăn cắp,resolved,人,Bộ Nhân,record-radical,24
偿,cháng,hoàn trả; bồi thường,resolved,人,Bộ Nhân,record-radical,24
傅,Fù,họ [Fu4],not-resolved,,,not-resolved,0
傍,bàng,gần; cặp kè,not-resolved,,,not-resolved,0
储,Chǔ,họ [Chu3]; tiếng Đài Loan [Chu2],resolved,人,Bộ Nhân,record-radical,24
催,cuī,"thúc giục, thúc đẩy",resolved,人,Bộ Nhân,record-radical,24
傲,ào,tự hào,resolved,人,Bộ Nhân,record-radical,24
傻,shǎ,ngu ngốc,resolved,人,Bộ Nhân,record-radical,24
像,xiàng,giống như,resolved,人,Bộ Nhân,record-radical,24
僚,Liáo,họ [Liao2],resolved,人,Bộ Nhân,record-radical,24
僧,sēng,(hình thức kết hợp) nhà sư (viết tắt của 僧伽[seng1 qie2]),resolved,人,Bộ Nhân,record-radical,24
僵,jiāng,bế tắc,resolved,人,Bộ Nhân,record-radical,24
僻,pì,(hình thức kết hợp) hẻo lánh; xa xôi,resolved,人,Bộ Nhân,record-radical,24
儒,rú,học giả; người theo Nho giáo,resolved,人,Bộ Nhân,record-radical,24
儿,rén,"biến thể của 人[ren2]; bộ ""nhân"" trong chữ Hán (bộ Khang Hy số 10), xuất hiện trong 兒, 兀, 兄, v.v.",resolved,儿,Bộ Nhi,self-radical,1
兀,Wù,họ [Wu4],not-resolved,,,not-resolved,0
允,yǔn,công bằng; công chính,not-resolved,,,not-resolved,0
元,yuán,nhân dân tệ,not-resolved,,,not-resolved,0
兄,xiōng,anh trai,resolved,口,Bộ Khẩu,record-radical,24
充,chōng,đổ đầy,resolved,子,"Bộ Tử, Tý",record-radical,7
兆,Zhào,họ [Zhao4],not-resolved,,,not-resolved,0
先,xiān,trước,resolved,止,Bộ Chỉ,record-radical,8
光,guāng,ánh sáng,resolved,火,Bộ Hỏa,record-radical,24
克,kè,gam,not-resolved,,,not-resolved,0
免,miǎn,miễn,not-resolved,,,not-resolved,0
兑,Duì,họ [Dui4],resolved,八,Bộ Bát,record-radical,3
兔,tù,biến thể của 兔[tu4],not-resolved,,,not-resolved,0
党,dǎng,đảng,resolved,儿,Bộ Nhi,record-radical,1
兜,dōu,di chuyển xung quanh,not-resolved,,,not-resolved,0
兢,jīng,lo sợ; e ngại,not-resolved,,,not-resolved,0
入,rù,đi vào,resolved,入,Bộ Nhập,self-radical,2
全,quán,toàn bộ,resolved,入,Bộ Nhập,record-radical,2
八,bā,tám,resolved,八,Bộ Bát,self-radical,3
公,gōng,đực,not-resolved,,,not-resolved,0
六,liù,sáu,not-resolved,,,not-resolved,0
兰,Lán,"họ [Lan2]; viết tắt của Lan Châu 蘭州|兰州[Lan2zhou1], Cam Túc",resolved,艸,Bộ Thảo,record-radical,24
共,gòng,cùng nhau,not-resolved,,,not-resolved,0
关,guān,đóng,resolved,門,Bộ Môn,record-radical,15
兴,Xīng,họ [Xing1],not-resolved,,,not-resolved,0
兵,bīng,lính,resolved,斤,Bộ Cân,record-radical,6
其,qí,của anh ấy; của cô ấy,not-resolved,,,not-resolved,0
具,jù,"lượng từ cho xác chết, quan tài, bộ xương; có, đầy đủ (ít dùng)",resolved,鼎,Bộ Đỉnh,record-radical,2
典,diǎn,kinh điển; pháp luật,not-resolved,,,not-resolved,0
兹,zī,này,not-resolved,,,not-resolved,0
养,yǎng,nuôi dưỡng,not-resolved,,,not-resolved,0
兼,jiān,kiêm nhiệm,resolved,禾,Bộ Hòa,record-radical,24
兽,shòu,quái thú; động vật,not-resolved,,,not-resolved,0
冂,gōng,"Ðất ở xa ngoài bờ cõi tường thành, tượng trưng hình bao tường thành.Miền ở ngoài rừng",resolved,冂,Bộ Quynh,self-radical,1
内,nèi,bên trong,resolved,入,Bộ Nhập,record-radical,2
冈,gāng,rặng; đồi,resolved,山,Bộ Sơn,record-radical,20
册,cè,tập sách,not-resolved,,,not-resolved,0
再,zài,lại,resolved,二,Bộ Nhị,record-radical,2
冒,mào,xuất hiện,not-resolved,,,not-resolved,0
冖,mì,trùm khăn lên đâu,resolved,冖,Bộ Mật,self-radical,2
冗,rǒng,không cần thiết; thừa,not-resolved,,,not-resolved,0
写,xiě,viết,resolved,冖,Bộ Mật,record-radical,2
军,jūn,(hình thức kết hợp) quân đội; quân sự,resolved,冖,Bộ Mật,record-radical,2
农,Nóng,họ [Nong2],resolved,辰,"Bộ Thần, Thìn",record-radical,1
冠,Guàn,họ [Guan4],not-resolved,,,not-resolved,0
冤,yuān,"xui xẻo, mất mát",not-resolved,,,not-resolved,0
冥,míng,biến thể cũ của 冥[ming2],not-resolved,,,not-resolved,0
冫,bīng,"băng tuyết, nước đá",resolved,冫,Bộ Băng,self-radical,14
冬,dōng,mùa đông,resolved,夂,Bộ Tuy,record-radical,4
冰,bīng,"băng, đá",resolved,水,Bộ Thủy,record-radical,24
冲,chōng,lao tới,resolved,冫,Bộ Băng,record-radical,14
决,jué,"Quyết (không), nhất định (không)",resolved,冫,Bộ Băng,record-radical,14
况,kuàng,hơn nữa; tình hình,resolved,冫,Bộ Băng,record-radical,14
冶,yě,nấu chảy; đúc,not-resolved,,,not-resolved,0
冷,lěng,lạnh,resolved,冫,Bộ Băng,record-radical,14
冻,dòng,đông lạnh,resolved,冫,Bộ Băng,record-radical,14
净,jìng,làm sạch,resolved,冫,Bộ Băng,record-radical,14
凄,qī,lạnh thấu xương; băng giá,resolved,冫,Bộ Băng,record-radical,14
准,zhǔn,chính xác,resolved,冫,Bộ Băng,record-radical,14
凉,liáng,mát,resolved,冫,Bộ Băng,record-radical,14
凌,Líng,họ [Ling2],resolved,冫,Bộ Băng,record-radical,14
减,jiǎn,giảm,resolved,冫,Bộ Băng,record-radical,14
凑,còu,tập hợp,resolved,冫,Bộ Băng,record-radical,14
凛,lǐn,lạnh; rùng mình vì lạnh,resolved,冫,Bộ Băng,record-radical,14
凝,níng,đông lại; tập trung chú ý,resolved,冫,Bộ Băng,record-radical,14
几,jǐ,bao nhiêu,resolved,几,Bộ Kỷ,self-radical,3
凡,fán,mọi,not-resolved,,,not-resolved,0
凤,Fèng,họ [Feng4],resolved,又,Bộ Hựu,record-radical,17
凭,píng,dựa vào,not-resolved,,,not-resolved,0
凯,Kǎi,họ [Kai3],resolved,几,Bộ Kỷ,record-radical,3
凰,huáng,phượng hoàng,resolved,几,Bộ Kỷ,record-radical,3
凳,dèng,ghế dài; đôn,resolved,几,Bộ Kỷ,record-radical,3
凵,kăn,Há miệng,resolved,凵,Bộ Khảm,self-radical,0
凶,xiōng,dữ dội,not-resolved,,,not-resolved,0
凸,tū,lồi,not-resolved,,,not-resolved,0
凹,āo,lõm,not-resolved,,,not-resolved,0
出,chū,ra ngoài,resolved,止,Bộ Chỉ,record-radical,8
击,jī,"đánh, đập, tấn công",not-resolved,,,not-resolved,0
函,hán,phong bì; hộp,not-resolved,,,not-resolved,0
凿,záo,đục,not-resolved,,,not-resolved,0
刀,dāo,dao,resolved,刀,Bộ Đao,self-radical,24
刁,Diāo,họ [Diao1],not-resolved,,,not-resolved,0
刂,dāo,con dao.,resolved,刀,Bộ Đao,radical-variant,24
分,fēn,sự khác biệt; phân biệt,resolved,八,Bộ Bát,record-radical,3
切,qiē,cắt,resolved,刀,Bộ Đao,record-radical,24
刊,kān,in; xuất bản,resolved,刀,Bộ Đao,record-radical,24
刑,Xíng,họ [Xing2],resolved,刀,Bộ Đao,record-radical,24
划,huá,chèo,resolved,刀,Bộ Đao,record-radical,24
列,liè,hàng,resolved,刀,Bộ Đao,record-radical,24
则,zé,thay vào đó,resolved,鼎,Bộ Đỉnh,record-radical,2
刚,gāng,vừa mới,resolved,刀,Bộ Đao,record-radical,24
创,chuàng,khởi xướng,resolved,刀,Bộ Đao,record-radical,24
初,chū,bắt đầu,resolved,衣,Bộ Y,record-radical,22
删,shān,xóa bỏ,not-resolved,,,not-resolved,0
判,pàn,quyết định,resolved,刀,Bộ Đao,record-radical,24
刨,páo,bào,resolved,刀,Bộ Đao,record-radical,24
利,lì,lợi ích,resolved,禾,Bộ Hòa,record-radical,24
别,bié,đừng,not-resolved,,,not-resolved,0
刮,guā,cạo,resolved,刀,Bộ Đao,record-radical,24
到,dào,đến,resolved,至,Bộ Chí,record-radical,1
制,zhì,hệ thống,resolved,木,Bộ Mộc,record-radical,24
刷,shuā,sơn,resolved,刀,Bộ Đao,record-radical,24
券,quàn,"chứng chỉ, vé",resolved,刀,Bộ Đao,record-radical,24
刹,chà,"chùa, đền hoặc miếu Phật giáo (viết tắt của 剎多羅|刹多罗[cha4duo1luo2], tiếng Phạn ""ksetra"")",resolved,刀,Bộ Đao,record-radical,24
刺,cì,đâm,resolved,刀,Bộ Đao,record-radical,24
刻,kè,một phần tư,resolved,刀,Bộ Đao,record-radical,24
剂,jì,chế phẩm,resolved,刀,Bộ Đao,record-radical,24
剃,tì,cạo,resolved,刀,Bộ Đao,record-radical,24
削,xiāo,gọt; bào,resolved,刀,Bộ Đao,record-radical,24
前,qián,trước,resolved,止,Bộ Chỉ,record-radical,8
剑,jiàn,kiếm,resolved,刀,Bộ Đao,record-radical,24
剔,tī,"bóc thịt khỏi xương; xỉa (răng,...)",resolved,刀,Bộ Đao,record-radical,24
剖,pōu,mổ xẻ; phân tích,resolved,刀,Bộ Đao,record-radical,24
剥,bāo,bóc,resolved,刀,Bộ Đao,record-radical,24
剧,jù,vở kịch,resolved,刀,Bộ Đao,record-radical,24
剩,shèng,"còn lại, dư lại; còn thừa",resolved,刀,Bộ Đao,record-radical,24
剪,jiǎn,cắt,resolved,刀,Bộ Đao,record-radical,24
副,fù,phó,resolved,刀,Bộ Đao,record-radical,24
割,gē,cắt,resolved,刀,Bộ Đao,record-radical,24
劈,pī,"chẻ, bổ",resolved,刀,Bộ Đao,record-radical,24
力,lì,sức mạnh,resolved,力,Bộ Lực,self-radical,21
劝,quàn,khuyên,not-resolved,,,not-resolved,0
办,bàn,"làm, quản lý",resolved,力,Bộ Lực,record-radical,21
功,gōng,thành tích,resolved,力,Bộ Lực,record-radical,21
加,jiā,cộng; thêm vào,resolved,力,Bộ Lực,record-radical,21
务,wù,công việc; kinh doanh,resolved,攴,Bộ Phộc,record-radical,22
劣,liè,"kém, tệ, dở",not-resolved,,,not-resolved,0
动,dòng,di chuyển,resolved,力,Bộ Lực,record-radical,21
助,zhù,giúp; hỗ trợ,resolved,力,Bộ Lực,record-radical,21
努,nǔ,nỗ lực; cố gắng,resolved,力,Bộ Lực,record-radical,21
劫,jié,cướp,resolved,力,Bộ Lực,record-radical,21
励,Lì,họ [Li4],resolved,力,Bộ Lực,record-radical,21
劲,jìn,sức mạnh; năng lượng,resolved,力,Bộ Lực,record-radical,21
劳,láo,lao động; công việc,resolved,力,Bộ Lực,record-radical,21
势,shì,quyền lực; ảnh hưởng,resolved,力,Bộ Lực,record-radical,21
勃,bó,thịnh vượng; phồn thịnh,resolved,力,Bộ Lực,record-radical,21
勇,yǒng,dũng cảm,resolved,力,Bộ Lực,record-radical,21
勉,miǎn,khích lệ; nỗ lực,resolved,力,Bộ Lực,record-radical,21
勋,xūn,huân chương; công trạng,resolved,力,Bộ Lực,record-radical,21
勒,lēi,thắt chặt,resolved,力,Bộ Lực,record-radical,21
勘,kān,điều tra; khảo sát,resolved,力,Bộ Lực,record-radical,21
募,mù,quyên góp; thu thập,resolved,力,Bộ Lực,record-radical,21
勤,qín,siêng năng; cần cù,resolved,力,Bộ Lực,record-radical,21
勹,bāo,"Bọc, bao, gói.(Hình người khom lưng để ôm một vật)",resolved,勹,Bộ Bao,self-radical,1
勺,sháo,muỗng,not-resolved,,,not-resolved,0
勾,gōu,đánh dấu,not-resolved,,,not-resolved,0
勿,wù,đừng,resolved,刀,Bộ Đao,record-radical,24
匀,yún,đều; phân bố đều,not-resolved,,,not-resolved,0
包,bāo,gói,not-resolved,,,not-resolved,0
匆,cōng,vội vàng; gấp gáp,not-resolved,,,not-resolved,0
匕,bǐ,"Cái thìa, cái muỗng, còn có nghĩa để so sánh, như nói cuộc đời yên lặng thì gọi là ""trủy xưởng bất kinh"" 匕鬯不驚 nghĩa là vẫn được vô sự mà ăn uống yên lành",resolved,匕,"Bộ Tỷ, Chủy",self-radical,3
化,huà,thay đổi,resolved,人,Bộ Nhân,record-radical,24
北,běi,bắc,resolved,人,Bộ Nhân,record-radical,24
匙,chí,cái thìa,resolved,匕,"Bộ Tỷ, Chủy",record-radical,3
匚,fāng,Cái đồ để đựng đồ,resolved,匚,Bộ Phương,self-radical,5
匠,jiàng,thợ thủ công,not-resolved,,,not-resolved,0
匣,xiá,hộp,resolved,匚,Bộ Phương,record-radical,5
匪,fěi,cướp; (văn học) chẳng,resolved,匚,Bộ Phương,record-radical,5
匮,Kuì,họ [Kui4],resolved,匚,Bộ Phương,record-radical,5
匸,Hì,"Che đậy.(Tượng hình cái nắp đậy ở trên, giấu phần ở dưới)",resolved,匸,Bộ Hễ,self-radical,1
匹,pǐ,từ đo lường cho ngựa,not-resolved,,,not-resolved,0
区,qū,khu vực,resolved,匚,Bộ Phương,record-radical,5
医,yī,"y, chữa bệnh",resolved,酉,Bộ Dậu,record-radical,13
匾,biǎn,"biển hiệu, hoành phi",not-resolved,,,not-resolved,0
匿,nì,ẩn nấp,resolved,匸,Bộ Hễ,record-radical,1
十,shí,mười,resolved,十,Bộ Thập,self-radical,2
千,qiān,Ngàn,resolved,一,Bộ Nhất,record-radical,4
升,shēng,lít,not-resolved,,,not-resolved,0
午,wǔ,"địa chi thứ 7: 11 giờ sáng-1 giờ chiều, buổi trưa, tháng âm lịch thứ 5 (6 tháng 6-6 tháng 7), năm Ngọ; hướng la bàn cổ đại Trung Quốc: 180° (nam)",not-resolved,,,not-resolved,0
卉,huì,cây cối,not-resolved,,,not-resolved,0
半,bàn,nửa,resolved,八,Bộ Bát,record-radical,3
华,Huá,viết tắt của Trung Quốc,not-resolved,,,not-resolved,0
协,xié,hợp tác; hoa giải,not-resolved,,,not-resolved,0
卑,bēi,thấp; hèn,not-resolved,,,not-resolved,0
卒,zú,biến thể của 卒[zu2],resolved,衣,Bộ Y,record-radical,22
卓,Zhuó,họ [Zhuo2],not-resolved,,,not-resolved,0
单,dān,đơn,not-resolved,,,not-resolved,0
卖,mài,bán,not-resolved,,,not-resolved,0
南,nán,nam,not-resolved,,,not-resolved,0
博,bó,rộng; rộng rãi,resolved,十,Bộ Thập,record-radical,2
卜,Bǔ,họ [Bu3],resolved,卜,Bộ Bốc,self-radical,3
占,zhàn,chiếm,resolved,卜,Bộ Bốc,record-radical,3
卡,kǎ,thẻ,not-resolved,,,not-resolved,0
卤,lǔ,kho trong nước tương và gia vị,not-resolved,,,not-resolved,0
卦,guà,sơ đồ bói toán; một trong tám quẻ của Kinh Dịch 易經|易经[Yi4 jing1],resolved,卜,Bộ Bốc,record-radical,3
卧,wò,nằm; ngủ,resolved,臣,Bộ Thần,record-radical,1
卩,jié,Đốt tre,resolved,卩,Bộ Tiết,self-radical,3
卫,Wèi,"họ [Wei4]; nước chư hầu thời nhà Chu (1066-221 TCN), nằm ở tỉnh Hà Nam và Hà Bắc ngày nay",not-resolved,,,not-resolved,0
印,yìn,in,resolved,爪,Bộ Trảo,record-radical,3
危,Wēi,họ [Wei1],resolved,人,Bộ Nhân,record-radical,24
即,jí,tức là,not-resolved,,,not-resolved,0
却,què,nhưng,resolved,卩,Bộ Tiết,record-radical,3
卵,luǎn,trứng,not-resolved,,,not-resolved,0
卷,juàn,quyển,resolved,卩,Bộ Tiết,record-radical,3
卸,xiè,dỡ hàng,resolved,止,Bộ Chỉ,record-radical,8
厂,chǎng,nhà máy,resolved,厂,Bộ,self-radical,10
厄,è,khốn khổ,not-resolved,,,not-resolved,0
厅,tīng,hội trường,resolved,广,Bộ Nghiễm,record-radical,14
历,lì,biến thể cũ của 曆|历[li4]; biến thể cũ của 歷|历[li4],resolved,厂,Bộ,record-radical,10
厉,Lì,họ [Li4],resolved,厂,Bộ,record-radical,10
压,yā,"ấn, đè xuống",resolved,土,Bộ Thổ,record-radical,24
厌,yàn,(dạng kết hợp) ghét; chán ngấy; (văn học) làm thỏa mãn; làm hài lòng,resolved,犬,Bộ Khuyển,record-radical,24
厕,cè,biến thể của 廁|厕[ce4],resolved,厂,Bộ,record-radical,10
厘,lí,biến thể của 釐|厘[li2],resolved,厂,Bộ,record-radical,10
厚,hòu,dày,resolved,厂,Bộ,record-radical,10
原,yuán,nguyên bản,resolved,厂,Bộ,record-radical,10
厢,xiāng,lô (trong nhà hát); phòng bên,resolved,厂,Bộ,record-radical,10
厦,Xià,"viết tắt của Hạ Môn hoặc Amoy 廈門|厦门[Xia4 men2], Phúc Kiến",resolved,厂,Bộ,record-radical,10
厨,chú,biến thể cũ của 廚|厨[chu2],resolved,厂,Bộ,record-radical,10
厶,sī,Riêng tư,resolved,厶,"Bộ Kh, Tư",self-radical,0
去,qù,đi,resolved,大,Bộ Đại,record-radical,12
县,xiàn,huyện,resolved,首,Bộ Thủ,record-radical,1
参,cān,biến thể của 參|参[can1],not-resolved,,,not-resolved,0
又,yòu,một lần nữa,resolved,又,Bộ Hựu,self-radical,17
叉,chā,cái nĩa,not-resolved,,,not-resolved,0
及,jí,và,resolved,人,Bộ Nhân,record-radical,24
友,yǒu,bạn bè,resolved,又,Bộ Hựu,record-radical,17
双,shuāng,"hai, cặp",resolved,又,Bộ Hựu,record-radical,17
反,fǎn,ngược lại,resolved,厂,Bộ,record-radical,10
发,fā,gửi,not-resolved,,,not-resolved,0
叔,shū,chú; em trai của cha,resolved,又,Bộ Hựu,record-radical,17
取,qǔ,lấy,resolved,耳,Bộ Nhĩ,record-radical,11
受,shòu,nhận,resolved,又,Bộ Hựu,record-radical,17
变,biàn,trở thành,resolved,夂,Bộ Tuy,record-radical,4
叙,xù,biến thể của 敘|叙[xu4],resolved,又,Bộ Hựu,record-radical,17
叛,pàn,phản bội; nổi loạn,not-resolved,,,not-resolved,0
叠,dié,chồng,not-resolved,,,not-resolved,0
口,kǒu,miệng,resolved,口,Bộ Khẩu,self-radical,24
古,gǔ,cổ,not-resolved,,,not-resolved,0
句,jù,câu,resolved,口,Bộ Khẩu,record-radical,24
另,lìng,khác,resolved,口,Bộ Khẩu,record-radical,24
叨,dāo,lắm lời,resolved,口,Bộ Khẩu,record-radical,24
只,zhǐ,chỉ,not-resolved,,,not-resolved,0
叫,jiào,gọi,resolved,口,Bộ Khẩu,record-radical,24
召,Shào,họ [Shao4]; tên của một nước cổ đại tồn tại ở khu vực nay là tỉnh Thiểm Tây,resolved,口,Bộ Khẩu,record-radical,24
叭,bā,"biểu thị âm thanh hoặc tiếng động mạnh (tiếng súng, v.v.)",resolved,口,Bộ Khẩu,record-radical,24
叮,dīng,"kêu 'đinh', cắn (côn trùng), dặn dò",resolved,口,Bộ Khẩu,record-radical,24
可,kě,nhưng,resolved,口,Bộ Khẩu,record-radical,24
台,tái,cái (máy móc),resolved,口,Bộ Khẩu,record-radical,24
史,Shǐ,họ [Shi3],not-resolved,,,not-resolved,0
右,yòu,phải,resolved,口,Bộ Khẩu,record-radical,24
叶,xié,hòa hợp,resolved,口,Bộ Khẩu,record-radical,24
号,hào,ngày,resolved,口,Bộ Khẩu,record-radical,24
司,Sī,họ [Si1],not-resolved,,,not-resolved,0
叹,tàn,thở dài; cảm thán,not-resolved,,,not-resolved,0
叼,diāo,ngậm,resolved,口,Bộ Khẩu,record-radical,24
吁,xū,suỵt; im lặng,resolved,口,Bộ Khẩu,record-radical,24
吃,chī,ăn,resolved,口,Bộ Khẩu,record-radical,24
各,gè,mỗi,resolved,夂,Bộ Tuy,record-radical,4
合,hé,hợp,resolved,口,Bộ Khẩu,record-radical,24
吉,Jí,họ [Ji2]; viết tắt của Jilin 吉林省[Ji2lin2 Sheng3],resolved,士,Bộ Sĩ,record-radical,3
吊,diào,treo,not-resolved,,,not-resolved,0
同,tóng,với,resolved,口,Bộ Khẩu,record-radical,24
名,míng,một lượng từ cho nghề nghiệp,resolved,夕,Bộ Tịch,record-radical,3
后,hòu,sau,not-resolved,,,not-resolved,0
吏,lì,quan chức hoặc nhân viên chính phủ nhỏ (cổ),not-resolved,,,not-resolved,0
吐,tù,nôn,resolved,口,Bộ Khẩu,record-radical,24
向,xiàng,hướng về,resolved,宀,Bộ Miên,record-radical,24
吓,xià,dọa,resolved,口,Bộ Khẩu,record-radical,24
吗,ma,một từ nghi vấn,resolved,口,Bộ Khẩu,record-radical,24
君,jūn,quân chủ; chúa,resolved,口,Bộ Khẩu,record-radical,24
吝,lìn,(hình thức kết hợp) keo kiệt,not-resolved,,,not-resolved,0
吞,tūn,nuốt,resolved,口,Bộ Khẩu,record-radical,24
吟,yín,ngâm; ngâm thơ,resolved,口,Bộ Khẩu,record-radical,24
否,fǒu,phủ định; từ chối,not-resolved,,,not-resolved,0
吧,ba,ba,resolved,口,Bộ Khẩu,record-radical,24
吨,dūn,tấn,resolved,口,Bộ Khẩu,record-radical,24
吩,fēn,dùng trong 吩咐[fen1fu5]; dùng trong phiên âm hợp chất hóa học,resolved,口,Bộ Khẩu,record-radical,24
含,hán,chứa,resolved,口,Bộ Khẩu,record-radical,24
听,tīng,nghe,resolved,口,Bộ Khẩu,record-radical,24
吭,háng,cổ họng,resolved,口,Bộ Khẩu,record-radical,24
启,qǐ,biến thể của 啟|启[qi3],not-resolved,,,not-resolved,0
吵,chǎo,ồn ào,resolved,口,Bộ Khẩu,record-radical,24
吸,xī,hít vào,resolved,口,Bộ Khẩu,record-radical,24
吹,chuī,thổi,resolved,口,Bộ Khẩu,record-radical,24
吻,wěn,hôn,resolved,口,Bộ Khẩu,record-radical,24
吼,hǒu,gầm thét,resolved,口,Bộ Khẩu,record-radical,24
呀,ya,tiếng thán từ 'ya',resolved,口,Bộ Khẩu,record-radical,24
呆,dāi,ở lại,resolved,口,Bộ Khẩu,record-radical,24
呈,chéng,"hiện ra, biểu hiện, trình bày",resolved,口,Bộ Khẩu,record-radical,24
告,gào,tố cáo,not-resolved,,,not-resolved,0
呐,nà,tiếng hò reo,resolved,口,Bộ Khẩu,record-radical,24
呕,ǒu,nôn mửa,resolved,口,Bộ Khẩu,record-radical,24
员,yuán,nhân viên,resolved,口,Bộ Khẩu,record-radical,24
呛,qiāng,bị nghẹn,resolved,口,Bộ Khẩu,record-radical,24
呜,wū,(từ tượng thanh) cho tiếng ngâm nga hoặc thút thít,resolved,口,Bộ Khẩu,record-radical,24
呢,ne,"một hạt cho câu hỏi đặc biệt, thay thế hoặc tu từ",resolved,口,Bộ Khẩu,record-radical,24
周,zhōu,tuần,not-resolved,,,not-resolved,0
味,wèi,"Vị, mùi vị",resolved,口,Bộ Khẩu,record-radical,24
呵,hē,hé,resolved,口,Bộ Khẩu,record-radical,24
呻,shēn,(văn học) ngâm; tụng; đọc; (hình thức kết hợp) rên rỉ,resolved,口,Bộ Khẩu,record-radical,24
呼,hū,gọi; kêu,resolved,口,Bộ Khẩu,record-radical,24
命,mìng,số phận,resolved,口,Bộ Khẩu,record-radical,24
咀,jǔ,nhai; nhai kỹ,resolved,口,Bộ Khẩu,record-radical,24
和,hé,và,resolved,口,Bộ Khẩu,record-radical,24
咏,yǒng,ngâm thơ,resolved,口,Bộ Khẩu,record-radical,24
咐,fù,dùng trong 吩咐[fen1fu5] và 囑咐|嘱咐[zhu3fu5],resolved,口,Bộ Khẩu,record-radical,24
咖,kā,dùng trong 咖喱[ga1 li2],resolved,口,Bộ Khẩu,record-radical,24
咙,lóng,dùng trong 喉嚨|喉咙[hou2 long2],resolved,口,Bộ Khẩu,record-radical,24
咧,liē,dùng trong 咧咧[lie1 lie1]; dùng trong 大大咧咧[da4 da4 lie1 lie1],resolved,口,Bộ Khẩu,record-radical,24
咨,zī,tư vấn,resolved,口,Bộ Khẩu,record-radical,24
咬,yǎo,cắn,resolved,口,Bộ Khẩu,record-radical,24
咱,zán,"tôi, chúng tôi",resolved,口,Bộ Khẩu,record-radical,24
咳,hāi,"âm thanh thở dài; (thán từ biểu đạt ngạc nhiên, buồn bã, hối tiếc, thất vọng, v.v.) ôi",resolved,口,Bộ Khẩu,record-radical,24
咸,xián,mặn,not-resolved,,,not-resolved,0
咽,yàn,nuốt,resolved,口,Bộ Khẩu,record-radical,24
哀,Aī,"Ai (khoảng năm 2000 TCN), vị thứ sáu của Hoàng đế Viêm 帝炎[Yan2 di4], hậu duệ của Thần Nông 神農|神农[Shen2 nong2] Thần Nông, cũng được biết đến là Li 釐|厘[Li2]",resolved,口,Bộ Khẩu,record-radical,24
品,pǐn,(hình thức kết hợp) hàng hóa; sản phẩm; hàng; (hình thức kết hợp) cấp; hạng,resolved,口,Bộ Khẩu,record-radical,24
哄,hōng,ồn ào,resolved,口,Bộ Khẩu,record-radical,24
哆,duō,run rẩy; vải len,resolved,口,Bộ Khẩu,record-radical,24
哇,wa,wa,resolved,口,Bộ Khẩu,record-radical,24
哈,hā,ha,resolved,口,Bộ Khẩu,record-radical,24
响,xiǎng,"phát ra âm thanh, kêu",resolved,口,Bộ Khẩu,record-radical,24
哎,āi,ai,resolved,口,Bộ Khẩu,record-radical,24
哑,yǎ,câm,resolved,口,Bộ Khẩu,record-radical,24
哗,huā,(từ tượng thanh) bùm; loảng xoảng,resolved,口,Bộ Khẩu,record-radical,24
哥,gē,anh trai,not-resolved,,,not-resolved,0
哦,ó,ồ,resolved,口,Bộ Khẩu,record-radical,24
哨,shào,còi; người gác,resolved,口,Bộ Khẩu,record-radical,24
哪,nǎ,nào?,resolved,口,Bộ Khẩu,record-radical,24
哭,kū,khóc,not-resolved,,,not-resolved,0
哲,zhé,khôn ngoan; một nhà hiền triết,resolved,口,Bộ Khẩu,record-radical,24
哺,bǔ,cho ăn,resolved,口,Bộ Khẩu,record-radical,24
哼,hēng,"rên rỉ, không hài lòng",resolved,口,Bộ Khẩu,record-radical,24
唆,suō,mút; xúi giục,resolved,口,Bộ Khẩu,record-radical,24
唇,chún,môi,resolved,口,Bộ Khẩu,record-radical,24
唉,ài,ai,resolved,口,Bộ Khẩu,record-radical,24
唏,xī,"Hít, rít (âm thanh khóc, thở dài); tiếng than vãn",resolved,口,Bộ Khẩu,record-radical,24
唐,Táng,triều đại nhà Đường (618-907); họ [Tang2],resolved,口,Bộ Khẩu,record-radical,24
唠,láo,nói huyên thuyên,resolved,口,Bộ Khẩu,record-radical,24
唤,huàn,gọi,resolved,口,Bộ Khẩu,record-radical,24
唬,hǔ,gầm của hổ; doạ,resolved,口,Bộ Khẩu,record-radical,24
售,shòu,"bán; thực hiện (một kế hoạch, âm mưu, v.v.)",resolved,口,Bộ Khẩu,record-radical,24
唯,wéi,chỉ,resolved,口,Bộ Khẩu,record-radical,24
唱,chàng,hát,resolved,口,Bộ Khẩu,record-radical,24
唾,tuò,nước bọt; nhổ,resolved,口,Bộ Khẩu,record-radical,24
啃,kěn,gặm,resolved,口,Bộ Khẩu,record-radical,24
啄,zhuó,"mổ, rỉa",resolved,口,Bộ Khẩu,record-radical,24
商,Shāng,nhà Thương (khoảng 1600-1046 TCN); họ [Shang1],resolved,辛,Bộ Tân,record-radical,5
啊,a,a,resolved,口,Bộ Khẩu,record-radical,24
啡,fēi,(dùng trong từ mượn âm),resolved,口,Bộ Khẩu,record-radical,24
啤,pí,bia,resolved,口,Bộ Khẩu,record-radical,24
啥,shá,cái gì?,resolved,口,Bộ Khẩu,record-radical,24
啦,la,trợ từ 'la',resolved,口,Bộ Khẩu,record-radical,24
啬,sè,keo kiệt,not-resolved,,,not-resolved,0
啮,niè,gặm; mòn,resolved,口,Bộ Khẩu,record-radical,24
啰,luō,dùng trong 囉嗦|啰嗦[luo1 suo5],resolved,口,Bộ Khẩu,record-radical,24
啸,xiào,(người) huýt sáo; (chim và động vật) rít; hú; gầm,resolved,口,Bộ Khẩu,record-radical,24
啼,tí,(hình thức kết hợp) khóc; khóc to; (hình thức kết hợp) (chim hoặc động vật) gáy; kêu; ré,resolved,口,Bộ Khẩu,record-radical,24
喂,wèi,alo,resolved,口,Bộ Khẩu,record-radical,24
善,shàn,tốt; lòng tốt,resolved,羊,Bộ Dương,record-radical,5
喇,lā,"(từ tượng thanh) âm thanh của gió, mưa, v.v.",resolved,口,Bộ Khẩu,record-radical,24
喉,hóu,cổ họng; thanh quản,resolved,口,Bộ Khẩu,record-radical,24
喊,hǎn,hét lên,resolved,口,Bộ Khẩu,record-radical,24
喘,chuǎn,thở gấp,resolved,口,Bộ Khẩu,record-radical,24
喜,xǐ,"Vui, mừng, thích, hỷ",not-resolved,,,not-resolved,0
喝,hē,uống,resolved,口,Bộ Khẩu,record-radical,24
喧,xuān,ầm ĩ; tiếng ồn,resolved,口,Bộ Khẩu,record-radical,24
喷,pēn,phun ra; bắn ra; xịt ra; phụt; (lóng) chỉ trích dữ dội (đặc biệt là trên mạng),resolved,口,Bộ Khẩu,record-radical,24
喻,Yù,họ [Yu4],resolved,口,Bộ Khẩu,record-radical,24
嗅,xiù,ngửi; đánh hơi,not-resolved,,,not-resolved,0
嗓,sǎng,cổ họng; giọng nói,resolved,口,Bộ Khẩu,record-radical,24
嗜,shì,nghiện; thích,resolved,口,Bộ Khẩu,record-radical,24
嗝,gé,nấc; cợ,resolved,口,Bộ Khẩu,record-radical,24
嗦,suō,mút; dùng trong 囉嗦|啰嗦[luo1suo5],resolved,口,Bộ Khẩu,record-radical,24
嗯,ng,"ừ, ừm",resolved,口,Bộ Khẩu,record-radical,24
嗽,sòu,(hình thức cố định) ho,resolved,口,Bộ Khẩu,record-radical,24
嘈,cáo,náo nhiệt; huyên náo,resolved,口,Bộ Khẩu,record-radical,24
嘉,Jiā,họ [Jia1],not-resolved,,,not-resolved,0
嘘,xū,thở ra chậm; rít,resolved,口,Bộ Khẩu,record-radical,24
嘛,ma,ma,resolved,口,Bộ Khẩu,record-radical,24
嘟,dū,kêu tut; tút,resolved,口,Bộ Khẩu,record-radical,24
嘱,zhǔ,dặn dò; khẩn cầu,resolved,口,Bộ Khẩu,record-radical,24
嘲,cháo,chế nhạo; nhạo báng,resolved,口,Bộ Khẩu,record-radical,24
嘴,zuǐ,miệng,resolved,口,Bộ Khẩu,record-radical,24
嘿,hēi,này,resolved,口,Bộ Khẩu,record-radical,24
噘,juē,Bĩu (môi),resolved,口,Bộ Khẩu,record-radical,24
器,qì,thiết bị; công cụ,resolved,口,Bộ Khẩu,record-radical,24
噪,zào,(văn học) (chim hoặc côn trùng) hót hoặc kêu; (hình thức kết hợp) tạo ra tiếng ồn ầm ĩ,not-resolved,,,not-resolved,0
嚏,tì,hắt xì,resolved,口,Bộ Khẩu,record-radical,24
嚣,xiāo,ầm ĩ,not-resolved,,,not-resolved,0
嚷,rǎng,hét lên,resolved,口,Bộ Khẩu,record-radical,24
嚼,jiáo,nhai,resolved,口,Bộ Khẩu,record-radical,24
囊,náng,bao; túi,resolved,口,Bộ Khẩu,record-radical,24
囔,nāng,"lẩm bẩm, nói không rõ",resolved,口,Bộ Khẩu,record-radical,24
囗,wéi,vây quanh.,resolved,囗,Bộ Vi,self-radical,11
囚,qiú,tù nhân,resolved,囗,Bộ Vi,record-radical,11
四,sì,bốn,not-resolved,,,not-resolved,0
回,huí,trở về,not-resolved,,,not-resolved,0
因,yīn,nguyên nhân; lý do,resolved,囗,Bộ Vi,record-radical,11
囡,nān,"con gái nhỏ, bé gái",not-resolved,,,not-resolved,0
团,tuán,nhóm,resolved,囗,Bộ Vi,record-radical,11
园,yuán,"công viên, vườn",resolved,囗,Bộ Vi,record-radical,11
困,kùn,mệt mỏi,resolved,囗,Bộ Vi,record-radical,11
囱,chuāng,biến thể của 窗[chuang1],not-resolved,,,not-resolved,0
围,wéi,bao quanh,resolved,囗,Bộ Vi,record-radical,11
固,gù,cứng; mạnh,resolved,囗,Bộ Vi,record-radical,11
国,guó,quốc gia,resolved,囗,Bộ Vi,record-radical,11
图,tú,bức tranh,resolved,囗,Bộ Vi,record-radical,11
圆,yuán,tròn,resolved,囗,Bộ Vi,record-radical,11
圈,quān,vòng tròn,resolved,囗,Bộ Vi,record-radical,11
土,tǔ,đất,resolved,土,Bộ Thổ,self-radical,24
圣,shèng,đào,resolved,又,Bộ Hựu,record-radical,17
在,zài,"ở, tại",not-resolved,,,not-resolved,0
地,de,"trợ từ (đứng sau trạng ngữ, vd 慢慢地)",resolved,土,Bộ Thổ,record-radical,24
场,chǎng,"một từ dùng đo lường cho trò chơi, trận đấu thể thao, cảnh",resolved,土,Bộ Thổ,record-radical,24
圾,jī,dùng trong 垃圾[la1 ji1]; tiếng Đài Loan là [se4],resolved,土,Bộ Thổ,record-radical,24
址,zhǐ,(hình thức kết hợp) địa điểm; vị trí,resolved,土,Bộ Thổ,record-radical,24
均,jūn,"Đều, bằng nhau",resolved,土,Bộ Thổ,record-radical,24
坊,Fāng,họ [Fang1],resolved,土,Bộ Thổ,record-radical,24
坎,kǎn,hố; ngưỡng cửa,resolved,土,Bộ Thổ,record-radical,24
坏,huài,xấu,resolved,土,Bộ Thổ,record-radical,24
坐,zuò,ngồi,resolved,人,Bộ Nhân,record-radical,24
坑,kēng,"hố, lỗ, hõm",resolved,土,Bộ Thổ,record-radical,24
块,kuài,nhân dân tệ,resolved,土,Bộ Thổ,record-radical,24
坚,jiān,mạnh; mạnh mẽ,resolved,土,Bộ Thổ,record-radical,24
坛,tán,bàn thờ,resolved,土,Bộ Thổ,record-radical,24
坝,bà,đập,resolved,土,Bộ Thổ,record-radical,24
坟,fén,mộ,resolved,土,Bộ Thổ,record-radical,24
坠,zhuì,rơi xuống,resolved,土,Bộ Thổ,record-radical,24
坡,pō,dốc,resolved,土,Bộ Thổ,record-radical,24
坦,tǎn,bằng phẳng; cởi mở,resolved,土,Bộ Thổ,record-radical,24
坪,píng,"đồng bằng; bình, đơn vị diện tích xấp xỉ 3,3058 mét vuông (dùng ở Nhật Bản và Đài Loan)",resolved,土,Bộ Thổ,record-radical,24
坷,kě,không bằng phẳng (đường đi); bất hạnh (trong cuộc sống),resolved,土,Bộ Thổ,record-radical,24
垂,chuí,treo xuống,not-resolved,,,not-resolved,0
垃,lā,dùng trong 垃圾[la1 ji1]; Tiếng Đài Loan đọc là [le4],resolved,土,Bộ Thổ,record-radical,24
垄,lǒng,luống giữa các thửa ruộng; hàng cây trồng; đất đắp thành luống trong ruộng,resolved,土,Bộ Thổ,record-radical,24
型,xíng,mẫu,resolved,土,Bộ Thổ,record-radical,24
垒,lěi,tường thành; ghế trong bóng chày,resolved,土,Bộ Thổ,record-radical,24
垦,kěn,khai hoang (đất); canh tác,resolved,土,Bộ Thổ,record-radical,24
垫,diàn,trả tiền thay,resolved,土,Bộ Thổ,record-radical,24
垮,kuǎ,sụp đổ,resolved,土,Bộ Thổ,record-radical,24
埃,Aī,viết tắt của Ai Cập 埃及[Ai1 ji2],resolved,土,Bộ Thổ,record-radical,24
埋,mái,chôn,resolved,土,Bộ Thổ,record-radical,24
城,chéng,thành phố,resolved,土,Bộ Thổ,record-radical,24
域,yù,lĩnh vực; khu vực,resolved,土,Bộ Thổ,record-radical,24
培,péi,đắp đất; trồng trọt (nghĩa đen hoặc bóng),resolved,土,Bộ Thổ,record-radical,24
基,jī,(hình thức kết hợp) cơ sở; nền tảng; (hình thức kết hợp) gốc (hóa học),resolved,土,Bộ Thổ,record-radical,24
堂,táng,sảnh,not-resolved,,,not-resolved,0
堆,duī,chất đống,resolved,土,Bộ Thổ,record-radical,24
堕,duò,rơi; chìm; (nghĩa bóng) suy đồi,resolved,土,Bộ Thổ,record-radical,24
堡,bǎo,"(hình thức kết hợp) pháo đài; thành trì; (thường dùng để phiên âm -berg, -burg, v.v. trong tên địa danh)",resolved,土,Bộ Thổ,record-radical,24
堤,dī,đê,resolved,土,Bộ Thổ,record-radical,24
堪,kān,(dạng kết hợp) có thể; (dạng kết hợp) chịu đựng; gánh chịu,not-resolved,,,not-resolved,0
堵,dǔ,chặn lại,resolved,土,Bộ Thổ,record-radical,24
塌,tā,sụp đổ,resolved,土,Bộ Thổ,record-radical,24
塑,sù,nặn (một hình) bằng đất sét,resolved,土,Bộ Thổ,record-radical,24
塔,tǎ,tháp,resolved,土,Bộ Thổ,record-radical,24
塘,táng,đê; bờ kè,resolved,土,Bộ Thổ,record-radical,24
塞,sāi,nhét,resolved,宀,Bộ Miên,record-radical,24
填,tián,điền vào,resolved,土,Bộ Thổ,record-radical,24
境,jìng,biên giới; nơi,resolved,土,Bộ Thổ,record-radical,24
墅,shù,biệt thự,not-resolved,,,not-resolved,0
墓,mù,"nghĩa trang, mộ",resolved,土,Bộ Thổ,record-radical,24
墙,qiáng,tường,resolved,土,Bộ Thổ,record-radical,24
增,zēng,tăng,resolved,土,Bộ Thổ,record-radical,24
墟,xū,tàn tích; (văn học) làng,resolved,土,Bộ Thổ,record-radical,24
墨,mò,mực,not-resolved,,,not-resolved,0
壁,bì,tường; thành lũy,resolved,土,Bộ Thổ,record-radical,24
壑,hè,hẻm núi; thung lũng,not-resolved,,,not-resolved,0
壤,rǎng,(hình thức kết hợp) đất; đất đai; (văn học) mặt đất (đối lập với trời 天[tian1]),resolved,土,Bộ Thổ,record-radical,24
士,Shì,họ [Shi4],resolved,士,Bộ Sĩ,self-radical,3
壮,Zhuàng,"dân tộc Choang ở Quảng Tây, nhóm dân tộc đông thứ hai của Trung Quốc",resolved,士,Bộ Sĩ,record-radical,3
声,shēng,âm thanh,not-resolved,,,not-resolved,0
壳,ké,vỏ,not-resolved,,,not-resolved,0
壶,hú,ấm,not-resolved,,,not-resolved,0
夂,suī,Ðến sau,resolved,夂,Bộ Tuy,self-radical,4
处,chǔ,"nơi, chỗ, địa điểm",resolved,夂,Bộ Tuy,record-radical,4
备,bèi,biến thể của 備|备[bei4],resolved,人,Bộ Nhân,record-radical,24
夊,suī,Đi chậm,resolved,夊,Bộ Tuy,self-radical,0
复,fù,đi rồi quay lại; quay lại,not-resolved,,,not-resolved,0
夏,xià,mùa hè,resolved,日,Bộ Nhật,record-radical,24
夕,xī,chạng vạng; buổi tối,resolved,夕,Bộ Tịch,self-radical,3
外,wài,ngoại quốc; bên ngoài,resolved,卜,Bộ Bốc,record-radical,3
多,duō,nhiều,not-resolved,,,not-resolved,0
夜,yè,"đêm, tối",resolved,夕,Bộ Tịch,record-radical,3
够,gòu,đủ,not-resolved,,,not-resolved,0
大,dà,lớn,resolved,大,Bộ Đại,self-radical,12
天,tiān,ngày; trời,not-resolved,,,not-resolved,0
太,tài,quá,resolved,大,Bộ Đại,record-radical,12
夫,fū,chồng; đàn ông,not-resolved,,,not-resolved,0
失,shī,mất; lỡ,resolved,手,Bộ Thủ,record-radical,24
头,tóu,đầu,resolved,豆,Bộ Đậu,record-radical,1
夷,yí,"người không phải Hán, đặc biệt ở phía Đông Trung Quốc; man di",not-resolved,,,not-resolved,0
夸,kuā,khen ngợi,resolved,大,Bộ Đại,record-radical,12
夹,jiā,"kẹp, nhặt",resolved,大,Bộ Đại,record-radical,12
夺,duó,cướp,not-resolved,,,not-resolved,0
奄,Yǎn,họ [Yan3],resolved,大,Bộ Đại,record-radical,12
奇,jī,số lẻ,resolved,大,Bộ Đại,record-radical,12
奈,nài,"dùng trong các biểu đạt mang tính thất vọng và bất lực, như 無奈|无奈[wu2 nai4] và 莫可奈何|莫可奈何[mo4 ke3 nai4 he2] (văn học); dùng theo giá trị phát âm trong việc viết từ nước ngoài",not-resolved,,,not-resolved,0
奉,fèng,"phụng sự, dâng, vâng lệnh, cống hiến",resolved,廾,Bộ Củng,record-radical,4
奋,fèn,gắng sức (hình thức ràng buộc),resolved,大,Bộ Đại,record-radical,12
奏,zòu,chơi,not-resolved,,,not-resolved,0
契,qì,khắc; chữ khắc,not-resolved,,,not-resolved,0
奔,bēn,chạy nhanh,not-resolved,,,not-resolved,0
奖,jiǎng,thưởng; giải thưởng,resolved,大,Bộ Đại,record-radical,12
套,tào,bộ,resolved,大,Bộ Đại,record-radical,12
奠,diàn,cố định; ổn định,resolved,酉,Bộ Dậu,record-radical,13
奢,shē,xa hoa,resolved,大,Bộ Đại,record-radical,12
奥,Aò,Áo (viết tắt của 奧地利|奥地利[Ao4 di4 li4]); Thế vận hội (viết tắt của 奧林匹克|奥林匹克[Ao4 lin2 pi3 ke4]),resolved,宀,Bộ Miên,record-radical,24
女,nǚ,nữ,resolved,女,Bộ Nữ,self-radical,24
奴,nú,nô lệ,resolved,女,Bộ Nữ,record-radical,24
奶,nǎi,sữa,resolved,女,Bộ Nữ,record-radical,24
奸,jiān,xảo quyệt; gian xảo,resolved,女,Bộ Nữ,record-radical,24
她,tā,cô ấy,resolved,女,Bộ Nữ,record-radical,24
好,hǎo,tốt,resolved,女,Bộ Nữ,record-radical,24
如,rú,"ví dụ, như",resolved,口,Bộ Khẩu,record-radical,24
妄,wàng,hoang đường; ảo tưởng,resolved,女,Bộ Nữ,record-radical,24
妆,zhuāng,(phụ nữ) trang điểm; trang sức,resolved,女,Bộ Nữ,record-radical,24
妇,fù,phụ nữ,resolved,女,Bộ Nữ,record-radical,24
妈,mā,mẹ; má,resolved,女,Bộ Nữ,record-radical,24
妒,dù,"đố kỵ (thành công, tài năng); ghen tuông",resolved,女,Bộ Nữ,record-radical,24
妓,jì,gái mại dâm,not-resolved,,,not-resolved,0
妖,yāo,yêu quái; phù thủy,resolved,女,Bộ Nữ,record-radical,24
妙,miào,tuyệt vời,resolved,女,Bộ Nữ,record-radical,24
妥,tuǒ,"sẵn sàng, được giải quyết",not-resolved,,,not-resolved,0
妨,fáng,gây cản trở; (trong câu phủ định hoặc nghi vấn) không có hại,resolved,女,Bộ Nữ,record-radical,24
妪,yù,Bà lão,not-resolved,,,not-resolved,0
妹,mèi,em gái,resolved,女,Bộ Nữ,record-radical,24
妻,qī,vợ,not-resolved,,,not-resolved,0
姆,mǔ,người phụ nữ chăm sóc trẻ nhỏ; (cũ) nữ gia sư,resolved,女,Bộ Nữ,record-radical,24
始,shǐ,bắt đầu; khởi đầu,resolved,女,Bộ Nữ,record-radical,24
姐,jiě,chị gái,resolved,女,Bộ Nữ,record-radical,24
姑,gū,cô (bên nội); chị em gái của chồng,resolved,女,Bộ Nữ,record-radical,24
姓,xìng,họ,resolved,女,Bộ Nữ,record-radical,24
委,Wěi,họ [Wei3],resolved,禾,Bộ Hòa,record-radical,24
姜,jiāng,gừng,not-resolved,,,not-resolved,0
姣,jiāo,đẹp,resolved,女,Bộ Nữ,record-radical,24
姥,lǎo,bà (ngoại),not-resolved,,,not-resolved,0
姨,yí,chị em vợ,resolved,女,Bộ Nữ,record-radical,24
姻,yīn,quan hệ hôn nhân,not-resolved,,,not-resolved,0
姿,zī,vẻ đẹp; tính cách,resolved,女,Bộ Nữ,record-radical,24
威,wēi,quyền lực; sức mạnh,not-resolved,,,not-resolved,0
娃,wá,em bé; búp bê,not-resolved,,,not-resolved,0
娇,jiāo,đáng yêu; nuông chiều,resolved,女,Bộ Nữ,record-radical,24
娘,niáng,mẹ,resolved,女,Bộ Nữ,record-radical,24
娥,é,tốt; đẹp,resolved,女,Bộ Nữ,record-radical,24
娱,yú,giải trí,resolved,女,Bộ Nữ,record-radical,24
娶,qǔ,cưới,not-resolved,,,not-resolved,0
娼,chāng,gái mại dâm,resolved,女,Bộ Nữ,record-radical,24
婆,pó,(dạng kết hợp) bà; (dạng kết hợp) bà quản gia,resolved,女,Bộ Nữ,record-radical,24
婉,wǎn,duyên dáng; khéo léo,resolved,女,Bộ Nữ,record-radical,24
婚,hūn,kết hôn; hôn nhân,resolved,女,Bộ Nữ,record-radical,24
婪,lán,tham lam,resolved,女,Bộ Nữ,record-radical,24
婴,yīng,trẻ sơ sinh; em bé,resolved,女,Bộ Nữ,record-radical,24
婿,xù,biến thể của 婿[xu4],resolved,女,Bộ Nữ,record-radical,24
媒,méi,môi giới; trung gian,resolved,女,Bộ Nữ,record-radical,24
媚,mèi,tâng bốc; quyến rũ,resolved,女,Bộ Nữ,record-radical,24
媲,pì,so sánh; kết đôi,resolved,女,Bộ Nữ,record-radical,24
媳,xí,con dâu,resolved,女,Bộ Nữ,record-radical,24
嫁,jià,kết hôn,resolved,女,Bộ Nữ,record-radical,24
嫂,sǎo,(dạng kết hợp) vợ của anh trai; chị dâu,resolved,女,Bộ Nữ,record-radical,24
嫉,jí,ghen tuông; ghen tị với,not-resolved,,,not-resolved,0
嫌,xián,ghét,resolved,女,Bộ Nữ,record-radical,24
嫦,cháng,dùng trong 嫦娥[Chang2e2]; dùng trong tên nữ,resolved,女,Bộ Nữ,record-radical,24
嫩,nèn,mềm,resolved,女,Bộ Nữ,record-radical,24
嬉,xī,sự tiêu khiển,resolved,女,Bộ Nữ,record-radical,24
子,zǐ,con trai; trẻ em,resolved,子,"Bộ Tử, Tý",self-radical,7
孔,kǒng,lỗ,not-resolved,,,not-resolved,0
孕,yùn,mang thai,not-resolved,,,not-resolved,0
字,zì,chữ,resolved,宀,Bộ Miên,record-radical,24
存,cún,tiết kiệm,resolved,子,"Bộ Tử, Tý",record-radical,7
孙,Sūn,họ [Sun1],resolved,子,"Bộ Tử, Tý",record-radical,7
孝,xiào,"Hiếu thảo, hiếu kính",not-resolved,,,not-resolved,0
季,jì,quý,resolved,禾,Bộ Hòa,record-radical,24
孤,gū,cô đơn; cô độc,resolved,子,"Bộ Tử, Tý",record-radical,7
学,xué,học,not-resolved,,,not-resolved,0
孩,hái,(hình thức kết hợp) trẻ con,resolved,子,"Bộ Tử, Tý",record-radical,7
孪,luán,song sinh,not-resolved,,,not-resolved,0
孱,càn,dùng trong 孱頭|孱头[can4 tou5],not-resolved,,,not-resolved,0
孵,fū,sinh sản; ấp,not-resolved,,,not-resolved,0
宀,mián,"Mái nhà, nơi ở, che phủ.",resolved,宀,Bộ Miên,self-radical,24
宁,nìng,biến thể cũ của 寧|宁[ning4],resolved,宀,Bộ Miên,record-radical,24
它,tā,nó,not-resolved,,,not-resolved,0
宅,zhái,nơi cư trú; (thông tục) ở nhà,resolved,宀,Bộ Miên,record-radical,24
宇,yǔ,phòng; vũ trụ,resolved,宀,Bộ Miên,record-radical,24
守,shǒu,giữ,resolved,宀,Bộ Miên,record-radical,24
安,ān,bình an,resolved,宀,Bộ Miên,record-radical,24
完,wán,hoàn thành,resolved,宀,Bộ Miên,record-radical,24
宏,hóng,lớn; vĩ đại,resolved,宀,Bộ Miên,record-radical,24
宗,Zōng,họ [Zong1],resolved,宀,Bộ Miên,record-radical,24
官,guān,quan chức,resolved,宀,Bộ Miên,record-radical,24
宙,zhòu,vĩnh cửu; (địa chất) đại,resolved,宀,Bộ Miên,record-radical,24
定,dìng,quyết định,resolved,宀,Bộ Miên,record-radical,24
宜,Yí,họ [Yi2],not-resolved,,,not-resolved,0
宝,bǎo,kho báu,resolved,宀,Bộ Miên,record-radical,24
实,shí,thật; thực,resolved,宀,Bộ Miên,record-radical,24
宠,chǒng,nuông chiều,resolved,宀,Bộ Miên,record-radical,24
审,shěn,"thẩm vấn, thử",resolved,宀,Bộ Miên,record-radical,24
客,kè,khách hàng; khách thăm,resolved,宀,Bộ Miên,record-radical,24
宣,Xuān,họ [Xuan1],resolved,宀,Bộ Miên,record-radical,24
室,shì,phòng,resolved,宀,Bộ Miên,record-radical,24
宪,xiàn,điều lệ; hiến pháp,resolved,宀,Bộ Miên,record-radical,24
宫,gōng,cung điện,resolved,宀,Bộ Miên,record-radical,24
宰,zǎi,giết mổ,not-resolved,,,not-resolved,0
害,hài,gây hại cho; gây rắc rối cho,not-resolved,,,not-resolved,0
宴,yàn,(dạng kết hợp) tiệc; tịnh dưỡng,not-resolved,,,not-resolved,0
宵,xiāo,đêm,resolved,宀,Bộ Miên,record-radical,24
家,jiā,"gia đình, nhà",resolved,宀,Bộ Miên,record-radical,24
容,Róng,họ [Rong2],resolved,宀,Bộ Miên,record-radical,24
宽,kuān,rộng,resolved,宀,Bộ Miên,record-radical,24
宾,bīn,khách mời; khách,resolved,宀,Bộ Miên,record-radical,24
宿,xiǔ,Đêm; ở lại qua đêm,not-resolved,,,not-resolved,0
寂,jì,im lặng; cô đơn,resolved,宀,Bộ Miên,record-radical,24
寄,jì,gửi,resolved,宀,Bộ Miên,record-radical,24
密,mì,bí mật,resolved,山,Bộ Sơn,record-radical,20
富,fù,giàu có,resolved,宀,Bộ Miên,record-radical,24
寒,hán,lạnh; nghèo,not-resolved,,,not-resolved,0
寓,yù,cư trú; hàm ý,resolved,宀,Bộ Miên,record-radical,24
寝,qǐn,biến thể cũ của 寢|寝[qin3],not-resolved,,,not-resolved,0
寞,mò,cô quạnh,resolved,宀,Bộ Miên,record-radical,24
察,Chá,tên gọi tắt của tỉnh Chahar 察哈爾|察哈尔[Cha2 ha1 er3],resolved,宀,Bộ Miên,record-radical,24
寡,guǎ,ít; không đủ,not-resolved,,,not-resolved,0
寥,liáo,trống vắng; cô quạnh,resolved,宀,Bộ Miên,record-radical,24
寨,zhài,pháo đài; trại doanh,not-resolved,,,not-resolved,0
寸,cùn,một đơn vị đo chiều dài; inch,resolved,寸,Bộ Thốn,self-radical,3
对,duì,đối với,resolved,又,Bộ Hựu,record-radical,17
寺,sì,đền,resolved,寸,Bộ Thốn,record-radical,3
寻,xún,tìm kiếm,not-resolved,,,not-resolved,0
导,dǎo,truyền; dẫn,resolved,寸,Bộ Thốn,record-radical,3
寿,Shòu,họ [Shou4],not-resolved,,,not-resolved,0
封,fēng,phong thư,resolved,寸,Bộ Thốn,record-radical,3
射,shè,bắn,not-resolved,,,not-resolved,0
将,jiāng,sẽ,not-resolved,,,not-resolved,0
尊,zūn,bề trên; thuộc thế hệ trước,not-resolved,,,not-resolved,0
小,xiǎo,nhỏ,resolved,小,Bộ Tiểu,self-radical,1
少,shǎo,ít,not-resolved,,,not-resolved,0
尔,ěr,biến thể của 爾|尔[er3],not-resolved,,,not-resolved,0
尖,jiān,"sắc, nhọn",not-resolved,,,not-resolved,0
尘,chén,bụi; bụi bẩn,not-resolved,,,not-resolved,0
尚,shàng,vẫn,resolved,冂,Bộ Quynh,record-radical,1
尝,cháng,thử,not-resolved,,,not-resolved,0
尢,yóu,"Què ( hình người đứng chân phải què, không thẳng) còn gọi là bộ vưu",resolved,尢,Bộ Uông,self-radical,2
尤,Yóu,họ [You2],not-resolved,,,not-resolved,0
尬,gà,ngượng ngùng; lúng túng,resolved,尢,Bộ Uông,record-radical,2
就,jiù,ngay lập tức,not-resolved,,,not-resolved,0
尴,gān,dùng trong 尷尬|尴尬[gan1 ga4],resolved,尢,Bộ Uông,record-radical,2
尸,shī,người đại diện cho người chết (trong lễ an táng); phơi xác (sau khi hành quyết),resolved,尸,Bộ Thi,self-radical,8
尺,chǐ,"thước đo (đơn vị độ dài = 0,33 m)",not-resolved,,,not-resolved,0
尼,ní,ni cô (nữ tu Phật giáo); (thường dùng trong phiên âm),resolved,尸,Bộ Thi,record-radical,8
尽,jìn,đến mức,resolved,又,Bộ Hựu,record-radical,17
尾,wěi,đuôi; phần còn lại,not-resolved,,,not-resolved,0
尿,niào,nước tiểu,not-resolved,,,not-resolved,0
局,jú,cục,resolved,口,Bộ Khẩu,record-radical,24
层,céng,tầng,resolved,尸,Bộ Thi,record-radical,8
居,Jū,họ [Ju1],not-resolved,,,not-resolved,0
屈,Qū,họ [Qu1],resolved,尸,Bộ Thi,record-radical,8
屉,tì,ngăn kéo; tầng,not-resolved,,,not-resolved,0
届,jiè,"phiên, kỳ",not-resolved,,,not-resolved,0
屋,wū,(hình thức kết hợp) nhà; (hình thức kết hợp) phòng,resolved,尸,Bộ Thi,record-radical,8
屎,shǐ,"phân, cứt",not-resolved,,,not-resolved,0
屏,bīng,xem 屏營|屏营[bing1 ying2],not-resolved,,,not-resolved,0
屑,xiè,mảnh vụn,resolved,尸,Bộ Thi,record-radical,8
展,Zhǎn,họ [Zhan3],resolved,尸,Bộ Thi,record-radical,8
属,shǔ,sinh vào năm,not-resolved,,,not-resolved,0
屠,Tú,họ [Tu2],resolved,尸,Bộ Thi,record-radical,8
屡,lǚ,nhiều lần,resolved,尸,Bộ Thi,record-radical,8
履,lǚ,giày; giẫm lên,not-resolved,,,not-resolved,0
屮,chè,"Cây cỏ mới mọc ( hình cây cỏ mới đâm trồi, có hai lá và rễ), tức là chữ ""thảo"" 艸 cổ",resolved,屮,Bộ Triệt,self-radical,2
屯,tún,tích trữ,not-resolved,,,not-resolved,0
山,shān,núi,resolved,山,Bộ Sơn,self-radical,20
屹,yì,cao và dốc,resolved,山,Bộ Sơn,record-radical,20
屿,yǔ,đảo nhỏ,resolved,山,Bộ Sơn,record-radical,20
岁,suì,tuổi,resolved,山,Bộ Sơn,record-radical,20
岂,kǎi,biến thể cũ của 愷|恺[kai3]; biến thể cũ của 凱|凯[kai3],resolved,山,Bộ Sơn,record-radical,20
岔,chà,ngã rẽ; phân nhánh,not-resolved,,,not-resolved,0
岗,gǎng,biến thể của 岡|冈 [gang1],resolved,山,Bộ Sơn,record-radical,20
岛,dǎo,đảo,resolved,山,Bộ Sơn,record-radical,20
岩,yán,vách đá; đá,not-resolved,,,not-resolved,0
岭,lǐng,chỉ dùng trong 岭巆|岭𫶕[ling2 ying2],resolved,山,Bộ Sơn,record-radical,20
岳,Yuè,họ [Yue4],not-resolved,,,not-resolved,0
岸,àn,bờ,resolved,山,Bộ Sơn,record-radical,20
峙,zhì,dùng trong 繁峙[Fan2 shi4],resolved,山,Bộ Sơn,record-radical,20
峡,xiá,hẻm núi,not-resolved,,,not-resolved,0
峭,qiào,cao và dốc; cheo leo,resolved,山,Bộ Sơn,record-radical,20
峰,fēng,biến thể cũ của 峰[feng1],resolved,山,Bộ Sơn,record-radical,20
峻,jùn,(núi) cao; khắc nghiệt hoặc nghiêm khắc,resolved,山,Bộ Sơn,record-radical,20
崇,Chóng,họ [Chong2],resolved,山,Bộ Sơn,record-radical,20
崖,yá,vách đá; vách núi,not-resolved,,,not-resolved,0
崛,jué,cao chót vót như đỉnh núi,resolved,山,Bộ Sơn,record-radical,20
崩,bēng,sụp đổ; rơi vào đống đổ nát,resolved,山,Bộ Sơn,record-radical,20
崭,chán,biến thể của 嶄|崭[chan2],resolved,山,Bộ Sơn,record-radical,20
嵌,kǎn,xem 赤嵌樓|赤嵌楼[Chi4 kan3 lou2],resolved,山,Bộ Sơn,record-radical,20
巅,diān,"đỉnh, chóp (núi)",not-resolved,,,not-resolved,0
巛,chuān,"Dòng nước, nước ở trong núi dũa đất chảy ra gọi là ""xuyên"", bây giờ đều gọi ""xuyên"" là sông cả",resolved,巛,Bộ Xuyên,self-radical,0
川,Chuān,viết tắt của tỉnh Tứ Xuyên 四川[Si4 chuan1] ở tây nam Trung Quốc,not-resolved,,,not-resolved,0
州,zhōu,châu; (cũ) tỉnh,not-resolved,,,not-resolved,0
巡,xún,tuần tra; đi tuần,not-resolved,,,not-resolved,0
巢,Cháo,họ [Chao2],not-resolved,,,not-resolved,0
工,gōng,công việc; công nhân,resolved,工,Bộ Công,self-radical,3
左,zuǒ,trái,resolved,工,Bộ Công,record-radical,3
巧,qiǎo,khéo léo,resolved,工,Bộ Công,record-radical,3
巨,jù,rất lớn; khổng lồ,not-resolved,,,not-resolved,0
巩,gǒng,họ [Gong3],not-resolved,,,not-resolved,0
巫,Wū,họ [Wu1]; cũng đọc là [Wu2],not-resolved,,,not-resolved,0
差,chà,khác nhau,resolved,麥,Bộ Mạch,record-radical,1
己,jǐ,tự bản thân; mình,resolved,己,Bộ Kỷ,self-radical,0
已,yǐ,đã,not-resolved,,,not-resolved,0
巴,Bā,nước Ba thời nhà Chu (ở phía đông Tứ Xuyên hiện đại); viết tắt của đông Tứ Xuyên hoặc Trùng Khánh,not-resolved,,,not-resolved,0
巷,xiàng,hẻm,resolved,邑,Bộ Ấp,record-radical,1
巾,jīn,khăn; vải đa dụng,resolved,巾,Bộ Cân,self-radical,14
币,bì,tiền; tiền xu,resolved,巾,Bộ Cân,record-radical,14
市,shì,thành phố,not-resolved,,,not-resolved,0
布,bù,vải,resolved,巾,Bộ Cân,record-radical,14
帅,shuài,"đẹp trai, thông minh",resolved,刀,Bộ Đao,record-radical,24
帆,fān,buồm,resolved,巾,Bộ Cân,record-radical,14
师,Shī,họ [Shi1],resolved,刀,Bộ Đao,record-radical,24
希,xī,hy vọng; ngưỡng mộ,resolved,巾,Bộ Cân,record-radical,14
帐,zhàng,(dạng kết hợp) rèm; lều; mái che; biến thể của 賬|账[zhang4],resolved,巾,Bộ Cân,record-radical,14
帕,pà,gói; khan quàng cổ,not-resolved,,,not-resolved,0
帖,tiē,vừa khít; phù hợp,not-resolved,,,not-resolved,0
帘,lián,"Rèm, màn",not-resolved,,,not-resolved,0
帚,zhǒu,cây chổi,resolved,又,Bộ Hựu,record-radical,17
帜,zhì,cờ,resolved,巾,Bộ Cân,record-radical,14
帝,dì,hoàng đế,not-resolved,,,not-resolved,0
带,dài,"mang, mang theo",not-resolved,,,not-resolved,0
帧,zhēn,"khung (ảnh), khung (phim); bức (ảnh); khung hình",resolved,巾,Bộ Cân,record-radical,14
席,xí,tiệc,resolved,巾,Bộ Cân,record-radical,14
帮,bāng,giúp,resolved,巾,Bộ Cân,record-radical,14
常,cháng,thường,resolved,巾,Bộ Cân,record-radical,14
帽,mào,biến thể cũ của 帽[mao4],resolved,巾,Bộ Cân,record-radical,14
幅,fú,bức,not-resolved,,,not-resolved,0
幕,mù,hồi,resolved,巾,Bộ Cân,record-radical,14
幢,zhuàng,đoàn,resolved,巾,Bộ Cân,record-radical,14
干,gān,khô; sạch (干净),resolved,干,Bộ Can,self-radical,0
平,píng,phẳng,not-resolved,,,not-resolved,0
年,nián,năm,resolved,禾,Bộ Hòa,record-radical,24
并,bìng,hoàn toàn không,resolved,立,Bộ Lập,record-radical,6
幸,xìng,được tin cậy; thân mật,not-resolved,,,not-resolved,0
幺,yāo,nhỏ nhắn,resolved,幺,Bộ Yêu,self-radical,1
幻,huàn,ảo tưởng,not-resolved,,,not-resolved,0
幼,yòu,trẻ,not-resolved,,,not-resolved,0
幽,yōu,hẻo lánh; ẩn khuất,resolved,山,Bộ Sơn,record-radical,20
广,yǎn,"bộ ""nhà trên vách núi"" trong chữ Hán (bộ Khang Hy số 53), xuất hiện trong 店, 序, 底, v.v.",resolved,广,Bộ Nghiễm,self-radical,14
庄,zhuāng,biến thể của 莊|庄[zhuang1],resolved,广,Bộ Nghiễm,record-radical,14
庆,qìng,ăn mừng,resolved,广,Bộ Nghiễm,record-radical,14
床,chuáng,giường,resolved,木,Bộ Mộc,record-radical,24
序,xù,lời tựa,resolved,广,Bộ Nghiễm,record-radical,14
库,kù,"kho, ngân hàng",resolved,广,Bộ Nghiễm,record-radical,14
应,yīng,nên,resolved,心,Bộ Tâm,record-radical,24
底,dǐ,"cuối, phần dưới, nền tảng",resolved,广,Bộ Nghiễm,record-radical,14
店,diàn,cửa hàng,resolved,广,Bộ Nghiễm,record-radical,14
庙,miào,chùa,not-resolved,,,not-resolved,0
府,fǔ,trung tâm hành chính; nơi lưu trữ của chính phủ (lưu trữ),resolved,广,Bộ Nghiễm,record-radical,14
庞,Páng,họ [Pang2],not-resolved,,,not-resolved,0
废,fèi,chất thải,resolved,广,Bộ Nghiễm,record-radical,14
度,dù,độ,resolved,又,Bộ Hựu,record-radical,17
座,zuò,tòa,resolved,广,Bộ Nghiễm,record-radical,14
庭,tíng,sảnh chính; sân trước,resolved,广,Bộ Nghiễm,record-radical,14
康,Kāng,họ [Kang1],resolved,米,Bộ Mễ,record-radical,18
庸,yōng,bình thường; sử dụng,resolved,用,Bộ Dụng,record-radical,1
廉,lián,biến thể cũ của 廉[lian2],not-resolved,,,not-resolved,0
廊,láng,hành lang; mái hiên,resolved,广,Bộ Nghiễm,record-radical,14
廓,kuò,(hình thức kết hợp) rộng rãi; bao la; (hình thức kết hợp) đường viền; hình dạng chung,resolved,广,Bộ Nghiễm,record-radical,14
廴,yǐn,bước dài,resolved,廴,Bộ Dẫn,self-radical,1
延,yán,kéo dài,resolved,疋,Bộ Sơ,record-radical,1
廷,tíng,sân trong cung điện,resolved,廴,Bộ Dẫn,record-radical,1
建,jiàn,xây dựng,resolved,聿,Bộ Duật,record-radical,4
廾,gǒng,Chắp hai tay,resolved,廾,Bộ Củng,self-radical,4
开,kāi,lái xe,resolved,門,Bộ Môn,record-radical,15
异,yì,khác; khác biệt,resolved,廾,Bộ Củng,record-radical,4
弃,qì,từ bỏ; buông bỏ,resolved,子,"Bộ Tử, Tý",record-radical,7
弄,nòng,chơi,resolved,玉,Bộ Ngọc,record-radical,1
弈,yì,tên cổ của cờ vây (board game Trung Quốc),resolved,廾,Bộ Củng,record-radical,4
弊,bì,tổn hại; gian lận,not-resolved,,,not-resolved,0
弋,yì,Bắn,resolved,弋,"Bộ Dặc, Dực",self-radical,0
式,shì,"loại, kiểu",resolved,工,Bộ Công,record-radical,3
弓,gōng,cung,resolved,弓,Bộ Cung,self-radical,11
引,yǐn,gây ra,resolved,弓,Bộ Cung,record-radical,11
弘,hóng,vĩ đại; khoáng đạt,not-resolved,,,not-resolved,0
弛,chí,tháo dây cung; nới lỏng,resolved,弓,Bộ Cung,record-radical,11
弟,dì,em trai; nam nhỏ tuổi hơn,resolved,戈,Bộ Qua,record-radical,7
张,zhāng,một từ để đo các vật phẳng,resolved,弓,Bộ Cung,record-radical,11
弥,mí,đầy; lấp,resolved,弓,Bộ Cung,record-radical,11
弦,xián,dây đàn,resolved,弓,Bộ Cung,record-radical,11
弧,hú,cung tròn,resolved,弓,Bộ Cung,record-radical,11
弩,nǔ,nỏ,resolved,弓,Bộ Cung,record-radical,11
弯,wān,uốn cong; cong; đường cong,resolved,弓,Bộ Cung,record-radical,11
弱,ruò,yếu,resolved,弓,Bộ Cung,record-radical,11
弹,tán,chơi nhạc cụ,resolved,弓,Bộ Cung,record-radical,11
强,qiáng,mạnh,resolved,弓,Bộ Cung,record-radical,11
彐,jì,Ðầu con dím (nhím),resolved,彐,Bộ Ký,self-radical,0
归,guī,thuộc về,resolved,刀,Bộ Đao,record-radical,24
当,dāng,"trở thành, là, làm việc",resolved,田,Bộ Điền,record-radical,10
录,lù,"ghi âm, đăng ký",resolved,金,Bộ Kim,record-radical,24
彡,sān,lông,resolved,彡,Bộ Sam,self-radical,7
形,xíng,hình dạng,resolved,彡,Bộ Sam,record-radical,7
彩,cǎi,màu sắc (tươi sáng); đa dạng,resolved,彡,Bộ Sam,record-radical,7
彬,bīn,hoà nhã; có giáo dục,resolved,彡,Bộ Sam,record-radical,7
彰,zhāng,rõ ràng; nổi bật,resolved,彡,Bộ Sam,record-radical,7
影,yǐng,hình ảnh; hình,resolved,彡,Bộ Sam,record-radical,7
彳,chì,bước chân trái.,resolved,彳,Bộ Xích,self-radical,16
彷,páng,dùng trong 彷徨[pang2huang2] và 彷徉[pang2yang2],resolved,彳,Bộ Xích,record-radical,16
役,yì,lao động cưỡng bức; lao dịch,not-resolved,,,not-resolved,0
彻,chè,kỹ lưỡng; thấu suốt,not-resolved,,,not-resolved,0
彼,bǐ,đó; những,resolved,彳,Bộ Xích,record-radical,16
往,wǎng,"đến, hướng tới",resolved,彳,Bộ Xích,record-radical,16
征,zhēng,đi trên một hành trình dài,resolved,彳,Bộ Xích,record-radical,16
径,jìng,đường mòn; đường đi,resolved,彳,Bộ Xích,record-radical,16
待,dāi,ở lại,resolved,彳,Bộ Xích,record-radical,16
很,hěn,rất,resolved,彳,Bộ Xích,record-radical,16
徊,huái,dùng trong 徘徊[pai2 huai2],not-resolved,,,not-resolved,0
律,Lǜ,họ [Lu:4],resolved,彳,Bộ Xích,record-radical,16
徐,Xú,họ [Xu2],resolved,彳,Bộ Xích,record-radical,16
徒,Tú,họ [Tu2],not-resolved,,,not-resolved,0
得,děi,"phải, cần",resolved,彳,Bộ Xích,record-radical,16
徘,pái,dùng trong 徘徊[pai2 huai2],resolved,彳,Bộ Xích,record-radical,16
徙,xǐ,(văn học) thay đổi nơi ở,not-resolved,,,not-resolved,0
御,yù,(hình thức ghép) thuộc hoàng gia; hoàng tộc; (văn học) điều khiển (xe ngựa),resolved,彳,Bộ Xích,record-radical,16
徨,huáng,do dự,resolved,彳,Bộ Xích,record-radical,16
循,xún,tuân theo; tuân thủ,resolved,彳,Bộ Xích,record-radical,16
微,Wēi,họ [Wei1]; nhà nước cổ đại Trung Quốc gần Trùng Khánh ngày nay,resolved,彳,Bộ Xích,record-radical,16
德,dé,"đức hạnh, đạo đức",resolved,彳,Bộ Xích,record-radical,16
徽,huī,biến thể cũ của 徽[hui1],not-resolved,,,not-resolved,0
心,xīn,"trái tim, tâm trí",resolved,心,Bộ Tâm,self-radical,24
忄,xīn,"Tim, cảm xúc, suy nghĩ.",resolved,心,Bộ Tâm,radical-variant,24
必,bì,nhất định; phải,not-resolved,,,not-resolved,0
忆,yì,hồi tưởng; nhớ,resolved,心,Bộ Tâm,record-radical,24
忌,jì,ghen tị,resolved,心,Bộ Tâm,record-radical,24
忍,rěn,chịu đựng,resolved,心,Bộ Tâm,record-radical,24
志,zhì,khát vọng; tham vọng,resolved,心,Bộ Tâm,record-radical,24
忘,wàng,quên,resolved,心,Bộ Tâm,record-radical,24
忙,máng,bận,resolved,心,Bộ Tâm,record-radical,24
忠,zhōng,trung thành; tận tụy,resolved,心,Bộ Tâm,record-radical,24
忧,yōu,lo lắng; bận tâm,resolved,心,Bộ Tâm,record-radical,24
快,kuài,nhanh,resolved,心,Bộ Tâm,record-radical,24
念,niàn,đọc to,resolved,心,Bộ Tâm,record-radical,24
忽,Hū,họ [Hu1],resolved,心,Bộ Tâm,record-radical,24
怀,Huái,họ [Huai2],resolved,心,Bộ Tâm,record-radical,24
态,tài,(hình thức kết hợp); diện mạo,resolved,心,Bộ Tâm,record-radical,24
怅,chàng,hối tiếc; buồn bã,resolved,心,Bộ Tâm,record-radical,24
怎,zěn,như thế nào,resolved,心,Bộ Tâm,record-radical,24
怒,nù,tức giận; phẫn nộ,resolved,心,Bộ Tâm,record-radical,24
怕,pà,sợ,resolved,心,Bộ Tâm,record-radical,24
怖,bù,kinh hãi; khiếp sợ,resolved,心,Bộ Tâm,record-radical,24
怜,lián,thương hại,resolved,心,Bộ Tâm,record-radical,24
思,sī,suy nghĩ; xem xét,not-resolved,,,not-resolved,0
怠,dài,nhàn rỗi; lười biếng,resolved,心,Bộ Tâm,record-radical,24
怡,yí,hài hòa; vui vẻ,resolved,心,Bộ Tâm,record-radical,24
急,jí,khẩn cấp,resolved,心,Bộ Tâm,record-radical,24
性,xìng,tính cách,resolved,心,Bộ Tâm,record-radical,24
怨,yuàn,đổ lỗi; (dạng kết hợp) oán hận; căm ghét; mối hận,resolved,心,Bộ Tâm,record-radical,24
怪,guài,khá là,resolved,心,Bộ Tâm,record-radical,24
怯,qiè,nhút nhát; nhát gan,resolved,心,Bộ Tâm,record-radical,24
总,zǒng,tổng,resolved,糸,Bộ Mịch,record-radical,24
恋,liàn,cảm thấy gắn bó; khát khao,resolved,心,Bộ Tâm,record-radical,24
恍,huǎng,biến thể của 恍[huang3],resolved,心,Bộ Tâm,record-radical,24
恐,kǒng,sợ sệt; sợ hãi,resolved,心,Bộ Tâm,record-radical,24
恒,Héng,họ [Heng2],not-resolved,,,not-resolved,0
恕,shù,tha thứ,resolved,心,Bộ Tâm,record-radical,24
恢,huī,khôi phục; phục hồi,resolved,心,Bộ Tâm,record-radical,24
恤,<tì>xù,"áo phông, áo thun",resolved,心,Bộ Tâm,record-radical,24
恨,hèn,ghét,resolved,心,Bộ Tâm,record-radical,24
恩,ēn,biến thể của 恩[en1],resolved,心,Bộ Tâm,record-radical,24
恭,gōng,kính trọng,not-resolved,,,not-resolved,0
息,xī,hơi thở; tin tức,resolved,自,Bộ Tự,record-radical,1
恰,qià,chính xác; vừa đúng,resolved,心,Bộ Tâm,record-radical,24
恳,kěn,tha thiết,resolved,心,Bộ Tâm,record-radical,24
恶,è,hung dữ,resolved,心,Bộ Tâm,record-radical,24
恼,nǎo,nổi giận,resolved,心,Bộ Tâm,record-radical,24
悄,qiāo,dùng trong 悄悄[qiao1 qiao1],resolved,心,Bộ Tâm,record-radical,24
悉,xī,trong mọi trường hợp; biết,resolved,心,Bộ Tâm,record-radical,24
悔,huǐ,(dạng kết hợp) hối hận; ăn năn,resolved,心,Bộ Tâm,record-radical,24
悟,wù,lĩnh hội; hiểu ra,resolved,心,Bộ Tâm,record-radical,24
悠,yōu,kéo dài hoặc chậm rãi; xa xôi trong thời gian hoặc không gian,resolved,心,Bộ Tâm,record-radical,24
患,huàn,bị,resolved,心,Bộ Tâm,record-radical,24
悦,yuè,vui lòng,resolved,心,Bộ Tâm,record-radical,24
您,nín,Ngài,resolved,心,Bộ Tâm,record-radical,24
悬,xuán,treo,not-resolved,,,not-resolved,0
悲,bēi,buồn; nỗi buồn,resolved,心,Bộ Tâm,record-radical,24
悻,xìng,tức giận,resolved,心,Bộ Tâm,record-radical,24
悼,dào,thương tiếc; thương xót,resolved,心,Bộ Tâm,record-radical,24
情,qíng,tình cảm,resolved,心,Bộ Tâm,record-radical,24
惊,jīng,giật mình; bị hoảng sợ,resolved,心,Bộ Tâm,record-radical,24
惋,wǎn,thở dài tiếc nuối hoặc thương hại; Phát âm Đài Loan: [wan4],resolved,心,Bộ Tâm,record-radical,24
惑,huò,làm bối rối; bị bối rối,not-resolved,,,not-resolved,0
惕,tì,sợ hãi; tôn kính,resolved,心,Bộ Tâm,record-radical,24
惚,hū,mơ hồ,not-resolved,,,not-resolved,0
惜,xī,trân trọng; tiếc,not-resolved,,,not-resolved,0
惠,Huì,họ [Hui4],resolved,心,Bộ Tâm,record-radical,24
惦,diàn,nghĩ đến; nhớ,resolved,心,Bộ Tâm,record-radical,24
惧,jù,sợ hãi,resolved,心,Bộ Tâm,record-radical,24
惨,cǎn,bi thảm,resolved,心,Bộ Tâm,record-radical,24
惩,chéng,trừng phạt; khiển trách,resolved,心,Bộ Tâm,record-radical,24
惫,bèi,kiệt quệ,not-resolved,,,not-resolved,0
惭,cán,biến thể của 慚|惭[can2],resolved,心,Bộ Tâm,record-radical,24
惯,guàn,thói quen,resolved,心,Bộ Tâm,record-radical,24
惰,duò,lười biếng,resolved,心,Bộ Tâm,record-radical,24
想,xiǎng,nghĩ,resolved,心,Bộ Tâm,record-radical,24
惹,rě,khiêu khích,resolved,心,Bộ Tâm,record-radical,24
愁,chóu,"nhớ nhung, lo lắng",resolved,心,Bộ Tâm,record-radical,24
愈,yù,được chữa khỏi,resolved,心,Bộ Tâm,record-radical,24
愉,yú,vui vẻ,resolved,心,Bộ Tâm,record-radical,24
意,Yì,Ý; tiếng Ý (viết tắt của 意大利[Yi4 da4 li4]),resolved,心,Bộ Tâm,record-radical,24
愚,yú,ngu ngốc; lừa gạt hoặc lừa dối,resolved,心,Bộ Tâm,record-radical,24
感,gǎn,cảm thấy; cảm giác,resolved,心,Bộ Tâm,record-radical,24
愣,lèng,sững sờ,resolved,心,Bộ Tâm,record-radical,24
愤,fèn,phẫn nộ; tức giận,resolved,心,Bộ Tâm,record-radical,24
愧,kuì,biến thể cũ của 愧[kui4],resolved,心,Bộ Tâm,record-radical,24
愿,yuàn,"ước, nguyện",resolved,心,Bộ Tâm,record-radical,24
慈,cí,đầy lòng trắc ẩn; nhẹ nhàng,resolved,心,Bộ Tâm,record-radical,24
慌,huāng,hoảng loạn; mất bình tĩnh; (thông tục) (sau 得[de2]) không chịu nổi; kinh khủng,resolved,心,Bộ Tâm,record-radical,24
慎,shèn,cẩn thận; thận trọng,resolved,心,Bộ Tâm,record-radical,24
慑,shè,kinh hãi,resolved,心,Bộ Tâm,record-radical,24
慕,mù,hâm mộ,not-resolved,,,not-resolved,0
慢,màn,chậm,resolved,心,Bộ Tâm,record-radical,24
慧,huì,thông minh,resolved,心,Bộ Tâm,record-radical,24
慨,kǎi,biến thể cũ của 慨[kai3]; thở dài (với cảm xúc),resolved,心,Bộ Tâm,record-radical,24
慰,wèi,an ủi; phân ưu,resolved,心,Bộ Tâm,record-radical,24
慷,kāng,dùng trong 慷慨|慷慨[kang1 kai3],resolved,心,Bộ Tâm,record-radical,24
憋,biē,kìm nén,resolved,心,Bộ Tâm,record-radical,24
憎,zēng,ghét,resolved,心,Bộ Tâm,record-radical,24
憨,hān,"ngây thơ, khờ khạo, chất phác",resolved,心,Bộ Tâm,record-radical,24
憾,hàn,hối tiếc (cảm giác mất mát hoặc không hài lòng),resolved,心,Bộ Tâm,record-radical,24
懂,dǒng,"hiểu, biết",resolved,心,Bộ Tâm,record-radical,24
懈,xiè,lỏng lẻo; cẩu thả,resolved,心,Bộ Tâm,record-radical,24
懊,ào,hối tiếc,resolved,心,Bộ Tâm,record-radical,24
懒,lǎn,lười biếng,resolved,心,Bộ Tâm,record-radical,24
戈,Gē,họ [Ge1],resolved,戈,Bộ Qua,self-radical,7
戏,xì,kịch,resolved,戈,Bộ Qua,record-radical,7
成,chéng,trở thành,not-resolved,,,not-resolved,0
我,wǒ,tôi,resolved,戈,Bộ Qua,record-radical,7
戒,jiè,từ bỏ,resolved,戈,Bộ Qua,record-radical,7
或,huò,hoặc,resolved,口,Bộ Khẩu,record-radical,24
战,zhàn,chiến đấu; trận chiến,resolved,戈,Bộ Qua,record-radical,7
戚,qī,biến thể của 戚[qi1]; nỗi đau,not-resolved,,,not-resolved,0
截,jié,cắt đứt,not-resolved,,,not-resolved,0
戳,chuō,chọc,resolved,戈,Bộ Qua,record-radical,7
戴,dài,đeo,not-resolved,,,not-resolved,0
戶,hù,Cửa ngõ,resolved,戶,Bộ Hộ,self-radical,1
户,hù,hộ gia đình,not-resolved,,,not-resolved,0
房,Fáng,họ [Fang2],resolved,戶,Bộ Hộ,record-radical,1
所,suǒ,cơ sở,resolved,斤,Bộ Cân,record-radical,6
扁,biǎn,phẳng,not-resolved,,,not-resolved,0
扇,shān,đánh bằng lòng bàn tay,not-resolved,,,not-resolved,0
手,shǒu,tay,resolved,手,Bộ Thủ,self-radical,24
扌,shǒu,"Tay, hành động bằng tay.",resolved,手,Bộ Thủ,radical-variant,24
才,cái,chỉ,not-resolved,,,not-resolved,0
扎,zhā,châm,not-resolved,,,not-resolved,0
扑,pū,lao tới,resolved,手,Bộ Thủ,record-radical,24
扒,bā,cào,resolved,手,Bộ Thủ,record-radical,24
打,dǎ,chơi,resolved,手,Bộ Thủ,record-radical,24
扔,rēng,ném,resolved,手,Bộ Thủ,record-radical,24
托,tuō,"nâng bằng tay; đỡ bằng lòng bàn tay; vật dùng để đỡ: cái chống, cái gác (ví dụ: chỗ gác tay)",resolved,手,Bộ Thủ,record-radical,24
扛,káng,vác,not-resolved,,,not-resolved,0
扣,kòu,nút,resolved,手,Bộ Thủ,record-radical,24
执,zhí,thực hiện (kế hoạch); nắm bắt,resolved,手,Bộ Thủ,record-radical,24
扩,kuò,mở rộng,resolved,广,Bộ Nghiễm,record-radical,14
扫,sǎo,quét,resolved,手,Bộ Thủ,record-radical,24
扬,yáng,nâng lên,resolved,手,Bộ Thủ,record-radical,24
扭,niǔ,xoắn,resolved,手,Bộ Thủ,record-radical,24
扮,bàn,ăn mặc,resolved,手,Bộ Thủ,record-radical,24
扯,chě,xé,resolved,手,Bộ Thủ,record-radical,24
扰,rǎo,làm phiền,resolved,手,Bộ Thủ,record-radical,24
扳,bān,kéo,resolved,手,Bộ Thủ,record-radical,24
扶,fú,hỗ trợ,resolved,手,Bộ Thủ,record-radical,24
批,pī,lô,resolved,手,Bộ Thủ,record-radical,24
扼,è,nắm chặt; túm lấy,resolved,手,Bộ Thủ,record-radical,24
找,zhǎo,tìm kiếm,resolved,手,Bộ Thủ,record-radical,24
承,Chéng,"họ [Cheng2]; Cheng (khoảng 2000 trước Công nguyên), vị thứ ba trong truyền thuyết về Viêm Đế 炎帝[Yan2 di4] xuất thân từ Thần Nông 神農|神农[Shen2 nong2] Thần Nông",not-resolved,,,not-resolved,0
技,jì,kỹ năng,resolved,手,Bộ Thủ,record-radical,24
抄,chāo,"chép, phiên âm",resolved,手,Bộ Thủ,record-radical,24
把,bǎ,giới từ 'ba',resolved,手,Bộ Thủ,record-radical,24
抑,yì,kiềm chế; hạn chế,resolved,手,Bộ Thủ,record-radical,24
抒,shū,bày tỏ; thể hiện,not-resolved,,,not-resolved,0
抓,zhuā,"bắt, nắm bắt",resolved,手,Bộ Thủ,record-radical,24
投,tóu,ném,resolved,手,Bộ Thủ,record-radical,24
抖,dǒu,rung,resolved,手,Bộ Thủ,record-radical,24
抗,kàng,kháng; chống,resolved,手,Bộ Thủ,record-radical,24
折,zhé,giảm giá,resolved,手,Bộ Thủ,record-radical,24
抚,fǔ,an ủi; vỗ về,resolved,手,Bộ Thủ,record-radical,24
抛,pāo,ném,resolved,手,Bộ Thủ,record-radical,24
抠,kōu,đào ra,resolved,手,Bộ Thủ,record-radical,24
抡,lún,lựa chọn,resolved,手,Bộ Thủ,record-radical,24
抢,qiǎng,cướp,resolved,手,Bộ Thủ,record-radical,24
护,hù,bảo vệ,resolved,手,Bộ Thủ,record-radical,24
报,bào,báo,resolved,手,Bộ Thủ,record-radical,24
抨,pēng,công kích; chỉ trích,resolved,手,Bộ Thủ,record-radical,24
披,pī,choàng qua vai,not-resolved,,,not-resolved,0
抬,tái,"nâng, nhấc lên",resolved,手,Bộ Thủ,record-radical,24
抱,bào,ôm,resolved,手,Bộ Thủ,record-radical,24
抵,dǐ,ấn vào; hỗ trợ,resolved,手,Bộ Thủ,record-radical,24
抹,mǒ,"Xóa, bôi, phết, lau chùi",resolved,手,Bộ Thủ,record-radical,24
押,yā,cầm cố,resolved,手,Bộ Thủ,record-radical,24
抽,chōu,hút,resolved,手,Bộ Thủ,record-radical,24
拂,bì,biến thể cũ của 弼[bi4],resolved,手,Bộ Thủ,record-radical,24
拄,zhǔ,dựa vào,resolved,手,Bộ Thủ,record-radical,24
担,dàn,gánh,resolved,手,Bộ Thủ,record-radical,24
拆,chāi,tháo gỡ,resolved,手,Bộ Thủ,record-radical,24
拈,niān,"Nhón, nhón lấy, véo",not-resolved,,,not-resolved,0
拉,lā,kéo,resolved,手,Bộ Thủ,record-radical,24
拌,bàn,khuấy và trộn,resolved,手,Bộ Thủ,record-radical,24
拍,pāi,chụp,resolved,手,Bộ Thủ,record-radical,24
拎,līn,xách,resolved,手,Bộ Thủ,record-radical,24
拐,guǎi,khập khiễng,not-resolved,,,not-resolved,0
拒,jù,kháng cự; đẩy lùi,resolved,手,Bộ Thủ,record-radical,24
拓,Tuò,họ [Tuo4],resolved,手,Bộ Thủ,record-radical,24
拔,bá,"kéo ra, nhổ ra",resolved,手,Bộ Thủ,record-radical,24
拖,tuō,kéo,resolved,手,Bộ Thủ,record-radical,24
拗,ào,biến thể của 拗[ao4],resolved,手,Bộ Thủ,record-radical,24
拘,jū,bắt; giam giữ,resolved,手,Bộ Thủ,record-radical,24
拙,zhuō,vụng về; hậu đậu,resolved,手,Bộ Thủ,record-radical,24
招,zhāo,vẫy,resolved,手,Bộ Thủ,record-radical,24
拜,bài,bày tỏ tôn kính; thờ cúng,resolved,手,Bộ Thủ,record-radical,24
拟,nǐ,soạn thảo,resolved,手,Bộ Thủ,record-radical,24
拢,lǒng,gom lại; thu thập; tiến lại gần; tiếp cận,resolved,手,Bộ Thủ,record-radical,24
拣,jiǎn,lựa chọn,resolved,手,Bộ Thủ,record-radical,24
拥,yōng,ôm vào lòng; ôm; chung quanh; vây quanh,resolved,手,Bộ Thủ,record-radical,24
拦,lán,"chặn đường, cản trở",resolved,手,Bộ Thủ,record-radical,24
拧,nǐng,vắt,resolved,手,Bộ Thủ,record-radical,24
拨,bō,di chuyển,not-resolved,,,not-resolved,0
择,zé,lựa chọn; chọn,resolved,手,Bộ Thủ,record-radical,24
括,kuò,bao gồm; bao quát,resolved,手,Bộ Thủ,record-radical,24
拯,zhěng,nâng; giúp đỡ,not-resolved,,,not-resolved,0
拱,gǒng,chắp tay trước ngực,resolved,手,Bộ Thủ,record-radical,24
拳,quán,nắm đấm,resolved,手,Bộ Thủ,record-radical,24
拴,shuān,cột,resolved,手,Bộ Thủ,record-radical,24
拼,pīn,ghép,resolved,手,Bộ Thủ,record-radical,24
拽,zhuāi,"kéo, lôi",not-resolved,,,not-resolved,0
拾,shí,nhặt lên,resolved,手,Bộ Thủ,record-radical,24
拿,ná,"lấy, giữ, mang",not-resolved,,,not-resolved,0
持,chí,cầm giữ,resolved,手,Bộ Thủ,record-radical,24
挂,guà,treo,resolved,手,Bộ Thủ,record-radical,24
指,zhǐ,chỉ,resolved,手,Bộ Thủ,record-radical,24
按,àn,theo,resolved,手,Bộ Thủ,record-radical,24
挎,kuà,mang trên cánh tay,resolved,手,Bộ Thủ,record-radical,24
挑,tiāo,chọn,resolved,手,Bộ Thủ,record-radical,24
挖,wā,đào,not-resolved,,,not-resolved,0
挚,Zhì,họ [Zhi4],not-resolved,,,not-resolved,0
挟,jiā,biến thể cũ của 夾|夹[jia1],not-resolved,,,not-resolved,0
挠,náo,gãi,resolved,手,Bộ Thủ,record-radical,24
挡,dǎng,chặn,not-resolved,,,not-resolved,0
挣,zhèng,kiếm được,not-resolved,,,not-resolved,0
挤,jǐ,chật chội,resolved,手,Bộ Thủ,record-radical,24
挥,huī,vẫy tay,resolved,手,Bộ Thủ,record-radical,24
挨,āi,gần,resolved,手,Bộ Thủ,record-radical,24
挪,nuó,di chuyển,resolved,手,Bộ Thủ,record-radical,24
挫,cuò,bị cản trở; thất bại,resolved,手,Bộ Thủ,record-radical,24
振,zhèn,rung; lắc,resolved,手,Bộ Thủ,record-radical,24
挺,tǐng,khá,resolved,手,Bộ Thủ,record-radical,24
挽,wǎn,kéo,resolved,手,Bộ Thủ,record-radical,24
捂,wǔ,che đậy,not-resolved,,,not-resolved,0
捅,tǒng,đâm,resolved,手,Bộ Thủ,record-radical,24
捆,kǔn,buộc lại với nhau,resolved,手,Bộ Thủ,record-radical,24
捉,zhuō,bắt,resolved,手,Bộ Thủ,record-radical,24
捍,hàn,biến thể của 捍[han4],resolved,手,Bộ Thủ,record-radical,24
捎,shāo,mang theo; đem theo,resolved,手,Bộ Thủ,record-radical,24
捏,niē,véo,resolved,手,Bộ Thủ,record-radical,24
捐,juān,quyên góp,resolved,手,Bộ Thủ,record-radical,24
捕,bǔ,bắt,resolved,手,Bộ Thủ,record-radical,24
捞,lāo,vớt,resolved,手,Bộ Thủ,record-radical,24
损,sǔn,làm hỏng,resolved,手,Bộ Thủ,record-radical,24
捡,jiǎn,nhặt lên,resolved,手,Bộ Thủ,record-radical,24
换,huàn,đổi,resolved,手,Bộ Thủ,record-radical,24
捣,dǎo,giã; đập,resolved,手,Bộ Thủ,record-radical,24
捧,pěng,nâng lên bằng hai tay,not-resolved,,,not-resolved,0
据,jù,dựa vào,resolved,手,Bộ Thủ,record-radical,24
捶,chuí,đập,resolved,手,Bộ Thủ,record-radical,24
捷,jié,biến thể của 捷[jie2]; nhanh,resolved,手,Bộ Thủ,record-radical,24
掀,xiān,nhấc lên,resolved,手,Bộ Thủ,record-radical,24
授,shòu,(hình thức ràng buộc) trao; đưa; (hình thức ràng buộc) dạy; hướng dẫn,resolved,手,Bộ Thủ,record-radical,24
掉,diào,rơi,resolved,手,Bộ Thủ,record-radical,24
掌,zhǎng,lòng bàn tay; lòng bàn chân,resolved,手,Bộ Thủ,record-radical,24
掏,tāo,lấy ra,resolved,手,Bộ Thủ,record-radical,24
掐,qiā,cấu,resolved,手,Bộ Thủ,record-radical,24
排,pái,xếp hàng,resolved,手,Bộ Thủ,record-radical,24
掘,jué,đào,resolved,手,Bộ Thủ,record-radical,24
掠,lüè,chiếm bằng vũ lực; cướp,resolved,手,Bộ Thủ,record-radical,24
探,tàn,"tìm kiếm, khám phá",resolved,手,Bộ Thủ,record-radical,24
接,jiē,đón,resolved,手,Bộ Thủ,record-radical,24
控,kòng,kiểm soát; buộc tội,resolved,手,Bộ Thủ,record-radical,24
推,tuī,đẩy,resolved,手,Bộ Thủ,record-radical,24
掩,yǎn,"che đậy; giấu kín; đóng (cửa, sách, v.v.)",resolved,手,Bộ Thủ,record-radical,24
措,cuò,xử lý; quản lý,resolved,手,Bộ Thủ,record-radical,24
掰,bāi,bẻ,not-resolved,,,not-resolved,0
掷,zhì,ném; thả xí ngầu,resolved,手,Bộ Thủ,record-radical,24
掺,chān,trộn với,resolved,手,Bộ Thủ,record-radical,24
揉,róu,xoa bóp,not-resolved,,,not-resolved,0
揍,zòu,"đánh, đấm",resolved,手,Bộ Thủ,record-radical,24
描,miáo,miêu tả; vẽ lại,resolved,手,Bộ Thủ,record-radical,24
提,tí,cầm,resolved,手,Bộ Thủ,record-radical,24
插,chā,chèn vào,resolved,手,Bộ Thủ,record-radical,24
握,wò,nắm; giữ,resolved,手,Bộ Thủ,record-radical,24
揣,chuāi,giấu hoặc mang trong quần áo,resolved,手,Bộ Thủ,record-radical,24
揪,jiū,nắm chặt,resolved,手,Bộ Thủ,record-radical,24
揭,jiē,nâng lên,resolved,手,Bộ Thủ,record-radical,24
援,yuán,giúp; hỗ trợ,not-resolved,,,not-resolved,0
揽,lǎn,đảm nhận,resolved,手,Bộ Thủ,record-radical,24
搀,chān,đỡ bằng tay,resolved,手,Bộ Thủ,record-radical,24
搁,gē,đặt,resolved,手,Bộ Thủ,record-radical,24
搂,lǒu,ôm,resolved,手,Bộ Thủ,record-radical,24
搅,jiǎo,quấy rối,resolved,手,Bộ Thủ,record-radical,24
搏,bó,chiến đấu; chống lại,resolved,手,Bộ Thủ,record-radical,24
搓,cuō,chà xát,resolved,手,Bộ Thủ,record-radical,24
搜,sōu,tìm kiếm,resolved,手,Bộ Thủ,record-radical,24
搞,gǎo,làm; tạo,resolved,手,Bộ Thủ,record-radical,24
搬,bān,"chuyển, di chuyển",resolved,手,Bộ Thủ,record-radical,24
搭,dā,xây dựng,resolved,手,Bộ Thủ,record-radical,24
携,xié,"mang, cầm, dắt",resolved,手,Bộ Thủ,record-radical,24
摄,shè,(hình thức ràng buộc) tiếp nhận; hấp thụ; đồng hóa; chụp (ảnh),resolved,手,Bộ Thủ,record-radical,24
摆,bǎi,"đặt, để",resolved,手,Bộ Thủ,record-radical,24
摇,yáo,lắc,resolved,手,Bộ Thủ,record-radical,24
摊,tān,trải ra,resolved,手,Bộ Thủ,record-radical,24
摔,shuāi,ngã,resolved,手,Bộ Thủ,record-radical,24
摘,zhāi,nhặt,not-resolved,,,not-resolved,0
摧,cuī,phá hủy; phá hoại,resolved,手,Bộ Thủ,record-radical,24
摩,mó,cọ xát,resolved,手,Bộ Thủ,record-radical,24
摸,mō,chạm vào,resolved,手,Bộ Thủ,record-radical,24
撇,piē,ném,resolved,手,Bộ Thủ,record-radical,24
撑,chēng,hỗ trợ,resolved,手,Bộ Thủ,record-radical,24
撒,sā,đánh rơi,resolved,手,Bộ Thủ,record-radical,24
撕,sī,xé,resolved,手,Bộ Thủ,record-radical,24
撞,zhuàng,đụng,resolved,手,Bộ Thủ,record-radical,24
撤,chè,rút lui,not-resolved,,,not-resolved,0
撬,qiào,cậy mở,resolved,手,Bộ Thủ,record-radical,24
播,bō,phát sóng,resolved,手,Bộ Thủ,record-radical,24
撰,zhuàn,soạn; thảo,resolved,手,Bộ Thủ,record-radical,24
撼,hàn,rung; làm rung chuyển,resolved,手,Bộ Thủ,record-radical,24
擀,gǎn,"cán (bột), lăn (bột)",resolved,手,Bộ Thủ,record-radical,24
擅,shàn,không có thẩm quyền; chiếm đoạt,resolved,手,Bộ Thủ,record-radical,24
操,cāo,biến thể cũ của 操[cao1],resolved,手,Bộ Thủ,record-radical,24
擎,qíng,nâng; giữ lên,resolved,手,Bộ Thủ,record-radical,24
擦,cā,"chà, lau",resolved,手,Bộ Thủ,record-radical,24
攀,pān,leo,resolved,手,Bộ Thủ,record-radical,24
攒,zǎn,tích lũy,resolved,手,Bộ Thủ,record-radical,24
攘,rǎng,(văn học) xắn tay áo; (văn học) từ chối; chống lại,resolved,手,Bộ Thủ,record-radical,24
攥,zuàn,"Nắm chặt, bóp chặt",resolved,手,Bộ Thủ,record-radical,24
支,zhī,"chống đỡ, hỗ trợ",resolved,支,Bộ Chi,self-radical,0
攴,pù,đánh khẽ.,resolved,攴,Bộ Phộc,self-radical,22
攵,pù,đánh khẽ.,resolved,攴,Bộ Phộc,radical-variant,22
收,shōu,nhận,resolved,攴,Bộ Phộc,record-radical,22
改,gǎi,"thay đổi, sửa đổi",resolved,攴,Bộ Phộc,record-radical,22
攻,gōng,tấn công,resolved,攴,Bộ Phộc,record-radical,22
放,fàng,đặt,resolved,攴,Bộ Phộc,record-radical,22
政,zhèng,thuộc về chính trị; chính trị,resolved,攴,Bộ Phộc,record-radical,22
故,gù,cổ,resolved,攴,Bộ Phộc,record-radical,22
效,xiào,biến thể của 傚|效[xiao4],resolved,攴,Bộ Phộc,record-radical,22
敌,dí,(dạng kết hợp) kẻ thù; (dạng kết hợp) sánh kịp; ngang hàng,resolved,攴,Bộ Phộc,record-radical,22
敏,mǐn,nhanh nhẹn; lanh lợi; linh hoạt; thông minh; nhanh trí,resolved,攴,Bộ Phộc,record-radical,22
救,jiù,cứu giúp,resolved,攴,Bộ Phộc,record-radical,22
教,jiāo,giảng dạy,resolved,攴,Bộ Phộc,record-radical,22
敛,liǎn,(văn học) kiềm chế; (văn học) kiểm soát (bản thân),resolved,攴,Bộ Phộc,record-radical,22
敝,bì,"Hỏng, rách nát; (tự xưng khiêm tốn) của tôi",resolved,攴,Bộ Phộc,record-radical,22
敞,chǎng,mở ra cho mọi người thấy; rộng rãi,resolved,攴,Bộ Phộc,record-radical,22
敢,gǎn,dám,not-resolved,,,not-resolved,0
散,sàn,phân tán,resolved,竹,Bộ Trúc,record-radical,1
敦,dūn,biến thể của 敦[dun1],not-resolved,,,not-resolved,0
敬,jìng,tôn kính,not-resolved,,,not-resolved,0
数,shǔ,đếm,resolved,攴,Bộ Phộc,record-radical,22
敲,qiāo,gõ,resolved,攴,Bộ Phộc,record-radical,22
整,zhěng,toàn bộ,not-resolved,,,not-resolved,0
敷,fū,áp dụng,resolved,攴,Bộ Phộc,record-radical,22
文,wén,văn,resolved,文,Bộ Văn,self-radical,0
斑,bān,"vết, đốm, vân",not-resolved,,,not-resolved,0
斗,dòu,cái gáo,resolved,斗,"Bộ Đấu, Đẩu",self-radical,1
料,liào,vật liệu,resolved,米,Bộ Mễ,record-radical,18
斜,xié,nghiêng,resolved,斗,"Bộ Đấu, Đẩu",record-radical,1
斤,jīn,cân,resolved,斤,Bộ Cân,self-radical,6
斥,chì,trách móc; khiển trách,not-resolved,,,not-resolved,0
斧,fǔ,rìu nhỏ,resolved,斤,Bộ Cân,record-radical,6
斩,zhǎn,chặt,resolved,車,Bộ Xa,record-radical,19
断,duàn,bẻ gãy,not-resolved,,,not-resolved,0
斯,Sī,Slovakia; Người Slovakia,resolved,斤,Bộ Cân,record-radical,6
新,xīn,mới,resolved,斤,Bộ Cân,record-radical,6
方,fāng,vuông,resolved,方,Bộ Phương,self-radical,1
施,Shī,họ [Shi1],not-resolved,,,not-resolved,0
旁,páng,một bên; khác,not-resolved,,,not-resolved,0
旅,lǚ,chuyến đi; du lịch,not-resolved,,,not-resolved,0
旋,xuán,quay vòng; một vòng,not-resolved,,,not-resolved,0
族,zú,bộ tộc,not-resolved,,,not-resolved,0
旗,qí,cờ; biến thể của 旗[qi2],resolved,方,Bộ Phương,record-radical,1
无,wú,không,resolved,无,Bộ Vô,self-radical,0
既,jì,tức là,not-resolved,,,not-resolved,0
日,rì,mặt trời,resolved,日,Bộ Nhật,self-radical,24
旦,dàn,"(văn học) bình minh; rạng đông; đán, vai nữ trong kinh kịch Trung Quốc (truyền thống do nam diễn viên chuyên nghiệp đóng)",resolved,日,Bộ Nhật,record-radical,24
旧,jiù,cũ,resolved,丨,"Bộ Thụ, Cổn",record-radical,1
旨,zhǐ,chiếu chỉ của hoàng đế; hàm ý,resolved,匕,"Bộ Tỷ, Chủy",record-radical,3
早,zǎo,sớm,resolved,日,Bộ Nhật,record-radical,24
旬,xún,mười ngày; mười năm,resolved,日,Bộ Nhật,record-radical,24
旭,xù,bình minh; mặt trời mọc,resolved,日,Bộ Nhật,record-radical,24
旱,hàn,hạn hán,resolved,日,Bộ Nhật,record-radical,24
时,shí,thời gian,resolved,日,Bộ Nhật,record-radical,24
旷,kuàng,sao nhãng; bỏ (lớp hoặc công việc),not-resolved,,,not-resolved,0
旺,wàng,thịnh vượng,resolved,日,Bộ Nhật,record-radical,24
昂,áng,nâng lên; ngẩng,resolved,日,Bộ Nhật,record-radical,24
昆,kūn,biến thể của 崑|昆[kun1],resolved,日,Bộ Nhật,record-radical,24
昌,Chāng,họ [Chang1],resolved,日,Bộ Nhật,record-radical,24
明,Míng,Triều Minh (1368-1644); họ [Ming2],not-resolved,,,not-resolved,0
昏,hūn,mất ý thức,not-resolved,,,not-resolved,0
易,Yì,"họ [Yi4]; viết tắt của 易經|易经[Yi4jing1], Kinh Dịch",resolved,皿,Bộ Mãnh,record-radical,7
昔,Xī,họ [Xi1],not-resolved,,,not-resolved,0
昙,tán,mây đen,not-resolved,,,not-resolved,0
星,xīng,ngôi sao; thiên thể,resolved,日,Bộ Nhật,record-radical,24
映,yìng,phản chiếu,resolved,日,Bộ Nhật,record-radical,24
春,chūn,mùa xuân,resolved,日,Bộ Nhật,record-radical,24
昧,mèi,che giấu; tối,resolved,日,Bộ Nhật,record-radical,24
昨,zuó,hôm qua,resolved,日,Bộ Nhật,record-radical,24
是,shì,là,not-resolved,,,not-resolved,0
昼,zhòu,ban ngày,not-resolved,,,not-resolved,0
显,xiǎn,hiển thị,resolved,日,Bộ Nhật,record-radical,24
晃,huǎng,chói,resolved,日,Bộ Nhật,record-radical,24
晋,Jìn,họ [Jin4]; nhà Tấn (265-420),not-resolved,,,not-resolved,0
晒,shài,phơi nắng; làm khô dưới ánh mặt trời,resolved,日,Bộ Nhật,record-radical,24
晓,xiǎo,bình minh; rạng đông,resolved,日,Bộ Nhật,record-radical,24
晕,yūn,cảm thấy chóng mặt,resolved,日,Bộ Nhật,record-radical,24
晚,wǎn,muộn,resolved,日,Bộ Nhật,record-radical,24
晤,wù,gặp gỡ (xã hội),resolved,日,Bộ Nhật,record-radical,24
晦,huì,(hình thức kết hợp) ngày cuối tháng âm lịch; (hình thức kết hợp) tối; u ám,resolved,日,Bộ Nhật,record-radical,24
晨,chén,buổi sáng; bình minh,resolved,日,Bộ Nhật,record-radical,24
普,pǔ,chung; phổ biến,resolved,日,Bộ Nhật,record-radical,24
景,jǐng,"tình huống, điều kiện",resolved,日,Bộ Nhật,record-radical,24
晰,xī,rõ ràng; phân minh,resolved,日,Bộ Nhật,record-radical,24
晴,qíng,"nắng, trong",resolved,日,Bộ Nhật,record-radical,24
晶,jīng,tinh thể,not-resolved,,,not-resolved,0
智,zhì,(văn học) khôn ngoan; trí tuệ,not-resolved,,,not-resolved,0
晾,liàng,phơi,resolved,日,Bộ Nhật,record-radical,24
暂,zàn,tạm thời,resolved,日,Bộ Nhật,record-radical,24
暄,xuān,ấm áp và hòa nhã,resolved,日,Bộ Nhật,record-radical,24
暑,shǔ,nóng; nắng nóng,resolved,日,Bộ Nhật,record-radical,24
暖,nuǎn,ấm áp,resolved,日,Bộ Nhật,record-radical,24
暗,àn,tối,resolved,日,Bộ Nhật,record-radical,24
暧,ài,(ánh sáng ban ngày) mờ tối; không rõ ràng,resolved,日,Bộ Nhật,record-radical,24
暮,mù,buổi tối; hoàng hôn,resolved,日,Bộ Nhật,record-radical,24
暴,Bào,họ [Bao4],resolved,日,Bộ Nhật,record-radical,24
曙,shǔ,(dạng kết hợp) lúc rạng đông; bình minh; phiên âm Đài Loan [shu4],resolved,日,Bộ Nhật,record-radical,24
曝,pù,phơi; phơi nắng,resolved,日,Bộ Nhật,record-radical,24
曰,yuē,nói,resolved,曰,Bộ Viết,self-radical,1
曲,qǔ,giai điệu,not-resolved,,,not-resolved,0
更,gèng,hơn,resolved,攴,Bộ Phộc,record-radical,22
曼,màn,đẹp; lớn,not-resolved,,,not-resolved,0
曾,céng,từng,not-resolved,,,not-resolved,0
替,tì,thay thế,resolved,曰,Bộ Viết,record-radical,1
最,zuì,nhất,not-resolved,,,not-resolved,0
月,yuè,Tháng,resolved,月,"Bộ Nguyệt,Nhục",self-radical,4
有,yǒu,có,resolved,又,Bộ Hựu,record-radical,17
朋,péng,bạn,not-resolved,,,not-resolved,0
服,fú,liều,not-resolved,,,not-resolved,0
朗,lǎng,rõ ràng; sáng sủa,resolved,月,"Bộ Nguyệt,Nhục",record-radical,4
望,wàng,"nhìn xa, nhìn về phía trước",not-resolved,,,not-resolved,0
朝,cháo,hướng tới,resolved,屮,Bộ Triệt,record-radical,2
期,qī,kỳ,resolved,月,"Bộ Nguyệt,Nhục",record-radical,4
朦,méng,dùng trong 朦朧|朦胧[meng2 long2],resolved,月,"Bộ Nguyệt,Nhục",record-radical,4
木,Mù,họ [Mu4],resolved,木,Bộ Mộc,self-radical,24
未,wèi,"không, chưa",not-resolved,,,not-resolved,0
末,mò,đầu mút; kết thúc,not-resolved,,,not-resolved,0
本,běn,một từ để đo sách,resolved,木,Bộ Mộc,record-radical,24
术,shù,phương pháp; kỹ thuật,resolved,行,Bộ Hành,record-radical,2
朱,Zhū,họ [Zhu1],resolved,木,Bộ Mộc,record-radical,24
朴,Piáo,"họ [Piao2]; họ Hàn Quốc (Park, Pak hoặc Bak)",resolved,木,Bộ Mộc,record-radical,24
朵,duǒ,bông,not-resolved,,,not-resolved,0
机,Jī,họ [Ji1],resolved,木,Bộ Mộc,record-radical,24
朽,xiǔ,mục nát,not-resolved,,,not-resolved,0
杀,shā,giết,not-resolved,,,not-resolved,0
杂,zá,tạp,not-resolved,,,not-resolved,0
权,quán,quyền lực,resolved,木,Bộ Mộc,record-radical,24
杆,gǎn,thanh,resolved,木,Bộ Mộc,record-radical,24
李,Lǐ,họ [Li3],resolved,木,Bộ Mộc,record-radical,24
材,cái,vật liệu; gỗ,resolved,木,Bộ Mộc,record-radical,24
村,cūn,làng,resolved,木,Bộ Mộc,record-radical,24
杖,zhàng,một cây gậy; một cái roi,resolved,木,Bộ Mộc,record-radical,24
杜,Dù,họ [Du4],resolved,木,Bộ Mộc,record-radical,24
束,shù,"bó, chùm",not-resolved,,,not-resolved,0
杠,gāng,cột cờ; cầu nhỏ,not-resolved,,,not-resolved,0
条,tiáo,dải,resolved,木,Bộ Mộc,record-radical,24
来,lái,đến,not-resolved,,,not-resolved,0
杨,Yáng,họ [Yang2],resolved,木,Bộ Mộc,record-radical,24
杭,Háng,họ [Hang2]; viết tắt của Hàng Châu 杭州[Hang2zhou1],resolved,木,Bộ Mộc,record-radical,24
杯,bēi,cái cốc,resolved,木,Bộ Mộc,record-radical,24
杰,jié,(dạng kết hợp) anh hùng; anh dũng,resolved,木,Bộ Mộc,record-radical,24
松,sōng,thông,resolved,木,Bộ Mộc,record-radical,24
板,bǎn,"ván, bảng",resolved,木,Bộ Mộc,record-radical,24
极,jí,cực kỳ,resolved,木,Bộ Mộc,record-radical,24
构,gòu,biến thể của 構|构[gou4]; (Đài Loan) (thông tục) biến thể của 夠|够[gou4],resolved,木,Bộ Mộc,record-radical,24
枉,wǎng,xoắn; cong,resolved,木,Bộ Mộc,record-radical,24
析,xī,tách; chia,not-resolved,,,not-resolved,0
枕,zhěn,gối; gối đầu,resolved,木,Bộ Mộc,record-radical,24
林,Lín,họ [Lin2]; họ Nhật Bản Hayashi,resolved,木,Bộ Mộc,record-radical,24
枚,méi,một từ đo lường cho các đối tượng nhỏ,resolved,木,Bộ Mộc,record-radical,24
果,guǒ,trái cây; kết quả,not-resolved,,,not-resolved,0
枝,zhī,nhánh,resolved,木,Bộ Mộc,record-radical,24
枢,shū,(dạng kết hợp) bản lề; điểm then chốt (thường nghĩa bóng),resolved,木,Bộ Mộc,record-radical,24
枣,zǎo,quả chà là,not-resolved,,,not-resolved,0
枪,qiāng,súng,resolved,木,Bộ Mộc,record-radical,24
枯,kū,"(thực vật) héo; (giếng, sông, v.v.) khô cạn",not-resolved,,,not-resolved,0
架,jià,kệ,resolved,木,Bộ Mộc,record-radical,24
柄,bǐng,"tay cầm hoặc cán (của rìu, v.v.); thân (của hoa, lá hoặc quả)",resolved,木,Bộ Mộc,record-radical,24
柏,Bǎi,họ [Bai3]; phát âm Đài Loan [Bo2],resolved,木,Bộ Mộc,record-radical,24
某,mǒu,một số,resolved,甘,Bộ Cam,record-radical,3
染,rǎn,nhuộm,not-resolved,,,not-resolved,0
柔,róu,mềm; dẻo dai,not-resolved,,,not-resolved,0
柜,guì,biến thể của 櫃|柜[gui4],resolved,木,Bộ Mộc,record-radical,24
查,chá,kiểm tra,resolved,木,Bộ Mộc,record-radical,24
柬,Jiǎn,"viết tắt của 柬埔寨[Jian3 pu3 zhai4], Campuchia",not-resolved,,,not-resolved,0
柱,zhù,cột; LT:根[gen1],resolved,木,Bộ Mộc,record-radical,24
柳,Liǔ,họ [Liu3],resolved,木,Bộ Mộc,record-radical,24
柴,Chái,họ [Chai2],resolved,木,Bộ Mộc,record-radical,24
柿,shì,biến thể cũ của 柿[shi4],resolved,木,Bộ Mộc,record-radical,24
标,biāo,nhãn,resolved,木,Bộ Mộc,record-radical,24
栋,dòng,căn (đơn vị đo nhà),resolved,木,Bộ Mộc,record-radical,24
栏,lán,cột,resolved,木,Bộ Mộc,record-radical,24
树,shù,cây,resolved,木,Bộ Mộc,record-radical,24
栓,shuān,nút chai; nút,resolved,木,Bộ Mộc,record-radical,24
栖,qī,đậu; nghỉ (của chim),resolved,木,Bộ Mộc,record-radical,24
栗,lì,(văn học) lạnh lẽo; rét mướt; (dạng kết hợp) run sợ,not-resolved,,,not-resolved,0
校,jiào,kiểm tra; đối chiếu,resolved,木,Bộ Mộc,record-radical,24
株,zhū,cây,resolved,木,Bộ Mộc,record-radical,24
样,yàng,loại,resolved,木,Bộ Mộc,record-radical,24
核,hé,hạt,resolved,木,Bộ Mộc,record-radical,24
根,gēn,một từ đo lường cho mảnh dài mỏng,resolved,木,Bộ Mộc,record-radical,24
格,gē,Cách,resolved,木,Bộ Mộc,record-radical,24
栽,zāi,"trồng (cây), cắm (măng); ngã, vấp ngã; đổ lỗi",resolved,木,Bộ Mộc,record-radical,24
桂,Guì,họ [Gui4]; viết tắt của Khu tự trị Quảng Tây 廣西壯族自治區|广西壮族自治区[Guang3xi1 Zhuang4zu2 Zi4zhi4qu1],resolved,木,Bộ Mộc,record-radical,24
桃,táo,đào,resolved,木,Bộ Mộc,record-radical,24
框,kuàng,khung,resolved,木,Bộ Mộc,record-radical,24
案,àn,(pháp lý) vụ việc; sự cố,resolved,木,Bộ Mộc,record-radical,24
桌,zhuō,bàn; bàn làm việc,resolved,木,Bộ Mộc,record-radical,24
桑,Sāng,họ [Sang1],not-resolved,,,not-resolved,0
档,dàng,"cấp, bậc, hạng",resolved,木,Bộ Mộc,record-radical,24
桥,qiáo,cầu,resolved,木,Bộ Mộc,record-radical,24
桨,jiǎng,mái chèo; tay chèo; LT:隻|只[zhi1],resolved,木,Bộ Mộc,record-radical,24
桩,zhuāng,cọc,resolved,木,Bộ Mộc,record-radical,24
桶,tǒng,thùng,resolved,木,Bộ Mộc,record-radical,24
梁,Liáng,Triều đại Liang (502-557); Hậu Lương (907-923),not-resolved,,,not-resolved,0
梅,Méi,họ [Mei2],resolved,木,Bộ Mộc,record-radical,24
梢,shāo,ngọn cây,resolved,木,Bộ Mộc,record-radical,24
梦,mèng,giấc mơ,resolved,夕,Bộ Tịch,record-radical,3
梨,lí,quả lê,resolved,木,Bộ Mộc,record-radical,24
梯,tī,thang; bậc thang,resolved,木,Bộ Mộc,record-radical,24
械,xiè,dụng cụ; công cụ,resolved,木,Bộ Mộc,record-radical,24
梳,shū,chải,resolved,木,Bộ Mộc,record-radical,24
检,jiǎn,kiểm tra; khám xét,resolved,木,Bộ Mộc,record-radical,24
棉,mián,bông,not-resolved,,,not-resolved,0
棋,qí,cờ,resolved,木,Bộ Mộc,record-radical,24
棍,gùn,gậy,resolved,木,Bộ Mộc,record-radical,24
棒,bàng,tuyệt vời,resolved,木,Bộ Mộc,record-radical,24
棕,zōng,"màu nâu, cây cọ",resolved,木,Bộ Mộc,record-radical,24
棘,jí,gai,not-resolved,,,not-resolved,0
棚,péng,nhà kho; mái che,resolved,木,Bộ Mộc,record-radical,24
棠,táng,táo anh đào,resolved,木,Bộ Mộc,record-radical,24
森,Sēn,Mori (họ Nhật Bản),resolved,木,Bộ Mộc,record-radical,24
棱,léng,xà vuông; biến thể của 稜|棱[leng2],resolved,木,Bộ Mộc,record-radical,24
棵,kē,cây,resolved,木,Bộ Mộc,record-radical,24
棺,guān,quan tài,resolved,木,Bộ Mộc,record-radical,24
椅,yǐ,ghế,resolved,木,Bộ Mộc,record-radical,24
植,zhí,trồng,resolved,木,Bộ Mộc,record-radical,24
椒,jiāo,hạt tiêu,resolved,木,Bộ Mộc,record-radical,24
椰,yē,(dạng kết hợp) cây dừa; tiếng Đài Loan đọc là [ye2],resolved,木,Bộ Mộc,record-radical,24
楚,Chǔ,họ [Chu3]; viết tắt của hai tỉnh Hồ Bắc 湖北省[Hu2bei3 Sheng3] và Hồ Nam 湖南省[Hu2nan2 Sheng3],not-resolved,,,not-resolved,0
楷,jiē,cây di túc bì (Pistacia chinensis),not-resolved,,,not-resolved,0
楼,lóu,tòa nhà; tầng,resolved,木,Bộ Mộc,record-radical,24
概,gài,chung; ước chừng,resolved,木,Bộ Mộc,record-radical,24
榄,lǎn,quả ô liu,resolved,木,Bộ Mộc,record-radical,24
榜,bǎng,thông báo hoặc thông tri; danh sách tên,not-resolved,,,not-resolved,0
榨,zhà,vắt,resolved,木,Bộ Mộc,record-radical,24
槐,huái,cây hoè (Sophora japonica),resolved,木,Bộ Mộc,record-radical,24
槛,jiàn,lan can; tay vịn,resolved,木,Bộ Mộc,record-radical,24
槽,cáo,"máng ăn, máng nước",resolved,木,Bộ Mộc,record-radical,24
模,mó,bắt chước; mô hình,resolved,木,Bộ Mộc,record-radical,24
横,héng,ngang,resolved,木,Bộ Mộc,record-radical,24
橄,gǎn,quả oliu,resolved,木,Bộ Mộc,record-radical,24
橘,jú,quýt (Citrus reticulata); quýt hồng,resolved,木,Bộ Mộc,record-radical,24
橙,chéng,cây cam; màu cam,resolved,木,Bộ Mộc,record-radical,24
橡,xiàng,cây sồi; Quercus serrata,resolved,木,Bộ Mộc,record-radical,24
橱,chú,tủ quần áo; tủ đựng,not-resolved,,,not-resolved,0
欠,qiàn,"nợ, thiếu",resolved,欠,Bộ Khiếm,self-radical,8
次,cì,lần,resolved,二,Bộ Nhị,record-radical,2
欢,huān,biến thể của 歡|欢[huan1],resolved,欠,Bộ Khiếm,record-radical,8
欣,xīn,vui vẻ,resolved,欠,Bộ Khiếm,record-radical,8
欧,Oū,châu Âu (viết tắt của 歐洲|欧洲[Ou1zhou1]); họ [Ou1],resolved,欠,Bộ Khiếm,record-radical,8
欲,yù,khao khát; thèm muốn,resolved,欠,Bộ Khiếm,record-radical,8
欺,qī,lợi dụng không công bằng; lừa dối,resolved,欠,Bộ Khiếm,record-radical,8
款,kuǎn,mục; đoạn,resolved,士,Bộ Sĩ,record-radical,3
歇,xiē,nghỉ ngơi,resolved,欠,Bộ Khiếm,record-radical,8
歉,qiàn,xin lỗi; hối tiếc,resolved,欠,Bộ Khiếm,record-radical,8
歌,gē,bài hát,resolved,欠,Bộ Khiếm,record-radical,8
止,zhǐ,dừng lại,resolved,止,Bộ Chỉ,self-radical,8
正,zhèng,chính xác,not-resolved,,,not-resolved,0
此,cǐ,này,resolved,止,Bộ Chỉ,record-radical,8
步,bù,bước,resolved,止,Bộ Chỉ,record-radical,8
武,Wǔ,họ [Wu3],resolved,戈,Bộ Qua,record-radical,7
歧,qí,phân kỳ; đường nhánh,resolved,止,Bộ Chỉ,record-radical,8
歪,wāi,cong,not-resolved,,,not-resolved,0
歹,dǎi,xấu; độc ác,resolved,歹,Bộ Đãi,self-radical,5
死,sǐ,chết,resolved,歹,Bộ Đãi,record-radical,5
歼,jiān,"tiêu diệt; viết tắt của 殲擊機|歼击机[jian1 ji1 ji1], máy bay chiến đấu",not-resolved,,,not-resolved,0
殃,yāng,tai họa,resolved,歹,Bộ Đãi,record-radical,5
殊,shū,khác; độc đáo,resolved,歹,Bộ Đãi,record-radical,5
残,cán,còn lại,resolved,歹,Bộ Đãi,record-radical,5
殖,zhí,sinh trưởng; sinh sản,resolved,歹,Bộ Đãi,record-radical,5
殳,shū,"Cái thù, một thứ đồ binh dài một trượng hai thước, không có mũi nhọn",resolved,殳,Bộ Thù,self-radical,3
殴,Oū,họ [Ou1],resolved,殳,Bộ Thù,record-radical,3
段,duàn,đoạn,resolved,石,Bộ Thạch,record-radical,24
殷,Yīn,"họ [Yin1]; tên triều đại cuối thời Thương, sau khi dời đến Yinxu 殷墟[Yin1xu1] ở Hà Nam ngày nay",not-resolved,,,not-resolved,0
殿,diàn,đại sảnh cung điện,not-resolved,,,not-resolved,0
毁,huǐ,phá hủy,not-resolved,,,not-resolved,0
毅,yì,kiên định và quả quyết; vững vàng,resolved,殳,Bộ Thù,record-radical,3
毋,wú,"Chớ, đừng",resolved,毋,Bộ Vô,self-radical,0
母,mǔ,cái,not-resolved,,,not-resolved,0
每,měi,mỗi,not-resolved,,,not-resolved,0
毒,dú,độc,resolved,屮,Bộ Triệt,record-radical,2
比,bǐ,so sánh; hơn,resolved,比,Bộ Tỷ,self-radical,2
毕,Bì,họ [Bi4],resolved,比,Bộ Tỷ,record-radical,2
毙,bì,chết; bắn chết,not-resolved,,,not-resolved,0
毛,máo,mao,resolved,毛,Bộ Mao,self-radical,3
毫,háo,lông; bút vẽ,resolved,毛,Bộ Mao,record-radical,3
毯,tǎn,mền; thảm,resolved,毛,Bộ Mao,record-radical,3
氏,shì,tên thị tộc; tên thời con gái,resolved,氏,Bộ Thị,self-radical,0
民,Mín,họ [Min2],not-resolved,,,not-resolved,0
氓,máng,dùng trong 流氓[liu2 mang2],not-resolved,,,not-resolved,0
气,qì,"khí, không khí, hơi nước",resolved,气,Bộ Khí,self-radical,2
氛,fēn,khí độc; hơi,resolved,气,Bộ Khí,record-radical,2
氧,yǎng,oxy,resolved,气,Bộ Khí,record-radical,2
水,shuǐ,nước,resolved,水,Bộ Thủy,self-radical,24
氵,shuǐ,"Nước, chất lỏng, sông hồ.",resolved,水,Bộ Thủy,radical-variant,24
永,yǒng,mãi mãi; luôn luôn,not-resolved,,,not-resolved,0
汁,zhī,nước ép,resolved,水,Bộ Thủy,record-radical,24
求,qiú,cầu xin,not-resolved,,,not-resolved,0
汇,huì,hợp lưu,resolved,匚,Bộ Phương,record-radical,5
汉,Hàn,dân tộc Hán; tiếng Trung Quốc,resolved,水,Bộ Thủy,record-radical,24
汗,hàn,mồ hôi,resolved,水,Bộ Thủy,record-radical,24
汛,xùn,nước dâng lụt; lũ lụt,resolved,水,Bộ Thủy,record-radical,24
江,jiāng,sông,resolved,水,Bộ Thủy,record-radical,24
池,Chí,họ [Chi2],resolved,水,Bộ Thủy,record-radical,24
污,wū,biến thể của 污[wu1],resolved,水,Bộ Thủy,record-radical,24
汤,tāng,"canh, súp",resolved,水,Bộ Thủy,record-radical,24
汪,Wāng,họ [Wang1],resolved,水,Bộ Thủy,record-radical,24
汰,tài,loại bỏ; loại trừ,resolved,水,Bộ Thủy,record-radical,24
汹,xiōng,dữ dội; ào ạt,resolved,水,Bộ Thủy,record-radical,24
汽,qì,hơi nước; hơi,resolved,水,Bộ Thủy,record-radical,24
沃,wò,màu mỡ; giàu có,resolved,水,Bộ Thủy,record-radical,24
沉,chén,chìm,resolved,水,Bộ Thủy,record-radical,24
沏,qī,pha,resolved,水,Bộ Thủy,record-radical,24
沐,mù,tắm; rửa,resolved,水,Bộ Thủy,record-radical,24
沙,shā,cát,resolved,水,Bộ Thủy,record-radical,24
沛,pèi,dồi dào; phong phú,not-resolved,,,not-resolved,0
沟,gōu,mương; rãnh,resolved,水,Bộ Thủy,record-radical,24
没,méi,không có,resolved,水,Bộ Thủy,record-radical,24
沧,cāng,xanh lục hoặc xanh da trời (của nước); rộng lớn (của nước),resolved,水,Bộ Thủy,record-radical,24
沫,mò,bọt; bọt xà phòng,resolved,水,Bộ Thủy,record-radical,24
沮,jǔ,phá hủy; ngừng,resolved,水,Bộ Thủy,record-radical,24
河,hé,sông,resolved,水,Bộ Thủy,record-radical,24
沸,fèi,đun sôi,resolved,水,Bộ Thủy,record-radical,24
油,yóu,dầu,resolved,水,Bộ Thủy,record-radical,24
治,zhì,chữa trị,resolved,水,Bộ Thủy,record-radical,24
沼,zhǎo,ao; hồ,resolved,水,Bộ Thủy,record-radical,24
沽,Gū,viết tắt của Thiên Tân 天津 (cũng gọi 津沽),resolved,水,Bộ Thủy,record-radical,24
沾,zhān,thấm,resolved,水,Bộ Thủy,record-radical,24
沿,yán,theo,resolved,水,Bộ Thủy,record-radical,24
泄,xiè,xả,resolved,水,Bộ Thủy,record-radical,24
泉,quán,suối (dòng nước nhỏ); miệng suối,not-resolved,,,not-resolved,0
泊,bó,thả neo; cập bến,resolved,水,Bộ Thủy,record-radical,24
泌,mì,dùng trong 泌陽|泌阳[Bi4 yang2],resolved,水,Bộ Thủy,record-radical,24
法,fǎ,luật,resolved,水,Bộ Thủy,record-radical,24
泛,fàn,biến thể của 泛[fan4],resolved,水,Bộ Thủy,record-radical,24
泡,pào,mụn nước,resolved,水,Bộ Thủy,record-radical,24
波,Bō,Ba Lan; Tiếng Ba Lan,resolved,水,Bộ Thủy,record-radical,24
泣,qì,khóc nức nở,resolved,水,Bộ Thủy,record-radical,24
泥,ní,bùn,resolved,水,Bộ Thủy,record-radical,24
注,zhù,tập trung,resolved,水,Bộ Thủy,record-radical,24
泪,lèi,nước mắt,resolved,水,Bộ Thủy,record-radical,24
泰,Tài,núi Thái 泰山[Tai4 Shan1] ở Sơn Đông; viết tắt của Thái Lan,not-resolved,,,not-resolved,0
泳,yǒng,bơi; lội,resolved,水,Bộ Thủy,record-radical,24
泻,xiè,chảy ra,resolved,水,Bộ Thủy,record-radical,24
泼,pō,đổ,resolved,水,Bộ Thủy,record-radical,24
泽,zé,hồ; bể (nước),resolved,水,Bộ Thủy,record-radical,24
洁,jié,sạch sẽ,resolved,水,Bộ Thủy,record-radical,24
洋,yáng,ngoại quốc,resolved,水,Bộ Thủy,record-radical,24
洒,sǎ,"tưới, rắc, phun",resolved,水,Bộ Thủy,record-radical,24
洗,xǐ,rửa,resolved,水,Bộ Thủy,record-radical,24
洞,dòng,lỗ,resolved,水,Bộ Thủy,record-radical,24
津,jīn,viết tắt của Thiên Tân 天津[Tian1 jin1],resolved,水,Bộ Thủy,record-radical,24
洪,Hóng,họ [Hong2],not-resolved,,,not-resolved,0
洲,zhōu,lục địa; đảo trong sông,resolved,水,Bộ Thủy,record-radical,24
活,huó,sống; sống,resolved,水,Bộ Thủy,record-radical,24
洽,qià,phù hợp; liên hệ,not-resolved,,,not-resolved,0
派,pài,phái đi,resolved,水,Bộ Thủy,record-radical,24
流,liú,dòng chảy; chảy,resolved,水,Bộ Thủy,record-radical,24
浅,qiǎn,nông,resolved,水,Bộ Thủy,record-radical,24
浆,jiāng,"nước cốt, bột nhão, hồ",resolved,水,Bộ Thủy,record-radical,24
浇,jiāo,tưới,resolved,水,Bộ Thủy,record-radical,24
浊,zhuó,đục; nhầy,not-resolved,,,not-resolved,0
测,cè,phỏng đoán,resolved,水,Bộ Thủy,record-radical,24
济,Jǐ,dùng trong địa danh liên quan đến sông Tế 濟水|济水[Ji3 Shui3]; họ [Ji3],resolved,水,Bộ Thủy,record-radical,24
浏,liú,trong; sâu (về nước),resolved,水,Bộ Thủy,record-radical,24
浑,hún,vẩn đục; đục ngầu; ngu dốt; ngớ ngẩn,resolved,水,Bộ Thủy,record-radical,24
浓,nóng,"dày, đặc",resolved,水,Bộ Thủy,record-radical,24
浩,hào,to lớn; rộng lớn (nước),resolved,水,Bộ Thủy,record-radical,24
浪,làng,sóng,resolved,水,Bộ Thủy,record-radical,24
浮,fú,nổi,resolved,水,Bộ Thủy,record-radical,24
浴,yù,tắm; tắm rửa,resolved,水,Bộ Thủy,record-radical,24
海,hǎi,biển,resolved,水,Bộ Thủy,record-radical,24
浸,jìn,nhúng; ngâm,resolved,水,Bộ Thủy,record-radical,24
涂,tú,"sơn, bôi lên",resolved,水,Bộ Thủy,record-radical,24
消,xiāo,biến mất,resolved,水,Bộ Thủy,record-radical,24
涉,shè,(văn học) lội qua một vùng nước; (hình thức kết hợp) trải nghiệm,not-resolved,,,not-resolved,0
涌,yǒng,tuôn trào,resolved,水,Bộ Thủy,record-radical,24
涕,tì,"Nước mắt, nước mũi (thường dùng trong từ ghép)",resolved,水,Bộ Thủy,record-radical,24
涛,tāo,sóng lớn; âm đọc ở Đài Loan: [tao2],resolved,水,Bộ Thủy,record-radical,24
涝,lào,lụt,resolved,水,Bộ Thủy,record-radical,24
涡,guō,tên một con sông,not-resolved,,,not-resolved,0
涤,dí,rửa; dọn sạch,resolved,水,Bộ Thủy,record-radical,24
润,rùn,ẩm ướt,resolved,水,Bộ Thủy,record-radical,24
涨,zhǎng,tăng,resolved,水,Bộ Thủy,record-radical,24
涩,sè,"Chát (vị); rít, khó trôi (cảm giác); khó chịu, ngượng ngùng",not-resolved,,,not-resolved,0
涮,shuàn,chần,resolved,水,Bộ Thủy,record-radical,24
涯,yá,bờ; chân trời,resolved,水,Bộ Thủy,record-radical,24
液,yè,chất lỏng; chất dịch,resolved,水,Bộ Thủy,record-radical,24
涵,hán,chứa; bao gồm,resolved,水,Bộ Thủy,record-radical,24
淀,diàn,hồ cạn,resolved,水,Bộ Thủy,record-radical,24
淆,xiáo,biến thể của 淆[xiao2],resolved,水,Bộ Thủy,record-radical,24
淇,qí,tên một con sông,resolved,水,Bộ Thủy,record-radical,24
淋,lín,ướt sũng,resolved,水,Bộ Thủy,record-radical,24
淌,tǎng,nhỏ giọt,resolved,水,Bộ Thủy,record-radical,24
淘,táo,nghịch ngợm,resolved,水,Bộ Thủy,record-radical,24
淡,dàn,nhạt,resolved,水,Bộ Thủy,record-radical,24
深,shēn,sâu; sâu sắc,resolved,水,Bộ Thủy,record-radical,24
淳,chún,chân thật; tinh khiết,resolved,水,Bộ Thủy,record-radical,24
混,hùn,trộn,resolved,水,Bộ Thủy,record-radical,24
淹,yān,ngập lụt,resolved,水,Bộ Thủy,record-radical,24
添,tiān,thêm,resolved,水,Bộ Thủy,record-radical,24
清,qīng,"rõ ràng, trong sáng",resolved,水,Bộ Thủy,record-radical,24
渊,yuān,hồ sâu; sâu,resolved,水,Bộ Thủy,record-radical,24
渐,jiān,thấm nhuần,resolved,水,Bộ Thủy,record-radical,24
渔,yú,ngư dân; câu cá,not-resolved,,,not-resolved,0
渗,shèn,"thấm, ngấm",resolved,水,Bộ Thủy,record-radical,24
渠,Qú,họ [Qu2],not-resolved,,,not-resolved,0
渡,dù,qua sông,resolved,水,Bộ Thủy,record-radical,24
渣,zhā,xỉ (trong khai thác mỏ hoặc nấu chảy kim loại); cặn bã,resolved,水,Bộ Thủy,record-radical,24
温,Wēn,họ [Wen1],resolved,水,Bộ Thủy,record-radical,24
港,gǎng,cảng,resolved,水,Bộ Thủy,record-radical,24
渴,kě,khát,resolved,水,Bộ Thủy,record-radical,24
游,yóu,bơi,resolved,水,Bộ Thủy,record-radical,24
渺,miǎo,rộng lớn (của một vùng nước); xa xăm và mơ hồ,resolved,水,Bộ Thủy,record-radical,24
湖,hú,hồ,resolved,水,Bộ Thủy,record-radical,24
湾,wān,vịnh; vũng,resolved,水,Bộ Thủy,record-radical,24
湿,shī,ướt,resolved,水,Bộ Thủy,record-radical,24
溃,kuì,dùng trong 潰膿|溃脓[hui4 nong2]; cách phát âm ở Đài Loan [kui4],resolved,水,Bộ Thủy,record-radical,24
溅,jiàn,"rắc, bắn",resolved,水,Bộ Thủy,record-radical,24
溉,gài,tưới tiêu,resolved,水,Bộ Thủy,record-radical,24
源,yuán,gốc; rễ,resolved,水,Bộ Thủy,record-radical,24
溜,liū,trượt đi,resolved,水,Bộ Thủy,record-radical,24
溢,yì,tràn,resolved,水,Bộ Thủy,record-radical,24
溪,xī,suối nhỏ,resolved,水,Bộ Thủy,record-radical,24
溯,sù,đi ngược dòng; theo dấu nguồn gốc,not-resolved,,,not-resolved,0
溶,róng,hoà tan; có thể hoà tan,resolved,水,Bộ Thủy,record-radical,24
溺,nì,chết đuối; chìm đắm,resolved,水,Bộ Thủy,record-radical,24
滋,zī,sinh trưởng; bồi bổ,resolved,水,Bộ Thủy,record-radical,24
滑,huá,trượt; trơn,resolved,水,Bộ Thủy,record-radical,24
滔,tāo,(hình thức kết hợp) làm ngập lụt; lũ lụt,resolved,水,Bộ Thủy,record-radical,24
滚,gǔn,lăn,resolved,水,Bộ Thủy,record-radical,24
滞,zhì,chậm chạp,resolved,水,Bộ Thủy,record-radical,24
满,mǎn,đầy đủ,resolved,水,Bộ Thủy,record-radical,24
滤,lǜ,lọc; lọc qua,resolved,水,Bộ Thủy,record-radical,24
滥,làn,tràn lan; quá mức,resolved,水,Bộ Thủy,record-radical,24
滨,bīn,"(hình thức kết hợp) mép nước; bờ; bờ biển; (hình thức kết hợp) giáp với (hồ, sông v.v.)",resolved,水,Bộ Thủy,record-radical,24
滩,tān,bãi biển; bãi cạn,not-resolved,,,not-resolved,0
滴,dī,giọt,resolved,水,Bộ Thủy,record-radical,24
漂,piāo,nổi,resolved,水,Bộ Thủy,record-radical,24
漆,qī,sơn,not-resolved,,,not-resolved,0
漉,lù,lọc chất lỏng,resolved,水,Bộ Thủy,record-radical,24
漏,lòu,"rò rỉ, để lộ",not-resolved,,,not-resolved,0
漓,lí,lộp độp (tiếng mưa); thấm qua,resolved,水,Bộ Thủy,record-radical,24
演,yǎn,"biểu diễn (vở kịch, v.v.); dàn dựng (một buổi diễn); (hình thức kết hợp) phát triển; diễn ra; thực hiện (một nhiệm vụ)",resolved,水,Bộ Thủy,record-radical,24
漠,mò,sa mạc; không quan tâm,resolved,水,Bộ Thủy,record-radical,24
漩,xuán,xoáy nước; lốc xoáy,not-resolved,,,not-resolved,0
漫,màn,tràn ngập,resolved,水,Bộ Thủy,record-radical,24
漾,yàng,tràn ra; gợn sóng,resolved,水,Bộ Thủy,record-radical,24
潇,xiāo,(nước) sâu và trong; (gió mưa) gào thét dữ dội,resolved,水,Bộ Thủy,record-radical,24
潜,qián,ẩn; bí mật,resolved,水,Bộ Thủy,record-radical,24
潦,lǎo,ngập lụt; mưa to,resolved,水,Bộ Thủy,record-radical,24
潭,Tán,họ [Tan2],resolved,水,Bộ Thủy,record-radical,24
潮,cháo,thuỷ triều,resolved,水,Bộ Thủy,record-radical,24
澄,chéng,biến thể của 澄[cheng2],resolved,水,Bộ Thủy,record-radical,24
澈,chè,trong (nước); kỹ lưỡng,resolved,水,Bộ Thủy,record-radical,24
澜,lán,nước dâng,resolved,水,Bộ Thủy,record-radical,24
澡,zǎo,tắm,resolved,水,Bộ Thủy,record-radical,24
澳,Aò,Ma Cao (viết tắt của 澳門|澳门[Ao4 men2]); Úc (viết tắt của 澳大利亞|澳大利亚[Ao4 da4 li4 ya4]),resolved,水,Bộ Thủy,record-radical,24
激,jī,khơi dậy; kích động,resolved,水,Bộ Thủy,record-radical,24
濒,bīn,tiếp cận; giáp với,resolved,水,Bộ Thủy,record-radical,24
瀑,bào,mưa rào (mưa),not-resolved,,,not-resolved,0
灌,guàn,đổ,resolved,水,Bộ Thủy,record-radical,24
火,huǒ,lửa,resolved,火,Bộ Hỏa,self-radical,24
灬,huǒ,"Lửa, nóng, ánh sáng.",resolved,火,Bộ Hỏa,radical-variant,24
灭,miè,tắt,resolved,火,Bộ Hỏa,record-radical,24
灯,dēng,đèn,resolved,火,Bộ Hỏa,record-radical,24
灰,huī,màu xám,resolved,又,Bộ Hựu,record-radical,17
灵,líng,linh hồn,resolved,火,Bộ Hỏa,record-radical,24
灶,zào,Bếp lò,not-resolved,,,not-resolved,0
灸,jiǔ,thủ thuật cứu ngải (y học cổ truyền),resolved,火,Bộ Hỏa,record-radical,24
灼,zhuó,đốt; thiêu; cháy xém; (hình thức kết hợp) sáng; phát sáng,resolved,火,Bộ Hỏa,record-radical,24
灾,zāi,thảm họa,resolved,宀,Bộ Miên,record-radical,24
灿,càn,rực rỡ; sáng,resolved,火,Bộ Hỏa,record-radical,24
炉,lú,bếp; lò,not-resolved,,,not-resolved,0
炊,chuī,nấu ăn,resolved,火,Bộ Hỏa,record-radical,24
炎,yán,ngọn lửa; viêm,resolved,火,Bộ Hỏa,record-radical,24
炒,chǎo,"xào, chiên",resolved,火,Bộ Hỏa,record-radical,24
炖,dùn,hầm,resolved,火,Bộ Hỏa,record-radical,24
炙,zhì,nướng; quay,resolved,火,Bộ Hỏa,record-radical,24
炫,xuàn,làm chói mắt; khoe khoang,resolved,火,Bộ Hỏa,record-radical,24
炬,jù,ngọn đuốc,resolved,火,Bộ Hỏa,record-radical,24
炭,tàn,than củi,not-resolved,,,not-resolved,0
炮,pào,pháo,resolved,火,Bộ Hỏa,record-radical,24
炸,zhá,chiên ngập dầu,resolved,火,Bộ Hỏa,record-radical,24
点,diǎn,giờ,not-resolved,,,not-resolved,0
炼,liàn,luyện,resolved,火,Bộ Hỏa,record-radical,24
烁,shuò,sáng; rực rỡ,not-resolved,,,not-resolved,0
烂,làn,thối,resolved,火,Bộ Hỏa,record-radical,24
烈,liè,nồng nhiệt; mãnh liệt,resolved,火,Bộ Hỏa,record-radical,24
烘,hōng,nướng; hơ nóng,resolved,火,Bộ Hỏa,record-radical,24
烙,lào,đóng dấu; ủi,resolved,火,Bộ Hỏa,record-radical,24
烛,zhú,nến; (văn học) chiếu sáng,resolved,火,Bộ Hỏa,record-radical,24
烟,yān,khói,resolved,火,Bộ Hỏa,record-radical,24
烤,kǎo,nướng,resolved,火,Bộ Hỏa,record-radical,24
烦,fán,phiền,resolved,火,Bộ Hỏa,record-radical,24
烧,shāo,đốt,resolved,火,Bộ Hỏa,record-radical,24
烫,tàng,"đốt, bỏng; nóng",resolved,火,Bộ Hỏa,record-radical,24
烬,jìn,(dạng kết hợp) than tàn; tro,not-resolved,,,not-resolved,0
热,rè,nóng,resolved,火,Bộ Hỏa,record-radical,24
烹,pēng,phương pháp nấu; nấu sôi sống ai (hình phạt tử hình trong triều đại Trung Quốc),resolved,火,Bộ Hỏa,record-radical,24
焉,yān,ở đâu; như thế nào,not-resolved,,,not-resolved,0
焊,hàn,hàn,resolved,火,Bộ Hỏa,record-radical,24
焐,wù,hâm nóng,resolved,火,Bộ Hỏa,record-radical,24
焕,huàn,rực rỡ; sáng ngời,resolved,火,Bộ Hỏa,record-radical,24
焚,fén,đốt,not-resolved,,,not-resolved,0
焦,jiāo,cháy,resolved,火,Bộ Hỏa,record-radical,24
焰,yàn,ngọn lửa,resolved,火,Bộ Hỏa,record-radical,24
然,rán,đúng; phải,resolved,火,Bộ Hỏa,record-radical,24
煌,huáng,rực rỡ,resolved,火,Bộ Hỏa,record-radical,24
煎,jiān,rán,resolved,火,Bộ Hỏa,record-radical,24
煤,méi,than; LT:塊|块[kuai4],resolved,火,Bộ Hỏa,record-radical,24
照,zhào,chụp ảnh,resolved,火,Bộ Hỏa,record-radical,24
煮,zhǔ,đun sôi,resolved,火,Bộ Hỏa,record-radical,24
煲,bāo,đun sôi,resolved,火,Bộ Hỏa,record-radical,24
煽,shān,quạt lửa; kích động,not-resolved,,,not-resolved,0
熄,xī,dập tắt; tắt (lửa),not-resolved,,,not-resolved,0
熊,xióng,gấu,not-resolved,,,not-resolved,0
熏,xūn,xông khói,resolved,火,Bộ Hỏa,record-radical,24
熙,xī,biến thể của 熙[xi1],resolved,火,Bộ Hỏa,record-radical,24
熟,shú,chín,resolved,火,Bộ Hỏa,record-radical,24
熨,yùn,ủi,resolved,火,Bộ Hỏa,record-radical,24
熬,áo,nấu nhừ,resolved,火,Bộ Hỏa,record-radical,24
燃,rán,cháy; đốt,resolved,火,Bộ Hỏa,record-radical,24
燕,Yān,"Yên, một nước chư hầu của Chu ở hiện nay thuộc Hà Bắc và Liêu Ninh; bắc Hà Bắc",not-resolved,,,not-resolved,0
燥,zào,khô; khô cằn; nóng nảy; bực bội,resolved,火,Bộ Hỏa,record-radical,24
爆,bào,xào nhanh,resolved,火,Bộ Hỏa,record-radical,24
爪,zhǎo,chân của chim hoặc động vật; chân,resolved,爪,Bộ Trảo,self-radical,3
爬,pá,leo,resolved,爪,Bộ Trảo,record-radical,3
爱,ài,yêu; tình yêu,not-resolved,,,not-resolved,0
爵,jué,đồ đựng rượu bằng đồng cổ có 3 chân và quai vòng; quý tộc,not-resolved,,,not-resolved,0
父,fù,cha,resolved,父,Bộ Phụ,self-radical,3
爷,yé,ông; ngài,resolved,父,Bộ Phụ,record-radical,3
爸,bà,cha; ba,resolved,父,Bộ Phụ,record-radical,3
爹,diē,"cha, bố",resolved,父,Bộ Phụ,record-radical,3
爻,yáo,"Vạch bát quái, mỗi quẻ trong Kinh Dịch chia ra sáu hào",resolved,爻,Bộ Hào,self-radical,0
爽,shuǎng,cảm thấy tốt,not-resolved,,,not-resolved,0
爿,pán,"Tấm ván, tấm gỗ xẻ ra, nửa bên trái gọi là ""tường""",resolved,爿,Bộ,self-radical,0
片,piàn,miếng,resolved,片,Bộ Phiến,self-radical,2
版,bǎn,một đăng ký; khối in,resolved,片,Bộ Phiến,record-radical,2
牌,pái,nhãn hiệu,resolved,片,Bộ Phiến,record-radical,2
牙,yá,răng,resolved,牙,Bộ Nha,self-radical,0
牛,niú,bò,resolved,牛,Bộ Ngưu,self-radical,6
牜,niú,trâu.,resolved,牛,Bộ Ngưu,radical-variant,6
牡,mǔ,"(chim, động vật hoặc thực vật) đực; chìa khóa",resolved,牛,Bộ Ngưu,record-radical,6
牢,láo,chuồng gia súc,not-resolved,,,not-resolved,0
牧,Mù,họ [Mu4],not-resolved,,,not-resolved,0
物,wù,"Vật, đồ vật, sự vật",resolved,牛,Bộ Ngưu,record-radical,6
牲,shēng,động vật nuôi; động vật hiến tế,resolved,牛,Bộ Ngưu,record-radical,6
牵,qiān,"kéo, lôi kéo",not-resolved,,,not-resolved,0
特,tè,đặc biệt,resolved,牛,Bộ Ngưu,record-radical,6
牺,xī,hy sinh,resolved,牛,Bộ Ngưu,record-radical,6
犬,quǎn,chó,resolved,犬,Bộ Khuyển,self-radical,24
犭,quǎn,con chó.,resolved,犬,Bộ Khuyển,radical-variant,24
犯,fàn,phạm,resolved,犬,Bộ Khuyển,record-radical,24
状,zhuàng,"trạng thái, điều kiện",resolved,犬,Bộ Khuyển,record-radical,24
犹,yóu,"Như, vẫn còn, giống như, do dự",resolved,犬,Bộ Khuyển,record-radical,24
狂,kuáng,hoang dã,resolved,犬,Bộ Khuyển,record-radical,24
狈,bèi,một loài sói huyền thoại; khốn đốn,resolved,犬,Bộ Khuyển,record-radical,24
狗,gǒu,con chó,resolved,犬,Bộ Khuyển,record-radical,24
狠,hěn,ác liệt; cứng rắn,resolved,犬,Bộ Khuyển,record-radical,24
狡,jiǎo,xảo quyệt; láu cá,resolved,犬,Bộ Khuyển,record-radical,24
独,dú,"một mình, đơn độc",resolved,犬,Bộ Khuyển,record-radical,24
狭,xiá,hẹp; hẹp hòi,resolved,犬,Bộ Khuyển,record-radical,24
狮,shī,(dạng kết hợp) sư tử,resolved,犬,Bộ Khuyển,record-radical,24
狱,yù,nhà tù,resolved,言,Bộ Ngôn,record-radical,24
狼,láng,sói,resolved,犬,Bộ Khuyển,record-radical,24
猎,liè,"săn bắn, săn lùng",resolved,犬,Bộ Khuyển,record-radical,24
猖,chāng,hung dữ,resolved,犬,Bộ Khuyển,record-radical,24
猛,měng,hung dữ,resolved,犬,Bộ Khuyển,record-radical,24
猜,cāi,đoán,resolved,犬,Bộ Khuyển,record-radical,24
猝,cù,"Đột ngột, bất ngờ (thường dùng trong từ ghép: 猝死, 猝不及防)",resolved,犬,Bộ Khuyển,record-radical,24
猩,xīng,vượn,resolved,犬,Bộ Khuyển,record-radical,24
猪,zhū,lợn,resolved,犬,Bộ Khuyển,record-radical,24
猫,māo,con mèo,resolved,犬,Bộ Khuyển,record-radical,24
献,xiàn,dâng hiến,not-resolved,,,not-resolved,0
猴,hóu,khỉ; LT:隻|只[zhi1],resolved,犬,Bộ Khuyển,record-radical,24
猾,huá,xảo quyệt,resolved,犬,Bộ Khuyển,record-radical,24
玄,xuán,huyền bí,resolved,玄,Bộ Huyền,self-radical,0
率,lǜ,tỷ lệ,not-resolved,,,not-resolved,0
玉,yù,ngọc,resolved,玉,Bộ Ngọc,self-radical,1
王,wáng,"vua, quốc vương",not-resolved,,,not-resolved,0
玩,wán,chơi với,not-resolved,,,not-resolved,0
玫,méi,(ngọc đẹp); dùng trong 玫瑰[mei2 gui1],not-resolved,,,not-resolved,0
环,huán,bao quanh,not-resolved,,,not-resolved,0
现,xiàn,xuất hiện; hiện tại,not-resolved,,,not-resolved,0
玻,bō,thủy tinh,not-resolved,,,not-resolved,0
珍,zhēn,vật quý; báu vật,not-resolved,,,not-resolved,0
珠,zhū,hạt; trân châu,not-resolved,,,not-resolved,0
班,bān,ca làm việc,not-resolved,,,not-resolved,0
球,qiú,quả bóng,not-resolved,,,not-resolved,0
理,lǐ,chú ý,not-resolved,,,not-resolved,0
琢,zhuó,mài cắt (ngọc),not-resolved,,,not-resolved,0
琴,qín,nhạc cụ,not-resolved,,,not-resolved,0
瑞,ruì,may mắn; tốt lành,not-resolved,,,not-resolved,0
瑟,sè,"một loại đàn hạc đứng, nhỏ hơn konghou 箜篌, có từ 5-25 dây",not-resolved,,,not-resolved,0
瑰,guī,(đá bán quý); phi thường,not-resolved,,,not-resolved,0
璃,lí,(chữ tượng thanh dùng trong phiên âm tên nước ngoài); phát âm Đài Loan [li4],not-resolved,,,not-resolved,0
瓜,guā,quả dưa,resolved,瓜,Bộ Qua,self-radical,1
瓣,bàn,cánh hoa; phân đoạn,resolved,瓜,Bộ Qua,record-radical,1
瓦,wǎ,ngói,resolved,瓦,Bộ Ngõa,self-radical,2
瓶,píng,chai,resolved,瓦,Bộ Ngõa,record-radical,2
瓷,cí,sứ,resolved,瓦,Bộ Ngõa,record-radical,2
甘,Gān,họ [Gan1]; viết tắt của tỉnh Cam Túc 甘肅省|甘肃省[Gan1su4 Sheng3],resolved,甘,Bộ Cam,self-radical,3
甚,shèn,"Rất, quá; gì, nào",resolved,甘,Bộ Cam,record-radical,3
甜,tián,ngọt,resolved,舌,Bộ Thiệt,record-radical,3
生,shēng,"sinh, sinh ra",resolved,生,Bộ Sinh,self-radical,1
用,yòng,sử dụng,resolved,用,Bộ Dụng,self-radical,1
甩,shuǎi,vung,not-resolved,,,not-resolved,0
甭,béng,đừng,not-resolved,,,not-resolved,0
田,tián,cánh đồng,resolved,田,Bộ Điền,self-radical,10
由,yóu,bởi,not-resolved,,,not-resolved,0
甲,jiǎ,thứ nhất,not-resolved,,,not-resolved,0
申,Shēn,tên cũ của Thượng Hải 上海[Shang4hai3]; họ [Shen1],not-resolved,,,not-resolved,0
电,diàn,điện,not-resolved,,,not-resolved,0
男,nán,nam,resolved,田,Bộ Điền,record-radical,10
甸,Diàn,họ [Dian4],resolved,勹,Bộ Bao,record-radical,1
画,huà,"bức tranh, vẽ",resolved,聿,Bộ Duật,record-radical,4
畅,chàng,tự do; không bị cản trở,not-resolved,,,not-resolved,0
界,jiè,giới hạn,resolved,田,Bộ Điền,record-radical,10
畏,wèi,sợ,resolved,鬼,Bộ Quỷ,record-radical,4
畔,pàn,(hình thức kết hợp) bên; rìa,not-resolved,,,not-resolved,0
留,liú,ở lại,resolved,田,Bộ Điền,record-radical,10
畜,chù,gia súc; động vật đã được thuần hóa,resolved,田,Bộ Điền,record-radical,10
略,lüè,một chút,resolved,田,Bộ Điền,record-radical,10
番,fān,lần,resolved,田,Bộ Điền,record-radical,10
畴,chóu,đồng ruộng; ruộng canh tác,resolved,田,Bộ Điền,record-radical,10
畸,jī,lệch; lệch lạc,not-resolved,,,not-resolved,0
疆,jiāng,biên giới; ranh giới,not-resolved,,,not-resolved,0
疋,pǐ,"Ðủ, chân",resolved,疋,Bộ Sơ,self-radical,1
疏,shū,biến thể của 疏[shu1],not-resolved,,,not-resolved,0
疑,yí,(hình thức kết hợp) nghi ngờ; hoài nghi,not-resolved,,,not-resolved,0
疒,nǐ,bệnh tật.,resolved,疒,Bộ Nạch,self-radical,24
疗,liáo,điều trị; chữa trị,resolved,疒,Bộ Nạch,record-radical,24
疙,gē,mụn cóc; mụn cơm,resolved,疒,Bộ Nạch,record-radical,24
疚,jiù,bệnh mãn tính; cảm giác tội lỗi,resolved,疒,Bộ Nạch,record-radical,24
疤,bā,sẹo,resolved,疒,Bộ Nạch,record-radical,24
疫,yì,(hình thức kết hợp) dịch bệnh; bệnh dịch,resolved,疒,Bộ Nạch,record-radical,24
疯,fēng,"điên, điên rồ",resolved,疒,Bộ Nạch,record-radical,24
疲,pí,mệt mỏi,resolved,疒,Bộ Nạch,record-radical,24
疼,téng,đau; nhức,resolved,疒,Bộ Nạch,record-radical,24
疾,jí,(dạng kết hợp) bệnh; bệnh tật; (dạng kết hợp) nhanh,resolved,疒,Bộ Nạch,record-radical,24
病,bìng,bệnh,resolved,疒,Bộ Nạch,record-radical,24
症,zhèng,bệnh; tình trạng bệnh,resolved,疒,Bộ Nạch,record-radical,24
痒,yǎng,ngứa,resolved,疒,Bộ Nạch,record-radical,24
痕,hén,vết sẹo; dấu vết,resolved,疒,Bộ Nạch,record-radical,24
痘,dòu,"Đậu (bệnh đậu mùa, mụn nhọt, nốt sần).",resolved,疒,Bộ Nạch,record-radical,24
痛,tòng,đau; đau đớn,resolved,疒,Bộ Nạch,record-radical,24
痪,huàn,dùng trong 癱瘓|瘫痪[tan1huan4],resolved,疒,Bộ Nạch,record-radical,24
痰,tán,đờm,resolved,疒,Bộ Nạch,record-radical,24
痴,chī,đần độn; tình cảm,resolved,疒,Bộ Nạch,record-radical,24
痹,bì,bị liệt; tê liệt,resolved,疒,Bộ Nạch,record-radical,24
瘟,wēn,dịch bệnh; ôn dịch; bệnh dịch; (bóng) ngu ngốc; đần độn; (một buổi diễn) không có sức sống,resolved,疒,Bộ Nạch,record-radical,24
瘤,liú,khối u,resolved,疒,Bộ Nạch,record-radical,24
瘦,shòu,gầy,resolved,疒,Bộ Nạch,record-radical,24
瘩,dá,lở; nhọt,resolved,疒,Bộ Nạch,record-radical,24
瘫,tān,bị liệt,resolved,疒,Bộ Nạch,record-radical,24
瘾,yǐn,nghiện,resolved,疒,Bộ Nạch,record-radical,24
癌,ái,ung thư,resolved,疒,Bộ Nạch,record-radical,24
癶,bō,"Gạt ra, đạp",resolved,癶,Bộ Bát,self-radical,0
登,dēng,leo lên,resolved,舛,Bộ Suyễn,record-radical,2
白,bái,trắng,resolved,白,Bộ Bạch,self-radical,1
百,bǎi,Trăm,resolved,一,Bộ Nhất,record-radical,4
皂,zào,xà phòng; màu đen,not-resolved,,,not-resolved,0
的,de,một hạt,resolved,白,Bộ Bạch,record-radical,1
皆,jiē,tất cả,resolved,比,Bộ Tỷ,record-radical,2
皇,Huáng,họ [Huang2],not-resolved,,,not-resolved,0
皮,pí,da,resolved,皮,Bộ Bì,self-radical,1
皱,zhòu,nhăn nhó,resolved,皮,Bộ Bì,record-radical,1
皿,mǐn,"Ðồ, các đồ bát đĩa đều gọi là ""mãnh""",resolved,皿,Bộ Mãnh,self-radical,7
盆,pén,chậu,resolved,皿,Bộ Mãnh,record-radical,7
盈,yíng,đầy; được lấp đầy,resolved,皿,Bộ Mãnh,record-radical,7
益,Yì,họ [Yi4],not-resolved,,,not-resolved,0
盏,zhǎn,cái (đèn),not-resolved,,,not-resolved,0
盐,yán,muối,not-resolved,,,not-resolved,0
监,jiān,giám sát; kiểm tra,resolved,目,Bộ Mục,record-radical,24
盒,hé,hộp,resolved,皿,Bộ Mãnh,record-radical,7
盖,gài,nắp,resolved,艸,Bộ Thảo,record-radical,24
盗,dào,ăn trộm,not-resolved,,,not-resolved,0
盘,pán,đĩa,resolved,皿,Bộ Mãnh,record-radical,7
盛,chéng,đổ đầy,resolved,皿,Bộ Mãnh,record-radical,7
盟,méng,lời thề; cam kết,resolved,皿,Bộ Mãnh,record-radical,7
目,mù,mắt; (văn học) nhìn; quan sát,resolved,目,Bộ Mục,self-radical,24
盯,dīng,nhìn chằm chằm,resolved,目,Bộ Mục,record-radical,24
盲,máng,mù,not-resolved,,,not-resolved,0
直,zhí,thẳng,not-resolved,,,not-resolved,0
相,Xiāng,họ [Xiang1],resolved,木,Bộ Mộc,record-radical,24
盹,dǔn,chợp mắt; ngủ gật,resolved,目,Bộ Mục,record-radical,24
盼,pàn,mong mỏi,resolved,目,Bộ Mục,record-radical,24
盾,dùn,cái khiên; (tiền tệ) đồng Việt Nam,not-resolved,,,not-resolved,0
省,shěng,tiết kiệm,resolved,目,Bộ Mục,record-radical,24
眉,méi,lông mày; lề trên,not-resolved,,,not-resolved,0
看,kàn,"nhìn, xem",resolved,手,Bộ Thủ,record-radical,24
真,zhēn,thật,resolved,匕,"Bộ Tỷ, Chủy",record-radical,3
眠,mián,ngủ; ngủ đông,resolved,目,Bộ Mục,record-radical,24
眨,zhǎ,nháy mắt,not-resolved,,,not-resolved,0
眩,xuàn,chói lọi; rực rỡ,resolved,目,Bộ Mục,record-radical,24
眯,mí,làm mù (như bởi bụi); phát âm ở Đài Loan [mi3],resolved,目,Bộ Mục,record-radical,24
眶,kuàng,(dạng kết hợp) hốc mắt; Phát âm Đài Loan: [kuang1],resolved,目,Bộ Mục,record-radical,24
眸,móu,con ngươi (của mắt); mắt,resolved,目,Bộ Mục,record-radical,24
眼,yǎn,mắt,resolved,目,Bộ Mục,record-radical,24
着,zhe,động từ tiếp diễn,resolved,艸,Bộ Thảo,record-radical,24
睁,zhēng,mở mắt,resolved,目,Bộ Mục,record-radical,24
睛,jīng,mắt; nhãn cầu,resolved,目,Bộ Mục,record-radical,24
睡,shuì,ngủ,resolved,目,Bộ Mục,record-radical,24
督,dū,(hình thức kết hợp) giám sát,resolved,目,Bộ Mục,record-radical,24
睦,mù,thân thiện; hòa thuận,resolved,目,Bộ Mục,record-radical,24
睬,cǎi,biến thể của 睬[cai3],resolved,目,Bộ Mục,record-radical,24
睹,dǔ,quan sát; nhìn thấy,resolved,目,Bộ Mục,record-radical,24
瞄,miáo,nhắm (bắn); (nghĩa bóng) nhắm ánh nhìn vào; liếc nhìn,resolved,目,Bộ Mục,record-radical,24
瞅,chǒu,nhìn,resolved,目,Bộ Mục,record-radical,24
瞎,xiā,"mù quáng, không mục đích",not-resolved,,,not-resolved,0
瞒,mán,giấu,resolved,目,Bộ Mục,record-radical,24
瞧,qiáo,nhìn,resolved,目,Bộ Mục,record-radical,24
瞩,zhǔ,nhìn chăm chú; nhìn chằm chằm,resolved,目,Bộ Mục,record-radical,24
瞪,dèng,nhìn chằm chằm,resolved,目,Bộ Mục,record-radical,24
瞬,shùn,nháy mắt,resolved,目,Bộ Mục,record-radical,24
瞻,zhān,nhìn chăm chú; quan sát,resolved,目,Bộ Mục,record-radical,24
矛,máo,giáo; mác,resolved,矛,Bộ Mâu,self-radical,0
矢,shǐ,mũi tên; ngọn lao,resolved,矢,Bộ Thỉ,self-radical,4
矣,yǐ,một hạt 'yi',not-resolved,,,not-resolved,0
知,zhī,biết; nhận biết,resolved,口,Bộ Khẩu,record-radical,24
矩,jǔ,biến thể của 矩[ju3],resolved,矢,Bộ Thỉ,record-radical,4
矫,Jiǎo,họ [Jiao3],resolved,矢,Bộ Thỉ,record-radical,4
短,duǎn,ngắn,resolved,矢,Bộ Thỉ,record-radical,4
矮,ǎi,thấp,resolved,矢,Bộ Thỉ,record-radical,4
石,shí,"Đá, hòn đá",resolved,石,Bộ Thạch,self-radical,24
矿,kuàng,mỏ,resolved,石,Bộ Thạch,record-radical,24
码,mǎ,một từ đo cho vấn đề,resolved,石,Bộ Thạch,record-radical,24
砂,shā,cát; sỏi,not-resolved,,,not-resolved,0
砌,qì,xây bằng cách xếp gạch hoặc đá,not-resolved,,,not-resolved,0
砍,kǎn,chặt,resolved,石,Bộ Thạch,record-radical,24
研,yán,nghiền; học,resolved,石,Bộ Thạch,record-radical,24
砖,zhuān,gạch,resolved,石,Bộ Thạch,record-radical,24
破,pò,vỡ,resolved,石,Bộ Thạch,record-radical,24
砸,zá,đập vỡ,resolved,石,Bộ Thạch,record-radical,24
础,chǔ,nền tảng; cơ sở,resolved,石,Bộ Thạch,record-radical,24
硕,shuò,lớn; to,not-resolved,,,not-resolved,0
硬,yìng,cứng,resolved,石,Bộ Thạch,record-radical,24
确,què,"xác thực, đích xác; quả thực, thực sự",resolved,石,Bộ Thạch,record-radical,24
碇,dìng,"Neo (tàu thuyền), mỏ neo; neo đậu",resolved,石,Bộ Thạch,record-radical,24
碌,liù,dùng trong 碌碡[liu4 zhou5]; cách phát âm ở Đài Loan [lu4],resolved,石,Bộ Thạch,record-radical,24
碍,ài,cản trở; ngăn cản,resolved,石,Bộ Thạch,record-radical,24
碎,suì,vỡ,resolved,石,Bộ Thạch,record-radical,24
碑,bēi,bia đá,resolved,石,Bộ Thạch,record-radical,24
碗,wǎn,cái bát,resolved,石,Bộ Thạch,record-radical,24
碟,dié,"Đĩa, đĩa CD/DVD",not-resolved,,,not-resolved,0
碧,bì,ngọc bích; xanh lục blu,not-resolved,,,not-resolved,0
碰,pèng,"chạm vào, va chạm",resolved,石,Bộ Thạch,record-radical,24
碱,jiǎn,biến thể của 鹼|碱[jian3],resolved,石,Bộ Thạch,record-radical,24
碳,tàn,cacbon,resolved,石,Bộ Thạch,record-radical,24
磁,cí,thuộc từ tính; từ tính,resolved,石,Bộ Thạch,record-radical,24
磅,bàng,pao,resolved,石,Bộ Thạch,record-radical,24
磊,lěi,lổn nhổn; đống đá,not-resolved,,,not-resolved,0
磕,kē,khấu đầu,resolved,石,Bộ Thạch,record-radical,24
磨,mó,mài,resolved,石,Bộ Thạch,record-radical,24
礁,jiāo,rạn san hô; đá ngầm,resolved,石,Bộ Thạch,record-radical,24
示,shì,cho thấy; bộc lộ,resolved,示,"Bộ Thị, Kì",self-radical,2
礼,lǐ,lễ,not-resolved,,,not-resolved,0
社,shè,(dạng kết hợp) xã hội; tổ chức; cơ quan; (cổ) thần đất đai,not-resolved,,,not-resolved,0
祀,sì,cúng tế; dâng lễ,not-resolved,,,not-resolved,0
祈,qí,cầu khẩn; cầu nguyện,not-resolved,,,not-resolved,0
祖,Zǔ,họ [Zu3],not-resolved,,,not-resolved,0
祝,zhù,chúc,not-resolved,,,not-resolved,0
神,shén,thần,not-resolved,,,not-resolved,0
祥,xiáng,cát tường; thuận lợi,not-resolved,,,not-resolved,0
票,piào,vé,not-resolved,,,not-resolved,0
祭,jì,"hy sinh, thờ phụng",resolved,示,"Bộ Thị, Kì",record-radical,2
祷,dǎo,cầu nguyện; lời cầu nguyện,not-resolved,,,not-resolved,0
祸,huò,biến thể cũ của 禍|祸[huo4],not-resolved,,,not-resolved,0
禁,jīn,chịu đựng,resolved,示,"Bộ Thị, Kì",record-radical,2
禅,chán,dhya-na (tiếng Phạn); Thiền,not-resolved,,,not-resolved,0
福,fú,hạnh phúc,not-resolved,,,not-resolved,0
禸,ròu,Vết ngón chân giống thú dẫm xuống đất,resolved,禸,"Bộ Nhựu,Nhiễu",self-radical,0
离,lí,từ,not-resolved,,,not-resolved,0
禽,qín,thuật ngữ chung cho chim và động vật; chim,not-resolved,,,not-resolved,0
禾,hé,ngũ cốc; lúa,resolved,禾,Bộ Hòa,self-radical,24
秀,xiù,"Biểu diễn, trình diễn; khoe; đẹp, tú",resolved,禾,Bộ Hòa,record-radical,24
私,sī,cá nhân; riêng tư,resolved,禾,Bộ Hòa,record-radical,24
秃,tū,hói,not-resolved,,,not-resolved,0
秉,Bǐng,họ [Bing3],not-resolved,,,not-resolved,0
秋,qiū,mùa thu,resolved,禾,Bộ Hòa,record-radical,24
种,zhǒng,loại,resolved,禾,Bộ Hòa,record-radical,24
科,kē,bộ phận,resolved,禾,Bộ Hòa,record-radical,24
秒,miǎo,giây,resolved,禾,Bộ Hòa,record-radical,24
秘,mì,biến thể của 秘[mi4],resolved,禾,Bộ Hòa,record-radical,24
租,zū,thuê,resolved,禾,Bộ Hòa,record-radical,24
秤,chèng,cân,not-resolved,,,not-resolved,0
秦,Qín,họ [Qin2]; nhà Tần (221-207 TCN) của hoàng đế đầu tiên 秦始皇[Qin2 Shi3huang2],not-resolved,,,not-resolved,0
秩,zhì,trật tự; tính trật tự,resolved,禾,Bộ Hòa,record-radical,24
积,jī,tích lũy,resolved,禾,Bộ Hòa,record-radical,24
称,chēng,gọi,resolved,禾,Bộ Hòa,record-radical,24
移,yí,di chuyển,resolved,禾,Bộ Hòa,record-radical,24
秽,huì,(hình thức bị giới hạn) bẩn; dơ dáy,resolved,禾,Bộ Hòa,record-radical,24
稀,xī,hiếm,resolved,禾,Bộ Hòa,record-radical,24
程,Chéng,họ [Cheng2],resolved,禾,Bộ Hòa,record-radical,24
稍,shāo,hơi; một chút,resolved,禾,Bộ Hòa,record-radical,24
税,shuì,thuế,resolved,禾,Bộ Hòa,record-radical,24
稚,zhì,ấu trĩ; trẻ,resolved,禾,Bộ Hòa,record-radical,24
稠,chóu,dày đặc,resolved,禾,Bộ Hòa,record-radical,24
稳,wěn,ổn định,resolved,禾,Bộ Hòa,record-radical,24
稻,dào,lúa; gạo (Oryza sativa),resolved,禾,Bộ Hòa,record-radical,24
稼,jià,gieo hạt; (hoa màu) mùa màng,resolved,禾,Bộ Hòa,record-radical,24
稽,Jī,họ [Ji1],resolved,禾,Bộ Hòa,record-radical,24
稿,gǎo,biến thể của 稿[gao3],resolved,禾,Bộ Hòa,record-radical,24
穆,Mù,họ [Mu4],resolved,禾,Bộ Hòa,record-radical,24
穴,xué,hang; không gian trống,resolved,穴,Bộ Huyệt,self-radical,16
究,jiū,rốt cuộc; điều tra,resolved,穴,Bộ Huyệt,record-radical,16
穷,qióng,nghèo,resolved,力,Bộ Lực,record-radical,21
空,kōng,"trống, trống rỗng",resolved,穴,Bộ Huyệt,record-radical,16
穿,chuān,mặc,resolved,穴,Bộ Huyệt,record-radical,16
突,tū,lao ra; di chuyển nhanh,resolved,穴,Bộ Huyệt,record-radical,16
窃,qiè,ăn trộm; một cách bí mật,resolved,穴,Bộ Huyệt,record-radical,16
窄,zhǎi,hẹp,resolved,穴,Bộ Huyệt,record-radical,16
窍,qiào,lỗ; mở,resolved,穴,Bộ Huyệt,record-radical,16
窑,yáo,lò nung,not-resolved,,,not-resolved,0
窒,zhì,làm tắc; ngăn lại,resolved,穴,Bộ Huyệt,record-radical,16
窗,chuāng,biến thể cũ của 窗[chuang1],resolved,穴,Bộ Huyệt,record-radical,16
窘,jiǒng,khốn đốn; xấu hổ,resolved,穴,Bộ Huyệt,record-radical,16
窜,cuàn,trốn,resolved,穴,Bộ Huyệt,record-radical,16
窝,wō,tổ,resolved,穴,Bộ Huyệt,record-radical,16
窟,kū,hang; lỗ,resolved,穴,Bộ Huyệt,record-radical,16
窥,kuī,nhìn trộm; dò xét,resolved,穴,Bộ Huyệt,record-radical,16
窿,lóng,khoang; lỗ,resolved,穴,Bộ Huyệt,record-radical,16
立,lì,đứng,resolved,立,Bộ Lập,self-radical,6
竖,shù,nét dọc,not-resolved,,,not-resolved,0
站,zhàn,đứng,resolved,立,Bộ Lập,record-radical,6
竞,jìng,cạnh tranh; đấu tranh,not-resolved,,,not-resolved,0
竟,jìng,cuối cùng,resolved,音,Bộ Âm,record-radical,1
章,zhāng,chương,resolved,立,Bộ Lập,record-radical,6
竣,jùn,hoàn thành; xong,resolved,立,Bộ Lập,record-radical,6
童,Tóng,họ [Tong2],resolved,辛,Bộ Tân,record-radical,5
竭,jié,cạn kiệt,resolved,立,Bộ Lập,record-radical,6
端,duān,đầu cuối,resolved,立,Bộ Lập,record-radical,6
竹,zhú,"tre; LT:棵[ke1],支[zhi1],根[gen1]",resolved,竹,Bộ Trúc,self-radical,1
竿,gān,cây sào,not-resolved,,,not-resolved,0
笑,xiào,cười; để cười,not-resolved,,,not-resolved,0
笔,bǐ,"Bút; Lượng từ cho các khoản tiền, các giao dịch.",not-resolved,,,not-resolved,0
笛,dí,sáo,not-resolved,,,not-resolved,0
符,Fú,họ [Fu2],not-resolved,,,not-resolved,0
笨,bèn,ngốc,not-resolved,,,not-resolved,0
第,dì,thứ,not-resolved,,,not-resolved,0
笼,lóng,"khung bao quanh làm bằng tre, dây kim loại, v.v.; lồng; giỏ; giỏ hấp",not-resolved,,,not-resolved,0
等,děng,đợi,not-resolved,,,not-resolved,0
筋,jīn,cơ bắp,not-resolved,,,not-resolved,0
筐,kuāng,cái giỏ,not-resolved,,,not-resolved,0
筑,zhù,xây dựng,not-resolved,,,not-resolved,0
筒,tǒng,ống,not-resolved,,,not-resolved,0
答,dā,"hình thức gắn liền có nghĩa giống như từ tự do 答[da2], dùng trong 答應|答应[da1 ying5], 答理[da1 li5] vv",not-resolved,,,not-resolved,0
策,Cè,họ [Ce4],not-resolved,,,not-resolved,0
筛,shāi,rây,not-resolved,,,not-resolved,0
筝,zhēng,"tranh hoặc cổ tranh, một loại đàn dài có nhịp cầu di động, chơi bằng cách gảy dây",not-resolved,,,not-resolved,0
筷,kuài,đũa,not-resolved,,,not-resolved,0
筹,chóu,chuẩn bị,not-resolved,,,not-resolved,0
签,qiān,ký tên,not-resolved,,,not-resolved,0
简,jiǎn,"giản dị, đơn giản; thẻ tre (thời xưa)",not-resolved,,,not-resolved,0
箍,gū,Quàng; quấn; bó; xiềng; vòng kim loại,not-resolved,,,not-resolved,0
箕,jī,giỏ sàng,not-resolved,,,not-resolved,0
算,suàn,xem như,not-resolved,,,not-resolved,0
管,guǎn,"ống; quản lí, trông coi; mặc kệ, cho dù; kiểm soát; phụ trách",not-resolved,,,not-resolved,0
箭,jiàn,mũi tên,not-resolved,,,not-resolved,0
箱,xiāng,"hộp, thùng",not-resolved,,,not-resolved,0
篇,piān,chương,not-resolved,,,not-resolved,0
篮,lán,cái rổ (đồ đựng); rổ (trong bóng rổ),not-resolved,,,not-resolved,0
篷,péng,buồm,not-resolved,,,not-resolved,0
簇,cù,đông đúc; giá cho tằm,not-resolved,,,not-resolved,0
簧,huáng,lưỡi gà kim loại; lò xo khóa,not-resolved,,,not-resolved,0
簸,bǒ,sàng; tung lên xuống,not-resolved,,,not-resolved,0
簿,bù,"sổ, vở, tập (sách, vở)",not-resolved,,,not-resolved,0
籍,Jí,họ [Ji2],not-resolved,,,not-resolved,0
米,mǐ,mét,resolved,米,Bộ Mễ,self-radical,18
类,lèi,loại,resolved,米,Bộ Mễ,record-radical,18
粉,fěn,bột,resolved,米,Bộ Mễ,record-radical,18
粒,lì,"hạt, hạt nhân",resolved,米,Bộ Mễ,record-radical,18
粗,cū,thô,resolved,米,Bộ Mễ,record-radical,18
粘,zhān,dán,resolved,米,Bộ Mễ,record-radical,18
粥,zhōu,cháo,not-resolved,,,not-resolved,0
粪,fèn,phân,resolved,米,Bộ Mễ,record-radical,18
粮,liáng,lương thực; thức ăn,resolved,米,Bộ Mễ,record-radical,18
粱,liáng,cây cao lương,resolved,米,Bộ Mễ,record-radical,18
粹,cuì,thuần khiết; không pha trộn,resolved,米,Bộ Mễ,record-radical,18
粽,zòng,bánh ú gói lá,resolved,米,Bộ Mễ,record-radical,18
精,jīng,thông minh,resolved,米,Bộ Mễ,record-radical,18
糊,hú,dán,resolved,米,Bộ Mễ,record-radical,18
糕,gāo,bánh,resolved,米,Bộ Mễ,record-radical,18
糖,táng,"đường, kẹo",resolved,米,Bộ Mễ,record-radical,18
糙,cāo,thô; nhám (về kết cấu),resolved,米,Bộ Mễ,record-radical,18
糟,zāo,khủng khiếp,resolved,米,Bộ Mễ,record-radical,18
糸,mì,sợi tơ nhỏ.,resolved,糸,Bộ Mịch,self-radical,24
糹,mì,sợi tơ nhỏ.,resolved,糸,Bộ Mịch,radical-variant,24
系,xì,khoa,resolved,又,Bộ Hựu,record-radical,17
紊,wěn,rối rắm; lẫn lộn,resolved,糸,Bộ Mịch,record-radical,24
素,sù,ăn chay,resolved,糸,Bộ Mịch,record-radical,24
索,Suǒ,"họ [Suo3]; viết tắt của 索馬里|索马里[Suo3 ma3 li3], Somalia",resolved,廾,Bộ Củng,record-radical,4
紧,jǐn,chặt,resolved,又,Bộ Hựu,record-radical,17
紫,zǐ,tím,resolved,糸,Bộ Mịch,record-radical,24
累,lèi,mệt mỏi,not-resolved,,,not-resolved,0
絮,xù,bông gòn; nghĩa bóng: chèn lấp,resolved,糸,Bộ Mịch,record-radical,24
繁,fán,biến thể cũ của 繁[fan2],resolved,糸,Bộ Mịch,record-radical,24
纟,mì,sợi tơ nhỏ.,resolved,糸,Bộ Mịch,radical-variant,24
纠,jiū,biến thể cũ của 糾|纠[jiu1],resolved,糸,Bộ Mịch,record-radical,24
红,hóng,đỏ,resolved,糸,Bộ Mịch,record-radical,24
纤,qiàn,dây thừng kéo thuyền,resolved,糸,Bộ Mịch,record-radical,24
约,yuē,hẹn,resolved,糸,Bộ Mịch,record-radical,24
级,jí,cấp độ,resolved,糸,Bộ Mịch,record-radical,24
纪,Jǐ,họ [Ji3]; cũng phát âm [Ji4],resolved,糸,Bộ Mịch,record-radical,24
纬,wěi,vĩ độ; sợi ngang (trong dệt),resolved,糸,Bộ Mịch,record-radical,24
纯,chún,tinh khiết,resolved,糸,Bộ Mịch,record-radical,24
纱,shā,sợi,resolved,糸,Bộ Mịch,record-radical,24
纲,gāng,dây chính của lưới đánh cá; nguyên tắc chỉ đạo,resolved,糸,Bộ Mịch,record-radical,24
纳,Nà,họ [Na4],resolved,糸,Bộ Mịch,record-radical,24
纵,zòng,thẳng đứng; bắc-nam (cách phát âm Đài Loan [zong1]); từ trước ra sau; theo chiều dọc; theo chiều dài (cách phát âm Đài Loan [zong1]),resolved,糸,Bộ Mịch,record-radical,24
纷,fēn,nhiều; bối rối,resolved,糸,Bộ Mịch,record-radical,24
纸,zhǐ,giấy,resolved,糸,Bộ Mịch,record-radical,24
纹,wén,đường; vết,resolved,糸,Bộ Mịch,record-radical,24
纺,fǎng,"xe sợi (bông, gai v.v.); vải lụa dệt mịn",resolved,糸,Bộ Mịch,record-radical,24
纽,niǔ,xoay; vặn,resolved,糸,Bộ Mịch,record-radical,24
线,xiàn,"dòng, sợi, tuyến",resolved,糸,Bộ Mịch,record-radical,24
练,liàn,luyện tập,resolved,糸,Bộ Mịch,record-radical,24
组,zǔ,nhóm,resolved,糸,Bộ Mịch,record-radical,24
绅,shēn,thành viên sĩ tộc,resolved,糸,Bộ Mịch,record-radical,24
细,xì,"mỏng, mảnh",resolved,糸,Bộ Mịch,record-radical,24
织,zhī,"dệt, đan",resolved,糸,Bộ Mịch,record-radical,24
终,zhōng,kết thúc; chấm dứt,resolved,糸,Bộ Mịch,record-radical,24
绍,Shào,họ [Shao4],resolved,糸,Bộ Mịch,record-radical,24
绎,yì,liên tục; giải thích,resolved,糸,Bộ Mịch,record-radical,24
经,jīng,đi qua,resolved,糸,Bộ Mịch,record-radical,24
绑,bǎng,buộc,resolved,糸,Bộ Mịch,record-radical,24
绒,róng,vải nhung; len,resolved,糸,Bộ Mịch,record-radical,24
结,jié,"giải quyết, kết thúc",resolved,糸,Bộ Mịch,record-radical,24
绕,rào,quay vòng,resolved,糸,Bộ Mịch,record-radical,24
绘,huì,"vẽ, họa",resolved,糸,Bộ Mịch,record-radical,24
给,gěi,cho,resolved,糸,Bộ Mịch,record-radical,24
络,lào,lưới nhỏ,resolved,糸,Bộ Mịch,record-radical,24
绝,jué,tuyệt đối,resolved,糸,Bộ Mịch,record-radical,24
统,tǒng,"thống nhất, gộp lại; tổng thể; toàn bộ",resolved,糸,Bộ Mịch,record-radical,24
绢,juàn,loại vải lụa mỏng và dai,resolved,糸,Bộ Mịch,record-radical,24
绣,xiù,thêu,resolved,糸,Bộ Mịch,record-radical,24
继,jì,tiếp tục,resolved,糸,Bộ Mịch,record-radical,24
绩,jì,"xe sợi (gai, v.v.); công trạng",resolved,糸,Bộ Mịch,record-radical,24
绪,xù,khởi đầu; manh mối,resolved,糸,Bộ Mịch,record-radical,24
续,xù,"tiếp tục; bổ sung, thêm vào",resolved,糸,Bộ Mịch,record-radical,24
绯,fēi,đỏ thẫm; lụa tím,resolved,糸,Bộ Mịch,record-radical,24
绰,chāo,chộp; vồ lấy; biến thể của 焯[chao1],resolved,糸,Bộ Mịch,record-radical,24
绳,shéng,dây thừng; LT:根[gen1],resolved,糸,Bộ Mịch,record-radical,24
维,Wéi,viết tắt của Duy Ngô Nhĩ 維吾爾|维吾尔[Wei2 wu2 er3]; họ [Wei2],resolved,糸,Bộ Mịch,record-radical,24
绵,mián,tơ tằm; liên tục,not-resolved,,,not-resolved,0
绷,běng,kéo dài mặt,resolved,糸,Bộ Mịch,record-radical,24
绸,chóu,lụa (mỏng); LT:匹[pi3],resolved,糸,Bộ Mịch,record-radical,24
综,zèng,sợi dây trong khung cửi; Ấn phẩm Đài Loan: [zong4],resolved,糸,Bộ Mịch,record-radical,24
绽,zhàn,nở tung; toạc ra,resolved,糸,Bộ Mịch,record-radical,24
绿,lǜ,xanh lá,resolved,糸,Bộ Mịch,record-radical,24
缀,chuò,biến thể của 輟|辍[chuo4],not-resolved,,,not-resolved,0
缅,Miǎn,Myanmar (trước đây là Miến Điện) (viết tắt của 緬甸|缅甸[Mian3 dian4]),resolved,糸,Bộ Mịch,record-radical,24
缆,lǎn,cáp; dây cáp,resolved,糸,Bộ Mịch,record-radical,24
缉,jī,bắt; bắt giữ,resolved,糸,Bộ Mịch,record-radical,24
缓,huǎn,làm chậm lại,resolved,糸,Bộ Mịch,record-radical,24
缔,dì,kết chặt; kết nối,resolved,糸,Bộ Mịch,record-radical,24
缕,lǚ,sợi xoăn,resolved,糸,Bộ Mịch,record-radical,24
编,biān,tổ chức,resolved,糸,Bộ Mịch,record-radical,24
缘,yuán,nguyên nhân; lý do,resolved,糸,Bộ Mịch,record-radical,24
缚,fù,trói; buộc,resolved,糸,Bộ Mịch,record-radical,24
缝,féng,may; đường may,resolved,糸,Bộ Mịch,record-radical,24
缠,chán,quấn quanh,resolved,糸,Bộ Mịch,record-radical,24
缤,bīn,hỗn loạn; đầy màu sắc,resolved,糸,Bộ Mịch,record-radical,24
缩,suō,co lại,resolved,糸,Bộ Mịch,record-radical,24
缴,jiǎo,giao nộp,resolved,糸,Bộ Mịch,record-radical,24
缶,fǒu,"Ðồ sành, như cái vò cái chum, v.v",resolved,缶,"Bộ Phẫu, Phữu",self-radical,3
缸,gāng,vại,resolved,缶,"Bộ Phẫu, Phữu",record-radical,3
缺,quē,thiếu,resolved,缶,"Bộ Phẫu, Phữu",record-radical,3
罐,guàn,lọ,resolved,缶,"Bộ Phẫu, Phữu",record-radical,3
网,wǎng,Internet,resolved,网,Bộ Võng,self-radical,5
罕,hǎn,hiếm,not-resolved,,,not-resolved,0
罗,luó,bắt chim bằng lưới,resolved,网,Bộ Võng,record-radical,5
罚,fá,trừng phạt; phạt,not-resolved,,,not-resolved,0
罢,bà,dừng; ngừng,resolved,网,Bộ Võng,record-radical,5
罩,zhào,che; cái che,not-resolved,,,not-resolved,0
罪,zuì,tội lỗi,resolved,网,Bộ Võng,record-radical,5
置,zhì,thiết lập,resolved,网,Bộ Võng,record-radical,5
署,shǔ,văn phòng; cục,not-resolved,,,not-resolved,0
羊,yáng,cừu,resolved,羊,Bộ Dương,self-radical,5
美,měi,đẹp,resolved,羊,Bộ Dương,record-radical,5
羔,gāo,cừu non,resolved,羊,Bộ Dương,record-radical,5
羞,xiū,xấu hổ; hổ thẹn,not-resolved,,,not-resolved,0
羡,xiàn,đố kị,not-resolved,,,not-resolved,0
群,qún,một từ đo lường cho đàn hoặc nhóm,resolved,羊,Bộ Dương,record-radical,5
羹,gēng,canh,not-resolved,,,not-resolved,0
羽,yǔ,lông vũ; nốt thứ năm trong ngũ âm,resolved,羽,Bộ Vũ,self-radical,8
翁,Wēng,họ [Weng1],resolved,羽,Bộ Vũ,record-radical,8
翅,chì,biến thể của 翅[chi4],resolved,羽,Bộ Vũ,record-radical,8
翔,xiáng,bay lượn; lướt,resolved,羽,Bộ Vũ,record-radical,8
翘,qiào,vểnh lên,resolved,羽,Bộ Vũ,record-radical,8
翠,cuì,"Xanh biếc, xanh ngọc",resolved,羽,Bộ Vũ,record-radical,8
翻,fān,lật,resolved,羽,Bộ Vũ,record-radical,8
翼,yì,cánh,resolved,羽,Bộ Vũ,record-radical,8
耀,yào,rực rỡ; vinh quang,not-resolved,,,not-resolved,0
老,lǎo,già,resolved,老,Bộ Lão,self-radical,0
考,kǎo,thi,not-resolved,,,not-resolved,0
者,zhě,người đó,not-resolved,,,not-resolved,0
而,ér,và; nhưng,resolved,而,Bộ Nhi,self-radical,0
耍,shuǎ,chơi,not-resolved,,,not-resolved,0
耐,nài,chịu đựng,not-resolved,,,not-resolved,0
耒,lěi,Cái cầy,resolved,耒,Bộ Lỗi,self-radical,2
耕,gēng,biến thể của 耕[geng1],resolved,耒,Bộ Lỗi,record-radical,2
耗,hào,lãng phí,resolved,耒,Bộ Lỗi,record-radical,2
耳,ěr,tai; tay cầm (khảo cổ học),resolved,耳,Bộ Nhĩ,self-radical,11
耸,sǒng,kích thích; nâng lên,resolved,耳,Bộ Nhĩ,record-radical,11
耻,chǐ,(hình thức kết hợp) xấu hổ; nhục nhã,resolved,耳,Bộ Nhĩ,record-radical,11
耽,dān,đắm chìm; trì hoãn,resolved,耳,Bộ Nhĩ,record-radical,11
耿,Gěng,họ [Geng3],resolved,火,Bộ Hỏa,record-radical,24
聊,liáo,trò chuyện,resolved,耳,Bộ Nhĩ,record-radical,11
聋,lóng,điếc,resolved,耳,Bộ Nhĩ,record-radical,11
职,zhí,chức vụ; nhiệm vụ,resolved,耳,Bộ Nhĩ,record-radical,11
联,lián,hình thức kết hợp: liên minh với; đoàn kết; kết hợp; gia nhập; hình thức kết hợp: (thơ ca) câu đối,resolved,耳,Bộ Nhĩ,record-radical,11
聘,pìn,thuê,resolved,耳,Bộ Nhĩ,record-radical,11
聚,jù,tụ tập,not-resolved,,,not-resolved,0
聪,cōng,(văn học) thính (nghe); (dạng kết hợp) thông minh; lanh lợi; nhạy bén,resolved,耳,Bộ Nhĩ,record-radical,11
聿,yù,"Bèn, bui, chữ dùng làm tiếng phát ngữ",resolved,聿,Bộ Duật,self-radical,4
肃,Sù,họ [Su4],resolved,聿,Bộ Duật,record-radical,4
肆,sì,bốn (chữ số phòng chống gian lận trong ngân hàng); không kiềm chế,not-resolved,,,not-resolved,0
肇,zhào,lúc đầu; nghĩ ra,not-resolved,,,not-resolved,0
肉,ròu,thịt,resolved,肉,Bộ Nhục,self-radical,1
肌,jī,(hình thức kết hợp) thịt; cơ,not-resolved,,,not-resolved,0
肖,Xiāo,họ [Xiao1]; phiên âm Đài Loan [Xiao4],resolved,小,Bộ Tiểu,record-radical,1
肘,zhǒu,khuỷu tay; thịt vai heo,not-resolved,,,not-resolved,0
肚,dù,"bụng, dạ dày",not-resolved,,,not-resolved,0
肝,gān,gan,not-resolved,,,not-resolved,0
肠,cháng,ruột,not-resolved,,,not-resolved,0
股,gǔ,đùi,not-resolved,,,not-resolved,0
肢,zhī,chi (bộ phận cơ thể),not-resolved,,,not-resolved,0
肤,fū,da,not-resolved,,,not-resolved,0
肥,féi,rộng rãi,not-resolved,,,not-resolved,0
肩,jiān,vai,not-resolved,,,not-resolved,0
肪,fáng,mỡ động vật,not-resolved,,,not-resolved,0
肯,kěn,đồng ý,not-resolved,,,not-resolved,0
育,yù,sinh con; nuôi dưỡng,resolved,子,"Bộ Tử, Tý",record-radical,7
肴,yáo,biến thể của 肴[yao2],not-resolved,,,not-resolved,0
肺,fèi,phổi,not-resolved,,,not-resolved,0
肾,shèn,thận,not-resolved,,,not-resolved,0
肿,zhǒng,sưng; sưng lên,not-resolved,,,not-resolved,0
胀,zhàng,chướng bụng,not-resolved,,,not-resolved,0
胁,xié,mạn sườn (phía bên của thân); cưỡng ép,not-resolved,,,not-resolved,0
胃,wèi,dạ dày,not-resolved,,,not-resolved,0
胆,dǎn,sự can đảm,not-resolved,,,not-resolved,0
背,bēi,mang trên lưng; lưng,not-resolved,,,not-resolved,0
胎,tāi,"phôi, bào thai (đơn vị đo lường cho phôi thai)",not-resolved,,,not-resolved,0
胖,pàng,béo,not-resolved,,,not-resolved,0
胚,pēi,biến thể của 胚[pei1],not-resolved,,,not-resolved,0
胜,shèng,chiến thắng,not-resolved,,,not-resolved,0
胞,bāo,nhau thai; tử cung,not-resolved,,,not-resolved,0
胡,Hú,họ [Hu2],not-resolved,,,not-resolved,0
胧,lóng,dùng trong 朦朧|朦胧[meng2 long2],resolved,月,"Bộ Nguyệt,Nhục",record-radical,4
胳,gē,biến thể của 胳[ge1],not-resolved,,,not-resolved,0
胶,jiāo,dán; keo,not-resolved,,,not-resolved,0
胸,xiōng,ngực,not-resolved,,,not-resolved,0
能,néng,có thể,not-resolved,,,not-resolved,0
脂,zhī,mỡ; phấn hồng (mỹ phẩm),not-resolved,,,not-resolved,0
脆,cuì,giòn,not-resolved,,,not-resolved,0
脉,mài,biến thể cũ của 脈|脉[mai4],not-resolved,,,not-resolved,0
脊,jǐ,(hình thức kết hợp) cột sống; xương sống; (hình thức kết hợp) đường gờ,not-resolved,,,not-resolved,0
脏,zāng,bẩn,not-resolved,,,not-resolved,0
脐,qí,Rốn,not-resolved,,,not-resolved,0
脑,nǎo,não; tâm trí,not-resolved,,,not-resolved,0
脖,bó,cổ,not-resolved,,,not-resolved,0
脚,jiǎo,bàn chân,not-resolved,,,not-resolved,0
脱,tuō,cởi,not-resolved,,,not-resolved,0
脸,liǎn,mặt,not-resolved,,,not-resolved,0
脾,pí,lá lách,not-resolved,,,not-resolved,0
腆,tiǎn,làm mạnh (như rượu); đức hạnh,not-resolved,,,not-resolved,0
腊,xī,thịt khô; cũng đọc là [xi2],not-resolved,,,not-resolved,0
腐,fǔ,phân huỷ; mục nát,resolved,肉,Bộ Nhục,record-radical,1
腔,qiāng,khoang,not-resolved,,,not-resolved,0
腕,wàn,"cổ tay; cánh tay (mực ống, sao biển,...)",not-resolved,,,not-resolved,0
腥,xīng,có mùi cá,not-resolved,,,not-resolved,0
腮,sāi,má,not-resolved,,,not-resolved,0
腰,yāo,eo,not-resolved,,,not-resolved,0
腹,fù,bụng; dạ dày,not-resolved,,,not-resolved,0
腺,xiàn,tuyến,not-resolved,,,not-resolved,0
腻,nì,béo; mềm,not-resolved,,,not-resolved,0
腼,miǎn,e thẹn,not-resolved,,,not-resolved,0
腾,téng,phi nước đại,resolved,馬,Bộ Mã,record-radical,20
腿,tuǐ,chân,not-resolved,,,not-resolved,0
膀,bǎng,cánh tay trên; cánh,not-resolved,,,not-resolved,0
膊,bó,vai; cánh tay trên,not-resolved,,,not-resolved,0
膏,gāo,thuốc mỡ; cao,not-resolved,,,not-resolved,0
膛,táng,(dạng kết hợp) khoang rỗng,not-resolved,,,not-resolved,0
膜,mó,màng mỏng,not-resolved,,,not-resolved,0
膝,xī,biến thể cũ của 膝[xi1],not-resolved,,,not-resolved,0
膨,péng,sưng; phồng,not-resolved,,,not-resolved,0
膳,shàn,bữa ăn,not-resolved,,,not-resolved,0
臂,bì,cánh tay,not-resolved,,,not-resolved,0
臣,Chén,họ [Chen2],resolved,臣,Bộ Thần,self-radical,1
自,zì,từ,resolved,自,Bộ Tự,self-radical,1
臭,chòu,hôi thối,not-resolved,,,not-resolved,0
至,zhì,đến,resolved,至,Bộ Chí,self-radical,1
致,zhì,gửi,resolved,攴,Bộ Phộc,record-radical,22
臼,jiù,"Cái cối, làm bằng gỗ hay bằng đá để giã các thứ",resolved,臼,Bộ Cữu,self-radical,0
舅,jiù,cậu,not-resolved,,,not-resolved,0
舆,yú,(văn chương) gầm xe ngựa (đối lập với mui xe 堪[kan1]); (văn chương) (bóng) trái đất (trong khi mui xe là phép ẩn dụ cho trời); đất đai; lãnh thổ,not-resolved,,,not-resolved,0
舌,shé,"dùng trong 喇舌[la3 ji1] để phiên âm từ Đài Loan nghĩa là ""lưỡi""",resolved,舌,Bộ Thiệt,self-radical,3
舍,shě,từ bỏ; ruồng bỏ; bố thí,resolved,口,Bộ Khẩu,record-radical,24
舒,Shū,họ [Shu1],not-resolved,,,not-resolved,0
舔,tiǎn,liếm,resolved,舌,Bộ Thiệt,record-radical,3
舛,chuǎn,sai lầm; sai sót,resolved,舛,Bộ Suyễn,self-radical,2
舞,wǔ,khiêu vũ,resolved,舛,Bộ Suyễn,record-radical,2
舟,zhōu,thuyền,resolved,舟,"Bộ Chu,Châu",self-radical,7
航,háng,thuyền; tàu,resolved,舟,"Bộ Chu,Châu",record-radical,7
般,bān,"loại, kiểu, giống như (thường dùng sau danh từ, tính từ)",resolved,殳,Bộ Thù,record-radical,3
舰,jiàn,tàu chiến,resolved,舟,"Bộ Chu,Châu",record-radical,7
舱,cāng,buồng,not-resolved,,,not-resolved,0
舵,duò,bánh lái,resolved,舟,"Bộ Chu,Châu",record-radical,7
舶,bó,tàu,resolved,舟,"Bộ Chu,Châu",record-radical,7
船,chuán,"thuyền, tàu",resolved,舟,"Bộ Chu,Châu",record-radical,7
艇,tǐng,tàu; thuyền nhỏ,resolved,舟,"Bộ Chu,Châu",record-radical,7
艘,sōu,cái (tàu thuyền),resolved,舟,"Bộ Chu,Châu",record-radical,7
艮,gèn,"Quẻ ""cấn"" 艮",resolved,艮,Bộ Cấn,self-radical,1
良,liáng,tốt,not-resolved,,,not-resolved,0
艰,jiān,khó khăn; vất vả,resolved,艮,Bộ Cấn,record-radical,1
色,sè,màu sắc,resolved,色,Bộ Sắc,self-radical,0
艳,yàn,biến thể của 艷|艳[yan4],not-resolved,,,not-resolved,0
艸,cǎo,"Cỏ cây, thực vật.",resolved,艸,Bộ Thảo,self-radical,24
艹,cǎo,"Cỏ cây, thực vật.",resolved,艸,Bộ Thảo,radical-variant,24
艺,yì,kỹ năng; nghệ thuật,resolved,艸,Bộ Thảo,record-radical,24
艾,Aì,họ [Ai4],resolved,艸,Bộ Thảo,record-radical,24
节,jié,ngày lễ,resolved,艸,Bộ Thảo,record-radical,24
芒,máng,râu (của ngũ cốc); ngạnh (của hạt),resolved,艸,Bộ Thảo,record-radical,24
芝,zhī,cỏ gừng (Zoysia pungens),resolved,艸,Bộ Thảo,record-radical,24
芦,lú,cây sậy; cỏ lau,resolved,艸,Bộ Thảo,record-radical,24
芬,fēn,nước hoa; hương thơm,resolved,艸,Bộ Thảo,record-radical,24
芭,bā,một loại cỏ; cây chuối,resolved,艸,Bộ Thảo,record-radical,24
芯,xīn,(dạng kết hợp) lõi cây bấc (dùng làm tim đèn),not-resolved,,,not-resolved,0
花,huā,hoa,resolved,艸,Bộ Thảo,record-radical,24
芳,fāng,thơm,resolved,艸,Bộ Thảo,record-radical,24
芽,yá,"chồi, mầm",resolved,艸,Bộ Thảo,record-radical,24
苍,Cāng,họ [Cang1],resolved,艸,Bộ Thảo,record-radical,24
苏,sū,dùng trong 嚕囌|噜苏[lu1 su1],resolved,艸,Bộ Thảo,record-radical,24
苗,miáo,cây giống,resolved,艸,Bộ Thảo,record-radical,24
苛,kē,nghiêm khắc; khắt khe,resolved,艸,Bộ Thảo,record-radical,24
苟,gǒu,"nếu, giả sử, tạm bợ, cẩu thả",resolved,艸,Bộ Thảo,record-radical,24
若,ruò,nếu,resolved,口,Bộ Khẩu,record-radical,24
苦,kǔ,đắng,resolved,艸,Bộ Thảo,record-radical,24
英,Yīng,Anh (nước); Vương Quốc Anh,resolved,艸,Bộ Thảo,record-radical,24
苹,píng,(ngải cứu); bèo ong,resolved,艸,Bộ Thảo,record-radical,24
茂,mào,tươi tốt; (hóa học) cyclopentadiene,resolved,艸,Bộ Thảo,record-radical,24
范,fàn,mô hình; kiểu mẫu,resolved,艸,Bộ Thảo,record-radical,24
茄,jiā,"chữ tượng thanh dùng trong từ mượn cho âm ""jia"", mặc dù 夾|夹[jia2] phổ biến hơn",resolved,艸,Bộ Thảo,record-radical,24
茅,Máo,họ [Mao2],resolved,艸,Bộ Thảo,record-radical,24
茎,jīng,thân cây,resolved,艸,Bộ Thảo,record-radical,24
茨,cí,cây gai dầu (Tribulus terrestris); lợp mái (nhà),resolved,艸,Bộ Thảo,record-radical,24
茫,máng,"rộng lớn, không có ranh giới rõ ràng; bóng gió",resolved,艸,Bộ Thảo,record-radical,24
茶,chá,trà,resolved,艸,Bộ Thảo,record-radical,24
荆,jīng,cây hoặc quả ngũ trảo (Vitex agnus-castus); tên gọi khác của nước Sở thời nhà Chu 楚國|楚国[Chu3 guo2],not-resolved,,,not-resolved,0
草,cǎo,cỏ,resolved,艸,Bộ Thảo,record-radical,24
荐,jiàn,giới thiệu; dâng cúng (cổ),resolved,艸,Bộ Thảo,record-radical,24
荒,huāng,hoang vu,not-resolved,,,not-resolved,0
荔,lì,biến thể của 荔[li4],resolved,艸,Bộ Thảo,record-radical,24
荡,dàng,biến thể của 蕩|荡[dang4],not-resolved,,,not-resolved,0
荣,Róng,họ [Rong2],resolved,艸,Bộ Thảo,record-radical,24
荤,hūn,"rau có mùi mạnh (tỏi, v.v.); đồ ăn mặn (thịt, cá, v.v.)",resolved,艸,Bộ Thảo,record-radical,24
荧,yíng,le lói; lấp lánh,resolved,火,Bộ Hỏa,record-radical,24
荫,yìn,"biến thể của 蔭|荫[yin4], bóng râm",not-resolved,,,not-resolved,0
药,yào,thuốc,resolved,艸,Bộ Thảo,record-radical,24
荷,Hé,Hà Lan; viết tắt của 荷蘭|荷兰[He2 lan2],resolved,艸,Bộ Thảo,record-radical,24
莫,Mò,họ [Mo4],resolved,艸,Bộ Thảo,record-radical,24
莲,lián,hoa sen,resolved,艸,Bộ Thảo,record-radical,24
获,huò,nhận được,resolved,犬,Bộ Khuyển,record-radical,24
莹,yíng,độ bóng của đá quý,not-resolved,,,not-resolved,0
莺,yīng,"Chim vàng anh, chim oanh",not-resolved,,,not-resolved,0
莽,mǎng,(hình thức kết hợp) cỏ mọc dày; (văn học) mênh mông; bao la,not-resolved,,,not-resolved,0
菇,gū,nấm,resolved,艸,Bộ Thảo,record-radical,24
菊,jú,(hình thức liên kết) hoa cúc,resolved,艸,Bộ Thảo,record-radical,24
菌,jūn,mầm; khuẩn,resolved,艸,Bộ Thảo,record-radical,24
菜,cài,món ăn,resolved,艸,Bộ Thảo,record-radical,24
菠,bō,"cải bó xôi, rau chân vịt",resolved,艸,Bộ Thảo,record-radical,24
菩,pú,Bồ Tát,resolved,艸,Bộ Thảo,record-radical,24
萃,cuì,thu thập; tập hợp,resolved,艸,Bộ Thảo,record-radical,24
萄,táo,dùng trong 葡萄[pu2 tao5],resolved,艸,Bộ Thảo,record-radical,24
萌,méng,"(hình thức kết hợp) nảy mầm; đâm chồi; (khẩu ngữ) dễ thương; đáng yêu (mượn chữ từ tiếng Nhật 萌え ""moe"", sự yêu thích nhân vật anime hoặc manga)",resolved,艸,Bộ Thảo,record-radical,24
萍,píng,bèo nổi,resolved,艸,Bộ Thảo,record-radical,24
萎,wěi,héo; rũ,resolved,艸,Bộ Thảo,record-radical,24
萝,luó,củ cải,resolved,艸,Bộ Thảo,record-radical,24
营,yíng,trại; doanh trại,not-resolved,,,not-resolved,0
萧,Xiāo,họ [Xiao1],not-resolved,,,not-resolved,0
萨,Sà,Bồ Tát; họ [Sa4],resolved,艸,Bộ Thảo,record-radical,24
落,luò,rơi,resolved,艸,Bộ Thảo,record-radical,24
著,zhù,để biết; để cho thấy,resolved,艸,Bộ Thảo,record-radical,24
葡,Pú,Bồ Đào Nha; người Bồ Đào Nha,resolved,艸,Bộ Thảo,record-radical,24
董,Dǒng,họ [Dong3],resolved,艸,Bộ Thảo,record-radical,24
葬,zàng,chôn cất,not-resolved,,,not-resolved,0
葱,cōng,hành lá,resolved,艸,Bộ Thảo,record-radical,24
蒂,dì,cuống (của quả),resolved,艸,Bộ Thảo,record-radical,24
蒙,méng,che phủ,resolved,艸,Bộ Thảo,record-radical,24
蒜,suàn,tỏi,resolved,艸,Bộ Thảo,record-radical,24
蒸,zhēng,hấp,not-resolved,,,not-resolved,0
蓄,xù,"tích trữ, tích lũy; nuôi (tóc, râu)",resolved,艸,Bộ Thảo,record-radical,24
蓝,lán,xanh da trời,resolved,艸,Bộ Thảo,record-radical,24
蓦,mò,nhảy lên hoặc qua; đột nhiên,resolved,馬,Bộ Mã,record-radical,20
蓬,Péng,họ [Peng2],resolved,艸,Bộ Thảo,record-radical,24
蔑,miè,coi thường; không có gì,not-resolved,,,not-resolved,0
蔓,mán,dùng trong 蔓菁[man2 jing5],not-resolved,,,not-resolved,0
蔚,Yù,họ [Yu4]; tên địa danh,resolved,艸,Bộ Thảo,record-radical,24
蔬,shū,rau,resolved,艸,Bộ Thảo,record-radical,24
蔼,ǎi,thân thiện,resolved,艸,Bộ Thảo,record-radical,24
蔽,bì,che; phủ,resolved,艸,Bộ Thảo,record-radical,24
蕉,jiāo,chuối,resolved,艸,Bộ Thảo,record-radical,24
蕴,yùn,tích lũy; chứa đựng,resolved,艸,Bộ Thảo,record-radical,24
蕾,lěi,nụ,resolved,艸,Bộ Thảo,record-radical,24
薄,báo,mỏng,resolved,艸,Bộ Thảo,record-radical,24
薪,xīn,củi; nhiên liệu; lương,resolved,艸,Bộ Thảo,record-radical,24
薯,shǔ,khoai tây; khoai,resolved,艸,Bộ Thảo,record-radical,24
藉,jiè,"Mượn, dựa vào; đệm, lót",not-resolved,,,not-resolved,0
藏,cáng,cất trữ,resolved,艸,Bộ Thảo,record-radical,24
藐,miǎo,coi thường; nhỏ,not-resolved,,,not-resolved,0
藤,téng,"cây leo, dây leo",resolved,艸,Bộ Thảo,record-radical,24
藻,zǎo,cỏ thủy sinh; tao nhã,resolved,艸,Bộ Thảo,record-radical,24
蘑,mó,nấm,resolved,艸,Bộ Thảo,record-radical,24
蘸,zhàn,nhúng,not-resolved,,,not-resolved,0
虍,xū,"Vằn con hổ, vằn con vện",resolved,虍,Bộ Hô,self-radical,1
虎,hǔ,con hổ; LT:隻|只[zhi1],resolved,虍,Bộ Hô,record-radical,1
虏,lǔ,tù binh; bắt giữ,resolved,力,Bộ Lực,record-radical,21
虐,nüè,hà khắc; bạo ngược,not-resolved,,,not-resolved,0
虑,lǜ,suy nghĩ cân nhắc; xem xét,resolved,心,Bộ Tâm,record-radical,24
虔,qián,hành động một cách tôn kính; tôn kính,not-resolved,,,not-resolved,0
虚,xū,yếu đuối,not-resolved,,,not-resolved,0
虫,chóng,biến thể của 蟲|虫[chong2],resolved,虫,Bộ Trùng,self-radical,22
虹,hóng,cầu vồng,resolved,虫,Bộ Trùng,record-radical,22
虽,suī,mặc dù,resolved,口,Bộ Khẩu,record-radical,24
虾,xiā,tôm,resolved,虫,Bộ Trùng,record-radical,22
蚀,shí,gặm nhấm; phá hủy,not-resolved,,,not-resolved,0
蚊,wén,con muỗi,resolved,虫,Bộ Trùng,record-radical,22
蛇,shé,rắn,resolved,虫,Bộ Trùng,record-radical,22
蛋,dàn,trứng,resolved,虫,Bộ Trùng,record-radical,22
蛙,wā,con ếch; LT:隻|只[zhi1],resolved,虫,Bộ Trùng,record-radical,22
蛛,zhū,nhện,resolved,虫,Bộ Trùng,record-radical,22
蛮,mán,rất,not-resolved,,,not-resolved,0
蛰,zhē,"Ngủ đông, ẩn mình (động vật)",resolved,虫,Bộ Trùng,record-radical,22
蜂,fēng,ong,resolved,虫,Bộ Trùng,record-radical,22
蜃,shèn,con trai khổng lồ; (thần thoại) quái vật trai được cho là thở ra hơi nước tạo thành ảo ảnh các tòa nhà,resolved,虫,Bộ Trùng,record-radical,22
蜗,wō,ốc sên; phát âm ở Đài Loan [gua1],resolved,虫,Bộ Trùng,record-radical,22
蜘,zhī,xem 蜘蛛[zhi1 zhu1],resolved,虫,Bộ Trùng,record-radical,22
蜜,mì,"mật ong, ngọt ngào",resolved,虫,Bộ Trùng,record-radical,22
蜡,là,"sáp, nến",resolved,虫,Bộ Trùng,record-radical,22
蝇,yíng,ruồi; chòm sao Con Ruồi,not-resolved,,,not-resolved,0
蝴,hú,dùng trong 蝴蝶[hu2 die2],resolved,虫,Bộ Trùng,record-radical,22
蝶,dié,biến thể của 蝶[die2],resolved,虫,Bộ Trùng,record-radical,22
螃,páng,dùng trong 螃蟹[pang2 xie4],resolved,虫,Bộ Trùng,record-radical,22
融,róng,tuần hoàn,resolved,鬲,Bộ Cách,record-radical,1
螺,luó,vỏ ốc; ốc sên,resolved,虫,Bộ Trùng,record-radical,22
蟀,shuài,dùng trong 蟋蟀[xi1 shuai4],resolved,虫,Bộ Trùng,record-radical,22
蟋,xī,dùng trong 蟋蟀[xi1 shuai4],resolved,虫,Bộ Trùng,record-radical,22
蟹,xiè,cua,resolved,虫,Bộ Trùng,record-radical,22
蠢,chǔn,ngu ngốc,resolved,虫,Bộ Trùng,record-radical,22
血,xuè,máu,resolved,血,Bộ Huyết,self-radical,1
衅,xìn,cãi nhau; tranh chấp,resolved,血,Bộ Huyết,record-radical,1
行,xíng,được,resolved,行,Bộ Hành,self-radical,2
衍,yǎn,lan rộng; phát triển,not-resolved,,,not-resolved,0
衔,xián,biến thể của 銜|衔[xian2],resolved,金,Bộ Kim,record-radical,24
街,jiē,đường phố,resolved,行,Bộ Hành,record-radical,2
衡,héng,cân; nặng,not-resolved,,,not-resolved,0
衣,yī,quần áo; Lượng từ: 件[jian4],resolved,衣,Bộ Y,self-radical,22
衤,yī,áo.,resolved,衣,Bộ Y,radical-variant,22
补,bǔ,"sửa chữa, bổ sung",resolved,衣,Bộ Y,record-radical,22
表,biǎo,biểu mẫu,resolved,毛,Bộ Mao,record-radical,3
衫,shān,áo; khoác với đường xẻ ở vị trí tay áo,resolved,衣,Bộ Y,record-radical,22
衬,chèn,(của quần áo) sát da; lót,resolved,衣,Bộ Y,record-radical,22
衰,cuī,biến thể của 縗|缞[cui1],not-resolved,,,not-resolved,0
衷,zhōng,tâm tư tình cảm,not-resolved,,,not-resolved,0
袅,niǎo,mỏng manh; duyên dáng,resolved,衣,Bộ Y,record-radical,22
袋,dài,túi,resolved,衣,Bộ Y,record-radical,22
袍,páo,"áo choàng, áo bào",not-resolved,,,not-resolved,0
袖,xiù,tay áo; giấu vào trong tay áo,resolved,衣,Bộ Y,record-radical,22
袜,wà,tất; vớ,resolved,衣,Bộ Y,record-radical,22
被,bèi,bởi,resolved,衣,Bộ Y,record-radical,22
袭,xí,"Tập kích, tấn công bất ngờ; tập nhiễm, lan tràn; thừa hưởng",not-resolved,,,not-resolved,0
袱,fú,(dạng kết hợp) tấm vải dùng để gói hoặc phủ,not-resolved,,,not-resolved,0
裁,cái,cắt may,not-resolved,,,not-resolved,0
裂,liè,xé toạc,resolved,衣,Bộ Y,record-radical,22
装,zhuāng,trang điểm,resolved,衣,Bộ Y,record-radical,22
裔,yì,hậu duệ; biên cương,not-resolved,,,not-resolved,0
裕,yù,dồi dào,resolved,衣,Bộ Y,record-radical,22
裘,Qiú,họ [Qiu2],resolved,衣,Bộ Y,record-radical,22
裙,qún,biến thể cũ của 裙[qun2],resolved,衣,Bộ Y,record-radical,22
裤,kù,biến thể của 褲|裤[ku4],resolved,衣,Bộ Y,record-radical,22
裳,cháng,quần áo phía dưới; váy,resolved,衣,Bộ Y,record-radical,22
裸,luǒ,trần truồng,resolved,衣,Bộ Y,record-radical,22
裹,guǒ,bọc,resolved,衣,Bộ Y,record-radical,22
褐,hè,màu nâu; màu xám hoặc màu tối,resolved,衣,Bộ Y,record-radical,22
褓,bǎo,biến thể của 褓[bao3],not-resolved,,,not-resolved,0
褪,tuì,cởi (quần áo); rụng lông,not-resolved,,,not-resolved,0
襁,qiǎng,xâu tiền đồng; biến thể của 襁[qiang3],resolved,衣,Bộ Y,record-radical,22
襾,yà,"Che đậy, úp lên",resolved,襾,Bộ Á,self-radical,1
西,xī,tây,not-resolved,,,not-resolved,0
要,yào,nếu,not-resolved,,,not-resolved,0
覆,fù,che phủ; tràn ra,resolved,襾,Bộ Á,record-radical,1
見,,"Thấy, mắt trông thấy",resolved,見,Bộ Kiến,self-radical,0
见,jiàn,gặp,resolved,目,Bộ Mục,record-radical,24
观,Guàn,họ [Guan4],not-resolved,,,not-resolved,0
规,guī,biến thể của 規|规[gui1],not-resolved,,,not-resolved,0
觅,mì,(văn học) tìm kiếm; tìm thấy,not-resolved,,,not-resolved,0
视,shì,biến thể của 視|视[shi4]; biến thể của 示[shi4],not-resolved,,,not-resolved,0
览,lǎn,nhìn; xem,not-resolved,,,not-resolved,0
觉,jiào,giấc ngủ,not-resolved,,,not-resolved,0
觑,qù,"Liếc, nhìn trộm; nhìn kỹ, xem xét",not-resolved,,,not-resolved,0
角,jiǎo,góc,resolved,角,"Bộ Giác, Giốc",self-radical,2
解,jiě,"giải thích, hiểu",resolved,角,"Bộ Giác, Giốc",record-radical,2
触,chù,chạm; tiếp xúc với cái gì,resolved,角,"Bộ Giác, Giốc",record-radical,2
言,yán,từ; ngôn từ,resolved,言,Bộ Ngôn,self-radical,24
誉,yù,khen ngợi; tán dương,not-resolved,,,not-resolved,0
誓,shì,lời thề; lời hứa,resolved,言,Bộ Ngôn,record-radical,24
警,jǐng,báo động; cảnh báo,resolved,言,Bộ Ngôn,record-radical,24
譬,pì,đưa ra ví dụ,resolved,言,Bộ Ngôn,record-radical,24
讠,yán,"Lời nói, ngôn ngữ.",resolved,言,Bộ Ngôn,radical-variant,24
计,jì,tính toán,resolved,言,Bộ Ngôn,record-radical,24
订,dìng,"đặt, đặt hàng",resolved,言,Bộ Ngôn,record-radical,24
认,rèn,nhận ra; biết,resolved,言,Bộ Ngôn,record-radical,24
讥,jī,chế nhạo,resolved,言,Bộ Ngôn,record-radical,24
讨,tǎo,hỏi xin,resolved,言,Bộ Ngôn,record-radical,24
让,ràng,cho phép,resolved,言,Bộ Ngôn,record-radical,24
训,xùn,giáo huấn,resolved,言,Bộ Ngôn,record-radical,24
议,yì,thảo luận,resolved,言,Bộ Ngôn,record-radical,24
讯,xùn,hỏi; hỏi thăm,resolved,言,Bộ Ngôn,record-radical,24
记,jì,ghi lại,resolved,言,Bộ Ngôn,record-radical,24
讲,jiǎng,"nói, kể",resolved,言,Bộ Ngôn,record-radical,24
讳,huì,tránh nhắc đến; từ cấm kỵ,resolved,言,Bộ Ngôn,record-radical,24
讶,yà,kinh ngạc,resolved,言,Bộ Ngôn,record-radical,24
许,xǔ,cho phép,resolved,言,Bộ Ngôn,record-radical,24
讹,é,lỗi; sai,resolved,言,Bộ Ngôn,record-radical,24
论,Lún,"viết tắt của 論語|论语[Lun2 yu3], Luận Ngữ (của Khổng Tử)",resolved,言,Bộ Ngôn,record-radical,24
讼,sòng,kiện tụng,resolved,言,Bộ Ngôn,record-radical,24
讽,fěng,châm biếm; chế nhạo,resolved,言,Bộ Ngôn,record-radical,24
设,shè,thiết lập,resolved,言,Bộ Ngôn,record-radical,24
访,fǎng,(dạng kết hợp) thăm; đến thăm,resolved,言,Bộ Ngôn,record-radical,24
诀,jué,từ biệt; biết quyết mẹo nghề,not-resolved,,,not-resolved,0
证,zhèng,chứng chỉ,resolved,言,Bộ Ngôn,record-radical,24
评,píng,đánh giá,resolved,言,Bộ Ngôn,record-radical,24
识,shí,nhận biết,resolved,言,Bộ Ngôn,record-radical,24
诈,zhà,lừa dối; lừa gạt,resolved,言,Bộ Ngôn,record-radical,24
诉,sù,biến thể của 訴|诉[su4],resolved,言,Bộ Ngôn,record-radical,24
诊,zhěn,khám hoặc chữa trị y tế,resolved,言,Bộ Ngôn,record-radical,24
词,cí,từ,resolved,言,Bộ Ngôn,record-radical,24
译,yì,dịch,resolved,言,Bộ Ngôn,record-radical,24
试,shì,thử,resolved,言,Bộ Ngôn,record-radical,24
诗,shī,"bài thơ, thơ ca",resolved,言,Bộ Ngôn,record-radical,24
诚,chéng,(hình thức bó buộc) chân thành; xác thực; (văn học) thật sự; quả thật,resolved,言,Bộ Ngôn,record-radical,24
话,huà,câu nói,resolved,言,Bộ Ngôn,record-radical,24
诞,dàn,sinh; sinh nhật,resolved,言,Bộ Ngôn,record-radical,24
询,xún,hỏi về; tìm hiểu về,resolved,言,Bộ Ngôn,record-radical,24
该,gāi,nên,resolved,言,Bộ Ngôn,record-radical,24
详,xiáng,chi tiết; toàn diện,resolved,言,Bộ Ngôn,record-radical,24
诧,chà,ngạc nhiên; kinh ngạc,resolved,言,Bộ Ngôn,record-radical,24
诫,jiè,điều răn; cấm,not-resolved,,,not-resolved,0
语,yǔ,phương ngữ; ngôn ngữ,resolved,言,Bộ Ngôn,record-radical,24
误,wù,sai lầm,resolved,言,Bộ Ngôn,record-radical,24
诱,yòu,(văn học) dụ dỗ; lôi kéo,not-resolved,,,not-resolved,0
说,shuō,nói,resolved,言,Bộ Ngôn,record-radical,24
诵,sòng,đọc to; đọc thuộc lòng,resolved,言,Bộ Ngôn,record-radical,24
请,qǐng,mời,resolved,言,Bộ Ngôn,record-radical,24
诸,Zhū,họ [Zhu1],resolved,言,Bộ Ngôn,record-radical,24
诺,nuò,đồng ý; hứa,resolved,言,Bộ Ngôn,record-radical,24
读,dú,đọc,resolved,言,Bộ Ngôn,record-radical,24
诽,fěi,vu khống,resolved,言,Bộ Ngôn,record-radical,24
课,kè,bài học,resolved,言,Bộ Ngôn,record-radical,24
谁,shéi,ai,resolved,言,Bộ Ngôn,record-radical,24
调,diào,điều chỉnh,resolved,言,Bộ Ngôn,record-radical,24
谅,liàng,thể hiện sự thông cảm; tha thứ,resolved,言,Bộ Ngôn,record-radical,24
谆,zhūn,lặp đi lặp lại (khi khuyên nhủ); chân thành,not-resolved,,,not-resolved,0
谈,tán,"nói chuyện, tán gẫu",resolved,言,Bộ Ngôn,record-radical,24
谊,yì,tình bạn; cũng đọc là [yi2],not-resolved,,,not-resolved,0
谋,móu,lên kế hoạch; tìm kiếm,resolved,言,Bộ Ngôn,record-radical,24
谍,dié,do thám,resolved,言,Bộ Ngôn,record-radical,24
谎,huǎng,lời nói dối; nói dối,resolved,言,Bộ Ngôn,record-radical,24
谐,xié,(hình thức kết hợp) hòa hợp; (hình thức kết hợp) hài hước,resolved,言,Bộ Ngôn,record-radical,24
谓,Wèi,họ [Wei4],resolved,言,Bộ Ngôn,record-radical,24
谜,mí,câu đố,not-resolved,,,not-resolved,0
谢,Xiè,họ [Xie4],resolved,言,Bộ Ngôn,record-radical,24
谣,yáo,ballad phổ biến; tin đồn,resolved,言,Bộ Ngôn,record-radical,24
谤,bàng,phỉ báng; bôi nhọ,resolved,言,Bộ Ngôn,record-radical,24
谦,qiān,khiêm tốn,resolved,言,Bộ Ngôn,record-radical,24
谨,jǐn,cẩn thận; tỉ mỉ,resolved,言,Bộ Ngôn,record-radical,24
谬,miù,lừa dối; nhầm lẫn,resolved,言,Bộ Ngôn,record-radical,24
谱,pǔ,nốt nhạc,resolved,言,Bộ Ngôn,record-radical,24
谴,qiǎn,khiển trách; phê bình,resolved,言,Bộ Ngôn,record-radical,24
谷,gǔ,ngũ cốc; bắp,resolved,谷,Bộ Cốc,self-radical,1
豁,huō,mở rộng,resolved,谷,Bộ Cốc,record-radical,1
豆,dòu,cây họ đậu; đậu hạt,resolved,豆,Bộ Đậu,self-radical,1
豕,shǐ,Con lợn,resolved,豕,Bộ Thỉ,self-radical,1
象,xiàng,voi; LT:隻|只[zhi1],not-resolved,,,not-resolved,0
豪,háo,hùng vĩ; anh hùng,resolved,豕,Bộ Thỉ,record-radical,1
豫,Yù,viết tắt của tỉnh Hà Nam 河南 ở Trung Quốc miền trung,not-resolved,,,not-resolved,0
豸,zhì,"Loài bò sát, loài sâu không có chân gọi là ""trĩ"" 豸, sâu có chân gọi là ""trùng"" 虫",resolved,豸,Bộ Trĩ,self-radical,2
豹,bào,báo,resolved,豸,Bộ Trĩ,record-radical,2
豺,chái,động vật giống chó; quái thú tham lam,resolved,豸,Bộ Trĩ,record-radical,2
貌,mào,diện mạo,not-resolved,,,not-resolved,0
貝,bèi,"Tiền bạc, của cải, vật quý.",resolved,貝,Bộ Bối,self-radical,24
贝,Bèi,họ [Bei4],resolved,貝,Bộ Bối,radical-variant,24
贞,zhēn,trinh tiết,not-resolved,,,not-resolved,0
负,fù,chịu trách nhiệm,resolved,人,Bộ Nhân,record-radical,24
贡,Gòng,họ [Gong4],resolved,貝,Bộ Bối,record-radical,24
财,cái,tiền; tài sản,resolved,貝,Bộ Bối,record-radical,24
责,zé,bổn phận; trách nhiệm,resolved,貝,Bộ Bối,record-radical,24
贤,xián,người tài đức; cách xưng tôn trọng với người cùng thế hệ hoặc nhỏ hơn,resolved,貝,Bộ Bối,record-radical,24
败,bài,thất bại,resolved,攴,Bộ Phộc,record-radical,22
账,zhàng,tài khoản,resolved,貝,Bộ Bối,record-radical,24
货,huò,hàng hóa,resolved,貝,Bộ Bối,record-radical,24
质,zhì,tính cách; bản chất,resolved,斤,Bộ Cân,record-radical,6
贩,fàn,kinh doanh; mua bán,resolved,貝,Bộ Bối,record-radical,24
贪,tān,tham lam,resolved,貝,Bộ Bối,record-radical,24
贫,pín,"Nghèo, nghèo khó",not-resolved,,,not-resolved,0
贬,biǎn,"Giáng chức; chê bai, hạ thấp; giảm giá",not-resolved,,,not-resolved,0
购,gòu,mua,resolved,貝,Bộ Bối,record-radical,24
贮,zhù,lưu trữ; tích trữ,not-resolved,,,not-resolved,0
贯,guàn,xuyên qua; đi qua,resolved,貝,Bộ Bối,record-radical,24
贱,jiàn,rẻ tiền,not-resolved,,,not-resolved,0
贴,tiē,dán,resolved,貝,Bộ Bối,record-radical,24
贵,guì,đắt,not-resolved,,,not-resolved,0
贷,dài,cho vay lấy lãi; vay,resolved,貝,Bộ Bối,record-radical,24
贸,mào,thương mại; mậu dịch,resolved,貝,Bộ Bối,record-radical,24
费,fèi,phí,resolved,貝,Bộ Bối,record-radical,24
贺,Hè,họ [He4],resolved,貝,Bộ Bối,record-radical,24
贼,zéi,kẻ trộm,not-resolved,,,not-resolved,0
贾,Jiǎ,họ [Jia3],resolved,貝,Bộ Bối,record-radical,24
贿,huì,(dạng kết hợp) hối lộ,not-resolved,,,not-resolved,0
赁,lìn,thuê,not-resolved,,,not-resolved,0
赂,lù,,resolved,貝,Bộ Bối,record-radical,24
赃,zāng,hàng ăn cắp; đồ cướp được,resolved,貝,Bộ Bối,record-radical,24
资,zī,tài nguyên; vốn,resolved,貝,Bộ Bối,record-radical,24
赋,fù,bài thơ phú; sự đánh thuế,not-resolved,,,not-resolved,0
赌,dǔ,đánh bạc,resolved,貝,Bộ Bối,record-radical,24
赎,shú,chuộc lại,not-resolved,,,not-resolved,0
赏,shǎng,thưởng thức,resolved,貝,Bộ Bối,record-radical,24
赐,cì,ban cho,resolved,貝,Bộ Bối,record-radical,24
赔,péi,bị lỗ,resolved,貝,Bộ Bối,record-radical,24
赖,lài,đổ lỗi,resolved,貝,Bộ Bối,record-radical,24
赚,zhuàn,kiếm lợi,resolved,貝,Bộ Bối,record-radical,24
赛,sài,thi đấu; trận đấu,resolved,貝,Bộ Bối,record-radical,24
赞,zàn,biến thể của 讚|赞[zan4],resolved,貝,Bộ Bối,record-radical,24
赠,zèng,tặng; đẩy lùi,resolved,貝,Bộ Bối,record-radical,24
赡,shàn,chu cấp; cung cấp cho,resolved,貝,Bộ Bối,record-radical,24
赢,yíng,thắng,resolved,貝,Bộ Bối,record-radical,24
赤,chì,đỏ; đỏ thẫm,resolved,赤,Bộ Xích,self-radical,0
赫,Hè,họ [He4],not-resolved,,,not-resolved,0
走,zǒu,đi bộ,resolved,走,Bộ Tẩu,self-radical,9
赴,fù,đi,resolved,走,Bộ Tẩu,record-radical,9
赶,gǎn,"vội vàng, lái xe, đuổi kịp",resolved,走,Bộ Tẩu,record-radical,9
起,qǐ,bắt đầu,resolved,走,Bộ Tẩu,record-radical,9
趁,chèn,tận dụng,resolved,走,Bộ Tẩu,record-radical,9
超,chāo,vượt quá,resolved,走,Bộ Tẩu,record-radical,9
越,yuè,vượt quá,resolved,走,Bộ Tẩu,record-radical,9
趋,qū,"Chạy, đi nhanh; hướng về, theo",resolved,走,Bộ Tẩu,record-radical,9
趟,tàng,chuyến,resolved,走,Bộ Tẩu,record-radical,9
趣,qù,thú vị; làm cho quan tâm,resolved,走,Bộ Tẩu,record-radical,9
足,zú,chân,resolved,足,Bộ Túc,self-radical,24
趴,pā,nằm sấp,resolved,足,Bộ Túc,record-radical,24
趿,tā,xem 趿拉[ta1 la5],resolved,足,Bộ Túc,record-radical,24
跃,yuè,nhảy; bật,resolved,足,Bộ Túc,record-radical,24
跌,diē,ngã,not-resolved,,,not-resolved,0
跑,pǎo,chạy,resolved,足,Bộ Túc,record-radical,24
跚,shān,dùng trong 蹣跚|蹒跚[pan2 shan1],resolved,足,Bộ Túc,record-radical,24
距,jù,cách,resolved,足,Bộ Túc,record-radical,24
跟,gēn,với; theo,resolved,足,Bộ Túc,record-radical,24
跤,jiāo,ngã nhào; té ngã,resolved,足,Bộ Túc,record-radical,24
跨,kuà,bước qua,resolved,足,Bộ Túc,record-radical,24
跪,guì,quỳ xuống,resolved,足,Bộ Túc,record-radical,24
路,lù,đường,resolved,足,Bộ Túc,record-radical,24
跳,tiào,nhảy,resolved,足,Bộ Túc,record-radical,24
践,jiàn,thực hiện (lời hứa); dẫm lên,resolved,足,Bộ Túc,record-radical,24
跻,jī,(văn học) lên; trèo,resolved,足,Bộ Túc,record-radical,24
踊,yǒng,nhảy,resolved,足,Bộ Túc,record-radical,24
踌,chóu,đi tới lui; do dự,resolved,足,Bộ Túc,record-radical,24
踏,tà,dẫm lên,resolved,足,Bộ Túc,record-radical,24
踟,chí,chần chừ; không quyết định,resolved,足,Bộ Túc,record-radical,24
踢,tī,đá,resolved,足,Bộ Túc,record-radical,24
踩,cǎi,giẫm,resolved,足,Bộ Túc,record-radical,24
踪,zōng,biến thể của 蹤|踪[zong1],resolved,足,Bộ Túc,record-radical,24
踹,chuài,đá,resolved,足,Bộ Túc,record-radical,24
蹄,tí,móng; chân giò lợn,resolved,足,Bộ Túc,record-radical,24
蹈,dǎo,đạp lên; giẫm,resolved,足,Bộ Túc,record-radical,24
蹋,tà,dẫm lên,resolved,足,Bộ Túc,record-radical,24
蹒,pán,dùng trong 蹣跚|蹒跚[pan2 shan1]; cách phát âm ở Đài Loan [man2],resolved,足,Bộ Túc,record-radical,24
蹦,bèng,"nhảy, nhảy lò cò",resolved,足,Bộ Túc,record-radical,24
蹬,dēng,đạp,resolved,足,Bộ Túc,record-radical,24
蹭,cèng,xin xỏ,resolved,足,Bộ Túc,record-radical,24
蹰,chú,do dự; không quyết định,resolved,足,Bộ Túc,record-radical,24
蹲,dūn,ngồi xổm,resolved,足,Bộ Túc,record-radical,24
躁,zào,nóng nảy; dễ cáu,resolved,足,Bộ Túc,record-radical,24
躇,chú,do dự,resolved,足,Bộ Túc,record-radical,24
身,shēn,cơ thể; cuộc đời,resolved,身,Bộ Thân,self-radical,3
躬,gōng,"cơ thể (con người, đặc biệt là phần thân); cúi (người)",not-resolved,,,not-resolved,0
躯,qū,cơ thể con người,resolved,身,Bộ Thân,record-radical,3
躲,duǒ,trốn; tránh né,resolved,身,Bộ Thân,record-radical,3
躺,tǎng,nằm,resolved,身,Bộ Thân,record-radical,3
車,chē,chiếc xe.,resolved,車,Bộ Xa,self-radical,19
车,chē,xe,resolved,車,Bộ Xa,radical-variant,19
轨,guǐ,(hình vị hạn chế) đường ray; đường chạy,resolved,車,Bộ Xa,record-radical,19
转,zhuǎn,xoay quanh,resolved,車,Bộ Xa,record-radical,19
轮,lún,bánh xe,resolved,車,Bộ Xa,record-radical,19
软,ruǎn,mềm mại,resolved,車,Bộ Xa,record-radical,19
轰,hōng,đuổi đi,not-resolved,,,not-resolved,0
轴,zhóu,trục; trục quay,resolved,車,Bộ Xa,record-radical,19
轻,qīng,nhẹ,resolved,車,Bộ Xa,record-radical,19
载,zài,chở,resolved,車,Bộ Xa,record-radical,19
轿,jiào,kiệu kiên; kiệu,not-resolved,,,not-resolved,0
较,jiào,tương đối; so sánh,resolved,車,Bộ Xa,record-radical,19
辅,fǔ,hỗ trợ; bổ sung,resolved,車,Bộ Xa,record-radical,19
辆,liàng,chiếc,resolved,車,Bộ Xa,record-radical,19
辈,bèi,cuộc đời; thế hệ,resolved,車,Bộ Xa,record-radical,19
辉,huī,rực rỡ; chiếu sáng,not-resolved,,,not-resolved,0
辐,fú,nan hoa của bánh xe,resolved,車,Bộ Xa,record-radical,19
辑,jí,thu thập; sưu tầm,resolved,車,Bộ Xa,record-radical,19
输,shū,thua,resolved,車,Bộ Xa,record-radical,19
辕,yuán,cán xe; nghê môn,resolved,車,Bộ Xa,record-radical,19
辖,xiá,chốt giữ bánh xe (dùng để gắn bánh xe vào trục); (dạng kết hợp) quản lý; có thẩm quyền quản lý,resolved,車,Bộ Xa,record-radical,19
辙,chè,vết bánh xe (cách phát âm Đài Loan [che4]); (thông tục) hướng đi,not-resolved,,,not-resolved,0
辛,Xīn,họ [Xin1],resolved,辛,Bộ Tân,self-radical,5
辜,Gū,họ [Gu1],resolved,辛,Bộ Tân,record-radical,5
辞,cí,sa thải,not-resolved,,,not-resolved,0
辟,bì,(văn học) vua; quân vương; (văn học) (của quân vương) triệu hồi vào phục vụ chính thức,resolved,口,Bộ Khẩu,record-radical,24
辣,là,cay,resolved,辛,Bộ Tân,record-radical,5
辨,biàn,phân biệt; nhận ra,not-resolved,,,not-resolved,0
辩,biàn,tranh luận,resolved,言,Bộ Ngôn,record-radical,24
辫,biàn,bím tóc; tết tóc,resolved,糸,Bộ Mịch,record-radical,24
辰,chén,"chi thứ 5: 7-9 giờ sáng, tháng 3 âm lịch (5 tháng 4 - 4 tháng 5), năm Thìn; hướng la bàn cổ Trung Quốc: 120°",resolved,辰,"Bộ Thần, Thìn",self-radical,1
辱,rǔ,nhục; ô nhục,not-resolved,,,not-resolved,0
辵,chuò,"Đi, di chuyển, con đường.",resolved,辵,Bộ Sước,self-radical,24
辶,chuò,"Đi, di chuyển, con đường.",resolved,辵,Bộ Sước,radical-variant,24
边,biān,bên,resolved,辵,Bộ Sước,record-radical,24
辽,Liáo,tên gọi tắt của tỉnh Liêu Ninh 辽宁|遼寧[Liao2 ning2]; triều đại Liêu hoặc Khiết Đan (916-1125),resolved,辵,Bộ Sước,record-radical,24
达,Dá,họ [Da2],resolved,辵,Bộ Sước,record-radical,24
迁,qiān,chuyển động,resolved,辵,Bộ Sước,record-radical,24
迄,qì,cho đến nay; cho đến,resolved,辵,Bộ Sước,record-radical,24
迅,xùn,nhanh chóng; nhanh,not-resolved,,,not-resolved,0
过,guò,đã qua,resolved,辵,Bộ Sước,record-radical,24
迈,mài,bước,not-resolved,,,not-resolved,0
迎,yíng,gặp gỡ,resolved,辵,Bộ Sước,record-radical,24
运,yùn,vận chuyển,resolved,辵,Bộ Sước,record-radical,24
近,jìn,gần,resolved,辵,Bộ Sước,record-radical,24
返,fǎn,trở về,not-resolved,,,not-resolved,0
还,hái,"vẫn, thêm nữa",resolved,辵,Bộ Sước,record-radical,24
这,zhè,điều này,resolved,辵,Bộ Sước,record-radical,24
进,jìn,vào,resolved,辵,Bộ Sước,record-radical,24
远,yuǎn,xa,resolved,辵,Bộ Sước,record-radical,24
违,wéi,không tuân theo; vi phạm,resolved,辵,Bộ Sước,record-radical,24
连,lián,thậm chí,resolved,車,Bộ Xa,record-radical,19
迟,Chí,họ [Chi2],resolved,辵,Bộ Sước,record-radical,24
迪,dí,khai sáng,resolved,辵,Bộ Sước,record-radical,24
迫,pò,biến thể của 迫[po4]; ngược đãi,resolved,辵,Bộ Sước,record-radical,24
迭,dié,luân phiên; lặp đi lặp lại,resolved,辵,Bộ Sước,record-radical,24
述,shù,(hình thức kết hợp) trình bày; kể,resolved,辵,Bộ Sước,record-radical,24
迷,mí,bối rối; bị bối rối,resolved,辵,Bộ Sước,record-radical,24
迹,jì,dấu chân; vết,resolved,辵,Bộ Sước,record-radical,24
追,zhuī,theo đuổi,resolved,辵,Bộ Sước,record-radical,24
退,tuì,rút lui,resolved,辵,Bộ Sước,record-radical,24
送,sòng,tặng,resolved,辵,Bộ Sước,record-radical,24
适,kuò,xem 李适[Li3 Kuo4],resolved,辵,Bộ Sước,record-radical,24
逃,táo,chạy trốn,resolved,辵,Bộ Sước,record-radical,24
逆,nì,ngược,not-resolved,,,not-resolved,0
选,xuǎn,chọn,resolved,辵,Bộ Sước,record-radical,24
逊,xùn,thoái vị; khiêm tốn,resolved,辵,Bộ Sước,record-radical,24
透,tòu,(hình thức kết hợp) thâm nhập; thấm qua; nói bí mật; rò rỉ,resolved,辵,Bộ Sước,record-radical,24
逐,zhú,(hình thức kết hợp) theo đuổi; đuổi đi,resolved,辵,Bộ Sước,record-radical,24
递,dì,bàn giao,resolved,辵,Bộ Sước,record-radical,24
途,tú,con đường (nghĩa đen và nghĩa bóng),resolved,辵,Bộ Sước,record-radical,24
逗,dòu,vui nhộn,resolved,辵,Bộ Sước,record-radical,24
通,tōng,thông qua,resolved,辵,Bộ Sước,record-radical,24
逛,guàng,dạo quanh,resolved,辵,Bộ Sước,record-radical,24
逝,shì,(nước chảy hoặc thời gian) trôi qua; qua đời; chết,resolved,辵,Bộ Sước,record-radical,24
逞,chěng,phô trương; khoe khoang,resolved,辵,Bộ Sước,record-radical,24
速,sù,nhanh; tốc độ,resolved,辵,Bộ Sước,record-radical,24
造,zào,xây dựng,resolved,辵,Bộ Sước,record-radical,24
逡,qūn,lùi lại (khỏi điều gì đó),resolved,辵,Bộ Sước,record-radical,24
逢,féng,gặp,resolved,辵,Bộ Sước,record-radical,24
逮,dài,bắt giữ,resolved,辵,Bộ Sước,record-radical,24
逸,yì,trốn thoát; nhàn nhã,not-resolved,,,not-resolved,0
逻,luó,tuần tra,resolved,辵,Bộ Sước,record-radical,24
逼,bī,cưỡng ép,resolved,辵,Bộ Sước,record-radical,24
逾,yú,biến thể của 逾[yu2],resolved,辵,Bộ Sước,record-radical,24
遂,suì,"Rồi, bèn, thế là; thuận lợi, đạt được",resolved,辵,Bộ Sước,record-radical,24
遇,yù,gặp gỡ; sự gặp gỡ,resolved,辵,Bộ Sước,record-radical,24
遍,biàn,lần,resolved,辵,Bộ Sước,record-radical,24
遏,è,kiềm chế; ngăn chặn,resolved,辵,Bộ Sước,record-radical,24
遐,xiá,xa xôi; lâu dài,resolved,辵,Bộ Sước,record-radical,24
道,dào,loại (dùng để đếm tòa nhà hoặc câu hỏi),resolved,辵,Bộ Sước,record-radical,24
遗,yí,(hình thức bị giới hạn) để lại,resolved,辵,Bộ Sước,record-radical,24
遛,liù,dạo chơi,resolved,辵,Bộ Sước,record-radical,24
遣,qiǎn,(hình thức kết hợp) phái đi; gửi đi; (hình thức kết hợp) xua đuổi; giải tỏa,resolved,辵,Bộ Sước,record-radical,24
遥,yáo,(hình thức kết hợp) xa xôi; hẻo lánh,resolved,辵,Bộ Sước,record-radical,24
遭,zāo,"gặp tình cờ (thường là điều không may); lượng từ cho sự kiện: lần, lượt, sự cố",resolved,辵,Bộ Sước,record-radical,24
遮,zhē,che,resolved,辵,Bộ Sước,record-radical,24
遵,zūn,tuân theo; nghe lời,not-resolved,,,not-resolved,0
避,bì,tránh,resolved,辵,Bộ Sước,record-radical,24
邀,yāo,mời,resolved,辵,Bộ Sước,record-radical,24
邃,suì,sâu; xa xăm,resolved,穴,Bộ Huyệt,record-radical,16
邑,yì,"Vùng đất, thành ấp, địa danh.",resolved,邑,Bộ Ấp,self-radical,1
那,nà,đó,not-resolved,,,not-resolved,0
邦,bāng,(hình thức kết hợp) quốc gia; dân tộc,not-resolved,,,not-resolved,0
邪,xié,ác,not-resolved,,,not-resolved,0
邮,yóu,bưu điện; bưu phẩm,not-resolved,,,not-resolved,0
邻,lín,hàng xóm; gần kề,not-resolved,,,not-resolved,0
郁,yù,biến thể của 鬱|郁[yu4],not-resolved,,,not-resolved,0
郊,Jiāo,họ [Jiao1],not-resolved,,,not-resolved,0
郎,Láng,họ [Lang2],not-resolved,,,not-resolved,0
郑,Zhèng,nước Trịnh thời Chiến Quốc; họ [Zheng4],not-resolved,,,not-resolved,0
部,bù,quyển,not-resolved,,,not-resolved,0
都,dōu,tất cả,not-resolved,,,not-resolved,0
鄙,bǐ,quê mùa; thấp hèn,not-resolved,,,not-resolved,0
酉,yǒu,Rượu,resolved,酉,Bộ Dậu,self-radical,13
酌,zhuó,rót rượu; uống rượu,resolved,酉,Bộ Dậu,record-radical,13
配,pèi,phù hợp,resolved,酉,Bộ Dậu,record-radical,13
酒,jiǔ,rượu,resolved,水,Bộ Thủy,record-radical,24
酗,xù,say rượu,not-resolved,,,not-resolved,0
酝,yùn,ủ,resolved,酉,Bộ Dậu,record-radical,13
酣,hān,say sưa,resolved,酉,Bộ Dậu,record-radical,13
酥,sū,bơ,resolved,禾,Bộ Hòa,record-radical,24
酬,chóu,biến thể cũ của 酬[chou2],resolved,酉,Bộ Dậu,record-radical,13
酱,jiàng,nước sốt,resolved,酉,Bộ Dậu,record-radical,13
酵,jiào,men; chất gây nở; quá trình lên men,resolved,酉,Bộ Dậu,record-radical,13
酷,kù,ngầu,resolved,酉,Bộ Dậu,record-radical,13
酸,suān,chua,not-resolved,,,not-resolved,0
酿,niàng,lên men; nấu rượu,resolved,酉,Bộ Dậu,record-radical,13
醇,chún,cồn; rượu có nồng độ cồn cao,not-resolved,,,not-resolved,0
醉,zuì,say rượu,resolved,酉,Bộ Dậu,record-radical,13
醋,cù,giấm,not-resolved,,,not-resolved,0
醒,xǐng,tỉnh giấc,resolved,酉,Bộ Dậu,record-radical,13
釆,biàn,"Phân biệt rõ, biện biệt",resolved,釆,Bộ Biện,self-radical,1
采,cǎi,thu hái,resolved,爪,Bộ Trảo,record-radical,3
释,shì,giải thích; phóng thích,resolved,釆,Bộ Biện,record-radical,1
里,lǐ,trong,resolved,里,Bộ Lí,self-radical,1
重,zhòng,nặng,resolved,人,Bộ Nhân,record-radical,24
野,yě,hoang dã,resolved,田,Bộ Điền,record-radical,10
量,liàng,dung lượng,resolved,里,Bộ Lí,record-radical,1
金,jīn,kim loại; vàng,resolved,金,Bộ Kim,self-radical,24
鉴,jiàn,biến thể của 鑑|鉴[jian4],resolved,金,Bộ Kim,record-radical,24
钅,jīn,"Kim loại, vàng, vật bằng kim loại.",resolved,金,Bộ Kim,radical-variant,24
针,zhēn,kim,resolved,金,Bộ Kim,record-radical,24
钉,dìng,đóng đinh,resolved,金,Bộ Kim,record-radical,24
钓,diào,câu cá,not-resolved,,,not-resolved,0
钙,gài,canxi,resolved,金,Bộ Kim,record-radical,24
钝,dùn,cùn; ngốc,resolved,金,Bộ Kim,record-radical,24
钞,chāo,tiền; tiền giấy,resolved,金,Bộ Kim,record-radical,24
钟,zhōng,đồng hồ,resolved,金,Bộ Kim,record-radical,24
钢,gāng,thép,resolved,金,Bộ Kim,record-radical,24
钥,yuè,chìa khóa; cũng đọc là [yao4],resolved,金,Bộ Kim,record-radical,24
钦,Qīn,họ [Qin1],resolved,金,Bộ Kim,record-radical,24
钧,jūn,30 cân; lớn,resolved,金,Bộ Kim,record-radical,24
钩,gōu,"móc, vướng vào",not-resolved,,,not-resolved,0
钮,Niǔ,họ [Niu3],resolved,金,Bộ Kim,record-radical,24
钱,qián,tiền,resolved,金,Bộ Kim,record-radical,24
钳,qián,kìm; khoá,resolved,金,Bộ Kim,record-radical,24
钵,bō,"Bát (của nhà sư, dùng để khất thực); chậu, bồn",resolved,金,Bộ Kim,record-radical,24
钻,zuān,"khoan, máy khoan",resolved,金,Bộ Kim,record-radical,24
铁,tiě,sắt,resolved,金,Bộ Kim,record-radical,24
铃,líng,chuông,resolved,金,Bộ Kim,record-radical,24
铅,qiān,chì,resolved,金,Bộ Kim,record-radical,24
铜,tóng,đồng,resolved,金,Bộ Kim,record-radical,24
铝,lǚ,nhôm,resolved,金,Bộ Kim,record-radical,24
铭,míng,khắc; châm ngôn được khắc,not-resolved,,,not-resolved,0
铲,chǎn,xẻng,resolved,金,Bộ Kim,record-radical,24
银,yín,bạc,resolved,金,Bộ Kim,record-radical,24
铸,zhù,đúc hoặc đổ khuôn kim loại,resolved,金,Bộ Kim,record-radical,24
铺,pū,trải ra,resolved,金,Bộ Kim,record-radical,24
链,liàn,"dây xích; sợi cáp (đơn vị đo chiều dài: 100 sải, khoảng 185 m)",not-resolved,,,not-resolved,0
铿,kēng,(từ tượng thanh) âm vang; tiếng kim loại leng keng,resolved,金,Bộ Kim,record-radical,24
销,xiāo,tiêu thụ,resolved,金,Bộ Kim,record-radical,24
锁,suǒ,khóa,resolved,金,Bộ Kim,record-radical,24
锅,guō,nồi,resolved,金,Bộ Kim,record-radical,24
锈,xiù,gỉ,resolved,金,Bộ Kim,record-radical,24
锋,fēng,mũi giáo; lưỡi dụng cụ,resolved,金,Bộ Kim,record-radical,24
锐,ruì,sắc bén,resolved,金,Bộ Kim,record-radical,24
错,cuò,sai,resolved,金,Bộ Kim,record-radical,24
锡,xī,thiếc,resolved,金,Bộ Kim,record-radical,24
锤,chuí,búa,resolved,金,Bộ Kim,record-radical,24
锦,jǐn,gấm; công việc thêu,not-resolved,,,not-resolved,0
键,jiàn,nút,resolved,金,Bộ Kim,record-radical,24
锯,jù,cưa,resolved,金,Bộ Kim,record-radical,24
锵,qiāng,tiếng leng keng của chuông nhỏ,resolved,金,Bộ Kim,record-radical,24
锻,duàn,rèn luyện; rèn dũa,resolved,金,Bộ Kim,record-radical,24
镂,lòu,khắc; chạm,resolved,金,Bộ Kim,record-radical,24
镇,zhèn,thị trấn,resolved,金,Bộ Kim,record-radical,24
镑,bàng,bảng Anh (từ mượn),resolved,金,Bộ Kim,record-radical,24
镜,jìng,gương; ống kính,resolved,金,Bộ Kim,record-radical,24
镰,lián,biến thể cũ của 鐮|镰[lian2],resolved,金,Bộ Kim,record-radical,24
镶,xiāng,khảm,resolved,金,Bộ Kim,record-radical,24
長,,"Dài, so hai đầu với nhau, bên nào thừa hơn gọi là ""trường""",resolved,長,Bộ 長,self-radical,0
长,cháng,dài; chiều dài,not-resolved,,,not-resolved,0
門,mén,cửa hai cánh.,resolved,門,Bộ Môn,self-radical,15
门,mén,"cửa, cổng, lối vào",resolved,門,Bộ Môn,radical-variant,15
闪,shǎn,lóe sáng,resolved,門,Bộ Môn,record-radical,15
闭,bì,đóng,resolved,門,Bộ Môn,record-radical,15
问,wèn,hỏi,resolved,口,Bộ Khẩu,record-radical,24
闯,chuǎng,xông vào,not-resolved,,,not-resolved,0
闲,xián,rảnh rỗi,not-resolved,,,not-resolved,0
间,jiān,phòng,resolved,門,Bộ Môn,record-radical,15
闷,mèn,"chán nản, buồn bã",resolved,心,Bộ Tâm,record-radical,24
闸,zhá,phanh,resolved,門,Bộ Môn,record-radical,15
闹,nào,nói đùa,not-resolved,,,not-resolved,0
闺,guī,cửa vòm nhỏ; phòng khuê; phòng của phụ nữ,resolved,門,Bộ Môn,record-radical,15
闻,wén,ngửi,resolved,耳,Bộ Nhĩ,record-radical,11
阀,fá,"cá nhân, gia đình hoặc nhóm quyền lực; phe phái",resolved,門,Bộ Môn,record-radical,15
阁,gé,đình các (thường hai tầng); nội các (chính trị),resolved,門,Bộ Môn,record-radical,15
阂,hé,cản trở,resolved,門,Bộ Môn,record-radical,15
阅,yuè,kiểm tra; xem xét,resolved,門,Bộ Môn,record-radical,15
阎,Yán,họ [Yan2] (đôi khi viết 閆|闫[Yan2] trong những năm gần đây),resolved,門,Bộ Môn,record-radical,15
阐,chǎn,diễn đạt; tiết lộ,resolved,門,Bộ Môn,record-radical,15
阔,kuò,giàu có,resolved,門,Bộ Môn,record-radical,15
阜,fù,dồi dào; gò đất,resolved,阜,Bộ Phụ,self-radical,0
阝,yì,"Vùng đất, thành ấp, địa danh.",not-resolved,,,not-resolved,0
队,duì,"đội, nhóm",not-resolved,,,not-resolved,0
阱,jǐng,biến thể của 阱[jing3],not-resolved,,,not-resolved,0
防,fáng,phòng thủ,not-resolved,,,not-resolved,0
阳,yáng,dương (điện); mặt trời,not-resolved,,,not-resolved,0
阴,yīn,u ám,not-resolved,,,not-resolved,0
阵,zhèn,một khoảng thời gian ngắn,not-resolved,,,not-resolved,0
阶,jiē,biến thể của 階|阶[jie1],not-resolved,,,not-resolved,0
阻,zǔ,cản trở; chặn,not-resolved,,,not-resolved,0
阿,A,viết tắt của Afghanistan 阿富汗[A1 fu4 han4],not-resolved,,,not-resolved,0
附,fù,"gắn, đính kèm",not-resolved,,,not-resolved,0
际,jì,biên giới; rìa,not-resolved,,,not-resolved,0
陆,Lù,họ [Lu4],not-resolved,,,not-resolved,0
陈,Chén,"họ [Chen2]; Trần (khoảng 1045 - 479 TCN), một nước thời nhà Chu",not-resolved,,,not-resolved,0
陋,lòu,thấp; khiêm tốn,not-resolved,,,not-resolved,0
陌,mò,đường nâng cao; con đường,not-resolved,,,not-resolved,0
降,jiàng,giảm,not-resolved,,,not-resolved,0
限,xiàn,giới hạn,not-resolved,,,not-resolved,0
陡,dǒu,đột ngột,not-resolved,,,not-resolved,0
院,yuàn,viện,not-resolved,,,not-resolved,0
除,chú,loại bỏ,not-resolved,,,not-resolved,0
陨,yǔn,rơi; sao băng,not-resolved,,,not-resolved,0
险,xiǎn,nguy hiểm,not-resolved,,,not-resolved,0
陪,péi,đi cùng,not-resolved,,,not-resolved,0
陵,líng,gò; mộ,not-resolved,,,not-resolved,0
陶,Táo,họ [Tao2],not-resolved,,,not-resolved,0
陷,xiàn,chìm xuống,not-resolved,,,not-resolved,0
隆,Lóng,"họ [Long2]; viết tắt của 吉隆坡[Ji2long2po1], Kuala Lumpur",not-resolved,,,not-resolved,0
随,Suí,họ [Sui2],resolved,辵,Bộ Sước,record-radical,24
隐,yǐn,(hình thức ghép) bí mật; ẩn,not-resolved,,,not-resolved,0
隔,gé,ngăn cách,not-resolved,,,not-resolved,0
隘,ài,đèo; chỗ hẹp,not-resolved,,,not-resolved,0
隙,xì,vết nứt; khe hở,not-resolved,,,not-resolved,0
障,zhàng,chặn; cản trở,not-resolved,,,not-resolved,0
隧,suì,đường hầm; lối đi ngầm,not-resolved,,,not-resolved,0
隶,lì,biến thể của 隸|隶[li4],resolved,隶,"Bộ Lệ, Đãi",self-radical,0
隹,zhuì,chim đuôi ngắn,resolved,隹,Bộ Chuy,self-radical,8
难,nán,khó,resolved,隹,Bộ Chuy,record-radical,8
雀,qiāo,vết tàn nhang; nám da,not-resolved,,,not-resolved,0
雁,yàn,ngỗng trời,resolved,隹,Bộ Chuy,record-radical,8
雄,xióng,đực; thuộc giống đực,resolved,隹,Bộ Chuy,record-radical,8
雅,yǎ,tao nhã,resolved,隹,Bộ Chuy,record-radical,8
集,jí,tập,resolved,隹,Bộ Chuy,record-radical,8
雇,gù,thuê,resolved,隹,Bộ Chuy,record-radical,8
雌,cí,giống cái; Phát âm Đài Loan [ci1],resolved,隹,Bộ Chuy,record-radical,8
雕,diāo,khắc,resolved,隹,Bộ Chuy,record-radical,8
雨,yǔ,mưa,resolved,雨,Bộ Vũ,self-radical,11
雪,xuě,tuyết,resolved,雨,Bộ Vũ,record-radical,11
零,líng,không,resolved,雨,Bộ Vũ,record-radical,11
雷,léi,sấm sét,resolved,雨,Bộ Vũ,record-radical,11
雾,wù,sương mù,resolved,雨,Bộ Vũ,record-radical,11
需,xū,nhu cầu,resolved,雨,Bộ Vũ,record-radical,11
震,zhèn,rung chuyển,resolved,雨,Bộ Vũ,record-radical,11
霉,méi,mốc; mốc meo,resolved,雨,Bộ Vũ,record-radical,11
霍,Huò,họ [Huo4],not-resolved,,,not-resolved,0
霓,ní,ve sầu Nhật Bản; biến thể cũ của 霓[ni2],not-resolved,,,not-resolved,0
霜,shuāng,sương giá,resolved,雨,Bộ Vũ,record-radical,11
霞,xiá,ráng mây,resolved,雨,Bộ Vũ,record-radical,11
露,lù,sương,resolved,雨,Bộ Vũ,record-radical,11
霸,bà,biến thể của 霸[ba4],resolved,雨,Bộ Vũ,record-radical,11
青,qīng,đen; xanh lục lam,resolved,青,Bộ Thanh,self-radical,1
静,jìng,yên tĩnh,resolved,青,Bộ Thanh,record-radical,1
非,fēi,không,resolved,非,Bộ Phi,self-radical,1
靠,kào,phụ thuộc vào,resolved,非,Bộ Phi,record-radical,1
面,miàn,một từ đo lường cho các bề mặt phẳng,resolved,面,Bộ Diện,self-radical,0
革,gé,da động vật; da thuộc,resolved,革,Bộ Cách,self-radical,5
靴,xuē,ủng,resolved,革,Bộ Cách,record-radical,5
靶,bǎ,mục tiêu; dấu,resolved,革,Bộ Cách,record-radical,5
鞋,xié,giày,resolved,革,Bộ Cách,record-radical,5
鞠,Jū,họ [Ju1],resolved,革,Bộ Cách,record-radical,5
鞭,biān,roi hoặc dây da; đánh bằng roi,resolved,革,Bộ Cách,record-radical,5
韋,,Da đã thuộc mềm nhũn,resolved,韋,Bộ Vi,self-radical,0
韧,rèn,biến thể của 韌|韧[ren4],not-resolved,,,not-resolved,0
韭,jiǔ,"Rau hẹ, là một thứ rau thơm mà cay, lá nhỏ mà dẹp",resolved,韭,Bộ Cửu,self-radical,0
音,yīn,âm thanh; tiếng,resolved,音,Bộ Âm,self-radical,1
韵,yùn,vần (của âm tiết) (ngữ âm học Trung Quốc); vần điệu,not-resolved,,,not-resolved,0
頁,yè,"đầu, trang giấy.",resolved,頁,Bộ Hiệt,self-radical,18
页,yè,trang,resolved,頁,Bộ Hiệt,radical-variant,18
顶,dǐng,chiếc,resolved,頁,Bộ Hiệt,record-radical,18
顷,qǐng,"lát nữa, chốc lát; đơn vị diện tích (khoảng 6.666,7 mét vuông)",not-resolved,,,not-resolved,0
项,xiàng,danh mục,resolved,頁,Bộ Hiệt,record-radical,18
顺,shùn,dọc theo,resolved,頁,Bộ Hiệt,record-radical,18
须,xū,râu,resolved,彡,Bộ Sam,record-radical,7
顽,wán,nghịch ngợm; bướng bỉnh,resolved,頁,Bộ Hiệt,record-radical,18
顾,gù,chăm sóc,resolved,頁,Bộ Hiệt,record-radical,18
顿,dùn,một bữa,resolved,頁,Bộ Hiệt,record-radical,18
颁,bān,ban hành; gửi đi,not-resolved,,,not-resolved,0
颂,sòng,thơ ca tụng; điếu văn,resolved,頁,Bộ Hiệt,record-radical,18
预,yù,ứng trước; trước,resolved,頁,Bộ Hiệt,record-radical,18
领,lǐng,cổ,resolved,頁,Bộ Hiệt,record-radical,18
颇,pō,"khá, đáng kể",resolved,頁,Bộ Hiệt,record-radical,18
颈,jǐng,dùng trong 脖頸兒|脖颈儿[bo2 geng3 r5],resolved,頁,Bộ Hiệt,record-radical,18
颊,jiá,má,not-resolved,,,not-resolved,0
颐,yí,(văn học) cằm; hàm; (văn học) nuôi dưỡng; bảo vệ,resolved,頁,Bộ Hiệt,record-radical,18
频,pín,tần suất; thường xuyên,not-resolved,,,not-resolved,0
颓,tuí,biến thể của 頹|颓[tui2],not-resolved,,,not-resolved,0
颖,Yǐng,đầu hạt; vỏ,resolved,禾,Bộ Hòa,record-radical,24
颗,kē,hạt,not-resolved,,,not-resolved,0
题,tí,đề bài,resolved,頁,Bộ Hiệt,record-radical,18
颜,Yán,họ [Yan2],resolved,頁,Bộ Hiệt,record-radical,18
额,é,trán; hạn mức,resolved,頁,Bộ Hiệt,record-radical,18
颠,diān,đỉnh (đầu); đỉnh điểm,resolved,頁,Bộ Hiệt,record-radical,18
颤,chàn,run rẩy; rùng mình,resolved,頁,Bộ Hiệt,record-radical,18
風,,"Gió, không khí động mạnh thành ra gió",resolved,風,Bộ Phong,self-radical,0
风,fēng,gió,not-resolved,,,not-resolved,0
飘,piāo,bay lượn trong không khí,not-resolved,,,not-resolved,0
飙,biāo,gió lốc; gió dữ dội,not-resolved,,,not-resolved,0
飛,,Bay,resolved,飛,Bộ Phi,self-radical,0
飞,fēi,bay,not-resolved,,,not-resolved,0
食,shí,ăn; thức ăn,resolved,食,Bộ Thực,self-radical,20
飠,shí,"Ăn uống, thức ăn.",resolved,食,Bộ Thực,radical-variant,20
餐,cān,bữa ăn,resolved,食,Bộ Thực,record-radical,20
饣,shí,"Ăn uống, thức ăn.",resolved,食,Bộ Thực,radical-variant,20
饥,jī,(dạng kết hợp) đói,resolved,食,Bộ Thực,record-radical,20
饨,tún,dùng trong 餛飩|馄饨[hun2 tun5]; phiên âm Đài Loan [dun4],resolved,食,Bộ Thực,record-radical,20
饪,rèn,thức ăn đã nấu; chế biến (đến khi chín),resolved,食,Bộ Thực,record-radical,20
饭,fàn,bữa ăn,resolved,食,Bộ Thực,record-radical,20
饮,yǐn,biến thể cũ của 飲|饮[yin3],resolved,食,Bộ Thực,record-radical,20
饰,shì,trang trí; trang hoàng,resolved,巾,Bộ Cân,record-radical,14
饱,bǎo,no,resolved,食,Bộ Thực,record-radical,20
饲,sì,biến thể cũ của 飼|饲[si4],resolved,食,Bộ Thực,record-radical,20
饵,ěr,bánh ngọt; thức ăn,resolved,食,Bộ Thực,record-radical,20
饶,ráo,tha thứ,resolved,食,Bộ Thực,record-radical,20
饺,jiǎo,sủi cảo nhân thịt,resolved,食,Bộ Thực,record-radical,20
饼,bǐng,bánh tròn dẹt,resolved,食,Bộ Thực,record-radical,20
饿,è,đói,resolved,食,Bộ Thực,record-radical,20
馁,něi,(dạng kết hợp) đói; chết đói; (dạng kết hợp) chán nản,resolved,食,Bộ Thực,record-radical,20
馄,hún,dùng trong 餛飩|馄饨[hun2 tun5],resolved,食,Bộ Thực,record-radical,20
馅,xiàn,nhân; thịt xay,not-resolved,,,not-resolved,0
馆,guǎn,nhà hát,resolved,食,Bộ Thực,record-radical,20
馈,kuì,dâng lễ cho thần linh; biến thể của 饋|馈[kui4],not-resolved,,,not-resolved,0
馋,chán,háu ăn,resolved,食,Bộ Thực,record-radical,20
馒,mán,dùng trong 饅頭|馒头[man2 tou5],resolved,食,Bộ Thực,record-radical,20
首,shǒu,đoạn,resolved,首,Bộ Thủ,self-radical,1
香,xiāng,thơm,resolved,香,Bộ Hương,self-radical,1
馨,xīn,thơm ngát,resolved,香,Bộ Hương,record-radical,1
馬,mǎ,"Ngựa, cưỡi, chạy nhanh.",resolved,馬,Bộ Mã,self-radical,20
马,mǎ,ngựa,resolved,馬,Bộ Mã,radical-variant,20
驭,yù,biến thể của 御[yu4]; lái,resolved,馬,Bộ Mã,record-radical,20
驮,tuó,cõng,resolved,馬,Bộ Mã,record-radical,20
驯,xùn,thuần hóa,resolved,馬,Bộ Mã,record-radical,20
驰,chí,chạy nhanh; phóng nước đại,resolved,馬,Bộ Mã,record-radical,20
驱,qū,biến thể của 驅|驱[qu1],resolved,馬,Bộ Mã,record-radical,20
驳,bó,loang lổ; không đồng nhất,resolved,馬,Bộ Mã,record-radical,20
驶,shǐ,"(phương tiện, ngựa,...) đi nhanh; lao nhanh; (phương tiện) chạy; di chuyển",resolved,馬,Bộ Mã,record-radical,20
驻,zhù,dừng lại,resolved,馬,Bộ Mã,record-radical,20
驼,tuó,gù hoặc lưng gù; lạc đà,resolved,馬,Bộ Mã,record-radical,20
驾,jià,lái,resolved,馬,Bộ Mã,record-radical,20
骂,mà,chửi bới,resolved,口,Bộ Khẩu,record-radical,24
骄,jiāo,tự hào; kiêu ngạo,not-resolved,,,not-resolved,0
骆,Luò,họ [Luo4],resolved,馬,Bộ Mã,record-radical,20
骇,hài,kinh ngạc; giật mình,resolved,馬,Bộ Mã,record-radical,20
验,yàn,"kiểm tra, khảo sát",resolved,馬,Bộ Mã,record-radical,20
骏,jùn,ngựa linh hoạt,resolved,馬,Bộ Mã,record-radical,20
骑,qí,cưỡi,resolved,馬,Bộ Mã,record-radical,20
骗,piàn,lừa,resolved,馬,Bộ Mã,record-radical,20
骚,sāo,(hình thức ràng buộc) quấy rầy; làm gián đoạn; ve vãn; lẳng lơ,not-resolved,,,not-resolved,0
骤,zhòu,"Đột ngột, bất ngờ; nhanh chóng, gấp gáp",resolved,馬,Bộ Mã,record-radical,20
骨,gǔ,xương,resolved,骨,Bộ Cốt,self-radical,1
髓,suǐ,tuỷ; tinh hoa,resolved,骨,Bộ Cốt,record-radical,1
高,gāo,cao,resolved,高,Bộ Cao,self-radical,0
髟,biāo,Tóc dài lượt thượt,resolved,髟,Bộ Tiêu,self-radical,1
髦,máo,tóc mái; hợp thời,resolved,髟,Bộ Tiêu,record-radical,1
鬥,,"Cùng nghĩa với chữ ""đấu"" 鬬 giống như hình kẻ chiến sĩ đối nhau mà đồ binh để đằng sau",resolved,鬥,Bộ Đấu,self-radical,0
鬯,chàng,Rượu nếp,resolved,鬯,Bộ Sưởng,self-radical,0
鬲,gé,Tên một nước ngày xưa,resolved,鬲,Bộ Cách,self-radical,1
鬼,guǐ,linh hồn; ma; quỷ; (hậu tố) người có tật xấu hoặc nghiện ngập gì đó,resolved,鬼,Bộ Quỷ,self-radical,4
魁,kuí,đứng đầu; người đứng đầu,not-resolved,,,not-resolved,0
魂,hún,linh hồn,resolved,鬼,Bộ Quỷ,record-radical,4
魄,pò,linh hồn; hồn phách (tức là gắn liền với cơ thể),resolved,鬼,Bộ Quỷ,record-radical,4
魅,mèi,yêu ma; phép thuật,not-resolved,,,not-resolved,0
魔,mó,(hình vị hạn chế) tà ma; quỷ; (tiền tố) siêu nhiên; ma thuật,resolved,鬼,Bộ Quỷ,record-radical,4
魚,yú,con cá.,resolved,魚,Bộ Ngư,self-radical,6
鱼,yú,cá,resolved,魚,Bộ Ngư,radical-variant,6
鲁,Lǔ,"họ [Lu3]; Lỗ, một nước cổ đại của Trung Quốc 魯國|鲁国[Lu3guo2]",resolved,甘,Bộ Cam,record-radical,3
鲇,nián,cá trê (Parasilurus asotus); cá trê phương Đông,resolved,魚,Bộ Ngư,record-radical,6
鲜,xiān,ngon,resolved,魚,Bộ Ngư,record-radical,6
鲤,lǐ,cá chép,resolved,魚,Bộ Ngư,record-radical,6
鲨,shā,cá mập,resolved,魚,Bộ Ngư,record-radical,6
鳄,è,biến thể của 鱷|鳄[e4],resolved,魚,Bộ Ngư,record-radical,6
鳥,niǎo,con chim.,resolved,鳥,Bộ Điểu,self-radical,11
鸟,niǎo,chim,resolved,鳥,Bộ Điểu,radical-variant,11
鸡,jī,gà,resolved,鳥,Bộ Điểu,record-radical,11
鸣,míng,"kêu (chim, côn trùng), hót; reo (chuông), vang (tiếng súng)",not-resolved,,,not-resolved,0
鸥,ōu,mòng biển thường,resolved,鳥,Bộ Điểu,record-radical,11
鸦,yā,quạ,resolved,鳥,Bộ Điểu,record-radical,11
鸭,yā,vịt (LT:隻|只[zhi1]); (tiếng lóng) trai mại dâm,resolved,鳥,Bộ Điểu,record-radical,11
鸽,gē,chim bồ câu; bồ câu,resolved,鳥,Bộ Điểu,record-radical,11
鸿,hóng,ngỗng trời miền đông; vĩ đại,resolved,鳥,Bộ Điểu,record-radical,11
鹅,é,ngỗng,resolved,鳥,Bộ Điểu,record-radical,11
鹏,Péng,"Bằng, chim lớn trong truyền thuyết; chim phượng hoàng",resolved,鳥,Bộ Điểu,record-radical,11
鹤,hè,chim hạc,resolved,鳥,Bộ Điểu,record-radical,11
鹰,yīng,đại bàng,resolved,鳥,Bộ Điểu,record-radical,11
鹵,,Ðất mặn,resolved,鹵,Bộ Lỗ,self-radical,0
鹿,lù,hươu,resolved,鹿,Bộ Lộc,self-radical,0
麥,,"Lúa tẻ.Thông thường chia ra hai thứ (1) tiểu mạch 小麥 hột không có tua, nhiều phấn, hột dùng để làm miến, làm bánh, làm tương, (2) đại mạch 大麥 hột có tua dài, chuyên để thổi cơm ăn, thân nó dùng để đan mũ",resolved,麥,Bộ Mạch,self-radical,1
麦,Mài,họ [Mai4],not-resolved,,,not-resolved,0
麻,má,tê,resolved,麻,Bộ Ma,self-radical,0
黃,huáng,"Sắc vàng, sắc ngũ cốc chín",resolved,黃,Bộ Hoàng,self-radical,0
黄,huáng,vàng,not-resolved,,,not-resolved,0
黍,shǔ,"Lúa, lúa mùa",resolved,黍,Bộ Thử,self-radical,1
黎,Lí,nhóm dân tộc Li ở tỉnh Hải Nam; họ [Li2],not-resolved,,,not-resolved,0
黏,nián,dính,resolved,黍,Bộ Thử,record-radical,1
黑,hēi,đen,resolved,黑,Bộ Hắc,self-radical,1
默,mò,im lặng; viết từ trí nhớ,not-resolved,,,not-resolved,0
黯,àn,(dạng kết hợp) tối; xỉn (màu),resolved,黑,Bộ Hắc,record-radical,1
黹,zhǐ,May áo (cái áo dùng kim chỉ may nên),resolved,黹,Bộ Chỉ,self-radical,0
黽,,"Con chẫu, con ếch",resolved,黽,Bộ Mẫn,self-radical,0
鼎,dǐng,vạc nấu cổ có hai quai và ba hoặc bốn chân; nồi (phương ngữ),resolved,鼎,Bộ Đỉnh,self-radical,2
鼓,gǔ,trống,resolved,鼓,Bộ Cổ,self-radical,0
鼠,shǔ,chuột,resolved,鼠,Bộ Thử,self-radical,0
鼻,bí,mũi,resolved,鼻,Bộ Tị,self-radical,0
齊,,"Chỉnh tề, không có so le lẫn lộn gọi là tề",resolved,齊,Bộ Tề,self-radical,0
齐,qí,gọn gàng,not-resolved,,,not-resolved,0
齒,,Răng,resolved,齒,Bộ Xỉ,self-radical,0
齿,chǐ,răng; LT:顆|颗[ke1],resolved,止,Bộ Chỉ,record-radical,8
龄,líng,"tuổi; thâm niên, thời gian tham gia, thành viên, v.v.",not-resolved,,,not-resolved,0
龍,,Con rồng,resolved,龍,Bộ Long,self-radical,0
龙,lóng,rồng,not-resolved,,,not-resolved,0
龜,,Con rùa rùa,resolved,龜,Bộ Quy,self-radical,0
龟,guī,rùa,not-resolved,,,not-resolved,0
龠,yuè,"Cái dược, một thứ như cái sáo có ba lỗ",resolved,龠,Bộ Dược,self-radical,0
