target,relatedWord,pinyin,meaning,level
一,一下,yī xià,một lát,1
一,一些,yì xiē,một vài,1
一,一共,yī gòng,tổng cộng,1
一,一半,yī bàn,một nửa,1
一,一定,yī dìng,nhất định,1
一,一样,yī yàng,giống nhau,1
一,一直,yī zhí,thẳng,1
一,一般,yī bān,thông thường,1
一,一起,yī qǐ,cùng nhau,1
一,一边,yī biān,một bên,1
一,一下儿,yī xiàr,"một lúc, một lần",1
一,一会儿,yī huìr,"một lát, một chốc, một lúc",1
一,一点儿,yì diǎnr,"một chút, một ít",1
一,星期一,xīng qī yī,thứ Hai,1
一,一切,yī qiè,tất cả,2
一下,一下儿,yī xiàr,"một lúc, một lần",1
一下,一下子,yī xià zi,bất thình lình,2
一举,一举两得,yī jǔ liǎng dé,một mũi tên trúng hai đích,6
一举,一举一动,yī jǔ yī dòng,mỗi cử động,7
一代,下一代,xià yī dài,thế hệ tiếp theo,7
一会儿,不一会儿,bù yī huìr,trong chốc lát,2
一定,不一定,bù yī dìng,không nhất thiết,2
一心,一心一意,yī xīn yī yì,toàn tâm toàn ý,7
一手,第一手,dì yī shǒu,trực tiếp,7
一方面,另一方面,lìng yī fāng miàn,mặt khác,3
一样,一模一样,yī mú yī yàng,giống nhau,5
一概,一概而论,yī gài ér lùn,đánh đồng,7
一点儿,有一点儿,yǒu yī diǎnr,một chút,2
一线,第一线,dì yī xiàn,tiền tuyến,7
一般,一般来说,yī bān lái shuō,nói chung,4
一行,一言一行,yī yán yī xíng,mỗi lời nói và hành động,7
一路,一路平安,yī lù píng'ān,Thượng lộ bình an,2
一路,一路顺风,yī lù shùn fēng,thượng lộ bình an,2
一路,一路上,yī lù shàng,trên đường,6
一连,一连串,yī lián chuàn,chuỗi,7
丁,尼古丁,ní gǔ dīng,Nicotine,4
丁,沙丁鱼,shā dīng yú,cá mòi,5
七,七嘴八舌,qī zuǐ bā shé,nói như bắn liên thanh,7
七,乱七八糟,luàn qī bā zāo,lộn xộn,7
七,横七竖八,héng qī shù bā,bừa bộn,7
七,七荤八素,qī hūn bā sù,"rối tinh rối mù, lộn xộn",8
万,万幸,wàn xìng,"May mắn thay, may mắn tột cùng, thật may mắn.",2
万,千万,qiān wàn,nhất định,2
万,万一,wàn yī,trong trường hợp,4
万,万丈,wàn zhàng,"rất cao, rất sâu, vạn trượng",5
万,万分,wàn fēn,rất nhiều,6
万,万万,wàn wàn,tuyệt đối,7
万,万能,wàn néng,vạn năng,7
万,万古长青,wàn gǔ cháng qīng,mãi mãi tươi mới,7
万,万无一失,wàn wú yī shī,hoàn toàn an toàn,7
万,十万火急,shí wàn huǒ jí,"Khẩn cấp, cực kỳ khẩn cấp, vô cùng cấp bách",7
万,千军万马,qiān jūn wàn mǎ,hàng ngàn binh mã,7
万,千变万化,qiān biàn wàn huà,thay đổi vô tận,7
万,千家万户,qiān jiā wàn hù,mọi nhà,7
万,成千上万,chéng qiān shàng wàn,hàng ngàn,7
万,鹏程万里,péng chéng wàn lǐ,tương lai sáng lạn,7
丈,丈夫,zhàng fu,chồng,2
丈,万丈,wàn zhàng,"rất cao, rất sâu, vạn trượng",5
三,星期三,xīng qī sān,thứ Tư,1
三,三三两两,sān san liǎng liǎng,"Lác đác vài ba (người/vật), rải rác từng tốp nhỏ.",2
三,三昧,sān mèi,"Tam muội (tập trung tinh thần cao độ, chuyên tâm, chú tâm)",4
三,再三,zài sān,hết lần này đến lần khác,4
三,朝三暮四,zhāo sān mù sì,thay đổi thất thường,5
三,三明治,sān míng zhì,bánh mì kẹp,6
三,丢三落四,diū sān là sì,vô ý,6
三,三维,sān wéi,3D,7
三,三角,sān jiǎo,tam giác; tam giác,7
三,三番五次,sān fān wǔ cì,nhiều lần,7
三,举一反三,jǔ yī fǎn sān,suy ra nhiều điều từ một trường hợp,7
三,接二连三,jiē'èr lián sān,"liên tục, cái này sau cái kia",7
上,上午,shàng wǔ,buổi sáng,1
上,上学,shàng xué,đi học,1
上,上次,shàng cì,lần trước,1
上,上班,shàng bān,đi làm,1
上,上网,shàng wǎng,lướt web,1
上,上课,shàng kè,"đi học, dạy học",1
上,上车,shàng chē,lên xe,1
上,上边,shàng biān,bên trên,1
上,关上,guān shàng,đóng,1
上,地上,dì shàng,mặt đất,1
上,早上,zǎo shang,buổi sáng,1
上,晚上,wǎn shang,buổi tối,1
上,楼上,lóu shàng,tầng trên,1
上,网上,wǎng shàng,trực tuyến,1
上,考上,kǎo shàng,"Thi đỗ, đậu (kỳ thi)",1
上去,看上去,kàn shàng qu,trông giống,3
上流,上流社会,shàng liú shè huì,"giới thượng lưu, xã hội thượng lưu",8
下,一下,yī xià,một lát,1
下,下午,xià wǔ,buổi chiều,1
下,下次,xià cì,lần sau,1
下,下班,xià bān,tan làm,1
下,下课,xià kè,kết thúc lớp học,1
下,下车,xià chē,xuống xe,1
下,下边,xià biān,bên dưới,1
下,下雨,xià yǔ,mưa rơi,1
下,下面,xià miàn,bên dưới,1
下,坐下,zuò xià,ngồi xuống,1
下,收下,shōu xià,"nhận lấy, nhận cho",1
下,楼下,lóu xià,tầng dưới,1
下,零下,líng xià,dưới không,1
下,一下儿,yī xiàr,"một lúc, một lần",1
下,下去,xià qu,đi xuống,2
下来,接下来,jiē xià lái,tiếp theo,2
下水,地下水,dì xià shuǐ,nước ngầm,7
不,不停,bù tíng,không ngừng,1
不,不同,bù tóng,khác biệt,1
不,不大,bù dà,không lớn,1
不,不太,bù tài,không quá,1
不,不对,bù duì,sai,1
不,不用,bù yòng,không cần,1
不,不要,bù yào,không,1
不,不过,bù guò,nhưng,1
不,不错,bù cuò,khá tốt,1
不,不客气,bù kè qi,không có chi,1
不,不用谢,bú yòng xiè,không có gì (đáp lại lời cảm ơn),1
不,对不起,duì bu qǐ,tôi xin lỗi,1
不,差不多,chà bu duō,"gần như, hầu như",1
不,是不是,shì bu shì,có phải không?,1
不,不好意思,bù hǎo yì si,xấu hổ,1
不久,前不久,qián bù jiǔ,gần đây,7
不仅,不仅仅,bù jǐn jǐn,không chỉ,6
不同,不同寻常,bù tóng xún cháng,khác thường,7
不同,与众不同,yǔ zhòng bù tóng,khác biệt,7
不同,截然不同,jié rán bù tóng,hoàn toàn khác biệt,7
不同,有所不同,yǒu suǒ bù tóng,khác nhau ở một mức độ nào đó,7
不如,不如说,bù rú shuō,thà nói,7
不定,说不定,shuō bu dìng,có lẽ,4
不容,好不容易,hǎo bù róng yì,khó khăn lớn,6
不已,赞叹不已,zàn tàn bù yǐ,khen ngợi không ngừng,7
不怎么,不怎么样,bù zěn me yàng,bình thường,6
不懈,坚持不懈,jiān chí bù xiè,không ngừng,7
不断,源源不断,yuán yuán bù duàn,liên tục,7
不时,时不时,shí bù shí,thỉnh thoảng,7
不服,不服气,bù fú qì,không phục,7
不然,要不然,yào bu rán,nếu không thì,6
不理,爱理不理,ài lǐ bù lǐ,lạnh lùng và thờ ơ,7
不用,不用谢,bú yòng xiè,không có gì (đáp lại lời cảm ơn),1
不用,不用说,bù yòng shuō,khỏi phải nói,7
不知,不知不觉,bù zhī bù jué,một cách vô thức,7
不要,不要紧,bù yào jǐn,không sao,4
不见,不见得,bù jiàn de,"không chắc, không nhất thiết",5
不解,迷惑不解,mí huò bù jiě,bối rối,7
不足,微不足道,wēi bù zú dào,không đáng kể,6
不足,美中不足,měi zhōng bù zú,không hoàn hảo,7
与,与日俱增,yǔ rì jù zēng,tăng theo từng ngày,3
与,参与,cān yù,tham gia,4
与,与其,yǔ qí,thay vì,5
与,患难与共,huàn nàn yǔ gòng,cùng chung hoạn nạn,5
与,与否,yǔ fǒu,có hay không,7
与,与众不同,yǔ zhòng bù tóng,khác biệt,7
与,与时俱进,yǔ shí jù jìn,theo kịp thời đại,7
与,与此同时,yǔ cǐ tóng shí,đồng thời,7
丐,乞丐,qǐ gài,người ăn xin,6
丑,丑陋,chǒu lòu,xấu xí,5
丑,丑恶,chǒu'è,xấu xí,7
丑,丑闻,chǒu wén,scandal,7
丑,出丑,chū chǒu,bị bẽ mặt,7
丑,小丑,xiǎo chǒu,chú hề,7
专,专业,zhuān yè,chuyên nghiệp; chuyên môn,1
专,专门,zhuān mén,chuyên môn,2
专,专家,zhuān jiā,chuyên gia,3
专,专题,zhuān tí,chủ đề đặc biệt,3
专,专心,zhuān xīn,chuyên tâm,4
专,专注,zhuān zhù,chuyên tâm,5
专,专辑,zhuān jí,album,5
专,专利,zhuān lì,bằng sáng chế,6
专,专用,zhuān yòng,chuyên dùng,6
专,专程,zhuān chéng,cụ thể,6
专,专长,zhuān cháng,điểm mạnh,6
专,专人,zhuān rén,chuyên gia,7
专,专制,zhuān zhì,chuyên chế,7
专,专柜,zhuān guì,quầy chuyên dụng,7
专,专栏,zhuān lán,chuyên mục,7
且,而且,ér qiě,ngoài ra,2
且,并且,bìng qiě,"và, ngoài ra",3
且,姑且,gū qiě,tạm thời,6
且,尚且,shàng qiě,"còn, ngay cả",6
且,暂且,zàn qiě,tạm thời,6
且,况且,kuàng qiě,hơn nữa,7
世,世界,shì jiè,thế giới,2
世,去世,qù shì,qua đời,2
世,来世,lái shì,"kiếp sau, đời sau",3
世,世界杯,Shì jiè bēi,Cúp thế giới,3
世,永世长存,yǒng shì cháng cún,"Muôn đời tồn tại, vĩnh viễn trường tồn",3
世,世纪,shì jì,thế kỷ,4
世,世代,shì dài,nhiều thế hệ,6
世,逝世,shì shì,qua đời,6
世,问世,wèn shì,"xuất bản, xuất hiện",6
世,举世瞩目,jǔ shì zhǔ mù,thu hút sự chú ý của toàn thế giới,6
世,世人,shì rén,"Người đời, nhân gian, mọi người trên đời",7
世,世故,shì gù,khôn ngoan,7
世,世袭,shì xí,cha truyền con nối,7
世,世界级,shì jiè jí,đẳng cấp thế giới,7
世,举世无双,jǔ shì wú shuāng,độc nhất vô nhị,7
世界,世界杯,Shì jiè bēi,Cúp thế giới,3
世界,世界级,shì jiè jí,đẳng cấp thế giới,7
世界,大千世界,dà qiān shì jiè,"Thế giới rộng lớn, thế giới bao la",7
丘,丘陵,qiū líng,đồi,6
业,专业,zhuān yè,chuyên nghiệp; chuyên môn,1
业,作业,zuò yè,bài tập,1
业,毕业,bì yè,tốt nghiệp,1
业,事业,shì yè,sự nghiệp,3
业,农业,nóng yè,nông nghiệp,3
业,创业,chuàng yè,khởi nghiệp,3
业,商业,shāng yè,thương mại,3
业,就业,jiù yè,việc làm,3
业,工业,gōng yè,công nghiệp,3
业,开业,kāi yè,khai trương,3
业,职业,zhí yè,nghề nghiệp,3
业,畜牧业,xù mù yè,Chăn nuôi,3
业,业余,yè yú,thời gian rảnh,4
业,企业,qǐ yè,doanh nghiệp,4
业,失业,shī yè,thất nghiệp,4
丛,丛林,cóng lín,rừng rậm,7
东,东北,Dōng běi,Đông Bắc,1
东,东南,dōng nán,đông nam,1
东,东西,dōng xi,đồ,1
东,东边,dōng biān,phía đông,1
东,东方,dōng fāng,phương đông,2
东,房东,fáng dōng,chủ nhà,2
东,东部,dōng bù,phần phía đông,3
东,中东,Zhōng dōng,Trung Đông,5
东,广东,Guǎng dōng,Quảng Đông (tỉnh),5
东,东南亚,Dōng nán Yà,Đông Nam Á,5
东,股东,gǔ dōng,cổ đông,6
东,东道主,dōng dào zhǔ,chủ nhà,6
东,东张西望,dōng zhāng xī wàng,nhìn xung quanh,6
东,东奔西走,dōng bēn xī zǒu,chạy từ bên này sang bên kia,7
东南,东南亚,Dōng nán Yà,Đông Nam Á,5
丝,丝毫,sī háo,một chút,5
丝,丝绸,sī chóu,lụa,5
丝,丝瓜,sī guā,mướp,6
丝,真丝,zhēn sī,"Lụa tơ tằm, lụa thật",6
丝,粉丝,fěn sī,miến làm từ tinh bột đậu,7
丝,螺丝,luó sī,đinh vít,7
丢,丢人,diū rén,"mất mặt, xấu hổ",6
丢,丢三落四,diū sān là sì,vô ý,6
丢,丢失,diū shī,mất,7
丢,丢弃,diū qì,vứt bỏ,7
丢,丢掉,diū diào,vứt bỏ,7
丢,丢脸,diū liǎn,mất mặt,7
两,三三两两,sān san liǎng liǎng,"Lác đác vài ba (người/vật), rải rác từng tốp nhỏ.",2
两,银两,yín liǎng,Tiền bạc (chỉ bạc thỏi thời xưa),4
两,两侧,liǎng cè,hai bên,6
两,两手,liǎng shǒu,hai tay,6
两,一举两得,yī jǔ liǎng dé,một mũi tên trúng hai đích,6
两,两栖,liǎng qī,lưỡng cư,7
两,两口子,liǎng kǒu zi,vợ chồng,7
两,有两下子,yǒu liǎng xià zi,có tài thực sự,7
两,两两相对,liǎng liǎng xiāng duì,từng cặp đối diện nhau,8
严,严肃,yán sù,nghiêm túc,2
严,严厉,yán lì,nghiêm khắc,4
严,严格,yán gé,nghiêm ngặt,4
严,严重,yán zhòng,nghiêm trọng,4
严,严峻,yán jùn,nghiêm trọng,6
严,严禁,yán jìn,nghiêm cấm,6
严,严密,yán mì,bảo mật,7
严,严谨,yán jǐn,nghiêm ngặt,7
严,尊严,zūn yán,phẩm giá,7
严,庄严,zhuāng yán,trang nghiêm,7
丧,沮丧,jǔ sàng,nản lòng,3
丧,丧失,sàng shī,mất; sự mất,6
丧,丧生,sàng shēng,mất mạng,7
丧,垂头丧气,chuí tóu sàng qì,chán nản,7
个,个子,gè zi,chiều cao,1
个,哪个,nǎ ge,cái nào,1
个,这个,zhè ge,cái này,1
个,那个,nà ge,"cái đó, cái kia",1
个,个人,gè rén,cá nhân,3
个,个性,gè xìng,cá tính,3
个,整个,zhěng gè,toàn bộ,3
个,个体,gè tǐ,cá nhân,4
个,个别,gè bié,"rất ít, cá biệt",4
个,各个,gè gè,"mỗi, từng",4
个,上个月,shàng gè yuè,tháng trước,4
个,下个月,xià gè yuè,tháng sau,4
个,个案,gè àn,trường hợp riêng,7
个,个头儿,gè tóur,chiều cao,7
个,自个儿,zì gěr,"Tự mình, bản thân",7
丫,丫头,yā tou,cô gái,7
中,中午,zhōng wǔ,buổi trưa,1
中,中国,Zhōng guó,Trung Quốc,1
中,中学,zhōng xué,trường trung học cơ sở,1
中,中心,zhōng xīn,trung tâm,1
中,中文,zhōng wén,tiếng Trung,1
中,中间,zhōng jiān,giữa,1
中,初中,chū zhōng,trường trung học cơ sở,1
中,中国人,zhōng guó rén,người Trung Quốc,1
中,中学生,zhōng xué shēng,học sinh trung học,1
中,购物中心,gòu wù zhōng xīn,trung tâm mua sắm,1
中,中介,zhōng jiè,đại lý,2
中,中医,zhōng yī,y học cổ truyền Trung Quốc,2
中,中年,zhōng nián,trung niên,2
中,中指,zhōng zhǐ,ngón giữa,2
中,中级,zhōng jí,trung cấp,2
中华,中华民族,Zhōng huá mín zú,dân tộc Trung Quốc,3
中国,中国人,zhōng guó rén,người Trung Quốc,1
中国,中国画,zhōng guó huà,tranh Trung Quốc truyền thống,7
中外,古今中外,gǔ jīn zhōng wài,mọi lúc và mọi nơi; từ xưa đến nay,7
中学,中学生,zhōng xué shēng,học sinh trung học,1
中学,初级中学,chū jí zhōng xué,trường trung học cơ sở,5
中心,购物中心,gòu wù zhōng xīn,trung tâm mua sắm,1
中药,中药铺,zhōng yào pù,"Tiệm thuốc Bắc, hiệu thuốc Đông y",3
丰,丰富,fēng fù,phong phú,2
丰,丰满,fēng mǎn,đầy đặn,3
丰,丰盛,fēng shèng,thịnh soạn,3
丰,丰厚,fēng hòu,"dồi dào, giàu có",7
丰,丰硕,fēng shuò,dồi dào và vững chắc,7
丰,丰富多彩,fēng fù duō cǎi,phong phú và đa dạng,7
丰富,丰富多彩,fēng fù duō cǎi,phong phú và đa dạng,7
串,串门,chuàn mén,gọi ai đó,7
串,一连串,yī lián chuàn,chuỗi,7
临,光临,guāng lín,có mặt,2
临,面临,miàn lín,đối mặt với,3
临,临时,lín shí,tạm thời,4
临,来临,lái lín,đến,4
临,临床,lín chuáng,lâm sàng,6
临,濒临,bīn lín,gần kề,6
临,降临,jiàng lín,giáng xuống,6
临,临街,lín jiē,hướng ra phố,7
临,临近,lín jìn,đến gần,7
临,居高临下,jū gāo lín xià,chiếm vị trí chỉ huy,7
丸,定心丸,dìng xīn wán,thuốc an thần,7
丹,牡丹,mǔ dan,mẫu đơn,7
为,为什么,wèi shén me,tại sao,1
为,为了,wèi le,để,2
为,以为,yǐ wéi,nghĩ rằng,2
为,作为,zuò wéi,như,2
为,因为,yīn wèi,bởi vì,2
为,成为,chéng wéi,trở thành,2
为,行为,xíng wéi,hành động,2
为,认为,rèn wéi,nghĩ rằng,2
为,变为,biàn wéi,biến thành,3
为,无为,wú wéi,vô vi (thuận theo tự nhiên),3
为,称为,chēng wéi,được gọi là,3
为,分为,fēn wéi,chia thành,4
为,列为,liè wéi,được phân loại là,4
为,精诚所至金石为开,"jīng chéng suǒ zhì, jīn shí wéi kāi","có chí thì nên, có lòng thành sắt đá cũng mòn",5
为,为何,wèi hé,tại sao,6
为人,不为人知,bù wéi rén zhī,không ai biết đến,7
主,主意,zhǔ yì,"ý kiến, ý tưởng",1
主,主人,zhǔ rén,chủ nhân,2
主,主要,zhǔ yào,chính,2
主,班主任,bān zhǔ rèn,giáo viên chủ nhiệm,2
主,主任,zhǔ rèn,trưởng ban,3
主,主动,zhǔ dòng,chủ động,3
主,主导,zhǔ dǎo,dẫn dắt,3
主,主张,zhǔ zhāng,quan điểm,3
主,主持,zhǔ chí,dẫn chương trình,3
主,自主,zì zhǔ,tự hành; độc lập,3
主,主席,zhǔ xí,chủ tịch,4
主,主角,zhǔ jué,vai chính,4
主,主题,zhǔ tí,chủ đề,4
主,主体,zhǔ tǐ,cơ thể chính,5
主,主观,zhǔ guān,chủ quan,5
主义,官僚主义,guān liáo zhǔ yì,chủ nghĩa quan liêu,7
主义,帝国主义,dì guó zhǔ yì,chủ nghĩa đế quốc,7
主义,社会主义,shè huì zhǔ yì,chủ nghĩa xã hội,7
主义,资本主义,zī běn zhǔ yì,chủ nghĩa tư bản,7
主人,主人公,zhǔ rén gōng,nhân vật chính,7
主任,班主任,bān zhǔ rèn,giáo viên chủ nhiệm,2
主意,出主意,chū zhǔ yi,"đưa ra ý kiến, gợi ý",7
主持,主持人,zhǔ chí rén,người dẫn chương trình,6
主题,主题歌,zhǔ tí gē,bài hát chủ đề,7
丽,美丽,měi lì,đẹp,2
丽,丽江,Lì jiāng,Lệ Giang (tên thành phố),6
丽,华丽,huá lì,tráng lệ,6
丽,亮丽,liàng lì,sáng và đẹp,7
丽,壮丽,zhuàng lì,tráng lệ,7
丽,秀丽,xiù lì,xinh đẹp,7
丽,艳丽,yàn lì,rực rỡ và đẹp,7
丽,富丽堂皇,fù lì táng huáng,"lộng lẫy huy hoàng, xa hoa tráng lệ",7
丽,风和日丽,fēng hé rì lì,thời tiết ấm áp và nắng,7
举,举办,jǔ bàn,tổ chức,2
举,举手,jǔ shǒu,giơ tay,2
举,举行,jǔ xíng,tổ chức,2
举,举动,jǔ dòng,hành động,3
举,选举,xuǎn jǔ,bầu cử,6
举,一举两得,yī jǔ liǎng dé,một mũi tên trúng hai đích,6
举,举世瞩目,jǔ shì zhǔ mù,thu hút sự chú ý của toàn thế giới,6
举,举足轻重,jǔ zú qīng zhòng,có ảnh hưởng,6
举,一举,yī jǔ,một lần,7
举,举例,jǔ lì,đưa ra một ví dụ,7
举,举报,jǔ bào,báo cáo,7
举,举措,jǔ cuò,hành động,7
举,举止,jǔ zhǐ,cử chỉ,7
举,举目,jǔ mù,"ngước mắt nhìn, phóng tầm mắt",7
举,举重,jǔ zhòng,cử tạ,7
乃,康乃馨,kāng nǎi xīn,hoa cẩm chướng,3
乃,乃至,nǎi zhì,và thậm chí,7
久,不久,bù jiǔ,sắp tới,2
久,多久,duō jiǔ,bao lâu?,2
久,好久,hǎo jiǔ,đã lâu,2
久,久而久之,jiǔ ér jiǔ zhī,"lâu dần, dần dà",3
久,天长地久,tiān cháng dì jiǔ,vĩnh cửu,3
久,悠久,yōu jiǔ,lâu dài,5
久,持久,chí jiǔ,chịu đựng,6
久,长久,cháng jiǔ,lâu dài,6
久,久之,jiǔ zhī,"lâu dần, sau một thời gian dài",7
久,久仰,jiǔ yǎng,hân hạnh được gặp bạn,7
久,久违,jiǔ wéi,"lâu ngày mới gặp, lâu ngày mới thấy",7
久,永久,yǒng jiǔ,vĩnh viễn,7
久,前不久,qián bù jiǔ,gần đây,7
久,天长日久,tiān cháng rì jiǔ,"Lâu ngày dài tháng, theo thời gian",7
久,经久不息,jīng jiǔ bù xī,không ngừng,7
久之,久而久之,jiǔ ér jiǔ zhī,"lâu dần, dần dà",3
么,什么,shén me,gì?,1
么,怎么,zěn me,Sao? Tại sao?,1
么,这么,zhè me,như thế,1
么,那么,nà me,vậy thì,1
么,为什么,wèi shén me,tại sao,1
么,干什么,gàn shén me,làm gì?,1
么,怎么样,zěn me yàng,Thế nào?,1
么,没什么,méi shén me,không có gì,1
么,多么,duō me,"đến mức nào, làm sao",2
么,什么样,shén me yàng,loại gì?,2
么,怎么了,zěn me le,bị làm sao; sao thế,2
么,怎么办,zěn me bàn,làm thế nào?,2
么,要么,yào me,hoặc là,6
么,不怎么,bù zěn me,không nhiều lắm,6
么,什么的,shén me de,"vân vân, các thứ, v.v.",6
义,意义,yì yì,ý nghĩa,3
义,同义词,tóng yì cí,Từ đồng nghĩa,3
义,有意义,yǒu yì yì,Có ý nghĩa,3
义,义务,yì wù,nghĩa vụ,4
义,含义,hán yì,"hàm ý, ý nghĩa",4
义,主义,zhǔ yì,"ý tưởng, hệ tư tưởng",6
义,名义,míng yì,tên,6
义,定义,dìng yì,định nghĩa; định nghĩa,6
义,义工,yì gōng,tình nguyện viên,7
义,义气,yì qi,"Tình nghĩa, trượng nghĩa",7
义,侠义,xiá yì,hiệp nghĩa,7
义,广义,guǎng yì,tổng quát,7
义,涵义,hán yì,nội hàm,7
义,天经地义,tiān jīng dì yì,nguyên tắc không thể thay đổi,7
义,官僚主义,guān liáo zhǔ yì,chủ nghĩa quan liêu,7
之,分之,fēn zhī,phân số,2
之,久而久之,jiǔ ér jiǔ zhī,"lâu dần, dần dà",3
之,少之又少,shǎo zhī yòu shǎo,"cực kỳ ít, hiếm hoi",3
之,强弩之末,qiáng nǔ zhī mò,"Tên nỏ mạnh hết đà, sức mạnh đã cạn, yếu ớt khi kết thúc",3
之,简而言之,jiǎn ér yán zhī,"nói tóm lại, nói một cách đơn giản",3
之,之一,zhī yī,một trong số,4
之,之前,zhī qián,trước đây,4
之,之后,zhī hòu,sau,4
之,之间,zhī jiān,"giữa, trong số",4
之,总之,zǒng zhī,tóm lại,4
之,百分之,bǎi fēn zhī,phần trăm của,4
之,之类,zhī lèi,và những thứ tương tự,5
之,后顾之忧,hòu gù zhī yōu,lo lắng ở nhà,6
之,总而言之,zǒng ér yán zhī,nói tóm lại,6
之,久之,jiǔ zhī,"lâu dần, sau một thời gian dài",7
乌,乌龟,wū guī,rùa,2
乌,乌鸦,wū yā,Quạ,3
乌,乌云,wū yún,đám mây đen,6
乎,似乎,sì hū,"hình như, dường như",2
乎,几乎,jī hū,hầu như,2
乎,在乎,zài hu,quan tâm,4
乎,不在乎,bù zài hu,không quan tâm,4
乎,黑乎乎,hēi hū hū,"Đen thui, đen sì",6
乎,合乎,hé hū,phù hợp với,7
乎,不亦乐乎,bù yì lè hū,"cực kỳ, vô cùng",7
乏,匮乏,kuì fá,"thiếu thốn, khan hiếm",3
乏,缺乏,quē fá,thiếu,3
乐,快乐,kuài lè,vui vẻ,1
乐,音乐,yīn yuè,âm nhạc,1
乐,音乐会,yīn yuè huì,buổi hòa nhạc,1
乐,乐观,lè guān,lạc quan,3
乐,乐队,yuè duì,ban nhạc,3
乐,可乐,kě lè,cola,3
乐,欢乐,huān lè,vui vẻ,3
乐,交响乐,jiāo xiǎng yuè,giao hưởng,3
乐,室内乐,shì nèi yuè,nhạc thính phòng,3
乐,闷闷不乐,mèn mèn bù lè,"buồn rầu, u sầu, rầu rĩ không vui",3
乐,乐园,lè yuán,xứ sở thần tiên,4
乐,乐趣,lè qù,niềm vui,4
乐,乐器,yuè qì,nhạc cụ,5
乐,娱乐,yú lè,giải trí,5
乐,俱乐部,jù lè bù,câu lạc bộ,5
乒,乒乓球,pīng pāng qiú,bóng bàn,4
乓,乒乓球,pīng pāng qiú,bóng bàn,4
乔,乔木,qiáo mù,"cây thân gỗ, cây to",3
乔,乔装,qiáo zhuāng,giả trang,7
乖,乖僻,guāi pì,"lập dị, kỳ quặc; quái gở",7
乖,乖巧,guāi qiǎo,thông minh,7
乘,乘坐,chéng zuò,đi xe,4
乘,乘客,chéng kè,hành khách,5
乘,乘车,chéng chē,đi xe,5
乘,搭乘,dā chéng,đi bằng,7
乘,乘人之危,chéng rén zhī wēi,lợi dụng tình huống khó khăn của người khác,7
乘,可乘之机,kě chéng zhī jī,cơ hội có thể khai thác,7
乞,乞丐,qǐ gài,người ăn xin,6
乞,乞讨,qǐ tǎo,xin ăn,7
乞,求乞,qiú qǐ,"Ăn xin, khất thực",7
也,也许,yě xǔ,có lẽ,1
也,也就是说,yě jiù shì shuō,tức là,7
习,习惯,xí guàn,thói quen; quen thuộc,1
习,复习,fù xí,ôn tập,1
习,学习,xué xí,học,1
习,实习,shí xí,thực tập,2
习,练习,liàn xí,luyện tập,2
习,预习,yù xí,chuẩn bị trước,3
习,习俗,xí sú,"phong tục, tập quán",6
习,演习,yǎn xí,diễn tập quân sự,6
习,补习,bǔ xí,học thêm,6
习,温习,wēn xí,ôn tập,7
乡,家乡,jiā xiāng,quê hương,3
乡,故乡,gù xiāng,quê hương,3
乡,乡村,xiāng cūn,nhạc đồng quê,5
乡,入乡随俗,rù xiāng suí sú,nhập gia tùy tục,5
乡,乡镇,xiāng zhèn,làng và thị trấn,6
乡,城乡,chéng xiāng,thành thị và nông thôn,6
乡,老乡,lǎo xiāng,đồng hương,6
乡,下乡,xià xiāng,về quê,7
乡,乡下,xiāng xià,nông thôn,7
乡,乡亲,xiāng qin,đồng hương,7
书,书包,shū bāo,cặp sách,1
书,书店,shū diàn,hiệu sách,1
书,读书,dú shū,học tập,1
书,图书馆,tú shū guǎn,thư viện,1
书,书架,shū jià,giá sách,3
书,秘书,mì shū,thư ký,3
书,电子书,diàn zǐ shū,sách điện tử,3
书,书信,shū xìn,"Thư từ, thư tín",4
书,书写,shū xiě,viết,4
书,通知书,tōng zhī shū,thông báo,4
书,请愿书,qǐng yuàn shū,"đơn thỉnh cầu, kiến nghị thư",5
书,书房,shū fáng,phòng đọc sách,6
书,书籍,shū jí,sách,6
书,书记,shū ji,thư kí,6
书,图书,tú shū,sách,6
买,购买,gòu mǎi,mua,4
买,收买,shōu mǎi,thu mua,7
买,买不起,mǎi bù qǐ,không thể mua,7
乱,出乱子,chū luàn zi,"xảy ra chuyện lộn xộn, gây rắc rối",3
乱,扰乱,rǎo luàn,gây rối,6
乱,混乱,hùn luàn,hỗn loạn,6
乱,胡乱,hú luàn,bừa bãi,6
乱,忙乱,máng luàn,bận rộn và lộn xộn,7
乱,慌乱,huāng luàn,hoảng loạn,7
乱,捣乱,dǎo luàn,gây rối,7
乱,紊乱,wěn luàn,hỗn loạn,7
乱,霍乱,huò luàn,dịch tả,7
乱,骚乱,sāo luàn,náo loạn,7
乱,乱七八糟,luàn qī bā zāo,lộn xộn,7
乱,杂乱无章,zá luàn wú zhāng,hỗn loạn và bừa bộn,7
乱,胡思乱想,hú sī luàn xiǎng,mơ mộng,7
乱,活蹦乱跳,huó bèng luàn tiào,"Sống động, nhanh nhẹn, lanh lợi; nhảy nhót lung tung",8
乳,乳名,rǔ míng,"Tên gọi ở nhà, tên cúng cơm",4
乳,哺乳,bǔ rǔ,cho con bú,6
乳,乳制品,rǔ zhì pǐn,sản phẩm sữa,6
了,对了,duì le,"À phải rồi, đúng rồi (dùng để chuyển chủ đề hoặc nhớ ra điều gì đó)",1
了,极了,jí le,cực kỳ,1
了,为了,wèi le,để,2
了,了解,liǎo jiě,hiểu rõ,2
了,算了,suàn le,bỏ qua,2
了,除了,chú le,"ngoài ra, trừ ra",2
了,了不起,liǎo bu qǐ,tuyệt vời,2
了,怎么了,zěn me le,bị làm sao; sao thế,2
了,受不了,shòu bu liǎo,không chịu nổi,4
了,不得了,bù dé liǎo,"cực kỳ, khủng khiếp",5
了,罢了,bà le,chỉ thế thôi,6
了,免不了,miǎn bu liǎo,không tránh khỏi,6
了,大不了,dà bu liǎo,không thành vấn đề,6
了,了却,liǎo què,giải quyết,7
了,了结,liǎo jié,hoàn thành,7
予,给予,jǐ yǔ,đưa ra,6
予,不予,bù yǔ,không cấp,7
予,予以,yǔ yǐ,cho,7
予,授予,shòu yǔ,trao tặng,7
予,赋予,fù yǔ,ban tặng,7
争,争取,zhēng qǔ,phấn đấu,3
争,争论,zhēng lùn,tranh luận; cuộc tranh luận,4
争,战争,zhàn zhēng,chiến tranh,4
争,竞争,jìng zhēng,cạnh tranh,4
争,斗争,dòu zhēng,đấu tranh,5
争,争夺,zhēng duó,tranh giành,6
争,争气,zhēng qì,đấu tranh,6
争,争议,zhēng yì,tranh chấp; tranh luận,6
争,力争,lì zhēng,làm hết sức có thể,6
争,争光,zhēng guāng,giành được vinh dự,7
争,争吵,zhēng chǎo,cãi lộn,7
争,争执,zhēng zhí,tranh cãi,7
争,争斗,zhēng dòu,"Tranh đấu, đấu tranh, tranh giành",7
争,争端,zhēng duān,tranh chấp,7
争,抗争,kàng zhēng,kháng chiến,7
事,故事,gù shi,câu chuyện,1
事,没事,méi shì,"không sao, không có gì",1
事,没事儿,méi shìr,không sao đâu,1
事,事情,shì qing,"việc, sự kiện",2
事,同事,tóng shì,đồng nghiệp,2
事,启事,qǐ shì,thông báo,2
事,坏事,huài shì,ác,2
事,好事,hǎo shì,lòng tốt,2
事,事业,shì yè,sự nghiệp,3
事,事先,shì xiān,trước,3
事,事实,shì shí,sự thật,3
事,事故,shì gù,tai nạn,3
事,从事,cóng shì,tham gia,3
事,本事,běn shì,khả năng,3
事,事实上,shì shí shàng,trên thực tế,3
事务,事务所,shì wù suǒ,văn phòng,7
事实,事实上,shì shí shàng,trên thực tế,3
二,星期二,xīng qī èr,thứ Ba,1
二,二手,èr shǒu,secondhand,4
二,二维码,èr wéi mǎ,mã QR,5
二,二氧化碳,èr yǎng huà tàn,khí cacbonic,6
二,二手车,èr shǒu chē,xe cũ,7
二,一干二净,yī gān èr jìng,sạch bóng không còn gì,7
二,接二连三,jiē'èr lián sān,"liên tục, cái này sau cái kia",7
二,独一无二,dú yī wú èr,độc nhất vô nhị,7
二手,二手车,èr shǒu chē,xe cũ,7
于,终于,zhōng yú,cuối cùng,1
于,于是,yú shì,sau đó,2
于,等于,děng yú,bằng,2
于,关于,guān yú,về,3
于,属于,shǔ yú,thuộc về,3
于,由于,yóu yú,bởi vì,3
于,限于,xiàn yú,bị giới hạn,3
于,位于,wèi yú,nằm ở,4
于,善于,shàn yú,giỏi ở,4
于,在于,zài yú,phụ thuộc vào,4
于,处于,chǔ yú,ở trong,4
于,对于,duì yú,về,4
于,至于,zhì yú,còn về,4
于,用于,yòng yú,được sử dụng để làm gì,5
于,过于,guò yú,quá,5
亏,吃亏,chī kuī,bị thiệt thòi,5
亏,多亏,duō kuī,nhờ vào,5
亏,幸亏,xìng kuī,may mắn thay,5
亏,亏损,kuī sǔn,chịu lỗ,7
亏,亏本,kuī běn,chịu lỗ,7
云,多云,duō yún,nhiều mây,2
云,乌云,wū yún,đám mây đen,6
云,云南,Yún nán,Vân Nam (tỉnh của Trung Quốc),6
云,风云,fēng yún,tình huống không ổn định,7
互,互相,hù xiāng,lẫn nhau,2
互,互补,hù bǔ,bổ sung cho nhau,3
互,相互,xiāng hù,lẫn nhau,3
互,互联网,hù lián wǎng,Internet,3
互,互动,hù dòng,tương tác,6
互,互信,hù xìn,tin tưởng lẫn nhau,7
互,互助,hù zhù,giúp đỡ lẫn nhau,7
互,互访,hù fǎng,trao đổi chuyến thăm,7
五,五十,wǔ shí,năm mươi,1
五,星期五,xīng qī wǔ,thứ Sáu,1
五,五一,wǔ yī,Mùng 1 tháng 5 (Ngày Quốc tế Lao động).,2
五,五光十色,wǔ guāng shí sè,"muôn màu muôn vẻ, sặc sỡ, rực rỡ",3
五,五颜六色,wǔ yán liù sè,đầy màu sắc,4
五,五星级,wǔ xīng jí,năm sao,7
五,三番五次,sān fān wǔ cì,nhiều lần,7
五,五花八门,wǔ huā bā mén,mọi loại,7
亚,亚洲,Yà zhōu,châu Á,2
亚,马来西亚,Mǎ lái xī yà,Malaysia,3
亚,亚军,yà jūn,Á quân,5
亚,东南亚,Dōng nán Yà,Đông Nam Á,5
亚,保加利亚,Bǎo jiā lì yà,Bulgaria,5
亚,不亚于,bù yà yú,không thua kém,7
些,一些,yì xiē,một vài,1
些,哪些,nǎ xiē,Những cái nào?,1
些,有些,yǒu xiē,một số,1
些,这些,zhè xiē,những cái này,1
些,那些,nà xiē,những cái đó,1
亡,死亡,sǐ wáng,chết,5
亡,伤亡,shāng wáng,thương vong,6
亡,灭亡,miè wáng,bị tiêu diệt,6
亡,逃亡,táo wáng,chạy trốn,7
亡,亡羊补牢,wáng yáng bǔ láo,muộn còn hơn không,7
亡,亡命,wáng mìng,"Bỏ mạng, liều mạng; kẻ chạy trốn",8
交,交流,jiāo liú,trao đổi; tương tác,2
交,交给,jiāo gěi,bàn giao,2
交,交通,jiāo tōng,giao thông,2
交,交朋友,jiāo péng yǒu,kết bạn,2
交,公交车,gōng jiāo chē,xe buýt,2
交,交往,jiāo wǎng,giao lưu; hiệp hội,3
交,交易,jiāo yì,"giao dịch, mua bán",3
交,交涉,jiāo shè,đàm phán,3
交,交警,jiāo jǐng,cảnh sát giao thông,3
交,交费,jiāo fèi,nộp phí,3
交,外交,wài jiāo,ngoại giao,3
交,社交,shè jiāo,giao tiếp xã hội,3
交,交响乐,jiāo xiǎng yuè,giao hưởng,3
交,打交道,dǎ jiāo dao,"liên lạc, giao thiệp",3
交,交汇,jiāo huì,"giao nhau, gặp nhau, hợp lưu",4
亦,不亦乐乎,bù yì lè hū,"cực kỳ, vô cùng",7
产,产生,chǎn shēng,sản xuất,2
产,生产,shēng chǎn,sản xuất,3
产,生产力,shēng chǎn lì,"Sức sản xuất, năng suất lao động",3
产,产品,chǎn pǐn,sản phẩm,4
产,破产,pò chǎn,phá sản,4
产,遗产,yí chǎn,di sản,4
产,农产品,nóng chǎn pǐn,sản phẩm nông nghiệp,4
产,财产,cái chǎn,tài sản,5
产,产业,chǎn yè,ngành công nghiệp,6
产,产量,chǎn liàng,"sản lượng, năng suất",6
产,国产,guó chǎn,sản phẩm nội địa,6
产,盛产,shèng chǎn,dồi dào,6
产,矿产,kuàng chǎn,khoáng sản,6
产,资产,zī chǎn,tài sản,6
产,产值,chǎn zhí,giá trị sản xuất,7
产品,农产品,nóng chǎn pǐn,sản phẩm nông nghiệp,4
享,享受,xiǎng shòu,tận hưởng,2
享,分享,fēn xiǎng,chia sẻ,5
享,共享,gòng xiǎng,cùng thưởng thức,6
享,享有,xiǎng yǒu,tận hưởng,7
京,北京,Běi jīng,Bắc Kinh,1
京,京剧,jīng jù,Kinh kịch,2
亭,报亭,bào tíng,quầy báo,7
亮,漂亮,piào liang,đẹp,1
亮,月亮,yuè liàng,mặt trăng,2
亮,透亮,tòu liang,"sáng trong, trong suốt; sáng trưng, trong vắt",3
亮,雪亮,xuě liàng,"Sáng như tuyết, rất sáng, rõ ràng",3
亮,发亮,fā liàng,"sáng bóng, phát sáng",5
亮,明亮,míng liàng,sáng,5
亮,亮丽,liàng lì,sáng và đẹp,7
亮,亮点,liàng diǎn,điểm nhấn,7
亮,亮相,liàng xiàng,biểu diễn lập trường,7
亮,响亮,xiǎng liàng,to và rõ,7
亮,洪亮,hóng liàng,rõ ràng và to,7
亮,光亮,guāng liàng,"Sáng sủa, sáng bóng, ánh sáng",8
亲,亲戚,qīn qi,họ hàng,1
亲,亲密,qīn mì,thân thiết,2
亲,亲热,qīn rè,yêu thương,2
亲,母亲,mǔ qīn,mẹ,2
亲,父亲,fù qīn,cha,2
亲,亲人,qīn rén,thành viên trong gia đình,3
亲,亲切,qīn qiè,thân thiện,3
亲,亲自,qīn zì,đích thân,3
亲,亲近,qīn jìn,gần gũi,3
亲,亲爱,qīn'ài,thân yêu,4
亲,亲属,qīn shǔ,thân thuộc,6
亲,亲眼,qīn yǎn,tận mắt,6
亲,乡亲,xiāng qin,đồng hương,7
亲,亲友,qīn yǒu,thân hữu,7
亲,亲情,qīn qíng,tình cảm gia đình,7
人,别人,bié rén,người khác,1
人,女人,nǚ rén,phụ nữ,1
人,客人,kè rén,khách hàng,1
人,家人,jiā rén,thành viên gia đình,1
人,工人,gōng rén,công nhân,1
人,男人,nán rén,đàn ông,1
人,病人,bìng rén,bệnh nhân,1
人,老人,lǎo rén,người già,1
人,中国人,zhōng guó rén,người Trung Quốc,1
人,主人,zhǔ rén,chủ nhân,2
人,人们,rén men,"Mọi người, người ta",2
人,人口,rén kǒu,dân số,2
人,人家,rén jiā,người ta,2
人,人数,rén shù,số lượng người,2
人,人生,rén shēng,cuộc sống,2
人家,老人家,lǎo ren jia,người già,7
人工,人工智能,rén gōng zhì néng,trí tuệ nhân tạo,7
人情,风土人情,fēng tǔ rén qíng,điều kiện và phong tục địa phương,6
人民,人民币,rén mín bì,nhân dân tệ,3
人类,人类学,rén lèi xué,Nhân chủng học,3
什,什么,shén me,gì?,1
什,为什么,wèi shén me,tại sao,1
什,干什么,gàn shén me,làm gì?,1
什,没什么,méi shén me,không có gì,1
什,什么样,shén me yàng,loại gì?,2
什,什么的,shén me de,"vân vân, các thứ, v.v.",6
什么,为什么,wèi shén me,tại sao,1
什么,干什么,gàn shén me,làm gì?,1
什么,没什么,méi shén me,không có gì,1
什么,什么样,shén me yàng,loại gì?,2
什么,什么的,shén me de,"vân vân, các thứ, v.v.",6
仁,仁慈,rén cí,nhân từ,6
仁,当仁不让,dāng rén bù ràng,"Xông xáo gánh vác, không nhường ai (khi làm việc tốt, việc nghĩa)",7
仁,见仁见智,jiàn rén jiàn zhì,mỗi người một ý,7
仁,仁厚,rén hòu,"nhân hậu, nhân từ, khoan dung",8
仅,不仅,bù jǐn,không chỉ,3
仅,仅仅,jǐn jǐn,chỉ,3
仅,不仅仅,bù jǐn jǐn,không chỉ,6
仅,仅次于,jǐn cì yú,chỉ đứng sau,7
仅仅,不仅仅,bù jǐn jǐn,không chỉ,6
仆,公仆,gōng pú,người phục vụ công cộng,7
仇,复仇,fù chóu,"Báo thù, trả thù",6
仇,报仇,bào chóu,báo thù,6
仇,仇人,chóu rén,kẻ thù,7
仇,仇恨,chóu hèn,căm thù,7
今,今天,jīn tiān,hôm nay,1
今,今年,jīn nián,năm nay,1
今,今后,jīn hòu,từ nay,2
今,至今,zhì jīn,cho đến nay,3
今,如今,rú jīn,ngày nay,4
今,迄今为止,qì jīn wéi zhǐ,từ thời gian này đến thời gian khác,6
今,当今,dāng jīn,ngày nay,7
今,迄今,qì jīn,cho đến nay,7
今,从今以后,cóng jīn yǐ hòu,từ nay trở đi,7
今,古今中外,gǔ jīn zhōng wài,mọi lúc và mọi nơi; từ xưa đến nay,7
介,介绍,jiè shào,giới thiệu,1
介,中介,zhōng jiè,đại lý,2
介,媒介,méi jiè,"môi giới, trung gian, phương tiện",6
介,简介,jiǎn jiè,giới thiệu,6
介,介于,jiè yú,nằm giữa; can thiệp,7
介,介意,jiè yì,để ý,7
仍,仍然,réng rán,vẫn,2
仍,仍旧,réng jiù,vẫn,6
从,从前,cóng qián,ngày xưa,2
从,从小,cóng xiǎo,từ nhỏ,2
从,从来,cóng lái,luôn luôn,2
从,从事,cóng shì,tham gia,3
从,自从,zì cóng,từ,3
从,从此,cóng cǐ,từ đó,4
从,无从,wú cóng,không có cách nào,4
从,从而,cóng'ér,do đó,5
从,从不,cóng bù,không bao giờ,6
从,从没,cóng méi,chưa bao giờ,6
从,服从,fú cóng,tuân thủ,6
从,从业,cóng yè,hành nghề,7
从,从头,cóng tóu,từ đầu,7
从,从容,cóng róng,không vội vàng,7
从,从未,cóng wèi,chưa bao giờ,7
从容,从容不迫,cóng róng bù pò,bình tĩnh và không nao núng,7
从来,从来不,cóng lái bù,không bao giờ,7
仑,拿破仑,Ná pò lún,Napoléon (Bonaparte),7
仓,仓库,cāng kù,kho,6
仔,仔细,zǐ xì,cẩn thận,2
仔,牛仔裤,niú zǎi kù,quần jean,2
他,他们,tā men,họ,1
他,其他,qí tā,khác,2
他,他人,tā rén,người khác,7
他,吉他,jí tā,đàn guitar,7
仗,打仗,dǎzhàng,đánh nhau,6
付,支付,zhī fù,trả tiền,3
付,付出,fù chū,"trả, chi tiêu",4
付,付款,fù kuǎn,thanh toán,4
付,应付,yìng fù,ứng phó,5
付,对付,duì fu,"Đối phó, đối phó với",6
付,交付,jiāo fù,bàn giao,7
付,付费,fù fèi,trả phí,7
付,托付,tuō fù,giao phó,7
仙,水仙,shuǐ xiān,hoa thủy tiên,4
仙,仙女,xiān nǚ,"tiên nữ, nữ thần",7
仙,仙鹤,xiān hè,sếu đầu đỏ,7
仙,神仙,shén xiān,thần tiên,7
代,古代,gǔ dài,cổ đại,1
代,现代,xiàn dài,hiện đại,1
代,代表,dài biǎo,đại biểu,3
代,年代,nián dài,thời kỳ,3
代,时代,shí dài,thời đại,3
代,代表团,dài biǎo tuán,phái đoàn,3
代,新陈代谢,xīn chén dài xiè,trao đổi chất,3
代,代替,dài tì,thay thế,4
代,替代,tì dài,thay thế,4
代,代言,dài yán,"đại diện phát ngôn, làm người đại diện (quảng cáo)",5
代,近代,jìn dài,thời hiện đại,5
代,一代,yī dài,kỷ nguyên,6
代,世代,shì dài,nhiều thế hệ,6
代,交代,jiāo dài,giải thích,6
代,代价,dài jià,chi phí,6
代理,代理人,dài lǐ rén,người đại diện,7
代表,代表团,dài biǎo tuán,phái đoàn,3
代言,代言人,dài yán rén,người phát ngôn,7
令,命令,mìng lìng,"ra lệnh; mệnh lệnh, lệnh",5
令,夏令营,xià lìng yíng,trại hè,5
令,司令,sī lìng,sĩ quan chỉ huy,6
令,指令,zhǐ lìng,ra lệnh,6
令,下令,xià lìng,ra lệnh,7
令,口令,kǒu lìng,mệnh lệnh,7
令,巧言令色,qiǎo yán lìng sè,"Lời lẽ khéo léo, vẻ mặt lấy lòng (thường mang ý tiêu cực, chỉ người giả dối, nịnh bợ)",8
以,以后,yǐ hòu,sau này,1
以,可以,kě yǐ,có thể,1
以,所以,suǒ yǐ,vì vậy,1
以,还可以,hái kě yǐ,"tạm được, cũng được, vẫn được",1
以,以上,yǐ shàng,chỉ định trên,2
以,以下,yǐ xià,dưới đây,2
以,以为,yǐ wéi,nghĩ rằng,2
以,以前,yǐ qián,trước đây,2
以,以外,yǐ wài,bên ngoài,2
以,以来,yǐ lái,từ khi,3
以,难以,nán yǐ,khó,3
以,以内,yǐ nèi,trong vòng,4
以,以及,yǐ jí,cũng như,4
以,加以,jiā yǐ,xử lý,5
以,以便,yǐ biàn,để,6
以为,不以为然,bù yǐ wéi rán,không chấp nhận là đúng,7
以为,自以为是,zì yǐ wéi shì,tự cho mình là đúng,7
以后,从今以后,cóng jīn yǐ hòu,từ nay trở đi,7
以来,长期以来,cháng qī yǐ lái,từ lâu,7
以至,以至于,yǐ zhì yú,đến mức mà,7
仪,礼仪,lǐ yí,nghi lễ,3
仪,仪器,yí qì,dụng cụ,4
仪,仪式,yí shì,"nghi lễ, lễ nghi",6
仪,仪表,yí biǎo,ngoại hình,7
们,他们,tā men,họ,1
们,你们,nǐ men,các bạn,1
们,咱们,zán men,chúng ta,1
们,她们,tā men,họ (nữ),1
们,它们,tā men,chúng,1
们,我们,wǒ men,chúng tôi,1
们,人们,rén men,"Mọi người, người ta",2
仰,信仰,xìn yǎng,tín ngưỡng,6
仰,久仰,jiǔ yǎng,hân hạnh được gặp bạn,7
仰,瞻仰,zhān yǎng,chiêm ngưỡng,7
仰,前仰后合,qián yǎng hòu hé,cười lăn cười bò,7
仲,仲裁,zhòng cái,trọng tài,7
件,条件,tiáo jiàn,điều kiện,2
件,文件,wén jiàn,tài liệu,3
件,证件,zhèng jiàn,giấy tờ tùy thân; thẻ,3
件,邮件,yóu jiàn,"thư tín, email",3
件,电子邮件,diàn zǐ yóu jiàn,email,3
件,物件,wù jiàn,Đồ vật; vật phẩm,4
件,插件,chā jiàn,"plugin, tiện ích bổ sung",5
件,硬件,yìng jiàn,phần cứng,5
件,软件,ruǎn jiàn,phần mềm,5
件,附件,fù jiàn,tệp đính kèm,5
件,零件,líng jiàn,"bộ phận, chi tiết",5
件,事件,shì jiàn,sự kiện,6
件,案件,àn jiàn,vụ án,6
件,稿件,gǎo jiàn,bản thảo,6
件,信件,xìn jiàn,"thư, thư từ",7
价,价钱,jià qian,giá,2
价,价值,jià zhí,giá trị,3
价,价格,jià gé,giá,3
价,票价,piào jià,giá vé,3
价,评价,píng jià,đánh giá,3
价,价值观,jià zhí guān,giá trị,3
价,特价,tè jià,giá đặc biệt; giá hời,4
价,降价,jiàng jià,giảm giá,4
价,高价,gāo jià,giá cao,4
价,砍价,kǎn jià,"mặc cả, trả giá",5
价,讨价还价,tǎo jià huán jià,mặc cả,5
价,代价,dài jià,chi phí,6
价,定价,dìng jià,giá cố định,6
价,房价,fáng jià,giá nhà,6
价,物美价廉,wù měi jià lián,chất lượng tốt và giá cả hợp lý,6
价值,价值观,jià zhí guān,giá trị,3
任,任何,rèn hé,bất kỳ,2
任,班主任,bān zhǔ rèn,giáo viên chủ nhiệm,2
任,主任,zhǔ rèn,trưởng ban,3
任,任务,rèn wu,nhiệm vụ,3
任,信任,xìn rèn,tin tưởng,3
任,责任,zé rèn,"trách nhiệm, nghĩa vụ",3
任,担任,dān rèn,đảm nhiệm,4
任,任命,rèn mìng,bổ nhiệm,5
任,上任,shàng rèn,nhậm chức,6
任,任性,rèn xìng,bướng bỉnh,6
任,任意,rèn yì,tùy ý,6
任,任期,rèn qī,nhiệm kỳ,7
任,任职,rèn zhí,giữ chức vụ,7
任,兼任,jiān rèn,kiêm nhiệm,7
任,出任,chū rèn,nhậm chức,7
份,月份,yuè fèn,tháng trong lịch,2
份,身份证,shēn fèn zhèng,chứng minh thư,3
份,身份,shēn fèn,"vai trò, tình trạng, nhân dạng",4
份,备份,bèi fèn,sao lưu,6
份,股份,gǔ fèn,cổ phần,6
份,份额,fèn'é,phần,7
仿,仿佛,fǎng fú,dường như,3
仿,仿古,fǎng gǔ,"Mô phỏng đồ cổ, phỏng cổ",4
仿,模仿,mó fǎng,bắt chước,5
仿,仿制,fǎng zhì,làm giả,7
仿,效仿,xiào fǎng,noi gương,7
仿,相仿,xiāng fǎng,"Tương tự, giống nhau, xấp xỉ, gần bằng",8
企,企业,qǐ yè,doanh nghiệp,4
企,企图,qǐ tú,cố gắng,6
企,外企,wài qǐ,công ty có vốn nước ngoài,7
伊,伊斯兰,Yī sī lán,Hồi giáo,3
伊,伊斯兰教,yī sī lán jiào,Hồi giáo,7
伊斯兰,伊斯兰教,yī sī lán jiào,Hồi giáo,7
伍,队伍,duì wu,hàng ngũ,6
伏,埋伏,mái fú,phục kích,6
伏,起伏,qǐ fú,lên xuống,6
伏,此起彼伏,cǐ qǐ bǐ fú,nổi lên từng cái một,7
伐,步伐,bù fá,bước chân,6
伐,砍伐,kǎn fá,"Chặt phá, đốn",6
休,休息,xiū xi,nghỉ ngơi,1
休,休假,xiū jià,nghỉ phép,2
休,退休,tuì xiū,nghỉ hưu,2
休,休闲,xiū xián,giải trí,3
休,休克,xiū kè,sốc,7
休,休养,xiū yǎng,hồi phục,7
休,休想,xiū xiǎng,đừng tưởng,7
休,休眠,xiū mián,ngủ đông,7
休,罢休,bà xiū,dừng lại,7
休,退休金,tuì xiū jīn,tiền hưu trí,7
众,听众,tīng zhòng,khán giả,3
众,观众,guān zhòng,khán giả,3
众,众所周知,zhòng suǒ zhōu zhī,mọi người đều biết,3
众,大众,Dà zhòng,phổ biến,4
众,众多,zhòng duō,nhiều,5
众,公众,gōng zhòng,công chúng,6
众,群众,qún zhòng,quần chúng,6
众,众人,zhòng rén,mọi người,7
众,出众,chū zhòng,nổi bật,7
众,当众,dāng zhòng,trước mặt mọi người,7
众,民众,mín zhòng,người dân,7
众,与众不同,yǔ zhòng bù tóng,khác biệt,7
众,众志成城,zhòng zhì chéng chéng,đoàn kết là thành trì không thể phá vỡ,7
优,优势,yōu shì,"vị trí ưu thế, sự vượt trội",3
优,优点,yōu diǎn,ưu điểm,3
优,优美,yōu měi,duyên dáng,3
优,优质,yōu zhì,chất lượng cao,3
优,优秀,yōu xiù,xuất sắc,4
优,优良,yōu liáng,"tốt, đẹp",4
优,优惠,yōu huì,ưu đãi,5
优,优先,yōu xiān,ưu tiên,6
优,优异,yōu yì,xuất sắc,6
优,优越,yōuyuè,ưu việt,6
优,优胜劣汰,yōu shēng liè tài,sự sống sót của kẻ mạnh nhất,6
优,优化,yōu huà,tối ưu hóa,7
优,优雅,yōu yǎ,duyên dáng,7
伙,家伙,jiā huo,gia súc,3
伙,伙伴,huǒ bàn,"đối tác, bạn đồng hành",4
伙,小伙子,xiǎo huǒ zi,chàng trai trẻ,4
伙,大伙儿,dà huǒr,mọi người,5
伙,合伙,hé huǒ,hợp tác,6
伙,伙食,huǒ shí,"thức ăn, bữa ăn",7
伙,同伙,tóng huǒ,đồng nghiệp,7
伙,团伙,tuán huǒ,băng nhóm,7
伙,好家伙,hǎo jiā huo,trời ơi,7
会,开会,kāi huì,họp,1
会,晚会,wǎn huì,dạ tiệc,1
会,聚会,jù huì,tụ họp; bữa tiệc,1
会,一会儿,yī huìr,"một lát, một chốc, một lúc",1
会,联欢会,lián huān huì,"Buổi liên hoan, tiệc mừng",1
会,音乐会,yīn yuè huì,buổi hòa nhạc,1
会,会话,huì huà,"Hội thoại, đối thoại",2
会,宴会,yàn huì,tiệc,2
会,机会,jī huì,"cơ hội, dịp",2
会,班会,bān huì,"Buổi họp lớp, sinh hoạt lớp.",2
会,社会,shè huì,xã hội,2
会,那会儿,nà huìr,tại thời điểm đó,2
会,不一会儿,bù yī huìr,trong chốc lát,2
会,会员,huì yuán,thành viên,3
会,会议,huì yì,hội nghị,3
会员,会员卡,huì yuán kǎ,thẻ thành viên,4
伞,雨伞,yǔ sǎn,ô,3
伞,跳伞,tiào sǎn,nhảy dù,7
伟,雄伟,xióng wěi,hùng vĩ,2
伟,伟大,wěi dà,vĩ đại,3
伟,宏伟,hóng wěi,tráng lệ,6
传,传媒,chuán méi,truyền thông,3
传,传授,chuán shòu,truyền thụ,3
传,传播,chuán bò,truyền bá,3
传,传来,chuán lái,đến,3
传,传说,chuán shuō,truyền thuyết,3
传,传真,chuán zhēn,gửi fax,4
传,传统,chuán tǒng,truyền thống,4
传,传递,chuán dì,"truyền đạt, giao",4
传,流传,liú chuán,lan truyền,4
传,遗传,yí chuán,di truyền,4
传,传染,chuán rǎn,lây nhiễm,5
传,传达,chuán dá,"truyền đạt, chuyển tải thông tin",5
传,宣传,xuān chuán,quảng bá,5
传,传出,chuán chū,truyền ra,6
传,传言,chuán yán,tin đồn,6
传染,传染病,chuán rǎn bìng,bệnh truyền nhiễm,7
传达,传达室,chuán dá shì,"Phòng bảo vệ, phòng trực ban",8
伤,伤口,shāng kǒu,vết thương,2
伤,伤心,shāng xīn,đau lòng,3
伤,受伤,shòu shāng,bị thương,3
伤,悲伤,bēi shāng,buồn,3
伤,伤害,shāng hài,làm hại,4
伤,伤亡,shāng wáng,thương vong,6
伤,伤员,shāng yuán,người bị thương,6
伤,伤势,shāng shì,tình trạng chấn thương,7
伤,伤感,shāng gǎn,buồn,7
伤,伤残,shāng cán,tàn tật,7
伤,伤痕,shāng hén,vết bầm,7
伤,创伤,chuāng shāng,vết thương,7
伤,损伤,sǔn shāng,"làm hại, làm tổn thương",7
伤,重伤,zhòng shāng,bị thương nặng,7
伤,伤脑筋,shāng nǎo jīn,đau đầu; rắc rối,7
伦,伦理,lún lǐ,nguyên tắc đạo đức,3
伦,多伦多,Duō lún duō,Toronto (thành phố ở Canada),7
伪,伪造,wěi zào,giả mạo,6
伪,伪装,wěi zhuāng,giả vờ,7
伪,虚伪,xū wěi,đạo đức giả,7
伯,阿拉伯,ā lā bó,Ả Rập,3
伯,伯母,bó mǔ,bác gái,6
伯,伯伯,bó bo,"bác, anh trai của cha",7
伯,伯父,bó fù,chú,7
伯,阿拉伯语,Ā lā bó yǔ,Ngôn ngữ Ả Rập,7
估,估计,gū jì,ước tính,4
估,评估,píng gū,đánh giá; để đánh giá,5
估,估算,gū suàn,"ước tính, đánh giá",7
估,低估,dī gū,đánh giá thấp,7
伴,伙伴,huǒ bàn,"đối tác, bạn đồng hành",4
伴,陪伴,péi bàn,đồng hành,4
伴,伴侣,bàn lǚ,"bạn đời, đồng hành",6
伴,做伴,zuò bàn,"Làm bạn, bầu bạn",6
伴,伴奏,bàn zòu,đệm nhạc,7
伴,伴随,bàn suí,đi kèm,7
伴,同伴,tóng bàn,bạn đồng hành,7
伴,相伴,xiāng bàn,cùng nhau,7
伴,老伴儿,lǎo bànr,người bạn đời già,7
伴,作伴,zuò bàn,"Làm bạn, bầu bạn",8
伸,延伸,yán shēn,kéo dài,2
伸,伸张,shēn zhāng,ủng hộ,7
伸,伸手,shēn shǒu,vươn tay,7
伸,伸缩,shēn suō,kéo dài và thu ngắn,7
伸,伸手可及,shēn shǒu kě jí,"trong tầm tay, dễ dàng đạt được",8
伸手,伸手可及,shēn shǒu kě jí,"trong tầm tay, dễ dàng đạt được",8
伺,伺候,cì hou,phục vụ,6
似,似乎,sì hū,"hình như, dường như",2
似,似的,shì de,giống như,2
似,相似,xiāng sì,tương tự,3
似,类似,lèi sì,tương tự,3
似,似曾相识,sì céng xiāng shí,đã gặp trước đây,3
似,好似,hǎo sì,có vẻ,6
似,看似,kàn sì,trông có vẻ,7
似,酷似,kù sì,rất giống,7
似,似是而非,sìshìérfēi,có vẻ đúng nhưng thực chất sai,7
但,不但,bù dàn,không chỉ,2
但,但是,dàn shì,nhưng,2
但,但愿,dàn yuàn,chỉ mong,7
位,单位,dān wèi,đơn vị,2
位,座位,zuò wèi,chỗ ngồi,2
位,各位,gè wèi,các vị,3
位,位于,wèi yú,nằm ở,4
位,位置,wèi zhi,vị trí,4
位,地位,dì wèi,địa vị,4
位,诸位,zhū wèi,Các ngài!,4
位,职位,zhí wèi,"vị trí, công việc",5
位,部位,bù wèi,bộ phận cơ thể,5
位,学位,xué wèi,bằng cấp học,6
位,定位,dìng wèi,định vị,6
位,岗位,gǎng wèi,vị trí,6
位,价位,jià wèi,mức giá,7
位,位子,wèi zi,chỗ ngồi,7
位,到位,dào wèi,đạt mục tiêu,7
低,降低,jiàng dī,hạ thấp,4
低,低落,dī luò,"suy sụp, xuống dốc, chán nản",5
低,低头,dī tóu,cúi đầu,6
低,低温,dī wēn,nhiệt độ thấp,6
低,低下,dī xià,thấp,7
低,低价,dī jià,giá thấp,7
低,低估,dī gū,đánh giá thấp,7
低,低碳,dī tàn,thấp carbon,7
低,低调,dī diào,khiêm tốn,7
低,低谷,dī gǔ,thung lũng,7
低,低迷,dī mí,suy giảm,7
低,高低,gāo dī,dù sao đi nữa,7
低,低血糖,dī xuè táng,"Hạ đường huyết, đường huyết thấp",7
低,忽高忽低,hū gāo hū dī,lên và xuống,7
住,记住,jì zhù,"nhớ kỹ, ghi nhớ",1
住,住房,zhù fáng,nhà ở,2
住,住院,zhù yuàn,nằm viện,2
住,站住,zhàn zhu,dừng lại,2
住,忍不住,rěn bu zhù,không thể chịu nổi,2
住,抓住,zhuā zhù,bắt giữ,3
住,住宅,zhù zhái,nhà ở,4
住,居住,jū zhù,"cư trú, sống",4
住,住处,zhù chù,nơi ở,6
住,住址,zhù zhǐ,địa chỉ,7
住,住宿,zhù sù,ở lại qua đêm,7
住,住户,zhù hù,hộ gia đình,7
住,禁不住,jīn bu zhù,không thể giúp được,7
住,衣食住行,yī shí zhù xíng,nhu yếu phẩm,7
佐,佐料,zuǒ liào,gia vị,7
佑,保佑,bǎo yòu,ban phước và bảo vệ,3
体,身体,shēn tǐ,cơ thể,1
体,体育,tǐ yù,thể thao,2
体,全体,quán tǐ,toàn bộ,2
体,体育场,tǐ yù chǎng,sân vận động,2
体,体育馆,tǐ yù guǎn,"sân vận động, nhà thi đấu",2
体,体会,tǐ huì,hiểu,3
体,体现,tǐ xiàn,hiện thân,3
体,体系,tǐ xì,hệ thống,3
体,体验,tǐ yàn,trải nghiệm,3
体,具体,jù tǐ,cụ thể,3
体,团体,tuán tǐ,nhóm,3
体,媒体,méi tǐ,truyền thông đại chúng,3
体,整体,zhěng tǐ,toàn thể,3
体,液体,yè tǐ,chất lỏng,3
体,集体,jí tǐ,tập thể,3
体育,体育场,tǐ yù chǎng,sân vận động,2
体育,体育馆,tǐ yù guǎn,"sân vận động, nhà thi đấu",2
体育,体育迷,tǐ yù mí,"người hâm mộ thể thao, fan thể thao",3
何,任何,rèn hé,bất kỳ,2
何,如何,rú hé,Như thế nào?,3
何,何尝,hé cháng,"nào có, đâu có (trong câu hỏi tu từ biểu thị phủ định hoặc khẳng định)",4
何,何况,hé kuàng,chưa kể đến,5
何,何必,hé bì,Tại sao?,5
何,为何,wèi hé,tại sao,6
何,何处,hé chù,ở đâu,7
何,何时,hé shí,khi nào,7
何,何苦,hé kǔ,tại sao phải bận tâm,7
何,无可奈何,wú kě nài hé,không có cách nào khác,7
何,无论如何,wú lùn rú hé,bất kể thế nào,7
何,谈何容易,tán hé róng yì,"Nói thì dễ nhưng làm thì khó, không dễ chút nào",7
余,课余,kè yú,"Ngoài giờ học, giờ giải lao.",2
余,业余,yè yú,thời gian rảnh,4
余,其余,qí yú,còn lại,4
余,余地,yú dì,không gian,7
余,余额,yú'é,số dư,7
余,剩余,shèng yú,dư thừa; còn lại,7
余,多余,duō yú,"thừa thãi, dư",7
佛,仿佛,fǎng fú,dường như,3
佛,佛教,fó jiào,Phật giáo,3
佛,佛像,fó xiàng,tượng Phật,5
作,作业,zuò yè,bài tập,1
作,作文,zuò wén,bài văn,1
作,动作,dòng zuò,"chuyển động, hành động",1
作,工作,gōng zuò,công việc,1
作,作为,zuò wéi,như,2
作,作家,zuò jiā,nhà văn,2
作,作用,zuò yòng,tác dụng,2
作,叫作,jiào zuò,gọi là,2
作,作品,zuò pǐn,tác phẩm,3
作,作者,zuò zhě,tác giả,3
作,写作,xiě zuò,viết; sáng tác,3
作,创作,chuàng zuò,"sáng tác, sản xuất",3
作,制作,zhì zuò,chế tạo,3
作,合作,hé zuò,hợp tác,3
作,拙作,zhuō zuò,Tác phẩm dở tệ (cách nói khiêm tốn của tác phẩm của mình),3
作为,无所作为,wú suǒ zuò wéi,không làm gì cả,7
作物,农作物,nóng zuò wù,cây trồng,7
作用,副作用,fù zuò yòng,tác dụng phụ,7
佞,佞臣,nìng chén,"Nịnh thần, gian thần",8
你,你们,nǐ men,các bạn,1
你,你好,nǐ hǎo,xin chào,1
佣,雇佣,gù yōng,thuê,6
佣,佣妇,yōng fù,"người giúp việc, người làm công",7
佩,佩服,pèi fú,khâm phục,3
佩,钦佩,qīn pèi,ngưỡng mộ,6
佩,敬佩,jìng pèi,kính trọng,7
佳,佳肴,jiā yáo,cao lương mỹ vị,4
佳,最佳,zuì jiā,tốt nhất,6
佳,佳节,jiā jié,thời gian lễ hội vui vẻ,7
使,使用,shǐ yòng,sử dụng,2
使,大使馆,dà shǐ guǎn,đại sứ quán,3
使,使劲,shǐ jìn,gắng sức,4
使,促使,cù shǐ,"thúc giục, thúc đẩy",4
使,即使,jí shǐ,ngay cả khi,4
使,使劲儿,shǐ jìnr,"dùng sức, cố sức",5
使,使命,shǐ mìng,sứ mệnh,6
使,大使,dà shǐ,đại sứ,6
使,使唤,shǐ huàn,ra lệnh,7
使,使者,shǐ zhě,đặc phái viên,7
使,假使,jiǎ shǐ,nếu,7
使,天使,tiān shǐ,thiên thần,7
使,致使,zhì shǐ,gây ra,7
使,行使,xíng shǐ,thực hiện (quyền),7
使,迫使,pò shǐ,ép buộc,7
使劲,使劲儿,shǐ jìnr,"dùng sức, cố sức",5
侃,侃侃而谈,kǎn kǎn ér tán,"Nói chuyện trôi chảy, hùng hồn",6
侃,调侃,tiáo kǎn,trêu chọc,7
侃,侃大山,kǎn dà shān,tám chuyện,7
侄,侄女,zhí nǚ,Cháu gái (con của anh/em trai),6
侄,侄子,zhí zi,Cháu trai (con của anh/em trai),6
侈,奢侈,shē chǐ,xa hoa,3
例,例如,lì rú,ví dụ,2
例,例子,lì zi,ví dụ,2
例,比例,bǐ lì,tỷ lệ,3
例,例外,lì wài,ngoại lệ,4
例,惯例,guàn lì,thông lệ,6
例,案例,àn lì,trường hợp,6
例,破例,pò lì,"phá vỡ quy tắc, làm ngoại lệ",6
例,举例,jǔ lì,đưa ra một ví dụ,7
例,先例,xiān lì,tiền lệ,7
例,条例,tiáo lì,quy định,7
例,照例,zhào lì,"theo thường lệ, thường xuyên",7
例,特例,tè lì,ngoại lệ,7
例,史无前例,shǐ wú qián lì,vô tiền khoáng hậu,7
侍,侍候,shì hòu,phục vụ,7
供,供应,gōng yìng,cung cấp,4
供,提供,tí gōng,cung cấp,4
供,供给,gōng jǐ,cung cấp,6
供,供不应求,gōng bù yìng qiú,cầu vượt cung,6
供,供奉,gòng fèng,dâng lễ,7
供,供暖,gōng nuǎn,sưởi ấm,7
供,供求,gōng qiú,cung và cầu,7
依,依凭,yī píng,"dựa vào, nương tựa vào",4
依,依然,yī rán,vẫn,4
依,依靠,yī kào,phụ thuộc vào; hỗ trợ,5
依,依托,yī tuō,phụ thuộc,6
依,依据,yī jù,cơ sở; tuân thủ theo; theo,6
依,依赖,yī lài,phụ thuộc,6
依,依依不舍,yī yī bù shě,không nỡ rời,7
依,相依为命,xiāng yī wéi mìng,tương trợ nhau,7
侠,侠义,xiá yì,hiệp nghĩa,7
侣,情侣,qíng lǚ,người yêu,5
侣,伴侣,bàn lǚ,"bạn đời, đồng hành",6
侦,侦探,zhēn tàn,thám tử,6
侦,侦察,zhēn chá,trinh sát,7
侧,两侧,liǎng cè,hai bên,6
侧,侧重,cè zhòng,đặc biệt nhấn mạnh,7
侧,侧面,cè miàn,mặt bên,7
侨,华侨,huá qiáo,người Hoa ở nước ngoài,3
侮,欺侮,qī wǔ,"Bắt nạt, ức hiếp, lấn át",3
侮,侮辱,wǔ rǔ,xúc phạm,6
侵,侵犯,qīn fàn,xâm phạm,3
侵,侵占,qīn zhàn,chiếm đoạt,7
侵,侵害,qīn hài,xâm phạm,7
侵,侵权,qīn quán,vi phạm quyền,7
侵,侵略,qīn lüè,xâm lược,7
侵,入侵,rù qīn,xâm lược,7
便,便宜,pián yi,rẻ,1
便,随便,suí biàn,tùy ý,1
便,方便,fāng biàn,thuận tiện,2
便,方便面,fāng biàn miàn,mì ăn liền,2
便,顺便,shùn biàn,tiện thể; nhân tiện,3
便,便条,biàn tiáo,ghi chú,5
便,不便,bù biàn,bất tiện,6
便,以便,yǐ biàn,để,6
便,便于,biàn yú,tiện lợi cho,6
便,便利,biàn lì,tiện lợi,6
便,便是,biàn shì,chính là,6
便,即便,jí biàn,ngay cả khi,6
便,便捷,biàn jié,thuận tiện và nhanh chóng,7
便,便道,biàn dào,vỉa hè,7
便,便饭,biàn fàn,bữa ăn đơn giản,7
便利,便利店,biàn lì diàn,cửa hàng tiện lợi,7
促,促使,cù shǐ,"thúc giục, thúc đẩy",4
促,促进,cù jìn,thúc đẩy,4
促,促销,cù xiāo,khuyến mãi,4
促,短促,duǎn cù,ngắn ngủi,6
促,促成,cù chéng,thúc đẩy,7
促,催促,cuī cù,giục giã,7
促,敦促,dūn cù,thúc giục,7
促,督促,dū cù,giám sát và thúc giục,7
俄,俄罗斯,É luó sī,Nga,1
俄,白俄罗斯,Bái é luó sī,Belarus,1
俄,俄语,É yǔ,tiếng Nga,7
俄罗斯,白俄罗斯,Bái é luó sī,Belarus,1
俊,英俊,yīng jùn,tài năng xuất chúng,5
俊,俊俏,jùn qiào,xinh xắn và duyên dáng,7
俏,俊俏,jùn qiào,xinh xắn và duyên dáng,7
俗,俗话,sú huà,tục ngữ,3
俗,风俗,fēng sú,tập tục,4
俗,入乡随俗,rù xiāng suí sú,nhập gia tùy tục,5
俗,习俗,xí sú,"phong tục, tập quán",6
俗,通俗,tōng sú,phổ biến,6
俗,俗气,sú qi,"tầm thường, thô tục, kém sang, phàm tục",7
俗,俗语,sú yǔ,tục ngữ,7
俗,庸俗,yōng sú,"thô tục, tầm thường",7
俗,民俗,mín sú,phong tục dân gian,7
俗,俗话说,sú huà shuō,có câu nói,7
俗,约定俗成,yuē dìng sú chéng,thiết lập theo tập quán,7
俗,世俗,shì sú,"Thế tục, phàm tục",8
俗,俗不可耐,sú bù kě nài,"Tục tĩu không chịu nổi, thô tục đến không thể chịu đựng được",8
俗话,俗话说,sú huà shuō,có câu nói,7
俘,俘虏,fú lǔ,bị bắt làm tù binh,6
俘,俘获,fú huò,bắt giữ,7
保,保洁,bǎo jié,"giữ gìn vệ sinh, làm sạch",2
保,保佑,bǎo yòu,ban phước và bảo vệ,3
保,保存,bǎo cún,lưu trữ,3
保,保安,bǎo'ān,bảo vệ,3
保,保护,bǎo hù,bảo vệ,3
保,保持,bǎo chí,duy trì,3
保,保留,bǎo liú,giữ lại,3
保,保证,bǎo zhèng,bảo đảm,3
保,保险,bǎo xiǎn,bảo hiểm,3
保,环保,huán bǎo,bảo vệ môi trường,3
保,确保,què bǎo,đảm bảo,3
保,保守,bǎo shǒu,bảo thủ,4
保,保密,bǎo mì,bảo mật,4
保,担保,dān bǎo,đảm bảo,4
保,保养,bǎo yǎng,chăm sóc tốt sức khỏe,5
信,明信片,míng xìn piàn,bưu thiếp,1
信,信号,xìn hào,tín hiệu,2
信,信心,xìn xīn,tự tin,2
信,信息,xìn xī,thông tin,2
信,相信,xiāng xìn,tin tưởng,2
信,短信,duǎn xìn,tin nhắn SMS,2
信,信用卡,xìn yòng kǎ,thẻ tín dụng,2
信,信任,xìn rèn,tin tưởng,3
信,信封,xìn fēng,phong bì,3
信,迷信,mí xìn,mê tín,3
信,通信,tōng xìn,thư từ,3
信,书信,shū xìn,"Thư từ, thư tín",4
信,微信,wēi xìn,WeChat,4
信,自信,zì xìn,tự tin,4
信,诚信,chéng xìn,trung thực,4
信心,自信心,zì xìn xīn,tự tin,7
信用,信用卡,xìn yòng kǎ,thẻ tín dụng,2
俭,节俭,jié jiǎn,tiết kiệm,7
俭,勤工俭学,qín gōng jiǎn xué,vừa học vừa làm,7
修,修剪,xiū jiǎn,"cắt tỉa, sửa sang",3
修,修改,xiū gǎi,sửa đổi,3
修,修理,xiū lǐ,sửa chữa,4
修,维修,wéi xiū,bảo trì,4
修,装修,zhuāng xiū,cải tạo,4
修,修养,xiū yǎng,đào tạo,5
修,修建,xiū jiàn,xây dựng,6
修,修车,xiū chē,sửa xe,6
修,必修,bì xiū,bắt buộc,6
修,保修,bǎo xiū,bảo hành,7
修,修正,xiū zhèng,sửa chữa,7
修,修补,xiū bǔ,sửa chữa,7
修,修订,xiū dìng,sửa đổi,7
修,修路,xiū lù,sửa đường,7
修,修长,xiū cháng,cao và mảnh,7
俯,俯视,fǔ shì,"Nhìn xuống, nhìn từ trên cao",6
俯,俯首,fǔ shǒu,cúi đầu,7
俱,与日俱增,yǔ rì jù zēng,tăng theo từng ngày,3
俱,俱乐部,jù lè bù,câu lạc bộ,5
俱,一应俱全,yī yīng jù quán,đầy đủ mọi thứ cần thiết,7
俱,与时俱进,yǔ shí jù jìn,theo kịp thời đại,7
俱,面面俱到,miàn miàn jù dào,chu đáo,7
倍,事半功倍,shì bàn gōng bèi,tốn ít công sức mà hiệu quả cao,4
倍,加倍,jiā bèi,"Gấp đôi, tăng gấp bội.",8
倒,倒霉,dǎo méi,vận rủi; không may,1
倒,倒车,dào chē,lùi xe,4
倒,反倒,fǎn dào,ngược lại,4
倒,倒闭,dǎo bì,phá sản,5
倒,摔倒,shuāi dǎo,ngã,5
倒,倒是,dào shi,"thực tế, ngược lại",6
倒,颠倒,diān dǎo,đảo ngược,6
倒,倒下,dǎo xià,sụp đổ,7
倒,倒卖,dǎo mài,đầu cơ,7
倒,倒塌,dǎo tā,sụp đổ,7
倒,倒数,dào shǔ,đếm ngược,7
倒,压倒,yā dǎo,áp đảo,7
倒,打倒,dǎ dǎo,đánh bại,7
倒,晕倒,yūn dǎo,ngất xỉu,7
倒,倒计时,dào jì shí,đếm ngược,7
倔,倔强,juéjiàng,bướng bỉnh,6
倘,倘若,tǎng ruò,giả sử,6
候,时候,shí hou,thời gian,1
候,有时候,yǒu shí hou,đôi khi,1
候,小时候,xiǎo shí hou,Hồi nhỏ,2
候,这时候,zhè shí hòu,lúc này,2
候,那时候,nà shí hòu,lúc đó,2
候,气候,qì hòu,khí hậu,3
候,候补,hòu bǔ,"dự bị, dự khuyết",4
候,问候,wèn hòu,gửi lời chào,4
候,等候,děng hòu,chờ đợi,5
候,伺候,cì hou,phục vụ,6
候,候选,hòu xuǎn,ứng cử,6
候,侍候,shì hòu,phục vụ,7
候,守候,shǒu hòu,trông nom,7
候,火候,huǒ hòu,kiểm soát nhiệt độ trong nấu ăn,7
候,稍候,shāo hòu,chờ một lúc,7
候选,候选人,hòu xuǎn rén,ứng cử viên,7
借,借口,jiè kǒu,lời bào chữa; viện cớ,5
借,借助,jiè zhù,với sự giúp đỡ của,6
借,借鉴,jiè jiàn,tham khảo,6
借,借条,jiè tiáo,giấy vay nợ,7
借,借款,jiè kuǎn,"Tiền vay, khoản vay; vay tiền",7
借,借用,jiè yòng,mượn,7
借,凭借,píng jiè,dựa vào,7
借,借故,jiè gù,"Lấy cớ, viện cớ",8
倡,提倡,tí chàng,đề xướng,3
倡,倡议,chàng yì,đề xuất,6
倦,厌倦,yàn juàn,chán nản,6
倦,疲倦,pí juàn,mệt mỏi,6
倦,倦怠,juàn dài,"Mệt mỏi rã rời, uể oải, chán nản",7
倪,端倪,duān ní,"Manh mối, dấu hiệu, khởi đầu",3
债,债券,zhài quàn,trái phiếu,6
债,债务,zhài wù,nợ,7
值,价值,jià zhí,giá trị,3
值,值得,zhí dé,đáng giá,3
值,价值观,jià zhí guān,giá trị,3
值,值班,zhí bān,trực ban,5
值,不值,bù zhí,không đáng,6
值,升值,shēng zhí,tăng giá trị,6
值,增值,zēng zhí,tăng giá trị,6
值,产值,chǎn zhí,giá trị sản xuất,7
值,值钱,zhí qián,giá trị,7
值,贬值,biǎn zhí,phá giá,7
倾,倾向,qīng xiàng,khuynh hướng,5
倾,倾斜,qīng xié,nghiêng; thiên vị,6
倾,倾听,qīng tīng,lắng nghe chăm chú,7
倾,倾诉,qīng sù,tâm sự,7
倾,倾销,qīng xiāo,bán phá giá,7
倾,倾家荡产,qīng jiā dàng chǎn,mất sạch tài sản gia đình,7
倾,倾盆大雨,qīng pén dà yǔ,"Mưa như trút nước, mưa xối xả",7
倾,倾心,qīng xīn,"Hâm mộ, ngưỡng mộ, say đắm, dốc hết lòng",8
假,假期,jià qī,kỳ nghỉ,1
假,放假,fàng jià,nghỉ phép,1
假,请假,qǐng jià,xin nghỉ phép,1
假,请假条,qǐng jià tiáo,Giấy xin nghỉ phép,1
假,休假,xiū jià,nghỉ phép,2
假,寒假,hán jià,kỳ nghỉ đông,2
假,暑假,shǔ jià,kỳ nghỉ hè,2
假,假若,jiǎ ruò,"nếu như, giả sử",3
假,度假,dù jià,đi nghỉ mát,3
假,假如,jiǎ rú,nếu,4
假,放暑假,fàng shǔ jià,đi nghỉ hè,4
假,假设,jiǎ shè,giả định; giả thuyết,5
假,不假思索,bù jiǎ sī suǒ,không cần suy nghĩ,5
假,假日,jià rì,"ngày nghỉ, ngày lễ",6
假,假装,jiǎ zhuāng,giả vờ,6
假日,节假日,jié jià rì,ngày lễ,6
偏,偏偏,piān piān,trái lý; không may,3
偏,偏爱,piān ài,"thiên vị, yêu thích đặc biệt",3
偏,偏僻,piān pì,hẻo lánh,6
偏,偏差,piān chā,sai lệch,6
偏,偏向,piān xiàng,nghiêng về,7
偏,偏方,piān fāng,phương thuốc dân gian,7
偏,偏见,piān jiàn,định kiến,7
偏,偏远,piān yuǎn,xa xôi,7
做,做客,zuò kè,làm khách,1
做,做梦,zuò mèng,có một giấc mơ,1
做,做饭,zuò fàn,nấu ăn,1
做,做到,zuò dào,làm được,2
做,做法,zuò fǎ,cách nấu,2
做,做戏,zuò xì,"diễn kịch; làm ra vẻ, giả vờ",4
做,做伴,zuò bàn,"Làm bạn, bầu bạn",6
做,当做,dàng zuò,"coi như, xem như",6
做,做证,zuò zhèng,làm chứng,7
做,定做,dìng zuò,làm theo yêu cầu,7
做,做生意,zuò shēng yì,làm ăn,7
停,不停,bù tíng,không ngừng,1
停,停止,tíng zhǐ,dừng lại,2
停,停车,tíng chē,"dừng xe, đỗ xe",2
停,停车场,tíng chē chǎng,bãi đậu xe,2
停,停下,tíng xià,dừng lại,4
停,停留,tíng liú,ở lại,5
停,暂停,zàn tíng,tạm dừng,5
停,停泊,tíng bó,neo đậu,6
停,停滞,tíng zhì,đình trệ,6
停,停顿,tíng dùn,tạm dừng,6
停,停业,tíng yè,đóng cửa,7
停,停放,tíng fàng,đậu xe,7
停,停电,tíng diàn,mất điện,7
停,停车位,tíng chē wèi,chỗ đậu xe,7
停车,停车场,tíng chē chǎng,bãi đậu xe,2
停车,停车位,tíng chē wèi,chỗ đậu xe,7
健,健康,jiàn kāng,khỏe mạnh; sức khỏe,2
健,健美,jiàn měi,khỏe đẹp,3
健,健全,jiàn quán,lành mạnh; tăng cường,5
健,健身,jiàn shēn,"giữ gìn sức khỏe, tập thể dục",5
健,保健,bǎo jiàn,chăm sóc sức khỏe,6
健,健壮,jiàn zhuàng,khỏe mạnh,7
健,稳健,wěn jiàn,vững chắc,7
偶,偶尔,ǒu ěr,thỉnh thoảng,2
偶,偶像,ǒu xiàng,thần tượng,3
偶,偶然,ǒu rán,ngẫu nhiên,5
偶,配偶,pèi'ǒu,vợ/chồng,6
偶,木偶,mù'ǒu,hình ảnh bằng gỗ,7
偶,无独有偶,wú dú yǒu ǒu,"Không phải là trường hợp duy nhất, trùng hợp ngẫu nhiên",7
偷,偷懒,tōu lǎn,lười biếng,1
偷,偷偷,tōu tōu,lén lút,6
偷,偷看,tōu kàn,nhìn trộm,7
偷,偷窥,tōu kuī,nhìn trộm,7
偿,无偿,wú cháng,miễn phí,4
偿,补偿,bǔ cháng,đền bù,5
偿,赔偿,péi cháng,bồi thường; đền bù,5
偿,偿还,cháng huán,trả lại,6
偿,如愿以偿,rú yuàn yǐ cháng,hoàn thành ước nguyện,7
偿,得不偿失,dé bù cháng shī,được không bù mất,7
傅,师傅,shī fu,"thầy, công nhân lành nghề",1
傍,傍晚,bàng wǎn,buổi tối,5
储,储量,chǔ liàng,Trữ lượng,3
储,储备,chǔ bèi,dự trữ,6
储,储存,chú cún,lưu trữ,6
储,储蓄,chǔ xù,tiết kiệm; tiền tiết kiệm,7
催,催促,cuī cù,giục giã,7
催,催眠,cuī mián,thôi miên,7
傲,骄傲,jiāo'ào,tự hào,2
傲,傲慢,ào màn,kiêu ngạo,7
傲,高傲,gāo ào,kiêu ngạo,7
傻,傻里傻气,shǎ li shǎ qì,"Ngây ngô, khờ khạo, ngớ ngẩn",3
傻,傻瓜,shǎ guā,ngốc nghếch,7
像,好像,hǎo xiàng,dường như,1
像,偶像,ǒu xiàng,thần tượng,3
像,像样,xiàng yàng,khá,3
像,佛像,fó xiàng,tượng Phật,5
像,摄像,shè xiàng,quay video,5
像,摄像机,shè xiàng jī,máy quay phim,5
像,录像,lù xiàng,quay video,6
像,肖像,xiào xiàng,chân dung,6
像,音像,yīn xiàng,âm thanh và hình ảnh,6
像,不像话,bù xiàng huà,Quá đáng!,6
像,图像,tú xiàng,hình ảnh,7
像,影像,yǐng xiàng,hình ảnh,7
像,像模像样,xiàng mú xiàng yàng,"Có vẻ ra dáng, có vẻ tươm tất, đàng hoàng",8
像样,像模像样,xiàng mú xiàng yàng,"Có vẻ ra dáng, có vẻ tươm tất, đàng hoàng",8
僚,官僚,guān liáo,quan chức,7
僚,官僚主义,guān liáo zhǔ yì,chủ nghĩa quan liêu,7
僧,僧人,sēng rén,nhà sư,7
僵,僵硬,jiāng yìng,cứng nhắc,6
僵,僵化,jiāng huà,trở nên cứng nhắc,7
僵,僵局,jiāng jú,bế tắc,7
僻,偏僻,piān pì,hẻo lánh,6
僻,乖僻,guāi pì,"lập dị, kỳ quặc; quái gở",7
僻,僻静,pì jìng,hiu quạnh,7
儒,儒家,rú jiā,Nho giáo,3
儒,儒学,rú xué,Nho giáo,7
儿,儿子,ér zi,con trai,1
儿,劲儿,jìnr,"Sức lực, khí lực; hứng thú, tinh thần",1
儿,哪儿,nǎr,ở đâu,1
儿,女儿,nǚ'ér,con gái,1
儿,玩儿,wánr,"chơi, đi chơi, chơi đùa",1
儿,空儿,kòngr,"thời gian rảnh, lúc rảnh",1
儿,这儿,zhèr,ở đây,1
儿,那儿,nàr,"ở đó, ở kia",1
儿,馅儿,xiànr,"Nhân (bánh, há cảo...)",1
儿,一下儿,yī xiàr,"một lúc, một lần",1
儿,一会儿,yī huìr,"một lát, một chốc, một lúc",1
儿,一点儿,yì diǎnr,"một chút, một ít",1
儿,女孩儿,nǚ háir,con gái,1
儿,好好儿,hǎo hāor,"tử tế, cẩn thận, cho tốt, đàng hoàng",1
儿,好玩儿,hǎo wánr,"vui, thú vị",1
儿科,小儿科,xiǎo ér kē,"Chuyện vặt, chuyện trẻ con; khoa nhi (nghĩa đen)",3
兀,突兀,tū wù,"Đột ngột, bất ngờ; nhô cao đột ngột (cảnh vật)",7
允,允许,yǔn xǔ,cho phép,4
元,单元,dān yuán,đơn vị dân cư,3
元,美元,měi yuán,Đô la Mỹ,3
元,元旦,Yuán dàn,Tết Nguyên Đán,5
元,元素,yuán sù,nguyên tố,5
元,公元,gōng yuán,Công nguyên,5
元,元首,yuán shǒu,nguyên thủ,6
元,多元化,duō yuán huà,đa dạng hóa,6
元,元老,yuán lǎo,nguyên lão,7
元,多元,duō yuán,đa nguyên tố,7
元,状元,zhuàng yuán,người giỏi nhất,7
元,元宵节,Yuán xiāo jié,Tết Nguyên Tiêu,7
兄,兄弟,xiōng dì,anh em,4
充,充实,chōng shí,phong phú,3
充,充满,chōng mǎn,lấp đầy; đầy,3
充,补充,bǔ chōng,bổ sung,3
充,充电宝,chōng diàn bǎo,sạc dự phòng,3
充,充分,chōng fèn,đầy đủ,4
充,充电,chōng diàn,sạc,4
充,充电器,chōng diàn qì,bộ sạc,4
充,充当,chōng dāng,đóng vai trò,5
充,充沛,chōng pèi,sôi nổi,6
充,冒充,mào chōng,"giả vờ, giả danh",6
充,扩充,kuò chōng,mở rộng,6
充,填充,tián chōng,lấp đầy,7
充电,充电宝,chōng diàn bǎo,sạc dự phòng,3
充电,充电器,chōng diàn qì,bộ sạc,4
兆,预兆,yù zhào,điềm,3
兆,兆头,zhào tou,điềm báo,7
先,先生,xiān sheng,"ông, ngài, chồng",1
先,事先,shì xiān,trước,3
先,先进,xiān jìn,tiên tiến,3
先,领先,lǐng xiān,dẫn đầu,3
先,首先,shǒu xiān,trước hết,3
先,先后,xiān hòu,lần lượt,5
先,优先,yōu xiān,ưu tiên,6
先,先前,xiān qián,trước đó,6
先,先锋,xiān fēng,người tiên phong,6
先,原先,yuán xiān,nguyên bản,6
先,祖先,zǔ xiān,tổ tiên,6
先,先例,xiān lì,tiền lệ,7
先,先天,xiān tiān,bẩm sinh,7
先,预先,yù xiān,trước,7
先,争先恐后,zhēng xiān kǒng hòu,tranh nhau cố gắng để trở thành người đầu tiên,7
光,光盘,guāng pán,đĩa CD,1
光,光临,guāng lín,có mặt,2
光,阳光,yáng guāng,ánh nắng,2
光,不光,bù guāng,không chỉ,3
光,光明,guāng míng,"ánh sáng, sáng sủa",3
光,光环,guāng huán,vòng ánh sáng,3
光,五光十色,wǔ guāng shí sè,"muôn màu muôn vẻ, sặc sỡ, rực rỡ",3
光,光景,guāng jǐng,"Cảnh tượng, tình hình; thời gian, cảnh vật",4
光,灯光,dēng guāng,ánh đèn,4
光,风光,fēng guāng,"cảnh, cảnh quan",4
光,光滑,guāng huá,"bóng, mượt, mịn",5
光,光线,guāng xiàn,ánh sáng,5
光,光荣,guāng róng,vinh quang,6
光,光辉,guāng huī,rực rỡ,6
光,时光,shí guāng,thời gian,6
光明,光明磊落,guāng míng lěi luò,quang minh chính đại,7
克,巧克力,qiǎo kè lì,sô cô la,1
克,千克,qiān kè,kilôgam,2
克,克服,kè fú,khắc phục,3
克,扑克,pū kè,bài poker,3
克,萨克斯管,sà kè sī guǎn,kèn saxophone,4
克,克隆,kè lóng,nhân bản,5
克,麦克风,mài kè fēng,micro,5
克,休克,xiū kè,sốc,7
克,克制,kè zhì,kiềm chế,7
克,坦克,tǎn kè,xe tăng,7
克,克绍箕裘,kè shào jī qiú,"kế thừa sự nghiệp của cha ông, nối nghiệp gia đình",7
免,免贵,miǎn guì,không dám (lời đáp lịch sự khi được hỏi quý danh),2
免,免费,miǎn fèi,miễn phí,2
免,难免,nán miǎn,khó tránh,3
免,避免,bì miǎn,tránh,4
免,不免,bù miǎn,không tránh khỏi,6
免,以免,yǐ miǎn,để tránh,6
免,免得,miǎn de,để không,6
免,未免,wèi miǎn,thực sự,6
免,免不了,miǎn bu liǎo,không tránh khỏi,6
免,免疫,miǎn yì,miễn dịch,7
免,免职,miǎn zhí,bãi nhiệm,7
免,免除,miǎn chú,xóa bỏ,7
免,减免,jiǎn miǎn,giảm hoặc miễn,7
免,幸免,xìng miǎn,thoát hiểm,7
免,不可避免,bù kě bì miǎn,không thể tránh khỏi,7
兑,兑换,duì huàn,chuyển đổi,5
兑,兑现,duì xiàn,đổi tiền mặt,7
兔,兔子,tù zi,thỏ,4
兔,守株待兔,shǒu zhū dài tù,chờ đợi vô ích,7
党,政党,zhèng dǎng,đảng chính trị,6
兜,兜售,dōu shòu,bán dạo,7
兢,兢兢业业,jīng jīng yè yè,cẩn thận và tận tâm,6
入,入口,rù kǒu,lối vào,2
入,收入,shōu rù,thu nhập,2
入,进入,jìn rù,vào,2
入,深入,shēn rù,đi sâu vào,3
入,输入,shū rù,nhập,3
入,入睡,rù shuì,"đi vào giấc ngủ, ngủ thiếp đi",4
入,列入,liè rù,bao gồm trong danh sách,4
入,加入,jiā rù,tham gia,4
入,投入,tóu rù,"nhập, đưa vào",4
入,步入,bù rù,bước vào,4
入,入围,rù wéi,"lọt vào vòng chung kết, được chọn vào danh sách",5
入,入学,rù xué,nhập học,5
入,入座,rù zuò,"vào chỗ, ngồi vào chỗ",5
入,摄入,shè rù,"hấp thụ, đưa vào, nạp vào",5
入,纳入,nà rù,bao gồm,5
入场,入场券,rù chǎng quàn,vé vào cửa,7
全,全部,quán bù,"toàn bộ, hoàn toàn",1
全,全体,quán tǐ,toàn bộ,2
全,全国,quán guó,toàn quốc,2
全,全家,quán jiā,cả nhà,2
全,全年,quán nián,cả năm,2
全,全身,quán shēn,toàn thân,2
全,全都,quán dōu,hoàn toàn,2
全,安全,ān quán,an toàn; an ninh,2
全,完全,wán quán,hoàn toàn,2
全,全场,quán chǎng,mọi người có mặt,3
全,全局,quán jú,tình hình tổng thể,3
全,全球,quán qiú,toàn cầu; cả thế giới,3
全,全能,quán néng,toàn năng,3
全,全面,quán miàn,toàn diện,3
全,健全,jiàn quán,lành mạnh; tăng cường,5
八,八成儿,bā chéng r,"có lẽ, tám phần mười",5
八,八卦,bā guà,tin đồn,7
八,七嘴八舌,qī zuǐ bā shé,nói như bắn liên thanh,7
八,乱七八糟,luàn qī bā zāo,lộn xộn,7
八,五花八门,wǔ huā bā mén,mọi loại,7
八,四面八方,sì miàn bā fāng,bốn phương tám hướng,7
八,横七竖八,héng qī shù bā,bừa bộn,7
八,七荤八素,qī hūn bā sù,"rối tinh rối mù, lộn xộn",8
公,公司,gōng sī,công ty,1
公,公共汽车,gōng gòng qì chē,xe buýt,1
公,公园,gōng yuán,công viên,2
公,公寓,gōng yù,căn hộ,2
公,公平,gōng píng,công bằng,2
公,公斤,gōng jīn,kilôgam,2
公,公路,gōng lù,đường cao tốc,2
公,公道,gōng dao,công bằng,2
公,公里,gōng lǐ,kilômét,2
公,公交车,gōng jiāo chē,xe buýt,2
公,办公室,bàn gōng shì,văn phòng,2
公,平方公里,píng fāng gōng lǐ,Kilômét vuông (km²),2
公,公共,gōng gòng,"chung, chung",3
公,公布,gōng bù,công bố,3
公,公开,gōng kāi,công khai,3
公共,公共汽车,gōng gòng qì chē,xe buýt,1
公共,公共场所,gōng gòng chǎng suǒ,cơ sở công cộng,7
公务,公务员,gōng wù yuán,công chức,3
公安,公安局,gōng'ān jú,cục công an,6
公开,公开信,gōng kāi xìn,thư ngỏ,7
公益,公益性,gōng yì xìng,phúc lợi công cộng,7
公路,高速公路,gāo sù gōng lù,đường cao tốc,3
公里,平方公里,píng fāng gōng lǐ,Kilômét vuông (km²),2
六,星期六,xīng qī liù,thứ Bảy,1
六,五颜六色,wǔ yán liù sè,đầy màu sắc,4
兰,伊斯兰,Yī sī lán,Hồi giáo,3
兰,苏格兰,Sū gé lán,Scotland,7
兰,伊斯兰教,yī sī lán jiào,Hồi giáo,7
共,一共,yī gòng,tổng cộng,1
共,公共汽车,gōng gòng qì chē,xe buýt,1
共,共同,gòng tóng,chung,2
共,公共,gōng gòng,"chung, chung",3
共,共有,gòng yǒu,có tất cả,3
共,总共,zǒng gòng,tất cả,4
共,共计,gòng jì,tổng cộng,5
共,患难与共,huàn nàn yǔ gòng,cùng chung hoạn nạn,5
共,共享,gòng xiǎng,cùng thưởng thức,6
共,共和国,gòng hé guó,cộng hòa,6
共,共性,gòng xìng,tính chất chung,7
共,共识,gòng shí,sự đồng thuận,7
共,共鸣,gòng míng,sự đồng cảm,7
共,共同体,gòng tóng tǐ,cộng đồng,7
共,公共场所,gōng gòng chǎng suǒ,cơ sở công cộng,7
共同,共同体,gòng tóng tǐ,cộng đồng,7
关,关上,guān shàng,đóng,1
关,关系,guān xi,"liên quan đến; mối quan hệ, quan hệ",1
关,关门,guān mén,"đóng cửa (cửa hàng, doanh nghiệp), đóng cửa ra vào",1
关,没关系,méi guān xi,không sao,1
关,关心,guān xīn,quan tâm,2
关,关机,guān jī,tắt máy,2
关,关于,guān yú,về,3
关,关注,guān zhù,chú ý,3
关,有关,yǒu guān,liên quan đến; có liên quan,3
关,海关,hǎi guān,hải quan,3
关,相关,xiāng guān,liên quan,3
关,关切,guān qiè,"quan tâm, lo lắng (về)",4
关,关键,guān jiàn,"chìa khóa, trọng tâm",4
关,关闭,guān bì,đóng lại,4
关,关怀,guān huái,quan tâm,6
关系,没关系,méi guān xi,không sao,1
兴,高兴,gāo xìng,vui mừng; vui vẻ,1
兴,感兴趣,gǎn xìng qù,quan tâm đến,1
兴,兴奋,xīng fèn,hưng phấn,3
兴,兴盛,xīng shèng,"Hưng thịnh, phồn vinh",3
兴,兴趣,xìng qù,sở thích,3
兴,文艺复兴,wén yì fù xīng,"Phục hưng văn hóa, thời kỳ Phục hưng",3
兴,兴旺,xīng wàng,thịnh vượng,6
兴,兴隆,xīng lóng,phồn thịnh,6
兴,复兴,fù xīng,phục hưng,6
兴,振兴,zhèn xīng,"phục hồi, tái sinh",6
兴,新兴,xīn xīng,mới nổi,6
兴,兴致勃勃,xìng zhì bó bó,hăng hái,6
兴,兴高采烈,xìng gāo cǎi liè,trong niềm vui sướng lớn,6
兴,兴建,xīng jiàn,xây dựng,7
兴,兴致,xìng zhì,sở thích,7
兴奋,兴奋剂,xīng fèn jì,chất kích thích,7
兴致,兴致勃勃,xìng zhì bó bó,hăng hái,6
兴趣,感兴趣,gǎn xìng qù,quan tâm đến,1
兵,士兵,shì bīng,lính,4
兵,纸上谈兵,zhǐ shàng tán bīng,"nói suông, nói chuyện binh đao trên giấy (lý thuyết suông, không thực tế)",5
兵,官兵,guān bīng,cán bộ và binh lính,7
其,其中,qí zhōng,trong số đó,2
其,其他,qí tā,khác,2
其,其实,qí shí,thực ra,2
其,其次,qí cì,kế tiếp,3
其,极其,jí qí,rất,3
其,莫名其妙,mò míng qí miào,bối rối,3
其,其余,qí yú,còn lại,4
其,尤其,yóu qí,đặc biệt,4
其,与其,yǔ qí,thay vì,5
其,名副其实,míng fù qí shí,đúng với tên gọi,6
其,其后,qí hòu,sau đó,7
其,其间,qí jiān,"trong khoảng thời gian đó, trong lúc đó, giữa lúc đó",7
其,及其,jí qí,và,7
其,夸夸其谈,kuā kuā qí tán,ba hoa,7
其,恰如其分,qià rú qí fèn,thích hợp,7
其实,名副其实,míng fù qí shí,đúng với tên gọi,6
其实,言过其实,yán guò qí shí,"nói quá sự thật, nói quá lên",7
具,具体,jù tǐ,cụ thể,3
具,具有,jù yǒu,có,3
具,家具,jiā jù,đồ nội thất,3
具,工具,gōng jù,công cụ,3
具,玩具,wán jù,đồ chơi,3
具,具备,jù bèi,có,4
具,文具,wén jù,văn phòng phẩm,5
具,道具,dào jù,đạo cụ,5
具,出具,chū jù,cấp,7
具,别具匠心,bié jù jiàng xīn,có sự khéo léo,7
具,玩具熊,wán jù xióng,"Gấu bông, gấu đồ chơi",8
典,词典,cí diǎn,từ điển,1
典,字典,zì diǎn,từ điển,2
典,典型,diǎn xíng,điển hình,3
典,古典,gǔ diǎn,cổ điển,3
典,经典,jīng diǎn,"kinh điển, tiêu biểu",3
典,典礼,diǎn lǐ,lễ,5
典,典范,diǎn fàn,mẫu mực,7
典,庆典,qìng diǎn,lễ kỷ niệm,7
典,引经据典,yǐn jīng jù diǎn,trích dẫn kinh điển,7
养,营养,yíng yǎng,dinh dưỡng,2
养,养活,yǎng huo,nuôi dưỡng,3
养,教养,jiào yǎng,nuôi nấng,3
养,疗养院,liáo yǎng yuàn,"viện điều dưỡng, nhà an dưỡng",3
养,养成,yǎng chéng,nuôi dưỡng,4
养,喂养,wèi yǎng,cho ăn,4
养,培养,péi yǎng,đào tạo,4
养,收养,shōu yǎng,nhận nuôi,4
养,疗养,liáo yǎng,nghỉ dưỡng,4
养,保养,bǎo yǎng,chăm sóc tốt sức khỏe,5
养,修养,xiū yǎng,đào tạo,5
养,养老,yǎng lǎo,hưởng thụ cuộc sống về hưu,6
养,抚养,fǔ yǎng,nuôi dưỡng,6
养,饲养,sì yǎng,nuôi dưỡng,6
养,休养,xiū yǎng,hồi phục,7
养老,养老金,yǎng lǎo jīn,lương hưu tuổi già,7
养老,养老院,yǎng lǎo yuàn,nhà dưỡng lão,7
兼,兼容,jiān róng,tương thích,4
兼,兼职,jiān zhí,công việc bán thời gian,5
兼,统筹兼顾,tǒng chóu jiān gù,tính toán tổng thể,6
兼,兼任,jiān rèn,kiêm nhiệm,7
兼,兼顾,jiān gù,đồng thời tham dự,7
兼顾,统筹兼顾,tǒng chóu jiān gù,tính toán tổng thể,6
兽,飞禽走兽,fēi qín zǒu shòu,chim thú,6
兽,走兽,zǒu shòu,"thú chạy, động vật đi lại (trên cạn)",7
兽,野兽,yě shòu,động vật hoang dã,7
内,内容,nèi róng,nội dung,2
内,内心,nèi xīn,nội tâm,3
内,国内,guó nèi,trong nước,3
内,室内乐,shì nèi yuè,nhạc thính phòng,3
内,以内,yǐ nèi,trong vòng,4
内,内在,nèi zài,nội tại,4
内,内科,nèi kē,nội khoa,4
内,内部,nèi bù,bên trong,4
内,内向,nèi xiàng,hướng nội,5
内,室内,shì nèi,"trong nhà, nội thất",5
内,内地,nèi dì,nội địa,6
内,内外,nèi wài,bên trong và bên ngoài,6
内,内涵,nèi hán,hàm ý,6
内,内衣,nèi yī,đồ lót,6
内,内存,nèi cún,bộ nhớ trong,7
内外,海内外,hǎi nèi wài,trong và ngoài nước,7
冈,山冈,shān gāng,đồi thấp,7
册,注册,zhù cè,đăng ký,5
册,手册,shǒu cè,sổ tay,7
册,画册,huà cè,album ảnh,7
再,再见,zài jiàn,Tạm biệt,1
再,再说,zài shuō,hơn nữa,2
再,再版,zài bǎn,"tái bản, in lại",3
再,一再,yī zài,nhiều lần,4
再,再三,zài sān,hết lần này đến lần khác,4
再,不再,bù zài,không còn nữa,6
再,再生,zài shēng,tái sinh,6
再,再度,zài dù,lại,7
再,再现,zài xiàn,tái hiện,7
冒,感冒,gǎn mào,cảm; bị cảm,1
冒,冒险,mào xiǎn,phiêu lưu,2
冒,冒充,mào chōng,"giả vờ, giả danh",6
冒,假冒,jiǎ mào,giả mạo,7
冒,冒昧,mào mèi,tự tin,7
冒,冒犯,mào fàn,xúc phạm,7
冗,冗长,rǒng cháng,dài dòng,7
写,听写,tīng xiě,nghe viết,1
写,写作,xiě zuò,viết; sáng tác,3
写,拼写,pīn xiě,"đánh vần, chính tả",3
写,书写,shū xiě,viết,4
写,抄写,chāo xiě,sao chép,4
写,描写,miáo xiě,mô tả,4
写,刻写,kè xiě,"khắc viết, khắc lên",6
写,写字台,xiě zì tái,bàn viết,6
写,写字楼,xiě zì lóu,tòa nhà văn phòng,6
写,写照,xiězhào,miêu tả,7
写,填写,tián xiě,điền vào,7
写,撰写,zhuàn xiě,viết,7
写,编写,biān xiě,"viết, soạn thảo",7
军,亚军,yà jūn,Á quân,5
军,军事,jūn shì,quân sự,5
军,军队,jūn duì,quân đội,5
军,冠军,guàn jūn,vô địch,5
军,将军,jiāng jūn,tướng quân,5
军,军舰,jūn jiàn,tàu chiến,6
军,季军,jì jūn,huy chương đồng,6
军,海军,hǎi jūn,hải quân,6
军,空军,kōng jūn,không quân,6
军,陆军,lù jūn,lục quân,6
军,军官,jūn guān,sĩ quan,7
军,参军,cān jūn,gia nhập quân đội,7
军,领军,lǐng jūn,chỉ huy quân đội,7
军,千军万马,qiān jūn wàn mǎ,hàng ngàn binh mã,7
农,农村,nóng cūn,vùng nông thôn,2
农,农民,nóng mín,nông dân,2
农,农业,nóng yè,nông nghiệp,3
农,农产品,nóng chǎn pǐn,sản phẩm nông nghiệp,4
农,农历,nóng lì,lịch âm,5
农,农场,nóng chǎng,nông trại,7
农,农作物,nóng zuò wù,cây trồng,7
农,农民工,nóng mín gōng,công nhân di cư,7
农民,农民工,nóng mín gōng,công nhân di cư,7
冠,冠军,guàn jūn,vô địch,5
冠,夺冠,duó guàn,giành chức vô địch,7
冤,冤枉,yuān wǎng,đối xử không công bằng,6
冥,苦思冥想,kǔ sī míng xiǎng,"vắt óc suy nghĩ, suy nghĩ nát óc, trầm tư mặc tưởng",7
冬,冬天,dōng tiān,mùa đông,1
冬,冬季,dōng jì,mùa đông,4
冰,冰淇淋,bīng qí lín,Kem,1
冰,冰水,bīng shuǐ,nước đá; nước lạnh,2
冰,冰箱,bīng xiāng,tủ lạnh,2
冰,滑冰,huá bīng,trượt băng,3
冰,冰雪,bīng xuě,băng tuyết,4
冰,冰激凌,bīng jī líng,kem,4
冰,冰山,bīng shān,tảng băng trôi,7
冰,结冰,jié bīng,đóng băng,7
冰,冰棍儿,bīng gùnr,kem que,7
冰,冷冰冰,lěng bīng bīng,"lạnh như băng, lạnh nhạt, thờ ơ",8
冲,冲突,chōng tū,xung đột,3
冲,冲淡,chōng dàn,"Pha loãng, làm nhạt đi, làm phai nhạt",4
冲,冲击,chōng jī,"tấn công, đập vào",6
冲,冲刺,chōng cì,nước rút,7
冲,冲撞,chōng zhuàng,đâm vào,7
冲,冲洗,chōng xǐ,rửa phim,7
冲,冲浪,chōng làng,lướt sóng,7
决,决定,jué dìng,quyết định; quyết định,1
决,解决,jiě jué,giải quyết,1
决,决心,jué xīn,quyết tâm,2
决,决赛,jué sài,chung kết,3
决,坚决,jiān jué,quyết tâm,3
决,判决,pàn jué,phán quyết,6
决,表决,biǎo jué,bỏ phiếu,6
决,半决赛,bàn jué sài,bán kết,6
决,决议,jué yì,nghị quyết,7
决,否决,fǒu jué,"phủ quyết, bỏ phiếu chống",7
决,裁决,cái jué,phán quyết,7
决,下决心,xià jué xīn,"quyết định, quyết tâm",7
决,取决于,qǔ jué yú,được xác định bởi,7
决,犹豫不决,yóu yù bù jué,do dự,7
决心,下决心,xià jué xīn,"quyết định, quyết tâm",7
决赛,半决赛,bàn jué sài,bán kết,6
况,情况,qíng kuàng,tình hình,2
况,状况,zhuàng kuàng,tình hình,3
况,何况,hé kuàng,chưa kể đến,5
况,况且,kuàng qiě,hơn nữa,7
况,实况,shí kuàng,tình hình thực tế,7
况,概况,gài kuàng,tình hình chung,7
况,路况,lù kuàng,tình trạng đường,7
冶,陶冶,táo yě,nuôi dưỡng,7
冷,冷落,lěng luò,lạnh nhạt,3
冷,冷静,lěng jìng,bình tĩnh,4
冷,制冷,zhì lěng,"làm lạnh, đông lạnh",4
冷,寒冷,hán lěng,lạnh giá,4
冷,冷淡,lěng dàn,"lạnh lùng, thờ ơ",5
冷,冷却,lěng què,"làm mát, quá trình làm mát",6
冷,冷气,lěng qì,không khí lạnh,6
冷,冷水,lěng shuǐ,nước lạnh,6
冷,冷酷,lěng kù,lạnh lùng,6
冷,冷冻,lěng dòng,đóng băng,7
冷,冷战,lěng zhàn,chiến tranh lạnh,7
冷,冷漠,lěng mò,lạnh lùng,7
冷,冷笑,lěng xiào,cười khẩy,7
冷,冷门,lěng mén,không phổ biến,7
冷,泼冷水,pō lěng shuǐ,làm nguội sự nhiệt tình,7
冷水,泼冷水,pō lěng shuǐ,làm nguội sự nhiệt tình,7
冷酷,冷酷无情,lěng kù wú qíng,"lạnh lùng, vô tình",7
冷门,爆冷门,bào lěng mén,bước ngoặt không ngờ,7
冻,速冻,sù dòng,"Đông lạnh nhanh, cấp đông",1
冻,冻结,dòng jié,đóng băng,6
冻,冷冻,lěng dòng,đóng băng,7
净,干净,gān jìng,sạch sẽ,1
净,纯净水,chún jìng shuǐ,nước tinh khiết,4
净,净化,jìng huà,làm sạch,7
净,洁净,jié jìng,sạch sẽ,7
净,一干二净,yī gān èr jìng,sạch bóng không còn gì,7
凄,凄凉,qī liáng,buồn bã,6
准,准备,zhǔn bèi,chuẩn bị,1
准,批准,pī zhǔn,phê duyệt,1
准,标准,biāo zhǔn,tiêu chuẩn,1
准,准时,zhǔn shí,đúng giờ,2
准,准确,zhǔn què,chính xác,2
准,准则,zhǔn zé,chuẩn mực,6
准,瞄准,miáo zhǔn,nhắm vào,6
准,不准,bù zhǔn,không cho phép,7
准,准许,zhǔn xǔ,cho phép,7
准,基准,jī zhǔn,tiêu chuẩn,7
准,对准,duì zhǔn,nhắm vào,7
准,水准,shuǐ zhǔn,mức độ,7
准,没准儿,méi zhǔnr,có lẽ,7
凉,凉快,liáng kuai,mát mẻ,2
凉,凉水,liáng shuǐ,nước lạnh,3
凉,着凉,zháo liáng,bị cảm,5
凉,荫凉,yìn liáng,"mát mẻ, bóng mát",5
凉,凄凉,qī liáng,buồn bã,6
凉,凉鞋,liáng xié,dép xăng đan,6
凉,荒凉,huāng liáng,hoang vu,6
凉,凉爽,liáng shuǎng,mát mẻ thoải mái,7
凉,清凉,qīng liáng,mát,7
凌,冰激凌,bīng jī líng,kem,4
凌,凌晨,líng chén,trước bình minh,7
凌,盛气凌人,shèng qì líng rén,kiêu căng,7
减,减少,jiǎn shǎo,giảm bớt,4
减,减肥,jiǎn féi,giảm cân,4
减,减免,jiǎn miǎn,giảm hoặc miễn,7
减,减压,jiǎn yā,giảm áp lực,7
减,减弱,jiǎn ruò,làm suy yếu,7
减,减速,jiǎn sù,giảm tốc độ,7
减,衰减,shuāi jiǎn,suy giảm,7
凑,凑合,còu hé,tạm bợ,6
凑,凑巧,còu qiǎo,thật tình cờ,7
凑,紧凑,jǐn còu,gọn,7
凛,威风凛凛,wēi fēng lǐn lǐn,"Oai phong lẫm liệt, hùng dũng",4
凛,凛然,lǐn rán,"Nghiêm nghị, trang trọng, trang nghiêm, đáng kính",7
凝,凝神,níng shén,"tập trung tinh thần, chăm chú, nhập tâm",4
凝,凝视,níng shì,nhìn chằm chằm,4
凝,凝聚,níngjù,ngưng tụ,6
凝,凝固,níng gù,đông đặc,7
凝,混凝土,hùn níng tǔ,bê tông,7
几,几乎,jī hū,hầu như,2
几,几率,jī lǜ,khả năng xảy ra,7
几,寥寥无几,liáo liáo wú jǐ,cực kỳ ít ỏi,7
凡,凡是,fán shì,mọi thứ,3
凡,平凡,píng fán,bình thường,6
凡,凡事,fán shì,"Mọi việc, bất cứ việc gì",7
凡,非凡,fēi fán,xuất sắc,7
凤,凤凰,fèng huáng,phượng hoàng,7
凭,依凭,yī píng,"dựa vào, nương tựa vào",4
凭,文凭,wén píng,bằng tốt nghiệp,4
凭,凭借,píng jiè,dựa vào,7
凭,凭着,píng zhe,dựa vào,7
凭,凭证,píng zhèng,chứng chỉ,7
凭,任凭,rèn píng,"mặc cho, tùy ý, bất kể",8
凯,凯歌,kǎi gē,bài ca chiến thắng,7
凰,凤凰,fèng huáng,phượng hoàng,7
凳,凳子,dèng zi,ghế đẩu,7
凶,吉凶,jí xiōng,"tốt lành hay tai họa, họa phúc",3
凶,凶手,xiōng shǒu,sát nhân,6
凶,凶恶,xiōng'è,hung ác,7
凶,凶残,xiōng cán,tàn nhẫn,7
凶,凶狠,xiōng hěn,tàn ác,7
凶,凶猛,xiōng měng,hung dữ,7
凸,凹凸,āo tū,lồi lõm,6
凸,凸显,tū xiǎn,nổi bật,7
凹,凹凸,āo tū,lồi lõm,6
凹,凹形,āo xíng,"hình lõm, hình lòng máng",7
出,出去,chū qu,ra ngoài,1
出,出发,chū fā,khởi hành,1
出,出来,chū lai,ra ngoài,1
出,出租车,chū zū chē,taxi,1
出,出口,chū kǒu,lối ra,2
出,出国,chū guó,ra nước ngoài,2
出,出现,chū xiàn,xuất hiện,2
出,出生,chū shēng,sinh ra,2
出,出租,chū zū,cho thuê,2
出,出门,chū mén,ra khỏi nhà,2
出,出院,chū yuàn,xuất viện,2
出,得出,dé chū,"đạt được, đến",2
出,找出,zhǎo chū,tìm ra,2
出,拿出,ná chū,lấy ra,2
出,提出,tí chū,đưa ra,2
出去,豁出去,huō chu qu,đánh cược,7
出发,出发点,chū fā diǎn,điểm xuất phát,7
出口,进出口,jìn chū kǒu,nhập khẩu và xuất khẩu,7
出口,出口成章,chū kǒu chéng zhāng,nói ra thành văn,7
出版,出版社,chū bǎn shè,nhà xuất bản,7
出租,出租车,chū zū chē,taxi,1
击,拳击,quán jī,"quyền anh, đấm bốc",3
击,撞击,zhuàng jī,"đánh, va chạm",3
击,射击,shè jī,bắn súng,5
击,冲击,chōng jī,"tấn công, đập vào",6
击,攻击,gōng jī,tấn công,6
击,袭击,xí jī,tấn công bất ngờ,6
击,击掌,jī zhǎng,"Vỗ tay, đập tay (để tán thành, ăn mừng)",7
击,反击,fǎn jī,phản công,7
击,抨击,pēng jī,chỉ trích,7
击,突击,tū jī,tấn công,7
击,点击率,diǎn jī lǜ,tỷ lệ nhấp,7
函,公函,gōng hán,công văn,7
函,函授,hán shòu,đào tạo từ xa,7
凿,确凿,què záo,rõ ràng,7
刀,剪刀,jiǎn dāo,kéo,4
刀,镰刀,lián dāo,liềm,4
刀,铅笔刀,qiān bǐ dāo,Gọt bút chì,7
刁,刁难,diāo nàn,gây khó khăn,7
分,分钟,fēn zhōng,phút,1
分,部分,bù fen,phần,1
分,大部分,dà bù fen,phần lớn,1
分,分之,fēn zhī,phân số,2
分,分别,fēn bié,sự khác biệt,2
分,分开,fēn kāi,chia ra,2
分,分数,fēn shù,"phân số, điểm, điểm số",2
分,十分,shí fēn,rất,2
分,一部分,yī bù fen,một phần,2
分,分泌,fēn mì,tiết ra,3
分,分组,fēn zǔ,chia thành các nhóm,3
分,分配,fēn pèi,phân phối,3
分,得分,dé fēn,nhận điểm,3
分,知识分子,zhī shì fèn zǐ,trí thức,3
分,充分,chōng fèn,đầy đủ,4
分之,百分之,bǎi fēn zhī,phần trăm của,4
切,一切,yī qiè,tất cả,2
切,亲切,qīn qiè,thân thiện,3
切,关切,guān qiè,"quan tâm, lo lắng (về)",4
切,密切,mì qiè,thân thiết,4
切,迫切,pò qiè,cấp bách,4
切,切实,qiè shí,thiết thực,6
切,急切,jí qiè,vội vàng,6
切,恳切,kěn qiè,thành thật,6
切,确切,què qiè,chính xác,6
切,切割,qiē gē,cắt,7
切,切断,qiē duàn,cắt đứt,7
切,切身,qiè shēn,cá nhân,7
切,切除,qiē chú,cắt bỏ,7
切,深切,shēn qiè,thắm thiết,7
切,贴切,tiē qiè,thích hợp,7
刊,报刊,bào kān,ấn phẩm in,6
刊,刊物,kān wù,ấn phẩm,7
刊,刊登,kān dēng,đăng báo,7
刑,刑事,xíng shì,hình sự,6
刑,刑法,xíng fǎ,luật hình sự,7
划,计划,jì huà,kế hoạch,1
划,划船,huá chuán,chèo thuyền,3
划,划分,huà fēn,phân chia,5
划,策划,cè huà,lập kế hoạch,6
划,规划,guī huà,lập kế hoạch,6
划,划算,huá suàn,có lợi,7
划,筹划,chóu huà,lên kế hoạch,7
划,划时代,huà shí dài,đánh dấu thời đại,7
列,列为,liè wéi,được phân loại là,4
列,列入,liè rù,bao gồm trong danh sách,4
列,列车,liè chē,tàu hỏa,4
列,排列,pái liè,sắp xếp,4
列,系列,xì liè,loạt,4
列,并列,bìng liè,đứng cạnh nhau,5
列,行列,háng liè,đoàn,6
列,陈列,chén liè,"trưng bày, triển lãm",6
列,列举,liè jǔ,liệt kê,7
列,一系列,yī xì liè,một loạt,7
则,法则,fǎ zé,"Quy tắc, pháp tắc, định luật",3
则,原则,yuán zé,nguyên tắc,4
则,否则,fǒu zé,nếu không thì,4
则,规则,guī zé,quy tắc,4
则,准则,zhǔn zé,chuẩn mực,6
则,以身作则,yǐ shēn zuò zé,làm gương,7
刚,刚才,gāng cái,vừa rồi,1
刚,刚刚,gāng gāng,vừa mới,2
刚,刚好,gāng hǎo,vừa đúng,6
刚,刚毅,gāng yì,kiên định,7
创,创业,chuàng yè,khởi nghiệp,3
创,创作,chuàng zuò,"sáng tác, sản xuất",3
创,创新,chuàng xīn,"sáng tạo, đổi mới",3
创,创造,chuàng zào,tạo ra,3
创,创办,chuàng bàn,thành lập,5
创,创建,chuàng jiàn,thành lập,6
创,创意,chuàng yì,sáng tạo,6
创,创立,chuàng lì,thành lập,6
创,开创,kāi chuàng,khởi đầu,6
创,创伤,chuāng shāng,vết thương,7
创,原创,yuán chuàng,nguyên bản,7
创,重创,zhòng chuāng,gây tổn thất nặng nề,7
创,首创,shǒu chuàng,khởi xướng,7
创,创始人,chuàng shǐ rén,người sáng lập,7
初,初中,chū zhōng,trường trung học cơ sở,1
初,初步,chū bù,ban đầu,3
初,初级,chū jí,sơ cấp,3
初,年初,nián chū,đầu năm,3
初,当初,dāng chū,ban đầu,3
初,最初,zuì chū,ban đầu,4
初,初级中学,chū jí zhōng xué,trường trung học cơ sở,5
初,初等,chū děng,sơ cấp,6
初,起初,qǐ chū,lúc đầu,6
初,初叶,chū yè,"đầu thế kỷ, đầu thập niên",7
初,初次,chū cì,lần đầu tiên,7
初,初衷,chūzhōng,ý định ban đầu,7
初,月初,yuè chū,đầu tháng,7
初,如梦初醒,rú mèng chū xǐng,"Như tỉnh dậy sau một giấc mơ, bừng tỉnh",7
初级,初级中学,chū jí zhōng xué,trường trung học cơ sở,5
删,删除,shān chú,xóa bỏ,5
判,判断,pàn duàn,phán đoán,3
判,谈判,tán pàn,đàm phán,3
判,判决,pàn jué,phán quyết,6
判,批判,pī pàn,chỉ trích,6
判,裁判,cái pàn,trọng tài; làm trọng tài,6
判,判处,pàn chǔ,kết án,7
判,判定,pàn dìng,xác định,7
判,审判,shěn pàn,xét xử; thử,7
判,评判,píng pàn,đánh giá; sự đánh giá,7
利,顺利,shùn lì,suôn sẻ,1
利,利用,lì yòng,sử dụng,2
利,流利,liú lì,lưu loát,2
利,胜利,shèng lì,chiến thắng,2
利,有利,yǒu lì,có lợi,3
利,锋利,fēng lì,sắc bén,3
利,大吉大利,dà jí dà lì,"đại cát đại lợi, rất may mắn và thuận lợi",3
利,利息,lì xī,lãi suất,4
利,利益,lì yì,lợi ích,4
利,权利,quán lì,quyền lợi,4
利,利润,lì rùn,lợi nhuận,5
利,吉利,jí lì,may mắn,5
利,意大利,Yì dà lì,Ý (quốc gia),5
利,保加利亚,Bǎo jiā lì yà,Bulgaria,5
利,专利,zhuān lì,bằng sáng chế,6
别,别人,bié rén,người khác,1
别,别提,bié tí,"Đừng nhắc tới (thường dùng để diễn tả sự không hài lòng, khó chịu, hoặc quá mức không cần nói thêm)",1
别,别的,bié de,khác,1
别,别客气,bié kè qi,"Đừng khách sáo, đừng ngại",1
别,分别,fēn bié,sự khác biệt,2
别,差别,chā bié,sự khác biệt,2
别,特别,tè bié,đặc biệt,2
别,别扭,biè niu,không thoải mái,3
别,区别,qū bié,phân biệt; sự khác biệt,3
别,告别,gào bié,chia tay,3
别,性别,xìng bié,giới tính,3
别,个别,gè bié,"rất ít, cá biệt",4
别,识别,shí bié,phân biệt,5
别,别墅,bié shù,biệt thự,6
别,级别,jí bié,cấp bậc,6
别提,别提了,bié tí le,Đừng nhắc đến nữa!,7
刮,刮风,guā fēng,gió thổi,3
到,听到,tīng dào,nghe,1
到,回到,huí dào,trở lại,1
到,得到,dé dào,nhận,1
到,找到,zhǎo dào,tìm thấy,1
到,来到,lái dào,đến,1
到,看到,kàn dào,nhìn thấy,1
到,迟到,chí dào,đến muộn,1
到,做到,zuò dào,làm được,2
到,到处,dào chù,khắp nơi,2
到,受到,shòu dào,nhận được,2
到,周到,zhōu dào,chu đáo,2
到,想到,xiǎng dào,nghĩ đến,2
到,感到,gǎn dào,cảm thấy,2
到,接到,jiē dào,nhận được,2
到,提到,tí dào,nhắc đến,2
到底,归根到底,guī gēn dào dǐ,cuối cùng,6
到底,说到底,shuō dào dǐ,cuối cùng,7
制,制度,zhì dù,hệ thống,2
制,制订,zhì dìng,lập,2
制,控制,kòng zhì,kiểm soát,2
制,制作,zhì zuò,chế tạo,3
制,制定,zhì dìng,thiết lập,3
制,制造,zhì zào,sản xuất,3
制,抑制,yì zhì,ức chế,3
制,制冷,zhì lěng,"làm lạnh, đông lạnh",4
制,复制,fù zhì,sao chép,4
制,研制,yán zhì,nghiên cứu và chế tạo,4
制,限制,xiàn zhì,giới hạn; hạn chế,4
制,机制,jī zhì,cơ chế,5
制,制服,zhì fú,đồng phục,6
制,制止,zhì zhǐ,ngăn chặn,6
制,制约,zhì yuē,hạn chế,6
制品,乳制品,rǔ zhì pǐn,sản phẩm sữa,6
刷,刷牙,shuā yá,đánh răng,3
刷,刷子,shuā zi,bàn chải,4
刷,牙刷,yá shuā,bàn chải đánh răng,4
刷,印刷,yìn shuā,in ấn,5
刷,刷新,shuā xīn,làm mới,7
刷,印刷术,yìn shuā shù,nghề in,7
券,债券,zhài quàn,trái phiếu,6
券,入场券,rù chǎng quàn,vé vào cửa,7
刹,刹车,shā chē,phanh; phanh lại,6
刹,刹那,chà nà,chốc lát,6
刹,一刹那,yī chà nà,khoảnh khắc,7
刹那,一刹那,yī chà nà,khoảnh khắc,7
刺,刺激,cì jī,kích thích,3
刺,讽刺,fěng cì,châm biếm,5
刺,冲刺,chōng cì,nước rút,7
刺,刺绣,cì xiù,thêu,7
刺,刺耳,cì'ěr,chói tai,7
刺,刺骨,cì gǔ,lạnh thấu xương,7
刻,深刻,shēn kè,sâu sắc,2
刻,立刻,lì kè,ngay lập tức,2
刻,时刻,shí kè,luôn luôn,3
刻,片刻,piàn kè,khoảnh khắc,3
刻,刻苦,kè kǔ,chăm chỉ,5
刻,刻写,kè xiě,"khắc viết, khắc lên",6
刻,刻意,kè yì,làm hết sức mình,7
刻,此刻,cǐ kè,lúc này,7
刻,苛刻,kē kè,khắc nghiệt,7
刻,雕刻,diāo kè,chạm khắc,7
刻,刻舟求剑,kè zhōu qiú jiàn,hành động vô ích do hoàn cảnh đã thay đổi,7
刻,镂刻,lòu kè,"Khắc chạm, khắc sâu, điêu khắc",8
剂,调剂,tiáo jì,bào chế,6
剂,兴奋剂,xīng fèn jì,chất kích thích,7
剂,洗涤剂,xǐdíjì,chất tẩy rửa,7
削,剥削,bō xuē,bóc lột,6
削,削弱,xuē ruò,làm suy yếu,7
前,前天,qián tiān,ngày hôm kia,1
前,前边,qián bian,phía trước,1
前,前面,qián miàn,phía trước,1
前,从前,cóng qián,ngày xưa,2
前,以前,yǐ qián,trước đây,2
前,前年,qián nián,năm trước nữa,2
前,面前,miàn qián,trước mặt,2
前,前后,qián hòu,trước và sau,3
前,前往,qián wǎng,rời đi,3
前,前进,qián jìn,tiến lên,3
前,提前,tí qián,trước thời hạn,3
前,目前,mù qián,hiện tại,3
前,眼前,yǎn qián,trước mắt,3
前,空前,kōng qián,chưa từng có,3
前,之前,zhī qián,trước đây,4
剑,刻舟求剑,kè zhōu qiú jiàn,hành động vô ích do hoàn cảnh đã thay đổi,7
剔,剔除,tī chú,loại bỏ,7
剔,挑剔,tiāo ti,kén chọn,7
剖,解剖,jiě pōu,giải phẫu,6
剥,剥削,bō xuē,bóc lột,6
剥,剥夺,bō duó,tước đoạt,7
剧,电视剧,diàn shì jù,phim truyền hình,1
剧,京剧,jīng jù,Kinh kịch,2
剧,剧场,jù chǎng,rạp hát,3
剧,话剧,huà jù,kịch nói,3
剧,连续剧,lián xù jù,phim truyền hình,3
剧,恶作剧,è zuò jù,"trò đùa tai quái, trò tinh quái, trò nghịch ngợm",4
剧,剧本,jù běn,kịch bản,5
剧,喜剧,xǐ jù,hài kịch,5
剧,悲剧,bēi jù,bi kịch,5
剧,戏剧,xì jù,"kịch, vở kịch",5
剧,剧烈,jù liè,dữ dội,6
剧,加剧,jiā jù,gia tăng,6
剧,急剧,jí jù,nhanh chóng,6
剧,剧团,jù tuán,đoàn kịch,7
剧,剧情,jù qíng,cốt truyện,7
剩,剩余,shèng yú,dư thừa; còn lại,7
剩,过剩,guò shèng,dư thừa,7
剩,残羹剩炙,cán gēng shèng zhì,"Cơm thừa canh cặn, đồ ăn thừa",7
剪,修剪,xiū jiǎn,"cắt tỉa, sửa sang",3
剪,剪刀,jiǎn dāo,kéo,4
剪,剪彩,jiǎn cǎi,cắt băng,6
副,名副其实,míng fù qí shí,đúng với tên gọi,6
副,副作用,fù zuò yòng,tác dụng phụ,7
割,分割,fēn gē,phân chia,7
割,切割,qiē gē,cắt,7
割,任人宰割,rèn rén zǎi gē,để cho người khác chà đạp,7
力,努力,nǔ lì,cố gắng,1
力,巧克力,qiǎo kè lì,sô cô la,1
力,听力,tīng lì,nghe hiểu,2
力,能力,néng lì,khả năng,2
力,力量,lì liang,sức mạnh,3
力,动力,dòng lì,"năng lượng, công suất",3
力,压力,yā lì,áp lực,3
力,实力,shí lì,sức mạnh thực tế,3
力,活力,huó lì,sức sống,3
力,魅力,mèi lì,sức hấp dẫn,3
力,生产力,shēng chǎn lì,"Sức sản xuất, năng suất lao động",3
力,力气,lì qì,sức mạnh,4
力,尽力,jìn lì,dốc sức,4
力,智力,zhì lì,trí lực,4
力,精力,jīng lì,năng lượng,4
劝,劝酒,quàn jiǔ,"Mời rượu, ép rượu (theo nghĩa tích cực là mời khách nhiệt tình)",1
劝,劝说,quàn shuō,thuyết phục,6
劝,劝勉,quàn miǎn,"Khuyên răn, khuyên bảo, khuyến khích",7
劝,劝告,quàn gào,khuyên bảo,7
劝,劝阻,quàn zǔ,khuyên ngăn,7
办,办法,bàn fǎ,"cách, phương pháp",1
办,举办,jǔ bàn,tổ chức,2
办,办公室,bàn gōng shì,văn phòng,2
办,怎么办,zěn me bàn,làm thế nào?,2
办,办理,bàn lǐ,xử lý,3
办,办事,bàn shì,xử lý công việc,4
办,创办,chuàng bàn,thành lập,5
办,主办,zhǔ bàn,tổ chức,6
办,办公,bàn gōng,làm việc,6
办,办学,bàn xué,quản lý trường học,6
办,办事处,bàn shì chù,văn phòng,6
办,开办,kāi bàn,thiết lập,7
办,民办,mín bàn,do nhân dân tổ chức,7
办,照办,zhào bàn,hành động theo yêu cầu,7
办,申办,shēn bàn,nộp đơn xin,7
办事,办事处,bàn shì chù,văn phòng,6
办公,办公室,bàn gōng shì,văn phòng,2
功,功课,gōng kè,bài tập,1
功,用功,yòng gōng,"chăm chỉ, cần cù",1
功,成功,chéng gōng,thành công,2
功,功夫,gōng fu,kung fu,3
功,功能,gōng néng,chức năng,3
功,事半功倍,shì bàn gōng bèi,tốn ít công sức mà hiệu quả cao,4
功,功劳,gōng láo,công lao,6
功,功效,gōng xiào,hiệu quả,6
功,气功,qì gōng,khí công,6
功,急功近利,jí gōng jìn lì,tìm kiếm thành công nhanh chóng và lợi ích tức thì,6
功,功力,gōng lì,hiệu quả,7
功,功底,gōng dǐ,kiến thức cơ bản,7
功,功率,gōng lǜ,công suất,7
功,功臣,gōng chén,người có công,7
功,立功,lì gōng,lập công,7
功夫,下功夫,xià gōng fū,bỏ công sức,7
功能,多功能,duō gōng néng,đa chức năng,7
加,参加,cān jiā,tham gia,1
加,加油,jiā yóu,Cố lên!,2
加,增加,zēng jiā,tăng,2
加,加工,jiā gōng,gia công,3
加,加强,jiā qiáng,tăng cường,3
加,加快,jiā kuài,đẩy nhanh,3
加,更加,gèng jiā,càng hơn,3
加,新加坡,Xīn jiā pō,Singapore,3
加,加入,jiā rù,tham gia,4
加,加班,jiā bān,làm thêm giờ,4
加,加油站,jiā yóu zhàn,trạm xăng,4
加,加以,jiā yǐ,xử lý,5
加,加速,jiā sù,tăng tốc,5
加,保加利亚,Bǎo jiā lì yà,Bulgaria,5
加,加剧,jiā jù,gia tăng,6
加油,加油站,jiā yóu zhàn,trạm xăng,4
务,服务员,fúwùyuán,nhân viên phục vụ,1
务,服务,fú wù,"phục vụ, dịch vụ",2
务,任务,rèn wu,nhiệm vụ,3
务,公务员,gōng wù yuán,công chức,3
务,服务台,fú wù tái,quầy lễ tân; quầy phục vụ,3
务,义务,yì wù,nghĩa vụ,4
务,商务,shāng wù,thương mại,4
务,家务,jiā wù,việc nhà,4
务,业务,yè wù,công việc chuyên nghiệp,5
务,医务,yī wù,công việc y tế,5
务,事务,shì wù,"công việc, sự vụ",6
务,务必,wù bì,chắc chắn,6
务,财务,cái wù,tài chính,6
务,债务,zhài wù,nợ,7
务,公务,gōng wù,công vụ,7
劣,恶劣,è liè,ghê tởm,3
劣,优胜劣汰,yōu shēng liè tài,sự sống sót của kẻ mạnh nhất,6
劣,劣势,liè shì,vị trí kém cỏi,7
劣,劣质,liè zhì,chất lượng kém,7
劣,拙劣,zhuō liè,vụng về,7
动,动作,dòng zuò,"chuyển động, hành động",1
动,动物,dòng wù,động vật,2
动,带动,dài dòng,dẫn dắt,2
动,感动,gǎn dòng,cảm động,2
动,活动,huó dòng,hoạt động; sự kiện,2
动,运动,yùn dòng,tập thể dục; thể thao,2
动,动物园,dòng wù yuán,sở thú,2
动,主动,zhǔ dòng,chủ động,3
动,举动,jǔ dòng,hành động,3
动,动人,dòng rén,cảm động,3
动,动力,dòng lì,"năng lượng, công suất",3
动,动摇,dòng yáo,lung lay,3
动,发动,fā dòng,"khởi động, khởi hành",3
动,推动,tuī dòng,thúc đẩy,3
动,生动,shēng dòng,sống động,3
动不动,一动不动,yīdòngbùdòng,bất động,7
动力,劳动力,láo dòng lì,lực lượng lao động,7
动员,运动员,yùn dòng yuán,vận động viên,3
动物,动物园,dòng wù yuán,sở thú,2
动画,动画片,dòng huà piàn,phim hoạt hình,4
动脉,动脉硬化,dòng mài yìng huà,"xơ vữa động mạch, xơ cứng động mạch",3
助,帮助,bāng zhù,giúp đỡ,1
助,赞助,zàn zhù,tài trợ,4
助,自助餐厅,zìzhù cāntīng,"Nhà hàng buffet, nhà hàng tự chọn",4
助,借助,jiè zhù,với sự giúp đỡ của,6
助,助手,zhù shǒu,trợ lý,6
助,助理,zhù lǐ,trợ lý,6
助,协助,xié zhù,hỗ trợ,6
助,捐助,juān zhù,quyên góp,6
助,援助,yuán zhù,giúp đỡ,6
助,救助,jiù zhù,cứu trợ,6
助,自助,zì zhù,tự phục vụ,6
助,补助,bǔ zhù,trợ cấp,6
助,资助,zī zhù,tài trợ,6
助,辅助,fǔ zhù,hỗ trợ,6
助,拔苗助长,bá miáo zhù zhǎng,bạt miêu trợ trường,6
努,努力,nǔ lì,cố gắng,1
劫,抢劫,qiǎng jié,cướp,6
劫,劫持,jié chí,bắt cóc,7
劫,浩劫,hào jié,thảm họa,7
励,鼓励,gǔ lì,khuyến khích,2
励,勉励,miǎn lì,khuyến khích,6
励,奖励,jiǎng lì,thưởng,6
励,激励,jī lì,khích lệ,6
励,励志,lì zhì,khuyến khích,7
劲,劲儿,jìnr,"Sức lực, khí lực; hứng thú, tinh thần",1
劲,使劲,shǐ jìn,gắng sức,4
劲,有劲儿,yǒu jìnr,nhiệt tình,4
劲,使劲儿,shǐ jìnr,"dùng sức, cố sức",5
劲,劲头,jìn tóu,sức mạnh,7
劲,强劲,qiáng jìng,mạnh mẽ,7
劲,没劲,méi jìn,nhàm chán,7
劲,费劲,fèi jìn,cố gắng nhiều,7
劲,起劲,qǐ jìn,hăng hái,7
劲,较劲,jiào jìn,"phản đối, tranh cãi",7
劲,一个劲儿,yī gè jìnr,liên tục,7
劲儿,有劲儿,yǒu jìnr,nhiệt tình,4
劲儿,使劲儿,shǐ jìnr,"dùng sức, cố sức",5
劲儿,一个劲儿,yī gè jìnr,liên tục,7
劳,麦当劳,Mài dāng láo,McDonald's,1
劳,劳驾,láo jià,làm ơn,2
劳,勤劳,qín láo,chăm chỉ,2
劳,劳动,láo dòng,Hoạt động thể chất hoặc trí óc để tạo ra giá trị; làm việc vất vả,5
劳,疲劳,pí láo,mệt mỏi; sự mệt mỏi,5
劳,功劳,gōng láo,công lao,6
劳,操劳,cāo láo,làm việc chăm chỉ,6
劳,代劳,dài láo,"Làm thay, giúp làm, gánh vác thay",7
劳,劳务,láo wù,dịch vụ lao động,7
劳,劳累,láo lèi,mệt mỏi,7
劳,劳动力,láo dòng lì,lực lượng lao động,7
劳,多劳多得,duō láo duō dé,"làm nhiều, hưởng nhiều",7
劳动,劳动力,láo dòng lì,lực lượng lao động,7
势,优势,yōu shì,"vị trí ưu thế, sự vượt trội",3
势,手势,shǒu shì,cử chỉ,3
势,形势,xíng shì,tình huống,4
势,趋势,qū shì,xu hướng,4
势,地势,dì shì,địa hình,5
势,姿势,zī shì,tư thế,5
势,势必,shì bì,tất yếu,6
势,声势,shēng shì,thanh thế,6
势,强势,qiáng shì,mạnh mẽ,6
势,气势,qì shì,khí thế,6
势,伤势,shāng shì,tình trạng chấn thương,7
势,劣势,liè shì,vị trí kém cỏi,7
势,势头,shì tóu,xu hướng,7
势,局势,jú shì,tình hình,7
势,弱势,ruò shì,yếu đuối,7
勃,兴致勃勃,xìng zhì bó bó,hăng hái,6
勃,朝气蓬勃,zhāo qì péng bó,năng động và tích cực,6
勃,蓬勃,péng bó,phát triển mạnh mẽ,7
勇,勇敢,yǒng gǎn,dũng cảm,4
勇,勇气,yǒng qì,dũng cảm,4
勇,英勇,yīng yǒng,anh dũng,4
勇,勇于,yǒng yú,dám,7
勇,奋勇,fèn yǒng,tập hợp tất cả lòng dũng cảm và năng lượng của mình,7
勇,勇往直前,yǒng wǎng zhí qián,dũng cảm tiến lên,7
勇,见义勇为,jiàn yì yǒng wéi,sẵn sàng chiến đấu cho lý do chính đáng,7
勉,勉励,miǎn lì,khuyến khích,6
勉,勉强,miǎn qiǎng,miễn cưỡng,6
勉,劝勉,quàn miǎn,"Khuyên răn, khuyên bảo, khuyến khích",7
勋,勋章,xūn zhāng,huy chương,7
勘,勘探,kān tàn,thăm dò,6
募,募捐,mù juān,quyên góp,7
募,招募,zhāo mù,tuyển dụng,7
勤,勤劳,qín láo,chăm chỉ,2
勤,勤奋,qín fèn,chăm chỉ,5
勤,后勤,hòu qín,hậu cần,6
勤,勤快,qín kuài,siêng năng,7
勤,殷勤,yīn qín,niềm nở,7
勤,辛勤,xīn qín,chăm chỉ,7
勤,勤工俭学,qín gōng jiǎn xué,vừa học vừa làm,7
勺,勺子,sháo zi,muỗng,3
勾,勾画,gōu huà,phác thảo,6
勾,勾结,gōu jié,câu kết,6
匀,均匀,jūn yún,"đều, phân bố đều",2
包,书包,shū bāo,cặp sách,1
包,包子,bāo zi,bánh bao,1
包,钱包,qián bāo,ví,1
包,面包,miàn bāo,bánh mì,1
包,打包,dǎ bāo,đóng gói đồ ăn mang về,3
包,皮包,pí bāo,túi xách da,3
包,包含,bāo hán,bao gồm,4
包,包容,bāo róng,bao dung,4
包,包括,bāo kuò,bao gồm,4
包,包裹,bāo guǒ,gói hàng,4
包,红包,hóng bāo,bao lì xì,4
包,包围,bāo wéi,bao vây,6
包,包袱,bāo fu,gánh nặng,6
包,包扎,bāo zā,băng bó,7
包,承包,chéng bāo,hợp đồng,7
匆,匆匆,cōng cōng,vội vã,7
匆,匆忙,cōng máng,vội vàng,7
化,化学,huà xué,hóa học,2
化,变化,biàn huà,thay đổi,2
化,文化,wén huà,văn hóa,2
化,简化字,jiǎn huà zì,Chữ giản thể,2
化,化妆,huà zhuāng,trang điểm,3
化,简化,jiǎn huà,đơn giản hóa,3
化,动脉硬化,dòng mài yìng huà,"xơ vữa động mạch, xơ cứng động mạch",3
化,消化,xiāo huà,tiêu hóa,4
化,化石,huà shí,hóa thạch,6
化,化肥,huà féi,phân hóa học,6
化,化解,huà jiě,hòa tan,6
化,化验,huà yàn,xét nghiệm; làm xét nghiệm,6
化,强化,qiáng huà,tăng cường,6
化,恶化,è huà,xấu đi,6
化,深化,shēn huà,đào sâu,6
化妆,化妆品,huà zhuāng pǐn,Mỹ phẩm,6
北,东北,Dōng běi,Đông Bắc,1
北,北京,Běi jīng,Bắc Kinh,1
北,北方,běi fāng,phía bắc,1
北,北边,běi biān,phía bắc,1
北,河北,Hé běi,Hà Bắc (tỉnh ở Trung Quốc).,2
北,西北,xī běi,tây bắc,2
北,北部,běi bù,phần phía bắc,3
北,北戴河,Běi dài hé,Bắc Đới Hà (tên địa danh),6
北,南辕北辙,nán yuán běi zhé,"Đi ngược lại mục đích, trái ngược",6
匙,钥匙,yào shi,chìa khóa,1
匠,瓦匠,wǎ jiàng,"Thợ nề, thợ xây gạch ngói",4
匠,木匠,mù jiàng,thợ mộc,7
匠,别具匠心,bié jù jiàng xīn,có sự khéo léo,7
匣,匣子,xiá zi,"hộp nhỏ, tráp, hòm",4
匪,土匪,tǔ fěi,tên cướp,7
匮,匮乏,kuì fá,"thiếu thốn, khan hiếm",3
匹,匹配,pǐ pèi,khớp,7
匹,单枪匹马,dān qiāng pǐ mǎ,"một mình một ngựa, đơn thương độc mã (làm việc gì đó một mình)",7
区,地区,dì qū,khu vực,2
区,小区,xiǎo qū,khu dân cư,2
区,郊区,jiāo qū,ngoại ô,2
区,区别,qū bié,phân biệt; sự khác biệt,3
区,市区,shì qū,khu đô thị,4
区,区分,qū fēn,phân biệt,5
区,区域,qū yù,"khu vực, vùng",5
区,社区,shè qū,cộng đồng,5
区,城区,chéng qū,khu vực thành phố,6
区,区区,qū qū,"Nhỏ bé, bé tí, không đáng kể (thường dùng để tự hạ mình hoặc coi thường)",7
区,景区,jǐng qū,điểm danh lam thắng cảnh,7
区,禁区,jìn qū,khu vực cấm,7
区,误区,wù qū,nhận thức sai lầm,7
区,开发区,kāi fā qū,khu phát triển,7
医,医生,yī shēng,bác sĩ,1
医,医院,yī yuàn,bệnh viện,1
医,中医,zhōng yī,y học cổ truyền Trung Quốc,2
医,西医,xī yī,y học phương Tây,2
医,医学,yī xué,y học,4
医,医疗,yī liáo,điều trị y tế,4
医,医务,yī wù,công việc y tế,5
医,医药,yī yào,thuốc,6
医,就医,jiù yī,đi khám bác sĩ,7
医,求医,qiú yī,tìm kiếm điều trị y tế,7
医,行医,xíng yī,"hành nghề y, làm bác sĩ",8
匿,匿名,nì míng,ẩn danh,7
匿,藏匿,cáng nì,che giấu,7
十,五十,wǔ shí,năm mươi,1
十,十一,shí yī,Mùng 1 tháng 10 (Quốc khánh Trung Quốc).,2
十,十分,shí fēn,rất,2
十,十字架,shí zì jià,"thập tự giá, thánh giá",3
十,五光十色,wǔ guāng shí sè,"muôn màu muôn vẻ, sặc sỡ, rực rỡ",3
十,十万火急,shí wàn huǒ jí,"Khẩn cấp, cực kỳ khẩn cấp, vô cùng cấp bách",7
十,十字路口,shí zì lù kǒu,ngã tư,7
千,千万,qiān wàn,nhất định,2
千,千克,qiān kè,kilôgam,2
千,千方百计,qiān fāng bǎi jì,bằng mọi cách,3
千,一诺千金,yī nuò qiān jīn,"Một lời hứa đáng ngàn vàng, lời nói đáng giá ngàn vàng (giữ lời hứa)",7
千,千军万马,qiān jūn wàn mǎ,hàng ngàn binh mã,7
千,千变万化,qiān biàn wàn huà,thay đổi vô tận,7
千,千家万户,qiān jiā wàn hù,mọi nhà,7
千,千钧一发,qiān jūn yī fà,ngàn cân treo sợi tóc,7
千,大千世界,dà qiān shì jiè,"Thế giới rộng lớn, thế giới bao la",7
千,成千上万,chéng qiān shàng wàn,hàng ngàn,7
千,千言万语,qiān yán wàn yǔ,"Ngàn lời vạn tiếng, vô vàn lời nói",8
升,上升,shàng shēng,tăng lên,3
升,毫升,háo shēng,mililit,4
升,升值,shēng zhí,tăng giá trị,6
升,升学,shēng xué,học lên,6
升,升级,shēng jí,thăng cấp,6
升,提升,tí shēng,thăng chức,6
升,晋升,jìn shēng,thăng chức,6
升,直升机,zhí shēng jī,máy bay trực thăng,6
升,升华,shēng huá,Thăng hoa (nghĩa đen và bóng),7
升,升温,shēng wēn,tăng nhiệt,7
升,回升,huí shēng,tăng trở lại,7
升,攀升,pān shēng,leo lên,7
升,飙升,biāo shēng,tăng vọt,7
午,上午,shàng wǔ,buổi sáng,1
午,下午,xià wǔ,buổi chiều,1
午,中午,zhōng wǔ,buổi trưa,1
午,午饭,wǔ fàn,bữa trưa,1
午,午睡,wǔ shuì,ngủ trưa,2
午,午餐,wǔ cān,bữa trưa,2
午,端午节,Duān wǔ jié,Lễ hội thuyền rồng,6
卉,花卉,huā huì,hoa và cây,7
半,一半,yī bàn,một nửa,1
半,半天,bàn tiān,một thời gian dài,1
半,半年,bàn nián,nửa năm,1
半,半夜,bàn yè,nửa đêm,2
半,事半功倍,shì bàn gōng bèi,tốn ít công sức mà hiệu quả cao,4
半,多半,duō bàn,phần lớn,6
半,半决赛,bàn jué sài,bán kết,6
半,半途而废,bàn tú ér fèi,bỏ cuộc giữa chừng,6
半,半场,bàn chǎng,nửa trận,7
半,半岛,bàn dǎo,bán đảo,7
半,半数,bàn shù,một nửa số,7
半,半路,bàn lù,giữa đường,7
半,过半,guò bàn,hơn một nửa,7
半,半边天,bàn biān tiān,phụ nữ sự nghiệp,7
半,半信半疑,bàn xìn bàn yí,bán tín bán nghi,7
华,华人,Huá rén,người Hoa,3
华,华侨,huá qiáo,người Hoa ở nước ngoài,3
华,中华民族,Zhōng huá mín zú,dân tộc Trung Quốc,3
华,豪华,háo huá,sang trọng,5
华,中华,Zhōng huá,Trung Quốc,6
华,华丽,huá lì,tráng lệ,6
华,精华,jīng huá,tinh hoa,6
华,繁华,fán huá,phồn hoa,6
华,升华,shēng huá,Thăng hoa (nghĩa đen và bóng),7
华,华美,huá měi,"lộng lẫy, tráng lệ, hoa mỹ",7
华,华裔,huá yì,người Hoa,7
华,才华,cái huá,tài hoa,7
华,嘉年华,jiā nián huá,lễ hội hóa trang,7
华,温哥华,Wēn gē huá,Vancouver (thành phố ở Canada),7
协,协会,xié huì,hiệp hội,6
协,协助,xié zhù,hỗ trợ,6
协,协商,xié shāng,đàm phán,6
协,协调,xié tiáo,phối hợp,6
协,妥协,tuǒ xié,thỏa hiệp,6
协,齐心协力,qí xīn xié lì,đồng lòng hợp lực,6
协,协作,xié zuò,hợp tác,7
协,协同,xié tóng,hợp tác,7
协,协定,xié dìng,thỏa thuận,7
卑,卑鄙,bēi bǐ,bỉ ổi,6
卑,自卑,zì bēi,tự ti; tự hạ thấp mình,7
卒,小卒,xiǎo zú,con tốt,7
卓,卓越,zhuó yuè,xuất sắc,6
单,简单,jiǎn dān,đơn giản,1
单,单位,dān wèi,đơn vị,2
单,名单,míng dān,danh sách tên,2
单,菜单,cài dān,thực đơn,2
单,成绩单,chéng jì dān,"Bảng điểm, phiếu báo kết quả học tập.",2
单,单元,dān yuán,đơn vị dân cư,3
单,单纯,dān chún,thuần khiết,3
单,单薄,dān bó,mỏng,3
单,单独,dān dú,một mình,4
单,单调,dān diào,đơn điệu,4
单,单打,dān dǎ,đánh đơn,6
单,床单,chuáng dān,ga trải giường,6
单,单身,dān shēn,độc thân,7
单,单边,dān biān,đơn phương,7
单,孤单,gū dān,cô đơn,7
卖,外卖,wài mài,đồ ăn mang về,2
卖,出卖,chū mài,bán ra,3
卖,贩卖,fàn mài,buôn bán,6
卖,倒卖,dǎo mài,đầu cơ,7
卖,卖弄,mài nòng,khoe khoang,7
卖,拍卖,pāi mài,đấu giá,7
卖,专卖店,zhuān mài diàn,cửa hàng độc quyền,7
南,东南,dōng nán,đông nam,1
南,南方,nán fāng,miền Nam,1
南,南边,nán biān,phía nam,1
南,西南,xī nán,Tây Nam,2
南,南部,nán bù,phần phía nam,3
南,东南亚,Dōng nán Yà,Đông Nam Á,5
南,云南,Yún nán,Vân Nam (tỉnh của Trung Quốc),6
南,海南,Hǎi nán,Hải Nam (tỉnh của Trung Quốc),6
南,越南,Yuè nán,Việt Nam,6
南,指南针,zhǐ nán zhēn,la bàn,6
南,南辕北辙,nán yuán běi zhé,"Đi ngược lại mục đích, trái ngược",6
南,南瓜,nán guā,bí ngô,7
南,指南,zhǐ nán,hướng dẫn,7
博,博士,bó shì,tiến sĩ,4
博,微博,wēi bó,vi blog,5
博,博物馆,bó wù guǎn,bảo tàng,5
博,博茨瓦纳,Bó cí wǎ nà,Botswana,5
博,赌博,dǔ bó,cờ bạc,6
博,博览会,bó lǎn huì,triển lãm,6
博,博大精深,bó dà jīng shēn,rộng và sâu,6
卜,占卜,zhān bǔ,bói toán,4
卜,萝卜,luó bo,củ cải,5
占,占卜,zhān bǔ,bói toán,4
占,占线,zhàn xiàn,đường dây bận,4
占,占有,zhàn yǒu,sở hữu,5
占,占据,zhàn jù,chiếm giữ,6
占,侵占,qīn zhàn,chiếm đoạt,7
占,占用,zhàn yòng,chiếm dụng,7
占,抢占,qiǎng zhàn,chiếm đoạt,7
占,霸占,bà zhàn,chiếm đoạt,7
卡,卡拉,kǎ lā <OK>,Karaoke (KTV),1
卡,贺卡,hè kǎ,thiệp chúc mừng,1
卡,信用卡,xìn yòng kǎ,thẻ tín dụng,2
卡,银行卡,yín háng kǎ,thẻ ngân hàng,2
卡,会员卡,huì yuán kǎ,thẻ thành viên,4
卡,卡车,kǎ chē,xe tải,5
卡,卡通,kǎ tōng,hoạt hình,6
卡,卡子,qiǎ zi,kẹp,7
卡,卡片,kǎ piàn,thẻ,7
卡,磁卡,cí kǎ,thẻ từ,7
卡,一卡通,yī kǎ tōng,thẻ toàn năng,7
卡通,一卡通,yī kǎ tōng,thẻ toàn năng,7
卤,卤味,lǔ wèi,món ăn lạnh,7
卦,八卦,bā guà,tin đồn,7
卧,卧铺,wò pù,giường nằm (trên tàu),1
卧,卧室,wò shì,phòng ngủ,5
卫,卫生间,wèi shēng jiān,nhà vệ sinh,1
卫,卫生,wèi shēng,vệ sinh,3
卫,卫星,wèi xīng,vệ tinh,5
卫,捍卫,hàn wèi,bảo vệ,6
卫,卫视,wèi shì,truyền hình vệ tinh,7
卫,自卫,zì wèi,tự vệ,7
卫,防卫,fáng wèi,bảo vệ,7
卫,卫士,wèi shì,"vệ sĩ, lính gác",8
卫生,卫生间,wèi shēng jiān,nhà vệ sinh,1
印,印度,Yìn dù,Ấn Độ,2
印,印象,yìn xiàng,ấn tượng,2
印,打印,dǎ yìn,in,2
印,复印,fù yìn,sao chép,3
印,印刷,yìn shuā,in ấn,5
印,脚印,jiǎo yìn,dấu chân,6
印,打印机,dǎ yìn jī,máy in,6
印,印章,yìn zhāng,con dấu,7
印,印证,yìn zhèng,chứng thực,7
印,印刷术,yìn shuā shù,nghề in,7
印刷,印刷术,yìn shuā shù,nghề in,7
危,危险,wēi xiǎn,nguy hiểm,2
危,危及,wēi jí,gây nguy hiểm,3
危,危害,wēi hài,gây hại,3
危,危机,wēi jī,khủng hoảng,3
危,危急,wēi jí,nguy hiểm cận kề,7
危,乘人之危,chéng rén zhī wēi,lợi dụng tình huống khó khăn của người khác,7
即,即使,jí shǐ,ngay cả khi,4
即,即将,jí jiāng,sắp,4
即,立即,lì jí,ngay lập tức,4
即,即便,jí biàn,ngay cả khi,6
即,即时,jí shí,"Ngay lập tức, tức thì",6
即,随即,suí jí,ngay sau đó,6
即,即可,jí kě,ngay lập tức có thể,7
即,当即,dāng jí,tại chỗ,7
即,旋即,xuán jí,"ngay sau đó, lập tức",7
即,可望而不可即,kě wàng ér bù kě jí,"có thể nhìn thấy nhưng không thể với tới, xa tầm với",7
却,冷却,lěng què,"làm mát, quá trình làm mát",6
却,却是,què shì,tuy nhiên,6
却,了却,liǎo què,giải quyết,7
却,省却,shěng què,"Tiết kiệm, bỏ đi, loại bỏ (những thứ không cần thiết)",7
却,退却,tuì què,rút lui,7
卷,试卷,shì juàn,giấy thi,4
卷,卷入,juǎn rù,liên quan đến,7
卷,卷子,juàn zi,giấy thi,7
卷,问卷,wèn juàn,bản câu hỏi,7
卸,装卸,zhuāng xiè,bốc dỡ,6
卸,推卸,tuī xiè,trốn tránh,7
厂,工厂,gōng chǎng,nhà máy,2
厂,厂商,chǎng shāng,"nhà sản xuất, chủ nhà máy",6
厂,出厂,chū chǎng,xuất xưởng,7
厂,厂家,chǎng jiā,nhà máy,7
厄,厄运,è'yùn,vận xui,7
厅,迪厅,dí tīng,"sàn nhảy, vũ trường, quán bar nhảy",1
厅,餐厅,cān tīng,quán ăn,2
厅,客厅,kè tīng,phòng khách,4
厅,自助餐厅,zìzhù cāntīng,"Nhà hàng buffet, nhà hàng tự chọn",4
厅,大厅,dà tīng,đại sảnh,5
厅,舞厅,wǔ tīng,phòng khiêu vũ,7
历,历史,lì shǐ,lịch sử,1
历,经历,jīng lì,trải nghiệm,2
历,日历,rì lì,lịch,4
历,简历,jiǎn lì,sơ yếu lý lịch,4
历,农历,nóng lì,lịch âm,5
历,学历,xué lì,học vấn,5
历,历来,lì lái,luôn luôn,6
历,来历,lái lì,"nguồn gốc, quá khứ",6
历,历届,lì jiè,tất cả trước đó,7
历,历时,lì shí,kéo dài,7
历,历程,lì chéng,quá trình,7
历,历经,lì jīng,trải qua,7
历,夏历,xià lì,"Hạ lịch, âm lịch Trung Quốc (lịch của nhà Hạ)",7
历,资历,zī lì,trình độ chuyên môn,7
历,阅历,yuè lì,trải nghiệm,7
厉,厉害,lì hai,ngầu,2
厉,严厉,yán lì,nghiêm khắc,4
压,压力,yā lì,áp lực,3
压,高血压,gāo xuè yā,huyết áp cao,3
压,血压,xuè yā,huyết áp,5
压,压制,yā zhì,đàn áp,6
压,压抑,yā yì,đè nén,6
压,压榨,yā zhà,ép,6
压,压迫,yā pò,áp bức,6
压,减压,jiǎn yā,giảm áp lực,7
压,压倒,yā dǎo,áp đảo,7
压,压缩,yā suō,nén,7
压,挤压,jǐ yā,"bóp, ép",7
压,施压,shī yā,gây áp lực,7
压,高压,gāo yā,áp suất cao,7
厌,讨厌,tǎo yàn,chán ghét,4
厌,厌倦,yàn juàn,chán nản,6
厌,厌恶,yàn wù,ghét,6
厌,厌烦,yàn fán,chán ngấy,7
厕,厕所,cè suǒ,nhà vệ sinh,4
厘,厘米,lí mǐ,xentimét,2
厚,深厚,shēn hòu,sâu sắc,4
厚,浓厚,nóng hòu,đậm đặc,6
厚,得天独厚,dé tiān dú hòu,sinh ra dưới ngôi sao may mắn; giàu tài nguyên thiên nhiên,6
厚,深情厚谊,shēn qíng hòu yì,tình bạn sâu sắc,6
厚,丰厚,fēng hòu,"dồi dào, giàu có",7
厚,厚度,hòu dù,độ dày,7
厚,厚道,hòu dao,chân thành và tử tế,7
厚,宽厚,kuān hòu,khoan hồng,7
厚,敦厚,dūn hòu,chân thành,7
厚,醇厚,chún hòu,đậm đà,7
厚,雄厚,xióng hòu,phong phú,7
厚,无可厚非,wú kě hòu fēi,không có gì để phê bình,7
厚,仁厚,rén hòu,"nhân hậu, nhân từ, khoan dung",8
原,原因,yuán yīn,nguyên nhân,2
原,原料,yuán liào,nguyên liệu,2
原,原来,yuán lái,ban đầu; trước đây,2
原,草原,cǎo yuán,thảo nguyên,2
原,原始,yuán shǐ,nguyên thủy,3
原,原则,yuán zé,nguyên tắc,4
原,原本,yuán běn,ban đầu,4
原,原谅,yuán liàng,tha thứ,4
原,原先,yuán xiān,nguyên bản,6
原,原告,yuán gào,nguyên cáo,6
原,原理,yuán lǐ,nguyên lý,6
原,还原,huán yuán,phục hồi; sự khôi phục,6
原,原创,yuán chuàng,nguyên bản,7
原,原地,yuán dì,nơi cũ,7
原,原型,yuán xíng,nguyên mẫu,7
厢,厢房,xiāng fáng,"phòng phụ, phòng cánh (ở hai bên nhà chính)",5
厢,车厢,chē xiāng,toa tàu,5
厦,大厦,dà shà,tòa nhà lớn,3
厨,厨师,chú shī,đầu bếp,2
厨,厨房,chú fáng,nhà bếp,2
厨,厨子,chú zi,"đầu bếp, thợ nấu",7
去,出去,chū qu,ra ngoài,1
去,去年,qù nián,năm ngoái,1
去,回去,huí qù,trở về,1
去,进去,jìn qù,đi vào,1
去,上去,shàng qu,lên,2
去,下去,xià qu,đi xuống,2
去,去世,qù shì,qua đời,2
去,失去,shī qù,mất,2
去,过去,guò qù,trong quá khứ; quá khứ; đi qua,2
去,看上去,kàn shàng qu,trông giống,3
去,去掉,qù diào,loại bỏ,6
去,去向,qù xiàng,hướng đi,7
去,去处,qù chù,địa điểm,7
去,去除,qù chú,loại bỏ,7
去,辞去,cí qù,từ chức,7
参,参加,cān jiā,tham gia,1
参,参观,cān guān,tham quan,2
参,参与,cān yù,tham gia,4
参,参考,cān kǎo,tham khảo,4
参,参展,cān zhǎn,tham gia triển lãm,6
参,参照,cān zhào,tham khảo,6
参,参谋,cān móu,tư vấn,6
参,参赛,cān sài,tham gia thi đấu,6
参,参军,cān jūn,gia nhập quân đội,7
参,参见,cān jiàn,bái kiến,7
又,少之又少,shǎo zhī yòu shǎo,"cực kỳ ít, hiếm hoi",3
叉,叉子,chā zi,cái nĩa,5
叉,交叉,jiāo chā,băng qua,6
及,及格,jí gé,đạt yêu cầu,2
及,来不及,lái bu jí,không đủ thời gian,2
及,危及,wēi jí,gây nguy hiểm,3
及,及时,jí shí,kịp thời,3
及,普及,pǔ jí,phổ biến,3
及,以及,yǐ jí,cũng như,4
及,来得及,lái de jí,kịp lúc,4
及,涉及,shè jí,liên quan đến,6
及,迫不及待,pò bù jí dài,không thể chờ được,6
及,及其,jí qí,và,7
及,及早,jí zǎo,càng sớm càng tốt,7
及,埃及,Aī jí,Ai Cập,7
及,殃及,yāng jí,"Gây tai họa/ảnh hưởng đến, liên lụy đến",7
及,顾及,gù jí,cân nhắc,7
及,力所能及,lì suǒ néng jí,trong khả năng,7
友,朋友,péng you,bạn,1
友,网友,wǎng yǒu,bạn bè trên Internet,1
友,女朋友,nǚ péng you,bạn gái,1
友,小朋友,xiǎo péng you,bé trai hoặc bé gái,1
友,男朋友,nán péng you,bạn trai,1
友,友好,yǒu hǎo,thân thiện,2
友,交朋友,jiāo péng yǒu,kết bạn,2
友,老朋友,lǎo péng you,bạn cũ,2
友,友人,yǒu rén,bạn bè,4
友,友谊,yǒu yì,tình bạn,4
友,好友,hǎo yǒu,bạn thân,4
友,呼朋唤友,hū péng huàn yǒu,"gọi bạn bè, hô hào bạn bè",5
友,战友,zhàn yǒu,đồng đội,6
友,亲友,qīn yǒu,thân hữu,7
友,友善,yǒu shàn,thân thiện,7
双,双胞胎,shuāng bāo tāi,sinh đôi,2
双,双方,shuāng fāng,hai bên,3
双,双手,shuāng shǒu,cả hai tay,5
双,双打,shuāng dǎ,đánh đôi,6
双,双向,shuāng xiàng,hai chiều,7
双,双赢,shuāng yíng,tình huống đôi bên cùng có lợi,7
双,双边,shuāng biān,song phương,7
双,双重,shuāng chóng,kép,7
双,举世无双,jǔ shì wú shuāng,độc nhất vô nhị,7
反,反应,fǎn yìng,phản ứng,2
反,反正,fǎn zhèng,dù sao,2
反,反复,fǎn fù,lặp đi lặp lại,3
反,反对,fǎn duì,phản đối,3
反,反抗,fǎn kàng,nổi dậy,3
反,反省,fǎn xǐng,tự phản tỉnh,3
反,反驳,fǎn bó,phản bác,3
反,相反,xiāng fǎn,ngược lại,3
反,反倒,fǎn dào,ngược lại,4
反,反映,fǎn yìng,báo cáo,4
反,反而,fǎn'ér,ngược lại,4
反,违反,wéi fǎn,vi phạm,5
反,反响,fǎn xiǎng,tiếng vang,6
反,反射,fǎn shè,"phản xạ, phản chiếu",6
反,反常,fǎn cháng,bất thường,6
发,出发,chū fā,khởi hành,1
发,发烧,fā shāo,sốt,1
发,发音,fā yīn,Phát âm,1
发,头发,tóu fa,tóc,1
发,发展,fā zhǎn,phát triển,2
发,发现,fā xiàn,phát hiện,2
发,发生,fā shēng,xảy ra,2
发,发达,fā dá,phát triển,2
发,启发,qǐ fā,truyền cảm hứng,2
发,发脾气,fā pí qì,nổi giận,2
发,发出,fā chū,phát ra,3
发,发动,fā dòng,"khởi động, khởi hành",3
发,发挥,fā huī,phát huy,3
发,发明,fā míng,phát minh,3
发,发毛,fā máo,"nổi da gà, sởn gai ốc; lo lắng, hoang mang",3
发布,发布会,fā bù huì,họp báo,7
发扬,发扬光大,fā yáng guāng dà,phát huy rạng rỡ,7
发电,发电机,fā diàn jī,máy phát điện,7
发言,发言人,fā yán rén,phát ngôn viên,6
发起,发起人,fā qǐ rén,người sáng lập,7
叔,叔叔,shū shu,chú,3
取,取得,qǔ dé,đạt được,2
取,争取,zhēng qǔ,phấn đấu,3
取,取消,qǔ xiāo,hủy bỏ,3
取,采取,cǎi qǔ,thực hiện,3
取,录取,lù qǔ,nhận,4
取,吸取,xī qǔ,hấp thụ,5
取,取款,qǔ kuǎn,rút tiền,6
取,听取,tīng qǔ,nghe,6
取,夺取,duó qǔ,chiếm đoạt,6
取,收取,shōu qǔ,nhận,6
取,领取,lǐng qǔ,nhận (lĩnh),6
取,取款机,qǔ kuǎn jī,máy ATM,6
取,取代,qǔ dài,thay thế,7
取,取暖,qǔ nuǎn,sưởi ấm,7
取,取笑,qǔ xiào,chế giễu,7
取款,取款机,qǔ kuǎn jī,máy ATM,6
受,享受,xiǎng shòu,tận hưởng,2
受,受到,shòu dào,nhận được,2
受,受罪,shòu zuì,chịu đựng,2
受,接受,jiē shòu,chấp nhận,2
受,难受,nán shòu,khó chịu,2
受,受伤,shòu shāng,bị thương,3
受,感受,gǎn shòu,cảm nhận,3
受,承受,chéng shòu,chịu đựng,4
受,受不了,shòu bu liǎo,không chịu nổi,4
受,忍受,rěn shòu,chịu đựng,6
受,遭受,zāo shòu,chịu,6
受,受害,shòu hài,bị thiệt hại,7
受,受惊,shòu jīng,sợ hãi,7
受,受戒,shòu jiè,Thụ giới (trong Phật giáo),7
受,受理,shòu lǐ,chấp nhận,7
受害,受害人,shòu hài rén,nạn nhân,7
变,变化,biàn huà,thay đổi,2
变,变成,biàn chéng,trở thành,2
变,改变,gǎi biàn,thay đổi,2
变,变为,biàn wéi,biến thành,3
变,转变,zhuǎn biàn,"thay đổi, chuyển đổi",3
变,一成不变,yī chéng bù biàn,vĩnh viễn,3
变,变异,biàn yì,biến dị,4
变,变戏法,biàn xì fǎ,"Biểu diễn ảo thuật, làm trò ảo thuật",4
变,演变,yǎn biàn,"thay đổi, tiến hóa",5
变,变形,biàn xíng,biến dạng,6
变,变换,biàn huàn,chuyển đổi,6
变,变故,biàn gù,tai hoạ,6
变,变更,biàn gēng,thay đổi,6
变,变质,biàn zhì,thoái hóa,6
变,变迁,biàn qiān,thay đổi,6
叙,叙述,xù shù,mô tả,5
叛,叛逆,pàn nì,nổi loạn,7
叛,背叛,bèi pàn,phản bội,7
叠,折叠,zhé dié,gấp,5
叠,重叠,chóng dié,chồng chéo,7
口,口语,kǒu yǔ,ngôn ngữ nói,1
口,路口,lù kǒu,ngã tư,1
口,门口,mén kǒu,"lối vào, cửa",1
口,人口,rén kǒu,dân số,2
口,伤口,shāng kǒu,vết thương,2
口,入口,rù kǒu,lối vào,2
口,出口,chū kǒu,lối ra,2
口,可口,kě kǒu,ngon,2
口,吹口哨,chuī kǒu shào,huýt sáo,3
口,目瞪口呆,mù dèng kǒu dāi,ngạc nhiên đến mức há hốc miệng,3
口,口吃,kǒu chī,cà lăm,4
口,口水,kǒu shuǐ,nước bọt,4
口,口袋,kǒu dài,túi,4
口,口音,kǒu yīn,giọng,4
口,进口,jìn kǒu,lối vào,4
口哨,吹口哨,chuī kǒu shào,huýt sáo,3
口子,两口子,liǎng kǒu zi,vợ chồng,7
古,古代,gǔ dài,cổ đại,1
古,古老,gǔ lǎo,cổ xưa,2
古,名胜古迹,míng shèng gǔ jì,danh lam thắng cảnh và di tích lịch sử,2
古,古典,gǔ diǎn,cổ điển,3
古,仿古,fǎng gǔ,"Mô phỏng đồ cổ, phỏng cổ",4
古,远古,yuǎn gǔ,"Xa xưa, cổ đại, thời thượng cổ",4
古,尼古丁,ní gǔ dīng,Nicotine,4
古,古老肉,gǔ lǎo ròu,sườn xào chua ngọt (món thịt lợn),5
古,古人,gǔ rén,người xưa,6
古,古怪,gǔ guài,lập dị,6
古,古玩,gǔ wàn,"Đồ cổ, cổ vật",6
古,古迹,gǔ jī,di tích,6
古,考古,kǎo gǔ,khảo cổ học,6
古,古朴,gǔ pǔ,giản dị và cổ kính,7
古,古董,gǔ dǒng,đồ cổ,7
古人,前无古人,qián wú gǔ rén,chưa từng có tiền lệ,7
古老,古老肉,gǔ lǎo ròu,sườn xào chua ngọt (món thịt lợn),5
古迹,名胜古迹,míng shèng gǔ jì,danh lam thắng cảnh và di tích lịch sử,2
句,句子,jù zi,câu,2
另,另外,lìng wài,ngoài ra,1
另,另一方面,lìng yī fāng miàn,mặt khác,3
叨,唠叨,láo dao,lải nhải,6
叨,絮叨,xù dao,nói dài dòng,7
只,只好,zhǐ hǎo,đành phải,1
只,只能,zhǐ néng,chỉ có thể,2
只,只要,zhǐ yào,miễn là,2
只,只是,zhǐ shì,chỉ là,3
只,只有,zhǐ yǒu,chỉ có,3
只,只得,zhǐ dé,phải,6
只,只管,zhǐ guǎn,chỉ,6
只,只顾,zhǐ gù,chỉ chăm chăm,6
只,船只,chuán zhī,tàu thuyền,6
叫,叫作,jiào zuò,gọi là,2
叫,叫好,jiào hǎo,"cổ vũ, hò reo 'Bravo'",7
叫,叫板,jiào bǎn,"khiêu khích, thách đấu",7
召,召开,zhào kāi,tổ chức cuộc họp,5
召,号召,hào zhào,kêu gọi,6
召,召集,zhào jí,triệu tập,7
叭,喇叭,lǎ ba,kèn,6
叮,叮嘱,dīng zhǔ,khuyên nhủ liên tục,7
可,可以,kě yǐ,có thể,1
可,可是,kě shì,nhưng,1
可,可能,kě néng,có thể,1
可,还可以,hái kě yǐ,"tạm được, cũng được, vẫn được",1
可,可口,kě kǒu,ngon,2
可,可怕,kě pà,đáng sợ,2
可,可爱,kě'ài,đáng yêu,2
可,可乐,kě lè,cola,3
可,可见,kě jiàn,rõ ràng,3
可,可靠,kě kào,đáng tin cậy,3
可,认可,rèn kě,chấp thuận,3
可,可怜,kě lián,đáng thương,4
可,可惜,kě xī,đáng tiếc,4
可,宁可,nìng kě,thà,5
可,可恶,kě wù,đáng ghét,6
可以,还可以,hái kě yǐ,"tạm được, cũng được, vẫn được",1
可行,可行性,kě xíng xìng,tính khả thi,7
可见,由此可见,yóu cǐ kě jiàn,từ đây có thể thấy,7
可见,随处可见,suí chù kě jiàn,có thể thấy ở khắp mọi nơi,7
可贵,难能可贵,nán néng kě guì,hiếm và quý giá,6
台,台词,tái cí,"Lời thoại (trong kịch, phim)",2
台,电台,diàn tái,đài phát thanh,3
台,舞台,wǔ tái,sân khấu,3
台,服务台,fú wù tái,quầy lễ tân; quầy phục vụ,3
台,电视台,diàn shì tái,đài truyền hình,3
台,台上,tái shàng,trên sân khấu,4
台,台阶,tái jiē,bước,4
台,窗台,chuāng tái,bệ cửa sổ,4
台,阳台,yáng tái,ban công,4
台,柜台,guì tái,quầy thu ngân,5
台,上台,shàng tái,lên sân khấu,6
台,出台,chū tái,công bố,6
台,台灯,tái dēng,đèn bàn,6
台,平台,píng tái,nền tảng,6
台,站台,zhàn tái,nền tảng,6
史,历史,lì shǐ,lịch sử,1
史,史无前例,shǐ wú qián lì,vô tiền khoáng hậu,7
右,右边,yòu biān,bên phải,1
右,左右,zuǒ yòu,khoảng,2
右,座右铭,zuò yòu míng,phương châm,7
右,左顾右盼,zuǒ gù yòu pàn,nhìn quanh,7
叶,叶子,yè zi,lá,3
叶,树叶,shù yè,lá cây,4
叶,红叶,hóng yè,lá đỏ (lá cây vào mùa thu),4
叶,茶叶,chá yè,lá trà,4
叶,初叶,chū yè,"đầu thế kỷ, đầu thập niên",7
号,号码,hào mǎ,Số,1
号,信号,xìn hào,tín hiệu,2
号,外号,wài hào,biệt danh,2
号,型号,xíng hào,"kiểu loại, mẫu",4
号,括号,kuò hào,dấu ngoặc đơn,4
号,符号,fú hào,ký hiệu,4
号,挂号,guà hào,đăng ký,5
号,号召,hào zhào,kêu gọi,6
号,称号,chēng hào,"tiêu đề, tên",6
号,车号,chē hào,số xe,6
号,代号,dài hào,mã hiệu,7
号,号称,hào chēng,được mệnh danh,7
号,头号,tóu hào,số một,7
号,绰号,chuò hào,biệt hiệu,7
号,编号,biān hào,đánh số,7
司,公司,gōng sī,công ty,1
司,司机,sī jī,tài xế,2
司,打官司,dǎ guān sī,kiện,3
司,寿司,shòu sī,sushi,5
司,司令,sī lìng,sĩ quan chỉ huy,6
司,司法,sī fǎ,tư pháp,6
司,司长,sī zhǎng,trưởng phòng,6
司,官司,guān sī,vụ kiện,6
司,上司,shàng si,cấp trên,7
司,司空见惯,sī kōng jiàn guàn,chuyện thường gặp,7
叹,叹气,tàn qì,thở dài,2
叹,赞叹,zàn tàn,khen ngợi,6
叹,惊叹,jīng tàn,kinh ngạc,7
叹,感叹,gǎn tàn,than thở,7
叹,唉声叹气,āi shēng tàn qì,"Thở dài than vãn, than thở",7
叹,赞叹不已,zàn tàn bù yǐ,khen ngợi không ngừng,7
叹气,唉声叹气,āi shēng tàn qì,"Thở dài than vãn, than thở",7
吁,呼吁,hū yù,kêu gọi,6
吃,吃饭,chī fàn,ăn cơm,1
吃,好吃,hǎo chī,ngon (về đồ ăn),1
吃,难吃,nán chī,"Khó ăn, dở (món ăn)",2
吃,自讨苦吃,zì tǎo kǔ chī,"tự chuốc lấy phiền phức, tự tìm khổ",3
吃,口吃,kǒu chī,cà lăm,4
吃,吃惊,chī jǐng,bị bất ngờ,4
吃,吃食,chī shí,"đồ ăn, lương thực",4
吃,小吃,xiǎo chī,đồ ăn nhẹ,4
吃,吃亏,chī kuī,bị thiệt thòi,5
吃,吃素,chī sù,ăn chay,5
吃,吃力,chī lì,vất vả,6
吃,吃苦,chī kǔ,chịu khổ,6
吃,吃不上,chī bu shàng,không có gì để ăn,7
吃,吃喝玩乐,chī hē wán lè,ăn uống vui chơi,7
吃,大吃一惊,dà chī yī jīng,rất ngạc nhiên,7
各,各位,gè wèi,các vị,3
各,各地,gè dì,khắp nơi,3
各,各种,gè zhǒng,các loại,3
各,各自,gè zì,mỗi người,3
各,各个,gè gè,"mỗi, từng",4
各,各抒己见,gè shū jǐ jiàn,mỗi người nêu ý kiến,6
各,各种各样,gè zhǒng gè yàng,các loại; đủ loại; đủ kiểu,6
各,各奔前程,gè bèn qián chéng,mỗi người theo đuổi con đường riêng của mình,7
各,各式各样,gè shì gè yàng,đa dạng,7
各种,各种各样,gè zhǒng gè yàng,các loại; đủ loại; đủ kiểu,6
合,合影,hé yǐng,ảnh nhóm,2
合,合适,hé shì,phù hợp,2
合,合作,hé zuò,hợp tác,3
合,合格,hé gé,đạt yêu cầu,3
合,合法,hé fǎ,hợp pháp,3
合,合理,hé lǐ,hợp lý,3
合,场合,chǎng hé,dịp,3
合,符合,fú hé,phù hợp,3
合,组合,zǔ hé,kết hợp,3
合,结合,jié hé,kết hợp,3
合,适合,shì hé,phù hợp,3
合,配合,pèi hé,phối hợp,3
合,联合国,Lián hé guó,Liên Hợp Quốc,3
合,天人合一,tiān rén hé yī,thiên nhân hợp nhất (con người và trời đất hòa hợp),3
合,合同,hé tong,hợp đồng,4
合作,合作社,hé zuò shè,hợp tác xã,7
合理,合情合理,hé qíng hé lǐ,hợp lý và công bằng,7
吉,吉凶,jí xiōng,"tốt lành hay tai họa, họa phúc",3
吉,吉祥,jí xiáng,"may mắn, tốt lành",3
吉,大吉大利,dà jí dà lì,"đại cát đại lợi, rất may mắn và thuận lợi",3
吉,黄道吉日,huáng dào jí rì,"ngày hoàng đạo, ngày tốt",4
吉,吉利,jí lì,may mắn,5
吉,吉他,jí tā,đàn guitar,7
吉,吉普,jí pǔ,xe Jeep,7
吉,吉祥物,jí xiáng wù,linh vật,7
吉祥,吉祥物,jí xiáng wù,linh vật,7
吊,吊床,diào chuáng,võng,3
吊,吊销,diào xiāo,thu hồi,7
吊,提心吊胆,tí xīn diào dǎn,"lo lắng, hồi hộp",7
同,不同,bù tóng,khác biệt,1
同,同学,tóng xué,bạn học,1
同,同屋,tóng wū,bạn cùng phòng,1
同,同意,tóng yì,đồng ý,1
同,共同,gòng tóng,chung,2
同,同事,tóng shì,đồng nghiệp,2
同,同时,tóng shí,đồng thời,2
同,同样,tóng yàng,tương tự,2
同,相同,xiāng tóng,"giống hệt, giống nhau",2
同,同义词,tóng yì cí,Từ đồng nghĩa,3
同,不约而同,bù yuē ér tóng,đồng tình mà không cần thảo luận trước,3
同,合同,hé tong,hợp đồng,4
同,同情,tóng qíng,thông cảm,4
同,同胞,tóng bāo,đồng bào,4
同,胡同,hú tòng,ngõ,5
同时,与此同时,yǔ cǐ tóng shí,đồng thời,7
名,名字,míng zi,tên,1
名,报名,bào míng,đăng ký,1
名,有名,yǒu míng,nổi tiếng,1
名,名单,míng dān,danh sách tên,2
名,名称,míng chēng,tên,2
名,姓名,xìng míng,họ tên,2
名,名胜古迹,míng shèng gǔ jì,danh lam thắng cảnh và di tích lịch sử,2
名,名人,míng rén,người nổi tiếng,3
名,排名,pái míng,xếp hạng,3
名,莫名其妙,mò míng qí miào,bối rối,3
名,乳名,rǔ míng,"Tên gọi ở nhà, tên cúng cơm",4
名,名片,míng piàn,danh thiếp,4
名,名牌,míng pái,thương hiệu nổi tiếng,4
名,点名,diǎn míng,điểm danh,4
名,著名,zhù míng,nổi tiếng,4
名胜,名胜古迹,míng shèng gǔ jì,danh lam thắng cảnh và di tích lịch sử,2
后,以后,yǐ hòu,sau này,1
后,后天,hòu tiān,ngày mốt,1
后,后边,hòu biān,đằng sau,1
后,后面,hòu miàn,phía sau,1
后,最后,zuì hòu,cuối cùng,1
后,然后,rán hòu,sau đó,1
后,今后,jīn hòu,từ nay,2
后,后悔,hòu huǐ,hối hận,2
后,后来,hòu lái,sau này,2
后,前后,qián hòu,trước và sau,3
后,后年,hòu nián,năm sau nữa,3
后,后果,hòu guǒ,hậu quả,3
后,背后,bèi hòu,ở phía sau,3
后,落后,luò hòu,"tụt hậu; lạc hậu, kém phát triển",3
后,之后,zhī hòu,sau,4
后备,后备箱,hòu bèi xiāng,cốp xe,7
吏,官吏,guān lì,quan chức,7
吐,谈吐,tán tǔ,"Lời nói, cách nói chuyện, phong cách giao tiếp",3
吐,呕吐,ǒu tù,nôn,7
向,方向,fāng xiàng,hướng,2
向,一向,yī xiàng,luôn luôn,4
向,倾向,qīng xiàng,khuynh hướng,5
向,内向,nèi xiàng,hướng nội,5
向,向上,xiàng shàng,lên trên,5
向,向前,xiàng qián,tiến về phía trước,5
向,外向,wài xiàng,hướng ngoại,5
向,转向,zhuǎn xiàng,chuyển hướng,5
向,向导,xiàng dǎo,hướng dẫn viên,6
向,向往,xiàng wǎng,khao khát,6
向,向来,xiàng lái,luôn luôn,6
向,导向,dǎo xiàng,hướng dẫn,6
向,面向,miàn xiàng,đối diện,6
向,欣欣向荣,xīn xīn xiàng róng,phồn thịnh,6
向,偏向,piān xiàng,nghiêng về,7
吓,恐吓,kǒng hè,"đe dọa, khủng bố",6
吓,吓人,xià rén,"đáng sợ, khủng khiếp",7
吓,吓唬,xià hǔ,dọa,7
吗,干吗,gàn mā,Làm gì?,3
君,国君,guó jūn,"quốc vương, vua",5
君,君子,jūn zǐ,quân tử,6
君,暴君,bào jūn,"Bạo chúa, bạo quân",8
吝,吝啬,lìn sè,keo kiệt,6
吞,狼吞虎咽,láng tūn hǔ yàn,"Ăn ngấu nghiến, nuốt chửng",6
吟,呻吟,shēn yín,rên rỉ,6
吟,朗吟,lǎng yín,ngâm nga vang vọng,7
否,否定,fǒu dìng,phủ định,3
否,否认,fǒu rèn,phủ nhận,3
否,否则,fǒu zé,nếu không thì,4
否,是否,shì fǒu,có hay không?,4
否,能否,néng fǒu,có thể hay không,6
否,与否,yǔ fǒu,có hay không,7
否,否决,fǒu jué,"phủ quyết, bỏ phiếu chống",7
吧,酒吧,jiǔ bā,quán bar,1
吧,网吧,wǎng bā,quán net,6
吩,吩咐,fēn fù,ra lệnh,7
含,包含,bāo hán,bao gồm,4
含,含义,hán yì,"hàm ý, ý nghĩa",4
含,含有,hán yǒu,chứa đựng,4
含,含量,hán liàng,hàm lượng,4
含,含意,hán yì,"hàm ý, ý nghĩa",5
含,含糊,hán hu,không rõ ràng,7
含,含蓄,hán xù,hàm súc,7
听,听写,tīng xiě,nghe viết,1
听,听到,tīng dào,nghe,1
听,听见,tīng jiàn,nghe thấy,1
听,听说,tīng shuō,nghe nói,1
听,好听,hǎo tīng,dễ nghe,1
听,听力,tīng lì,nghe hiểu,2
听,听讲,tīng jiǎng,nghe giảng,2
听,难听,nán tīng,khó nghe,2
听,听众,tīng zhòng,khán giả,3
听,听话,tīng huà,vâng lời,3
听,打听,dǎ ting,hỏi thăm,3
听,收听,shōu tīng,nghe đài phát thanh,3
听,道听途说,dào tīng tú shuō,"Nghe nói lung tung, nghe lỏm đường sá, tin đồn",3
听,听取,tīng qǔ,nghe,6
听,倾听,qīng tīng,lắng nghe chăm chú,7
吭,一声不吭,yī shēng bù kēng,không thốt nên lời,7
启,启事,qǐ shì,thông báo,2
启,启发,qǐ fā,truyền cảm hứng,2
启,启动,qǐ dòng,khởi động,5
启,启蒙,qǐ méng,khai sáng,7
启,启迪,qǐ dí,khai sáng,7
启,开启,kāi qǐ,"bắt đầu, mở",7
吵,吵架,chǎo jià,cãi nhau,2
吵,争吵,zhēng chǎo,cãi lộn,7
吵,吵嘴,chǎo zuǐ,cãi nhau,7
吸,吸引,xī yǐn,thu hút,4
吸,吸收,xī shōu,hấp thụ,4
吸,吸烟,xī yān,hút thuốc,4
吸,吸管,xī guǎn,ống hút,4
吸,呼吸,hū xī,thở,4
吸,吸取,xī qǔ,hấp thụ,5
吸,吸毒,xī dú,dùng ma túy,6
吹,吹口哨,chuī kǒu shào,huýt sáo,3
吹,吹捧,chuī pěng,tâng bốc,6
吹,吹牛,chuī niú,khoe khoang,6
吹,吹了,chuī le,thất bại,7
吹,吹拂,chuī fú,"Thổi nhẹ, vuốt ve (gió)",7
吹,鼓吹,gǔ chuī,"Cổ súy, tuyên truyền, khuyến khích",8
吻,吻合,wěn hé,phù hợp,7
呀,哎呀,āi yā,thán từ 'ai ya',1
呆,目瞪口呆,mù dèng kǒu dāi,ngạc nhiên đến mức há hốc miệng,3
呆,发呆,fā dāi,ngây người,6
呆,痴呆,chī dāi,mất trí,7
呈,呈现,chéng xiàn,hiện ra,3
呈,辞呈,cí chéng,đơn từ chức,7
告,告诉,gào su,"báo, nói",1
告,报告,bào gào,báo cáo,1
告,广告,guǎng gào,quảng cáo,2
告,广告栏,guǎng gào lán,"Bảng quảng cáo, cột quảng cáo",2
告,告别,gào bié,chia tay,3
告,警告,jǐng gào,cảnh báo,3
告,转告,zhuǎn gào,chuyển lời,4
告,公告,gōng gào,thông báo,5
告,原告,yuán gào,nguyên cáo,6
告,告辞,gào cí,từ biệt,6
告,布告,bù gào,thông báo,6
告,被告,bèi gào,bị cáo,6
告,劝告,quàn gào,khuyên bảo,7
告,告状,gào zhuàng,tố cáo,7
告,告知,gào zhī,thông báo,7
呐,呐喊,nà hǎn,hô hào,7
呕,呕吐,ǒu tù,nôn,7
员,售货员,shòu huò yuán,nhân viên bán hàng,1
员,服务员,fúwùyuán,nhân viên phục vụ,1
员,演员,yǎn yuán,diễn viên,2
员,推销员,tuī xiāo yuán,"Nhân viên tiếp thị, nhân viên bán hàng, người bán dạo.",2
员,人员,rén yuán,nhân viên,3
员,会员,huì yuán,thành viên,3
员,员工,yuán gōng,nhân viên,3
员,成员,chéng yuán,thành viên,3
员,队员,duì yuán,thành viên đội,3
员,公务员,gōng wù yuán,công chức,3
员,运动员,yùn dòng yuán,vận động viên,3
员,会员卡,huì yuán kǎ,thẻ thành viên,4
员,售票员,shòu piào yuán,"nhân viên bán vé, người soát vé",4
员,伤员,shāng yuán,người bị thương,6
员,动员,dòng yuán,huy động,6
呛,够呛,gòu qiàng,không chịu nổi,7
呜,呜咽,wū yè,khóc nức nở,7
周,周末,zhōu mò,cuối tuần,1
周,上周,shàng zhōu,tuần trước,2
周,下周,xià zhōu,tuần tới,2
周,周到,zhōu dào,chu đáo,2
周,周围,zhōu wéi,xung quanh,2
周,周年,zhōu nián,kỷ niệm,2
周,黄金周,huáng jīn zhōu,"Tuần lễ vàng (kỳ nghỉ dài 7 ngày ở Trung Quốc, thường là Quốc khánh hoặc Quốc tế Lao động).",2
周,众所周知,zhòng suǒ zhōu zhī,mọi người đều biết,3
周,周折,zhōu zhé,"sự phức tạp, khó khăn",6
周,周期,zhōu qī,chu kỳ,6
周,周转,zhōu zhuǎn,xoay quanh,6
周,周边,zhōu biān,lân cận,6
周,周密,zhōu mì,cẩn thận và tỉ mỉ,7
周,周旋,zhōu xuán,giao tiếp,7
味,味道,wèi dao,hương vị,1
味,味精,wèi jīng,mì chính,2
味,有味儿,yǒu wèir,"Có mùi vị (thơm ngon), có hương vị",2
味,意味,yì wèi,"Có nghĩa là, ý nghĩa, hàm ý",3
味,趣味,qù wèi,sở thích,3
味,味儿,wèir,vị,4
味,美味,měi wèi,món ngon,4
味,风味,fēng wèi,hương vị,4
味,口味,kǒu wèi,hương vị,5
味,意味着,yì wèi zhe,nghĩa là,5
味,气味,qì wèi,mùi,6
味,香味,xiāng wèi,hương thơm,6
味,津津有味,jīn jīn yǒu wèi,với sự quan tâm nồng nhiệt,6
味,一味,yī wèi,mù quáng,7
味,卤味,lǔ wèi,món ăn lạnh,7
味儿,有味儿,yǒu wèir,"Có mùi vị (thơm ngon), có hương vị",2
呵,呵护,hē hù,chăm sóc,7
呻,呻吟,shēn yín,rên rỉ,6
呼,惊呼,jīng hū,"kinh ngạc kêu lên, thốt lên",3
呼,打招呼,dǎ zhāo hu,chào hỏi,3
呼,呼吸,hū xī,thở,4
呼,招呼,zhāo hu,chào hỏi,4
呼,称呼,chēng hu,xưng hô,5
呼,呼朋唤友,hū péng huàn yǒu,"gọi bạn bè, hô hào bạn bè",5
呼,呼吁,hū yù,kêu gọi,6
呼,呼唤,hū huàn,gọi,6
呼,呼声,hū shēng,tiếng la hét,7
呼,呼应,hū yìng,phối hợp,7
呼,呼求,hū qiú,van xin,7
呼,欢呼,huān hū,hoan hô,7
呼,呼风唤雨,hū fēng huàn yǔ,gọi gió gọi mưa,7
命,命脉,mìng mài,"huyết mạch, mạch sống, yếu tố cốt lõi",3
命,命运,mìng yùn,số phận,3
命,拼命,pīn mìng,liều mạng,3
命,生命,shēng mìng,cuộc sống,3
命,要命,yào mìng,cực kỳ,3
命,算命,suàn mìng,"xem bói, bói toán",4
命,任命,rèn mìng,bổ nhiệm,5
命,命令,mìng lìng,"ra lệnh; mệnh lệnh, lệnh",5
命,寿命,shòu mìng,tuổi thọ,5
命,革命,gé mìng,cách mạng; cuộc cách mạng,5
命,使命,shǐ mìng,sứ mệnh,6
命,命名,mìng míng,đặt tên,6
命,性命,xìng mìng,sinh mạng,6
命,救命,jiù mìng,cứu mạng,6
命,命题,mìng tí,đề xuất,7
咀,咀嚼,jǔ jué,nhai,4
和,中和,zhōng hé,trung hòa,3
和,和平,hé píng,hòa bình,3
和,暖和,nuǎn huo,ấm áp,3
和,温和,wēn hé,dịu dàng,3
和,和尚,hé shàng,nhà sư Phật giáo,5
和,柔和,róu hé,mềm mại,5
和,饱和,bǎo hé,bão hòa,5
和,和气,hé qi,"lịch sự, thân thiện",6
和,和蔼,hé'ǎi,hòa nhã,6
和,和解,hé jiě,hòa giải,6
和,和谐,hé xié,hài hòa,6
和,总和,zǒng hé,"tổng cộng, tổng số, tổng hòa",6
和,祥和,xiáng hé,phúc lành,6
和,缓和,huǎn hé,làm dịu,6
和,调和,tiáo hé,hòa giải; sự hòa giải,6
和平,和平共处,hé píng gòng chǔ,chung sống hòa bình,7
咏,歌咏,gē yǒng,hát; ca hát,7
咐,吩咐,fēn fù,ra lệnh,7
咐,嘱咐,zhǔ fù,khuyên nhủ,7
咖,咖啡,kā fēi,cà phê,1
咙,喉咙,hóu long,họng,7
咧,咧嘴,liě zuǐ,cười toe toét,7
咧,大大咧咧,dà da liē liē,không cẩn thận,7
咨,咨询,zī xún,tư vấn,5
咬,咬啮,yǎo niè,"Cắn xé, gặm nhấm",7
咱,咱们,zán men,chúng ta,1
咳,咳嗽,ké sou,ho,1
咳,止咳,zhǐ ké,ngừng ho,7
咸,咸菜,xián cài,"Dưa muối, rau muối, cà muối",4
咽,狼吞虎咽,láng tūn hǔ yàn,"Ăn ngấu nghiến, nuốt chửng",6
咽,呜咽,wū yè,khóc nức nở,7
咽,咽喉,yān hóu,họng,7
哀,悲哀,bēi'āi,đau buồn,6
哀,哀求,āi qiú,khẩn cầu,7
哀,喜怒哀乐,xǐ nù āi lè,mọi cảm xúc của con người,7
品,食品,shí pǐn,thực phẩm,1
品,作品,zuò pǐn,tác phẩm,3
品,商品,shāng pǐn,hàng hoá,3
品,产品,chǎn pǐn,sản phẩm,4
品,品尝,pǐn cháng,nếm thử,4
品,品质,pǐn zhí,chất lượng,4
品,农产品,nóng chǎn pǐn,sản phẩm nông nghiệp,4
品,日用品,rì yòng pǐn,đồ dùng hàng ngày,5
品,品德,pǐn dé,phẩm đức,6
品,品牌,pǐn pái,thương hiệu,6
品,品种,pǐn zhǒng,giống,6
品,品行,pǐn xíng,đạo đức,6
品,成品,chéng pǐn,sản phẩm hoàn chỉnh,6
品,样品,yàng pǐn,mẫu sản phẩm,6
品,毒品,dú pǐn,ma túy,6
哄,哄堂大笑,hōng táng dà xiào,cả phòng cười ầm lên,7
哆,哆嗦,duō suo,run rẩy,6
哈,哈尔滨,Hā ěr bīn,Cáp Nhĩ Tân (thành phố ở Trung Quốc),1
哈,哈哈,hā hā,ha-ha,3
哈,打哈欠,dǎ hā qian,Ngáp,3
哈,曼哈顿,màn hā dùn,Manhattan (một quận của New York),3
哈,哈密瓜,hā mì guā,"dưa Hami, dưa lưới",6
响,影响,yǐng xiǎng,ảnh hưởng,2
响,交响乐,jiāo xiǎng yuè,giao hưởng,3
响,反响,fǎn xiǎng,tiếng vang,6
响,响声,xiǎng shēng,âm thanh,6
响,音响,yīn xiǎng,âm thanh,6
响,响亮,xiǎng liàng,to và rõ,7
响,响应,xiǎng yìng,phản hồi,7
响,响起,xiǎng qǐ,vang lên,7
响,巨响,jù xiǎng,"tiếng động lớn, tiếng vang trời",7
哎,哎呀,āi yā,thán từ 'ai ya',1
哗,哗变,huá biàn,binh biến,7
哗,哗然,huá rán,náo động,7
哗,喧哗,xuān huá,gây ồn ào; ồn ào,7
哥,哥哥,gē ge,anh trai,1
哥,大哥,dà gē,anh cả,4
哥,帅哥,shuài gē,anh chàng đẹp trai,4
哥,温哥华,Wēn gē huá,Vancouver (thành phố ở Canada),7
哨,吹口哨,chuī kǒu shào,huýt sáo,3
哨,口哨,kǒu shào,còi,7
哪,哪个,nǎ ge,cái nào,1
哪,哪些,nǎ xiē,Những cái nào?,1
哪,哪儿,nǎr,ở đâu,1
哪,哪里,nǎ lǐ,ở đâu,1
哪,哪怕,nǎ pà,ngay cả khi,4
哪,哪知道,nǎ zhī dao,đâu có biết,7
哭,哭鼻子,kū bí zi,"Khóc nhè, khóc sụt sịt",6
哭,哭泣,kū qì,khóc,7
哭,哭笑不得,kū xiào bù dé,vừa khóc vừa cười,7
哲,哲学,zhé xué,triết học,2
哲,哲学家,zhé xué jiā,Nhà triết học.,2
哲,哲理,zhé lǐ,Triết lý,8
哲学,哲学家,zhé xué jiā,Nhà triết học.,2
哺,哺乳,bǔ rǔ,cho con bú,6
哺,哺育,bǔ yù,nuôi dưỡng,7
哺,返哺,fǎn bǔ,Phản哺 (chim non lớn lên mớm lại thức ăn cho chim mẹ); báo hiếu (nghĩa rộng),7
哼,气哼哼,qì hēng hēng,"Giận dỗi, hậm hực (thường kèm tiếng thở phì phò)",7
唆,啰唆,luō suo,"dài dòng, nói nhiều",6
唇,嘴唇,zuǐ chún,môi,6
唇,唇膏,chún gāo,"Son môi, son dưỡng môi",8
唉,唉声叹气,āi shēng tàn qì,"Thở dài than vãn, than thở",7
唏,唏嘘,xī xū,"than thở, thở dài; xì xào, bàn tán",7
唐,荒唐,huāng táng,vô lý,6
唐,唐诗,táng shī,Thơ Đường,7
唠,唠叨,láo dao,lải nhải,6
唤,唤醒,huàn xǐng,"đánh thức, gọi dậy",3
唤,呼朋唤友,hū péng huàn yǒu,"gọi bạn bè, hô hào bạn bè",5
唤,呼唤,hū huàn,gọi,6
唤,使唤,shǐ huàn,ra lệnh,7
唤,唤起,huàn qǐ,đánh thức,7
唤,呼风唤雨,hū fēng huàn yǔ,gọi gió gọi mưa,7
唬,吓唬,xià hǔ,dọa,7
售,售货员,shòu huò yuán,nhân viên bán hàng,1
售,出售,chū shòu,bán,4
售,销售,xiāo shòu,bán hàng,4
售,售票员,shòu piào yuán,"nhân viên bán vé, người soát vé",4
售,兜售,dōu shòu,bán dạo,7
售,售价,shòu jià,giá bán,7
售,售票,shòu piào,bán vé,7
售,零售,líng shòu,bán lẻ,7
售,预售,yù shòu,bán trước,7
售票,售票员,shòu piào yuán,"nhân viên bán vé, người soát vé",4
唯,唯一,wéi yī,"chỉ có, duy nhất",2
唯,唯独,wéi dú,"chỉ, một mình",4
唱,唱歌,chàng gē,hát,1
唱,演唱,yǎn chàng,hát,3
唱,演唱会,yǎn chàng huì,buổi hòa nhạc,3
唱,唱片,chàng piàn,đĩa hát,4
唱,歌唱,gē chàng,hát,6
唱,合唱,hé chàng,hợp xướng,7
唱,独唱,dú chàng,hát đơn,7
唾,唾液,tuò yè,nước bọt,3
唾,唾弃,tuò qì,"khinh bỉ, ruồng bỏ, phỉ nhổ",6
商,商场,shāng chǎng,trung tâm mua sắm,1
商,商店,shāng diàn,cửa hàng,1
商,商人,shāng rén,thương nhân,2
商,商量,shāng liang,thương lượng,2
商,商业,shāng yè,thương mại,3
商,商品,shāng pǐn,hàng hoá,3
商,商务,shāng wù,thương mại,4
商,经商,jīng shāng,kinh doanh,5
商,协商,xié shāng,đàm phán,6
商,厂商,chǎng shāng,"nhà sản xuất, chủ nhà máy",6
商,商城,shāng chéng,trung tâm thương mại,6
商,商标,shāng biāo,nhãn hiệu,6
商,工商,gōng shāng,công thương,6
商,商讨,shāng tǎo,thảo luận,7
商,商贩,shāng fàn,tiểu thương,7
啡,咖啡,kā fēi,cà phê,1
啤,啤酒,pí jiǔ,bia,1
啤,扎啤,zhā pí,"Bia tươi, bia hơi",2
啦,啦啦队,lā lā duì,đội cổ vũ,7
啬,吝啬,lìn sè,keo kiệt,6
啮,咬啮,yǎo niè,"Cắn xé, gặm nhấm",7
啰,啰唆,luō suo,"dài dòng, nói nhiều",6
啸,海啸,hǎi xiào,sóng thần,7
啼,啼笑皆非,tí xiào jiē fēi,"dở khóc dở cười, không biết nên khóc hay nên cười",3
喂,喂养,wèi yǎng,cho ăn,4
善,完善,wán shàn,hoàn thiện,3
善,善于,shàn yú,giỏi ở,4
善,善良,shàn liáng,tốt bụng,4
善,改善,gǎi shàn,cải thiện,4
善,慈善,cí shàn,từ thiện,6
善,友善,yǒu shàn,thân thiện,7
善,善意,shàn yì,ý tốt,7
善,妥善,tuǒ shàn,thích hợp,7
喇,喇叭,lǎ ba,kèn,6
喉,歌喉,gē hóu,"giọng hát (hay), tiếng hát",3
喉,咽喉,yān hóu,họng,7
喉,喉咙,hóu long,họng,7
喊,呐喊,nà hǎn,hô hào,7
喘,喘气,chuǎn qì,"thở mạnh, thở hổn hển",6
喘,喘息,chuǎn xī,thở hổn hển,7
喜,喜欢,xǐ huan,thích,1
喜,喜爱,xǐ ài,yêu thích; ưa thích,3
喜,喜出望外,xǐ chū wàng wài,vui mừng khôn xiết,3
喜,喜剧,xǐ jù,hài kịch,5
喜,恭喜,gōng xǐ,chúc mừng,5
喜,惊喜,jīng xǐ,ngạc nhiên,5
喜,喜悦,xǐ yuè,vui sướng,6
喜,喜事,xǐ shì,"sự kiện vui, sự việc hạnh phúc",7
喜,喜好,xǐ hào,thích,7
喜,喜庆,xǐ qìng,"sự kiện vui; lễ hội, hạnh phúc",7
喜,喜糖,xǐ táng,kẹo cưới,7
喜,喜酒,xǐ jiǔ,tiệc cưới,7
喜,欣喜,xīn xǐ,vui mừng,7
喜,喜洋洋,xǐ yángyáng,rạng rỡ,7
喜,喜怒哀乐,xǐ nù āi lè,mọi cảm xúc của con người,7
喜欢,讨人喜欢,tǎo rén xǐ huan,quyến rũ,7
喝,好喝,hǎo hē,ngon (đồ uống),2
喝,喝彩,hè cǎi,ca ngợi,7
喝,吃喝玩乐,chī hē wán lè,ăn uống vui chơi,7
喧,喧嚣,xuān xiāo,"ồn ào, huyên náo",3
喧,喧哗,xuān huá,gây ồn ào; ồn ào,7
喧,喧闹,xuān nào,ồn ào,7
喷,打喷嚏,dǎ pēn tì,hắt hơi,3
喷,喷泉,pēn quán,đài phun nước,7
喻,比喻,bǐ yù,phép ẩn dụ,6
喻,不言而喻,bù yán ér yù,"Không nói cũng hiểu, hiển nhiên",6
喻,家喻户晓,jiā yù hù xiǎo,nổi tiếng,6
嗅,嗅觉,xiù jué,khứu giác,6
嗓,嗓子,sǎng zi,"họng, giọng",5
嗜,嗜好,shì hào,thói quen,3
嗝,打嗝,dǎ gé,Nấc (chứng nấc cụt),3
嗦,哆嗦,duō suo,run rẩy,6
嗽,咳嗽,ké sou,ho,1
嘈,嘈杂,cáo zá,ồn ào,6
嘉,嘉宾,jiā bīn,khách mời danh dự,6
嘉,嘉年华,jiā nián huá,lễ hội hóa trang,7
嘘,唏嘘,xī xū,"than thở, thở dài; xì xào, bàn tán",7
嘟,嘟囔,dū nang,"Lẩm bẩm, làu bàu",4
嘱,叮嘱,dīng zhǔ,khuyên nhủ liên tục,7
嘱,嘱咐,zhǔ fù,khuyên nhủ,7
嘱,遗嘱,yí zhǔ,di chúc,7
嘲,嘲弄,cháo nòng,chế nhạo,7
嘲,嘲笑,cháo xiào,chế nhạo,7
嘴,嘴巴,zuǐ ba,miệng,4
嘴,烟嘴,yān zuǐ,"Đầu lọc thuốc lá, ống điếu (phần miệng của tẩu/điếu thuốc)",4
嘴,嘴唇,zuǐ chún,môi,6
嘴,插嘴,chā zuǐ,ngắt lời,6
嘴,吵嘴,chǎo zuǐ,cãi nhau,7
嘴,咧嘴,liě zuǐ,cười toe toét,7
嘴,七嘴八舌,qī zuǐ bā shé,nói như bắn liên thanh,7
嘴,嘴角,zuǐ jiǎo,khóe miệng,8
器,器官,qì guān,cơ quan,3
器,容器,róng qì,đồ chứa,3
器,机器,jī qì,máy móc,3
器,武器,wǔ qì,vũ khí,3
器,仪器,yí qì,dụng cụ,4
器,器械,qì xiè,thiết bị,4
器,充电器,chōng diàn qì,bộ sạc,4
器,乐器,yuè qì,nhạc cụ,5
器,机器人,jī qì rén,robot,5
器,器材,qì cái,thiết bị,6
器,电器,diàn qì,thiết bị điện,6
器,热水器,rè shuǐ qì,máy nước nóng,6
器,瓷器,cí qì,đồ sứ,7
器,显示器,xiǎn shì qì,màn hình,7
器,服务器,fú wù qì,máy chủ,7
噪,噪音,zàoyīn,tiếng ồn,5
噪,白噪音,bái zào yīn,Tiếng ồn trắng,6
噪,噪声,zào shēng,tiếng ồn,7
噪音,白噪音,bái zào yīn,Tiếng ồn trắng,6
嚏,打喷嚏,dǎ pēn tì,hắt hơi,3
嚣,喧嚣,xuān xiāo,"ồn ào, huyên náo",3
嚼,咀嚼,jǔ jué,nhai,4
囊,胶囊,jiāo náng,viên nang,7
囔,嘟囔,dū nang,"Lẩm bẩm, làu bàu",4
囚,囚犯,qiú fàn,tù nhân,7
四,星期四,xīng qī sì,thứ Năm,1
四,四肢,sì zhī,tứ chi,2
四,四季,sì jì,bốn mùa,3
四,四川,Sì chuān,Tứ Xuyên (tỉnh),5
四,四合院,sì hé yuàn,nhà tứ hợp viện,5
四,朝三暮四,zhāo sān mù sì,thay đổi thất thường,5
四,四处,sì chù,"khắp nơi, xung quanh",6
四,丢三落四,diū sān là sì,vô ý,6
四,四面八方,sì miàn bā fāng,bốn phương tám hướng,7
四,狼烟四起,láng yān sì qǐ,"Khói sói nổi khắp nơi (ám chỉ chiến tranh, loạn lạc sắp xảy ra hoặc đã xảy ra)",7
回,回到,huí dào,trở lại,1
回,回去,huí qù,trở về,1
回,回家,huí jiā,trở về nhà,1
回,回来,huí lai,quay lại,1
回,回答,huí dá,trả lời,1
回,回国,huí guó,về nước,2
回,回忆,huí yì,nhớ lại,2
回,回复,huí fù,trả lời,4
回,收回,shōu huí,lấy lại,4
回,回信,huí xìn,trả lời thư; thư trả lời,5
回,回报,huí bào,đáp lại,5
回,返回,fǎn huí,"trở về, quay lại",5
回,回应,huí yìng,đáp lại,6
回,挽回,wǎn huí,khôi phục,6
回,回升,huí shēng,tăng trở lại,7
回忆,回忆录,huí yì lù,hồi ký,7
因,原因,yuán yīn,nguyên nhân,2
因,因为,yīn wèi,bởi vì,2
因,因此,yīn cǐ,vì vậy,4
因,基因,jī yīn,gen,4
因,因素,yīn sù,yếu tố,5
因,因而,yīn'ér,do đó,5
因,因人而异,yīn rén ér yì,tùy từng người,7
因,成因,chéng yīn,Nguyên nhân hình thành,8
团,团圆,tuán yuán,đoàn tụ,2
团,团体,tuán tǐ,nhóm,3
团,团结,tuán jié,đoàn kết,3
团,代表团,dài biǎo tuán,phái đoàn,3
团,团队,tuán duì,đội,6
团,剧团,jù tuán,đoàn kịch,7
团,团伙,tuán huǒ,băng nhóm,7
团,团员,tuán yuán,thành viên đoàn,7
团,团聚,tuán jù,đoàn tụ,7
团,社团,shè tuán,cộng đồng,7
团,谜团,mí tuán,câu đố,7
团,花团锦簇,huā tuán jǐn cù,"Rực rỡ muôn màu, hoa gấm rực rỡ, lộng lẫy (hình dung hoa nở tươi đẹp, hoặc vật trang trí rực rỡ).",8
园,校园,xiào yuán,khuôn viên trường,1
园,公园,gōng yuán,công viên,2
园,花园,huā yuán,vườn hoa,2
园,动物园,dòng wù yuán,sở thú,2
园,幼儿园,yòu'ér yuán,nhà trẻ,2
园,园林,yuán lín,vườn,3
园,乐园,lè yuán,xứ sở thần tiên,4
园,园地,yuán dì,khu vườn,6
园,家园,jiā yuán,nhà và quê nhà,6
园,庄园,zhuāng yuán,trang viên,7
园,果园,guǒ yuán,vườn cây ăn quả,7
困,困惑,kùn huò,bối rối,3
困,困难,kùn nan,khó khăn,3
困,困扰,kùn rǎo,làm rối trí,5
困,贫困,pín kùn,nghèo khổ,6
困,困境,kùn jìng,tình huống khó khăn,7
困,困苦,kùn kǔ,"khốn khổ, gian khổ",7
困,穷困,qióng kùn,"nghèo khổ, khốn cùng",7
囱,烟囱,yān cōng,ống khói,7
围,周围,zhōu wéi,xung quanh,2
围,范围,fàn wéi,phạm vi,3
围,围巾,wéi jīn,khăn quàng cổ,4
围,入围,rù wéi,"lọt vào vòng chung kết, được chọn vào danh sách",5
围,围绕,wéi rào,xoay quanh,5
围,包围,bāo wéi,bao vây,6
围,围墙,wéi qiáng,"bức tường, hàng rào",7
围,氛围,fēn wéi,bầu không khí,7
围,解围,jiě wéi,giải vây,7
围,腰围,yāo wéi,Vòng eo,8
固,固定,gù dìng,cố định; gắn chặt,4
固,坚固,jiān gù,kiên cố,4
固,固执,gù zhí,bướng bỉnh,6
固,固有,gù yǒu,cố hữu,6
固,固然,gù rán,không nghi ngờ,6
固,巩固,gǒng gù,củng cố,6
固,牢固,láo gù,vững chắc,6
固,顽固,wán gù,bướng bỉnh,6
固,根深蒂固,gēn shēn dì gù,ăn sâu bám rễ,6
固,凝固,níng gù,đông đặc,7
固,稳固,wěn gù,ổn định,7
国,中国,Zhōng guó,Trung Quốc,1
国,国外,guó wài,nước ngoài,1
国,国家,guó jiā,quốc gia,1
国,国际,guó jì,quốc tế,1
国,外国,wài guó,nước ngoài,1
国,法国,Fǎ guó,nước Pháp,1
国,泰国,Tài guó,nước Thái Lan,1
国,中国人,zhōng guó rén,người Trung Quốc,1
国,全国,quán guó,toàn quốc,2
国,出国,chū guó,ra nước ngoài,2
国,回国,huí guó,về nước,2
国,祖国,zǔ guó,tổ quốc,2
国,德国人,dé guó rén,Người Đức,2
国,国内,guó nèi,trong nước,3
国,国宝,guó bǎo,bảo vật quốc gia,3
国画,中国画,zhōng guó huà,tranh Trung Quốc truyền thống,7
图,地图,dì tú,bản đồ,1
图,图书馆,tú shū guǎn,thư viện,1
图,图片,tú piàn,hình ảnh,2
图,图画,tú huà,"bức tranh, bản vẽ",3
图,图案,tú'àn,hoa văn,4
图,企图,qǐ tú,cố gắng,6
图,图书,tú shū,sách,6
图,试图,shì tú,thử,6
图,图像,tú xiàng,hình ảnh,7
图,图形,tú xíng,đồ thị,7
图,图纸,tú zhǐ,bản vẽ,7
图,图表,tú biǎo,biểu đồ,7
图,意图,yì tú,ý định,7
图,插图,chā tú,minh họa,7
图,蓝图,lán tú,bản thiết kế,7
图书,图书馆,tú shū guǎn,thư viện,1
圆,团圆,tuán yuán,đoàn tụ,2
圆,方圆,fāng yuán,Chu vi; bán kính; xung quanh,4
圆,圆珠笔,yuán zhū bǐ,bút bi,6
圆,圆形,yuán xíng,hình tròn,7
圆,汤圆,tāng yuán,bánh trôi nước,7
圈,眼圈,yǎn quān,"Vòng mắt, vành mắt",2
圈,圈子,quān zi,nhóm,3
圈,圈套,quān tào,bẫy,7
圈,演艺圈,yǎn yì quān,làng giải trí,7
土,土豆,tǔ dòu,khoai tây,2
土,土地,tǔ dì,đất đai,4
土,水土,shuǐ tǔ,Đất đai và nước; thổ nhưỡng,4
土,土壤,tǔ rǎng,đất,6
土,本土,běn tǔ,bản địa,6
土,领土,lǐng tǔ,lãnh thổ,6
土,风土人情,fēng tǔ rén qíng,điều kiện và phong tục địa phương,6
土,出土,chū tǔ,khai quật,7
土,国土,guó tǔ,lãnh thổ,7
土,土匪,tǔ fěi,tên cướp,7
土,泥土,ní tǔ,đất,7
土,混凝土,hùn níng tǔ,bê tông,7
土,土生土长,tǔ shēng tǔ zhǎng,được sinh ra và lớn lên tại địa phương,7
圣,圣诞节,Shèng dàn jié,Giáng sinh,1
圣,圣火,shèng huǒ,"Ngọn lửa thiêng, ngọn lửa thần thánh",3
圣,圣经,shèng jīng,Kinh Thánh,3
圣,神圣,shén shèng,thần thánh,5
圣,圣贤,shèng xián,hiền nhân,7
在,在家,zài jiā,ở nhà,1
在,正在,zhèng zài,đang,1
在,现在,xiàn zài,bây giờ,1
在,实在,shí zài,thực sự,2
在,存在,cún zài,tồn tại,3
在,内在,nèi zài,nội tại,4
在,在乎,zài hu,quan tâm,4
在,在于,zài yú,phụ thuộc vào,4
在,不在乎,bù zài hu,không quan tâm,4
在,自由自在,zì yóu zì zài,tự do thoải mái,4
在,在场,zài chǎng,có mặt,5
在,自在,zì zài,tự do,6
在,心不在焉,xīn bù zài yān,"Lơ đễnh, đãng trí, không tập trung",6
在,在意,zài yì,quan tâm,7
在,在线,zaì xiàn,trực tuyến,7
在乎,不在乎,bù zài hu,không quan tâm,4
地,地上,dì shàng,mặt đất,1
地,地图,dì tú,bản đồ,1
地,地方,dì fang,nơi,1
地,地点,dì diǎn,địa điểm,1
地,地铁,dì tiě,tàu điện ngầm,1
地,地区,dì qū,khu vực,2
地,地址,dì zhǐ,địa chỉ,2
地,地球,Dì qiú,trái đất,2
地,地道,dì dao,đích thực,2
地,外地,wài dì,nơi khác,2
地,草地,cǎo dì,bãi cỏ,2
地,地铁站,dì tiě zhàn,ga tàu điện ngầm,2
地,目的地,mù dì dì,điểm đến,2
地,各地,gè dì,khắp nơi,3
地,当地,dāng dì,địa phương,3
地下,地下水,dì xià shuǐ,nước ngầm,7
地铁,地铁站,dì tiě zhàn,ga tàu điện ngầm,2
场,商场,shāng chǎng,trung tâm mua sắm,1
场,机场,jī chǎng,sân bay,1
场,广场,guǎng chǎng,quảng trường,2
场,操场,cāo chǎng,sân thể thao,2
场,球场,qiú chǎng,sân bóng,2
场,体育场,tǐ yù chǎng,sân vận động,2
场,停车场,tíng chē chǎng,bãi đậu xe,2
场,全场,quán chǎng,mọi người có mặt,3
场,剧场,jù chǎng,rạp hát,3
场,场合,chǎng hé,dịp,3
场,场所,chǎng suǒ,nơi,3
场,场面,chǎng miàn,cảnh,3
场,屠场,tú chǎng,"Lò mổ, lò sát sinh",3
场,市场,shì chǎng,chợ,3
场,现场,xiàn chǎng,"hiện trường, địa điểm",3
场所,公共场所,gōng gòng chǎng suǒ,cơ sở công cộng,7
圾,垃圾,lā jī,rác,4
圾,垃圾桶,lā jī tǒng,thùng rác,4
址,地址,dì zhǐ,địa chỉ,2
址,网址,wǎng zhǐ,địa chỉ web,4
址,住址,zhù zhǐ,địa chỉ,7
址,遗址,yí zhǐ,"di tích, phế tích",7
均,均匀,jūn yún,"đều, phân bố đều",2
均,平均,píng jūn,trung bình; bình quân,4
均,人均,rén jūn,bình quân đầu người,7
均,均衡,jūn héng,cân bằng,7
坊,作坊,zuō fang,"Xưởng nhỏ, lò thủ công",8
坎,坎坷多舛,kǎn kě duō chuǎn,"Gập ghềnh, trắc trở, nhiều gian truân",7
坏,坏事,huài shì,ác,2
坏,坏人,huài rén,người xấu,2
坏,坏处,huài chu,điều xấu,2
坏,破坏,pò huài,phá hủy,3
坏,败坏,bài huài,hủy hoại,6
坏,好坏,hǎo huài,tốt và xấu,7
坏,损坏,sǔn huài,hỏng hóc,7
坏,毁坏,huǐ huài,phá hủy,7
坏,时好时坏,shí hǎo shí huài,lúc tốt lúc xấu,7
坐,坐下,zuò xià,ngồi xuống,1
坐,请坐,qǐng zuò,mời ngồi,1
坐,乘坐,chéng zuò,đi xe,4
坐,坐落,zuò luò,nằm ở,7
块,块儿,kuàir,"miếng, cục, mẩu",2
块,一块儿,yī kuàir,"Cùng nhau, cùng một chỗ",2
块,板块,bǎn kuài,tấm,7
块儿,一块儿,yī kuàir,"Cùng nhau, cùng một chỗ",2
坚,坚持,jiān chí,kiên trì,2
坚,坚决,jiān jué,quyết tâm,3
坚,坚强,jiān qiáng,mạnh mẽ,3
坚,坚固,jiān gù,kiên cố,4
坚,坚韧,jiān rèn,bền bỉ,4
坚,坚定,jiān dìng,vững chắc,5
坚,坚信,jiān xìn,tin tưởng chắc chắn,7
坚,坚守,jiān shǒu,kiên trì giữ vững,7
坚,坚实,jiān shí,vững chắc,7
坚,坚硬,jiān yìng,cứng,7
坚,坚持不懈,jiān chí bù xiè,không ngừng,7
坚持,坚持不懈,jiān chí bù xiè,không ngừng,7
坛,坛子,tán zi,"cái hũ, cái vại",5
坛,论坛,lùn tán,diễn đàn,6
坝,堤坝,dī bà,đê,6
坟,坟墓,fén mù,"mộ, nghĩa trang",3
坠,下坠,xià zhuì,rơi,7
坠,摇摇欲坠,yáo yáo yù zhuì,lung lay và sụp đổ,7
坡,新加坡,Xīn jiā pō,Singapore,3
坡,山坡,shān pō,sườn núi,4
坦,坦率,tǎn shuài,thẳng thắn,5
坦,巴基斯坦,Bā jī sī tǎn,Pakistan,5
坦,坦白,tǎn bái,thẳng thắn,6
坦,坦诚,tǎn chéng,thẳng thắn và thành thật,6
坦,平坦,píng tǎn,bằng phẳng,6
坦,坦克,tǎn kè,xe tăng,7
坦,坦然,tǎn rán,bình tĩnh,7
坦,坦荡,tǎn dàng,"Thẳng thắn, quang minh, rộng rãi, bao la",7
坪,草坪,cǎo píng,bãi cỏ,7
坷,坎坷多舛,kǎn kě duō chuǎn,"Gập ghềnh, trắc trở, nhiều gian truân",7
垂,垂直,chuí zhí,"thẳng đứng, vuông góc",6
垂,垂头丧气,chuí tóu sàng qì,chán nản,7
垃,垃圾,lā jī,rác,4
垃,垃圾桶,lā jī tǒng,thùng rác,4
垃圾,垃圾桶,lā jī tǒng,thùng rác,4
垄,垄断,lǒng duàn,độc quyền,5
型,典型,diǎn xíng,điển hình,3
型,型号,xíng hào,"kiểu loại, mẫu",4
型,大型,dà xíng,quy mô lớn,4
型,小型,xiǎo xíng,quy mô nhỏ,4
型,新型,xīn xíng,kiểu mới,4
型,模型,mó xíng,mô hình,4
型,类型,lèi xíng,loại hình,4
型,造型,zào xíng,tạo hình; thiết kế,4
型,中型,zhōng xíng,cỡ trung bình,7
型,原型,yuán xíng,nguyên mẫu,7
型,发型,fà xíng,kiểu tóc,7
型,巨型,jù xíng,khổng lồ,7
型,微型,wēi xíng,"vi mô, nhỏ",7
型,成型,chéng xíng,định hình,7
型,车型,chē xíng,mẫu xe,7
垒,垒球,lěi qiú,bóng mềm (một môn thể thao giống bóng chày),4
垒,堡垒,bǎo lěi,pháo đài,7
垦,开垦,kāi kěn,khai hoang,7
垫,垫子,diàn zi,tấm thảm,7
垫,垫底,diàn dǐ,đặt nền tảng,7
埃,埃及,Aī jí,Ai Cập,7
埋,埋伏,mái fú,phục kích,6
埋,埋怨,mán yuàn,phàn nàn,6
埋,埋没,mái mò,chôn vùi,6
埋,埋头,mái tóu,"Vùi đầu, chúi đầu (làm việc gì đó)",7
埋,埋藏,mái cáng,chôn,7
城,长城,Cháng chéng,Vạn Lý Trường Thành,2
城,城市,chéng shì,thành phố,3
城,商城,shāng chéng,trung tâm thương mại,6
城,城乡,chéng xiāng,thành thị và nông thôn,6
城,城区,chéng qū,khu vực thành phố,6
城,城堡,chéng bǎo,lâu đài,6
城,城镇,chéng zhèn,Thành thị và thị trấn,6
城,城墙,chéng qiáng,tường thành,7
城,众志成城,zhòng zhì chéng chéng,đoàn kết là thành trì không thể phá vỡ,7
城,城府,chéng fǔ,"tâm cơ, sự kín đáo, thâm trầm",8
域,区域,qū yù,"khu vực, vùng",5
域,领域,lǐng yù,lĩnh vực,5
域,地域,dì yù,khu vực,7
域,水域,shuǐ yù,vùng nước,7
域,流域,liú yù,lưu vực,7
域,海域,hǎi yù,vùng biển,7
培,培养,péi yǎng,đào tạo,4
培,培育,péi yù,"nuôi dưỡng, trồng trọt",4
培,培训,péi xùn,đào tạo,4
培,培训班,péi xùn bān,lớp đào tạo,4
培,栽培,zāi péi,trồng trọt,6
培训,培训班,péi xùn bān,lớp đào tạo,4
基,基础,jī chǔ,nền tảng,1
基,基本,jī běn,cơ bản,2
基,基本上,jī běn shang,về cơ bản,3
基,基督徒,jī dū tú,"tín đồ Cơ Đốc giáo, tín đồ Thiên Chúa giáo",3
基,基督教,jī dū jiào,Cơ Đốc giáo,3
基,基因,jī yīn,gen,4
基,根基,gēn jī,nền tảng,5
基,巴基斯坦,Bā jī sī tǎn,Pakistan,5
基,基地,jī dì,căn cứ,6
基,基金,jī jīn,quỹ,6
基,基于,jī yú,dựa trên,7
基,基准,jī zhǔn,tiêu chuẩn,7
基,基层,jī céng,cấp cơ sở,7
基,基本功,jī běn gōng,kỹ năng cơ bản,7
基本,基本上,jī běn shang,về cơ bản,3
基本,基本功,jī běn gōng,kỹ năng cơ bản,7
堂,食堂,shí táng,nhà ăn,1
堂,课堂,kè táng,lớp học,2
堂,教堂,jiào táng,nhà thờ,3
堂,高堂,gāo táng,Cha mẹ già (cách gọi tôn kính); nhà cao cửa rộng,4
堂,天堂,tiān táng,thiên đường,6
堂,礼堂,lǐ táng,hội trường,6
堂,学堂,xué táng,truờng học,7
堂,殿堂,diàn táng,cung điện,7
堂,哄堂大笑,hōng táng dà xiào,cả phòng cười ầm lên,7
堂,富丽堂皇,fù lì táng huáng,"lộng lẫy huy hoàng, xa hoa tráng lệ",7
堆,堆积,duī jī,chất đống,6
堆,堆砌,duī qì,để đệm ra,7
堕,堕落,duò luò,suy đồi,6
堡,城堡,chéng bǎo,lâu đài,6
堡,堡垒,bǎo lěi,pháo đài,7
堤,堤坝,dī bà,đê,6
堪,堪称,kān chēng,có thể gọi là,7
堪,难堪,nán kān,không chịu nổi,7
堪,疲惫不堪,pí bèi bù kān,kiệt sức,7
堵,堵车,dǔ chē,kẹt xe,1
堵,堵塞,dǔ sè,tắc nghẽn,6
塌,倒塌,dǎo tā,sụp đổ,7
塌,一塌糊涂,yī tā hú tú,một mớ hỗn độn,7
塌,死心塌地,sǐ xīn tā dì,quyết tâm,7
塑,塑料,sù liào,nhựa,4
塑,塑料袋,sù liào dài,túi nhựa,4
塑,塑造,sù zào,tạo hình,7
塑,雕塑,diāo sù,điêu khắc,7
塑,重塑,chóng sù,"Tái tạo, định hình lại, đúc lại",8
塑料,塑料袋,sù liào dài,túi nhựa,4
塔,金字塔,jīn zì tǎ,kim tự tháp,7
塘,池塘,chí táng,ao,5
塞,堵塞,dǔ sè,tắc nghẽn,6
填,填空,tián kòng,điền chỗ trống,4
填,填充,tián chōng,lấp đầy,7
填,填写,tián xiě,điền vào,7
填,填补,tián bǔ,lấp đầy,7
境,环境,huán jìng,môi trường,2
境,境界,jìng jiè,"trạng thái, lĩnh vực",3
境,入境,rù jìng,nhập cảnh,7
境,出境,chū jìng,xuất cảnh,7
境,困境,kùn jìng,tình huống khó khăn,7
境,境内,jìng nèi,trong ranh giới,7
境,境地,jìng dì,hoàn cảnh,7
境,境外,jìng wài,ngoài biên giới,7
境,境遇,jìng yù,hoàn cảnh,7
境,处境,chǔ jìng,tình huống,7
境,家境,jiā jìng,hoàn cảnh gia đình,7
境,梦境,mèng jìng,"Giấc mơ, cảnh trong mơ",7
境,过境,guò jìng,quá cảnh,7
墅,别墅,bié shù,biệt thự,6
墓,坟墓,fén mù,"mộ, nghĩa trang",3
墓,公墓,gōng mù,nghĩa trang công cộng,7
墓,墓地,mù dì,nghĩa trang,7
墓,墓碑,mù bēi,bia mộ,7
墓,扫墓,sǎo mù,tảo mộ,7
墙,围墙,wéi qiáng,"bức tường, hàng rào",7
墙,城墙,chéng qiáng,tường thành,7
墙,防火墙,fáng huǒ qiáng,tường lửa,7
墙,墙头,qiáng tóu,"đầu tường, đỉnh tường",8
增,增加,zēng jiā,tăng,2
增,增长,zēng zhǎng,tăng trưởng,3
增,与日俱增,yǔ rì jù zēng,tăng theo từng ngày,3
增,增值,zēng zhí,tăng giá trị,6
增,增进,zēng jìn,"thúc đẩy, nâng cao",6
增,递增,dì zēng,tăng dần,6
增,增收,zēng shōu,tăng thu nhập,7
增,增添,zēng tiān,thêm,7
墟,废墟,fèi xū,đống đổ nát,6
墨,墨镜,mò jìng,"Kính râm, kính mát",2
墨,墨水,mò shuǐ,mực,6
壁,隔壁,gé bì,bên cạnh,2
壁,悬崖峭壁,xuán yá qiào bì,vách đá dốc đứng,6
壁,壁画,bì huà,bích họa,7
壁,戈壁,gē bì,Sa mạc Gobi,7
壑,沟壑,gōu hè,"Khe núi, vực sâu; rãnh, mương",8
壤,土壤,tǔ rǎng,đất,6
士,女士,nǚ shì,quý bà,1
士,博士,bó shì,tiến sĩ,4
士,士兵,shì bīng,lính,4
士,巴士,bā shì,xe buýt,4
士,战士,zhàn shì,chiến binh,4
士,护士,hù shi,y tá,4
士,男士,nán shì,quý ông,4
士,硕士,shuò shì,thạc sĩ,4
士,绅士,shēn shì,quý ông,4
士,人士,rén shì,nhân sĩ,6
士,士气,shì qì,tinh thần,7
士,学士,xué shì,cử nhân,7
士,烈士,liè shì,liệt sĩ,7
士,爵士,jué shì,nhạc jazz,7
士,芝士,zhī shì,phô mai,7
壮,壮观,zhuàng guān,cảnh tượng hùng vĩ,2
壮,雄壮,xióng zhuàng,"hùng tráng, hùng dũng",3
壮,青壮年,qīng zhuàng nián,"thanh niên cường tráng, thanh niên và trung niên",5
壮,强壮,qiáng zhuàng,mạnh mẽ,6
壮,健壮,jiàn zhuàng,khỏe mạnh,7
壮,壮丽,zhuàng lì,tráng lệ,7
壮,壮大,zhuàng dà,"mở rộng, tăng cường",7
壮,壮实,zhuàng shi,cường tráng,7
壮,壮胆,zhuàng dǎn,can đảm,7
壮,悲壮,bēi zhuàng,"Bi tráng, bi hùng (vừa bi ai vừa hào hùng, mạnh mẽ)",7
壮,气壮山河,qì zhuàng shān hé,"Khí thế hùng tráng ngút trời, khí phách ngất trời (mô tả tinh thần oai hùng, tráng lệ)",7
壮,理直气壮,lǐ zhí qì zhuàng,can đảm với lý do chính đáng,7
壮,粗壮,cū zhuàng,"to lớn, vạm vỡ, khỏe mạnh (thân cây, cơ thể)",8
声,声调,shēng diào,âm điệu,1
声,声音,shēng yīn,âm thanh,2
声,大声,dà shēng,to tiếng,2
声,小声,xiǎo shēng,thì thầm,2
声,声明,shēng míng,tuyên bố,3
声,歌声,gē shēng,âm thanh của bài hát,3
声,超声波,chāo shēng bō,"sóng siêu âm, siêu âm",3
声,相声,xiàng sheng,hài đối thoại,5
声,响声,xiǎng shēng,âm thanh,6
声,声势,shēng shì,thanh thế,6
声,掌声,zhǎng shēng,tràng pháo tay,6
声,笑声,xiào shēng,tiếng cười,6
声,名声,míng shēng,danh tiếng,7
声,呼声,hū shēng,tiếng la hét,7
声,噪声,zào shēng,tiếng ồn,7
壳,贝壳,bèi ké,vỏ sò,6
壶,鼻烟壶,bí yān hú,Lọ đựng thuốc hít,4
壶,水壶,shuǐ hú,ấm đun nước,7
处,到处,dào chù,khắp nơi,2
处,坏处,huài chu,điều xấu,2
处,好处,hǎo chù,lợi ích,2
处,相处,xiāng chǔ,hoà thuận,2
处,处理,chǔ lǐ,"sắp xếp, giải quyết",3
处,短处,duǎn chu,thiếu sót,3
处,长处,cháng chu,ưu điểm,3
处,处于,chǔ yú,ở trong,4
处,随处,suí chù,Khắp nơi; mọi nơi; bất cứ đâu,4
处,住处,zhù chù,nơi ở,6
处,四处,sì chù,"khắp nơi, xung quanh",6
处,处分,chǔ fèn,kỷ luật,6
处,处处,chù chù,mọi nơi,6
处,处置,chǔ zhì,xử lý,6
处,处长,chǔ zhǎng,trưởng phòng,6
备,准备,zhǔn bèi,chuẩn bị,1
备,设备,shè bèi,thiết bị,3
备,具备,jù bèi,có,4
备,置备,zhì bèi,"chuẩn bị, sắm sửa, trang bị",4
备,责备,zé bèi,khiển trách,5
备,配备,pèi bèi,được trang bị,5
备,储备,chǔ bèi,dự trữ,6
备,备份,bèi fèn,sao lưu,6
备,完备,wán bèi,hoàn chỉnh,6
备,戒备,jiè bèi,cảnh giác,6
备,筹备,chóu bèi,chuẩn bị,6
备,装备,zhuāng bèi,thiết bị,6
备,后备,hòu bèi,dự bị,7
备,备受,bèi shòu,được trải nghiệm đầy đủ,7
备,备用,bèi yòng,dự trữ,7
复,复习,fù xí,ôn tập,1
复,复杂,fù zá,phức tạp,2
复,重复,chóng fù,lặp lại,2
复,反复,fǎn fù,lặp đi lặp lại,3
复,复印,fù yìn,sao chép,3
复,文艺复兴,wén yì fù xīng,"Phục hưng văn hóa, thời kỳ Phục hưng",3
复,回复,huí fù,trả lời,4
复,复制,fù zhì,sao chép,4
复,恢复,huī fù,phục hồi,5
复,复仇,fù chóu,"Báo thù, trả thù",6
复,复兴,fù xīng,phục hưng,6
复,复合,fù hé,hợp chất,6
复,复活,fù huó,hồi sinh,6
复,复苏,fù sū,hồi phục,6
复,康复,kāng fù,phục hồi sức khỏe,6
复兴,文艺复兴,wén yì fù xīng,"Phục hưng văn hóa, thời kỳ Phục hưng",3
复杂,错综复杂,cuò zōng fù zá,phức tạp,7
夏,夏天,xià tiān,mùa hè,1
夏,夏季,xià jì,mùa hè,4
夏,夏令营,xià lìng yíng,trại hè,5
夏,夏历,xià lì,"Hạ lịch, âm lịch Trung Quốc (lịch của nhà Hạ)",7
夏,夏日,xià rì,"ngày hè, ngày mùa hè",7
夕,除夕,Chú xī,giao thừa,5
夕,夕阳,xī yáng,hoàng hôn,6
夕,前夕,qián xī,đêm trước,7
夕,朝夕相处,zhāo xī xiāng chǔ,ở cùng từ sáng đến tối,7
外,另外,lìng wài,ngoài ra,1
外,国外,guó wài,nước ngoài,1
外,外国,wài guó,nước ngoài,1
外,外语,wài yǔ,ngoại ngữ,1
外,外边,wài biān,bên ngoài,1
外,以外,yǐ wài,bên ngoài,2
外,外卖,wài mài,đồ ăn mang về,2
外,外号,wài hào,biệt danh,2
外,外地,wài dì,nơi khác,2
外,外衣,wài yī,áo khoác,2
外,外面,wài miàn,bên ngoài,2
外,外交,wài jiāo,ngoại giao,3
外,外人,wài rén,"người ngoài, người lạ",3
外,外文,wài wén,ngoại ngữ,3
外,意外,yì wài,bất ngờ,3
外交,外交官,wài jiāo guān,nhà ngoại giao,4
多,多大,duō dà,bao nhiêu tuổi; lớn cỡ nào,1
多,多少,duō shao,bao nhiêu,1
多,差不多,chà bu duō,"gần như, hầu như",1
多,多久,duō jiǔ,bao lâu?,2
多,多么,duō me,"đến mức nào, làm sao",2
多,多云,duō yún,nhiều mây,2
多,好多,hǎo duō,nhiều lắm,2
多,许多,xǔ duō,nhiều,2
多,大多数,dà duō shù,đại đa số,2
多,多年,duō nián,nhiều năm,4
多,多样,duō yàng,đa dạng,4
多,多次,duō cì,nhiều lần,4
多,多种,duō zhǒng,nhiều loại,4
多,大多,dà duō,chủ yếu,4
多,众多,zhòng duō,nhiều,5
多元,多元化,duō yuán huà,đa dạng hóa,6
多年,多年来,duō nián lái,trong nhiều năm,7
夜,夜里,yè li,vào ban đêm,1
夜,熬夜,áo yè,thức khuya,1
夜,半夜,bàn yè,nửa đêm,2
夜,深夜,shēn yè,đêm khuya,2
夜,日夜,rì yè,ngày và đêm,6
夜,昼夜,zhòu yè,ngày và đêm,6
夜,黑夜,hēi yè,đêm tối,6
夜,开夜车,kāi yè chē,làm việc đến khuya,6
夜,夜市,yè shì,chợ đêm,7
夜,夜晚,yè wǎn,đêm,7
夜,夜校,yè xiào,trường đêm,7
夜,夜班,yè bān,ca đêm,7
夜,彻夜,chè yè,suốt đêm,7
夜,连夜,lián yè,đêm đó,7
夜,夜总会,yè zǒng huì,hộp đêm,7
够,不够,bù gòu,không đủ,2
够,能够,néng gòu,có thể,2
够,足够,zú gòu,đủ,3
够,够呛,gòu qiàng,không chịu nổi,7
大,不大,bù dà,không lớn,1
大,多大,duō dà,bao nhiêu tuổi; lớn cỡ nào,1
大,大学,dà xué,đại học,1
大,大家,dà jiā,mọi người,1
大,大巴,dà bā,xe buýt,1
大,大概,dà gài,khoảng,1
大,大学生,dà xué shēng,sinh viên đại học,1
大,大部分,dà bù fen,phần lớn,1
大,大人,dà ren,người lớn,2
大,大声,dà shēng,to tiếng,2
大,大大,dà dà,rất nhiều,2
大,大小,dà xiǎo,kích thước,2
大,大海,dà hǎi,"biển, đại dương",2
大,大衣,dà yī,áo khoác dài,2
大,大量,dà liàng,lượng lớn,2
大体,大体上,dà tǐ shàng,nhìn chung,7
大使,大使馆,dà shǐ guǎn,đại sứ quán,3
大多,大多数,dà duō shù,đại đa số,2
大多,绝大多数,jué dà duō shù,đa số tuyệt đối,6
大多数,绝大多数,jué dà duō shù,đa số tuyệt đối,6
大大,大大咧咧,dà da liē liē,không cẩn thận,7
大学,大学生,dà xué shēng,sinh viên đại học,1
大家,大家庭,dà jiā tíng,gia đình lớn,7
大局,顾全大局,gù quán dà jú,xem xét tình hình tổng thể,7
大意,粗心大意,cū xīn dà yì,cẩu thả,7
大街,大街小巷,dà jiē xiǎo xiàng,phố lớn ngõ nhỏ,7
天,今天,jīn tiān,hôm nay,1
天,冬天,dōng tiān,mùa đông,1
天,前天,qián tiān,ngày hôm kia,1
天,半天,bàn tiān,một thời gian dài,1
天,后天,hòu tiān,ngày mốt,1
天,夏天,xià tiān,mùa hè,1
天,天气,tiān qì,thời tiết,1
天,整天,zhěng tiān,cả ngày,1
天,明天,míng tiān,ngày mai,1
天,春天,chūn tiān,mùa xuân,1
天,昨天,zuó tiān,hôm qua,1
天,晴天,qíng tiān,trời nắng,1
天,白天,bái tiān,ban ngày,1
天,秋天,qiū tiān,mùa thu,1
天,星期天,xīng qī tiān,Chủ nhật,1
太,不太,bù tài,không quá,1
太,太极拳,tài jí quán,Thái Cực Quyền,1
太,太太,tài tai,"bà, vợ",2
太,太阳,tài yáng,mặt trời,2
太,老太太,lǎo tài tai,bà cụ,3
太,老太婆,lǎo tài pó,Bà già; mụ già,4
太,太阳能,tài yáng néng,năng lượng mặt trời,6
太,太平,tài píng,thái bình,7
太,太极,tài jí,cực kỳ vĩ đại,7
太,晒太阳,shài tài yáng,tắm nắng,7
太太,老太太,lǎo tài tai,bà cụ,3
太极,太极拳,tài jí quán,Thái Cực Quyền,1
太阳,太阳能,tài yáng néng,năng lượng mặt trời,6
太阳,晒太阳,shài tài yáng,tắm nắng,7
夫,丈夫,zhàng fu,chồng,2
夫,夫人,fū ren,phu nhân,2
夫,功夫,gōng fu,kung fu,3
夫,大夫,dài fu,bác sĩ,3
夫,夫妻,fū qī,vợ chồng,3
夫,工夫,gōng fu,thời gian rảnh rỗi,3
夫,高尔夫,gāo ěr fū,Gôn (golf),3
夫,夫妇,fū fù,vợ chồng,4
夫,脚夫,jiǎo fū,"phu khuân vác, phu khuân gánh",4
夫,姐夫,jiě fu,anh rể (chồng của chị gái),5
夫,下功夫,xià gōng fū,bỏ công sức,7
夫,高尔夫球,gāo'ěr fū qiú,gôn,7
夫,车夫,chē fū,"phu xe, người đánh xe",8
失,失去,shī qù,mất,2
失,失望,shī wàng,thất vọng,2
失,失败,shī bài,thất bại,2
失,失手,shī shǒu,"lỡ tay, sơ suất; thất bại",3
失,消失,xiāo shī,biến mất,3
失,失业,shī yè,thất nghiệp,4
失,失恋,shī liàn,thất tình,5
失,失眠,shī mián,mất ngủ,5
失,损失,sǔn shī,mất mát,5
失,丧失,sàng shī,mất; sự mất,6
失,失事,shī shì,"Xảy ra tai nạn, gặp sự cố",6
失,失误,shī wù,lỗi,6
失,失踪,shī zōng,biến mất,6
失,过失,guò shī,lỗi lầm,6
失,丢失,diū shī,mất,7
失业,失业率,shī yè lǜ,tỷ lệ thất nghiệp,7
头,头发,tóu fa,tóc,1
头,头疼,tóu téng,đau đầu,1
头,钟头,zhōng tóu,giờ,1
头,头儿,tóur,"Ông chủ, thủ trưởng, người đứng đầu",2
头,点头,diǎn tóu,gật đầu,2
头,里头,lǐ tou,bên trong,2
头,馒头,mán tou,bánh bao hấp,2
头,头脑,tóu nǎo,bộ não,3
头,木头,mù tou,gỗ,3
头,源头,yuán tóu,nguồn gốc,3
头,石头,shí tou,đá,3
头,老头儿,lǎo tóur,ông già,3
头,前头,qián tou,phía trước,4
头,后头,hòu tou,phía sau,4
头,手头,shǒu tóu,trong tay,4
头儿,老头儿,lǎo tóur,ông già,3
头儿,个头儿,gè tóur,chiều cao,7
夷,化险为夷,huà xiǎn wéi yí,hóa giải nguy hiểm,7
夸,夸张,kuā zhāng,phóng đại,5
夸,夸大,kuā dà,phóng đại,7
夸,夸奖,kuā jiǎng,khen ngợi,7
夸,夸耀,kuā yào,khoe khoang,7
夸,夸夸其谈,kuā kuā qí tán,ba hoa,7
夹,夹子,jiā zi,kẹp,5
夺,争夺,zhēng duó,tranh giành,6
夺,夺取,duó qǔ,chiếm đoạt,6
夺,掠夺,lüè duó,cướp bóc,6
夺,剥夺,bō duó,tước đoạt,7
夺,夺冠,duó guàn,giành chức vô địch,7
夺,抢夺,qiǎng duó,cướp đoạt,7
夺,争分夺秒,zhēng fēn duó miǎo,tranh thủ từng phút từng giây,7
奄,奄奄一息,yǎn yǎn yī xī,"Thoi thóp, hấp hối, gần chết",7
奇,奇怪,qí guài,lạ lùng; ngạc nhiên,2
奇,奇迹,qíjì,phép lạ,2
奇,好奇,hào qí,tò mò; hiếu kỳ,3
奇,奇妙,qí miào,kỳ diệu,6
奇,神奇,shén qí,kỳ diệu,6
奇,离奇,lí qí,kỳ lạ,6
奇,传奇,chuán qí,huyền thoại,7
奇,奇特,qí tè,kỳ lạ,7
奇,惊奇,jīng qí,kinh ngạc,7
奇,新奇,xīn qí,mới lạ,7
奇,稀奇,xī qí,hiếm có,7
奇,好奇心,hào qí xīn,tò mò,7
奇,奇花异草,qí huā yì cǎo,cây cỏ kỳ lạ,7
奈,无奈,wú nài,bất lực,5
奈,无可奈何,wú kě nài hé,không có cách nào khác,7
奉,奉献,fèng xiàn,dâng hiến,6
奉,供奉,gòng fèng,dâng lễ,7
奉,无可奉告,wú kě fèng gào,không bình luận,7
奋,兴奋,xīng fèn,hưng phấn,3
奋,奋斗,fèn dòu,phấn đấu,4
奋,勤奋,qín fèn,chăm chỉ,5
奋,振奋,zhèn fèn,truyền cảm hứng,6
奋,奋力,fèn lì,cố gắng hết sức mình,7
奋,奋勇,fèn yǒng,tập hợp tất cả lòng dũng cảm và năng lượng của mình,7
奋,兴奋剂,xīng fèn jì,chất kích thích,7
奏,演奏,yǎn zòu,biểu diễn,3
奏,独奏,dú zòu,độc tấu,3
奏,节奏,jié zòu,nhịp điệu,3
奏,伴奏,bàn zòu,đệm nhạc,7
奏,奏效,zòu xiào,hiệu quả,7
奏,弹奏,tán zòu,"chơi (nhạc cụ có dây, phím)",7
契,契机,qì jī,cơ hội,7
契,契约,qì yuē,hợp đồng,7
契,默契,mò qì,đồng ý im lặng,7
奔,奔跑,bēn pǎo,chạy,3
奔,奔波,bēn bō,bận rộn,6
奔,奔驰,bēn chí,chạy nhanh,6
奔,奔腾,bēn téng,"Phi nước đại, lao đi như bay (ngựa); cuồn cuộn chảy (sông); ào ạt (khí thế)",7
奔,奔赴,bēn fù,vội vàng,7
奔,投奔,tóu bèn,tìm chỗ dựa,7
奔,直奔,zhí bèn,đi thẳng đến,7
奔,东奔西走,dōng bēn xī zǒu,chạy từ bên này sang bên kia,7
奔,各奔前程,gè bèn qián chéng,mỗi người theo đuổi con đường riêng của mình,7
奔,奔走相告,bēn zǒu xiāng gào,"Chạy đi báo tin cho nhau, truyền tai nhau",8
奖,中奖,zhōng jiǎng,trúng thưởng,4
奖,奖金,jiǎng jīn,tiền thưởng,4
奖,抽奖,chōu jiǎng,rút thăm trúng thưởng,4
奖,获奖,huò jiǎng,được thưởng,4
奖,奖学金,jiǎng xué jīn,học bổng,4
奖,大奖赛,dà jiǎng sài,cuộc thi,5
奖,奖励,jiǎng lì,thưởng,6
奖,奖赏,jiǎng shǎng,phần thưởng; thưởng,6
奖,过奖,guò jiǎng,tâng bốc,6
奖,夸奖,kuā jiǎng,khen ngợi,7
奖,奖品,jiǎng pǐn,giải thưởng,7
奖,奖杯,jiǎng bēi,cúp,7
奖,奖牌,jiǎng pái,huy chương,7
奖,奖项,jiǎng xiàng,giải thưởng,7
奖,颁奖,bān jiǎng,trao giải thưởng,7
套,外套,wài tào,áo khoác,4
套,套餐,tào cān,bữa ăn theo set,4
套,手套,shǒu tào,găng tay,4
套,圈套,quān tào,bẫy,7
套,跑龙套,pǎo lóng tào,đóng vai phụ,7
奠,奠定,diàn dìng,thiết lập,6
奠,祭奠,jì diàn,tưởng niệm,7
奢,奢侈,shē chǐ,xa hoa,3
奢,奢望,shē wàng,ước muốn hoang dã,7
奥,奥运会,Ào yùn huì,Thế vận hội,3
奥,奥秘,ào mì,bí ẩn sâu sắc,6
奥,深奥,shēn'ào,khó hiểu,6
女,女人,nǚ rén,phụ nữ,1
女,女儿,nǚ'ér,con gái,1
女,女士,nǚ shì,quý bà,1
女,女生,nǚ shēng,nữ sinh,1
女,女孩儿,nǚ háir,con gái,1
女,女朋友,nǚ péng you,bạn gái,1
女,女子,nǚ zǐ,phụ nữ,3
女,子女,zǐ nǚ,con trai và con gái,3
女,妓女,jì nǚ,"Gái điếm, kỹ nữ",4
女,孙女,sūn nǚ,cháu gái (con trai),4
女,男女,nán nǚ,nam nữ,4
女,美女,měi nǚ,người đẹp,4
女,妇女,fù nǚ,phụ nữ,5
女,侄女,zhí nǚ,Cháu gái (con của anh/em trai),6
女,母女,mǔ nǚ,mẹ và con gái,6
奴,奴隶,nú lì,nô lệ,6
奴,奴隶主,nú lì zhǔ,chủ nô,7
奴隶,奴隶主,nú lì zhǔ,chủ nô,7
奶,奶奶,nǎi nai,bà nội,1
奶,牛奶,niú nǎi,sữa,1
奶,奶茶,nǎi chá,trà sữa,2
奶,酸奶,suān nǎi,"sữa chua, kefir",4
奶,奶粉,nǎi fěn,sữa bột,6
奶,奶油小生,nǎi yóu xiǎo shēng,"Trai trẻ mặt trắng, thư sinh trắng trẻo (ám chỉ người đàn ông trẻ tuổi đẹp trai, da trắng, thường hơi yếu ớt)",8
奸,奸诈,jiān zhà,gian trá,7
她,她们,tā men,họ (nữ),1
好,你好,nǐ hǎo,xin chào,1
好,只好,zhǐ hǎo,đành phải,1
好,好像,hǎo xiàng,dường như,1
好,好吃,hǎo chī,ngon (về đồ ăn),1
好,好听,hǎo tīng,dễ nghe,1
好,好看,hǎo kàn,đẹp,1
好,最好,zuì hǎo,tốt nhất,1
好,爱好,ài hào,"sở thích, thích",1
好,好好儿,hǎo hāor,"tử tế, cẩn thận, cho tốt, đàng hoàng",1
好,好玩儿,hǎo wánr,"vui, thú vị",1
好,不好意思,bù hǎo yì si,xấu hổ,1
好,友好,yǒu hǎo,thân thiện,2
好,好不,hǎo bù,"thật là, rất là (biểu thị sự ngạc nhiên, cảm thán)",2
好,好久,hǎo jiǔ,đã lâu,2
好,好事,hǎo shì,lòng tốt,2
好不,好不容易,hǎo bù róng yì,khó khăn lớn,6
好友,亲朋好友,qīn péng hǎo yǒu,người thân và bạn bè,7
好处,恰到好处,qià dào hǎo chù,vừa đủ,7
好奇,好奇心,hào qí xīn,tò mò,7
好好,好好儿,hǎo hāor,"tử tế, cẩn thận, cho tốt, đàng hoàng",1
好心,好心人,hǎo xīn rén,người tốt bụng,7
好意,不好意思,bù hǎo yì si,xấu hổ,1
如,如果,rú guǒ,nếu,1
如,比如,bǐ rú,ví dụ,1
如,不如,bù rú,không bằng,2
如,例如,lì rú,ví dụ,2
如,比如说,bǐ rú shuō,ví dụ như,2
如,如何,rú hé,Như thế nào?,3
如,如日中天,rú rì zhōng tiān,"Như mặt trời giữa trưa, đang ở đỉnh cao, thời kỳ hoàng kim",3
如,假如,jiǎ rú,nếu,4
如,如今,rú jīn,ngày nay,4
如,相敬如宾,xiāng jìng rú bīn,tương kính như khách (vợ chồng),5
如,如一,rú yī,nhất quán,6
如,如此,rú cǐ,như vậy,6
如,犹如,yóu rú,như thể,6
如,譬如,pì rú,ví dụ như,6
如,一如既往,yī rú jì wǎng,như trước đây,6
如何,无论如何,wú lùn rú hé,bất kể thế nào,7
如此,诸如此类,zhū rú cǐ lèi,những điều tương tự như thế này,7
妄,妄想,wàng xiǎng,ảo tưởng; hy vọng hão huyền,7
妆,化妆,huà zhuāng,trang điểm,3
妆,化妆品,huà zhuāng pǐn,Mỹ phẩm,6
妆,嫁妆,jià zhuang,của hồi môn,7
妇,夫妇,fū fù,vợ chồng,4
妇,媳妇,xí fù,"con dâu, vợ",4
妇,妇女,fù nǚ,phụ nữ,5
妇,主妇,zhǔ fù,nội trợ,7
妇,佣妇,yōng fù,"người giúp việc, người làm công",7
妇,孕妇,yùn fù,phụ nữ mang thai,7
妇,寡妇,guǎ fù,góa phụ,7
妈,妈妈,mā ma,mẹ,1
妈,大妈,dà mā,cô,4
妒,妒忌,dù jì,ghen tị,7
妒,嫉妒,jí dù,ghen tị,7
妓,妓女,jì nǚ,"Gái điếm, kỹ nữ",4
妓,娼妓,chāng jì,"Gái mại dâm, kĩ nữ, kỹ nữ",8
妖,妖怪,yāo guài,yêu quái,7
妙,莫名其妙,mò míng qí miào,bối rối,3
妙,巧妙,qiǎo miào,khéo léo,5
妙,奇妙,qí miào,kỳ diệu,6
妙,美妙,měi miào,tuyệt vời,6
妙,婉妙,wǎn miào,"Thanh thoát, duyên dáng, tinh tế",7
妙,微妙,wēi miào,tinh tế,7
妙,精妙,jīng miào,tinh tế,7
妙,妙龄,miào líng,"Tuổi thanh xuân, tuổi thiếu nữ",8
妥,不妥,bù tuǒ,"Không ổn, không thỏa đáng, không phù hợp",3
妥,妥协,tuǒ xié,thỏa hiệp,6
妥,妥善,tuǒ shàn,thích hợp,7
妥,妥当,tuǒ dang,thích hợp,7
妥,稳妥,wěn tuǒ,"an toàn, đáng tin cậy",7
妨,妨害,fáng hài,gây hại,3
妨,不妨,bù fáng,không hại gì,4
妨,妨碍,fáng'ài,cản trở,5
妹,妹妹,mèi mei,em gái,1
妹,姐妹,jiě mèi,chị em gái,4
妹,妹子,mèi zi,"em gái, cô gái (thân mật)",7
妻,妻子,qī zi,vợ,2
妻,夫妻,fū qī,vợ chồng,3
姆,保姆,bǎo mǔ,người giúp việc,6
始,开始,kāi shǐ,bắt đầu,1
始,原始,yuán shǐ,nguyên thủy,3
始,始终,shǐ zhōng,từ đầu đến cuối,3
始,创始人,chuàng shǐ rén,người sáng lập,7
始,自始至终,zì shǐ zhì zhōng,từ đầu đến cuối,7
姐,姐姐,jiě jie,chị gái,1
姐,小姐,xiǎo jiě,cô,1
姐,大姐,dà jiě,chị cả,4
姐,姐妹,jiě mèi,chị em gái,4
姐,姐夫,jiě fu,anh rể (chồng của chị gái),5
姑,姑娘,gū niang,cô gái,2
姑,姑姑,gū gu,cô,5
姑,姑且,gū qiě,tạm thời,6
姓,姓名,xìng míng,họ tên,2
姓,贵姓,guì xìng,quý danh (hỏi họ của người khác một cách lịch sự),2
姓,老百姓,lǎo bǎi xìng,người dân,3
姓,百姓,bǎi xìng,"Bách tính, dân chúng, người dân",4
姓,姓氏,xìng shì,họ,7
委,委屈,wěi qu,cảm thấy oan ức,5
委,评委,píng wěi,thành viên ban giám khảo,5
委,委员,wěi yuán,ủy viên,6
委,委婉,wěi wǎn,khéo léo,7
委,委员会,wěi yuán huì,ủy ban,7
委员,委员会,wěi yuán huì,ủy ban,7
姥,姥姥,lǎo lao,bà ngoại,5
姥,姥爷,lǎo ye,ông ngoại,7
姨,阿姨,ā yí,dì,3
姻,婚姻,hūn yīn,hôn nhân,5
姿,姿态,zī tài,"tư thế, thái độ",4
姿,姿势,zī shì,tư thế,5
威,威胁,wēi xié,đe dọa,3
威,威风凛凛,wēi fēng lǐn lǐn,"Oai phong lẫm liệt, hùng dũng",4
威,威信,wēi xìn,uy tín cao,6
威,威力,wēi lì,"sức mạnh, lực lượng",6
威,威望,wēi wàng,uy tín,6
威,权威,quán wēi,uy quyền,6
威,助威,zhù wēi,"cổ vũ, khuyến khích",7
威,威慑,wēi shè,đe dọa,7
威,威风,wēi fēng,ấn tượng,7
威,示威,shì wēi,biểu tình,7
威,威武,wēi wǔ,"uy vũ, hùng dũng, oai phong",8
威风,威风凛凛,wēi fēng lǐn lǐn,"Oai phong lẫm liệt, hùng dũng",4
娃,娃娃,wá wa,búp bê,6
娃,洋娃娃,yáng wá wa,"Búp bê Tây, búp bê (kiểu phương Tây)",7
娃娃,洋娃娃,yáng wá wa,"Búp bê Tây, búp bê (kiểu phương Tây)",7
娇,娇惯,jiāo guàn,được nuông chiều,7
娇,娇气,jiāo qì,mong manh,7
娘,姑娘,gū niang,cô gái,2
娘,新娘,xīn niáng,cô dâu,4
娥,嫦娥,cháng'é,Hằng Nga,7
娱,娱乐,yú lè,giải trí,5
娱,文娱,wén yú,giải trí,6
娼,娼妓,chāng jì,"Gái mại dâm, kĩ nữ, kỹ nữ",8
婆,老婆,lǎo po,vợ,2
婆,老太婆,lǎo tài pó,Bà già; mụ già,4
婆,外婆,wài pó,bà ngoại,6
婆,巫婆,wū pó,phù thủy,7
婉,委婉,wěi wǎn,khéo léo,7
婉,婉妙,wǎn miào,"Thanh thoát, duyên dáng, tinh tế",7
婚,离婚,lí hūn,ly hôn,3
婚,结婚,jié hūn,kết hôn,3
婚,婚礼,hūn lǐ,lễ cưới,4
婚,婚姻,hūn yīn,hôn nhân,5
婚,婚纱,hūn shā,áo cưới,7
婚,求婚,qiú hūn,cầu hôn,7
婚,订婚,dìng hūn,đính hôn,7
婪,贪婪,tān lán,tham lam,6
婴,婴儿,yīng'ér,"trẻ sơ sinh, trẻ nhỏ",3
婿,女婿,nǚ xu,chồng của con gái,7
媒,传媒,chuán méi,truyền thông,3
媒,媒体,méi tǐ,truyền thông đại chúng,3
媒,媒介,méi jiè,"môi giới, trung gian, phương tiện",6
媒,多媒体,duō méi tǐ,đa phương tiện,6
媒体,多媒体,duō méi tǐ,đa phương tiện,6
媚,明媚,míng mèi,tươi sáng,7
媲,媲美,pì měi,có thể so sánh với,7
媳,媳妇,xí fù,"con dâu, vợ",4
嫁,嫁妆,jià zhuang,của hồi môn,7
嫂,嫂子,sǎo zi,chị dâu,6
嫉,嫉妒,jí dù,ghen tị,7
嫌,嫌疑,xián yí,nghi ngờ,6
嫌,嫌弃,xián qì,ghét bỏ,7
嫌,涉嫌,shè xián,bị nghi ngờ,7
嫦,嫦娥,cháng'é,Hằng Nga,7
嬉,嬉笑,xī xiào,cười đùa,7
子,个子,gè zi,chiều cao,1
子,儿子,ér zi,con trai,1
子,包子,bāo zi,bánh bao,1
子,孩子,hái zi,trẻ em,1
子,房子,fáng zi,"nhà, căn hộ",1
子,本子,běn zi,vở bài tập,1
子,杯子,bēi zi,cốc,1
子,桌子,zhuō zi,bàn,1
子,椅子,yǐ zi,ghế,1
子,面子,miàn zi,thể diện,1
子,饺子,jiǎo zi,há cảo,1
子,鼻子,bí zi,mũi,1
子,男孩子,nán hái zi,cậu bé,1
子,例子,lì zi,ví dụ,2
子,句子,jù zi,câu,2
孔,毛孔,máo kǒng,Lỗ chân lông,5
孕,怀孕,huái yùn,mang thai,3
孕,孕育,yùn yù,thai nghén,4
孕,孕妇,yùn fù,phụ nữ mang thai,7
字,名字,míng zi,tên,1
字,汉字,hàn zì,chữ Hán,1
字,字典,zì diǎn,từ điển,2
字,数字,shù zì,chữ số,2
字,简化字,jiǎn huà zì,Chữ giản thể,2
字,文字,wén zì,chữ viết,3
字,十字架,shí zì jià,"thập tự giá, thánh giá",3
字,字母,zì mǔ,chữ cái,4
字,字幕,zì mù,phụ đề,5
字,简体字,jiǎn tǐ zì,chữ giản thể,5
字,繁体字,fán tǐ zì,chữ Hán truyền thống,5
字,字画,zì huà,"Tranh chữ, thư họa (thư pháp và hội họa)",6
字,识字,shí zì,biết chữ,6
字,赤字,chì zì,thâm hụt,6
字,写字台,xiě zì tái,bàn viết,6
存,保存,bǎo cún,lưu trữ,3
存,存在,cún zài,tồn tại,3
存,生存,shēng cún,sống,3
存,永世长存,yǒng shì cháng cún,"Muôn đời tồn tại, vĩnh viễn trường tồn",3
存,存活,cún huó,"sống sót, tồn tại",5
存,储存,chú cún,lưu trữ,6
存,内存,nèi cún,bộ nhớ trong,7
存,存心,cún xīn,cố tình,7
存,存折,cún zhé,sổ tiết kiệm,7
存,存放,cún fàng,cất giữ,7
存,幸存,xìng cún,sống sót,7
孙,孙女,sūn nǚ,cháu gái (con trai),4
孙,孙子,sūn zi,cháu trai,4
孙,子孙,zǐ sūn,hậu duệ,7
孙,长孙,zhǎng sūn,"cháu đích tôn, cháu trai trưởng",8
孝,孝敬,xiào jìng,hiếu thảo,4
孝,孝顺,xiào shùn,hiếu thảo,5
孝,孝心,xiào xīn,Lòng hiếu thảo,7
季,季节,jì jié,mùa,1
季,四季,sì jì,bốn mùa,3
季,冬季,dōng jì,mùa đông,4
季,夏季,xià jì,mùa hè,4
季,季度,jì dù,quý,4
季,春季,chūn jì,mùa xuân,4
季,秋季,qiū jì,mùa thu,4
季,季军,jì jūn,huy chương đồng,6
季,淡季,dànjì,mùa thấp điểm,6
季,旺季,wàng jì,mùa bận rộn,7
孤,孤儿,gū'ér,trẻ mồ côi,6
孤,孤独,gū dú,cô đơn; nỗi cô đơn,6
孤,孤立,gū lì,cô lập,6
孤,孤单,gū dān,cô đơn,7
孤,孤零零,gū líng líng,cô đơn,7
孤,孤陋寡闻,gū lòu guǎ wén,thiếu hiểu biết,7
学,上学,shàng xué,đi học,1
学,中学,zhōng xué,trường trung học cơ sở,1
学,同学,tóng xué,bạn học,1
学,大学,dà xué,đại học,1
学,学习,xué xí,học,1
学,学期,xué qī,học kỳ,1
学,学校,xué xiào,trường học,1
学,学生,xué shēng,sinh viên,1
学,学院,xué yuàn,học viện,1
学,小学,xiǎo xué,trường tiểu học,1
学,放学,fàng xué,tan học,1
学,教学,jiào xué,dạy học; giảng dạy,1
学,文学,wén xué,văn học,1
学,中学生,zhōng xué shēng,học sinh trung học,1
学,大学生,dà xué shēng,sinh viên đại học,1
学生,中学生,zhōng xué shēng,học sinh trung học,1
学生,大学生,dà xué shēng,sinh viên đại học,1
学生,小学生,xiǎo xué shēng,học sinh tiểu học,1
学生,留学生,liú xué shēng,du học sinh,1
学生,学生证,xué shēng zhèng,Thẻ học sinh/sinh viên,2
孩,孩子,hái zi,trẻ em,1
孩,小孩,xiǎo hái,trẻ em,1
孩,女孩儿,nǚ háir,con gái,1
孩,男孩子,nán hái zi,cậu bé,1
孩,小孩儿,xiǎo háir,trẻ con; đứa trẻ,2
孩,男孩儿,nán háir,bé trai; con trai,2
孩子,男孩子,nán hái zi,cậu bé,1
孪,孪生,luán shēng,sinh đôi,7
孱,孱弱,chán ruò,Yếu ớt; ốm yếu; mỏng manh,4
孵,孵化,fū huà,nở,7
宁,宁静,níng jìng,"yên bình, tĩnh lặng",2
宁,宁可,nìng kě,thà,5
宁,宁愿,nìng yuàn,thà,6
宁,安宁,ān níng,bình yên,6
它,它们,tā men,chúng,1
宅,住宅,zhù zhái,nhà ở,4
宇,宇航员,yǔ háng yuán,phi hành gia,6
宇,宇宙,yǔ zhòu,vũ trụ,7
守,保守,bǎo shǒu,bảo thủ,4
守,守岁,shǒu suì,thức đêm đón giao thừa,5
守,留守,liú shǒu,"ở lại trông coi, ở lại giữ gìn",5
守,遵守,zūn shǒu,tuân thủ,5
守,守护,shǒu hù,bảo vệ,6
守,防守,fáng shǒu,phòng thủ,6
守,坚守,jiān shǒu,kiên trì giữ vững,7
守,守候,shǒu hòu,trông nom,7
守,守株待兔,shǒu zhū dài tù,chờ đợi vô ích,7
守,安分守己,ān fèn shǒu jǐ,"An phận thủ thường, biết thân biết phận",7
安,安排,ān pái,sắp xếp,1
安,晚安,wǎn'ān,chúc ngủ ngon,1
安,西安,Xī'ān,Tây An (thành phố),1
安,安全,ān quán,an toàn; an ninh,2
安,安静,ān jìng,"yên tĩnh, bình yên",2
安,平安,píng'ān,bình an; an toàn,2
安,一路平安,yī lù píng'ān,Thượng lộ bình an,2
安,不安,bù'ān,bất an,3
安,保安,bǎo'ān,bảo vệ,3
安,安装,ān zhuāng,cài đặt,3
安,安置,ān zhì,sắp xếp,4
安,安慰,ān wèi,an ủi,5
安,公安,gōng'ān,công an,6
安,安宁,ān níng,bình yên,6
安,安心,ān xīn,giữ tâm trí của một người,6
完,完全,wán quán,hoàn toàn,2
完,完成,wán chéng,hoàn thành,2
完,完善,wán shàn,hoàn thiện,3
完,完整,wán zhěng,hoàn chỉnh,3
完,完美,wán měi,hoàn hảo,3
完,完备,wán bèi,hoàn chỉnh,6
完,完毕,wán bì,hoàn thành,6
完,完好,wán hǎo,trong tình trạng tốt,7
完,完满,wán mǎn,"Viên mãn, hoàn hảo",7
完,完蛋,wán dàn,xong đời,7
完,没完没了,méi wán méi liǎo,"vô tận, không kết thúc",7
宏,宏观,hóng guān,vĩ mô,3
宏,宏伟,hóng wěi,tráng lệ,6
宏,宏大,hóng dà,hoành tráng,6
宗,祖宗,zǔ zong,tổ tiên,4
宗,宗教,zōng jiào,tôn giáo,5
宗,宗旨,zōng zhǐ,mục đích,6
宗,正宗,zhèng zōng,chính thống,6
宗,大宗,dà zōng,số lượng lớn,7
官,器官,qì guān,cơ quan,3
官,打官司,dǎ guān sī,kiện,3
官,官方,guān fāng,chính thức,4
官,法官,fǎ guān,thẩm phán,4
官,外交官,wài jiāo guān,nhà ngoại giao,4
官,官司,guān sī,vụ kiện,6
官,军官,jūn guān,sĩ quan,7
官,官僚,guān liáo,quan chức,7
官,官兵,guān bīng,cán bộ và binh lính,7
官,官吏,guān lì,quan chức,7
官,官员,guān yuán,quan chức,7
官,警官,jǐng guān,cảnh sát,7
官,官僚主义,guān liáo zhǔ yì,chủ nghĩa quan liêu,7
官僚,官僚主义,guān liáo zhǔ yì,chủ nghĩa quan liêu,7
官司,打官司,dǎ guān sī,kiện,3
宙,宇宙,yǔ zhòu,vũ trụ,7
定,一定,yī dìng,nhất định,1
定,决定,jué dìng,quyết định; quyết định,1
定,不一定,bù yī dìng,không nhất thiết,2
定,制定,zhì dìng,thiết lập,3
定,否定,fǒu dìng,phủ định,3
定,定期,dìng qī,định kỳ; thường xuyên,3
定,确定,què dìng,xác định,3
定,规定,guī dìng,quy định,3
定,固定,gù dìng,cố định; gắn chặt,4
定,定性,dìng xìng,định tính; xác định bản chất/thuộc tính,4
定,断定,duàn dìng,kết luận,4
定,稳定,wěn dìng,ổn định; làm ổn định,4
定,肯定,kěn dìng,"tích cực, chấp thuận, chắc chắn",4
定,说不定,shuō bu dìng,có lẽ,4
定,坚定,jiān dìng,vững chắc,5
宜,便宜,pián yi,rẻ,1
宜,适宜,shì yí,thích hợp,6
宜,不宜,bù yí,không phù hợp,7
宜,事宜,shì yí,vấn đề,7
宝,国宝,guó bǎo,bảo vật quốc gia,3
宝,充电宝,chōng diàn bǎo,sạc dự phòng,3
宝,宝地,bǎo dì,"Đất quý, vùng đất màu mỡ/phong thủy tốt",4
宝,宝宝,bǎo bǎo,em bé,4
宝,宝石,bǎo shí,đá quý,4
宝,宝贝,bǎo bèi,bảo bối,4
宝,宝贵,bǎo guì,quý giá,4
宝,珠宝,zhū bǎo,"trang sức, ngọc trai và đá quý",6
宝,宝库,bǎo kù,kho báu,7
宝,宝藏,bǎo zàng,kho báu,7
宝,法宝,fǎ bǎo,"bảo bối, vũ khí bí mật, thủ đoạn đặc biệt",7
宝,瑰宝,guī bǎo,kho báu,7
实,确实,què shí,thực sự,1
实,其实,qí shí,thực ra,2
实,实习,shí xí,thực tập,2
实,实在,shí zài,thực sự,2
实,实惠,shí huì,hữu ích,2
实,实现,shí xiàn,đạt được,2
实,实行,shí xíng,thực hiện,2
实,实话,shí huà,sự thật,2
实,实际,shí jì,thực tế,2
实,实验,shí yàn,thí nghiệm; tiến hành thí nghiệm,2
实,事实,shì shí,sự thật,3
实,充实,chōng shí,phong phú,3
实,实力,shí lì,sức mạnh thực tế,3
实,现实,xiàn shí,thực tế,3
实,真实,zhēn shí,thật,3
实力,软实力,ruǎn shí lì,quyền lực mềm,7
实话,说实话,shuō shí huà,nói thật nhé,6
实话,实话实说,shí huà shí shuō,nói thẳng,7
实话,说老实话,shuō lǎo shí huà,nói thật,7
实际,实际上,shí jì shàng,thực tế,3
实验,实验室,shí yàn shì,phòng thí nghiệm,3
宠,宠物,chǒng wù,thú cưng,4
宠,宠爱,chǒng'ài,nuông chiều,7
审,审查,shěn chá,kiểm duyệt,6
审,审判,shěn pàn,xét xử; thử,7
审,审定,shěn dìng,phê duyệt,7
审,审批,shěn pī,kiểm tra và phê duyệt,7
审,审核,shěn hé,kiểm tra; xác minh,7
审,审美,shěn měi,thẩm mỹ,7
审,审视,shěn shì,xem xét kỹ lưỡng,7
审,评审,píng shěn,đánh giá,7
客,做客,zuò kè,làm khách,1
客,客人,kè rén,khách hàng,1
客,客气,kè qi,lịch sự,1
客,请客,qǐng kè,mời,1
客,不客气,bù kè qi,không có chi,1
客,别客气,bié kè qi,"Đừng khách sáo, đừng ngại",1
客,旅客,lǚ kè,hành khách,2
客,顾客,gù kè,khách hàng,2
客,客观,kè guān,khách quan,3
客,政客,zhèng kè,Chính khách,3
客,游客,yóu kè,Du khách; khách du lịch,3
客,黑客,hēi kè,hacker,3
客,客厅,kè tīng,phòng khách,4
客,乘客,chéng kè,hành khách,5
客,好客,hào kè,hiếu khách,5
客气,不客气,bù kè qi,không có chi,1
客气,别客气,bié kè qi,"Đừng khách sáo, đừng ngại",1
宣,宣布,xuān bù,công bố,3
宣,宣传,xuān chuán,quảng bá,5
宣,宣扬,xuān yáng,tuyên dương,6
宣,宣誓,xuān shì,tuyên thệ,6
宣,宣告,xuān gào,tuyên bố,7
宣,宣泄,xuān xiè,sự xả giận,7
宣,宣称,xuān chēng,tuyên bố,7
宣,宣言,xuān yán,tuyên ngôn,7
宣,宣读,xuān dú,tuyên đọc,7
室,教室,jiào shì,lớp học,1
室,办公室,bàn gōng shì,văn phòng,2
室,实验室,shí yàn shì,phòng thí nghiệm,3
室,室内乐,shì nèi yuè,nhạc thính phòng,3
室,卧室,wò shì,phòng ngủ,5
室,室内,shì nèi,"trong nhà, nội thất",5
室,寝室,qǐn shì,ký túc xá,7
室,浴室,yù shì,phòng tắm,7
室,温室,wēn shì,nhà kính,7
室,皇室,huáng shì,hoàng gia,7
室,餐室,cān shì,phòng ăn,7
室,手术室,shǒu shù shì,phòng phẫu thuật,7
室,更衣室,gēng yī shì,phòng thay đồ,7
室,演播室,yǎn bō shì,phòng phát hình,7
室,传达室,chuán dá shì,"Phòng bảo vệ, phòng trực ban",8
室内,室内乐,shì nèi yuè,nhạc thính phòng,3
宪,宪法,xiàn fǎ,hiến pháp,6
宫,故宫,Gù gōng,Cố Cung (Tử Cấm Thành),5
宫,王宫,wáng gōng,"cung điện, hoàng cung",5
宫,宫廷,gōng tíng,cung đình,7
宫,宫殿,gōng diàn,cung điện,7
宫,皇宫,huáng gōng,cung điện,7
宰,宰杀,zǎi shā,giết mổ,3
宰,主宰,zhǔ zǎi,thống trị,7
宰,任人宰割,rèn rén zǎi gē,để cho người khác chà đạp,7
害,厉害,lì hai,ngầu,2
害,危害,wēi hài,gây hại,3
害,妨害,fáng hài,gây hại,3
害,害怕,hài pà,sợ hãi,3
害,伤害,shāng hài,làm hại,4
害,害羞,hài xiū,xấu hổ,4
害,灾害,zāi hài,thảm họa,5
害,利害,lì hài,lợi hại,6
害,迫害,pò hài,đàn áp,6
害,侵害,qīn hài,xâm phạm,7
害,受害,shòu hài,bị thiệt hại,7
害,害虫,hài chóng,côn trùng gây hại,7
害,损害,sǔn hài,"gây hại, tổn hại",7
害,杀害,shā hài,giết hại,7
害,残害,cán hài,"tàn hại, hủy hoại, làm hại nghiêm trọng",7
宴,宴会,yàn huì,tiệc,2
宵,通宵,tōng xiāo,suốt đêm,7
宵,元宵节,Yuán xiāo jié,Tết Nguyên Tiêu,7
家,回家,huí jiā,trở về nhà,1
家,国家,guó jiā,quốc gia,1
家,在家,zài jiā,ở nhà,1
家,大家,dà jiā,mọi người,1
家,家人,jiā rén,thành viên gia đình,1
家,家里,jiā li,ở nhà,1
家,人家,rén jiā,người ta,2
家,作家,zuò jiā,nhà văn,2
家,全家,quán jiā,cả nhà,2
家,家庭,jiā tíng,gia đình,2
家,家教,jiā jiào,gia sư,2
家,家长,jiā zhǎng,phụ huynh,2
家,搬家,bān jiā,chuyển nhà,2
家,画家,huà jiā,"họa sĩ, nghệ sĩ",2
家,老家,lǎo jiā,quê hương,2
家人,一家人,yī jiā rén,cả gia đình,7
家伙,好家伙,hǎo jiā huo,trời ơi,7
家常,家常菜,jiā cháng cài,"món ăn gia đình, món ăn thường ngày",2
家庭,大家庭,dà jiā tíng,gia đình lớn,7
容,容易,róng yì,dễ,1
容,内容,nèi róng,nội dung,2
容,容器,róng qì,đồ chứa,3
容,容许,róng xǔ,cho phép,3
容,兼容,jiān róng,tương thích,4
容,包容,bāo róng,bao dung,4
容,形容,xíng róng,miêu tả,4
容,容忍,róng rěn,chịu đựng,6
容,容纳,róng nà,chứa đựng,6
容,笑容,xiào róng,nụ cười,6
容,美容,měi róng,chăm sóc sắc đẹp,6
容,阵容,zhèn róng,trận hình,6
容,好容易,hǎo róng yì,"Mãi mới, khó khăn lắm mới",6
容,好不容易,hǎo bù róng yì,khó khăn lớn,6
容,不容,bù róng,không cho phép,7
容易,好容易,hǎo róng yì,"Mãi mới, khó khăn lắm mới",6
容易,好不容易,hǎo bù róng yì,khó khăn lớn,6
容易,谈何容易,tán hé róng yì,"Nói thì dễ nhưng làm thì khó, không dễ chút nào",7
宽,宽广,kuān guǎng,rộng rãi,4
宽,宽阔,kuān kuò,rộng lớn,6
宽,宽厚,kuān hòu,khoan hồng,7
宽,宽容,kuān róng,khoan dung,7
宽,宽恕,kuān shù,tha thứ,7
宽,宽敞,kuān chǎng,rộng rãi,7
宽,宽松,kuān sōng,rộng rãi và thoải mái,7
宽,宽泛,kuān fàn,rộng rãi,7
宽,拓宽,tuò kuān,mở rộng,7
宽,心宽体胖,xīn kuān tǐ pán,"Lòng rộng dạ, thoải mái nên thân hình mập mạp, béo tốt (ám chỉ người sống vô tư, ít lo nghĩ nên mập mạp)",8
宾,宾馆,bīn guǎn,khách sạn,2
宾,相敬如宾,xiāng jìng rú bīn,tương kính như khách (vợ chồng),5
宾,嘉宾,jiā bīn,khách mời danh dự,6
宾,宾客,bīn kè,"Khách, khách mời",7
宾,来宾,lái bīn,khách,7
宾,贵宾,guì bīn,khách quý,7
宿,宿舍,sù shè,ký túc xá,1
宿,住宿,zhù sù,ở lại qua đêm,7
宿,归宿,guī sù,mục tiêu cuối cùng,7
宿,食宿,shí sù,ăn ở,7
宿,风餐露宿,fēng cān lù sù,ăn gió nằm sương,7
寂,寂静,jì jìng,yên tĩnh,6
寂,寂寞,jì mò,cô đơn,7
寄,寄生,jì shēng,ký sinh,5
寄,寄托,jì tuō,ủy thác,7
密,亲密,qīn mì,thân thiết,2
密,茂密,mào mì,dày đặc,3
密,保密,bǎo mì,bảo mật,4
密,密切,mì qiè,thân thiết,4
密,密码,mì mǎ,mật khẩu,4
密,秘密,mì mì,bí mật,4
密,紧密,jǐn mì,khăng khít,4
密,密封,mì fēng,niêm phong,6
密,密度,mì dù,"mật độ, độ dày",6
密,精密,jīng mì,chính xác,6
密,哈密瓜,hā mì guā,"dưa Hami, dưa lưới",6
密,严密,yán mì,bảo mật,7
密,周密,zhōu mì,cẩn thận và tỉ mỉ,7
密,密集,mì jí,dày đặc,7
密,机密,jī mì,bí mật,7
富,丰富,fēng fù,phong phú,2
富,财富,cái fù,giàu có,4
富,年富力强,nián fù lì qiáng,"trẻ khỏe, sung sức, cường tráng",4
富,富强,fù qiáng,thịnh vượng,5
富,富人,fù rén,người giàu,6
富,富有,fù yǒu,giàu có,6
富,富翁,fù wēng,người giàu,7
富,富裕,fù yù,giàu có,7
富,富豪,fù háo,người giàu và quyền lực,7
富,富足,fù zú,dồi dào,7
富,贫富,pín fù,người nghèo và giàu,7
富,丰富多彩,fēng fù duō cǎi,phong phú và đa dạng,7
富,富丽堂皇,fù lì táng huáng,"lộng lẫy huy hoàng, xa hoa tráng lệ",7
富,富于,fù yú,"Giàu có, phong phú về (cái gì đó); đầy (tính chất gì đó).",8
寒,寒假,hán jià,kỳ nghỉ đông,2
寒,寒舍,hán shè,"Nhà tôi, nhà rách (cách nói khiêm tốn)",3
寒,寒冷,hán lěng,lạnh giá,4
寒,寒暄,hán xuān,chào hỏi,6
寓,公寓,gōng yù,căn hộ,2
寓,寓言,yù yán,ngụ ngôn,5
寓,寓意,yù yì,ý nghĩa ẩn dụ,7
寝,寝室,qǐn shì,ký túc xá,7
寝,废寝忘食,fèi qǐn wàng shí,bỏ ngủ quên ăn,7
寞,寂寞,jì mò,cô đơn,7
察,观察,guān chá,quan sát,3
察,警察,jǐng chá,cảnh sát,3
察,考察,kǎo chá,quan sát và nghiên cứu,4
察,视察,shì chá,kiểm tra,4
察,侦察,zhēn chá,trinh sát,7
察,察看,chá kàn,xem xét kỹ lưỡng,7
察,检察,jiǎn chá,kiểm sát,7
察,监察,jiān chá,giám sát,7
寡,寡妇,guǎ fù,góa phụ,7
寡,孤陋寡闻,gū lòu guǎ wén,thiếu hiểu biết,7
寥,寥寥无几,liáo liáo wú jǐ,cực kỳ ít ỏi,7
寨,山寨,shān zhài,hàng giả,7
寸,尺寸,chǐ cun,kích thước,4
寸,分寸,fēn cùn,chừng mực,7
寸,寸步不离,cùn bù bù lí,"Không rời nửa bước, keo sơn, luôn bên cạnh",7
对,不对,bù duì,sai,1
对,对了,duì le,"À phải rồi, đúng rồi (dùng để chuyển chủ đề hoặc nhớ ra điều gì đó)",1
对,对面,duì miàn,đối diện,1
对,对不起,duì bu qǐ,tôi xin lỗi,1
对,对手,duì shǒu,đối thủ,2
对,对话,duì huà,đối thoại,2
对,反对,fǎn duì,phản đối,3
对,对待,duì dài,đối xử,3
对,对方,duì fāng,bên kia,3
对,对象,duì xiàng,đối tượng,3
对,绝对,jué duì,tuyệt đối,3
对,面对,miàn duì,đối mặt,3
对,对于,duì yú,về,4
对,对比,duì bǐ,tương phản,4
对,针对,zhēn duì,nhắm vào,4
对面,面对面,miàn duì miàn,mặt đối mặt,6
寺,寺庙,sì miào,ngôi đền,7
寺,少林寺,Shào lín Sì,Chùa Thiếu Lâm,7
寺,清真寺,qīng zhēn sì,nhà thờ Hồi giáo,7
寻,寻找,xún zhǎo,tìm kiếm,4
寻,寻常,xún cháng,thường,7
寻,寻觅,xún mì,tìm kiếm,7
寻,搜寻,sōu xún,tìm kiếm,7
寻,不同寻常,bù tóng xún cháng,khác thường,7
寻,耐人寻味,nài rén xún wèi,gợi suy nghĩ,7
寻常,不同寻常,bù tóng xún cháng,khác thường,7
导,辅导,fǔ dǎo,hướng dẫn,2
导,主导,zhǔ dǎo,dẫn dắt,3
导,导演,dǎo yǎn,đạo diễn,3
导,指导,zhǐ dǎo,hướng dẫn,3
导,领导,lǐng dǎo,lãnh đạo; dẫn dắt,3
导,导游,dǎo yóu,hướng dẫn viên,4
导,导致,dǎo zhì,dẫn đến,4
导,引导,yǐn dǎo,hướng dẫn,4
导,向导,xiàng dǎo,hướng dẫn viên,6
导,导向,dǎo xiàng,hướng dẫn,6
导,导弹,dǎo dàn,tên lửa,6
导,导航,dǎo háng,điều hướng,6
导,导师,dǎo shī,giáo viên hướng dẫn,7
导,教导,jiào dǎo,"Dạy bảo, giáo huấn",7
导,疏导,shū dǎo,khai thông,7
寿,寿司,shòu sī,sushi,5
寿,寿命,shòu mìng,tuổi thọ,5
寿,长寿,cháng shòu,tuổi thọ,5
封,信封,xìn fēng,phong bì,3
封,封闭,fēng bì,niêm phong,4
封,密封,mì fēng,niêm phong,6
封,封建,fēng jiàn,phong kiến,6
封,封锁,fēng suǒ,phong tỏa,7
封,封面,fēng miàn,bìa,7
封,封顶,fēng dǐng,đóng mái,7
射,射门,shè mén,"Sút bóng (vào gôn), dứt điểm",2
射,发射,fā shè,phóng,5
射,射击,shè jī,bắn súng,5
射,注射,zhù shè,tiêm,5
射,反射,fǎn shè,"phản xạ, phản chiếu",6
射,放射,fàng shè,"phát ra, bức xạ; bức xạ",6
射,投射,tóu shè,chiếu,7
射,折射,zhé shè,phản chiếu,7
射,辐射,fú shè,phát xạ,7
将,将来,jiāng lái,tương lai,2
将,将近,jiāng jìn,gần,3
将,麻将,má jiàng,mạt chược,3
将,即将,jí jiāng,sắp,4
将,将军,jiāng jūn,tướng quân,5
将,必将,bì jiāng,chắc chắn sẽ,6
尊,尊重,zūn zhòng,tôn trọng,4
尊,尊敬,zūn jìng,tôn trọng,5
尊,尊严,zūn yán,phẩm giá,7
尊,尊贵,zūn guì,tôn quý,7
尊,自尊,zì zūn,tự tôn,7
尊,自尊心,zì zūn xīn,lòng tự trọng,7
小,小姐,xiǎo jiě,cô,1
小,小学,xiǎo xué,trường tiểu học,1
小,小孩,xiǎo hái,trẻ em,1
小,小时,xiǎo shí,giờ,1
小,小学生,xiǎo xué shēng,học sinh tiểu học,1
小,小朋友,xiǎo péng you,bé trai hoặc bé gái,1
小,从小,cóng xiǎo,từ nhỏ,2
小,大小,dà xiǎo,kích thước,2
小,小区,xiǎo qū,khu dân cư,2
小,小声,xiǎo shēng,thì thầm,2
小,小心,xiǎo xīn,cẩn thận,2
小,小组,xiǎo zǔ,nhóm,2
小,小说,xiǎo shuō,"tiểu thuyết, câu chuyện",2
小,中小学,zhōng xiǎo xué,trường tiểu học và trung học cơ sở,2
小,小孩儿,xiǎo háir,trẻ con; đứa trẻ,2
小学,小学生,xiǎo xué shēng,học sinh tiểu học,1
小学,中小学,zhōng xiǎo xué,trường tiểu học và trung học cơ sở,2
小孩,小孩儿,xiǎo háir,trẻ con; đứa trẻ,2
小心,小心翼翼,xiǎo xīn yì yì,cẩn thận tỉ mỉ,6
小心,一不小心,yī bù xiǎo xīn,vô tình,7
小时,小时候,xiǎo shí hou,Hồi nhỏ,2
小时,小时工,xiǎo shí gōng,"Người làm việc theo giờ, nhân viên bán thời gian",7
少,多少,duō shao,bao nhiêu,1
少,不少,bù shǎo,không ít,2
少,少数,shǎo shù,thiểu số,2
少,青少年,qīng shào nián,thanh thiếu niên,2
少,缺少,quē shǎo,thiếu,3
少,至少,zhì shǎo,ít nhất,3
少,少之又少,shǎo zhī yòu shǎo,"cực kỳ ít, hiếm hoi",3
少,减少,jiǎn shǎo,giảm bớt,4
少,少许,shǎo xǔ,"một chút, một ít",5
少,少儿,shào'ér,thiếu nhi,6
少,少女,shào nǚ,thiếu nữ,7
少,少有,shǎo yǒu,hiếm,7
少,少见,shǎo jiàn,hiếm thấy,7
少,少量,shǎo liàng,một lượng nhỏ,7
少,稀少,xī shǎo,hiếm,7
少数,极少数,jí shǎo shù,nhóm thiểu số nhỏ,7
尔,哈尔滨,Hā ěr bīn,Cáp Nhĩ Tân (thành phố ở Trung Quốc),1
尔,偶尔,ǒu ěr,thỉnh thoảng,2
尔,高尔夫,gāo ěr fū,Gôn (golf),3
尔,温文尔雅,wēn wén ěr yǎ,"Ôn hòa nhã nhặn, dịu dàng thanh lịch",4
尔,高尔夫球,gāo'ěr fū qiú,gôn,7
尖,尖端,jiān duān,đầu nhọn,6
尖,尖锐,jiān ruì,sắc bén,7
尖,顶尖,dǐng jiān,"tốt nhất, hàng đầu",7
尖,鼻尖,bí jiān,"chóp mũi, đầu mũi",8
尘,灰尘,huī chén,bụi,5
尘,红尘,hóng chén,"Hồng trần, cõi trần, thế tục, cuộc đời phàm tục",8
尚,高尚,gāo shàng,cao quý,3
尚,和尚,hé shàng,nhà sư Phật giáo,5
尚,时尚,shí shàng,thời trang,5
尚,尚且,shàng qiě,"còn, ngay cả",6
尚,尚未,shàng wèi,chưa,7
尚,崇尚,chóng shàng,tôn trọng,7
尚,风尚,fēng shàng,tập tục hiện tại,7
尝,何尝,hé cháng,"nào có, đâu có (trong câu hỏi tu từ biểu thị phủ định hoặc khẳng định)",4
尝,品尝,pǐn cháng,nếm thử,4
尝,尝试,cháng shì,thử,4
尤,尤其,yóu qí,đặc biệt,4
尤,尤为,yóu wéi,đặc biệt,7
尬,尴尬,gān gà,xấu hổ,6
就,就是,jiù shì,"chính xác, thật sự",1
就,就要,jiù yào,sắp,2
就,早就,zǎo jiù,từ lâu,2
就,就业,jiù yè,việc làm,3
就,成就,chéng jiù,thành tựu,3
就,就餐,jiù cān,ăn uống,5
就,就算,jiù suàn,ngay cả khi,6
就,就职,jiù zhí,nhậm chức,6
就,就近,jiù jìn,gần đó,6
就,迁就,qiān jiù,nhượng bộ,6
就,就是说,jiù shì shuō,nghĩa là,6
就,这就是说,zhè jiù shì shuō,điều đó có nghĩa là,6
就,就任,jiù rèn,nhậm chức,7
就,就医,jiù yī,đi khám bác sĩ,7
就,就地,jiù dì,tại chỗ,7
就是,就是说,jiù shì shuō,nghĩa là,6
就是,这就是说,zhè jiù shì shuō,điều đó có nghĩa là,6
就是,也就是说,yě jiù shì shuō,tức là,7
就是说,这就是说,zhè jiù shì shuō,điều đó có nghĩa là,6
就是说,也就是说,yě jiù shì shuō,tức là,7
尴,尴尬,gān gà,xấu hổ,6
尸,尸体,shī tǐ,xác chết,7
尺,尺子,chǐ zi,thước kẻ,4
尺,尺寸,chǐ cun,kích thước,4
尺,尺度,chǐ dù,tiêu chuẩn,7
尼,尼古丁,ní gǔ dīng,Nicotine,4
尼,尼龙,ní lóng,nylon,7
尽,尽情,jìn qíng,thỏa thích,3
尽,尽量,jǐn liàng,cố gắng hết sức,3
尽,不尽然,bù jìn rán,"không hẳn là vậy, chưa chắc đã vậy",3
尽,费尽心机,fèi jìn xīn jī,"hao hết tâm tư, dốc hết tâm cơ",3
尽,尽力,jìn lì,dốc sức,4
尽,尽快,jǐn kuài,càng sớm càng tốt,4
尽,尽管,jǐn guǎn,mặc dù,4
尽,淋漓尽致,lín lí jìn zhì,"triệt để, thấu đáo, đến cùng (thể hiện rõ nét, sinh động)",5
尽,无穷无尽,wú qióng wú jìn,vô tận,6
尽,竭尽全力,jié jìn quán lì,dốc hết sức lực,6
尽,苦尽甘来,kǔ jìn gān lái,hết khổ đến sướng,6
尽,尽头,jìn tóu,kết thúc,7
尽,尽早,jǐn zǎo,càng sớm càng tốt,7
尽,详尽,xiángjìn,chi tiết,7
尽,应有尽有,yīng yǒu jìn yǒu,có tất cả những gì bạn cần,7
尾,尾巴,wěi ba,đuôi,2
尾,尾气,wěi qì,khí thải,5
尾,尾声,wěi shēng,kết thúc,7
尾,结尾,jié wěi,kết thúc,7
尾,追尾,zhuī wěi,đuôi theo,7
尾,鱼尾纹,yú wěi wén,"Nếp nhăn đuôi mắt, vết chân chim",8
尾,摇头摆尾,yáo tóu bǎi wěi,"Vẫy đuôi mừng rỡ (thường nói về chó); ra vẻ đắc ý, tự mãn",8
尿,糖尿病,táng niào bìng,bệnh tiểu đường,7
局,邮局,yóu jú,bưu điện,1
局,全局,quán jú,tình hình tổng thể,3
局,局限,jú xiàn,hạn chế,3
局,布局,bù jú,bố trí,5
局,局部,jú bù,phần,6
局,局面,jú miàn,tình hình,6
局,格局,gé jú,kết cấu,6
局,结局,jié jú,kết thúc,6
局,公安局,gōng'ān jú,cục công an,6
局,僵局,jiāng jú,bế tắc,7
局,出局,chū jú,bị loại,7
局,大局,dà jú,tình hình tổng thể,7
局,局势,jú shì,tình hình,7
局,顾全大局,gù quán dà jú,xem xét tình hình tổng thể,7
局,饭局,fàn jú,"Bữa tiệc, cuộc hẹn ăn uống (thường mang tính xã giao, công việc)",8
层,层次,céng cì,cấp độ,6
层,层面,céng miàn,mức độ,6
层,阶层,jiē céng,tầng lớp xã hội,6
层,高层,gāo céng,cấp cao,6
层,层出不穷,céng chū bù qióng,xuất hiện không ngừng,6
层,基层,jī céng,cấp cơ sở,7
层,底层,dǐ céng,tầng hầm,7
居,居民,jū mín,cư dân,2
居,居然,jū rán,bất ngờ,3
居,邻居,lín jū,hàng xóm,3
居,居住,jū zhù,"cư trú, sống",4
居,民居,mín jū,"nhà dân, nhà ở của người dân",5
居,起居,qǐ jū,"sinh hoạt hàng ngày, ăn ở",5
居,定居,dìng jū,định cư,7
居,居民楼,jū mín lóu,tòa nhà dân cư,7
居,居高临下,jū gāo lín xià,chiếm vị trí chỉ huy,7
居民,居民楼,jū mín lóu,tòa nhà dân cư,7
屈,不屈,bù qū,"Bất khuất, không chịu khuất phục",3
屈,委屈,wěi qu,cảm thấy oan ức,5
屈,屈服,qū fú,đầu hàng,6
屉,抽屉,chōu ti,ngăn kéo,3
届,历届,lì jiè,tất cả trước đó,7
届,届时,jiè shí,vào thời gian đã định,7
屋,同屋,tóng wū,bạn cùng phòng,1
屋,屋子,wū zi,nhà,2
屋,房屋,fáng wū,ngôi nhà,3
屋,屋顶,wū dǐng,mái nhà,7
屏,屏幕,píng mù,màn hình,3
屏,屏障,píng zhàng,màn chắn,6
屏,荧光屏,yíng guāng píng,"Màn hình huỳnh quang, màn hình (máy tính, TV)",7
屑,不屑,bù xiè,không đáng,3
展,展览,zhǎn lǎn,triển lãm,1
展,发展,fā zhǎn,phát triển,2
展,展开,zhǎn kāi,mở ra,3
展,展现,zhǎn xiàn,trưng bày,3
展,展示,zhǎn shì,trưng bày,3
展,开展,kāi zhǎn,phát triển,3
展,进展,jìn zhǎn,tiến triển,3
展,扩展,kuò zhǎn,mở rộng,4
展,参展,cān zhǎn,tham gia triển lãm,6
展,展望,zhǎn wàng,nhìn về tương lai,6
展,施展,shī zhǎn,phát huy đầy đủ tài năng hoặc khả năng,6
展,车展,chē zhǎn,triển lãm ô tô,6
展,展出,zhǎn chū,trưng bày,7
展,拓展,tuò zhǎn,mở rộng,7
展,画展,huà zhǎn,triển lãm tranh,7
展览,展览会,zhǎn lǎn huì,triển lãm,7
属,家属,jiā shǔ,thành viên gia đình,3
属,属于,shǔ yú,thuộc về,3
属,金属,jīn shǔ,kim loại,5
属,亲属,qīn shǔ,thân thuộc,6
属,附属,fù shǔ,phụ thuộc,6
属,下属,xià shǔ,cấp dưới,7
属,属性,shǔ xìng,thuộc tính,7
属,所属,suǒ shǔ,thuộc về,7
屠,屠场,tú chǎng,"Lò mổ, lò sát sinh",3
屠,屠杀,tú shā,tàn sát,7
屡,屡次,lǚ cì,nhiều lần,4
履,履行,lǚ xíng,thực hiện,7
履,步履蹒跚,bù lǚ pán shān,"Bước đi loạng choạng, lảo đảo",8
山,山峰,shān fēng,đỉnh núi,2
山,爬山,pá shān,leo núi,2
山,西山,Xī shān,Tây Sơn (tên địa danh),2
山,过山车,guò shān chē,"tàu lượn siêu tốc, tàu lượn",3
山,山坡,shān pō,sườn núi,4
山,登山,dēng shān,leo núi,4
山,山西,Shān xī,Sơn Tây (tỉnh),5
山,山谷,shān gǔ,thung lũng núi,6
山,泰山,Tài shān,Thái Sơn (tên núi),6
山,人山人海,rén shān rén hǎi,người đông như núi biển; đông nghịt người,6
山,下山,xià shān,đi xuống núi,7
山,冰山,bīng shān,tảng băng trôi,7
山,山冈,shān gāng,đồi thấp,7
山,山寨,shān zhài,hàng giả,7
山,山岭,shān lǐng,dãy núi,7
屹,屹立,yì lì,đứng vững,7
屿,岛屿,dǎo yǔ,đảo,5
岁,守岁,shǒu suì,thức đêm đón giao thừa,5
岁,岁数,suì shu,tuổi tác,6
岂,岂有此理,qǐ yǒu cǐ lǐ,Làm sao có thể như vậy?,7
岔,打岔,dǎ chà,gián đoạn,7
岗,岗位,gǎng wèi,vị trí,6
岗,上岗,shàng gǎng,nhận chức,7
岗,下岗,xià gǎng,mất việc,7
岛,荒岛,huāng dǎo,đảo hoang,3
岛,岛屿,dǎo yǔ,đảo,5
岛,青岛,Qīng dǎo,"Thanh Đảo (thành phố ở tỉnh Sơn Đông, Trung Quốc)",6
岛,秦皇岛,Qín huáng dǎo,Tần Hoàng Đảo (tên thành phố),6
岛,半岛,bàn dǎo,bán đảo,7
岩,岩石,yán shí,đá,5
岩,火成岩,huǒ chéng yán,"đá magma, đá núi lửa",5
岩,石灰岩,shí huī yán,đá vôi,5
岭,山岭,shān lǐng,dãy núi,7
岳,岳母,yuè mǔ,mẹ vợ,6
岳,岳父,yuè fù,bố vợ,7
岸,沿岸,yán'àn,dọc theo bờ biển,6
岸,海岸,hǎi'àn,bờ biển,7
峙,对峙,duì zhì,đối đầu,7
峡,峡谷,xiá gǔ,hẻm núi,7
峡,海峡,hǎi xiá,eo biển,7
峭,陡峭,dǒu qiào,dốc đứng,6
峭,悬崖峭壁,xuán yá qiào bì,vách đá dốc đứng,6
峰,山峰,shān fēng,đỉnh núi,2
峰,高峰,gāo fēng,đỉnh cao,5
峰,峰会,fēng huì,hội nghị thượng đỉnh,6
峰,巅峰,diān fēng,đỉnh cao,7
峰,高峰期,gāo fēng qī,giờ cao điểm,7
峰,峰回路转,fēng huí lù zhuǎn,sự việc đã có bước ngoặt mới,7
峻,严峻,yán jùn,nghiêm trọng,6
崇,崇拜,chóng bài,sùng bái,3
崇,崇敬,chóng jìng,tôn kính,6
崇,崇高,chóng gāo,"cao cả, cao quý",6
崇,崇尚,chóng shàng,tôn trọng,7
崖,悬崖峭壁,xuán yá qiào bì,vách đá dốc đứng,6
崖,悬崖,xuán yá,vách đá,7
崛,崛起,jué qǐ,trỗi dậy,7
崩,崩溃,bēng kuì,sụp đổ,6
崭,崭新,zhǎn xīn,mới tinh,3
嵌,镶嵌,xiāng qiàn,khảm,7
巅,巅峰,diān fēng,đỉnh cao,7
川,四川,Sì chuān,Tứ Xuyên (tỉnh),5
川,川流不息,chuān liú bù xī,dòng chảy không dừng,6
川,山川,shān chuān,núi sông,7
州,广州,Guǎng zhōu,Quảng Châu (thành phố),5
州,杭州,Háng zhōu,Hàng Châu (thành phố),5
州,柳州,liǔ zhōu,Liễu Châu (thành phố),5
州,苏州,Sū zhōu,Tô Châu (thành phố),5
巡,巡游,xún yóu,"Tuần tra, du ngoạn, đi vòng quanh",4
巡,巡逻,xún luó,tuần tra,6
巡,逡巡,qūn xún,"Chần chừ, do dự, đi đi lại lại (không quyết định)",7
巢,巢穴,cháo xué,"Hang ổ, sào huyệt",6
巢,鸟巢,niǎo cháo,tổ chim,7
工,工人,gōng rén,công nhân,1
工,工作,gōng zuò,công việc,1
工,工厂,gōng chǎng,nhà máy,2
工,打工,dǎ gōng,làm thêm,2
工,人工,rén gōng,nhân lực,3
工,加工,jiā gōng,gia công,3
工,员工,yuán gōng,nhân viên,3
工,工业,gōng yè,công nghiệp,3
工,工具,gōng jù,công cụ,3
工,工夫,gōng fu,thời gian rảnh rỗi,3
工,工资,gōng zī,lương,3
工,职工,zhí gōng,nhân viên và công nhân,3
工,工作日,gōng zuò rì,ngày làm việc,3
工,工程师,gōng chéng shī,kỹ sư,3
工,工程,gōng chéng,kỹ thuật,4
工作,工作日,gōng zuò rì,ngày làm việc,3
工作,工作量,gōng zuò liàng,khối lượng công việc,7
工商,工商界,gōng shāng jiè,giới kinh doanh và công nghiệp,7
工程,工程师,gōng chéng shī,kỹ sư,3
左,左边,zuǒ biān,bên trái,1
左,左右,zuǒ yòu,khoảng,2
左,左撇子,zuǒ piě zi,người thuận tay trái,4
左,左顾右盼,zuǒ gù yòu pàn,nhìn quanh,7
巧,巧克力,qiǎo kè lì,sô cô la,1
巧,技巧,jì qiǎo,kỹ xảo,4
巧,巧妙,qiǎo miào,khéo léo,5
巧,恰巧,qià qiǎo,vừa đúng lúc,6
巧,乖巧,guāi qiǎo,thông minh,7
巧,凑巧,còu qiǎo,thật tình cờ,7
巧,巧合,qiǎo hé,trùng hợp,7
巧,灵巧,líng qiǎo,khéo léo,7
巧,碰巧,pèng qiǎo,tình cờ,7
巧,心灵手巧,xīn líng shǒu qiǎo,khéo tay hay làm,7
巧,精巧,jīng qiǎo,"tinh xảo, khéo léo, tinh tế",8
巧,巧言令色,qiǎo yán lìng sè,"Lời lẽ khéo léo, vẻ mặt lấy lòng (thường mang ý tiêu cực, chỉ người giả dối, nịnh bợ)",8
巨,巨大,jù dà,khổng lồ,3
巨,艰巨,jiān jù,khó khăn và nặng nề,5
巨,巨人,jù rén,người khổng lồ,7
巨,巨响,jù xiǎng,"tiếng động lớn, tiếng vang trời",7
巨,巨型,jù xíng,khổng lồ,7
巨,巨头,jù tóu,đại gia,7
巨,巨星,jù xīng,siêu sao,7
巨,巨额,jù'é,số lượng khổng lồ,7
巩,巩固,gǒng gù,củng cố,6
巫,巫婆,wū pó,phù thủy,7
差,差不多,chà bu duō,"gần như, hầu như",1
差,差别,chā bié,sự khác biệt,2
差,差异,chā yì,sự khác biệt,3
差,出差,chū chāi,đi công tác,4
差,差距,chā jù,khoảng cách,5
差,时差,shí chā,sự chênh lệch thời gian,5
差,偏差,piān chā,sai lệch,6
差,误差,wù chā,lỗi,6
差,反差,fǎn chā,tương phản,7
差,差事,chāi shì,"Công việc được giao, nhiệm vụ; việc vặt",7
差,差错,chā cuò,sai lầm,7
差,差额,chā'é,sự khác biệt,7
差,相差,xiāng chà,khác biệt,7
差,落差,luò chā,độ cao rơi,7
差,顺差,shùn chā,thặng dư,7
己,自己,zì jǐ,"bản thân, riêng",1
己,各抒己见,gè shū jǐ jiàn,mỗi người nêu ý kiến,6
己,知己,zhī jǐ,thấu hiểu,7
己,安分守己,ān fèn shǒu jǐ,"An phận thủ thường, biết thân biết phận",7
己,损人利己,sǔn rén lì jǐ,hại người lợi mình,7
己,身不由己,shēn bù yóu jǐ,không tự chủ,7
已,已经,yǐ jīng,đã,1
已,早已,zǎo yǐ,đã sớm,3
已,而已,ér yǐ,mà thôi,6
已,不得已,bù dé yǐ,không có lựa chọn nào khác,6
已,不已,bù yǐ,không ngừng,7
已,赞叹不已,zàn tàn bù yǐ,khen ngợi không ngừng,7
巴,大巴,dà bā,xe buýt,1
巴,尾巴,wěi ba,đuôi,2
巴,巴掌,bā zhang,lòng bàn tay; cái tát,2
巴,结结巴巴,jiē jie bā bā,"lắp bắp, cà lăm",3
巴,嘴巴,zuǐ ba,miệng,4
巴,巴士,bā shì,xe buýt,4
巴,巴基斯坦,Bā jī sī tǎn,Pakistan,5
巴,巴结,bā jie,nịnh bợ,6
巴,巴黎,Bā lí,Paris (thủ đô của Pháp),7
巴,眨巴,zhǎ ba,"chớp (mắt), nháy (mắt)",7
巴,巴不得,bā bu de,mong ước,7
巴,下巴,xià ba,Cằm.,8
巷,大街小巷,dà jiē xiǎo xiàng,phố lớn ngõ nhỏ,7
巾,围巾,wéi jīn,khăn quàng cổ,4
巾,毛巾,máo jīn,khăn,4
币,人民币,rén mín bì,nhân dân tệ,3
币,外币,wài bì,ngoại tệ,6
币,货币,huò bì,tiền tệ,6
币,硬币,yìng bì,đồng xu,7
市,超市,chāo shì,siêu thị,1
市,市长,shì zhǎng,thị trưởng,2
市,城市,chéng shì,thành phố,3
市,市场,shì chǎng,chợ,3
市,市区,shì qū,khu đô thị,4
市,上市,shàng shì,"lên sàn, đưa ra thị trường",6
市,市民,shì mín,công dân,6
市,都市,dū shì,"thành phố, đô thị",6
市,夜市,yè shì,chợ đêm,7
市,归市,guī shì,tập hợp,7
市,股市,gǔ shì,thị trường chứng khoán,7
市,菜市场,cài shì chǎng,chợ thực phẩm,7
市,市场经济,shì chǎng jīng jì,kinh tế thị trường,7
市,海市蜃楼,hǎi shì shèn lóu,"ảo ảnh, lâu đài trên biển",7
市场,菜市场,cài shì chǎng,chợ thực phẩm,7
市场,市场经济,shì chǎng jīng jì,kinh tế thị trường,7
布,公布,gōng bù,công bố,3
布,宣布,xuān bù,công bố,3
布,分布,fēn bù,phân phối,4
布,布置,bù zhì,sắp xếp,4
布,布局,bù jú,bố trí,5
布,散布,sàn bù,khuếch tán,5
布,发布,fā bù,công bố,6
布,布告,bù gào,thông báo,6
布,布满,bù mǎn,phủ kín,6
布,遍布,biàn bù,phổ biến khắp nơi,6
布,颁布,bān bù,ban hành,6
布,瀑布,pù bù,thác nước,7
布,发布会,fā bù huì,họp báo,7
布,抹布,mā bù,"giẻ lau, khăn lau",8
帅,帅哥,shuài gē,anh chàng đẹp trai,4
帆,帆船,fān chuán,thuyền buồm,5
帆,一帆风顺,yī fān fēng shùn,thuận buồm xuôi gió,7
师,师傅,shī fu,"thầy, công nhân lành nghề",1
师,老师,lǎo shī,giáo viên,1
师,厨师,chú shī,đầu bếp,2
师,教师,jiào shī,giáo viên,2
师,工程师,gōng chéng shī,kỹ sư,3
师,律师,lǜ shī,luật sư,4
师,摄影师,shè yǐng shī,nhiếp ảnh gia,5
师,大师,dà shī,đại sư,6
师,师父,shī fu,sư phụ,6
师,师生,shī shēng,giáo viên và học sinh,6
师,师范,shī fàn,trường sư phạm,6
师,设计师,shè jì shī,nhà thiết kế,6
师,导师,dǎo shī,giáo viên hướng dẫn,7
师,师资,shī zī,giáo viên,7
师,师长,shī zhǎng,giáo viên,7
希,希望,xī wàng,hy vọng,1
希,希腊,Xī là,Hy Lạp,3
帐,帐篷,zhàng peng,lều,6
帐,帐子,zhàng zi,màn chống muỗi,7
帐,蚊帐,wén zhàng,mùng,7
帕,手帕,shǒu pà,khăn tay,7
帖,帖子,tiě zi,bài viết,7
帖,请帖,qǐng tiě,thiếp mời,7
帘,窗帘,chuāng lián,rèm cửa,5
帘,帘子,lián zi,rèm,7
帚,扫帚,sào zhou,Chổi,3
帜,旗帜,qí zhì,cờ,3
帝,皇帝,huáng dì,hoàng đế,5
帝,上帝,shàng dì,Chúa,6
帝,帝国,dì guó,đế quốc,7
帝,帝国主义,dì guó zhǔ yì,chủ nghĩa đế quốc,7
帝,帝王,dì wáng,"đế vương, vua chúa",8
帝国,帝国主义,dì guó zhǔ yì,chủ nghĩa đế quốc,7
带,带动,dài dòng,dẫn dắt,2
带,带来,dài lái,mang đến,2
带,一带,yī dài,khu vực lân cận,3
带,带领,dài lǐng,dẫn dắt,3
带,领带,lǐng dài,cà vạt,4
带,带有,dài yǒu,có,5
带,携带,xié dài,mang theo,6
带,温带,wēn dài,vùng ôn đới,6
带,带头,dài tóu,dẫn đầu,7
带,带路,dài lù,dẫn đường,7
带,带队,dài duì,dẫn một nhóm người,7
带,热带,rè dài,Vùng nhiệt đới,7
带,皮带,pí dài,dây nịt,7
带,磁带,cí dài,băng từ,7
带,纽带,niǔ dài,mối liên hệ,7
带头,带头人,dài tóu rén,người dẫn đầu,7
席,缺席,quē xí,vắng mặt,3
席,主席,zhǔ xí,chủ tịch,4
席,出席,chū xí,tham dự,4
席,首席,shǒu xí,thủ lĩnh,6
席,席位,xí wèi,ghế trong quốc hội,7
帮,帮助,bāng zhù,giúp đỡ,1
帮,帮忙,bāng máng,giúp đỡ,1
帮,腮帮子,sāi bāng zi,"má, gò má",4
帮,帮手,bāng shǒu,người giúp đỡ,6
常,常常,cháng cháng,thường xuyên,1
常,非常,fēi cháng,"cực kỳ, rất",1
常,常用,cháng yòng,thường dùng,2
常,常见,cháng jiàn,phổ biến,2
常,平常,píng cháng,bình thường,2
常,正常,zhèng cháng,bình thường,2
常,经常,jīng cháng,thường xuyên,2
常,家常菜,jiā cháng cài,"món ăn gia đình, món ăn thường ngày",2
常,日常,rì cháng,hàng ngày,3
常,通常,tōng cháng,thường thì,3
常,常识,cháng shí,kiến thức chung; lẽ thường,4
常,家常,jiā cháng,thường ngày trong gia đình,5
常,照常,zhào cháng,như thường lệ,5
常,反常,fǎn cháng,bất thường,6
常,常年,cháng nián,suốt cả năm,6
帽,帽子,mào zi,mũ,3
幅,幅度,fú dù,mức độ,6
幅,篇幅,piān fú,độ dài,7
幅,大幅度,dà fú dù,với biên độ rộng,7
幅度,大幅度,dà fú dù,với biên độ rộng,7
幕,屏幕,píng mù,màn hình,3
幕,字幕,zì mù,phụ đề,5
幕,开幕,kāi mù,khai mạc,5
幕,开幕式,kāi mù shì,lễ khai mạc,5
幕,内幕,nèi mù,câu chuyện nội tình,7
幕,幕后,mù hòu,hậu trường,7
幕,序幕,xù mù,lời mở đầu,7
幕,银幕,yín mù,màn hình,7
干,干净,gān jìng,sạch sẽ,1
干,干什么,gàn shén me,làm gì?,1
干,干杯,gān bēi,cạn ly,2
干,干活,gàn huó,làm việc,2
干,干吗,gàn mā,Làm gì?,3
干,干脆,gān cuì,"đơn giản, trực tiếp",3
干,能干,néng gàn,có khả năng,4
干,饼干,bǐng gān,bánh quy,4
干,干燥,gān zào,khô,5
干,枝干,zhī gàn,"Cành cây, thân cây",5
干,干活儿,gàn huór,"làm việc, lao động",5
干,干扰,gān rǎo,can thiệp,6
干,干涉,gān shè,can thiệp,6
干,干预,gān yù,can thiệp,6
干,才干,cái gàn,tài năng,6
干活,干活儿,gàn huór,"làm việc, lao động",5
平,平时,píng shí,thường ngày,1
平,公平,gōng píng,công bằng,2
平,平安,píng'ān,bình an; an toàn,2
平,平常,píng cháng,bình thường,2
平,平等,píng děng,bình đẳng,2
平,水平,shuǐ píng,"mức độ, tiêu chuẩn",2
平,一路平安,yī lù píng'ān,Thượng lộ bình an,2
平,平方公里,píng fāng gōng lǐ,Kilômét vuông (km²),2
平,和平,hé píng,hòa bình,3
平,生态平衡,shēng tài píng héng,Cân bằng sinh thái,3
平,平均,píng jūn,trung bình; bình quân,4
平,平方,píng fāng,vuông,4
平,平稳,píng wěn,êm ả và ổn định,4
平,平静,píng jìng,bình tĩnh,4
平,平衡,píng héng,cân bằng,5
平安,一路平安,yī lù píng'ān,Thượng lộ bình an,2
平常,平常心,píng cháng xīn,bình thường,7
平方,平方公里,píng fāng gōng lǐ,Kilômét vuông (km²),2
平方,平方米,píng fāng mǐ,mét vuông,6
平日,平日里,píng rì lǐ,"Thông thường, bình thường, ngày thường",7
平衡,生态平衡,shēng tài píng héng,Cân bằng sinh thái,3
年,今年,jīn nián,năm nay,1
年,半年,bàn nián,nửa năm,1
年,去年,qù nián,năm ngoái,1
年,年纪,nián jì,tuổi tác,1
年,新年,xīn nián,Năm mới,1
年,明年,míng nián,năm sau,1
年,中年,zhōng nián,trung niên,2
年,全年,quán nián,cả năm,2
年,前年,qián nián,năm trước nữa,2
年,周年,zhōu nián,kỷ niệm,2
年,年级,nián jí,lớp,2
年,年轻,nián qīng,trẻ,2
年,老年,lǎo nián,tuổi già,2
年,过年,guò nián,đón Tết,2
年,青年,qīng nián,thanh niên,2
年纪,上年纪,shàng nián ji,"có tuổi, lớn tuổi",3
并,并且,bìng qiě,"và, ngoài ra",3
并,并列,bìng liè,đứng cạnh nhau,5
并,合并,hé bìng,hợp nhất,6
并,并行,bìng xíng,tiến hành song song,7
并,并购,bìng gòu,sáp nhập và mua lại,7
并,并非,bìng fēi,không phải,7
并,相提并论,xiāng tí bìng lùn,đặt ngang hàng,7
幸,幸福,xìng fú,hạnh phúc,1
幸,万幸,wàn xìng,"May mắn thay, may mắn tột cùng, thật may mắn.",2
幸,幸运,xìng yùn,may mắn,3
幸,幸亏,xìng kuī,may mắn thay,5
幸,不幸,bù xìng,bất hạnh,6
幸,幸免,xìng miǎn,thoát hiểm,7
幸,幸好,xìng hǎo,may mắn thay,7
幸,幸存,xìng cún,sống sót,7
幸,庆幸,qìng xìng,vui mừng,7
幸,有幸,yǒu xìng,may mắn,7
幸,荣幸,róng xìng,vinh danh,7
幻,幻想,huàn xiǎng,ảo tưởng,5
幻,幻影,huàn yǐng,bóng ma,7
幻,幻觉,huàn jué,ảo giác,7
幻,梦幻,mèng huàn,ảo ảnh,7
幻,科幻,kē huàn,khoa học viễn tưởng,7
幻,虚幻,xū huàn,ảo giác,7
幻,变幻莫测,biàn huàn mò cè,thay đổi khó lường,7
幼,幼儿园,yòu'ér yuán,nhà trẻ,2
幼,幼稚,yòu zhì,"trẻ con, ấu trĩ",7
幼,年幼,nián yòu,"Nhỏ tuổi, thơ ấu",8
幽,幽默,yōu mò,hài hước,3
幽,幽静,yōu jìng,"U tịch, yên tĩnh, vắng vẻ",4
广,广告,guǎng gào,quảng cáo,2
广,广场,guǎng chǎng,quảng trường,2
广,广播,guǎng bō,phát sóng,2
广,广告栏,guǎng gào lán,"Bảng quảng cáo, cột quảng cáo",2
广,广大,guǎng dà,rộng lớn,3
广,推广,tuī guǎng,quảng bá,3
广,宽广,kuān guǎng,rộng rãi,4
广,广东,Guǎng dōng,Quảng Đông (tỉnh),5
广,广州,Guǎng zhōu,Quảng Châu (thành phố),5
广,广泛,guǎng fàn,rộng rãi,5
广,广阔,guǎng kuò,rộng lớn,6
广,见多识广,jiàn duō shí guǎng,hiểu biết rộng,6
广,广义,guǎng yì,tổng quát,7
广告,广告栏,guǎng gào lán,"Bảng quảng cáo, cột quảng cáo",2
庄,庄重,zhuāng zhòng,"nghiêm túc, trang trọng",6
庄,村庄,cūn zhuāng,làng,6
庄,庄严,zhuāng yán,trang nghiêm,7
庄,庄园,zhuāng yuán,trang viên,7
庄,庄稼,zhuāng jia,cây trồng,7
庆,国庆,guó qìng,Ngày Quốc khánh,3
庆,庆祝,qìng zhù,ăn mừng,3
庆,喜庆,xǐ qìng,"sự kiện vui; lễ hội, hạnh phúc",7
庆,庆典,qìng diǎn,lễ kỷ niệm,7
庆,庆幸,qìng xìng,vui mừng,7
庆,庆贺,qìng hè,ăn mừng,7
床,起床,qǐ chuáng,thức dậy,1
床,吊床,diào chuáng,võng,3
床,临床,lín chuáng,lâm sàng,6
床,床单,chuáng dān,ga trải giường,6
床,床位,chuáng wèi,giường,7
床,病床,bìng chuáng,giường bệnh,7
序,顺序,shùn xù,trật tự,2
序,秩序,zhì xù,trật tự,3
序,程序,chéng xù,thủ tục,4
序,序言,xù yán,lời tựa,6
序,次序,cì xù,trật tự,6
序,循序渐进,xún xù jiàn jìn,tiến bộ dần dần,6
序,序幕,xù mù,lời mở đầu,7
序,有序,yǒu xù,có trật tự,7
库,车库,chē kù,nhà để xe,5
库,仓库,cāng kù,kho,6
库,宝库,bǎo kù,kho báu,7
库,小金库,xiǎo jīn kù,"Quỹ đen, quỹ phụ (không chính thức)",7
库,数据库,shù jù kù,cơ sở dữ liệu,7
应,应该,yīng gāi,nên,1
应,反应,fǎn yìng,phản ứng,2
应,答应,dā ying,trả lời,2
应,应当,yīng dāng,nên,3
应,应用,yìng yòng,ứng dụng,3
应,适应,shì yìng,thích nghi,3
应,供应,gōng yìng,cung cấp,4
应,应聘,yìng pìn,chấp nhận lời mời làm việc,4
应,应付,yìng fù,ứng phó,5
应,效应,xiào yìng,hiệu ứng,5
应,回应,huí yìng,đáp lại,6
应,对应,duì yìng,tương ứng,6
应,应对,yìng duì,trả lời,6
应,应急,yìng jí,khẩn cấp,6
应,应邀,yìng yāo,theo lời mời; nhận được lời mời,6
底,到底,dào dǐ,cuối cùng,3
底,年底,nián dǐ,cuối năm,3
底,底下,dǐ xia,bên dưới,3
底,彻底,chè dǐ,hoàn toàn,4
底,月底,yuè dǐ,cuối tháng,4
底,海底,hǎi dǐ,đáy biển,6
底,归根到底,guī gēn dào dǐ,cuối cùng,6
底,功底,gōng dǐ,kiến thức cơ bản,7
底,垫底,diàn dǐ,đặt nền tảng,7
底,底子,dǐ zi,nền tảng; đáy; đế,7
底,底层,dǐ céng,tầng hầm,7
底,底线,dǐ xiàn,đường cơ sở,7
底,底蕴,dǐ yùn,chi tiết,7
底,谜底,mí dǐ,giải pháp,7
底,说到底,shuō dào dǐ,cuối cùng,7
店,书店,shū diàn,hiệu sách,1
店,商店,shāng diàn,cửa hàng,1
店,饭店,fàn diàn,"nhà hàng, khách sạn",1
店,药店,yào diàn,hiệu thuốc,2
店,酒店,jiǔ diàn,khách sạn,2
店,旅店,lǚ diàn,khách sạn,6
店,专卖店,zhuān mài diàn,cửa hàng độc quyền,7
店,便利店,biàn lì diàn,cửa hàng tiện lợi,7
店,连锁店,lián suǒ diàn,chuỗi cửa hàng,7
庙,寺庙,sì miào,ngôi đền,7
庙,庙会,miào huì,hội chùa,7
府,政府,zhèng fǔ,chính phủ,2
府,首府,shǒu fǔ,thủ phủ,7
府,城府,chéng fǔ,"tâm cơ, sự kín đáo, thâm trầm",8
庞,庞大,páng dà,khổng lồ,3
废,废话,fèi huà,vô nghĩa,5
废,作废,zuò fèi,trở nên vô hiệu,6
废,废墟,fèi xū,đống đổ nát,6
废,废除,fèi chú,bãi bỏ,6
废,半途而废,bàn tú ér fèi,bỏ cuộc giữa chừng,6
废,废品,fèi pǐn,phế phẩm,7
废,废物,fèi wù,chất thải,7
废,报废,bào fèi,báo phế,7
废,颓废,tuí fèi,suy tàn,7
废,废寝忘食,fèi qǐn wàng shí,bỏ ngủ quên ăn,7
度,制度,zhì dù,hệ thống,2
度,印度,Yìn dù,Ấn Độ,2
度,态度,tài du,thái độ,2
度,温度,wēn dù,nhiệt độ,2
度,程度,chéng dù,mức độ,2
度,角度,jiǎo dù,góc độ,2
度,度假,dù jià,đi nghỉ mát,3
度,速度,sù dù,tốc độ,3
度,难度,nán dù,mức độ khó khăn,3
度,季度,jì dù,quý,4
度,度过,dù guò,trải qua,4
度,过度,guò dù,quá mức,4
度,风度,fēng dù,phong thái,5
度,一度,yī dù,một lần,6
度,密度,mì dù,"mật độ, độ dày",6
座,硬座,yìng zuò,"Ghế cứng (trên tàu, xe)",1
座,讲座,jiǎng zuò,bài giảng,1
座,座位,zuò wèi,chỗ ngồi,2
座,入座,rù zuò,"vào chỗ, ngồi vào chỗ",5
座,插座,chā zuò,ổ cắm điện,6
座,让座,ràng zuò,nhường ghế,6
座,座谈会,zuò tán huì,diễn đàn,6
座,就座,jiù zuò,ngồi vào chỗ,7
座,座谈,zuò tán,thảo luận không chính thức,7
座,星座,xīng zuò,chòm sao; cung hoàng đạo,7
座,座右铭,zuò yòu míng,phương châm,7
座谈,座谈会,zuò tán huì,diễn đàn,6
庭,家庭,jiā tíng,gia đình,2
庭,大家庭,dà jiā tíng,gia đình lớn,7
康,健康,jiàn kāng,khỏe mạnh; sức khỏe,2
康,康乃馨,kāng nǎi xīn,hoa cẩm chướng,3
康,康复,kāng fù,phục hồi sức khỏe,6
康,小康,xiǎo kāng,khá giả,7
庸,平庸,píng yōng,"tầm thường, xoàng xĩnh",6
庸,中庸,zhōng yōng,trung dung,7
庸,庸俗,yōng sú,"thô tục, tầm thường",7
庸,附庸风雅,fù yōng fēng yǎ,"Giả vờ thanh tao, học đòi phong nhã (để tỏ ra mình có học thức, phẩm chất cao).",8
廉,廉洁,liàn jiē,liêm khiết,6
廉,物美价廉,wù měi jià lián,chất lượng tốt và giá cả hợp lý,6
廉,廉价,lián jià,giá rẻ,7
廉,廉政,lián zhèng,chính trị liêm chính,7
廉,廉正,lián zhèng,liêm chính,7
廊,走廊,zǒu láng,hành lang,5
廓,轮廓,lún kuò,hình dáng,4
延,延伸,yán shēn,kéo dài,2
延,延长,yán cháng,kéo dài,2
延,延续,yán xù,kéo dài,3
延,延期,yán qī,kéo dài,4
延,延缓,yán huǎn,hoãn,7
延,延误,yán wù,trì hoãn,7
延,拖延,tuō yán,trì hoãn,7
延,蔓延,màn yán,lan rộng,7
廷,宫廷,gōng tíng,cung đình,7
建,建成,jiàn chéng,thiết lập,3
建,建立,jiàn lì,"xây dựng, tạo ra",3
建,建议,jiàn yì,đề nghị; đề xuất,3
建,建设,jiàn shè,xây dựng; công trình xây dựng,3
建,构建,gòu jiàn,xây dựng,4
建,建筑,jiàn zhù,xây dựng,5
建,修建,xiū jiàn,xây dựng,6
建,创建,chuàng jiàn,thành lập,6
建,封建,fēng jiàn,phong kiến,6
建,重建,chóng jiàn,tái thiết,6
建,兴建,xīng jiàn,xây dựng,7
建,建交,jiàn jiāo,thiết lập quan hệ ngoại giao,7
建,建树,jiàn shù,đóng góp,7
建,扩建,kuò jiàn,mở rộng xây dựng,7
建,组建,zǔ jiàn,tổ chức,7
建筑,建筑师,jiàn zhú shī,kiến trúc sư,7
建筑,建筑物,jiàn zhù wù,tòa nhà,7
开,开会,kāi huì,họp,1
开,开始,kāi shǐ,bắt đầu,1
开,开车,kāi chē,lái xe ô tô,1
开,开门,kāi mén,"mở cửa (cửa hàng, doanh nghiệp), mở cửa ra vào",1
开,打开,dǎ kāi,mở,1
开,开玩笑,kāi wán xiào,đùa cợt,1
开,分开,fēn kāi,chia ra,2
开,开学,kāi xué,khai giảng,2
开,开张,kāi zhāng,mở cửa kinh doanh,2
开,开心,kāi xīn,vui vẻ,2
开,开机,kāi jī,bật nguồn,2
开,开锅,kāi guō,"sôi (nồi nước, cháo)",2
开,离开,lí kāi,rời khỏi,2
开,走开,zǒu kāi,tránh ra,2
开,公开,gōng kāi,công khai,3
开发,开发区,kāi fā qū,khu phát triển,7
开发,开发商,kāi fā shāng,nhà phát triển bất động sản,7
开场,开场白,kāi chǎng bái,lời mở đầu,7
开幕,开幕式,kāi mù shì,lễ khai mạc,5
开放,改革开放,gǎi gé kāi fàng,cải cách và mở cửa,7
异,差异,chā yì,sự khác biệt,3
异,变异,biàn yì,biến dị,4
异,优异,yōu yì,xuất sắc,6
异,异常,yì cháng,bất thường,6
异,诧异,chà yì,ngạc nhiên,6
异,日新月异,rì xīn yuè yì,đổi mới hàng ngày,6
异,异性,yì xìng,khác giới,7
异,异议,yì yì,phản đối,7
异,怪异,guài yì,kỳ quái,7
异,因人而异,yīn rén ér yì,tùy từng người,7
异,大同小异,dà tóng xiǎo yì,hầu như giống nhau,7
异,奇花异草,qí huā yì cǎo,cây cỏ kỳ lạ,7
异,异口同声,yì kǒu tóng shēng,đồng thanh,7
异,异想天开,yì xiǎng tiān kāi,mơ mộng,7
弃,放弃,fàng qì,từ bỏ,2
弃,唾弃,tuò qì,"khinh bỉ, ruồng bỏ, phỉ nhổ",6
弃,抛弃,pāo qì,bỏ rơi,6
弃,丢弃,diū qì,vứt bỏ,7
弃,嫌弃,xián qì,ghét bỏ,7
弃,遗弃,yí qì,bỏ rơi,7
弄,耍弄,shuǎ nòng,"đùa cợt, trêu chọc; lừa bịp, thao túng",4
弄,逗弄,dòu nong,"trêu chọc, đùa giỡn, chọc ghẹo",4
弄,卖弄,mài nòng,khoe khoang,7
弄,嘲弄,cháo nòng,chế nhạo,7
弄,弄虚作假,nòng xū zuò jiǎ,thực hành gian lận,7
弈,对弈,duì yì,chơi cờ,7
弊,弊端,bì duān,tham nhũng,3
弊,弊病,bì bìng,nhược điểm,6
弊,作弊,zuò bì,gian lận,7
式,方式,fāng shì,cách,2
式,形式,xíng shì,hình thức,3
式,模式,mó shì,mô hình,3
式,正式,zhèng shì,chính thức,3
式,样式,yàng shì,"mẫu, kiểu",5
式,开幕式,kāi mù shì,lễ khai mạc,5
式,仪式,yí shì,"nghi lễ, lễ nghi",6
式,公式,gōng shì,công thức,6
式,款式,kuǎn shì,kiểu dáng,6
式,新式,xīn shì,kiểu mới,7
式,格式,gé shì,mẫu định sẵn,7
式,各式各样,gè shì gè yàng,đa dạng,7
引,吸引,xī yǐn,thu hút,4
引,引导,yǐn dǎo,hướng dẫn,4
引,引起,yǐn qǐ,gây ra,4
引,引进,yǐn jìn,giới thiệu,4
引,引擎,yǐn qíng,động cơ,6
引,引用,yǐn yòng,trích dẫn,6
引,引入,yǐn rù,giới thiệu,7
引,引发,yǐn fā,dẫn đến,7
引,引诱,yǐn yòu,dụ dỗ,7
引,引领,yǐn lǐng,trông mong,7
引,指引,zhǐ yǐn,hướng dẫn,7
引,引人入胜,yǐn rén rù shèng,hấp dẫn,7
引,引人注目,yǐn rén zhù mù,bắt mắt,7
引,引经据典,yǐn jīng jù diǎn,trích dẫn kinh điển,7
弘,弘扬,hóng yáng,"phát triển, truyền bá",7
弛,松弛,sōng chí,"thư giãn, yếu đi",7
弟,弟弟,dì di,em trai,1
弟,兄弟,xiōng dì,anh em,4
弟,徒弟,tú dì,"học trò, đồ đệ",6
弟,子弟,zǐ dì,thế hệ trẻ,7
弟,弟子,dì zǐ,học trò,7
张,紧张,jǐn zhāng,căng thẳng,1
张,开张,kāi zhāng,mở cửa kinh doanh,2
张,主张,zhǔ zhāng,quan điểm,3
张,张狂,zhāng kuáng,"Ngông cuồng, kiêu ngạo, hống hách",4
张,夸张,kuā zhāng,phóng đại,5
张,慌张,huāng zhāng,bối rối,5
张,东张西望,dōng zhāng xī wàng,nhìn xung quanh,6
张,伸张,shēn zhāng,ủng hộ,7
张,张扬,zhāng yáng,"công khai, tiết lộ",7
张,张贴,zhāng tiē,dán lên,7
张,扩张,kuò zhāng,mở rộng,7
张,张灯结彩,zhāng dēng jié cǎi,trang trí bằng đèn lồng và cờ màu,7
弥,弥漫,mí màn,lan tỏa,6
弥,弥补,mí bǔ,bù đắp,6
弦,扣人心弦,kòu rén xīn xián,hấp dẫn,7
弧,括弧,kuò hú,dấu ngoặc đơn,7
弩,强弩之末,qiáng nǔ zhī mò,"Tên nỏ mạnh hết đà, sức mạnh đã cạn, yếu ớt khi kết thúc",3
弯,转弯,zhuǎn wān,"quẹo, rẽ",4
弯,拐弯,guǎi wān,rẽ,5
弯,弯曲,wān qū,cong,6
弯,急转弯,jízhuǎnwān,rẽ gấp,7
弯,走弯路,zǒu wān lù,đi đường vòng,7
弱,孱弱,chán ruò,Yếu ớt; ốm yếu; mỏng manh,4
弱,软弱,ruǎn ruò,yếu đuối,5
弱,弱点,ruò diǎn,điểm yếu,6
弱,薄弱,bó ruò,yếu,6
弱,减弱,jiǎn ruò,làm suy yếu,7
弱,削弱,xuē ruò,làm suy yếu,7
弱,弱势,ruò shì,yếu đuối,7
弱,微弱,wēi ruò,yếu ớt,7
弱,脆弱,cuì ruò,mong manh,7
弱,虚弱,xū ruò,yếu,7
弱,衰弱,shuāi ruò,yếu đuối,7
弱,纤弱,xiān ruò,"mảnh mai, yếu ớt",8
弹,弹性,tán xìng,tính đàn hồi,3
弹,弹钢琴,tán gāng qín,chơi piano,4
弹,子弹,zǐ dàn,viên đạn,6
弹,导弹,dǎo dàn,tên lửa,6
弹,炸弹,zhà dàn,bom,6
弹,动弹,dòng tan,di chuyển,7
弹,反弹,fǎn tán,phản hồi,7
弹,弹奏,tán zòu,"chơi (nhạc cụ có dây, phím)",7
弹,弹簧,tán huáng,Lò xo,8
强,加强,jiā qiáng,tăng cường,3
强,坚强,jiān qiáng,mạnh mẽ,3
强,强大,qiáng dà,mạnh mẽ,3
强,强烈,qiáng liè,mạnh mẽ,3
强,强调,qiáng diào,nhấn mạnh,3
强,强弩之末,qiáng nǔ zhī mò,"Tên nỏ mạnh hết đà, sức mạnh đã cạn, yếu ớt khi kết thúc",3
强,年富力强,nián fù lì qiáng,"trẻ khỏe, sung sức, cường tráng",4
强,富强,fù qiáng,thịnh vượng,5
强,倔强,juéjiàng,bướng bỉnh,6
强,勉强,miǎn qiǎng,miễn cưỡng,6
强,强势,qiáng shì,mạnh mẽ,6
强,强化,qiáng huà,tăng cường,6
强,强壮,qiáng zhuàng,mạnh mẽ,6
强,强盗,qiáng dào,kẻ cướp,6
强,强迫,qiǎng pò,ép buộc,6
归,归纳,guī nà,Tổng kết,5
归,归根到底,guī gēn dào dǐ,cuối cùng,6
归,回归,huí guī,trở về,7
归,归宿,guī sù,mục tiêu cuối cùng,7
归,归市,guī shì,tập hợp,7
归,归来,guī lái,trở lại,7
归,归结,guī jié,kết luận,7
归,归还,guī huán,trả lại,7
归,改邪归正,gǎi xié guī zhèng,từ bỏ điều ác trở về điều thiện,7
归,无家可归,wú jiā kě guī,vô gia cư,7
当,当然,dāng rán,tất nhiên,1
当,麦当劳,Mài dāng láo,McDonald's,1
当,当时,dāng shí,lúc đó,2
当,应当,yīng dāng,nên,3
当,当中,dāng zhōng,giữa,3
当,当初,dāng chū,ban đầu,3
当,当地,dāng dì,địa phương,3
当,当真,dàng zhēn,cho là thật,3
当,相当,xiāng dāng,khá,3
当,理所当然,lǐ suǒ dāng rán,lẽ dĩ nhiên,3
当,上当,shàng dàng,bị lừa,5
当,充当,chōng dāng,đóng vai trò,5
当,当年,dāng nián,những năm đó,5
当,当心,dāng xīn,cẩn thận,5
当,适当,shì dàng,phù hợp,5
当然,理所当然,lǐ suǒ dāng rán,lẽ dĩ nhiên,3
录,录音,lù yīn,ghi âm,3
录,纪录,jì lù,kỷ lục,3
录,记录,jì lù,ghi lại,3
录,录取,lù qǔ,nhận,4
录,登录,dēng lù,đăng nhập,4
录,目录,mù lù,mục lục,5
录,录音机,lù yīn jī,máy ghi âm,5
录,录像,lù xiàng,quay video,6
录,录制,lù zhì,ghi lại,7
录,回忆录,huí yì lù,hồi ký,7
录,纪录片,jì lù piàn,phim tài liệu,7
录,附录,fù lù,Phụ lục,8
录音,录音机,lù yīn jī,máy ghi âm,5
形,形式,xíng shì,hình thức,3
形,形成,xíng chéng,hình thành,3
形,形象,xíng xiàng,hình ảnh,3
形,形势,xíng shì,tình huống,4
形,形容,xíng róng,miêu tả,4
形,形状,xíng zhuàng,"hình dạng, hình thù",5
形,变形,biàn xíng,biến dạng,6
形,形态,xíng tài,hình dạng,6
形,凹形,āo xíng,"hình lõm, hình lòng máng",7
形,图形,tú xíng,đồ thị,7
形,圆形,yuán xíng,hình tròn,7
形,外形,wài xíng,ngoại hình,7
形,无形,wú xíng,"vô hình, không thấy",7
形,畸形,jī xíng,biến dạng,7
形,队形,duì xíng,đội hình,7
彩,精彩,jīng cǎi,tuyệt vời,2
彩,彩色,cǎi sè,nhiều màu,3
彩,色彩,sè cǎi,màu sắc,3
彩,彩票,cǎi piào,vé số,5
彩,彩虹,cǎi hóng,cầu vồng,5
彩,剪彩,jiǎn cǎi,cắt băng,6
彩,光彩,guāng cǎi,vinh quang,7
彩,喝彩,hè cǎi,ca ngợi,7
彩,彩电,cǎi diàn,tivi màu,7
彩,彩霞,cǎi xiá,mây hồng,7
彩,丰富多彩,fēng fù duō cǎi,phong phú và đa dạng,7
彩,张灯结彩,zhāng dēng jié cǎi,trang trí bằng đèn lồng và cờ màu,7
彬,彬彬有礼,bīn bīn yǒu lǐ,lịch sự,7
彰,表彰,biǎo zhāng,tôn vinh,6
影,电影,diàn yǐng,phim,1
影,电影院,diàn yǐng yuàn,rạp chiếu phim,1
影,合影,hé yǐng,ảnh nhóm,2
影,影响,yǐng xiǎng,ảnh hưởng,2
影,影片,yǐng piàn,phim,2
影,影视,yǐng shì,phim và truyền hình,3
影,影子,yǐng zi,bóng,4
影,背影,bèi yǐng,Bóng lưng,4
影,摄影,shè yǐng,chụp ảnh,5
影,摄影师,shè yǐng shī,nhiếp ảnh gia,5
影,影星,yǐng xīng,ngôi sao điện ảnh,6
影,影迷,yǐng mí,người hâm mộ phim,6
影,阴影,yīn yǐng,bóng,6
影,幻影,huàn yǐng,bóng ma,7
影,影像,yǐng xiàng,hình ảnh,7
彷,彷徨,páng huáng,"Hoang mang, ngập ngừng, lưỡng lự",7
役,战役,zhàn yì,chiến dịch,6
役,退役,tuì yì,nghỉ hưu,7
彻,彻底,chè dǐ,hoàn toàn,4
彻,贯彻,guàn chè,triển khai,6
彻,彻夜,chè yè,suốt đêm,7
彻,透彻,tòu chè,thấu đáo,7
彼,彼此,bǐ cǐ,lẫn nhau,5
彼,此起彼伏,cǐ qǐ bǐ fú,nổi lên từng cái một,7
往,交往,jiāo wǎng,giao lưu; hiệp hội,3
往,前往,qián wǎng,rời đi,3
往,往往,wǎng wǎng,thường xuyên,3
往,来往,lái wang,liên lạc,3
往,以往,yǐ wǎng,trong quá khứ,6
往,向往,xiàng wǎng,khao khát,6
往,往后,wǎng hòu,trong tương lai,6
往,往常,wǎng cháng,"trong quá khứ, trước đây",6
往,往年,wǎng nián,những năm trước,6
往,往来,wǎng lái,"giao lưu, liên lạc",6
往,一如既往,yī rú jì wǎng,như trước đây,6
往,往事,wǎng shì,quá khứ,7
往,往日,wǎng rì,ngày xưa,7
往,往返,wǎng fǎn,khứ hồi,7
往,赶往,gǎn wǎng,vội vàng đến,7
征,征服,zhēng fú,chinh phục,3
征,象征,xiàng zhēng,biểu tượng; tượng trưng,3
征,征求,zhēng qiú,tìm kiếm,4
征,特征,tè zhēng,đặc trưng,4
征,征收,zhēng shōu,thu,6
征,征集,zhēng jí,thu thập,7
征,长征,cháng zhēng,trường chinh,7
径,田径,tián jìng,điền kinh,3
径,途径,tú jìng,con đường,3
径,直径,zhí jìng,đường kính,6
径,口径,kǒu jìng,đường kính,7
待,对待,duì dài,đối xử,3
待,接待,jiē dài,tiếp nhận,3
待,等待,děng dài,chờ đợi,3
待,待遇,dài yù,đối xử,4
待,期待,qī dài,mong đợi,4
待,招待,zhāo dài,"tiếp đón, chiêu đãi",5
待,看待,kàn dài,xem xét,6
待,虐待,nüè dài,ngược đãi,6
待,待会儿,dāi huìr,một lát nữa,6
待,迫不及待,pò bù jí dài,không thể chờ được,6
待,有待,yǒu dài,cần,7
待,招待会,zhāo dài huì,tiệc chiêu đãi,7
待,守株待兔,shǒu zhū dài tù,chờ đợi vô ích,7
待,待人接物,dài rén jiē wù,Đối nhân xử thế,7
很,很难说,hěn nán shuō,khó nói,6
徊,徘徊,pái huái,đi loanh quanh,6
律,一律,yī lǜ,"tất cả, không ngoại lệ",4
律,律师,lǜ shī,luật sư,4
律,法律,fǎ lǜ,pháp luật,4
律,纪律,jì lǜ,kỷ luật,4
律,规律,guī lǜ,quy luật,4
律,旋律,xuán lǜ,giai điệu,6
徐,徐徐,xú xú,chậm rãi,7
徒,基督徒,jī dū tú,"tín đồ Cơ Đốc giáo, tín đồ Thiên Chúa giáo",3
徒,徒弟,tú dì,"học trò, đồ đệ",6
徒,歹徒,dǎi tú,tội phạm,6
徒,徒步,tú bù,đi bộ,7
得,得到,dé dào,nhận,1
得,觉得,jué de,"cảm thấy, nghĩ",1
得,记得,jì de,nhớ,1
得,取得,qǔ dé,đạt được,2
得,得出,dé chū,"đạt được, đến",2
得,懂得,dǒng dé,hiểu,2
得,难得,nán dé,hiếm,2
得,值得,zhí dé,đáng giá,3
得,得分,dé fēn,nhận điểm,3
得,显得,xiǎn de,có vẻ,3
得,认得,rèn de,nhận biết,3
得,不得不,bù dé bù,không còn lựa chọn nào khác,3
得,不由得,bù yóu de,không thể không,3
得,恨不得,hèn bu de,mong muốn,3
得,得意,dé yì,"hài lòng, tự mãn",4
得出,看得出,kàn de chū,nhìn ra,7
得意,得意扬扬,dé yì yáng yáng,đắc ý,7
徘,徘徊,pái huái,đi loanh quanh,6
徙,迁徙,qiān xǐ,di cư,6
御,防御,fáng yù,phòng thủ,6
御,抵御,dǐ yù,kháng cự,7
徨,彷徨,páng huáng,"Hoang mang, ngập ngừng, lưỡng lự",7
循,循环,xún huán,tuần hoàn,6
循,遵循,zūn xún,tuân thủ,6
循,循序渐进,xún xù jiàn jìn,tiến bộ dần dần,6
循,循着,xún zhe,"theo, men theo",7
微,细微,xì wēi,tí hon,3
微,微信,wēi xìn,WeChat,4
微,微笑,wēi xiào,mỉm cười; nụ cười,4
微,稍微,shāo wēi,"hơi, một chút",4
微,微博,wēi bó,vi blog,5
微,微波炉,wēi bō lú,Lò vi sóng,6
微,微不足道,wēi bù zú dào,không đáng kể,6
微,无微不至,wú wēi bù zhì,tỉ mỉ từng chi tiết,6
微,微型,wēi xíng,"vi mô, nhỏ",7
微,微妙,wēi miào,tinh tế,7
微,微弱,wēi ruò,yếu ớt,7
微,微观,wēi guān,vi mô,7
微,略微,lüè wēi,hơi,7
微,轻微,qīng wēi,nhẹ,7
微,微微,wēi wēi,"Hơi hơi, một chút, khẽ, thoang thoảng",8
德,德国人,dé guó rén,Người Đức,2
德,德国,Dé guó,Đức (quốc gia),5
德,美德,měi dé,đức hạnh,5
德,道德,dào dé,đạo đức,5
德,品德,pǐn dé,phẩm đức,6
德国,德国人,dé guó rén,Người Đức,2
徽,国徽,guó huī,quốc huy,7
心,中心,zhōng xīn,trung tâm,1
心,心意,xīn yì,"ý định, tâm ý",1
心,担心,dān xīn,lo lắng,1
心,放心,fàng xīn,an tâm,1
心,购物中心,gòu wù zhōng xīn,trung tâm mua sắm,1
心,信心,xìn xīn,tự tin,2
心,关心,guān xīn,quan tâm,2
心,决心,jué xīn,quyết tâm,2
心,小心,xiǎo xīn,cẩn thận,2
心,开心,kāi xīn,vui vẻ,2
心,心中,xīn zhōng,trong lòng,2
心,心情,xīn qíng,tâm trạng,2
心,心里,xīn li,trong tâm trí,2
心,点心,diǎn xīn,món tráng miệng,2
心,狠心,hěn xīn,quyết tâm,2
心灵,心灵手巧,xīn líng shǒu qiǎo,khéo tay hay làm,7
心理,心理学家,xīn lǐ xué jiā,Nhà tâm lý học,7
心脏,心脏病,xīn zàng bìng,bệnh tim,3
心里,心里话,xīn lǐ huà,tâm sự,7
必,必须,bì xū,phải,2
必,不必,bù bì,không nhất thiết,3
必,必然,bì rán,tất yếu,3
必,必要,bì yào,cần thiết,3
必,未必,wèi bì,chưa chắc,4
必,何必,hé bì,Tại sao?,5
必,务必,wù bì,chắc chắn,6
必,势必,shì bì,tất yếu,6
必,必修,bì xiū,bắt buộc,6
必,必将,bì jiāng,chắc chắn sẽ,6
必,必定,bì dìng,chắc chắn,7
必,必不可少,bì bù kě shǎo,tuyệt đối cần thiết,7
必,分秒必争,fēn miǎo bì zhēng,tranh thủ từng giây từng phút,8
忆,回忆,huí yì,nhớ lại,2
忆,记忆,jì yì,trí nhớ; nhớ,5
忆,回忆录,huí yì lù,hồi ký,7
忆,记忆犹新,jì yì yóu xīn,vẫn còn mới trong trí nhớ,7
忌,忌讳,jì huì,kiêng kỵ,4
忌,妒忌,dù jì,ghen tị,7
忌,忌口,jì kǒu,kiêng ăn,7
忌,禁忌,jìn jì,"kiêng kỵ, tránh",7
忍,忍不住,rěn bu zhù,không thể chịu nổi,2
忍,容忍,róng rěn,chịu đựng,6
忍,忍受,rěn shòu,chịu đựng,6
忍,忍耐,rěn nài,kiềm chế bản thân,6
忍,残忍,cán rěn,tàn nhẫn,6
忍,忍心,rěn xīn,nhẫn tâm,7
忍,忍饥挨饿,rěn jī ái è,đói lả,7
志,杂志,zá zhì,tạp chí,1
志,志愿,zhì yuàn,"nguyện vọng, ước muốn",3
志,意志,yì zhì,ý chí,3
志,志愿者,zhì yuàn zhě,tình nguyện viên,3
志,标志,biāo zhì,biểu tượng; tượng trưng,4
志,同志,tóng zhì,đồng chí,6
志,志气,zhì qì,hoài bão,6
志,励志,lì zhì,khuyến khích,7
志,斗志,dòu zhì,tinh thần chiến đấu,7
志,众志成城,zhòng zhì chéng chéng,đoàn kết là thành trì không thể phá vỡ,7
志愿,志愿者,zhì yuàn zhě,tình nguyện viên,3
忘,忘记,wàng jì,quên,1
忘,难忘,nán wàng,không thể quên,2
忘,忘本,wàng běn,Quên nguồn gốc; quên bản chất,4
忘,忘掉,wàng diào,quên,7
忘,遗忘,yí wàng,quên,7
忘,忘不了,wàng bu liǎo,không quên được,7
忘,废寝忘食,fèi qǐn wàng shí,bỏ ngủ quên ăn,7
忘,念念不忘,niàn niàn bù wàng,không bao giờ quên,7
忘,淡忘,dàn wàng,"dần quên, phai nhạt (ký ức)",8
忙,帮忙,bāng máng,giúp đỡ,1
忙,忙碌,máng lù,bận rộn,2
忙,急忙,jí máng,vội vàng,2
忙,连忙,lián máng,vội vàng,3
忙,繁忙,fán máng,bận rộn,6
忙,赶忙,gǎn máng,vội vàng,6
忙,匆忙,cōng máng,vội vàng,7
忙,忙乱,máng luàn,bận rộn và lộn xộn,7
忙,忙活,máng huo,làm việc khẩn cấp,7
忙,忙不迭,máng bù dié,"Vội vàng, cuống quýt, không kịp ngơi tay",7
忠,忠实,zhōng shí,trung thành và đáng tin cậy,6
忠,忠心,zhōng xīn,trung thành,6
忠,忠诚,zhōng chéng,trung thành,6
忠,忠于,zhōng yú,trung thành với,7
忠,忠贞,zhōng zhēn,trung thành,7
忧,忧郁,yōu yù,sầu muộn,6
忧,担忧,dān yōu,lo lắng,6
忧,后顾之忧,hòu gù zhī yōu,lo lắng ở nhà,6
忧,无忧无虑,wú yōu wú lǜ,vô lo vô nghĩ,6
忧,忧愁,yōu chóu,lo lắng,7
忧,忧虑,yōu lǜ,lo lắng,7
忧,饱经忧患,bǎo jīng yōu huàn,"Đã trải qua nhiều đau khổ, sóng gió",7
快,快乐,kuài lè,vui vẻ,1
快,快要,kuài yào,sắp,1
快,凉快,liáng kuai,mát mẻ,2
快,快餐,kuài cān,thức ăn nhanh,2
快,愉快,yú kuài,vui vẻ,2
快,痛快,tòng kuai,vui sướng,2
快,快点儿,kuài diǎnr,nhanh lên!,2
快,加快,jiā kuài,đẩy nhanh,3
快,快速,kuài sù,nhanh chóng,3
快,赶快,gǎn kuài,"ngay lập tức, nhanh chóng",3
快,尽快,jǐn kuài,càng sớm càng tốt,4
快,快递,kuài dì,giao hàng nhanh,4
快,快活,kuài huo,vui vẻ,6
快,快车,kuài chē,tàu nhanh,6
快,特快,tè kuài,tàu tốc hành,6
念,想念,xiǎng niàn,nhớ,1
念,怀念,huái niàn,nhớ,2
念,留念,liú niàn,giữ làm kỷ niệm,2
念,概念,gài niàn,khái niệm,3
念,纪念,jì niàn,kỷ niệm,3
念,观念,guān niàn,"khái niệm, ý tưởng",5
念,思念,sī niàn,nhớ,6
念,悬念,xuán niàn,lo lắng,6
念,念书,niàn shū,học tập,7
念,念头,niàn tou,suy nghĩ,7
念,悼念,dào niàn,tưởng niệm,7
念,挂念,guà niàn,nhớ nhung,7
念,理念,lǐ niàn,khái niệm,7
念,纪念日,jì niàn rì,ngày kỷ niệm,7
念,纪念碑,jì niàn bēi,đài tưởng niệm,7
忽,忽然,hū rán,đột nhiên,2
忽,忽略,hū lüè,bỏ qua,3
忽,忽视,hū shì,bỏ qua,3
忽,疏忽,shū hu,"sơ suất, bỏ bê",6
忽,忽悠,hū you,lừa ai làm gì,7
忽,忽高忽低,hū gāo hū dī,lên và xuống,7
怀,怀念,huái niàn,nhớ,2
怀,怀疑,huái yí,nghi ngờ,2
怀,怀孕,huái yùn,mang thai,3
怀,满怀,mǎn huái,tràn đầy,4
怀,关怀,guān huái,quan tâm,6
怀,怀抱,huái bào,"ôm, bao trùm",7
怀,怀旧,huái jiù,hoài niệm,7
怀,怀着,huái zhe,tràn đầy,7
怀,怀里,huái lǐ,trong vòng tay,7
怀,情怀,qíng huái,tình cảm,7
怀,缅怀,miǎn huái,"nhớ lại, tưởng nhớ",7
怀,胸怀,xiōng huái,tâm hồn,8
态,态度,tài du,thái độ,2
态,状态,zhuàng tài,trạng thái,3
态,生态平衡,shēng tài píng héng,Cân bằng sinh thái,3
态,姿态,zī tài,"tư thế, thái độ",4
态,心态,xīn tài,tâm trạng,5
态,生态,shēng tài,sinh thái,5
态,事态,shì tài,tình trạng,6
态,动态,dòng tài,trạng thái động,6
态,形态,xíng tài,hình dạng,6
态,表态,biǎo tài,bày tỏ lập trường,6
态,常态,cháng tài,bình thường,7
态,神态,shén tài,"vẻ ngoài, biểu cảm",7
怅,满腹怅然,mǎn fù chàng rán,"Đầy bụng buồn bã, lòng đầy nỗi buồn man mác.",8
怎,怎么,zěn me,Sao? Tại sao?,1
怎,怎么样,zěn me yàng,Thế nào?,1
怎,怎样,zěn yàng,như thế nào?,2
怎,怎么了,zěn me le,bị làm sao; sao thế,2
怎,怎么办,zěn me bàn,làm thế nào?,2
怎,不怎么,bù zěn me,không nhiều lắm,6
怎,不怎么样,bù zěn me yàng,bình thường,6
怎么,怎么样,zěn me yàng,Thế nào?,1
怎么,怎么了,zěn me le,bị làm sao; sao thế,2
怎么,怎么办,zěn me bàn,làm thế nào?,2
怎么,不怎么,bù zěn me,không nhiều lắm,6
怎么,不怎么样,bù zěn me yàng,bình thường,6
怎么样,不怎么样,bù zěn me yàng,bình thường,6
怒,愤怒,fèn nù,phẫn nộ,3
怒,发怒,fā nù,nổi giận,6
怒,喜怒哀乐,xǐ nù āi lè,mọi cảm xúc của con người,7
怒,恼羞成怒,nǎo xiū chéng nù,giận tím người,7
怕,可怕,kě pà,đáng sợ,2
怕,害怕,hài pà,sợ hãi,3
怕,恐怕,kǒng pà,e rằng,3
怕,哪怕,nǎ pà,ngay cả khi,4
怕,生怕,shēng pà,sợ rằng,7
怖,恐怖,kǒng bù,kinh dị,3
怜,可怜,kě lián,đáng thương,4
怜,怜惜,lián xī,thương hại,7
思,有意思,yǒu yì si,thú vị,1
思,没意思,méi yì si,chán,1
思,不好意思,bù hǎo yì si,xấu hổ,1
思,意思,yì si,ý nghĩa,2
思,思想,sī xiǎng,tư tưởng,3
思,思考,sī kǎo,"nghĩ sâu sắc, cân nhắc",4
思,思维,sī wéi,suy nghĩ,5
思,不假思索,bù jiǎ sī suǒ,không cần suy nghĩ,5
思,反思,fǎn sī,xem xét lại,6
思,思念,sī niàn,nhớ,6
思,思索,sī suǒ,suy nghĩ sâu sắc,6
思,构思,gòu sī,lên kế hoạch,6
思,不可思议,bù kě sī yì,không thể tưởng tượng nổi,6
思,心思,xīn si,suy nghĩ,7
思,思路,sī lù,dòng suy nghĩ,7
思索,不假思索,bù jiǎ sī suǒ,không cần suy nghĩ,5
怠,怠慢,dài màn,"lạnh nhạt, thờ ơ",6
怠,倦怠,juàn dài,"Mệt mỏi rã rời, uể oải, chán nản",7
怠,怠工,dài gōng,phá hoại,7
怡,怡然自得,yí rán zì dé,với vẻ mặt hài lòng,7
急,着急,zháo jí,lo lắng,1
急,急忙,jí máng,vội vàng,2
急,急诊,jí zhěn,cấp cứu,5
急,紧急,jǐn jí,khẩn cấp,5
急,应急,yìng jí,khẩn cấp,6
急,急切,jí qiè,vội vàng,6
急,急剧,jí jù,nhanh chóng,6
急,急救,jí jiù,sơ cứu,6
急,焦急,jiāo jí,lo lắng,6
急,急于求成,jí yú qiú chéng,nôn nóng đạt kết quả,6
急,急功近利,jí gōng jìn lì,tìm kiếm thành công nhanh chóng và lợi ích tức thì,6
急,危急,wēi jí,nguy hiểm cận kề,7
急,急于,jí yú,nôn nóng,7
急,急性,jí xìng,cấp tính,7
急,急迫,jí pò,khẩn cấp,7
急于,急于求成,jí yú qiú chéng,nôn nóng đạt kết quả,6
性,性格,xìng gé,tính cách,2
性,个性,gè xìng,cá tính,3
性,弹性,tán xìng,tính đàn hồi,3
性,性别,xìng bié,giới tính,3
性,碱性,jiǎn xìng,"tính kiềm, có tính kiềm",3
性,酸性,suān xìng,"tính axit, có tính axit",3
性,定性,dìng xìng,định tính; xác định bản chất/thuộc tính,4
性,性质,xìng zhì,tính chất,4
性,野性,yě xìng,"Hoang dã, bản năng hoang dã",4
性,人性,rén xìng,bản tính con người,5
性,任性,rèn xìng,bướng bỉnh,6
性,性命,xìng mìng,sinh mạng,6
性,性感,xìng gǎn,Gợi cảm; Tính dục,6
性,性能,xìng néng,chức năng,6
性,慢性,màn xìng,mãn tính,6
怨,抱怨,bào yuàn,phàn nàn,3
怨,埋怨,mán yuàn,phàn nàn,6
怨,怨恨,yuàn hèn,oán hận,7
怨,怨气,yuàn qì,lời phàn nàn,7
怨,怨言,yuàn yán,lời phàn nàn,7
怨,恩怨,ēn yuàn,ân oán,7
怪,奇怪,qí guài,lạ lùng; ngạc nhiên,2
怪,大惊小怪,dà jīng xiǎo guài,làm to chuyện,3
怪,怪物,guài wu,quái vật,5
怪,难怪,nán guài,không có gì ngạc nhiên,5
怪,古怪,gǔ guài,lập dị,6
怪,作怪,zuò guài,"làm trò quái, gây chuyện, quấy phá",7
怪,妖怪,yāo guài,yêu quái,7
怪,怪异,guài yì,kỳ quái,7
怪,责怪,zé guài,đổ lỗi,7
怪,怪不得,guài bu de,thảo nào,7
怪,光怪陆离,guāng guài lù lí,"kỳ quái đa dạng, muôn hình vạn trạng, đủ mọi vẻ kỳ lạ",7
怯,胆怯,dǎn qiè,nhút nhát,6
总,总是,zǒng shì,luôn luôn,2
总,总结,zǒng jié,tóm tắt,3
总,总之,zǒng zhī,tóm lại,4
总,总共,zǒng gòng,tất cả,4
总,总理,zǒng lǐ,thủ tướng,4
总,总统,zǒng tǒng,tổng thống,4
总,总数,zǒng shù,tổng số,5
总,总裁,zǒng cái,chủ tịch,5
总,总和,zǒng hé,"tổng cộng, tổng số, tổng hòa",6
总,总监,zǒng jiān,tổng thanh tra,6
总,总部,zǒng bù,trụ sở,6
总,总量,zǒng liàng,tổng lượng,6
总,总经理,zǒng jīng lǐ,tổng giám đốc,6
总,总而言之,zǒng ér yán zhī,nói tóm lại,6
总,总计,zǒng jì,tổng cộng,7
恋,失恋,shī liàn,thất tình,5
恋,恋爱,liàn'ài,tình yêu,5
恋,恋人,liàn rén,Người yêu,6
恋,留恋,liú liàn,luyến tiếc,7
恋,迷恋,mí liàn,mê mẩn,7
恋,恋恋不舍,liàn liàn bù shě,không nỡ rời,7
恍,恍然大悟,huǎng rán dà wù,đột nhiên nhận ra,6
恍,恍惚,huǎng hū,"Mơ hồ, lơ mơ, ngơ ngác",7
恐,恐怕,kǒng pà,e rằng,3
恐,恐怖,kǒng bù,kinh dị,3
恐,恐吓,kǒng hè,"đe dọa, khủng bố",6
恐,恐惧,kǒng jù,sợ hãi,6
恐,恐慌,kǒng huāng,hoảng loạn,7
恐,恐龙,kǒng lóng,khủng long,7
恐,争先恐后,zhēng xiān kǒng hòu,tranh nhau cố gắng để trở thành người đầu tiên,7
恒,永恒,yǒng héng,vĩnh cửu,6
恒,持之以恒,chí zhī yǐ héng,kiên trì,7
恕,饶恕,ráo shù,tha thứ,6
恕,宽恕,kuān shù,tha thứ,7
恢,恢复,huī fù,phục hồi,5
恤,抚恤,fǔ xù,phúng viếng,7
恨,恨不得,hèn bu de,mong muốn,3
恨,仇恨,chóu hèn,căm thù,7
恨,怨恨,yuàn hèn,oán hận,7
恨,恨意,hèn yì,"Hận ý, lòng căm thù",7
恨,悔恨,huǐ hèn,hối hận sâu sắc,7
恨,憎恨,zēng hèn,"căm ghét, hận thù",8
恩,恩爱,ēn ài,"ân ái, yêu thương (vợ chồng)",5
恩,恩怨,ēn yuàn,ân oán,7
恩,恩情,ēn qíng,ân tình,7
恩,恩惠,ēn huì,ân huệ,7
恩,恩赐,ēn cì,ban phước,7
恩,感恩,gǎn'ēn,biết ơn,7
恭,恭敬,gōng jìng,cung kính,3
恭,恭喜,gōng xǐ,chúc mừng,5
恭,恭维,gōng wéi,nịnh bợ,7
息,休息,xiū xi,nghỉ ngơi,1
息,信息,xìn xī,thông tin,2
息,消息,xiāo xi,tin tức,2
息,利息,lì xī,lãi suất,4
息,生息,shēng xī,"sinh sống, tồn tại; sinh lợi, lãi suất",4
息,讯息,xùn xī,"tin tức, thông tin, thông điệp",4
息,作息,zuò xī,làm việc và nghỉ ngơi,6
息,川流不息,chuān liú bù xī,dòng chảy không dừng,6
息,出息,chū xi,triển vọng,7
息,喘息,chuǎn xī,thở hổn hển,7
息,平息,píng xī,lắng xuống,7
息,气息,qì xī,không khí,7
息,窒息,zhì xī,nghẹt thở,7
息,奄奄一息,yǎn yǎn yī xī,"Thoi thóp, hấp hối, gần chết",7
息,息息相关,xī xī xiāng guān,liên quan mật thiết,7
恰,恰恰,qià qià,chính xác,3
恰,恰好,qià hǎo,vừa đúng,6
恰,恰巧,qià qiǎo,vừa đúng lúc,6
恰,恰当,qià dàng,thích hợp,6
恰,恰到好处,qià dào hǎo chù,vừa đủ,7
恰,恰如其分,qià rú qí fèn,thích hợp,7
恰,恰恰相反,qià qià xiāng fǎn,hoàn toàn ngược lại,7
恰恰,恰恰相反,qià qià xiāng fǎn,hoàn toàn ngược lại,7
恳,诚恳,chéng kěn,chân thành,5
恳,恳切,kěn qiè,thành thật,6
恳,恳求,kěn qiú,cầu khẩn,7
恶,恶劣,è liè,ghê tởm,3
恶,恶心,ě xīn,buồn nôn,4
恶,邪恶,xié è,xấu xa,4
恶,恶作剧,è zuò jù,"trò đùa tai quái, trò tinh quái, trò nghịch ngợm",4
恶,厌恶,yàn wù,ghét,6
恶,可恶,kě wù,đáng ghét,6
恶,恶化,è huà,xấu đi,6
恶,罪恶,zuì'è,"tội ác, ác độc",6
恶,丑恶,chǒu'è,xấu xí,7
恶,凶恶,xiōng'è,hung ác,7
恶,恶性,è xìng,ác tính,7
恶,恶意,è yì,ác ý,7
恶,无恶不作,wú è bù zuò,sẵn sàng làm mọi điều ác,7
恼,苦恼,kǔ nǎo,phiền muộn,2
恼,烦恼,fánnǎo,lo lắng,4
恼,恼火,nǎo huǒ,tức giận,6
恼,恼羞成怒,nǎo xiū chéng nù,giận tím người,7
悄,悄悄,qiāo qiāo,lặng lẽ,2
悉,熟悉,shú xī,quen thuộc,1
悉,据悉,jù xī,được báo cáo,6
悉,获悉,huò xī,nhận được thông tin,7
悔,后悔,hòu huǐ,hối hận,2
悔,悔恨,huǐ hèn,hối hận sâu sắc,7
悔,懊悔,ào huǐ,"hối hận, ăn năn, ân hận",7
悟,领悟,lǐng wù,hiểu,3
悟,觉悟,jué wù,"hiểu ra, nhận thức",6
悟,恍然大悟,huǎng rán dà wù,đột nhiên nhận ra,6
悟,醒悟,xǐng wù,tỉnh ngộ,7
悠,悠然,yōu rán,"nhàn nhã, thong dong, ung dung",4
悠,悠久,yōu jiǔ,lâu dài,5
悠,悠悠,yōu yōu,"xa xăm, lững lờ, nhẹ nhàng",5
悠,忽悠,hū you,lừa ai làm gì,7
悠,悠闲,yōu xián,thong thả,7
悠,转悠,zhuǎn you,quay vòng,7
患,隐患,yǐn huàn,nguy cơ tiềm ẩn,3
患,患难与共,huàn nàn yǔ gòng,cùng chung hoạn nạn,5
患,患者,huàn zhě,bệnh nhân,6
患,患有,huàn yǒu,bị mắc phải,7
患,患病,huàn bìng,bị bệnh,7
患,饱经忧患,bǎo jīng yōu huàn,"Đã trải qua nhiều đau khổ, sóng gió",7
悦,赏心悦目,shǎng xīn yuè mù,"làm hài lòng (mắt và lòng), đẹp mắt, thích mắt",5
悦,喜悦,xǐ yuè,vui sướng,6
悦,悦耳,yuè'ěr,dễ nghe,7
悦,欢悦,huān yuè,"Vui sướng, hân hoan",7
悬,悬念,xuán niàn,lo lắng,6
悬,悬挂,xuán guà,treo,6
悬,悬殊,xuán shū,chênh lệch lớn,6
悬,悬崖峭壁,xuán yá qiào bì,vách đá dốc đứng,6
悬,悬崖,xuán yá,vách đá,7
悬崖,悬崖峭壁,xuán yá qiào bì,vách đá dốc đứng,6
悲,悲伤,bēi shāng,buồn,3
悲,慈悲,cí bēi,Từ bi,3
悲,悲剧,bēi jù,bi kịch,5
悲,悲哀,bēi'āi,đau buồn,6
悲,悲惨,bēi cǎn,bi thảm,6
悲,悲观,bēi guān,bi quan,6
悲,乐极生悲,lè jí shēng bēi,Vui quá hóa buồn,6
悲,可悲,kě bēi,đáng thương,7
悲,悲壮,bēi zhuàng,"Bi tráng, bi hùng (vừa bi ai vừa hào hùng, mạnh mẽ)",7
悲,悲痛,bēi tòng,"đau buồn, sầu khổ",7
悲,悲欢离合,bēi huān lí hé,những thăng trầm của cuộc sống,7
悻,悻悻,xìng xìng,"Giận dỗi, hậm hực, không vui",7
悼,追悼,zhuī dào,tưởng niệm,6
悼,悼念,dào niàn,tưởng niệm,7
悼,追悼会,zhuī dào huì,cuộc họp tưởng niệm,7
情,热情,rè qíng,nhiệt tình,1
情,事情,shì qing,"việc, sự kiện",2
情,心情,xīn qíng,tâm trạng,2
情,情况,qíng kuàng,tình hình,2
情,爱情,ài qíng,tình yêu,2
情,爱情片,ài qíng piàn,phim tình cảm,2
情,尽情,jìn qíng,thỏa thích,3
情,情感,qíng gǎn,tình cảm,3
情,感情,gǎn qíng,cảm xúc,3
情,神情,shén qíng,vẻ mặt,3
情,同情,tóng qíng,thông cảm,4
情,情景,qíng jǐng,tình huống,4
情,表情,biǎo qíng,biểu hiện,4
情,情人,qíng rén,người yêu,5
情,情侣,qíng lǚ,người yêu,5
情愿,心甘情愿,xīn gān qíng yuàn,"cam tâm tình nguyện, hết lòng hết dạ",6
惊,惊讶,jīng yà,ngạc nhiên,2
惊,惊呼,jīng hū,"kinh ngạc kêu lên, thốt lên",3
惊,大惊小怪,dà jīng xiǎo guài,làm to chuyện,3
惊,吃惊,chī jǐng,bị bất ngờ,4
惊,惊喜,jīng xǐ,ngạc nhiên,5
惊,惊天动地,jīng tiān dòng dì,tuyệt vời,5
惊,惊人,jīng rén,ngạc nhiên,6
惊,震惊,zhèn jīng,kinh ngạc,6
惊,受惊,shòu jīng,sợ hãi,7
惊,惊叹,jīng tàn,kinh ngạc,7
惊,惊奇,jīng qí,kinh ngạc,7
惊,惊慌,jīng huāng,hoảng loạn,7
惊,惊醒,jīng xǐng,tỉnh giấc đột ngột,7
惊,惊险,jīng xiǎn,hồi hộp,7
惊,大吃一惊,dà chī yī jīng,rất ngạc nhiên,7
惊慌,惊慌失措,jīng huāng shī cuò,hoảng loạn,7
惋,惋惜,wàn xī,cảm thấy tiếc nuối,7
惑,困惑,kùn huò,bối rối,3
惑,诱惑,yòu huò,dụ dỗ; cám dỗ,6
惑,迷惑,mí huò,gây bối rối,6
惑,疑惑,yí huò,hoài nghi,7
惑,迷惑不解,mí huò bù jiě,bối rối,7
惕,警惕,jǐng tì,cảnh giác,6
惚,恍惚,huǎng hū,"Mơ hồ, lơ mơ, ngơ ngác",7
惜,可惜,kě xī,đáng tiếc,4
惜,爱惜,ài xī,trân trọng,5
惜,珍惜,zhēn xī,quý trọng,5
惜,不惜,bù xī,không tiếc,6
惜,怜惜,lián xī,thương hại,7
惜,惋惜,wàn xī,cảm thấy tiếc nuối,7
惠,实惠,shí huì,hữu ích,2
惠,优惠,yōu huì,ưu đãi,5
惠,恩惠,ēn huì,ân huệ,7
惦,惦记,diàn jì,nhớ lại,3
惧,恐惧,kǒng jù,sợ hãi,6
惧,畏惧,wèi jù,sợ hãi,7
惨,惨痛,cǎn tòng,đau đớn,3
惨,悲惨,bēi cǎn,bi thảm,6
惨,惨白,cǎn bái,tái nhợt,7
惨,惨重,cǎn zhòng,thảm khốc,7
惩,惩罚,chéng fá,trừng phạt,6
惩,惩处,chéng chǔ,xử lý,7
惫,疲惫,pí bèi,"kiệt sức, mệt mỏi",7
惫,疲惫不堪,pí bèi bù kān,kiệt sức,7
惭,惭愧,cán kuì,xấu hổ,5
惯,习惯,xí guàn,thói quen; quen thuộc,1
惯,惯例,guàn lì,thông lệ,6
惯,娇惯,jiāo guàn,được nuông chiều,7
惯,惯性,guànxìng,"quán tính, thói quen",7
惯,司空见惯,sī kōng jiàn guàn,chuyện thường gặp,7
惰,懒惰,lǎn duò,lười biếng,6
想,想念,xiǎng niàn,nhớ,1
想,想到,xiǎng dào,nghĩ đến,2
想,想法,xiǎng fǎ,ý tưởng,2
想,想起,xiǎng qǐ,nhớ lại,2
想,理想,lǐ xiǎng,lý tưởng,2
想,思想,sī xiǎng,tư tưởng,3
想,想象,xiǎng xiàng,tưởng tượng; sự tưởng tượng,4
想,梦想,mèng xiǎng,mơ ước,4
想,遐想,xiá xiǎng,"Hư tưởng, mơ mộng hão huyền",4
想,没想到,méi xiǎng dào,bất ngờ,4
想,幻想,huàn xiǎng,ảo tưởng,5
想,感想,gǎn xiǎng,ấn tượng,5
想,着想,zhuó xiǎng,suy nghĩ,6
想,空想,kōng xiǎng,ảo tưởng; tưởng tượng,6
想,设想,shè xiǎng,giả định; kế hoạch sơ bộ,6
想不到,意想不到,yì xiǎng bù dào,bất ngờ,6
想到,没想到,méi xiǎng dào,bất ngờ,4
想象,难以想象,nán yǐ xiǎng xiàng,không thể tưởng tượng được,7
惹,惹祸,rě huò,gây rắc rối,6
愁,发愁,fā chóu,lo lắng,5
愁,忧愁,yōu chóu,lo lắng,7
愁,犯愁,fàn chóu,lo lắng,7
愁,愁眉苦脸,chóu méi kǔ liǎn,mặt mày ủ rũ,7
愈,愈合,yù hé,lành lại,7
愈,治愈,zhì yù,chữa khỏi,7
愈,愈来愈,yù lái yù,ngày càng,7
愈,愈演愈烈,yù yǎn yù liè,ngày càng dữ dội,7
愉,愉快,yú kuài,vui vẻ,2
意,主意,zhǔ yì,"ý kiến, ý tưởng",1
意,同意,tóng yì,đồng ý,1
意,心意,xīn yì,"ý định, tâm ý",1
意,意见,yì jiàn,"phàn nàn, phản đối",1
意,有意思,yǒu yì si,thú vị,1
意,没意思,méi yì si,chán,1
意,没意见,méi yì jiàn,"Không có ý kiến gì, đồng ý",1
意,不好意思,bù hǎo yì si,xấu hổ,1
意,意思,yì si,ý nghĩa,2
意,愿意,yuàn yì,sẵn lòng,2
意,故意,gù yì,cố ý,2
意,注意,zhù yì,chú ý,2
意,满意,mǎn yì,hài lòng,2
意,生意,shēng yi,"kinh doanh, buôn bán",2
意,意义,yì yì,ý nghĩa,3
意义,有意义,yǒu yì yì,Có ý nghĩa,3
意味,意味着,yì wèi zhe,nghĩa là,5
意思,有意思,yǒu yì si,thú vị,1
意思,没意思,méi yì si,chán,1
意思,不好意思,bù hǎo yì si,xấu hổ,1
意料,出人意料,chū rén yì liào,ngoài dự đoán,7
意料,意料之外,yì liào zhī wài,bất ngờ,7
意见,没意见,méi yì jiàn,"Không có ý kiến gì, đồng ý",1
意识,下意识,xià yì shí,tự động,7
愚,愚昧,yú mèi,ngu muội,6
愚,愚笨,yú bèn,"Ngu dốt, đần độn",6
愚,愚蠢,yú chǔn,"ngu ngốc, ngớ ngẩn",6
愚,愚公移山,yú gōng yí shān,có chí thì nên,7
感,感冒,gǎn mào,cảm; bị cảm,1
感,感兴趣,gǎn xìng qù,quan tâm đến,1
感,感到,gǎn dào,cảm thấy,2
感,感动,gǎn dòng,cảm động,2
感,感觉,gǎn jué,cảm giác,2
感,感谢,gǎn xiè,cảm ơn,2
感,情感,qíng gǎn,tình cảm,3
感,感受,gǎn shòu,cảm nhận,3
感,感情,gǎn qíng,cảm xúc,3
感,感想,gǎn xiǎng,ấn tượng,5
感,感激,gǎn jī,cảm kích,5
感,敏感,mǐn gǎn,nhạy cảm,5
感,知感,zhī gǎn,"tri giác, nhận thức",5
感,反感,fǎn gǎn,ác cảm,6
感,性感,xìng gǎn,Gợi cảm; Tính dục,6
感染,感染力,gǎn rǎn lì,sức ảnh hưởng,7
愣,发愣,fā lèng,nhìn chằm chằm,7
愤,愤怒,fèn nù,phẫn nộ,3
愤,气愤,qì fèn,tức giận,7
愤,发愤图强,fā fèn tú qiáng,quyết tâm thành công,7
愧,惭愧,cán kuì,xấu hổ,5
愧,不愧,bù kuì,xứng đáng,6
愧,无愧,wú kuì,"Không hổ thẹn, không hổ danh, xứng đáng",7
愧,羞愧,xiū kuì,xấu hổ,7
愿,愿意,yuàn yì,sẵn lòng,2
愿,愿望,yuàn wàng,mong muốn,2
愿,志愿,zhì yuàn,"nguyện vọng, ước muốn",3
愿,志愿者,zhì yuàn zhě,tình nguyện viên,3
愿,自愿,zì yuàn,tự nguyện,5
愿,请愿书,qǐng yuàn shū,"đơn thỉnh cầu, kiến nghị thư",5
愿,宁愿,nìng yuàn,thà,6
愿,心愿,xīn yuàn,mong muốn,6
愿,意愿,yì yuàn,nguyện vọng,6
愿,祝愿,zhù yuàn,chúc,6
愿,心甘情愿,xīn gān qíng yuàn,"cam tâm tình nguyện, hết lòng hết dạ",6
愿,但愿,dàn yuàn,chỉ mong,7
愿,情愿,qíng yuàn,sẵn lòng,7
愿,遗愿,yí yuàn,di nguyện,7
愿,如愿以偿,rú yuàn yǐ cháng,hoàn thành ước nguyện,7
慈,慈悲,cí bēi,Từ bi,3
慈,仁慈,rén cí,nhân từ,6
慈,慈善,cí shàn,từ thiện,6
慈,慈祥,cí xiáng,hiền từ,6
慌,慌张,huāng zhāng,bối rối,5
慌,心慌,xīn huāng,bối rối,7
慌,恐慌,kǒng huāng,hoảng loạn,7
慌,惊慌,jīng huāng,hoảng loạn,7
慌,慌乱,huāng luàn,hoảng loạn,7
慌,惊慌失措,jīng huāng shī cuò,hoảng loạn,7
慎,谨慎,jǐn shèn,cẩn thận,5
慎,慎重,shèn zhòng,cẩn thận,6
慎,不慎,bù shèn,không thận trọng,7
慑,威慑,wēi shè,đe dọa,7
慑,震慑,zhèn shè,"Uy hiếp, chấn động và làm sợ hãi, răn đe",8
慕,羡慕,xiàn mù,ngưỡng mộ,2
慢,慢慢,màn màn,chậm,3
慢,怠慢,dài màn,"lạnh nhạt, thờ ơ",6
慢,慢性,màn xìng,mãn tính,6
慢,慢车,màn chē,tàu chậm,6
慢,傲慢,ào màn,kiêu ngạo,7
慢,缓慢,huǎn màn,chậm,7
慢,慢慢来,màn màn lái,từ từ thôi,7
慢慢,慢慢来,màn màn lái,từ từ thôi,7
慧,智慧,zhì huì,trí tuệ,5
慨,感慨,gǎn kǎi,thở dài cảm xúc,6
慨,慷慨,kāng kǎi,nhiệt tình,7
慰,抚慰,fǔ wèi,"an ủi, vỗ về",4
慰,安慰,ān wèi,an ủi,5
慰,慰问,wèi wèn,thăm hỏi,6
慰,欣慰,xīn wèi,hài lòng,6
慷,慷慨,kāng kǎi,nhiệt tình,7
憎,憎恨,zēng hèn,"căm ghét, hận thù",8
憾,遗憾,yí hàn,hối tiếc,2
懂,懂得,dǒng dé,hiểu,2
懂,懂事,dǒng shì,thông minh,7
懈,不懈,bù xiè,không ngừng nghỉ,7
懈,坚持不懈,jiān chí bù xiè,không ngừng,7
懊,懊悔,ào huǐ,"hối hận, ăn năn, ân hận",7
懒,偷懒,tōu lǎn,lười biếng,1
懒,睡懒觉,shuì lǎn jiào,"ngủ nướng, ngủ dậy muộn",1
懒,懒惰,lǎn duò,lười biếng,6
懒,懒得,lǎn de,lười biếng,7
戈,干戈,gān gē,vũ khí,7
戈,戈壁,gē bì,Sa mạc Gobi,7
戏,游戏,yóu xì,trò chơi,2
戏,做戏,zuò xì,"diễn kịch; làm ra vẻ, giả vờ",4
戏,变戏法,biàn xì fǎ,"Biểu diễn ảo thuật, làm trò ảo thuật",4
戏,戏剧,xì jù,"kịch, vở kịch",5
戏,戏曲,xì qǔ,kinh kịch,6
戏,游戏机,yóu xì jī,máy chơi game,6
戏,戏法,xì fǎ,"Trò ảo thuật, trò khéo léo, mánh khóe",7
戏,戏言,xì yán,"Lời nói đùa, lời nói giỡn",7
戏,拍戏,pāi xì,quay phim,7
戏,演戏,yǎn xì,diễn kịch,7
戏,马戏,mǎ xì,xiếc,7
戏法,变戏法,biàn xì fǎ,"Biểu diễn ảo thuật, làm trò ảo thuật",4
成,变成,biàn chéng,trở thành,2
成,完成,wán chéng,hoàn thành,2
成,成为,chéng wéi,trở thành,2
成,成功,chéng gōng,thành công,2
成,成绩,chéng jì,thành tích,2
成,组成,zǔ chéng,cấu thành,2
成,成绩单,chéng jì dān,"Bảng điểm, phiếu báo kết quả học tập.",2
成,建成,jiàn chéng,thiết lập,3
成,形成,xíng chéng,hình thành,3
成,成员,chéng yuán,thành viên,3
成,成就,chéng jiù,thành tựu,3
成,成果,chéng guǒ,thành quả,3
成,成熟,chéng shú,trưởng thành,3
成,成立,chéng lì,thành lập,3
成,成长,chéng zhǎng,trưởng thành,3
成年,未成年人,wèi chéng nián rén,người chưa thành niên,7
成章,出口成章,chū kǒu chéng zhāng,nói ra thành văn,7
成章,顺理成章,shùn lǐ chéng zhāng,hợp lý,7
成绩,成绩单,chéng jì dān,"Bảng điểm, phiếu báo kết quả học tập.",2
我,我们,wǒ men,chúng tôi,1
我,自我,zì wǒ,tự mình,6
戒,戒烟,jiè yān,bỏ thuốc lá,2
戒,戒指,jiè zhi,nhẫn,4
戒,戒备,jiè bèi,cảnh giác,6
戒,受戒,shòu jiè,Thụ giới (trong Phật giáo),7
或,或者,huò zhě,hoặc,2
或,或许,huò xǔ,có lẽ,4
或,抑或,yì huò,"Hay là, hoặc là",7
或,或多或少,huò duō huò shǎo,nhiều hay ít,7
战,挑战,tiǎo zhàn,thách thức; thách đấu,3
战,战争,zhàn zhēng,chiến tranh,4
战,战士,zhàn shì,chiến binh,4
战,战斗,zhàn dòu,chiến đấu,4
战,战胜,zhàn shèng,chinh phục,4
战,抗战,kàng zhàn,Kháng chiến,4
战,作战,zuò zhàn,chiến đấu,5
战,战友,zhàn yǒu,đồng đội,6
战,战场,zhàn chǎng,chiến trường,6
战,战役,zhàn yì,chiến dịch,6
战,战术,zhàn shù,chiến thuật,6
战,战略,zhàn lüè,chiến lược; chiến lược,6
战,冷战,lěng zhàn,chiến tranh lạnh,7
战,好战,hào zhàn,"hiếu chiến, thích chiến tranh",7
戚,亲戚,qīn qi,họ hàng,1
截,截止,jié zhǐ,dừng lại,6
截,截至,jié zhì,đến,6
截,斩钉截铁,zhǎn dīng jié tiě,quyết đoán và dứt khoát,6
截,截然不同,jié rán bù tóng,hoàn toàn khác biệt,7
戳,戳穿,chuō chuān,"vạch trần, đâm thủng",7
戴,爱戴,ài dài,yêu thương và tôn trọng,6
戴,北戴河,Běi dài hé,Bắc Đới Hà (tên địa danh),6
戴,穿戴,chuān dài,"Mặc, trang bị, ăn mặc",7
户,窗户,chuāng hu,cửa sổ,2
户,用户,yòng hù,người dùng,5
户,账户,zhàng hù,tài khoản,5
户,客户,kè hù,khách hàng,6
户,户外,hù wài,ngoài trời,6
户,家喻户晓,jiā yù hù xiǎo,nổi tiếng,6
户,住户,zhù hù,hộ gia đình,7
户,落户,luò hù,định cư,7
户,千家万户,qiān jiā wàn hù,mọi nhà,7
户,家家户户,jiā jiā hù hù,mỗi gia đình,7
户,挨家挨户,āi jiā āi hù,từng nhà,7
户,门当户对,mén dāng hù duì,môn đăng hộ đối,7
房,房子,fáng zi,"nhà, căn hộ",1
房,房间,fáng jiān,phòng,1
房,住房,zhù fáng,nhà ở,2
房,厨房,chú fáng,nhà bếp,2
房,房东,fáng dōng,chủ nhà,2
房,房租,fáng zū,tiền thuê nhà,2
房,房屋,fáng wū,ngôi nhà,3
房,厢房,xiāng fáng,"phòng phụ, phòng cánh (ở hai bên nhà chính)",5
房,书房,shū fáng,phòng đọc sách,6
房,房价,fáng jià,giá nhà,6
房,楼房,lóu fáng,tòa nhà,6
房,病房,bìng fáng,buồng bệnh,6
房,客房,kè fáng,phòng khách,7
房,新房,xīn fáng,phòng tân hôn,7
房,票房,piào fáng,phòng vé,7
所,所以,suǒ yǐ,vì vậy,1
所,所有,suǒ yǒu,tất cả,2
所,场所,chǎng suǒ,nơi,3
所,所谓,suǒ wèi,cái gọi là,3
所,所长,suǒ zhǎng,trưởng phòng,3
所,众所周知,zhòng suǒ zhōu zhī,mọi người đều biết,3
所,理所当然,lǐ suǒ dāng rán,lẽ dĩ nhiên,3
所,厕所,cè suǒ,nhà vệ sinh,4
所,无所谓,wú suǒ wèi,không quan trọng,4
所,精诚所至金石为开,"jīng chéng suǒ zhì, jīn shí wéi kāi","có chí thì nên, có lòng thành sắt đá cũng mòn",5
所,所属,suǒ shǔ,thuộc về,7
所,有所,yǒu suǒ,"phần nào, đến một mức độ nào đó",7
所,诊所,zhěn suǒ,phòng khám,7
所,之所以,zhī suǒ yǐ,lý do tại sao,7
所,事务所,shì wù suǒ,văn phòng,7
所以,之所以,zhī suǒ yǐ,lý do tại sao,7
所有,一无所有,yī wú suǒ yǒu,không có gì,7
所谓,无所谓,wú suǒ wèi,không quan trọng,4
所长,一无所长,yī wú suǒ cháng,"Không có sở trường, không có tài cán gì.",8
扇,扇子,shàn zi,quạt giấy,2
手,手机,shǒu jī,điện thoại di động,1
手,洗手间,xǐ shǒu jiān,nhà vệ sinh,1
手,举手,jǔ shǒu,giơ tay,2
手,对手,duì shǒu,đối thủ,2
手,手续,shǒu xù,thủ tục,2
手,手表,shǒu biǎo,đồng hồ đeo tay,2
手,握手,wò shǒu,bắt tay,2
手,失手,shī shǒu,"lỡ tay, sơ suất; thất bại",3
手,手势,shǒu shì,cử chỉ,3
手,手指,shǒu zhǐ,ngón tay,3
手,歌手,gē shǒu,ca sĩ,3
手,选手,xuǎn shǒu,vận động viên,3
手,二手,èr shǒu,secondhand,4
手,分手,fēn shǒu,chia tay,4
手,手头,shǒu tóu,trong tay,4
手术,手术室,shǒu shù shì,phòng phẫu thuật,7
手续,手续费,shǒu xù fèi,phí dịch vụ,6
才,刚才,gāng cái,vừa rồi,1
才,人才,rén cái,người tài năng,3
才,才能,cái néng,"khả năng, tài năng",3
才,才艺,cái yì,"tài năng, tài lẻ, tài nghệ",5
才,才干,cái gàn,tài năng,6
才,口才,kǒu cái,hùng biện,7
才,成才,chéng cái,thành đạt,7
才,才华,cái huá,tài hoa,7
扎,扎啤,zhā pí,"Bia tươi, bia hơi",2
扎,扎实,zhā shi,vững chắc,6
扎,挣扎,zhēng zhá,vật lộn,6
扎,包扎,bāo zā,băng bó,7
扎,扎根,zhā gēn,bén rễ,7
扑,扑克,pū kè,bài poker,3
扑,红扑扑,hóng pū pū,"hồng, đỏ ửng",7
扑,扑面而来,pū miàn ér lái,"áp đảo, tràn ngập",7
打,打开,dǎ kāi,mở,1
打,打球,dǎ qiú,chơi bóng,1
打,打算,dǎ suàn,kế hoạch; dự định,1
打,打车,dǎ chē,đón xe,1
打,打针,dǎ zhēn,tiêm,1
打,打电话,dǎ diàn huà,gọi điện thoại,1
打,打印,dǎ yìn,in,2
打,打工,dǎ gōng,làm thêm,2
打,挨打,āi dǎ,bị đánh,2
打,打篮球,dǎ lánqiú,chơi bóng rổ,2
打,打包,dǎ bāo,đóng gói đồ ăn mang về,3
打,打听,dǎ ting,hỏi thăm,3
打,打嗝,dǎ gé,Nấc (chứng nấc cụt),3
打,打扫,dǎ sǎo,quét dọn,3
打,打架,dǎ jià,đánh nhau,3
打印,打印机,dǎ yìn jī,máy in,6
打折,打折扣,dǎ zhé kòu,"Giảm giá, chiết khấu; làm giảm giá trị, ảnh hưởng",7
托,摩托,mó tuō,xe máy,5
托,摩托车,mó tuō chē,xe máy,5
托,依托,yī tuō,phụ thuộc,6
托,托运,tuō yùn,gửi hàng,6
托,拜托,bài tuō,làm ơn,6
托,寄托,jì tuō,ủy thác,7
托,托付,tuō fù,giao phó,7
托,烘托,hōng tuō,làm nổi bật,7
托,衬托,chèn tuō,tương phản,7
扣,纽扣,niǔ kòu,nút,4
扣,纽扣儿,niǔ kòur,cúc áo,6
扣,回扣,huí kòu,hoa hồng,7
扣,扣押,kòu yā,giam giữ,7
扣,扣留,kòu liú,"giam giữ, bắt giữ",7
扣,扣除,kòu chú,khấu trừ,7
扣,折扣,zhé kòu,giảm giá,7
扣,打折扣,dǎ zhé kòu,"Giảm giá, chiết khấu; làm giảm giá trị, ảnh hưởng",7
扣,扣人心弦,kòu rén xīn xián,hấp dẫn,7
执,执拗,zhí niù,Bướng bỉnh; cố chấp; ngang bướng,4
执,执照,zhí zhào,giấy phép,5
执,执着,zhí zhuó,kiên trì,5
执,固执,gù zhí,bướng bỉnh,6
执,执行,zhí xíng,thực hiện,6
执,争执,zhēng zhí,tranh cãi,7
执,执意,zhí yì,nhất quyết,7
执,执法,zhí fǎ,thực thi pháp luật,7
扩,扩大,kuò dà,mở rộng,4
扩,扩展,kuò zhǎn,mở rộng,4
扩,扩充,kuò chōng,mở rộng,6
扩,扩散,kuò sàn,lan rộng,6
扩,扩建,kuò jiàn,mở rộng xây dựng,7
扩,扩张,kuò zhāng,mở rộng,7
扫,打扫,dǎ sǎo,quét dọn,3
扫,扫帚,sào zhou,Chổi,3
扫,扫兴,sǎo xìng,mất hứng,7
扫,扫墓,sǎo mù,tảo mộ,7
扫,扫描,sǎo miáo,quét,7
扫,扫除,sǎo chú,quét dọn,7
扬,表扬,biǎo yáng,khen ngợi,2
扬,发扬,fā yáng,phát huy,6
扬,宣扬,xuān yáng,tuyên dương,6
扬,飘扬,piāo yáng,bay phấp phới,6
扬,弘扬,hóng yáng,"phát triển, truyền bá",7
扬,张扬,zhāng yáng,"công khai, tiết lộ",7
扬,赞扬,zàn yáng,khen ngợi,7
扬,发扬光大,fā yáng guāng dà,phát huy rạng rỡ,7
扬,得意扬扬,dé yì yáng yáng,đắc ý,7
扬,抑扬顿挫,yì yáng dùn cuò,lúc trầm lúc bổng,7
扬,沸沸扬扬,fèi fèi yáng yáng,ồn ào náo động,7
扬,纷纷扬扬,fēn fēn yáng yáng,"Rơi lả tả, bay lả tả",8
扭,别扭,biè niu,không thoải mái,3
扭,扭转,niǔ zhuǎn,thay đổi mạnh mẽ,6
扭,扭头,niǔ tóu,quay lại,7
扭,扭曲,niǔ qū,biến dạng,7
扮,扮演,bàn yǎn,đóng vai,3
扮,打扮,dǎ ban,ăn diện,4
扮,装扮,zhuāng bàn,trang điểm,7
扯,牵扯,qiān chě,liên quan,6
扰,打扰,dǎ rǎo,"làm phiền, gây rối",4
扰,困扰,kùn rǎo,làm rối trí,5
扰,干扰,gān rǎo,can thiệp,6
扰,扰乱,rǎo luàn,gây rối,6
扰,骚扰,sāo rǎo,quấy rối,7
扶,扶持,fú chí,hỗ trợ,7
批,批准,pī zhǔn,phê duyệt,1
批,批评,pī píng,phê bình,2
批,大批,dà pī,số lượng lớn,6
批,批判,pī pàn,chỉ trích,6
批,批发,pī fā,bán buôn,6
批,审批,shěn pī,kiểm tra và phê duyệt,7
批,首批,shǒu pī,nhóm đầu tiên,7
扼,扼要,è yào,"Ngắn gọn, súc tích, tóm tắt",7
找,找到,zhǎo dào,tìm thấy,1
找,找出,zhǎo chū,tìm ra,2
找,寻找,xún zhǎo,tìm kiếm,4
找,查找,chá zhǎo,tìm kiếm,7
承,承认,chéng rèn,thừa nhận,2
承,承受,chéng shòu,chịu đựng,4
承,承担,chéng dān,gánh vác,4
承,承诺,chéng nuò,cam kết,6
承,继承,jì chéng,thừa kế,6
承,传承,chuán chéng,truyền lại,7
承,承包,chéng bāo,hợp đồng,7
承,承载,chéng zài,chịu đựng,7
承,秉承,bǐng chéng,"tuân theo, kế thừa",7
技,技术,jì shù,công nghệ,3
技,科技,kē jì,khoa học và công nghệ,3
技,技巧,jì qiǎo,kỹ xảo,4
技,技能,jì néng,khả năng kỹ thuật,6
技,高科技,gāo kē jì,công nghệ cao,6
技,技艺,jì yì,kỹ năng kỹ thuật,7
技,杂技,zá jì,xiếc,7
技,演技,yǎn jì,kỹ năng biểu diễn,7
技,竞技,jìng jì,thể thao,7
技,绝技,jué jì,kỹ năng điêu luyện,7
技,一技之长,yī jì zhī cháng,thành thạo trong một lĩnh vực nhất định,7
技,高新技术,gāo xīn jì shù,công nghệ cao mới,7
技术,高新技术,gāo xīn jì shù,công nghệ cao mới,7
抄,抄写,chāo xiě,sao chép,4
抄,抄袭,chāo xí,đạo văn,7
把,把握,bǎ wò,nắm bắt,3
把,把关,bǎ guān,kiểm tra,6
把,把手,bǎ shou,tay cầm,6
把,把柄,bǎ bǐng,bằng chứng,7
把,一把手,yī bǎ shǒu,tay giỏi,7
把手,一把手,yī bǎ shǒu,tay giỏi,7
抑,抑制,yì zhì,ức chế,3
抑,压抑,yā yì,đè nén,6
抑,抑或,yì huò,"Hay là, hoặc là",7
抑,抑郁,yì yù,trầm cảm,7
抑,抑郁症,yì yù zhèng,trầm cảm,7
抑,抑扬顿挫,yì yáng dùn cuò,lúc trầm lúc bổng,7
抑郁,抑郁症,yì yù zhèng,trầm cảm,7
抒,各抒己见,gè shū jǐ jiàn,mỗi người nêu ý kiến,6
抒,抒情,shū qíng,bày tỏ cảm xúc,7
抓,抓紧,zhuā jǐn,nắm chắc; tranh thủ,1
抓,抓住,zhuā zhù,bắt giữ,3
投,投入,tóu rù,"nhập, đưa vào",4
投,投诉,tóu sù,khiếu nại,4
投,投资,tóu zī,đầu tư,4
投,投篮,tóu lán,"ném bóng rổ, ném vào rổ",5
投,投掷,tóu zhì,ném,6
投,投机,tóu jī,đầu cơ; sự đầu cơ,6
投,投票,tóu piào,bỏ phiếu,6
投,投降,tóu xiáng,đầu hàng,6
投,投奔,tóu bèn,tìm chỗ dựa,7
投,投射,tóu shè,chiếu,7
投,投稿,tóu gǎo,gửi bài,7
投,投身,tóu shēn,dấn thân,7
投,走投无路,zǒu tóu wú lù,bị dồn vào chân tường,7
抖,发抖,fā dǒu,run,5
抖,颤抖,chàn dǒu,"rung, run rẩy",6
抗,反抗,fǎn kàng,nổi dậy,3
抗,抗战,kàng zhàn,Kháng chiến,4
抗,对抗,duì kàng,chống lại,6
抗,抗议,kàng yì,phản đối; biểu tình,6
抗,抵抗,dǐ kàng,kháng cự,6
抗,抗争,kàng zhēng,kháng chiến,7
抗,抗衡,kàng héng,đối đầu,7
抗,抗生素,kàng shēng sù,kháng sinh,7
折,打折,dǎ zhé,giảm giá,4
折,折叠,zhé dié,gấp,5
折,周折,zhōu zhé,"sự phức tạp, khó khăn",6
折,折磨,zhé mo,tra tấn,6
折,折腾,zhē teng,quay từ bên này sang bên kia,6
折,曲折,qū zhé,cong,6
折,转折,zhuǎn zhé,bước ngoặt,6
折,存折,cún zhé,sổ tiết kiệm,7
折,折光,zhé guāng,khúc xạ ánh sáng,7
折,折合,zhé hé,chuyển đổi,7
折,折射,zhé shè,phản chiếu,7
折,折扣,zhé kòu,giảm giá,7
折,挫折,cuò zhé,thất bại,7
折,波折,bō zhé,những khúc ngoặt,7
折,骨折,gǔ zhé,gãy xương,7
折扣,打折扣,dǎ zhé kòu,"Giảm giá, chiết khấu; làm giảm giá trị, ảnh hưởng",7
抚,抚慰,fǔ wèi,"an ủi, vỗ về",4
抚,抚养,fǔ yǎng,nuôi dưỡng,6
抚,抚摸,fǔ mō,"Vuốt ve, xoa",6
抚,安抚,ān fǔ,dỗ dành,7
抚,抚恤,fǔ xù,phúng viếng,7
抚,抚养费,fǔ yǎng fèi,trợ cấp nuôi con,7
抚养,抚养费,fǔ yǎng fèi,trợ cấp nuôi con,7
抛,抛弃,pāo qì,bỏ rơi,6
抛,抛开,pāo kāi,bỏ qua,7
抢,抢救,qiǎng jiù,cứu hộ,5
抢,抢劫,qiǎng jié,cướp,6
抢,抢占,qiǎng zhàn,chiếm đoạt,7
抢,抢夺,qiǎng duó,cướp đoạt,7
抢,抢眼,qiǎng yǎn,bắt mắt,7
护,护照,hù zhào,hộ chiếu,2
护,保护,bǎo hù,bảo vệ,3
护,护士,hù shi,y tá,4
护,爱护,ài hù,"yêu thương, bảo vệ",4
护,维护,wéi hù,bảo trì,4
护,救护车,jiù hù chē,xe cứu thương,5
护,守护,shǒu hù,bảo vệ,6
护,拥护,yōng hù,ủng hộ,6
护,掩护,yǎn hù,che chở,6
护,辩护,biàn hù,biện hộ,6
护,呵护,hē hù,chăm sóc,7
护,护理,hù lǐ,chăm sóc,7
护,监护,jiān hù,giám hộ,7
护,看护,kān hù,chăm sóc,7
护,防护,fáng hù,bảo vệ,7
报,报名,bào míng,đăng ký,1
报,报告,bào gào,báo cáo,1
报,报纸,bào zhǐ,báo,2
报,报道,bào dào,báo cáo,2
报,日报,rì bào,báo hàng ngày,2
报,晚报,wǎn bào,báo chiều,2
报,报到,bào dào,đăng ký,3
报,预报,yù bào,dự báo,3
报,小报,xiǎo bào,"báo lá cải, báo vỉa hè; tờ báo nhỏ",4
报,汇报,huì bào,báo cáo,4
报,回报,huí bào,đáp lại,5
报,报社,bào shè,toà soạn báo,5
报,情报,qíng bào,thông tin,6
报,报仇,bào chóu,báo thù,6
报,报刊,bào kān,ấn phẩm in,6
抨,抨击,pēng jī,chỉ trích,7
披,披露,pī lù,công bố,7
抬,抬头纹,tái tóu wén,nếp nhăn trán,8
抱,抱怨,bào yuàn,phàn nàn,3
抱,抱歉,bào qiàn,rất tiếc,4
抱,拥抱,yōng bào,ôm; ôm ấp,5
抱,怀抱,huái bào,"ôm, bao trùm",7
抱,抱负,bào fù,tham vọng,7
抵,抵抗,dǐ kàng,kháng cự,6
抵,抵达,dǐ dá,đến,6
抵,抵制,dǐ zhì,tẩy chay,7
抵,抵御,dǐ yù,kháng cự,7
抵,抵押,dǐ yā,thế chấp,7
抵,抵挡,dǐ dǎng,"chống cự, chống lại",7
抵,抵消,dǐ xiāo,phản tác dụng,7
抵,抵触,dǐ chù,mâu thuẫn,7
抹,抹杀,mǒ shā,xoá bỏ,7
抹,抹布,mā bù,"giẻ lau, khăn lau",8
押,押金,yā jīn,tiền đặt cọc,5
押,扣押,kòu yā,giam giữ,7
押,抵押,dǐ yā,thế chấp,7
抽,抽空,chōu kòng,"Bớt chút thời gian, tranh thủ thời gian",2
抽,抽屉,chōu ti,ngăn kéo,3
抽,抽奖,chōu jiǎng,rút thăm trúng thưởng,4
抽,抽烟,chōu yān,hút thuốc,4
抽,抽象,chōu xiàng,trừu tượng,5
抽,抽签,chōu qiān,rút thăm,7
拂,吹拂,chuī fú,"Thổi nhẹ, vuốt ve (gió)",7
拂,拂晓,fú xiǎo,"Bình minh, rạng đông",7
担,担心,dān xīn,lo lắng,1
担,承担,chéng dān,gánh vác,4
担,担任,dān rèn,đảm nhiệm,4
担,担保,dān bǎo,đảm bảo,4
担,负担,fù dān,gánh nặng,4
担,担忧,dān yōu,lo lắng,6
担,分担,fēn dān,chia sẻ,7
担,担子,dàn zi,gánh nặng,7
担,担当,dān dāng,đảm nhận,7
担,担负,dān fù,đảm nhận,7
拆,拆迁,chāi qiān,phá dỡ nhà cũ và tái định cư cư dân,6
拉,卡拉,kǎ lā <OK>,Karaoke (KTV),1
拉,阿拉伯,ā lā bó,Ả Rập,3
拉,拉链,lā liàn,khóa kéo,4
拉,趿拉,tā la,"Lê (dép, giày); kéo lê",4
拉,拉动,lā dòng,kéo,7
拉,拉锁,lā suǒ,khóa kéo,7
拉,易拉罐,yì lā guàn,hộp mở nắp,7
拉,阿拉伯语,Ā lā bó yǔ,Ngôn ngữ Ả Rập,7
拌,搅拌,jiǎo bàn,khuấy,2
拍,拍照,pāi zhào,chụp ảnh,3
拍,拍摄,pāi shè,chụp ảnh,5
拍,球拍,qiú pāi,vợt,6
拍,拍卖,pāi mài,đấu giá,7
拍,拍戏,pāi xì,quay phim,7
拍,拍板,pāi bǎn,bộ gõ,7
拐,拐弯,guǎi wān,rẽ,5
拐,拐杖,guǎi zhàng,cái nạng,7
拒,拒绝,jù jué,từ chối,4
拓,开拓,kāi tuò,phát triển,7
拓,拓宽,tuò kuān,mở rộng,7
拓,拓展,tuò zhǎn,mở rộng,7
拔,挺拔,tǐng bá,cao thẳng,6
拔,提拔,tí bá,thăng chức,6
拔,选拔,xuǎn bá,tuyển chọn,6
拔,拔苗助长,bá miáo zhù zhǎng,bạt miêu trợ trường,6
拔,海拔,hǎi bá,độ cao so với mực nước biển,7
拔,一毛不拔,yī máo bù bá,cực kỳ keo kiệt,7
拔,出类拔萃,chū lèi bá cuì,"Nổi bật xuất chúng, kiệt xuất, vượt trội hơn người.",8
拖,拖鞋,tuō xié,dép lê,6
拖,拖延,tuō yán,trì hoãn,7
拖,拖欠,tuō qiàn,nợ,7
拖,拖累,tuō lèi,làm liên luỵ,7
拗,执拗,zhí niù,Bướng bỉnh; cố chấp; ngang bướng,4
拘,拘留,jū liú,giam giữ,6
拘,拘束,jū shù,bị ràng buộc,7
拙,拙作,zhuō zuò,Tác phẩm dở tệ (cách nói khiêm tốn của tác phẩm của mình),3
拙,笨拙,bèn zhuō,vụng về,6
拙,拙劣,zhuō liè,vụng về,7
招,打招呼,dǎ zhāo hu,chào hỏi,3
招,招呼,zhāo hu,chào hỏi,4
招,招聘,zhāo pìn,tuyển dụng,4
招,招儿,zhāo r,"chiêu, mẹo, cách",5
招,招待,zhāo dài,"tiếp đón, chiêu đãi",5
招,招手,zhāo shǒu,vẫy tay,5
招,招收,zhāo shōu,tuyển dụng,6
招,招募,zhāo mù,tuyển dụng,7
招,招揽,zhāo lǎn,thu hút,7
招,招数,zhāo shù,chiêu thức,7
招,招标,zhāo biāo,mời thầu,7
招,招牌,zhāo pai,biển hiệu,7
招,绝招,jué zhāo,cột buồm,7
招,招待会,zhāo dài huì,tiệc chiêu đãi,7
招呼,打招呼,dǎ zhāo hu,chào hỏi,3
招待,招待会,zhāo dài huì,tiệc chiêu đãi,7
拜,崇拜,chóng bài,sùng bái,3
拜,拜托,bài tuō,làm ơn,6
拜,拜访,bài fǎng,thăm hỏi,6
拜,拜会,bài huì,gặp gỡ chính thức,7
拜,拜年,bài nián,chúc Tết,7
拜,拜见,bài jiàn,gặp mặt chính thức,7
拟,拟定,nǐ dìng,soạn thảo,6
拟,虚拟,xū nǐ,ảo,6
拟,模拟,mó nǐ,mô phỏng,7
拢,靠拢,kào lǒng,tiếp cận gần,6
拥,簇拥,cù yōng,đám đông xung quanh,3
拥,拥抱,yōng bào,ôm; ôm ấp,5
拥,拥挤,yōng jǐ,đông đúc,5
拥,拥有,yōng yǒu,sở hữu,5
拥,拥护,yōng hù,ủng hộ,6
拦,阻拦,zǔ lán,ngăn chặn,7
拨,拨打,bō dǎ,gọi,6
拨,拨款,bō kuǎn,phân bổ quỹ,7
拨,拨通,bō tōng,gọi,7
择,选择,xuǎn zé,chọn; lựa chọn,2
括,包括,bāo kuò,bao gồm,4
括,括号,kuò hào,dấu ngoặc đơn,4
括,概括,gài kuò,khái quát,4
括,括弧,kuò hú,dấu ngoặc đơn,7
拯,拯救,zhěng jiù,cứu hộ,7
拳,太极拳,tài jí quán,Thái Cực Quyền,1
拳,拳击,quán jī,"quyền anh, đấm bốc",3
拳,拳头,quán tou,cái nắm đấm,6
拼,拼写,pīn xiě,"đánh vần, chính tả",3
拼,拼命,pīn mìng,liều mạng,3
拼,拼音,pīn yīn,bính âm,5
拼,拼搏,pīn bó,chiến đấu,6
拾,收拾,shōu shi,dọn dẹp,1
拿,拿出,ná chū,lấy ra,2
拿,拿走,ná zǒu,mang đi,6
拿,拿手,ná shǒu,"khéo tay, giỏi",7
拿,桑拿,sāng ná,phòng tắm hơi,7
拿,拿破仑,Ná pò lún,Napoléon (Bonaparte),7
持,坚持,jiān chí,kiên trì,2
持,主持,zhǔ chí,dẫn chương trình,3
持,保持,bǎo chí,duy trì,3
持,持续,chí xù,tiếp tục,3
持,支持,zhī chí,hỗ trợ,3
持,维持,wéi chí,"giữ, duy trì",4
持,持久,chí jiǔ,chịu đựng,6
持,持有,chí yǒu,nắm giữ,6
持,主持人,zhǔ chí rén,người dẫn chương trình,6
持,劫持,jié chí,bắt cóc,7
持,扶持,fú chí,hỗ trợ,7
持,挟持,xié chí,bắt làm con tin,7
持,坚持不懈,jiān chí bù xiè,không ngừng,7
持,持之以恒,chí zhī yǐ héng,kiên trì,7
挂,挂号,guà hào,đăng ký,5
挂,悬挂,xuán guà,treo,6
挂,挂失,guà shī,khai báo mất,7
挂,挂念,guà niàn,nhớ nhung,7
挂,挂钩,guà gōu,thiết lập liên lạc,7
挂,牵挂,qiān guà,quan tâm,7
指,中指,zhōng zhǐ,ngón giữa,2
指,食指,shí zhǐ,ngón trỏ,2
指,手指,shǒu zhǐ,ngón tay,3
指,指出,zhǐ chū,chỉ ra,3
指,指导,zhǐ dǎo,hướng dẫn,3
指,戒指,jiè zhi,nhẫn,4
指,指挥,zhǐ huī,chỉ huy,4
指,指定,zhǐ dìng,chỉ định,5
指,指标,zhǐ biāo,mục tiêu,5
指,指甲,zhǐ jia,móng tay,5
指,指示,zhǐ shì,chỉ thị,5
指,指令,zhǐ lìng,ra lệnh,6
指,指头,zhǐ tou,"ngón tay, ngón chân",6
指,指数,zhǐ shù,chỉ số,6
指,指望,zhǐ wàng,hy vọng,6
指南,指南针,zhǐ nán zhēn,la bàn,6
按,按照,àn zhào,theo,3
按,按时,àn shí,đúng giờ,4
按,按摩,àn mó,xoa bóp,5
按,按说,àn shuō,theo lý,7
按,按钮,àn niǔ,Nút bấm; nhấn nút,7
按,按键,àn jiàn,nút,7
按,按理说,àn lǐ shuō,theo nguyên tắc,7
挑,挑战,tiǎo zhàn,thách thức; thách đấu,3
挑,挑选,tiāo xuǎn,chọn lọc,4
挑,挑衅,tiǎo xìn,khiêu khích,6
挑,挑剔,tiāo ti,kén chọn,7
挑,挑起,tiǎo qǐ,kích động,7
挖,挖掘,wā jué,khai quật,5
挖,挖苦,wā ku,"nói mỉa mai, châm biếm",7
挚,真挚,zhēn zhì,chân thành,6
挚,诚挚,chéng zhì,chân thành,7
挟,挟持,xié chí,bắt làm con tin,7
挠,阻挠,zǔ náo,ngăn chặn,7
挡,排挡,pái dǎng,số xe (ô tô),4
挡,遮挡,zhē dǎng,che chắn,6
挡,抵挡,dǐ dǎng,"chống cự, chống lại",7
挡,阻挡,zǔ dǎng,chặn,7
挣,挣扎,zhēng zhá,vật lộn,6
挤,拥挤,yōng jǐ,đông đúc,5
挤,挤压,jǐ yā,"bóp, ép",7
挥,发挥,fā huī,phát huy,3
挥,挥舞,huī wǔ,"vung vẩy, phất, múa",3
挥,指挥,zhǐ huī,chỉ huy,4
挥,挥霍,huī huò,phung phí tiền bạc,6
挨,挨打,āi dǎ,bị đánh,2
挨,挨着,āi zhe,bên cạnh,6
挨,忍饥挨饿,rěn jī ái è,đói lả,7
挨,挨家挨户,āi jiā āi hù,từng nhà,7
挫,挫折,cuò zhé,thất bại,7
挫,抑扬顿挫,yì yáng dùn cuò,lúc trầm lúc bổng,7
振,振兴,zhèn xīng,"phục hồi, tái sinh",6
振,振奋,zhèn fèn,truyền cảm hứng,6
振,振作,zhèn zuò,cổ vũ,7
挺,挺好,tǐng hǎo,rất tốt,2
挺,挺拔,tǐng bá,cao thẳng,6
挽,挽回,wǎn huí,khôi phục,6
挽,挽救,wǎn jiù,cứu vãn,6
捉,捕捉,bǔ zhuō,săn bắt,7
捉,捉迷藏,zhuō mí cáng,trò chơi trốn tìm,7
捍,捍卫,hàn wèi,bảo vệ,6
捐,捐助,juān zhù,quyên góp,6
捐,捐款,juān kuǎn,quyên góp tiền,6
捐,捐赠,juān zèng,quyên góp,6
捐,募捐,mù juān,quyên góp,7
捐,捐献,juān xiàn,"quyên góp, đóng góp",7
捕,逮捕,dài bǔ,bắt giữ,6
捕,捕捉,bǔ zhuō,săn bắt,7
捕,被捕,bèi bǔ,bị bắt giữ,7
捞,打捞,dǎ lāo,vớt ra khỏi nước,7
损,损耗,sǔn hào,"Hao hụt, tổn hao",3
损,损失,sǔn shī,mất mát,5
损,亏损,kuī sǔn,chịu lỗ,7
损,损伤,sǔn shāng,"làm hại, làm tổn thương",7
损,损坏,sǔn huài,hỏng hóc,7
损,损害,sǔn hài,"gây hại, tổn hại",7
损,磨损,mó sǔn,mài mòn,7
损,损人利己,sǔn rén lì jǐ,hại người lợi mình,7
换,交换,jiāo huàn,trao đổi,5
换,兑换,duì huàn,chuyển đổi,5
换,转换,zhuǎn huàn,thay đổi,5
换,变换,biàn huàn,chuyển đổi,6
换,换位,huàn wèi,hoán vị,7
换,换取,huàn qǔ,đổi lấy,7
换,换成,huàn chéng,thay thế bằng,7
换,撤换,chè huàn,thay thế,7
换,更换,gēng huàn,thay đổi,7
换,替换,tì huàn,thay thế,7
换,轮换,lún huàn,luân phiên,7
换,换言之,huàn yán zhī,nói cách khác,7
捣,捣乱,dǎo luàn,gây rối,7
捧,吹捧,chuī pěng,tâng bốc,6
捧,捧场,pěng chǎng,ủng hộ,7
据,据说,jù shuō,nghe nói là,2
据,根据,gēn jù,dựa trên,3
据,证据,zhèng jù,bằng chứng,3
据,数据,shù jù,dữ liệu,4
据,收据,shōu jù,biên lai,5
据,依据,yī jù,cơ sở; tuân thủ theo; theo,6
据,占据,zhàn jù,chiếm giữ,6
据,据悉,jù xī,được báo cáo,6
据,据此,jù cǐ,theo đó,7
据,大数据,dà shù jù,dữ liệu lớn,7
据,数据库,shù jù kù,cơ sở dữ liệu,7
据,引经据典,yǐn jīng jù diǎn,trích dẫn kinh điển,7
捷,敏捷,mǐn jié,nhanh nhẹn,6
捷,便捷,biàn jié,thuận tiện và nhanh chóng,7
捷,快捷,kuài jié,phím tắt,7
掀,掀起,xiān qǐ,nâng lên,6
授,教授,jiào shòu,giáo sư,1
授,传授,chuán shòu,truyền thụ,3
授,函授,hán shòu,đào tạo từ xa,7
授,授予,shòu yǔ,trao tặng,7
授,授权,shòu quán,ủy quyền,7
掉,去掉,qù diào,loại bỏ,6
掉,丢掉,diū diào,vứt bỏ,7
掉,关掉,guān diào,tắt,7
掉,忘掉,wàng diào,quên,7
掉,掉头,diào tóu,quay đầu,7
掉,掉队,diào duì,tụt lại phía sau,7
掌,巴掌,bā zhang,lòng bàn tay; cái tát,2
掌,掌握,zhǎng wò,nắm bắt,5
掌,鼓掌,gǔ zhǎng,vỗ tay,5
掌,掌声,zhǎng shēng,tràng pháo tay,6
掌,击掌,jī zhǎng,"Vỗ tay, đập tay (để tán thành, ăn mừng)",7
掌,手掌,shǒu zhǎng,lòng bàn tay,7
掌,掌管,zhǎng guǎn,phụ trách,7
掏,掏钱,tāo qián,trả tiền,7
排,安排,ān pái,sắp xếp,1
排,排队,pái duì,xếp hàng,1
排,排球,pái qiú,bóng chuyền,2
排,牛排,niú pái,"Bít tết, sườn bò",2
排,猪排,zhū pái,"Sườn heo, cốt lết heo",2
排,羊排,yáng pái,Sườn cừu,2
排,排名,pái míng,xếp hạng,3
排,排列,pái liè,sắp xếp,4
排,排场,pái chǎng,"Tráng lệ, phô trương, hoành tráng",4
排,排挡,pái dǎng,số xe (ô tô),4
排,排练,pái liàn,tập dượt,5
排,大排档,dà pái dàng,"quán ăn vỉa hè, quán bình dân",5
排,排放,pái fàng,xả thải,6
排,排斥,pái chì,loại trừ,6
排,排除,pái chú,loại bỏ,6
掘,挖掘,wā jué,khai quật,5
掘,发掘,fā jué,phát hiện,7
掠,掠夺,lüè duó,cướp bóc,6
探,侦探,zhēn tàn,thám tử,6
探,勘探,kān tàn,thăm dò,6
探,探索,tàn suǒ,khám phá,6
探,探讨,tàn tǎo,thảo luận,6
探,探亲,tàn qīn,thăm thân,7
探,探望,tàn wàng,thăm,7
探,探求,tàn qiú,tìm kiếm,7
探,探测,tàn cè,thăm dò,7
探,探险,tàn xiǎn,thám hiểm,7
探,试探,shì tàn,thăm dò,7
接,接到,jiē dào,nhận được,2
接,接受,jiē shòu,chấp nhận,2
接,接着,jiē zhe,"tiếp tục; sau đó, rồi",2
接,直接,zhí jiē,trực tiếp,2
接,接下来,jiē xià lái,tiếp theo,2
接,接待,jiē dài,tiếp nhận,3
接,接近,jiē jìn,tiếp cận,3
接,迎接,yíng jiē,đón tiếp,3
接,接触,jiē chù,"tiếp xúc, liên hệ",5
接,连接,lián jiē,kết nối,5
接,接收,jiē shōu,nhận,6
接,接连,jiē lián,liên tục,6
接,间接,jiàn jiē,gián tiếp,6
接,交接,jiāo jiē,có quan hệ thân thiện với,7
接,接力,jiē lì,chạy tiếp sức,7
接班,接班人,jiē bān rén,người kế nhiệm,7
接着,紧接着,jǐn jiē zhe,ngay sau đó,7
控,控制,kòng zhì,kiểm soát,2
控,遥控,yáo kòng,điều khiển từ xa,6
控,失控,shī kòng,mất kiểm soát,7
控,控告,kòng gào,buộc tội,7
控,操控,cāo kòng,điều khiển,7
控,监控,jiān kòng,giám sát và kiểm soát,7
控,调控,tiáo kòng,điều chỉnh,7
推,推销员,tuī xiāo yuán,"Nhân viên tiếp thị, nhân viên bán hàng, người bán dạo.",2
推,推动,tuī dòng,thúc đẩy,3
推,推广,tuī guǎng,quảng bá,3
推,推开,tuī kāi,đẩy ra,3
推,推进,tuī jìn,tiến hành,3
推,推迟,tuī chí,hoãn lại,4
推,推销,tuī xiāo,tiếp thị,4
推,推荐,tuī jiàn,đề nghị,5
推,推辞,tuī cí,từ chối,5
推,推出,tuī chū,phát hành,6
推,推测,tuī cè,đoán,6
推,推理,tuī lǐ,suy luận; để suy luận,6
推,推翻,tuī fān,lật đổ,6
推,推论,tuī lùn,suy luận,6
推,推卸,tuī xiè,trốn tránh,7
推销,推销员,tuī xiāo yuán,"Nhân viên tiếp thị, nhân viên bán hàng, người bán dạo.",2
掩,掩护,yǎn hù,che chở,6
掩,掩盖,yǎn'gài,che giấu,6
掩,掩饰,yǎn shì,che giấu,6
掩,遮掩,zhē yǎn,"Che đậy, che giấu, che khuất",8
措,措施,cuò shī,biện pháp,4
措,举措,jǔ cuò,hành động,7
措,筹措,chóu cuò,gây quỹ,7
措,惊慌失措,jīng huāng shī cuò,hoảng loạn,7
措,措手不及,cuò shǒu bù jí,bị bắt bất ngờ,7
掷,投掷,tóu zhì,ném,6
描,描写,miáo xiě,mô tả,4
描,描述,miáo shù,miêu tả,4
描,描绘,miáohuì,miêu tả,6
描,扫描,sǎo miáo,quét,7
描,素描,sù miáo,vẽ phác thảo,7
提,别提,bié tí,"Đừng nhắc tới (thường dùng để diễn tả sự không hài lòng, khó chịu, hoặc quá mức không cần nói thêm)",1
提,提出,tí chū,đưa ra,2
提,提到,tí dào,nhắc đến,2
提,提高,tí gāo,"tăng, nâng cao",2
提,提倡,tí chàng,đề xướng,3
提,提前,tí qián,trước thời hạn,3
提,提问,tí wèn,đặt câu hỏi,3
提,小提琴,xiǎo tí qín,vĩ cầm,3
提,提供,tí gōng,cung cấp,4
提,提醒,tí xǐng,nhắc nhở,4
提,提纲,tí gāng,bản tóm tắt,5
提,前提,qián tí,tiền đề,6
提,提交,tí jiāo,gửi,6
提,提升,tí shēng,thăng chức,6
提,提拔,tí bá,thăng chức,6
插,插件,chā jiàn,"plugin, tiện ích bổ sung",5
插,插嘴,chā zuǐ,ngắt lời,6
插,插座,chā zuò,ổ cắm điện,6
插,插图,chā tú,minh họa,7
插,插手,chā shǒu,can thiệp,7
插,插画,chā huà,"tranh minh họa, hình minh họa",7
握,握手,wò shǒu,bắt tay,2
握,把握,bǎ wò,nắm bắt,3
握,掌握,zhǎng wò,nắm bắt,5
揣,揣摩,chuǎi mó,phân tích,7
揣,揣测,chuǎi cè,đoán,7
揭,揭发,jiē fā,phơi bày,7
揭,揭晓,jiē xiǎo,thông báo,7
揭,揭示,jiē shì,tiết lộ,7
揭,揭露,jiē lù,vạch trần,7
援,援助,yuán zhù,giúp đỡ,6
援,支援,zhī yuán,hỗ trợ,6
援,救援,jiù yuán,cứu trợ,6
援,外援,wài yuán,sự giúp đỡ từ bên ngoài,7
揽,招揽,zhāo lǎn,thu hút,7
揽,一揽子,yī lǎn zi,toàn diện,7
揽,大包大揽,dà bāo dà lǎn,nhận trách nhiệm hoàn toàn,7
搁,搁浅,gē qiǎn,mắc cạn,7
搁,搁置,gē zhì,để sang một bên,7
搁,耽搁,dān gē,"trì hoãn, kéo dài",7
搅,搅拌,jiǎo bàn,khuấy,2
搅,打搅,dǎ jiǎo,quấy rầy,7
搏,拼搏,pīn bó,chiến đấu,6
搏,搏斗,bó dòu,đấu tranh,6
搏,脉搏,mài bó,mạch đập,6
搜,搜索,sōu suǒ,tìm kiếm,5
搜,搜寻,sōu xún,tìm kiếm,7
搜,搜救,sōu jiù,tìm kiếm và cứu hộ,7
搜,搜查,sōu chá,khám xét,7
搜,搜集,sōu jí,thu thập,7
搞,搞笑,gǎo xiào,buồn cười,7
搞,搞鬼,gǎo guǐ,gây rối,7
搬,搬家,bān jiā,chuyển nhà,2
搬,搬迁,bān qiān,chuyển nhà,7
搭,搭话,dā huà,"bắt chuyện, nói chuyện (xen vào)",3
搭,搭档,dā dàng,đối tác,6
搭,搭配,dā pèi,phối hợp,6
搭,搭乘,dā chéng,đi bằng,7
携,携带,xié dài,mang theo,6
携,携手,xié shǒu,nắm tay,7
摄,拍摄,pāi shè,chụp ảnh,5
摄,摄像,shè xiàng,quay video,5
摄,摄入,shè rù,"hấp thụ, đưa vào, nạp vào",5
摄,摄影,shè yǐng,chụp ảnh,5
摄,摄像机,shè xiàng jī,máy quay phim,5
摄,摄影师,shè yǐng shī,nhiếp ảnh gia,5
摄,摄氏度,shè shì dù,độ C,6
摄像,摄像机,shè xiàng jī,máy quay phim,5
摄影,摄影师,shè yǐng shī,nhiếp ảnh gia,5
摆,摆动,bǎi dòng,"đung đưa, lắc lư",4
摆,摆脱,bǎi tuō,thoát khỏi,4
摆,摆平,bǎi píng,đối xử công bằng,7
摆,摆放,bǎi fàng,"đặt, để",7
摆,摆设,bǎi shè,sắp xếp,7
摆,摇摆,yáo bǎi,lung lay,7
摆,摇头摆尾,yáo tóu bǎi wěi,"Vẫy đuôi mừng rỡ (thường nói về chó); ra vẻ đắc ý, tự mãn",8
摇,动摇,dòng yáo,lung lay,3
摇,摇滚,yáo gǔn,nhạc rock,6
摇,摇摆,yáo bǎi,lung lay,7
摇,摇晃,yáo huàng,lắc lư,7
摇,摇篮,yáo lán,nôi,7
摇,摇摇欲坠,yáo yáo yù zhuì,lung lay và sụp đổ,7
摇,摇头摆尾,yáo tóu bǎi wěi,"Vẫy đuôi mừng rỡ (thường nói về chó); ra vẻ đắc ý, tự mãn",8
摔,摔倒,shuāi dǎo,ngã,5
摔,摔跤,shuāi jiāo,đấu vật,6
摧,摧残,cuī cán,tàn phá,6
摧,摧毁,cuī huǐ,phá hủy,7
摩,按摩,àn mó,xoa bóp,5
摩,摩托,mó tuō,xe máy,5
摩,摩擦,mó cā,cọ xát,5
摩,摩托车,mó tuō chē,xe máy,5
摩,揣摩,chuǎi mó,phân tích,7
摩,观摩,guān mó,quan sát và học tập,7
摩托,摩托车,mó tuō chē,xe máy,5
摸,抚摸,fǔ mō,"Vuốt ve, xoa",6
摸,摸索,mō suǒ,dò dẫm,6
摸,触摸,chù mō,chạm vào,7
撇,左撇子,zuǒ piě zi,người thuận tay trái,4
撑,支撑,zhī chēng,chống đỡ,6
撒,撒谎,sā huǎng,nói dối,7
撞,撞击,zhuàng jī,"đánh, va chạm",3
撞,冲撞,chōng zhuàng,đâm vào,7
撞,碰撞,pèng zhuàng,va chạm,7
撤,撤离,chè lí,di tản,6
撤,撤销,chè xiāo,hủy bỏ,6
撤,撤换,chè huàn,thay thế,7
播,广播,guǎng bō,phát sóng,2
播,传播,chuán bò,truyền bá,3
播,播出,bō chū,phát sóng,3
播,播放,bō fàng,phát sóng,3
播,直播,zhí bō,phát sóng trực tiếp,3
播,转播,zhuǎn bō,truyền tiếp,7
播,重播,chóng bō,phát lại,7
播,演播室,yǎn bō shì,phòng phát hình,7
撰,撰写,zhuàn xiě,viết,7
撼,震撼,zhèn hàn,sốc,7
擀,擀面杖,gǎn miàn zhàng,"Cây cán bột, thanh lăn bột",7
擅,擅自,shàn zì,tự ý,6
擅,擅长,shàn cháng,giỏi,7
操,操场,cāo chǎng,sân thể thao,2
操,操心,cāo xīn,lo lắng,3
操,操作,cāo zuò,làm việc,4
操,操劳,cāo láo,làm việc chăm chỉ,6
操,操纵,cāo zòng,điều khiển,6
操,操练,cāo liàn,tập luyện,6
操,操控,cāo kòng,điều khiển,7
擎,引擎,yǐn qíng,động cơ,6
擦,摩擦,mó cā,cọ xát,5
攀,攀登,pān dēng,leo,6
攀,攀升,pān shēng,leo lên,7
攘,熙熙攘攘,xī xī rǎng rǎng,náo nhiệt,7
支,支付,zhī fù,trả tiền,3
支,支持,zhī chí,hỗ trợ,3
支,支教,zhī jiào,tình nguyện dạy học (ở vùng khó khăn),5
支,支票,zhī piào,séc,5
支,支援,zhī yuán,hỗ trợ,6
支,支撑,zhī chēng,chống đỡ,6
支,支柱,zhī zhù,trụ cột,6
支,支流,zhī liú,nhánh sông,6
支,分支,fēn zhī,chi nhánh,7
支,开支,kāi zhī,chi phí,7
支,收支,shōu zhī,thu chi,7
支,透支,tòu zhī,thấu chi,7
收,收下,shōu xià,"nhận lấy, nhận cho",1
收,收拾,shōu shi,dọn dẹp,1
收,收入,shōu rù,thu nhập,2
收,收到,shōu dào,nhận được,2
收,收听,shōu tīng,nghe đài phát thanh,3
收,收看,shōu kàn,xem,3
收,收费,shōu fèi,thu phí,3
收,收音机,shōu yīn jī,máy thu thanh,3
收,吸收,xī shōu,hấp thụ,4
收,收养,shōu yǎng,nhận nuôi,4
收,收回,shōu huí,lấy lại,4
收,收益,shōu yì,thu nhập,4
收,收获,shōu huò,"kết quả, lợi ích; thu hoạch",4
收,收据,shōu jù,biên lai,5
收,收藏,shōu cáng,"thu thập, đánh dấu",5
改,改变,gǎi biàn,thay đổi,2
改,修改,xiū gǎi,sửa đổi,3
改,改进,gǎi jìn,cải tiến,3
改,改造,gǎi zào,cải tạo,3
改,改善,gǎi shàn,cải thiện,4
改,改正,gǎi zhèng,sửa chữa,4
改,改革,gǎi gé,cải cách,5
改,改良,gǎi liáng,cải thiện,6
改,改装,gǎi zhuāng,thay đổi trang phục,6
改,改为,gǎi wéi,chuyển đổi thành,7
改,改动,gǎi dòng,thay đổi,7
改,改口,gǎi kǒu,"Đổi lời, sửa lời (đã nói)",7
改,改名,gǎi míng,đổi tên,7
改,改日,gǎi rì,một ngày nào đó,7
改,改版,gǎi bǎn,sửa đổi,7
改革,改革开放,gǎi gé kāi fàng,cải cách và mở cửa,7
攻,进攻,jìn gōng,tấn công,5
攻,攻击,gōng jī,tấn công,6
攻,攻关,gōng guān,giải quyết vấn đề khó khăn,7
攻,攻读,gōng dú,học tập chăm chỉ,7
放,放假,fàng jià,nghỉ phép,1
放,放学,fàng xué,tan học,1
放,放心,fàng xīn,an tâm,1
放,放松,fàng sōng,thư giãn,1
放,放下,fàng xià,đặt xuống,2
放,放弃,fàng qì,từ bỏ,2
放,开放,kāi fàng,mở,3
放,播放,bō fàng,phát sóng,3
放,放到,fàng dào,đặt trên,3
放,放暑假,fàng shǔ jià,đi nghỉ hè,4
放,放纵,fàng zòng,nuông chiều,5
放,解放,jiě fàng,giải phóng,5
放,释放,shì fàng,giải phóng,5
放,发放,fā fàng,cấp phát,6
放,排放,pái fàng,xả thải,6
政,政府,zhèng fǔ,chính phủ,2
政,政治,zhèng zhì,chính trị,2
政,政客,zhèng kè,Chính khách,3
政,政党,zhèng dǎng,đảng chính trị,6
政,政权,zhèng quán,chính quyền,6
政,政策,zhèng cè,chính sách,6
政,行政,xíng zhèng,hành chính,6
政,财政,cái zhèng,tài chính,6
政,家政,jiāzhèng,quản gia,7
政,廉政,lián zhèng,chính trị liêm chính,7
政,邮政,yóu zhèng,dịch vụ bưu chính,7
故,故事,gù shi,câu chuyện,1
故,故意,gù yì,cố ý,2
故,事故,shì gù,tai nạn,3
故,故乡,gù xiāng,quê hương,3
故,故宫,Gù gōng,Cố Cung (Tử Cấm Thành),5
故,变故,biàn gù,tai hoạ,6
故,故障,gù zhàng,hỏng hóc,6
故,缘故,yuán gù,"lý do, nguyên nhân",6
故,世故,shì gù,khôn ngoan,7
故,借故,jiè gù,"Lấy cớ, viện cớ",8
故,沾亲带故,zhān qīn dài gù,"Có dính líu đến họ hàng, bà con xa",8
效,效果,xiào guǒ,hiệu quả,1
效,有效,yǒu xiào,hiệu quả,3
效,效率,xiào lǜ,hiệu suất,4
效,效应,xiào yìng,hiệu ứng,5
效,功效,gōng xiào,hiệu quả,6
效,成效,chéng xiào,hiệu quả,6
效,效益,xiào yì,lợi ích,6
效,无效,wú xiào,không hiệu quả,6
效,生效,shēng xiào,có hiệu lực,6
效,失效,shī xiào,mất hiệu lực,7
效,奏效,zòu xiào,hiệu quả,7
效,效仿,xiào fǎng,noi gương,7
效,效力,xiào lì,phục vụ,7
效,疗效,liáo xiào,hiệu quả điều trị,7
效,见效,jiàn xiào,có hiệu lực,7
敌,敌人,dí rén,kẻ thù,4
敌,天敌,tiān dí,thiên địch,5
敌,敌视,dí shì,thù địch,6
敌,无敌,wú dí,vô địch,7
敏,敏感,mǐn gǎn,nhạy cảm,5
敏,过敏,guò mǐn,dị ứng,5
敏,敏捷,mǐn jié,nhanh nhẹn,6
敏,灵敏,líng mǐn,nhạy cảm,6
敏,敏锐,mǐn ruì,nhạy bén,7
救,补救,bǔ jiù,khắc phục,4
救,抢救,qiǎng jiù,cứu hộ,5
救,救护车,jiù hù chē,xe cứu thương,5
救,急救,jí jiù,sơ cứu,6
救,挽救,wǎn jiù,cứu vãn,6
救,救助,jiù zhù,cứu trợ,6
救,救命,jiù mìng,cứu mạng,6
救,救援,jiù yuán,cứu trợ,6
救,救济,jiù jì,cứu trợ,6
救,拯救,zhěng jiù,cứu hộ,7
救,搜救,sōu jiù,tìm kiếm và cứu hộ,7
救,救治,jiù zhì,chữa trị,7
救,求救,qiú jiù,cầu cứu,7
救,营救,yíng jiù,cứu hộ,7
救,解救,jiě jiù,giải cứu,7
教,教学,jiào xué,dạy học; giảng dạy,1
教,教室,jiào shì,lớp học,1
教,教授,jiào shòu,giáo sư,1
教,教学楼,jiào xué lóu,tòa nhà dạy học,1
教,家教,jiā jiào,gia sư,2
教,教师,jiào shī,giáo viên,2
教,教育,jiào yù,giáo dục,2
教,佛教,fó jiào,Phật giáo,3
教,教养,jiào yǎng,nuôi nấng,3
教,教堂,jiào táng,nhà thờ,3
教,教材,jiào cái,tài liệu giảng dạy,3
教,教练,jiào liàn,huấn luyện viên,3
教,请教,qǐng jiào,hỏi ý kiến,3
教,道教,dào jiào,Đạo giáo,3
教,领教,lǐng jiào,"lĩnh giáo, được trải nghiệm (điều không hay)",3
教学,教学楼,jiào xué lóu,tòa nhà dạy học,1
教育,教育部,jiào yù bù,Bộ Giáo dục,6
敛,内敛,nèi liǎn,"Hướng nội, kín đáo, thâm trầm",7
敛,收敛,shōu liǎn,tự kiềm chế,7
敞,敞开,chǎng kāi,mở rộng,6
敞,宽敞,kuān chǎng,rộng rãi,7
敢,勇敢,yǒng gǎn,dũng cảm,4
敢,敢于,gǎn yú,dám,6
敢,不敢当,bù gǎn dāng,Tôi thực sự không xứng đáng!,6
敢,敢情,gǎn qing,thật sự,7
敢,竟敢,jìng gǎn,dám,7
散,散步,sàn bù,đi dạo,1
散,走散,zǒu sàn,"Đi lạc, thất lạc, tản ra",2
散,散文,sǎn wén,tản văn,3
散,分散,fēn sàn,phân tán,4
散,散布,sàn bù,khuếch tán,5
散,扩散,kuò sàn,lan rộng,6
散,解散,jiě sàn,giải tán,6
散,散发,sàn fā,phân phát,7
散,疏散,shū sàn,sơ tán,7
敦,敦促,dūn cù,thúc giục,7
敦,敦厚,dūn hòu,chân thành,7
敬,敬老院,jìng lǎo yuàn,viện dưỡng lão,2
敬,恭敬,gōng jìng,cung kính,3
敬,孝敬,xiào jìng,hiếu thảo,4
敬,尊敬,zūn jìng,tôn trọng,5
敬,相敬如宾,xiāng jìng rú bīn,tương kính như khách (vợ chồng),5
敬,崇敬,chóng jìng,tôn kính,6
敬,敬业,jìng yè,tận tụy với công việc,6
敬,敬礼,jìng lǐ,chào,6
敬,敬佩,jìng pèi,kính trọng,7
敬,敬意,jìng yì,"tôn kính, kính trọng",7
敬,敬爱,jìng'ài,kính yêu,7
敬,敬请,jìng qǐng,trân trọng mời,7
敬,敬酒,jìng jiǔ,nâng ly chúc mừng,7
敬,敬重,jìng zhòng,tôn trọng,7
敬,致敬,zhì jìng,kính trọng,7
数,人数,rén shù,số lượng người,2
数,分数,fēn shù,"phân số, điểm, điểm số",2
数,少数,shǎo shù,thiểu số,2
数,数字,shù zì,chữ số,2
数,数学,shù xué,toán học,2
数,大多数,dà duō shù,đại đa số,2
数,数量,shù liàng,số lượng,3
数,数据,shù jù,dữ liệu,4
数,数码,shù mǎ,kỹ thuật số,4
数,无数,wú shù,vô số,4
数,总数,zǒng shù,tổng số,5
数,数目,shù mù,số lượng,5
数,岁数,suì shu,tuổi tác,6
数,指数,zhǐ shù,chỉ số,6
数,数额,shù'é,số lượng,6
数据,大数据,dà shù jù,dữ liệu lớn,7
数据,数据库,shù jù kù,cơ sở dữ liệu,7
敲,敲门,qiāo mén,gõ cửa,5
敲,推敲,tuī qiāo,cân nhắc kỹ lưỡng,7
敲,敲诈,qiāo zhà,tống tiền,7
敲,敲边鼓,qiāo biān gǔ,hỗ trợ lý lẽ,7
整,整天,zhěng tiān,cả ngày,1
整,整整,zhěng zhěng,toàn bộ,1
整,完整,wán zhěng,hoàn chỉnh,3
整,整个,zhěng gè,toàn bộ,3
整,整体,zhěng tǐ,toàn thể,3
整,整理,zhěng lǐ,sắp xếp,3
整,整齐,zhěng qí,gọn gàng,3
整,调整,tiáo zhěng,điều chỉnh,3
整,整顿,zhěng dùn,cải tổ,6
整,工整,gōng zhěng,cẩn thận và gọn gàng,7
整,整合,zhěng hé,sự hòa hợp,7
整,整数,zhěng shù,số nguyên,7
整,整洁,zhěng jié,duyên dáng,7
敷,敷衍,fū yǎn,làm việc qua loa,6
文,中文,zhōng wén,tiếng Trung,1
文,作文,zuò wén,bài văn,1
文,文学,wén xué,văn học,1
文,英文,Yīng wén,tiếng Anh,1
文,课文,kè wén,bài khoá,1
文,文化,wén huà,văn hóa,2
文,外文,wài wén,ngoại ngữ,3
文,散文,sǎn wén,tản văn,3
文,文件,wén jiàn,tài liệu,3
文,文字,wén zì,chữ viết,3
文,文明,wén míng,nền văn minh,3
文,文章,wén zhāng,bài báo,3
文,文艺复兴,wén yì fù xīng,"Phục hưng văn hóa, thời kỳ Phục hưng",3
文,人文,rén wén,nhân văn,4
文,文凭,wén píng,bằng tốt nghiệp,4
文学,文学家,wén xué jiā,nhà văn học,5
斑,斑点,bān diǎn,vết bẩn,7
斗,奋斗,fèn dòu,phấn đấu,4
斗,战斗,zhàn dòu,chiến đấu,4
斗,斗争,dòu zhēng,đấu tranh,5
斗,搏斗,bó dòu,đấu tranh,6
斗,泰斗,tài dǒu,người lãnh đạo hàng đầu,6
斗,争斗,zhēng dòu,"Tranh đấu, đấu tranh, tranh giành",7
斗,斗志,dòu zhì,tinh thần chiến đấu,7
斗,星斗,xīng dǒu,"sao, tinh tú, các vì sao",7
斗,好斗,hào dòu,"Hiếu chiến, thích gây sự.",8
料,原料,yuán liào,nguyên liệu,2
料,料酒,liào jiǔ,rượu nấu ăn,2
料,饮料,yǐn liào,đồ uống,3
料,塑料,sù liào,nhựa,4
料,材料,cái liào,vật liệu,4
料,燃料,rán liào,nhiên liệu,4
料,资料,zī liào,"tài liệu, dữ liệu",4
料,塑料袋,sù liào dài,túi nhựa,4
料,调料,tiáo liào,gia vị,5
料,不料,bù liào,không ngờ,6
料,意料,yì liào,mong đợi,6
料,预料,yù liào,dự kiến,6
料,佐料,zuǒ liào,gia vị,7
料,料到,liào dào,dự đoán,7
料,料理,liào lǐ,quản lý,7
斜,倾斜,qīng xié,nghiêng; thiên vị,6
斤,公斤,gōng jīn,kilôgam,2
斥,排斥,pái chì,loại trừ,6
斧,斧子,fǔ zi,rìu,7
斩,斩钉截铁,zhǎn dīng jié tiě,quyết đoán và dứt khoát,6
斩,斩草除根,zhǎn cǎo chú gēn,nhổ cỏ tận gốc,7
断,不断,bù duàn,liên tục,3
断,判断,pàn duàn,phán đoán,3
断,断裂,duàn liè,gãy,3
断,断定,duàn dìng,kết luận,4
断,垄断,lǒng duàn,độc quyền,5
断,诊断,zhěn duàn,chẩn đoán,5
断,断断续续,duàn duàn xù xù,gián đoạn,5
断,中断,zhōng duàn,gián đoạn,6
断,打断,dǎ duàn,ngắt lời,6
断,断绝,duàn jué,cắt đứt,6
断,果断,guǒ duàn,quyết đoán,6
断,切断,qiē duàn,cắt đứt,7
断,推断,tuī duàn,suy luận,7
断,断言,duàn yán,"quả quyết, khẳng định chắc chắn",7
断,间断,jiàn duàn,bị gián đoạn,7
斯,俄罗斯,É luó sī,Nga,1
斯,白俄罗斯,Bái é luó sī,Belarus,1
斯,伊斯兰,Yī sī lán,Hồi giáo,3
斯,斯文,sī wén,lịch sự,4
斯,萨克斯管,sà kè sī guǎn,kèn saxophone,4
斯,巴基斯坦,Bā jī sī tǎn,Pakistan,5
斯,穆斯林,Mù sī lín,người Hồi giáo,7
斯,伊斯兰教,yī sī lán jiào,Hồi giáo,7
新,新年,xīn nián,Năm mới,1
新,新鲜,xīn xiān,tươi,1
新,重新,chóng xīn,lại lần nữa,1
新,新闻,xīn wén,tin tức,2
新,创新,chuàng xīn,"sáng tạo, đổi mới",3
新,崭新,zhǎn xīn,mới tinh,3
新,新加坡,Xīn jiā pō,Singapore,3
新,新陈代谢,xīn chén dài xiè,trao đổi chất,3
新,新型,xīn xíng,kiểu mới,4
新,新娘,xīn niáng,cô dâu,4
新,新郎,xīn láng,chú rể,4
新,全新,quán xīn,hoàn toàn mới,6
新,新人,xīn rén,người mới,6
新,新兴,xīn xīng,mới nổi,6
新,新疆,Xīn jiāng,Tân Cương,6
方,北方,běi fāng,phía bắc,1
方,南方,nán fāng,miền Nam,1
方,地方,dì fang,nơi,1
方,方法,fāng fǎ,phương pháp,1
方,方面,fāng miàn,phương diện,1
方,东方,dōng fāng,phương đông,2
方,方便,fāng biàn,thuận tiện,2
方,方向,fāng xiàng,hướng,2
方,方式,fāng shì,cách,2
方,西方,xī fāng,phía tây; phương tây,2
方,方便面,fāng biàn miàn,mì ăn liền,2
方,平方公里,píng fāng gōng lǐ,Kilômét vuông (km²),2
方,双方,shuāng fāng,hai bên,3
方,对方,duì fāng,bên kia,3
方,一方面,yī fāng miàn,một mặt,3
方便,方便面,fāng biàn miàn,mì ăn liền,2
方向,方向盘,fāng xiàng pán,vô lăng,7
方面,一方面,yī fāng miàn,một mặt,3
方面,另一方面,lìng yī fāng miàn,mặt khác,3
方面,多方面,duō fāng miàn,nhiều cách,6
方面,单方面,dān fāng miàn,đơn phương,7
方面,方方面面,fāng fāng miàn miàn,mọi khía cạnh,7
施,设施,shè shī,công trình,3
施,措施,cuò shī,biện pháp,4
施,施肥,shī féi,Bón phân,5
施,实施,shí shī,thực hiện,6
施,施展,shī zhǎn,phát huy đầy đủ tài năng hoặc khả năng,6
施,施加,shī jiā,tác động,7
施,施压,shī yā,gây áp lực,7
施,施工,shī gōng,thi công,7
施,施行,shī xíng,thực hiện,7
旁,旁边,páng biān,bên cạnh,1
旁,一旁,yī páng,một bên,7
旁,旁观,páng guān,quan sát từ bên ngoài,7
旁,袖手旁观,xiù shǒu páng guān,đứng nhìn thờ ơ,7
旁,旁观者,páng guān zhě,"Người ngoài cuộc, người đứng xem, người bàng quan.",8
旁观,袖手旁观,xiù shǒu páng guān,đứng nhìn thờ ơ,7
旁观,旁观者,páng guān zhě,"Người ngoài cuộc, người đứng xem, người bàng quan.",8
旅,旅行,lǚ xíng,du lịch,1
旅,旅客,lǚ kè,hành khách,2
旅,旅游,lǚ yóu,du lịch; du lịch,2
旅,旅行社,lǚ xíng shè,công ty du lịch,2
旅,旅馆,lǚ guǎn,khách sạn,3
旅,旅店,lǚ diàn,khách sạn,6
旅,旅程,lǚ chéng,hành trình,7
旅,旅途,lǚ tú,hành trình,7
旅行,旅行社,lǚ xíng shè,công ty du lịch,2
旋,旋律,xuán lǜ,giai điệu,6
旋,旋转,xuán zhuǎn,xoay,6
旋,周旋,zhōu xuán,giao tiếp,7
旋,旋即,xuán jí,"ngay sau đó, lập tức",7
族,民族,mín zú,dân tộc,2
族,家族,jiā zú,"gia đình, dòng họ",3
族,中华民族,Zhōng huá mín zú,dân tộc Trung Quốc,3
族,贵族,guì zú,quý tộc,4
族,种族,zhǒng zú,chủng tộc,6
旗,旗帜,qí zhì,cờ,3
旗,国旗,guó qí,quốc kỳ,6
旗,旗子,qí zi,lá cờ,6
旗,旗袍,qí páo,xẩm,6
旗,锦旗,jǐn qí,cờ thêu,7
无,无聊,wú liáo,nhàm chán,1
无,无为,wú wéi,vô vi (thuận theo tự nhiên),3
无,毫无,háo wú,hoàn toàn không,3
无,无从,wú cóng,không có cách nào,4
无,无偿,wú cháng,miễn phí,4
无,无意,wú yì,vô tình,4
无,无数,wú shù,vô số,4
无,无法,wú fǎ,không thể,4
无,无论,wú lùn,bất kể,4
无,无限,wú xiàn,vô hạn,4
无,无所谓,wú suǒ wèi,không quan trọng,4
无,无奈,wú nài,bất lực,5
无,无情,wú qíng,tàn nhẫn,5
无,无锡,Wú xī,Vô Tích (thành phố),5
无,无关,wú guān,không liên quan,6
无关,无关紧要,wú guān jǐn yào,không quan trọng,7
无形,无形中,wú xíng zhōng,một cách vô hình,7
无心,有口无心,yǒu kǒu wú xīn,nói mà không suy nghĩ,7
无情,冷酷无情,lěng kù wú qíng,"lạnh lùng, vô tình",7
无情,无情无义,wú qíng wú yì,vô tình vô nghĩa,7
无私,大公无私,dà gōng wú sī,vị tha,7
无穷,无穷无尽,wú qióng wú jìn,vô tận,6
无能,无能为力,wú néng wéi lì,bất lực,6
无论,无论如何,wú lùn rú hé,bất kể thế nào,7
无限,无限期,wú xiàn qī,"không thời hạn, vô thời hạn",7
既,既然,jì rán,một khi,4
既,一如既往,yī rú jì wǎng,như trước đây,6
日,日期,rì qī,ngày,1
日,日本,Rì běn,Nhật Bản,1
日,日语,Rì yǔ,tiếng Nhật,1
日,生日,shēng rì,sinh nhật,1
日,星期日,xīng qī rì,Chủ nhật,1
日,日子,rì zi,cuộc sống,2
日,日报,rì bào,báo hàng ngày,2
日,日记,rì jì,nhật ký,2
日,节日,jié rì,lễ hội,2
日,日常,rì cháng,hàng ngày,3
日,工作日,gōng zuò rì,ngày làm việc,3
日,白日梦,bái rì mèng,"giấc mơ ban ngày, mơ mộng hão huyền",3
日,与日俱增,yǔ rì jù zēng,tăng theo từng ngày,3
日,如日中天,rú rì zhōng tiān,"Như mặt trời giữa trưa, đang ở đỉnh cao, thời kỳ hoàng kim",3
日,日历,rì lì,lịch,4
日子,过日子,guò rì zi,sống,7
旦,一旦,yī dàn,một khi,5
旦,元旦,Yuán dàn,Tết Nguyên Đán,5
旧,仍旧,réng jiù,vẫn,6
旧,陈旧,chén jiù,lỗi thời,6
旧,怀旧,huái jiù,hoài niệm,7
旧,破旧,pò jiù,cũ kỹ,7
旨,宗旨,zōng zhǐ,mục đích,6
旨,旨在,zhǐ zài,với mục đích,7
早,早上,zǎo shang,buổi sáng,1
早,早饭,zǎo fàn,bữa sáng,1
早,早睡早起,zǎo shuì zǎo qǐ,Ngủ sớm dậy sớm,1
早,早就,zǎo jiù,từ lâu,2
早,早晨,zǎo chén,sáng sớm,2
早,早餐,zǎo cān,bữa sáng,2
早,早已,zǎo yǐ,đã sớm,3
早,迟早,chí zǎo,sớm hay muộn,5
早,早晚,zǎo wǎn,sớm muộn,6
早,一早,yī zǎo,sáng sớm,7
早,及早,jí zǎo,càng sớm càng tốt,7
早,尽早,jǐn zǎo,càng sớm càng tốt,7
早,提早,tí zǎo,chuyển đến sớm hơn,7
早,早年,zǎo nián,những năm trước,7
早,早日,zǎo rì,sớm,7
旬,中旬,zhōng xún,giữa tháng,5
旬,上旬,shàng xún,đầu tháng,7
旬,下旬,xià xún,cuối tháng,7
旭,旭日,xù rì,mặt trời mọc,7
旱,旱烟,hàn yān,Thuốc lào khô (hút trực tiếp không qua nước),4
旱,干旱,gān hàn,khô hạn,7
旱,旱灾,hàn zāi,hạn hán,7
时,小时,xiǎo shí,giờ,1
时,平时,píng shí,thường ngày,1
时,时候,shí hou,thời gian,1
时,时间,shí jiān,thời gian,1
时,有时候,yǒu shí hou,đôi khi,1
时,准时,zhǔn shí,đúng giờ,2
时,同时,tóng shí,đồng thời,2
时,当时,dāng shí,lúc đó,2
时,暂时,zàn shí,tạm thời,2
时,有时,yǒu shí,"Đôi khi, có lúc",2
时,随时,suí shí,bất kỳ lúc nào,2
时,小时候,xiǎo shí hou,Hồi nhỏ,2
时,这时候,zhè shí hòu,lúc này,2
时,那时候,nà shí hòu,lúc đó,2
时,及时,jí shí,kịp thời,3
时代,划时代,huà shí dài,đánh dấu thời đại,7
时候,有时候,yǒu shí hou,đôi khi,1
时候,小时候,xiǎo shí hou,Hồi nhỏ,2
时候,这时候,zhè shí hòu,lúc này,2
时候,那时候,nà shí hòu,lúc đó,2
时间,时间表,shí jiān biǎo,thời gian biểu,7
旷,旷课,kuàng kè,bỏ học,7
旺,旺盛,wàng shèng,mạnh mẽ,5
旺,兴旺,xīng wàng,thịnh vượng,6
旺,旺季,wàng jì,mùa bận rộn,7
昂,昂贵,áng guì,đắt đỏ,6
昂,高昂,gāo'áng,cao hứng,7
昆,昆虫,kūn chóng,côn trùng,5
昆,昆明,Kūn míng,"Côn Minh (thủ phủ tỉnh Vân Nam, Trung Quốc)",6
昌,昌盛,chāng shèng,thịnh vượng,6
明,明天,míng tiān,ngày mai,1
明,明年,míng nián,năm sau,1
明,明白,míng bai,hiểu,1
明,明信片,míng xìn piàn,bưu thiếp,1
明,明星,míng xīng,ngôi sao,2
明,说明,shuō míng,giải thích,2
明,光明,guāng míng,"ánh sáng, sáng sủa",3
明,发明,fā míng,phát minh,3
明,声明,shēng míng,tuyên bố,3
明,文明,wén míng,nền văn minh,3
明,明显,míng xiǎn,rõ ràng,3
明,明智,míng zhì,khôn ngoan,3
明,明确,míng què,rõ ràng và dứt khoát; làm rõ,3
明,聪明,cōng ming,thông minh,3
明,表明,biǎo míng,"bày tỏ, làm rõ",3
昏,昏迷,hūn mí,hôn mê,6
昏,黄昏,huáng hūn,hoàng hôn,6
易,容易,róng yì,dễ,1
易,交易,jiāo yì,"giao dịch, mua bán",3
易,显而易见,xiǎn ér yì jiàn,rõ ràng,3
易,轻易,qīng yì,dễ dàng,4
易,贸易,mào yì,thương mại,5
易,好容易,hǎo róng yì,"Mãi mới, khó khăn lắm mới",6
易,好不容易,hǎo bù róng yì,khó khăn lớn,6
易,简易,jiǎn yì,đơn giản,7
易,易拉罐,yì lā guàn,hộp mở nắp,7
易,谈何容易,tán hé róng yì,"Nói thì dễ nhưng làm thì khó, không dễ chút nào",7
易,轻而易举,qīng ér yì jǔ,dễ dàng,7
易,不易,bù yì,khó khăn,8
易,易于,yì yú,"dễ dàng, dễ",8
昔,昔日,xī rì,ngày xưa,7
昙,昙花,tán huā,Hoa quỳnh,5
星,星期,xīng qī,Tuần,1
星,星期一,xīng qī yī,thứ Hai,1
星,星期三,xīng qī sān,thứ Tư,1
星,星期二,xīng qī èr,thứ Ba,1
星,星期五,xīng qī wǔ,thứ Sáu,1
星,星期六,xīng qī liù,thứ Bảy,1
星,星期四,xīng qī sì,thứ Năm,1
星,星期天,xīng qī tiān,Chủ nhật,1
星,星期日,xīng qī rì,Chủ nhật,1
星,明星,míng xīng,ngôi sao,2
星,星星,xīng xing,ngôi sao,2
星,卫星,wèi xīng,vệ tinh,5
星,影星,yǐng xīng,ngôi sao điện ảnh,6
星,歌星,gē xīng,ca sĩ ngôi sao,6
星,球星,qiú xīng,ngôi sao thể thao,6
星期,星期一,xīng qī yī,thứ Hai,1
星期,星期三,xīng qī sān,thứ Tư,1
星期,星期二,xīng qī èr,thứ Ba,1
星期,星期五,xīng qī wǔ,thứ Sáu,1
星期,星期六,xīng qī liù,thứ Bảy,1
星期,星期四,xīng qī sì,thứ Năm,1
星期,星期天,xīng qī tiān,Chủ nhật,1
星期,星期日,xīng qī rì,Chủ nhật,1
映,反映,fǎn yìng,báo cáo,4
映,放映,fàng yìng,chiếu phim,6
映,上映,shàng yìng,chiếu phim,7
春,春天,chūn tiān,mùa xuân,1
春,春节,Chūn jié,Tết Nguyên Đán,1
春,春季,chūn jì,mùa xuân,4
春,青春,qīng chūn,thanh xuân,4
春,青春期,qīng chūn qī,tuổi dậy thì,7
昧,三昧,sān mèi,"Tam muội (tập trung tinh thần cao độ, chuyên tâm, chú tâm)",4
昧,愚昧,yú mèi,ngu muội,6
昧,暧昧,ài mèi,mơ hồ,6
昧,冒昧,mào mèi,tự tin,7
昨,昨天,zuó tiān,hôm qua,1
是,可是,kě shì,nhưng,1
是,就是,jiù shì,"chính xác, thật sự",1
是,还是,hái shi,hoặc (trong câu hỏi),1
是,是不是,shì bu shì,có phải không?,1
是,于是,yú shì,sau đó,2
是,但是,dàn shì,nhưng,2
是,总是,zǒng shì,luôn luôn,2
是,正是,zhèng shì,chính xác là,2
是,老是,lǎo shì,luôn luôn,2
是,要是,yào shi,nếu,2
是,凡是,fán shì,mọi thứ,3
是,只是,zhǐ shì,chỉ là,3
是,有的是,yǒu de shì,có nhiều hơn đủ,3
是,是否,shì fǒu,có hay không?,4
是,而是,ér shì,nhưng,4
昼,昼夜,zhòu yè,ngày và đêm,6
显,明显,míng xiǎn,rõ ràng,3
显,显得,xiǎn de,có vẻ,3
显,显然,xiǎn rán,rõ ràng,3
显,显示,xiǎn shì,hiển thị,3
显,显而易见,xiǎn ér yì jiàn,rõ ràng,3
显,显出,xiǎn chū,biểu hiện,6
显,显著,xiǎn zhù,đáng chú ý,6
显,凸显,tū xiǎn,nổi bật,7
显,显现,xiǎn xiàn,xuất hiện,7
显,显眼,xiǎn yǎn,bắt mắt,7
显,显赫,xiǎn hè,nổi tiếng,7
显,显露,xiǎn lù,"lộ ra, biểu lộ, thể hiện",7
显,显示器,xiǎn shì qì,màn hình,7
显示,显示器,xiǎn shì qì,màn hình,7
晃,一晃,yī huàng,trôi qua trong chớp mắt,7
晃,摇晃,yáo huàng,lắc lư,7
晃,晃荡,huàng dang,lang thang,7
晋,晋升,jìn shēng,thăng chức,6
晒,晒太阳,shài tài yáng,tắm nắng,7
晓,通晓,tōng xiǎo,"thông thạo, hiểu rõ",4
晓,晓得,xiǎo de,biết,6
晓,家喻户晓,jiā yù hù xiǎo,nổi tiếng,6
晓,拂晓,fú xiǎo,"Bình minh, rạng đông",7
晓,揭晓,jiē xiǎo,thông báo,7
晕,晕眩,yūn xuàn,"choáng váng, chóng mặt",3
晕,晕车,yùn chē,say xe,6
晕,头晕,tóu yūn,chóng mặt,7
晕,晕倒,yūn dǎo,ngất xỉu,7
晚,晚上,wǎn shang,buổi tối,1
晚,晚会,wǎn huì,dạ tiệc,1
晚,晚安,wǎn'ān,chúc ngủ ngon,1
晚,晚饭,wǎn fàn,bữa tối,1
晚,晚报,wǎn bào,báo chiều,2
晚,晚点,wǎn diǎn,muộn,2
晚,晚餐,wǎn cān,bữa tối,2
晚,傍晚,bàng wǎn,buổi tối,5
晚,早晚,zǎo wǎn,sớm muộn,6
晚,夜晚,yè wǎn,đêm,7
晚,当晚,dàng wǎn,tối hôm đó,7
晚,晚年,wǎn nián,cuối đời,7
晚,晚期,wǎn qī,giai đoạn sau,7
晚,晚间,wǎn jiān,buổi tối,7
晚,一天到晚,yī tiān dào wǎn,cả ngày,7
晤,会晤,huì wù,cuộc họp,7
晦,晦气,huì qì,"Xui xẻo, đen đủi; vận rủi",3
晨,早晨,zǎo chén,sáng sớm,2
晨,清晨,qīng chén,sáng sớm,2
晨,凌晨,líng chén,trước bình minh,7
普,普通,pǔ tōng,thông thường,2
普,普通话,pǔ tōng huà,tiếng phổ thông,2
普,普及,pǔ jí,phổ biến,3
普,普遍,pǔ biàn,phổ biến,4
普,吉普,jí pǔ,xe Jeep,7
普,科普,kē pǔ,khoa học phổ thông,7
普,普通人,pǔ tōng rén,người thường,7
普通,普通话,pǔ tōng huà,tiếng phổ thông,2
普通,普通人,pǔ tōng rén,người thường,7
景,风景,fēng jǐng,phong cảnh,1
景,景点,jǐng diǎn,điểm tham quan,3
景,景色,jǐng sè,phong cảnh,3
景,背景,bèi jǐng,nền,3
景,光景,guāng jǐng,"Cảnh tượng, tình hình; thời gian, cảnh vật",4
景,情景,qíng jǐng,tình huống,4
景,前景,qián jǐng,triển vọng,6
景,场景,chǎng jǐng,cảnh,6
景,景区,jǐng qū,điểm danh lam thắng cảnh,7
景,景观,jǐng guān,phong cảnh,7
景,美景,měi jǐng,phong cảnh đẹp,7
景,不景气,bù jǐng qì,suy thoái,7
晰,清晰,qīng xī,rõ ràng,5
晴,晴天,qíng tiān,trời nắng,1
晴,晴朗,qíng lǎng,nắng đẹp,4
晶,结晶,jié jīng,kết tinh,6
晶,晶莹,jīng yíng,long lanh và trong suốt,7
晶,水晶,shuǐ jīng,pha lê,7
晶,液晶,yè jīng,tinh thể lỏng,7
智,明智,míng zhì,khôn ngoan,3
智,智力,zhì lì,trí lực,4
智,智能,zhì néng,trí tuệ,4
智,智谋,zhì móu,Trí mưu; mưu trí; mưu lược,4
智,智慧,zhì huì,trí tuệ,5
智,机智,jī zhì,lanh lợi,6
智,理智,lǐ zhì,hợp lý,6
智,智商,zhì shāng,"chỉ số thông minh, IQ",7
智,人工智能,rén gōng zhì néng,trí tuệ nhân tạo,7
智,见仁见智,jiàn rén jiàn zhì,mỗi người một ý,7
智,足智多谋,zú zhì duō móu,thông minh và mưu trí,7
智能,人工智能,rén gōng zhì néng,trí tuệ nhân tạo,7
暂,暂时,zàn shí,tạm thời,2
暂,暂停,zàn tíng,tạm dừng,5
暂,暂且,zàn qiě,tạm thời,6
暂,短暂,duǎn zàn,ngắn hạn,7
暄,寒暄,hán xuān,chào hỏi,6
暑,暑假,shǔ jià,kỳ nghỉ hè,2
暑,放暑假,fàng shǔ jià,đi nghỉ hè,4
暑,暑期,shǔ qī,kỳ nghỉ hè,7
暑,避暑,bì shǔ,tránh nóng mùa hè,7
暑假,放暑假,fàng shǔ jià,đi nghỉ hè,4
暖,温暖,wēn nuǎn,ấm áp,2
暖,暖和,nuǎn huo,ấm áp,3
暖,暖气,nuǎn qì,hệ thống sưởi,4
暖,供暖,gōng nuǎn,sưởi ấm,7
暖,保暖,bǎo nuǎn,giữ ấm,7
暖,取暖,qǔ nuǎn,sưởi ấm,7
暖,暖烘烘,nuǎn hōng hōng,ấm áp,7
暗,暗示,àn shì,ám chỉ,3
暗,黑暗,hēi'àn,tối,4
暗,暗暗,àn àn,"thầm, lén lút",5
暗,暗中,àn zhōng,trong bí mật,7
暗,暗杀,àn shā,ám sát,7
暗,阴暗,yīn'àn,"tối tăm, u ám",7
暗,暗地里,àn dì lǐ,bí mật,7
暗,暗影,àn yǐng,"bóng tối, bóng râm; ẩn ý, ám ảnh",8
暧,暧昧,ài mèi,mơ hồ,6
暮,朝三暮四,zhāo sān mù sì,thay đổi thất thường,5
暴,暴雨,bào yǔ,mưa bão,5
暴,暴力,bào lì,"bạo lực, sức mạnh",6
暴,暴露,bào lù,vạch trần,6
暴,风暴,fēng bào,bão,6
暴,暴风雨,bào fēng yǔ,bão,6
暴,暴利,bào lì,lợi nhuận khủng,7
暴,暴躁,bào zào,nóng tính,7
暴,火暴,huǒ bào,mạnh mẽ,7
暴,粗暴,cū bào,"thô lỗ, hung dữ",7
暴,暴风骤雨,bào fēng zhòu yǔ,bão tố,7
暴,暴君,bào jūn,"Bạo chúa, bạo quân",8
曙,曙光,shǔ guāng,ánh sáng ban mai,7
曝,曝光,bào guāng,phơi sáng,6
曲,歌曲,gē qǔ,bài hát,1
曲,歪歪曲曲,wāi wāi qū qū,"ngoằn ngoèo, cong queo",5
曲,乐曲,yuè qǔ,bản nhạc,6
曲,弯曲,wān qū,cong,6
曲,戏曲,xì qǔ,kinh kịch,6
曲,曲折,qū zhé,cong,6
曲,曲阜,Qū fù,"Khúc Phụ (tên thành phố, quê hương Khổng Tử)",6
曲,小曲,xiǎo qǔ,bài hát ngắn,7
曲,扭曲,niǔ qū,biến dạng,7
曲,曲线,qū xiàn,đường cong,7
曲,歪曲,wāi qū,xuyên tạc,7
更,更加,gèng jiā,càng hơn,3
更,知更鸟,zhī gēng niǎo,chim cổ đỏ (robin),5
更,变更,biàn gēng,thay đổi,6
更,更新,gēng xīn,cập nhật,6
更,更是,gèng shì,càng hơn nữa,6
更,更正,gēng zhèng,chỉnh sửa,6
更,自力更生,zì lì gēng shēng,tự lực cánh sinh,6
更,更换,gēng huàn,thay đổi,7
更,更改,gēng gǎi,thay đổi,7
更,更衣室,gēng yī shì,phòng thay đồ,7
曼,曼哈顿,màn hā dùn,Manhattan (một quận của New York),3
曾,曾经,céng jīng,đã từng,2
曾,似曾相识,sì céng xiāng shí,đã gặp trước đây,3
替,代替,dài tì,thay thế,4
替,替代,tì dài,thay thế,4
替,交替,jiāo tì,luân phiên,7
替,接替,jiē tì,thay thế,7
替,替换,tì huàn,thay thế,7
替,替身,tì shēn,người thay thế,7
最,最后,zuì hòu,cuối cùng,1
最,最好,zuì hǎo,tốt nhất,1
最,最近,zuì jìn,gần đây,2
最,最初,zuì chū,ban đầu,4
最,最佳,zuì jiā,tốt nhất,6
最,最终,zuì zhōng,cuối cùng,6
最,最为,zuì wéi,"nhất, vô cùng",8
月,月亮,yuè liàng,mặt trăng,2
月,月份,yuè fèn,tháng trong lịch,2
月,月底,yuè dǐ,cuối tháng,4
月,上个月,shàng gè yuè,tháng trước,4
月,下个月,xià gè yuè,tháng sau,4
月,月饼,yuè bǐng,bánh trung thu,5
月,日新月异,rì xīn yuè yì,đổi mới hàng ngày,6
月,月初,yuè chū,đầu tháng,7
月,月票,yuè piào,vé tháng,7
月,腊月,là yuè,tháng mười hai âm lịch,7
月,蜜月,mì yuè,tuần trăng mật,7
有,有些,yǒu xiē,một số,1
有,有名,yǒu míng,nổi tiếng,1
有,有用,yǒu yòng,hữu ích,1
有,有的,yǒu de,một số,1
有,没有,méi yǒu,không,1
有,还有,hái yǒu,"còn có, ngoài ra",1
有,有意思,yǒu yì si,thú vị,1
有,有时候,yǒu shí hou,đôi khi,1
有,有点儿,yǒu diǎnr,"hơi, có chút",1
有,所有,suǒ yǒu,tất cả,2
有,有人,yǒu rén,ai đó,2
有,有时,yǒu shí,"Đôi khi, có lúc",2
有,有味儿,yǒu wèir,"Có mùi vị (thơm ngon), có hương vị",2
有,有一点儿,yǒu yī diǎnr,một chút,2
有,共有,gòng yǒu,có tất cả,3
有意,有意思,yǒu yì si,thú vị,1
有意,有意义,yǒu yì yì,Có ý nghĩa,3
有所,有所不同,yǒu suǒ bù tóng,khác nhau ở một mức độ nào đó,7
有效,有效期,yǒu xiào qī,thời gian hiệu lực,7
有时,有时候,yǒu shí hou,đôi khi,1
有机,有机耕种,yǒu jī gēng zhòng,"canh tác hữu cơ, trồng trọt hữu cơ",8
有的,有的是,yǒu de shì,có nhiều hơn đủ,3
有的,有的放矢,yǒu dì fàng shǐ,có mục tiêu rõ ràng,7
朋,朋友,péng you,bạn,1
朋,女朋友,nǚ péng you,bạn gái,1
朋,小朋友,xiǎo péng you,bé trai hoặc bé gái,1
朋,男朋友,nán péng you,bạn trai,1
朋,交朋友,jiāo péng yǒu,kết bạn,2
朋,老朋友,lǎo péng you,bạn cũ,2
朋,呼朋唤友,hū péng huàn yǒu,"gọi bạn bè, hô hào bạn bè",5
朋,亲朋好友,qīn péng hǎo yǒu,người thân và bạn bè,7
朋友,女朋友,nǚ péng you,bạn gái,1
朋友,小朋友,xiǎo péng you,bé trai hoặc bé gái,1
朋友,男朋友,nán péng you,bạn trai,1
朋友,交朋友,jiāo péng yǒu,kết bạn,2
朋友,老朋友,lǎo péng you,bạn cũ,2
服,舒服,shū fu,"thoải mái, khỏe mạnh",1
服,衣服,yī fu,quần áo,1
服,服务员,fúwùyuán,nhân viên phục vụ,1
服,服务,fú wù,"phục vụ, dịch vụ",2
服,佩服,pèi fú,khâm phục,3
服,克服,kè fú,khắc phục,3
服,征服,zhēng fú,chinh phục,3
服,服装,fú zhuāng,trang phục,3
服,服务台,fú wù tái,quầy lễ tân; quầy phục vụ,3
服,说服,shuō fú,thuyết phục,4
服,服气,fú qì,bị thuyết phục,5
服,制服,zhì fú,đồng phục,6
服,屈服,qū fú,đầu hàng,6
服,服从,fú cóng,tuân thủ,6
服,羽绒服,yǔ róng fú,áo lông vũ,6
服务,服务员,fúwùyuán,nhân viên phục vụ,1
服务,服务台,fú wù tái,quầy lễ tân; quầy phục vụ,3
服务,服务器,fú wù qì,máy chủ,7
服气,不服气,bù fú qì,không phục,7
朗,晴朗,qíng lǎng,nắng đẹp,4
朗,朗读,lǎng dú,đọc to,5
朗,开朗,kāi lǎng,"vui vẻ, cởi mở",7
朗,明朗,míng lǎng,"rõ ràng, hiển nhiên",7
朗,朗吟,lǎng yín,ngâm nga vang vọng,7
朗,朗诵,lǎng sòng,ngâm thơ,7
朗,硬朗,yìng lǎng,vững chắc,7
望,希望,xī wàng,hy vọng,1
望,失望,shī wàng,thất vọng,2
望,愿望,yuàn wàng,mong muốn,2
望,欲望,yù wàng,khao khát,3
望,喜出望外,xǐ chū wàng wài,vui mừng khôn xiết,3
望,看望,kàn wàng,thăm,4
望,盼望,pàn wàng,mong mỏi,5
望,威望,wēi wàng,uy tín,6
望,展望,zhǎn wàng,nhìn về tương lai,6
望,指望,zhǐ wàng,hy vọng,6
望,期望,qī wàng,hy vọng; hy vọng,6
望,渴望,kě wàng,khao khát,6
望,东张西望,dōng zhāng xī wàng,nhìn xung quanh,6
望,声望,shēng wàng,uy tín,7
望,奢望,shē wàng,ước muốn hoang dã,7
朝,朝三暮四,zhāo sān mù sì,thay đổi thất thường,5
朝,朝代,cháo dài,triều đại,6
朝,朝鲜,Cháo xiǎn,Triều Tiên (Cộng hòa Dân chủ Nhân dân Triều Tiên),6
朝,朝气蓬勃,zhāo qì péng bó,năng động và tích cực,6
朝,朝着,cháo zhe,đối mặt,7
朝,有朝一日,yǒu zhāo yī rì,một ngày nào đó,7
朝,朝夕相处,zhāo xī xiāng chǔ,ở cùng từ sáng đến tối,7
朝,热火朝天,rè huǒ cháo tiān,"Sôi nổi, tưng bừng, hăng hái (chỉ cảnh làm việc sôi nổi).",8
期,假期,jià qī,kỳ nghỉ,1
期,学期,xué qī,học kỳ,1
期,日期,rì qī,ngày,1
期,星期,xīng qī,Tuần,1
期,星期一,xīng qī yī,thứ Hai,1
期,星期三,xīng qī sān,thứ Tư,1
期,星期二,xīng qī èr,thứ Ba,1
期,星期五,xīng qī wǔ,thứ Sáu,1
期,星期六,xīng qī liù,thứ Bảy,1
期,星期四,xīng qī sì,thứ Năm,1
期,星期天,xīng qī tiān,Chủ nhật,1
期,星期日,xīng qī rì,Chủ nhật,1
期,定期,dìng qī,định kỳ; thường xuyên,3
期,短期,duǎn qī,ngắn hạn,3
期,近期,jìn qī,gần đây,3
朦,朦胧,méng lóng,mờ mịt,5
木,乔木,qiáo mù,"cây thân gỗ, cây to",3
木,木头,mù tou,gỗ,3
木,麻木,má mù,không có cảm giác,6
木,木偶,mù'ǒu,hình ảnh bằng gỗ,7
木,木匠,mù jiàng,thợ mộc,7
木,木材,mùcái,gỗ,7
木,木板,mù bǎn,ván gỗ,7
木,树木,shù mù,cây cối,7
未,未来,wèi lái,tương lai,2
未,未必,wèi bì,chưa chắc,4
未,未免,wèi miǎn,thực sự,6
未,从未,cóng wèi,chưa bao giờ,7
未,尚未,shàng wèi,chưa,7
未,未经,wèi jīng,không trải qua,7
未,未知数,wèi zhī shù,số chưa biết,7
未,前所未有,qián suǒ wèi yǒu,chưa từng có,7
未,未成年人,wèi chéng nián rén,người chưa thành niên,7
末,周末,zhōu mò,cuối tuần,1
末,强弩之末,qiáng nǔ zhī mò,"Tên nỏ mạnh hết đà, sức mạnh đã cạn, yếu ớt khi kết thúc",3
末,期末,qī mò,cuối kỳ,4
末,粉末,fěn mò,bột,6
末,末日,mò rì,ngày cuối cùng,7
本,日本,Rì běn,Nhật Bản,1
本,本子,běn zi,vở bài tập,1
本,课本,kè běn,sách giáo khoa,1
本,基本,jī běn,cơ bản,2
本,本来,běn lái,nguyên bản,2
本,笔记本,bǐ jì běn,máy tính xách tay,2
本,本事,běn shì,khả năng,3
本,本能,běn néng,bản năng,3
本,本领,běn lǐng,khả năng,3
本,根本,gēn běn,hoàn toàn,3
本,基本上,jī běn shang,về cơ bản,3
本,原本,yuán běn,ban đầu,4
本,忘本,wàng běn,Quên nguồn gốc; quên bản chất,4
本,本科,běn kē,bằng cử nhân,4
本,标本,biāo běn,mẫu vật,4
术,美术馆,měi shù guǎn,"Bảo tàng mỹ thuật, phòng trưng bày nghệ thuật",1
术,美术,měi shù,nghệ thuật,2
术,艺术,yì shù,nghệ thuật,2
术,技术,jì shù,công nghệ,3
术,武术,wǔ shù,wushu,3
术,学术,xué shù,học thuật,4
术,手术,shǒu shù,phẫu thuật,4
术,战术,zhàn shù,chiến thuật,6
术,魔术,mó shù,ảo thuật,6
术,印刷术,yìn shuā shù,nghề in,7
术,手术室,shǒu shù shì,phòng phẫu thuật,7
术,造纸术,zào zhǐ shù,công nghệ làm giấy,7
术,高新技术,gāo xīn jì shù,công nghệ cao mới,7
朱,朱红,zhū hóng,đỏ tươi,7
朴,朴实,pǔ shí,đơn giản,6
朴,朴素,pú sù,"giản dị, đơn giản",6
朴,淳朴,chún pú,"chất phác, mộc mạc, thuần phác",6
朴,古朴,gǔ pǔ,giản dị và cổ kính,7
朴,纯朴,chún pǔ,chân chất và giản dị,7
朴,质朴,zhì pǔ,đơn giản,7
朵,耳朵,ěr duo,tai,1
朵,朵颐,duǒ yí,"ăn uống ngon lành, thưởng thức món ăn",4
机,手机,shǒu jī,điện thoại di động,1
机,机场,jī chǎng,sân bay,1
机,机票,jī piào,vé máy bay,1
机,飞机,fēi jī,máy bay,1
机,电视机,diàn shì jī,TV,1
机,关机,guān jī,tắt máy,2
机,司机,sī jī,tài xế,2
机,开机,kāi jī,bật nguồn,2
机,机会,jī huì,"cơ hội, dịp",2
机,相机,xiàng jī,máy ảnh,2
机,洗衣机,xǐ yī jī,máy giặt,2
机,计算机,jì suàn jī,máy tính,2
机,危机,wēi jī,khủng hoảng,3
机,机器,jī qì,máy móc,3
机,耳机,ěr jī,tai nghe,3
机动,机动车,jī dòng chē,xe cơ giới,6
机器,机器人,jī qì rén,robot,5
朽,腐朽,fǔ xiǔ,thối rữa,7
杀,宰杀,zǎi shā,giết mổ,3
杀,杀毒,shā dú,diệt virus,5
杀,自杀,zì shā,tự tử,5
杀,屠杀,tú shā,tàn sát,7
杀,抹杀,mǒ shā,xoá bỏ,7
杀,暗杀,àn shā,ám sát,7
杀,杀出,shā chū,"Giết ra, xông ra (mang tính đột ngột, mạnh mẽ)",7
杀,杀害,shā hài,giết hại,7
杀,杀手,shā shǒu,kẻ giết người,7
杂,杂志,zá zhì,tạp chí,1
杂,复杂,fù zá,phức tạp,2
杂,嘈杂,cáo zá,ồn ào,6
杂,杂交,zá jiāo,lai tạo,6
杂,杂技,zá jì,xiếc,7
杂,杂乱无章,zá luàn wú zhāng,hỗn loạn và bừa bộn,7
杂,错综复杂,cuò zōng fù zá,phức tạp,7
权,权利,quán lì,quyền lợi,4
权,权力,quán lì,quyền lực,5
权,人权,rén quán,nhân quyền,6
权,政权,zhèng quán,chính quyền,6
权,权威,quán wēi,uy quyền,6
权,权衡,quán héng,cân nhắc,6
权,主权,zhǔ quán,chủ quyền,7
权,侵权,qīn quán,vi phạm quyền,7
权,授权,shòu quán,ủy quyền,7
权,权益,quán yì,quyền lợi và lợi ích,7
权,特权,tè quán,đặc quyền,7
权,职权,zhí quán,quyền lực của văn phòng,7
权,自治权,zì zhì quán,quyền tự trị,7
杆,栏杆,lán gān,lan can,5
杆,杠杆,gàng gǎn,đòn bẩy,6
李,行李,xíng li,hành lý,1
李,行李箱,xíng li xiāng,vali; cốp xe,3
材,教材,jiào cái,tài liệu giảng dạy,3
材,材料,cái liào,vật liệu,4
材,身材,shēn cái,vóc dáng,4
材,题材,tí cái,vấn đề,5
材,器材,qì cái,thiết bị,6
材,木材,mùcái,gỗ,7
材,棺材,guān cai,quan tài,7
材,素材,sù cái,tài liệu nguồn,7
材,药材,yào cái,nguyên liệu thuốc,7
材,原材料,yuán cái liào,nguyên liệu thô,7
材料,原材料,yuán cái liào,nguyên liệu thô,7
村,农村,nóng cūn,vùng nông thôn,2
村,乡村,xiāng cūn,nhạc đồng quê,5
村,村庄,cūn zhuāng,làng,6
杖,拐杖,guǎi zhàng,cái nạng,7
杖,禅杖,chán zhàng,gậy thiền,7
杖,擀面杖,gǎn miàn zhàng,"Cây cán bột, thanh lăn bột",7
杜,杜绝,dù jué,chấm dứt hoàn toàn,6
束,结束,jié shù,kết thúc,2
束,拘束,jū shù,bị ràng buộc,7
束,束缚,shù fù,trói buộc,7
束,装束,zhuāng shù,"Trang phục, cách ăn mặc",8
杠,杠杆,gàng gǎn,đòn bẩy,6
杠,杠铃,gàng líng,tạ đòn,7
条,面条,miàn tiáo,mì,1
条,请假条,qǐng jià tiáo,Giấy xin nghỉ phép,1
条,面条儿,miàn tiáor,mì sợi,1
条,条件,tiáo jiàn,điều kiện,2
条,便条,biàn tiáo,ghi chú,5
条,苗条,miáo tiáo,mảnh mai,5
条,条款,tiáo kuǎn,điều khoản,6
条,条理,tiáo lǐ,sắp xếp,6
条,薯条,shǔ tiáo,khoai tây chiên,6
条,有条不紊,yǒu tiáo bù wěn,đều đặn và kỹ lưỡng,6
条,借条,jiè tiáo,giấy vay nợ,7
条,头条,tóu tiáo,tin dẫn đầu,7
条,教条,jiào tiáo,giáo điều,7
条,条例,tiáo lì,quy định,7
条,条约,tiáo yuē,hiệp ước,7
条件,无条件,wú tiáo jiàn,vô điều kiện,7
来,出来,chū lai,ra ngoài,1
来,回来,huí lai,quay lại,1
来,来到,lái dào,đến,1
来,起来,qǐ lái,đứng lên,1
来,进来,jìn lái,vào,1
来,看起来,kàn qǐ lái,trông như thể,1
来,上来,shàng lái,"đi lên, vào trong",2
来,下来,xià lái,đi xuống,2
来,从来,cóng lái,luôn luôn,2
来,原来,yuán lái,ban đầu; trước đây,2
来,后来,hòu lái,sau này,2
来,将来,jiāng lái,tương lai,2
来,带来,dài lái,mang đến,2
来,未来,wèi lái,tương lai,2
来,本来,běn lái,nguyên bản,2
来源,来源于,lái yuán yú,bắt nguồn từ,7
杨,杨树,yáng shù,cây dương,7
杭,杭州,Háng zhōu,Hàng Châu (thành phố),5
杯,杯子,bēi zi,cốc,1
杯,干杯,gān bēi,cạn ly,2
杯,世界杯,Shì jiè bēi,Cúp thế giới,3
杯,奖杯,jiǎng bēi,cúp,7
杰,杰出,jié chū,xuất sắc,6
松,放松,fàng sōng,thư giãn,1
松,松柏,sōng bǎi,tùng bách (cây tùng và cây bách),3
松,松树,sōng shù,cây thông,4
松,轻松,qīng sōng,thư giãn,4
松,宽松,kuān sōng,rộng rãi và thoải mái,7
松,松弛,sōng chí,"thư giãn, yếu đi",7
松,松绑,sōng bǎng,nới lỏng,7
板,黑板,hēi bǎn,bảng đen,2
板,老板,lǎo bǎn,ông chủ,3
板,地板,dì bǎn,sàn nhà,6
板,叫板,jiào bǎn,"khiêu khích, thách đấu",7
板,拍板,pāi bǎn,bộ gõ,7
板,木板,mù bǎn,ván gỗ,7
板,板块,bǎn kuài,tấm,7
极,极了,jí le,cực kỳ,1
极,太极拳,tài jí quán,Thái Cực Quyền,1
极,积极,jī jí,tích cực,2
极,极其,jí qí,rất,3
极,极致,jí zhì,"Cực điểm, tột đỉnh, tối đa",4
极,消极,xiāo jí,tiêu cực,5
极,极端,jí duān,cực đoan; cực kỳ,6
极,极限,jí xiàn,giới hạn,6
极,乐极生悲,lè jí shēng bēi,Vui quá hóa buồn,6
极,太极,tài jí,cực kỳ vĩ đại,7
极,极为,jí wéi,cực kỳ,7
极,极力,jí lì,nỗ lực hết mình,7
极,极度,jídù,cực kỳ,7
极,极少数,jí shǎo shù,nhóm thiểu số nhỏ,7
构,构词,gòu cí,"Cấu tạo từ, tạo từ",3
构,机构,jī gòu,cơ quan,4
构,构建,gòu jiàn,xây dựng,4
构,构成,gòu chéng,cấu thành,4
构,构筑,gòu zhù,"xây dựng, kiến tạo",4
构,构造,gòu zào,kết cấu,4
构,结构,jié gòu,cấu trúc,4
构,构思,gòu sī,lên kế hoạch,6
构,构想,gòu xiǎng,ý tưởng,7
构,虚构,xū gòu,hư cấu,7
枉,冤枉,yuān wǎng,đối xử không công bằng,6
析,分析,fēn xī,phân tích,5
析,解析,jiě xī,phân tích,7
枕,枕头,zhěn tou,gối,6
林,园林,yuán lín,vườn,3
林,树林,shù lín,khu rừng,4
林,森林,sēn lín,rừng,4
林,丛林,cóng lín,rừng rậm,7
林,少林寺,Shào lín Sì,Chùa Thiếu Lâm,7
林,穆斯林,Mù sī lín,người Hồi giáo,7
果,如果,rú guǒ,nếu,1
果,效果,xiào guǒ,hiệu quả,1
果,果汁,guǒ zhī,nước ép trái cây,1
果,水果,shuǐ guǒ,trái cây,1
果,苹果,píng guǒ,táo,1
果,结果,jié guǒ,kết quả; do đó,2
果,后果,hòu guǒ,hậu quả,3
果,成果,chéng guǒ,thành quả,3
果,果然,guǒ rán,quả nhiên,3
果,果实,guǒ shí,trái cây,4
果,果断,guǒ duàn,quyết đoán,6
果,果树,guǒ shù,cây ăn quả,6
果,果酱,guǒ jiàng,mứt,6
果,果园,guǒ yuán,vườn cây ăn quả,7
果,果真,guǒ zhēn,thực sự,7
枝,荔枝,lì zhī,Vải (quả vải),3
枝,枝干,zhī gàn,"Cành cây, thân cây",5
枝,树枝,shù zhī,cành cây,7
枢,枢纽,shū niǔ,trục,7
枪,步枪,bù qiāng,súng trường,4
枪,开枪,kāi qiāng,bắn súng,7
枪,手枪,shǒu qiāng,súng ngắn,7
枪,枪毙,qiāng bì,bắn chết,7
枪,单枪匹马,dān qiāng pǐ mǎ,"một mình một ngựa, đơn thương độc mã (làm việc gì đó một mình)",7
枯,枯瘦,kū shòu,"Gầy gò, khô héo",6
枯,枯燥,kū zào,nhàm chán,7
架,吵架,chǎo jià,cãi nhau,2
架,书架,shū jià,giá sách,3
架,打架,dǎ jià,đánh nhau,3
架,衣架,yī jià,móc treo quần áo,3
架,十字架,shí zì jià,"thập tự giá, thánh giá",3
架,框架,kuàng jià,khung,6
架,绑架,bǎng jià,bắt cóc,6
架,架势,jià shi,tư thế,7
架,架子,jià zi,kiêu căng,7
柄,门柄,mén bǐng,"tay nắm cửa, nắm cửa",4
柄,把柄,bǎ bǐng,bằng chứng,7
柏,松柏,sōng bǎi,tùng bách (cây tùng và cây bách),3
柏,柏树,bǎi shù,cây bách,7
染,污染,wū rǎn,ô nhiễm,4
染,传染,chuán rǎn,lây nhiễm,5
染,感染,gǎn rǎn,nhiễm,6
染,传染病,chuán rǎn bìng,bệnh truyền nhiễm,7
染,感染力,gǎn rǎn lì,sức ảnh hưởng,7
柔,柔韧,róu rèn,"Mềm dẻo và dai, bền bỉ",3
柔,柔和,róu hé,mềm mại,5
柔,温柔,wēn róu,dịu dàng,5
柔,柔软,róuruǎn,"mềm, linh hoạt",7
柜,柜台,guì tái,quầy thu ngân,5
柜,专柜,zhuān guì,quầy chuyên dụng,7
查,检查,jiǎn chá,kiểm tra,2
查,调查,diào chá,khảo sát,3
查,查询,chá xún,tra cứu,5
查,审查,shěn chá,kiểm duyệt,6
查,查出,chá chū,điều tra ra,6
查,查看,chá kàn,kiểm tra,6
查,查获,chá huò,truy tìm và thu giữ,6
查,复查,fù chá,kiểm tra lại,7
查,搜查,sōu chá,khám xét,7
查,查处,chá chǔ,điều tra và xử lý,7
查,查找,chá zhǎo,tìm kiếm,7
查,查明,chá míng,điều tra và tìm hiểu,7
柬,请柬,qǐng jiǎn,thiệp mời,7
柱,柱子,zhù zi,cột,2
柱,支柱,zhī zhù,trụ cột,6
柳,柳州,liǔ zhōu,Liễu Châu (thành phố),5
柳,柳树,liǔ shù,cây liễu,7
柴,柴火,chái huo,Củi đốt; củi,4
柴,火柴,huǒ chái,diêm,5
柴,柴油,chái yóu,dầu diesel,6
柿,西红柿,xī hóng shì,cà chua,2
柿,柿子,shì zi,quả hồng,4
柿,西红柿炒鸡蛋,xī hóng shì chǎo jī dàn,cà chua xào trứng,5
标,标准,biāo zhǔn,tiêu chuẩn,1
标,标题,biāo tí,tiêu đề,3
标,目标,mù biāo,mục tiêu,3
标,标志,biāo zhì,biểu tượng; tượng trưng,4
标,标本,biāo běn,mẫu vật,4
标,指标,zhǐ biāo,mục tiêu,5
标,标点,biāo diǎn,dấu chấm câu,5
标,鼠标,shǔ biāo,chuột máy tính,5
标,商标,shāng biāo,nhãn hiệu,6
标,标记,biāo jì,đánh dấu,6
标,招标,zhāo biāo,mời thầu,7
标,标榜,biāo bǎng,khoe khoang,7
标,标示,biāo shì,dấu hiệu,7
标,标签,biāo qiān,"nhãn, thẻ",7
标,标致,Biāo zhì,Peugeot,7
栋,栋梁,dòng liáng,trụ cột,7
栏,广告栏,guǎng gào lán,"Bảng quảng cáo, cột quảng cáo",2
栏,栏杆,lán gān,lan can,5
栏,栏目,lán mù,chuyên mục,6
栏,专栏,zhuān lán,chuyên mục,7
树,松树,sōng shù,cây thông,4
树,树叶,shù yè,lá cây,4
树,树林,shù lín,khu rừng,4
树,果树,guǒ shù,cây ăn quả,6
树,树立,shù lì,thành lập,6
树,建树,jiàn shù,đóng góp,7
树,杨树,yáng shù,cây dương,7
树,柏树,bǎi shù,cây bách,7
树,柳树,liǔ shù,cây liễu,7
树,树木,shù mù,cây cối,7
树,树枝,shù zhī,cành cây,7
树,树梢,shù shāo,ngọn cây,7
树,树荫,shù yīn,bóng cây,7
树,槐树,huái shù,cây hòe,7
栓,血栓,xuè shuān,cục máu đông,7
栖,两栖,liǎng qī,lưỡng cư,7
栗,栗子,lì zi,hạt dẻ,4
校,学校,xué xiào,trường học,1
校,校园,xiào yuán,khuôn viên trường,1
校,校长,xiào zhǎng,hiệu trưởng,2
校,母校,mǔ xiào,"Trường cũ, trường mẹ, alma mater",2
校,夜校,yè xiào,trường đêm,7
株,守株待兔,shǒu zhū dài tù,chờ đợi vô ích,7
样,一样,yī yàng,giống nhau,1
样,这样,zhè yàng,như vậy,1
样,怎么样,zěn me yàng,Thế nào?,1
样,同样,tóng yàng,tương tự,2
样,怎样,zěn yàng,như thế nào?,2
样,样子,yàng zi,"hình dạng, loại, mẫu mã",2
样,那样,nà yàng,loại đó,2
样,什么样,shén me yàng,loại gì?,2
样,像样,xiàng yàng,khá,3
样,好样儿的,hǎo yàngr de,"Tuyệt vời, xuất sắc, đáng khen",3
样,多样,duō yàng,đa dạng,4
样,样式,yàng shì,"mẫu, kiểu",5
样,一模一样,yī mú yī yàng,giống nhau,5
样,样品,yàng pǐn,mẫu sản phẩm,6
样,模样,mú yàng,vẻ ngoài,6
样子,看样子,kàn yàng zi,dường như,7
核,核桃,hé tao,quả óc chó,2
核,核心,hé xīn,cốt lõi,5
核,考核,kǎo hé,kiểm tra,6
核,审核,shěn hé,kiểm tra; xác minh,7
核,核实,hé shí,xác minh,7
核,核对,hé duì,kiểm tra,7
核,核能,hé néng,năng lượng hạt nhân,7
核,核武器,hé wǔ qì,vũ khí hạt nhân,7
核,核电站,hé diàn zhàn,nhà máy điện hạt nhân,7
根,根据,gēn jù,dựa trên,3
根,根本,gēn běn,hoàn toàn,3
根,根源,gēn yuán,gốc rễ,3
根,根基,gēn jī,nền tảng,5
根,根治,gēn zhì,chữa tận gốc,5
根,归根到底,guī gēn dào dǐ,cuối cùng,6
根,根深蒂固,gēn shēn dì gù,ăn sâu bám rễ,6
根,扎根,zhā gēn,bén rễ,7
根,斩草除根,zhǎn cǎo chú gēn,nhổ cỏ tận gốc,7
格,及格,jí gé,đạt yêu cầu,2
格,性格,xìng gé,tính cách,2
格,价格,jià gé,giá,3
格,合格,hé gé,đạt yêu cầu,3
格,表格,biǎo gé,mẫu đơn,3
格,资格,zī gé,trình độ chuyên môn,3
格,风格,fēng gé,phong cách,3
格,严格,yán gé,nghiêm ngặt,4
格,格外,gé wài,đặc biệt,4
格,人格,rén gé,nhân cách,6
格,格局,gé jú,kết cấu,6
格,规格,guī gé,thông số kỹ thuật,6
格,格式,gé shì,mẫu định sẵn,7
格,苏格兰,Sū gé lán,Scotland,7
格,格格不入,gé gé bù rù,không tương thích,7
栽,栽培,zāi péi,trồng trọt,6
桂,桂花,guì huā,hoa mộc,7
桃,核桃,hé tao,quả óc chó,2
框,框架,kuàng jià,khung,6
案,图案,tú'àn,hoa văn,4
案,方案,fāng'àn,"dự án, kịch bản",4
案,答案,dá'àn,câu trả lời,4
案,案件,àn jiàn,vụ án,6
案,案例,àn lì,trường hợp,6
案,档案,dàng'àn,lưu trữ,6
案,草案,cǎo'àn,dự thảo,6
案,个案,gè àn,trường hợp riêng,7
案,破案,pò'àn,phá án,7
桌,桌子,zhuō zi,bàn,1
桌,餐桌,cān zhuō,bàn ăn,7
桑,饱经沧桑,bǎo jīng cāng sāng,trải qua thăng trầm cuộc đời,6
桑,桑拿,sāng ná,phòng tắm hơi,7
桑,沧桑,cāng sāng,thăng trầm,7
档,高档,gāo dàng,cấp cao,5
档,大排档,dà pái dàng,"quán ăn vỉa hè, quán bình dân",5
档,搭档,dā dàng,đối tác,6
档,档案,dàng'àn,lưu trữ,6
档,档次,dàng cì,cấp bậc,7
桥,桥牌,qiáo pái,Bài Bridge,3
桥,桥梁,qiáo liáng,cầu,6
桥,立交桥,lì jiāo qiáo,cầu vượt,6
桥,天桥,tiān qiáo,cầu vượt dành cho người đi bộ,7
桨,船桨,chuán jiǎng,mái chèo,7
桶,垃圾桶,lā jī tǒng,thùng rác,4
桶,马桶,mǎ tǒng,bồn cầu,7
梁,桥梁,qiáo liáng,cầu,6
梁,栋梁,dòng liáng,trụ cột,7
梁,脊梁,jǐ liáng,xương sống,7
梅,梅花,méi huā,hoa mai,6
梢,树梢,shù shāo,ngọn cây,7
梢,眉梢,méi shāo,"Đuôi lông mày, đầu lông mày (phần cuối lông mày).",8
梦,做梦,zuò mèng,có một giấc mơ,1
梦,白日梦,bái rì mèng,"giấc mơ ban ngày, mơ mộng hão huyền",3
梦,梦想,mèng xiǎng,mơ ước,4
梦,梦见,mèng jiàn,mơ về,4
梦,梦境,mèng jìng,"Giấc mơ, cảnh trong mơ",7
梦,梦幻,mèng huàn,ảo ảnh,7
梦,如梦初醒,rú mèng chū xǐng,"Như tỉnh dậy sau một giấc mơ, bừng tỉnh",7
梯,梯子,tī zi,cái thang,3
梯,楼梯,lóu tī,cầu thang,3
梯,电梯,diàn tī,thang máy,3
梯,滑梯,huá tī,cầu trượt trẻ em,7
梯,阶梯,jiē tī,cầu thang,7
械,器械,qì xiè,thiết bị,4
械,机械,jī xiè,cơ khí,6
梳,梳子,shū zi,lược,5
梳,梳理,shū lǐ,chải,7
检,检查,jiǎn chá,kiểm tra,2
检,检票,jiǎn piào,soát vé,3
检,体检,tǐ jiǎn,khám sức khoẻ,4
检,检测,jiǎn cè,kiểm tra,4
检,安检,ān jiǎn,kiểm tra an ninh,6
检,检讨,jiǎn tǎo,tự phê bình,6
检,检验,jiǎn yàn,kiểm tra,6
检,检察,jiǎn chá,kiểm sát,7
棉,棉花,mián huā,bông,6
棋,下棋,xià qí,chơi cờ,2
棋,象棋,xiàng qí,cờ tướng,5
棋,棋子,qí zǐ,quân cờ,7
棍,棍棒,gùn bàng,gậy,6
棍,棍子,gùn zi,gậy,7
棍,冰棍儿,bīng gùnr,kem que,7
棒,棍棒,gùn bàng,gậy,6
棒,棒球,bàng qiú,bóng chày,7
棘,棘手,jí shǒu,rắc rối,7
棘,荆棘,jīng jí,bụi gai,7
棚,车棚,chē péng,"nhà để xe (đạp, máy), mái che xe",1
棚,棚子,péng zi,"lán, nhà kho tạm, nhà bạt",5
棚,大棚,dà péng,nhà kính,7
棠,海棠,hǎi táng,hải đường (loài hoa),4
森,森林,sēn lín,rừng,4
棱,棱角,léng jiǎo,cạnh và góc,7
棺,棺材,guān cai,quan tài,7
椅,椅子,yǐ zi,ghế,1
椅,轮椅,lún yǐ,xe lăn,4
椅,藤椅,téng yǐ,ghế mây,7
植,移植,yí zhí,cấy ghép,3
植,植物,zhí wù,cây trồng,4
植,种植,zhòng zhí,trồng,4
椒,辣椒,là jiāo,ớt,2
椰,椰子,yē zi,dừa,7
楚,清楚,qīng chu,rõ ràng,2
楷,楷模,kǎi mó,hình mẫu,7
楼,楼上,lóu shàng,tầng trên,1
楼,楼下,lóu xià,tầng dưới,1
楼,教学楼,jiào xué lóu,tòa nhà dạy học,1
楼,楼梯,lóu tī,cầu thang,3
楼,上楼,shàng lóu,lên lầu,4
楼,下楼,xià lóu,đi xuống cầu thang,4
楼,大楼,dà lóu,tòa nhà nhiều tầng,4
楼,楼房,lóu fáng,tòa nhà,6
楼,楼道,lóu dào,hành lang,6
楼,写字楼,xiě zì lóu,tòa nhà văn phòng,6
楼,酒楼,jiǔ lóu,quán rượu,7
楼,居民楼,jū mín lóu,tòa nhà dân cư,7
楼,海市蜃楼,hǎi shì shèn lóu,"ảo ảnh, lâu đài trên biển",7
楼,空中楼阁,kōng zhōng lóu gé,"lâu đài trên không, ảo tưởng, viển vông",7
概,大概,dà gài,khoảng,1
概,概念,gài niàn,khái niệm,3
概,概括,gài kuò,khái quát,4
概,气概,qì gài,phẩm chất cao quý,6
概,一概,yī gài,không ngoại lệ,7
概,概况,gài kuàng,tình hình chung,7
概,概率,gài lǜ,xác suất,7
概,概论,gài lùn,tổng quát,7
概,一概而论,yī gài ér lùn,đánh đồng,7
榄,橄榄,gǎn lǎn,ô liu (cây/quả); quả trám,4
榜,排行榜,pái háng bǎng,danh sách xếp hạng,6
榜,标榜,biāo bǎng,khoe khoang,7
榜,榜样,bǎng yàng,hình mẫu,7
榨,压榨,yā zhà,ép,6
槐,槐树,huái shù,cây hòe,7
槛,门槛,mén kǎn,ngưỡng cửa,5
槽,跳槽,tiào cáo,thay đổi công việc,6
槽,水槽,shuǐ cáo,bồn rửa bát,7
模,模式,mó shì,mô hình,3
模,模范,mó fàn,mẫu mực,3
模,模型,mó xíng,mô hình,4
模,规模,guī mó,quy mô,4
模,大规模,dà guī mó,quy mô lớn,4
模,模特儿,mó tèr,người mẫu,4
模,模仿,mó fǎng,bắt chước,5
模,模特,mó tè,người mẫu,5
模,模糊,mó hu,mơ hồ,5
模,一模一样,yī mú yī yàng,giống nhau,5
模,模样,mú yàng,vẻ ngoài,6
模,楷模,kǎi mó,hình mẫu,7
模,模拟,mó nǐ,mô phỏng,7
模,大模大样,dà mú dà yàng,tự hào,7
模,像模像样,xiàng mú xiàng yàng,"Có vẻ ra dáng, có vẻ tươm tất, đàng hoàng",8
模特,模特儿,mó tèr,người mẫu,4
横,物欲横流,wù yù héng liú,"vật chất tràn lan, ham muốn vật chất ngập tràn",6
横,横向,héng xiàng,ngang,7
横,横七竖八,héng qī shù bā,bừa bộn,7
横,纵横交错,zòng héng jiāo cuò,xếp chéo,7
橄,橄榄,gǎn lǎn,ô liu (cây/quả); quả trám,4
橘,橘子,jú zi,quýt,2
橙,橙汁,chéng zhī,nước cam,7
橡,橡皮,xiàng pí,cao su,4
橡,橡子,xiàng zǐ,quả sồi,5
橡,橡胶,xiàng jiāo,cao su,7
橱,书橱,shū chú,tủ sách,7
欠,打哈欠,dǎ hā qian,Ngáp,3
欠,拖欠,tuō qiàn,nợ,7
欠,欠条,qiàn tiáo,giấy nợ,7
欠,欠缺,qiàn quē,thiếu,7
次,上次,shàng cì,lần trước,1
次,下次,xià cì,lần sau,1
次,其次,qí cì,kế tiếp,3
次,多次,duō cì,nhiều lần,4
次,屡次,lǚ cì,nhiều lần,4
次,次要,cì yào,ít quan trọng hơn,5
次,名次,míng cì,vị trí trong danh sách,6
次,层次,céng cì,cấp độ,6
次,次序,cì xù,trật tự,6
次,次数,cì shù,số lần,6
次,此次,cǐ cì,lần này,6
次,首次,shǒu cì,lần đầu tiên,6
次,一次性,yī cì xìng,dùng một lần,6
次,人次,rén cì,lượt người,7
次,初次,chū cì,lần đầu tiên,7
欢,喜欢,xǐ huan,thích,1
欢,欢迎,huān yíng,hoan nghênh,1
欢,联欢,lián huān,tổ chức cuộc gặp thân mật,1
欢,联欢会,lián huān huì,"Buổi liên hoan, tiệc mừng",1
欢,欢乐,huān lè,vui vẻ,3
欢,欢呼,huān hū,hoan hô,7
欢,欢快,huān kuài,vui vẻ và nhẹ nhàng,7
欢,欢悦,huān yuè,"Vui sướng, hân hoan",7
欢,欢聚,huān jù,cuộc gặp gỡ vui vẻ,7
欢,狂欢,kuáng huān,vui chơi,7
欢,狂欢节,kuáng huān jié,lễ hội hóa trang,7
欢,悲欢离合,bēi huān lí hé,những thăng trầm của cuộc sống,7
欢,欢声笑语,huān shēng xiào yǔ,tiếng cười vui vẻ,7
欢,欢天喜地,huān tiān xǐ dì,"vui như trẩy hội, vui mừng khôn xiết",7
欢,讨人喜欢,tǎo rén xǐ huan,quyến rũ,7
欣,欣赏,xīn shǎng,ngưỡng mộ,3
欣,欣慰,xīn wèi,hài lòng,6
欣,欣欣向荣,xīn xīn xiàng róng,phồn thịnh,6
欣,欣喜,xīn xǐ,vui mừng,7
欧,欧美,ōu měi,Âu Mỹ (Châu Âu và Châu Mỹ),1
欧,欧洲,Ōu zhōu,Châu Âu,2
欲,欲望,yù wàng,khao khát,3
欲,食欲,shí yù,sự thèm ăn,6
欲,物欲横流,wù yù héng liú,"vật chất tràn lan, ham muốn vật chất ngập tràn",6
欲,摇摇欲坠,yáo yáo yù zhuì,lung lay và sụp đổ,7
欲,随心所欲,suí xīn suǒ yù,tùy ý,7
欲,欲念,yù niàn,"dục vọng, ham muốn",8
欺,欺侮,qī wǔ,"Bắt nạt, ức hiếp, lấn át",3
欺,欺负,qī fu,bắt nạt,6
欺,欺骗,qī piàn,lừa dối,6
欺,欺诈,qī zhà,lừa đảo,7
款,付款,fù kuǎn,thanh toán,4
款,贷款,dài kuǎn,cung cấp hoặc yêu cầu một khoản vay; cho vay,4
款,罚款,fá kuǎn,phạt tiền,5
款,取款,qǔ kuǎn,rút tiền,6
款,捐款,juān kuǎn,quyên góp tiền,6
款,条款,tiáo kuǎn,điều khoản,6
款,款式,kuǎn shì,kiểu dáng,6
款,取款机,qǔ kuǎn jī,máy ATM,6
款,借款,jiè kuǎn,"Tiền vay, khoản vay; vay tiền",7
款,公款,gōng kuǎn,tiền công cộng,7
款,大款,dà kuǎn,đại gia,7
款,拨款,bō kuǎn,phân bổ quỹ,7
款,新款,xīn kuǎn,kiểu dáng mới,7
款,款项,kuǎn xiàng,quỹ,7
款,还款,huán kuǎn,hoàn trả,7
歉,抱歉,bào qiàn,rất tiếc,4
歉,歉疚,qiàn jiù,"cảm thấy có lỗi, hối hận",4
歉,道歉,dào qiàn,xin lỗi,4
歉,歉意,qiàn yì,lời xin lỗi,7
歌,唱歌,chàng gē,hát,1
歌,歌曲,gē qǔ,bài hát,1
歌,歌词,gē cí,lời bài hát,1
歌,民歌,mín gē,dân ca,1
歌,歌喉,gē hóu,"giọng hát (hay), tiếng hát",3
歌,歌声,gē shēng,âm thanh của bài hát,3
歌,歌手,gē shǒu,ca sĩ,3
歌,歌迷,gē mí,người hâm mộ ca sĩ,3
歌,国歌,guó gē,quốc ca,6
歌,歌唱,gē chàng,hát,6
歌,歌星,gē xīng,ca sĩ ngôi sao,6
歌,歌颂,gē sòng,tán dương,6
歌,儿歌,ér gē,"Bài hát thiếu nhi, đồng dao",7
歌,凯歌,kǎi gē,bài ca chiến thắng,7
歌,歌剧,gē jù,nhạc kịch,7
止,停止,tíng zhǐ,dừng lại,2
止,防止,fáng zhǐ,ngăn ngừa,3
止,禁止,jìn zhǐ,cấm,4
止,阻止,zǔ zhǐ,ngăn chặn,5
止,不止,bù zhǐ,hơn,6
止,制止,zhì zhǐ,ngăn chặn,6
止,截止,jié zhǐ,dừng lại,6
止,终止,zhōng zhǐ,kết thúc,6
止,迄今为止,qì jīn wéi zhǐ,từ thời gian này đến thời gian khác,6
止,中止,zhōng zhǐ,tạm dừng,7
止,举止,jǔ zhǐ,cử chỉ,7
止,止咳,zhǐ ké,ngừng ho,7
止,止步,zhǐ bù,dừng lại,7
止,止血,zhǐ xuè,cầm máu,7
止,静止,jìng zhǐ,đứng yên,7
正,正在,zhèng zài,đang,1
正,反正,fǎn zhèng,dù sao,2
正,正好,zhèng hǎo,vừa đúng,2
正,正常,zhèng cháng,bình thường,2
正,正是,zhèng shì,chính xác là,2
正,正点,zhèng diǎn,"Đúng giờ, đúng kế hoạch",2
正,正确,zhèng què,đúng,2
正,真正,zhēn zhèng,thực sự,2
正,正式,zhèng shì,chính thức,3
正,改正,gǎi zhèng,sửa chữa,4
正,正版,zhèng bǎn,bản sao hợp pháp,5
正,更正,gēng zhèng,chỉnh sửa,6
正,正宗,zhèng zōng,chính thống,6
正,正当,zhèng dàng,phù hợp,6
正,正气,zhèng qì,trung thực,6
此,从此,cóng cǐ,từ đó,4
此,因此,yīn cǐ,vì vậy,4
此,此外,cǐ wài,ngoài ra,4
此,彼此,bǐ cǐ,lẫn nhau,5
此,为此,wèi cǐ,vì lý do này,6
此,如此,rú cǐ,như vậy,6
此,此事,cǐ shì,việc này,6
此,此前,cǐ qián,trước khi,6
此,此处,cǐ chù,địa điểm này,6
此,此次,cǐ cì,lần này,6
此,此致,cǐ zhì,với lời chào,6
此,据此,jù cǐ,theo đó,7
此,此刻,cǐ kè,lúc này,7
此,至此,zhì cǐ,tại thời điểm này,7
此,与此同时,yǔ cǐ tóng shí,đồng thời,7
步,散步,sàn bù,đi dạo,1
步,跑步,pǎo bù,chạy bộ,1
步,进步,jìn bù,tiến bộ,2
步,初步,chū bù,ban đầu,3
步,进一步,jìn yī bù,tiếp tục,3
步,步入,bù rù,bước vào,4
步,步枪,bù qiāng,súng trường,4
步,步行,bù xíng,đi bộ,4
步,逐步,zhú bù,từng bước,4
步,脚步,jiǎo bù,bước chân,5
步,让步,ràng bù,nhượng bộ,5
步,退步,tuì bù,tụt hậu,5
步,地步,dì bù,mức độ,6
步,步伐,bù fá,bước chân,6
步,同步,tóng bù,đồng bộ hóa,7
武,武器,wǔ qì,vũ khí,3
武,武术,wǔ shù,wushu,3
武,步武,bù wǔ,"Noi gương, bắt chước",7
武,武力,wǔ lì,bạo lực,7
武,武装,wǔ zhuāng,vũ trang,7
武,核武器,hé wǔ qì,vũ khí hạt nhân,7
武,威武,wēi wǔ,"uy vũ, hùng dũng, oai phong",8
武器,核武器,hé wǔ qì,vũ khí hạt nhân,7
歧,分歧,fēn qí,"phân kỳ, bất đồng",6
歧,歧视,qí shì,phân biệt; kỳ thị,6
歪,歪歪曲曲,wāi wāi qū qū,"ngoằn ngoèo, cong queo",5
歪,歪曲,wāi qū,xuyên tạc,7
歪曲,歪歪曲曲,wāi wāi qū qū,"ngoằn ngoèo, cong queo",5
歹,歹徒,dǎi tú,tội phạm,6
歹,好歹,hǎo dǎi,tốt và xấu,7
死,死亡,sǐ wáng,chết,5
死,死记硬背,sǐ jì yìng bèi,"học vẹt, học thuộc lòng một cách máy móc",5
死,猝死,cù sǐ,đột tử,6
死,死心,sǐ xīn,bỏ cuộc,7
死,生死,shēng sǐ,sống chết,7
死,死心塌地,sǐ xīn tā dì,quyết tâm,7
死心,死心塌地,sǐ xīn tā dì,quyết tâm,7
歼,歼灭,jiān miè,tiêu diệt,7
殃,殃及,yāng jí,"Gây tai họa/ảnh hưởng đến, liên lụy đến",7
殃,遭殃,zāo yāng,chịu thảm họa,7
殊,特殊,tè shū,đặc biệt,4
殊,悬殊,xuán shū,chênh lệch lớn,6
残,残疾,cán jí,khuyết tật,3
残,残酷,cán kù,tàn nhẫn,5
残,摧残,cuī cán,tàn phá,6
残,残忍,cán rěn,tàn nhẫn,6
残,残留,cán liú,còn lại,6
残,残疾人,cán jí rén,người khuyết tật,6
残,伤残,shāng cán,tàn tật,7
残,凶残,xiōng cán,tàn nhẫn,7
残,残害,cán hài,"tàn hại, hủy hoại, làm hại nghiêm trọng",7
残,残缺,cán quē,hư hại nặng,7
残,残羹剩炙,cán gēng shèng zhì,"Cơm thừa canh cặn, đồ ăn thừa",7
残疾,残疾人,cán jí rén,người khuyết tật,6
殖,繁殖,fán zhí,sinh sản,6
殖,养殖,yǎng zhí,nuôi trồng,7
殖,生殖,shēng zhí,sinh sản (sinh học),7
殖,殖民地,zhí mín dì,thuộc địa,7
殴,殴打,ōu dǎ,đánh đập,6
段,阶段,jiē duàn,giai đoạn,4
段,身段,shēn duàn,dáng người; điệu bộ,5
段,地段,dì duàn,khu vực,7
段,时段,shí duàn,khoảng thời gian,7
段,段落,duàn luò,đoạn văn,7
段,片段,piàn duàn,đoạn trích,7
段,路段,lù duàn,đoạn,7
殷,殷勤,yīn qín,niềm nở,7
殿,宫殿,gōng diàn,cung điện,7
殿,殿堂,diàn táng,cung điện,7
毁,毁灭,huǐ miè,hủy diệt,6
毁,销毁,xiāo huǐ,phá hủy,6
毁,摧毁,cuī huǐ,phá hủy,7
毁,毁坏,huǐ huài,phá hủy,7
毁,烧毁,shāo huǐ,cháy rụi,7
毅,刚毅,gāng yì,kiên định,7
毅,毅力,yì lì,ý chí,7
毅,毅然,yì rán,kiên quyết,7
母,母亲,mǔ qīn,mẹ,2
母,母校,mǔ xiào,"Trường cũ, trường mẹ, alma mater",2
母,父母,fù mǔ,cha mẹ,2
母,字母,zì mǔ,chữ cái,4
母,母爱,mǔ ài,Tình mẫu tử,4
母,母语,mǔ yǔ,tiếng mẹ đẻ,5
母,伯母,bó mǔ,bác gái,6
母,岳母,yuè mǔ,mẹ vợ,6
母,母女,mǔ nǚ,mẹ và con gái,6
母,母子,mǔ zǐ,mẹ và con,6
母,母鸡,mǔ jī,gà mái,6
母,祖母,zǔ mǔ,bà nội,6
母,母本,mǔ běn,"bản gốc, cây mẹ (trong sinh học), nguồn gốc",7
母,生母,shēng mǔ,"Mẹ ruột, mẹ đẻ",7
母,继母,jì mǔ,mẹ kế,7
每,每当,měi dāng,bất cứ khi nào,7
每,每逢,měi féng,mỗi lần,7
毒,中毒,zhòng dú,ngộ độc,5
毒,有毒,yǒu dú,độc hại,5
毒,杀毒,shā dú,diệt virus,5
毒,消毒,xiāo dú,khử trùng,5
毒,病毒,bìng dú,vi-rút,5
毒,吸毒,xī dú,dùng ma túy,6
毒,毒品,dú pǐn,ma túy,6
比,比如,bǐ rú,ví dụ,1
比,比赛,bǐ sài,thi đấu,1
比,比较,bǐ jiào,tương đối,1
比,比如说,bǐ rú shuō,ví dụ như,2
比,比例,bǐ lì,tỷ lệ,3
比,相比,xiāng bǐ,so sánh,3
比,比一比,bǐ yī bǐ,so sánh,3
比,比方说,bǐ fang shuō,"Ví dụ, chẳng hạn",3
比,对比,duì bǐ,tương phản,4
比,比分,bǐ fēn,tỷ số,4
比,无比,wú bǐ,không gì sánh được,6
比,比喻,bǐ yù,phép ẩn dụ,6
比,比方,bǐ fang,ví dụ,6
比,比重,bǐ zhòng,tỷ trọng,6
比,好比,hǎo bǐ,giống như,7
比如,比如说,bǐ rú shuō,ví dụ như,2
比方,比方说,bǐ fang shuō,"Ví dụ, chẳng hạn",3
毕,毕业,bì yè,tốt nghiệp,1
毕,毕竟,bì jìng,sau tất cả,3
毕,毕业生,bì yè shēng,sinh viên tốt nghiệp,4
毕,完毕,wán bì,hoàn thành,6
毕业,毕业生,bì yè shēng,sinh viên tốt nghiệp,4
毙,枪毙,qiāng bì,bắn chết,7
毛,毛病,máo bing,khuyết điểm,1
毛,毛衣,máo yī,áo len,1
毛,发毛,fā máo,"nổi da gà, sởn gai ốc; lo lắng, hoang mang",3
毛,羽毛球,yǔ máo qiú,cầu lông,3
毛,毛巾,máo jīn,khăn,4
毛,毛孔,máo kǒng,Lỗ chân lông,5
毛,眉毛,méi mao,lông mày,5
毛,羊毛,yáng máo,Lông cừu,6
毛,毛线,máo xiàn,"sợi len, len (dùng để đan, móc)",7
毛,出毛病,chū máo bing,gặp trục trặc,7
毛,一毛不拔,yī máo bù bá,cực kỳ keo kiệt,7
毛,羽毛,yǔ máo,lông vũ,8
毛病,出毛病,chū máo bing,gặp trục trặc,7
毫,毫无,háo wú,hoàn toàn không,3
毫,毫升,háo shēng,mililit,4
毫,毫米,háo mǐ,milimét,4
毫,丝毫,sī háo,một chút,5
毫,毫不,háo bù,không chút nào,6
毫,毫不犹豫,háo bù yóu yù,không hề do dự,7
毫不,毫不犹豫,háo bù yóu yù,không hề do dự,7
毯,地毯,dì tǎn,thảm,5
毯,毯子,tǎn zi,chăn,7
氏,摄氏度,shè shì dù,độ C,6
氏,姓氏,xìng shì,họ,7
民,民歌,mín gē,dân ca,1
民,农民,nóng mín,nông dân,2
民,居民,jū mín,cư dân,2
民,民族,mín zú,dân tộc,2
民,人民,rén mín,nhân dân,3
民,公民,gōng mín,công dân,3
民,民间,mín jiān,dân gian,3
民,人民币,rén mín bì,nhân dân tệ,3
民,中华民族,Zhōng huá mín zú,dân tộc Trung Quốc,3
民,移民,yí mín,di cư; dân di cư,4
民,民居,mín jū,"nhà dân, nhà ở của người dân",5
民,难民,nàn mín,người tị nạn,5
民,市民,shì mín,công dân,6
民,民主,mín zhǔ,dân chủ,6
民,民工,mín gōng,lao động nhập cư,6
民工,农民工,nóng mín gōng,công nhân di cư,7
民族,中华民族,Zhōng huá mín zú,dân tộc Trung Quốc,3
氓,流氓,liú máng,kẻ côn đồ,6
气,天气,tiān qì,thời tiết,1
气,客气,kè qi,lịch sự,1
气,生气,shēng qì,nổi giận,1
气,空气,kōng qì,không khí,1
气,不客气,bù kè qi,không có chi,1
气,别客气,bié kè qi,"Đừng khách sáo, đừng ngại",1
气,叹气,tàn qì,thở dài,2
气,气温,qì wēn,nhiệt độ không khí,2
气,发脾气,fā pí qì,nổi giận,2
气,晦气,huì qì,"Xui xẻo, đen đủi; vận rủi",3
气,气候,qì hòu,khí hậu,3
气,气氛,qì fēn,không khí,3
气,傻里傻气,shǎ li shǎ qì,"Ngây ngô, khờ khạo, ngớ ngẩn",3
气,力气,lì qì,sức mạnh,4
气,勇气,yǒng qì,dũng cảm,4
气球,热气球,rè qì qiú,khinh khí cầu,7
氛,气氛,qì fēn,không khí,3
氛,氛围,fēn wéi,bầu không khí,7
氧,氧气,yǎng qì,oxy,6
氧,二氧化碳,èr yǎng huà tàn,khí cacbonic,6
水,水果,shuǐ guǒ,trái cây,1
水,冰水,bīng shuǐ,nước đá; nước lạnh,2
水,水平,shuǐ píng,"mức độ, tiêu chuẩn",2
水,药水,yào shuǐ,thuốc nước,2
水,酒水,jiǔ shuǐ,đồ uống có cồn,2
水,凉水,liáng shuǐ,nước lạnh,3
水,淡水,dàn shuǐ,nước ngọt,3
水,矿泉水,kuàng quán shuǐ,nước khoáng,3
水,口水,kǒu shuǐ,nước bọt,4
水,开水,kāi shuǐ,nước sôi,4
水,水仙,shuǐ xiān,hoa thủy tiên,4
水,水土,shuǐ tǔ,Đất đai và nước; thổ nhưỡng,4
水,水烟,shuǐ yān,Thuốc lào (hút qua nước),4
水,汽水,qì shuǐ,nước ngọt,4
水,泪水,lèi shuǐ,nước mắt,4
永,永远,yǒng yuǎn,mãi mãi,2
永,永世长存,yǒng shì cháng cún,"Muôn đời tồn tại, vĩnh viễn trường tồn",3
永,永恒,yǒng héng,vĩnh cửu,6
永,永不,yǒng bù,không bao giờ,7
永,永久,yǒng jiǔ,vĩnh viễn,7
汁,果汁,guǒ zhī,nước ép trái cây,1
汁,橙汁,chéng zhī,nước cam,7
汁,原汁原味,yuán zhī yuán wèi,hương vị gốc,7
求,要求,yāo qiú,yêu cầu; yêu cầu,2
求,请求,qǐng qiú,yêu cầu,2
求,追求,zhuī qiú,theo đuổi,2
求,祈求,qí qiú,"Cầu xin, cầu khẩn",3
求,需求,xū qiú,nhu cầu,3
求,征求,zhēng qiú,tìm kiếm,4
求,力求,lì qiú,cố gắng hết sức,6
求,求职,qiú zhí,tìm việc,6
求,谋求,móu qiú,tìm kiếm,6
求,供不应求,gōng bù yìng qiú,cầu vượt cung,6
求,实事求是,shí shì qiú shì,cầu thị,6
求,急于求成,jí yú qiú chéng,nôn nóng đạt kết quả,6
求,精益求精,jīng yì qiú jīng,không ngừng cải tiến,6
求,供求,gōng qiú,cung và cầu,7
求,呼求,hū qiú,van xin,7
汇,词汇,cí huì,từ vựng,2
汇,交汇,jiāo huì,"giao nhau, gặp nhau, hợp lưu",4
汇,外汇,wài huì,ngoại hối,4
汇,汇报,huì bào,báo cáo,4
汇,汇率,huì lǜ,tỷ giá,4
汇,汇合,huì hé,hợp lại,7
汇,汇聚,huì jù,tụ họp,7
汇,汇集,huì jí,thu thập,7
汉,汉字,hàn zì,chữ Hán,1
汉,汉语,hàn yǔ,tiếng Trung,1
汉,老汉,lǎo hàn,ông già,7
汗,流汗,liú hàn,đổ mồ hôi,4
汗,出汗,chū hàn,ra mồ hôi,5
汗,汗腺,hàn xiàn,tuyến mồ hôi,5
汗,汗水,hàn shuǐ,mồ hôi,7
汛,防汛,fáng xùn,phòng chống lũ,7
江,长江,Cháng jiāng,Trường Giang,2
江,丽江,Lì jiāng,Lệ Giang (tên thành phố),6
池,池塘,chí táng,ao,5
池,电池,diàn chí,"pin, ắc quy",5
池,游泳池,yóu yǒng chí,bể bơi,5
污,污染,wū rǎn,ô nhiễm,4
污,污蔑,wū miè,vu khống,6
污,污秽,wū huì,dơ bẩn,7
污,贪污,tān wū,tham ô,7
汤,汤圆,tāng yuán,bánh trôi nước,7
汪,汪洋,wāng yáng,đại dương mênh mông,7
汰,淘汰,táo tài,loại bỏ,6
汰,优胜劣汰,yōu shēng liè tài,sự sống sót của kẻ mạnh nhất,6
汹,汹涌,xiōng yǒng,dâng trào dữ dội,7
汽,汽车,qì chē,xe ô tô,1
汽,公共汽车,gōng gòng qì chē,xe buýt,1
汽,汽水,qì shuǐ,nước ngọt,4
汽,汽油,qì yóu,xăng,4
汽,蒸汽机,zhēng qì jī,"động cơ hơi nước, máy hơi nước",8
汽车,公共汽车,gōng gòng qì chē,xe buýt,1
沃,肥沃,féi wò,màu mỡ,6
沉,沉重,chén zhòng,nặng,4
沉,沉默,chén mò,im lặng,4
沉,沉着,chén zhuó,bình tĩnh,6
沉,沉闷,chén mèn,ngột ngạt,6
沉,深沉,shēn chén,sâu lắng và thanh bình,6
沉,沉思,chén sī,trầm tư,7
沉,沉浸,chén jìn,ngâm mình,7
沉,沉淀,chén diàn,"kết tủa, trầm tích",7
沉,沉痛,chén tòng,"Đau buồn sâu sắc, nặng trĩu",7
沉,沉稳,chén wěn,trầm tĩnh,7
沉,沉迷,chén mí,nghiện,7
沉,消沉,xiāo chén,chán nản,7
沉,沉甸甸,chén diàn diàn,nặng trĩu,7
沐,沐浴露,mù yù lù,sữa tắm,7
沐,沐浴,mù yù,tắm,8
沐浴,沐浴露,mù yù lù,sữa tắm,7
沙,沙发,shā fā,ghế sofa,3
沙,沙子,shā zi,cát,3
沙,沙滩,shā tān,bãi cát,3
沙,沙锅,shā guō,"Nồi đất, nồi gốm",3
沙,沙漠,shā mò,sa mạc,5
沙,沙丁鱼,shā dīng yú,cá mòi,5
沙,沙龙,shā lóng,salon,7
沙,风沙,fēng shā,bão cát,7
沛,充沛,chōng pèi,sôi nổi,6
沟,沟通,gōu tōng,giao tiếp,2
沟,鸿沟,hóng gōu,"hồng câu (nghĩa bóng: khoảng cách lớn, sự khác biệt sâu sắc)",7
沟,沟壑,gōu hè,"Khe núi, vực sâu; rãnh, mương",8
没,没事,méi shì,"không sao, không có gì",1
没,没有,méi yǒu,không,1
没,没事儿,méi shìr,không sao đâu,1
没,没什么,méi shén me,không có gì,1
没,没关系,méi guān xi,không sao,1
没,没意思,méi yì si,chán,1
没,没意见,méi yì jiàn,"Không có ý kiến gì, đồng ý",1
没,没问题,méi wèn tí,"không vấn đề gì, được thôi",1
没,没用,méi yòng,vô dụng,3
没,没落,mò luò,suy tàn,3
没,没法,méi fǎ,không thể làm gì được,4
没,没错,méi cuò,đúng rồi,4
没,没想到,méi xiǎng dào,bất ngờ,4
没,从没,cóng méi,chưa bao giờ,6
没,埋没,mái mò,chôn vùi,6
没事,没事儿,méi shìr,không sao đâu,1
没有,有没有,yǒu méi yǒu,có hay không,6
沧,饱经沧桑,bǎo jīng cāng sāng,trải qua thăng trầm cuộc đời,6
沧,沧桑,cāng sāng,thăng trầm,7
沧桑,饱经沧桑,bǎo jīng cāng sāng,trải qua thăng trầm cuộc đời,6
沫,泡沫,pào mò,bọt,7
沮,沮丧,jǔ sàng,nản lòng,3
河,河北,Hé běi,Hà Bắc (tỉnh ở Trung Quốc).,2
河,河流,hé liú,"Sông, dòng sông",2
河,黄河,Huáng hé,Sông Hoàng Hà.,2
河,北戴河,Běi dài hé,Bắc Đới Hà (tên địa danh),6
河,河畔,hé pàn,bờ sông,7
河,运河,yùn hé,kênh đào,7
河,气壮山河,qì zhuàng shān hé,"Khí thế hùng tráng ngút trời, khí phách ngất trời (mô tả tinh thần oai hùng, tráng lệ)",7
沸,沸腾,fèi téng,sôi,6
沸,沸沸扬扬,fèi fèi yáng yáng,ồn ào náo động,7
油,加油,jiā yóu,Cố lên!,2
油,酱油,jiàng yóu,nước tương,2
油,油漆,yóu qī,sơn,3
油,石油,shí yóu,dầu,3
油,汽油,qì yóu,xăng,4
油,加油站,jiā yóu zhàn,trạm xăng,4
油,油炸,yóu zhá,chiên,5
油,柴油,chái yóu,dầu diesel,6
油,油画,yóu huà,tranh sơn dầu,7
油,煤油,méi yóu,Dầu hỏa,7
油,燃油,rán yóu,nhiên liệu,7
油,香油,xiāng yóu,dầu mè,7
油,奶油小生,nǎi yóu xiǎo shēng,"Trai trẻ mặt trắng, thư sinh trắng trẻo (ám chỉ người đàn ông trẻ tuổi đẹp trai, da trắng, thường hơi yếu ớt)",8
治,政治,zhèng zhì,chính trị,2
治,治疗,zhì liáo,điều trị,4
治,根治,gēn zhì,chữa tận gốc,5
治,统治,tǒng zhì,thống trị,5
治,防治,fáng zhì,phòng và chữa bệnh,5
治,治安,zhì ān,an ninh công cộng,6
治,治理,zhì lǐ,quản lý,6
治,治病,zhì bìng,chữa bệnh,6
治,三明治,sān míng zhì,bánh mì kẹp,6
治,救治,jiù zhì,chữa trị,7
治,治学,zhì xué,nghiên cứu học thuật,7
治,治愈,zhì yù,chữa khỏi,7
治,自治权,zì zhì quán,quyền tự trị,7
沼,沼泽,zhǎo zé,đầm lầy,7
沽,沽名钓誉,gū míng diào yù,cầu danh lợi,7
沾,沾边,zhān biān,"Có liên quan, dính dáng",3
沾,沾光,zhān guāng,lợi ích từ sự liên kết,6
沾,沾亲带故,zhān qīn dài gù,"Có dính líu đến họ hàng, bà con xa",8
沿,沿岸,yán'àn,dọc theo bờ biển,6
沿,沿海,yán hǎi,ven biển,6
沿,沿着,yán zhe,dọc theo,6
沿,前沿,qián yán,tiên tiến,7
沿,沿线,yán xiàn,dọc theo đường,7
沿,沿途,yán tú,dọc đường,7
泄,发泄,fā xiè,giải tỏa,7
泄,宣泄,xuān xiè,sự xả giận,7
泄,泄密,xiè mì,tiết lộ bí mật,7
泄,泄气,xiè qì,nản chí,7
泄,泄漏,xiè lòu,để tiết lộ,7
泄,泄露,xiè lòu,tiết lộ,7
泉,矿泉水,kuàng quán shuǐ,nước khoáng,3
泉,喷泉,pēn quán,đài phun nước,7
泉,泉水,quán shuǐ,"nước suối, suối",7
泉,温泉,wēn quán,suối nước nóng,7
泉,源泉,yuán quán,nguồn,7
泉水,矿泉水,kuàng quán shuǐ,nước khoáng,3
泊,停泊,tíng bó,neo đậu,6
泊,湖泊,hú pō,hồ,6
泌,分泌,fēn mì,tiết ra,3
法,办法,bàn fǎ,"cách, phương pháp",1
法,方法,fāng fǎ,phương pháp,1
法,法国,Fǎ guó,nước Pháp,1
法,语法,yǔ fǎ,ngữ pháp,1
法,做法,zuò fǎ,cách nấu,2
法,想法,xiǎng fǎ,ý tưởng,2
法,看法,kàn fǎ,quan điểm,2
法,合法,hé fǎ,hợp pháp,3
法,法则,fǎ zé,"Quy tắc, pháp tắc, định luật",3
法,无法,wú fǎ,không thể,4
法,没法,méi fǎ,không thể làm gì được,4
法,法官,fǎ guān,thẩm phán,4
法,法律,fǎ lǜ,pháp luật,4
法,法院,fǎ yuàn,tòa án,4
法,变戏法,biàn xì fǎ,"Biểu diễn ảo thuật, làm trò ảo thuật",4
泛,广泛,guǎng fàn,rộng rãi,5
泛,泛滥,fàn làn,tràn lan,6
泛,宽泛,kuān fàn,rộng rãi,7
泡,气泡,qì pào,bọt khí,7
泡,泡沫,pào mò,bọt,7
泡,浸泡,jìn pào,ngâm,7
泡,灯泡,dēng pào,bóng đèn,7
波,超声波,chāo shēng bō,"sóng siêu âm, siêu âm",3
波,波动,bō dòng,dao động,5
波,奔波,bēn bō,bận rộn,6
波,波浪,bō làng,sóng,6
波,波涛,bō tāo,sóng lớn,6
波,微波炉,wēi bō lú,Lò vi sóng,6
波,波折,bō zhé,những khúc ngoặt,7
波,波澜,bō lán,làn sóng,7
波,风波,fēng bō,nhiễu loạn,7
泣,哭泣,kū qì,khóc,7
泣,可歌可泣,kě gē kě qì,cảm động sâu sắc,7
泥,水泥,shuǐ ní,xi măng,6
泥,泥土,ní tǔ,đất,7
泥,泥潭,ní tán,vũng lầy,7
注,注意,zhù yì,chú ý,2
注,关注,guān zhù,chú ý,3
注,专注,zhuān zhù,chuyên tâm,5
注,注册,zhù cè,đăng ký,5
注,注射,zhù shè,tiêm,5
注,全神贯注,quán shén guàn zhù,"tập trung cao độ, chú tâm hết sức",5
注,注视,zhù shì,chăm chú nhìn,6
注,注重,zhù zhòng,chú ý đến,6
注,注入,zhù rù,đổ vào,7
注,注定,zhù dìng,định mệnh,7
注,引人注目,yǐn rén zhù mù,bắt mắt,7
泪,眼泪,yǎn lèi,nước mắt,2
泪,泪水,lèi shuǐ,nước mắt,4
泪,流泪,liú lèi,rơi lệ,5
泪,热泪盈眶,rè lèi yíng kuàng,nước mắt đẫm tràn,6
泪,泪珠,lèi zhū,giọt nước mắt,7
泰,泰国,Tài guó,nước Thái Lan,1
泰,泰山,Tài shān,Thái Sơn (tên núi),6
泰,泰斗,tài dǒu,người lãnh đạo hàng đầu,6
泳,游泳,yóu yǒng,bơi lội,1
泳,游泳池,yóu yǒng chí,bể bơi,5
泻,腹泻,fù xiè,tiêu chảy,7
泼,活泼,huó pō,sôi nổi,3
泼,泼辣,pō la,"Đanh đá, chua ngoa, dữ dằn (thường dùng để chỉ phụ nữ)",4
泼,泼冷水,pō lěng shuǐ,làm nguội sự nhiệt tình,7
泽,光泽,guāng zé,độ bóng,7
泽,沼泽,zhǎo zé,đầm lầy,7
洁,保洁,bǎo jié,"giữ gìn vệ sinh, làm sạch",2
洁,洁白,jié bái,"Trắng tinh, trắng muốt, trong trắng.",2
洁,廉洁,liàn jiē,liêm khiết,6
洁,清洁,qīng jié,sạch sẽ; làm sạch,6
洁,简洁,jiǎn jié,"ngắn gọn, súc tích",6
洁,纯洁,chún jié,thuần khiết,6
洁,清洁工,qīng jié gōng,nhân viên vệ sinh,6
洁,整洁,zhěng jié,duyên dáng,7
洁,洁净,jié jìng,sạch sẽ,7
洋,洋车,yǎng chē,"Xe kéo, xe tay (thời xưa)",4
洋,海洋,hǎi yáng,biển và đại dương,4
洋,汪洋,wāng yáng,đại dương mênh mông,7
洋,洋洋,yáng yáng,"rộng lớn, mênh mông; bao la; (văn chương, tin tức) dồi dào, phong phú; đắc ý, tự mãn",7
洋,洋溢,yáng yì,tràn ngập,7
洋,出洋相,chūyángxiàng,làm trò cười,7
洋,喜洋洋,xǐ yángyáng,rạng rỡ,7
洋,洋娃娃,yáng wá wa,"Búp bê Tây, búp bê (kiểu phương Tây)",7
洋洋,喜洋洋,xǐ yángyáng,rạng rỡ,7
洒,潇洒,xiāo sǎ,thanh thoát,3
洗,洗手间,xǐ shǒu jiān,nhà vệ sinh,1
洗,洗澡,xǐ zǎo,tắm,2
洗,洗衣机,xǐ yī jī,máy giặt,2
洗,洗礼,xǐ lǐ,lễ rửa tội,5
洗,清洗,qīng xǐ,rửa,6
洗,洗衣粉,xǐ yī fěn,bột giặt,6
洗,冲洗,chōng xǐ,rửa phim,7
洗,洗涤剂,xǐdíjì,chất tẩy rửa,7
洞,空洞,kōng dòng,trống rỗng,3
津,津津有味,jīn jīn yǒu wèi,với sự quan tâm nồng nhiệt,6
津,津贴,jīn tiē,trợ cấp,7
洪,洪水,hóng shuǐ,lũ lụt,5
洪,洪亮,hóng liàng,rõ ràng và to,7
洲,亚洲,Yà zhōu,châu Á,2
洲,欧洲,Ōu zhōu,Châu Âu,2
洲,非洲,Fēi zhōu,Châu Phi,5
活,生活,shēng huó,cuộc sống,1
活,干活,gàn huó,làm việc,2
活,活动,huó dòng,hoạt động; sự kiện,2
活,养活,yǎng huo,nuôi dưỡng,3
活,活力,huó lì,sức sống,3
活,活泼,huó pō,sôi nổi,3
活,存活,cún huó,"sống sót, tồn tại",5
活,活跃,huó yuè,hoạt động sôi nổi,5
活,灵活,líng huó,linh hoạt,5
活,干活儿,gàn huór,"làm việc, lao động",5
活,复活,fù huó,hồi sinh,6
活,快活,kuài huo,vui vẻ,6
活,生活费,shēng huó fèi,chi phí sinh hoạt,6
活,忙活,máng huo,làm việc khẩn cấp,7
活,活儿,huór,"lao động chân tay, công việc khó khăn",7
活儿,干活儿,gàn huór,"làm việc, lao động",5
洽,洽谈,qià tán,đàm phán,6
洽,融洽,róng qià,hòa hợp,7
派,派出,pài chū,"cử, phái",6
派,派遣,pài qiǎn,cử đi,6
派,气派,qì pài,hoành tráng,7
派,派别,pài bié,phái,7
流,流行,liú xíng,phổ biến,1
流,交流,jiāo liú,trao đổi; tương tác,2
流,河流,hé liú,"Sông, dòng sông",2
流,流利,liú lì,lưu loát,2
流,溪流,xī liú,"suối, dòng suối",3
流,流传,liú chuán,lan truyền,4
流,流汗,liú hàn,đổ mồ hôi,4
流,流血,liú xuè,chảy máu,4
流,潮流,cháo liú,thủy triều,4
流,流泪,liú lèi,rơi lệ,5
流,轮流,lún liú,luân phiên,5
流,一流,yī liú,hạng nhất,6
流,主流,zhǔ liú,dòng chính,6
流,支流,zhī liú,nhánh sông,6
流,流感,liú gǎn,cúm,6
浅,搁浅,gē qiǎn,mắc cạn,7
浆,豆浆,dòu jiāng,sữa đậu nành,7
浊,混浊,hùn zhuó,đục,6
浊,浑浊,hún zhuó,vẩn đục,7
测,检测,jiǎn cè,kiểm tra,4
测,测试,cè shì,kiểm tra,4
测,测量,cè liáng,đo lường,4
测,预测,yù cè,dự đoán,4
测,测验,cè yàn,kiểm tra,5
测,猜测,cāi cè,đoán,5
测,推测,tuī cè,đoán,6
测,测定,cè dìng,xác định thông qua đo lường,6
测,监测,jiān cè,giám sát,6
测,探测,tàn cè,thăm dò,7
测,揣测,chuǎi cè,đoán,7
测,测算,cè suàn,đo lường và tính toán,7
测,观测,guān cè,quan sát,7
测,变幻莫测,biàn huàn mò cè,thay đổi khó lường,7
济,经济,jīng jì,kinh tế,2
济,救济,jiù jì,cứu trợ,6
济,接济,jiē jì,trợ cấp tài chính,7
济,同舟共济,tóng zhōu gòng jì,cùng chung sức,7
济,市场经济,shì chǎng jīng jì,kinh tế thị trường,7
济,无济于事,wú jì yú shì,vô ích,7
浏,浏览,liú lǎn,duyệt,5
浏,浏览器,liú lǎn qì,trình duyệt,7
浏览,浏览器,liú lǎn qì,trình duyệt,7
浑,浑身,hún shēn,toàn thân,6
浑,浑浊,hún zhuó,vẩn đục,7
浓,浓重,nóng zhòng,dày đặc,4
浓,浓厚,nóng hòu,đậm đặc,6
浓,浓缩,nóng suō,cô đặc,7
浓,浓郁,nóng yù,đậm đà,7
浩,浩浩荡荡,hào hào dàng dàng,"Hùng vĩ, cuồn cuộn, mênh mông (chỉ quy mô lớn, khí thế mạnh mẽ)",4
浩,浩劫,hào jié,thảm họa,7
浪,浪费,làng fèi,lãng phí,2
浪,浪漫,làng màn,lãng mạn,3
浪,风浪,fēng làng,sóng gió,5
浪,波浪,bō làng,sóng,6
浪,流浪,liú làng,lang thang,6
浪,海浪,hǎi làng,sóng biển,6
浪,冲浪,chōng làng,lướt sóng,7
浮,浮力,fú lì,sức nổi,7
浮,浮现,fú xiàn,xuất hiện,7
浮,浮躁,fú zào,bốc đồng,7
浮,心浮气躁,xīn fú qì zào,"Nóng nảy, bồn chồn, hấp tấp, không bình tĩnh",8
浴,浴缸,yù gāng,bồn tắm,6
浴,淋浴,lín yù,"tắm vòi sen, tắm gội",6
浴,浴室,yù shì,phòng tắm,7
浴,沐浴露,mù yù lù,sữa tắm,7
浴,沐浴,mù yù,tắm,8
海,大海,dà hǎi,"biển, đại dương",2
海,海边,hǎi biān,bờ biển,2
海,海鸥,hǎi ōu,Chim hải âu,2
海,海关,hǎi guān,hải quan,3
海,海滨,hǎi bīn,bờ biển,3
海,上海,Shàng hǎi,Thượng Hải,4
海,海棠,hǎi táng,hải đường (loài hoa),4
海,海水,hǎi shuǐ,Nước biển,4
海,海洋,hǎi yáng,biển và đại dương,4
海,海鲜,hǎi xiān,hải sản,4
海,海里,hǎi lǐ,hải lý (đơn vị đo),5
海,沿海,yán hǎi,ven biển,6
海,海军,hǎi jūn,hải quân,6
海,海南,Hǎi nán,Hải Nam (tỉnh của Trung Quốc),6
海,海外,hǎi wài,nước ngoài,6
浸,沉浸,chén jìn,ngâm mình,7
浸,浸泡,jìn pào,ngâm,7
涂,糊涂,hú tu,ngu ngốc,2
涂,涂鸦,tú yā,"vẽ bậy, viết bậy, graffiti",5
涂,一塌糊涂,yī tā hú tú,một mớ hỗn độn,7
消,消息,xiāo xi,tin tức,2
消,取消,qǔ xiāo,hủy bỏ,3
消,消失,xiāo shī,biến mất,3
消,消灭,xiāo miè,tiêu diệt; diệt trừ,3
消,消费,xiāo fèi,Tiêu thụ,3
消,消化,xiāo huà,tiêu hóa,4
消,消极,xiāo jí,tiêu cực,5
消,消毒,xiāo dú,khử trùng,5
消,消耗,xiāo hào,tiêu dùng,6
消,消防,xiāo fáng,chữa cháy,6
消,消除,xiāo chú,loại bỏ,6
消,抵消,dǐ xiāo,phản tác dụng,7
消,消气,xiāo qì,"Hết giận, nguôi giận",7
消,消沉,xiāo chén,chán nản,7
消,消遣,xiāo qiǎn,giải trí,7
涉,交涉,jiāo shè,đàm phán,3
涉,干涉,gān shè,can thiệp,6
涉,涉及,shè jí,liên quan đến,6
涉,涉嫌,shè xián,bị nghi ngờ,7
涉,牵涉,qiān shè,liên quan,7
涌,涌现,yǒng xiàn,xuất hiện với số lượng lớn,6
涌,汹涌,xiōng yǒng,dâng trào dữ dội,7
涌,涌入,yǒng rù,tràn vào,7
涕,鼻涕,bí tì,nước mũi,7
涛,波涛,bō tāo,sóng lớn,6
涡,漩涡,xuán wō,xoáy nước,7
涤,洗涤剂,xǐdíjì,chất tẩy rửa,7
润,利润,lì rùn,lợi nhuận,5
润,湿润,shī rùn,ẩm ướt,5
润,滋润,zī rùn,ẩm ướt,6
润,红润,hóng rùn,hồng hào,7
涨,发涨,fā zhàng,"Nở ra, phồng lên, sưng lên (do ẩm ướt, nhiệt độ, v.v.)",7
涨,高涨,gāo zhǎng,tăng vọt,7
涨,水涨船高,shuǐ zhǎng chuán gāo,nước lên thuyền lên,7
涩,苦涩,kǔ sè,"đắng chát, cay đắng",6
涯,生涯,shēng yá,sự nghiệp,7
液,唾液,tuò yè,nước bọt,3
液,液体,yè tǐ,chất lỏng,3
液,血液,xuè yè,máu,3
液,液晶,yè jīng,tinh thể lỏng,7
液,输液,shū yè,truyền dịch,7
涵,内涵,nèi hán,hàm ý,6
涵,涵义,hán yì,nội hàm,7
涵,涵盖,hán gài,bao gồm hoàn toàn,7
涵,蕴涵,yùn hán,hàm chứa,7
淀,淀粉,diàn fěn,tinh bột,2
淀,沉淀,chén diàn,"kết tủa, trầm tích",7
淀,积淀,jī diàn,tích lũy lâu dài,7
淆,混淆,hùn xiáo,làm mờ,6
淇,冰淇淋,bīng qí lín,Kem,1
淋,冰淇淋,bīng qí lín,Kem,1
淋,淋漓尽致,lín lí jìn zhì,"triệt để, thấu đáo, đến cùng (thể hiện rõ nét, sinh động)",5
淋,淋浴,lín yù,"tắm vòi sen, tắm gội",6
淌,流淌,liú tǎng,chảy,7
淘,淘气,táo qì,nghịch ngợm,5
淘,淘汰,táo tài,loại bỏ,6
淡,淡水,dàn shuǐ,nước ngọt,3
淡,冲淡,chōng dàn,"Pha loãng, làm nhạt đi, làm phai nhạt",4
淡,冷淡,lěng dàn,"lạnh lùng, thờ ơ",5
淡,清淡,qīng dàn,nhẹ nhàng,5
淡,淡季,dànjì,mùa thấp điểm,6
淡,平淡,píng dàn,bình thường,7
淡,淡化,dàn huà,làm mờ dần,7
淡,黯淡,àn dàn,"Tối tăm, ảm đạm, mờ mịt",7
淡,淡忘,dàn wàng,"dần quên, phai nhạt (ký ức)",8
深,深刻,shēn kè,sâu sắc,2
深,深夜,shēn yè,đêm khuya,2
深,深入,shēn rù,đi sâu vào,3
深,深厚,shēn hòu,sâu sắc,4
深,深渊,shēn yuān,"vực sâu, vực thẳm",5
深,深化,shēn huà,đào sâu,6
深,深奥,shēn'ào,khó hiểu,6
深,深沉,shēn chén,sâu lắng và thanh bình,6
深,深深,shēn shēn,sâu sắc,6
深,资深,zī shēn,cao cấp,6
深,博大精深,bó dà jīng shēn,rộng và sâu,6
深,根深蒂固,gēn shēn dì gù,ăn sâu bám rễ,6
深,深情厚谊,shēn qíng hòu yì,tình bạn sâu sắc,6
深,加深,jiā shēn,làm sâu sắc thêm,7
深,深信,shēn xìn,tin tưởng chắc chắn,7
深入,深入人心,shēn rù rén xīn,ăn sâu vào lòng người,7
淳,淳朴,chún pú,"chất phác, mộc mạc, thuần phác",6
混,混乱,hùn luàn,hỗn loạn,6
混,混合,hùn hé,trộn,6
混,混浊,hùn zhuó,đục,6
混,混淆,hùn xiáo,làm mờ,6
混,混凝土,hùn níng tǔ,bê tông,7
添,锦上添花,jǐn shàng tiān huā,gấm thêm hoa (làm cho cái đã tốt càng tốt hơn),6
添,增添,zēng tiān,thêm,7
添,添加,tiān jiā,thêm,7
添,画蛇添足,huà shé tiān zú,làm hỏng bằng cách thêm gì đó không cần thiết,7
清,清晨,qīng chén,sáng sớm,2
清,清楚,qīng chu,rõ ràng,2
清,清闲,qīng xián,"nhàn hạ, rảnh rỗi",3
清,清醒,qīng xǐng,tỉnh táo,4
清,清晰,qīng xī,rõ ràng,5
清,清淡,qīng dàn,nhẹ nhàng,5
清,清洁,qīng jié,sạch sẽ; làm sạch,6
清,清洗,qīng xǐ,rửa,6
清,清澈,qīng chè,trong suốt,6
清,清理,qīng lǐ,dọn dẹp,6
清,清除,qīng chú,dọn sạch,6
清,澄清,chéng qīng,trong suốt,6
清,清明节,Qīng míng jié,Lễ hội Thanh minh,6
清,清洁工,qīng jié gōng,nhân viên vệ sinh,6
清,清凉,qīng liáng,mát,7
清明,清明节,Qīng míng jié,Lễ hội Thanh minh,6
清洁,清洁工,qīng jié gōng,nhân viên vệ sinh,6
渊,深渊,shēn yuān,"vực sâu, vực thẳm",5
渊,渊源,yuān yuán,nguồn gốc,7
渐,渐渐,jiàn jiàn,dần dần,2
渐,逐渐,zhú jiàn,dần dần,4
渐,循序渐进,xún xù jiàn jìn,tiến bộ dần dần,6
渐,日渐,rì jiàn,"ngày càng, dần dần từng ngày",8
渔,渔民,yú mín,ngư dân,6
渔,渔船,yú chuán,thuyền đánh cá,7
渗,渗透,shèn tòu,thâm nhập,6
渠,渠道,qú dào,kênh,6
渡,过渡,guò dù,chuyển tiếp,5
渡,渡过,dù guò,vượt qua,7
渣,渣子,zhā zi,cặn bã,7
温,气温,qì wēn,nhiệt độ không khí,2
温,温度,wēn dù,nhiệt độ,2
温,温暖,wēn nuǎn,ấm áp,2
温,温和,wēn hé,dịu dàng,3
温,降温,jiàng wēn,giảm nhiệt độ,4
温,温文尔雅,wēn wén ěr yǎ,"Ôn hòa nhã nhặn, dịu dàng thanh lịch",4
温,温柔,wēn róu,dịu dàng,5
温,低温,dī wēn,nhiệt độ thấp,6
温,温带,wēn dài,vùng ôn đới,6
温,体温,tǐ wēn,nhiệt độ cơ thể,7
温,升温,shēng wēn,tăng nhiệt,7
温,常温,cháng wēn,nhiệt độ thường,7
温,水温,shuǐ wēn,nhiệt độ nước,7
温,温习,wēn xí,ôn tập,7
温,温室,wēn shì,nhà kính,7
温度,温度计,wēn dù jì,nhiệt kế,7
港,港口,gǎng kǒu,cảng,6
港,港湾,gǎng wān,hải cảng,6
渴,渴望,kě wàng,khao khát,6
渴,渴不可耐,kě bù kě nài,"khát khô cổ, khát không chịu nổi",7
游,游泳,yóu yǒng,bơi lội,1
游,旅游,lǚ yóu,du lịch; du lịch,2
游,游戏,yóu xì,trò chơi,2
游,游览,yóu lǎn,đi tham quan,2
游,游客,yóu kè,Du khách; khách du lịch,3
游,导游,dǎo yóu,hướng dẫn viên,4
游,巡游,xún yóu,"Tuần tra, du ngoạn, đi vòng quanh",4
游,游泳池,yóu yǒng chí,bể bơi,5
游,游人,yóu rén,khách du lịch,6
游,游玩,yóu wán,tham quan,6
游,游行,yóu xíng,diễu hành,6
游,游戏机,yóu xì jī,máy chơi game,6
游,上游,shàng yóu,thượng nguồn,7
游,下游,xià yóu,vùng hạ lưu,7
游,出游,chū yóu,đi du lịch,7
游戏,游戏机,yóu xì jī,máy chơi game,6
游泳,游泳池,yóu yǒng chí,bể bơi,5
渺,渺小,miǎo xiǎo,nhỏ bé,6
湖,湖泊,hú pō,hồ,6
湖,西湖,Xī Hú,"Tây Hồ (hồ nổi tiếng ở Hàng Châu, Trung Quốc)",7
湾,港湾,gǎng wān,hải cảng,6
湿,潮湿,cháo shī,ẩm ướt,4
湿,湿漉漉,shī lù lù,"Ướt sũng, ướt đẫm, ẩm ướt",4
湿,湿润,shī rùn,ẩm ướt,5
湿,湿度,shī dù,độ ẩm,7
溃,崩溃,bēng kuì,sụp đổ,6
溉,灌溉,guàn gài,tưới tiêu,6
源,来源,lái yuán,nguồn gốc; bắt nguồn,3
源,根源,gēn yuán,gốc rễ,3
源,源头,yuán tóu,nguồn gốc,3
源,电源,diàn yuán,nguồn điện,4
源,资源,zī yuán,tài nguyên,4
源,能源,néng yuán,nguồn năng lượng,5
源,水源,shuǐ yuán,nguồn nước,7
源,渊源,yuān yuán,nguồn gốc,7
源,源于,yuán yú,bắt nguồn từ,7
源,源泉,yuán quán,nguồn,7
源,起源,qǐ yuán,nguồn gốc,7
源,发源地,fā yuán dì,nơi bắt nguồn,7
源,来源于,lái yuán yú,bắt nguồn từ,7
源,源源不断,yuán yuán bù duàn,liên tục,7
源于,来源于,lái yuán yú,bắt nguồn từ,7
溜,溜达,liū da,đi dạo,7
溜,随大溜,suí dà liù,theo xu hướng chung,7
溢,洋溢,yáng yì,tràn ngập,7
溢,溢出,yì chū,tràn ra,7
溢,溢美之词,yì měi zhī cí,"Lời khen ngợi quá đáng, lời tâng bốc",8
溪,溪流,xī liú,"suối, dòng suối",3
溪,小溪,xiǎo xī,lạch,7
溯,追溯,zhuī sù,truy ngược lại,7
溶,溶解,róng jiě,"hòa tan, sự hòa tan",6
溺,自溺,zì nì,"tự đắm mình (trong đau khổ, buồn rầu), tự chìm đắm",7
滋,滋润,zī rùn,ẩm ướt,6
滋,滋味,zī wèi,"hương vị, cảm giác",7
滋,美滋滋,měi zī zī,rất hài lòng,7
滋,艾滋病,Ài zī bìng,bệnh AIDS,7
滑,滑冰,huá bīng,trượt băng,3
滑,光滑,guāng huá,"bóng, mượt, mịn",5
滑,滑梯,huá tī,cầu trượt trẻ em,7
滑,滑稽,huá jī,hài hước,7
滑,滑雪,huá xuě,trượt tuyết,7
滔,滔滔不绝,tāo tāo bù jué,nói không ngừng,6
滚,滚雪球,gǔn xuě qiú,"lăn cầu tuyết (ý nói sự việc ngày càng lớn, tích tụ dần)",3
滚,摇滚,yáo gǔn,nhạc rock,6
滚,滚动,gǔn dòng,lăn,7
滚,翻滚,fān gǔn,"cuộn, lăn lộn, trào dâng",7
滚,连滚带爬,lián gǔn dài pá,vừa lăn vừa bò,7
滞,停滞,tíng zhì,đình trệ,6
滞,滞留,zhì liú,mắc kẹt,6
滞,滞后,zhì hòu,"tụt hậu, chậm trễ",7
满,不满,bù mǎn,bất mãn,2
满,满意,mǎn yì,hài lòng,2
满,丰满,fēng mǎn,đầy đặn,3
满,充满,chōng mǎn,lấp đầy; đầy,3
满,满足,mǎn zú,thỏa mãn,3
满,满怀,mǎn huái,tràn đầy,4
满,布满,bù mǎn,phủ kín,6
满,完满,wán mǎn,"Viên mãn, hoàn hảo",7
满,满心,mǎn xīn,"Đầy lòng, tràn đầy tâm tư",7
满,爆满,bào mǎn,đầy đủ,7
满,美满,měi mǎn,hạnh phúc,7
满,饱满,bǎo mǎn,đầy đủ,7
满,满腹怅然,mǎn fù chàng rán,"Đầy bụng buồn bã, lòng đầy nỗi buồn man mác.",8
滤,过滤,guò lǜ,lọc,6
滥,泛滥,fàn làn,tràn lan,6
滥,滥用,làn yòng,lạm dụng,7
滨,哈尔滨,Hā ěr bīn,Cáp Nhĩ Tân (thành phố ở Trung Quốc),1
滨,海滨,hǎi bīn,bờ biển,3
滨,滨海,bīn hǎi,giáp biển,7
滩,沙滩,shā tān,bãi cát,3
滩,海滩,hǎi tān,bãi biển,7
漂,漂亮,piào liang,đẹp,1
漆,油漆,yóu qī,sơn,3
漉,湿漉漉,shī lù lù,"Ướt sũng, ướt đẫm, ẩm ướt",4
漏,泄漏,xiè lòu,để tiết lộ,7
漓,淋漓尽致,lín lí jìn zhì,"triệt để, thấu đáo, đến cùng (thể hiện rõ nét, sinh động)",5
演,表演,biǎo yǎn,biểu diễn,1
演,演出,yǎn chū,biểu diễn,2
演,演员,yǎn yuán,diễn viên,2
演,导演,dǎo yǎn,đạo diễn,3
演,扮演,bàn yǎn,đóng vai,3
演,演唱,yǎn chàng,hát,3
演,演奏,yǎn zòu,biểu diễn,3
演,演唱会,yǎn chàng huì,buổi hòa nhạc,3
演,演讲,yǎn jiǎng,diễn thuyết,4
演,演变,yǎn biàn,"thay đổi, tiến hóa",5
演,上演,shàng yǎn,biểu diễn,6
演,演习,yǎn xí,diễn tập quân sự,6
演,主演,zhǔ yǎn,đóng vai chính,7
演,出演,chū yǎn,biểu diễn,7
演,演戏,yǎn xì,diễn kịch,7
演唱,演唱会,yǎn chàng huì,buổi hòa nhạc,3
漠,沙漠,shā mò,sa mạc,5
漠,冷漠,lěng mò,lạnh lùng,7
漠,漠然,mò rán,thờ ơ,7
漩,漩涡,xuán wō,xoáy nước,7
漫,浪漫,làng màn,lãng mạn,3
漫,漫画,màn huà,truyện tranh,3
漫,弥漫,mí màn,lan tỏa,6
漫,漫长,màn cháng,rất dài,6
漫,漫游,màn yóu,chuyển vùng,7
漾,荡漾,dàng yàng,gợn sóng,7
潇,潇洒,xiāo sǎ,thanh thoát,3
潜,潜力,qián lì,tiềm năng,5
潜,潜水,qián shuǐ,lặn với bình dưỡng khí,6
潜,潜在,qián zài,tiềm ẩn,7
潜,潜能,qián néng,tiềm năng,7
潜,潜艇,qián tǐng,tàu ngầm,7
潜,潜移默化,qián yí mò huà,ảnh hưởng một cách âm thầm,7
潦,潦草,liáo cǎo,cẩu thả,7
潭,泥潭,ní tán,vũng lầy,7
潮,潮流,cháo liú,thủy triều,4
潮,潮湿,cháo shī,ẩm ướt,4
潮,高潮,gāo cháo,"đỉnh điểm, thủy triều cao",4
潮,新潮,xīn cháo,thời trang; thời thượng,7
潮,热潮,rè cháo,phong trào lớn,7
潮,人潮,rén cháo,"Dòng người, biển người",8
澄,澄清,chéng qīng,trong suốt,6
澈,清澈,qīng chè,trong suốt,6
澜,波澜,bō lán,làn sóng,7
澡,洗澡,xǐ zǎo,tắm,2
澳,澳门,Aò mén,Ma Cao,5
激,刺激,cì jī,kích thích,3
激,激动,jī dòng,phấn khích,4
激,激烈,jī liè,kịch liệt,4
激,冰激凌,bīng jī líng,kem,4
激,感激,gǎn jī,cảm kích,5
激,激励,jī lì,khích lệ,6
激,激发,jī fā,kích thích; phấn khởi,6
激,激情,jī qíng,đam mê,6
激,激光,jī guāng,laser,7
激,激化,jī huà,làm căng thẳng,7
激,激活,jī huó,kích hoạt,7
激,激素,jī sù,hormone,7
激,激起,jī qǐ,khuấy động,7
濒,濒临,bīn lín,gần kề,6
瀑,瀑布,pù bù,thác nước,7
灌,灌溉,guàn gài,tưới tiêu,6
灌,灌输,guàn shū,truyền đạt,7
火,火车,huǒ chē,tàu hỏa,1
火,火车站,huǒ chē zhàn,ga xe lửa,1
火,火锅,huǒ guō,lẩu,2
火,圣火,shèng huǒ,"Ngọn lửa thiêng, ngọn lửa thần thánh",3
火,红火,hóng huo,sôi động,3
火,柴火,chái huo,Củi đốt; củi,4
火,火烧,huǒ shāo,Bánh nướng (một loại bánh mì dẹt của Trung Quốc),4
火,火爆,huǒ bào,"Nóng bỏng, bùng nổ, thịnh hành, gay gắt",4
火,文火,wén huǒ,"lửa nhỏ, lửa liu riu",5
火,火柴,huǒ chái,diêm,5
火,火腿,huǒ tuǐ,giăm bông,5
火,着火,zháo huǒ,"bốc cháy, cháy",5
火,火成岩,huǒ chéng yán,"đá magma, đá núi lửa",5
火,恼火,nǎo huǒ,tức giận,6
火,火焰,huǒ yàn,ngọn lửa,6
火车,火车站,huǒ chē zhàn,ga xe lửa,1
灭,消灭,xiāo miè,tiêu diệt; diệt trừ,3
灭,灭绝,miè jué,tuyệt chủng,3
灭,毁灭,huǐ miè,hủy diệt,6
灭,灭亡,miè wáng,bị tiêu diệt,6
灭,歼灭,jiān miè,tiêu diệt,7
灭,破灭,pò miè,tan vỡ,7
灯,红绿灯,hóng lǜ dēng,đèn giao thông,3
灯,灯光,dēng guāng,ánh đèn,4
灯,电灯,diàn dēng,đèn điện,4
灯,台灯,tái dēng,đèn bàn,6
灯,灯泡,dēng pào,bóng đèn,7
灯,灯笼,dēng lóng,đèn lồng,7
灯,红灯,hóng dēng,đèn đỏ,7
灯,绿灯,lǜ dēng,đèn xanh,7
灯,路灯,lù dēng,đèn đường,7
灯,霓虹灯,ní hóng dēng,đèn neon,7
灯,张灯结彩,zhāng dēng jié cǎi,trang trí bằng đèn lồng và cờ màu,7
灰,灰烬,huī jìn,"Tro tàn, tro bụi",4
灰,灰尘,huī chén,bụi,5
灰,灰心,huī xīn,nản lòng,5
灰,石灰岩,shí huī yán,đá vôi,5
灰,珠灰,zhū huī,"Xám ngọc trai, xám tro ngọc trai",7
灰,灰白,huī bái,"Trắng xám, màu tro",8
灵,灵通,líng tōng,thông thạo,3
灵,灵魂,líng hún,linh hồn,3
灵,灵活,líng huó,linh hoạt,5
灵,心灵,xīn líng,"thông minh, sáng dạ",6
灵,灵感,líng gǎn,cảm hứng,6
灵,灵敏,líng mǐn,nhạy cảm,6
灵,失灵,shī líng,hỏng,7
灵,机灵,jī ling,thông minh,7
灵,灵巧,líng qiǎo,khéo léo,7
灵,水灵灵,shuǐ líng líng,đẹp và tràn đầy năng lượng,7
灵,心灵手巧,xīn líng shǒu qiǎo,khéo tay hay làm,7
灵,灵机一动,líng jī yī dòng,nảy ra một ý tưởng sáng suốt,7
灵,灵性,líng xìng,"sự linh thiêng, sự khôn ngoan, linh tính, tính linh hoạt (trong nghệ thuật)",8
灶,炉灶,lú zào,bếp,3
灸,针灸,zhēn jiǔ,châm cứu,7
灼,灼热,zhuó rè,nóng bỏng,7
灾,灾害,zāi hài,thảm họa,5
灾,旱灾,hàn zāi,hạn hán,7
灿,灿烂,càn làn,rực rỡ,2
炉,炉灶,lú zào,bếp,3
炉,微波炉,wēi bō lú,Lò vi sóng,6
炉,炉子,lú zi,bếp,7
炊,野炊,yě chuī,nấu ăn ngoài trời,7
炎,炎热,yán rè,nóng bức,5
炎,炎症,yán zhèng,viêm,7
炒,西红柿炒鸡蛋,xī hóng shì chǎo jī dàn,cà chua xào trứng,5
炒,炒作,chǎo zuò,đầu cơ,6
炒,炒股,chǎo gǔ,đầu cơ cổ phiếu,6
炙,残羹剩炙,cán gēng shèng zhì,"Cơm thừa canh cặn, đồ ăn thừa",7
炫,炫耀,xuàn yào,"khoe khoang, phô trương",6
炬,火炬,huǒ jù,ngọn đuốc,7
炭,煤炭,méi tàn,than đá,5
炮,鞭炮,biān pào,pháo,3
炮,马后炮,mǎ hòu pào,hành động muộn màng,7
炸,炸药,zhà yào,thuốc nổ,3
炸,油炸,yóu zhá,chiên,5
炸,炸弹,zhà dàn,bom,6
炸,爆炸,bào zhà,nổ tung,6
炸,轰炸,hōng zhà,ném bom,7
点,地点,dì diǎn,địa điểm,1
点,点钟,diǎn zhōng,"Giờ, giờ đồng hồ (thường dùng sau số)",1
点,一点儿,yì diǎnr,"một chút, một ít",1
点,有点儿,yǒu diǎnr,"hơi, có chút",1
点,晚点,wǎn diǎn,muộn,2
点,正点,zhèng diǎn,"Đúng giờ, đúng kế hoạch",2
点,点头,diǎn tóu,gật đầu,2
点,点心,diǎn xīn,món tráng miệng,2
点,特点,tè diǎn,đặc điểm,2
点,观点,guān diǎn,quan điểm,2
点,重点,zhòng diǎn,trọng điểm,2
点,一点点,yī diǎn diǎn,một chút,2
点,快点儿,kuài diǎnr,nhanh lên!,2
点,有一点儿,yǒu yī diǎnr,một chút,2
点,优点,yōu diǎn,ưu điểm,3
炼,锻炼,duàn liàn,tập thể dục,1
炼,提炼,tí liàn,"chiết xuất, tinh lọc, làm sạch",7
炼,精炼,jīng liàn,tinh luyện,7
烁,闪烁,shǎn shuò,nhấp nháy,6
烂,灿烂,càn làn,rực rỡ,2
烂,腐烂,fǔ làn,thối rữa,6
烈,强烈,qiáng liè,mạnh mẽ,3
烈,热烈,rè liè,nồng nhiệt,3
烈,激烈,jī liè,kịch liệt,4
烈,猛烈,měng liè,mạnh mẽ,5
烈,剧烈,jù liè,dữ dội,6
烈,烈日,liè rì,"nắng gắt, mặt trời gay gắt",6
烈,兴高采烈,xìng gāo cǎi liè,trong niềm vui sướng lớn,6
烈,烈士,liè shì,liệt sĩ,7
烈,愈演愈烈,yù yǎn yù liè,ngày càng dữ dội,7
烘,烘干,hōng gān,sấy khô,7
烘,烘托,hōng tuō,làm nổi bật,7
烘,暖烘烘,nuǎn hōng hōng,ấm áp,7
烙,烙饼,lào bǐng,"Bánh rán, bánh dẹt áp chảo (một loại bánh mì dẹt của Trung Quốc).",2
烛,蜡烛,là zhú,nến,2
烟,戒烟,jiè yān,bỏ thuốc lá,2
烟,吸烟,xī yān,hút thuốc,4
烟,抽烟,chōu yān,hút thuốc,4
烟,旱烟,hàn yān,Thuốc lào khô (hút trực tiếp không qua nước),4
烟,水烟,shuǐ yān,Thuốc lào (hút qua nước),4
烟,烟嘴,yān zuǐ,"Đầu lọc thuốc lá, ống điếu (phần miệng của tẩu/điếu thuốc)",4
烟,鼻烟壶,bí yān hú,Lọ đựng thuốc hít,4
烟,烟花,yān huā,pháo hoa,6
烟,烟囱,yān cōng,ống khói,7
烟,烟火,yān huo,pháo hoa,7
烟,香烟,xiāng yān,thuốc lá,7
烟,狼烟四起,láng yān sì qǐ,"Khói sói nổi khắp nơi (ám chỉ chiến tranh, loạn lạc sắp xảy ra hoặc đã xảy ra)",7
烤,烤鸭,kǎo yā,vịt quay,4
烤,烤肉,kǎo ròu,thịt nướng,5
烤,烧烤,shāo kǎo,thịt nướng,7
烦,麻烦,má fan,phiền phức,1
烦,烦恼,fánnǎo,lo lắng,4
烦,不耐烦,bù nàifán,không kiên nhẫn,5
烦,厌烦,yàn fán,chán ngấy,7
烦,烦躁,fán zào,kích động,7
烦,烦闷,fán mèn,buồn bã,7
烦,耐烦,nài fán,"Kiên nhẫn, nhẫn nại",7
烧,发烧,fā shāo,sốt,1
烧,燃烧,rán shāo,đốt cháy,3
烧,火烧,huǒ shāo,Bánh nướng (một loại bánh mì dẹt của Trung Quốc),4
烧,红烧,hóng shāo,"Kho tàu, om (kiểu kho)",6
烧,烧毁,shāo huǐ,cháy rụi,7
烧,烧烤,shāo kǎo,thịt nướng,7
烧,焚烧,fén shāo,đốt cháy,7
烬,灰烬,huī jìn,"Tro tàn, tro bụi",4
热,热情,rè qíng,nhiệt tình,1
热,热闹,rè nao,nhộn nhịp,1
热,亲热,qīn rè,yêu thương,2
热,热烈,rè liè,nồng nhiệt,3
热,热爱,rè'ài,yêu tha thiết,3
热,热心,rè xīn,chu đáo,4
热,炎热,yán rè,nóng bức,5
热,热水,rè shuǐ,nước nóng,6
热,热点,rè diǎn,điểm nóng,6
热,热线,rè xiàn,đường dây nóng,6
热,热水器,rè shuǐ qì,máy nước nóng,6
热,热泪盈眶,rè lèi yíng kuàng,nước mắt đẫm tràn,6
热,发热,fā rè,cảm thấy nóng,7
热,火热,huǒ rè,nóng,7
热,灼热,zhuó rè,nóng bỏng,7
热气,热气球,rè qì qiú,khinh khí cầu,7
热水,热水器,rè shuǐ qì,máy nước nóng,6
热闹,看热闹,kàn rè nao,xem cảnh nhộn nhịp,7
烹,烹饪,pēng rèn,nấu ăn,6
烹,烹调,pēng tiáo,nấu ăn,7
焉,心不在焉,xīn bù zài yān,"Lơ đễnh, đãng trí, không tập trung",6
焐,焐热,wù rè,"Làm ấm, ủ nóng (bằng hơi ấm cơ thể hoặc vật nóng)",7
焕,焕发,huàn fā,"tỏa sáng, rạng rỡ",7
焕,容光焕发,róng guāng huàn fā,rạng rỡ,7
焕发,容光焕发,róng guāng huàn fā,rạng rỡ,7
焚,焚烧,fén shāo,đốt cháy,7
焚,心急如焚,xīn jí rú fén,sốt ruột,7
焦,焦急,jiāo jí,lo lắng,6
焦,焦点,jiāo diǎn,tiêu điểm,6
焦,焦虑,jiāo lǜ,lo lắng,7
焦,焦距,jiāo jù,tiêu cự,7
焦,焦躁,jiāo zào,nóng nảy,7
焰,火焰,huǒ yàn,ngọn lửa,6
焰,焰火,yàn huǒ,pháo hoa,7
然,当然,dāng rán,tất nhiên,1
然,然后,rán hòu,sau đó,1
然,仍然,réng rán,vẫn,2
然,忽然,hū rán,đột nhiên,2
然,突然,tū rán,đột nhiên,2
然,竟然,jìng rán,không ngờ,2
然,虽然,suī rán,mặc dù,2
然,大自然,dà zì rán,thiên nhiên,2
然,居然,jū rán,bất ngờ,3
然,必然,bì rán,tất yếu,3
然,显然,xiǎn rán,rõ ràng,3
然,果然,guǒ rán,quả nhiên,3
然,自然,zì rán,tự nhiên,3
然,茫然,máng rán,bỡ ngỡ,3
然,不尽然,bù jìn rán,"không hẳn là vậy, chưa chắc đã vậy",3
然而,自然而然,zì rán ér rán,tự nhiên,7
然而,飘然而至,piāo rán ér zhì,"Nhẹ nhàng bay đến, lướt đến",8
煌,辉煌,huī huáng,rực rỡ,6
煤,煤炭,méi tàn,than đá,5
煤,煤油,méi yóu,Dầu hỏa,7
煤,煤矿,méi kuàng,mỏ than,7
照,照片,zhào piàn,bức ảnh,1
照,护照,hù zhào,hộ chiếu,2
照,照相,zhào xiàng,chụp ảnh,2
照,照顾,zhào gù,chăm sóc,2
照,拍照,pāi zhào,chụp ảnh,3
照,按照,àn zhào,theo,3
照,照相机,zhào xiàng jī,máy ảnh,3
照,执照,zhí zhào,giấy phép,5
照,照常,zhào cháng,như thường lệ,5
照,驾照,jià zhào,bằng lái xe,5
照,关照,guān zhào,chăm sóc,6
照,参照,cān zhào,tham khảo,6
照,对照,duì zhào,tương phản,6
照,照样,zhào yàng,vẫn,6
照,照耀,zhào yào,chiếu sáng,6
照相,照相机,zhào xiàng jī,máy ảnh,3
煽,煽动,shān dòng,kích động,7
熄,熄火,xī huǒ,tắt máy,7
熊,熊猫,xióng māo,gấu trúc,2
熊,大熊猫,dà xióng māo,Gấu trúc lớn,3
熊,玩具熊,wán jù xióng,"Gấu bông, gấu đồ chơi",8
熊猫,大熊猫,dà xióng māo,Gấu trúc lớn,3
熏,熏陶,xūn táo,ảnh hưởng,7
熙,熙熙攘攘,xī xī rǎng rǎng,náo nhiệt,7
熟,熟悉,shú xī,quen thuộc,1
熟,成熟,chéng shú,trưởng thành,3
熟,熟人,shú rén,người quen,3
熟,熟练,shú lian,thành thạo,4
熟,耳熟能详,ěr shú néng xiáng,nghe quen thuộc,7
熟,轻车熟路,qīng chē shú lù,"Xe nhẹ đường quen; quen việc, thành thạo",8
熬,熬夜,áo yè,thức khuya,1
燃,燃烧,rán shāo,đốt cháy,3
燃,燃料,rán liào,nhiên liệu,4
燃,燃放,rán fàng,đốt,7
燃,燃气,rán qì,khí đốt,7
燃,燃油,rán yóu,nhiên liệu,7
燕,燕子,yàn zi,chim én,7
燥,干燥,gān zào,khô,5
燥,枯燥,kū zào,nhàm chán,7
爆,火爆,huǒ bào,"Nóng bỏng, bùng nổ, thịnh hành, gay gắt",4
爆,爆发,bào fā,bùng phát,6
爆,爆炸,bào zhà,nổ tung,6
爆,爆满,bào mǎn,đầy đủ,7
爆,爆竹,bào zhú,pháo,7
爆,爆冷门,bào lěng mén,bước ngoặt không ngờ,7
爪,爪牙,zhǎo yá,"Tay sai, đồng bọn (mang nghĩa xấu)",3
爪,爪子,zhuǎ zi,móng vuốt,7
爬,爬山,pá shān,leo núi,2
爬,连滚带爬,lián gǔn dài pá,vừa lăn vừa bò,7
爱,爱好,ài hào,"sở thích, thích",1
爱,可爱,kě'ài,đáng yêu,2
爱,爱人,ài rén,vợ chồng,2
爱,爱情,ài qíng,tình yêu,2
爱,爱情片,ài qíng piàn,phim tình cảm,2
爱,偏爱,piān ài,"thiên vị, yêu thích đặc biệt",3
爱,喜爱,xǐ ài,yêu thích; ưa thích,3
爱,热爱,rè'ài,yêu tha thiết,3
爱,爱心,ài xīn,"lòng nhân ái, sự cảm thông",3
爱,亲爱,qīn'ài,thân yêu,4
爱,母爱,mǔ ài,Tình mẫu tử,4
爱,爱国,aì guó,yêu nước,4
爱,爱护,ài hù,"yêu thương, bảo vệ",4
爱,恋爱,liàn'ài,tình yêu,5
爱,恩爱,ēn ài,"ân ái, yêu thương (vợ chồng)",5
爱情,爱情片,ài qíng piàn,phim tình cảm,2
爵,爵士,jué shì,nhạc jazz,7
父,父亲,fù qīn,cha,2
父,父母,fù mǔ,cha mẹ,2
父,师父,shī fu,sư phụ,6
父,父女,fù nǚ,cha và con gái,6
父,父子,fù zǐ,cha và con trai,6
父,祖父,zǔ fù,ông nội,6
父,伯父,bó fù,chú,7
父,岳父,yuè fù,bố vợ,7
父,继父,jì fù,cha dượng,7
爷,爷爷,yé ye,ông nội,1
爷,大爷,dà ye,chú,4
爷,姥爷,lǎo ye,ông ngoại,7
爸,爸爸,bà ba,bố,1
爽,凉爽,liáng shuǎng,mát mẻ thoải mái,7
爽,爽快,shuǎng kuài,thẳng thắn,7
片,照片,zhào piàn,bức ảnh,1
片,明信片,míng xìn piàn,bưu thiếp,1
片,图片,tú piàn,hình ảnh,2
片,影片,yǐng piàn,phim,2
片,相片,xiàng piàn,ảnh,2
片,药片,yào piàn,viên thuốc,2
片,爱情片,ài qíng piàn,phim tình cảm,2
片,片刻,piàn kè,khoảnh khắc,3
片,名片,míng piàn,danh thiếp,4
片,唱片,chàng piàn,đĩa hát,4
片,片面,piàn miàn,một chiều,4
片,动画片,dòng huà piàn,phim hoạt hình,4
片,短片,duǎn piàn,phim ngắn,6
片,薯片,shǔ piàn,khoai tây chiên lát,6
片,卡片,kǎ piàn,thẻ,7
版,再版,zài bǎn,"tái bản, in lại",3
版,出版,chū bǎn,xuất bản,5
版,正版,zhèng bǎn,bản sao hợp pháp,5
版,电子版,diàn zǐ bǎn,phiên bản điện tử,5
版,版本,bǎn běn,phiên bản,6
版,盗版,dào bǎn,bản sao lậu,6
版,改版,gǎi bǎn,sửa đổi,7
版,出版社,chū bǎn shè,nhà xuất bản,7
牌,牌子,pái zi,bảng hiệu,2
牌,桥牌,qiáo pái,Bài Bridge,3
牌,金牌,jīn pái,huy chương vàng,3
牌,银牌,yín pái,huy chương bạc,3
牌,名牌,míng pái,thương hiệu nổi tiếng,4
牌,登机牌,dēng jī pái,thẻ lên máy bay,4
牌,品牌,pǐn pái,thương hiệu,6
牌,大牌,dà pái,người nổi tiếng,6
牌,车牌,chē pái,biển số xe,6
牌,铜牌,tóng pái,huy chương đồng,6
牌,奖牌,jiǎng pái,huy chương,7
牌,招牌,zhāo pai,biển hiệu,7
牌,牌照,pái zhào,biển số xe,7
牌,王牌,wáng pái,lá bài chủ,7
牌,打牌,dǎ pái,Chơi bài,8
牙,牙齿,yá chǐ,răng,2
牙,刷牙,shuā yá,đánh răng,3
牙,爪牙,zhǎo yá,"Tay sai, đồng bọn (mang nghĩa xấu)",3
牙,牙刷,yá shuā,bàn chải đánh răng,4
牙,牙膏,yá gāo,kem đánh răng,4
牙,西班牙语,Xī bān yá yǔ,tiếng Tây Ban Nha,6
牛,牛奶,niú nǎi,sữa,1
牛,牛排,niú pái,"Bít tết, sườn bò",2
牛,牛仔裤,niú zǎi kù,quần jean,2
牛,吹牛,chuī niú,khoe khoang,6
牛,蜗牛,wō niú,Ốc sên,8
牡,牡丹,mǔ dan,mẫu đơn,7
牢,牢固,láo gù,vững chắc,6
牢,牢骚,láo sāo,khiếu nại,6
牢,牢牢,láo láo,chắc chắn,7
牢,牢记,láo jì,ghi nhớ,7
牢,亡羊补牢,wáng yáng bǔ láo,muộn còn hơn không,7
牧,畜牧业,xù mù yè,Chăn nuôi,3
牧,畜牧,xù mù,chăn nuôi gia súc,6
牧,牧场,mù chǎng,đồng cỏ,7
牧,牧民,mù mín,người chăn nuôi,7
物,礼物,lǐ wù,quà tặng,1
物,购物,gòu wù,mua sắm,1
物,购物中心,gòu wù zhōng xīn,trung tâm mua sắm,1
物,动物,dòng wù,động vật,2
物,物理,wù lǐ,vật lý,2
物,食物,shí wù,thức ăn,2
物,动物园,dòng wù yuán,sở thú,2
物,物种,wù zhǒng,"loài, chủng loại",3
物,物质,wù zhì,vật chất,3
物,矿物质,kuàng wù zhì,"khoáng chất, chất khoáng",3
物,事物,shì wù,"vật, sự vật",4
物,宠物,chǒng wù,thú cưng,4
物,植物,zhí wù,cây trồng,4
物,物件,wù jiàn,Đồ vật; vật phẩm,4
物,药物,yào wù,dược phẩm,4
物质,矿物质,kuàng wù zhì,"khoáng chất, chất khoáng",3
牲,牺牲,xī shēng,hy sinh; sự hy sinh,6
牲,牲畜,shēng chù,gia súc,7
牵,牵制,qiān zhì,kiềm chế,6
牵,牵扯,qiān chě,liên quan,6
牵,牵头,qiān tóu,dẫn đầu,7
牵,牵挂,qiān guà,quan tâm,7
牵,牵涉,qiān shè,liên quan,7
特,特别,tè bié,đặc biệt,2
特,特点,tè diǎn,đặc điểm,2
特,特色,tè sè,đặc sắc,3
特,特价,tè jià,giá đặc biệt; giá hời,4
特,特征,tè zhēng,đặc trưng,4
特,特意,tè yì,cố ý,4
特,特殊,tè shū,đặc biệt,4
特,独特,dú tè,độc đáo,4
特,模特儿,mó tèr,người mẫu,4
特,模特,mó tè,người mẫu,5
特,特地,tè dì,vì mục đích đặc biệt,6
特,特大,tè dà,đặc biệt lớn,6
特,特快,tè kuài,tàu tốc hành,6
特,特长,tè cháng,điểm mạnh,6
特,奇特,qí tè,kỳ lạ,7
牺,牺牲,xī shēng,hy sinh; sự hy sinh,6
犬,犬子,quǎn zǐ,Con trai tôi (cách nói khiêm tốn),3
犬,猎犬,liè quǎn,chó săn,7
犯,侵犯,qīn fàn,xâm phạm,3
犯,犯罪,fàn zuì,tội phạm,6
犯,犯规,fàn guī,phạm quy,6
犯,罪犯,zuì fàn,tội phạm,6
犯,触犯,chù fàn,xúc phạm,6
犯,冒犯,mào fàn,xúc phạm,7
犯,囚犯,qiú fàn,tù nhân,7
犯,犯愁,fàn chóu,lo lắng,7
状,状况,zhuàng kuàng,tình hình,3
状,状态,zhuàng tài,trạng thái,3
状,形状,xíng zhuàng,"hình dạng, hình thù",5
状,现状,xiàn zhuàng,tình hình hiện tại,6
状,症状,zhèng zhuàng,triệu chứng,6
状,告状,gào zhuàng,tố cáo,7
状,状元,zhuàng yuán,người giỏi nhất,7
犹,犹豫,yóu yù,do dự,2
犹,犹如,yóu rú,như thể,6
犹,毫不犹豫,háo bù yóu yù,không hề do dự,7
犹,犹豫不决,yóu yù bù jué,do dự,7
犹,记忆犹新,jì yì yóu xīn,vẫn còn mới trong trí nhớ,7
犹豫,毫不犹豫,háo bù yóu yù,không hề do dự,7
犹豫,犹豫不决,yóu yù bù jué,do dự,7
狂,疯狂,fēng kuáng,điên rồ,3
狂,张狂,zhāng kuáng,"Ngông cuồng, kiêu ngạo, hống hách",4
狂,狂想,kuáng xiǎng,"sự cuồng tưởng, sự huyễn tưởng; cuồng tưởng, huyễn tưởng",7
狂,狂欢,kuáng huān,vui chơi,7
狂,狂热,kuáng rè,cuồng nhiệt,7
狂,猖狂,chāng kuáng,điên cuồng,7
狂,疏狂,shū kuáng,"phóng khoáng, ngông cuồng, không gò bó",7
狂,狂欢节,kuáng huān jié,lễ hội hóa trang,7
狂欢,狂欢节,kuáng huān jié,lễ hội hóa trang,7
狈,狼狈,láng bèi,bất lực,7
狠,狠心,hěn xīn,quyết tâm,2
狠,凶狠,xiōng hěn,tàn ác,7
狡,狡猾,jiǎo huá,xảo quyệt,5
独,独奏,dú zòu,độc tấu,3
独,单独,dān dú,một mình,4
独,唯独,wéi dú,"chỉ, một mình",4
独,独特,dú tè,độc đáo,4
独,独立,dú lì,độc lập,4
独,独自,dú zì,một mình,4
独,孤独,gū dú,cô đơn; nỗi cô đơn,6
独,独身,dú shēn,độc thân,6
独,得天独厚,dé tiān dú hòu,sinh ra dưới ngôi sao may mắn; giàu tài nguyên thiên nhiên,6
独,独唱,dú chàng,hát đơn,7
独,独家,dú jiā,độc quyền,7
独,独生女,dú shēng nǚ,Con gái độc nhất,7
独,无独有偶,wú dú yǒu ǒu,"Không phải là trường hợp duy nhất, trùng hợp ngẫu nhiên",7
独,独一无二,dú yī wú èr,độc nhất vô nhị,7
独,独立自主,dú lì zì zhǔ,độc lập tự chủ,7
独立,独立自主,dú lì zì zhǔ,độc lập tự chủ,7
狭,狭窄,xiá zhǎi,hẹp,6
狭,狭小,xiá xiǎo,chật hẹp,7
狭,狭隘,xiá'ài,hẹp,7
狮,狮子,shī zi,sư tử,5
狱,监狱,jiān yù,nhà tù,6
狱,地狱,dì yù,địa ngục,7
狼,狼吞虎咽,láng tūn hǔ yàn,"Ăn ngấu nghiến, nuốt chửng",6
狼,豺狼虎豹,chái láng hǔ bào,"sói, hổ, báo (ác thú); kẻ tàn ác",6
狼,狼狈,láng bèi,bất lực,7
狼,狼烟四起,láng yān sì qǐ,"Khói sói nổi khắp nơi (ám chỉ chiến tranh, loạn lạc sắp xảy ra hoặc đã xảy ra)",7
狼,黄鼠狼,huáng shǔ láng,"chồn, chồn hôi",8
猎,打猎,dǎ liè,săn bắn,5
猎,猎人,liè rén,thợ săn,6
猎,猎犬,liè quǎn,chó săn,7
猖,猖狂,chāng kuáng,điên cuồng,7
猛,生猛,shēng měng,"mạnh mẽ, sống động (chỉ người, động vật); tươi sống, còn sống (chỉ hải sản)",4
猛,猛烈,měng liè,mạnh mẽ,5
猛,凶猛,xiōng měng,hung dữ,7
猛,猛然,měng rán,đột ngột,7
猜,猜测,cāi cè,đoán,5
猜,猜想,cāi xiǎng,đoán,7
猜,猜谜,cāi mí,đoán câu đố,7
猝,猝死,cù sǐ,đột tử,6
猩,猩猩,xīng xīng,đười ươi,5
猪,猪排,zhū pái,"Sườn heo, cốt lết heo",2
猫,熊猫,xióng māo,gấu trúc,2
猫,大熊猫,dà xióng māo,Gấu trúc lớn,3
献,贡献,gòng xiàn,đóng góp; cống hiến,5
献,奉献,fèng xiàn,dâng hiến,6
献,捐献,juān xiàn,"quyên góp, đóng góp",7
献,文献,wén xiàn,tài liệu,7
献,献血,xiàn xuè,hiến máu,7
献,献身,xiàn shēn,"Hiến thân, cống hiến",8
猴,猴子,hóu zi,khỉ,3
猾,狡猾,jiǎo huá,xảo quyệt,5
玄,玄机,xuán jī,nguyên lý huyền bí,7
率,效率,xiào lǜ,hiệu suất,4
率,汇率,huì lǜ,tỷ giá,4
率,坦率,tǎn shuài,thẳng thắn,5
率,草率,cǎo shuài,vội vã,6
率,频率,pín lǜ,tần số,6
率,几率,jī lǜ,khả năng xảy ra,7
率,利率,lì lǜ,lãi suất,7
率,功率,gōng lǜ,công suất,7
率,概率,gài lǜ,xác suất,7
率,表率,biǎo shuài,"tấm gương, hình mẫu",7
率,轻率,qīng shuài,"Khinh suất, thiếu suy nghĩ, vội vàng",7
率,失业率,shī yè lǜ,tỷ lệ thất nghiệp,7
率,收视率,shōu shì lǜ,tỷ suất xem truyền hình,7
率,点击率,diǎn jī lǜ,tỷ lệ nhấp,7
玉,玉米,yù mǐ,ngô,4
玉,碧玉,bì yù,ngọc bích,6
王,国王,guó wáng,vua,5
王,王子,wáng zǐ,hoàng tử,5
王,王宫,wáng gōng,"cung điện, hoàng cung",5
王,王后,wáng hòu,hoàng hậu,6
王,大王,dà wáng,đại vương; vua; ông trùm,7
王,王国,wáng guó,vương quốc,7
王,王牌,wáng pái,lá bài chủ,7
王,阎王,yán wáng,Diêm Vương,7
王,帝王,dì wáng,"đế vương, vua chúa",8
玩,玩儿,wánr,"chơi, đi chơi, chơi đùa",1
玩,好玩儿,hǎo wánr,"vui, thú vị",1
玩,开玩笑,kāi wán xiào,đùa cợt,1
玩,玩笑,wán xiào,"Chuyện đùa, trò đùa; đùa giỡn, bông đùa.",2
玩,玩具,wán jù,đồ chơi,3
玩,玩意儿,wán yìr,"đồ chơi, thứ hay ho",3
玩,古玩,gǔ wàn,"Đồ cổ, cổ vật",6
玩,游玩,yóu wán,tham quan,6
玩,玩耍,wán shuǎ,chơi,7
玩,贪玩儿,tān wánr,quá ham chơi,7
玩,吃喝玩乐,chī hē wán lè,ăn uống vui chơi,7
玩,闹着玩儿,nào zhe wánr,"đùa, trêu đùa",7
玩,玩具熊,wán jù xióng,"Gấu bông, gấu đồ chơi",8
玩儿,好玩儿,hǎo wánr,"vui, thú vị",1
玩儿,贪玩儿,tān wánr,quá ham chơi,7
玩儿,闹着玩儿,nào zhe wánr,"đùa, trêu đùa",7
玩具,玩具熊,wán jù xióng,"Gấu bông, gấu đồ chơi",8
玩笑,开玩笑,kāi wán xiào,đùa cợt,1
玫,玫瑰花,méiguīhuā,hoa hồng,3
玫,玫瑰,méi guī,hoa hồng,5
玫瑰,玫瑰花,méiguīhuā,hoa hồng,3
环,环境,huán jìng,môi trường,2
环,光环,guāng huán,vòng ánh sáng,3
环,环保,huán bǎo,bảo vệ môi trường,3
环,耳环,ěr huán,bông tai,5
环,连环画,lián huán huà,truyện tranh,5
环,循环,xún huán,tuần hoàn,6
环,环节,huán jié,liên kết,6
环,环球,huán qiú,toàn cầu,7
环,环绕,huán rào,bao quanh,7
现,现代,xiàn dài,hiện đại,1
现,现在,xiàn zài,bây giờ,1
现,出现,chū xiàn,xuất hiện,2
现,发现,fā xiàn,phát hiện,2
现,实现,shí xiàn,đạt được,2
现,体现,tǐ xiàn,hiện thân,3
现,呈现,chéng xiàn,hiện ra,3
现,展现,zhǎn xiàn,trưng bày,3
现,现场,xiàn chǎng,"hiện trường, địa điểm",3
现,现实,xiàn shí,thực tế,3
现,现象,xiàn xiàng,hiện tượng,3
现,现金,xiàn jīn,tiền mặt,3
现,表现,biǎo xiàn,"hành vi, hiệu suất",3
现,现有,xiàn yǒu,hiện có,5
现,涌现,yǒng xiàn,xuất hiện với số lượng lớn,6
现代,现代化,xiàn dài huà,hiện đại hóa,6
玻,玻璃,bō li,kính,5
珍,珍惜,zhēn xī,quý trọng,5
珍,珍珠,zhēn zhū,ngọc trai,5
珍,珍贵,zhēn guì,"có giá trị, quý giá",6
珍,袖珍,xiù zhēn,cỡ túi,6
珍,珍藏,zhēn cáng,trân quý,7
珍,珍视,zhēn shì,trân trọng,7
珍,珍重,zhēn zhòng,trân trọng,7
珠,珍珠,zhēn zhū,ngọc trai,5
珠,珠宝,zhū bǎo,"trang sức, ngọc trai và đá quý",6
珠,圆珠笔,yuán zhū bǐ,bút bi,6
珠,泪珠,lèi zhū,giọt nước mắt,7
珠,珠灰,zhū huī,"Xám ngọc trai, xám tro ngọc trai",7
班,上班,shàng bān,đi làm,1
班,下班,xià bān,tan làm,1
班,班会,bān huì,"Buổi họp lớp, sinh hoạt lớp.",2
班,班长,bān zhǎng,lớp trưởng,2
班,航班,háng bān,chuyến bay,2
班,班主任,bān zhǔ rèn,giáo viên chủ nhiệm,2
班,班级,bān jí,"lớp, lớp học",3
班,加班,jiā bān,làm thêm giờ,4
班,培训班,péi xùn bān,lớp đào tạo,4
班,值班,zhí bān,trực ban,5
班,西班牙语,Xī bān yá yǔ,tiếng Tây Ban Nha,6
班,夜班,yè bān,ca đêm,7
班,接班,jiē bān,nhận ca,7
班,班机,bān jī,Chuyến bay (theo lịch trình),7
班,接班人,jiē bān rén,người kế nhiệm,7
球,打球,dǎ qiú,chơi bóng,1
球,足球,zú qiú,bóng đá,1
球,地球,Dì qiú,trái đất,2
球,排球,pái qiú,bóng chuyền,2
球,球场,qiú chǎng,sân bóng,2
球,球队,qiú duì,đội bóng,2
球,篮球,lán qiú,bóng rổ,2
球,网球,wǎng qiú,quần vợt,2
球,打篮球,dǎ lánqiú,chơi bóng rổ,2
球,踢足球,tī zúqiú,chơi bóng đá,2
球,全球,quán qiú,toàn cầu; cả thế giới,3
球,球迷,qiú mí,người hâm mộ bóng đá,3
球,滚雪球,gǔn xuě qiú,"lăn cầu tuyết (ý nói sự việc ngày càng lớn, tích tụ dần)",3
球,羽毛球,yǔ máo qiú,cầu lông,3
球,垒球,lěi qiú,bóng mềm (một môn thể thao giống bóng chày),4
理,物理,wù lǐ,vật lý,2
理,理想,lǐ xiǎng,lý tưởng,2
理,经理,jīng lǐ,giám đốc,2
理,道理,dào li,lý lẽ,2
理,伦理,lún lǐ,nguyên tắc đạo đức,3
理,办理,bàn lǐ,xử lý,3
理,合理,hé lǐ,hợp lý,3
理,处理,chǔ lǐ,"sắp xếp, giải quyết",3
理,整理,zhěng lǐ,sắp xếp,3
理,理发,lǐ fà,cắt tóc,3
理,理由,lǐ yóu,lý do,3
理,理解,lǐ jiě,"hiểu, thông cảm",3
理,理论,lǐ lùn,lý thuyết,3
理,生理,shēng lǐ,sinh lý,3
理,管理,guǎn lǐ,quản lý,3
琢,琢磨,zuó mo,suy nghĩ,6
琴,钢琴,gāng qín,đàn piano,3
琴,小提琴,xiǎo tí qín,vĩ cầm,3
琴,弹钢琴,tán gāng qín,chơi piano,4
瑞,瑞雪,ruì xuě,tuyết lành,7
瑟,瑟瑟,sè sè,"Run rẩy (vì lạnh, sợ hãi), xào xạc (tiếng lá)",7
瑰,玫瑰花,méiguīhuā,hoa hồng,3
瑰,玫瑰,méi guī,hoa hồng,5
瑰,瑰宝,guī bǎo,kho báu,7
璃,玻璃,bō li,kính,5
瓜,西瓜,xī guā,dưa hấu,2
瓜,黄瓜,huáng guā,dưa chuột,4
瓜,丝瓜,sī guā,mướp,6
瓜,哈密瓜,hā mì guā,"dưa Hami, dưa lưới",6
瓜,傻瓜,shǎ guā,ngốc nghếch,7
瓜,南瓜,nán guā,bí ngô,7
瓜,瓜分,guā fēn,chia ra,7
瓜,瓜子,guā zǐ,hạt giống,7
瓜,脑瓜子,nǎo guā zi,"đầu óc, cái đầu (thông tục)",7
瓜子,脑瓜子,nǎo guā zi,"đầu óc, cái đầu (thông tục)",7
瓣,花瓣,huā bàn,cánh hoa,6
瓦,瓦匠,wǎ jiàng,"Thợ nề, thợ xây gạch ngói",4
瓦,博茨瓦纳,Bó cí wǎ nà,Botswana,5
瓦,瓦解,wǎ jiě,tan rã,6
瓶,瓶子,píng zi,"chai, bình",2
瓶,花瓶,huā píng,lọ hoa,6
瓶,瓶颈,píng jǐng,điểm nghẽn,7
瓷,陶瓷,táo cí,gốm sứ,6
瓷,瓷器,cí qì,đồ sứ,7
甘,心甘情愿,xīn gān qíng yuàn,"cam tâm tình nguyện, hết lòng hết dạ",6
甘,苦尽甘来,kǔ jìn gān lái,hết khổ đến sướng,6
甘,甘心,gān xīn,cam tâm,7
甚,甚至,shèn zhì,thậm chí,4
甚,甚至于,shèn zhì yú,thậm chí,7
甚至,甚至于,shèn zhì yú,thậm chí,7
甜,酸甜苦辣,suān tián kǔ là,"chua, ngọt, đắng và cay",5
甜,甜蜜,tián mì,ngọt ngào,6
甜,甜头,tián tou,lợi ích,7
甜,甜美,tián měi,ngọt ngào,7
生,先生,xiān sheng,"ông, ngài, chồng",1
生,医生,yī shēng,bác sĩ,1
生,女生,nǚ shēng,nữ sinh,1
生,学生,xué shēng,sinh viên,1
生,生日,shēng rì,sinh nhật,1
生,生气,shēng qì,nổi giận,1
生,生活,shēng huó,cuộc sống,1
生,生病,shēng bìng,bị ốm,1
生,生词,shēng cí,từ mới,1
生,男生,nán shēng,nam sinh,1
生,中学生,zhōng xué shēng,học sinh trung học,1
生,卫生间,wèi shēng jiān,nhà vệ sinh,1
生,大学生,dà xué shēng,sinh viên đại học,1
生,小学生,xiǎo xué shēng,học sinh tiểu học,1
生,留学生,liú xué shēng,du học sinh,1
生产,生产力,shēng chǎn lì,"Sức sản xuất, năng suất lao động",3
生命,生命线,shēng mìng xiàn,huyết mạch,7
生态,生态平衡,shēng tài píng héng,Cân bằng sinh thái,3
生意,做生意,zuò shēng yì,làm ăn,7
生活,生活费,shēng huó fèi,chi phí sinh hoạt,6
用,不用,bù yòng,không cần,1
用,有用,yǒu yòng,hữu ích,1
用,用功,yòng gōng,"chăm chỉ, cần cù",1
用,不用谢,bú yòng xiè,không có gì (đáp lại lời cảm ơn),1
用,作用,zuò yòng,tác dụng,2
用,使用,shǐ yòng,sử dụng,2
用,利用,lì yòng,sử dụng,2
用,常用,cháng yòng,thường dùng,2
用,信用卡,xìn yòng kǎ,thẻ tín dụng,2
用,应用,yìng yòng,ứng dụng,3
用,没用,méi yòng,vô dụng,3
用,费用,fèi yòng,chi phí,3
用,适用,shì yòng,phù hợp,3
用,采用,cǎi yòng,sử dụng,3
用,实用,shí yòng,thực dụng,4
用品,日用品,rì yòng pǐn,đồ dùng hàng ngày,5
田,田径,tián jìng,điền kinh,3
田,田野,tián yě,cánh đồng,3
由,理由,lǐ yóu,lý do,3
由,由于,yóu yú,bởi vì,3
由,不由得,bù yóu de,không thể không,3
由,自由自在,zì yóu zì zài,tự do thoải mái,4
由,由来,yóu lái,nguồn gốc,5
由,自由,zì yóu,tự do,5
由,由衷,yóu zhōng,từ đáy lòng,7
由,不由自主,bù yóu zì zhǔ,không tự chủ được,7
由,由此可见,yóu cǐ kě jiàn,từ đây có thể thấy,7
由,由此看来,yóu cǐ kàn lái,từ đây có thể thấy,7
由,身不由己,shēn bù yóu jǐ,không tự chủ,7
甲,指甲,zhǐ jia,móng tay,5
申,申请,shēn qǐng,đăng ký,4
申,申报,shēn bào,khai báo,6
申,申办,shēn bàn,nộp đơn xin,7
申,申领,shēn lǐng,xin nhận,7
申,重申,chóng shēn,nhắc lại,7
电,电影,diàn yǐng,phim,1
电,电脑,diàn nǎo,máy tính,1
电,电视,diàn shì,"TV, truyền hình",1
电,电话,diàn huà,điện thoại,1
电,打电话,dǎ diàn huà,gọi điện thoại,1
电,电影院,diàn yǐng yuàn,rạp chiếu phim,1
电,电视剧,diàn shì jù,phim truyền hình,1
电,电视机,diàn shì jī,TV,1
电,电台,diàn tái,đài phát thanh,3
电,电梯,diàn tī,thang máy,3
电,充电宝,chōng diàn bǎo,sạc dự phòng,3
电,电子书,diàn zǐ shū,sách điện tử,3
电,电视台,diàn shì tái,đài truyền hình,3
电,电子邮件,diàn zǐ yóu jiàn,email,3
电,充电,chōng diàn,sạc,4
电动,电动车,diàn dòng chē,xe đạp điện,4
电器,充电器,chōng diàn qì,bộ sạc,4
电影,电影院,diàn yǐng yuàn,rạp chiếu phim,1
电视,电视剧,diàn shì jù,phim truyền hình,1
电视,电视机,diàn shì jī,TV,1
电视,电视台,diàn shì tái,đài truyền hình,3
电话,打电话,dǎ diàn huà,gọi điện thoại,1
男,男人,nán rén,đàn ông,1
男,男生,nán shēng,nam sinh,1
男,男孩子,nán hái zi,cậu bé,1
男,男朋友,nán péng you,bạn trai,1
男,男孩儿,nán háir,bé trai; con trai,2
男,男子,nán zi,người đàn ông,3
男,男士,nán shì,quý ông,4
男,男女,nán nǚ,nam nữ,4
甸,沉甸甸,chén diàn diàn,nặng trĩu,7
画,画儿,huàr,"tranh, bức tranh",2
画,画家,huà jiā,"họa sĩ, nghệ sĩ",2
画,画笔,huà bǐ,"Cọ vẽ, bút vẽ",2
画,图画,tú huà,"bức tranh, bản vẽ",3
画,漫画,màn huà,truyện tranh,3
画,动画片,dòng huà piàn,phim hoạt hình,4
画,画面,huà miàn,hình ảnh,5
画,连环画,lián huán huà,truyện tranh,5
画,动画,dòng huà,hoạt hình,6
画,勾画,gōu huà,phác thảo,6
画,字画,zì huà,"Tranh chữ, thư họa (thư pháp và hội họa)",6
画,绘画,huì huà,hội họa,6
画,国画,guó huà,tranh truyền thống Trung Quốc,7
画,壁画,bì huà,bích họa,7
画,年画,nián huà,tranh Tết,7
畅,顺畅,shùn chàng,thông suốt,5
畅,畅通,chàng tōng,di chuyển không bị cản trở,6
畅,畅销,chàng xiāo,bán chạy,6
畅,舒畅,shū chàng,"hạnh phúc, bình yên",6
畅,流畅,liú chàng,trôi chảy,7
畅,畅谈,chàng tán,nói chuyện thoải mái,7
畅,通畅,tōng chàng,thông suốt,7
畅,酣畅,hān chàng,vui vẻ,7
界,世界,shì jiè,thế giới,2
界,境界,jìng jiè,"trạng thái, lĩnh vực",3
界,世界杯,Shì jiè bēi,Cúp thế giới,3
界,眼界,yǎn jiè,tầm nhìn,6
界,边界,biān jiè,biên giới,6
界,交界,jiāo jiè,giáp ranh,7
界,界定,jiè dìng,xác định,7
界,界线,jiè xiàn,đường ranh giới,7
界,界限,jiè xiàn,ranh giới,7
界,世界级,shì jiè jí,đẳng cấp thế giới,7
界,工商界,gōng shāng jiè,giới kinh doanh và công nghiệp,7
界,自然界,zì rán jiè,thế giới tự nhiên,7
界,大千世界,dà qiān shì jiè,"Thế giới rộng lớn, thế giới bao la",7
畏,畏惧,wèi jù,sợ hãi,7
畏,畏缩,wèi suō,co rúm lại vì sợ,7
畔,河畔,hé pàn,bờ sông,7
留,留学生,liú xué shēng,du học sinh,1
留,留下,liú xià,để lại,2
留,留念,liú niàn,giữ làm kỷ niệm,2
留,保留,bǎo liú,giữ lại,3
留,留学,liú xué,du học,3
留,停留,tíng liú,ở lại,5
留,留守,liú shǒu,"ở lại trông coi, ở lại giữ gìn",5
留,拘留,jū liú,giam giữ,6
留,残留,cán liú,còn lại,6
留,滞留,zhì liú,mắc kẹt,6
留,留神,liú shén,cẩn thận,6
留,留言,liú yán,để lại bình luận,6
留,遗留,yí liú,để lại,6
留,扣留,kòu liú,"giam giữ, bắt giữ",7
留,收留,shōu liú,cho ở nhờ,7
留学,留学生,liú xué shēng,du học sinh,1
畜,畜牧业,xù mù yè,Chăn nuôi,3
畜,畜牧,xù mù,chăn nuôi gia súc,6
畜,牲畜,shēng chù,gia súc,7
畜牧,畜牧业,xù mù yè,Chăn nuôi,3
略,忽略,hū lüè,bỏ qua,3
略,省略,shěng lüè,viết tắt,5
略,战略,zhàn lüè,chiến lược; chiến lược,6
略,策略,cè lüè,chiến lược,6
略,侵略,qīn lüè,xâm lược,7
略,略微,lüè wēi,hơi,7
略,粗略,cū lüè,"sơ lược, bề mặt",7
略,领略,lǐng lüè,hiểu biết,7
番,一番,yī fān,một lần,6
番,番茄,fān qié,cà chua,6
番,翻番,fān fān,tăng theo số lần quy định,7
番,三番五次,sān fān wǔ cì,nhiều lần,7
畴,范畴,fàn chóu,thể loại,3
畸,畸形,jī xíng,biến dạng,7
疆,新疆,Xīn jiāng,Tân Cương,6
疆,边疆,biān jiāng,biên cương,6
疏,疏忽,shū hu,"sơ suất, bỏ bê",6
疏,疏导,shū dǎo,khai thông,7
疏,疏散,shū sàn,sơ tán,7
疏,疏狂,shū kuáng,"phóng khoáng, ngông cuồng, không gò bó",7
疏,疏通,shū tōng,khai thông,7
疑,怀疑,huái yí,nghi ngờ,2
疑,疑问,yí wèn,nghi ngờ,4
疑,嫌疑,xián yí,nghi ngờ,6
疑,迟疑,chí yí,do dự,6
疑,可疑,kě yí,"đáng ngờ, khả nghi",7
疑,疑惑,yí huò,hoài nghi,7
疑,疑点,yí diǎn,điểm nghi ngờ,7
疑,疑虑,yí lǜ,nghi ngờ,7
疑,质疑,zhí yí,chất vấn,7
疑,半信半疑,bàn xìn bàn yí,bán tín bán nghi,7
疗,疗养院,liáo yǎng yuàn,"viện điều dưỡng, nhà an dưỡng",3
疗,医疗,yī liáo,điều trị y tế,4
疗,治疗,zhì liáo,điều trị,4
疗,疗养,liáo yǎng,nghỉ dưỡng,4
疗,疗效,liáo xiào,hiệu quả điều trị,7
疗,疗法,liáo fǎ,liệu pháp,7
疗养,疗养院,liáo yǎng yuàn,"viện điều dưỡng, nhà an dưỡng",3
疙,疙瘩,gē da,"cục, bướu",6
疚,歉疚,qiàn jiù,"cảm thấy có lỗi, hối hận",4
疫,免疫,miǎn yì,miễn dịch,7
疫,疫苗,yì miáo,vắc xin,7
疫,瘟疫,wēn yì,dịch bệnh,7
疫,防疫,fáng yì,phòng dịch,7
疯,疯狂,fēng kuáng,điên rồ,3
疯,疯子,fēng zi,kẻ điên,7
疲,疲劳,pí láo,mệt mỏi; sự mệt mỏi,5
疲,疲倦,pí juàn,mệt mỏi,6
疲,疲惫,pí bèi,"kiệt sức, mệt mỏi",7
疲,疲惫不堪,pí bèi bù kān,kiệt sức,7
疲惫,疲惫不堪,pí bèi bù kān,kiệt sức,7
疼,头疼,tóu téng,đau đầu,1
疼,疼爱,téng'ài,yêu thương,5
疼,心疼,xīn téng,yêu thương,6
疼,疼痛,téng tòng,đau,6
疾,残疾,cán jí,khuyết tật,3
疾,疾病,jí bìng,bệnh,5
疾,残疾人,cán jí rén,người khuyết tật,6
病,毛病,máo bing,khuyết điểm,1
病,生病,shēng bìng,bị ốm,1
病,病人,bìng rén,bệnh nhân,1
病,看病,kàn bìng,đi khám bác sĩ,1
病,重病,zhòng bìng,"Bệnh nặng, bệnh hiểm nghèo.",2
病,心脏病,xīn zàng bìng,bệnh tim,3
病,疾病,jí bìng,bệnh,5
病,病毒,bìng dú,vi-rút,5
病,发病,fā bìng,phát bệnh,6
病,弊病,bì bìng,nhược điểm,6
病,治病,zhì bìng,chữa bệnh,6
病,病情,bìng qíng,tình trạng bệnh,6
病,病房,bìng fáng,buồng bệnh,6
病,心病,xīn bìng,bệnh tim,7
病,患病,huàn bìng,bị bệnh,7
症,症状,zhèng zhuàng,triệu chứng,6
症,癌症,ái zhèng,ung thư,6
症,炎症,yán zhèng,viêm,7
症,病症,bìng zhèng,triệu chứng bệnh,7
症,症结,zhēng jié,nguyên nhân then chốt,7
症,后遗症,hòu yí zhèng,di chứng,7
症,抑郁症,yì yù zhèng,trầm cảm,7
痕,痕迹,hén jì,dấu vết,6
痕,伤痕,shāng hén,vết bầm,7
痕,裂痕,liè hén,vết rạn,7
痛,痛快,tòng kuai,vui sướng,2
痛,惨痛,cǎn tòng,đau đớn,3
痛,痛苦,tòng kǔ,đau khổ,3
痛,疼痛,téng tòng,đau,6
痛,悲痛,bēi tòng,"đau buồn, sầu khổ",7
痛,沉痛,chén tòng,"Đau buồn sâu sắc, nặng trĩu",7
痛,痛心,tòng xīn,đau lòng,7
痪,瘫痪,tān huàn,bị liệt,5
痴,痴呆,chī dāi,mất trí,7
痴,痴心,chī xīn,hão vọng,7
痴,痴迷,chī mí,điên cuồng,7
痴,如醉如痴,rú zuì rú chī,như say như mê,7
痹,麻痹,má bì,tê liệt,6
瘟,瘟疫,wēn yì,dịch bệnh,7
瘤,肿瘤,zhǒng liú,khối u; bướu,6
瘦,枯瘦,kū shòu,"Gầy gò, khô héo",6
瘩,疙瘩,gē da,"cục, bướu",6
瘫,瘫痪,tān huàn,bị liệt,5
瘾,上瘾,shàng yǐn,nghiện,6
瘾,过瘾,guò yǐn,tận hưởng,6
癌,癌症,ái zhèng,ung thư,6
登,登山,dēng shān,leo núi,4
登,登录,dēng lù,đăng nhập,4
登,登记,dēng jì,đăng ký,4
登,登机牌,dēng jī pái,thẻ lên máy bay,4
登,攀登,pān dēng,leo,6
登,登陆,dēng lù,đổ bộ,6
登,刊登,kān dēng,đăng báo,7
登,登机,dēng jī,lên máy bay,7
登机,登机牌,dēng jī pái,thẻ lên máy bay,4
白,明白,míng bai,hiểu,1
白,白天,bái tiān,ban ngày,1
白,白酒,bái jiǔ,rượu trắng,1
白,白俄罗斯,Bái é luó sī,Belarus,1
白,洁白,jié bái,"Trắng tinh, trắng muốt, trong trắng.",2
白,白糖,bái táng,đường trắng,2
白,白色,bái sè,màu trắng,2
白,白菜,bái cài,cải thảo,3
白,白日梦,bái rì mèng,"giấc mơ ban ngày, mơ mộng hão huyền",3
白,蛋白质,dàn bái zhì,protein,3
白,雪白,xuě bái,"trắng như tuyết, trắng tinh",5
白,坦白,tǎn bái,thẳng thắn,6
白,白领,bái lǐng,nhân viên văn phòng,6
白,空白,kòng bái,khoảng trống,6
白,苍白,cāng bái,tái nhợt,6
百,老百姓,lǎo bǎi xìng,người dân,3
百,千方百计,qiān fāng bǎi jì,bằng mọi cách,3
百,百姓,bǎi xìng,"Bách tính, dân chúng, người dân",4
百,百货,bǎi huò,hàng hóa tổng hợp,4
百,百分之,bǎi fēn zhī,phần trăm của,4
百,百分点,bǎi fēn diǎn,điểm phần trăm,6
百,百合,bǎihé,hoa lily,7
百,百分比,bǎi fēn bǐ,tỷ lệ phần trăm,7
百,百科全书,bǎi kē quán shū,bách khoa toàn thư,7
百姓,老百姓,lǎo bǎi xìng,người dân,3
皂,肥皂,féi zào,xà phòng,5
皂,香皂,xiāng zào,"Xà phòng thơm, xà bông cục",6
皂,肥皂粉,féi zào fěn,"bột xà phòng, bột giặt",7
的,别的,bié de,khác,1
的,有的,yǒu de,một số,1
的,的话,de huà,nếu,1
的,真的,zhēn de,thật,1
的,似的,shì de,giống như,2
的,目的,mù dì,mục đích,2
的,目的地,mù dì dì,điểm đến,2
的,的确,dí què,thật vậy,3
的,有的是,yǒu de shì,có nhiều hơn đủ,3
的,好样儿的,hǎo yàngr de,"Tuyệt vời, xuất sắc, đáng khen",3
的,什么的,shén me de,"vân vân, các thứ, v.v.",6
的,没说的,méi shuō de,thực sự tốt,7
的,真是的,zhēn shì de,thật sự là,7
的,说真的,shuō zhēn de,thực sự thì,7
的,总的来说,zǒng de lái shuō,nói chung,7
皆,啼笑皆非,tí xiào jiē fēi,"dở khóc dở cười, không biết nên khóc hay nên cười",3
皆,比比皆是,bǐ bǐ jiē shì,ở đâu cũng thấy; khắp nơi,7
皇,皇后,huáng hòu,hoàng hậu,5
皇,皇帝,huáng dì,hoàng đế,5
皇,秦皇岛,Qín huáng dǎo,Tần Hoàng Đảo (tên thành phố),6
皇,皇上,huáng shang,hoàng thượng,7
皇,皇室,huáng shì,hoàng gia,7
皇,皇宫,huáng gōng,cung điện,7
皇,富丽堂皇,fù lì táng huáng,"lộng lẫy huy hoàng, xa hoa tráng lệ",7
皮,顽皮,wán pí,nghịch ngợm,2
皮,皮包,pí bāo,túi xách da,3
皮,皮鞋,pí xié,giày da,3
皮,橡皮,xiàng pí,cao su,4
皮,皮肤,pí fū,da,4
皮,调皮,tiáo pí,nghịch ngợm,4
皮,眼皮,yǎn pí,mí mắt,5
皮,皮球,pí qiú,quả bóng cao su,6
皮,皮带,pí dài,dây nịt,7
皱,皱纹,zhòu wén,nếp nhăn,2
盆,盆子,pén zǐ,"chậu, bồn, thau",5
盆,盆地,pén dì,lòng chảo,6
盆,倾盆大雨,qīng pén dà yǔ,"Mưa như trút nước, mưa xối xả",7
盈,热泪盈眶,rè lèi yíng kuàng,nước mắt đẫm tràn,6
盈,盈利,yíng lì,lợi nhuận,7
益,利益,lì yì,lợi ích,4
益,收益,shōu yì,thu nhập,4
益,效益,xiào yì,lợi ích,6
益,日益,rì yì,ngày càng,6
益,精益求精,jīng yì qiú jīng,không ngừng cải tiến,6
益,公益,gōng yì,phúc lợi công cộng,7
益,受益,shòu yì,thu được lợi ích,7
益,有益,yǒu yì,hữu ích,7
益,权益,quán yì,quyền lợi và lợi ích,7
益,公益性,gōng yì xìng,phúc lợi công cộng,7
益,得益于,dé yì yú,hưởng lợi từ,7
监,总监,zǒng jiān,tổng thanh tra,6
监,监测,jiān cè,giám sát,6
监,监狱,jiān yù,nhà tù,6
监,监督,jiān dū,giám sát,6
监,监视,jiān shì,giám sát,6
监,监察,jiān chá,giám sát,7
监,监护,jiān hù,giám hộ,7
监,监控,jiān kòng,giám sát và kiểm soát,7
监,监管,jiān guǎn,giám sát và kiểm soát,7
盒,饭盒,fàn hé,Hộp cơm,3
盒,盒子,hé zi,hộp,4
盒,盒饭,hé fàn,cơm hộp,5
盖,覆盖,fù gài,bao phủ,5
盖,掩盖,yǎn'gài,che giấu,6
盖,涵盖,hán gài,bao gồm hoàn toàn,7
盖,盖子,gài zi,nắp,7
盖,膝盖,xī gài,đầu gối,7
盖,遮盖,zhē gài,che đậy,7
盗,强盗,qiáng dào,kẻ cướp,6
盗,盗版,dào bǎn,bản sao lậu,6
盗,盗窃,dào qiè,trộm cắp,6
盗,海盗,hǎi dào,hải tặc,7
盗,防盗,fáng dào,chống trộm,7
盗,防盗门,fáng dào mén,cửa chống trộm,7
盘,光盘,guāng pán,đĩa CD,1
盘,盘子,pán zi,đĩa,3
盘,盘问,pán wèn,"Tra hỏi, thẩm vấn, gặng hỏi",3
盘,算盘,suàn pán,bàn tính,3
盘,键盘,jiàn pán,bàn phím,5
盘,盘算,pán suàn,tính toán,7
盘,硬盘,yìng pán,đĩa cứng,7
盘,磁盘,cí pán,đĩa video,7
盘,方向盘,fāng xiàng pán,vô lăng,7
盛,丰盛,fēng shèng,thịnh soạn,3
盛,兴盛,xīng shèng,"Hưng thịnh, phồn vinh",3
盛,旺盛,wàng shèng,mạnh mẽ,5
盛,昌盛,chāng shèng,thịnh vượng,6
盛,盛产,shèng chǎn,dồi dào,6
盛,盛情,shèng qíng,lòng hiếu khách,6
盛,盛行,shèng xíng,thịnh hành,6
盛,茂盛,mào shèng,sum suê,6
盛,盛会,shèng huì,cuộc tụ hội lớn,7
盛,盛大,shèng dà,"tráng lệ, hoành tráng",7
盛,盛开,shèng kāi,nở rộ,7
盛,盛气凌人,shèng qì líng rén,kiêu căng,7
盛,盛年,shèng nián,"Tuổi thanh xuân, tuổi sung sức, tuổi trẻ",8
盟,加盟,jiā méng,nhượng quyền thương mại,6
盟,联盟,lián méng,liên minh,6
盟,同盟,tóng méng,liên minh,7
盟,盟友,méng yǒu,đồng minh,7
目,节目,jié mù,chương trình,1
目,目的,mù dì,mục đích,2
目,目的地,mù dì dì,điểm đến,2
目,目前,mù qián,hiện tại,3
目,目标,mù biāo,mục tiêu,3
目,项目,xiàng mù,mục,3
目,题目,tí mù,"tiêu đề, chủ đề",3
目,目瞪口呆,mù dèng kǒu dāi,ngạc nhiên đến mức há hốc miệng,3
目,数目,shù mù,số lượng,5
目,目录,mù lù,mục lục,5
目,盲目,máng mù,mù quáng,5
目,赏心悦目,shǎng xīn yuè mù,"làm hài lòng (mắt và lòng), đẹp mắt, thích mắt",5
目,栏目,lán mù,chuyên mục,6
目,目光,mù guāng,ánh mắt,6
目,举世瞩目,jǔ shì zhǔ mù,thu hút sự chú ý của toàn thế giới,6
目的,目的地,mù dì dì,điểm đến,2
目睹,耳闻目睹,ěr wén mù dǔ,mắt thấy tai nghe,7
盲,盲人,máng rén,người mù,5
盲,盲目,máng mù,mù quáng,5
盲,文盲,wén máng,mù chữ,7
直,一直,yī zhí,thẳng,1
直,直接,zhí jiē,trực tiếp,2
直,直到,zhí dào,đến,3
直,直播,zhí bō,phát sóng trực tiếp,3
直,简直,jiǎn zhí,đơn giản là,3
直,垂直,chuí zhí,"thẳng đứng, vuông góc",6
直,直径,zhí jìng,đường kính,6
直,直升机,zhí shēng jī,máy bay trực thăng,6
直,正直,zhèng zhí,thẳng thắn,7
直,直奔,zhí bèn,đi thẳng đến,7
直,直至,zhí zhì,cho đến khi,7
直,直观,zhí guān,trực quan,7
直,直视,zhí shì,nhìn thẳng,7
直,直觉,zhí jué,trực giác,7
直,直达,zhí dá,trực tiếp,7
相,互相,hù xiāng,lẫn nhau,2
相,照相,zhào xiàng,chụp ảnh,2
相,相信,xiāng xìn,tin tưởng,2
相,相同,xiāng tóng,"giống hệt, giống nhau",2
相,相处,xiāng chǔ,hoà thuận,2
相,相机,xiàng jī,máy ảnh,2
相,相片,xiàng piàn,ảnh,2
相,相遇,xiāng yù,gặp nhau,2
相,相互,xiāng hù,lẫn nhau,3
相,相似,xiāng sì,tương tự,3
相,相关,xiāng guān,liên quan,3
相,相反,xiāng fǎn,ngược lại,3
相,相当,xiāng dāng,khá,3
相,相比,xiāng bǐ,so sánh,3
相,照相机,zhào xiàng jī,máy ảnh,3
相关,息息相关,xī xī xiāng guān,liên quan mật thiết,7
相反,恰恰相反,qià qià xiāng fǎn,hoàn toàn ngược lại,7
相处,朝夕相处,zhāo xī xiāng chǔ,ở cùng từ sáng đến tối,7
相对,相对而言,xiāng duì ér yán,nói một cách tương đối,7
相对,针锋相对,zhēn fēng xiāng duì,hoàn toàn đối lập,7
相对,两两相对,liǎng liǎng xiāng duì,từng cặp đối diện nhau,8
相当,相当于,xiāng dāng yú,tương đương với,7
相机,照相机,zhào xiàng jī,máy ảnh,3
相比,相比之下,xiāng bǐ zhī xià,so sánh,7
相识,似曾相识,sì céng xiāng shí,đã gặp trước đây,3
相识,素不相识,sù bù xiāng shí,hoàn toàn xa lạ,7
盹,打盹儿,dǎ dǔnr,chợp mắt,7
盼,盼望,pàn wàng,mong mỏi,5
盼,期盼,qī pàn,mong đợi,7
盼,左顾右盼,zuǒ gù yòu pàn,nhìn quanh,7
盾,矛盾,máo dùn,mâu thuẫn,5
盾,后盾,hòu dùn,hậu thuẫn,7
盾,自相矛盾,zì xiāng máo dùn,tự mâu thuẫn,7
省,反省,fǎn xǐng,tự phản tỉnh,3
省,节省,jié shěng,tiết kiệm,4
省,省略,shěng lüè,viết tắt,5
省,省会,shěng huì,thủ phủ tỉnh,6
省,省钱,shěng qián,tiết kiệm tiền,6
省,省事,shěng shì,tiết kiệm việc,7
省,省却,shěng què,"Tiết kiệm, bỏ đi, loại bỏ (những thứ không cần thiết)",7
眉,眉毛,méi mao,lông mày,5
眉,眉头,méi tóu,"Lông mày, đầu lông mày",7
眉,愁眉苦脸,chóu méi kǔ liǎn,mặt mày ủ rũ,7
眉,眉开眼笑,méi kāi yǎn xiào,vui vẻ,7
眉,眉梢,méi shāo,"Đuôi lông mày, đầu lông mày (phần cuối lông mày).",8
看,好看,hǎo kàn,đẹp,1
看,看到,kàn dào,nhìn thấy,1
看,看病,kàn bìng,đi khám bác sĩ,1
看,看见,kàn jiàn,thấy,1
看,看起来,kàn qǐ lái,trông như thể,1
看,看来,kàn lái,dường như,2
看,看法,kàn fǎ,quan điểm,2
看,看重,kàn zhòng,xem trọng,2
看,难看,nán kàn,xấu xí,2
看,收看,shōu kàn,xem,3
看,观看,guān kàn,xem,3
看,看上去,kàn shàng qu,trông giống,3
看,看望,kàn wàng,thăm,4
看,看不起,kàn bu qǐ,coi thường,4
看,查看,chá kàn,kiểm tra,6
看来,由此看来,yóu cǐ kàn lái,từ đây có thể thấy,7
真,真的,zhēn de,thật,1
真,认真,rèn zhēn,chăm chỉ,1
真,真正,zhēn zhèng,thực sự,2
真,当真,dàng zhēn,cho là thật,3
真,真实,zhēn shí,thật,3
真,传真,chuán zhēn,gửi fax,4
真,天真,tiān zhēn,ngây thơ,4
真,真理,zhēn lǐ,sự thật,5
真,真相,zhēn xiàng,sự thật,5
真,真诚,zhēn chéng,chân thành,5
真,真丝,zhēn sī,"Lụa tơ tằm, lụa thật",6
真,真挚,zhēn zhì,chân thành,6
真,纯真,chún zhēn,"trong sáng, ngây thơ, thuần khiết",6
真,果真,guǒ zhēn,thực sự,7
真,真假,zhēn jiǎ,thật và giả,7
真的,说真的,shuō zhēn de,thực sự thì,7
眠,失眠,shī mián,mất ngủ,5
眠,睡眠,shuì mián,ngủ,5
眠,休眠,xiū mián,ngủ đông,7
眠,催眠,cuī mián,thôi miên,7
眠,安眠药,ān mián yào,thuốc ngủ,7
眨,眨巴,zhǎ ba,"chớp (mắt), nháy (mắt)",7
眨,眨眼,zhǎ yǎn,chớp mắt,7
眩,晕眩,yūn xuàn,"choáng váng, chóng mặt",3
眩,目眩,mù xuàn,"hoa mắt, chóng mặt",8
眯,笑眯眯,xiào mī mī,"cười tủm tỉm, cười mỉm, mắt híp lại khi cười",7
眶,热泪盈眶,rè lèi yíng kuàng,nước mắt đẫm tràn,6
眸,眸子,móu zi,"con ngươi, mắt (văn viết, thi ca)",4
眼,眼睛,yǎn jing,mắt,1
眼,眼圈,yǎn quān,"Vòng mắt, vành mắt",2
眼,眼泪,yǎn lèi,nước mắt,2
眼,眼前,yǎn qián,trước mắt,3
眼,眼镜,yǎn jìng,kính mắt,3
眼,眼神,yǎn shén,biểu cảm trong ánh mắt,4
眼,眼里,yǎn lǐ,trong mắt,4
眼,眼睁睁,yǎn zhēng zhēng,"trơ mắt nhìn, đứng trơ mắt ra nhìn (thường là bất lực)",4
眼,眼皮,yǎn pí,mí mắt,5
眼,亲眼,qīn yǎn,tận mắt,6
眼,眼光,yǎn guāng,tầm nhìn,6
眼,眼界,yǎn jiè,tầm nhìn,6
眼,眼看,yǎn kàn,chứng kiến,6
眼,眼色,yǎn sè,nháy mắt,6
眼,心眼儿,xīn yǎnr,tâm trí,6
着,着急,zháo jí,lo lắng,1
着,接着,jiē zhe,"tiếp tục; sau đó, rồi",2
着,睡着,shuì zháo,ngủ thiếp đi,3
着,随着,suí zhe,theo cùng,4
着,执着,zhí zhuó,kiên trì,5
着,有着,yǒu zhe,có,5
着,着凉,zháo liáng,bị cảm,5
着,着火,zháo huǒ,"bốc cháy, cháy",5
着,意味着,yì wèi zhe,nghĩa là,5
着,指着,zhǐ zhe,chỉ vào,6
着,挨着,āi zhe,bên cạnh,6
着,沉着,chén zhuó,bình tĩnh,6
着,沿着,yán zhe,dọc theo,6
着,着想,zhuó xiǎng,suy nghĩ,6
着,着手,zhuó shǒu,bắt tay vào,6
着眼,着眼于,zhuó yǎn yú,chú ý đến,7
睁,眼睁睁,yǎn zhēng zhēng,"trơ mắt nhìn, đứng trơ mắt ra nhìn (thường là bất lực)",4
睛,眼睛,yǎn jing,mắt,1
睛,画龙点睛,huà lóng diǎn jīng,vẽ rồng điểm mắt,7
睛,目不转睛,mù bù zhuǎn jīng,chăm chú nhìn,7
睡,睡觉,shuì jiào,"đi ngủ, ngủ",1
睡,睡懒觉,shuì lǎn jiào,"ngủ nướng, ngủ dậy muộn",1
睡,早睡早起,zǎo shuì zǎo qǐ,Ngủ sớm dậy sớm,1
睡,午睡,wǔ shuì,ngủ trưa,2
睡,睡着,shuì zháo,ngủ thiếp đi,3
睡,入睡,rù shuì,"đi vào giấc ngủ, ngủ thiếp đi",4
睡,睡眠,shuì mián,ngủ,5
睡,睡袋,shuì dài,túi ngủ,7
睡,酣睡,hān shuì,ngủ say,7
督,基督徒,jī dū tú,"tín đồ Cơ Đốc giáo, tín đồ Thiên Chúa giáo",3
督,基督教,jī dū jiào,Cơ Đốc giáo,3
督,监督,jiān dū,giám sát,6
督,督促,dū cù,giám sát và thúc giục,7
睦,和睦,hé mù,hòa hợp,7
睦,睦邻,mù lín,"Láng giềng hòa thuận, thân thiện; (chính sách) hữu nghị láng giềng",7
睬,理睬,lǐ cǎi,chú ý,7
睹,目睹,mù dǔ,chứng kiến,7
睹,耳闻目睹,ěr wén mù dǔ,mắt thấy tai nghe,7
瞄,瞄准,miáo zhǔn,nhắm vào,6
瞎,瞎子,xiā zi,Người mù,3
瞒,隐瞒,yǐn mán,"che giấu, che đậy",6
瞧,瞧不起,qiáo bu qǐ,xem thường,7
瞩,举世瞩目,jǔ shì zhǔ mù,thu hút sự chú ý của toàn thế giới,6
瞩,瞩目,zhǔ mù,tập trung chú ý,7
瞩目,举世瞩目,jǔ shì zhǔ mù,thu hút sự chú ý của toàn thế giới,6
瞪,目瞪口呆,mù dèng kǒu dāi,ngạc nhiên đến mức há hốc miệng,3
瞬,瞬间,shùn jiān,khoảnh khắc,3
瞬,一瞬间,yī shùn jiān,trong nháy mắt,7
瞬间,一瞬间,yī shùn jiān,trong nháy mắt,7
瞻,瞻仰,zhān yǎng,chiêm ngưỡng,7
矛,矛盾,máo dùn,mâu thuẫn,5
矛,矛头,máo tóu,mũi giáo,7
矛,自相矛盾,zì xiāng máo dùn,tự mâu thuẫn,7
矛盾,自相矛盾,zì xiāng máo dùn,tự mâu thuẫn,7
矢,有的放矢,yǒu dì fàng shǐ,có mục tiêu rõ ràng,7
知,知识,zhī shi,kiến thức,1
知,知道,zhī dào,biết,1
知,通知,tōng zhī,thông báo,2
知,众所周知,zhòng suǒ zhōu zhī,mọi người đều biết,3
知,知识分子,zhī shì fèn zǐ,trí thức,3
知,通知书,tōng zhī shū,thông báo,4
知,知感,zhī gǎn,"tri giác, nhận thức",5
知,知更鸟,zhī gēng niǎo,chim cổ đỏ (robin),5
知,无知,wú zhī,"vô tri, thiếu hiểu biết",6
知,知名,zhī míng,nổi tiếng,6
知,知情,zhī qíng,"Biết rõ tình hình, hiểu rõ sự việc",6
知,知音,zhī yīn,"Tri âm, bạn tri kỷ",6
知,知足常乐,zhī zú cháng lè,biết đủ thường vui,6
知,不知,bù zhī,không biết,7
知,告知,gào zhī,thông báo,7
知识,知识分子,zhī shì fèn zǐ,trí thức,3
知足,知足常乐,zhī zú cháng lè,biết đủ thường vui,6
知道,哪知道,nǎ zhī dao,đâu có biết,7
知道,谁知道,shéi zhī dào,ai biết,7
矩,规矩,guī ju,quy tắc,5
矫,矫正,jiǎo zhèng,sửa chữa,7
短,短信,duǎn xìn,tin nhắn SMS,2
短,短处,duǎn chu,thiếu sót,3
短,短期,duǎn qī,ngắn hạn,3
短,短裤,duǎn kù,quần short,3
短,缩短,suō duǎn,cắt giảm,4
短,短促,duǎn cù,ngắn ngủi,6
短,短片,duǎn piàn,phim ngắn,6
短,长短,cháng duǎn,chiều dài,6
短,短暂,duǎn zàn,ngắn hạn,7
短,短缺,duǎn quē,thiếu hụt,7
短,简短,jiǎn duǎn,ngắn gọn,7
短,一长一短,yī cháng yī duǎn,dài và lằng nhằng,7
矮,矮小,ǎi xiǎo,lùn và nhỏ,4
石,石头,shí tou,đá,3
石,石油,shí yóu,dầu,3
石,礁石,jiāo shí,đá ngầm,3
石,大理石,dà lǐ shí,"đá cẩm thạch, đá hoa cương",3
石,宝石,bǎo shí,đá quý,4
石,岩石,yán shí,đá,5
石,石灰岩,shí huī yán,đá vôi,5
石,精诚所至金石为开,"jīng chéng suǒ zhì, jīn shí wéi kāi","có chí thì nên, có lòng thành sắt đá cũng mòn",5
石,化石,huà shí,hóa thạch,6
石,钻石,zuàn shí,kim cương,6
石,石英,shí yīng,thạch anh,7
石,陨石,yǔn shí,thiên thạch,7
石,水落石出,shuǐ luò shí chū,sự thật ra ánh sáng,7
矿,矿泉水,kuàng quán shuǐ,nước khoáng,3
矿,矿物质,kuàng wù zhì,"khoáng chất, chất khoáng",3
矿,矿产,kuàng chǎn,khoáng sản,6
矿,煤矿,méi kuàng,mỏ than,7
矿,矿藏,kuàng cáng,tài nguyên khoáng sản,7
矿,采矿,cǎi kuàng,khai thác mỏ,7
码,号码,hào mǎ,Số,1
码,密码,mì mǎ,mật khẩu,4
码,数码,shù mǎ,kỹ thuật số,4
码,起码,qǐ mǎ,ít nhất,4
码,二维码,èr wéi mǎ,mã QR,5
码,码头,mǎ tóu,bến tàu,6
码,筹码,chóu mǎ,"chip, thẻ",7
砂,砂糖,shā táng,đường cát,7
砌,堆砌,duī qì,để đệm ra,7
砍,砍价,kǎn jià,"mặc cả, trả giá",5
砍,砍伐,kǎn fá,"Chặt phá, đốn",6
研,研究生,yán jiū shēng,học viên cao học,1
研,研究,yán jiū,nghiên cứu,2
研,研制,yán zhì,nghiên cứu và chế tạo,4
研,研发,yán fā,nghiên cứu và phát triển,6
研,科研,kē yán,nghiên cứu khoa học,6
研,调研,diào yán,điều tra và khảo sát,6
研,钻研,zuān yán,nghiên cứu chuyên sâu,6
研,研讨,yán tǎo,nghiên cứu và thảo luận,7
研究,研究生,yán jiū shēng,học viên cao học,1
破,打破,dǎ pò,phá vỡ,3
破,破坏,pò huài,phá hủy,3
破,破除,pò chú,phá bỏ,3
破,破产,pò chǎn,phá sản,4
破,破例,pò lì,"phá vỡ quy tắc, làm ngoại lệ",6
破,突破,tū pò,đột phá,6
破,破旧,pò jiù,cũ kỹ,7
破,破案,pò'àn,phá án,7
破,破灭,pò miè,tan vỡ,7
破,破碎,pò suì,vỡ tan tành,7
破,破裂,pò liè,vỡ,7
破,破解,pò jiě,giải thích,7
破,拿破仑,Ná pò lún,Napoléon (Bonaparte),7
破,突破口,tū pò kǒu,lỗ thủng,7
础,基础,jī chǔ,nền tảng,1
硕,硕士,shuò shì,thạc sĩ,4
硕,丰硕,fēng shuò,dồi dào và vững chắc,7
硕,硕果,shuò guǒ,thành tựu lớn,7
硬,硬座,yìng zuò,"Ghế cứng (trên tàu, xe)",1
硬,动脉硬化,dòng mài yìng huà,"xơ vữa động mạch, xơ cứng động mạch",3
硬,硬件,yìng jiàn,phần cứng,5
硬,死记硬背,sǐ jì yìng bèi,"học vẹt, học thuộc lòng một cách máy móc",5
硬,僵硬,jiāng yìng,cứng nhắc,6
硬,坚硬,jiān yìng,cứng,7
硬,强硬,qiáng yìng,mạnh mẽ,7
硬,生硬,shēng yìng,vụng về,7
硬,硬币,yìng bì,đồng xu,7
硬,硬朗,yìng lǎng,vững chắc,7
硬,硬盘,yìng pán,đĩa cứng,7
硬,过硬,guò yìng,đạt tiêu chuẩn,7
确,确实,què shí,thực sự,1
确,准确,zhǔn què,chính xác,2
确,正确,zhèng què,đúng,2
确,明确,míng què,rõ ràng và dứt khoát; làm rõ,3
确,的确,dí què,thật vậy,3
确,确保,què bǎo,đảm bảo,3
确,确定,què dìng,xác định,3
确,确认,què rèn,xác nhận,4
确,确信,què xìn,chắc chắn,6
确,确切,què qiè,chính xác,6
确,确凿,què záo,rõ ràng,7
确,确诊,què zhěn,chẩn đoán xác nhận,7
确,精确,jīng què,chính xác,7
碌,忙碌,máng lù,bận rộn,2
碌,骨碌,gū lu,"Lăn (tròn), quay tròn",4
碍,妨碍,fáng'ài,cản trở,5
碍,阻碍,zǔ'ài,cản trở,5
碍,障碍,zhàng'ài,cản trở; chướng ngại vật,6
碍,碍事,ài shì,"làm phiền, cản trở",7
碎,粉碎,fěn suì,nghiền nát,6
碎,破碎,pò suì,vỡ tan tành,7
碑,口碑,kǒu bēi,lời đồn,7
碑,墓碑,mù bēi,bia mộ,7
碑,纪念碑,jì niàn bēi,đài tưởng niệm,7
碑,里程碑,lǐ chéng bēi,cột mốc,7
碗,饭碗,fàn wǎn,bát cơm,7
碟,光碟,guāng dié,đĩa CD,7
碧,碧玉,bì yù,ngọc bích,6
碧,碧绿,bì lǜ,xanh thẫm,7
碧,碧蓝,bì lán,"xanh biếc, xanh lam",7
碰,碰到,pèng dào,"va phải, gặp",2
碰,碰见,pèng jiàn,gặp bất ngờ,2
碰,碰上,pèng shàng,gặp phải,7
碰,碰巧,pèng qiǎo,tình cờ,7
碰,碰撞,pèng zhuàng,va chạm,7
碰,碰钉子,pèng dīng zi,gặp phải sự từ chối,7
碱,碱性,jiǎn xìng,"tính kiềm, có tính kiềm",3
碳,二氧化碳,èr yǎng huà tàn,khí cacbonic,6
碳,低碳,dī tàn,thấp carbon,7
磁,磁卡,cí kǎ,thẻ từ,7
磁,磁带,cí dài,băng từ,7
磁,磁盘,cí pán,đĩa video,7
磊,磊落,lěi luò,"Quang minh chính đại, ngay thẳng, đường hoàng",7
磊,光明磊落,guāng míng lěi luò,quang minh chính đại,7
磊落,光明磊落,guāng míng lěi luò,quang minh chính đại,7
磨,折磨,zhé mo,tra tấn,6
磨,琢磨,zuó mo,suy nghĩ,6
磨,打磨,dǎ mó,"mài, đánh bóng",7
磨,磨人,mó rén,"Làm phiền, làm khổ người, giày vò người khác",7
磨,磨合,mó hé,thích ứng lẫn nhau,7
磨,磨损,mó sǔn,mài mòn,7
磨,磨难,mó nàn,"khó khăn, đau khổ",7
礁,礁石,jiāo shí,đá ngầm,3
示,表示,biǎo shì,biểu hiện,2
示,展示,zhǎn shì,trưng bày,3
示,显示,xiǎn shì,hiển thị,3
示,暗示,àn shì,ám chỉ,3
示,出示,chū shì,xuất trình,5
示,指示,zhǐ shì,chỉ thị,5
示,预示,yù shì,báo trước,5
示,提示,tí shì,nhắc nhở,6
示,示范,shì fàn,làm gương,6
示,公示,gōng shì,thông báo công khai,7
示,告示,gào shi,thông báo chính thức,7
示,揭示,jiē shì,tiết lộ,7
示,标示,biāo shì,dấu hiệu,7
示,演示,yǎn shì,trình diễn,7
示,示威,shì wēi,biểu tình,7
礼,礼物,lǐ wù,quà tặng,1
礼,礼仪,lǐ yí,nghi lễ,3
礼,婚礼,hūn lǐ,lễ cưới,4
礼,礼貌,lǐ mào,lịch sự,4
礼,典礼,diǎn lǐ,lễ,5
礼,洗礼,xǐ lǐ,lễ rửa tội,5
礼,敬礼,jìng lǐ,chào,6
礼,礼品,lǐ pǐn,"món quà, quà tặng",6
礼,礼堂,lǐ táng,hội trường,6
礼,礼节,lǐ jié,lễ tiết,6
礼,送礼,sòng lǐ,tặng quà,6
礼,礼服,lǐ fú,trang phục lễ,7
礼,葬礼,zàng lǐ,lễ tang,7
礼,彬彬有礼,bīn bīn yǒu lǐ,lịch sự,7
社,社会,shè huì,xã hội,2
社,旅行社,lǚ xíng shè,công ty du lịch,2
社,社交,shè jiāo,giao tiếp xã hội,3
社,报社,bào shè,toà soạn báo,5
社,社区,shè qū,cộng đồng,5
社,社团,shè tuán,cộng đồng,7
社,社论,shè lùn,bài xã luận,7
社,出版社,chū bǎn shè,nhà xuất bản,7
社,合作社,hé zuò shè,hợp tác xã,7
社,社会主义,shè huì zhǔ yì,chủ nghĩa xã hội,7
社,上流社会,shàng liú shè huì,"giới thượng lưu, xã hội thượng lưu",8
社会,社会主义,shè huì zhǔ yì,chủ nghĩa xã hội,7
社会,上流社会,shàng liú shè huì,"giới thượng lưu, xã hội thượng lưu",8
祀,祭祀,jì sì,tế lễ,3
祈,祈求,qí qiú,"Cầu xin, cầu khẩn",3
祈,祈祷,qí dǎo,cầu nguyện,3
祖,祖国,zǔ guó,tổ quốc,2
祖,祖宗,zǔ zong,tổ tiên,4
祖,祖先,zǔ xiān,tổ tiên,6
祖,祖母,zǔ mǔ,bà nội,6
祖,祖父,zǔ fù,ông nội,6
祖,祖传,zǔ chuán,truyền từ tổ tiên,7
祖,祖籍,zǔ jí,quê quán,7
祝,祝贺,zhù hè,chúc mừng,2
祝,庆祝,qìng zhù,ăn mừng,3
祝,祝福,zhù fú,chúc phúc,4
祝,祝愿,zhù yuàn,chúc,6
神,精神,jīng shén,tinh thần,2
神,神情,shén qíng,vẻ mặt,3
神,凝神,níng shén,"tập trung tinh thần, chăm chú, nhập tâm",4
神,眼神,yǎn shén,biểu cảm trong ánh mắt,4
神,神气,shén qì,vẻ mặt,4
神,神秘,shén mì,bí ẩn,4
神,神话,shén huà,"truyện cổ tích, thần thoại",4
神,神圣,shén shèng,thần thánh,5
神,神经,shén jīng,thần kinh,5
神,全神贯注,quán shén guàn zhù,"tập trung cao độ, chú tâm hết sức",5
神,出神,chū shén,mất hồn,6
神,留神,liú shén,cẩn thận,6
神,神奇,shén qí,kỳ diệu,6
神,聚精会神,jù jīng huì shén,tập trung cao độ,6
神,神仙,shén xiān,thần tiên,7
祥,吉祥,jí xiáng,"may mắn, tốt lành",3
祥,慈祥,cí xiáng,hiền từ,6
祥,祥和,xiáng hé,phúc lành,6
祥,吉祥物,jí xiáng wù,linh vật,7
票,机票,jī piào,vé máy bay,1
票,车票,chē piào,vé xe,1
票,邮票,yóu piào,tem,1
票,门票,mén piào,vé vào cửa,1
票,检票,jiǎn piào,soát vé,3
票,票价,piào jià,giá vé,3
票,发票,fā piào,hóa đơn,4
票,售票员,shòu piào yuán,"nhân viên bán vé, người soát vé",4
票,彩票,cǎi piào,vé số,5
票,支票,zhī piào,séc,5
票,股票,gǔ piào,cổ phiếu,5
票,投票,tóu piào,bỏ phiếu,6
票,退票,tuì piào,trả vé,6
票,钞票,chāo piào,"giấy bạc, tờ tiền",6
票,售票,shòu piào,bán vé,7
祭,祭祀,jì sì,tế lễ,3
祭,祭奠,jì diàn,tưởng niệm,7
祷,祈祷,qí dǎo,cầu nguyện,3
祸,罪魁祸首,zuì kuí huò shǒu,kẻ chủ mưu,4
祸,车祸,chē huò,tai nạn giao thông,5
祸,惹祸,rě huò,gây rắc rối,6
祸,祸害,huò hai,tai họa,7
禁,禁止,jìn zhǐ,cấm,4
禁,不禁,bù jīn,không thể kiềm chế,6
禁,严禁,yán jìn,nghiêm cấm,6
禁,禁区,jìn qū,khu vực cấm,7
禁,禁忌,jìn jì,"kiêng kỵ, tránh",7
禁,禁不住,jīn bu zhù,không thể giúp được,7
禁,情不自禁,qíng bù zì jīn,không kìm nén được cảm xúc,7
禅,禅杖,chán zhàng,gậy thiền,7
福,幸福,xìng fú,hạnh phúc,1
福,祝福,zhù fú,chúc phúc,4
福,福利,fú lì,phúc lợi,6
福,福气,fú qì,vận may,7
福,造福,zào fú,mang lại lợi ích,7
离,离开,lí kāi,rời khỏi,2
离,离婚,lí hūn,ly hôn,3
离,距离,jù lí,khoảng cách,4
离,离不开,lí bu kāi,không thể thiếu,4
离,脱离,tuō lí,tách khỏi,5
离,撤离,chè lí,di tản,6
离,离奇,lí qí,kỳ lạ,6
离,远离,yuǎn lí,tránh xa,6
离,隔离,gé lí,cách ly,6
离,离职,lí zhí,rời khỏi chức vụ,7
离,离谱儿,lí pǔr,không hợp lý,7
离,光怪陆离,guāng guài lù lí,"kỳ quái đa dạng, muôn hình vạn trạng, đủ mọi vẻ kỳ lạ",7
离,寸步不离,cùn bù bù lí,"Không rời nửa bước, keo sơn, luôn bên cạnh",7
离,形影不离,xíng yǐng bù lí,không thể tách rời,7
离,悲欢离合,bēi huān lí hé,những thăng trầm của cuộc sống,7
禽,飞禽走兽,fēi qín zǒu shòu,chim thú,6
禽,家禽,jiā qín,gia cầm,7
禾,禾苗,hé miáo,mạ lúa,7
秀,优秀,yōu xiù,xuất sắc,4
秀,秀丽,xiù lì,xinh đẹp,7
秀,秀美,xiù měi,duyên dáng,7
私,隐私,yǐn sī,sự riêng tư,3
私,私人,sī rén,cá nhân,5
私,自私,zì sī,ích kỷ,5
私,走私,zǒu sī,buôn lậu,6
私,无私,wú sī,vô tư,7
私,私下,sī xià,riêng tư,7
私,私事,sī shì,việc riêng,7
私,私有,sī yǒu,sở hữu tư nhân,7
私,私立,sī lì,tư nhân,7
私,私自,sī zì,bí mật,7
私,私营,sī yíng,tư nhân,7
私,私家车,sī jiā chē,xe hơi tư nhân,7
私,私房钱,sī fáng qián,tiền tiết kiệm của một thành viên trong gia đình,7
私,大公无私,dà gōng wú sī,vị tha,7
私,自私自利,zì sī zì lì,ích kỷ,7
私自,自私自利,zì sī zì lì,ích kỷ,7
秉,秉承,bǐng chéng,"tuân theo, kế thừa",7
秋,秋天,qiū tiān,mùa thu,1
秋,秋季,qiū jì,mùa thu,4
秋,中秋节,Zhōng qiū jié,Tết Trung Thu,5
种,种类,zhǒng lèi,loại,2
种,各种,gè zhǒng,các loại,3
种,物种,wù zhǒng,"loài, chủng loại",3
种,种子,zhǒng zi,hạt giống,3
种,多种,duō zhǒng,nhiều loại,4
种,种植,zhòng zhí,trồng,4
种,品种,pǐn zhǒng,giống,6
种,种族,zhǒng zú,chủng tộc,6
种,种种,zhǒng zhǒng,các loại,6
种,各种各样,gè zhǒng gè yàng,các loại; đủ loại; đủ kiểu,6
种,人种,rén zhǒng,chủng tộc (loài người),7
种,有机耕种,yǒu jī gēng zhòng,"canh tác hữu cơ, trồng trọt hữu cơ",8
科,科学,kē xué,khoa học,2
科,科技,kē jì,khoa học và công nghệ,3
科,小儿科,xiǎo ér kē,"Chuyện vặt, chuyện trẻ con; khoa nhi (nghĩa đen)",3
科,内科,nèi kē,nội khoa,4
科,本科,běn kē,bằng cử nhân,4
科,儿科,ér kē,khoa nhi,6
科,外科,wài kē,khoa ngoại,6
科,科研,kē yán,nghiên cứu khoa học,6
科,高科技,gāo kē jì,công nghệ cao,6
科,工科,gōng kē,khoa học kỹ thuật,7
科,文科,wén kē,khoa học xã hội và nhân văn,7
科,理科,lǐ kē,khoa học tự nhiên,7
科,科幻,kē huàn,khoa học viễn tưởng,7
科,科普,kē pǔ,khoa học phổ thông,7
科,科目,kē mù,môn học,7
科技,高科技,gāo kē jì,công nghệ cao,6
秒,争分夺秒,zhēng fēn duó miǎo,tranh thủ từng phút từng giây,7
秒,分秒必争,fēn miǎo bì zhēng,tranh thủ từng giây từng phút,8
秘,秘书,mì shū,thư ký,3
秘,神秘,shén mì,bí ẩn,4
秘,秘密,mì mì,bí mật,4
秘,奥秘,ào mì,bí ẩn sâu sắc,6
秘,秘方,mì fāng,công thức bí mật,7
秘,秘诀,mì jué,bí quyết,7
租,出租车,chū zū chē,taxi,1
租,出租,chū zū,cho thuê,2
租,房租,fáng zū,tiền thuê nhà,2
租,租赁,zū lìn,thuê,6
租,租金,zū jīn,tiền thuê,6
秦,秦皇岛,Qín huáng dǎo,Tần Hoàng Đảo (tên thành phố),6
秩,秩序,zhì xù,trật tự,3
积,积极,jī jí,tích cực,2
积,面积,miàn jī,diện tích,2
积,积累,jī lěi,tích lũy,4
积,积蓄,jī xù,tiết kiệm; tiền tiết kiệm,5
积,体积,tǐ jī,thể tích,6
积,堆积,duī jī,chất đống,6
积,积淀,jī diàn,tích lũy lâu dài,7
积,公积金,gōng jī jīn,quỹ tích lũy,7
积,大面积,dà miàn jī,diện tích lớn,7
称,名称,míng chēng,tên,2
称,称为,chēng wéi,được gọi là,3
称,称赞,chēng zàn,khen ngợi,4
称,称呼,chēng hu,xưng hô,5
称,称霸,chēng bà,"xưng bá, thống trị",5
称,对称,duì chèn,đối xứng,6
称,称号,chēng hào,"tiêu đề, tên",6
称,号称,hào chēng,được mệnh danh,7
称,堪称,kān chēng,có thể gọi là,7
称,声称,shēng míng,tuyên bố,7
称,宣称,xuān chēng,tuyên bố,7
称,称作,chēng zuò,được gọi là,7
称,简称,jiǎn chēng,tên viết tắt,7
称,自称,zì chēng,tự xưng,7
称,著称,zhù chēng,"nổi tiếng, có tiếng",8
移,移植,yí zhí,cấy ghép,3
移,移动,yí dòng,di động,4
移,移民,yí mín,di cư; dân di cư,4
移,转移,zhuǎn yí,chuyển giao,4
移,推移,tuī yí,trôi qua,7
移,移交,yí jiāo,chuyển giao,7
移,迁移,qiān yí,di cư,7
移,愚公移山,yú gōng yí shān,có chí thì nên,7
移,潜移默化,qián yí mò huà,ảnh hưởng một cách âm thầm,7
秽,污秽,wū huì,dơ bẩn,7
稀,稀饭,xī fàn,Cháo loãng,2
稀,稀罕,xī han,hiếm có,4
稀,稀奇,xī qí,hiếm có,7
稀,稀少,xī shǎo,hiếm,7
程,程度,chéng dù,mức độ,2
程,课程,kè chéng,"chương trình học, khóa học",3
程,过程,guò chéng,quá trình,3
程,工程师,gōng chéng shī,kỹ sư,3
程,工程,gōng chéng,kỹ thuật,4
程,程序,chéng xù,thủ tục,4
程,日程,rì chéng,lịch trình,5
程,专程,zhuān chéng,cụ thể,6
程,章程,zhāng chéng,quy chế,6
程,行程,xíng chéng,lộ trình,6
程,全程,quán chéng,toàn bộ hành trình,7
程,历程,lì chéng,quá trình,7
程,旅程,lǚ chéng,hành trình,7
程,流程,liú chéng,quá trình,7
程,议程,yì chéng,chương trình nghị sự,7
稍,稍等,shāo děng,"Đợi chút, chờ một lát",2
稍,稍微,shāo wēi,"hơi, một chút",4
稍,稍候,shāo hòu,chờ một lúc,7
稍,稍后,shāo hòu,một chút sau,7
稍,稍稍,shāo shāo,một chút,7
税,关税,guān shuì,thuế hải quan,7
税,税务,shuì wù,dịch vụ thuế,7
税,税收,shuì shōu,doanh thu thuế,7
税,纳税,nà shuì,đóng thuế,7
税,赋税,fù shuì,"thuế má, thuế khóa",7
税,纳税人,nà shuì rén,người nộp thuế,7
稚,幼稚,yòu zhì,"trẻ con, ấu trĩ",7
稠,稠密,chóu mì,đông đúc,7
稳,平稳,píng wěn,êm ả và ổn định,4
稳,稳定,wěn dìng,ổn định; làm ổn định,4
稳,安稳,ān wěn,yên ổn,7
稳,沉稳,chén wěn,trầm tĩnh,7
稳,稳健,wěn jiàn,vững chắc,7
稳,稳固,wěn gù,ổn định,7
稳,稳妥,wěn tuǒ,"an toàn, đáng tin cậy",7
稳,稳重,wěn zhòng,điềm tĩnh,7
稻,水稻,shuǐ dào,lúa,7
稻,稻草,dào cǎo,rơm rạ,7
稼,庄稼,zhuāng jia,cây trồng,7
稽,滑稽,huá jī,hài hước,7
稿,稿件,gǎo jiàn,bản thảo,6
稿,稿子,gǎo zi,bản thảo,6
稿,投稿,tóu gǎo,gửi bài,7
穆,穆斯林,Mù sī lín,người Hồi giáo,7
穴,巢穴,cháo xué,"Hang ổ, sào huyệt",6
穴,穴位,xué wèi,huyệt đạo,7
究,研究生,yán jiū shēng,học viên cao học,1
究,研究,yán jiū,nghiên cứu,2
究,究竟,jiū jìng,rốt cuộc,4
究,讲究,jiǎng jiù,chú ý,4
究,追究,zhuī jiū,truy cứu trách nhiệm,6
究,终究,zhōng jiù,cuối cùng,7
穷,穷人,qióng rén,Người nghèo,4
穷,无穷,wú qióng,vô hạn,6
穷,贫穷,pín qióng,nghèo,6
穷,层出不穷,céng chū bù qióng,xuất hiện không ngừng,6
穷,无穷无尽,wú qióng wú jìn,vô tận,6
穷,穷困,qióng kùn,"nghèo khổ, khốn cùng",7
空,空儿,kòngr,"thời gian rảnh, lúc rảnh",1
空,空气,kōng qì,không khí,1
空,空调,kōng tiáo,máy điều hòa,1
空,抽空,chōu kòng,"Bớt chút thời gian, tranh thủ thời gian",2
空,天空,tiān kōng,bầu trời,3
空,空前,kōng qián,chưa từng có,3
空,空洞,kōng dòng,trống rỗng,3
空,空难,kōng nàn,tai nạn hàng không,3
空,填空,tián kòng,điền chỗ trống,4
空,时空,shí kōng,thời gian và không gian,4
空,空间,kōng jiān,không gian,4
空,航空,háng kōng,hàng không,4
空,空闲,kòng xián,thời gian rảnh,5
空,空军,kōng jūn,không quân,6
空,空想,kōng xiǎng,ảo tưởng; tưởng tượng,6
空前,空前绝后,kōng qián jué hòu,vô tiền khoáng hậu,6
穿,穿过,chuān guò,xuyên qua,2
穿,穿上,chuān shàng,mặc,4
穿,戳穿,chuō chuān,"vạch trần, đâm thủng",7
穿,穿戴,chuān dài,"Mặc, trang bị, ăn mặc",7
穿,穿着,chuān zhuó,ăn mặc,7
穿,穿越,chuān yuè,vượt qua,7
穿,贯穿,guàn chuān,chạy xuyên suốt,7
穿,穿小鞋,chuān xiǎo xié,làm khó ai đó,7
突,突然,tū rán,đột nhiên,2
突,冲突,chōng tū,xung đột,3
突,突出,tū chū,nổi bật,3
突,突破,tū pò,đột phá,6
突,突兀,tū wù,"Đột ngột, bất ngờ; nhô cao đột ngột (cảnh vật)",7
突,突击,tū jī,tấn công,7
突,突发,tū fā,bất ngờ xuất hiện,7
突,突破口,tū pò kǒu,lỗ thủng,7
突,突如其来,tū rú qí lái,đột ngột,7
突破,突破口,tū pò kǒu,lỗ thủng,7
窃,盗窃,dào qiè,trộm cắp,6
窃,窃取,qiè qǔ,chiếm đoạt,7
窄,狭窄,xiá zhǎi,hẹp,6
窍,窍门,qiào mén,mẹo,6
窍,诀窍,jué qiào,"mẹo, bí quyết",7
窒,窒息,zhì xī,nghẹt thở,7
窗,窗户,chuāng hu,cửa sổ,2
窗,窗台,chuāng tái,bệ cửa sổ,4
窗,窗子,chuāng zi,cửa sổ,4
窗,窗帘,chuāng lián,rèm cửa,5
窗,窗口,chuāng kǒu,cửa sổ,6
窘,窘迫,jiǒng pò,nghèo khổ,7
窝,酒窝,jiǔ wō,Lúm đồng tiền,6
窟,窟窿,kū long,lỗ,7
窥,偷窥,tōu kuī,nhìn trộm,7
窿,窟窿,kū long,lỗ,7
立,立刻,lì kè,ngay lập tức,2
立,建立,jiàn lì,"xây dựng, tạo ra",3
立,成立,chéng lì,thành lập,3
立,设立,shè lì,thiết lập,3
立,独立,dú lì,độc lập,4
立,立即,lì jí,ngay lập tức,4
立,中立,zhōng lì,trung lập,6
立,创立,chuàng lì,thành lập,6
立,孤立,gū lì,cô lập,6
立,对立,duì lì,"đối lập, đối đầu",6
立,树立,shù lì,thành lập,6
立,立体,lì tǐ,ba chiều,6
立,立场,lì chǎng,quan điểm,6
立,立方,lì fāng,lập phương,6
立,立足,lì zú,đứng vững,6
立方,立方米,lì fāng mǐ,mét khối,7
竖,横七竖八,héng qī shù bā,bừa bộn,7
站,车站,chē zhàn,trạm xe buýt,1
站,火车站,huǒ chē zhàn,ga xe lửa,1
站,站住,zhàn zhu,dừng lại,2
站,网站,wǎng zhàn,trang web,2
站,地铁站,dì tiě zhàn,ga tàu điện ngầm,2
站,加油站,jiā yóu zhàn,trạm xăng,4
站,站台,zhàn tái,nền tảng,6
站,站立,zhàn lì,đứng,7
站,核电站,hé diàn zhàn,nhà máy điện hạt nhân,7
竞,竞争,jìng zhēng,cạnh tranh,4
竞,竞赛,jìng sài,cuộc thi,5
竞,竞技,jìng jì,thể thao,7
竞,竞相,jìng xiāng,cạnh tranh,7
竞,竞选,jìng xuǎn,ứng cử,7
竟,竟然,jìng rán,không ngờ,2
竟,毕竟,bì jìng,sau tất cả,3
竟,究竟,jiū jìng,rốt cuộc,4
竟,竟敢,jìng gǎn,dám,7
章,文章,wén zhāng,bài báo,3
章,章程,zhāng chéng,quy chế,6
章,规章,guī zhāng,"quy tắc, điều lệ, quy định",6
章,勋章,xūn zhāng,huy chương,7
章,印章,yìn zhāng,con dấu,7
章,违章,wéi zhāng,vi phạm quy tắc,7
章,出口成章,chū kǒu chéng zhāng,nói ra thành văn,7
章,杂乱无章,zá luàn wú zhāng,hỗn loạn và bừa bộn,7
章,顺理成章,shùn lǐ chéng zhāng,hợp lý,7
章,成章,chéng zhāng,"Thành văn, thành chương, có quy tắc, có hệ thống",8
竣,竣工,jùn gōng,hoàn thành dự án,7
童,童年,tóng nián,thời thơ ấu,3
童,儿童,ér tóng,trẻ em,4
童,童话,tóng huà,truyện cổ tích,4
童,神童,shén tóng,thần đồng,7
竭,竭尽全力,jié jìn quán lì,dốc hết sức lực,6
竭,竭力,jié lì,hết sức,7
竭,衰竭,shuāi jié,suy kiệt,7
端,开端,kāi duān,"Khởi đầu, sự bắt đầu",3
端,弊端,bì duān,tham nhũng,3
端,端倪,duān ní,"Manh mối, dấu hiệu, khởi đầu",3
端,尖端,jiān duān,đầu nhọn,6
端,极端,jí duān,cực đoan; cực kỳ,6
端,端正,duān zhèng,đứng thẳng,6
端,端午节,Duān wǔ jié,Lễ hội thuyền rồng,6
端,争端,zhēng duān,tranh chấp,7
竹,竹子,zhú zi,tre,2
竹,爆竹,bào zhú,pháo,7
竹,竹竿,zhú gān,cây tre,7
竹,胸有成竹,xiōng yǒu chéng zhú,lên kế hoạch trước,7
竿,鱼竿,yú gān,cần câu cá,4
竿,竹竿,zhú gān,cây tre,7
笑,开玩笑,kāi wán xiào,đùa cợt,1
笑,玩笑,wán xiào,"Chuyện đùa, trò đùa; đùa giỡn, bông đùa.",2
笑,笑话,xiào hua,trò cười; truyện cười,2
笑,啼笑皆非,tí xiào jiē fēi,"dở khóc dở cười, không biết nên khóc hay nên cười",3
笑,微笑,wēi xiào,mỉm cười; nụ cười,4
笑,闹笑话,nào xiào hua,"gây ra trò cười, gây chuyện cười",5
笑,笑声,xiào shēng,tiếng cười,6
笑,笑容,xiào róng,nụ cười,6
笑,笑脸,xiào liǎn,mặt cười,6
笑,冷笑,lěng xiào,cười khẩy,7
笑,取笑,qǔ xiào,chế giễu,7
笑,可笑,kě xiào,buồn cười,7
笑,嘲笑,cháo xiào,chế nhạo,7
笑,好笑,hǎo xiào,buồn cười,7
笑,嬉笑,xī xiào,cười đùa,7
笑话,闹笑话,nào xiào hua,"gây ra trò cười, gây chuyện cười",5
笔,画笔,huà bǐ,"Cọ vẽ, bút vẽ",2
笔,笔记,bǐ jì,ghi chép,2
笔,铅笔,qiān bǐ,bút chì,2
笔,笔记本,bǐ jì běn,máy tính xách tay,2
笔,手笔,shǒu bǐ,"nét bút, thủ bút, tài viết văn",5
笔,笔试,bǐ shì,bài kiểm tra viết,6
笔,圆珠笔,yuán zhū bǐ,bút bi,6
笔,大笔,dà bǐ,khoản tiền lớn,7
笔,铅笔刀,qiān bǐ dāo,Gọt bút chì,7
笔记,笔记本,bǐ jì běn,máy tính xách tay,2
笛,笛子,dí zi,sáo trúc 8 lỗ,7
符,符合,fú hé,phù hợp,3
符,符号,fú hào,ký hiệu,4
符,音符,yīn fú,"nốt nhạc, ký hiệu âm nhạc",7
笨,愚笨,yú bèn,"Ngu dốt, đần độn",6
笨,笨拙,bèn zhuō,vụng về,6
笨,笨蛋,bèn dàn,ngốc,7
笨,笨重,bèn zhòng,nặng nề,7
第,第一,dì yī,đầu tiên; thứ nhất,2
第,第一手,dì yī shǒu,trực tiếp,7
第,第一线,dì yī xiàn,tiền tuyến,7
第一,第一手,dì yī shǒu,trực tiếp,7
第一,第一线,dì yī xiàn,tiền tuyến,7
笼,灯笼,dēng lóng,đèn lồng,7
笼,笼子,lóng zi,lồng,7
笼,笼统,lǒng tǒng,tổng quát,7
笼,笼罩,lǒng zhào,che phủ,7
等,平等,píng děng,bình đẳng,2
等,稍等,shāo děng,"Đợi chút, chờ một lát",2
等,等于,děng yú,bằng,2
等,等到,děng dào,chờ cho đến,2
等,等待,děng dài,chờ đợi,3
等,等候,děng hòu,chờ đợi,5
等,等级,děng jí,"cấp, mức",5
等,中等,zhōng děng,"hạng nhì, trung bình",6
等,初等,chū děng,sơ cấp,6
等,高等,gāo děng,cao cấp,6
等,同等,tóng děng,cùng loại,7
筋,钢筋,gāng jīn,"Thép cây, cốt thép",4
筋,脑筋,nǎo jīn,"não, trí óc",7
筋,伤脑筋,shāng nǎo jīn,đau đầu; rắc rối,7
筑,构筑,gòu zhù,"xây dựng, kiến tạo",4
筑,建筑,jiàn zhù,xây dựng,5
筑,建筑师,jiàn zhú shī,kiến trúc sư,7
筑,建筑物,jiàn zhù wù,tòa nhà,7
筒,话筒,huà tǒng,"micro, máy phát",6
筒,邮筒,yóu tǒng,"Thùng thư, hòm thư công cộng",7
答,回答,huí dá,trả lời,1
答,答应,dā ying,trả lời,2
答,答案,dá'àn,câu trả lời,4
答,报答,bào dá,đền đáp,6
答,作答,zuò dá,"Trả lời (câu hỏi, bài kiểm tra)",7
答,答辩,dá biàn,biện hộ,7
答,解答,jiě dá,giải thích,7
策,政策,zhèng cè,chính sách,6
策,策划,cè huà,lập kế hoạch,6
策,策略,cè lüè,chiến lược,6
策,对策,duì cè,biện pháp đối phó,7
策,计策,jì cè,kế sách,7
策,鞭策,biān cè,thúc giục,7
筛,筛选,shāi xuǎn,lọc,6
筝,风筝,fēng zheng,diều,7
筷,筷子,kuài zi,đũa,2
筹,筹备,chóu bèi,chuẩn bị,6
筹,统筹兼顾,tǒng chóu jiān gù,tính toán tổng thể,6
筹,筹划,chóu huà,lên kế hoạch,7
筹,筹措,chóu cuò,gây quỹ,7
筹,筹码,chóu mǎ,"chip, thẻ",7
筹,筹集,chóu jí,gây quỹ,7
筹,统筹,tǒng chóu,kế hoạch phức tạp,7
筹,一筹莫展,yī chóu mò zhǎn,không biết làm sao,7
签,签证,qiān zhèng,thị thực,4
签,抽签,chōu qiān,rút thăm,7
签,标签,biāo qiān,"nhãn, thẻ",7
签,签署,qiān shǔ,ký kết,7
简,简单,jiǎn dān,đơn giản,1
简,简化字,jiǎn huà zì,Chữ giản thể,2
简,简化,jiǎn huà,đơn giản hóa,3
简,简直,jiǎn zhí,đơn giản là,3
简,简而言之,jiǎn ér yán zhī,"nói tóm lại, nói một cách đơn giản",3
简,简历,jiǎn lì,sơ yếu lý lịch,4
简,简体字,jiǎn tǐ zì,chữ giản thể,5
简,简介,jiǎn jiè,giới thiệu,6
简,简洁,jiǎn jié,"ngắn gọn, súc tích",6
简,简要,jiǎn yào,ngắn gọn,6
简,简陋,jiǎn lòu,đơn sơ,6
简,精简,jīng jiǎn,đơn giản hóa,6
简,简易,jiǎn yì,đơn giản,7
简,简短,jiǎn duǎn,ngắn gọn,7
简,简称,jiǎn chēng,tên viết tắt,7
简化,简化字,jiǎn huà zì,Chữ giản thể,2
箕,克绍箕裘,kè shào jī qiú,"kế thừa sự nghiệp của cha ông, nối nghiệp gia đình",7
算,打算,dǎ suàn,kế hoạch; dự định,1
算,算了,suàn le,bỏ qua,2
算,计算机,jì suàn jī,máy tính,2
算,算盘,suàn pán,bàn tính,3
算,计算,jì suàn,tính toán,3
算,算命,suàn mìng,"xem bói, bói toán",4
算,合算,hé suàn,đáng giá,6
算,就算,jiù suàn,ngay cả khi,6
算,算是,suàn shì,coi như là; cuối cùng,6
算,结算,jié suàn,thanh toán,6
算,运算,yùn suàn,tính toán,6
算,预算,yù suàn,ngân sách,6
算,不算,bù suàn,không tính,7
算,估算,gū suàn,"ước tính, đánh giá",7
算,划算,huá suàn,có lợi,7
管,不管,bù guǎn,bất kể,2
管,管理,guǎn lǐ,quản lý,3
管,吸管,xī guǎn,ống hút,4
管,尽管,jǐn guǎn,mặc dù,4
管,萨克斯管,sà kè sī guǎn,kèn saxophone,4
管,管子,guǎn zi,ống,5
管,主管,zhǔ guǎn,người phụ trách,6
管,保管,bǎo guǎn,bảo quản,6
管,只管,zhǐ guǎn,chỉ,6
管,看管,kān guǎn,trông coi,6
管,管辖,guǎn xiá,quản lý,6
管,管道,guǎn dào,đường ống,6
管,血管,xuè guǎn,mạch máu,6
管,掌管,zhǎng guǎn,phụ trách,7
管,气管,qì guǎn,khí quản,7
管理,管理费,guǎn lǐ fèi,phí quản lý,7
箭,火箭,huǒ jiàn,tên lửa,6
箱,冰箱,bīng xiāng,tủ lạnh,2
箱,箱子,xiāng zi,hộp,2
箱,邮箱,yóu xiāng,hộp thư,3
箱,行李箱,xíng li xiāng,vali; cốp xe,3
箱,后备箱,hòu bèi xiāng,cốp xe,7
箱,集装箱,jí zhuāng xiāng,container vận chuyển,7
篇,篇幅,piān fú,độ dài,7
篮,篮球,lán qiú,bóng rổ,2
篮,打篮球,dǎ lánqiú,chơi bóng rổ,2
篮,投篮,tóu lán,"ném bóng rổ, ném vào rổ",5
篮,摇篮,yáo lán,nôi,7
篮球,打篮球,dǎ lánqiú,chơi bóng rổ,2
篷,帐篷,zhàng peng,lều,6
簇,簇拥,cù yōng,đám đông xung quanh,3
簇,花团锦簇,huā tuán jǐn cù,"Rực rỡ muôn màu, hoa gấm rực rỡ, lộng lẫy (hình dung hoa nở tươi đẹp, hoặc vật trang trí rực rỡ).",8
簧,弹簧,tán huáng,Lò xo,8
簸,颠簸,diān bǒ,lắc lư,6
籍,国籍,guó jí,quốc tịch,4
籍,书籍,shū jí,sách,6
籍,籍贯,jí guàn,nơi sinh,6
籍,外籍,wài jí,quốc tịch nước ngoài,7
籍,祖籍,zǔ jí,quê quán,7
米,米饭,mǐ fàn,cơm,1
米,厘米,lí mǐ,xentimét,2
米,毫米,háo mǐ,milimét,4
米,玉米,yù mǐ,ngô,4
米,大米,dà mǐ,gạo,6
米,平方米,píng fāng mǐ,mét vuông,6
米,立方米,lì fāng mǐ,mét khối,7
类,种类,zhǒng lèi,loại,2
类,人类,rén lèi,nhân loại,3
类,类似,lèi sì,tương tự,3
类,人类学,rén lèi xué,Nhân chủng học,3
类,类型,lèi xíng,loại hình,4
类,之类,zhī lèi,và những thứ tương tự,5
类,分类,fēn lèi,phân loại,5
类,同类,tóng lèi,cùng loại,7
类,类别,lèi bié,phân loại,7
类,诸如此类,zhū rú cǐ lèi,những điều tương tự như thế này,7
类,出类拔萃,chū lèi bá cuì,"Nổi bật xuất chúng, kiệt xuất, vượt trội hơn người.",8
粉,淀粉,diàn fěn,tinh bột,2
粉,粉色,fěn sè,màu hồng,2
粉,奶粉,nǎi fěn,sữa bột,6
粉,粉末,fěn mò,bột,6
粉,粉碎,fěn suì,nghiền nát,6
粉,洗衣粉,xǐ yī fěn,bột giặt,6
粉,粉丝,fěn sī,miến làm từ tinh bột đậu,7
粉,面粉,miàn fěn,bột mì,7
粉,肥皂粉,féi zào fěn,"bột xà phòng, bột giặt",7
粗,粗心,cū xīn,cẩu thả,4
粗,粗糙,cū cāo,thô ráp,5
粗,粗鲁,cū lǔ,thô lỗ,6
粗,粗暴,cū bào,"thô lỗ, hung dữ",7
粗,粗略,cū lüè,"sơ lược, bề mặt",7
粗,粗心大意,cū xīn dà yì,cẩu thả,7
粗,粗壮,cū zhuàng,"to lớn, vạm vỡ, khỏe mạnh (thân cây, cơ thể)",8
粗心,粗心大意,cū xīn dà yì,cẩu thả,7
粘,粘贴,zhān tiē,"dán, dính",5
粥,一锅粥,yī guō zhōu,một mớ hỗn độn,7
粪,粪便,fèn biàn,phân,7
粮,粮食,liáng shí,"ngũ cốc, thực phẩm",4
粱,高粱,gāo liang,cao lương (một loại cây lương thực),4
粹,纯粹,chún cuì,thuần khiết,6
粽,粽子,zòng zi,bánh chưng,7
精,味精,wèi jīng,mì chính,2
精,精彩,jīng cǎi,tuyệt vời,2
精,精神,jīng shén,tinh thần,2
精,精力,jīng lì,năng lượng,4
精,精诚所至金石为开,"jīng chéng suǒ zhì, jīn shí wéi kāi","có chí thì nên, có lòng thành sắt đá cũng mòn",5
精,精华,jīng huá,tinh hoa,6
精,精品,jīng pǐn,hàng độc quyền,6
精,精密,jīng mì,chính xác,6
精,精心,jīng xīn,tỉ mỉ,6
精,精简,jīng jiǎn,đơn giản hóa,6
精,精美,jīng měi,tinh tế,6
精,精致,jīng zhì,tinh tế,6
精,精通,jīng tōng,thành thạo,6
精,酒精,jiǔ jīng,cồn,6
精,博大精深,bó dà jīng shēn,rộng và sâu,6
精神,精神病,jīng shén bìng,bệnh tâm thần,7
糊,糊涂,hú tu,ngu ngốc,2
糊,迷糊,mí hu,"Mơ màng, lơ mơ, hồ đồ, lẫn lộn",4
糊,模糊,mó hu,mơ hồ,5
糊,含糊,hán hu,không rõ ràng,7
糊,一塌糊涂,yī tā hú tú,một mớ hỗn độn,7
糊涂,一塌糊涂,yī tā hú tú,một mớ hỗn độn,7
糕,糟糕,zāo gāo,"quá tệ, thật xui xẻo",1
糕,蛋糕,dàn gāo,bánh,1
糕,糕点,gāo diǎn,"Bánh ngọt, điểm tâm, bánh kẹo",4
糖,白糖,bái táng,đường trắng,2
糖,口香糖,kǒu xiāng táng,kẹo cao su,4
糖,喜糖,xǐ táng,kẹo cưới,7
糖,砂糖,shā táng,đường cát,7
糖,糖果,táng guǒ,"kẹo, đồ ngọt",7
糖,低血糖,dī xuè táng,"Hạ đường huyết, đường huyết thấp",7
糖,糖尿病,táng niào bìng,bệnh tiểu đường,7
糖,葡萄糖,pú táo táng,"Glucose, đường glucose",7
糙,粗糙,cū cāo,thô ráp,5
糟,糟糕,zāo gāo,"quá tệ, thật xui xẻo",1
糟,糟蹋,zāo tà,phá hoại,6
糟,乱七八糟,luàn qī bā zāo,lộn xộn,7
系,关系,guān xi,"liên quan đến; mối quan hệ, quan hệ",1
系,没关系,méi guān xi,không sao,1
系,联系,lián xì,liên lạc,2
系,菜系,cài xì,"Trường phái ẩm thực, phong cách nấu ăn",2
系,体系,tǐ xì,hệ thống,3
系,系列,xì liè,loạt,4
系,系统,xì tǒng,hệ thống,4
系,一系列,yī xì liè,một loạt,7
系列,一系列,yī xì liè,một loạt,7
紊,有条不紊,yǒu tiáo bù wěn,đều đặn và kỹ lưỡng,6
紊,紊乱,wěn luàn,hỗn loạn,7
素,维生素,wéi shēng sù,vitamin,2
素,元素,yuán sù,nguyên tố,5
素,吃素,chī sù,ăn chay,5
素,因素,yīn sù,yếu tố,5
素,素菜,sù cài,"món chay, rau",5
素,朴素,pú sù,"giản dị, đơn giản",6
素,素质,sù zhì,chất lượng,6
素,素食,sù shí,chế độ ăn chay,6
素,要素,yào sù,yếu tố,6
素,激素,jī sù,hormone,7
素,素养,sù yǎng,trình độ học vấn,7
素,素描,sù miáo,vẽ phác thảo,7
素,素材,sù cái,tài liệu nguồn,7
素,抗生素,kàng shēng sù,kháng sinh,7
素,素不相识,sù bù xiāng shí,hoàn toàn xa lạ,7
索,搜索,sōu suǒ,tìm kiếm,5
索,不假思索,bù jiǎ sī suǒ,không cần suy nghĩ,5
索,思索,sī suǒ,suy nghĩ sâu sắc,6
索,探索,tàn suǒ,khám phá,6
索,摸索,mō suǒ,dò dẫm,6
索,索性,suǒ xìng,ngay thẳng,6
索,线索,xiàn suǒ,manh mối,6
索,利索,lì suo,nhanh nhẹn,7
索,索取,suǒ qǔ,yêu cầu,7
索,索赔,suǒ péi,yêu cầu bồi thường,7
索,导火索,dǎo huǒ suǒ,ngòi nổ,7
紧,抓紧,zhuā jǐn,nắm chắc; tranh thủ,1
紧,紧张,jǐn zhāng,căng thẳng,1
紧,赶紧,gǎn jǐn,nhanh chóng,3
紧,紧密,jǐn mì,khăng khít,4
紧,不要紧,bù yào jǐn,không sao,4
紧,紧急,jǐn jí,khẩn cấp,5
紧,要紧,yào jǐn,quan trọng,6
紧,加紧,jiā jǐn,tăng tốc,7
紧,紧凑,jǐn còu,gọn,7
紧,紧缩,jǐn suō,thắt chặt,7
紧,紧缺,jǐn quē,thiếu hụt,7
紧,紧迫,jǐn pò,khẩn cấp,7
紧,紧接着,jǐn jiē zhe,ngay sau đó,7
紧,无关紧要,wú guān jǐn yào,không quan trọng,7
紫,紫外线,zǐ wài xiàn,Tia tử ngoại,6
累,积累,jī lěi,tích lũy,4
累,劳累,láo lèi,mệt mỏi,7
累,拖累,tuō lèi,làm liên luỵ,7
累,累计,lěi jì,tích lũy,7
絮,絮叨,xù dao,nói dài dòng,7
繁,频繁,pín fán,thường xuyên,3
繁,繁衍,fán yǎn,"Sinh sôi nảy nở, phát triển, nhân giống",4
繁,繁荣,fán róng,phồn vinh,5
繁,繁体字,fán tǐ zì,chữ Hán truyền thống,5
繁,繁华,fán huá,phồn hoa,6
繁,繁忙,fán máng,bận rộn,6
繁,繁殖,fán zhí,sinh sản,6
繁,繁重,fán zhòng,nặng nề,7
纠,纠纷,jiū fēn,tranh chấp,3
纠,纠正,jiū zhèng,sửa chữa,6
纠,纠缠,jiū chán,rối rắm,7
红,红色,hóng sè,màu đỏ,2
红,西红柿,xī hóng shì,cà chua,2
红,红火,hóng huo,sôi động,3
红,红茶,hóng chá,"trà đỏ (phân loại theo Trung Quốc), trà đen (phân loại theo châu Âu)",3
红,红酒,hóng jiǔ,rượu vang đỏ,3
红,红绿灯,hóng lǜ dēng,đèn giao thông,3
红,红包,hóng bāo,bao lì xì,4
红,红叶,hóng yè,lá đỏ (lá cây vào mùa thu),4
红,西红柿炒鸡蛋,xī hóng shì chǎo jī dàn,cà chua xào trứng,5
红,分红,fēn hóng,chia cổ tức,6
红,口红,kǒu hóng,son môi,6
红,红烧,hóng shāo,"Kho tàu, om (kiểu kho)",6
红,通红,tōng hóng,đỏ bừng,6
红,朱红,zhū hóng,đỏ tươi,7
红,眼红,yǎn hóng,ghen tị,7
纤,纤维,xiān wéi,chất xơ,6
纤,化纤,huà xiān,sợi hóa học,7
纤,纤弱,xiān ruò,"mảnh mai, yếu ớt",8
约,大约,dà yuē,khoảng,3
约,节约,jié yuē,tiết kiệm,3
约,不约而同,bù yuē ér tóng,đồng tình mà không cần thảo luận trước,3
约,约会,yuē huì,hẹn hò,4
约,隐约,yǐn yuē,mờ nhạt,5
约,制约,zhì yuē,hạn chế,6
约,合约,hé yuē,hợp đồng,6
约,约定,yuē dìng,sắp xếp,6
约,预约,yù yuē,hẹn trước,6
约,公约,gōng yuē,công ước,7
约,契约,qì yuē,hợp đồng,7
约,条约,tiáo yuē,hiệp ước,7
约,相约,xiāng yuē,"hẹn gặp, thỏa thuận",7
约,违约,wéi yuē,vi phạm hợp đồng,7
约,约定俗成,yuē dìng sú chéng,thiết lập theo tập quán,7
约定,约定俗成,yuē dìng sú chéng,thiết lập theo tập quán,7
级,中级,zhōng jí,trung cấp,2
级,年级,nián jí,lớp,2
级,高级,gāo jí,cao cấp,2
级,初级,chū jí,sơ cấp,3
级,班级,bān jí,"lớp, lớp học",3
级,超级,chāo jí,siêu,3
级,等级,děng jí,"cấp, mức",5
级,初级中学,chū jí zhōng xué,trường trung học cơ sở,5
级,升级,shēng jí,thăng cấp,6
级,级别,jí bié,cấp bậc,6
级,下级,xià jí,cấp dưới,7
级,阶级,jiē jí,giai cấp,7
级,顶级,dǐng jí,hàng đầu,7
级,世界级,shì jiè jí,đẳng cấp thế giới,7
级,五星级,wǔ xīng jí,năm sao,7
纪,年纪,nián jì,tuổi tác,1
纪,纪录,jì lù,kỷ lục,3
纪,纪念,jì niàn,kỷ niệm,3
纪,上年纪,shàng nián ji,"có tuổi, lớn tuổi",3
纪,世纪,shì jì,thế kỷ,4
纪,纪律,jì lǜ,kỷ luật,4
纪,纪实,jì shí,ghi lại sự kiện thực tế,7
纪,纪录片,jì lù piàn,phim tài liệu,7
纪,纪念日,jì niàn rì,ngày kỷ niệm,7
纪,纪念碑,jì niàn bēi,đài tưởng niệm,7
纪,纪念馆,jì niàn guǎn,nhà tưởng niệm,7
纪录,纪录片,jì lù piàn,phim tài liệu,7
纪念,纪念日,jì niàn rì,ngày kỷ niệm,7
纪念,纪念碑,jì niàn bēi,đài tưởng niệm,7
纪念,纪念馆,jì niàn guǎn,nhà tưởng niệm,7
纬,经纬,jīng wěi,kinh độ và vĩ độ,6
纬,纬度,wěi dù,vĩ độ,7
纯,单纯,dān chún,thuần khiết,3
纯,纯净水,chún jìng shuǐ,nước tinh khiết,4
纯,纯洁,chún jié,thuần khiết,6
纯,纯真,chún zhēn,"trong sáng, ngây thơ, thuần khiết",6
纯,纯粹,chún cuì,thuần khiết,6
纯,纯朴,chún pǔ,chân chất và giản dị,7
纯,清纯,qīng chún,"Trong sáng, thuần khiết",8
纯,纯情,chún qíng,"trong sáng, ngây thơ (trong tình yêu)",8
纱,婚纱,hūn shā,áo cưới,7
纲,提纲,tí gāng,bản tóm tắt,5
纲,纲要,gāng yào,đề cương,7
纲,纲领,gāng lǐng,chương trình,7
纳,纳闷儿,nà mènr,"băn khoăn, thắc mắc, khó hiểu",3
纳,归纳,guī nà,Tổng kết,5
纳,纳入,nà rù,bao gồm,5
纳,博茨瓦纳,Bó cí wǎ nà,Botswana,5
纳,容纳,róng nà,chứa đựng,6
纳,缴纳,jiǎo nà,nộp,6
纳,采纳,cǎi nà,chấp nhận,6
纳,交纳,jiāo nà,nộp,7
纳,接纳,jiē nà,chấp nhận,7
纳,纳税,nà shuì,đóng thuế,7
纳,纳闷,nà mèn,bối rối,7
纳,纳税人,nà shuì rén,người nộp thuế,7
纳税,纳税人,nà shuì rén,người nộp thuế,7
纳闷,纳闷儿,nà mènr,"băn khoăn, thắc mắc, khó hiểu",3
纵,放纵,fàng zòng,nuông chiều,5
纵,操纵,cāo zòng,điều khiển,6
纵,纵容,zòng róng,nuông chiều,7
纵,纵深,zòng shēn,độ sâu,7
纵,纵然,zòng rán,cho dù,7
纵,纵观,zòng guān,quan sát chung,7
纵,纵横交错,zòng héng jiāo cuò,xếp chéo,7
纵,纵情,zòng qíng,"Thỏa sức, tùy ý, hết mình (theo cảm xúc).",8
纷,纠纷,jiū fēn,tranh chấp,3
纷,纷纷,fēn fēn,lần lượt,4
纷,缤纷,bīn fēn,đa dạng,7
纷,纷纷扬扬,fēn fēn yáng yáng,"Rơi lả tả, bay lả tả",8
纷纷,纷纷扬扬,fēn fēn yáng yáng,"Rơi lả tả, bay lả tả",8
纸,报纸,bào zhǐ,báo,2
纸,纸袋,zhǐ dài,túi giấy,4
纸,纸上谈兵,zhǐ shàng tán bīng,"nói suông, nói chuyện binh đao trên giấy (lý thuyết suông, không thực tế)",5
纸,图纸,tú zhǐ,bản vẽ,7
纸,造纸术,zào zhǐ shù,công nghệ làm giấy,7
纹,皱纹,zhòu wén,nếp nhăn,2
纹,花纹,huā wén,hoa văn,7
纹,指纹,zhǐ wén,"Vân tay, dấu vân tay.",8
纹,抬头纹,tái tóu wén,nếp nhăn trán,8
纹,鱼尾纹,yú wěi wén,"Nếp nhăn đuôi mắt, vết chân chim",8
纺,纺织,fǎng zhī,dệt,6
纽,纽扣,niǔ kòu,nút,4
纽,纽扣儿,niǔ kòur,cúc áo,6
纽,枢纽,shū niǔ,trục,7
纽,纽带,niǔ dài,mối liên hệ,7
纽扣,纽扣儿,niǔ kòur,cúc áo,6
线,路线,lù xiàn,tuyến đường,3
线,占线,zhàn xiàn,đường dây bận,4
线,光线,guāng xiàn,ánh sáng,5
线,热线,rè xiàn,đường dây nóng,6
线,线索,xiàn suǒ,manh mối,6
线,线路,xiàn lù,tuyến đường,6
线,视线,shì xiàn,tầm nhìn,6
线,紫外线,zǐ wài xiàn,Tia tử ngoại,6
线,一线,yī xiàn,tia,7
线,前线,qián xiàn,tiền tuyến,7
线,在线,zaì xiàn,trực tuyến,7
线,天线,tiān xiàn,ăng ten,7
线,底线,dǐ xiàn,đường cơ sở,7
线,无线,wú xiàn,không dây,7
线,曲线,qū xiàn,đường cong,7
练,练习,liàn xí,luyện tập,2
练,教练,jiào liàn,huấn luyện viên,3
练,训练,xùn liàn,huấn luyện,3
练,熟练,shú lian,thành thạo,4
练,老练,lǎo liàn,"lão luyện, dày dặn kinh nghiệm",4
练,排练,pái liàn,tập dượt,5
练,操练,cāo liàn,tập luyện,6
练,演练,yǎn liàn,diễn tập,7
练,苦练,kǔ liàn,khổ luyện,7
组,小组,xiǎo zǔ,nhóm,2
组,组成,zǔ chéng,cấu thành,2
组,组织,zǔ zhī,tổ chức,2
组,组长,zǔ zhǎng,nhóm trưởng,2
组,分组,fēn zǔ,chia thành các nhóm,3
组,组合,zǔ hé,kết hợp,3
组,重组,chóng zǔ,tái hợp,6
组,剧组,jù zǔ,nhóm diễn viên và đoàn làm phim,7
组,组建,zǔ jiàn,tổ chức,7
组,组装,zǔ zhuāng,lắp ráp,7
绅,绅士,shēn shì,quý ông,4
细,仔细,zǐ xì,cẩn thận,2
细,细微,xì wēi,tí hon,3
细,细腻,xì nì,mịn màng,3
细,细致,xì zhì,tỉ mỉ,4
细,细节,xì jié,chi tiết,4
细,详细,xiáng xì,chi tiết,4
细,细心,xì xīn,cẩn thận,5
细,细胞,xì bāo,tế bào,6
细,细菌,xì jūn,vi khuẩn,6
细,精细,jīng xì,cẩn thận và tinh tế,7
细,精打细算,jīng dǎ xì suàn,tính toán cẩn thận,7
织,组织,zǔ zhī,tổ chức,2
织,纺织,fǎng zhī,dệt,6
织,自耕自织,zì gēng zì zhī,tự cày tự dệt (tự cung tự cấp),7
终,终于,zhōng yú,cuối cùng,1
终,始终,shǐ zhōng,từ đầu đến cuối,3
终,终点,zhōng diǎn,điểm cuối,5
终,最终,zuì zhōng,cuối cùng,6
终,终止,zhōng zhǐ,kết thúc,6
终,年终,nián zhōng,cuối năm,7
终,终生,zhōng shēng,"cả đời, trọn đời",7
终,终究,zhōng jiù,cuối cùng,7
终,终结,zhōng jié,kết thúc,7
终,自始至终,zì shǐ zhì zhōng,từ đầu đến cuối,7
绍,介绍,jiè shào,giới thiệu,1
绍,克绍箕裘,kè shào jī qiú,"kế thừa sự nghiệp của cha ông, nối nghiệp gia đình",7
绎,络绎不绝,luò yì bù jué,"liên tục, không ngừng",6
绎,演绎,yǎn yì,diễn xuất,7
经,已经,yǐ jīng,đã,1
经,曾经,céng jīng,đã từng,2
经,经历,jīng lì,trải nghiệm,2
经,经常,jīng cháng,thường xuyên,2
经,经济,jīng jì,kinh tế,2
经,经理,jīng lǐ,giám đốc,2
经,经过,jīng guò,đi qua; trải qua; thông qua,2
经,经验,jīng yàn,kinh nghiệm,2
经,圣经,shèng jīng,Kinh Thánh,3
经,经典,jīng diǎn,"kinh điển, tiêu biểu",3
经,经营,jīng yíng,quản lý,3
经,经意,jīng yì,Để ý; lưu tâm; chú ý,4
经,神经,shén jīng,thần kinh,5
经,经商,jīng shāng,kinh doanh,5
经,正经,zhèng jing,trung thực,6
经意,不经意,bù jīng yì,vô tình,7
经济,市场经济,shì chǎng jīng jì,kinh tế thị trường,7
经理,总经理,zǒng jīng lǐ,tổng giám đốc,6
绑,绑架,bǎng jià,bắt cóc,6
绑,松绑,sōng bǎng,nới lỏng,7
绒,羽绒服,yǔ róng fú,áo lông vũ,6
结,结束,jié shù,kết thúc,2
结,结果,jié guǒ,kết quả; do đó,2
结,结论,jié lùn,kết luận,2
结,团结,tuán jié,đoàn kết,3
结,总结,zǒng jié,tóm tắt,3
结,结合,jié hé,kết hợp,3
结,结婚,jié hūn,kết hôn,3
结,结实,jiē shi,bền,3
结,结结巴巴,jiē jie bā bā,"lắp bắp, cà lăm",3
结,结构,jié gòu,cấu trúc,4
结,结肠,jié cháng,Kết tràng (một phần của ruột già),4
结,结账,jié zhàng,thanh toán,5
结,冻结,dòng jié,đóng băng,6
结,勾结,gōu jié,câu kết,6
结,巴结,bā jie,nịnh bợ,6
绕,缠绕,chán rào,quấn quanh,4
绕,围绕,wéi rào,xoay quanh,5
绕,环绕,huán rào,bao quanh,7
绕,绕行,rào xíng,đi vòng,7
绘,描绘,miáohuì,miêu tả,6
绘,绘画,huì huà,hội họa,6
绘,绘声绘色,huì shēng huì sè,"sống động, như thật",7
给,交给,jiāo gěi,bàn giao,2
给,送给,sòng gěi,gửi,2
给,递给,dì gěi,đưa qua,5
给,供给,gōng jǐ,cung cấp,6
给,给予,jǐ yǔ,đưa ra,6
给,补给,bǔ jǐ,tiếp tế,7
络,网络,wǎng luò,mạng,3
络,联络,lián luò,liên lạc,5
络,络绎不绝,luò yì bù jué,"liên tục, không ngừng",6
络,脉络,mài luò,mạch máu,7
绝,灭绝,miè jué,tuyệt chủng,3
绝,绝对,jué duì,tuyệt đối,3
绝,拒绝,jù jué,từ chối,4
绝,断绝,duàn jué,cắt đứt,6
绝,杜绝,dù jué,chấm dứt hoàn toàn,6
绝,滔滔不绝,tāo tāo bù jué,nói không ngừng,6
绝,空前绝后,kōng qián jué hòu,vô tiền khoáng hậu,6
绝,络绎不绝,luò yì bù jué,"liên tục, không ngừng",6
绝,绝大多数,jué dà duō shù,đa số tuyệt đối,6
绝,绝技,jué jì,kỹ năng điêu luyện,7
绝,绝招,jué zhāo,cột buồm,7
绝,绝望,jué wàng,tuyệt vọng,7
绝,绝缘,jué yuán,cách điện,7
绝,隔绝,gé jué,"cách biệt, cắt đứt liên lạc, cô lập",7
绝,赞不绝口,zàn bù jué kǒu,khen ngợi không ngớt,7
统,传统,chuán tǒng,truyền thống,4
统,总统,zǒng tǒng,tổng thống,4
统,系统,xì tǒng,hệ thống,4
统,统一,tǒng yī,thống nhất,4
统,统计,tǒng jì,thống kê,4
统,统治,tǒng zhì,thống trị,5
统,统统,tǒng tǒng,tất cả,6
统,统筹兼顾,tǒng chóu jiān gù,tính toán tổng thể,6
统,笼统,lǒng tǒng,tổng quát,7
统,统筹,tǒng chóu,kế hoạch phức tạp,7
统筹,统筹兼顾,tǒng chóu jiān gù,tính toán tổng thể,6
绢,手绢,shǒu juàn,"khăn mùi soa, khăn tay",5
绣,刺绣,cì xiù,thêu,7
继,继续,jì xù,tiếp tục,1
继,继承,jì chéng,thừa kế,6
继,相继,xiāng jì,lần lượt,7
继,继母,jì mǔ,mẹ kế,7
继,继父,jì fù,cha dượng,7
继,继而,jì'ér,rồi,7
继,前赴后继,qián fù hòu jì,tiến lên liên tục,7
继,夜以继日,yè yǐ jì rì,ngày đêm,7
绩,成绩,chéng jì,thành tích,2
绩,成绩单,chéng jì dān,"Bảng điểm, phiếu báo kết quả học tập.",2
绩,业绩,yè jì,thành tích,7
绪,情绪,qíng xù,tâm trạng,5
续,继续,jì xù,tiếp tục,1
续,手续,shǒu xù,thủ tục,2
续,延续,yán xù,kéo dài,3
续,持续,chí xù,tiếp tục,3
续,连续,lián xù,liên tục,3
续,陆续,lù xù,lần lượt,3
续,连续剧,lián xù jù,phim truyền hình,3
续,断断续续,duàn duàn xù xù,gián đoạn,5
续,手续费,shǒu xù fèi,phí dịch vụ,6
续,后续,hòu xù,theo dõi,7
绯,绯闻,fēi wén,tin đồn tình yêu,7
绰,绰号,chuò hào,biệt hiệu,7
绰,阔绰,kuò chuò,phô trương,7
绳,绳子,shéng zi,dây thừng,5
维,维生素,wéi shēng sù,vitamin,2
维,维修,wéi xiū,bảo trì,4
维,维护,wéi hù,bảo trì,4
维,维持,wéi chí,"giữ, duy trì",4
维,思维,sī wéi,suy nghĩ,5
维,二维码,èr wéi mǎ,mã QR,5
维,纤维,xiān wéi,chất xơ,6
维,三维,sān wéi,3D,7
维,恭维,gōng wéi,nịnh bợ,7
绵,海绵,hǎi mián,bọt biển,7
绵,绵长,mián cháng,"Kéo dài, triền miên, dai dẳng",7
绵,连绵,lián mián,liên tục,7
绷,绷带,bēng dài,băng,7
绸,丝绸,sī chóu,lụa,5
综,综合,zōng hé,"tóm tắt, thống nhất",4
综,综上所述,zōng shàng suǒ shù,tóm lại,7
综,错综复杂,cuò zōng fù zá,phức tạp,7
绽,绽放,zhàn fàng,nở,7
绿,绿色,lǜ sè,màu xanh lá cây,2
绿,绿茶,lǜ chá,trà xanh,3
绿,红绿灯,hóng lǜ dēng,đèn giao thông,3
绿,绿化,lǜ huà,trồng rừng,6
绿,碧绿,bì lǜ,xanh thẫm,7
绿,绿地,lǜ dì,khu vực xanh,7
绿,绿灯,lǜ dēng,đèn xanh,7
绿,翠绿,cuì lǜ,xanh ngọc lục bảo,7
绿灯,红绿灯,hóng lǜ dēng,đèn giao thông,3
缀,点缀,diǎn zhuì,trang trí,3
缅,缅怀,miǎn huái,"nhớ lại, tưởng nhớ",7
缆,光缆,guāng lǎn,cáp quang,7
缆,缆车,lǎn chē,cáp treo,7
缉,通缉,tōng jī,truy nã,6
缓,缓解,huǎn jiě,giảm bớt,4
缓,缓和,huǎn hé,làm dịu,6
缓,迟缓,chí huǎn,chậm chạp,6
缓,延缓,yán huǎn,hoãn,7
缓,缓慢,huǎn màn,chậm,7
缓,缓缓,huǎn huǎn,từ từ,7
缔,取缔,qǔ dì,cấm,7
编,编辑,biān jí,chỉnh sửa,5
编,编制,biān zhì,biên soạn,6
编,主编,zhǔ biān,tổng biên tập,7
编,改编,gǎi biān,"chuyển thể, sửa đổi",7
编,编写,biān xiě,"viết, soạn thảo",7
编,编剧,biān jù,biên kịch,7
编,编号,biān hào,đánh số,7
编,编排,biān pái,sắp xếp,7
编,编造,biān zào,bịa đặt,7
编,邮编,yóu biān,mã bưu điện,7
缘,情缘,qíng yuán,"duyên nợ, mối duyên",5
缘,缘故,yuán gù,"lý do, nguyên nhân",6
缘,边缘,biān yuán,biên giới,6
缘,无缘,wú yuán,không có cơ hội,7
缘,绝缘,jué yuán,cách điện,7
缘,缘分,yuán fèn,định mệnh,7
缘,血缘,xuè yuán,huyết thống,7
缘,人缘儿,rén yuánr,quan hệ với mọi người,7
缚,束缚,shù fù,trói buộc,7
缝,缝隙,fèng xì,"Khe hở, kẽ nứt",4
缝,裁缝,cái feng,may vá,6
缝,缝合,féng hé,khâu lại,7
缝,裂缝,liè fèng,vết nứt,7
缠,缠绕,chán rào,quấn quanh,4
缠,纠缠,jiū chán,rối rắm,7
缤,缤纷,bīn fēn,đa dạng,7
缩,缩小,suō xiǎo,thu hẹp,4
缩,缩短,suō duǎn,cắt giảm,4
缩,节衣缩食,jié yī suō shí,tiết kiệm ăn mặc,4
缩,伸缩,shēn suō,kéo dài và thu ngắn,7
缩,压缩,yā suō,nén,7
缩,收缩,shōu suō,thu hẹp,7
缩,浓缩,nóng suō,cô đặc,7
缩,畏缩,wèi suō,co rúm lại vì sợ,7
缩,紧缩,jǐn suō,thắt chặt,7
缩,缩影,suō yǐng,phiên bản thu nhỏ,7
缩,缩水,suō shuǐ,"giảm giá trị, co lại",7
缩,萎缩,wěi suō,"héo mòn, khô héo",7
缩,退缩,tuì suō,thu nhỏ lại,7
缴,缴纳,jiǎo nà,nộp,6
缴,缴费,jiǎo fèi,trả phí,7
缸,浴缸,yù gāng,bồn tắm,6
缺,缺课,quē kè,"Bỏ học, nghỉ học, vắng mặt trong giờ học.",2
缺,缺乏,quē fá,thiếu,3
缺,缺少,quē shǎo,thiếu,3
缺,缺席,quē xí,vắng mặt,3
缺,缺点,quē diǎn,khuyết điểm,3
缺,缺口,quē kǒu,lỗ hổng,6
缺,缺陷,quē xiàn,khiếm khuyết,6
缺,欠缺,qiàn quē,thiếu,7
缺,残缺,cán quē,hư hại nặng,7
缺,短缺,duǎn quē,thiếu hụt,7
缺,紧缺,jǐn quē,thiếu hụt,7
缺,缺失,quē shī,thiếu,7
罐,罐子,guàn zi,"cái lọ, cái vại, cái hũ",4
罐,罐头,guàn tou,đồ hộp,7
罐,易拉罐,yì lā guàn,hộp mở nắp,7
网,上网,shàng wǎng,lướt web,1
网,网上,wǎng shàng,trực tuyến,1
网,网友,wǎng yǒu,bạn bè trên Internet,1
网,网球,wǎng qiú,quần vợt,2
网,网站,wǎng zhàn,trang web,2
网,网络,wǎng luò,mạng,3
网,互联网,hù lián wǎng,Internet,3
网,网址,wǎng zhǐ,địa chỉ web,4
网,网吧,wǎng bā,quán net,6
网,网页,wǎng yè,trang web; trang mạng (một trang đơn lẻ trên website),6
网,电网,diàn wǎng,mạng lưới điện,7
网,网民,wǎng mín,người dùng web,7
网,网点,wǎng diǎn,điểm mạng lưới,7
网,联网,lián wǎng,kết nối mạng,7
罕,稀罕,xī han,hiếm có,4
罕,罕见,hǎn jiàn,hiếm gặp,7
罗,俄罗斯,É luó sī,Nga,1
罗,白俄罗斯,Bái é luó sī,Belarus,1
罗,罗马,Luó mǎ,Roma (thủ đô của Ý).,2
罚,罚款,fá kuǎn,phạt tiền,5
罚,惩罚,chéng fá,trừng phạt,6
罢,罢了,bà le,chỉ thế thôi,6
罢,罢工,bà gōng,đình công,6
罢,罢休,bà xiū,dừng lại,7
罩,口罩,kǒu zhào,khẩu trang,7
罩,笼罩,lǒng zhào,che phủ,7
罪,受罪,shòu zuì,chịu đựng,2
罪,罪魁祸首,zuì kuí huò shǒu,kẻ chủ mưu,4
罪,犯罪,fàn zuì,tội phạm,6
罪,罪恶,zuì'è,"tội ác, ác độc",6
罪,罪犯,zuì fàn,tội phạm,6
罪,得罪,dé zuì,xúc phạm,7
置,位置,wèi zhi,vị trí,4
置,安置,ān zhì,sắp xếp,4
置,布置,bù zhì,sắp xếp,4
置,置备,zhì bèi,"chuẩn bị, sắm sửa, trang bị",4
置,装置,zhuāng zhì,thiết bị,4
置,设置,shè zhì,thiết lập,4
置,处置,chǔ zhì,xử lý,6
置,配置,pèi zhì,sắp xếp,6
置,搁置,gē zhì,để sang một bên,7
置,放置,fàng zhì,để lên,7
置,难以置信,nán yǐ zhì xìn,khó tin,7
置,置身于,zhì shēn yú,"Đặt mình vào, ở trong",8
署,部署,bù shǔ,triển khai,6
署,签署,qiān shǔ,ký kết,7
羊,羊排,yáng pái,Sườn cừu,2
羊,羊肉,yáng ròu,thịt cừu,2
羊,羊毛,yáng máo,Lông cừu,6
羊,羊羔,yáng gāo,Cừu con,7
羊,亡羊补牢,wáng yáng bǔ láo,muộn còn hơn không,7
美,欧美,ōu měi,Âu Mỹ (Châu Âu và Châu Mỹ),1
美,美术馆,měi shù guǎn,"Bảo tàng mỹ thuật, phòng trưng bày nghệ thuật",1
美,美丽,měi lì,đẹp,2
美,美术,měi shù,nghệ thuật,2
美,优美,yōu měi,duyên dáng,3
美,健美,jiàn měi,khỏe đẹp,3
美,完美,wán měi,hoàn hảo,3
美,美元,měi yuán,Đô la Mỹ,3
美,美好,měi hǎo,tốt đẹp,3
美,美食,měi shí,ẩm thực ngon,3
美,赞美,zàn měi,ca ngợi,3
美,美味,měi wèi,món ngon,4
美,美女,měi nǚ,người đẹp,4
美,美金,měi jīn,đô la Mỹ,4
美,美人鱼,měi rén yú,"người cá, nàng tiên cá",4
美人,美人鱼,měi rén yú,"người cá, nàng tiên cá",4
美术,美术馆,měi shù guǎn,"Bảo tàng mỹ thuật, phòng trưng bày nghệ thuật",1
羔,羊羔,yáng gāo,Cừu con,7
羞,害羞,hài xiū,xấu hổ,4
羞,羞愧,xiū kuì,xấu hổ,7
羞,恼羞成怒,nǎo xiū chéng nù,giận tím người,7
羡,羡慕,xiàn mù,ngưỡng mộ,2
群,人群,rén qún,đám đông,3
群,群众,qún zhòng,quần chúng,6
群,成群结队,chéng qún jié duì,tụ tập,7
群,鹤立鸡群,hè lì jī qún,nổi bật giữa đám đông,7
群,群体,qún tǐ,"cộng đồng, tập thể",8
羹,残羹剩炙,cán gēng shèng zhì,"Cơm thừa canh cặn, đồ ăn thừa",7
羽,羽毛球,yǔ máo qiú,cầu lông,3
羽,羽绒服,yǔ róng fú,áo lông vũ,6
羽,羽毛,yǔ máo,lông vũ,8
羽毛,羽毛球,yǔ máo qiú,cầu lông,3
翁,富翁,fù wēng,người giàu,7
翅,翅膀,chì bǎng,cánh,5
翔,飞翔,fēi xiáng,bay lên,6
翠,翠绿,cuì lǜ,xanh ngọc lục bảo,7
翻,翻译,fān yì,dịch giả; dịch,1
翻,推翻,tuī fān,lật đổ,6
翻,翻天覆地,fān tiān fù dì,long trời lở đất,6
翻,翻滚,fān gǔn,"cuộn, lăn lộn, trào dâng",7
翻,翻番,fān fān,tăng theo số lần quy định,7
翻,翻来覆去,fān lái fù qù,lặp đi lặp lại,7
翼,小心翼翼,xiǎo xīn yì yì,cẩn thận tỉ mỉ,6
翼,不翼而飞,bù yì ér fēi,mất tích không dấu vết,7
耀,炫耀,xuàn yào,"khoe khoang, phô trương",6
耀,照耀,zhào yào,chiếu sáng,6
耀,夸耀,kuā yào,khoe khoang,7
耀,耀眼,yào yǎn,chói mắt,7
老,老人,lǎo rén,người già,1
老,老师,lǎo shī,giáo viên,1
老,古老,gǔ lǎo,cổ xưa,2
老,老婆,lǎo po,vợ,2
老,老家,lǎo jiā,quê hương,2
老,老年,lǎo nián,tuổi già,2
老,老是,lǎo shì,luôn luôn,2
老,敬老院,jìng lǎo yuàn,viện dưỡng lão,2
老,老朋友,lǎo péng you,bạn cũ,2
老,老板,lǎo bǎn,ông chủ,3
老,老虎,lǎohǔ,con hổ,3
老,老太太,lǎo tài tai,bà cụ,3
老,老头儿,lǎo tóur,ông già,3
老,老百姓,lǎo bǎi xìng,người dân,3
老,老公,lǎo gōng,chồng,4
老人,老人家,lǎo ren jia,người già,7
老实,老实说,lǎo shí shuō,thành thật mà nói,7
老实,说老实话,shuō lǎo shí huà,nói thật,7
考,考上,kǎo shàng,"Thi đỗ, đậu (kỳ thi)",1
考,考虑,kǎo lǜ,xem xét,1
考,考试,kǎo shì,thi,1
考,考生,kǎo shēng,thí sinh,2
考,考验,kǎo yàn,thử nghiệm,3
考,参考,cān kǎo,tham khảo,4
考,思考,sī kǎo,"nghĩ sâu sắc, cân nhắc",4
考,考察,kǎo chá,quan sát và nghiên cứu,4
考,报考,bào kǎo,đăng ký thi,6
考,考古,kǎo gǔ,khảo cổ học,6
考,考场,kǎo chǎng,phòng thi,6
考,考核,kǎo hé,kiểm tra,6
考,考题,kǎo tí,câu hỏi thi,6
考,补考,bǔ kǎo,thi lại,6
考,高考,gāo kǎo,kỳ thi tuyển sinh đại học,6
者,或者,huò zhě,hoặc,2
者,作者,zuò zhě,tác giả,3
者,记者,jì zhě,phóng viên,3
者,读者,dú zhě,độc giả,3
者,志愿者,zhì yuàn zhě,tình nguyện viên,3
者,学者,xué zhě,học giả,4
者,患者,huàn zhě,bệnh nhân,6
者,使者,shǐ zhě,đặc phái viên,7
者,前者,qián zhě,người trước,7
者,后者,hòu zhě,người kế nhiệm,7
者,旁观者,páng guān zhě,"Người ngoài cuộc, người đứng xem, người bàng quan.",8
而,而且,ér qiě,ngoài ra,2
而,不约而同,bù yuē ér tóng,đồng tình mà không cần thảo luận trước,3
而,久而久之,jiǔ ér jiǔ zhī,"lâu dần, dần dà",3
而,显而易见,xiǎn ér yì jiàn,rõ ràng,3
而,简而言之,jiǎn ér yán zhī,"nói tóm lại, nói một cách đơn giản",3
而,反而,fǎn'ér,ngược lại,4
而,然而,rán'ér,nhưng,4
而,而是,ér shì,nhưng,4
而,从而,cóng'ér,do đó,5
而,因而,yīn'ér,do đó,5
而,时而,shí ér,đôi khi,6
而,而已,ér yǐ,mà thôi,6
而,进而,jìn'ér,sau đó,6
而,不言而喻,bù yán ér yù,"Không nói cũng hiểu, hiển nhiên",6
而,侃侃而谈,kǎn kǎn ér tán,"Nói chuyện trôi chảy, hùng hồn",6
耍,耍弄,shuǎ nòng,"đùa cợt, trêu chọc; lừa bịp, thao túng",4
耍,玩耍,wán shuǎ,chơi,7
耍,耍赖,shuǎ lài,giở trò vô lý,7
耐,耐心,nài xīn,kiên nhẫn; sự kiên nhẫn,2
耐,不耐烦,bù nàifán,không kiên nhẫn,5
耐,忍耐,rěn nài,kiềm chế bản thân,6
耐,耐用,nài yòng,bền,6
耐,耐性,nài xìng,kiên nhẫn,7
耐,耐烦,nài fán,"Kiên nhẫn, nhẫn nại",7
耐,能耐,néng nài,năng lực,7
耐,渴不可耐,kě bù kě nài,"khát khô cổ, khát không chịu nổi",7
耐,耐人寻味,nài rén xún wèi,gợi suy nghĩ,7
耐,俗不可耐,sú bù kě nài,"Tục tĩu không chịu nổi, thô tục đến không thể chịu đựng được",8
耐烦,不耐烦,bù nàifán,không kiên nhẫn,5
耕,耕地,gēng dì,đất trồng trọt,7
耕,自耕自织,zì gēng zì zhī,tự cày tự dệt (tự cung tự cấp),7
耕,有机耕种,yǒu jī gēng zhòng,"canh tác hữu cơ, trồng trọt hữu cơ",8
耗,损耗,sǔn hào,"Hao hụt, tổn hao",3
耗,消耗,xiāo hào,tiêu dùng,6
耗,耗费,hào fèi,tiêu thụ,6
耗,耗时,hào shí,tốn thời gian,7
耗,能耗,néng hào,tiêu thụ năng lượng,7
耳,耳朵,ěr duo,tai,1
耳,耳机,ěr jī,tai nghe,3
耳,耳环,ěr huán,bông tai,5
耳,刺耳,cì'ěr,chói tai,7
耳,悦耳,yuè'ěr,dễ nghe,7
耳,耳光,ěr guāng,cái tát,7
耳,交头接耳,jiāo tóu jiē ěr,thì thầm với nhau,7
耳,耳熟能详,ěr shú néng xiáng,nghe quen thuộc,7
耳,耳目一新,ěr mù yī xīn,mới mẻ hoàn toàn,7
耳,耳闻目睹,ěr wén mù dǔ,mắt thấy tai nghe,7
耳,面红耳赤,miàn hóng ěr chì,mặt đỏ tai hồng; đỏ mặt tía tai,7
耸,耸立,sǒng lì,vươn thẳng lên,7
耻,可耻,kě chǐ,đáng xấu hổ,6
耻,无耻,wú chǐ,không biết xấu hổ,6
耻,耻笑,chǐ xiào,chế giễu,7
耻,耻辱,chǐ rǔ,sự sỉ nhục,7
耻,不耻下问,bù chǐ xià wèn,không ngại hỏi người dưới,7
耽,耽搁,dān gē,"trì hoãn, kéo dài",7
耽,耽误,dān wu,trì hoãn,7
耿,耿直,gěng zhí,thẳng thắn và trung thực,7
聊,无聊,wú liáo,nhàm chán,1
聊,聊天儿,liáo tiānr,"Trò chuyện, tán gẫu",1
聊,聊天,liáo tiān,tán gẫu,4
聊天,聊天儿,liáo tiānr,"Trò chuyện, tán gẫu",1
聋,聋人,lóng rén,người điếc,7
职,职业,zhí yè,nghề nghiệp,3
职,职工,zhí gōng,nhân viên và công nhân,3
职,兼职,jiān zhí,công việc bán thời gian,5
职,职位,zhí wèi,"vị trí, công việc",5
职,辞职,cí zhí,từ chức,5
职,就职,jiù zhí,nhậm chức,6
职,求职,qiú zhí,tìm việc,6
职,职能,zhí néng,chức năng,6
职,职责,zhí zé,nhiệm vụ,6
职,专职,zhuān zhí,nhiệm vụ cụ thể,7
职,任职,rèn zhí,giữ chức vụ,7
职,免职,miǎn zhí,bãi nhiệm,7
职,公职,gōng zhí,chức vụ nhà nước,7
职,在职,zài zhí,đang làm việc,7
职,离职,lí zhí,rời khỏi chức vụ,7
职业,职业病,zhí yè bìng,bệnh nghề nghiệp,7
联,联欢,lián huān,tổ chức cuộc gặp thân mật,1
联,联欢会,lián huān huì,"Buổi liên hoan, tiệc mừng",1
联,联系,lián xì,liên lạc,2
联,互联网,hù lián wǎng,Internet,3
联,联合国,Lián hé guó,Liên Hợp Quốc,3
联,联合,lián hé,liên minh,5
联,联络,lián luò,liên lạc,5
联,关联,guān lián,kết nối,6
联,联手,lián shǒu,hợp tác,6
联,联盟,lián méng,liên minh,6
联,联赛,lián sài,trận đấu giải,6
联,对联,duì lián,đối liên,7
联,联网,lián wǎng,kết nối mạng,7
联,联邦,lián bāng,liên bang,7
联合,联合国,Lián hé guó,Liên Hợp Quốc,3
联欢,联欢会,lián huān huì,"Buổi liên hoan, tiệc mừng",1
联网,互联网,hù lián wǎng,Internet,3
聘,应聘,yìng pìn,chấp nhận lời mời làm việc,4
聘,招聘,zhāo pìn,tuyển dụng,4
聘,聘请,pìn qǐng,thuê,6
聘,聘任,pìn rèn,bổ nhiệm,7
聘,聘用,pìn yòng,tuyển dụng,7
聚,聚会,jù huì,tụ họp; bữa tiệc,1
聚,聚餐,jù cān,"Ăn liên hoan, tụ tập ăn uống, bữa ăn tập thể.",2
聚,凝聚,níngjù,ngưng tụ,6
聚,聚精会神,jù jīng huì shén,tập trung cao độ,6
聚,团聚,tuán jù,đoàn tụ,7
聚,欢聚,huān jù,cuộc gặp gỡ vui vẻ,7
聚,汇聚,huì jù,tụ họp,7
聚,聚集,jù jí,tập hợp,7
聪,聪明,cōng ming,thông minh,3
肃,严肃,yán sù,nghiêm túc,2
肆,大肆,dà sì,vô tư,6
肆,放肆,fàng sì,không kiểm soát,7
肇,肇事,zhào shì,gây tai nạn,7
肉,羊肉,yáng ròu,thịt cừu,2
肉,肌肉,jī ròu,cơ bắp,3
肉,烤肉,kǎo ròu,thịt nướng,5
肉,古老肉,gǔ lǎo ròu,sườn xào chua ngọt (món thịt lợn),5
肉,肉体,ròu tǐ,"thân thể, thể xác",8
肌,肌肉,jī ròu,cơ bắp,3
肌,肌肤,jī fū,da,7
肖,肖像,xiào xiàng,chân dung,6
肘,胳膊肘,gē bo zhǒu,khuỷu tay,8
肚,肚子,dù zi,bụng,2
肝,肝脏,gān zàng,gan,7
肠,肠道,cháng dào,Đường ruột,3
肠,结肠,jié cháng,Kết tràng (một phần của ruột già),4
肠,香肠,xiāng cháng,"xúc xích, lạp xưởng",5
肠,心肠,xīn cháng,tâm hồn,7
股,股票,gǔ piào,cổ phiếu,5
股,炒股,chǎo gǔ,đầu cơ cổ phiếu,6
股,股东,gǔ dōng,cổ đông,6
股,股份,gǔ fèn,cổ phần,6
股,股市,gǔ shì,thị trường chứng khoán,7
股,股民,gǔ mín,nhà đầu tư cá nhân,7
肢,四肢,sì zhī,tứ chi,2
肢,肢体,zhī tǐ,chi,4
肤,皮肤,pí fū,da,4
肤,肌肤,jī fū,da,7
肥,减肥,jiǎn féi,giảm cân,4
肥,施肥,shī féi,Bón phân,5
肥,肥皂,féi zào,xà phòng,5
肥,化肥,huà féi,phân hóa học,6
肥,肥沃,féi wò,màu mỡ,6
肥,肥料,féi liào,phân bón,7
肥,肥胖,féi pàng,béo phì,7
肥,肥皂粉,féi zào fěn,"bột xà phòng, bột giặt",7
肥皂,肥皂粉,féi zào fěn,"bột xà phòng, bột giặt",7
肩,肩膀,jiān bǎng,vai,5
肩,肩负,jiān fù,gánh vác,7
肪,脂肪,zhī fáng,chất béo,3
肯,肯定,kěn dìng,"tích cực, chấp thuận, chắc chắn",4
肯,不肯,bù kěn,từ chối,7
育,体育,tǐ yù,thể thao,2
育,教育,jiào yù,giáo dục,2
育,体育场,tǐ yù chǎng,sân vận động,2
育,体育馆,tǐ yù guǎn,"sân vận động, nhà thi đấu",2
育,体育迷,tǐ yù mí,"người hâm mộ thể thao, fan thể thao",3
育,培育,péi yù,"nuôi dưỡng, trồng trọt",4
育,孕育,yùn yù,thai nghén,4
育,发育,fā yù,phát triển,6
育,生育,shēng yù,sinh con,6
育,教育部,jiào yù bù,Bộ Giáo dục,6
育,哺育,bǔ yù,nuôi dưỡng,7
肴,菜肴,cài yáo,"Món ăn, thức ăn",3
肴,佳肴,jiā yáo,cao lương mỹ vị,4
肿,肿瘤,zhǒng liú,khối u; bướu,6
胀,通货膨胀,tōng huò péng zhàng,lạm phát tiền tệ,6
胀,膨胀,péng zhàng,"phình ra, mở rộng",7
胁,威胁,wēi xié,đe dọa,3
胃,胃口,wèi kǒu,sự thèm ăn,5
胆,大胆,dà dǎn,dũng cảm,5
胆,胆小,dǎn xiǎo,"nhát gan, nhút nhát",5
胆,胆小鬼,dǎn xiǎo guǐ,kẻ nhát gan,5
胆,胆怯,dǎn qiè,nhút nhát,6
胆,壮胆,zhuàng dǎn,can đảm,7
胆,胆子,dǎn zi,can đảm,7
胆,提心吊胆,tí xīn diào dǎn,"lo lắng, hồi hộp",7
胆小,胆小鬼,dǎn xiǎo guǐ,kẻ nhát gan,5
背,背后,bèi hòu,ở phía sau,3
背,背景,bèi jǐng,nền,3
背,背影,bèi yǐng,Bóng lưng,4
背,后背,hòu bèi,lưng,5
背,死记硬背,sǐ jì yìng bèi,"học vẹt, học thuộc lòng một cách máy móc",5
背,背心,bèi xīn,áo vest,6
背,背着,bèi zhe,bí mật,6
背,背叛,bèi pàn,phản bội,7
背,背诵,bèi sòng,thuộc lòng,7
背,背面,bèi miàn,"mặt sau, mặt trái",7
背,违背,wéi bèi,trái ngược với,7
胎,轮胎,lún tāi,lốp xe,1
胎,双胞胎,shuāng bāo tāi,sinh đôi,2
胎,胚胎,pēi tāi,phôi thai,7
胖,胖子,pàng zi,người béo,4
胖,肥胖,féi pàng,béo phì,7
胖,心宽体胖,xīn kuān tǐ pán,"Lòng rộng dạ, thoải mái nên thân hình mập mạp, béo tốt (ám chỉ người sống vô tư, ít lo nghĩ nên mập mạp)",8
胚,胚胎,pēi tāi,phôi thai,7
胜,胜利,shèng lì,chiến thắng,2
胜,名胜古迹,míng shèng gǔ jì,danh lam thắng cảnh và di tích lịch sử,2
胜,战胜,zhàn shèng,chinh phục,4
胜,名胜,míng shèng,địa danh,6
胜,胜负,shèng fù,thắng thua,6
胜,优胜劣汰,yōu shēng liè tài,sự sống sót của kẻ mạnh nhất,6
胜,不胜,bù shèng,"không chịu nổi, không thể chịu đựng được; vô cùng, rất",7
胜,取胜,qǔ shèng,đạt chiến thắng,7
胜,胜任,shèng rèn,có năng lực,7
胜,胜出,shèng chū,chiến thắng,7
胜,获胜,huò shèng,giành chiến thắng,7
胜,引人入胜,yǐn rén rù shèng,hấp dẫn,7
胞,双胞胎,shuāng bāo tāi,sinh đôi,2
胞,同胞,tóng bāo,đồng bào,4
胞,细胞,xì bāo,tế bào,6
胡,胡同,hú tòng,ngõ,5
胡,胡说,hú shuō,nói vô nghĩa,5
胡,胡乱,hú luàn,bừa bãi,6
胡,胡须,hú xū,râu ria,6
胡,胡闹,hú nào,nghịch ngợm,7
胡,胡思乱想,hú sī luàn xiǎng,mơ mộng,7
胧,朦胧,méng lóng,mờ mịt,5
胳,胳膊,gē bo,cẳng tay,4
胳,胳膊肘,gē bo zhǒu,khuỷu tay,8
胳膊,胳膊肘,gē bo zhǒu,khuỷu tay,8
胶,胶水,jiāo shuǐ,keo,5
胶,橡胶,xiàng jiāo,cao su,7
胶,胶囊,jiāo náng,viên nang,7
胶,胶片,jiāo piàn,phim chụp ảnh,7
胸,胸部,xiōng bù,ngực,4
胸,胸膛,xiōng táng,ngực,6
胸,心胸,xīn xiōng,tâm hồn rộng mở,7
胸,胸有成竹,xiōng yǒu chéng zhú,lên kế hoạch trước,7
胸,胸怀,xiōng huái,tâm hồn,8
能,可能,kě néng,có thể,1
能,只能,zhǐ néng,chỉ có thể,2
能,能力,néng lì,khả năng,2
能,能够,néng gòu,có thể,2
能,全能,quán néng,toàn năng,3
能,功能,gōng néng,chức năng,3
能,才能,cái néng,"khả năng, tài năng",3
能,本能,běn néng,bản năng,3
能,能不能,néng bu néng,có thể hay không,3
能,智能,zhì néng,trí tuệ,4
能,能干,néng gàn,có khả năng,4
能,能源,néng yuán,nguồn năng lượng,5
能,性能,xìng néng,chức năng,6
能,技能,jì néng,khả năng kỹ thuật,6
能,职能,zhí néng,chức năng,6
能量,正能量,zhèng néng liàng,năng lượng tích cực,7
脂,脂肪,zhī fáng,chất béo,3
脆,干脆,gān cuì,"đơn giản, trực tiếp",3
脆,清脆,qīng cuì,trong trẻo và du dương,7
脆,脆弱,cuì ruò,mong manh,7
脉,命脉,mìng mài,"huyết mạch, mạch sống, yếu tố cốt lõi",3
脉,动脉硬化,dòng mài yìng huà,"xơ vữa động mạch, xơ cứng động mạch",3
脉,脉搏,mài bó,mạch đập,6
脉,动脉,dòng mài,động mạch,7
脉,脉络,mài luò,mạch máu,7
脉,血脉,xuè mài,quan hệ huyết thống,7
脉,来龙去脉,lái lóng qù mài,trình tự sự việc,7
脊,脊梁,jǐ liáng,xương sống,7
脊,书脊,shū jǐ,gáy sách,8
脏,心脏病,xīn zàng bìng,bệnh tim,3
脏,心脏,xīn zàng,trái tim,5
脏,肝脏,gān zàng,gan,7
脑,电脑,diàn nǎo,máy tính,1
脑,头脑,tóu nǎo,bộ não,3
脑,脑袋,nǎo dai,đầu,4
脑,大脑,dà nǎo,não,5
脑,脑子,nǎo zi,bộ não,5
脑,首脑,shǒu nǎo,lãnh đạo,6
脑,脑海,nǎo hǎi,tâm trí,7
脑,脑筋,nǎo jīn,"não, trí óc",7
脑,伤脑筋,shāng nǎo jīn,đau đầu; rắc rối,7
脑,脑瓜子,nǎo guā zi,"đầu óc, cái đầu (thông tục)",7
脑筋,伤脑筋,shāng nǎo jīn,đau đầu; rắc rối,7
脖,脖子,bó zi,cổ,5
脚,脚夫,jiǎo fū,"phu khuân vác, phu khuân gánh",4
脚,脚步,jiǎo bù,bước chân,5
脚,脚印,jiǎo yìn,dấu chân,6
脚,手脚,shǒu jiǎo,thủ đoạn,7
脚,指手画脚,zhǐ shǒu huà jiǎo,phê bình,7
脱,摆脱,bǎi tuō,thoát khỏi,4
脱,脱离,tuō lí,tách khỏi,5
脱,开脱,kāi tuō,"Biện hộ, bào chữa (cho lỗi lầm, tội trạng)",7
脱,脱节,tuō jié,mất liên lạc,7
脱,脱落,tuō luò,rơi ra,7
脱,脱身,tuō shēn,thoát khỏi,7
脱,解脱,jiě tuō,thoát khỏi,7
脱,脱口而出,tuō kǒu ér chū,thốt ra,7
脱,脱颖而出,tuō yǐng ér chū,bộc lộ tài năng,7
脸,脸色,liǎn sè,sắc mặt,1
脸,脸蛋,liǎn dàn,"má, gò má, khuôn mặt (thường chỉ mặt trẻ con, đáng yêu)",5
脸,笑脸,xiào liǎn,mặt cười,6
脸,丢脸,diū liǎn,mất mặt,7
脸,脸颊,liǎn jiá,má,7
脸,愁眉苦脸,chóu méi kǔ liǎn,mặt mày ủ rũ,7
脾,发脾气,fā pí qì,nổi giận,2
脾,脾气,pí qi,tính khí,4
脾气,发脾气,fā pí qì,nổi giận,2
腆,腼腆,miǎn tiǎn,"thẹn thùng, e lệ, rụt rè",7
腊,希腊,Xī là,Hy Lạp,3
腊,腊月,là yuè,tháng mười hai âm lịch,7
腐,豆腐,dòu fu,đậu phụ,4
腐,腐烂,fǔ làn,thối rữa,6
腐,腐蚀,fǔ shí,ăn mòn,6
腐,腐败,fǔ bài,thối; thối nát,6
腐,腐化,fǔ huà,thối rữa,7
腐,腐朽,fǔ xiǔ,thối rữa,7
腔,口腔,kǒu qiāng,khoang miệng,6
腕,大腕,dà wàn,ngôi sao,7
腕,手腕,shǒu wàn,cổ tay,7
腮,腮帮子,sāi bāng zi,"má, gò má",4
腰,腰围,yāo wéi,Vòng eo,8
腹,腹泻,fù xiè,tiêu chảy,7
腹,腹部,fù bù,bụng,7
腹,满腹怅然,mǎn fù chàng rán,"Đầy bụng buồn bã, lòng đầy nỗi buồn man mác.",8
腺,汗腺,hàn xiàn,tuyến mồ hôi,5
腻,细腻,xì nì,mịn màng,3
腼,腼腆,miǎn tiǎn,"thẹn thùng, e lệ, rụt rè",7
腾,蒸腾,zhēng téng,"Bốc hơi, bốc lên",5
腾,折腾,zhē teng,quay từ bên này sang bên kia,6
腾,沸腾,fèi téng,sôi,6
腾,奔腾,bēn téng,"Phi nước đại, lao đi như bay (ngựa); cuồn cuộn chảy (sông); ào ạt (khí thế)",7
腾,热腾腾,rè tēng tēng,nóng hổi,7
腿,火腿,huǒ tuǐ,giăm bông,5
膀,翅膀,chì bǎng,cánh,5
膀,肩膀,jiān bǎng,vai,5
膊,胳膊,gē bo,cẳng tay,4
膊,胳膊肘,gē bo zhǒu,khuỷu tay,8
膏,牙膏,yá gāo,kem đánh răng,4
膏,唇膏,chún gāo,"Son môi, son dưỡng môi",8
膛,胸膛,xiōng táng,ngực,6
膝,膝盖,xī gài,đầu gối,7
膨,通货膨胀,tōng huò péng zhàng,lạm phát tiền tệ,6
膨,膨胀,péng zhàng,"phình ra, mở rộng",7
膨胀,通货膨胀,tōng huò péng zhàng,lạm phát tiền tệ,6
膳,膳食,shàn shí,bữa ăn,7
臂,手臂,shǒu bì,cánh tay,7
臣,大臣,dà chén,đại thần,6
臣,功臣,gōng chén,người có công,7
臣,佞臣,nìng chén,"Nịnh thần, gian thần",8
自,自己,zì jǐ,"bản thân, riêng",1
自,自行车,zì xíng chē,xe đạp,1
自,来自,lái zì,đến từ,2
自,大自然,dà zì rán,thiên nhiên,2
自,亲自,qīn zì,đích thân,3
自,各自,gè zì,mỗi người,3
自,自主,zì zhǔ,tự hành; độc lập,3
自,自从,zì cóng,từ,3
自,自动,zì dòng,tự động,3
自,自然,zì rán,tự nhiên,3
自,自豪,zì háo,tự hào,3
自,自身,zì shēn,bản thân,3
自,自讨苦吃,zì tǎo kǔ chī,"tự chuốc lấy phiền phức, tự tìm khổ",3
自,独自,dú zì,một mình,4
自,自信,zì xìn,tự tin,4
自主,不由自主,bù yóu zì zhǔ,không tự chủ được,7
自主,独立自主,dú lì zì zhǔ,độc lập tự chủ,7
自信,自信心,zì xìn xīn,tự tin,7
自助,自助餐厅,zìzhù cāntīng,"Nhà hàng buffet, nhà hàng tự chọn",4
自在,自由自在,zì yóu zì zài,tự do thoải mái,4
自尊,自尊心,zì zūn xīn,lòng tự trọng,7
自然,大自然,dà zì rán,thiên nhiên,2
自然,自然界,zì rán jiè,thế giới tự nhiên,7
自然,自然而然,zì rán ér rán,tự nhiên,7
自然,顺其自然,shùn qí zì rán,thuận theo tự nhiên,7
自由,自由自在,zì yóu zì zài,tự do thoải mái,4
自私,自私自利,zì sī zì lì,ích kỷ,7
自行,自行车,zì xíng chē,xe đạp,1
至,至今,zhì jīn,cho đến nay,3
至,至少,zhì shǎo,ít nhất,3
至,甚至,shèn zhì,thậm chí,4
至,至于,zhì yú,còn về,4
至,精诚所至金石为开,"jīng chéng suǒ zhì, jīn shí wéi kāi","có chí thì nên, có lòng thành sắt đá cũng mòn",5
至,以至,yǐ zhì,đến mức,6
至,截至,jié zhì,đến,6
至,不至于,bù zhì yú,không đến mức,6
至,无微不至,wú wēi bù zhì,tỉ mỉ từng chi tiết,6
至,乃至,nǎi zhì,và thậm chí,7
至,直至,zhí zhì,cho đến khi,7
至,至此,zhì cǐ,tại thời điểm này,7
至,以至于,yǐ zhì yú,đến mức mà,7
至,甚至于,shèn zhì yú,thậm chí,7
至,自始至终,zì shǐ zhì zhōng,từ đầu đến cuối,7
至于,不至于,bù zhì yú,không đến mức,6
至于,以至于,yǐ zhì yú,đến mức mà,7
至于,甚至于,shèn zhì yú,thậm chí,7
致,导致,dǎo zhì,dẫn đến,4
致,极致,jí zhì,"Cực điểm, tột đỉnh, tối đa",4
致,细致,xì zhì,tỉ mỉ,4
致,一致,yī zhì,nhất trí,5
致,淋漓尽致,lín lí jìn zhì,"triệt để, thấu đáo, đến cùng (thể hiện rõ nét, sinh động)",5
致,此致,cǐ zhì,với lời chào,6
致,精致,jīng zhì,tinh tế,6
致,致力,zhì lì,"dốc sức, tận lực",6
致,致辞,zhì cí,phát biểu,6
致,兴致勃勃,xìng zhì bó bó,hăng hái,6
致,以致,yǐzhì,kết quả là,7
致,兴致,xìng zhì,sở thích,7
致,别致,bié zhì,độc đáo,7
致,标致,Biāo zhì,Peugeot,7
致,致使,zhì shǐ,gây ra,7
致力,致力于,zhì lì yú,cống hiến cho,7
舅,舅舅,jiù jiu,cậu,5
舆,舆论,yú lùn,dư luận,6
舌,舌头,shé tou,lưỡi,6
舌,七嘴八舌,qī zuǐ bā shé,nói như bắn liên thanh,7
舍,宿舍,sù shè,ký túc xá,1
舍,寒舍,hán shè,"Nhà tôi, nhà rách (cách nói khiêm tốn)",3
舍,舍不得,shě bu de,không muốn,5
舍,依依不舍,yī yī bù shě,không nỡ rời,7
舍,恋恋不舍,liàn liàn bù shě,không nỡ rời,7
舒,舒服,shū fu,"thoải mái, khỏe mạnh",1
舒,舒适,shū shì,thoải mái,4
舒,舒畅,shū chàng,"hạnh phúc, bình yên",6
舒,舒展,shū zhǎn,"Duỗi ra, mở rộng, thư thái, thoải mái",8
舛,坎坷多舛,kǎn kě duō chuǎn,"Gập ghềnh, trắc trở, nhiều gian truân",7
舞,跳舞,tiào wǔ,nhảy múa,1
舞,挥舞,huī wǔ,"vung vẩy, phất, múa",3
舞,舞台,wǔ tái,sân khấu,3
舞,舞蹈,wǔ dǎo,nhảy múa; điệu nhảy,3
舞,鼓舞,gǔ wǔ,khuyến khích,5
舞,歌舞,gē wǔ,múa hát,7
舞,舞厅,wǔ tīng,phòng khiêu vũ,7
舟,龙舟,lóng zhōu,thuyền rồng,7
舟,刻舟求剑,kè zhōu qiú jiàn,hành động vô ích do hoàn cảnh đã thay đổi,7
舟,同舟共济,tóng zhōu gòng jì,cùng chung sức,7
航,航班,háng bān,chuyến bay,2
航,航空,háng kōng,hàng không,4
航,航行,háng xíng,đi thuyền,5
航,返航,fǎn háng,"quay về (bằng tàu, máy bay)",5
航,导航,dǎo háng,điều hướng,6
航,航天,háng tiān,du hành vũ trụ,6
航,宇航员,yǔ háng yuán,phi hành gia,6
航,航海,háng hǎi,đi biển,7
航,航运,háng yùn,vận tải,7
航,航天员,háng tiān yuán,phi hành gia,7
航天,航天员,háng tiān yuán,phi hành gia,7
般,一般,yī bān,thông thường,1
般,一般来说,yī bān lái shuō,nói chung,4
舰,军舰,jūn jiàn,tàu chiến,6
舱,机舱,jī cāng,"khoang máy bay, ca-bin",7
舵,舵手,duò shǒu,người lái tàu,7
舶,船舶,chuán bó,tàu thuyền,7
船,划船,huá chuán,chèo thuyền,3
船,轮船,lún chuán,tàu hơi nước,4
船,帆船,fān chuán,thuyền buồm,5
船,船只,chuán zhī,tàu thuyền,6
船,船员,chuán yuán,thủy thủ đoàn,6
船,船长,chuán zhǎng,thuyền trưởng,6
船,飞船,fēi chuán,tàu bay,6
船,渔船,yú chuán,thuyền đánh cá,7
船,游船,yóu chuán,du thuyền,7
船,船桨,chuán jiǎng,mái chèo,7
船,船舶,chuán bó,tàu thuyền,7
船,水涨船高,shuǐ zhǎng chuán gāo,nước lên thuyền lên,7
艇,潜艇,qián tǐng,tàu ngầm,7
良,优良,yōu liáng,"tốt, đẹp",4
良,善良,shàn liáng,tốt bụng,4
良,良好,liáng hǎo,tốt,4
良,改良,gǎi liáng,cải thiện,6
良,良心,liáng xīn,lương tâm,6
良,良性,liáng xìng,lành tính,7
良,不良,bù liáng,xấu,8
艰,艰巨,jiān jù,khó khăn và nặng nề,5
艰,艰苦,jiān kǔ,khó khăn,5
艰,艰辛,jiān xīn,gian khổ,7
艰,艰险,jiān xiǎn,những khó khăn và nguy hiểm,7
色,脸色,liǎn sè,sắc mặt,1
色,颜色,yán sè,màu sắc,1
色,白色,bái sè,màu trắng,2
色,粉色,fěn sè,màu hồng,2
色,红色,hóng sè,màu đỏ,2
色,绿色,lǜ sè,màu xanh lá cây,2
色,蓝色,lán sè,màu xanh,2
色,褐色,hè sè,màu nâu,2
色,黄色,huáng sè,màu vàng,2
色,黑色,hēi sè,màu đen,2
色,彩色,cǎi sè,nhiều màu,3
色,景色,jǐng sè,phong cảnh,3
色,特色,tè sè,đặc sắc,3
色,色彩,sè cǎi,màu sắc,3
色,五光十色,wǔ guāng shí sè,"muôn màu muôn vẻ, sặc sỡ, rực rỡ",3
艳,鲜艳,xiān yàn,màu sắc tươi sáng,5
艳,艳丽,yàn lì,rực rỡ và đẹp,7
艺,艺术,yì shù,nghệ thuật,2
艺,文艺复兴,wén yì fù xīng,"Phục hưng văn hóa, thời kỳ Phục hưng",3
艺,才艺,cái yì,"tài năng, tài lẻ, tài nghệ",5
艺,手艺,shǒuyì,"kỹ năng, thủ công",6
艺,艺人,yì rén,nghệ sĩ,6
艺,工艺品,gōng yì pǐn,đồ thủ công,6
艺,学艺,xué yì,học nghệ,7
艺,技艺,jì yì,kỹ năng kỹ thuật,7
艺,演艺圈,yǎn yì quān,làng giải trí,7
艾,艾滋病,Ài zī bìng,bệnh AIDS,7
节,季节,jì jié,mùa,1
节,春节,Chūn jié,Tết Nguyên Đán,1
节,节目,jié mù,chương trình,1
节,圣诞节,Shèng dàn jié,Giáng sinh,1
节,节日,jié rì,lễ hội,2
节,音节,yīn jié,âm tiết,2
节,节奏,jié zòu,nhịp điệu,3
节,节约,jié yuē,tiết kiệm,3
节,过节,guò jié,ăn mừng lễ hội,3
节,细节,xì jié,chi tiết,4
节,节省,jié shěng,tiết kiệm,4
节,节衣缩食,jié yī suō shí,tiết kiệm ăn mặc,4
节,节食,jié shí,"ăn kiêng, nhịn ăn",5
节,调节,tiáo jié,điều chỉnh,5
节,中秋节,Zhōng qiū jié,Tết Trung Thu,5
芒,光芒,guāng máng,tia sáng,7
芝,芝士,zhī shì,phô mai,7
芝,芝麻,zhī ma,vừng,7
芦,芦花,lú huā,hoa lau,7
芬,芬芳,fēn fāng,thơm ngát,7
芭,芭蕾,bā lěi,ballet,7
芯,芯片,xīn piàn,chip,7
花,花园,huā yuán,vườn hoa,2
花,开花,kāi huā,nở hoa,3
花,花生,huā shēng,đậu phộng,3
花,玫瑰花,méiguīhuā,hoa hồng,3
花,茶花,chá huā,hoa trà,4
花,荷花,hé huā,sen,4
花,菊花,jú huā,cúc,4
花,鲜花,xiān huā,hoa tươi,4
花,昙花,tán huā,Hoa quỳnh,5
花,梅花,méi huā,hoa mai,6
花,棉花,mián huā,bông,6
花,烟花,yān huā,pháo hoa,6
花,花期,huā qī,"mùa hoa nở, thời kỳ ra hoa",6
花,花瓣,huā bàn,cánh hoa,6
花,花瓶,huā píng,lọ hoa,6
芳,芬芳,fēn fāng,thơm ngát,7
芽,萌芽,méng yá,nảy mầm,6
苍,苍蝇,cāng yíng,ruồi,2
苍,苍白,cāng bái,tái nhợt,6
苏,苏州,Sū zhōu,Tô Châu (thành phố),5
苏,复苏,fù sū,hồi phục,6
苏,苏醒,sū xǐng,tỉnh lại,6
苏,苏格兰,Sū gé lán,Scotland,7
苗,苗条,miáo tiáo,mảnh mai,5
苗,拔苗助长,bá miáo zhù zhǎng,bạt miêu trợ trường,6
苗,疫苗,yì miáo,vắc xin,7
苗,禾苗,hé miáo,mạ lúa,7
苗,苗头,miáo tóu,triệu chứng của xu hướng,7
苛,苛刻,kē kè,khắc nghiệt,7
若,假若,jiǎ ruò,"nếu như, giả sử",3
若,倘若,tǎng ruò,giả sử,6
若,若干,ruò gān,một số,6
若,若是,ruò shì,"nếu là, nếu như",7
苦,苦恼,kǔ nǎo,phiền muộn,2
苦,辛苦,xīn kǔ,vất vả,2
苦,痛苦,tòng kǔ,đau khổ,3
苦,自讨苦吃,zì tǎo kǔ chī,"tự chuốc lấy phiền phức, tự tìm khổ",3
苦,苦力,kǔ lì,lao động nặng nhọc,4
苦,刻苦,kè kǔ,chăm chỉ,5
苦,艰苦,jiān kǔ,khó khăn,5
苦,酸甜苦辣,suān tián kǔ là,"chua, ngọt, đắng và cay",5
苦,吃苦,chī kǔ,chịu khổ,6
苦,苦涩,kǔ sè,"đắng chát, cay đắng",6
苦,苦尽甘来,kǔ jìn gān lái,hết khổ đến sướng,6
苦,何苦,hé kǔ,tại sao phải bận tâm,7
苦,受苦,shòu kǔ,chịu khổ,7
苦,困苦,kùn kǔ,"khốn khổ, gian khổ",7
苦,挖苦,wā ku,"nói mỉa mai, châm biếm",7
英,英文,Yīng wén,tiếng Anh,1
英,英语,Yīng yǔ,tiếng Anh,2
英,英勇,yīng yǒng,anh dũng,4
英,英俊,yīng jùn,tài năng xuất chúng,5
英,英雄,yīng xióng,anh hùng,5
英,石英,shí yīng,thạch anh,7
英,精英,jīng yīng,nhân tài xuất sắc,7
英,英镑,yīng bàng,bảng Anh,7
苹,苹果,píng guǒ,táo,1
茂,茂密,mào mì,dày đặc,3
茂,茂盛,mào shèng,sum suê,6
范,模范,mó fàn,mẫu mực,3
范,范围,fàn wéi,phạm vi,3
范,范畴,fàn chóu,thể loại,3
范,规范,guī fàn,tiêu chuẩn,3
范,师范,shī fàn,trường sư phạm,6
范,示范,shì fàn,làm gương,6
范,防范,fáng fàn,phòng ngừa,6
范,典范,diǎn fàn,mẫu mực,7
范,风范,fēng fàn,phẩm chất,7
茄,茄子,qié zi,cà tím,5
茄,番茄,fān qié,cà chua,6
茅,茅台,máo tái,rượu Maotai,7
茅,茅草,máo cǎo,"Cỏ tranh, cỏ lau",8
茨,博茨瓦纳,Bó cí wǎ nà,Botswana,5
茫,茫然,máng rán,bỡ ngỡ,3
茫,白茫茫,bái máng máng,"Trắng xóa, trắng xóa một màu (miêu tả tuyết, sương mù, nước)",7
茶,奶茶,nǎi chá,trà sữa,2
茶,红茶,hóng chá,"trà đỏ (phân loại theo Trung Quốc), trà đen (phân loại theo châu Âu)",3
茶,绿茶,lǜ chá,trà xanh,3
茶,茶叶,chá yè,lá trà,4
茶,茶花,chá huā,hoa trà,4
茶,茶道,chá dào,nghi thức trà,7
茶,茶馆,chá guǎn,quán trà,7
荆,荆棘,jīng jí,bụi gai,7
草,草原,cǎo yuán,thảo nguyên,2
草,草地,cǎo dì,bãi cỏ,2
草,草案,cǎo'àn,dự thảo,6
草,草率,cǎo shuài,vội vã,6
草,起草,qǐ cǎo,làm bản nháp,6
草,潦草,liáo cǎo,cẩu thả,7
草,稻草,dào cǎo,rơm rạ,7
草,草坪,cǎo píng,bãi cỏ,7
草,奇花异草,qí huā yì cǎo,cây cỏ kỳ lạ,7
草,斩草除根,zhǎn cǎo chú gēn,nhổ cỏ tận gốc,7
草,茅草,máo cǎo,"Cỏ tranh, cỏ lau",8
荐,推荐,tuī jiàn,đề nghị,5
荒,荒岛,huāng dǎo,đảo hoang,3
荒,荒凉,huāng liáng,hoang vu,6
荒,荒唐,huāng táng,vô lý,6
荒,荒谬,huāng miù,vô lý,6
荒,荒诞,huāng dàn,"không thể tin được, phi lý",7
荔,荔枝,lì zhī,Vải (quả vải),3
荡,浩浩荡荡,hào hào dàng dàng,"Hùng vĩ, cuồn cuộn, mênh mông (chỉ quy mô lớn, khí thế mạnh mẽ)",4
荡,动荡,dòng dàng,không ổn định,6
荡,坦荡,tǎn dàng,"Thẳng thắn, quang minh, rộng rãi, bao la",7
荡,晃荡,huàng dang,lang thang,7
荡,荡漾,dàng yàng,gợn sóng,7
荡,空荡荡,kōng dàng dàng,trống rỗng,7
荡,倾家荡产,qīng jiā dàng chǎn,mất sạch tài sản gia đình,7
荣,荣誉,róng yù,vinh dự,3
荣,繁荣,fán róng,phồn vinh,5
荣,光荣,guāng róng,vinh quang,6
荣,虚荣,xū róng,hư vinh,6
荣,欣欣向荣,xīn xīn xiàng róng,phồn thịnh,6
荣,荣幸,róng xìng,vinh danh,7
荣,荣获,róng huò,được vinh dự,7
荤,七荤八素,qī hūn bā sù,"rối tinh rối mù, lộn xộn",8
荧,荧光,yíng guāng,huỳnh quang,7
荧,荧光屏,yíng guāng píng,"Màn hình huỳnh quang, màn hình (máy tính, TV)",7
荧光,荧光屏,yíng guāng píng,"Màn hình huỳnh quang, màn hình (máy tính, TV)",7
荫,荫凉,yìn liáng,"mát mẻ, bóng mát",5
荫,树荫,shù yīn,bóng cây,7
药,药店,yào diàn,hiệu thuốc,2
药,药水,yào shuǐ,thuốc nước,2
药,药片,yào piàn,viên thuốc,2
药,炸药,zhà yào,thuốc nổ,3
药,中药铺,zhōng yào pù,"Tiệm thuốc Bắc, hiệu thuốc Đông y",3
药,药物,yào wù,dược phẩm,4
药,中药,zhōng yào,thuốc Trung Quốc,5
药,医药,yī yào,thuốc,6
药,火药,huǒ yào,thuốc súng,6
药,药品,yào pǐn,thuốc,6
药,药方,yào fāng,đơn thuốc,7
药,药材,yào cái,nguyên liệu thuốc,7
药,安眠药,ān mián yào,thuốc ngủ,7
荷,荷花,hé huā,sen,4
莫,莫名其妙,mò míng qí miào,bối rối,3
莫,莫非,mò fēi,có thể là,7
莫,莫过于,mò guò yú,không có gì vượt qua,7
莫,一筹莫展,yī chóu mò zhǎn,không biết làm sao,7
莫,变幻莫测,biàn huàn mò cè,thay đổi khó lường,7
莫,莫大,mò dà,"Rất lớn, cực lớn, vô cùng to lớn",8
莲,莲子,lián zǐ,hạt sen,2
获,收获,shōu huò,"kết quả, lợi ích; thu hoạch",4
获,获奖,huò jiǎng,được thưởng,4
获,获得,huò dé,đạt được,4
获,查获,chá huò,truy tìm và thu giữ,6
获,俘获,fú huò,bắt giữ,7
获,荣获,róng huò,được vinh dự,7
获,获悉,huò xī,nhận được thông tin,7
获,获胜,huò shèng,giành chiến thắng,7
莹,晶莹,jīng yíng,long lanh và trong suốt,7
莽,鲁莽,lǔ mǎng,liều lĩnh,7
菇,蘑菇,mó gu,nấm,7
菊,菊花,jú huā,cúc,4
菌,细菌,xì jūn,vi khuẩn,6
菜,菜单,cài dān,thực đơn,2
菜,菜系,cài xì,"Trường phái ẩm thực, phong cách nấu ăn",2
菜,家常菜,jiā cháng cài,"món ăn gia đình, món ăn thường ngày",2
菜,白菜,bái cài,cải thảo,3
菜,菜肴,cài yáo,"Món ăn, thức ăn",3
菜,咸菜,xián cài,"Dưa muối, rau muối, cà muối",4
菜,素菜,sù cài,"món chay, rau",5
菜,蔬菜,shū cài,rau củ,5
菜,菜市场,cài shì chǎng,chợ thực phẩm,7
菠,菠萝,bō luó,"quả dứa, quả thơm",5
菩,菩萨,pú sà,Bồ Tát,3
萃,出类拔萃,chū lèi bá cuì,"Nổi bật xuất chúng, kiệt xuất, vượt trội hơn người.",8
萄,葡萄酒,pú tao jiǔ,rượu nho,1
萄,葡萄,pú tao,nho,4
萄,葡萄糖,pú táo táng,"Glucose, đường glucose",7
萌,萌芽,méng yá,nảy mầm,6
萌,萌发,méng fā,nảy mầm,7
萍,萍水相逢,píng shuǐ xiāng féng,gặp gỡ tình cờ,7
萎,萎缩,wěi suō,"héo mòn, khô héo",7
萝,菠萝,bō luó,"quả dứa, quả thơm",5
萝,萝卜,luó bo,củ cải,5
营,营养,yíng yǎng,dinh dưỡng,2
营,经营,jīng yíng,quản lý,3
营,营业,yíng yè,kinh doanh,4
营,夏令营,xià lìng yíng,trại hè,5
营,私营,sī yíng,tư nhân,7
营,营救,yíng jiù,cứu hộ,7
营,营造,yíng zào,xây dựng,7
营,运营,yùn yíng,điều hành,7
营,野营,yě yíng,cắm trại,7
营,阵营,zhèn yíng,phe,7
萧,萧条,xiāo tiáo,suy thoái,7
萨,菩萨,pú sà,Bồ Tát,3
萨,萨克斯管,sà kè sī guǎn,kèn saxophone,4
落,冷落,lěng luò,lạnh nhạt,3
落,没落,mò luò,suy tàn,3
落,落后,luò hòu,"tụt hậu; lạc hậu, kém phát triển",3
落,衰落,shuāi luò,"Suy thoái, suy tàn, sa sút",3
落,部落,bù luò,bộ lạc,4
落,降落,jiàng luò,hạ cánh,4
落,低落,dī luò,"suy sụp, xuống dốc, chán nản",5
落,堕落,duò luò,suy đồi,6
落,落实,luò shí,thực hiện,6
落,角落,jiǎo luò,góc,6
落,丢三落四,diū sān là sì,vô ý,6
落,下落,xià luò,nơi ở,7
落,回落,huí luò,giảm trở lại,7
落,坐落,zuò luò,nằm ở,7
落,失落,shī luò,cảm giác mất mát,7
著,著作,zhù zuò,"tác phẩm, bài viết",4
著,著名,zhù míng,nổi tiếng,4
著,显著,xiǎn zhù,đáng chú ý,6
著,专著,zhuān zhù,chuyên khảo,7
著,名著,míng zhù,kiệt tác,7
著,著称,zhù chēng,"nổi tiếng, có tiếng",8
葡,葡萄酒,pú tao jiǔ,rượu nho,1
葡,葡萄,pú tao,nho,4
葡,葡萄糖,pú táo táng,"Glucose, đường glucose",7
葡萄,葡萄酒,pú tao jiǔ,rượu nho,1
葡萄,葡萄糖,pú táo táng,"Glucose, đường glucose",7
董,董事长,dǒng shì zhǎng,chủ tịch hội đồng quản trị,6
董,古董,gǔ dǒng,đồ cổ,7
董,董事,dǒng shì,thành viên hội đồng quản trị,7
董,董事会,dǒng shì huì,hội đồng quản trị,7
董事,董事长,dǒng shì zhǎng,chủ tịch hội đồng quản trị,6
董事,董事会,dǒng shì huì,hội đồng quản trị,7
葬,葬礼,zàng lǐ,lễ tang,7
葬,陪葬,péi zàng,chôn cùng người chết,7
蒂,根深蒂固,gēn shēn dì gù,ăn sâu bám rễ,6
蒙,启蒙,qǐ méng,khai sáng,7
蒸,蒸腾,zhēng téng,"Bốc hơi, bốc lên",5
蒸,蒸汽机,zhēng qì jī,"động cơ hơi nước, máy hơi nước",8
蓄,积蓄,jī xù,tiết kiệm; tiền tiết kiệm,5
蓄,储蓄,chǔ xù,tiết kiệm; tiền tiết kiệm,7
蓄,含蓄,hán xù,hàm súc,7
蓝,蓝色,lán sè,màu xanh,2
蓝,蓝天,lán tiān,bầu trời xanh,6
蓝,蓝领,lán lǐng,cổ xanh,6
蓝,碧蓝,bì lán,"xanh biếc, xanh lam",7
蓝,蓝图,lán tú,bản thiết kế,7
蓝,蔚蓝,wèi lán,"xanh biếc, xanh thẫm (thường dùng cho biển, bầu trời)",7
蓦,蓦然,mò rán,"Bỗng nhiên, đột nhiên",8
蓬,朝气蓬勃,zhāo qì péng bó,năng động và tích cực,6
蓬,蓬勃,péng bó,phát triển mạnh mẽ,7
蓬勃,朝气蓬勃,zhāo qì péng bó,năng động và tích cực,6
蔑,污蔑,wū miè,vu khống,6
蔑,蔑视,miè shì,coi thường,6
蔑,轻蔑,qīng miè,khinh miệt,7
蔓,蔓延,màn yán,lan rộng,7
蔚,蔚蓝,wèi lán,"xanh biếc, xanh thẫm (thường dùng cho biển, bầu trời)",7
蔬,蔬菜,shū cài,rau củ,5
蔼,和蔼,hé'ǎi,hòa nhã,6
蔽,隐蔽,yǐn bì,ẩn giấu,7
蕉,香蕉,xiāng jiāo,chuối,2
蕴,蕴藏,yùn cáng,chứa đựng,6
蕴,底蕴,dǐ yùn,chi tiết,7
蕴,蕴涵,yùn hán,hàm chứa,7
蕾,花蕾,huā lěi,Nụ hoa,6
蕾,芭蕾,bā lěi,ballet,7
薄,单薄,dān bó,mỏng,3
薄,薄弱,bó ruò,yếu,6
薪,薪水,xīn shuǐ,lương,6
薪,年薪,nián xīn,lương hàng năm,7
薯,薯条,shǔ tiáo,khoai tây chiên,6
薯,薯片,shǔ piàn,khoai tây chiên lát,6
薯,红薯,hóng shǔ,khoai lang,7
藏,收藏,shōu cáng,"thu thập, đánh dấu",5
藏,躲藏,duǒ cáng,"trốn, ẩn nấp",5
藏,蕴藏,yùn cáng,chứa đựng,6
藏,西藏,Xī zàng,Tây Tạng,6
藏,隐藏,yǐn cáng,ẩn giấu,6
藏,埋藏,mái cáng,chôn,7
藏,宝藏,bǎo zàng,kho báu,7
藏,珍藏,zhēn cáng,trân quý,7
藏,矿藏,kuàng cáng,tài nguyên khoáng sản,7
藏,藏匿,cáng nì,che giấu,7
藏,藏品,cáng pǐn,hiện vật bảo tàng,7
藏,藏身,cáng shēn,đi trốn,7
藏,贮藏,zhù cáng,tích trữ,7
藏,捉迷藏,zhuō mí cáng,trò chơi trốn tìm,7
藐,藐视,miǎo shì,"khinh miệt, coi thường",6
藤,藤椅,téng yǐ,ghế mây,7
藻,海藻,hǎi zǎo,rong biển,7
蘑,蘑菇,mó gu,nấm,7
虎,老虎,lǎohǔ,con hổ,3
虎,马虎,mǎ hu,cẩu thả,4
虎,狼吞虎咽,láng tūn hǔ yàn,"Ăn ngấu nghiến, nuốt chửng",6
虎,豺狼虎豹,chái láng hǔ bào,"sói, hổ, báo (ác thú); kẻ tàn ác",6
虏,俘虏,fú lǔ,bị bắt làm tù binh,6
虐,虐待,nüè dài,ngược đãi,6
虑,考虑,kǎo lǜ,xem xét,1
虑,无忧无虑,wú yōu wú lǜ,vô lo vô nghĩ,6
虑,忧虑,yōu lǜ,lo lắng,7
虑,焦虑,jiāo lǜ,lo lắng,7
虑,疑虑,yí lǜ,nghi ngờ,7
虑,顾虑,gù lǜ,lo lắng,7
虔,虔诚,qián chéng,mộ đạo,7
虚,谦虚,qiān xū,khiêm tốn,1
虚,心虚,xīn xū,"chột dạ, nhát gan, không tự tin",4
虚,虚心,xū xīn,khiêm tốn,5
虚,空虚,kōng xū,trống rỗng,6
虚,虚拟,xū nǐ,ảo,6
虚,虚荣,xū róng,hư vinh,6
虚,虚伪,xū wěi,đạo đức giả,7
虚,虚假,xū jiǎ,giả dối,7
虚,虚幻,xū huàn,ảo giác,7
虚,虚弱,xū ruò,yếu,7
虚,虚构,xū gòu,hư cấu,7
虚,弄虚作假,nòng xū zuò jiǎ,thực hành gian lận,7
虫,虫子,chóng zi,sâu bọ,4
虫,昆虫,kūn chóng,côn trùng,5
虫,害虫,hài chóng,côn trùng gây hại,7
虹,彩虹,cǎi hóng,cầu vồng,5
虹,霓虹灯,ní hóng dēng,đèn neon,7
虽,虽然,suī rán,mặc dù,2
虽,虽说,suī shuō,mặc dù,7
蚀,腐蚀,fǔ shí,ăn mòn,6
蚊,蚊子,wén zi,muỗi,2
蚊,蚊帐,wén zhàng,mùng,7
蛇,画蛇添足,huà shé tiān zú,làm hỏng bằng cách thêm gì đó không cần thiết,7
蛋,蛋糕,dàn gāo,bánh,1
蛋,鸡蛋,jī dàn,trứng gà,1
蛋,鸭蛋,yā dàn,Trứng vịt,2
蛋,蛋白质,dàn bái zhì,protein,3
蛋,脸蛋,liǎn dàn,"má, gò má, khuôn mặt (thường chỉ mặt trẻ con, đáng yêu)",5
蛋,西红柿炒鸡蛋,xī hóng shì chǎo jī dàn,cà chua xào trứng,5
蛋,完蛋,wán dàn,xong đời,7
蛋,笨蛋,bèn dàn,ngốc,7
蛙,青蛙,qīng wā,ếch,5
蛛,蜘蛛,zhī zhū,nhện,6
蛮,野蛮,yě mán,dã man,6
蜂,蜜蜂,mì fēng,ong mật,5
蜂,蜂蜜,fēng mì,mật ong,6
蜃,海市蜃楼,hǎi shì shèn lóu,"ảo ảnh, lâu đài trên biển",7
蜗,蜗牛,wō niú,Ốc sên,8
蜘,蜘蛛,zhī zhū,nhện,6
蜜,蜜蜂,mì fēng,ong mật,5
蜜,甜蜜,tián mì,ngọt ngào,6
蜜,蜂蜜,fēng mì,mật ong,6
蜜,蜜月,mì yuè,tuần trăng mật,7
蜡,蜡烛,là zhú,nến,2
蝇,苍蝇,cāng yíng,ruồi,2
蝴,蝴蝶,hú dié,con bướm,4
蝴,蝴蝶结,hú dié jié,Nơ con bướm,7
蝴蝶,蝴蝶结,hú dié jié,Nơ con bướm,7
蝶,蝴蝶,hú dié,con bướm,4
蝶,蝴蝶结,hú dié jié,Nơ con bướm,7
螃,螃蟹,páng xiè,cua,4
融,融入,róng rù,hòa nhập,6
融,融化,róng huà,tan chảy,6
融,融合,róng hé,Sự kết hợp,6
融,金融,jīn róng,tài chính,6
融,融洽,róng qià,hòa hợp,7
螺,螺丝,luó sī,đinh vít,7
蟀,蟋蟀,xī shuài,Dế mèn.,8
蟋,蟋蟀,xī shuài,Dế mèn.,8
蟹,螃蟹,páng xiè,cua,4
蠢,愚蠢,yú chǔn,"ngu ngốc, ngớ ngẩn",6
血,血液,xuè yè,máu,3
血,高血压,gāo xuè yā,huyết áp cao,3
血,流血,liú xuè,chảy máu,4
血,贫血,pín xuè,thiếu máu,4
血,血压,xuè yā,huyết áp,5
血,血管,xuè guǎn,mạch máu,6
血,出血,chū xiě,chi nhiều tiền,7
血,心血,xīn xuè,tâm huyết,7
血,止血,zhǐ xuè,cầm máu,7
血,献血,xiàn xuè,hiến máu,7
血,血栓,xuè shuān,cục máu đông,7
血,血缘,xuè yuán,huyết thống,7
血,血脉,xuè mài,quan hệ huyết thống,7
血,输血,shū xuè,truyền máu,7
血,鲜血,xiān xuè,máu,7
血压,高血压,gāo xuè yā,huyết áp cao,3
衅,挑衅,tiǎo xìn,khiêu khích,6
行,旅行,lǚ xíng,du lịch,1
行,流行,liú xíng,phổ biến,1
行,行李,xíng li,hành lý,1
行,银行,yín háng,ngân hàng,1
行,自行车,zì xíng chē,xe đạp,1
行,不行,bù xíng,không được,2
行,举行,jǔ xíng,tổ chức,2
行,实行,shí xíng,thực hiện,2
行,行为,xíng wéi,hành động,2
行,行人,xíng rén,người đi bộ,2
行,进行,jìn xíng,tiến hành,2
行,旅行社,lǚ xíng shè,công ty du lịch,2
行,银行卡,yín háng kǎ,thẻ ngân hàng,2
行,飞行,fēi xíng,bay; chuyến bay,3
行,行李箱,xíng li xiāng,vali; cốp xe,3
行李,行李箱,xíng li xiāng,vali; cốp xe,3
衍,繁衍,fán yǎn,"Sinh sôi nảy nở, phát triển, nhân giống",4
衍,敷衍,fū yǎn,làm việc qua loa,6
衍,衍生,yǎn shēng,phát sinh,7
衔,头衔,tóu xián,chức danh,7
衔,衔接,xián jiē,kết nối,7
街,街道,jiē dào,đường phố,2
街,逛街,guàng jiē,"đi dạo phố, đi mua sắm",3
街,大街,dà jiē,đại lộ,6
街,街头,jiē tóu,đường phố,6
街,临街,lín jiē,hướng ra phố,7
街,大街小巷,dà jiē xiǎo xiàng,phố lớn ngõ nhỏ,7
街,骂街,mà jiē,"Chửi bới ngoài đường, chửi rủa ầm ĩ",8
衡,生态平衡,shēng tài píng héng,Cân bằng sinh thái,3
衡,平衡,píng héng,cân bằng,5
衡,权衡,quán héng,cân nhắc,6
衡,衡量,héng liáng,đo lường,6
衡,均衡,jūn héng,cân bằng,7
衡,抗衡,kàng héng,đối đầu,7
衣,毛衣,máo yī,áo len,1
衣,衣服,yī fu,quần áo,1
衣,外衣,wài yī,áo khoác,2
衣,大衣,dà yī,áo khoác dài,2
衣,洗衣机,xǐ yī jī,máy giặt,2
衣,上衣,shàng yī,áo ngoài,3
衣,衣架,yī jià,móc treo quần áo,3
衣,衬衣,chèn yī,áo sơ mi,3
衣,雨衣,yǔ yī,áo mưa,3
衣,节衣缩食,jié yī suō shí,tiết kiệm ăn mặc,4
衣,内衣,nèi yī,đồ lót,6
衣,洗衣粉,xǐ yī fěn,bột giặt,6
衣,衣裳,yī shang,quần áo,7
衣,更衣室,gēng yī shì,phòng thay đồ,7
衣,衣食住行,yī shí zhù xíng,nhu yếu phẩm,7
补,互补,hù bǔ,bổ sung cho nhau,3
补,补充,bǔ chōng,bổ sung,3
补,候补,hòu bǔ,"dự bị, dự khuyết",4
补,补救,bǔ jiù,khắc phục,4
补,补偿,bǔ cháng,đền bù,5
补,弥补,mí bǔ,bù đắp,6
补,补习,bǔ xí,học thêm,6
补,补助,bǔ zhù,trợ cấp,6
补,补考,bǔ kǎo,thi lại,6
补,补课,bǔ kè,bổ sung bài học,6
补,补贴,bǔ tiē,trợ cấp,6
补,修补,xiū bǔ,sửa chữa,7
补,填补,tián bǔ,lấp đầy,7
补,补给,bǔ jǐ,tiếp tế,7
补,亡羊补牢,wáng yáng bǔ láo,muộn còn hơn không,7
表,表演,biǎo yǎn,biểu diễn,1
表,手表,shǒu biǎo,đồng hồ đeo tay,2
表,表扬,biǎo yáng,khen ngợi,2
表,表示,biǎo shì,biểu hiện,2
表,代表,dài biǎo,đại biểu,3
表,发表,fā biǎo,xuất bản,3
表,表明,biǎo míng,"bày tỏ, làm rõ",3
表,表格,biǎo gé,mẫu đơn,3
表,表现,biǎo xiàn,"hành vi, hiệu suất",3
表,表达,biǎo dá,biểu đạt,3
表,表面,biǎo miàn,bề mặt,3
表,代表团,dài biǎo tuán,phái đoàn,3
表,表情,biǎo qíng,biểu hiện,4
表,表决,biǎo jué,bỏ phiếu,6
表,表彰,biǎo zhāng,tôn vinh,6
表面,表面上,biǎo miàn shàng,bề ngoài,6
衫,衬衫,chèn shān,áo sơ mi,2
衬,衬衫,chèn shān,áo sơ mi,2
衬,衬衣,chèn yī,áo sơ mi,3
衬,衬托,chèn tuō,tương phản,7
衰,衰落,shuāi luò,"Suy thoái, suy tàn, sa sút",3
衰,衰退,shuāi tuì,suy thoái,4
衰,衰老,shuāi lǎo,già yếu,6
衰,衰减,shuāi jiǎn,suy giảm,7
衰,衰弱,shuāi ruò,yếu đuối,7
衰,衰竭,shuāi jié,suy kiệt,7
衷,衷心,zhōng xīn,chân thành,6
衷,无动于衷,wú dòng yú zhōng,"thờ ơ, không quan tâm",6
衷,初衷,chūzhōng,ý định ban đầu,7
衷,热衷,rè zhōng,nhiệt tình,7
衷,由衷,yóu zhōng,từ đáy lòng,7
袅,袅袅,niǎo niǎo,"lượn lờ, uốn lượn (khói, hơi nước); bay phất phơ (cờ)",4
袋,口袋,kǒu dài,túi,4
袋,纸袋,zhǐ dài,túi giấy,4
袋,脑袋,nǎo dai,đầu,4
袋,塑料袋,sù liào dài,túi nhựa,4
袋,睡袋,shuì dài,túi ngủ,7
袋,麻袋,má dài,"bao bố, bao tải",8
袍,旗袍,qí páo,xẩm,6
袖,袖珍,xiù zhēn,cỡ túi,6
袖,领袖,lǐng xiù,lãnh đạo,6
袖,袖手旁观,xiù shǒu páng guān,đứng nhìn thờ ơ,7
袜,袜子,wà zi,tất,4
被,被子,bèi zi,chăn bông,3
被,被迫,bèi pò,bị ép buộc,4
被,被动,bèi dòng,bị động,5
被,被告,bèi gào,bị cáo,6
被,被捕,bèi bǔ,bị bắt giữ,7
袭,袭击,xí jī,tấn công bất ngờ,6
袭,世袭,shì xí,cha truyền con nối,7
袭,抄袭,chāo xí,đạo văn,7
袱,包袱,bāo fu,gánh nặng,6
裁,总裁,zǒng cái,chủ tịch,5
裁,制裁,zhì cái,trừng phạt,6
裁,裁判,cái pàn,trọng tài; làm trọng tài,6
裁,裁缝,cái feng,may vá,6
裁,仲裁,zhòng cái,trọng tài,7
裁,裁决,cái jué,phán quyết,7
裁,裁定,cái dìng,phán quyết; tuyên bố,7
裂,断裂,duàn liè,gãy,3
裂,分裂,fēn liè,phân chia,6
裂,破裂,pò liè,vỡ,7
裂,裂痕,liè hén,vết rạn,7
裂,裂缝,liè fèng,vết nứt,7
装,安装,ān zhuāng,cài đặt,3
装,服装,fú zhuāng,trang phục,3
装,装修,zhuāng xiū,cải tạo,4
装,装置,zhuāng zhì,thiết bị,4
装,装饰,zhuāng shì,trang trí; sự trang trí,5
装,假装,jiǎ zhuāng,giả vờ,6
装,改装,gǎi zhuāng,thay đổi trang phục,6
装,时装,shí zhuāng,thời trang,6
装,装卸,zhuāng xiè,bốc dỡ,6
装,装备,zhuāng bèi,thiết bị,6
装,乔装,qiáo zhuāng,giả trang,7
装,伪装,wěi zhuāng,giả vờ,7
装,原装,yuán zhuāng,nguyên bản,7
装,武装,wǔ zhuāng,vũ trang,7
装,组装,zǔ zhuāng,lắp ráp,7
裔,华裔,huá yì,người Hoa,7
裔,后裔,hòu yì,hậu duệ,7
裕,富裕,fù yù,giàu có,7
裘,克绍箕裘,kè shào jī qiú,"kế thừa sự nghiệp của cha ông, nối nghiệp gia đình",7
裙,裙子,qún zi,váy,3
裤,裤子,kù zi,quần,2
裤,牛仔裤,niú zǎi kù,quần jean,2
裤,短裤,duǎn kù,quần short,3
裳,衣裳,yī shang,quần áo,7
裸,裸露,luǒ lù,phơi bày,7
裹,包裹,bāo guǒ,gói hàng,4
褐,褐色,hè sè,màu nâu,2
褓,襁褓,qiǎng bǎo,Khăn quấn trẻ sơ sinh; tã lót,4
褪,褪色,tuì sè,"Phai màu, bạc màu",7
襁,襁褓,qiǎng bǎo,Khăn quấn trẻ sơ sinh; tã lót,4
西,东西,dōng xi,đồ,1
西,西安,Xī'ān,Tây An (thành phố),1
西,西边,xī biān,phía tây,1
西,西北,xī běi,tây bắc,2
西,西医,xī yī,y học phương Tây,2
西,西南,xī nán,Tây Nam,2
西,西山,Xī shān,Tây Sơn (tên địa danh),2
西,西方,xī fāng,phía tây; phương tây,2
西,西瓜,xī guā,dưa hấu,2
西,西餐,xī cān,ẩm thực phương Tây,2
西,西红柿,xī hóng shì,cà chua,2
西,西部,xī bù,phần phía tây,3
西,马来西亚,Mǎ lái xī yà,Malaysia,3
西,山西,Shān xī,Sơn Tây (tỉnh),5
西,西红柿炒鸡蛋,xī hóng shì chǎo jī dàn,cà chua xào trứng,5
西红柿,西红柿炒鸡蛋,xī hóng shì chǎo jī dàn,cà chua xào trứng,5
要,不要,bù yào,không,1
要,快要,kuài yào,sắp,1
要,重要,zhòng yào,quan trọng,1
要,需要,xū yào,cần,1
要,主要,zhǔ yào,chính,2
要,只要,zhǐ yào,miễn là,2
要,就要,jiù yào,sắp,2
要,要是,yào shi,nếu,2
要,要求,yāo qiú,yêu cầu; yêu cầu,2
要,必要,bì yào,cần thiết,3
要,要命,yào mìng,cực kỳ,3
要,不要紧,bù yào jǐn,không sao,4
要,次要,cì yào,ít quan trọng hơn,5
要,要不,yào bù,"hoặc, nếu không thì",5
要,简要,jiǎn yào,ngắn gọn,6
要不,要不然,yào bu rán,nếu không thì,6
要不,要不是,yào bu shì,nếu không phải,7
要紧,不要紧,bù yào jǐn,không sao,4
覆,覆盖,fù gài,bao phủ,5
覆,翻天覆地,fān tiān fù dì,long trời lở đất,6
覆,颠覆,diān fù,lật đổ,7
覆,翻来覆去,fān lái fù qù,lặp đi lặp lại,7
见,再见,zài jiàn,Tạm biệt,1
见,听见,tīng jiàn,nghe thấy,1
见,意见,yì jiàn,"phàn nàn, phản đối",1
见,看见,kàn jiàn,thấy,1
见,见面,jiàn miàn,gặp,1
见,没意见,méi yì jiàn,"Không có ý kiến gì, đồng ý",1
见,常见,cháng jiàn,phổ biến,2
见,碰见,pèng jiàn,gặp bất ngờ,2
见,见到,jiàn dào,gặp,2
见,见过,jiàn guò,đã gặp,2
见,不见,bù jiàn,biến mất,3
见,可见,kě jiàn,rõ ràng,3
见,见闻,jiàn wén,kiến thức,3
见,遇见,yù jiàn,gặp; bắt gặp,3
见,显而易见,xiǎn ér yì jiàn,rõ ràng,3
观,参观,cān guān,tham quan,2
观,壮观,zhuàng guān,cảnh tượng hùng vĩ,2
观,观点,guān diǎn,quan điểm,2
观,乐观,lè guān,lạc quan,3
观,宏观,hóng guān,vĩ mô,3
观,客观,kè guān,khách quan,3
观,观众,guān zhòng,khán giả,3
观,观察,guān chá,quan sát,3
观,观看,guān kàn,xem,3
观,价值观,jià zhí guān,giá trị,3
观,主观,zhǔ guān,chủ quan,5
观,观念,guān niàn,"khái niệm, ý tưởng",5
观,可观,kě guān,đáng kể,6
观,外观,wài guān,ngoại hình,6
观,悲观,bēi guān,bi quan,6
规,规定,guī dìng,quy định,3
规,规范,guī fàn,tiêu chuẩn,3
规,规则,guī zé,quy tắc,4
规,规律,guī lǜ,quy luật,4
规,规模,guī mó,quy mô,4
规,大规模,dà guī mó,quy mô lớn,4
规,规矩,guī ju,quy tắc,5
规,常规,cháng guī,thông thường,6
规,正规,zhèng guī,"chính quy, chính thức",6
规,犯规,fàn guī,phạm quy,6
规,规划,guī huà,lập kế hoạch,6
规,规格,guī gé,thông số kỹ thuật,6
规,规章,guī zhāng,"quy tắc, điều lệ, quy định",6
规模,大规模,dà guī mó,quy mô lớn,4
觅,寻觅,xún mì,tìm kiếm,7
视,电视,diàn shì,"TV, truyền hình",1
视,电视剧,diàn shì jù,phim truyền hình,1
视,电视机,diàn shì jī,TV,1
视,近视,jìn shì,cận thị,2
视,重视,zhòng shì,coi trọng,2
视,影视,yǐng shì,phim và truyền hình,3
视,忽视,hū shì,bỏ qua,3
视,视频,shì pín,video,3
视,电视台,diàn shì tái,đài truyền hình,3
视,凝视,níng shì,nhìn chằm chằm,4
视,视察,shì chá,kiểm tra,4
视,轻视,qīng shì,coi thường,5
视,俯视,fǔ shì,"Nhìn xuống, nhìn từ trên cao",6
视,敌视,dí shì,thù địch,6
视,歧视,qí shì,phân biệt; kỳ thị,6
览,展览,zhǎn lǎn,triển lãm,1
览,游览,yóu lǎn,đi tham quan,2
览,浏览,liú lǎn,duyệt,5
览,博览会,bó lǎn huì,triển lãm,6
览,展览会,zhǎn lǎn huì,triển lãm,7
览,浏览器,liú lǎn qì,trình duyệt,7
觉,睡觉,shuì jiào,"đi ngủ, ngủ",1
觉,觉得,jué de,"cảm thấy, nghĩ",1
觉,睡懒觉,shuì lǎn jiào,"ngủ nướng, ngủ dậy muộn",1
觉,感觉,gǎn jué,cảm giác,2
觉,发觉,fā jué,phát hiện,5
觉,自觉,zì jué,tự giác,5
觉,嗅觉,xiù jué,khứu giác,6
觉,觉悟,jué wù,"hiểu ra, nhận thức",6
觉,觉醒,jué xǐng,thức tỉnh,6
觉,幻觉,huàn jué,ảo giác,7
觉,直觉,zhí jué,trực giác,7
觉,知觉,zhī jué,ý thức,7
觉,视觉,shì jué,thị giác,7
觉,触觉,chù jué,giác quan xúc giác,7
觉,错觉,cuò jué,ảo giác,7
角,角度,jiǎo dù,góc độ,2
角,主角,zhǔ jué,vai chính,4
角,角色,jué sè,nhân vật,4
角,角落,jiǎo luò,góc,6
角,三角,sān jiǎo,tam giác; tam giác,7
角,棱角,léng jiǎo,cạnh và góc,7
角,视角,shì jiǎo,góc nhìn,7
角,角逐,jué zhú,tranh đấu,7
角,嘴角,zuǐ jiǎo,khóe miệng,8
解,解决,jiě jué,giải quyết,1
解,了解,liǎo jiě,hiểu rõ,2
解,理解,lǐ jiě,"hiểu, thông cảm",3
解,解开,jiě kāi,tháo gỡ,3
解,缓解,huǎn jiě,giảm bớt,4
解,解释,jiě shì,giải thích,4
解,见解,jiàn jiě,quan điểm,5
解,解放,jiě fàng,giải phóng,5
解,分解,fēn jiě,"phân hủy, sự phân hủy",6
解,化解,huà jiě,hòa tan,6
解,和解,hé jiě,hòa giải,6
解,溶解,róng jiě,"hòa tan, sự hòa tan",6
解,瓦解,wǎ jiě,tan rã,6
解,解剖,jiě pōu,giải phẫu,6
解,解散,jiě sàn,giải tán,6
触,接触,jiē chù,"tiếp xúc, liên hệ",5
触,触犯,chù fàn,xúc phạm,6
触,感触,gǎn chù,cảm xúc,7
触,抵触,dǐ chù,mâu thuẫn,7
触,触动,chù dòng,chạm vào,7
触,触摸,chù mō,chạm vào,7
触,触觉,chù jué,giác quan xúc giác,7
触,触目惊心,chù mù jīng xīn,gây sốc và ấn tượng,7
言,语言,yǔ yán,ngôn ngữ,2
言,发言,fā yán,phát biểu,3
言,预言,yù yán,tiên đoán,3
言,简而言之,jiǎn ér yán zhī,"nói tóm lại, nói một cách đơn giản",3
言,赠言,zèng yán,"lời tặng, lời khuyên (khi chia tay, tốt nghiệp)",4
言,代言,dài yán,"đại diện phát ngôn, làm người đại diện (quảng cáo)",5
言,寓言,yù yán,ngụ ngôn,5
言,方言,fāng yán,phương ngữ,5
言,谣言,yáo yán,tin đồn,5
言,传言,chuán yán,tin đồn,6
言,序言,xù yán,lời tựa,6
言,留言,liú yán,để lại bình luận,6
言,言论,yán lùn,ý kiến,6
言,发言人,fā yán rén,phát ngôn viên,6
言,不言而喻,bù yán ér yù,"Không nói cũng hiểu, hiển nhiên",6
誉,荣誉,róng yù,vinh dự,3
誉,信誉,xìn yù,uy tín,6
誉,名誉,míng yù,danh tiếng,6
誉,声誉,shēng yù,danh tiếng,7
誉,美誉,měi yù,"Tiếng thơm, danh tiếng tốt",7
誉,誉为,yù wéi,"được ca ngợi là, được tôn vinh là, được mệnh danh là",7
誉,沽名钓誉,gū míng diào yù,cầu danh lợi,7
誓,宣誓,xuān shì,tuyên thệ,6
誓,发誓,fā shì,thề,7
警,交警,jiāo jǐng,cảnh sát giao thông,3
警,警告,jǐng gào,cảnh báo,3
警,警察,jǐng chá,cảnh sát,3
警,报警,bào jǐng,gọi cảnh sát,6
警,民警,mín jǐng,cảnh sát nhân dân,6
警,警惕,jǐng tì,cảnh giác,6
警,警官,jǐng guān,cảnh sát,7
警,警车,jǐng chē,xe cảnh sát,7
警,警钟,jǐng zhōng,chuông báo động,7
譬,譬如,pì rú,ví dụ như,6
譬,譬如说,pì rú shuō,ví dụ như,7
譬如,譬如说,pì rú shuō,ví dụ như,7
计,计划,jì huà,kế hoạch,1
计,计算机,jì suàn jī,máy tính,2
计,计算,jì suàn,tính toán,3
计,设计,shè jì,thiết kế,3
计,预计,yù jì,dự đoán,3
计,千方百计,qiān fāng bǎi jì,bằng mọi cách,3
计,估计,gū jì,ước tính,4
计,统计,tǒng jì,thống kê,4
计,会计,kuài jì,kế toán,5
计,共计,gòng jì,tổng cộng,5
计,计较,jì jiào,tranh luận,6
计,设计师,shè jì shī,nhà thiết kế,6
计,合计,hé ji,suy nghĩ kỹ càng,7
计,总计,zǒng jì,tổng cộng,7
计,算计,suàn jì,tính toán,7
计时,倒计时,dào jì shí,đếm ngược,7
计算,计算机,jì suàn jī,máy tính,2
订,制订,zhì dìng,lập,2
订,预订,yù dìng,đặt trước,4
订,修订,xiū dìng,sửa đổi,7
订,订单,dìng dān,đơn đặt hàng,7
订,订婚,dìng hūn,đính hôn,7
订,订立,dìng lì,kết luận,7
订,订购,dìng gòu,"đặt hàng, đăng ký",7
订,订阅,dìng yuè,"Đặt mua, đăng ký (tạp chí, dịch vụ)",7
认,认真,rèn zhēn,chăm chỉ,1
认,认识,rèn shi,biết,1
认,承认,chéng rèn,thừa nhận,2
认,认为,rèn wéi,nghĩ rằng,2
认,否认,fǒu rèn,phủ nhận,3
认,认出,rèn chū,nhận ra,3
认,认可,rèn kě,chấp thuận,3
认,认得,rèn de,nhận biết,3
认,确认,què rèn,xác nhận,4
认,公认,gōng rèn,công nhận,6
认,认同,rèn tóng,đồng ý,6
认,认定,rèn dìng,tin chắc,6
认,辨认,biàn rèn,nhận ra,6
认,认知,rèn zhī,nhận thức,7
认,认证,rèn zhèng,xác thực,7
讥,讥笑,jī xiào,chế nhạo,7
讨,讨论,tǎo lùn,thảo luận,2
讨,自讨苦吃,zì tǎo kǔ chī,"tự chuốc lấy phiền phức, tự tìm khổ",3
讨,讨厌,tǎo yàn,chán ghét,4
讨,讨价还价,tǎo jià huán jià,mặc cả,5
讨,探讨,tàn tǎo,thảo luận,6
讨,检讨,jiǎn tǎo,tự phê bình,6
讨,乞讨,qǐ tǎo,xin ăn,7
讨,商讨,shāng tǎo,thảo luận,7
讨,研讨,yán tǎo,nghiên cứu và thảo luận,7
讨,讨好,tǎo hǎo,xu nịnh,7
讨,讨人喜欢,tǎo rén xǐ huan,quyến rũ,7
让,让步,ràng bù,nhượng bộ,5
让,让座,ràng zuò,nhường ghế,6
让,转让,zhuǎn ràng,chuyển nhượng,6
让,退让,tuì ràng,nhượng bộ,7
让,当仁不让,dāng rén bù ràng,"Xông xáo gánh vác, không nhường ai (khi làm việc tốt, việc nghĩa)",7
训,训练,xùn liàn,huấn luyện,3
训,培训,péi xùn,đào tạo,4
训,教训,jiào xun,giáo huấn,4
训,培训班,péi xùn bān,lớp đào tạo,4
议,会议,huì yì,hội nghị,3
议,建议,jiàn yì,đề nghị; đề xuất,3
议,议论,yì lùn,bình luận,4
议,争议,zhēng yì,tranh chấp; tranh luận,6
议,倡议,chàng yì,đề xuất,6
议,抗议,kàng yì,phản đối; biểu tình,6
议,议题,yì tí,chủ đề thảo luận,6
议,不可思议,bù kě sī yì,không thể tưởng tượng nổi,6
议,决议,jué yì,nghị quyết,7
议,异议,yì yì,phản đối,7
议,提议,tí yì,đề nghị,7
议,议会,yì huì,nghị viện,7
议,议员,yì yuán,nghị viên,7
议,议程,yì chéng,chương trình nghị sự,7
讯,讯息,xùn xī,"tin tức, thông tin, thông điệp",4
讯,通讯,tōng xùn,liên lạc,6
讯,电讯,diàn xùn,viễn thông,7
讯,资讯,zī xùn,thông tin,7
记,忘记,wàng jì,quên,1
记,记住,jì zhù,"nhớ kỹ, ghi nhớ",1
记,记得,jì de,nhớ,1
记,日记,rì jì,nhật ký,2
记,笔记,bǐ jì,ghi chép,2
记,笔记本,bǐ jì běn,máy tính xách tay,2
记,惦记,diàn jì,nhớ lại,3
记,记录,jì lù,ghi lại,3
记,记者,jì zhě,phóng viên,3
记,登记,dēng jì,đăng ký,4
记,记载,jì zǎi,ghi chép,4
记,记忆,jì yì,trí nhớ; nhớ,5
记,死记硬背,sǐ jì yìng bèi,"học vẹt, học thuộc lòng một cách máy móc",5
记,书记,shū ji,thư kí,6
记,标记,biāo jì,đánh dấu,6
记忆,记忆犹新,jì yì yóu xīn,vẫn còn mới trong trí nhớ,7
讲,讲座,jiǎng zuò,bài giảng,1
讲,听讲,tīng jiǎng,nghe giảng,2
讲,讲话,jiǎng huà,nói chuyện,2
讲,演讲,yǎn jiǎng,diễn thuyết,4
讲,讲究,jiǎng jiù,chú ý,4
讲,讲课,jiǎng kè,giảng bài,6
讲,讲学,jiǎng xué,thuyết giảng,7
讲,讲解,jiǎng jiě,giải thích,7
讲,讲述,jiǎng shù,kể chuyện,7
讳,忌讳,jì huì,kiêng kỵ,4
讶,惊讶,jīng yà,ngạc nhiên,2
许,也许,yě xǔ,có lẽ,1
许,许多,xǔ duō,nhiều,2
许,容许,róng xǔ,cho phép,3
许,允许,yǔn xǔ,cho phép,4
许,或许,huò xǔ,có lẽ,4
许,少许,shǎo xǔ,"một chút, một ít",5
许,准许,zhǔn xǔ,cho phép,7
许,特许,tè xǔ,"đặc quyền, giấy phép đặc biệt; cấp phép đặc biệt",7
许,许诺,xǔ nuò,"Hứa hẹn, cam kết",7
许,赞许,zàn xǔ,khen ngợi,7
许,许可证,xǔ kě zhèng,giấy phép,7
讹,讹诈,é zhà,tống tiền,7
论,结论,jié lùn,kết luận,2
论,讨论,tǎo lùn,thảo luận,2
论,不论,bù lùn,không kể,3
论,理论,lǐ lùn,lý thuyết,3
论,争论,zhēng lùn,tranh luận; cuộc tranh luận,4
论,无论,wú lùn,bất kể,4
论,议论,yì lùn,bình luận,4
论,论文,lùn wén,luận văn,4
论,辩论,biàn lùn,tranh luận,4
论,推论,tuī lùn,suy luận,6
论,舆论,yú lùn,dư luận,6
论,言论,yán lùn,ý kiến,6
论,论坛,lùn tán,diễn đàn,6
论,论证,lùn zhèng,chứng minh,6
论,定论,dìng lùn,kết luận cuối cùng,7
讼,诉讼,sù sòng,vụ kiện,6
讽,讽刺,fěng cì,châm biếm,5
设,建设,jiàn shè,xây dựng; công trình xây dựng,3
设,设备,shè bèi,thiết bị,3
设,设施,shè shī,công trình,3
设,设立,shè lì,thiết lập,3
设,设计,shè jì,thiết kế,3
设,设置,shè zhì,thiết lập,4
设,假设,jiǎ shè,giả định; giả thuyết,5
设,开设,kāi shè,mở,6
设,设想,shè xiǎng,giả định; kế hoạch sơ bộ,6
设,设计师,shè jì shī,nhà thiết kế,6
设,想方设法,xiǎng fāng shè fǎ,tìm mọi cách,6
设,摆设,bǎi shè,sắp xếp,7
设,设定,shè dìng,thiết lập,7
设,设法,shè fǎ,cố gắng,7
设法,想方设法,xiǎng fāng shè fǎ,tìm mọi cách,6
设计,设计师,shè jì shī,nhà thiết kế,6
访,访问,fǎng wèn,thăm,3
访,采访,cǎi fǎng,phỏng vấn,3
访,家访,jiā fǎng,"thăm nhà (học sinh, bệnh nhân)",5
访,出访,chū fǎng,thăm nước ngoài,6
访,拜访,bài fǎng,thăm hỏi,6
访,互访,hù fǎng,trao đổi chuyến thăm,7
访,来访,lái fǎng,đến thăm,7
访,访谈,fǎng tán,phỏng vấn,7
诀,秘诀,mì jué,bí quyết,7
诀,诀别,jué bié,chia tay,7
诀,诀窍,jué qiào,"mẹo, bí quyết",7
证,学生证,xué shēng zhèng,Thẻ học sinh/sinh viên,2
证,保证,bǎo zhèng,bảo đảm,3
证,证件,zhèng jiàn,giấy tờ tùy thân; thẻ,3
证,证据,zhèng jù,bằng chứng,3
证,证明,zhèng míng,"chứng chỉ, tài liệu; chứng minh, làm chứng",3
证,身份证,shēn fèn zhèng,chứng minh thư,3
证,签证,qiān zhèng,thị thực,4
证,证实,zhèng shí,xác nhận,5
证,公证,gōng zhèng,chứng thực,6
证,论证,lùn zhèng,chứng minh,6
证,验证,yàn zhèng,kiểm tra,6
证,做证,zuò zhèng,làm chứng,7
证,凭证,píng zhèng,chứng chỉ,7
证,印证,yìn zhèng,chứng thực,7
证,求证,qiú zhèng,tìm kiếm bằng chứng,7
评,批评,pī píng,phê bình,2
评,评价,píng jià,đánh giá,3
评,评估,píng gū,đánh giá; để đánh giá,5
评,评委,píng wěi,thành viên ban giám khảo,5
评,评选,píng xuǎn,chọn lựa qua bỏ phiếu,6
评,好评,hǎo píng,bình luận tốt,7
评,点评,diǎn píng,nhận xét,7
评,评判,píng pàn,đánh giá; sự đánh giá,7
评,评定,píng dìng,đánh giá,7
评,评审,píng shěn,đánh giá,7
评,评论员,píng lùn yuán,bình luận viên,7
识,知识,zhī shi,kiến thức,1
识,认识,rèn shi,biết,1
识,似曾相识,sì céng xiāng shí,đã gặp trước đây,3
识,知识分子,zhī shì fèn zǐ,trí thức,3
识,常识,cháng shí,kiến thức chung; lẽ thường,4
识,赏识,shǎng shí,"thưởng thức, đánh giá cao, trọng dụng",4
识,意识,yì shí,ý thức,5
识,识别,shí bié,phân biệt,5
识,识字,shí zì,biết chữ,6
识,见多识广,jiàn duō shí guǎng,hiểu biết rộng,6
识,共识,gòng shí,sự đồng thuận,7
识,相识,xiāngshí,quen biết,7
识,结识,jié shí,kết bạn,7
识,见识,jiàn shi,"kiến thức, kinh nghiệm",7
识,下意识,xià yì shí,tự động,7
诈,诈骗,zhà piàn,lừa đảo,6
诈,奸诈,jiān zhà,gian trá,7
诈,敲诈,qiāo zhà,tống tiền,7
诈,欺诈,qī zhà,lừa đảo,7
诈,讹诈,é zhà,tống tiền,7
诉,告诉,gào su,"báo, nói",1
诉,投诉,tóu sù,khiếu nại,4
诉,诉讼,sù sòng,vụ kiện,6
诉,起诉,qǐ sù,khởi tố,6
诉,上诉,shàng sù,kháng cáo,7
诉,倾诉,qīng sù,tâm sự,7
诉,诉苦,sù kǔ,than thở,7
诉,诉说,sù shuō,kể lại,7
诊,急诊,jí zhěn,cấp cứu,5
诊,诊断,zhěn duàn,chẩn đoán,5
诊,门诊,mén zhěn,dịch vụ ngoại trú,5
诊,会诊,huì zhěn,tư vấn,7
诊,就诊,jiù zhěn,đi khám bệnh,7
诊,确诊,què zhěn,chẩn đoán xác nhận,7
诊,诊所,zhěn suǒ,phòng khám,7
诊,出诊,chū zhěn,"khám bệnh tại nhà, đi khám bệnh bên ngoài",8
词,歌词,gē cí,lời bài hát,1
词,生词,shēng cí,từ mới,1
词,词典,cí diǎn,từ điển,1
词,台词,tái cí,"Lời thoại (trong kịch, phim)",2
词,词汇,cí huì,từ vựng,2
词,词语,cí yǔ,từ ngữ,2
词,构词,gòu cí,"Cấu tạo từ, tạo từ",3
词,同义词,tóng yì cí,Từ đồng nghĩa,3
词,动词,dòng cí,động từ,5
词,名词,míng cí,danh từ,5
词,溢美之词,yì měi zhī cí,"Lời khen ngợi quá đáng, lời tâng bốc",8
译,翻译,fān yì,dịch giả; dịch,1
试,考试,kǎo shì,thi,1
试,试题,shì tí,câu hỏi kiểm tra,3
试,试验,shì yàn,thử nghiệm,3
试,尝试,cháng shì,thử,4
试,测试,cè shì,kiểm tra,4
试,试卷,shì juàn,giấy thi,4
试,面试,miàn shì,phỏng vấn; để phỏng vấn,4
试,口试,kǒu shì,kiểm tra miệng,6
试,笔试,bǐ shì,bài kiểm tra viết,6
试,试图,shì tú,thử,6
试,试点,shì diǎn,đơn vị thử nghiệm,6
试,试用期,shì yòng qī,thời gian thử việc,6
试,比试,bǐ shi,cạnh tranh,7
试,试探,shì tàn,thăm dò,7
试,试用,shì yòng,thử việc,7
试用,试用期,shì yòng qī,thời gian thử việc,6
诗,诗人,shī rén,nhà thơ,4
诗,唐诗,táng shī,Thơ Đường,7
诗,诗意,shī yì,"chất thơ, ý thơ; nên thơ",7
诚,诚信,chéng xìn,trung thực,4
诚,诚实,chéng shí,thành thật,4
诚,真诚,zhēn chéng,chân thành,5
诚,诚恳,chéng kěn,chân thành,5
诚,精诚所至金石为开,"jīng chéng suǒ zhì, jīn shí wéi kāi","có chí thì nên, có lòng thành sắt đá cũng mòn",5
诚,坦诚,tǎn chéng,thẳng thắn và thành thật,6
诚,忠诚,zhōng chéng,trung thành,6
诚,虔诚,qián chéng,mộ đạo,7
诚,诚意,chéng yì,thành ý,7
诚,诚挚,chéng zhì,chân thành,7
诚,诚然,chéng rán,"quả thật, đúng là, thật vậy (biểu thị sự thừa nhận một sự thật, nhưng thường theo sau là sự chuyển ý hoặc phản bác)",7
诚,诚心诚意,chéng xīn chéng yì,với cả tấm lòng,7
诚,热诚,rè chéng,"Nhiệt thành, nhiệt tình, thành tâm.",8
诚意,诚心诚意,chéng xīn chéng yì,với cả tấm lòng,7
话,电话,diàn huà,điện thoại,1
话,的话,de huà,nếu,1
话,说话,shuō huà,nói chuyện,1
话,打电话,dǎ diàn huà,gọi điện thoại,1
话,会话,huì huà,"Hội thoại, đối thoại",2
话,实话,shí huà,sự thật,2
话,对话,duì huà,đối thoại,2
话,笑话,xiào hua,trò cười; truyện cười,2
话,讲话,jiǎng huà,nói chuyện,2
话,话题,huà tí,chủ đề,2
话,谈话,tán huà,cuộc nói chuyện,2
话,小话儿,xiǎo huàr,tin nhắn riêng tư,2
话,普通话,pǔ tōng huà,tiếng phổ thông,2
话,俗话,sú huà,tục ngữ,3
话,听话,tīng huà,vâng lời,3
诞,圣诞节,Shèng dàn jié,Giáng sinh,1
诞,诞生,dàn shēng,"sinh ra, xuất hiện",3
诞,诞辰,dàn chén,ngày sinh nhật,6
诞,荒诞,huāng dàn,"không thể tin được, phi lý",7
询,咨询,zī xún,tư vấn,5
询,查询,chá xún,tra cứu,5
询,询问,xún wèn,hỏi,5
该,应该,yīng gāi,nên,1
该,活该,huó gāi,đáng đời,7
详,详细,xiáng xì,chi tiết,4
详,安详,ān xiáng,thanh thản,6
详,详尽,xiángjìn,chi tiết,7
详,耳熟能详,ěr shú néng xiáng,nghe quen thuộc,7
诧,诧异,chà yì,ngạc nhiên,6
诧,惊诧,jīng chà,"kinh ngạc, ngạc nhiên",8
诫,告诫,gào jiè,cảnh báo,7
语,口语,kǒu yǔ,ngôn ngữ nói,1
语,外语,wài yǔ,ngoại ngữ,1
语,日语,Rì yǔ,tiếng Nhật,1
语,汉语,hàn yǔ,tiếng Trung,1
语,语法,yǔ fǎ,ngữ pháp,1
语,英语,Yīng yǔ,tiếng Anh,2
语,词语,cí yǔ,từ ngữ,2
语,语言,yǔ yán,ngôn ngữ,2
语,语音,yǔ yīn,ngữ âm,4
语,成语,chéng yǔ,thành ngữ,5
语,母语,mǔ yǔ,tiếng mẹ đẻ,5
语,语气,yǔ qì,ngữ khí,5
语,法语,Fǎ yǔ,tiếng Pháp,6
语,谜语,mí yǔ,câu đố,6
语,自言自语,zì yán zì yǔ,nói chuyện với bản thân,6
误,错误,cuò wù,"sai lầm, lỗi; sai",3
误,误会,wù huì,hiểu lầm,4
误,失误,shī wù,lỗi,6
误,误差,wù chā,lỗi,6
误,误解,wù jiě,hiểu lầm,6
误,延误,yán wù,trì hoãn,7
误,耽误,dān wu,trì hoãn,7
误,误区,wù qū,nhận thức sai lầm,7
误,误导,wù dǎo,lừa dối,7
诱,诱发,yòu fā,gây ra,3
诱,诱惑,yòu huò,dụ dỗ; cám dỗ,6
诱,引诱,yǐn yòu,dụ dỗ,7
诱,诱人,yòu rén,quyến rũ,7
诱,诱饵,yòu'ěr,mồi,7
说,听说,tīng shuō,nghe nói,1
说,说话,shuō huà,nói chuyện,1
说,再说,zài shuō,hơn nữa,2
说,小说,xiǎo shuō,"tiểu thuyết, câu chuyện",2
说,据说,jù shuō,nghe nói là,2
说,说明,shuō míng,giải thích,2
说,比如说,bǐ rú shuō,ví dụ như,2
说,传说,chuán shuō,truyền thuyết,3
说,比方说,bǐ fang shuō,"Ví dụ, chẳng hạn",3
说,道听途说,dào tīng tú shuō,"Nghe nói lung tung, nghe lỏm đường sá, tin đồn",3
说,说服,shuō fú,thuyết phục,4
说,说不定,shuō bu dìng,có lẽ,4
说,说闲话,shuō xián huà,nói chuyện phiếm,4
说,一般来说,yī bān lái shuō,nói chung,4
说,胡说,hú shuō,nói vô nghĩa,5
说明,说明书,shuō míng shū,bản tóm tắt,6
诵,朗诵,lǎng sòng,ngâm thơ,7
诵,背诵,bèi sòng,thuộc lòng,7
请,请假,qǐng jià,xin nghỉ phép,1
请,请坐,qǐng zuò,mời ngồi,1
请,请客,qǐng kè,mời,1
请,请进,qǐng jìn,mời vào,1
请,请问,qǐng wèn,xin hỏi,1
请,请假条,qǐng jià tiáo,Giấy xin nghỉ phép,1
请,请求,qǐng qiú,yêu cầu,2
请,请教,qǐng jiào,hỏi ý kiến,3
请,申请,shēn qǐng,đăng ký,4
请,邀请,yāo qǐng,mời,4
请,请愿书,qǐng yuàn shū,"đơn thỉnh cầu, kiến nghị thư",5
请,聘请,pìn qǐng,thuê,6
请,敬请,jìng qǐng,trân trọng mời,7
请,请帖,qǐng tiě,thiếp mời,7
请,请柬,qǐng jiǎn,thiệp mời,7
请假,请假条,qǐng jià tiáo,Giấy xin nghỉ phép,1
诸,诸位,zhū wèi,Các ngài!,4
诸,诸多,zhū duō,rất nhiều,7
诸,诸如此类,zhū rú cǐ lèi,những điều tương tự như thế này,7
诺,承诺,chéng nuò,cam kết,6
诺,许诺,xǔ nuò,"Hứa hẹn, cam kết",7
诺,诺言,nuò yán,lời hứa,7
诺,一诺千金,yī nuò qiān jīn,"Một lời hứa đáng ngàn vàng, lời nói đáng giá ngàn vàng (giữ lời hứa)",7
读,读书,dú shū,học tập,1
读,阅读,yuè dú,đọc,1
读,读音,dú yīn,phát âm,2
读,读者,dú zhě,độc giả,3
读,朗读,lǎng dú,đọc to,5
读,宣读,xuān dú,tuyên đọc,7
读,就读,jiù dú,đi học,7
读,攻读,gōng dú,học tập chăm chỉ,7
读,解读,jiě dú,giải thích,7
读,默读,mò dú,đọc thầm,7
诽,诽谤,fěi bàng,vu khống,6
课,上课,shàng kè,"đi học, dạy học",1
课,下课,xià kè,kết thúc lớp học,1
课,功课,gōng kè,bài tập,1
课,课文,kè wén,bài khoá,1
课,课本,kè běn,sách giáo khoa,1
课,缺课,quē kè,"Bỏ học, nghỉ học, vắng mặt trong giờ học.",2
课,课余,kè yú,"Ngoài giờ học, giờ giải lao.",2
课,课堂,kè táng,lớp học,2
课,课程,kè chéng,"chương trình học, khóa học",3
课,补课,bǔ kè,bổ sung bài học,6
课,讲课,jiǎng kè,giảng bài,6
课,课题,kè tí,chủ đề nghiên cứu,6
课,备课,bèi kè,chuẩn bị bài giảng,7
课,旷课,kuàng kè,bỏ học,7
谁,谁知道,shéi zhī dào,ai biết,7
调,声调,shēng diào,âm điệu,1
调,空调,kōng tiáo,máy điều hòa,1
调,强调,qiáng diào,nhấn mạnh,3
调,调整,tiáo zhěng,điều chỉnh,3
调,调查,diào chá,khảo sát,3
调,单调,dān diào,đơn điệu,4
调,调皮,tiáo pí,nghịch ngợm,4
调,调动,diào dòng,điều chuyển,5
调,调料,tiáo liào,gia vị,5
调,调节,tiáo jié,điều chỉnh,5
调,协调,xié tiáo,phối hợp,6
调,调剂,tiáo jì,bào chế,6
调,调和,tiáo hé,hòa giải; sự hòa giải,6
调,调研,diào yán,điều tra và khảo sát,6
调,调解,tiáo jiě,hòa giải,6
谅,原谅,yuán liàng,tha thứ,4
谅,体谅,tǐ liàng,"thấu hiểu, cảm thông",6
谅,谅解,liàng jiě,hiểu; thông cảm,6
谆,谆谆,zhūn zhūn,"Tha thiết, ân cần (lời khuyên bảo)",7
谈,谈话,tán huà,cuộc nói chuyện,2
谈,谈判,tán pàn,đàm phán,3
谈,谈吐,tán tǔ,"Lời nói, cách nói chuyện, phong cách giao tiếp",3
谈,纸上谈兵,zhǐ shàng tán bīng,"nói suông, nói chuyện binh đao trên giấy (lý thuyết suông, không thực tế)",5
谈,洽谈,qià tán,đàm phán,6
谈,座谈会,zuò tán huì,diễn đàn,6
谈,侃侃而谈,kǎn kǎn ér tán,"Nói chuyện trôi chảy, hùng hồn",6
谈,交谈,jiāo tán,thảo luận,7
谈,座谈,zuò tán,thảo luận không chính thức,7
谈,畅谈,chàng tán,nói chuyện thoải mái,7
谈,访谈,fǎng tán,phỏng vấn,7
谈,谈到,tán dào,đề cập đến,7
谈,谈论,tán lùn,thảo luận,7
谈,谈起,tán qǐ,nói đến,7
谈,谈不上,tán bu shàng,không có gì để nói,7
谊,友谊,yǒu yì,tình bạn,4
谊,深情厚谊,shēn qíng hòu yì,tình bạn sâu sắc,6
谊,情谊,qíng yì,tình bạn,7
谋,智谋,zhì móu,Trí mưu; mưu trí; mưu lược,4
谋,参谋,cān móu,tư vấn,6
谋,谋求,móu qiú,tìm kiếm,6
谋,阴谋,yīn móu,âm mưu,6
谋,谋害,móu hài,âm mưu hại,7
谋,谋生,móu shēng,kiếm sống,7
谋,足智多谋,zú zhì duō móu,thông minh và mưu trí,7
谍,间谍,jiàn dié,gián điệp,6
谎,说谎,shuō huǎng,nói dối,6
谎,谎话,huǎng huà,lời nói dối,6
谎,撒谎,sā huǎng,nói dối,7
谎,谎言,huǎng yán,lời nói dối,7
谐,谐音,xié yīn,"từ đồng âm, hài âm",3
谐,和谐,hé xié,hài hòa,6
谓,所谓,suǒ wèi,cái gọi là,3
谓,无所谓,wú suǒ wèi,không quan trọng,4
谓,可谓,kě wèi,có thể nói rằng,7
谜,谜语,mí yǔ,câu đố,6
谜,猜谜,cāi mí,đoán câu đố,7
谜,谜团,mí tuán,câu đố,7
谜,谜底,mí dǐ,giải pháp,7
谢,谢谢,xiè xie,cảm ơn,1
谢,不用谢,bú yòng xiè,không có gì (đáp lại lời cảm ơn),1
谢,感谢,gǎn xiè,cảm ơn,2
谢,新陈代谢,xīn chén dài xiè,trao đổi chất,3
谢,道谢,dào xiè,"cảm ơn, bày tỏ lòng biết ơn",5
谣,谣言,yáo yán,tin đồn,5
谤,诽谤,fěi bàng,vu khống,6
谦,谦虚,qiān xū,khiêm tốn,1
谦,谦逊,qiān xùn,khiêm tốn,3
谨,谨慎,jǐn shèn,cẩn thận,5
谨,严谨,yán jǐn,nghiêm ngặt,7
谬,荒谬,huāng miù,vô lý,6
谬,谬论,miù lùn,"Lý luận sai lầm, ngụy biện",7
谱,乐谱,yuè pǔ,bản nhạc,6
谱,离谱儿,lí pǔr,không hợp lý,7
谴,谴责,qiǎn zé,lên án,6
谷,山谷,shān gǔ,thung lũng núi,6
谷,低谷,dī gǔ,thung lũng,7
谷,峡谷,xiá gǔ,hẻm núi,7
豁,豁达,huò dá,cởi mở,7
豁,豁出去,huō chu qu,đánh cược,7
豆,土豆,tǔ dòu,khoai tây,2
豆,豆腐,dòu fu,đậu phụ,4
豆,豆子,dòu zi,đậu,7
豆,豆浆,dòu jiāng,sữa đậu nành,7
象,印象,yìn xiàng,ấn tượng,2
象,对象,duì xiàng,đối tượng,3
象,形象,xíng xiàng,hình ảnh,3
象,现象,xiàn xiàng,hiện tượng,3
象,象征,xiàng zhēng,biểu tượng; tượng trưng,3
象,大象,dà xiàng,con voi,4
象,想象,xiǎng xiàng,tưởng tượng; sự tưởng tượng,4
象,抽象,chōu xiàng,trừu tượng,5
象,象棋,xiàng qí,cờ tướng,5
象,迹象,jì xiàng,dấu hiệu,6
象,难以想象,nán yǐ xiǎng xiàng,không thể tưởng tượng được,7
豪,自豪,zì háo,tự hào,3
豪,豪华,háo huá,sang trọng,5
豪,豪迈,háo mài,"dũng cảm, anh hùng",6
豪,富豪,fù háo,người giàu và quyền lực,7
豫,犹豫,yóu yù,do dự,2
豫,毫不犹豫,háo bù yóu yù,không hề do dự,7
豫,犹豫不决,yóu yù bù jué,do dự,7
豹,豺狼虎豹,chái láng hǔ bào,"sói, hổ, báo (ác thú); kẻ tàn ác",6
豺,豺狼虎豹,chái láng hǔ bào,"sói, hổ, báo (ác thú); kẻ tàn ác",6
貌,礼貌,lǐ mào,lịch sự,4
貌,面貌,miàn mào,diện mạo,6
貌,外貌,wài mào,ngoại hình,7
貌,风貌,fēng mào,phong cách và đặc điểm,7
貌,相貌,xiàng mào,"tướng mạo, diện mạo",8
貌,以貌相人,yǐ mào xiàng rén,"Trông mặt mà bắt hình dong, đánh giá người khác qua vẻ bề ngoài",8
贝,宝贝,bǎo bèi,bảo bối,4
贝,贝壳,bèi ké,vỏ sò,6
贞,忠贞,zhōng zhēn,trung thành,7
负,负责,fù zé,chịu trách nhiệm,2
负,负担,fù dān,gánh nặng,4
负,辜负,gū fù,làm thất vọng,4
负,负重,fù zhòng,"mang nặng, gánh nặng",5
负,欺负,qī fu,bắt nạt,6
负,正负,zhèng fù,"cộng trừ, tích cực và tiêu cực",6
负,胜负,shèng fù,thắng thua,6
负,抱负,bào fù,tham vọng,7
负,担负,dān fù,đảm nhận,7
负,肩负,jiān fù,gánh vác,7
负,自负,zì fù,tự phụ,7
负,负有,fù yǒu,chịu trách nhiệm,7
负,负面,fù miàn,tiêu cực,7
贡,贡献,gòng xiàn,đóng góp; cống hiến,5
财,发财,fā cái,phát tài,3
财,财富,cái fù,giàu có,4
财,财产,cái chǎn,tài sản,5
财,钱财,qián cái,"tiền bạc, của cải",5
财,理财,lǐ cái,quản lý tài chính,6
财,财务,cái wù,tài chính,6
财,财政,cái zhèng,tài chính,6
财,财力,cái lì,nguồn tài chính,7
财,财物,cái wù,tài sản,7
财,财经,cái jīng,tài chính và kinh tế,7
责,负责,fù zé,chịu trách nhiệm,2
责,责任,zé rèn,"trách nhiệm, nghĩa vụ",3
责,责备,zé bèi,khiển trách,5
责,指责,zhǐ zé,chỉ trích,6
责,职责,zhí zé,nhiệm vụ,6
责,谴责,qiǎn zé,lên án,6
责,自责,zì zé,tự trách,7
责,责怪,zé guài,đổ lỗi,7
贤,圣贤,shèng xián,hiền nhân,7
败,失败,shī bài,thất bại,2
败,打败,dǎ bài,đánh bại,4
败,腐败,fǔ bài,thối; thối nát,6
败,败坏,bài huài,hủy hoại,6
账,结账,jié zhàng,thanh toán,5
账,账户,zhàng hù,tài khoản,5
账,算账,suàn zhàng,tính toán,7
账,账单,zhàng dān,hoá đơn,7
账,账号,zhàng hào,tài khoản,7
货,售货员,shòu huò yuán,nhân viên bán hàng,1
货,百货,bǎi huò,hàng hóa tổng hợp,4
货,货币,huò bì,tiền tệ,6
货,通货膨胀,tōng huò péng zhàng,lạm phát tiền tệ,6
货,水货,shuǐ huò,hàng lậu,7
货,货物,huò wù,hàng hóa,7
货,货车,huò chē,xe tải,7
货,货运,huò yùn,vận tải hàng hóa,7
质,质量,zhì liàng,chất lượng,1
质,优质,yōu zhì,chất lượng cao,3
质,物质,wù zhì,vật chất,3
质,矿物质,kuàng wù zhì,"khoáng chất, chất khoáng",3
质,蛋白质,dàn bái zhì,protein,3
质,品质,pǐn zhí,chất lượng,4
质,性质,xìng zhì,tính chất,4
质,本质,běn zhì,bản chất,5
质,人质,rén zhì,con tin,6
质,变质,biàn zhì,thoái hóa,6
质,地质,dì zhì,địa chất,6
质,素质,sù zhì,chất lượng,6
质,体质,tǐ zhí,thể chất,7
质,劣质,liè zhì,chất lượng kém,7
质,实质,shí zhì,bản chất,7
贩,贩卖,fàn mài,buôn bán,6
贩,商贩,shāng fàn,tiểu thương,7
贩,小贩,xiǎofàn,người bán hàng rong,7
贪,贪婪,tān lán,tham lam,6
贪,贪污,tān wū,tham ô,7
贪,贪玩儿,tān wánr,quá ham chơi,7
贫,贫血,pín xuè,thiếu máu,4
贫,贫困,pín kùn,nghèo khổ,6
贫,贫穷,pín qióng,nghèo,6
贫,贫富,pín fù,người nghèo và giàu,7
贬,贬值,biǎn zhí,phá giá,7
购,购物,gòu wù,mua sắm,1
购,购物中心,gòu wù zhōng xīn,trung tâm mua sắm,1
购,购买,gòu mǎi,mua,4
购,采购,cǎi gòu,mua sắm,6
购,并购,bìng gòu,sáp nhập và mua lại,7
购,订购,dìng gòu,"đặt hàng, đăng ký",7
购物,购物中心,gòu wù zhōng xīn,trung tâm mua sắm,1
贮,贮藏,zhù cáng,tích trữ,7
贯,全神贯注,quán shén guàn zhù,"tập trung cao độ, chú tâm hết sức",5
贯,一贯,yī guàn,luôn luôn,6
贯,籍贯,jí guàn,nơi sinh,6
贯,贯彻,guàn chè,triển khai,6
贯,贯穿,guàn chuān,chạy xuyên suốt,7
贯,贯通,guàn tōng,thông thạo,7
贴,体贴,tǐ tiē,quan tâm,5
贴,粘贴,zhān tiē,"dán, dính",5
贴,补贴,bǔ tiē,trợ cấp,6
贴,张贴,zhāng tiē,dán lên,7
贴,津贴,jīn tiē,trợ cấp,7
贴,贴切,tiē qiè,thích hợp,7
贴,贴近,tiē jìn,gần,7
贵,免贵,miǎn guì,không dám (lời đáp lịch sự khi được hỏi quý danh),2
贵,贵姓,guì xìng,quý danh (hỏi họ của người khác một cách lịch sự),2
贵,宝贵,bǎo guì,quý giá,4
贵,贵族,guì zú,quý tộc,4
贵,名贵,míng guì,quý hiếm,6
贵,昂贵,áng guì,đắt đỏ,6
贵,珍贵,zhēn guì,"có giá trị, quý giá",6
贵,难能可贵,nán néng kě guì,hiếm và quý giá,6
贵,可贵,kě guì,quý giá,7
贵,尊贵,zūn guì,tôn quý,7
贵,贵宾,guì bīn,khách quý,7
贵,贵重,guì zhòng,quý giá,7
贵,高贵,gāo guì,cao quý,7
贷,贷款,dài kuǎn,cung cấp hoặc yêu cầu một khoản vay; cho vay,4
贷,信贷,xìn dài,tín dụng,7
贸,贸易,mào yì,thương mại,5
贸,外贸,wài mào,ngoại thương,7
贸,经贸,jīng mào,kinh tế và thương mại,7
费,免费,miǎn fèi,miễn phí,2
费,浪费,làng fèi,lãng phí,2
费,交费,jiāo fèi,nộp phí,3
费,学费,xué fèi,học phí,3
费,收费,shōu fèi,thu phí,3
费,消费,xiāo fèi,Tiêu thụ,3
费,费用,fèi yòng,chi phí,3
费,费尽心机,fèi jìn xīn jī,"hao hết tâm tư, dốc hết tâm cơ",3
费,经费,jīng fèi,chi phí,6
费,耗费,hào fèi,tiêu thụ,6
费,花费,huā fèi,chi phí,6
费,手续费,shǒu xù fèi,phí dịch vụ,6
费,生活费,shēng huó fèi,chi phí sinh hoạt,6
费,付费,fù fèi,trả phí,7
费,公费,gōng fèi,chi phí nhà nước,7
贺,贺卡,hè kǎ,thiệp chúc mừng,1
贺,祝贺,zhù hè,chúc mừng,2
贺,庆贺,qìng hè,ăn mừng,7
贺,贺信,hè xìn,thư chúc mừng,7
贺,贺电,hè diàn,điện báo chúc mừng,7
贾,商贾,shāng gǔ,thương nhân,7
贿,受贿,shòu huì,nhận hối lộ,7
贿,贿赂,huì lù,hối lộ,7
赁,租赁,zū lìn,thuê,6
赂,贿赂,huì lù,hối lộ,7
赃,分赃,fēn zāng,chia chiến lợi phẩm,7
资,工资,gōng zī,lương,3
资,资格,zī gé,trình độ chuyên môn,3
资,资金,zī jīn,quỹ,3
资,投资,tóu zī,đầu tư,4
资,资料,zī liào,"tài liệu, dữ liệu",4
资,资源,zī yuán,tài nguyên,4
资,外资,wài zī,vốn nước ngoài,6
资,物资,wù zī,vật tư,6
资,资产,zī chǎn,tài sản,6
资,资助,zī zhù,tài trợ,6
资,资本,zī běn,vốn,6
资,资深,zī shēn,cao cấp,6
资,出资,chū zī,cung cấp tài trợ,7
资,合资,hé zī,"hợp tác, góp vốn",7
资,师资,shī zī,giáo viên,7
资本,资本主义,zī běn zhǔ yì,chủ nghĩa tư bản,7
赋,天赋,tiān fù,"tài năng, năng khiếu",7
赋,赋予,fù yǔ,ban tặng,7
赋,赋税,fù shuì,"thuế má, thuế khóa",7
赌,赌博,dǔ bó,cờ bạc,6
赏,欣赏,xīn shǎng,ngưỡng mộ,3
赏,赏识,shǎng shí,"thưởng thức, đánh giá cao, trọng dụng",4
赏,赞赏,zàn shǎng,ngưỡng mộ,4
赏,赏心悦目,shǎng xīn yuè mù,"làm hài lòng (mắt và lòng), đẹp mắt, thích mắt",5
赏,奖赏,jiǎng shǎng,phần thưởng; thưởng,6
赏,观赏,guān shǎng,ngắm cảnh,7
赏,鉴赏,jiàn shǎng,cảm nhận,7
赐,恩赐,ēn cì,ban phước,7
赐,赐教,cì jiào,ban phát chỉ dạy,7
赔,赔偿,péi cháng,bồi thường; đền bù,5
赔,索赔,suǒ péi,yêu cầu bồi thường,7
赔,赔钱,péi qián,lỗ vốn,7
赖,依赖,yī lài,phụ thuộc,6
赖,信赖,xìn lài,tin tưởng,6
赖,无赖,wú lài,trơ trẽn,6
赖,耍赖,shuǎ lài,giở trò vô lý,7
赚,赚钱,zhuàn qián,kiếm tiền,3
赛,比赛,bǐ sài,thi đấu,1
赛,决赛,jué sài,chung kết,3
赛,赛马,sài mǎ,đua ngựa,3
赛,竞赛,jìng sài,cuộc thi,5
赛,大奖赛,dà jiǎng sài,cuộc thi,5
赛,参赛,cān sài,tham gia thi đấu,6
赛,大赛,dà sài,cuộc thi lớn,6
赛,联赛,lián sài,trận đấu giải,6
赛,赛场,sài chǎng,khu vực thi đấu,6
赛,半决赛,bàn jué sài,bán kết,6
赛,赛跑,sài pǎo,chạy thi,7
赛,赛车,sài chē,đua xe,7
赛,预赛,yù sài,vòng loại,7
赞,赞美,zàn měi,ca ngợi,3
赞,称赞,chēng zàn,khen ngợi,4
赞,赞助,zàn zhù,tài trợ,4
赞,赞成,zàn chéng,"tán thành, đồng ý",4
赞,赞赏,zàn shǎng,ngưỡng mộ,4
赞,赞叹,zàn tàn,khen ngợi,6
赞,赞同,zàn tóng,tán thành,7
赞,赞扬,zàn yáng,khen ngợi,7
赞,赞许,zàn xǔ,khen ngợi,7
赞,赞不绝口,zàn bù jué kǒu,khen ngợi không ngớt,7
赞,赞叹不已,zàn tàn bù yǐ,khen ngợi không ngừng,7
赞叹,赞叹不已,zàn tàn bù yǐ,khen ngợi không ngừng,7
赠,赠言,zèng yán,"lời tặng, lời khuyên (khi chia tay, tốt nghiệp)",4
赠,捐赠,juān zèng,quyên góp,6
赠,赠送,zèng sòng,tặng,6
赡,赡养,shàn yǎng,hỗ trợ,7
赢,赢得,yíng dé,giành chiến thắng,4
赢,双赢,shuāng yíng,tình huống đôi bên cùng có lợi,7
赢,赢家,yíng jiā,người chiến thắng,7
赤,赤字,chì zì,thâm hụt,6
赤,面红耳赤,miàn hóng ěr chì,mặt đỏ tai hồng; đỏ mặt tía tai,7
赫,显赫,xiǎn hè,nổi tiếng,7
赫,赫然,hè rán,ấn tượng,7
走,走路,zǒu lù,đi bộ,1
走,走开,zǒu kāi,tránh ra,2
走,走散,zǒu sàn,"Đi lạc, thất lạc, tản ra",2
走,走过,zǒu guò,đi qua,2
走,走进,zǒu jìn,đi vào,2
走,走廊,zǒu láng,hành lang,5
走,拿走,ná zǒu,mang đi,6
走,走私,zǒu sī,buôn lậu,6
走,飞禽走兽,fēi qín zǒu shòu,chim thú,6
走,出走,chū zǒu,bỏ trốn,7
走,行走,xíng zǒu,đi bộ,7
走,走兽,zǒu shòu,"thú chạy, động vật đi lại (trên cạn)",7
走,走动,zǒu dòng,"Đi lại, di chuyển; thăm hỏi qua lại",7
走,走势,zǒu shì,"Xu hướng, chiều hướng (thị trường, giá cả)",7
走,走近,zǒu jìn,đến gần,7
走兽,飞禽走兽,fēi qín zǒu shòu,chim thú,6
走过,走过场,zǒu guò chǎng,làm cho có hình thức,7
赴,全力以赴,quán lì yǐ fù,dồn hết sức,6
赴,奔赴,bēn fù,vội vàng,7
赴,赶赴,gǎn fù,vội,7
赴,前赴后继,qián fù hòu jì,tiến lên liên tục,7
赶,赶不上,gǎn bu shàng,không theo kịp,2
赶,赶到,gǎn dào,vội vàng,3
赶,赶快,gǎn kuài,"ngay lập tức, nhanh chóng",3
赶,赶紧,gǎn jǐn,nhanh chóng,3
赶,赶上,gǎn shàng,bắt kịp,6
赶,赶忙,gǎn máng,vội vàng,6
赶,赶往,gǎn wǎng,vội vàng đến,7
赶,赶赴,gǎn fù,vội,7
赶,追赶,zhuī gǎn,đuổi theo,7
起,一起,yī qǐ,cùng nhau,1
起,起床,qǐ chuáng,thức dậy,1
起,起来,qǐ lái,đứng lên,1
起,对不起,duì bu qǐ,tôi xin lỗi,1
起,看起来,kàn qǐ lái,trông như thể,1
起,早睡早起,zǎo shuì zǎo qǐ,Ngủ sớm dậy sớm,1
起,想起,xiǎng qǐ,nhớ lại,2
起,起飞,qǐ fēi,cất cánh,2
起,了不起,liǎo bu qǐ,tuyệt vời,2
起,引起,yǐn qǐ,gây ra,4
起,起码,qǐ mǎ,ít nhất,4
起,看不起,kàn bu qǐ,coi thường,4
起,起居,qǐ jū,"sinh hoạt hàng ngày, ăn ở",5
起,发起,fā qǐ,khởi xướng,6
起,掀起,xiān qǐ,nâng lên,6
起来,看起来,kàn qǐ lái,trông như thể,1
起来,说起来,shuō qǐ lái,nói thật ra,7
趁,趁早,chèn zǎo,càng sớm càng tốt,7
趁,趁机,chèn jī,nắm bắt cơ hội,7
趁,趁着,chèn zhe,lợi dụng,7
超,超市,chāo shì,siêu thị,1
超,超过,chāo guò,vượt qua,2
超,超级,chāo jí,siêu,3
超,超越,chāo yuè,vượt qua,3
超,超声波,chāo shēng bō,"sóng siêu âm, siêu âm",3
超,超出,chāo chū,vượt quá,6
超,高超,gāo chāo,xuất sắc,6
超,超前,chāo qián,dẫn đầu,7
超,超标,chāo biāo,vượt quá giới hạn,7
超,超车,chāo chē,vượt xe,7
超,超速,chāo sù,tốc độ cao,7
越,越来越,yuè lái yuè,càng ngày càng,2
越,超越,chāo yuè,vượt qua,3
越,优越,yōuyuè,ưu việt,6
越,卓越,zhuó yuè,xuất sắc,6
越,越南,Yuè nán,Việt Nam,6
越,跨越,kuà yuè,bước qua,6
越,穿越,chuān yuè,vượt qua,7
越,越发,yuè fā,càng ngày càng,7
越,越过,yuè guò,băng qua,7
趋,趋势,qū shì,xu hướng,4
趋,日趋,rì qū,ngày càng,7
趋,趋于,qū yú,có xu hướng,7
趣,感兴趣,gǎn xìng qù,quan tâm đến,1
趣,兴趣,xìng qù,sở thích,3
趣,趣味,qù wèi,sở thích,3
趣,乐趣,lè qù,niềm vui,4
趣,有趣,yǒu qù,thú vị,4
趣,情趣,qíng qù,"phong vị, hứng thú, niềm vui",5
趣,风趣,fēng qù,hài hước,7
足,足球,zú qiú,bóng đá,1
足,踢足球,tī zúqiú,chơi bóng đá,2
足,满足,mǎn zú,thỏa mãn,3
足,足够,zú gòu,đủ,3
足,不足,bù zú,không đủ,5
足,立足,lì zú,đứng vững,6
足,足以,zú yǐ,đủ để,6
足,举足轻重,jǔ zú qīng zhòng,có ảnh hưởng,6
足,微不足道,wēi bù zú dào,không đáng kể,6
足,知足常乐,zhī zú cháng lè,biết đủ thường vui,6
足,富足,fù zú,dồi dào,7
足,知足,zhī zú,biết đủ,7
足,足迹,zú jì,dấu chân,7
足,长足,cháng zú,nhanh chóng,7
足,无足轻重,wú zú qīng zhòng,không quan trọng,7
足球,踢足球,tī zúqiú,chơi bóng đá,2
趿,趿拉,tā la,"Lê (dép, giày); kéo lê",4
跃,活跃,huó yuè,hoạt động sôi nổi,5
跃,跳跃,tiào yuè,nhảy,6
跃,踊跃,yǒng yuè,nhiệt tình,6
跃,飞跃,fēi yuè,nhảy vọt,6
跌,下跌,xià diē,lao dốc,7
跑,跑步,pǎo bù,chạy bộ,1
跑,奔跑,bēn pǎo,chạy,3
跑,长跑,cháng pǎo,chạy đường dài,6
跑,赛跑,sài pǎo,chạy thi,7
跑,跑车,pǎo chē,xe thể thao,7
跑,跑道,pǎo dào,đường băng,7
跑,起跑线,qǐ pǎo xiàn,đường xuất phát,7
跑,跑龙套,pǎo lóng tào,đóng vai phụ,7
跚,蹒跚,pán shān,"Loạng choạng, lảo đảo (chỉ dáng đi)",7
跚,步履蹒跚,bù lǚ pán shān,"Bước đi loạng choạng, lảo đảo",8
距,距离,jù lí,khoảng cách,4
距,差距,chā jù,khoảng cách,5
距,焦距,jiāo jù,tiêu cự,7
跟,跟踪,gēn zōng,"theo dõi, theo dõi bí mật",5
跟,跟随,gēn suí,đi theo,5
跟,跟前,gēn qián,trước mặt,6
跟,跟上,gēn shàng,đuổi kịp,7
跟,跟不上,gēnbushàng,không theo kịp,7
跤,摔跤,shuāi jiāo,đấu vật,6
跨,跨越,kuà yuè,bước qua,6
跨,跨国,kuà guó,đa quốc gia,7
路,走路,zǒu lù,đi bộ,1
路,路上,lù shàng,trên đường,1
路,路口,lù kǒu,ngã tư,1
路,马路,mǎ lù,đường,1
路,公路,gōng lù,đường cao tốc,2
路,路边,lù biān,lề đường,2
路,道路,dào lù,đường,2
路,问路,wèn lù,hỏi đường,2
路,一路平安,yī lù píng'ān,Thượng lộ bình an,2
路,一路顺风,yī lù shùn fēng,thượng lộ bình an,2
路,路线,lù xiàn,tuyến đường,3
路,铁路,tiě lù,đường sắt,3
路,高速公路,gāo sù gōng lù,đường cao tốc,3
路,迷路,mí lù,lạc đường,4
路,一路,yī lù,suốt đường,5
路上,一路上,yī lù shàng,trên đường,6
路口,十字路口,shí zì lù kǒu,ngã tư,7
跳,跳舞,tiào wǔ,nhảy múa,1
跳,跳远,tiào yuǎn,nhảy xa,3
跳,跳高,tiào gāo,nhảy cao,3
跳,跳槽,tiào cáo,thay đổi công việc,6
跳,跳水,tiào shuǐ,lặn,6
跳,跳跃,tiào yuè,nhảy,6
跳,跳伞,tiào sǎn,nhảy dù,7
跳,跳动,tiào dòng,đập (tim),7
跳,活蹦乱跳,huó bèng luàn tiào,"Sống động, nhanh nhẹn, lanh lợi; nhảy nhót lung tung",8
践,实践,shí jiàn,thực hành,5
跻,跻身,jī shēn,"Gia nhập, bước chân vào (hàng ngũ, giới nào đó)",8
踊,踊跃,yǒng yuè,nhiệt tình,6
踌,踌躇,chóu chú,do dự,7
踏,踏实,tā shi,"vững vàng, yên tâm",6
踏,踏上,tà shàng,đặt chân lên,7
踟,踟蹰,chí chú,"Do dự, ngập ngừng, chần chừ",7
踢,踢足球,tī zúqiú,chơi bóng đá,2
踪,追踪,zhuī zōng,theo dõi,4
踪,跟踪,gēn zōng,"theo dõi, theo dõi bí mật",5
踪,失踪,shī zōng,biến mất,6
踪,踪迹,zōng jì,dấu vết,6
蹄,蹄子,tí zǐ,móng (chân động vật),5
蹈,舞蹈,wǔ dǎo,nhảy múa; điệu nhảy,3
蹋,糟蹋,zāo tà,phá hoại,6
蹒,蹒跚,pán shān,"Loạng choạng, lảo đảo (chỉ dáng đi)",7
蹒,步履蹒跚,bù lǚ pán shān,"Bước đi loạng choạng, lảo đảo",8
蹒跚,步履蹒跚,bù lǚ pán shān,"Bước đi loạng choạng, lảo đảo",8
蹦,活蹦乱跳,huó bèng luàn tiào,"Sống động, nhanh nhẹn, lanh lợi; nhảy nhót lung tung",8
蹰,踟蹰,chí chú,"Do dự, ngập ngừng, chần chừ",7
躁,暴躁,bào zào,nóng tính,7
躁,浮躁,fú zào,bốc đồng,7
躁,烦躁,fán zào,kích động,7
躁,焦躁,jiāo zào,nóng nảy,7
躁,心浮气躁,xīn fú qì zào,"Nóng nảy, bồn chồn, hấp tấp, không bình tĩnh",8
躇,踌躇,chóu chú,do dự,7
身,身上,shēn shàng,trên tay,1
身,身体,shēn tǐ,cơ thể,1
身,全身,quán shēn,toàn thân,2
身,身边,shēn biān,bên cạnh,2
身,转身,zhuǎn shēn,quay lại,2
身,自身,zì shēn,bản thân,3
身,身高,shēn gāo,chiều cao,3
身,身份证,shēn fèn zhèng,chứng minh thư,3
身,身份,shēn fèn,"vai trò, tình trạng, nhân dạng",4
身,身子,shēn zi,cơ thể,4
身,身材,shēn cái,vóc dáng,4
身,一身,yī shēn,toàn thân,5
身,健身,jiàn shēn,"giữ gìn sức khỏe, tập thể dục",5
身,身段,shēn duàn,dáng người; điệu bộ,5
身,随身,suí shēn,mang theo,5
身份,身份证,shēn fèn zhèng,chứng minh thư,3
躬,鞠躬,jū gōng,cúi đầu,5
躯,身躯,shēn qū,cơ thể,7
躲,躲藏,duǒ cáng,"trốn, ẩn nấp",5
躲,躲避,duǒ bì,tránh né,7
车,上车,shàng chē,lên xe,1
车,下车,xià chē,xuống xe,1
车,堵车,dǔ chē,kẹt xe,1
车,开车,kāi chē,lái xe ô tô,1
车,打车,dǎ chē,đón xe,1
车,汽车,qì chē,xe ô tô,1
车,火车,huǒ chē,tàu hỏa,1
车,车上,chē shang,trên xe,1
车,车棚,chē péng,"nhà để xe (đạp, máy), mái che xe",1
车,车票,chē piào,vé xe,1
车,车站,chē zhàn,trạm xe buýt,1
车,出租车,chū zū chē,taxi,1
车,火车站,huǒ chē zhàn,ga xe lửa,1
车,自行车,zì xíng chē,xe đạp,1
车,公共汽车,gōng gòng qì chē,xe buýt,1
车位,停车位,tíng chē wèi,chỗ đậu xe,7
车站,火车站,huǒ chē zhàn,ga xe lửa,1
轨,轨道,guǐ dào,đường sắt; quỹ đạo,6
轨,接轨,jiē guǐ,kết nối đường ray,7
轨,轨迹,guǐ jì,quỹ đạo,7
转,转身,zhuǎn shēn,quay lại,2
转,转变,zhuǎn biàn,"thay đổi, chuyển đổi",3
转,转动,zhuàn dòng,quay,4
转,转告,zhuǎn gào,chuyển lời,4
转,转弯,zhuǎn wān,"quẹo, rẽ",4
转,转移,zhuǎn yí,chuyển giao,4
转,转向,zhuǎn xiàng,chuyển hướng,5
转,转头,zhuān tóu,gạch (xây nhà),5
转,转换,zhuǎn huàn,thay đổi,5
转,周转,zhōu zhuǎn,xoay quanh,6
转,好转,hǎo zhuǎn,chuyển biến tốt,6
转,扭转,niǔ zhuǎn,thay đổi mạnh mẽ,6
转,旋转,xuán zhuǎn,xoay,6
转,转折,zhuǎn zhé,bước ngoặt,6
转,转让,zhuǎn ràng,chuyển nhượng,6
转弯,急转弯,jízhuǎnwān,rẽ gấp,7
转折,转折点,zhuǎn zhé diǎn,điểm ngoặt,7
轮,轮胎,lún tāi,lốp xe,1
轮,轮子,lún zi,bánh xe,4
轮,轮廓,lún kuò,hình dáng,4
轮,轮椅,lún yǐ,xe lăn,4
轮,轮船,lún chuán,tàu hơi nước,4
轮,轮流,lún liú,luân phiên,5
轮,车轮,chē lún,bánh xe,7
轮,轮换,lún huàn,luân phiên,7
软,软件,ruǎn jiàn,phần mềm,5
软,软弱,ruǎn ruò,yếu đuối,5
软,柔软,róuruǎn,"mềm, linh hoạt",7
软,软实力,ruǎn shí lì,quyền lực mềm,7
轰,轰动,hōng dòng,gây chấn động,6
轰,轰炸,hōng zhà,ném bom,7
轴,车轴,chē zhóu,trục xe,7
轻,年轻,nián qīng,trẻ,2
轻,轻易,qīng yì,dễ dàng,4
轻,轻松,qīng sōng,thư giãn,4
轻,轻视,qīng shì,coi thường,5
轻,举足轻重,jǔ zú qīng zhòng,có ảnh hưởng,6
轻,看轻,kàn qīng,"Khinh thường, coi thường, coi nhẹ",7
轻,轻型,qīng xíng,nhẹ,7
轻,轻微,qīng wēi,nhẹ,7
轻,轻率,qīng shuài,"Khinh suất, thiếu suy nghĩ, vội vàng",7
轻,轻蔑,qīng miè,khinh miệt,7
轻,无足轻重,wú zú qīng zhòng,không quan trọng,7
轻,轻而易举,qīng ér yì jǔ,dễ dàng,7
轻,轻车熟路,qīng chē shú lù,"Xe nhẹ đường quen; quen việc, thành thạo",8
载,下载,xià zài,tải xuống,4
载,记载,jì zǎi,ghi chép,4
载,承载,chéng zài,chịu đựng,7
载,转载,zhuǎn zǎi,tái bản,7
载,载体,zài tǐ,vật mang,7
轿,轿车,jiào chē,xe hơi,7
较,比较,bǐ jiào,tương đối,1
较,计较,jì jiào,tranh luận,6
较,较量,jiào liàng,đọ sức,6
较,较劲,jiào jìn,"phản đối, tranh cãi",7
辅,辅导,fǔ dǎo,hướng dẫn,2
辅,辅助,fǔ zhù,hỗ trợ,6
辅,相辅相成,xiāng fǔ xiāng chéng,bổ sung cho nhau,6
辆,车辆,chē liàng,xe cộ,2
辈,一辈子,yī bèi zi,cả đời,4
辈,长辈,zhǎng bèi,thế hệ trước,5
辈,前辈,qián bèi,thế hệ trước,7
辉,光辉,guāng huī,rực rỡ,6
辉,辉煌,huī huáng,rực rỡ,6
辐,辐射,fú shè,phát xạ,7
辑,专辑,zhuān jí,album,5
辑,编辑,biān jí,chỉnh sửa,5
辑,逻辑,luó jí,logic,5
输,输入,shū rù,nhập,3
输,运输,yùn shū,vận chuyển,3
输,传输,chuán shū,truyền tải,6
输,灌输,guàn shū,truyền đạt,7
输,输家,shū jiā,người thua cuộc,7
输,输液,shū yè,truyền dịch,7
输,输血,shū xuè,truyền máu,7
输,输送,shū sòng,vận chuyển,7
辕,南辕北辙,nán yuán běi zhé,"Đi ngược lại mục đích, trái ngược",6
辖,管辖,guǎn xiá,quản lý,6
辙,南辕北辙,nán yuán běi zhé,"Đi ngược lại mục đích, trái ngược",6
辙,没辙,méi zhé,không có lối thoát,7
辛,辛苦,xīn kǔ,vất vả,2
辛,艰辛,jiān xīn,gian khổ,7
辛,辛勤,xīn qín,chăm chỉ,7
辛,辛酸,xīn suān,đắng cay,7
辜,辜负,gū fù,làm thất vọng,4
辜,无辜,wú gū,vô tội,6
辞,推辞,tuī cí,từ chối,5
辞,辞职,cí zhí,từ chức,5
辞,告辞,gào cí,từ biệt,6
辞,致辞,zhì cí,phát biểu,6
辞,言辞,yán cí,lời nói,7
辞,辞去,cí qù,từ chức,7
辞,辞呈,cí chéng,đơn từ chức,7
辞,不辞而别,bù cí ér bié,bỏ đi không từ biệt,7
辟,开辟,kāi pì,mở ra,7
辟,开天辟地,kāi tiān pì dì,tạo bước ngoặt,7
辣,辣椒,là jiāo,ớt,2
辣,泼辣,pō la,"Đanh đá, chua ngoa, dữ dằn (thường dùng để chỉ phụ nữ)",4
辣,酸甜苦辣,suān tián kǔ là,"chua, ngọt, đắng và cay",5
辣,麻辣,má là,cay tê,7
辣,火辣辣,huǒ lā lā,nóng như thiêu đốt,7
辨,分辨,fēn biàn,phân biệt,5
辨,辨认,biàn rèn,nhận ra,6
辨,辨别,biàn bié,phân biệt,7
辨,隐约可辨,yǐn yuē kě biàn,lờ mờ có thể nhận ra,8
辩,辩论,biàn lùn,tranh luận,4
辩,辩护,biàn hù,biện hộ,6
辩,辩解,biàn jiě,biện minh,6
辩,答辩,dá biàn,biện hộ,7
辫,辫子,biàn zi,bím tóc,5
辰,诞辰,dàn chén,ngày sinh nhật,6
辱,侮辱,wǔ rǔ,xúc phạm,6
辱,耻辱,chǐ rǔ,sự sỉ nhục,7
边,一边,yī biān,một bên,1
边,上边,shàng biān,bên trên,1
边,下边,xià biān,bên dưới,1
边,东边,dōng biān,phía đông,1
边,前边,qián bian,phía trước,1
边,北边,běi biān,phía bắc,1
边,南边,nán biān,phía nam,1
边,右边,yòu biān,bên phải,1
边,后边,hòu biān,đằng sau,1
边,外边,wài biān,bên ngoài,1
边,左边,zuǒ biān,bên trái,1
边,旁边,páng biān,bên cạnh,1
边,西边,xī biān,phía tây,1
边,这边,zhè biān,"ở đây, bên này",1
边,那边,nà biān,ở đó,1
辽,辽阔,liáo kuò,"rộng lớn, bao la",6
达,发达,fā dá,phát triển,2
达,到达,dào dá,đến nơi,3
达,表达,biǎo dá,biểu đạt,3
达,达到,dá dào,đạt được,3
达,传达,chuán dá,"truyền đạt, chuyển tải thông tin",5
达,抵达,dǐ dá,đến,6
达,达成,dá chéng,đạt được,6
达,雷达,léi dá,ra đa,6
达,溜达,liū da,đi dạo,7
达,直达,zhí dá,trực tiếp,7
达,豁达,huò dá,cởi mở,7
达,转达,zhuǎn dá,truyền đạt,7
达,达标,dá biāo,đạt tiêu chuẩn,7
达,长达,cháng dá,kéo dài,7
达,传达室,chuán dá shì,"Phòng bảo vệ, phòng trực ban",8
迁,变迁,biàn qiān,thay đổi,6
迁,拆迁,chāi qiān,phá dỡ nhà cũ và tái định cư cư dân,6
迁,迁就,qiān jiù,nhượng bộ,6
迁,迁徙,qiān xǐ,di cư,6
迁,搬迁,bān qiān,chuyển nhà,7
迁,迁移,qiān yí,di cư,7
迄,迄今为止,qì jīn wéi zhǐ,từ thời gian này đến thời gian khác,6
迄,迄今,qì jīn,cho đến nay,7
迄今,迄今为止,qì jīn wéi zhǐ,từ thời gian này đến thời gian khác,6
迅,迅速,xùn sù,nhanh,2
过,不过,bù guò,nhưng,1
过,穿过,chuān guò,xuyên qua,2
过,经过,jīng guò,đi qua; trải qua; thông qua,2
过,见过,jiàn guò,đã gặp,2
过,走过,zǒu guò,đi qua,2
过,超过,chāo guò,vượt qua,2
过,过去,guò qù,trong quá khứ; quá khứ; đi qua,2
过,过年,guò nián,đón Tết,2
过,过来,guò lai,đến đây,2
过,通过,tōng guò,thông qua,2
过,错过,cuò guò,bỏ lỡ,2
过,难过,nán guò,buồn,2
过,过程,guò chéng,quá trình,3
过,过节,guò jié,ăn mừng lễ hội,3
过,过山车,guò shān chē,"tàu lượn siêu tốc, tàu lượn",3
过于,莫过于,mò guò yú,không có gì vượt qua,7
过来,反过来,fǎn guo lái,ngược lại,7
迈,豪迈,háo mài,"dũng cảm, anh hùng",6
迈,年迈,nián mài,già yếu,7
迈,迈进,mài jìn,tiến lên,7
迎,欢迎,huān yíng,hoan nghênh,1
迎,迎接,yíng jiē,đón tiếp,3
迎,迎来,yíng lái,chào đón,6
迎,迎面,yíng miàn,đối mặt,6
迎,迎合,yíng hé,chiều theo,7
运,运动,yùn dòng,tập thể dục; thể thao,2
运,命运,mìng yùn,số phận,3
运,幸运,xìng yùn,may mắn,3
运,运输,yùn shū,vận chuyển,3
运,奥运会,Ào yùn huì,Thế vận hội,3
运,运动会,yùn dòng huì,đại hội thể thao,3
运,运动员,yùn dòng yuán,vận động viên,3
运,运气,yùn qi,vận may,4
运,运用,yùn yòng,áp dụng,4
运,好运,hǎo yùn,may mắn,5
运,运行,yùn xíng,hoạt động,5
运,托运,tuō yùn,gửi hàng,6
运,运作,yùn zuò,hoạt động,6
运,运算,yùn suàn,tính toán,6
运,厄运,è'yùn,vận xui,7
运动,运动会,yùn dòng huì,đại hội thể thao,3
运动,运动员,yùn dòng yuán,vận động viên,3
近,最近,zuì jìn,gần đây,2
近,近视,jìn shì,cận thị,2
近,附近,fù jìn,gần đây,2
近,亲近,qīn jìn,gần gũi,3
近,将近,jiāng jìn,gần,3
近,接近,jiē jìn,tiếp cận,3
近,近期,jìn qī,gần đây,3
近,相近,xiāng jìn,"gần giống, tương tự",5
近,近代,jìn dài,thời hiện đại,5
近,就近,jiù jìn,gần đó,6
近,近日,jìn rì,trong vài ngày qua,6
近,近来,jìn lái,gần đây,6
近,急功近利,jí gōng jìn lì,tìm kiếm thành công nhanh chóng và lợi ích tức thì,6
近,临近,lín jìn,đến gần,7
近,贴近,tiē jìn,gần,7
返,返回,fǎn huí,"trở về, quay lại",5
返,返航,fǎn háng,"quay về (bằng tàu, máy bay)",5
返,往返,wǎng fǎn,khứ hồi,7
返,返哺,fǎn bǔ,Phản哺 (chim non lớn lên mớm lại thức ăn cho chim mẹ); báo hiếu (nghĩa rộng),7
返,返还,fǎn huán,trở về,7
返,重返,chóng fǎn,trở lại,7
还,还是,hái shi,hoặc (trong câu hỏi),1
还,还有,hái yǒu,"còn có, ngoài ra",1
还,还可以,hái kě yǐ,"tạm được, cũng được, vẫn được",1
还,讨价还价,tǎo jià huán jià,mặc cả,5
还,偿还,cháng huán,trả lại,6
还,还原,huán yuán,phục hồi; sự khôi phục,6
还,归还,guī huán,trả lại,7
还,返还,fǎn huán,trở về,7
还,还款,huán kuǎn,hoàn trả,7
这,这个,zhè ge,cái này,1
这,这么,zhè me,như thế,1
这,这些,zhè xiē,những cái này,1
这,这儿,zhèr,ở đây,1
这,这样,zhè yàng,như vậy,1
这,这边,zhè biān,"ở đây, bên này",1
这,这里,zhè li,ở đây,1
这,这时候,zhè shí hòu,lúc này,2
这,这就是说,zhè jiù shì shuō,điều đó có nghĩa là,6
这,这么着,zhè me zhe,"Như thế này, cứ như vậy",7
这,这会儿,zhè huìr,hiện tại,7
这,这样一来,zhè yàng yī lái,vì vậy,7
这么,这么着,zhè me zhe,"Như thế này, cứ như vậy",7
这样,这样一来,zhè yàng yī lái,vì vậy,7
进,请进,qǐng jìn,mời vào,1
进,进去,jìn qù,đi vào,1
进,进来,jìn lái,vào,1
进,走进,zǒu jìn,đi vào,2
进,进入,jìn rù,vào,2
进,进步,jìn bù,tiến bộ,2
进,进行,jìn xíng,tiến hành,2
进,进门,jìn mén,"Vào cửa, bước vào nhà",2
进,先进,xiān jìn,tiên tiến,3
进,前进,qián jìn,tiến lên,3
进,推进,tuī jìn,tiến hành,3
进,改进,gǎi jìn,cải tiến,3
进,进展,jìn zhǎn,tiến triển,3
进,进一步,jìn yī bù,tiếp tục,3
进,促进,cù jìn,thúc đẩy,4
进出,进出口,jìn chū kǒu,nhập khẩu và xuất khẩu,7
远,永远,yǒng yuǎn,mãi mãi,2
远,跳远,tiào yuǎn,nhảy xa,3
远,遥远,yáo yuǎn,xa xôi,3
远,出远门,chū yuǎn mén,"Đi xa, đi xa nhà",3
远,远古,yuǎn gǔ,"Xa xưa, cổ đại, thời thượng cổ",4
远,远方,yuǎn fāng,nơi xa,6
远,远离,yuǎn lí,tránh xa,6
远,远远,yuǎn yuǎn,xa,6
远,长远,cháng yuǎn,dài hạn,6
远,偏远,piān yuǎn,xa xôi,7
远,深远,shēn yuǎn,sâu sắc và xa rộng,7
远,老远,lǎo yuǎn,rất xa,7
远,边远,biān yuǎn,xa xôi,7
远,远程,yuǎn chéng,từ xa,7
远,远见,yuǎn jiàn,nhìn xa trông rộng,7
违,违反,wéi fǎn,vi phạm,5
违,久违,jiǔ wéi,"lâu ngày mới gặp, lâu ngày mới thấy",7
违,违章,wéi zhāng,vi phạm quy tắc,7
违,违约,wéi yuē,vi phạm hợp đồng,7
违,违背,wéi bèi,trái ngược với,7
连,连忙,lián máng,vội vàng,3
连,连续,lián xù,liên tục,3
连,连续剧,lián xù jù,phim truyền hình,3
连,一连,yī lián,liên tục,5
连,连接,lián jiē,kết nối,5
连,连环画,lián huán huà,truyện tranh,5
连,大连,Dà lián,Đại Liên (tên thành phố),6
连,接连,jiē lián,liên tục,6
连,连同,lián tóng,cùng với,6
连,相连,xiāng lián,liên kết,7
连,连任,lián rèn,tái nhiệm liên tiếp,7
连,连夜,lián yè,đêm đó,7
连,连绵,lián mián,liên tục,7
连,连锁,lián suǒ,chuỗi,7
连,一连串,yī lián chuàn,chuỗi,7
连续,连续剧,lián xù jù,phim truyền hình,3
连锁,连锁店,lián suǒ diàn,chuỗi cửa hàng,7
迟,迟到,chí dào,đến muộn,1
迟,推迟,tuī chí,hoãn lại,4
迟,迟早,chí zǎo,sớm hay muộn,5
迟,迟疑,chí yí,do dự,6
迟,迟缓,chí huǎn,chậm chạp,6
迟,迟钝,chí dùn,"chậm chạp, trì độn",6
迟,迟迟,chí chí,chậm trễ,7
迪,迪厅,dí tīng,"sàn nhảy, vũ trường, quán bar nhảy",1
迪,启迪,qǐ dí,khai sáng,7
迫,被迫,bèi pò,bị ép buộc,4
迫,迫切,pò qiè,cấp bách,4
迫,压迫,yā pò,áp bức,6
迫,强迫,qiǎng pò,ép buộc,6
迫,迫害,pò hài,đàn áp,6
迫,迫不及待,pò bù jí dài,không thể chờ được,6
迫,急迫,jí pò,khẩn cấp,7
迫,窘迫,jiǒng pò,nghèo khổ,7
迫,紧迫,jǐn pò,khẩn cấp,7
迫,迫使,pò shǐ,ép buộc,7
迫,逼迫,bī pò,ép buộc,7
迫,从容不迫,cóng róng bù pò,bình tĩnh và không nao núng,7
迭,迭起,dié qǐ,liên tục nổi lên,7
迭,忙不迭,máng bù dié,"Vội vàng, cuống quýt, không kịp ngơi tay",7
述,上述,shàng shù,nêu trên,3
述,描述,miáo shù,miêu tả,4
述,叙述,xù shù,mô tả,5
述,阐述,chǎn shù,giải thích,6
述,陈述,chén shù,trình bày,6
述,表述,biǎo shù,diễn đạt,7
述,讲述,jiǎng shù,kể chuyện,7
述,论述,lùn shù,thảo luận,7
述,综上所述,zōng shàng suǒ shù,tóm lại,7
迷,歌迷,gē mí,người hâm mộ ca sĩ,3
迷,球迷,qiú mí,người hâm mộ bóng đá,3
迷,迷信,mí xìn,mê tín,3
迷,体育迷,tǐ yù mí,"người hâm mộ thể thao, fan thể thao",3
迷,迷糊,mí hu,"Mơ màng, lơ mơ, hồ đồ, lẫn lộn",4
迷,迷路,mí lù,lạc đường,4
迷,影迷,yǐng mí,người hâm mộ phim,6
迷,昏迷,hūn mí,hôn mê,6
迷,迷人,mí rén,quyến rũ,6
迷,迷惑,mí huò,gây bối rối,6
迷,低迷,dī mí,suy giảm,7
迷,沉迷,chén mí,nghiện,7
迷,痴迷,chī mí,điên cuồng,7
迷,着迷,zháo mí,say mê,7
迷,迷失,mí shī,bị lạc,7
迷惑,迷惑不解,mí huò bù jiě,bối rối,7
迹,奇迹,qíjì,phép lạ,2
迹,名胜古迹,míng shèng gǔ jì,danh lam thắng cảnh và di tích lịch sử,2
迹,事迹,shì jì,sự tích,6
迹,古迹,gǔ jī,di tích,6
迹,痕迹,hén jì,dấu vết,6
迹,踪迹,zōng jì,dấu vết,6
迹,迹象,jì xiàng,dấu hiệu,6
迹,字迹,zì jì,chữ viết tay,7
迹,足迹,zú jì,dấu chân,7
迹,轨迹,guǐ jì,quỹ đạo,7
追,追求,zhuī qiú,theo đuổi,2
追,追踪,zhuī zōng,theo dõi,4
追,追悼,zhuī dào,tưởng niệm,6
追,追究,zhuī jiū,truy cứu trách nhiệm,6
追,追尾,zhuī wěi,đuôi theo,7
追,追溯,zhuī sù,truy ngược lại,7
追,追赶,zhuī gǎn,đuổi theo,7
追,追逐,zhuī zhú,theo đuổi,7
追,追问,zhuī wèn,hỏi kỹ,7
追,追随,zhuī suí,theo dõi,7
追,追悼会,zhuī dào huì,cuộc họp tưởng niệm,7
追悼,追悼会,zhuī dào huì,cuộc họp tưởng niệm,7
退,退休,tuì xiū,nghỉ hưu,2
退,退出,tuì chū,"rút lui, bỏ cuộc",3
退,衰退,shuāi tuì,suy thoái,4
退,退步,tuì bù,tụt hậu,5
退,退票,tuì piào,trả vé,6
退,后退,hòu tuì,rút lui,7
退,退却,tuì què,rút lui,7
退,退回,tuì huí,trả lại,7
退,退学,tuì xué,bỏ học,7
退,退役,tuì yì,nghỉ hưu,7
退,退缩,tuì suō,thu nhỏ lại,7
退,退让,tuì ràng,nhượng bộ,7
退,退休金,tuì xiū jīn,tiền hưu trí,7
退休,退休金,tuì xiū jīn,tiền hưu trí,7
送,送到,sòng dào,gửi đến,2
送,送给,sòng gěi,gửi,2
送,发送,fā sòng,gửi,3
送,赠送,zèng sòng,tặng,6
送,送礼,sòng lǐ,tặng quà,6
送,送行,sòng xíng,tiễn biệt,6
送,接送,jiē sòng,đón và đưa đi,7
送,输送,shū sòng,vận chuyển,7
送,运送,yùn sòng,vận chuyển,7
送,送别,sòng bié,tiễn biệt,7
送,配送,pèi sòng,giao hàng,7
适,合适,hé shì,phù hợp,2
适,适量,shì liàng,lượng thích hợp,2
适,适合,shì hé,phù hợp,3
适,适应,shì yìng,thích nghi,3
适,适用,shì yòng,phù hợp,3
适,舒适,shū shì,thoải mái,4
适,适当,shì dàng,phù hợp,5
适,适宜,shì yí,thích hợp,6
适,不适,bù shì,không khỏe,7
适,适度,shì dù,vừa phải,7
适,适时,shì shí,đúng lúc,7
逃,逃避,táo bì,trốn tránh,3
逃,逃亡,táo wáng,chạy trốn,7
逃,逃生,táo shēng,thoát khỏi,7
逆,逆行,nì xíng,"Đi ngược chiều, ngược dòng",6
逆,叛逆,pàn nì,nổi loạn,7
选,选择,xuǎn zé,chọn; lựa chọn,2
选,选手,xuǎn shǒu,vận động viên,3
选,挑选,tiāo xuǎn,chọn lọc,4
选,候选,hòu xuǎn,ứng cử,6
选,当选,dāng xuǎn,được bầu,6
选,筛选,shāi xuǎn,lọc,6
选,评选,píng xuǎn,chọn lựa qua bỏ phiếu,6
选,选举,xuǎn jǔ,bầu cử,6
选,选拔,xuǎn bá,tuyển chọn,6
选,选美,xuǎn měi,"thi hoa hậu, thi sắc đẹp",6
选,人选,rén xuǎn,ứng cử viên,7
选,入选,rù xuǎn,được chọn,7
选,大选,dà xuǎn,cuộc tổng tuyển cử,7
选,推选,tuī xuǎn,bầu chọn,7
选,竞选,jìng xuǎn,ứng cử,7
逊,谦逊,qiān xùn,khiêm tốn,3
逊,逊色,xùn sè,kém,7
透,透亮,tòu liang,"sáng trong, trong suốt; sáng trưng, trong vắt",3
透,透明,tòu míng,trong suốt,4
透,渗透,shèn tòu,thâm nhập,6
透,透露,tòu lù,tiết lộ,6
透,透彻,tòu chè,thấu đáo,7
透,透支,tòu zhī,thấu chi,7
透,透气,tòu qì,thông gió,7
透,透过,tòu guò,xuyên qua,7
逐,逐步,zhú bù,từng bước,4
逐,逐渐,zhú jiàn,dần dần,4
逐,逐年,zhú nián,từng năm,6
逐,角逐,jué zhú,tranh đấu,7
逐,追逐,zhuī zhú,theo đuổi,7
逐,驱逐,qū zhú,trục xuất,7
递,传递,chuán dì,"truyền đạt, giao",4
递,快递,kuài dì,giao hàng nhanh,4
递,递给,dì gěi,đưa qua,5
递,递增,dì zēng,tăng dần,6
递,递交,dì jiāo,nộp,7
途,途径,tú jìng,con đường,3
途,道听途说,dào tīng tú shuō,"Nghe nói lung tung, nghe lỏm đường sá, tin đồn",3
途,用途,yòng tú,sử dụng,4
途,途中,tú zhōng,trên đường,4
途,长途,cháng tú,đường dài,4
途,前途,qián tú,"tương lai, triển vọng",5
途,半途而废,bàn tú ér fèi,bỏ cuộc giữa chừng,6
途,中途,zhōng tú,giữa chừng,7
途,旅途,lǚ tú,hành trình,7
途,沿途,yán tú,dọc đường,7
途,路途,lù tú,đường đi,7
逗,逗弄,dòu nong,"trêu chọc, đùa giỡn, chọc ghẹo",4
通,交通,jiāo tōng,giao thông,2
通,普通,pǔ tōng,thông thường,2
通,沟通,gōu tōng,giao tiếp,2
通,通知,tōng zhī,thông báo,2
通,通过,tōng guò,thông qua,2
通,普通话,pǔ tōng huà,tiếng phổ thông,2
通,灵通,líng tōng,thông thạo,3
通,通信,tōng xìn,thư từ,3
通,通常,tōng cháng,thường thì,3
通,通晓,tōng xiǎo,"thông thạo, hiểu rõ",4
通,通知书,tōng zhī shū,thông báo,4
通,通用,tōng yòng,được sử dụng chung,5
通,不通,bù tōng,bị cản trở,6
通,卡通,kǎ tōng,hoạt hình,6
通,开通,kāi tōng,mở,6
通知,通知书,tōng zhī shū,thông báo,4
通行,通行证,tōng xíng zhèng,giấy phép,7
逛,逛街,guàng jiē,"đi dạo phố, đi mua sắm",3
逝,逝世,shì shì,qua đời,6
逞,逞强,chěng qiáng,khoe khoang sự vượt trội của mình,7
逞,逞能,chěng néng,khoe khoang kỹ năng hoặc khả năng của mình,7
速,速冻,sù dòng,"Đông lạnh nhanh, cấp đông",1
速,迅速,xùn sù,nhanh,2
速,快速,kuài sù,nhanh chóng,3
速,速度,sù dù,tốc độ,3
速,高速,gāo sù,cao tốc,3
速,高速公路,gāo sù gōng lù,đường cao tốc,3
速,加速,jiā sù,tăng tốc,5
速,减速,jiǎn sù,giảm tốc độ,7
速,提速,tí sù,tăng tốc,7
速,时速,shí sù,tốc độ mỗi giờ,7
速,火速,huǒ sù,tốc độ cao,7
速,超速,chāo sù,tốc độ cao,7
速,车速,chē sù,tốc độ của xe,7
速,飞速,fēi sù,tốc độ bay,7
造,创造,chuàng zào,tạo ra,3
造,制造,zhì zào,sản xuất,3
造,改造,gǎi zào,cải tạo,3
造,造成,zào chéng,gây ra,3
造,构造,gòu zào,kết cấu,4
造,造型,zào xíng,tạo hình; thiết kế,4
造,铸造,zhù zào,đúc,4
造,伪造,wěi zào,giả mạo,6
造,打造,dǎ zào,tạo nên,6
造,人造,rén zào,"nhân tạo, tổng hợp",7
造,塑造,sù zào,tạo hình,7
造,编造,biān zào,bịa đặt,7
造,营造,yíng zào,xây dựng,7
造,造价,zào jià,giá xây dựng,7
造,造假,zào jiǎ,làm giả,7
逡,逡巡,qūn xún,"Chần chừ, do dự, đi đi lại lại (không quyết định)",7
逢,每逢,měi féng,mỗi lần,7
逢,萍水相逢,píng shuǐ xiāng féng,gặp gỡ tình cờ,7
逮,逮捕,dài bǔ,bắt giữ,6
逸,安逸,ān yì,"dễ dàng, thoải mái",7
逻,逻辑,luó jí,logic,5
逻,巡逻,xún luó,tuần tra,6
逼,逼真,bī zhēn,sống động,7
逼,逼近,bī jìn,tiếp cận,7
逼,逼迫,bī pò,ép buộc,7
逾,逾期,yú qī,quá hạn,7
遂,遂心,suì xīn,theo ý muốn,7
遇,相遇,xiāng yù,gặp nhau,2
遇,遇到,yù dào,gặp phải,2
遇,遇见,yù jiàn,gặp; bắt gặp,3
遇,待遇,dài yù,đối xử,4
遇,机遇,jī yù,cơ hội thuận lợi,4
遇,遭遇,zāo yù,gặp phải,6
遇,境遇,jìng yù,hoàn cảnh,7
遇,遇上,yù shàng,gặp,7
遇,遇险,yù xiǎn,gặp nguy hiểm,7
遇,遇难,yù nàn,thiệt mạng,7
遍,普遍,pǔ biàn,phổ biến,4
遍,遍地,biàn dì,khắp nơi,6
遍,遍布,biàn bù,phổ biến khắp nơi,6
遏,遏制,è zhì,kiềm chế,6
遐,遐想,xiá xiǎng,"Hư tưởng, mơ mộng hão huyền",4
道,味道,wèi dao,hương vị,1
道,知道,zhī dào,biết,1
道,公道,gōng dao,công bằng,2
道,地道,dì dao,đích thực,2
道,报道,bào dào,báo cáo,2
道,街道,jiē dào,đường phố,2
道,道理,dào li,lý lẽ,2
道,道路,dào lù,đường,2
道,难道,nán dào,chẳng lẽ,2
道,肠道,cháng dào,Đường ruột,3
道,道教,dào jiào,Đạo giáo,3
道,打交道,dǎ jiāo dao,"liên lạc, giao thiệp",3
道,道听途说,dào tīng tú shuō,"Nghe nói lung tung, nghe lỏm đường sá, tin đồn",3
道,道歉,dào qiàn,xin lỗi,4
道,黄道吉日,huáng dào jí rì,"ngày hoàng đạo, ngày tốt",4
遗,遗憾,yí hàn,hối tiếc,2
遗,遗产,yí chǎn,di sản,4
遗,遗传,yí chuán,di truyền,4
遗,遗留,yí liú,để lại,6
遗,遗体,yí tǐ,thi thể,7
遗,遗嘱,yí zhǔ,di chúc,7
遗,遗址,yí zhǐ,"di tích, phế tích",7
遗,遗弃,yí qì,bỏ rơi,7
遗,遗忘,yí wàng,quên,7
遗,遗愿,yí yuàn,di nguyện,7
遗,遗物,yí wù,đồ vật của người đã khuất,7
遗,后遗症,hòu yí zhèng,di chứng,7
遣,派遣,pài qiǎn,cử đi,6
遣,消遣,xiāo qiǎn,giải trí,7
遥,遥远,yáo yuǎn,xa xôi,3
遥,遥控,yáo kòng,điều khiển từ xa,6
遥,遥遥无期,yáo yáo wú qī,"xa xôi vô định, không biết bao giờ mới tới",8
遭,遭到,zāo dào,gặp phải,6
遭,遭受,zāo shòu,chịu,6
遭,遭遇,zāo yù,gặp phải,6
遭,遭殃,zāo yāng,chịu thảm họa,7
遮,遮挡,zhē dǎng,che chắn,6
遮,遮盖,zhē gài,che đậy,7
遮,遮掩,zhē yǎn,"Che đậy, che giấu, che khuất",8
遵,遵守,zūn shǒu,tuân thủ,5
遵,遵循,zūn xún,tuân thủ,6
遵,遵照,zūn zhào,tuân theo,7
避,逃避,táo bì,trốn tránh,3
避,避免,bì miǎn,tránh,4
避,躲避,duǒ bì,tránh né,7
避,避暑,bì shǔ,tránh nóng mùa hè,7
避,避难,bì nàn,ẩn náu,7
避,不可避免,bù kě bì miǎn,không thể tránh khỏi,7
避免,不可避免,bù kě bì miǎn,không thể tránh khỏi,7
邀,邀请,yāo qǐng,mời,4
邀,应邀,yìng yāo,theo lời mời; nhận được lời mời,6
邀,特邀,tè yāo,mời đặc biệt,7
邃,深邃,shēn suì,"sâu thẳm, sâu sắc, thâm thúy",7
那,那个,nà ge,"cái đó, cái kia",1
那,那么,nà me,vậy thì,1
那,那些,nà xiē,những cái đó,1
那,那儿,nàr,"ở đó, ở kia",1
那,那边,nà biān,ở đó,1
那,那里,nà li,ở đó,1
那,那样,nà yàng,loại đó,2
那,那会儿,nà huìr,tại thời điểm đó,2
那,那时候,nà shí hòu,lúc đó,2
那,刹那,chà nà,chốc lát,6
那,一刹那,yī chà nà,khoảnh khắc,7
邦,联邦,lián bāng,liên bang,7
邪,邪恶,xié è,xấu xa,4
邪,改邪归正,gǎi xié guī zhèng,từ bỏ điều ác trở về điều thiện,7
邮,邮局,yóu jú,bưu điện,1
邮,邮票,yóu piào,tem,1
邮,邮件,yóu jiàn,"thư tín, email",3
邮,邮箱,yóu xiāng,hộp thư,3
邮,电子邮件,diàn zǐ yóu jiàn,email,3
邮,邮政,yóu zhèng,dịch vụ bưu chính,7
邮,邮筒,yóu tǒng,"Thùng thư, hòm thư công cộng",7
邮,邮编,yóu biān,mã bưu điện,7
邮,集邮,jí yóu,sưu tập tem,7
邮件,电子邮件,diàn zǐ yóu jiàn,email,3
邻,邻居,lín jū,hàng xóm,3
邻,睦邻,mù lín,"Láng giềng hòa thuận, thân thiện; (chính sách) hữu nghị láng giềng",7
邻,邻国,lín guó,nước láng giềng,7
郁,忧郁,yōu yù,sầu muộn,6
郁,抑郁,yì yù,trầm cảm,7
郁,浓郁,nóng yù,đậm đà,7
郁,抑郁症,yì yù zhèng,trầm cảm,7
郊,郊区,jiāo qū,ngoại ô,2
郊,郊外,jiāo wài,ngoại ô,7
郊,郊游,jiāo yóu,dã ngoại,7
郎,新郎,xīn láng,chú rể,4
郎,女郎,nǚ láng,"cô gái, thiếu nữ",7
郑,郑重,zhèng zhòng,nghiêm túc,7
部,全部,quán bù,"toàn bộ, hoàn toàn",1
部,部分,bù fen,phần,1
部,大部分,dà bù fen,phần lớn,1
部,一部分,yī bù fen,một phần,2
部,东部,dōng bù,phần phía đông,3
部,中部,zhōng bù,phần trung tâm,3
部,北部,běi bù,phần phía bắc,3
部,南部,nán bù,phần phía nam,3
部,西部,xī bù,phần phía tây,3
部,部长,bù zhǎng,bộ trưởng,3
部,内部,nèi bù,bên trong,4
部,胸部,xiōng bù,ngực,4
部,部落,bù luò,bộ lạc,4
部,部位,bù wèi,bộ phận cơ thể,5
部,部门,bù mén,"bộ phận, cơ quan",5
部分,大部分,dà bù fen,phần lớn,1
部分,一部分,yī bù fen,một phần,2
都,全都,quán dōu,hoàn toàn,2
都,首都,shǒu dū,thủ đô,3
都,都会,dū huì,đại đô thị,4
都,都市,dū shì,"thành phố, đô thị",6
鄙,卑鄙,bēi bǐ,bỉ ổi,6
鄙,鄙视,bǐ shì,khinh thường,7
酌,酌情,zhuó qíng,hành động theo tình hình,7
配,分配,fēn pèi,phân phối,3
配,配合,pèi hé,phối hợp,3
配,配备,pèi bèi,được trang bị,5
配,搭配,dā pèi,phối hợp,6
配,配偶,pèi'ǒu,vợ/chồng,6
配,配置,pèi zhì,sắp xếp,6
配,匹配,pǐ pèi,khớp,7
配,配件,pèi jiàn,phụ kiện,7
配,配送,pèi sòng,giao hàng,7
配,配音,pèi yīn,lồng tiếng,7
酒,劝酒,quàn jiǔ,"Mời rượu, ép rượu (theo nghĩa tích cực là mời khách nhiệt tình)",1
酒,啤酒,pí jiǔ,bia,1
酒,白酒,bái jiǔ,rượu trắng,1
酒,酒吧,jiǔ bā,quán bar,1
酒,葡萄酒,pú tao jiǔ,rượu nho,1
酒,料酒,liào jiǔ,rượu nấu ăn,2
酒,酒店,jiǔ diàn,khách sạn,2
酒,酒水,jiǔ shuǐ,đồ uống có cồn,2
酒,红酒,hóng jiǔ,rượu vang đỏ,3
酒,酒家,jiǔ jiā,"nhà hàng, quán rượu",5
酒,酒鬼,jiǔ guǐ,bợm nhậu,5
酒,酒窝,jiǔ wō,Lúm đồng tiền,6
酒,酒精,jiǔ jīng,cồn,6
酒,酗酒,xù jiǔ,uống rượu quá mức,6
酒,喜酒,xǐ jiǔ,tiệc cưới,7
酗,酗酒,xù jiǔ,uống rượu quá mức,6
酝,酝酿,yùn niàng,"đang ủ, đang hình thành",6
酣,酣畅,hān chàng,vui vẻ,7
酣,酣睡,hān shuì,ngủ say,7
酬,报酬,bào chou,thù lao,6
酬,应酬,yìng chou,"tiếp khách, giao tiếp xã hội",7
酱,酱油,jiàng yóu,nước tương,2
酱,果酱,guǒ jiàng,mứt,6
酵,发酵,fā jiào,lên men,7
酷,残酷,cán kù,tàn nhẫn,5
酷,冷酷,lěng kù,lạnh lùng,6
酷,酷似,kù sì,rất giống,7
酷,酷热,kù rè,"nóng bức gay gắt, oi ả",7
酷,冷酷无情,lěng kù wú qíng,"lạnh lùng, vô tình",7
酸,酸性,suān xìng,"tính axit, có tính axit",3
酸,酸奶,suān nǎi,"sữa chua, kefir",4
酸,酸甜苦辣,suān tián kǔ là,"chua, ngọt, đắng và cay",5
酸,心酸,xīn suān,cảm thấy buồn; đau khổ,7
酸,辛酸,xīn suān,đắng cay,7
酿,酝酿,yùn niàng,"đang ủ, đang hình thành",6
酿,酿造,niàng zào,nấu bia,7
醇,醇厚,chún hòu,đậm đà,7
醉,麻醉,má zuì,gây tê,6
醉,陶醉,táo zuì,mê mẩn,7
醉,如醉如痴,rú zuì rú chī,như say như mê,7
醒,唤醒,huàn xǐng,"đánh thức, gọi dậy",3
醒,提醒,tí xǐng,nhắc nhở,4
醒,清醒,qīng xǐng,tỉnh táo,4
醒,苏醒,sū xǐng,tỉnh lại,6
醒,觉醒,jué xǐng,thức tỉnh,6
醒,惊醒,jīng xǐng,tỉnh giấc đột ngột,7
醒,醒悟,xǐng wù,tỉnh ngộ,7
醒,醒来,xǐng lái,thức dậy,7
醒,醒目,xǐng mù,bắt mắt,7
醒,如梦初醒,rú mèng chū xǐng,"Như tỉnh dậy sau một giấc mơ, bừng tỉnh",7
采,采取,cǎi qǔ,thực hiện,3
采,采用,cǎi yòng,sử dụng,3
采,采访,cǎi fǎng,phỏng vấn,3
采,采纳,cǎi nà,chấp nhận,6
采,采购,cǎi gòu,mua sắm,6
采,兴高采烈,xìng gāo cǎi liè,trong niềm vui sướng lớn,6
采,无精打采,wú jīng dǎ cǎi,ủ rũ,6
采,开采,kāi cǎi,khai thác,7
采,采矿,cǎi kuàng,khai thác mỏ,7
采,采集,cǎi jí,thu thập,7
采,风采,fēng cǎi,phong thái,7
释,解释,jiě shì,giải thích,4
释,释放,shì fàng,giải phóng,5
释,开释,kāi shì,"Thả, phóng thích; giải thích, làm sáng tỏ",7
释,爱不释手,ài bù shì shǒu,không thể bỏ xuống,7
里,哪里,nǎ lǐ,ở đâu,1
里,夜里,yè li,vào ban đêm,1
里,家里,jiā li,ở nhà,1
里,这里,zhè li,ở đây,1
里,那里,nà li,ở đó,1
里,里边,lǐ biān,bên trong,1
里,公里,gōng lǐ,kilômét,2
里,心里,xīn li,trong tâm trí,2
里,里头,lǐ tou,bên trong,2
里,里面,lǐ miàn,bên trong,2
里,平方公里,píng fāng gōng lǐ,Kilômét vuông (km²),2
里,傻里傻气,shǎ li shǎ qì,"Ngây ngô, khờ khạo, ngớ ngẩn",3
里,手里,shǒu lǐ,trong tay,4
里,眼里,yǎn lǐ,trong mắt,4
里,海里,hǎi lǐ,hải lý (đơn vị đo),5
重,重新,chóng xīn,lại lần nữa,1
重,重要,zhòng yào,quan trọng,1
重,看重,kàn zhòng,xem trọng,2
重,重复,chóng fù,lặp lại,2
重,重点,zhòng diǎn,trọng điểm,2
重,重病,zhòng bìng,"Bệnh nặng, bệnh hiểm nghèo.",2
重,重视,zhòng shì,coi trọng,2
重,重大,zhòng dà,quan trọng,3
重,严重,yán zhòng,nghiêm trọng,4
重,体重,tǐ zhòng,cân nặng,4
重,尊重,zūn zhòng,tôn trọng,4
重,沉重,chén zhòng,nặng,4
重,浓重,nóng zhòng,dày đặc,4
重,重量,zhòng liàng,trọng lượng,4
重,负重,fù zhòng,"mang nặng, gánh nặng",5
重要,至关重要,zhì guān zhòng yào,cực kỳ quan trọng,7
重量,重量级,zhòng liàng jí,hạng nặng,7
野,田野,tián yě,cánh đồng,3
野,野生,yě shēng,hoang dã,3
野,野性,yě xìng,"Hoang dã, bản năng hoang dã",4
野,视野,shì yě,tầm nhìn,6
野,野心,yě xīn,tham vọng hoang dã,6
野,野蛮,yě mán,dã man,6
野,野兽,yě shòu,động vật hoang dã,7
野,野外,yě wài,ngoài trời,7
野,野炊,yě chuī,nấu ăn ngoài trời,7
野,野营,yě yíng,cắm trại,7
野,野餐,yě cān,đi picnic; đi dã ngoại,7
量,质量,zhì liàng,chất lượng,1
量,商量,shāng liang,thương lượng,2
量,大量,dà liàng,lượng lớn,2
量,适量,shì liàng,lượng thích hợp,2
量,储量,chǔ liàng,Trữ lượng,3
量,力量,lì liang,sức mạnh,3
量,尽量,jǐn liàng,cố gắng hết sức,3
量,数量,shù liàng,số lượng,3
量,含量,hán liàng,hàm lượng,4
量,测量,cè liáng,đo lường,4
量,重量,zhòng liàng,trọng lượng,4
量,产量,chǎn liàng,"sản lượng, năng suất",6
量,分量,fèn liàng,trọng lượng,6
量,总量,zǒng liàng,tổng lượng,6
量,打量,dǎ liang,nhìn từ đầu đến chân,6
金,黄金周,huáng jīn zhōu,"Tuần lễ vàng (kỳ nghỉ dài 7 ngày ở Trung Quốc, thường là Quốc khánh hoặc Quốc tế Lao động).",2
金,现金,xiàn jīn,tiền mặt,3
金,资金,zī jīn,quỹ,3
金,金牌,jīn pái,huy chương vàng,3
金,奖金,jiǎng jīn,tiền thưởng,4
金,美金,měi jīn,đô la Mỹ,4
金,黄金,huáng jīn,vàng,4
金,奖学金,jiǎng xué jīn,học bổng,4
金,押金,yā jīn,tiền đặt cọc,5
金,金属,jīn shǔ,kim loại,5
金,金鱼,jīn yú,cá vàng,5
金,精诚所至金石为开,"jīng chéng suǒ zhì, jīn shí wéi kāi","có chí thì nên, có lòng thành sắt đá cũng mòn",5
金,基金,jī jīn,quỹ,6
金,租金,zū jīn,tiền thuê,6
金,金融,jīn róng,tài chính,6
鉴,借鉴,jiè jiàn,tham khảo,6
鉴,鉴于,jiàn yú,xét về,6
鉴,鉴别,jiàn bié,phân biệt,6
鉴,鉴定,jiàn dìng,đánh giá,6
鉴,鉴赏,jiàn shǎng,cảm nhận,7
鉴,光可鉴人,guāng kě jiàn rén,"Sáng như gương, sáng lóa soi bóng người",8
针,打针,dǎ zhēn,tiêm,1
针,方针,fāng zhēn,chính sách,4
针,针对,zhēn duì,nhắm vào,4
针,指南针,zhǐ nán zhēn,la bàn,6
针,针灸,zhēn jiǔ,châm cứu,7
针,针锋相对,zhēn fēng xiāng duì,hoàn toàn đối lập,7
钉,钉子,dīng zi,đinh,2
钉,斩钉截铁,zhǎn dīng jié tiě,quyết đoán và dứt khoát,6
钉,碰钉子,pèng dīng zi,gặp phải sự từ chối,7
钉子,碰钉子,pèng dīng zi,gặp phải sự từ chối,7
钓,钓鱼,diào yú,câu cá,7
钓,沽名钓誉,gū míng diào yù,cầu danh lợi,7
钝,迟钝,chí dùn,"chậm chạp, trì độn",6
钞,钞票,chāo piào,"giấy bạc, tờ tiền",6
钟,分钟,fēn zhōng,phút,1
钟,点钟,diǎn zhōng,"Giờ, giờ đồng hồ (thường dùng sau số)",1
钟,钟头,zhōng tóu,giờ,1
钟,闹钟,nào zhōng,đồng hồ báo thức,1
钟,警钟,jǐng zhōng,chuông báo động,7
钢,钢琴,gāng qín,đàn piano,3
钢,钢筋,gāng jīn,"Thép cây, cốt thép",4
钢,弹钢琴,tán gāng qín,chơi piano,4
钢,钢铁,gāng tiě,thép,5
钢琴,弹钢琴,tán gāng qín,chơi piano,4
钥,钥匙,yào shi,chìa khóa,1
钦,钦佩,qīn pèi,ngưỡng mộ,6
钧,千钧一发,qiān jūn yī fà,ngàn cân treo sợi tóc,7
钩,钩子,gōu zi,móc,6
钩,挂钩,guà gōu,thiết lập liên lạc,7
钮,按钮,àn niǔ,Nút bấm; nhấn nút,7
钱,钱包,qián bāo,ví,1
钱,零钱,líng qián,tiền lẻ,1
钱,价钱,jià qian,giá,2
钱,赚钱,zhuàn qián,kiếm tiền,3
钱,钱财,qián cái,"tiền bạc, của cải",5
钱,本钱,běn qián,vốn,6
钱,省钱,shěng qián,tiết kiệm tiền,6
钱,金钱,jīn qián,tiền,6
钱,值钱,zhí qián,giá trị,7
钱,掏钱,tāo qián,trả tiền,7
钱,赔钱,péi qián,lỗ vốn,7
钱,私房钱,sī fáng qián,tiền tiết kiệm của một thành viên trong gia đình,7
钱,零花钱,líng huā qián,tiền tiêu vặt,7
钱,见钱眼开,jiàn qián yǎn kāi,hám tiền,7
钳,钳子,qián zi,cái kìm,7
钻,电钻,diàn zuàn,Máy khoan điện,6
钻,钻石,zuàn shí,kim cương,6
钻,钻研,zuān yán,nghiên cứu chuyên sâu,6
钻,钻空子,zuān kòng zi,tận dụng lợi thế,7
铁,地铁,dì tiě,tàu điện ngầm,1
铁,地铁站,dì tiě zhàn,ga tàu điện ngầm,2
铁,铁路,tiě lù,đường sắt,3
铁,高铁,gāo tiě,đường sắt cao tốc,3
铁,钢铁,gāng tiě,thép,5
铁,斩钉截铁,zhǎn dīng jié tiě,quyết đoán và dứt khoát,6
铃,杠铃,gàng líng,tạ đòn,7
铃,电铃,diàn líng,chuông điện,7
铃,门铃,mén líng,chuông cửa,7
铅,铅笔,qiān bǐ,bút chì,2
铅,铅笔刀,qiān bǐ dāo,Gọt bút chì,7
铅笔,铅笔刀,qiān bǐ dāo,Gọt bút chì,7
铜,铜牌,tóng pái,huy chương đồng,6
铭,铭记,míng jì,khắc sâu,7
铭,座右铭,zuò yòu míng,phương châm,7
铲,铲子,chǎn zi,cái xẻng,7
银,银行,yín háng,ngân hàng,1
银,银行卡,yín háng kǎ,thẻ ngân hàng,2
银,银牌,yín pái,huy chương bạc,3
银,银两,yín liǎng,Tiền bạc (chỉ bạc thỏi thời xưa),4
银,银子,yín zǐ,"bạc (kim loại), tiền bạc (thời xưa)",5
银,银幕,yín mù,màn hình,7
银行,银行卡,yín háng kǎ,thẻ ngân hàng,2
铸,铸造,zhù zào,đúc,4
铺,卧铺,wò pù,giường nằm (trên tàu),1
铺,中药铺,zhōng yào pù,"Tiệm thuốc Bắc, hiệu thuốc Đông y",3
铺,铺路,pū lù,lát đường,7
链,拉链,lā liàn,khóa kéo,4
链,项链,xiàng liàn,dây chuyền,6
铿,铿锵,kēng qiāng,"Leng keng, rổn rảng (âm thanh kim loại; mạnh mẽ, hùng tráng)",7
销,推销员,tuī xiāo yuán,"Nhân viên tiếp thị, nhân viên bán hàng, người bán dạo.",2
销,促销,cù xiāo,khuyến mãi,4
销,推销,tuī xiāo,tiếp thị,4
销,销售,xiāo shòu,bán hàng,4
销,报销,bào xiāo,báo cáo chi phí,6
销,撤销,chè xiāo,hủy bỏ,6
销,畅销,chàng xiāo,bán chạy,6
销,销毁,xiāo huǐ,phá hủy,6
销,倾销,qīng xiāo,bán phá giá,7
销,吊销,diào xiāo,thu hồi,7
销,开销,kāi xiāo,chi phí,7
销,销量,xiāo liàng,doanh số bán hàng,7
锁,封锁,fēng suǒ,phong tỏa,7
锁,拉锁,lā suǒ,khóa kéo,7
锁,连锁,lián suǒ,chuỗi,7
锁,锁定,suǒ dìng,khóa,7
锁,连锁店,lián suǒ diàn,chuỗi cửa hàng,7
锅,开锅,kāi guō,"sôi (nồi nước, cháo)",2
锅,火锅,huǒ guō,lẩu,2
锅,沙锅,shā guō,"Nồi đất, nồi gốm",3
锅,一锅粥,yī guō zhōu,một mớ hỗn độn,7
锈,生锈,shēng xiù,bị rỉ sét,6
锋,锋利,fēng lì,sắc bén,3
锋,先锋,xiān fēng,người tiên phong,6
锋,交锋,jiāo fēng,giao chiến,7
锋,针锋相对,zhēn fēng xiāng duì,hoàn toàn đối lập,7
锐,尖锐,jiān ruì,sắc bén,7
锐,敏锐,mǐn ruì,nhạy bén,7
错,不错,bù cuò,khá tốt,1
错,错过,cuò guò,bỏ lỡ,2
错,错误,cuò wù,"sai lầm, lỗi; sai",3
错,没错,méi cuò,đúng rồi,4
错,差错,chā cuò,sai lầm,7
错,认错,rèn cuò,thừa nhận lỗi,7
错,过错,guò cuò,lỗi,7
错,错位,cuò wèi,trật khớp,7
错,错觉,cuò jué,ảo giác,7
错,错别字,cuò bié zì,chữ viết sai,7
错,纵横交错,zòng héng jiāo cuò,xếp chéo,7
错,错综复杂,cuò zōng fù zá,phức tạp,7
锡,无锡,Wú xī,Vô Tích (thành phố),5
锤,锤子,chuí zi,búa,7
锦,锦上添花,jǐn shàng tiān huā,gấm thêm hoa (làm cho cái đã tốt càng tốt hơn),6
锦,锦旗,jǐn qí,cờ thêu,7
锦,花团锦簇,huā tuán jǐn cù,"Rực rỡ muôn màu, hoa gấm rực rỡ, lộng lẫy (hình dung hoa nở tươi đẹp, hoặc vật trang trí rực rỡ).",8
键,关键,guān jiàn,"chìa khóa, trọng tâm",4
键,键盘,jiàn pán,bàn phím,5
键,按键,àn jiàn,nút,7
锯,锯子,jù zǐ,cái cưa,5
锵,铿锵,kēng qiāng,"Leng keng, rổn rảng (âm thanh kim loại; mạnh mẽ, hùng tráng)",7
锻,锻炼,duàn liàn,tập thể dục,1
镂,镂刻,lòu kè,"Khắc chạm, khắc sâu, điêu khắc",8
镇,乡镇,xiāng zhèn,làng và thị trấn,6
镇,城镇,chéng zhèn,Thành thị và thị trấn,6
镇,镇定,zhèn dìng,bình tĩnh,7
镑,英镑,yīng bàng,bảng Anh,7
镜,墨镜,mò jìng,"Kính râm, kính mát",2
镜,眼镜,yǎn jìng,kính mắt,3
镜,镜头,jìng tóu,"ống kính, khung hình",4
镜,镜子,jìng zi,gương,4
镜,望远镜,wàng yuǎn jìng,kính viễn vọng,7
镰,镰刀,lián dāo,liềm,4
镶,镶嵌,xiāng qiàn,khảm,7
长,家长,jiā zhǎng,phụ huynh,2
长,市长,shì zhǎng,thị trưởng,2
长,延长,yán cháng,kéo dài,2
长,校长,xiào zhǎng,hiệu trưởng,2
长,班长,bān zhǎng,lớp trưởng,2
长,组长,zǔ zhǎng,nhóm trưởng,2
长,长城,Cháng chéng,Vạn Lý Trường Thành,2
长,长大,zhǎng dà,trưởng thành,2
长,长江,Cháng jiāng,Trường Giang,2
长,队长,duì zhǎng,đội trưởng,2
长,院长,yuàn zhǎng,hiệu trưởng,2
长,增长,zēng zhǎng,tăng trưởng,3
长,成长,chéng zhǎng,trưởng thành,3
长,所长,suǒ zhǎng,trưởng phòng,3
长,生长,shēng zhǎng,phát triển,3
长期,长期以来,cháng qī yǐ lái,từ lâu,7
门,关门,guān mén,"đóng cửa (cửa hàng, doanh nghiệp), đóng cửa ra vào",1
门,开门,kāi mén,"mở cửa (cửa hàng, doanh nghiệp), mở cửa ra vào",1
门,门口,mén kǒu,"lối vào, cửa",1
门,门票,mén piào,vé vào cửa,1
门,专门,zhuān mén,chuyên môn,2
门,出门,chū mén,ra khỏi nhà,2
门,大门,dà mén,cổng chính,2
门,射门,shè mén,"Sút bóng (vào gôn), dứt điểm",2
门,进门,jìn mén,"Vào cửa, bước vào nhà",2
门,出远门,chū yuǎn mén,"Đi xa, đi xa nhà",3
门,上门,shàng mén,ghé thăm,4
门,门柄,mén bǐng,"tay nắm cửa, nắm cửa",4
门,敲门,qiāo mén,gõ cửa,5
门,澳门,Aò mén,Ma Cao,5
门,部门,bù mén,"bộ phận, cơ quan",5
闪,闪电,shǎn diàn,tia chớp,4
闪,闪烁,shǎn shuò,nhấp nháy,6
闭,关闭,guān bì,đóng lại,4
闭,封闭,fēng bì,niêm phong,4
闭,倒闭,dǎo bì,phá sản,5
问,请问,qǐng wèn,xin hỏi,1
问,问题,wèn tí,"câu hỏi, vấn đề",1
问,没问题,méi wèn tí,"không vấn đề gì, được thôi",1
问,问好,wèn hǎo,"Hỏi thăm, gửi lời hỏi thăm",2
问,问路,wèn lù,hỏi đường,2
问,提问,tí wèn,đặt câu hỏi,3
问,盘问,pán wèn,"Tra hỏi, thẩm vấn, gặng hỏi",3
问,访问,fǎng wèn,thăm,3
问,学问,xué wen,kiến thức,4
问,疑问,yí wèn,nghi ngờ,4
问,过问,guò wèn,can thiệp,4
问,问候,wèn hòu,gửi lời chào,4
问,询问,xún wèn,hỏi,5
问,顾问,gù wèn,tư vấn viên,5
问,反问,fǎn wèn,phản vấn,6
问题,没问题,méi wèn tí,"không vấn đề gì, được thôi",1
问题,成问题,chéng wèn tí,có vấn đề,7
闲,休闲,xiū xián,giải trí,3
闲,清闲,qīng xián,"nhàn hạ, rảnh rỗi",3
闲,说闲话,shuō xián huà,nói chuyện phiếm,4
闲,空闲,kòng xián,thời gian rảnh,5
闲,悠闲,yōu xián,thong thả,7
间,中间,zhōng jiān,giữa,1
间,房间,fáng jiān,phòng,1
间,时间,shí jiān,thời gian,1
间,卫生间,wèi shēng jiān,nhà vệ sinh,1
间,洗手间,xǐ shǒu jiān,nhà vệ sinh,1
间,民间,mín jiān,dân gian,3
间,瞬间,shùn jiān,khoảnh khắc,3
间,之间,zhī jiān,"giữa, trong số",4
间,年间,nián jiān,"Trong khoảng thời gian (của năm, niên đại nào đó)",4
间,期间,qí jiān,khoảng thời gian,4
间,空间,kōng jiān,không gian,4
间,人间,rén jiān,thế gian,6
间,间接,jiàn jiē,gián tiếp,6
间,间谍,jiàn dié,gián điệp,6
间,间隔,jiàn'gé,khoảng cách,6
闷,纳闷儿,nà mènr,"băn khoăn, thắc mắc, khó hiểu",3
闷,闷闷不乐,mèn mèn bù lè,"buồn rầu, u sầu, rầu rĩ không vui",3
闷,沉闷,chén mèn,ngột ngạt,6
闷,烦闷,fán mèn,buồn bã,7
闷,纳闷,nà mèn,bối rối,7
闹,热闹,rè nao,nhộn nhịp,1
闹,闹钟,nào zhōng,đồng hồ báo thức,1
闹,闹笑话,nào xiào hua,"gây ra trò cười, gây chuyện cười",5
闹,喧闹,xuān nào,ồn ào,7
闹,胡闹,hú nào,nghịch ngợm,7
闹,闹事,nào shì,gây rối,7
闹,看热闹,kàn rè nao,xem cảnh nhộn nhịp,7
闹,闹着玩儿,nào zhe wánr,"đùa, trêu đùa",7
闺,闺女,guī nü,con gái,7
闻,新闻,xīn wén,tin tức,2
闻,见闻,jiàn wén,kiến thức,3
闻,丑闻,chǒu wén,scandal,7
闻,传闻,chuán wén,tin đồn,7
闻,绯闻,fēi wén,tin đồn tình yêu,7
闻,闻名,wén míng,nổi tiếng,7
闻,举世闻名,jǔ shì wén míng,nổi tiếng thế giới,7
闻,孤陋寡闻,gū lòu guǎ wén,thiếu hiểu biết,7
闻,耳闻目睹,ěr wén mù dǔ,mắt thấy tai nghe,7
闻,远近闻名,yuǎn jìn wén míng,nổi tiếng xa gần,7
闻,骇人听闻,hài rén tīng wén,kinh hoàng,7
闻,默默无闻,mò mò wú wén,vô danh,7
闻名,举世闻名,jǔ shì wén míng,nổi tiếng thế giới,7
闻名,远近闻名,yuǎn jìn wén míng,nổi tiếng xa gần,7
阀,阀门,fá mén,van,7
阁,内阁,nèi gé,nội các chính phủ,7
阁,空中楼阁,kōng zhōng lóu gé,"lâu đài trên không, ảo tưởng, viển vông",7
阂,隔阂,gé hé,sự xa cách,7
阅,阅读,yuè dú,đọc,1
阅,订阅,dìng yuè,"Đặt mua, đăng ký (tạp chí, dịch vụ)",7
阅,阅历,yuè lì,trải nghiệm,7
阎,阎王,yán wáng,Diêm Vương,7
阐,阐述,chǎn shù,giải thích,6
阔,宽阔,kuān kuò,rộng lớn,6
阔,广阔,guǎng kuò,rộng lớn,6
阔,开阔,kāi kuò,rộng,6
阔,辽阔,liáo kuò,"rộng lớn, bao la",6
阔,阔绰,kuò chuò,phô trương,7
阜,曲阜,Qū fù,"Khúc Phụ (tên thành phố, quê hương Khổng Tử)",6
队,排队,pái duì,xếp hàng,1
队,球队,qiú duì,đội bóng,2
队,队长,duì zhǎng,đội trưởng,2
队,乐队,yuè duì,ban nhạc,3
队,队员,duì yuán,thành viên đội,3
队,军队,jūn duì,quân đội,5
队,团队,tuán duì,đội,6
队,部队,bù duì,"đơn vị, quân đội",6
队,队伍,duì wu,hàng ngũ,6
队,大队,dà duì,đội quân,7
队,带队,dài duì,dẫn một nhóm người,7
队,掉队,diào duì,tụt lại phía sau,7
队,队形,duì xíng,đội hình,7
队,领队,lǐng duì,dẫn dắt một nhóm,7
队,啦啦队,lā lā duì,đội cổ vũ,7
阱,陷阱,xiàn jǐng,cái bẫy,7
防,防止,fáng zhǐ,ngăn ngừa,3
防,预防,yù fáng,phòng ngừa,3
防,防治,fáng zhì,phòng và chữa bệnh,5
防,消防,xiāo fáng,chữa cháy,6
防,防守,fáng shǒu,phòng thủ,6
防,防御,fáng yù,phòng thủ,6
防,防范,fáng fàn,phòng ngừa,6
防,国防,guó fáng,quốc phòng,7
防,提防,dī fang,cảnh giác,7
防,防卫,fáng wèi,bảo vệ,7
防,防护,fáng hù,bảo vệ,7
防,防水,fáng shuǐ,chống nước,7
防,防汛,fáng xùn,phòng chống lũ,7
防,防疫,fáng yì,phòng dịch,7
防,防盗,fáng dào,chống trộm,7
防盗,防盗门,fáng dào mén,cửa chống trộm,7
阳,太阳,tài yáng,mặt trời,2
阳,阳光,yáng guāng,ánh nắng,2
阳,阳台,yáng tái,ban công,4
阳,夕阳,xī yáng,hoàng hôn,6
阳,太阳能,tài yáng néng,năng lượng mặt trời,6
阳,阳性,yáng xìng,dương tính,7
阳,晒太阳,shài tài yáng,tắm nắng,7
阴,阴天,yīn tiān,trời âm u,2
阴,阴影,yīn yǐng,bóng,6
阴,阴谋,yīn móu,âm mưu,6
阴,阴性,yīn xìng,âm tính,7
阴,阴暗,yīn'àn,"tối tăm, u ám",7
阵,阵地,zhèn dì,"vị trí, mặt trận",5
阵,阵容,zhèn róng,trận hình,6
阵,一阵,yī zhèn,một khoảng thời gian,7
阵,阵营,zhèn yíng,phe,7
阶,台阶,tái jiē,bước,4
阶,阶段,jiē duàn,giai đoạn,4
阶,阶层,jiē céng,tầng lớp xã hội,6
阶,阶梯,jiē tī,cầu thang,7
阶,阶级,jiē jí,giai cấp,7
阻,阻止,zǔ zhǐ,ngăn chặn,5
阻,阻碍,zǔ'ài,cản trở,5
阻,劝阻,quàn zǔ,khuyên ngăn,7
阻,阻力,zǔ lì,sự cản trở,7
阻,阻拦,zǔ lán,ngăn chặn,7
阻,阻挠,zǔ náo,ngăn chặn,7
阻,阻挡,zǔ dǎng,chặn,7
阻,风雨无阻,fēng yǔ wú zǔ,"Bất kể mưa gió, không ngại mưa gió, không gì cản trở được",7
阿,阿姨,ā yí,dì,3
阿,阿拉伯,ā lā bó,Ả Rập,3
阿,阿拉伯语,Ā lā bó yǔ,Ngôn ngữ Ả Rập,7
阿拉伯,阿拉伯语,Ā lā bó yǔ,Ngôn ngữ Ả Rập,7
附,附近,fù jìn,gần đây,2
附,附件,fù jiàn,tệp đính kèm,5
附,附属,fù shǔ,phụ thuộc,6
附,附加,fù jiā,đính kèm,7
附,附和,fù hè,phụ hoạ,7
附,附带,fù dài,phụ,7
附,附录,fù lù,Phụ lục,8
附,附庸风雅,fù yōng fēng yǎ,"Giả vờ thanh tao, học đòi phong nhã (để tỏ ra mình có học thức, phẩm chất cao).",8
际,国际,guó jì,quốc tế,1
际,实际,shí jì,thực tế,2
际,实际上,shí jì shàng,thực tế,3
际,交际,jiāo jì,giao tiếp,4
陆,陆续,lù xù,lần lượt,3
陆,大陆,dà lù,lục địa,4
陆,陆地,lù dì,đất liền,4
陆,登陆,dēng lù,đổ bộ,6
陆,陆军,lù jūn,lục quân,6
陆,光怪陆离,guāng guài lù lí,"kỳ quái đa dạng, muôn hình vạn trạng, đủ mọi vẻ kỳ lạ",7
陈,新陈代谢,xīn chén dài xiè,trao đổi chất,3
陈,陈列,chén liè,"trưng bày, triển lãm",6
陈,陈旧,chén jiù,lỗi thời,6
陈,陈述,chén shù,trình bày,6
陋,丑陋,chǒu lòu,xấu xí,5
陋,简陋,jiǎn lòu,đơn sơ,6
陋,孤陋寡闻,gū lòu guǎ wén,thiếu hiểu biết,7
陌,陌生,mò shēng,lạ,2
降,下降,xià jiàng,giảm,4
降,降价,jiàng jià,giảm giá,4
降,降低,jiàng dī,hạ thấp,4
降,降温,jiàng wēn,giảm nhiệt độ,4
降,降落,jiàng luò,hạ cánh,4
降,投降,tóu xiáng,đầu hàng,6
降,降临,jiàng lín,giáng xuống,6
限,局限,jú xiàn,hạn chế,3
限,限于,xiàn yú,bị giới hạn,3
限,无限,wú xiàn,vô hạn,4
限,有限,yǒu xiàn,hạn chế,4
限,期限,qí xiàn,hạn chế thời gian,4
限,限制,xiàn zhì,giới hạn; hạn chế,4
限,极限,jí xiàn,giới hạn,6
限,上限,shàng xiàn,giới hạn trên,7
限,年限,nián xiàn,giới hạn tuổi,7
限,界限,jiè xiàn,ranh giới,7
限,限定,xiàn dìng,giới hạn,7
限,限度,xiàn dù,giới hạn,7
限,无限期,wú xiàn qī,"không thời hạn, vô thời hạn",7
陡,陡峭,dǒu qiào,dốc đứng,6
陡,陡然,dǒu rán,"Đột nhiên, bỗng nhiên, bất ngờ",7
院,医院,yī yuàn,bệnh viện,1
院,学院,xué yuàn,học viện,1
院,电影院,diàn yǐng yuàn,rạp chiếu phim,1
院,住院,zhù yuàn,nằm viện,2
院,出院,chū yuàn,xuất viện,2
院,院子,yuàn zi,sân,2
院,院长,yuàn zhǎng,hiệu trưởng,2
院,敬老院,jìng lǎo yuàn,viện dưỡng lão,2
院,疗养院,liáo yǎng yuàn,"viện điều dưỡng, nhà an dưỡng",3
院,法院,fǎ yuàn,tòa án,4
院,四合院,sì hé yuàn,nhà tứ hợp viện,5
院,剧院,jù yuàn,nhà hát,7
院,院士,yuàn shì,viện sĩ,7
院,养老院,yǎng lǎo yuàn,nhà dưỡng lão,7
除,除了,chú le,"ngoài ra, trừ ra",2
除,破除,pò chú,phá bỏ,3
除,除非,chú fēi,chỉ khi,3
除,删除,shān chú,xóa bỏ,5
除,除夕,Chú xī,giao thừa,5
除,废除,fèi chú,bãi bỏ,6
除,排除,pái chú,loại bỏ,6
除,消除,xiāo chú,loại bỏ,6
除,清除,qīng chú,dọn sạch,6
除,解除,jiě chú,loại bỏ,6
除,免除,miǎn chú,xóa bỏ,7
除,切除,qiē chú,cắt bỏ,7
除,剔除,tī chú,loại bỏ,7
除,去除,qù chú,loại bỏ,7
除,开除,kāi chú,loại trừ,7
陨,陨石,yǔn shí,thiên thạch,7
险,冒险,mào xiǎn,phiêu lưu,2
险,危险,wēi xiǎn,nguy hiểm,2
险,保险,bǎo xiǎn,bảo hiểm,3
险,风险,fēng xiǎn,"rủi ro, nguy hiểm",3
险,惊险,jīng xiǎn,hồi hộp,7
险,探险,tàn xiǎn,thám hiểm,7
险,艰险,jiān xiǎn,những khó khăn và nguy hiểm,7
险,遇险,yù xiǎn,gặp nguy hiểm,7
险,化险为夷,huà xiǎn wéi yí,hóa giải nguy hiểm,7
陪,陪伴,péi bàn,đồng hành,4
陪,陪同,péi tóng,đi cùng,6
陪,陪葬,péi zàng,chôn cùng người chết,7
陵,丘陵,qiū líng,đồi,6
陶,陶瓷,táo cí,gốm sứ,6
陶,熏陶,xūn táo,ảnh hưởng,7
陶,陶冶,táo yě,nuôi dưỡng,7
陶,陶醉,táo zuì,mê mẩn,7
陷,缺陷,quē xiàn,khiếm khuyết,6
陷,陷入,xiàn rù,rơi vào,6
陷,陷阱,xiàn jǐng,cái bẫy,7
隆,克隆,kè lóng,nhân bản,5
隆,兴隆,xīng lóng,phồn thịnh,6
隆,隆起,lóng qǐ,"Nổi lên, nhô lên, lồi lên",7
隆,隆重,lóng zhòng,trang trọng,7
随,随便,suí biàn,tùy ý,1
随,随时,suí shí,bất kỳ lúc nào,2
随,随处,suí chù,Khắp nơi; mọi nơi; bất cứ đâu,4
随,随手,suí shǒu,"thuận tay, tiện tay",4
随,随着,suí zhe,theo cùng,4
随,跟随,gēn suí,đi theo,5
随,随身,suí shēn,mang theo,5
随,入乡随俗,rù xiāng suí sú,nhập gia tùy tục,5
随,随即,suí jí,ngay sau đó,6
随,随和,suí hé,"dễ tính, hòa nhã, xuề xòa",6
随,随意,suí yì,tuỳ ý,6
随,伴随,bàn suí,đi kèm,7
随,追随,zhuī suí,theo dõi,7
随,随从,suí cóng,"tùy tùng, người hầu; đi theo, tùy tùng",7
随,随后,suí hòu,ngay sau đó,7
随处,随处可见,suí chù kě jiàn,có thể thấy ở khắp mọi nơi,7
随时,随时随地,suí shí suí dì,bất cứ lúc nào và bất cứ đâu,7
隐,隐患,yǐn huàn,nguy cơ tiềm ẩn,3
隐,隐私,yǐn sī,sự riêng tư,3
隐,隐约,yǐn yuē,mờ nhạt,5
隐,隐瞒,yǐn mán,"che giấu, che đậy",6
隐,隐藏,yǐn cáng,ẩn giấu,6
隐,隐形,yǐn xíng,vô hình,7
隐,隐性,yǐn xìng,ẩn,7
隐,隐情,yǐn qíng,sự thật bị che giấu,7
隐,隐蔽,yǐn bì,ẩn giấu,7
隐,隐身,yǐn shēn,ẩn nấp,7
隐,隐约可辨,yǐn yuē kě biàn,lờ mờ có thể nhận ra,8
隐约,隐约可辨,yǐn yuē kě biàn,lờ mờ có thể nhận ra,8
隔,隔壁,gé bì,bên cạnh,2
隔,隔开,gé kāi,tách rời,4
隔,间隔,jiàn'gé,khoảng cách,6
隔,隔离,gé lí,cách ly,6
隔,时隔,shí gé,cách nhau một thời gian,7
隔,隔绝,gé jué,"cách biệt, cắt đứt liên lạc, cô lập",7
隔,隔阂,gé hé,sự xa cách,7
隘,狭隘,xiá'ài,hẹp,7
隙,缝隙,fèng xì,"Khe hở, kẽ nứt",4
隙,空隙,kòng xì,khoảng trống,6
隙,间隙,jiàn xì,khoảng trống,7
障,保障,bǎo zhàng,đảm bảo; sự đảm bảo,6
障,屏障,píng zhàng,màn chắn,6
障,故障,gù zhàng,hỏng hóc,6
障,障碍,zhàng'ài,cản trở; chướng ngại vật,6
隧,隧道,suì dào,đường hầm,6
隶,奴隶,nú lì,nô lệ,6
隶,奴隶主,nú lì zhǔ,chủ nô,7
难,难受,nán shòu,khó chịu,2
难,难吃,nán chī,"Khó ăn, dở (món ăn)",2
难,难听,nán tīng,khó nghe,2
难,难得,nán dé,hiếm,2
难,难忘,nán wàng,không thể quên,2
难,难看,nán kàn,xấu xí,2
难,难过,nán guò,buồn,2
难,难道,nán dào,chẳng lẽ,2
难,难题,nán tí,vấn đề khó,2
难,困难,kùn nan,khó khăn,3
难,空难,kōng nàn,tai nạn hàng không,3
难,难以,nán yǐ,khó,3
难,难免,nán miǎn,khó tránh,3
难,难度,nán dù,mức độ khó khăn,3
难,国难,guó nàn,"quốc nạn, tai họa quốc gia",4
难以,难以想象,nán yǐ xiǎng xiàng,không thể tưởng tượng được,7
难以,难以置信,nán yǐ zhì xìn,khó tin,7
难得,难得一见,nán dé yī jiàn,hiếm thấy,7
难说,很难说,hěn nán shuō,khó nói,6
难题,出难题,chū nán tí,đặt ra một nhiệm vụ rất khó khăn,7
雀,麻雀,má què,Chim sẻ,4
雀,鸦雀无声,yā què wú shēng,yên lặng tuyệt đối,7
雁,大雁,dà yàn,ngỗng trời,7
雄,雄伟,xióng wěi,hùng vĩ,2
雄,雄壮,xióng zhuàng,"hùng tráng, hùng dũng",3
雄,英雄,yīng xióng,anh hùng,5
雄,雌雄,cí xióng,đực và cái,6
雄,雄厚,xióng hòu,phong phú,7
雄,雄性,xióng xìng,"giống đực, giống trống (động vật), nam tính (thực vật)",8
雅,温文尔雅,wēn wén ěr yǎ,"Ôn hòa nhã nhặn, dịu dàng thanh lịch",4
雅,文雅,wén yǎ,thanh lịch,6
雅,优雅,yōu yǎ,duyên dáng,7
雅,高雅,gāo yǎ,thanh lịch,7
雅,附庸风雅,fù yōng fēng yǎ,"Giả vờ thanh tao, học đòi phong nhã (để tỏ ra mình có học thức, phẩm chất cao).",8
集,集中,jí zhōng,tập trung,3
集,集体,jí tǐ,tập thể,3
集,集合,jí hé,tập hợp,4
集,收集,shōu jí,thu thập,5
集,交集,jiāo jí,giao lộ,7
集,召集,zhào jí,triệu tập,7
集,密集,mì jí,dày đặc,7
集,征集,zhēng jí,thu thập,7
集,搜集,sōu jí,thu thập,7
集,汇集,huì jí,thu thập,7
集,筹集,chóu jí,gây quỹ,7
集,聚集,jù jí,tập hợp,7
集,采集,cǎi jí,thu thập,7
集,集会,jí huì,tụ tập,7
集,集结,jí jié,tập hợp,7
雇,解雇,jiě gù,sa thải,6
雇,雇佣,gù yōng,thuê,6
雇,雇主,gù zhǔ,nhà tuyển dụng,7
雇,雇员,gù yuán,nhân viên,7
雌,雌雄,cí xióng,đực và cái,6
雕,雕刻,diāo kè,chạm khắc,7
雕,雕塑,diāo sù,điêu khắc,7
雨,下雨,xià yǔ,mưa rơi,1
雨,雨伞,yǔ sǎn,ô,3
雨,雨衣,yǔ yī,áo mưa,3
雨,暴雨,bào yǔ,mưa bão,5
雨,暴风雨,bào fēng yǔ,bão,6
雨,风雨,fēng yǔ,mưa gió,7
雨,倾盆大雨,qīng pén dà yǔ,"Mưa như trút nước, mưa xối xả",7
雨,呼风唤雨,hū fēng huàn yǔ,gọi gió gọi mưa,7
雨,暴风骤雨,bào fēng zhòu yǔ,bão tố,7
雨,风雨无阻,fēng yǔ wú zǔ,"Bất kể mưa gió, không ngại mưa gió, không gì cản trở được",7
雨,风风雨雨,fēng fēng yǔ yǔ,mưa gió,7
雪,下雪,xià xuě,tuyết rơi,2
雪,雪亮,xuě liàng,"Sáng như tuyết, rất sáng, rõ ràng",3
雪,滚雪球,gǔn xuě qiú,"lăn cầu tuyết (ý nói sự việc ngày càng lớn, tích tụ dần)",3
雪,冰雪,bīng xuě,băng tuyết,4
雪,雪白,xuě bái,"trắng như tuyết, trắng tinh",5
雪,雪上加霜,xuě shàng jiā shuāng,họa vô đơn chí,6
雪,滑雪,huá xuě,trượt tuyết,7
雪,瑞雪,ruì xuě,tuyết lành,7
雪,雪山,xuě shān,núi tuyết,7
零,零下,líng xià,dưới không,1
零,零钱,líng qián,tiền lẻ,1
零,零食,líng shí,đồ ăn vặt,4
零,零件,líng jiàn,"bộ phận, chi tiết",5
零,零星,líng xīng,rải rác,6
零,零售,líng shòu,bán lẻ,7
零,孤零零,gū líng líng,cô đơn,7
零,零花钱,líng huā qián,tiền tiêu vặt,7
雷,打雷,dǎ léi,sấm sét,4
雷,雷达,léi dá,ra đa,6
雷,雷同,léi tóng,giống hệt,7
需,需要,xū yào,cần,1
需,需求,xū qiú,nhu cầu,3
需,内需,nèi xū,nhu cầu nội địa,7
需,急需,jí xū,cần gấp,7
震,震颤,zhèn chàn,Rung động; run rẩy,4
震,地震,dì zhèn,động đất,5
震,震惊,zhèn jīng,kinh ngạc,6
震,震动,zhèn dòng,rung chuyển,7
震,震撼,zhèn hàn,sốc,7
震,震慑,zhèn shè,"Uy hiếp, chấn động và làm sợ hãi, răn đe",8
霉,倒霉,dǎo méi,vận rủi; không may,1
霍,挥霍,huī huò,phung phí tiền bạc,6
霍,霍乱,huò luàn,dịch tả,7
霓,霓虹灯,ní hóng dēng,đèn neon,7
霜,雪上加霜,xuě shàng jiā shuāng,họa vô đơn chí,6
霞,彩霞,cǎi xiá,mây hồng,7
露,暴露,bào lù,vạch trần,6
露,流露,liú lù,bộc lộ,6
露,透露,tòu lù,tiết lộ,6
露,披露,pī lù,công bố,7
露,揭露,jiē lù,vạch trần,7
露,显露,xiǎn lù,"lộ ra, biểu lộ, thể hiện",7
露,泄露,xiè lòu,tiết lộ,7
露,裸露,luǒ lù,phơi bày,7
露,露天,lù tiān,ngoài trời,7
露,露面,lòu miàn,xuất hiện,7
露,沐浴露,mù yù lù,sữa tắm,7
露,风餐露宿,fēng cān lù sù,ăn gió nằm sương,7
霸,称霸,chēng bà,"xưng bá, thống trị",5
霸,霸占,bà zhàn,chiếm đoạt,7
青,青年,qīng nián,thanh niên,2
青,青少年,qīng shào nián,thanh thiếu niên,2
青,青春,qīng chūn,thanh xuân,4
青,青蛙,qīng wā,ếch,5
青,青壮年,qīng zhuàng nián,"thanh niên cường tráng, thanh niên và trung niên",5
青,青岛,Qīng dǎo,"Thanh Đảo (thành phố ở tỉnh Sơn Đông, Trung Quốc)",6
青,青春期,qīng chūn qī,tuổi dậy thì,7
青,万古长青,wàn gǔ cháng qīng,mãi mãi tươi mới,7
青春,青春期,qīng chūn qī,tuổi dậy thì,7
静,宁静,níng jìng,"yên bình, tĩnh lặng",2
静,安静,ān jìng,"yên tĩnh, bình yên",2
静,冷静,lěng jìng,bình tĩnh,4
静,平静,píng jìng,bình tĩnh,4
静,幽静,yōu jìng,"U tịch, yên tĩnh, vắng vẻ",4
静,动静,dòng jìng,chuyển động,6
静,寂静,jì jìng,yên tĩnh,6
静,僻静,pì jìng,hiu quạnh,7
静,清静,qīng jìng,yên tĩnh,7
静,静止,jìng zhǐ,đứng yên,7
非,非常,fēi cháng,"cực kỳ, rất",1
非,除非,chú fēi,chỉ khi,3
非,啼笑皆非,tí xiào jiē fēi,"dở khóc dở cười, không biết nên khóc hay nên cười",3
非,非洲,Fēi zhōu,Châu Phi,5
非,无非,wú fēi,không nhiều hơn,6
非,非法,fēi fǎ,bất hợp pháp,6
非,并非,bìng fēi,không phải,7
非,是非,shì fēi,đúng sai,7
非,莫非,mò fēi,có thể là,7
非,非凡,fēi fán,xuất sắc,7
非,非得,fēi děi,phải,7
非,似是而非,sìshìérfēi,có vẻ đúng nhưng thực chất sai,7
非,无可厚非,wú kě hòu fēi,không có gì để phê bình,7
非,面目全非,miàn mù quán fēi,không thể nhận ra,7
靠,可靠,kě kào,đáng tin cậy,3
靠,依靠,yī kào,phụ thuộc vào; hỗ trợ,5
靠,靠拢,kào lǒng,tiếp cận gần,6
面,下面,xià miàn,bên dưới,1
面,前面,qián miàn,phía trước,1
面,后面,hòu miàn,phía sau,1
面,对面,duì miàn,đối diện,1
面,方面,fāng miàn,phương diện,1
面,见面,jiàn miàn,gặp,1
面,面包,miàn bāo,bánh mì,1
面,面子,miàn zi,thể diện,1
面,面条,miàn tiáo,mì,1
面,面食,miàn shí,"Món ăn làm từ bột mì, thực phẩm bột mì",1
面,面条儿,miàn tiáor,mì sợi,1
面,上面,shàng miàn,bên trên,2
面,外面,wài miàn,bên ngoài,2
面,里面,lǐ miàn,bên trong,2
面,面前,miàn qián,trước mặt,2
面子,爱面子,ài miàn zi,quan tâm đến thể diện,7
面对,面对面,miàn duì miàn,mặt đối mặt,6
面条,面条儿,miàn tiáor,mì sợi,1
面积,大面积,dà miàn jī,diện tích lớn,7
革,改革,gǎi gé,cải cách,5
革,革命,gé mìng,cách mạng; cuộc cách mạng,5
革,革新,gé xīn,đổi mới,6
革,变革,biàn gé,cải cách,7
革,改革开放,gǎi gé kāi fàng,cải cách và mở cửa,7
靴,靴子,xuē zi,giày ủng,7
靶,靶子,bǎ zi,mục tiêu,7
鞋,皮鞋,pí xié,giày da,3
鞋,凉鞋,liáng xié,dép xăng đan,6
鞋,拖鞋,tuō xié,dép lê,6
鞋,穿小鞋,chuān xiǎo xié,làm khó ai đó,7
鞠,鞠躬,jū gōng,cúi đầu,5
鞭,鞭炮,biān pào,pháo,3
鞭,马鞭,mǎ biān,roi ngựa,3
鞭,鞭策,biān cè,thúc giục,7
韧,柔韧,róu rèn,"Mềm dẻo và dai, bền bỉ",3
韧,坚韧,jiān rèn,bền bỉ,4
韧,韧性,rèn xìng,"độ bền, dai",7
音,发音,fā yīn,Phát âm,1
音,音乐,yīn yuè,âm nhạc,1
音,音乐会,yīn yuè huì,buổi hòa nhạc,1
音,声音,shēng yīn,âm thanh,2
音,读音,dú yīn,phát âm,2
音,音节,yīn jié,âm tiết,2
音,录音,lù yīn,ghi âm,3
音,谐音,xié yīn,"từ đồng âm, hài âm",3
音,收音机,shōu yīn jī,máy thu thanh,3
音,口音,kǒu yīn,giọng,4
音,语音,yǔ yīn,ngữ âm,4
音,噪音,zàoyīn,tiếng ồn,5
音,拼音,pīn yīn,bính âm,5
音,录音机,lù yīn jī,máy ghi âm,5
音,知音,zhī yīn,"Tri âm, bạn tri kỷ",6
音乐,音乐会,yīn yuè huì,buổi hòa nhạc,1
韵,音韵,yīn yùn,"Vần điệu, âm vận",7
韵,韵味,yùn wèi,vẻ đẹp,7
页,网页,wǎng yè,trang web; trang mạng (một trang đơn lẻ trên website),6
页,主页,zhǔ yè,trang chủ,7
顶,头顶,tóu dǐng,đỉnh đầu,7
顶,封顶,fēng dǐng,đóng mái,7
顶,屋顶,wū dǐng,mái nhà,7
顶,山顶,shān dǐng,đỉnh núi,7
顶,顶多,dǐng duō,nhiều nhất,7
顶,顶尖,dǐng jiān,"tốt nhất, hàng đầu",7
顶,顶级,dǐng jí,hàng đầu,7
顷,公顷,gōng qīng,hecta,7
项,项目,xiàng mù,mục,3
项,事项,shì xiàng,mục,6
项,项链,xiàng liàn,dây chuyền,6
项,奖项,jiǎng xiàng,giải thưởng,7
项,强项,qiáng xiàng,điểm mạnh,7
项,款项,kuǎn xiàng,quỹ,7
项,选项,xuǎn xiàng,tùy chọn,7
顺,顺利,shùn lì,suôn sẻ,1
顺,顺序,shùn xù,trật tự,2
顺,一路顺风,yī lù shùn fēng,thượng lộ bình an,2
顺,顺便,shùn biàn,tiện thể; nhân tiện,3
顺,孝顺,xiào shùn,hiếu thảo,5
顺,顺畅,shùn chàng,thông suốt,5
顺,通顺,tōng shùn,rõ ràng và mạch lạc; trơn tru,7
顺,顺从,shùn cóng,tuân theo,7
顺,顺势,shùn shì,tận dụng cơ hội,7
顺,顺差,shùn chā,thặng dư,7
顺,顺应,shùn yìng,tuân theo,7
顺,顺心,shùn xīn,vừa lòng,7
顺,顺手,shùn shǒu,dễ dàng; thuận tiện; thành công,7
顺,顺着,shùn zhe,dọc theo,7
顺,顺路,shùn lù,tiện đường,7
顺风,一路顺风,yī lù shùn fēng,thượng lộ bình an,2
须,必须,bì xū,phải,2
须,胡须,hú xū,râu ria,6
须,无须,wú xū,không cần thiết,7
顽,顽皮,wán pí,nghịch ngợm,2
顽,顽固,wán gù,bướng bỉnh,6
顽,顽强,wán qiáng,kiên cường,6
顾,照顾,zhào gù,chăm sóc,2
顾,顾客,gù kè,khách hàng,2
顾,顾问,gù wèn,tư vấn viên,5
顾,不顾,bù gù,bất chấp,6
顾,只顾,zhǐ gù,chỉ chăm chăm,6
顾,后顾之忧,hòu gù zhī yōu,lo lắng ở nhà,6
顾,统筹兼顾,tǒng chóu jiān gù,tính toán tổng thể,6
顾,光顾,guāng gù,ghé thăm,7
顾,兼顾,jiān gù,đồng thời tham dự,7
顾,顾及,gù jí,cân nhắc,7
顾,顾虑,gù lǜ,lo lắng,7
顾,顾不上,gù bu shàng,không kịp quan tâm,7
顾,顾不得,gù bu de,không thể quan tâm,7
顾,左顾右盼,zuǒ gù yòu pàn,nhìn quanh,7
顾,顾全大局,gù quán dà jú,xem xét tình hình tổng thể,7
顿,曼哈顿,màn hā dùn,Manhattan (một quận của New York),3
顿,停顿,tíng dùn,tạm dừng,6
顿,整顿,zhěng dùn,cải tổ,6
顿,顿时,dùn shí,ngay lập tức,6
顿,抑扬顿挫,yì yáng dùn cuò,lúc trầm lúc bổng,7
颁,颁发,bān fā,trao tặng,6
颁,颁布,bān bù,ban hành,6
颁,颁奖,bān jiǎng,trao giải thưởng,7
颂,歌颂,gē sòng,tán dương,6
预,预习,yù xí,chuẩn bị trước,3
预,预兆,yù zhào,điềm,3
预,预报,yù bào,dự báo,3
预,预言,yù yán,tiên đoán,3
预,预计,yù jì,dự đoán,3
预,预防,yù fáng,phòng ngừa,3
预,预测,yù cè,dự đoán,4
预,预订,yù dìng,đặt trước,4
预,预示,yù shì,báo trước,5
预,干预,gān yù,can thiệp,6
预,预料,yù liào,dự kiến,6
预,预期,yù qī,kỳ vọng,6
预,预算,yù suàn,ngân sách,6
预,预约,yù yuē,hẹn trước,6
预,预先,yù xiān,trước,7
领,带领,dài lǐng,dẫn dắt,3
领,本领,běn lǐng,khả năng,3
领,领先,lǐng xiān,dẫn đầu,3
领,领导,lǐng dǎo,lãnh đạo; dẫn dắt,3
领,领悟,lǐng wù,hiểu,3
领,领教,lǐng jiào,"lĩnh giáo, được trải nghiệm (điều không hay)",3
领,领带,lǐng dài,cà vạt,4
领,领域,lǐng yù,lĩnh vực,5
领,白领,bái lǐng,nhân viên văn phòng,6
领,蓝领,lán lǐng,cổ xanh,6
领,领会,lǐng huì,hiểu,6
领,领取,lǐng qǔ,nhận (lĩnh),6
领,领土,lǐng tǔ,lãnh thổ,6
领,领袖,lǐng xiù,lãnh đạo,6
领,引领,yǐn lǐng,trông mong,7
领事,领事馆,lǐng shì guǎn,lãnh sự quán,7
颈,瓶颈,píng jǐng,điểm nghẽn,7
颈,颈部,jǐng bù,cổ,7
颊,脸颊,liǎn jiá,má,7
颊,面颊,miàn jiá,"Má, gò má.",8
颐,朵颐,duǒ yí,"ăn uống ngon lành, thưởng thức món ăn",4
频,视频,shì pín,video,3
频,频繁,pín fán,thường xuyên,3
频,频道,pín dào,kênh,5
频,频率,pín lǜ,tần số,6
频,频频,pín pín,liên tục,7
颓,颓废,tuí fèi,suy tàn,7
颖,新颖,xīn yǐng,mới lạ,6
颖,脱颖而出,tuō yǐng ér chū,bộc lộ tài năng,7
题,问题,wèn tí,"câu hỏi, vấn đề",1
题,没问题,méi wèn tí,"không vấn đề gì, được thôi",1
题,话题,huà tí,chủ đề,2
题,难题,nán tí,vấn đề khó,2
题,专题,zhuān tí,chủ đề đặc biệt,3
题,标题,biāo tí,tiêu đề,3
题,试题,shì tí,câu hỏi kiểm tra,3
题,题目,tí mù,"tiêu đề, chủ đề",3
题,主题,zhǔ tí,chủ đề,4
题,题材,tí cái,vấn đề,5
题,考题,kǎo tí,câu hỏi thi,6
题,议题,yì tí,chủ đề thảo luận,6
题,课题,kè tí,chủ đề nghiên cứu,6
题,命题,mìng tí,đề xuất,7
题,主题歌,zhǔ tí gē,bài hát chủ đề,7
颜,颜色,yán sè,màu sắc,1
颜,五颜六色,wǔ yán liù sè,đầy màu sắc,4
颜,容颜,róng yán,diện mạo,7
额,名额,míng'é,hạn ngạch,6
额,数额,shù'é,số lượng,6
额,金额,jīn'é,số tiền,6
额,额外,é wài,bổ sung,6
额,份额,fèn'é,phần,7
额,余额,yú'é,số dư,7
额,巨额,jù'é,số lượng khổng lồ,7
额,差额,chā'é,sự khác biệt,7
额,总额,zǒng'é,tổng số tiền,7
额,高额,gāo'é,hạn ngạch cao,7
额,前额,qián é,Trán.,8
颠,颠球,diān qiú,tâng bóng,5
颠,颠倒,diān dǎo,đảo ngược,6
颠,颠簸,diān bǒ,lắc lư,6
颠,颠覆,diān fù,lật đổ,7
颤,震颤,zhèn chàn,Rung động; run rẩy,4
颤,颤抖,chàn dǒu,"rung, run rẩy",6
风,风景,fēng jǐng,phong cảnh,1
风,一路顺风,yī lù shùn fēng,thượng lộ bình an,2
风,刮风,guā fēng,gió thổi,3
风,风格,fēng gé,phong cách,3
风,风险,fēng xiǎn,"rủi ro, nguy hiểm",3
风,风俗,fēng sú,tập tục,4
风,风光,fēng guāng,"cảnh, cảnh quan",4
风,风味,fēng wèi,hương vị,4
风,威风凛凛,wēi fēng lǐn lǐn,"Oai phong lẫm liệt, hùng dũng",4
风,风度,fēng dù,phong thái,5
风,风浪,fēng làng,sóng gió,5
风,麦克风,mài kè fēng,micro,5
风,作风,zuò fēng,phong cách làm việc,6
风,风暴,fēng bào,bão,6
风,风气,fēng qì,khí hậu,6
风雨,暴风雨,bào fēng yǔ,bão,6
风雨,风雨无阻,fēng yǔ wú zǔ,"Bất kể mưa gió, không ngại mưa gió, không gì cản trở được",7
风雨,风风雨雨,fēng fēng yǔ yǔ,mưa gió,7
飘,飘扬,piāo yáng,bay phấp phới,6
飘,飘然而至,piāo rán ér zhì,"Nhẹ nhàng bay đến, lướt đến",8
飙,飙升,biāo shēng,tăng vọt,7
飞,飞机,fēi jī,máy bay,1
飞,起飞,qǐ fēi,cất cánh,2
飞,飞行,fēi xíng,bay; chuyến bay,3
飞,飞翔,fēi xiáng,bay lên,6
飞,飞船,fēi chuán,tàu bay,6
飞,飞跃,fēi yuè,nhảy vọt,6
飞,飞行员,fēi xíng yuán,phi công,6
飞,飞禽走兽,fēi qín zǒu shòu,chim thú,6
飞,飞往,fēi wǎng,bay về phía,7
飞,飞速,fēi sù,tốc độ bay,7
飞,不翼而飞,bù yì ér fēi,mất tích không dấu vết,7
飞行,飞行员,fēi xíng yuán,phi công,6
食,面食,miàn shí,"Món ăn làm từ bột mì, thực phẩm bột mì",1
食,食品,shí pǐn,thực phẩm,1
食,食堂,shí táng,nhà ăn,1
食,食指,shí zhǐ,ngón trỏ,2
食,食物,shí wù,thức ăn,2
食,美食,měi shí,ẩm thực ngon,3
食,吃食,chī shí,"đồ ăn, lương thực",4
食,粮食,liáng shí,"ngũ cốc, thực phẩm",4
食,零食,líng shí,đồ ăn vặt,4
食,饮食,yǐn shí,thức ăn và đồ uống,4
食,节衣缩食,jié yī suō shí,tiết kiệm ăn mặc,4
食,节食,jié shí,"ăn kiêng, nhịn ăn",5
食,素食,sù shí,chế độ ăn chay,6
食,食欲,shí yù,sự thèm ăn,6
食,主食,zhǔ shí,thực phẩm chính,7
餐,中餐,zhōng cān,ẩm thực Trung Quốc,2
餐,午餐,wǔ cān,bữa trưa,2
餐,快餐,kuài cān,thức ăn nhanh,2
餐,早餐,zǎo cān,bữa sáng,2
餐,晚餐,wǎn cān,bữa tối,2
餐,聚餐,jù cān,"Ăn liên hoan, tụ tập ăn uống, bữa ăn tập thể.",2
餐,西餐,xī cān,ẩm thực phương Tây,2
餐,餐厅,cān tīng,quán ăn,2
餐,套餐,tào cān,bữa ăn theo set,4
餐,自助餐厅,zìzhù cāntīng,"Nhà hàng buffet, nhà hàng tự chọn",4
餐,就餐,jiù cān,ăn uống,5
餐,餐饮,cān yǐn,thực phẩm và đồ uống,5
餐,用餐,yòng cān,dùng bữa,7
餐,野餐,yě cān,đi picnic; đi dã ngoại,7
餐,餐室,cān shì,phòng ăn,7
餐厅,自助餐厅,zìzhù cāntīng,"Nhà hàng buffet, nhà hàng tự chọn",4
饥,饥饿,jī'è,đói,7
饥,忍饥挨饿,rěn jī ái è,đói lả,7
饨,馄饨,hún tun,"Hoành thánh, vằn thắn",7
饪,烹饪,pēng rèn,nấu ăn,6
饭,做饭,zuò fàn,nấu ăn,1
饭,午饭,wǔ fàn,bữa trưa,1
饭,吃饭,chī fàn,ăn cơm,1
饭,早饭,zǎo fàn,bữa sáng,1
饭,晚饭,wǎn fàn,bữa tối,1
饭,米饭,mǐ fàn,cơm,1
饭,饭店,fàn diàn,"nhà hàng, khách sạn",1
饭,饭馆,fàn guǎn,nhà hàng,1
饭,稀饭,xī fàn,Cháo loãng,2
饭,饭盒,fàn hé,Hộp cơm,3
饭,盒饭,hé fàn,cơm hộp,5
饭,便饭,biàn fàn,bữa ăn đơn giản,7
饭,饭碗,fàn wǎn,bát cơm,7
饭,年夜饭,nián yè fàn,bữa cơm đoàn tụ gia đình vào đêm giao thừa,7
饭,饭局,fàn jú,"Bữa tiệc, cuộc hẹn ăn uống (thường mang tính xã giao, công việc)",8
饮,饮料,yǐn liào,đồ uống,3
饮,饮食,yǐn shí,thức ăn và đồ uống,4
饮,餐饮,cān yǐn,thực phẩm và đồ uống,5
饮,饮水,yǐn shuǐ,nước uống,7
饮,饮用水,yǐn yòng shuǐ,nước uống,7
饰,装饰,zhuāng shì,trang trí; sự trang trí,5
饰,掩饰,yǎn shì,che giấu,6
饰,服饰,fú shì,trang phục,7
饰,首饰,shǒu shì,"trang sức, đồ trang sức",7
饱,饱和,bǎo hé,bão hòa,5
饱,饱经沧桑,bǎo jīng cāng sāng,trải qua thăng trầm cuộc đời,6
饱,饱满,bǎo mǎn,đầy đủ,7
饱,饱经忧患,bǎo jīng yōu huàn,"Đã trải qua nhiều đau khổ, sóng gió",7
饲,饲养,sì yǎng,nuôi dưỡng,6
饲,饲料,sì liào,thức ăn gia súc,7
饵,诱饵,yòu'ěr,mồi,7
饶,饶恕,ráo shù,tha thứ,6
饺,饺子,jiǎo zi,há cảo,1
饼,烙饼,lào bǐng,"Bánh rán, bánh dẹt áp chảo (một loại bánh mì dẹt của Trung Quốc).",2
饼,饼干,bǐng gān,bánh quy,4
饼,月饼,yuè bǐng,bánh trung thu,5
饿,饥饿,jī'è,đói,7
饿,忍饥挨饿,rěn jī ái è,đói lả,7
馁,气馁,qì něi,nản lòng,7
馄,馄饨,hún tun,"Hoành thánh, vằn thắn",7
馅,馅儿,xiànr,"Nhân (bánh, há cảo...)",1
馆,饭馆,fàn guǎn,nhà hàng,1
馆,图书馆,tú shū guǎn,thư viện,1
馆,美术馆,měi shù guǎn,"Bảo tàng mỹ thuật, phòng trưng bày nghệ thuật",1
馆,宾馆,bīn guǎn,khách sạn,2
馆,体育馆,tǐ yù guǎn,"sân vận động, nhà thi đấu",2
馆,旅馆,lǚ guǎn,khách sạn,3
馆,大使馆,dà shǐ guǎn,đại sứ quán,3
馆,博物馆,bó wù guǎn,bảo tàng,5
馆,场馆,chǎng guǎn,sân vận động,6
馆,茶馆,chá guǎn,quán trà,7
馆,纪念馆,jì niàn guǎn,nhà tưởng niệm,7
馆,领事馆,lǐng shì guǎn,lãnh sự quán,7
馈,反馈,fǎn kuì,phản hồi,6
馈,回馈,huí kuì,trả lại,7
馒,馒头,mán tou,bánh bao hấp,2
首,首先,shǒu xiān,trước hết,3
首,首都,shǒu dū,thủ đô,3
首,罪魁祸首,zuì kuí huò shǒu,kẻ chủ mưu,4
首,元首,yuán shǒu,nguyên thủ,6
首,首席,shǒu xí,thủ lĩnh,6
首,首次,shǒu cì,lần đầu tiên,6
首,首相,shǒu xiàng,thủ tướng,6
首,首脑,shǒu nǎo,lãnh đạo,6
首,首要,shǒu yào,quan trọng nhất,6
首,俯首,fǔ shǒu,cúi đầu,7
首,回首,huí shǒu,nhìn lại,7
首,首创,shǒu chuàng,khởi xướng,7
首,首府,shǒu fǔ,thủ phủ,7
首,首批,shǒu pī,nhóm đầu tiên,7
首,首饰,shǒu shì,"trang sức, đồ trang sức",7
香,香蕉,xiāng jiāo,chuối,2
香,口香糖,kǒu xiāng táng,kẹo cao su,4
香,香肠,xiāng cháng,"xúc xích, lạp xưởng",5
香,香味,xiāng wèi,hương thơm,6
香,香皂,xiāng zào,"Xà phòng thơm, xà bông cục",6
香,香料,xiāng liào,gia vị,7
香,香水,xiāng shuǐ,nước hoa,7
香,香油,xiāng yóu,dầu mè,7
香,香烟,xiāng yān,thuốc lá,7
馨,康乃馨,kāng nǎi xīn,hoa cẩm chướng,3
馨,温馨,wēn xīn,ấm cúng,7
马,马上,mǎ shàng,ngay lập tức,1
马,马路,mǎ lù,đường,1
马,罗马,Luó mǎ,Roma (thủ đô của Ý).,2
马,赛马,sài mǎ,đua ngựa,3
马,马鞭,mǎ biān,roi ngựa,3
马,马来西亚,Mǎ lái xī yà,Malaysia,3
马,马虎,mǎ hu,cẩu thả,4
马,骑马,qí mǎ,cưỡi ngựa,4
马,马里,mǎ lǐ,Mali (quốc gia),5
马,马车,mǎ chē,xe ngựa,6
马,马力,mǎ lì,mã lực,7
马,马戏,mǎ xì,xiếc,7
马,马桶,mǎ tǒng,bồn cầu,7
马,骏马,jùn mǎ,ngựa đẹp,7
马,黑马,hēi mǎ,ngựa ô,7
驭,驾驭,jià yù,điều khiển,7
驰,奔驰,bēn chí,chạy nhanh,6
驰,驰名,chí míng,nổi tiếng,7
驱,驱动,qū dòng,lái,7
驱,驱逐,qū zhú,trục xuất,7
驳,反驳,fǎn bó,phản bác,3
驳,驳回,bó huí,bác bỏ,7
驶,行驶,xíng shǐ,đi theo tuyến đường,5
驶,驾驶,jià shǐ,lái,5
驻,驻足一观,zhù zú yī guān,"Dừng chân lại xem, nán lại một chút để xem.",8
驼,骆驼,luò tuo,lạc đà,7
驾,劳驾,láo jià,làm ơn,2
驾,驾照,jià zhào,bằng lái xe,5
驾,驾驶,jià shǐ,lái,5
驾,驾车,jià chē,lái xe,7
驾,驾驭,jià yù,điều khiển,7
骂,骂街,mà jiē,"Chửi bới ngoài đường, chửi rủa ầm ĩ",8
骄,骄傲,jiāo'ào,tự hào,2
骆,骆驼,luò tuo,lạc đà,7
骇,骇人听闻,hài rén tīng wén,kinh hoàng,7
验,实验,shí yàn,thí nghiệm; tiến hành thí nghiệm,2
验,经验,jīng yàn,kinh nghiệm,2
验,体验,tǐ yàn,trải nghiệm,3
验,考验,kǎo yàn,thử nghiệm,3
验,试验,shì yàn,thử nghiệm,3
验,实验室,shí yàn shì,phòng thí nghiệm,3
验,测验,cè yàn,kiểm tra,5
验,化验,huà yàn,xét nghiệm; làm xét nghiệm,6
验,检验,jiǎn yàn,kiểm tra,6
验,验证,yàn zhèng,kiểm tra,6
验,验收,yàn shōu,kiểm tra trước khi chấp nhận,7
骏,骏马,jùn mǎ,ngựa đẹp,7
骑,骑马,qí mǎ,cưỡi ngựa,4
骗,欺骗,qī piàn,lừa dối,6
骗,诈骗,zhà piàn,lừa đảo,6
骗,受骗,shòu piàn,bị lừa,7
骗,骗人,piàn rén,lừa đảo,7
骚,牢骚,láo sāo,khiếu nại,6
骚,骚乱,sāo luàn,náo loạn,7
骚,骚扰,sāo rǎo,quấy rối,7
骤,步骤,bù zhòu,bước,7
骤,骤然,zhòu rán,đột nhiên,7
骤,暴风骤雨,bào fēng zhòu yǔ,bão tố,7
骨,骨头,gǔ tou,xương,4
骨,骨碌,gū lu,"Lăn (tròn), quay tròn",4
骨,骨干,gǔ gàn,xương sống,6
骨,刺骨,cì gǔ,lạnh thấu xương,7
骨,骨折,gǔ zhé,gãy xương,7
骨,骨气,gǔ qì,khí phách,7
髓,精髓,jīng suǐ,tinh hoa,7
高,高兴,gāo xìng,vui mừng; vui vẻ,1
高,提高,tí gāo,"tăng, nâng cao",2
高,高中,gāo zhōng,trường trung học phổ thông,2
高,高级,gāo jí,cao cấp,2
高,跳高,tiào gāo,nhảy cao,3
高,身高,shēn gāo,chiều cao,3
高,高尚,gāo shàng,cao quý,3
高,高速,gāo sù,cao tốc,3
高,高铁,gāo tiě,đường sắt cao tốc,3
高,高尔夫,gāo ěr fū,Gôn (golf),3
高,高血压,gāo xuè yā,huyết áp cao,3
高,高速公路,gāo sù gōng lù,đường cao tốc,3
高,高价,gāo jià,giá cao,4
高,高堂,gāo táng,Cha mẹ già (cách gọi tôn kính); nhà cao cửa rộng,4
高,高潮,gāo cháo,"đỉnh điểm, thủy triều cao",4
高尔夫,高尔夫球,gāo'ěr fū qiú,gôn,7
高峰,高峰期,gāo fēng qī,giờ cao điểm,7
高速,高速公路,gāo sù gōng lù,đường cao tốc,3
髦,时髦,shí máo,thời trang,7
鬼,酒鬼,jiǔ guǐ,bợm nhậu,5
鬼,胆小鬼,dǎn xiǎo guǐ,kẻ nhát gan,5
鬼,搞鬼,gǎo guǐ,gây rối,7
鬼,魔鬼,mó guǐ,quỷ,7
魁,罪魁祸首,zuì kuí huò shǒu,kẻ chủ mưu,4
魂,灵魂,líng hún,linh hồn,3
魄,气魄,qì pò,tinh thần,6
魄,魄力,pò lì,quyết đoán,7
魄,惊心动魄,jīng xīn dòng pò,"kinh tâm động phách, hồi hộp, rùng rợn",7
魅,魅力,mèi lì,sức hấp dẫn,3
魔,魔术,mó shù,ảo thuật,6
魔,魔鬼,mó guǐ,quỷ,7
鱼,鱼竿,yú gān,cần câu cá,4
鱼,美人鱼,měi rén yú,"người cá, nàng tiên cá",4
鱼,金鱼,jīn yú,cá vàng,5
鱼,鲇鱼,nián yú,"cá trê, cá nheo",5
鱼,沙丁鱼,shā dīng yú,cá mòi,5
鱼,鲤鱼,lǐ yú,Cá chép,6
鱼,钓鱼,diào yú,câu cá,7
鱼,鲨鱼,shā yú,cá mập,7
鱼,鳄鱼,è yú,cá sấu,7
鱼,鱼尾纹,yú wěi wén,"Nếp nhăn đuôi mắt, vết chân chim",8
鲁,粗鲁,cū lǔ,thô lỗ,6
鲁,鲁莽,lǔ mǎng,liều lĩnh,7
鲇,鲇鱼,nián yú,"cá trê, cá nheo",5
鲜,新鲜,xīn xiān,tươi,1
鲜,海鲜,hǎi xiān,hải sản,4
鲜,鲜明,xiān míng,"sáng sủa, rõ ràng",4
鲜,鲜花,xiān huā,hoa tươi,4
鲜,鲜艳,xiān yàn,màu sắc tươi sáng,5
鲜,朝鲜,Cháo xiǎn,Triều Tiên (Cộng hòa Dân chủ Nhân dân Triều Tiên),6
鲜,保鲜,bǎo xiān,giữ tươi,7
鲜,鲜活,xiān huó,sinh động,7
鲜,鲜美,xiān měi,tươi ngon,7
鲜,鲜血,xiān xuè,máu,7
鲜,鲜红,xiān hóng,"đỏ tươi, đỏ thắm",8
鲤,鲤鱼,lǐ yú,Cá chép,6
鲨,鲨鱼,shā yú,cá mập,7
鳄,鳄鱼,è yú,cá sấu,7
鸟,知更鸟,zhī gēng niǎo,chim cổ đỏ (robin),5
鸟,鸟巢,niǎo cháo,tổ chim,7
鸡,鸡蛋,jī dàn,trứng gà,1
鸡,西红柿炒鸡蛋,xī hóng shì chǎo jī dàn,cà chua xào trứng,5
鸡,公鸡,gōng jī,con gà trống,6
鸡,母鸡,mǔ jī,gà mái,6
鸡,鹤立鸡群,hè lì jī qún,nổi bật giữa đám đông,7
鸡蛋,西红柿炒鸡蛋,xī hóng shì chǎo jī dàn,cà chua xào trứng,5
鸣,共鸣,gòng míng,sự đồng cảm,7
鸥,海鸥,hǎi ōu,Chim hải âu,2
鸦,乌鸦,wū yā,Quạ,3
鸦,涂鸦,tú yā,"vẽ bậy, viết bậy, graffiti",5
鸦,鸦雀无声,yā què wú shēng,yên lặng tuyệt đối,7
鸭,鸭蛋,yā dàn,Trứng vịt,2
鸭,烤鸭,kǎo yā,vịt quay,4
鸭,鸭子,yā zi,vịt,5
鸽,鸽子,gē zi,chim bồ câu,6
鸿,鸿沟,hóng gōu,"hồng câu (nghĩa bóng: khoảng cách lớn, sự khác biệt sâu sắc)",7
鹅,天鹅,tiān'é,thiên nga,7
鹏,鹏程万里,péng chéng wàn lǐ,tương lai sáng lạn,7
鹤,仙鹤,xiān hè,sếu đầu đỏ,7
鹤,鹤立鸡群,hè lì jī qún,nổi bật giữa đám đông,7
鹰,老鹰,lǎo yīng,"diều hâu, chim ưng",5
麦,麦当劳,Mài dāng láo,McDonald's,1
麦,小麦,xiǎo mài,lúa mì,5
麦,麦克风,mài kè fēng,micro,5
麻,麻烦,má fan,phiền phức,1
麻,麻将,má jiàng,mạt chược,3
麻,麻雀,má què,Chim sẻ,4
麻,麻木,má mù,không có cảm giác,6
麻,麻痹,má bì,tê liệt,6
麻,麻醉,má zuì,gây tê,6
麻,芝麻,zhī ma,vừng,7
麻,麻辣,má là,cay tê,7
麻,麻袋,má dài,"bao bố, bao tải",8
黄,黄河,Huáng hé,Sông Hoàng Hà.,2
黄,黄色,huáng sè,màu vàng,2
黄,黄金周,huáng jīn zhōu,"Tuần lễ vàng (kỳ nghỉ dài 7 ngày ở Trung Quốc, thường là Quốc khánh hoặc Quốc tế Lao động).",2
黄,黄瓜,huáng guā,dưa chuột,4
黄,黄金,huáng jīn,vàng,4
黄,黄道吉日,huáng dào jí rì,"ngày hoàng đạo, ngày tốt",4
黄,黄昏,huáng hūn,hoàng hôn,6
黄,黄鼠狼,huáng shǔ láng,"chồn, chồn hôi",8
黄金,黄金周,huáng jīn zhōu,"Tuần lễ vàng (kỳ nghỉ dài 7 ngày ở Trung Quốc, thường là Quốc khánh hoặc Quốc tế Lao động).",2
黎,黎明,lí míng,bình minh,6
黎,巴黎,Bā lí,Paris (thủ đô của Pháp),7
黑,黑板,hēi bǎn,bảng đen,2
黑,黑色,hēi sè,màu đen,2
黑,黑客,hēi kè,hacker,3
黑,黑暗,hēi'àn,tối,4
黑,黑夜,hēi yè,đêm tối,6
黑,黑乎乎,hēi hū hū,"Đen thui, đen sì",6
黑,黑心,hēi xīn,trái tim đen,7
黑,黑手,hēi shǒu,bàn tay đen,7
黑,黑白,hēi bái,đen trắng,7
黑,黑马,hēi mǎ,ngựa ô,7
默,幽默,yōu mò,hài hước,3
默,沉默,chén mò,im lặng,4
默,默默,mò mò,lặng lẽ,4
默,默契,mò qì,đồng ý im lặng,7
默,默读,mò dú,đọc thầm,7
默,潜移默化,qián yí mò huà,ảnh hưởng một cách âm thầm,7
默,默默无闻,mò mò wú wén,vô danh,7
默默,默默无闻,mò mò wú wén,vô danh,7
黯,黯淡,àn dàn,"Tối tăm, ảm đạm, mờ mịt",7
鼎,大名鼎鼎,dà míng dǐng dǐng,nổi tiếng,7
鼓,鼓励,gǔ lì,khuyến khích,2
鼓,鼓掌,gǔ zhǎng,vỗ tay,5
鼓,鼓舞,gǔ wǔ,khuyến khích,5
鼓,鼓动,gǔ dòng,kích động,7
鼓,敲边鼓,qiāo biān gǔ,hỗ trợ lý lẽ,7
鼓,一鼓作气,yī gǔ zuò qì,"một mạch, không ngừng nghỉ",7
鼓,鼓吹,gǔ chuī,"Cổ súy, tuyên truyền, khuyến khích",8
鼠,老鼠,lǎo shǔ,chuột,5
鼠,鼠标,shǔ biāo,chuột máy tính,5
鼠,黄鼠狼,huáng shǔ láng,"chồn, chồn hôi",8
鼻,鼻子,bí zi,mũi,1
鼻,鼻烟壶,bí yān hú,Lọ đựng thuốc hít,4
鼻,哭鼻子,kū bí zi,"Khóc nhè, khóc sụt sịt",6
鼻,鼻涕,bí tì,nước mũi,7
鼻,鼻尖,bí jiān,"chóp mũi, đầu mũi",8
鼻子,哭鼻子,kū bí zi,"Khóc nhè, khóc sụt sịt",6
齐,一齐,yī qí,cùng nhau,2
齐,整齐,zhěng qí,gọn gàng,3
齐,齐心协力,qí xīn xié lì,đồng lòng hợp lực,6
齿,牙齿,yá chǐ,răng,2
龄,年龄,nián líng,tuổi,4
龄,高龄,gāo líng,tuổi cao,7
龄,妙龄,miào líng,"Tuổi thanh xuân, tuổi thiếu nữ",8
龙,水龙头,shuǐ lóng tóu,vòi nước,6
龙,尼龙,ní lóng,nylon,7
龙,恐龙,kǒng lóng,khủng long,7
龙,沙龙,shā lóng,salon,7
龙,龙舟,lóng zhōu,thuyền rồng,7
龙,跑龙套,pǎo lóng tào,đóng vai phụ,7
龙,来龙去脉,lái lóng qù mài,trình tự sự việc,7
龙,画龙点睛,huà lóng diǎn jīng,vẽ rồng điểm mắt,7
龟,乌龟,wū guī,rùa,2
